3.82 , 0.0000000000 , 0.63683
3.85 , 0.0000000000 , 0.64233
3.89 , 0.0000000000 , 0.64767
3.92 , 0.0000000000 , 0.65300
3.95 , 0.0000000000 , 0.65833
3.98 , 0.0000000000 , 0.66383
4.01 , 0.0000000000 , 0.66917
4.05 , 0.0000000000 , 0.67450
4.08 , 0.1086129074 , 0.67983
4.11 , 0.1086129074 , 0.68533
4.14 , 0.1086129074 , 0.69067
4.18 , 0.1086129074 , 0.69600
4.21 , 0.1086129074 , 0.70133
4.24 , 0.1086129074 , 0.70683
4.27 , 0.1086129074 , 0.71217
4.30 , 0.1086129074 , 0.71750
4.34 , 0.2172258138 , 0.72283
4.37 , 0.2172258138 , 0.72833
4.40 , 0.2172258138 , 0.73367
4.43 , 0.2172258138 , 0.73900
4.47 , 0.2172258138 , 0.74433
4.50 , 0.2172258138 , 0.74983
4.53 , 0.3258387088 , 0.75517
4.56 , 0.2172258138 , 0.76050
4.59 , 0.2172258138 , 0.76583
4.63 , 0.2172258138 , 0.77133
4.66 , 0.3258387088 , 0.77667
4.69 , 0.4344516277 , 0.78200
4.72 , 0.3258387088 , 0.78733
4.76 , 0.3258387088 , 0.79283
4.79 , 0.3258387088 , 0.79817
4.82 , 0.3258387088 , 0.80333
4.85 , 0.4344516277 , 0.80883
4.89 , 0.4344516277 , 0.81417
4.92 , 0.5430645465 , 0.81967
4.95 , 0.4344516277 , 0.82500
4.98 , 0.4344516277 , 0.83033
5.01 , 0.4344516277 , 0.83567
5.05 , 0.4344516277 , 0.84117
5.08 , 0.5430645465 , 0.84650
5.11 , 0.4344516277 , 0.85183
5.14 , 0.6516774177 , 0.85717
5.18 , 0.5430645465 , 0.86267
5.21 , 0.4344516277 , 0.86800
5.24 , 0.6516774177 , 0.87333
5.27 , 0.5430645465 , 0.87867
5.30 , 0.5430645465 , 0.88417
5.34 , 0.5430645465 , 0.88950
5.37 , 0.6516774177 , 0.89483
5.40 , 0.6516774177 , 0.90017
5.43 , 0.5430645465 , 0.90567
5.47 , 0.6516774177 , 0.91100
5.50 , 0.6516774177 , 0.91633
5.53 , 0.6516774177 , 0.92167
5.56 , 0.7602903366 , 0.92717
5.59 , 0.7602903366 , 0.93250
5.63 , 0.6516774177 , 0.93783
5.66 , 0.7602903366 , 0.94317
5.69 , 0.7602903366 , 0.94867
5.72 , 0.7602903366 , 0.95400
5.76 , 0.6516774177 , 0.95933
5.79 , 0.6516774177 , 0.96467
5.82 , 0.7602903366 , 0.97000
5.85 , 0.7602903366 , 0.97550
5.88 , 0.7602903366 , 0.98067
5.92 , 0.7602903366 , 0.98617
5.95 , 0.8689032554 , 0.99150
5.98 , 0.8689032554 , 0.99700
6.01 , 0.7602903366 , 1.00217
6.05 , 0.8689032554 , 1.00767
6.08 , 0.7602903366 , 1.01300
6.11 , 0.9775175094 , 1.01850
6.14 , 0.8689032554 , 1.02367
6.18 , 0.8689032554 , 1.02917
6.21 , 0.8689032554 , 1.03450
6.24 , 0.8689032554 , 1.04000
6.27 , 0.9775175094 , 1.04533
6.30 , 0.8689032554 , 1.05067
6.34 , 0.9775175094 , 1.05600
6.37 , 0.9775175094 , 1.06150
6.40 , 0.9775175094 , 1.06683
6.43 , 1.0861303806 , 1.07217
6.47 , 0.8689032554 , 1.07750
6.50 , 0.9775175094 , 1.08300
6.53 , 0.9775175094 , 1.08833
6.56 , 0.9775175094 , 1.09367
6.59 , 1.0861303806 , 1.09900
6.63 , 0.9775175094 , 1.10450
6.66 , 0.9775175094 , 1.10983
6.69 , 1.0861303806 , 1.11517
6.72 , 1.0861303806 , 1.12050
6.76 , 1.0861303806 , 1.12600
6.79 , 1.1947432708 , 1.13133
6.82 , 1.0861303806 , 1.13667
6.85 , 1.0861303806 , 1.14200
6.88 , 1.0861303806 , 1.14733
6.92 , 1.1947432708 , 1.15283
6.95 , 1.0861303806 , 1.15800
6.98 , 1.1947432708 , 1.16350
7.01 , 1.0861303806 , 1.16883
7.05 , 1.1947432708 , 1.17433
7.08 , 1.1947432708 , 1.17950
7.11 , 1.1947432708 , 1.18500
7.14 , 1.3033561706 , 1.19033
7.18 , 1.3033561706 , 1.19583
7.21 , 1.3033561706 , 1.20100
7.24 , 1.3033561706 , 1.20650
7.27 , 1.3033561706 , 1.21183
7.30 , 1.3033561706 , 1.21733
7.34 , 1.4119690895 , 1.22250
7.37 , 1.3033561706 , 1.22800
7.40 , 1.3033561706 , 1.23333
7.43 , 1.3033561706 , 1.23883
7.46 , 1.3033561706 , 1.24400
7.50 , 1.3033561706 , 1.24950
7.53 , 1.4119690895 , 1.25483
7.56 , 1.4119690895 , 1.26033
7.59 , 1.4119690895 , 1.26550
7.63 , 1.4119690895 , 1.27100
7.66 , 1.4119690895 , 1.27633
7.69 , 1.5205819606 , 1.28183
7.72 , 1.5205819606 , 1.28717
7.76 , 1.4119690895 , 1.29250
7.79 , 1.5205819606 , 1.29783
7.82 , 1.5205819606 , 1.30333
7.85 , 1.5205819606 , 1.30867
7.88 , 1.6291948318 , 1.31383
7.92 , 1.6291948318 , 1.31933
7.95 , 1.5205819606 , 1.32467
7.98 , 1.5205819606 , 1.33017
8.01 , 1.5205819606 , 1.33533
8.05 , 1.6291948318 , 1.34083
8.08 , 1.5205819606 , 1.34617
8.11 , 1.6291948318 , 1.35167
8.14 , 1.6291948318 , 1.35683
8.17 , 1.6291948318 , 1.36233
8.21 , 1.6291948318 , 1.36767
8.24 , 1.7378077507 , 1.37317
8.27 , 1.6291948318 , 1.37833
8.30 , 1.7378077507 , 1.38383
8.34 , 1.7378077507 , 1.38917
8.37 , 1.7378077507 , 1.39467
8.40 , 1.7378077507 , 1.39983
8.43 , 1.6291948318 , 1.40533
8.46 , 1.7378077507 , 1.41067
8.50 , 1.7378077507 , 1.41617
8.53 , 1.7378077507 , 1.42133
8.56 , 1.7378077507 , 1.42683
8.59 , 1.8464206695 , 1.43217
8.63 , 1.8464206695 , 1.43767
8.66 , 1.8464206695 , 1.44283
8.69 , 1.8464206695 , 1.44833
8.72 , 1.8464206695 , 1.45367
8.76 , 1.8464206695 , 1.45917
8.79 , 1.9550334930 , 1.46433
8.82 , 1.9550334930 , 1.46983
8.85 , 1.8464206695 , 1.47517
8.88 , 1.8464206695 , 1.48067
8.92 , 1.8464206695 , 1.48583
8.95 , 1.9550334930 , 1.49117
8.98 , 1.9550334930 , 1.49667
9.01 , 1.8464206695 , 1.50200
9.04 , 1.9550334930 , 1.50733
9.08 , 2.0636465549 , 1.51267
9.11 , 1.9550334930 , 1.51817
9.14 , 1.9550334930 , 1.52350
9.17 , 1.9550334930 , 1.52900
9.21 , 2.0636465549 , 1.53417
9.24 , 2.0636465549 , 1.53967
9.27 , 1.9550334930 , 1.54500
9.30 , 1.9550334930 , 1.55050
9.33 , 2.0636465549 , 1.55567
9.37 , 2.0636465549 , 1.56117
9.40 , 2.0636465549 , 1.56650
9.43 , 2.0636465549 , 1.57200
9.46 , 2.1722593307 , 1.57717
9.50 , 2.0636465549 , 1.58267
9.53 , 2.1722593307 , 1.58800
9.56 , 2.1722593307 , 1.59350
9.59 , 2.1722593307 , 1.59867
9.63 , 2.1722593307 , 1.60417
9.66 , 2.1722593307 , 1.60950
9.69 , 2.1722593307 , 1.61500
9.72 , 2.1722593307 , 1.62017
9.75 , 2.2808723449 , 1.62567
9.79 , 2.2808723449 , 1.63100
9.82 , 2.2808723449 , 1.63650
9.85 , 2.2808723449 , 1.64167
9.88 , 2.2808723449 , 1.64717
9.92 , 2.2808723449 , 1.65250
9.95 , 2.2808723449 , 1.65783
9.98 , 2.3894865512 , 1.66317
10.01 , 2.3894865512 , 1.66850
10.05 , 2.2808723449 , 1.67417
10.08 , 2.3894865512 , 1.67967
10.11 , 2.3894865512 , 1.68533
10.14 , 2.3894865512 , 1.69067
10.18 , 2.3894865512 , 1.69633
10.21 , 2.3894865512 , 1.70183
10.25 , 2.6067123413 , 1.70750
10.28 , 2.3894865512 , 1.71283
10.31 , 2.4980993270 , 1.71850
10.34 , 2.3894865512 , 1.72400
10.38 , 2.4980993270 , 1.72967
10.41 , 2.4980993270 , 1.73517
10.44 , 2.4980993270 , 1.74067
10.48 , 2.4980993270 , 1.74617
10.51 , 2.6067123413 , 1.75183
10.54 , 2.4980993270 , 1.75733
10.58 , 2.6067123413 , 1.76283
10.61 , 2.4980993270 , 1.76833
10.64 , 2.6067123413 , 1.77400
10.68 , 2.6067123413 , 1.77950
10.71 , 2.6067123413 , 1.78517
10.74 , 2.6067123413 , 1.79050
10.78 , 2.6067123413 , 1.79617
10.81 , 2.7153253555 , 1.80167
10.84 , 2.7153253555 , 1.80733
10.88 , 2.7153253555 , 1.81267
10.91 , 2.7153253555 , 1.81833
10.94 , 2.7153253555 , 1.82383
10.98 , 2.7153253555 , 1.82950
11.01 , 2.7153253555 , 1.83500
11.04 , 2.7153253555 , 1.84050
11.08 , 2.7153253555 , 1.84600
11.11 , 2.8239381790 , 1.85167
11.14 , 2.7153253555 , 1.85717
11.18 , 2.8239381790 , 1.86267
11.21 , 2.8239381790 , 1.86817
11.24 , 2.8239381790 , 1.87383
11.28 , 2.8239381790 , 1.87933
11.31 , 2.8239381790 , 1.88500
11.34 , 2.8239381790 , 1.89033
11.38 , 2.8239381790 , 1.89600
11.41 , 2.9325511932 , 1.90150
11.44 , 2.8239381790 , 1.90717
11.48 , 2.9325511932 , 1.91250
11.51 , 2.8239381790 , 1.91817
11.54 , 2.9325511932 , 1.92367
11.58 , 2.9325511932 , 1.92933
11.61 , 2.9325511932 , 1.93483
11.64 , 2.8239381790 , 1.94033
11.68 , 2.9325511932 , 1.94583
11.71 , 3.0411639213 , 1.95150
11.74 , 2.9325511932 , 1.95700
11.78 , 2.9325511932 , 1.96267
11.81 , 2.9325511932 , 1.96800
11.84 , 2.9325511932 , 1.97367
11.88 , 3.0411639213 , 1.97917
11.91 , 3.0411639213 , 1.98483
11.94 , 3.1497769355 , 1.99017
11.98 , 3.1497769355 , 1.99583
12.01 , 3.1497769355 , 2.00133
12.04 , 3.1497769355 , 2.00700
12.07 , 3.1497769355 , 2.01250
12.11 , 3.0411639213 , 2.01800
12.14 , 3.1497769355 , 2.02350
12.18 , 3.1497769355 , 2.02917
12.21 , 3.1497769355 , 2.03467
12.24 , 3.1497769355 , 2.04017
12.27 , 3.2583897113 , 2.04567
12.31 , 3.2583897113 , 2.05133
12.34 , 3.2583897113 , 2.05683
12.38 , 3.2583897113 , 2.06250
12.41 , 3.2583897113 , 2.06783
12.44 , 3.2583897113 , 2.07350
12.47 , 3.2583897113 , 2.07900
12.51 , 3.2583897113 , 2.08467
12.54 , 3.2583897113 , 2.09000
12.57 , 3.2583897113 , 2.09567
12.61 , 3.3670027256 , 2.10117
12.64 , 3.3670027256 , 2.10683
12.67 , 3.3670027256 , 2.11233
12.71 , 3.3670027256 , 2.11783
12.74 , 3.4756155014 , 2.12333
12.77 , 3.3670027256 , 2.12900
12.81 , 3.3670027256 , 2.13450
12.84 , 3.4756155014 , 2.14000
12.87 , 3.4756155014 , 2.14550
12.91 , 3.5842285156 , 2.15117
12.94 , 3.4756155014 , 2.15667
12.97 , 3.4756155014 , 2.16233
13.01 , 3.4756155014 , 2.16767
13.04 , 3.5842285156 , 2.17333
13.07 , 3.5842285156 , 2.17883
13.11 , 3.5842285156 , 2.18450
13.14 , 3.5842285156 , 2.18983
13.17 , 3.5842285156 , 2.19550
13.21 , 3.5842285156 , 2.20100
13.24 , 3.6928412914 , 2.20667
13.27 , 3.5842285156 , 2.21217
13.31 , 3.6928412914 , 2.21767
13.34 , 3.5842285156 , 2.22317
13.37 , 3.6928412914 , 2.22883
13.41 , 3.6928412914 , 2.23433
13.44 , 3.5842285156 , 2.24000
13.47 , 3.6928412914 , 2.24533
13.51 , 3.8014554977 , 2.25100
13.54 , 3.6928412914 , 2.25650
13.57 , 3.6928412914 , 2.26217
13.60 , 3.6928412914 , 2.26750
13.64 , 3.6928412914 , 2.27317
13.67 , 3.6928412914 , 2.27867
13.71 , 3.6928412914 , 2.28433
13.74 , 3.8014554977 , 2.28983
13.77 , 3.8014554977 , 2.29533
13.81 , 3.9100685119 , 2.30083
13.84 , 3.8014554977 , 2.30650
13.87 , 3.8014554977 , 2.31200
13.90 , 3.8014554977 , 2.31750
13.94 , 3.8014554977 , 2.32300
13.97 , 3.8014554977 , 2.32867
14.01 , 3.9100685119 , 2.33417
14.04 , 3.8014554977 , 2.33983
14.07 , 3.9100685119 , 2.34517
14.10 , 3.8014554977 , 2.35083
14.14 , 3.8014554977 , 2.35633
14.17 , 3.9100685119 , 2.36200
14.20 , 3.9100685119 , 2.36733
14.24 , 3.9100685119 , 2.37300
14.27 , 3.9100685119 , 2.37850
14.31 , 4.0186815261 , 2.38417
14.34 , 3.9100685119 , 2.38967
14.37 , 3.9100685119 , 2.39517
14.40 , 4.0186815261 , 2.40067
14.44 , 4.0186815261 , 2.40633
14.47 , 3.9100685119 , 2.41183
14.50 , 4.0186815261 , 2.41733
14.54 , 4.0186815261 , 2.42283
14.57 , 4.0186815261 , 2.42850
14.60 , 4.0186815261 , 2.43400
14.64 , 4.0186815261 , 2.43967
14.67 , 4.2359070777 , 2.44500
14.70 , 4.1272945404 , 2.45067
14.74 , 4.1272945404 , 2.45617
14.77 , 4.1272945404 , 2.46183
14.80 , 4.1272945404 , 2.46717
14.84 , 4.2359070777 , 2.47283
14.87 , 4.2359070777 , 2.47833
14.90 , 4.2359070777 , 2.48400
14.94 , 4.2359070777 , 2.48950
14.97 , 4.2359070777 , 2.49500
15.00 , 4.2359070777 , 2.50050
15.04 , 4.3445200920 , 2.50617
15.07 , 4.3445200920 , 2.51167
15.10 , 4.3445200920 , 2.51733
15.14 , 4.3445200920 , 2.52267
15.17 , 4.4531331062 , 2.52833
15.20 , 4.4531331062 , 2.53383
15.24 , 4.3445200920 , 2.53950
15.27 , 4.3445200920 , 2.54483
15.30 , 4.4531331062 , 2.55050
15.34 , 4.4531331062 , 2.55600
15.37 , 4.4531331062 , 2.56167
15.40 , 4.4531331062 , 2.56717
15.44 , 4.4531331062 , 2.57267
15.47 , 4.5617461204 , 2.57817
15.50 , 4.4531331062 , 2.58383
15.54 , 4.4531331062 , 2.58933
15.57 , 4.5617461204 , 2.59483
15.60 , 4.4531331062 , 2.60033
15.64 , 4.5617461204 , 2.60600
15.67 , 4.5617461204 , 2.61150
15.70 , 4.4531331062 , 2.61717
15.73 , 4.5617461204 , 2.62250
15.77 , 4.5617461204 , 2.62817
15.80 , 4.5617461204 , 2.63367
15.84 , 4.5617461204 , 2.63933
15.87 , 4.5617461204 , 2.64467
15.90 , 4.5617461204 , 2.65033
15.94 , 4.4531331062 , 2.65583
15.97 , 4.5617461204 , 2.66150
16.00 , 4.5617461204 , 2.66700
16.03 , 4.6703586578 , 2.67250
16.07 , 4.6703586578 , 2.67800
16.10 , 4.6703586578 , 2.68367
16.13 , 4.7789716720 , 2.68917
16.17 , 4.6703586578 , 2.69467
16.20 , 4.7789716720 , 2.70017
16.23 , 4.6703586578 , 2.70583
16.27 , 4.6703586578 , 2.71133
16.30 , 4.7789716720 , 2.71700
16.33 , 4.7789716720 , 2.72233
16.37 , 4.7789716720 , 2.72800
16.40 , 4.6703586578 , 2.73350
16.43 , 4.7789716720 , 2.73917
16.47 , 4.7789716720 , 2.74450
16.50 , 4.8875846862 , 2.75017
16.53 , 4.8875846862 , 2.75567
16.57 , 4.8875846862 , 2.76133
16.60 , 4.8875846862 , 2.76683
16.63 , 4.8875846862 , 2.77233
16.67 , 4.7789716720 , 2.77783
16.70 , 4.9961977005 , 2.78350
16.73 , 4.9961977005 , 2.78900
16.77 , 5.1048116683 , 2.79467
16.80 , 4.9961977005 , 2.80000
16.83 , 4.9961977005 , 2.80567
16.87 , 5.1048116683 , 2.81117
16.90 , 4.9961977005 , 2.81683
16.93 , 4.9961977005 , 2.82217
16.97 , 4.9961977005 , 2.82783
17.00 , 4.9961977005 , 2.83333
17.03 , 5.1048116683 , 2.83900
17.07 , 5.1048116683 , 2.84450
17.10 , 5.1048116683 , 2.85000
17.13 , 5.1048116683 , 2.85550
17.17 , 5.1048116683 , 2.86117
17.20 , 5.1048116683 , 2.86667
17.23 , 5.2134246826 , 2.87217
17.27 , 5.2134246826 , 2.87767
17.30 , 5.2134246826 , 2.88333
17.33 , 5.3220376968 , 2.88883
17.37 , 5.2134246826 , 2.89450
17.40 , 5.3220376968 , 2.89983
17.43 , 5.2134246826 , 2.90550
17.47 , 5.3220376968 , 2.91100
17.50 , 5.2134246826 , 2.91667
17.53 , 5.4306507110 , 2.92200
17.57 , 5.3220376968 , 2.92767
17.60 , 5.2134246826 , 2.93317
17.63 , 5.3220376968 , 2.93883
17.67 , 5.3220376968 , 2.94433
17.70 , 5.3220376968 , 2.94983
17.73 , 5.4306507110 , 2.95533
17.77 , 5.4306507110 , 2.96100
17.80 , 5.4306507110 , 2.96650
17.83 , 5.3220376968 , 2.97200
17.86 , 5.4306507110 , 2.97750
17.90 , 5.4306507110 , 2.98317
17.93 , 5.5392632484 , 2.98867
17.97 , 5.4306507110 , 2.99433
18.00 , 5.4306507110 , 2.99967
18.03 , 5.5392632484 , 3.00533
18.06 , 5.4306507110 , 3.01083
18.10 , 5.4306507110 , 3.01650
18.13 , 5.4306507110 , 3.02183
18.17 , 5.5392632484 , 3.02750
18.20 , 5.5392632484 , 3.03300
18.23 , 5.5392632484 , 3.03867
18.26 , 5.5392632484 , 3.04417
18.30 , 5.6478762626 , 3.04967
18.33 , 5.5392632484 , 3.05517
18.36 , 5.6478762626 , 3.06083
18.40 , 5.5392632484 , 3.06633
18.43 , 5.5392632484 , 3.07200
18.46 , 5.7564892768 , 3.07733
18.50 , 5.6478762626 , 3.08300
18.53 , 5.7564892768 , 3.08850
18.56 , 5.7564892768 , 3.09417
18.60 , 5.6478762626 , 3.09950
18.63 , 5.7564892768 , 3.10517
18.66 , 5.6478762626 , 3.11067
18.70 , 5.6478762626 , 3.11633
18.73 , 5.7564892768 , 3.12183
18.76 , 5.7564892768 , 3.12733
18.80 , 5.7564892768 , 3.13283
18.83 , 5.7564892768 , 3.13850
18.86 , 5.7564892768 , 3.14400
18.90 , 5.8651022911 , 3.14950
18.93 , 5.7564892768 , 3.15500
18.96 , 5.7564892768 , 3.16067
19.00 , 5.8651022911 , 3.16617
19.03 , 5.9737148284 , 3.17183
19.06 , 5.8651022911 , 3.17717
19.10 , 5.7564892768 , 3.18283
19.13 , 5.8651022911 , 3.18833
19.16 , 5.8651022911 , 3.19400
19.20 , 5.8651022911 , 3.19933
19.23 , 5.8651022911 , 3.20500
19.26 , 5.9737148284 , 3.21050
19.30 , 6.0823278427 , 3.21617
19.33 , 5.9737148284 , 3.22167
19.36 , 5.8651022911 , 3.22717
19.40 , 5.9737148284 , 3.23267
19.43 , 5.9737148284 , 3.23833
19.46 , 5.9737148284 , 3.24383
19.50 , 6.1909408569 , 3.24933
19.53 , 6.0823278427 , 3.25483
19.56 , 6.0823278427 , 3.26050
19.60 , 6.0823278427 , 3.26600
19.63 , 6.1909408569 , 3.27167
19.66 , 6.0823278427 , 3.27700
19.70 , 6.1909408569 , 3.28267
19.73 , 6.1909408569 , 3.28817
19.76 , 6.0823278427 , 3.29383
19.79 , 6.1909408569 , 3.29917
19.83 , 6.1909408569 , 3.30483
19.86 , 6.2995538711 , 3.31033
19.90 , 6.4081664085 , 3.31600
19.93 , 6.2995538711 , 3.32150
19.96 , 6.2995538711 , 3.32700
20.00 , 6.2995538711 , 3.33250
20.03 , 6.2995538711 , 3.33817
20.06 , 6.4081664085 , 3.34367
20.10 , 6.2995538711 , 3.34933
20.13 , 6.4081664085 , 3.35467
20.16 , 6.4081664085 , 3.36033
20.19 , 6.4081664085 , 3.36583
20.23 , 6.4081664085 , 3.37150
20.26 , 6.4081664085 , 3.37683
20.29 , 6.2995538711 , 3.38250
20.33 , 6.5167808532 , 3.38800
20.36 , 6.4081664085 , 3.39367
20.39 , 6.5167808532 , 3.39917
20.43 , 6.5167808532 , 3.40467
20.46 , 6.5167808532 , 3.41017
20.50 , 6.5167808532 , 3.41583
20.53 , 6.5167808532 , 3.42133
20.56 , 6.5167808532 , 3.42683
20.59 , 6.5167808532 , 3.43233
20.63 , 6.5167808532 , 3.43800
20.66 , 6.5167808532 , 3.44350
20.69 , 6.5167808532 , 3.44917
20.73 , 6.5167808532 , 3.45450
20.76 , 6.5167808532 , 3.46017
20.79 , 6.7340068817 , 3.46567
20.83 , 6.5167808532 , 3.47133
20.86 , 6.7340068817 , 3.47667
20.89 , 6.7340068817 , 3.48233
20.93 , 6.7340068817 , 3.48783
20.96 , 6.7340068817 , 3.49350
20.99 , 6.7340068817 , 3.49900
21.03 , 6.6253938674 , 3.50450
21.06 , 6.7340068817 , 3.51000
21.09 , 6.7340068817 , 3.51567
21.13 , 6.6253938674 , 3.52117
21.16 , 6.7340068817 , 3.52667
21.19 , 6.7340068817 , 3.53217
21.23 , 6.7340068817 , 3.53783
21.26 , 6.7340068817 , 3.54333
21.29 , 6.7340068817 , 3.54900
21.33 , 6.7340068817 , 3.55433
21.36 , 6.9512324333 , 3.56000
21.39 , 6.8426194190 , 3.56550
21.43 , 6.9512324333 , 3.57117
21.46 , 6.8426194190 , 3.57650
21.49 , 6.9512324333 , 3.58217
21.53 , 6.9512324333 , 3.58767
21.56 , 6.9512324333 , 3.59333
21.59 , 6.9512324333 , 3.59883
21.63 , 6.9512324333 , 3.60433
21.66 , 6.9512324333 , 3.60983
21.69 , 6.9512324333 , 3.61550
21.73 , 7.0598454475 , 3.62100
21.76 , 6.9512324333 , 3.62667
21.79 , 6.9512324333 , 3.63200
21.83 , 7.1684584617 , 3.63767
21.86 , 7.0598454475 , 3.64317
21.89 , 7.0598454475 , 3.64883
21.92 , 7.1684584617 , 3.65417
21.96 , 7.1684584617 , 3.65983
21.99 , 7.2770709991 , 3.66533
22.03 , 7.1684584617 , 3.67100
22.06 , 7.1684584617 , 3.67650
22.09 , 7.1684584617 , 3.68200
22.12 , 7.1684584617 , 3.68750
22.16 , 7.1684584617 , 3.69317
22.19 , 7.2770709991 , 3.69867
22.22 , 7.2770709991 , 3.70417
22.26 , 7.2770709991 , 3.70967
22.29 , 7.3856840133 , 3.71533
22.32 , 7.2770709991 , 3.72083
22.36 , 7.3856840133 , 3.72650
22.39 , 7.2770709991 , 3.73183
22.42 , 7.3856840133 , 3.73750
22.46 , 7.3856840133 , 3.74300
22.49 , 7.4942970275 , 3.74867
22.52 , 7.3856840133 , 3.75400
22.56 , 7.3856840133 , 3.75967
22.59 , 7.3856840133 , 3.76517
22.62 , 7.4942970275 , 3.77083
22.66 , 7.4942970275 , 3.77633
22.69 , 7.4942970275 , 3.78183
22.72 , 7.4942970275 , 3.78733
22.76 , 7.3856840133 , 3.79300
22.79 , 7.4942970275 , 3.79850
22.82 , 7.4942970275 , 3.80400
22.86 , 7.6029100418 , 3.80950
22.89 , 7.6029100418 , 3.81517
22.92 , 7.6029100418 , 3.82067
22.96 , 7.7115225791 , 3.82633
22.99 , 7.6029100418 , 3.83167
23.02 , 7.6029100418 , 3.83733
23.06 , 7.4942970275 , 3.84283
23.09 , 7.4942970275 , 3.84850
23.12 , 7.6029100418 , 3.85383
23.16 , 7.7115225791 , 3.85950
23.19 , 7.7115225791 , 3.86500
23.22 , 7.6029100418 , 3.87067
23.26 , 7.7115225791 , 3.87617
23.29 , 7.7115225791 , 3.88167
23.32 , 7.7115225791 , 3.88717
23.36 , 7.7115225791 , 3.89283
23.39 , 7.7115225791 , 3.89833
23.42 , 7.8201355934 , 3.90400
23.46 , 7.7115225791 , 3.90933
23.49 , 7.7115225791 , 3.91500
23.52 , 7.8201355934 , 3.92050
23.56 , 7.8201355934 , 3.92617
23.59 , 7.9287500381 , 3.93150
23.62 , 7.8201355934 , 3.93717
23.66 , 7.9287500381 , 3.94267
23.69 , 7.9287500381 , 3.94833
23.72 , 7.8201355934 , 3.95383
23.76 , 7.9287500381 , 3.95933
23.79 , 7.8201355934 , 3.96483
23.82 , 7.9287500381 , 3.97050
23.86 , 7.9287500381 , 3.97600
23.89 , 7.9287500381 , 3.98150
23.92 , 7.9287500381 , 3.98700
23.96 , 8.0373630523 , 3.99267
23.99 , 8.0373630523 , 3.99817
24.02 , 8.0373630523 , 4.00383
24.05 , 8.0373630523 , 4.00917
24.09 , 8.1459760665 , 4.01483
24.12 , 8.1459760665 , 4.02033
24.16 , 8.0373630523 , 4.02600
24.19 , 8.1459760665 , 4.03133
24.22 , 8.1459760665 , 4.03700
24.25 , 8.1459760665 , 4.04250
24.29 , 8.2545890808 , 4.04817
24.32 , 8.1459760665 , 4.05367
24.35 , 8.1459760665 , 4.05917
24.39 , 8.2545890808 , 4.06467
24.42 , 8.2545890808 , 4.07033
24.45 , 8.3632011413 , 4.07583
24.49 , 8.2545890808 , 4.08133
24.52 , 8.3632011413 , 4.08683
24.55 , 8.4718141555 , 4.09250
24.59 , 8.4718141555 , 4.09800
24.62 , 8.3632011413 , 4.10367
24.65 , 8.4718141555 , 4.10900
24.69 , 8.3632011413 , 4.11467
24.72 , 8.3632011413 , 4.12017
24.75 , 8.4718141555 , 4.12583
24.79 , 8.5804271697 , 4.13117
24.82 , 8.3632011413 , 4.13683
24.85 , 8.5804271697 , 4.14233
24.89 , 8.4718141555 , 4.14800
24.92 , 8.4718141555 , 4.15350
24.95 , 8.4718141555 , 4.15900
24.99 , 8.4718141555 , 4.16450
25.02 , 8.4718141555 , 4.17017
25.05 , 8.5804271697 , 4.17567
25.09 , 8.5804271697 , 4.18133
25.12 , 8.5804271697 , 4.18667
25.15 , 8.6890401840 , 4.19233
25.19 , 8.5804271697 , 4.19783
25.22 , 8.5804271697 , 4.20350
25.25 , 8.5804271697 , 4.20883
25.29 , 8.5804271697 , 4.21450
25.32 , 8.5804271697 , 4.22000
25.35 , 8.6890401840 , 4.22567
25.39 , 8.6890401840 , 4.23117
25.42 , 8.6890401840 , 4.23667
25.45 , 8.5804271697 , 4.24217
25.49 , 8.6890401840 , 4.24783
25.52 , 8.6890401840 , 4.25333
25.55 , 8.5804271697 , 4.25883
25.59 , 8.6890401840 , 4.26433
25.62 , 8.7976531982 , 4.27000
25.65 , 8.9062662124 , 4.27550
25.69 , 8.7976531982 , 4.28117
25.72 , 8.7976531982 , 4.28650
25.75 , 8.7976531982 , 4.29217
25.79 , 8.7976531982 , 4.29767
25.82 , 8.7976531982 , 4.30333
25.85 , 8.7976531982 , 4.30867
25.89 , 8.7976531982 , 4.31433
25.92 , 9.0148792266 , 4.31983
25.95 , 8.9062662124 , 4.32550
25.99 , 8.9062662124 , 4.33100
26.02 , 8.9062662124 , 4.33650
26.05 , 8.9062662124 , 4.34200
26.09 , 8.9062662124 , 4.34767
26.12 , 9.0148792266 , 4.35317
26.15 , 8.9062662124 , 4.35867
26.18 , 8.9062662124 , 4.36417
26.22 , 9.0148792266 , 4.36983
26.25 , 8.9062662124 , 4.37533
26.29 , 9.1234922409 , 4.38100
26.32 , 9.0148792266 , 4.38633
26.35 , 9.1234922409 , 4.39200
26.38 , 9.1234922409 , 4.39750
26.42 , 9.1234922409 , 4.40317
26.45 , 9.1234922409 , 4.40850
26.48 , 9.2321052551 , 4.41417
26.52 , 9.1234922409 , 4.41967
26.55 , 9.2321052551 , 4.42533
26.58 , 9.2321052551 , 4.43083
26.62 , 9.2321052551 , 4.43633
26.65 , 9.2321052551 , 4.44183
26.68 , 9.2321052551 , 4.44750
26.72 , 9.3407173156 , 4.45300
26.75 , 9.3407173156 , 4.45867
26.78 , 9.3407173156 , 4.46400
26.82 , 9.2321052551 , 4.46967
26.85 , 9.4493303298 , 4.47517
26.88 , 9.3407173156 , 4.48083
26.92 , 9.4493303298 , 4.48617
26.95 , 9.4493303298 , 4.49183
26.98 , 9.3407173156 , 4.49733
27.02 , 9.3407173156 , 4.50300
27.05 , 9.4493303298 , 4.50850
27.08 , 9.4493303298 , 4.51400
27.12 , 9.4493303298 , 4.51950
27.15 , 9.5579433441 , 4.52517
27.18 , 9.4493303298 , 4.53067
27.22 , 9.6665563583 , 4.53617
27.25 , 9.5579433441 , 4.54167
27.28 , 9.6665563583 , 4.54733
27.32 , 9.5579433441 , 4.55283
27.35 , 9.6665563583 , 4.55850
27.38 , 9.5579433441 , 4.56383
27.42 , 9.5579433441 , 4.56950
27.45 , 9.5579433441 , 4.57500
27.48 , 9.6665563583 , 4.58067
27.52 , 9.5579433441 , 4.58600
27.55 , 9.6665563583 , 4.59167
27.58 , 9.6665563583 , 4.59717
27.62 , 9.7751693725 , 4.60283
27.65 , 9.6665563583 , 4.60833
27.68 , 9.7751693725 , 4.61383
27.72 , 9.7751693725 , 4.61933
27.75 , 9.6665563583 , 4.62500
27.78 , 9.7751693725 , 4.63050
27.82 , 9.7751693725 , 4.63600
27.85 , 9.7751693725 , 4.64150
27.88 , 9.8837823867 , 4.64717
27.92 , 9.8837823867 , 4.65267
27.95 , 9.7751693725 , 4.65833
27.98 , 9.7751693725 , 4.66367
28.02 , 9.7751693725 , 4.66933
28.05 , 9.8837823867 , 4.67483
28.08 , 9.8837823867 , 4.68050
28.11 , 9.8837823867 , 4.68583
28.15 , 9.9923973083 , 4.69150
28.18 , 9.8837823867 , 4.69700
28.22 , 9.9923973083 , 4.70267
28.25 , 9.9923973083 , 4.70817
28.28 , 10.1010103225 , 4.71367
28.32 , 9.8837823867 , 4.71933
28.35 , 10.1010103225 , 4.72500
28.38 , 9.9923973083 , 4.73067
28.42 , 10.1010103225 , 4.73633
28.45 , 9.9923973083 , 4.74200
28.48 , 9.9923973083 , 4.74750
28.52 , 9.9923973083 , 4.75317
28.55 , 9.9923973083 , 4.75867
28.58 , 10.1010103225 , 4.76417
28.62 , 10.1010103225 , 4.76983
28.65 , 10.1010103225 , 4.77567
28.69 , 10.2096233367 , 4.78133
28.72 , 10.1010103225 , 4.78717
28.76 , 10.2096233367 , 4.79267
28.79 , 10.2096233367 , 4.79850
28.82 , 10.2096233367 , 4.80417
28.86 , 10.2096233367 , 4.81000
28.89 , 10.2096233367 , 4.81567
28.93 , 10.3182363510 , 4.82150
28.96 , 10.3182363510 , 4.82700
29.00 , 10.3182363510 , 4.83283
29.03 , 10.3182363510 , 4.83850
29.07 , 10.4268493652 , 4.84433
29.10 , 10.4268493652 , 4.85000
29.13 , 10.4268493652 , 4.85567
29.17 , 10.3182363510 , 4.86133
29.20 , 10.4268493652 , 4.86717
29.24 , 10.4268493652 , 4.87283
29.27 , 10.4268493652 , 4.87867
29.30 , 10.4268493652 , 4.88417
29.34 , 10.5354623794 , 4.89000
29.37 , 10.4268493652 , 4.89567
29.41 , 10.5354623794 , 4.90150
29.44 , 10.5354623794 , 4.90717
29.48 , 10.5354623794 , 4.91283
29.51 , 10.5354623794 , 4.91850
29.55 , 10.6440753936 , 4.92433
29.58 , 10.6440753936 , 4.93000
29.61 , 10.6440753936 , 4.93583
29.65 , 10.6440753936 , 4.94133
29.68 , 10.6440753936 , 4.94717
29.72 , 10.6440753936 , 4.95300
29.75 , 10.7526884078 , 4.95867
29.79 , 10.6440753936 , 4.96450
29.82 , 10.7526884078 , 4.97000
29.85 , 10.7526884078 , 4.97583
29.89 , 10.7526884078 , 4.98150
29.92 , 10.7526884078 , 4.98733
29.96 , 10.6440753936 , 4.99300
29.99 , 10.7526884078 , 4.99867
30.03 , 10.8613014221 , 5.00433
30.06 , 10.7526884078 , 5.01017
30.09 , 10.8613014221 , 5.01583
30.13 , 10.8613014221 , 5.02167
30.16 , 10.8613014221 , 5.02717
30.20 , 10.8613014221 , 5.03300
30.23 , 10.8613014221 , 5.03867
30.27 , 10.8613014221 , 5.04450
30.30 , 10.8613014221 , 5.05017
30.34 , 10.8613014221 , 5.05600
30.37 , 10.8613014221 , 5.06150
30.40 , 10.9699134826 , 5.06733
30.44 , 10.9699134826 , 5.07300
30.47 , 10.9699134826 , 5.07883
30.51 , 10.9699134826 , 5.08450
30.54 , 11.0785264968 , 5.09017
30.57 , 11.0785264968 , 5.09583
30.61 , 10.9699134826 , 5.10167
30.64 , 10.9699134826 , 5.10733
30.68 , 11.0785264968 , 5.11317
30.71 , 11.0785264968 , 5.11867
30.75 , 11.0785264968 , 5.12450
30.78 , 11.0785264968 , 5.13033
30.82 , 11.1871395111 , 5.13600
30.85 , 11.0785264968 , 5.14183
30.88 , 11.1871395111 , 5.14733
30.92 , 11.0785264968 , 5.15317
30.95 , 11.1871395111 , 5.15883
30.99 , 11.1871395111 , 5.16467
31.02 , 11.2957525253 , 5.17033
31.06 , 11.2957525253 , 5.17600
31.09 , 11.2957525253 , 5.18167
31.12 , 11.2957525253 , 5.18750
31.16 , 11.1871395111 , 5.19317
31.19 , 11.2957525253 , 5.19900
31.23 , 11.2957525253 , 5.20450
31.26 , 11.4043655395 , 5.21033
31.30 , 11.2957525253 , 5.21600
31.33 , 11.4043655395 , 5.22183
31.36 , 11.4043655395 , 5.22750
31.40 , 11.4043655395 , 5.23317
31.43 , 11.4043655395 , 5.23883
31.47 , 11.4043655395 , 5.24467
31.50 , 11.5129785537 , 5.25033
31.54 , 11.4043655395 , 5.25617
31.57 , 11.5129785537 , 5.26167
31.60 , 11.5129785537 , 5.26750
31.64 , 11.4043655395 , 5.27317
31.67 , 11.5129785537 , 5.27900
31.71 , 11.5129785537 , 5.28467
31.74 , 11.6215915679 , 5.29033
31.78 , 11.6215915679 , 5.29600
31.81 , 11.6215915679 , 5.30183
31.84 , 11.6215915679 , 5.30750
31.88 , 11.7302045822 , 5.31333
31.92 , 11.6215915679 , 5.31917
31.95 , 11.7302045822 , 5.32467
31.98 , 11.7302045822 , 5.33050
32.02 , 11.7302045822 , 5.33617
32.05 , 11.7302045822 , 5.34200
32.09 , 11.8388175964 , 5.34767
32.12 , 11.7302045822 , 5.35333
32.15 , 11.8388175964 , 5.35900
32.19 , 11.8388175964 , 5.36483
32.22 , 11.8388175964 , 5.37050
32.26 , 11.8388175964 , 5.37633
32.29 , 11.8388175964 , 5.38183
32.33 , 11.8388175964 , 5.38767
32.36 , 11.7302045822 , 5.39333
32.40 , 11.9474296569 , 5.39917
32.43 , 11.9474296569 , 5.40483
32.46 , 11.9474296569 , 5.41050
32.50 , 11.9474296569 , 5.41617
32.53 , 11.9474296569 , 5.42200
32.57 , 11.9474296569 , 5.42767
32.60 , 11.9474296569 , 5.43350
32.63 , 12.0560426712 , 5.43900
32.67 , 12.0560426712 , 5.44483
32.70 , 12.0560426712 , 5.45050
32.74 , 12.0560426712 , 5.45633
32.77 , 12.0560426712 , 5.46200
32.81 , 12.1646556854 , 5.46767
32.84 , 12.0560426712 , 5.47333
32.88 , 12.0560426712 , 5.47917
32.91 , 12.1646556854 , 5.48483
32.94 , 12.0560426712 , 5.49067
32.98 , 12.1646556854 , 5.49633
33.01 , 12.1646556854 , 5.50200
33.05 , 12.1646556854 , 5.50783
33.08 , 12.2732686996 , 5.51350
33.12 , 12.1646556854 , 5.51933
33.15 , 12.1646556854 , 5.52483
33.18 , 12.2732686996 , 5.53067
33.22 , 12.2732686996 , 5.53633
33.25 , 12.2732686996 , 5.54217
33.29 , 12.2732686996 , 5.54783
33.32 , 12.2732686996 , 5.55350
33.36 , 12.3818817138 , 5.55917
33.39 , 12.2732686996 , 5.56500
33.42 , 12.3818817138 , 5.57067
33.46 , 12.3818817138 , 5.57650
33.49 , 12.3818817138 , 5.58200
33.53 , 12.3818817138 , 5.58783
33.56 , 12.3818817138 , 5.59350
33.60 , 12.3818817138 , 5.59933
33.63 , 12.3818817138 , 5.60500
33.67 , 12.3818817138 , 5.61083
33.70 , 12.4904947280 , 5.61633
33.73 , 12.4904947280 , 5.62217
33.77 , 12.4904947280 , 5.62783
33.80 , 12.5991077423 , 5.63367
33.84 , 12.5991077423 , 5.63933
33.87 , 12.5991077423 , 5.64500
33.90 , 12.5991077423 , 5.65067
33.94 , 12.5991077423 , 5.65650
33.97 , 12.5991077423 , 5.66217
34.01 , 12.5991077423 , 5.66800
34.04 , 12.5991077423 , 5.67350
34.08 , 12.5991077423 , 5.67933
34.11 , 12.7077207565 , 5.68517
34.15 , 12.7077207565 , 5.69083
34.18 , 12.7077207565 , 5.69667
34.21 , 12.9249486923 , 5.70217
34.25 , 12.8163356781 , 5.70800
34.28 , 12.8163356781 , 5.71367
34.32 , 12.8163356781 , 5.71950
34.35 , 12.8163356781 , 5.72517
34.38 , 12.9249486923 , 5.73083
34.42 , 12.8163356781 , 5.73650
34.45 , 12.9249486923 , 5.74233
34.49 , 12.9249486923 , 5.74800
34.52 , 12.9249486923 , 5.75383
34.56 , 12.9249486923 , 5.75933
34.59 , 12.9249486923 , 5.76517
34.63 , 13.0335617065 , 5.77083
34.66 , 12.9249486923 , 5.77667
34.69 , 13.0335617065 , 5.78233
34.73 , 13.0335617065 , 5.78800
34.76 , 13.0335617065 , 5.79367
34.80 , 12.9249486923 , 5.79950
34.83 , 13.1421747207 , 5.80517
34.87 , 13.1421747207 , 5.81100
34.90 , 13.0335617065 , 5.81650
34.93 , 13.0335617065 , 5.82233
34.97 , 13.1421747207 , 5.82800
35.00 , 13.1421747207 , 5.83383
35.04 , 13.2507877349 , 5.83950
35.07 , 13.1421747207 , 5.84533
35.11 , 13.1421747207 , 5.85083
35.14 , 13.1421747207 , 5.85667
35.18 , 13.1421747207 , 5.86250
35.21 , 13.2507877349 , 5.86817
35.24 , 13.2507877349 , 5.87400
35.28 , 13.2507877349 , 5.87950
35.31 , 13.2507877349 , 5.88533
35.35 , 13.2507877349 , 5.89100
35.38 , 13.2507877349 , 5.89683
35.42 , 13.2507877349 , 5.90250
35.45 , 13.2507877349 , 5.90817
35.48 , 13.2507877349 , 5.91383
35.52 , 13.3594007492 , 5.91967
35.55 , 13.3594007492 , 5.92533
35.59 , 13.3594007492 , 5.93117
35.62 , 13.3594007492 , 5.93667
35.65 , 13.4680137634 , 5.94250
35.69 , 13.4680137634 , 5.94817
35.72 , 13.4680137634 , 5.95400
35.76 , 13.4680137634 , 5.95967
35.79 , 13.4680137634 , 5.96533
35.83 , 13.4680137634 , 5.97100
35.86 , 13.4680137634 , 5.97683
35.90 , 13.4680137634 , 5.98250
35.93 , 13.5766258239 , 5.98833
35.96 , 13.5766258239 , 5.99383
36.00 , 13.4680137634 , 5.99967
36.03 , 13.5766258239 , 6.00533
36.07 , 13.6852388381 , 6.01117
36.10 , 13.6852388381 , 6.01683
36.13 , 13.6852388381 , 6.02250
36.17 , 13.6852388381 , 6.02817
36.20 , 13.7938518524 , 6.03400
36.24 , 13.7938518524 , 6.03967
36.27 , 13.6852388381 , 6.04550
36.31 , 13.7938518524 , 6.05117
36.34 , 13.7938518524 , 6.05683
36.38 , 13.7938518524 , 6.06267
36.41 , 13.7938518524 , 6.06833
36.45 , 13.9024648666 , 6.07417
36.48 , 13.9024648666 , 6.07967
36.51 , 13.9024648666 , 6.08550
36.55 , 13.9024648666 , 6.09117
36.58 , 14.0110778808 , 6.09700
36.62 , 13.9024648666 , 6.10267
36.65 , 13.9024648666 , 6.10850
36.68 , 14.0110778808 , 6.11400
36.72 , 13.9024648666 , 6.11983
36.75 , 14.0110778808 , 6.12550
36.79 , 14.0110778808 , 6.13133
36.82 , 14.0110778808 , 6.13700
36.86 , 14.0110778808 , 6.14267
36.89 , 14.1196908950 , 6.14833
36.93 , 14.0110778808 , 6.15417
36.96 , 14.1196908950 , 6.15983
36.99 , 14.1196908950 , 6.16567
37.03 , 14.1196908950 , 6.17117
37.06 , 14.1196908950 , 6.17700
37.10 , 14.2283039093 , 6.18267
37.13 , 14.1196908950 , 6.18850
37.17 , 14.2283039093 , 6.19417
37.20 , 14.1196908950 , 6.19983
37.23 , 14.3369169235 , 6.20550
37.27 , 14.1196908950 , 6.21133
37.30 , 14.3369169235 , 6.21700
37.34 , 14.3369169235 , 6.22283
37.37 , 14.3369169235 , 6.22850
37.40 , 14.3369169235 , 6.23417
37.44 , 14.2283039093 , 6.24000
37.47 , 14.3369169235 , 6.24567
37.51 , 14.3369169235 , 6.25150
37.54 , 14.3369169235 , 6.25700
37.58 , 14.3369169235 , 6.26283
37.61 , 14.3369169235 , 6.26850
37.65 , 14.4455299377 , 6.27433
37.68 , 14.3369169235 , 6.28000
37.71 , 14.4455299377 , 6.28567
37.75 , 14.3369169235 , 6.29133
37.78 , 14.4455299377 , 6.29717
37.82 , 14.4455299377 , 6.30283
37.85 , 14.5541419982 , 6.30867
37.88 , 14.4455299377 , 6.31417
37.92 , 14.4455299377 , 6.32000
37.95 , 14.5541419982 , 6.32567
37.99 , 14.5541419982 , 6.33150
38.02 , 14.5541419982 , 6.33717
38.06 , 14.5541419982 , 6.34283
38.09 , 14.5541419982 , 6.34850
38.13 , 14.5541419982 , 6.35433
38.16 , 14.5541419982 , 6.36000
38.20 , 14.6627550125 , 6.36583
38.23 , 14.6627550125 , 6.37133
38.26 , 14.7713680267 , 6.37717
38.30 , 14.6627550125 , 6.38283
38.33 , 14.6627550125 , 6.38867
38.37 , 14.6627550125 , 6.39433
38.40 , 14.7713680267 , 6.40017
38.43 , 14.7713680267 , 6.40567
38.47 , 14.7713680267 , 6.41150
38.50 , 14.8799810409 , 6.41733
38.54 , 14.7713680267 , 6.42300
38.57 , 14.8799810409 , 6.42883
38.61 , 14.8799810409 , 6.43433
38.64 , 14.7713680267 , 6.44017
38.68 , 14.8799810409 , 6.44583
38.71 , 14.9885940551 , 6.45167
38.74 , 14.8799810409 , 6.45733
38.78 , 14.9885940551 , 6.46300
38.81 , 14.9885940551 , 6.46867
38.85 , 14.9885940551 , 6.47450
38.88 , 14.9885940551 , 6.48017
38.92 , 14.9885940551 , 6.48600
38.95 , 15.0972070693 , 6.49150
38.98 , 15.0972070693 , 6.49733
39.02 , 15.0972070693 , 6.50300
39.05 , 14.9885940551 , 6.50883
39.09 , 15.0972070693 , 6.51450
39.12 , 15.0972070693 , 6.52017
39.15 , 15.2058200836 , 6.52583
39.19 , 15.2058200836 , 6.53167
39.22 , 15.2058200836 , 6.53733
39.26 , 15.3144330978 , 6.54317
39.29 , 15.2058200836 , 6.54867
39.33 , 15.2058200836 , 6.55450
39.36 , 15.2058200836 , 6.56017
39.40 , 15.3144330978 , 6.56600
39.43 , 15.3144330978 , 6.57167
39.46 , 15.4230451583 , 6.57733
39.50 , 15.3144330978 , 6.58300
39.53 , 15.3144330978 , 6.58883
39.57 , 15.4230451583 , 6.59467
39.60 , 15.4230451583 , 6.60033
39.64 , 15.4230451583 , 6.60600
39.67 , 15.4230451583 , 6.61167
39.71 , 15.4230451583 , 6.61750
39.74 , 15.4230451583 , 6.62317
39.77 , 15.5316610336 , 6.62900
39.81 , 15.4230451583 , 6.63467
39.84 , 15.5316610336 , 6.64033
39.88 , 15.5316610336 , 6.64600
39.91 , 15.5316610336 , 6.65183
39.95 , 15.4230451583 , 6.65750
39.98 , 15.4230451583 , 6.66333
40.01 , 15.5316610336 , 6.66883
40.05 , 15.5316610336 , 6.67467
40.08 , 15.5316610336 , 6.68033
40.12 , 15.6402740478 , 6.68617
40.15 , 15.6402740478 , 6.69183
40.19 , 15.6402740478 , 6.69750
40.22 , 15.6402740478 , 6.70317
40.25 , 15.6402740478 , 6.70900
40.29 , 15.6402740478 , 6.71467
40.32 , 15.6402740478 , 6.72050
40.36 , 15.7488870620 , 6.72600
40.39 , 15.6402740478 , 6.73183
40.43 , 15.7488870620 , 6.73750
40.46 , 15.7488870620 , 6.74333
40.49 , 15.6402740478 , 6.74900
40.53 , 15.7488870620 , 6.75467
40.56 , 15.7488870620 , 6.76033
40.60 , 15.8575000762 , 6.76617
40.63 , 15.8575000762 , 6.77183
40.67 , 15.8575000762 , 6.77767
40.70 , 15.8575000762 , 6.78333
40.73 , 15.8575000762 , 6.78900
40.77 , 15.8575000762 , 6.79483
40.80 , 15.8575000762 , 6.80050
40.84 , 15.9661130905 , 6.80633
40.87 , 15.9661130905 , 6.81183
40.91 , 15.9661130905 , 6.81767
40.94 , 15.9661130905 , 6.82333
40.97 , 16.0747261047 , 6.82917
41.01 , 15.9661130905 , 6.83483
41.04 , 16.0747261047 , 6.84050
41.08 , 16.0747261047 , 6.84617
41.11 , 16.0747261047 , 6.85200
41.15 , 16.0747261047 , 6.85767
41.18 , 16.1833381652 , 6.86350
41.21 , 16.1833381652 , 6.86900
41.25 , 16.1833381652 , 6.87483
41.28 , 16.1833381652 , 6.88050
41.32 , 16.1833381652 , 6.88633
41.35 , 16.4005641937 , 6.89200
41.39 , 16.2919521331 , 6.89783
41.42 , 16.2919521331 , 6.90333
41.46 , 16.2919521331 , 6.90917
41.49 , 16.2919521331 , 6.91483
41.52 , 16.4005641937 , 6.92067
41.56 , 16.2919521331 , 6.92633
41.59 , 16.2919521331 , 6.93200
41.63 , 16.5091781616 , 6.93767
41.66 , 16.4005641937 , 6.94350
41.70 , 16.4005641937 , 6.94917
41.73 , 16.4005641937 , 6.95500
41.76 , 16.5091781616 , 6.96067
41.80 , 16.5091781616 , 6.96633
41.83 , 16.6177902221 , 6.97217
41.87 , 16.5091781616 , 6.97783
41.90 , 16.5091781616 , 6.98367
41.94 , 16.5091781616 , 6.98917
41.97 , 16.5091781616 , 6.99500
42.00 , 16.5091781616 , 7.00067
42.04 , 16.6177902221 , 7.00650
42.07 , 16.6177902221 , 7.01217
42.11 , 16.6177902221 , 7.01783
42.14 , 16.6177902221 , 7.02350
42.18 , 16.6177902221 , 7.02933
42.21 , 16.6177902221 , 7.03500
42.25 , 16.6177902221 , 7.04083
42.28 , 16.6177902221 , 7.04633
42.31 , 16.7264022827 , 7.05217
42.35 , 16.6177902221 , 7.05783
42.38 , 16.7264022827 , 7.06367
42.42 , 16.6177902221 , 7.06933
42.45 , 16.7264022827 , 7.07500
42.48 , 16.7264022827 , 7.08067
42.52 , 16.7264022827 , 7.08650
42.55 , 16.8350162506 , 7.09217
42.59 , 16.8350162506 , 7.09800
42.62 , 16.8350162506 , 7.10350
42.66 , 16.9436283111 , 7.10933
42.69 , 16.8350162506 , 7.11500
42.72 , 16.9436283111 , 7.12083
42.76 , 16.8350162506 , 7.12650
42.79 , 16.9436283111 , 7.13217
42.83 , 16.9436283111 , 7.13783
42.86 , 16.9436283111 , 7.14367
42.90 , 16.9436283111 , 7.14950
42.93 , 17.0522422790 , 7.15517
42.97 , 16.9436283111 , 7.16100
43.00 , 16.9436283111 , 7.16650
43.03 , 17.0522422790 , 7.17233
43.07 , 17.0522422790 , 7.17800
43.10 , 17.0522422790 , 7.18383
43.14 , 17.0522422790 , 7.18950
43.17 , 17.1608543395 , 7.19517
43.21 , 17.1608543395 , 7.20083
43.24 , 17.1608543395 , 7.20667
43.27 , 17.1608543395 , 7.21233
43.31 , 17.1608543395 , 7.21817
43.34 , 17.1608543395 , 7.22367
43.38 , 17.2694683074 , 7.22950
43.41 , 17.2694683074 , 7.23517
43.45 , 17.3780803680 , 7.24100
43.48 , 17.2694683074 , 7.24667
43.51 , 17.3780803680 , 7.25233
43.55 , 17.3780803680 , 7.25800
43.58 , 17.3780803680 , 7.26383
43.62 , 17.4866943359 , 7.26950
43.65 , 17.4866943359 , 7.27533
43.69 , 17.3780803680 , 7.28083
43.72 , 17.3780803680 , 7.28667
43.75 , 17.4866943359 , 7.29233
43.79 , 17.4866943359 , 7.29817
43.82 , 17.4866943359 , 7.30383
43.86 , 17.4866943359 , 7.30950
43.89 , 17.5953063964 , 7.31517
43.93 , 17.4866943359 , 7.32100
43.96 , 17.5953063964 , 7.32683
44.00 , 17.5953063964 , 7.33250
44.03 , 17.5953063964 , 7.33817
44.06 , 17.5953063964 , 7.34383
44.10 , 17.5953063964 , 7.34967
44.13 , 17.5953063964 , 7.35533
44.17 , 17.7039184570 , 7.36117
44.20 , 17.5953063964 , 7.36667
44.24 , 17.5953063964 , 7.37250
44.27 , 17.7039184570 , 7.37817
44.30 , 17.8125324249 , 7.38400
44.34 , 17.7039184570 , 7.38967
44.37 , 17.8125324249 , 7.39533
44.41 , 17.8125324249 , 7.40100
44.44 , 17.8125324249 , 7.40683
44.47 , 17.9211444854 , 7.41250
44.51 , 17.9211444854 , 7.41833
44.54 , 17.8125324249 , 7.42400
44.58 , 17.8125324249 , 7.42967
44.61 , 17.8125324249 , 7.43533
44.65 , 17.8125324249 , 7.44117
44.68 , 17.9211444854 , 7.44683
44.72 , 17.9211444854 , 7.45267
44.75 , 17.9211444854 , 7.45817
44.78 , 17.9211444854 , 7.46400
44.82 , 18.0297584533 , 7.46967
44.85 , 18.0297584533 , 7.47550
44.89 , 17.9211444854 , 7.48117
44.92 , 17.9211444854 , 7.48683
44.96 , 18.0297584533 , 7.49250
44.99 , 18.0297584533 , 7.49833
45.02 , 18.0297584533 , 7.50400
45.06 , 18.0297584533 , 7.50983
45.09 , 18.0297584533 , 7.51550
45.13 , 18.1383705139 , 7.52117
45.16 , 18.1383705139 , 7.52700
45.20 , 18.1383705139 , 7.53267
45.23 , 18.1383705139 , 7.53850
45.26 , 18.1383705139 , 7.54400
45.30 , 18.1383705139 , 7.54983
45.33 , 18.1383705139 , 7.55550
45.37 , 18.2469844818 , 7.56133
45.40 , 18.1383705139 , 7.56700
45.44 , 18.2469844818 , 7.57267
45.47 , 18.3555984497 , 7.57833
45.51 , 18.2469844818 , 7.58417
45.54 , 18.3555984497 , 7.58983
45.57 , 18.3555984497 , 7.59567
45.61 , 18.3555984497 , 7.60117
45.64 , 18.3555984497 , 7.60700
45.68 , 18.4642124176 , 7.61267
45.71 , 18.3555984497 , 7.61850
45.75 , 18.4642124176 , 7.62417
45.78 , 18.3555984497 , 7.62983
45.81 , 18.4642124176 , 7.63550
45.85 , 18.4642124176 , 7.64133
45.88 , 18.4642124176 , 7.64700
45.92 , 18.5728244781 , 7.65283
45.95 , 18.5728244781 , 7.65833
45.99 , 18.5728244781 , 7.66417
46.02 , 18.5728244781 , 7.66983
46.05 , 18.6814384460 , 7.67567
46.09 , 18.6814384460 , 7.68133
46.12 , 18.6814384460 , 7.68717
46.16 , 18.6814384460 , 7.69283
46.19 , 18.6814384460 , 7.69850
46.23 , 18.6814384460 , 7.70433
46.26 , 18.6814384460 , 7.71000
46.29 , 18.6814384460 , 7.71583
46.33 , 18.6814384460 , 7.72133
46.36 , 18.7900505065 , 7.72717
46.40 , 18.7900505065 , 7.73283
46.43 , 18.8986644744 , 7.73867
46.47 , 18.7900505065 , 7.74433
46.50 , 18.8986644744 , 7.75000
46.53 , 18.8986644744 , 7.75567
46.57 , 18.8986644744 , 7.76150
46.60 , 18.8986644744 , 7.76717
46.64 , 18.8986644744 , 7.77300
46.67 , 19.0072765350 , 7.77850
46.71 , 18.8986644744 , 7.78433
46.74 , 19.0072765350 , 7.79000
46.78 , 18.8986644744 , 7.79583
46.81 , 19.0072765350 , 7.80150
46.84 , 19.0072765350 , 7.80717
46.88 , 19.0072765350 , 7.81283
46.91 , 19.0072765350 , 7.81867
46.95 , 19.0072765350 , 7.82433
46.98 , 18.8986644744 , 7.83017
47.01 , 19.0072765350 , 7.83567
47.05 , 19.1158905029 , 7.84150
47.08 , 19.1158905029 , 7.84717
47.12 , 19.0072765350 , 7.85300
47.15 , 19.1158905029 , 7.85867
47.19 , 19.1158905029 , 7.86433
47.22 , 19.1158905029 , 7.87000
47.26 , 19.1158905029 , 7.87583
47.29 , 19.2245025634 , 7.88167
47.32 , 19.2245025634 , 7.88733
47.36 , 19.2245025634 , 7.89300
47.39 , 19.2245025634 , 7.89867
47.43 , 19.2245025634 , 7.90450
47.46 , 19.3331146240 , 7.91017
47.50 , 19.2245025634 , 7.91600
47.53 , 19.3331146240 , 7.92150
47.56 , 19.3331146240 , 7.92733
47.60 , 19.3331146240 , 7.93300
47.63 , 19.4417285919 , 7.93883
47.67 , 19.4417285919 , 7.94450
47.70 , 19.4417285919 , 7.95033
47.74 , 19.3331146240 , 7.95583
47.77 , 19.4417285919 , 7.96167
47.80 , 19.4417285919 , 7.96733
47.84 , 19.4417285919 , 7.97317
47.87 , 19.4417285919 , 7.97883
47.91 , 19.4417285919 , 7.98450
47.94 , 19.4417285919 , 7.99017
47.98 , 19.6589546203 , 7.99600
48.01 , 19.6589546203 , 8.00167
48.04 , 19.6589546203 , 8.00750
48.08 , 19.5503406524 , 8.01300
48.11 , 19.6589546203 , 8.01883
48.15 , 19.5503406524 , 8.02450
48.18 , 19.7675666809 , 8.03033
48.22 , 19.7675666809 , 8.03600
48.25 , 19.7675666809 , 8.04167
48.28 , 19.8761806488 , 8.04733
48.32 , 19.7675666809 , 8.05317
48.35 , 19.7675666809 , 8.05900
48.39 , 19.7675666809 , 8.06467
48.42 , 19.8761806488 , 8.07033
48.46 , 19.8761806488 , 8.07600
48.49 , 19.8761806488 , 8.08183
48.53 , 19.9847927093 , 8.08750
48.56 , 19.8761806488 , 8.09333
48.59 , 19.9847927093 , 8.09883
48.63 , 19.8761806488 , 8.10467
48.66 , 19.9847927093 , 8.11033
48.70 , 19.9847927093 , 8.11617
48.73 , 19.9847927093 , 8.12183
48.77 , 19.9847927093 , 8.12750
48.80 , 19.9847927093 , 8.13317
48.83 , 20.0934066772 , 8.13900
48.87 , 19.9847927093 , 8.14467
48.90 , 20.0934066772 , 8.15050
48.94 , 20.0934066772 , 8.15600
48.97 , 20.0934066772 , 8.16183
49.01 , 20.0934066772 , 8.16750
49.04 , 20.0934066772 , 8.17333
49.07 , 20.2020187377 , 8.17900
49.11 , 20.0934066772 , 8.18467
49.14 , 20.2020187377 , 8.19033
49.18 , 20.2020187377 , 8.19617
49.21 , 20.2020187377 , 8.20183
49.25 , 20.2020187377 , 8.20767
49.28 , 20.2020187377 , 8.21333
49.31 , 20.3106307983 , 8.21900
49.35 , 20.3106307983 , 8.22467
49.38 , 20.2020187377 , 8.23050
49.42 , 20.3106307983 , 8.23617
49.45 , 20.3106307983 , 8.24200
49.49 , 20.4192447662 , 8.24767
49.52 , 20.4192447662 , 8.25333
49.56 , 20.3106307983 , 8.25917
49.59 , 20.4192447662 , 8.26483
49.62 , 20.4192447662 , 8.27067
49.66 , 20.4192447662 , 8.27617
49.69 , 20.4192447662 , 8.28200
49.73 , 20.5278568267 , 8.28767
49.76 , 20.5278568267 , 8.29350
49.79 , 20.5278568267 , 8.29917
49.83 , 20.5278568267 , 8.30483
49.86 , 20.6364707946 , 8.31050
49.90 , 20.5278568267 , 8.31633
49.93 , 20.6364707946 , 8.32200
49.97 , 20.5278568267 , 8.32783
50.00 , 20.6364707946 , 8.33333
50.04 , 20.6364707946 , 8.33917
50.07 , 20.6364707946 , 8.34483
50.10 , 20.7450828552 , 8.35067
50.14 , 20.6364707946 , 8.35633
50.17 , 20.7450828552 , 8.36200
50.21 , 20.8536968231 , 8.36767
50.24 , 20.7450828552 , 8.37350
50.28 , 20.7450828552 , 8.37917
50.31 , 20.7450828552 , 8.38500
50.34 , 20.7450828552 , 8.39050
50.38 , 20.8536968231 , 8.39633
50.41 , 20.8536968231 , 8.40200
50.45 , 20.9623088836 , 8.40783
50.48 , 20.8536968231 , 8.41350
50.52 , 20.8536968231 , 8.41917
50.55 , 20.9623088836 , 8.42500
50.58 , 20.9623088836 , 8.43067
50.62 , 20.9623088836 , 8.43650
50.65 , 21.0709228515 , 8.44217
50.69 , 20.9623088836 , 8.44800
50.72 , 20.9623088836 , 8.45350
50.76 , 21.0709228515 , 8.45933
50.79 , 21.0709228515 , 8.46500
50.83 , 21.1795368194 , 8.47083
50.86 , 21.1795368194 , 8.47650
50.89 , 21.1795368194 , 8.48217
50.93 , 21.1795368194 , 8.48783
50.96 , 21.1795368194 , 8.49367
51.00 , 21.0709228515 , 8.49933
51.03 , 21.0709228515 , 8.50517
51.06 , 21.2881507873 , 8.51067
51.10 , 21.2881507873 , 8.51650
51.13 , 21.1795368194 , 8.52217
51.17 , 21.2881507873 , 8.52800
51.20 , 21.3967628479 , 8.53367
51.24 , 21.2881507873 , 8.53933
51.27 , 21.2881507873 , 8.54500
51.31 , 21.3967628479 , 8.55083
51.34 , 21.3967628479 , 8.55650
51.37 , 21.2881507873 , 8.56233
51.41 , 21.5053768157 , 8.56783
51.44 , 21.3967628479 , 8.57367
51.48 , 21.3967628479 , 8.57933
51.51 , 21.5053768157 , 8.58517
51.54 , 21.5053768157 , 8.59083
51.58 , 21.5053768157 , 8.59650
51.61 , 21.5053768157 , 8.60217
51.65 , 21.5053768157 , 8.60800
51.68 , 21.5053768157 , 8.61383
51.72 , 21.5053768157 , 8.61950
51.75 , 21.5053768157 , 8.62517
51.79 , 21.6139888763 , 8.63083
51.82 , 21.6139888763 , 8.63667
51.85 , 21.5053768157 , 8.64233
51.89 , 21.6139888763 , 8.64817
51.92 , 21.6139888763 , 8.65367
51.96 , 21.6139888763 , 8.65950
51.99 , 21.7226028442 , 8.66517
52.03 , 21.7226028442 , 8.67100
52.06 , 21.6139888763 , 8.67667
52.09 , 21.7226028442 , 8.68233
52.13 , 21.7226028442 , 8.68800
52.16 , 21.7226028442 , 8.69383
52.20 , 21.7226028442 , 8.69950
52.23 , 21.7226028442 , 8.70533
52.27 , 21.7226028442 , 8.71083
52.30 , 21.7226028442 , 8.71667
52.33 , 21.8312149047 , 8.72233
52.37 , 21.8312149047 , 8.72817
52.40 , 21.9398269653 , 8.73383
52.44 , 21.8312149047 , 8.73967
52.47 , 21.9398269653 , 8.74517
52.51 , 21.9398269653 , 8.75100
52.54 , 21.9398269653 , 8.75667
52.58 , 21.9398269653 , 8.76250
52.61 , 22.0484409332 , 8.76817
52.64 , 22.0484409332 , 8.77383
52.68 , 22.0484409332 , 8.77950
52.71 , 22.1570529937 , 8.78533
52.75 , 22.0484409332 , 8.79117
52.78 , 22.1570529937 , 8.79683
52.81 , 22.1570529937 , 8.80250
52.85 , 22.1570529937 , 8.80817
52.88 , 22.1570529937 , 8.81400
52.92 , 22.1570529937 , 8.81967
52.95 , 22.1570529937 , 8.82550
52.99 , 22.1570529937 , 8.83100
53.02 , 22.2656669616 , 8.83683
53.06 , 22.3742790222 , 8.84250
53.09 , 22.2656669616 , 8.84833
53.12 , 22.3742790222 , 8.85400
53.16 , 22.3742790222 , 8.85967
53.19 , 22.4828929901 , 8.86533
53.23 , 22.3742790222 , 8.87117
53.26 , 22.4828929901 , 8.87683
53.30 , 22.3742790222 , 8.88267
53.33 , 22.4828929901 , 8.88817
53.36 , 22.4828929901 , 8.89400
53.40 , 22.4828929901 , 8.89967
53.43 , 22.4828929901 , 8.90550
53.47 , 22.4828929901 , 8.91117
53.50 , 22.5915050506 , 8.91683
53.54 , 22.5915050506 , 8.92250
53.57 , 22.4828929901 , 8.92833
53.60 , 22.5915050506 , 8.93400
53.64 , 22.5915050506 , 8.93983
53.67 , 22.5915050506 , 8.94533
53.71 , 22.7001190185 , 8.95117
53.74 , 22.7001190185 , 8.95683
53.78 , 22.7001190185 , 8.96267
53.81 , 22.5915050506 , 8.96833
53.84 , 22.7001190185 , 8.97400
53.88 , 22.7001190185 , 8.97983
53.91 , 22.7001190185 , 8.98550
53.95 , 22.8087310791 , 8.99133
53.98 , 22.8087310791 , 8.99700
54.02 , 22.8087310791 , 9.00283
54.05 , 22.8087310791 , 9.00833
54.09 , 22.8087310791 , 9.01417
54.12 , 22.8087310791 , 9.01983
54.15 , 22.8087310791 , 9.02567
54.19 , 22.9173431396 , 9.03133
54.22 , 22.9173431396 , 9.03700
54.26 , 22.9173431396 , 9.04267
54.29 , 22.8087310791 , 9.04850
54.33 , 22.9173431396 , 9.05417
54.36 , 22.9173431396 , 9.06000
54.39 , 22.8087310791 , 9.06550
54.43 , 23.0259571075 , 9.07133
54.46 , 23.0259571075 , 9.07700
54.50 , 23.1345691680 , 9.08283
54.53 , 23.0259571075 , 9.08850
54.56 , 23.0259571075 , 9.09417
54.60 , 23.0259571075 , 9.09983
54.63 , 22.9173431396 , 9.10567
54.67 , 23.1345691680 , 9.11133
54.70 , 23.1345691680 , 9.11717
54.74 , 23.1345691680 , 9.12267
54.77 , 23.1345691680 , 9.12850
54.81 , 23.2431831359 , 9.13417
54.84 , 23.2431831359 , 9.14000
54.87 , 23.2431831359 , 9.14567
54.91 , 23.2431831359 , 9.15133
54.94 , 23.2431831359 , 9.15717
54.98 , 23.2431831359 , 9.16283
55.01 , 23.2431831359 , 9.16867
55.05 , 23.2431831359 , 9.17433
55.08 , 23.2431831359 , 9.18000
55.11 , 23.3517951965 , 9.18567
55.15 , 23.3517951965 , 9.19150
55.18 , 23.4604091644 , 9.19717
55.22 , 23.4604091644 , 9.20300
55.25 , 23.4604091644 , 9.20850
55.29 , 23.3517951965 , 9.21433
55.32 , 23.5690212249 , 9.22000
55.36 , 23.5690212249 , 9.22583
55.39 , 23.4604091644 , 9.23150
55.42 , 23.4604091644 , 9.23733
55.46 , 23.5690212249 , 9.24283
55.49 , 23.5690212249 , 9.24867
55.53 , 23.5690212249 , 9.25433
55.56 , 23.6776351928 , 9.26017
55.60 , 23.5690212249 , 9.26583
55.63 , 23.6776351928 , 9.27150
55.66 , 23.6776351928 , 9.27717
55.70 , 23.5690212249 , 9.28300
55.73 , 23.8948631286 , 9.28867
55.77 , 23.8948631286 , 9.29450
55.80 , 23.7862472534 , 9.30000
55.84 , 23.8948631286 , 9.30583
55.87 , 23.8948631286 , 9.31150
55.90 , 23.7862472534 , 9.31733
55.94 , 23.8948631286 , 9.32300
55.97 , 23.7862472534 , 9.32867
56.01 , 23.8948631286 , 9.33433
56.04 , 23.8948631286 , 9.34017
56.08 , 24.0034751892 , 9.34600
56.11 , 23.8948631286 , 9.35167
56.14 , 23.8948631286 , 9.35733
56.18 , 24.0034751892 , 9.36300
56.21 , 24.0034751892 , 9.36883
56.25 , 24.1120891571 , 9.37450
56.28 , 24.0034751892 , 9.38033
56.31 , 24.1120891571 , 9.38583
56.35 , 24.1120891571 , 9.39167
56.38 , 24.1120891571 , 9.39733
56.42 , 24.1120891571 , 9.40317
56.45 , 24.1120891571 , 9.40883
56.49 , 24.1120891571 , 9.41450
56.52 , 24.2207012176 , 9.42017
56.56 , 24.1120891571 , 9.42600
56.59 , 24.1120891571 , 9.43167
56.63 , 24.3293151855 , 9.43750
56.66 , 24.2207012176 , 9.44300
56.69 , 24.2207012176 , 9.44883
56.73 , 24.2207012176 , 9.45450
56.76 , 24.2207012176 , 9.46033
56.80 , 24.2207012176 , 9.46600
56.83 , 24.3293151855 , 9.47167
56.86 , 24.3293151855 , 9.47733
56.90 , 24.3293151855 , 9.48317
56.93 , 24.3293151855 , 9.48883
56.97 , 24.4379272460 , 9.49467
57.00 , 24.3293151855 , 9.50017
57.04 , 24.4379272460 , 9.50600
57.07 , 24.4379272460 , 9.51167
57.11 , 24.4379272460 , 9.51750
57.14 , 24.4379272460 , 9.52333
57.17 , 24.5465393066 , 9.52900
57.21 , 24.5465393066 , 9.53467
57.24 , 24.5465393066 , 9.54033
57.28 , 24.5465393066 , 9.54617
57.31 , 24.6551532745 , 9.55183
57.35 , 24.5465393066 , 9.55767
57.38 , 24.6551532745 , 9.56317
57.41 , 24.6551532745 , 9.56900
57.45 , 24.6551532745 , 9.57467
57.48 , 24.6551532745 , 9.58050
57.52 , 24.7637653350 , 9.58617
57.55 , 24.6551532745 , 9.59183
57.59 , 24.7637653350 , 9.59750
57.62 , 24.7637653350 , 9.60333
57.65 , 24.7637653350 , 9.60900
57.69 , 24.7637653350 , 9.61483
57.72 , 24.7637653350 , 9.62033
57.76 , 24.7637653350 , 9.62617
57.79 , 24.8723793029 , 9.63183
57.83 , 24.8723793029 , 9.63767
57.86 , 24.8723793029 , 9.64333
57.89 , 24.9809913635 , 9.64900
57.93 , 24.8723793029 , 9.65467
57.96 , 24.9809913635 , 9.66050
58.00 , 24.9809913635 , 9.66617
58.03 , 25.0896053314 , 9.67200
58.06 , 25.0896053314 , 9.67750
58.10 , 25.0896053314 , 9.68333
58.13 , 25.0896053314 , 9.68900
58.17 , 25.0896053314 , 9.69483
58.20 , 25.0896053314 , 9.70050
58.24 , 25.1982173919 , 9.70617
58.27 , 25.0896053314 , 9.71200
58.31 , 25.1982173919 , 9.71767
58.34 , 25.1982173919 , 9.72350
58.38 , 25.1982173919 , 9.72917
58.41 , 25.1982173919 , 9.73483
58.44 , 25.3068313598 , 9.74050
58.48 , 25.3068313598 , 9.74633
58.51 , 25.1982173919 , 9.75200
58.55 , 25.3068313598 , 9.75783
58.58 , 25.3068313598 , 9.76333
58.62 , 25.3068313598 , 9.76917
58.65 , 25.3068313598 , 9.77483
58.68 , 25.4154434204 , 9.78067
58.72 , 25.4154434204 , 9.78633
58.75 , 25.5240554809 , 9.79217
58.79 , 25.4154434204 , 9.79767
58.82 , 25.3068313598 , 9.80350
58.86 , 25.4154434204 , 9.80917
58.89 , 25.4154434204 , 9.81500
58.92 , 25.5240554809 , 9.82067
58.96 , 25.5240554809 , 9.82633
58.99 , 25.5240554809 , 9.83200
59.03 , 25.5240554809 , 9.83783
59.06 , 25.6326694488 , 9.84350
59.10 , 25.5240554809 , 9.84933
59.13 , 25.5240554809 , 9.85483
59.16 , 25.6326694488 , 9.86067
59.20 , 25.5240554809 , 9.86633
59.23 , 25.6326694488 , 9.87217
59.27 , 25.6326694488 , 9.87783
59.30 , 25.7412815093 , 9.88350
59.34 , 25.6326694488 , 9.88933
59.37 , 25.6326694488 , 9.89500
59.40 , 25.7412815093 , 9.90083
59.44 , 25.7412815093 , 9.90650
59.47 , 25.7412815093 , 9.91217
59.51 , 25.7412815093 , 9.91783
59.54 , 25.8498954772 , 9.92367
59.58 , 25.7412815093 , 9.92933
59.61 , 25.8498954772 , 9.93517
59.64 , 25.8498954772 , 9.94067
59.68 , 25.8498954772 , 9.94650
59.71 , 25.8498954772 , 9.95217
59.75 , 25.8498954772 , 9.95800
59.78 , 25.9585075378 , 9.96367
59.82 , 25.9585075378 , 9.96933
59.85 , 25.9585075378 , 9.97500
59.88 , 25.9585075378 , 9.98083
59.92 , 26.0671215057 , 9.98650
59.95 , 26.0671215057 , 9.99233
59.99 , 26.0671215057 , 9.99783
60.02 , 26.0671215057 , 10.00367
60.06 , 26.0671215057 , 10.00950
60.09 , 26.1757335662 , 10.01550
60.13 , 26.1757335662 , 10.02133
60.16 , 26.1757335662 , 10.02733
60.20 , 26.1757335662 , 10.03300
60.23 , 26.1757335662 , 10.03900
60.27 , 26.1757335662 , 10.04500
60.31 , 26.2843475341 , 10.05083
60.34 , 26.2843475341 , 10.05683
60.38 , 26.2843475341 , 10.06267
60.41 , 26.2843475341 , 10.06850
60.45 , 26.3929595947 , 10.07433
60.48 , 26.2843475341 , 10.08033
60.52 , 26.5015716552 , 10.08617
60.55 , 26.3929595947 , 10.09217
60.59 , 26.5015716552 , 10.09800
60.62 , 26.5015716552 , 10.10383
60.66 , 26.5015716552 , 10.10967
60.69 , 26.5015716552 , 10.11567
60.73 , 26.5015716552 , 10.12150
60.77 , 26.6101856231 , 10.12750
60.80 , 26.5015716552 , 10.13350
60.84 , 26.5015716552 , 10.13917
60.87 , 26.6101856231 , 10.14517
60.91 , 26.6101856231 , 10.15100
60.94 , 26.6101856231 , 10.15700
60.98 , 26.6101856231 , 10.16283
61.01 , 26.7188014984 , 10.16867
61.05 , 26.6101856231 , 10.17450
61.08 , 26.6101856231 , 10.18050
61.12 , 26.7188014984 , 10.18633
61.15 , 26.8274135589 , 10.19233
61.19 , 26.7188014984 , 10.19817
61.22 , 26.7188014984 , 10.20400
61.26 , 26.7188014984 , 10.20983
61.29 , 26.8274135589 , 10.21583
61.33 , 26.8274135589 , 10.22167
61.37 , 26.8274135589 , 10.22767
61.40 , 26.8274135589 , 10.23367
61.44 , 26.8274135589 , 10.23933
61.47 , 26.8274135589 , 10.24533
61.51 , 26.9360275268 , 10.25117
61.54 , 26.9360275268 , 10.25717
61.58 , 26.9360275268 , 10.26300
61.61 , 26.9360275268 , 10.26900
61.65 , 26.9360275268 , 10.27467
61.68 , 27.0446395874 , 10.28067
61.72 , 26.9360275268 , 10.28650
61.76 , 27.0446395874 , 10.29250
61.79 , 27.0446395874 , 10.29833
61.83 , 27.0446395874 , 10.30433
61.86 , 27.0446395874 , 10.31000
61.90 , 27.0446395874 , 10.31600
61.93 , 27.1532516479 , 10.32200
61.97 , 27.1532516479 , 10.32783
62.00 , 27.1532516479 , 10.33383
62.04 , 27.1532516479 , 10.33967
62.07 , 27.1532516479 , 10.34550
62.11 , 27.2618656158 , 10.35133
62.14 , 27.2618656158 , 10.35733
62.18 , 27.2618656158 , 10.36317
62.22 , 27.2618656158 , 10.36917
62.25 , 27.2618656158 , 10.37483
62.29 , 27.3704776763 , 10.38083
62.32 , 27.3704776763 , 10.38667
62.36 , 27.3704776763 , 10.39267
62.39 , 27.3704776763 , 10.39850
62.43 , 27.4790916442 , 10.40450
62.46 , 27.3704776763 , 10.41017
62.50 , 27.3704776763 , 10.41617
62.53 , 27.3704776763 , 10.42217
62.57 , 27.5877037048 , 10.42800
62.60 , 27.4790916442 , 10.43400
62.64 , 27.4790916442 , 10.43983
62.67 , 27.5877037048 , 10.44567
62.71 , 27.5877037048 , 10.45150
62.75 , 27.5877037048 , 10.45750
62.78 , 27.5877037048 , 10.46333
62.82 , 27.6963176727 , 10.46933
62.85 , 27.8049297332 , 10.47517
62.89 , 27.6963176727 , 10.48100
62.92 , 27.6963176727 , 10.48683
62.96 , 27.8049297332 , 10.49283
62.99 , 27.8049297332 , 10.49867
63.03 , 27.8049297332 , 10.50467
63.06 , 27.8049297332 , 10.51067
63.10 , 27.8049297332 , 10.51633
63.13 , 27.8049297332 , 10.52233
63.17 , 27.8049297332 , 10.52817
63.21 , 27.9135437011 , 10.53417
63.24 , 27.9135437011 , 10.54000
63.28 , 27.9135437011 , 10.54600
63.31 , 28.0221557617 , 10.55167
63.35 , 27.9135437011 , 10.55767
63.38 , 28.0221557617 , 10.56350
63.42 , 28.0221557617 , 10.56950
63.45 , 28.0221557617 , 10.57533
63.49 , 28.0221557617 , 10.58133
63.52 , 28.0221557617 , 10.58700
63.56 , 28.1307678222 , 10.59300
63.59 , 28.0221557617 , 10.59883
63.63 , 28.1307678222 , 10.60483
63.67 , 28.1307678222 , 10.61083
63.70 , 28.1307678222 , 10.61650
63.74 , 28.1307678222 , 10.62250
63.77 , 28.1307678222 , 10.62833
63.81 , 28.1307678222 , 10.63433
63.84 , 28.1307678222 , 10.64017
63.88 , 28.2393817901 , 10.64617
63.91 , 28.2393817901 , 10.65183
63.95 , 28.1307678222 , 10.65783
63.98 , 28.2393817901 , 10.66367
64.02 , 28.2393817901 , 10.66967
64.05 , 28.2393817901 , 10.67550
64.09 , 28.2393817901 , 10.68150
64.12 , 28.3479938507 , 10.68717
64.16 , 28.3479938507 , 10.69317
64.19 , 28.3479938507 , 10.69917
64.23 , 28.3479938507 , 10.70500
64.27 , 28.4566078186 , 10.71100
64.30 , 28.4566078186 , 10.71683
64.34 , 28.4566078186 , 10.72267
64.37 , 28.4566078186 , 10.72850
64.41 , 28.4566078186 , 10.73450
64.44 , 28.4566078186 , 10.74033
64.48 , 28.5652198791 , 10.74633
64.51 , 28.6738338470 , 10.75217
64.55 , 28.6738338470 , 10.75800
64.58 , 28.6738338470 , 10.76383
64.62 , 28.6738338470 , 10.76983
64.65 , 28.5652198791 , 10.77567
64.69 , 28.6738338470 , 10.78167
64.72 , 28.6738338470 , 10.78733
64.76 , 28.6738338470 , 10.79333
64.80 , 28.7824459075 , 10.79933
64.83 , 28.7824459075 , 10.80517
64.87 , 28.7824459075 , 10.81117
64.90 , 28.7824459075 , 10.81700
64.94 , 28.7824459075 , 10.82283
64.97 , 28.7824459075 , 10.82867
65.01 , 28.7824459075 , 10.83467
65.04 , 28.8910598754 , 10.84050
65.08 , 28.8910598754 , 10.84650
65.11 , 28.9996719360 , 10.85233
65.15 , 28.9996719360 , 10.85817
65.18 , 28.9996719360 , 10.86400
65.22 , 29.1082839965 , 10.87000
65.25 , 29.1082839965 , 10.87583
65.29 , 28.9996719360 , 10.88183
65.33 , 29.1082839965 , 10.88783
65.36 , 29.1082839965 , 10.89350
65.40 , 29.1082839965 , 10.89950
65.43 , 29.1082839965 , 10.90533
65.47 , 29.1082839965 , 10.91133
65.50 , 29.2168979644 , 10.91717
65.54 , 29.2168979644 , 10.92317
65.57 , 29.2168979644 , 10.92883
65.61 , 29.2168979644 , 10.93483
65.64 , 29.2168979644 , 10.94067
65.68 , 29.3255100250 , 10.94667
65.71 , 29.2168979644 , 10.95250
65.75 , 29.2168979644 , 10.95850
65.79 , 29.3255100250 , 10.96417
65.82 , 29.3255100250 , 10.97017
65.86 , 29.3255100250 , 10.97600
65.89 , 29.4341259002 , 10.98200
65.93 , 29.3255100250 , 10.98800
65.96 , 29.4341259002 , 10.99383
66.00 , 29.4341259002 , 10.99967
66.03 , 29.4341259002 , 11.00550
66.07 , 29.4341259002 , 11.01150
66.10 , 29.5427398681 , 11.01733
66.14 , 29.4341259002 , 11.02333
66.17 , 29.5427398681 , 11.02900
66.21 , 29.4341259002 , 11.03500
66.25 , 29.5427398681 , 11.04083
66.28 , 29.5427398681 , 11.04683
66.32 , 29.5427398681 , 11.05267
66.35 , 29.5427398681 , 11.05867
66.39 , 29.5427398681 , 11.06433
66.42 , 29.5427398681 , 11.07033
66.46 , 29.6513519287 , 11.07633
66.49 , 29.6513519287 , 11.08217
66.53 , 29.6513519287 , 11.08817
66.56 , 29.6513519287 , 11.09400
66.60 , 29.6513519287 , 11.09983
66.63 , 29.7599639892 , 11.10567
66.67 , 29.7599639892 , 11.11167
66.70 , 29.7599639892 , 11.11750
66.74 , 29.7599639892 , 11.12350
66.78 , 29.8685779571 , 11.12933
66.81 , 29.8685779571 , 11.13517
66.85 , 29.8685779571 , 11.14100
66.88 , 29.9771900177 , 11.14700
66.92 , 29.9771900177 , 11.15283
66.95 , 29.9771900177 , 11.15883
66.99 , 29.9771900177 , 11.16467
67.02 , 29.9771900177 , 11.17050
67.06 , 29.9771900177 , 11.17650
67.09 , 30.0858039855 , 11.18233
67.13 , 30.0858039855 , 11.18833
67.16 , 30.0858039855 , 11.19417
67.20 , 30.0858039855 , 11.20017
67.23 , 30.0858039855 , 11.20583
67.27 , 30.0858039855 , 11.21183
67.31 , 30.1944160461 , 11.21767
67.34 , 30.0858039855 , 11.22367
67.38 , 30.1944160461 , 11.22950
67.41 , 30.3030300140 , 11.23533
67.45 , 30.3030300140 , 11.24117
67.48 , 30.1944160461 , 11.24717
67.52 , 30.3030300140 , 11.25300
67.55 , 30.3030300140 , 11.25900
67.59 , 30.3030300140 , 11.26500
67.62 , 30.4116420745 , 11.27067
67.66 , 30.4116420745 , 11.27667
67.69 , 30.4116420745 , 11.28250
67.73 , 30.4116420745 , 11.28850
67.77 , 30.4116420745 , 11.29433
67.80 , 30.4116420745 , 11.30033
67.84 , 30.4116420745 , 11.30600
67.87 , 30.5202560424 , 11.31200
67.91 , 30.5202560424 , 11.31783
67.94 , 30.5202560424 , 11.32383
67.98 , 30.5202560424 , 11.32967
68.01 , 30.5202560424 , 11.33567
68.05 , 30.5202560424 , 11.34133
68.08 , 30.6288681030 , 11.34733
68.12 , 30.6288681030 , 11.35317
68.15 , 30.7374801635 , 11.35917
68.19 , 30.6288681030 , 11.36517
68.23 , 30.7374801635 , 11.37100
68.26 , 30.7374801635 , 11.37683
68.30 , 30.6288681030 , 11.38267
68.33 , 30.7374801635 , 11.38867
68.37 , 30.7374801635 , 11.39450
68.40 , 30.8460941314 , 11.40050
68.44 , 30.7374801635 , 11.40633
68.47 , 30.8460941314 , 11.41217
68.51 , 30.8460941314 , 11.41800
68.54 , 30.8460941314 , 11.42400
68.58 , 30.8460941314 , 11.42983
68.61 , 30.9547061920 , 11.43583
68.65 , 30.8460941314 , 11.44150
68.68 , 30.8460941314 , 11.44750
68.72 , 31.0633201599 , 11.45350
68.76 , 30.9547061920 , 11.45933
68.79 , 31.0633201599 , 11.46533
68.83 , 30.9547061920 , 11.47117
68.86 , 31.0633201599 , 11.47700
68.90 , 31.0633201599 , 11.48283
68.93 , 31.0633201599 , 11.48883
68.97 , 31.0633201599 , 11.49467
69.00 , 31.0633201599 , 11.50067
69.04 , 31.0633201599 , 11.50650
69.07 , 31.1719322204 , 11.51233
69.11 , 31.1719322204 , 11.51817
69.14 , 31.2805461883 , 11.52417
69.18 , 31.1719322204 , 11.53000
69.22 , 31.2805461883 , 11.53600
69.25 , 31.2805461883 , 11.54183
69.29 , 31.2805461883 , 11.54767
69.32 , 31.2805461883 , 11.55367
69.36 , 31.2805461883 , 11.55950
69.39 , 31.2805461883 , 11.56550
69.43 , 31.3891582489 , 11.57133
69.46 , 31.3891582489 , 11.57733
69.50 , 31.3891582489 , 11.58300
69.53 , 31.3891582489 , 11.58900
69.57 , 31.4977722167 , 11.59483
69.61 , 31.3891582489 , 11.60083
69.64 , 31.4977722167 , 11.60667
69.68 , 31.4977722167 , 11.61267
69.71 , 31.6063842773 , 11.61833
69.75 , 31.4977722167 , 11.62433
69.78 , 31.4977722167 , 11.63017
69.82 , 31.6063842773 , 11.63617
69.85 , 31.6063842773 , 11.64217
69.89 , 31.6063842773 , 11.64800
69.92 , 31.6063842773 , 11.65383
69.96 , 31.7149963378 , 11.65967
69.99 , 31.7149963378 , 11.66567
70.03 , 31.7149963378 , 11.67150
70.06 , 31.7149963378 , 11.67750
70.10 , 31.8236103057 , 11.68317
70.13 , 31.7149963378 , 11.68917
70.17 , 31.8236103057 , 11.69500
70.21 , 31.8236103057 , 11.70100
70.24 , 31.8236103057 , 11.70683
70.28 , 31.9322223663 , 11.71283
70.31 , 31.9322223663 , 11.71850
70.35 , 31.8236103057 , 11.72450
70.38 , 31.8236103057 , 11.73033
70.42 , 31.9322223663 , 11.73633
70.45 , 31.9322223663 , 11.74233
70.49 , 31.9322223663 , 11.74817
70.52 , 31.9322223663 , 11.75400
70.56 , 32.0408363342 , 11.75983
70.59 , 32.0408363342 , 11.76583
70.63 , 32.0408363342 , 11.77167
70.67 , 32.0408363342 , 11.77767
70.70 , 32.1494483947 , 11.78350
70.74 , 32.0408363342 , 11.78933
70.77 , 32.1494483947 , 11.79517
70.81 , 32.2580604553 , 11.80117
70.84 , 32.1494483947 , 11.80700
70.88 , 32.1494483947 , 11.81300
70.91 , 32.1494483947 , 11.81883
70.95 , 32.1494483947 , 11.82467
70.98 , 32.2580604553 , 11.83067
71.02 , 32.2580604553 , 11.83650
71.05 , 32.2580604553 , 11.84250
71.09 , 32.3666763305 , 11.84833
71.13 , 32.2580604553 , 11.85433
71.16 , 32.3666763305 , 11.86000
71.20 , 32.3666763305 , 11.86600
71.23 , 32.3666763305 , 11.87183
71.27 , 32.3666763305 , 11.87783
71.30 , 32.3666763305 , 11.88367
71.34 , 32.3666763305 , 11.88950
71.37 , 32.4752883911 , 11.89533
71.41 , 32.4752883911 , 11.90133
71.44 , 32.4752883911 , 11.90717
71.48 , 32.4752883911 , 11.91317
71.51 , 32.4752883911 , 11.91900
71.55 , 32.5839004516 , 11.92483
71.58 , 32.5839004516 , 11.93083
71.62 , 32.4752883911 , 11.93667
71.66 , 32.5839004516 , 11.94267
71.69 , 32.5839004516 , 11.94850
71.73 , 32.6925125122 , 11.95450
71.76 , 32.6925125122 , 11.96017
71.80 , 32.6925125122 , 11.96617
71.83 , 32.6925125122 , 11.97200
71.87 , 32.6925125122 , 11.97800
71.90 , 32.8011245727 , 11.98383
71.94 , 32.8011245727 , 11.98983
71.97 , 32.8011245727 , 11.99550
72.01 , 32.6925125122 , 12.00150
72.04 , 32.8011245727 , 12.00733
72.08 , 32.9097404479 , 12.01333
72.12 , 32.9097404479 , 12.01933
72.15 , 32.9097404479 , 12.02517
72.19 , 33.0183525085 , 12.03100
72.22 , 32.9097404479 , 12.03683
72.26 , 32.9097404479 , 12.04283
72.29 , 32.9097404479 , 12.04867
72.33 , 33.0183525085 , 12.05467
72.36 , 33.0183525085 , 12.06050
72.40 , 33.1269645690 , 12.06633
72.43 , 33.1269645690 , 12.07217
72.47 , 33.1269645690 , 12.07817
72.50 , 33.2355766296 , 12.08400
72.54 , 33.1269645690 , 12.09000
72.57 , 33.1269645690 , 12.09567
72.61 , 33.1269645690 , 12.10167
72.64 , 33.2355766296 , 12.10750
72.68 , 33.2355766296 , 12.11350
72.72 , 33.2355766296 , 12.11950
72.75 , 33.2355766296 , 12.12533
72.79 , 33.2355766296 , 12.13117
72.82 , 33.3441925048 , 12.13700
72.86 , 33.4528045654 , 12.14300
72.89 , 33.3441925048 , 12.14883
72.93 , 33.4528045654 , 12.15483
72.96 , 33.3441925048 , 12.16067
73.00 , 33.3441925048 , 12.16650
73.03 , 33.4528045654 , 12.17233
73.07 , 33.4528045654 , 12.17833
73.11 , 33.4528045654 , 12.18417
73.14 , 33.5614166259 , 12.19017
73.18 , 33.5614166259 , 12.19600
73.21 , 33.5614166259 , 12.20183
73.25 , 33.6700363159 , 12.20783
73.28 , 33.5614166259 , 12.21367
73.32 , 33.5614166259 , 12.21967
73.35 , 33.5614166259 , 12.22550
73.39 , 33.6700363159 , 12.23150
73.42 , 33.6700363159 , 12.23717
73.46 , 33.6700363159 , 12.24317
73.49 , 33.6700363159 , 12.24900
73.53 , 33.6700363159 , 12.25500
73.56 , 33.6700363159 , 12.26083
73.60 , 33.6700363159 , 12.26683
73.63 , 33.7786483764 , 12.27250
73.67 , 33.7786483764 , 12.27850
73.71 , 33.8872604370 , 12.28433
73.74 , 33.7786483764 , 12.29033
73.78 , 33.7786483764 , 12.29617
73.81 , 33.8872604370 , 12.30200
73.85 , 33.8872604370 , 12.30800
73.88 , 33.8872604370 , 12.31383
73.92 , 33.8872604370 , 12.31983
73.95 , 33.9958724975 , 12.32567
73.99 , 33.8872604370 , 12.33167
74.02 , 33.9958724975 , 12.33733
74.06 , 33.9958724975 , 12.34333
74.09 , 33.9958724975 , 12.34917
74.13 , 34.1044845581 , 12.35517
74.17 , 34.1044845581 , 12.36100
74.20 , 34.1044845581 , 12.36700
74.24 , 34.1044845581 , 12.37267
74.27 , 34.2131004333 , 12.37867
74.31 , 34.2131004333 , 12.38450
74.34 , 34.1044845581 , 12.39050
74.38 , 34.2131004333 , 12.39650
74.41 , 34.2131004333 , 12.40233
74.45 , 34.2131004333 , 12.40817
74.48 , 34.3217124938 , 12.41400
74.52 , 34.3217124938 , 12.42000
74.55 , 34.3217124938 , 12.42583
74.59 , 34.3217124938 , 12.43183
74.63 , 34.4303245544 , 12.43767
74.66 , 34.3217124938 , 12.44350
74.70 , 34.4303245544 , 12.44933
74.73 , 34.4303245544 , 12.45533
74.77 , 34.5389366149 , 12.46117
74.80 , 34.4303245544 , 12.46717
74.84 , 34.5389366149 , 12.47300
74.87 , 34.5389366149 , 12.47883
74.91 , 34.5389366149 , 12.48467
74.94 , 34.6475524902 , 12.49067
74.98 , 34.6475524902 , 12.49667
75.01 , 34.5389366149 , 12.50250
75.05 , 34.5389366149 , 12.50850
75.08 , 34.6475524902 , 12.51417
75.12 , 34.6475524902 , 12.52017
75.16 , 34.7561645507 , 12.52600
75.19 , 34.7561645507 , 12.53200
75.23 , 34.7561645507 , 12.53783
75.26 , 34.7561645507 , 12.54367
75.30 , 34.7561645507 , 12.54950
75.33 , 34.7561645507 , 12.55550
75.37 , 34.7561645507 , 12.56133
75.40 , 34.8647766113 , 12.56733
75.44 , 34.8647766113 , 12.57317
75.47 , 34.8647766113 , 12.57900
75.51 , 34.8647766113 , 12.58500
75.54 , 34.8647766113 , 12.59083
75.58 , 34.8647766113 , 12.59683
75.62 , 34.9733886718 , 12.60267
75.65 , 34.9733886718 , 12.60867
75.69 , 34.9733886718 , 12.61433
75.72 , 34.9733886718 , 12.62033
75.76 , 34.9733886718 , 12.62617
75.79 , 34.9733886718 , 12.63217
75.83 , 35.0820007324 , 12.63800
75.86 , 35.0820007324 , 12.64400
75.90 , 35.0820007324 , 12.64967
75.93 , 35.0820007324 , 12.65567
75.97 , 35.0820007324 , 12.66150
76.00 , 35.0820007324 , 12.66750
76.04 , 35.0820007324 , 12.67333
76.08 , 35.1906166076 , 12.67933
76.11 , 35.1906166076 , 12.68517
76.15 , 35.1906166076 , 12.69100
76.18 , 35.2992286682 , 12.69700
76.22 , 35.2992286682 , 12.70283
76.25 , 35.1906166076 , 12.70883
76.29 , 35.2992286682 , 12.71467
76.32 , 35.2992286682 , 12.72050
76.36 , 35.4078407287 , 12.72633
76.39 , 35.4078407287 , 12.73233
76.43 , 35.4078407287 , 12.73817
76.46 , 35.4078407287 , 12.74417
76.50 , 35.4078407287 , 12.74983
76.54 , 35.4078407287 , 12.75583
76.57 , 35.4078407287 , 12.76167
76.61 , 35.5164527893 , 12.76767
76.64 , 35.5164527893 , 12.77367
76.68 , 35.6250686645 , 12.77950
76.71 , 35.5164527893 , 12.78533
76.75 , 35.6250686645 , 12.79117
76.78 , 35.6250686645 , 12.79717
76.82 , 35.6250686645 , 12.80300
76.85 , 35.6250686645 , 12.80900
76.89 , 35.7336807250 , 12.81483
76.92 , 35.7336807250 , 12.82067
76.96 , 35.8422927856 , 12.82650
77.00 , 35.7336807250 , 12.83250
77.03 , 35.8422927856 , 12.83833
77.07 , 35.8422927856 , 12.84433
77.10 , 35.8422927856 , 12.85017
77.14 , 35.8422927856 , 12.85600
77.17 , 35.8422927856 , 12.86183
77.21 , 35.8422927856 , 12.86783
77.24 , 35.8422927856 , 12.87383
77.28 , 35.9509048461 , 12.87967
77.31 , 35.9509048461 , 12.88567
77.35 , 35.9509048461 , 12.89133
77.38 , 36.0595169067 , 12.89733
77.42 , 35.9509048461 , 12.90317
77.45 , 36.0595169067 , 12.90917
77.49 , 36.0595169067 , 12.91500
77.53 , 36.0595169067 , 12.92100
77.56 , 36.1681327819 , 12.92667
77.60 , 36.0595169067 , 12.93267
77.63 , 36.0595169067 , 12.93850
77.67 , 36.1681327819 , 12.94450
77.70 , 36.1681327819 , 12.95033
77.74 , 36.1681327819 , 12.95617
77.77 , 36.1681327819 , 12.96217
77.81 , 36.1681327819 , 12.96800
77.84 , 36.1681327819 , 12.97400
77.88 , 36.2767448425 , 12.97983
77.91 , 36.2767448425 , 12.98583
77.95 , 36.2767448425 , 12.99150
77.98 , 36.2767448425 , 12.99750
78.02 , 36.2767448425 , 13.00333
78.06 , 36.3853569030 , 13.00933
78.09 , 36.3853569030 , 13.01517
78.13 , 36.3853569030 , 13.02117
78.16 , 36.3853569030 , 13.02683
78.20 , 36.3853569030 , 13.03283
78.23 , 36.4939689636 , 13.03867
78.27 , 36.4939689636 , 13.04467
78.30 , 36.3853569030 , 13.05050
78.34 , 36.4939689636 , 13.05650
78.37 , 36.4939689636 , 13.06233
78.41 , 36.4939689636 , 13.06817
78.44 , 36.6025848388 , 13.07417
78.48 , 36.4939689636 , 13.08000
78.52 , 36.6025848388 , 13.08600
78.55 , 36.6025848388 , 13.09183
78.59 , 36.7111968994 , 13.09767
78.62 , 36.7111968994 , 13.10350
78.66 , 36.7111968994 , 13.10950
78.69 , 36.7111968994 , 13.11533
78.73 , 36.7111968994 , 13.12133
78.76 , 36.7111968994 , 13.12717
78.80 , 36.7111968994 , 13.13300
78.83 , 36.8198089599 , 13.13883
78.87 , 36.8198089599 , 13.14483
78.90 , 36.8198089599 , 13.15083
78.94 , 36.8198089599 , 13.15667
78.98 , 36.8198089599 , 13.16267
79.01 , 36.9284210205 , 13.16833
79.05 , 36.9284210205 , 13.17433
79.08 , 36.9284210205 , 13.18017
79.12 , 36.9284210205 , 13.18617
79.15 , 36.9284210205 , 13.19200
79.19 , 36.9284210205 , 13.19783
79.22 , 37.0370330810 , 13.20367
79.26 , 37.0370330810 , 13.20967
79.29 , 37.1456489562 , 13.21550
79.33 , 37.0370330810 , 13.22150
79.36 , 37.1456489562 , 13.22733
79.40 , 37.1456489562 , 13.23317
79.43 , 37.1456489562 , 13.23900
79.47 , 37.1456489562 , 13.24500
79.51 , 37.1456489562 , 13.25100
79.54 , 37.2542610168 , 13.25683
79.58 , 37.2542610168 , 13.26283
79.61 , 37.3628730773 , 13.26850
79.65 , 37.2542610168 , 13.27450
79.68 , 37.2542610168 , 13.28033
79.72 , 37.3628730773 , 13.28633
79.75 , 37.3628730773 , 13.29217
79.79 , 37.4714851379 , 13.29817
79.82 , 37.3628730773 , 13.30383
79.86 , 37.3628730773 , 13.30983
79.89 , 37.3628730773 , 13.31567
79.93 , 37.4714851379 , 13.32167
79.96 , 37.4714851379 , 13.32750
80.00 , 37.4714851379 , 13.33350
80.04 , 37.4714851379 , 13.33933
80.07 , 37.4714851379 , 13.34517
80.11 , 37.5801010131 , 13.35117
80.14 , 37.5801010131 , 13.35700
80.18 , 37.5801010131 , 13.36300
80.21 , 37.6887130737 , 13.36867
80.25 , 37.5801010131 , 13.37467
80.28 , 37.6887130737 , 13.38050
80.32 , 37.6887130737 , 13.38650
80.35 , 37.7973251342 , 13.39233
80.39 , 37.7973251342 , 13.39833
80.42 , 37.6887130737 , 13.40400
80.46 , 37.7973251342 , 13.41000
80.50 , 37.7973251342 , 13.41583
80.53 , 37.7973251342 , 13.42183
80.57 , 37.7973251342 , 13.42767
80.60 , 37.7973251342 , 13.43367
80.64 , 37.7973251342 , 13.43950
80.67 , 37.9059371948 , 13.44533
80.71 , 37.7973251342 , 13.45133
80.74 , 38.0145492553 , 13.45717
80.78 , 37.9059371948 , 13.46317
80.81 , 37.9059371948 , 13.46900
80.85 , 37.9059371948 , 13.47483
80.88 , 38.0145492553 , 13.48067
80.92 , 38.0145492553 , 13.48667
80.95 , 38.0145492553 , 13.49250
80.99 , 38.1231651306 , 13.49850
81.03 , 38.1231651306 , 13.50433
81.06 , 38.0145492553 , 13.51017
81.10 , 38.1231651306 , 13.51600
81.13 , 38.1231651306 , 13.52200
81.17 , 38.2317771911 , 13.52800
81.20 , 38.1231651306 , 13.53383
81.24 , 38.2317771911 , 13.53983
81.27 , 38.1231651306 , 13.54550
81.31 , 38.2317771911 , 13.55150
81.34 , 38.2317771911 , 13.55733
81.38 , 38.2317771911 , 13.56333
81.41 , 38.3403892517 , 13.56917
81.45 , 38.2317771911 , 13.57517
81.48 , 38.3403892517 , 13.58083
81.52 , 38.3403892517 , 13.58683
81.56 , 38.4490013122 , 13.59267
81.59 , 38.3403892517 , 13.59867
81.63 , 38.3403892517 , 13.60450
81.66 , 38.4490013122 , 13.61033
81.70 , 38.4490013122 , 13.61617
81.73 , 38.4490013122 , 13.62217
81.77 , 38.4490013122 , 13.62817
81.80 , 38.5576171875 , 13.63400
81.84 , 38.4490013122 , 13.64000
81.87 , 38.5576171875 , 13.64567
81.91 , 38.5576171875 , 13.65167
81.94 , 38.5576171875 , 13.65750
81.98 , 38.6662292480 , 13.66350
82.02 , 38.6662292480 , 13.66933
82.05 , 38.6662292480 , 13.67533
82.09 , 38.6662292480 , 13.68100
82.12 , 38.6662292480 , 13.68700
82.16 , 38.6662292480 , 13.69283
82.19 , 38.7748413085 , 13.69883
82.23 , 38.8834533691 , 13.70467
82.26 , 38.8834533691 , 13.71067
82.30 , 38.7748413085 , 13.71650
82.33 , 38.8834533691 , 13.72233
82.37 , 38.7748413085 , 13.72833
82.40 , 38.8834533691 , 13.73417
82.44 , 38.8834533691 , 13.74017
82.48 , 38.8834533691 , 13.74600
82.51 , 38.8834533691 , 13.75183
82.55 , 38.9920654296 , 13.75767
82.58 , 38.9920654296 , 13.76367
82.62 , 38.9920654296 , 13.76950
82.65 , 38.9920654296 , 13.77550
82.69 , 38.9920654296 , 13.78133
82.72 , 39.1006813049 , 13.78717
82.76 , 38.9920654296 , 13.79300
82.79 , 39.1006813049 , 13.79900
82.83 , 39.1006813049 , 13.80483
82.86 , 39.1006813049 , 13.81083
82.90 , 39.1006813049 , 13.81667
82.93 , 39.2092971801 , 13.82250
82.97 , 39.2092971801 , 13.82850
83.01 , 39.2092971801 , 13.83433
83.04 , 39.2092971801 , 13.84033
83.08 , 39.2092971801 , 13.84617
83.11 , 39.3179092407 , 13.85200
83.15 , 39.3179092407 , 13.85783
83.18 , 39.2092971801 , 13.86383
83.22 , 39.3179092407 , 13.86967
83.25 , 39.3179092407 , 13.87567
83.29 , 39.3179092407 , 13.88150
83.32 , 39.4265251159 , 13.88733
83.36 , 39.4265251159 , 13.89317
83.39 , 39.5351371765 , 13.89917
83.43 , 39.4265251159 , 13.90517
83.47 , 39.5351371765 , 13.91100
83.50 , 39.5351371765 , 13.91700
83.54 , 39.5351371765 , 13.92267
83.57 , 39.5351371765 , 13.92867
83.61 , 39.5351371765 , 13.93450
83.64 , 39.5351371765 , 13.94050
83.68 , 39.6437492370 , 13.94633
83.71 , 39.5351371765 , 13.95233
83.75 , 39.6437492370 , 13.95800
83.78 , 39.6437492370 , 13.96400
83.82 , 39.6437492370 , 13.96983
83.86 , 39.6437492370 , 13.97583
83.89 , 39.6437492370 , 13.98167
83.93 , 39.7523612976 , 13.98767
83.96 , 39.6437492370 , 13.99333
84.00 , 39.7523612976 , 13.99933
84.03 , 39.8609771728 , 14.00533
84.07 , 39.8609771728 , 14.01117
84.10 , 39.8609771728 , 14.01717
84.14 , 39.8609771728 , 14.02283
84.17 , 39.9695892333 , 14.02883
84.21 , 39.9695892333 , 14.03467
84.24 , 39.9695892333 , 14.04067
84.28 , 39.9695892333 , 14.04650
84.31 , 39.9695892333 , 14.05250
84.35 , 39.9695892333 , 14.05817
84.38 , 40.1868133544 , 14.06417
84.42 , 40.0782012939 , 14.07000
84.46 , 40.0782012939 , 14.07600
84.49 , 40.0782012939 , 14.08183
84.53 , 40.1868133544 , 14.08783
84.56 , 40.1868133544 , 14.09367
84.60 , 40.2954254150 , 14.09950
84.63 , 40.1868133544 , 14.10550
84.67 , 40.1868133544 , 14.11133
84.70 , 40.2954254150 , 14.11733
84.74 , 40.4040412902 , 14.12317
84.77 , 40.2954254150 , 14.12900
84.81 , 40.2954254150 , 14.13483
84.84 , 40.2954254150 , 14.14083
84.88 , 40.4040412902 , 14.14667
84.92 , 40.4040412902 , 14.15267
84.95 , 40.4040412902 , 14.15850
84.99 , 40.4040412902 , 14.16433
85.02 , 40.4040412902 , 14.17017
85.06 , 40.4040412902 , 14.17617
85.09 , 40.5126533508 , 14.18200
85.13 , 40.5126533508 , 14.18800
85.16 , 40.5126533508 , 14.19400
85.20 , 40.5126533508 , 14.19967
85.23 , 40.5126533508 , 14.20567
85.27 , 40.5126533508 , 14.21150
85.30 , 40.6212654113 , 14.21750
85.34 , 40.5126533508 , 14.22333
85.38 , 40.5126533508 , 14.22933
85.41 , 40.6212654113 , 14.23500
85.45 , 40.7298774719 , 14.24100
85.48 , 40.7298774719 , 14.24683
85.52 , 40.6212654113 , 14.25283
85.55 , 40.7298774719 , 14.25867
85.59 , 40.7298774719 , 14.26450
85.62 , 40.7298774719 , 14.27033
85.66 , 40.7298774719 , 14.27633
85.69 , 40.7298774719 , 14.28233
85.73 , 40.8384933471 , 14.28817
85.76 , 40.7298774719 , 14.29417
85.80 , 40.8384933471 , 14.29983
85.83 , 40.8384933471 , 14.30583
85.87 , 40.8384933471 , 14.31167
85.91 , 40.9471054077 , 14.31767
85.94 , 40.9471054077 , 14.32350
85.98 , 40.9471054077 , 14.32950
86.01 , 40.9471054077 , 14.33517
86.05 , 40.9471054077 , 14.34117
86.08 , 41.0557174682 , 14.34700
86.12 , 41.0557174682 , 14.35300
86.15 , 41.0557174682 , 14.35883
86.19 , 41.0557174682 , 14.36483
86.22 , 41.0557174682 , 14.37050
86.26 , 41.1643295288 , 14.37650
86.29 , 41.1643295288 , 14.38250
86.33 , 41.1643295288 , 14.38833
86.37 , 41.2729415893 , 14.39433
86.40 , 41.2729415893 , 14.40017
86.44 , 41.2729415893 , 14.40600
86.47 , 41.1643295288 , 14.41183
86.51 , 41.3815574645 , 14.41783
86.54 , 41.2729415893 , 14.42367
86.58 , 41.3815574645 , 14.42967
86.61 , 41.3815574645 , 14.43533
86.65 , 41.3815574645 , 14.44133
86.68 , 41.3815574645 , 14.44717
86.72 , 41.3815574645 , 14.45317
86.75 , 41.4901695251 , 14.45900
86.79 , 41.3815574645 , 14.46500
86.82 , 41.4901695251 , 14.47083
86.86 , 41.5987815856 , 14.47667
86.90 , 41.4901695251 , 14.48267
86.93 , 41.4901695251 , 14.48850
86.97 , 41.5987815856 , 14.49450
87.00 , 41.5987815856 , 14.50033
87.04 , 41.5987815856 , 14.50617
87.07 , 41.5987815856 , 14.51200
87.11 , 41.5987815856 , 14.51800
87.14 , 41.5987815856 , 14.52383
87.18 , 41.7073936462 , 14.52983
87.21 , 41.7073936462 , 14.53567
87.25 , 41.7073936462 , 14.54150
87.28 , 41.8160095214 , 14.54733
87.32 , 41.7073936462 , 14.55333
87.36 , 41.7073936462 , 14.55917
87.39 , 41.8160095214 , 14.56517
87.43 , 41.8160095214 , 14.57117
87.46 , 41.8160095214 , 14.57683
87.50 , 41.8160095214 , 14.58283
87.53 , 41.8160095214 , 14.58867
87.57 , 41.9246215820 , 14.59467
87.60 , 41.8160095214 , 14.60050
87.64 , 41.9246215820 , 14.60650
87.67 , 41.9246215820 , 14.61217
87.71 , 41.9246215820 , 14.61817
87.74 , 41.9246215820 , 14.62400
87.78 , 42.0332336425 , 14.63000
87.81 , 42.0332336425 , 14.63583
87.85 , 42.0332336425 , 14.64183
87.88 , 42.0332336425 , 14.64750
87.92 , 42.1418457031 , 14.65350
87.96 , 42.0332336425 , 14.65950
87.99 , 42.1418457031 , 14.66533
88.03 , 42.1418457031 , 14.67133
88.06 , 42.1418457031 , 14.67700
88.10 , 42.1418457031 , 14.68300
88.13 , 42.2504577636 , 14.68883
88.17 , 42.2504577636 , 14.69483
88.20 , 42.2504577636 , 14.70067
88.24 , 42.3590736389 , 14.70667
88.27 , 42.3590736389 , 14.71233
88.31 , 42.3590736389 , 14.71833
88.34 , 42.2504577636 , 14.72417
88.38 , 42.3590736389 , 14.73017
88.42 , 42.3590736389 , 14.73600
88.45 , 42.4676856994 , 14.74200
88.49 , 42.3590736389 , 14.74767
88.52 , 42.4676856994 , 14.75367
88.56 , 42.4676856994 , 14.75967
88.59 , 42.4676856994 , 14.76550
88.63 , 42.4676856994 , 14.77150
88.66 , 42.4676856994 , 14.77733
88.70 , 42.5762977600 , 14.78317
88.73 , 42.5762977600 , 14.78900
88.77 , 42.5762977600 , 14.79500
88.80 , 42.5762977600 , 14.80083
88.84 , 42.6849098205 , 14.80683
88.88 , 42.6849098205 , 14.81267
88.91 , 42.6849098205 , 14.81850
88.95 , 42.7935256958 , 14.82433
88.98 , 42.6849098205 , 14.83033
89.02 , 42.7935256958 , 14.83617
89.05 , 42.7935256958 , 14.84217
89.09 , 42.7935256958 , 14.84817
89.12 , 42.7935256958 , 14.85383
89.16 , 42.9021377563 , 14.85983
89.19 , 42.9021377563 , 14.86567
89.23 , 42.9021377563 , 14.87167
89.26 , 42.9021377563 , 14.87750
89.30 , 42.9021377563 , 14.88333
89.33 , 42.9021377563 , 14.88917
89.37 , 43.0107498168 , 14.89517
89.41 , 43.0107498168 , 14.90100
89.44 , 42.9021377563 , 14.90700
89.48 , 43.1193618774 , 14.91283
89.51 , 43.1193618774 , 14.91867
89.55 , 43.0107498168 , 14.92450
89.58 , 43.1193618774 , 14.93050
89.62 , 43.1193618774 , 14.93633
89.65 , 43.1193618774 , 14.94233
89.69 , 43.1193618774 , 14.94833
89.72 , 43.1193618774 , 14.95400
89.76 , 43.2279739379 , 14.96000
89.79 , 43.1193618774 , 14.96583
89.83 , 43.2279739379 , 14.97183
89.87 , 43.2279739379 , 14.97767
89.90 , 43.2279739379 , 14.98367
89.94 , 43.2279739379 , 14.98933
89.97 , 43.3365898132 , 14.99533
90.01 , 43.3365898132 , 15.00117
90.04 , 43.3365898132 , 15.00717
90.08 , 43.4452018737 , 15.01300
90.11 , 43.4452018737 , 15.01900
90.15 , 43.4452018737 , 15.02467
90.18 , 43.4452018737 , 15.03067
90.22 , 43.4452018737 , 15.03667
90.25 , 43.5538139343 , 15.04250
90.29 , 43.5538139343 , 15.04850
90.33 , 43.5538139343 , 15.05433
90.36 , 43.5538139343 , 15.06017
90.40 , 43.6624259948 , 15.06600
90.43 , 43.6624259948 , 15.07200
90.47 , 43.6624259948 , 15.07783
90.50 , 43.7710418701 , 15.08383
90.54 , 43.6624259948 , 15.08950
90.57 , 43.7710418701 , 15.09550
90.61 , 43.7710418701 , 15.10133
90.64 , 43.7710418701 , 15.10733
90.68 , 43.7710418701 , 15.11317
90.71 , 43.7710418701 , 15.11917
90.75 , 43.7710418701 , 15.12483
90.79 , 43.8796539306 , 15.13083
90.82 , 43.8796539306 , 15.13683
90.86 , 43.9882659912 , 15.14267
90.89 , 43.9882659912 , 15.14867
90.93 , 43.9882659912 , 15.15450
90.96 , 43.9882659912 , 15.16033
91.00 , 44.0968780517 , 15.16617
91.03 , 44.0968780517 , 15.17217
91.07 , 44.0968780517 , 15.17800
91.10 , 44.0968780517 , 15.18400
91.14 , 44.0968780517 , 15.18983
91.17 , 44.2054901123 , 15.19567
91.21 , 44.2054901123 , 15.20150
91.25 , 44.3141059875 , 15.20750
91.28 , 44.3141059875 , 15.21333
91.32 , 44.3141059875 , 15.21933
91.35 , 44.3141059875 , 15.22533
91.39 , 44.3141059875 , 15.23100
91.42 , 44.3141059875 , 15.23700
91.46 , 44.4227180480 , 15.24283
91.49 , 44.4227180480 , 15.24883
91.53 , 44.5313339233 , 15.25467
91.56 , 44.5313339233 , 15.26067
91.60 , 44.5313339233 , 15.26633
91.63 , 44.5313339233 , 15.27233
91.67 , 44.5313339233 , 15.27817
91.70 , 44.5313339233 , 15.28417
91.74 , 44.6399459838 , 15.29000
91.78 , 44.6399459838 , 15.29600
91.81 , 44.6399459838 , 15.30167
91.85 , 44.6399459838 , 15.30767
91.88 , 44.7485580444 , 15.31350
91.92 , 44.7485580444 , 15.31950
91.95 , 44.7485580444 , 15.32550
91.99 , 44.8571701049 , 15.33117
92.02 , 44.8571701049 , 15.33717
92.06 , 44.7485580444 , 15.34300
92.09 , 44.8571701049 , 15.34900
92.13 , 44.8571701049 , 15.35483
92.16 , 44.8571701049 , 15.36083
92.20 , 44.9657859802 , 15.36650
92.23 , 44.8571701049 , 15.37250
92.27 , 44.9657859802 , 15.37833
92.31 , 45.0743980407 , 15.38433
92.34 , 45.0743980407 , 15.39017
92.38 , 45.1830101013 , 15.39617
92.41 , 45.0743980407 , 15.40183
92.45 , 45.0743980407 , 15.40783
92.48 , 45.0743980407 , 15.41383
92.52 , 45.1830101013 , 15.41967
92.55 , 45.1830101013 , 15.42567
92.59 , 45.1830101013 , 15.43150
92.62 , 45.1830101013 , 15.43733
92.66 , 45.2916221618 , 15.44317
92.69 , 45.2916221618 , 15.44917
92.73 , 45.2916221618 , 15.45500
92.77 , 45.4002380371 , 15.46100
92.80 , 45.4002380371 , 15.46683
92.84 , 45.2916221618 , 15.47267
92.87 , 45.4002380371 , 15.47850
92.91 , 45.4002380371 , 15.48450
92.94 , 45.4002380371 , 15.49033
92.98 , 45.4002380371 , 15.49633
93.01 , 45.4002380371 , 15.50200
93.05 , 45.4002380371 , 15.50800
93.08 , 45.5088500976 , 15.51400
93.12 , 45.6174621582 , 15.51983
93.15 , 45.6174621582 , 15.52583
93.19 , 45.5088500976 , 15.53167
93.22 , 45.6174621582 , 15.53750
93.26 , 45.7260742187 , 15.54333
93.30 , 45.7260742187 , 15.54933
93.33 , 45.7260742187 , 15.55517
93.37 , 45.7260742187 , 15.56117
93.40 , 45.8346862792 , 15.56700
93.44 , 45.8346862792 , 15.57283
93.47 , 45.8346862792 , 15.57867
93.51 , 45.7260742187 , 15.58467
93.54 , 45.8346862792 , 15.59050
93.58 , 45.8346862792 , 15.59650
93.61 , 45.9433021545 , 15.60250
93.65 , 45.9433021545 , 15.60817
93.68 , 45.9433021545 , 15.61417
93.72 , 46.0519142150 , 15.62000
93.76 , 46.0519142150 , 15.62600
93.79 , 46.0519142150 , 15.63183
93.83 , 46.1605262756 , 15.63783
93.86 , 46.0519142150 , 15.64350
93.90 , 46.1605262756 , 15.64950
93.93 , 46.1605262756 , 15.65533
93.97 , 46.2691383361 , 15.66133
94.00 , 46.2691383361 , 15.66717
94.04 , 46.1605262756 , 15.67317
94.07 , 46.2691383361 , 15.67883
94.11 , 46.2691383361 , 15.68483
94.14 , 46.2691383361 , 15.69067
94.18 , 46.2691383361 , 15.69667
94.22 , 46.3777542114 , 15.70267
94.25 , 46.3777542114 , 15.70850
94.29 , 46.3777542114 , 15.71433
94.32 , 46.3777542114 , 15.72017
94.36 , 46.4863662719 , 15.72617
94.39 , 46.4863662719 , 15.73200
94.43 , 46.4863662719 , 15.73800
94.46 , 46.5949783325 , 15.74367
94.50 , 46.4863662719 , 15.74967
94.53 , 46.5949783325 , 15.75550
94.57 , 46.4863662719 , 15.76150
94.60 , 46.7035903930 , 15.76733
94.64 , 46.5949783325 , 15.77333
94.67 , 46.7035903930 , 15.77900
94.71 , 46.7035903930 , 15.78500
94.75 , 46.8122024536 , 15.79100
94.78 , 46.8122024536 , 15.79683
94.82 , 46.7035903930 , 15.80283
94.85 , 46.8122024536 , 15.80867
94.89 , 46.8122024536 , 15.81450
94.92 , 46.8122024536 , 15.82033
94.96 , 46.9208183288 , 15.82633
94.99 , 46.9208183288 , 15.83217
95.03 , 46.9208183288 , 15.83817
95.06 , 47.0294303894 , 15.84400
95.10 , 47.0294303894 , 15.84983
95.13 , 47.0294303894 , 15.85567
95.17 , 47.0294303894 , 15.86167
95.20 , 47.0294303894 , 15.86750
95.24 , 47.0294303894 , 15.87350
95.28 , 47.1380424499 , 15.87933
95.31 , 47.1380424499 , 15.88517
95.35 , 47.1380424499 , 15.89117
95.38 , 47.1380424499 , 15.89700
95.42 , 47.2466545104 , 15.90300
95.45 , 47.2466545104 , 15.90883
95.49 , 47.2466545104 , 15.91483
95.52 , 47.2466545104 , 15.92050
95.56 , 47.3552703857 , 15.92650
95.59 , 47.2466545104 , 15.93233
95.63 , 47.3552703857 , 15.93833
95.66 , 47.3552703857 , 15.94417
95.70 , 47.4638824462 , 15.95000
95.73 , 47.4638824462 , 15.95583
95.77 , 47.4638824462 , 15.96183
95.81 , 47.4638824462 , 15.96767
95.84 , 47.4638824462 , 15.97367
95.88 , 47.5724945068 , 15.97967
95.91 , 47.5724945068 , 15.98533
95.95 , 47.5724945068 , 15.99133
95.98 , 47.6811065673 , 15.99717
96.02 , 47.6811065673 , 16.00317
96.05 , 47.6811065673 , 16.00900
96.09 , 47.6811065673 , 16.01500
96.12 , 47.6811065673 , 16.02067
96.16 , 47.7897186279 , 16.02667
96.19 , 47.7897186279 , 16.03250
96.23 , 47.7897186279 , 16.03850
96.27 , 47.8983345031 , 16.04434
96.30 , 48.0069465637 , 16.05034
96.34 , 47.7897186279 , 16.05600
96.37 , 48.0069465637 , 16.06200
96.41 , 48.0069465637 , 16.06783
96.44 , 48.0069465637 , 16.07383
96.48 , 48.0069465637 , 16.07983
96.51 , 48.0069465637 , 16.08567
96.55 , 48.0069465637 , 16.09150
96.58 , 48.1155586242 , 16.09733
96.62 , 48.1155586242 , 16.10334
96.65 , 48.1155586242 , 16.10917
96.69 , 48.2241706848 , 16.11517
96.73 , 48.2241706848 , 16.12100
96.76 , 48.2241706848 , 16.12684
96.80 , 48.3327827453 , 16.13267
96.83 , 48.2241706848 , 16.13867
96.87 , 48.3327827453 , 16.14450
96.90 , 48.3327827453 , 16.15050
96.94 , 48.3327827453 , 16.15617
96.97 , 48.4413986206 , 16.16217
97.01 , 48.4413986206 , 16.16817
97.04 , 48.4413986206 , 16.17400
97.08 , 48.4413986206 , 16.18000
97.11 , 48.5500106811 , 16.18583
97.15 , 48.4413986206 , 16.19167
97.18 , 48.5500106811 , 16.19750
97.22 , 48.5500106811 , 16.20350
97.26 , 48.5500106811 , 16.20933
97.29 , 48.5500106811 , 16.21533
97.33 , 48.5500106811 , 16.22117
97.36 , 48.6586227416 , 16.22700
97.40 , 48.6586227416 , 16.23283
97.43 , 48.7672348022 , 16.23884
97.47 , 48.6586227416 , 16.24467
97.50 , 48.7672348022 , 16.25067
97.54 , 48.7672348022 , 16.25650
97.57 , 48.8758506774 , 16.26233
97.61 , 48.8758506774 , 16.26833
97.64 , 48.8758506774 , 16.27417
97.68 , 48.8758506774 , 16.28017
97.72 , 48.8758506774 , 16.28600
97.75 , 48.9844627380 , 16.29200
97.79 , 48.9844627380 , 16.29767
97.82 , 48.9844627380 , 16.30367
97.86 , 48.9844627380 , 16.30950
97.89 , 49.0930747985 , 16.31550
97.93 , 49.0930747985 , 16.32134
97.96 , 49.0930747985 , 16.32733
98.00 , 49.2016868591 , 16.33300
98.03 , 49.2016868591 , 16.33900
98.07 , 49.2016868591 , 16.34483
98.11 , 49.2016868591 , 16.35083
98.14 , 49.2016868591 , 16.35684
98.18 , 49.3102989196 , 16.36267
98.21 , 49.3102989196 , 16.36850
98.25 , 49.3102989196 , 16.37434
98.28 , 49.3102989196 , 16.38033
98.32 , 49.4189147949 , 16.38617
98.35 , 49.4189147949 , 16.39217
98.39 , 49.4189147949 , 16.39784
98.42 , 49.4189147949 , 16.40383
98.46 , 49.4189147949 , 16.40967
98.49 , 49.4189147949 , 16.41567
98.53 , 49.5275268554 , 16.42150
98.56 , 49.6361389160 , 16.42750
98.60 , 49.5275268554 , 16.43317
98.63 , 49.6361389160 , 16.43917
98.67 , 49.6361389160 , 16.44500
98.71 , 49.6361389160 , 16.45100
98.74 , 49.7447509765 , 16.45700
98.78 , 49.7447509765 , 16.46283
98.81 , 49.8533668518 , 16.46867
98.85 , 49.7447509765 , 16.47450
98.88 , 49.8533668518 , 16.48050
98.92 , 49.8533668518 , 16.48633
98.95 , 49.8533668518 , 16.49234
98.99 , 49.8533668518 , 16.49817
99.02 , 49.9619789123 , 16.50400
99.06 , 49.8533668518 , 16.50984
99.09 , 49.9619789123 , 16.51584
99.13 , 49.9619789123 , 16.52167
99.17 , 49.9619789123 , 16.52767
99.20 , 50.0705909729 , 16.53350
99.24 , 50.0705909729 , 16.53933
99.27 , 50.0705909729 , 16.54533
99.31 , 50.0705909729 , 16.55117
99.34 , 50.1792030334 , 16.55717
99.38 , 50.1792030334 , 16.56300
99.41 , 50.2878265380 , 16.56900
99.45 , 50.2878265380 , 16.57467
99.48 , 50.2878265380 , 16.58067
99.52 , 50.2878265380 , 16.58650
99.55 , 50.2878265380 , 16.59250
99.59 , 50.2878265380 , 16.59833
99.62 , 50.2878265380 , 16.60417
99.66 , 50.3964385986 , 16.61000
99.70 , 50.3964385986 , 16.61600
99.73 , 50.3964385986 , 16.62183
99.77 , 50.3964385986 , 16.62784
99.80 , 50.3964385986 , 16.63367
99.84 , 50.5050544738 , 16.63950
99.87 , 50.5050544738 , 16.64550
99.91 , 50.5050544738 , 16.65133
99.94 , 50.6136665344 , 16.65733
99.98 , 50.6136665344 , 16.66317
100.01 , 50.6136665344 , 16.66917
100.05 , 50.6136665344 , 16.67500
100.09 , 50.6136665344 , 16.68117
100.12 , 50.6136665344 , 16.68717
100.16 , 50.7222785949 , 16.69334
100.20 , 50.7222785949 , 16.69933
100.23 , 50.7222785949 , 16.70550
100.27 , 50.7222785949 , 16.71150
100.30 , 50.8308906555 , 16.71750
100.34 , 50.8308906555 , 16.72367
100.38 , 50.9395065307 , 16.72967
100.41 , 50.9395065307 , 16.73583
100.45 , 50.9395065307 , 16.74183
100.49 , 50.9395065307 , 16.74800
100.52 , 50.9395065307 , 16.75400
100.56 , 50.9395065307 , 16.76000
100.60 , 51.0481185913 , 16.76600
100.63 , 51.1567306518 , 16.77217
100.67 , 51.0481185913 , 16.77833
100.71 , 51.1567306518 , 16.78433
100.74 , 51.1567306518 , 16.79050
100.78 , 51.1567306518 , 16.79650
100.81 , 51.2653427124 , 16.80250
100.85 , 51.2653427124 , 16.80850
100.89 , 51.2653427124 , 16.81467
100.92 , 51.3739547729 , 16.82067
100.96 , 51.2653427124 , 16.82683
101.00 , 51.3739547729 , 16.83283
101.03 , 51.3739547729 , 16.83883
101.07 , 51.3739547729 , 16.84500
101.11 , 51.3739547729 , 16.85100
101.14 , 51.4825706481 , 16.85717
101.18 , 51.4825706481 , 16.86317
101.22 , 51.4825706481 , 16.86934
101.25 , 51.5911827087 , 16.87533
101.29 , 51.5911827087 , 16.88134
101.32 , 51.5911827087 , 16.88733
101.36 , 51.5911827087 , 16.89350
101.40 , 51.6997947692 , 16.89950
101.43 , 51.6997947692 , 16.90567
101.47 , 51.8084068298 , 16.91184
101.51 , 51.8084068298 , 16.91784
101.54 , 51.8084068298 , 16.92383
101.58 , 51.8084068298 , 16.92984
101.62 , 51.8084068298 , 16.93600
101.65 , 51.9170227050 , 16.94200
101.69 , 51.9170227050 , 16.94817
101.72 , 51.9170227050 , 16.95417
101.76 , 51.9170227050 , 16.96034
101.80 , 51.9170227050 , 16.96617
101.83 , 52.0256347656 , 16.97233
101.87 , 52.0256347656 , 16.97850
101.91 , 52.0256347656 , 16.98450
101.94 , 52.1342468261 , 16.99067
101.98 , 52.1342468261 , 16.99667
102.02 , 52.1342468261 , 17.00284
102.05 , 52.2428588867 , 17.00867
102.09 , 52.1342468261 , 17.01483
102.12 , 52.2428588867 , 17.02083
102.16 , 52.2428588867 , 17.02700
102.20 , 52.2428588867 , 17.03300
102.23 , 52.3514709472 , 17.03917
102.27 , 52.3514709472 , 17.04533
102.31 , 52.3514709472 , 17.05117
102.34 , 52.3514709472 , 17.05734
102.38 , 52.3514709472 , 17.06333
102.42 , 52.4600868225 , 17.06950
102.45 , 52.4600868225 , 17.07550
102.49 , 52.4600868225 , 17.08167
102.52 , 52.4600868225 , 17.08750
102.56 , 52.5686988830 , 17.09367
102.60 , 52.5686988830 , 17.09967
102.63 , 52.5686988830 , 17.10584
102.67 , 52.5686988830 , 17.11200
102.71 , 52.6773109436 , 17.11800
102.75 , 52.6773109436 , 17.12417
102.78 , 52.6773109436 , 17.13000
102.82 , 52.6773109436 , 17.13617
102.85 , 52.7859230041 , 17.14217
102.89 , 52.7859230041 , 17.14834
102.93 , 52.7859230041 , 17.15434
102.96 , 52.7859230041 , 17.16050
103.00 , 52.8945388793 , 17.16667
103.04 , 52.8945388793 , 17.17250
103.07 , 52.8945388793 , 17.17867
103.11 , 53.0031509399 , 17.18467
103.14 , 53.0031509399 , 17.19083
103.18 , 53.0031509399 , 17.19684
103.22 , 53.0031509399 , 17.20300
103.25 , 53.1117630004 , 17.20900
103.29 , 53.1117630004 , 17.21500
103.33 , 53.1117630004 , 17.22100
103.36 , 53.1117630004 , 17.22717
103.40 , 53.2203750610 , 17.23333
103.44 , 53.2203750610 , 17.23933
103.47 , 53.2203750610 , 17.24550
103.51 , 53.3289871215 , 17.25134
103.54 , 53.3289871215 , 17.25750
103.58 , 53.3289871215 , 17.26350
103.62 , 53.4376029968 , 17.26967
103.65 , 53.3289871215 , 17.27567
103.69 , 53.4376029968 , 17.28183
103.73 , 53.4376029968 , 17.28783
103.76 , 53.5462150573 , 17.29384
103.80 , 53.5462150573 , 17.30000
103.84 , 53.5462150573 , 17.30600
103.87 , 53.5462150573 , 17.31217
103.91 , 53.6548271179 , 17.31817
103.95 , 53.6548271179 , 17.32433
103.98 , 53.6548271179 , 17.33033
104.02 , 53.7634391784 , 17.33633
104.05 , 53.7634391784 , 17.34234
104.09 , 53.7634391784 , 17.34850
104.13 , 53.7634391784 , 17.35450
104.16 , 53.8720550537 , 17.36067
104.20 , 53.8720550537 , 17.36683
104.24 , 53.7634391784 , 17.37283
104.27 , 53.8720550537 , 17.37883
104.31 , 53.8720550537 , 17.38484
104.35 , 53.9806671142 , 17.39100
104.38 , 53.9806671142 , 17.39700
104.42 , 53.9806671142 , 17.40317
104.45 , 53.9806671142 , 17.40917
104.49 , 54.0892791748 , 17.41533
104.53 , 53.9806671142 , 17.42117
104.56 , 54.0892791748 , 17.42733
104.60 , 54.0892791748 , 17.43350
104.64 , 54.1978912353 , 17.43950
104.67 , 54.0892791748 , 17.44567
104.71 , 54.1978912353 , 17.45167
104.75 , 54.1978912353 , 17.45783
104.78 , 54.1978912353 , 17.46367
104.82 , 54.3065032958 , 17.46983
104.86 , 54.3065032958 , 17.47583
104.89 , 54.3065032958 , 17.48200
104.93 , 54.3065032958 , 17.48800
104.96 , 54.3065032958 , 17.49417
105.00 , 54.4151191711 , 17.50017
105.04 , 54.4151191711 , 17.50617
105.07 , 54.4151191711 , 17.51233
105.11 , 54.4151191711 , 17.51833
105.15 , 54.4151191711 , 17.52450
105.18 , 54.5237312316 , 17.53050
105.22 , 54.6323432922 , 17.53667
105.25 , 54.5237312316 , 17.54250
105.29 , 54.6323432922 , 17.54867
105.33 , 54.7409553527 , 17.55484
105.36 , 54.7409553527 , 17.56083
105.40 , 54.6323432922 , 17.56700
105.44 , 54.7409553527 , 17.57300
105.47 , 54.7409553527 , 17.57917
105.51 , 54.7409553527 , 17.58500
105.55 , 54.8495712280 , 17.59117
105.58 , 54.8495712280 , 17.59717
105.62 , 54.8495712280 , 17.60334
105.66 , 54.9581832885 , 17.60933
105.69 , 54.8495712280 , 17.61550
105.73 , 54.9581832885 , 17.62167
105.76 , 54.9581832885 , 17.62750
105.80 , 55.0667953491 , 17.63367
105.84 , 55.0667953491 , 17.63967
105.87 , 55.0667953491 , 17.64583
105.91 , 55.1754074096 , 17.65184
105.95 , 55.1754074096 , 17.65800
105.98 , 55.1754074096 , 17.66400
106.02 , 55.2840194702 , 17.67000
106.06 , 55.2840194702 , 17.67600
106.09 , 55.3926353454 , 17.68217
106.13 , 55.3926353454 , 17.68833
106.17 , 55.3926353454 , 17.69433
106.20 , 55.3926353454 , 17.70050
106.24 , 55.2840194702 , 17.70633
106.27 , 55.3926353454 , 17.71250
106.31 , 55.5012474060 , 17.71850
106.35 , 55.3926353454 , 17.72467
106.38 , 55.5012474060 , 17.73067
106.42 , 55.6098594665 , 17.73683
106.46 , 55.5012474060 , 17.74283
106.49 , 55.6098594665 , 17.74883
106.53 , 55.6098594665 , 17.75500
106.57 , 55.6098594665 , 17.76100
106.60 , 55.7184715270 , 17.76717
106.64 , 55.7184715270 , 17.77317
106.68 , 55.7184715270 , 17.77934
106.71 , 55.7184715270 , 17.78533
106.75 , 55.7184715270 , 17.79133
106.78 , 55.8270874023 , 17.79733
106.82 , 55.8270874023 , 17.80350
106.86 , 55.8270874023 , 17.80950
106.89 , 55.7184715270 , 17.81567
106.93 , 55.9356994628 , 17.82184
106.97 , 55.9356994628 , 17.82784
107.00 , 55.9356994628 , 17.83383
107.04 , 55.9356994628 , 17.83983
107.08 , 56.0443115234 , 17.84600
107.11 , 56.0443115234 , 17.85200
107.15 , 56.0443115234 , 17.85817
107.18 , 56.0443115234 , 17.86417
107.22 , 56.0443115234 , 17.87034
107.26 , 56.1529235839 , 17.87617
107.29 , 56.1529235839 , 17.88233
107.33 , 56.1529235839 , 17.88850
107.37 , 56.1529235839 , 17.89450
107.40 , 56.2615356445 , 17.90067
107.44 , 56.2615356445 , 17.90667
107.48 , 56.3701515197 , 17.91267
107.51 , 56.3701515197 , 17.91867
107.55 , 56.3701515197 , 17.92484
107.58 , 56.3701515197 , 17.93083
107.62 , 56.3701515197 , 17.93700
107.66 , 56.3701515197 , 17.94317
107.69 , 56.4787635803 , 17.94917
107.73 , 56.5873756408 , 17.95517
107.77 , 56.4787635803 , 17.96117
107.80 , 56.4787635803 , 17.96734
107.84 , 56.5873756408 , 17.97333
107.88 , 56.5873756408 , 17.97950
107.91 , 56.6959877014 , 17.98550
107.95 , 56.6959877014 , 17.99167
107.98 , 56.6959877014 , 17.99750
108.02 , 56.6959877014 , 18.00367
108.06 , 56.8046035766 , 18.00984
108.09 , 56.8046035766 , 18.01584
108.13 , 56.8046035766 , 18.02200
108.17 , 56.8046035766 , 18.02800
108.20 , 56.9132156372 , 18.03417
108.24 , 56.9132156372 , 18.04000
108.28 , 56.9132156372 , 18.04617
108.31 , 57.0218276977 , 18.05217
108.35 , 57.0218276977 , 18.05834
108.39 , 57.0218276977 , 18.06434
108.42 , 57.0218276977 , 18.07050
108.46 , 57.0218276977 , 18.07667
108.50 , 57.1304397583 , 18.08250
108.53 , 57.1304397583 , 18.08867
108.57 , 57.2390518188 , 18.09467
108.61 , 57.2390518188 , 18.10083
108.64 , 57.2390518188 , 18.10684
108.68 , 57.2390518188 , 18.11300
108.71 , 57.3476676940 , 18.11883
108.75 , 57.3476676940 , 18.12500
108.79 , 57.3476676940 , 18.13100
108.82 , 57.3476676940 , 18.13717
108.86 , 57.4562797546 , 18.14333
108.90 , 57.3476676940 , 18.14933
108.93 , 57.4562797546 , 18.15550
108.97 , 57.4562797546 , 18.16134
109.00 , 57.5648918151 , 18.16750
109.04 , 57.4562797546 , 18.17350
109.08 , 57.5648918151 , 18.17967
109.11 , 57.5648918151 , 18.18567
109.15 , 57.5648918151 , 18.19183
109.19 , 57.6735038757 , 18.19783
109.22 , 57.6735038757 , 18.20384
109.26 , 57.6735038757 , 18.21000
109.30 , 57.6735038757 , 18.21600
109.33 , 57.7821197509 , 18.22217
109.37 , 57.6735038757 , 18.22817
109.41 , 57.7821197509 , 18.23433
109.44 , 57.7821197509 , 18.24033
109.48 , 57.8907318115 , 18.24633
109.51 , 57.8907318115 , 18.25234
109.55 , 57.8907318115 , 18.25850
109.59 , 57.8907318115 , 18.26450
109.62 , 57.8907318115 , 18.27067
109.66 , 57.9993438720 , 18.27684
109.70 , 57.9993438720 , 18.28283
109.73 , 58.1079559326 , 18.28883
109.77 , 58.1079559326 , 18.29483
109.81 , 58.1079559326 , 18.30100
109.84 , 58.1079559326 , 18.30700
109.88 , 58.2165679931 , 18.31317
109.91 , 58.1079559326 , 18.31917
109.95 , 58.2165679931 , 18.32534
109.99 , 58.2165679931 , 18.33133
110.02 , 58.3251838684 , 18.33733
110.06 , 58.3251838684 , 18.34350
110.10 , 58.3251838684 , 18.34950
110.13 , 58.3251838684 , 18.35567
110.17 , 58.3251838684 , 18.36167
110.21 , 58.4337959289 , 18.36767
110.24 , 58.4337959289 , 18.37367
110.28 , 58.4337959289 , 18.37983
110.31 , 58.5424079895 , 18.38583
110.35 , 58.5424079895 , 18.39200
110.39 , 58.5424079895 , 18.39817
110.43 , 58.5424079895 , 18.40417
110.46 , 58.6510200500 , 18.41017
110.50 , 58.6510200500 , 18.41617
110.53 , 58.6510200500 , 18.42233
110.57 , 58.7596321105 , 18.42833
110.61 , 58.8682479858 , 18.43450
110.64 , 58.7596321105 , 18.44050
110.68 , 58.8682479858 , 18.44667
110.71 , 58.8682479858 , 18.45250
110.75 , 58.8682479858 , 18.45867
110.79 , 58.8682479858 , 18.46483
110.82 , 58.9768600463 , 18.47083
110.86 , 58.9768600463 , 18.47700
110.90 , 58.9768600463 , 18.48300
110.93 , 59.0854721069 , 18.48917
110.97 , 59.0854721069 , 18.49500
111.01 , 59.0854721069 , 18.50117
111.04 , 59.0854721069 , 18.50717
111.08 , 59.0854721069 , 18.51333
111.12 , 59.1940841674 , 18.51933
111.15 , 59.0854721069 , 18.52550
111.19 , 59.1940841674 , 18.53167
111.22 , 59.1940841674 , 18.53750
111.26 , 59.1940841674 , 18.54367
111.30 , 59.3027000427 , 18.54967
111.33 , 59.4113121032 , 18.55583
111.37 , 59.3027000427 , 18.56184
111.41 , 59.4113121032 , 18.56800
111.44 , 59.4113121032 , 18.57383
111.48 , 59.4113121032 , 18.58000
111.52 , 59.5199241638 , 18.58600
111.55 , 59.5199241638 , 18.59217
111.59 , 59.4113121032 , 18.59833
111.63 , 59.5199241638 , 18.60433
111.66 , 59.5199241638 , 18.61050
111.70 , 59.6285362243 , 18.61633
111.73 , 59.6285362243 , 18.62250
111.77 , 59.6285362243 , 18.62850
111.81 , 59.7371482849 , 18.63467
111.84 , 59.7371482849 , 18.64067
111.88 , 59.7371482849 , 18.64683
111.92 , 59.7371482849 , 18.65283
111.95 , 59.7371482849 , 18.65884
111.99 , 59.8457641601 , 18.66500
112.03 , 59.8457641601 , 18.67100
112.06 , 59.8457641601 , 18.67717
112.10 , 59.9543762207 , 18.68317
112.14 , 59.9543762207 , 18.68934
112.17 , 59.9543762207 , 18.69533
112.21 , 59.9543762207 , 18.70133
112.24 , 59.9543762207 , 18.70734
112.28 , 60.0629882812 , 18.71350
112.32 , 60.0629882812 , 18.71967
112.35 , 60.1716003417 , 18.72567
112.39 , 60.1716003417 , 18.73184
112.43 , 60.1716003417 , 18.73784
112.46 , 60.1716003417 , 18.74383
112.50 , 60.2802162170 , 18.74983
112.54 , 60.2802162170 , 18.75600
112.57 , 60.2802162170 , 18.76200
112.61 , 60.3888282775 , 18.76817
112.64 , 60.3888282775 , 18.77417
112.68 , 60.4974403381 , 18.78017
112.72 , 60.3888282775 , 18.78634
112.75 , 60.4974403381 , 18.79233
112.79 , 60.4974403381 , 18.79850
112.83 , 60.6060523986 , 18.80450
112.86 , 60.4974403381 , 18.81067
112.90 , 60.6060523986 , 18.81667
112.94 , 60.6060523986 , 18.82267
112.97 , 60.7146644592 , 18.82867
113.01 , 60.7146644592 , 18.83484
113.04 , 60.7146644592 , 18.84083
113.08 , 60.7146644592 , 18.84700
113.12 , 60.8232803344 , 18.85317
113.15 , 60.8232803344 , 18.85917
113.19 , 60.8232803344 , 18.86517
113.23 , 60.8232803344 , 18.87117
113.26 , 60.8232803344 , 18.87734
113.30 , 60.9318923950 , 18.88334
113.34 , 60.9318923950 , 18.88950
113.37 , 60.9318923950 , 18.89550
113.41 , 61.0405044555 , 18.90167
113.44 , 61.0405044555 , 18.90750
113.48 , 61.0405044555 , 18.91367
113.52 , 61.1491165161 , 18.91983
113.55 , 61.1491165161 , 18.92584
113.59 , 61.2577323913 , 18.93200
113.63 , 61.2577323913 , 18.93800
113.66 , 61.2577323913 , 18.94417
113.70 , 61.2577323913 , 18.95000
113.74 , 61.2577323913 , 18.95617
113.77 , 61.2577323913 , 18.96217
113.81 , 61.3663444519 , 18.96833
113.85 , 61.3663444519 , 18.97434
113.88 , 61.3663444519 , 18.98050
113.92 , 61.3663444519 , 18.98667
113.95 , 61.4749679565 , 18.99250
113.99 , 61.4749679565 , 18.99867
114.03 , 61.4749679565 , 19.00467
114.06 , 61.5835800170 , 19.01083
114.10 , 61.5835800170 , 19.01683
114.14 , 61.6921920776 , 19.02300
114.17 , 61.5835800170 , 19.02883
114.21 , 61.6921920776 , 19.03500
114.25 , 61.6921920776 , 19.04100
114.28 , 61.6921920776 , 19.04717
114.32 , 61.8008041381 , 19.05333
114.36 , 61.8008041381 , 19.05933
114.39 , 61.8008041381 , 19.06550
114.43 , 61.8008041381 , 19.07134
114.46 , 61.9094200134 , 19.07750
114.50 , 61.9094200134 , 19.08350
114.54 , 61.9094200134 , 19.08967
114.57 , 61.8008041381 , 19.09567
114.61 , 62.0180320739 , 19.10183
114.65 , 62.0180320739 , 19.10800
114.68 , 62.0180320739 , 19.11384
114.72 , 62.0180320739 , 19.12000
114.76 , 62.1266441345 , 19.12600
114.79 , 62.1266441345 , 19.13217
114.83 , 62.1266441345 , 19.13817
114.87 , 62.1266441345 , 19.14433
114.90 , 62.2352561950 , 19.15033
114.94 , 62.2352561950 , 19.15633
114.97 , 62.2352561950 , 19.16234
115.01 , 62.3438720703 , 19.16850
115.05 , 62.3438720703 , 19.17467
115.08 , 62.3438720703 , 19.18067
115.12 , 62.3438720703 , 19.18684
115.16 , 62.4524841308 , 19.19267
115.19 , 62.4524841308 , 19.19883
115.23 , 62.4524841308 , 19.20483
115.27 , 62.5610961914 , 19.21100
115.30 , 62.5610961914 , 19.21700
115.34 , 62.6697082519 , 19.22317
115.37 , 62.6697082519 , 19.22917
115.41 , 62.6697082519 , 19.23517
115.45 , 62.6697082519 , 19.24133
115.48 , 62.7783203125 , 19.24733
115.52 , 62.7783203125 , 19.25350
115.56 , 62.7783203125 , 19.25950
115.59 , 62.8869361877 , 19.26567
115.63 , 62.7783203125 , 19.27167
115.67 , 62.8869361877 , 19.27767
115.70 , 62.9955482482 , 19.28367
115.74 , 62.9955482482 , 19.28983
115.77 , 62.9955482482 , 19.29583
115.81 , 62.9955482482 , 19.30200
115.85 , 63.1041603088 , 19.30817
115.88 , 63.1041603088 , 19.31417
115.92 , 63.1041603088 , 19.32017
115.96 , 63.1041603088 , 19.32617
115.99 , 63.1041603088 , 19.33234
116.03 , 63.2127723693 , 19.33833
116.07 , 63.1041603088 , 19.34450
116.10 , 63.2127723693 , 19.35050
116.14 , 63.3213882446 , 19.35667
116.18 , 63.3213882446 , 19.36250
116.21 , 63.3213882446 , 19.36867
116.25 , 63.3213882446 , 19.37483
116.29 , 63.4300003051 , 19.38084
116.32 , 63.4300003051 , 19.38700
116.36 , 63.4300003051 , 19.39300
116.39 , 63.5386123657 , 19.39917
116.43 , 63.4300003051 , 19.40500
116.47 , 63.5386123657 , 19.41117
116.50 , 63.5386123657 , 19.41717
116.54 , 63.6472244262 , 19.42333
116.58 , 63.5386123657 , 19.42933
116.61 , 63.6472244262 , 19.43550
116.65 , 63.6472244262 , 19.44150
116.68 , 63.6472244262 , 19.44750
116.72 , 63.6472244262 , 19.45367
116.76 , 63.7558364868 , 19.45967
116.79 , 63.8644523620 , 19.46583
116.83 , 63.7558364868 , 19.47183
116.87 , 63.8644523620 , 19.47800
116.90 , 63.9730644226 , 19.48383
116.94 , 63.9730644226 , 19.49000
116.98 , 63.9730644226 , 19.49617
117.01 , 63.9730644226 , 19.50217
117.05 , 64.0816802978 , 19.50834
117.09 , 63.9730644226 , 19.51433
117.12 , 64.0816802978 , 19.52050
117.16 , 64.0816802978 , 19.52633
117.19 , 64.0816802978 , 19.53250
117.23 , 64.1902923583 , 19.53850
117.27 , 64.2989044189 , 19.54467
117.30 , 64.1902923583 , 19.55067
117.34 , 64.2989044189 , 19.55684
117.38 , 64.2989044189 , 19.56300
117.41 , 64.4075164794 , 19.56884
117.45 , 64.4075164794 , 19.57500
117.49 , 64.2989044189 , 19.58100
117.52 , 64.4075164794 , 19.58717
117.56 , 64.4075164794 , 19.59317
117.60 , 64.5161285400 , 19.59934
117.63 , 64.5161285400 , 19.60534
117.67 , 64.5161285400 , 19.61133
117.70 , 64.5161285400 , 19.61734
117.74 , 64.6247406005 , 19.62350
117.78 , 64.7333526611 , 19.62967
117.81 , 64.7333526611 , 19.63567
117.85 , 64.7333526611 , 19.64183
117.89 , 64.7333526611 , 19.64767
117.92 , 64.7333526611 , 19.65383
117.96 , 64.8419647216 , 19.65983
118.00 , 64.8419647216 , 19.66600
118.03 , 64.8419647216 , 19.67200
118.07 , 64.8419647216 , 19.67817
118.11 , 64.9505767822 , 19.68417
118.14 , 64.9505767822 , 19.69017
118.18 , 65.0591964721 , 19.69634
118.21 , 65.0591964721 , 19.70233
118.25 , 65.0591964721 , 19.70850
118.29 , 65.1678085327 , 19.71450
118.32 , 65.1678085327 , 19.72067
118.36 , 65.1678085327 , 19.72667
118.40 , 65.1678085327 , 19.73267
118.43 , 65.2764205932 , 19.73867
118.47 , 65.2764205932 , 19.74484
118.50 , 65.2764205932 , 19.75083
118.54 , 65.3850326538 , 19.75700
118.58 , 65.2764205932 , 19.76317
118.61 , 65.3850326538 , 19.76917
118.65 , 65.3850326538 , 19.77517
118.69 , 65.3850326538 , 19.78117
118.72 , 65.4936447143 , 19.78734
118.76 , 65.4936447143 , 19.79334
118.80 , 65.4936447143 , 19.79950
118.83 , 65.4936447143 , 19.80550
118.87 , 65.6022567749 , 19.81167
118.90 , 65.4936447143 , 19.81750
118.94 , 65.6022567749 , 19.82367
118.98 , 65.6022567749 , 19.82983
119.01 , 65.7108688354 , 19.83584
119.05 , 65.7108688354 , 19.84200
119.09 , 65.7108688354 , 19.84800
119.12 , 65.7108688354 , 19.85400
119.16 , 65.8194808959 , 19.86000
119.20 , 65.9280929565 , 19.86617
119.23 , 65.9280929565 , 19.87217
119.27 , 65.8194808959 , 19.87833
119.31 , 65.8194808959 , 19.88450
119.34 , 65.9280929565 , 19.89050
119.38 , 65.9280929565 , 19.89650
119.41 , 65.9280929565 , 19.90250
119.45 , 65.9280929565 , 19.90867
119.49 , 66.0367126464 , 19.91467
119.52 , 66.1453247070 , 19.92083
119.56 , 66.0367126464 , 19.92683
119.60 , 66.1453247070 , 19.93300
119.63 , 66.2539367675 , 19.93884
119.67 , 66.2539367675 , 19.94500
119.71 , 66.2539367675 , 19.95117
119.74 , 66.2539367675 , 19.95717
119.78 , 66.2539367675 , 19.96333
119.82 , 66.3625488281 , 19.96933
119.85 , 66.3625488281 , 19.97550
119.89 , 66.4711608886 , 19.98134
119.93 , 66.3625488281 , 19.98750
119.96 , 66.4711608886 , 19.99350
120.00 , 66.4711608886 , 19.99967
120.03 , 66.5797729492 , 20.00567
120.07 , 66.4711608886 , 20.01183
120.11 , 66.5797729492 , 20.01800
120.14 , 66.6883850097 , 20.02383
120.18 , 66.6883850097 , 20.03000
120.22 , 66.6883850097 , 20.03600
120.25 , 66.6883850097 , 20.04217
120.29 , 66.6883850097 , 20.04817
120.33 , 66.9056091308 , 20.05433
120.36 , 66.9056091308 , 20.06017
120.40 , 66.7969970703 , 20.06633
120.43 , 66.9056091308 , 20.07234
120.47 , 66.9056091308 , 20.07850
120.51 , 66.9056091308 , 20.08467
120.54 , 67.0142288208 , 20.09067
120.58 , 67.0142288208 , 20.09683
120.62 , 67.1228408813 , 20.10267
120.65 , 67.0142288208 , 20.10883
120.69 , 67.1228408813 , 20.11483
120.73 , 67.1228408813 , 20.12100
120.76 , 67.2314529418 , 20.12700
120.80 , 67.2314529418 , 20.13317
120.83 , 67.2314529418 , 20.13917
120.87 , 67.2314529418 , 20.14517
120.91 , 67.2314529418 , 20.15133
120.94 , 67.3400650024 , 20.15733
120.98 , 67.3400650024 , 20.16350
121.02 , 67.3400650024 , 20.16950
121.05 , 67.4486770629 , 20.17567
121.09 , 67.4486770629 , 20.18167
121.13 , 67.4486770629 , 20.18767
121.16 , 67.5572891235 , 20.19367
121.20 , 67.5572891235 , 20.19983
121.23 , 67.5572891235 , 20.20583
121.27 , 67.5572891235 , 20.21200
121.31 , 67.6659011840 , 20.21817
121.34 , 67.6659011840 , 20.22417
121.38 , 67.6659011840 , 20.23017
121.42 , 67.6659011840 , 20.23617
121.45 , 67.7745132446 , 20.24234
121.49 , 67.6659011840 , 20.24833
121.53 , 67.7745132446 , 20.25450
121.56 , 67.7745132446 , 20.26050
121.60 , 67.8831253051 , 20.26667
121.64 , 67.8831253051 , 20.27267
121.67 , 67.8831253051 , 20.27867
121.71 , 67.9917449951 , 20.28483
121.75 , 67.9917449951 , 20.29084
121.78 , 67.9917449951 , 20.29700
121.82 , 67.9917449951 , 20.30300
121.85 , 68.1003570556 , 20.30900
121.89 , 68.1003570556 , 20.31500
121.93 , 68.1003570556 , 20.32117
121.96 , 68.1003570556 , 20.32717
122.00 , 68.1003570556 , 20.33333
122.04 , 68.2089691162 , 20.33950
122.07 , 68.2089691162 , 20.34550
122.11 , 68.2089691162 , 20.35150
122.14 , 68.3175811767 , 20.35750
122.18 , 68.3175811767 , 20.36367
122.22 , 68.4261932373 , 20.36967
122.25 , 68.4261932373 , 20.37583
122.29 , 68.4261932373 , 20.38183
122.33 , 68.4261932373 , 20.38800
122.36 , 68.5348052978 , 20.39383
122.40 , 68.5348052978 , 20.40000
122.44 , 68.6434173583 , 20.40617
122.47 , 68.6434173583 , 20.41217
122.51 , 68.6434173583 , 20.41834
122.55 , 68.7520294189 , 20.42433
122.58 , 68.6434173583 , 20.43050
122.62 , 68.7520294189 , 20.43633
122.65 , 68.7520294189 , 20.44250
122.69 , 68.7520294189 , 20.44850
122.73 , 68.7520294189 , 20.45467
122.76 , 68.8606414794 , 20.46067
122.80 , 68.8606414794 , 20.46684
122.84 , 68.8606414794 , 20.47300
122.87 , 68.9692611694 , 20.47883
122.91 , 69.0778732299 , 20.48500
122.95 , 68.9692611694 , 20.49100
122.98 , 69.0778732299 , 20.49717
123.02 , 69.0778732299 , 20.50317
123.06 , 69.0778732299 , 20.50934
123.09 , 69.1864852905 , 20.51517
123.13 , 69.1864852905 , 20.52133
123.16 , 69.2950973510 , 20.52733
123.20 , 69.2950973510 , 20.53350
123.24 , 69.2950973510 , 20.53967
123.27 , 69.2950973510 , 20.54567
123.31 , 69.2950973510 , 20.55183
123.35 , 69.2950973510 , 20.55767
123.38 , 69.4037094116 , 20.56384
123.42 , 69.4037094116 , 20.56983
123.46 , 69.4037094116 , 20.57600
123.49 , 69.4037094116 , 20.58200
123.53 , 69.5123214721 , 20.58817
123.56 , 69.5123214721 , 20.59417
123.60 , 69.5123214721 , 20.60017
123.64 , 69.5123214721 , 20.60634
123.67 , 69.6209335327 , 20.61234
123.71 , 69.6209335327 , 20.61850
123.75 , 69.6209335327 , 20.62450
123.78 , 69.7295455932 , 20.63067
123.82 , 69.7295455932 , 20.63667
123.86 , 69.7295455932 , 20.64267
123.89 , 69.7295455932 , 20.64867
123.93 , 69.8381576538 , 20.65484
123.97 , 69.8381576538 , 20.66100
124.00 , 69.9467773437 , 20.66700
124.04 , 69.9467773437 , 20.67317
124.07 , 69.9467773437 , 20.67917
124.11 , 69.9467773437 , 20.68517
124.15 , 69.9467773437 , 20.69117
124.18 , 70.0553894042 , 20.69734
124.22 , 70.0553894042 , 20.70334
124.26 , 70.0553894042 , 20.70950
124.29 , 70.1640014648 , 20.71550
124.33 , 70.1640014648 , 20.72150
124.37 , 70.1640014648 , 20.72767
124.40 , 70.1640014648 , 20.73367
124.44 , 70.1640014648 , 20.73983
124.47 , 70.2726135253 , 20.74584
124.51 , 70.3812255859 , 20.75200
124.55 , 70.2726135253 , 20.75800
124.58 , 70.3812255859 , 20.76400
124.62 , 70.4898376464 , 20.77000
124.66 , 70.4898376464 , 20.77617
124.69 , 70.4898376464 , 20.78217
124.73 , 70.4898376464 , 20.78833
124.77 , 70.4898376464 , 20.79450
124.80 , 70.5984497070 , 20.80050
124.84 , 70.7070617675 , 20.80650
124.87 , 70.7070617675 , 20.81250
124.91 , 70.7070617675 , 20.81867
124.95 , 70.7070617675 , 20.82467
124.98 , 70.8156738281 , 20.83083
125.02 , 70.7070617675 , 20.83683
125.06 , 70.8156738281 , 20.84300
125.09 , 70.8156738281 , 20.84884
125.13 , 70.9242935180 , 20.85500
125.17 , 70.8156738281 , 20.86117
125.20 , 70.9242935180 , 20.86717
125.24 , 71.0329055786 , 20.87333
125.28 , 70.9242935180 , 20.87933
125.31 , 71.0329055786 , 20.88550
125.35 , 71.1415176391 , 20.89134
125.38 , 71.0329055786 , 20.89750
125.42 , 71.1415176391 , 20.90350
125.46 , 71.1415176391 , 20.90967
125.49 , 71.2501296997 , 20.91567
125.53 , 71.2501296997 , 20.92183
125.57 , 71.2501296997 , 20.92800
125.60 , 71.3587417602 , 20.93383
125.64 , 71.2501296997 , 20.94000
125.68 , 71.3587417602 , 20.94600
125.71 , 71.3587417602 , 20.95217
125.75 , 71.4673538208 , 20.95817
125.79 , 71.4673538208 , 20.96434
125.82 , 71.4673538208 , 20.97017
125.86 , 71.4673538208 , 20.97633
125.89 , 71.4673538208 , 20.98233
125.93 , 71.5759658813 , 20.98850
125.97 , 71.5759658813 , 20.99467
126.00 , 71.5759658813 , 21.00067
126.04 , 71.6845779418 , 21.00683
126.08 , 71.6845779418 , 21.01267
126.11 , 71.6845779418 , 21.01883
126.15 , 71.6845779418 , 21.02483
126.19 , 71.6845779418 , 21.03100
126.22 , 71.7931900024 , 21.03700
126.26 , 71.7931900024 , 21.04317
126.30 , 71.9018096923 , 21.04933
126.33 , 71.9018096923 , 21.05517
126.37 , 71.7931900024 , 21.06133
126.40 , 71.9018096923 , 21.06733
126.44 , 72.0104217529 , 21.07350
126.48 , 72.0104217529 , 21.07950
126.51 , 71.9018096923 , 21.08567
126.55 , 72.0104217529 , 21.09167
126.59 , 72.1190338134 , 21.09767
126.62 , 72.1190338134 , 21.10367
126.66 , 72.1190338134 , 21.10983
126.70 , 72.1190338134 , 21.11600
126.73 , 72.2276458740 , 21.12200
126.77 , 72.2276458740 , 21.12817
126.80 , 72.2276458740 , 21.13400
126.84 , 72.3362579345 , 21.14017
126.88 , 72.3362579345 , 21.14617
126.91 , 72.2276458740 , 21.15233
126.95 , 72.4448699951 , 21.15833
126.99 , 72.4448699951 , 21.16450
127.02 , 72.4448699951 , 21.17050
127.06 , 72.5534973144 , 21.17650
127.10 , 72.5534973144 , 21.18267
127.13 , 72.5534973144 , 21.18867
127.17 , 72.6621093750 , 21.19483
127.20 , 72.6621093750 , 21.20083
127.24 , 72.6621093750 , 21.20700
127.28 , 72.7707214355 , 21.21300
127.31 , 72.7707214355 , 21.21900
127.35 , 72.7707214355 , 21.22500
127.39 , 72.7707214355 , 21.23117
127.42 , 72.7707214355 , 21.23717
127.46 , 72.8793334960 , 21.24333
127.50 , 72.8793334960 , 21.24950
127.53 , 72.8793334960 , 21.25550
127.57 , 72.9879455566 , 21.26150
127.61 , 72.9879455566 , 21.26750
127.64 , 72.9879455566 , 21.27367
127.68 , 73.0965576171 , 21.27967
127.71 , 73.0965576171 , 21.28583
127.75 , 73.2051696777 , 21.29183
127.79 , 73.0965576171 , 21.29800
127.82 , 73.2051696777 , 21.30383
127.86 , 73.2051696777 , 21.31000
127.90 , 73.3137817382 , 21.31617
127.93 , 73.2051696777 , 21.32217
127.97 , 73.3137817382 , 21.32834
128.01 , 73.3137817382 , 21.33433
128.04 , 73.3137817382 , 21.34050
128.08 , 73.4223937988 , 21.34634
128.12 , 73.4223937988 , 21.35250
128.15 , 73.4223937988 , 21.35850
128.19 , 73.4223937988 , 21.36467
128.22 , 73.5310134887 , 21.37067
128.26 , 73.5310134887 , 21.37684
128.30 , 73.5310134887 , 21.38283
128.33 , 73.6396255493 , 21.38883
128.37 , 73.5310134887 , 21.39500
128.41 , 73.6396255493 , 21.40100
128.44 , 73.6396255493 , 21.40717
128.48 , 73.7482376098 , 21.41317
128.52 , 73.7482376098 , 21.41934
128.55 , 73.8568496704 , 21.42517
128.59 , 73.7482376098 , 21.43133
128.63 , 73.8568496704 , 21.43750
128.66 , 73.7482376098 , 21.44350
128.70 , 73.8568496704 , 21.44967
128.73 , 73.9654617309 , 21.45567
128.77 , 73.9654617309 , 21.46183
128.81 , 73.9654617309 , 21.46767
128.84 , 73.9654617309 , 21.47384
128.88 , 73.9654617309 , 21.47983
128.92 , 74.0740737915 , 21.48600
128.95 , 73.9654617309 , 21.49200
128.99 , 74.0740737915 , 21.49817
129.03 , 74.1826858520 , 21.50433
129.06 , 74.1826858520 , 21.51017
129.10 , 74.1826858520 , 21.51634
129.13 , 74.2912979125 , 21.52234
129.17 , 74.2912979125 , 21.52850
129.21 , 74.3999099731 , 21.53450
129.24 , 74.2912979125 , 21.54067
129.28 , 74.3999099731 , 21.54667
129.32 , 74.3999099731 , 21.55267
129.35 , 74.5085296630 , 21.55867
129.39 , 74.5085296630 , 21.56484
129.43 , 74.5085296630 , 21.57100
129.46 , 74.5085296630 , 21.57700
129.50 , 74.6171417236 , 21.58317
129.53 , 74.6171417236 , 21.58900
129.57 , 74.6171417236 , 21.59517
129.61 , 74.7257537841 , 21.60117
129.64 , 74.7257537841 , 21.60733
129.68 , 74.8343658447 , 21.61333
129.72 , 74.8343658447 , 21.61950
129.75 , 74.8343658447 , 21.62550
129.79 , 74.8343658447 , 21.63150
129.83 , 74.8343658447 , 21.63767
129.86 , 74.9429779052 , 21.64367
129.90 , 75.0515899658 , 21.64983
129.94 , 74.9429779052 , 21.65583
129.97 , 75.0515899658 , 21.66200
130.01 , 75.0515899658 , 21.66800
130.04 , 75.1602020263 , 21.67400
130.08 , 75.0515899658 , 21.68000
130.12 , 75.1602020263 , 21.68617
130.15 , 75.1602020263 , 21.69217
130.19 , 75.2688140869 , 21.69833
130.23 , 75.2688140869 , 21.70450
130.26 , 75.2688140869 , 21.71050
130.30 , 75.3774261474 , 21.71650
130.34 , 75.2688140869 , 21.72250
130.37 , 75.3774261474 , 21.72867
130.41 , 75.3774261474 , 21.73467
130.45 , 75.3774261474 , 21.74084
130.48 , 75.3774261474 , 21.74683
130.52 , 75.4860458374 , 21.75300
130.55 , 75.4860458374 , 21.75883
130.59 , 75.4860458374 , 21.76500
130.63 , 75.4860458374 , 21.77117
130.66 , 75.5946578979 , 21.77717
130.70 , 75.7032699584 , 21.78333
130.74 , 75.5946578979 , 21.78933
130.77 , 75.7032699584 , 21.79533
130.81 , 75.7032699584 , 21.80134
130.85 , 75.7032699584 , 21.80750
130.88 , 75.7032699584 , 21.81350
130.92 , 75.8118820190 , 21.81967
130.96 , 75.9204940795 , 21.82583
130.99 , 75.7032699584 , 21.83183
131.03 , 75.8118820190 , 21.83783
131.06 , 75.9204940795 , 21.84383
131.10 , 75.9204940795 , 21.85000
131.14 , 76.0291061401 , 21.85600
131.17 , 76.0291061401 , 21.86217
131.21 , 76.0291061401 , 21.86817
131.25 , 76.0291061401 , 21.87434
131.28 , 76.1377182006 , 21.88017
131.32 , 76.1377182006 , 21.88633
131.36 , 76.1377182006 , 21.89250
131.39 , 76.1377182006 , 21.89850
131.43 , 76.2463302612 , 21.90467
131.46 , 76.2463302612 , 21.91067
131.50 , 76.2463302612 , 21.91684
131.54 , 76.3549423217 , 21.92267
131.57 , 76.3549423217 , 21.92883
131.61 , 76.3549423217 , 21.93483
131.65 , 76.3549423217 , 21.94100
131.68 , 76.3549423217 , 21.94700
131.72 , 76.4635620117 , 21.95317
131.76 , 76.4635620117 , 21.95933
131.79 , 76.5721740722 , 21.96517
131.83 , 76.6807861328 , 21.97134
131.86 , 76.5721740722 , 21.97733
131.90 , 76.6807861328 , 21.98350
131.94 , 76.6807861328 , 21.98950
131.97 , 76.6807861328 , 21.99567
132.01 , 76.6807861328 , 22.00150
132.05 , 76.7893981933 , 22.00767
132.08 , 76.7893981933 , 22.01367
132.12 , 76.8980102539 , 22.01984
132.16 , 76.8980102539 , 22.02600
132.19 , 76.8980102539 , 22.03200
132.23 , 77.0066223144 , 22.03817
132.26 , 77.0066223144 , 22.04400
132.30 , 77.1152343750 , 22.05017
132.34 , 77.0066223144 , 22.05617
132.37 , 77.0066223144 , 22.06233
132.41 , 77.0066223144 , 22.06834
132.45 , 77.1152343750 , 22.07450
132.48 , 77.2238464355 , 22.08050
132.52 , 77.2238464355 , 22.08650
132.56 , 77.1152343750 , 22.09267
132.59 , 77.2238464355 , 22.09867
132.63 , 77.3324584960 , 22.10483
132.66 , 77.3324584960 , 22.11083
132.70 , 77.4410781860 , 22.11700
132.74 , 77.3324584960 , 22.12300
132.77 , 77.3324584960 , 22.12900
132.81 , 77.4410781860 , 22.13500
132.85 , 77.5496902465 , 22.14117
132.88 , 77.5496902465 , 22.14717
132.92 , 77.5496902465 , 22.15333
132.96 , 77.5496902465 , 22.15950
132.99 , 77.6583023071 , 22.16550