0.48 , 0.2172258138 , 0.08000
0.51 , 0.1086129074 , 0.08550
0.54 , 0.1086129074 , 0.09067
0.58 , 0.1086129074 , 0.09617
0.61 , 0.1086129074 , 0.10150
0.64 , 0.1086129074 , 0.10700
0.67 , 0.1086129074 , 0.11217
0.71 , 0.1086129074 , 0.11767
0.74 , 0.2172258138 , 0.12300
0.77 , 0.1086129074 , 0.12850
0.80 , 0.1086129074 , 0.13367
0.83 , 0.1086129074 , 0.13917
0.87 , 0.2172258138 , 0.14450
0.90 , 0.2172258138 , 0.15000
0.93 , 0.2172258138 , 0.15517
0.96 , 0.2172258138 , 0.16067
1.00 , 0.1086129074 , 0.16600
1.03 , 0.1086129074 , 0.17133
1.06 , 0.1086129074 , 0.17667
1.09 , 0.2172258138 , 0.18200
1.12 , 0.2172258138 , 0.18750
1.16 , 0.1086129074 , 0.19283
1.19 , 0.2172258138 , 0.19817
1.22 , 0.2172258138 , 0.20350
1.25 , 0.2172258138 , 0.20900
1.29 , 0.2172258138 , 0.21433
1.32 , 0.2172258138 , 0.21967
1.35 , 0.1086129074 , 0.22500
1.38 , 0.1086129074 , 0.23050
1.41 , 0.2172258138 , 0.23583
1.45 , 0.2172258138 , 0.24117
1.48 , 0.2172258138 , 0.24650
1.51 , 0.2172258138 , 0.25200
1.54 , 0.2172258138 , 0.25733
1.58 , 0.2172258138 , 0.26267
1.61 , 0.2172258138 , 0.26800
1.64 , 0.2172258138 , 0.27350
1.67 , 0.2172258138 , 0.27883
1.71 , 0.2172258138 , 0.28417
1.74 , 0.2172258138 , 0.28950
1.77 , 0.2172258138 , 0.29500
1.80 , 0.2172258138 , 0.30033
1.84 , 0.1086129074 , 0.30583
1.87 , 0.2172258138 , 0.31100
1.90 , 0.2172258138 , 0.31650
1.93 , 0.2172258138 , 0.32183
1.96 , 0.2172258138 , 0.32733
2.00 , 0.3258387088 , 0.33250
2.03 , 0.2172258138 , 0.33800
2.06 , 0.2172258138 , 0.34333
2.09 , 0.2172258138 , 0.34867
2.12 , 0.2172258138 , 0.35400
2.16 , 0.2172258138 , 0.35933
2.19 , 0.3258387088 , 0.36483
2.22 , 0.3258387088 , 0.37017
2.25 , 0.2172258138 , 0.37550
2.29 , 0.2172258138 , 0.38083
2.32 , 0.3258387088 , 0.38633
2.35 , 0.3258387088 , 0.39167
2.38 , 0.2172258138 , 0.39700
2.41 , 0.2172258138 , 0.40233
2.45 , 0.3258387088 , 0.40783
2.48 , 0.3258387088 , 0.41317
2.51 , 0.2172258138 , 0.41850
2.54 , 0.3258387088 , 0.42383
2.58 , 0.3258387088 , 0.42933
2.61 , 0.3258387088 , 0.43467
2.64 , 0.3258387088 , 0.44000
2.67 , 0.3258387088 , 0.44533
2.71 , 0.3258387088 , 0.45083
2.74 , 0.3258387088 , 0.45617
2.77 , 0.3258387088 , 0.46150
2.80 , 0.2172258138 , 0.46683
2.83 , 0.3258387088 , 0.47233
2.87 , 0.3258387088 , 0.47767
2.90 , 0.3258387088 , 0.48300
2.93 , 0.3258387088 , 0.48833
2.96 , 0.3258387088 , 0.49383
3.00 , 0.4344516277 , 0.49917
3.03 , 0.4344516277 , 0.50450
3.06 , 0.4344516277 , 0.50983
3.09 , 0.4344516277 , 0.51517
3.12 , 0.4344516277 , 0.52067
3.16 , 0.3258387088 , 0.52583
3.19 , 0.4344516277 , 0.53133
3.22 , 0.3258387088 , 0.53667
3.25 , 0.4344516277 , 0.54217
3.28 , 0.4344516277 , 0.54733
3.32 , 0.4344516277 , 0.55283
3.35 , 0.4344516277 , 0.55817
3.38 , 0.5430645465 , 0.56367
3.41 , 0.4344516277 , 0.56900
3.45 , 0.5430645465 , 0.57433
3.48 , 0.5430645465 , 0.57967
3.51 , 0.5430645465 , 0.58517
3.54 , 0.3258387088 , 0.59050
3.58 , 0.5430645465 , 0.59583
3.61 , 0.5430645465 , 0.60117
3.64 , 0.5430645465 , 0.60667
3.67 , 0.4344516277 , 0.61200
3.70 , 0.4344516277 , 0.61733
3.74 , 0.5430645465 , 0.62267
3.77 , 0.5430645465 , 0.62817
3.80 , 0.5430645465 , 0.63350
3.83 , 0.6516787528 , 0.63883
3.87 , 0.6516787528 , 0.64417
3.90 , 0.6516787528 , 0.64967
3.93 , 0.6516787528 , 0.65500
3.96 , 0.6516787528 , 0.66033
3.99 , 0.6516787528 , 0.66567
4.03 , 0.7602916240 , 0.67117
4.06 , 0.7602916240 , 0.67650
4.09 , 0.7602916240 , 0.68183
4.12 , 0.7602916240 , 0.68717
4.16 , 0.7602916240 , 0.69250
4.19 , 0.7602916240 , 0.69800
4.22 , 0.8689044952 , 0.70317
4.25 , 0.7602916240 , 0.70867
4.28 , 0.8689044952 , 0.71400
4.32 , 0.8689044952 , 0.71950
4.35 , 0.8689044952 , 0.72467
4.38 , 0.8689044952 , 0.73017
4.41 , 0.8689044952 , 0.73550
4.45 , 0.8689044952 , 0.74100
4.48 , 0.8689044952 , 0.74617
4.51 , 0.9775175094 , 0.75167
4.54 , 0.8689044952 , 0.75700
4.57 , 0.9775175094 , 0.76250
4.61 , 0.9775175094 , 0.76767
4.64 , 1.0861303806 , 0.77317
4.67 , 0.9775175094 , 0.77850
4.70 , 0.9775175094 , 0.78400
4.74 , 0.9775175094 , 0.78933
4.77 , 0.9775175094 , 0.79467
4.80 , 1.0861303806 , 0.80000
4.83 , 1.1947432708 , 0.80550
4.86 , 1.1947432708 , 0.81083
4.90 , 1.0861303806 , 0.81617
4.93 , 1.0861303806 , 0.82150
4.96 , 0.9775175094 , 0.82700
4.99 , 1.0861303806 , 0.83233
5.03 , 1.1947432708 , 0.83767
5.06 , 1.1947432708 , 0.84300
5.09 , 1.1947432708 , 0.84850
5.12 , 1.1947432708 , 0.85383
5.15 , 1.1947432708 , 0.85900
5.19 , 1.1947432708 , 0.86450
5.22 , 1.3033561706 , 0.86983
5.25 , 1.3033561706 , 0.87533
5.28 , 1.3033561706 , 0.88050
5.32 , 1.3033561706 , 0.88600
5.35 , 1.3033561706 , 0.89133
5.38 , 1.3033561706 , 0.89683
5.41 , 1.4119690895 , 0.90200
5.45 , 1.3033561706 , 0.90750
5.48 , 1.3033561706 , 0.91283
5.51 , 1.4119690895 , 0.91833
5.54 , 1.4119690895 , 0.92350
5.57 , 1.5205819606 , 0.92900
5.61 , 1.5205819606 , 0.93433
5.64 , 1.5205819606 , 0.93983
5.67 , 1.5205819606 , 0.94500
5.70 , 1.5205819606 , 0.95050
5.74 , 1.4119690895 , 0.95583
5.77 , 1.4119690895 , 0.96133
5.80 , 1.4119690895 , 0.96650
5.83 , 1.5205819606 , 0.97200
5.86 , 1.5205819606 , 0.97733
5.90 , 1.6291948318 , 0.98283
5.93 , 1.5205819606 , 0.98800
5.96 , 1.5205819606 , 0.99350
5.99 , 1.5205819606 , 0.99883
6.03 , 1.5205819606 , 1.00433
6.06 , 1.5205819606 , 1.00950
6.09 , 1.6291948318 , 1.01500
6.12 , 1.6291948318 , 1.02033
6.16 , 1.5205819606 , 1.02583
6.19 , 1.6291948318 , 1.03117
6.22 , 1.6291948318 , 1.03633
6.25 , 1.6291948318 , 1.04183
6.28 , 1.7378077507 , 1.04717
6.32 , 1.6291948318 , 1.05267
6.35 , 1.6291948318 , 1.05783
6.38 , 1.6291948318 , 1.06333
6.41 , 1.6291948318 , 1.06867
6.45 , 1.7378077507 , 1.07417
6.48 , 1.7378077507 , 1.07933
6.51 , 1.7378077507 , 1.08483
6.54 , 1.7378077507 , 1.09017
6.57 , 1.7378077507 , 1.09567
6.61 , 1.7378077507 , 1.10083
6.64 , 1.8464206695 , 1.10633
6.67 , 1.8464206695 , 1.11167
6.70 , 1.8464206695 , 1.11717
6.73 , 1.8464206695 , 1.12233
6.77 , 1.8464206695 , 1.12783
6.80 , 1.8464206695 , 1.13317
6.83 , 1.8464206695 , 1.13867
6.86 , 1.8464206695 , 1.14383
6.90 , 1.8464206695 , 1.14933
6.93 , 1.9550334930 , 1.15467
6.96 , 1.8464206695 , 1.16017
6.99 , 2.0636477470 , 1.16533
7.03 , 1.9550334930 , 1.17083
7.06 , 1.9550334930 , 1.17617
7.09 , 2.0636477470 , 1.18167
7.12 , 1.9550334930 , 1.18683
7.15 , 1.9550334930 , 1.19233
7.19 , 2.0636477470 , 1.19767
7.22 , 2.1722607612 , 1.20300
7.25 , 2.0636477470 , 1.20833
7.28 , 2.1722607612 , 1.21367
7.32 , 2.0636477470 , 1.21917
7.35 , 2.0636477470 , 1.22450
7.38 , 2.1722607612 , 1.22983
7.41 , 2.1722607612 , 1.23517
7.44 , 2.1722607612 , 1.24067
7.48 , 2.2808735370 , 1.24600
7.51 , 2.2808735370 , 1.25133
7.54 , 2.2808735370 , 1.25667
7.57 , 2.2808735370 , 1.26217
7.61 , 2.2808735370 , 1.26750
7.64 , 2.2808735370 , 1.27300
7.67 , 2.3894865512 , 1.27817
7.70 , 2.3894865512 , 1.28367
7.73 , 2.2808735370 , 1.28900
7.77 , 2.3894865512 , 1.29450
7.80 , 2.3894865512 , 1.29967
7.83 , 2.3894865512 , 1.30517
7.86 , 2.3894865512 , 1.31050
7.90 , 2.3894865512 , 1.31600
7.93 , 2.3894865512 , 1.32117
7.96 , 2.3894865512 , 1.32667
7.99 , 2.4980993270 , 1.33200
8.02 , 2.3894865512 , 1.33750
8.06 , 2.4980993270 , 1.34267
8.09 , 2.6067123413 , 1.34817
8.12 , 2.4980993270 , 1.35350
8.15 , 2.4980993270 , 1.35900
8.19 , 2.4980993270 , 1.36417
8.22 , 2.6067123413 , 1.36967
8.25 , 2.4980993270 , 1.37500
8.28 , 2.4980993270 , 1.38033
8.31 , 2.6067123413 , 1.38567
8.35 , 2.4980993270 , 1.39100
8.38 , 2.6067123413 , 1.39650
8.41 , 2.6067123413 , 1.40183
8.44 , 2.6067123413 , 1.40717
8.48 , 2.6067123413 , 1.41250
8.51 , 2.6067123413 , 1.41800
8.54 , 2.7153253555 , 1.42333
8.57 , 2.7153253555 , 1.42867
8.60 , 2.7153253555 , 1.43400
8.64 , 2.8239381790 , 1.43950
8.67 , 2.8239381790 , 1.44483
8.70 , 2.8239381790 , 1.45017
8.73 , 2.8239381790 , 1.45550
8.77 , 2.8239381790 , 1.46100
8.80 , 2.8239381790 , 1.46633
8.83 , 2.8239381790 , 1.47167
8.86 , 2.8239381790 , 1.47700
8.90 , 2.9325511932 , 1.48250
8.93 , 2.9325511932 , 1.48783
8.96 , 2.8239381790 , 1.49333
8.99 , 2.8239381790 , 1.49850
9.02 , 2.9325511932 , 1.50400
9.06 , 2.9325511932 , 1.50933
9.09 , 2.9325511932 , 1.51483
9.12 , 2.9325511932 , 1.52000
9.15 , 2.9325511932 , 1.52550
9.19 , 2.9325511932 , 1.53083
9.22 , 2.9325511932 , 1.53633
9.25 , 3.0411639213 , 1.54150
9.28 , 3.1497769355 , 1.54683
9.31 , 3.0411639213 , 1.55233
9.35 , 3.0411639213 , 1.55767
9.38 , 3.0411639213 , 1.56300
9.41 , 3.0411639213 , 1.56833
9.44 , 3.0411639213 , 1.57383
9.48 , 3.0411639213 , 1.57917
9.51 , 3.1497769355 , 1.58450
9.54 , 3.0411639213 , 1.58983
9.57 , 3.1497769355 , 1.59533
9.60 , 3.1497769355 , 1.60067
9.64 , 3.1497769355 , 1.60600
9.67 , 3.1497769355 , 1.61133
9.70 , 3.2583897113 , 1.61683
9.73 , 3.2583897113 , 1.62217
9.77 , 3.2583897113 , 1.62750
9.80 , 3.2583897113 , 1.63283
9.83 , 3.2583897113 , 1.63833
9.86 , 3.2583897113 , 1.64367
9.89 , 3.2583897113 , 1.64900
9.93 , 3.2583897113 , 1.65433
9.96 , 3.3670027256 , 1.65983
9.99 , 3.2583897113 , 1.66517
10.02 , 3.3670027256 , 1.67050
10.06 , 3.3670027256 , 1.67600
10.09 , 3.2583897113 , 1.68167
10.12 , 3.3670027256 , 1.68717
10.16 , 3.3670027256 , 1.69283
10.19 , 3.4756169319 , 1.69817
10.22 , 3.4756169319 , 1.70383
10.26 , 3.4756169319 , 1.70933
10.29 , 3.4756169319 , 1.71500
10.32 , 3.4756169319 , 1.72033
10.36 , 3.4756169319 , 1.72600
10.39 , 3.5842297077 , 1.73150
10.42 , 3.5842297077 , 1.73717
10.46 , 3.5842297077 , 1.74267
10.49 , 3.5842297077 , 1.74817
10.52 , 3.5842297077 , 1.75367
10.56 , 3.5842297077 , 1.75933
10.59 , 3.5842297077 , 1.76483
10.62 , 3.6928427219 , 1.77033
10.65 , 3.6928427219 , 1.77583
10.69 , 3.6928427219 , 1.78150
10.72 , 3.6928427219 , 1.78700
10.76 , 3.6928427219 , 1.79267
10.79 , 3.6928427219 , 1.79800
10.82 , 3.5842297077 , 1.80367
10.85 , 3.6928427219 , 1.80917
10.89 , 3.6928427219 , 1.81483
10.92 , 3.6928427219 , 1.82017
10.96 , 3.8014554977 , 1.82583
10.99 , 3.6928427219 , 1.83133
11.02 , 3.8014554977 , 1.83700
11.06 , 3.8014554977 , 1.84250
11.09 , 3.8014554977 , 1.84800
11.12 , 3.8014554977 , 1.85350
11.15 , 3.8014554977 , 1.85917
11.19 , 3.9100685119 , 1.86467
11.22 , 3.8014554977 , 1.87033
11.25 , 3.8014554977 , 1.87567
11.29 , 3.9100685119 , 1.88133
11.32 , 3.9100685119 , 1.88683
11.35 , 3.9100685119 , 1.89250
11.39 , 3.9100685119 , 1.89783
11.42 , 3.9100685119 , 1.90350
11.45 , 3.9100685119 , 1.90900
11.49 , 4.0186815261 , 1.91467
11.52 , 4.0186815261 , 1.92017
11.55 , 4.0186815261 , 1.92567
11.59 , 4.0186815261 , 1.93117
11.62 , 4.0186815261 , 1.93683
11.65 , 4.0186815261 , 1.94233
11.69 , 4.0186815261 , 1.94783
11.72 , 4.1272945404 , 1.95333
11.75 , 4.1272945404 , 1.95900
11.79 , 4.0186815261 , 1.96450
11.82 , 4.1272945404 , 1.97017
11.85 , 4.2359070777 , 1.97550
11.89 , 4.3445200920 , 1.98117
11.92 , 4.2359070777 , 1.98667
11.95 , 4.2359070777 , 1.99233
11.99 , 4.3445200920 , 1.99767
12.02 , 4.2359070777 , 2.00333
12.05 , 4.3445200920 , 2.00883
12.09 , 4.2359070777 , 2.01450
12.12 , 4.2359070777 , 2.02000
12.15 , 4.3445200920 , 2.02550
12.19 , 4.3445200920 , 2.03100
12.22 , 4.2359070777 , 2.03667
12.25 , 4.3445200920 , 2.04217
12.29 , 4.4531331062 , 2.04767
12.32 , 4.4531331062 , 2.05317
12.35 , 4.3445200920 , 2.05883
12.39 , 4.4531331062 , 2.06433
12.42 , 4.5617461204 , 2.07000
12.45 , 4.4531331062 , 2.07533
12.49 , 4.4531331062 , 2.08100
12.52 , 4.4531331062 , 2.08650
12.55 , 4.4531331062 , 2.09217
12.59 , 4.5617461204 , 2.09750
12.62 , 4.6703586578 , 2.10317
12.65 , 4.5617461204 , 2.10867
12.69 , 4.6703586578 , 2.11433
12.72 , 4.5617461204 , 2.11983
12.75 , 4.7789716720 , 2.12533
12.78 , 4.6703586578 , 2.13083
12.82 , 4.5617461204 , 2.13650
12.85 , 4.5617461204 , 2.14200
12.89 , 4.5617461204 , 2.14767
12.92 , 4.6703586578 , 2.15300
12.95 , 4.7789716720 , 2.15867
12.98 , 4.6703586578 , 2.16417
13.02 , 4.6703586578 , 2.16983
13.05 , 4.8875861167 , 2.17517
13.09 , 4.7789716720 , 2.18083
13.12 , 4.8875861167 , 2.18633
13.15 , 4.6703586578 , 2.19200
13.19 , 4.6703586578 , 2.19750
13.22 , 4.7789716720 , 2.20300
13.25 , 4.6703586578 , 2.20850
13.28 , 4.7789716720 , 2.21417
13.32 , 4.8875861167 , 2.21967
13.35 , 4.7789716720 , 2.22517
13.38 , 4.7789716720 , 2.23067
13.42 , 4.7789716720 , 2.23633
13.45 , 4.8875861167 , 2.24183
13.48 , 4.8875861167 , 2.24750
13.52 , 4.7789716720 , 2.25283
13.55 , 4.9961986541 , 2.25850
13.58 , 4.8875861167 , 2.26400
13.62 , 4.9961986541 , 2.26967
13.65 , 4.8875861167 , 2.27500
13.68 , 4.8875861167 , 2.28067
13.72 , 4.9961986541 , 2.28617
13.75 , 4.8875861167 , 2.29183
13.78 , 4.9961986541 , 2.29733
13.82 , 4.9961986541 , 2.30283
13.85 , 5.1048116683 , 2.30833
13.88 , 4.9961986541 , 2.31400
13.92 , 4.9961986541 , 2.31950
13.95 , 5.1048116683 , 2.32500
13.98 , 4.9961986541 , 2.33050
14.02 , 5.1048116683 , 2.33617
14.05 , 5.2134246826 , 2.34167
14.08 , 5.1048116683 , 2.34733
14.12 , 5.2134246826 , 2.35267
14.15 , 5.1048116683 , 2.35833
14.18 , 5.1048116683 , 2.36383
14.22 , 5.4306507110 , 2.36950
14.25 , 5.3220376968 , 2.37483
14.28 , 5.3220376968 , 2.38050
14.32 , 5.2134246826 , 2.38600
14.35 , 5.3220376968 , 2.39167
14.38 , 5.3220376968 , 2.39717
14.42 , 5.3220376968 , 2.40267
14.45 , 5.3220376968 , 2.40817
14.48 , 5.3220376968 , 2.41383
14.52 , 5.4306507110 , 2.41933
14.55 , 5.4306507110 , 2.42500
14.58 , 5.3220376968 , 2.43033
14.62 , 5.4306507110 , 2.43600
14.65 , 5.5392632484 , 2.44150
14.68 , 5.5392632484 , 2.44717
14.72 , 5.5392632484 , 2.45250
14.75 , 5.6478762626 , 2.45817
14.78 , 5.5392632484 , 2.46367
14.82 , 5.5392632484 , 2.46933
14.85 , 5.6478762626 , 2.47483
14.88 , 5.7564892768 , 2.48033
14.92 , 5.6478762626 , 2.48583
14.95 , 5.6478762626 , 2.49150
14.98 , 5.6478762626 , 2.49700
15.02 , 5.7564892768 , 2.50250
15.05 , 5.6478762626 , 2.50800
15.08 , 5.8651022911 , 2.51367
15.11 , 5.7564892768 , 2.51917
15.15 , 5.7564892768 , 2.52483
15.18 , 5.7564892768 , 2.53017
15.22 , 5.7564892768 , 2.53583
15.25 , 5.8651022911 , 2.54133
15.28 , 5.7564892768 , 2.54700
15.31 , 5.7564892768 , 2.55233
15.35 , 5.8651022911 , 2.55800
15.38 , 5.8651022911 , 2.56350
15.42 , 5.8651022911 , 2.56917
15.45 , 5.8651022911 , 2.57467
15.48 , 5.9737148284 , 2.58017
15.51 , 5.8651022911 , 2.58567
15.55 , 5.8651022911 , 2.59133
15.58 , 5.9737148284 , 2.59683
15.61 , 5.8651022911 , 2.60233
15.65 , 5.9737148284 , 2.60783
15.68 , 5.8651022911 , 2.61350
15.71 , 5.9737148284 , 2.61900
15.75 , 5.9737148284 , 2.62467
15.78 , 5.9737148284 , 2.63000
15.81 , 6.0823278427 , 2.63567
15.85 , 5.9737148284 , 2.64117
15.88 , 5.9737148284 , 2.64683
15.91 , 6.0823278427 , 2.65217
15.95 , 6.1909408569 , 2.65783
15.98 , 6.0823278427 , 2.66333
16.01 , 6.1909408569 , 2.66900
16.05 , 6.0823278427 , 2.67450
16.08 , 6.0823278427 , 2.68000
16.11 , 6.1909408569 , 2.68550
16.15 , 6.1909408569 , 2.69117
16.18 , 6.2995548248 , 2.69667
16.21 , 6.1909408569 , 2.70233
16.25 , 6.2995548248 , 2.70767
16.28 , 6.1909408569 , 2.71333
16.31 , 6.1909408569 , 2.71883
16.35 , 6.2995548248 , 2.72450
16.38 , 6.2995548248 , 2.72983
16.41 , 6.2995548248 , 2.73550
16.45 , 6.4081678390 , 2.74100
16.48 , 6.5167808532 , 2.74667
16.51 , 6.4081678390 , 2.75217
16.55 , 6.4081678390 , 2.75767
16.58 , 6.4081678390 , 2.76317
16.61 , 6.4081678390 , 2.76883
16.65 , 6.4081678390 , 2.77433
16.68 , 6.5167808532 , 2.77983
16.71 , 6.5167808532 , 2.78533
16.75 , 6.5167808532 , 2.79100
16.78 , 6.6253938674 , 2.79650
16.81 , 6.4081678390 , 2.80217
16.84 , 6.6253938674 , 2.80750
16.88 , 6.7340068817 , 2.81317
16.91 , 6.6253938674 , 2.81867
16.95 , 6.6253938674 , 2.82433
16.98 , 6.7340068817 , 2.82967
17.01 , 6.6253938674 , 2.83533
17.04 , 6.6253938674 , 2.84083
17.08 , 6.7340068817 , 2.84650
17.11 , 6.7340068817 , 2.85200
17.14 , 6.7340068817 , 2.85750
17.18 , 6.8426194190 , 2.86300
17.21 , 6.7340068817 , 2.86867
17.25 , 6.7340068817 , 2.87417
17.28 , 6.8426194190 , 2.87967
17.31 , 6.7340068817 , 2.88517
17.34 , 6.9512324333 , 2.89083
17.38 , 6.8426194190 , 2.89633
17.41 , 6.7340068817 , 2.90200
17.44 , 6.8426194190 , 2.90733
17.48 , 6.9512324333 , 2.91300
17.51 , 6.9512324333 , 2.91850
17.54 , 6.8426194190 , 2.92417
17.58 , 6.9512324333 , 2.92950
17.61 , 6.9512324333 , 2.93517
17.64 , 6.9512324333 , 2.94067
17.68 , 6.9512324333 , 2.94633
17.71 , 7.0598454475 , 2.95183
17.74 , 7.0598454475 , 2.95733
17.78 , 7.1684584617 , 2.96283
17.81 , 7.0598454475 , 2.96850
17.84 , 7.1684584617 , 2.97400
17.88 , 7.0598454475 , 2.97967
17.91 , 7.0598454475 , 2.98500
17.94 , 7.0598454475 , 2.99067
17.98 , 7.1684584617 , 2.99617
18.01 , 7.0598454475 , 3.00183
18.04 , 7.0598454475 , 3.00717
18.08 , 7.0598454475 , 3.01283
18.11 , 7.0598454475 , 3.01833
18.14 , 6.9512324333 , 3.02400
18.18 , 7.1684584617 , 3.02950
18.21 , 7.0598454475 , 3.03500
18.24 , 7.1684584617 , 3.04050
18.28 , 7.2770709991 , 3.04617
18.31 , 7.1684584617 , 3.05167
18.34 , 7.2770709991 , 3.05717
18.38 , 7.2770709991 , 3.06267
18.41 , 7.2770709991 , 3.06833
18.44 , 7.2770709991 , 3.07383
18.48 , 7.1684584617 , 3.07950
18.51 , 7.2770709991 , 3.08483
18.54 , 7.3856840133 , 3.09050
18.58 , 7.2770709991 , 3.09600
18.61 , 7.2770709991 , 3.10167
18.64 , 7.3856840133 , 3.10700
18.68 , 7.3856840133 , 3.11267
18.71 , 7.3856840133 , 3.11817
18.74 , 7.4942970275 , 3.12383
18.78 , 7.3856840133 , 3.12933
18.81 , 7.4942970275 , 3.13483
18.84 , 7.4942970275 , 3.14033
18.88 , 7.4942970275 , 3.14600
18.91 , 7.4942970275 , 3.15150
18.94 , 7.6029109954 , 3.15700
18.97 , 7.4942970275 , 3.16250
19.01 , 7.6029109954 , 3.16817
19.04 , 7.7115240097 , 3.17367
19.08 , 7.6029109954 , 3.17933
19.11 , 7.7115240097 , 3.18467
19.14 , 7.6029109954 , 3.19033
19.17 , 7.7115240097 , 3.19583
19.21 , 7.7115240097 , 3.20150
19.24 , 7.7115240097 , 3.20683
19.27 , 7.7115240097 , 3.21250
19.31 , 7.9287500381 , 3.21800
19.34 , 7.7115240097 , 3.22367
19.37 , 8.0373630523 , 3.22917
19.41 , 7.8201370239 , 3.23467
19.44 , 7.9287500381 , 3.24017
19.47 , 7.9287500381 , 3.24583
19.51 , 7.9287500381 , 3.25133
19.54 , 7.9287500381 , 3.25700
19.57 , 7.9287500381 , 3.26233
19.61 , 7.9287500381 , 3.26800
19.64 , 7.9287500381 , 3.27350
19.67 , 7.9287500381 , 3.27917
19.71 , 7.9287500381 , 3.28450
19.74 , 8.0373630523 , 3.29017
19.77 , 8.1459760665 , 3.29567
19.81 , 8.0373630523 , 3.30133
19.84 , 8.1459760665 , 3.30683
19.87 , 8.2545890808 , 3.31233
19.91 , 8.1459760665 , 3.31783
19.94 , 8.1459760665 , 3.32350
19.97 , 8.1459760665 , 3.32900
20.01 , 8.2545890808 , 3.33450
20.04 , 8.1459760665 , 3.34000
20.07 , 8.2545890808 , 3.34567
20.11 , 8.1459760665 , 3.35117
20.14 , 8.2545890808 , 3.35683
20.17 , 8.2545890808 , 3.36217
20.21 , 8.2545890808 , 3.36783
20.24 , 8.2545890808 , 3.37333
20.27 , 8.1459760665 , 3.37900
20.31 , 8.3632011413 , 3.38433
20.34 , 8.3632011413 , 3.39000
20.37 , 8.2545890808 , 3.39550
20.41 , 8.3632011413 , 3.40117
20.44 , 8.3632011413 , 3.40667
20.47 , 8.3632011413 , 3.41217
20.51 , 8.3632011413 , 3.41767
20.54 , 8.4718141555 , 3.42333
20.57 , 8.3632011413 , 3.42883
20.61 , 8.3632011413 , 3.43433
20.64 , 8.3632011413 , 3.43983
20.67 , 8.3632011413 , 3.44550
20.71 , 8.3632011413 , 3.45100
20.74 , 8.4718141555 , 3.45667
20.77 , 8.4718141555 , 3.46200
20.81 , 8.4718141555 , 3.46767
20.84 , 8.4718141555 , 3.47317
20.87 , 8.4718141555 , 3.47883
20.90 , 8.4718141555 , 3.48417
20.94 , 8.5804271697 , 3.48983
20.97 , 8.5804271697 , 3.49533
21.01 , 8.6890401840 , 3.50100
21.04 , 8.6890401840 , 3.50650
21.07 , 8.6890401840 , 3.51200
21.10 , 8.6890401840 , 3.51750
21.14 , 8.6890401840 , 3.52317
21.17 , 8.6890401840 , 3.52867
21.21 , 8.7976531982 , 3.53433
21.24 , 8.6890401840 , 3.53967
21.27 , 8.6890401840 , 3.54533
21.30 , 8.6890401840 , 3.55083
21.34 , 8.7976531982 , 3.55650
21.37 , 8.7976531982 , 3.56183
21.40 , 8.7976531982 , 3.56750
21.44 , 8.7976531982 , 3.57300
21.47 , 8.7976531982 , 3.57867
21.50 , 8.9062662124 , 3.58417
21.54 , 8.9062662124 , 3.58967
21.57 , 9.0148801803 , 3.59517
21.60 , 9.0148801803 , 3.60083
21.64 , 8.9062662124 , 3.60633
21.67 , 8.9062662124 , 3.61183
21.70 , 9.0148801803 , 3.61733
21.74 , 9.0148801803 , 3.62300
21.77 , 9.1234931945 , 3.62850
21.80 , 9.0148801803 , 3.63417
21.84 , 9.0148801803 , 3.63950
21.87 , 9.2321062088 , 3.64517
21.90 , 9.1234931945 , 3.65067
21.94 , 9.1234931945 , 3.65633
21.97 , 9.1234931945 , 3.66167
22.00 , 9.1234931945 , 3.66733
22.04 , 9.3407192230 , 3.67283
22.07 , 9.2321062088 , 3.67850
22.10 , 9.2321062088 , 3.68400
22.14 , 9.2321062088 , 3.68950
22.17 , 9.2321062088 , 3.69500
22.20 , 9.2321062088 , 3.70067
22.24 , 9.3407192230 , 3.70617
22.27 , 9.3407192230 , 3.71167
22.30 , 9.3407192230 , 3.71717
22.34 , 9.3407192230 , 3.72283
22.37 , 9.3407192230 , 3.72833
22.40 , 9.3407192230 , 3.73400
22.44 , 9.3407192230 , 3.73933
22.47 , 9.4493322372 , 3.74500
22.50 , 9.4493322372 , 3.75050
22.54 , 9.5579452514 , 3.75617
22.57 , 9.5579452514 , 3.76150
22.60 , 9.4493322372 , 3.76717
22.64 , 9.4493322372 , 3.77267
22.67 , 9.5579452514 , 3.77833
22.70 , 9.4493322372 , 3.78383
22.74 , 9.5579452514 , 3.78933
22.77 , 9.5579452514 , 3.79483
22.80 , 9.6665573120 , 3.80050
22.84 , 9.6665573120 , 3.80600
22.87 , 9.4493322372 , 3.81167
22.90 , 9.6665573120 , 3.81700
22.94 , 9.6665573120 , 3.82267
22.97 , 9.5579452514 , 3.82817
23.00 , 9.5579452514 , 3.83383
23.03 , 9.7751703262 , 3.83917
23.07 , 9.6665573120 , 3.84483
23.10 , 9.7751703262 , 3.85033
23.14 , 9.6665573120 , 3.85600
23.17 , 9.6665573120 , 3.86150
23.20 , 9.6665573120 , 3.86700
23.23 , 9.8837833404 , 3.87250
23.27 , 9.6665573120 , 3.87817
23.30 , 9.7751703262 , 3.88367
23.33 , 9.6665573120 , 3.88917
23.37 , 9.6665573120 , 3.89467
23.40 , 9.8837833404 , 3.90033
23.43 , 9.8837833404 , 3.90583
23.47 , 9.7751703262 , 3.91150
23.50 , 9.8837833404 , 3.91683
23.53 , 9.8837833404 , 3.92250
23.57 , 9.8837833404 , 3.92800
23.60 , 9.8837833404 , 3.93367
23.63 , 9.9923963546 , 3.93900
23.67 , 9.9923963546 , 3.94467
23.70 , 9.9923963546 , 3.95017
23.73 , 9.8837833404 , 3.95583
23.77 , 10.1010093688 , 3.96133
23.80 , 9.9923963546 , 3.96700
23.83 , 9.8837833404 , 3.97250
23.87 , 10.1010093688 , 3.97817
23.90 , 10.1010093688 , 3.98383
23.94 , 10.2096223831 , 3.98967
23.97 , 10.1010093688 , 3.99517
24.01 , 10.1010093688 , 4.00100
24.04 , 10.2096223831 , 4.00667
24.07 , 10.1010093688 , 4.01250
24.11 , 10.2096223831 , 4.01817
24.14 , 10.2096223831 , 4.02383
24.18 , 10.2096223831 , 4.02950
24.21 , 10.2096223831 , 4.03533
24.25 , 10.3182353973 , 4.04100
24.28 , 10.3182353973 , 4.04683
24.31 , 10.4268493652 , 4.05233
24.35 , 10.3182353973 , 4.05817
24.38 , 10.3182353973 , 4.06383
24.42 , 10.3182353973 , 4.06967
24.45 , 10.4268493652 , 4.07533
24.49 , 10.4268493652 , 4.08100
24.52 , 10.4268493652 , 4.08667
24.55 , 10.5354623794 , 4.09250
24.59 , 10.4268493652 , 4.09817
24.62 , 10.5354623794 , 4.10400
24.66 , 10.4268493652 , 4.10967
24.69 , 10.5354623794 , 4.11533
24.73 , 10.5354623794 , 4.12117
24.76 , 10.5354623794 , 4.12683
24.80 , 10.6440753936 , 4.13267
24.83 , 10.4268493652 , 4.13817
24.86 , 10.5354623794 , 4.14400
24.90 , 10.6440753936 , 4.14967
24.93 , 10.6440753936 , 4.15550
24.97 , 10.7526884078 , 4.16117
25.00 , 10.6440753936 , 4.16683
25.03 , 10.7526884078 , 4.17250
25.07 , 10.7526884078 , 4.17833
25.10 , 10.7526884078 , 4.18400
25.14 , 10.7526884078 , 4.18983
25.17 , 10.8613014221 , 4.19533
25.21 , 10.8613014221 , 4.20117
25.24 , 10.8613014221 , 4.20683
25.28 , 10.9699134826 , 4.21267
25.31 , 10.9699134826 , 4.21833
25.34 , 10.8613014221 , 4.22417
25.38 , 10.9699134826 , 4.22967
25.41 , 10.9699134826 , 4.23550
25.45 , 10.8613014221 , 4.24117
25.48 , 10.9699134826 , 4.24700
25.52 , 10.9699134826 , 4.25267
25.55 , 10.9699134826 , 4.25833
25.58 , 10.9699134826 , 4.26400
25.62 , 10.9699134826 , 4.26983
25.65 , 11.0785264968 , 4.27550
25.69 , 10.9699134826 , 4.28133
25.72 , 11.0785264968 , 4.28683
25.76 , 11.0785264968 , 4.29267
25.79 , 10.9699134826 , 4.29850
25.82 , 11.1871395111 , 4.30417
25.86 , 11.0785264968 , 4.31000
25.89 , 11.1871395111 , 4.31550
25.93 , 11.1871395111 , 4.32133
25.96 , 11.1871395111 , 4.32700
26.00 , 11.1871395111 , 4.33283
26.03 , 11.1871395111 , 4.33850
26.06 , 11.2957525253 , 4.34417
26.10 , 11.2957525253 , 4.34983
26.13 , 11.4043655395 , 4.35567
26.17 , 11.4043655395 , 4.36133
26.20 , 11.5129785537 , 4.36717
26.24 , 11.4043655395 , 4.37267
26.27 , 11.4043655395 , 4.37850
26.30 , 11.2957525253 , 4.38417
26.34 , 11.4043655395 , 4.39000
26.37 , 11.4043655395 , 4.39567
26.41 , 11.4043655395 , 4.40133
26.44 , 11.4043655395 , 4.40700
26.48 , 11.4043655395 , 4.41283
26.51 , 11.6215915679 , 4.41850
26.55 , 11.6215915679 , 4.42433
26.58 , 11.5129785537 , 4.42983
26.61 , 11.6215915679 , 4.43567
26.65 , 11.7302045822 , 4.44133
26.68 , 11.5129785537 , 4.44717
26.72 , 11.6215915679 , 4.45283
26.75 , 11.6215915679 , 4.45867
26.78 , 11.6215915679 , 4.46417
26.82 , 11.6215915679 , 4.47000
26.85 , 11.6215915679 , 4.47583
26.89 , 11.8388175964 , 4.48150
26.92 , 11.6215915679 , 4.48733
26.96 , 11.7302045822 , 4.49283
26.99 , 11.7302045822 , 4.49867
27.03 , 11.8388175964 , 4.50433
27.06 , 11.9474296569 , 4.51017
27.09 , 11.8388175964 , 4.51583
27.13 , 11.9474296569 , 4.52150
27.16 , 11.8388175964 , 4.52717
27.20 , 11.8388175964 , 4.53300
27.23 , 11.9474296569 , 4.53867
27.27 , 11.8388175964 , 4.54450
27.30 , 11.9474296569 , 4.55000
27.33 , 11.9474296569 , 4.55583
27.37 , 11.9474296569 , 4.56150
27.40 , 11.9474296569 , 4.56733
27.44 , 11.9474296569 , 4.57300
27.47 , 12.0560426712 , 4.57867
27.51 , 12.0560426712 , 4.58433
27.54 , 12.1646556854 , 4.59017
27.57 , 11.9474296569 , 4.59583
27.61 , 12.0560426712 , 4.60167
27.64 , 12.0560426712 , 4.60717
27.68 , 12.1646556854 , 4.61300
27.71 , 12.1646556854 , 4.61867
27.75 , 12.0560426712 , 4.62450
27.78 , 12.0560426712 , 4.63017
27.81 , 12.1646556854 , 4.63583
27.85 , 12.0560426712 , 4.64150
27.88 , 12.1646556854 , 4.64733
27.92 , 12.1646556854 , 4.65300
27.95 , 12.1646556854 , 4.65883
27.99 , 12.0560426712 , 4.66450
28.02 , 12.3818817138 , 4.67017
28.06 , 12.2732686996 , 4.67600
28.09 , 12.2732686996 , 4.68167
28.12 , 12.2732686996 , 4.68750
28.16 , 12.2732686996 , 4.69300
28.19 , 12.3818817138 , 4.69883
28.23 , 12.2732686996 , 4.70450
28.26 , 12.2732686996 , 4.71033
28.30 , 12.2732686996 , 4.71600
28.33 , 12.2732686996 , 4.72183
28.36 , 12.2732686996 , 4.72733
28.40 , 12.3818817138 , 4.73317
28.43 , 12.4904975891 , 4.73883
28.47 , 12.4904975891 , 4.74467
28.50 , 12.4904975891 , 4.75033
28.54 , 12.4904975891 , 4.75600
28.57 , 12.5991096496 , 4.76167
28.60 , 12.4904975891 , 4.76750
28.64 , 12.5991096496 , 4.77317
28.67 , 12.7077226638 , 4.77900
28.71 , 12.5991096496 , 4.78450
28.74 , 12.5991096496 , 4.79033
28.78 , 12.5991096496 , 4.79600
28.81 , 12.7077226638 , 4.80183
28.84 , 12.7077226638 , 4.80750
28.88 , 12.8163356781 , 4.81317
28.91 , 12.5991096496 , 4.81883
28.95 , 12.8163356781 , 4.82467
28.98 , 12.7077226638 , 4.83033
29.02 , 12.8163356781 , 4.83617
29.05 , 12.8163356781 , 4.84183
29.08 , 12.8163356781 , 4.84750
29.12 , 12.8163356781 , 4.85333
29.15 , 12.9249486923 , 4.85900
29.19 , 12.9249486923 , 4.86483
29.22 , 12.9249486923 , 4.87033
29.26 , 12.9249486923 , 4.87617
29.29 , 12.9249486923 , 4.88183
29.33 , 12.9249486923 , 4.88767
29.36 , 12.9249486923 , 4.89333
29.39 , 12.9249486923 , 4.89900
29.43 , 12.9249486923 , 4.90467
29.46 , 12.9249486923 , 4.91050
29.50 , 13.0335617065 , 4.91617
29.53 , 13.0335617065 , 4.92200
29.56 , 13.0335617065 , 4.92750
29.60 , 13.0335617065 , 4.93333
29.63 , 13.1421747207 , 4.93900
29.67 , 13.1421747207 , 4.94483
29.70 , 13.1421747207 , 4.95050
29.74 , 13.1421747207 , 4.95617
29.77 , 13.1421747207 , 4.96183
29.81 , 13.1421747207 , 4.96767
29.84 , 13.0335617065 , 4.97333
29.87 , 13.1421747207 , 4.97917
29.91 , 13.2507877349 , 4.98467
29.94 , 13.1421747207 , 4.99050
29.98 , 13.1421747207 , 4.99617
30.01 , 13.1421747207 , 5.00200
30.05 , 13.1421747207 , 5.00767
30.08 , 13.2507877349 , 5.01350
30.11 , 13.2507877349 , 5.01900
30.15 , 13.2507877349 , 5.02483
30.18 , 13.2507877349 , 5.03067
30.22 , 13.1421747207 , 5.03633
30.25 , 13.2507877349 , 5.04217
30.29 , 13.2507877349 , 5.04767
30.32 , 13.2507877349 , 5.05350
30.35 , 13.2507877349 , 5.05917
30.39 , 13.3594007492 , 5.06500
30.42 , 13.3594007492 , 5.07067
30.46 , 13.4680137634 , 5.07633
30.49 , 13.2507877349 , 5.08200
30.53 , 13.4680137634 , 5.08783
30.56 , 13.3594007492 , 5.09350
30.60 , 13.3594007492 , 5.09933
30.63 , 13.5766258239 , 5.10483
30.66 , 13.4680137634 , 5.11067
30.70 , 13.4680137634 , 5.11633
30.73 , 13.4680137634 , 5.12217
30.77 , 13.4680137634 , 5.12783
30.80 , 13.4680137634 , 5.13350
30.83 , 13.4680137634 , 5.13917
30.87 , 13.5766258239 , 5.14500
30.90 , 13.6852388381 , 5.15067
30.94 , 13.6852388381 , 5.15650
30.97 , 13.6852388381 , 5.16200
31.01 , 13.6852388381 , 5.16783
31.04 , 13.6852388381 , 5.17350
31.08 , 13.6852388381 , 5.17933
31.11 , 13.7938518524 , 5.18500
31.14 , 13.6852388381 , 5.19067
31.18 , 13.7938518524 , 5.19633
31.21 , 13.9024648666 , 5.20217
31.25 , 13.9024648666 , 5.20800
31.28 , 13.9024648666 , 5.21367
31.32 , 13.7938518524 , 5.21933
31.35 , 13.9024648666 , 5.22500
31.38 , 13.9024648666 , 5.23083
31.42 , 13.9024648666 , 5.23650
31.45 , 14.0110778808 , 5.24233
31.49 , 13.9024648666 , 5.24800
31.52 , 13.9024648666 , 5.25367
31.56 , 14.1196908950 , 5.25933
31.59 , 14.0110778808 , 5.26517
31.62 , 14.0110778808 , 5.27083
31.66 , 14.1196908950 , 5.27667
31.69 , 14.1196908950 , 5.28217
31.73 , 14.2283039093 , 5.28800
31.76 , 14.2283039093 , 5.29367
31.80 , 14.2283039093 , 5.29950
31.83 , 14.1196908950 , 5.30517
31.86 , 14.2283039093 , 5.31083
31.90 , 14.2283039093 , 5.31650
31.93 , 14.2283039093 , 5.32233
31.97 , 14.2283039093 , 5.32800
32.00 , 14.2283039093 , 5.33383
32.04 , 14.2283039093 , 5.33933
32.07 , 14.3369169235 , 5.34517
32.11 , 14.3369169235 , 5.35083
32.14 , 14.3369169235 , 5.35667
32.17 , 14.3369169235 , 5.36233
32.21 , 14.4455299377 , 5.36800
32.24 , 14.4455299377 , 5.37367
32.28 , 14.3369169235 , 5.37950
32.31 , 14.4455299377 , 5.38517
32.35 , 14.3369169235 , 5.39100
32.38 , 14.4455299377 , 5.39667
32.41 , 14.3369169235 , 5.40233
32.45 , 14.3369169235 , 5.40817
32.48 , 14.4455299377 , 5.41383
32.52 , 14.3369169235 , 5.41967
32.55 , 14.5541419982 , 5.42517
32.59 , 14.4455299377 , 5.43100
32.62 , 14.4455299377 , 5.43667
32.65 , 14.4455299377 , 5.44250
32.69 , 14.5541419982 , 5.44817
32.72 , 14.4455299377 , 5.45383
32.76 , 14.6627550125 , 5.45950
32.79 , 14.6627550125 , 5.46533
32.83 , 14.5541419982 , 5.47100
32.86 , 14.5541419982 , 5.47683
32.89 , 14.6627550125 , 5.48233
32.93 , 14.6627550125 , 5.48817
32.96 , 14.6627550125 , 5.49383
33.00 , 14.6627550125 , 5.49967
33.03 , 14.7713680267 , 5.50533
33.07 , 14.7713680267 , 5.51117
33.10 , 14.6627550125 , 5.51667
33.13 , 14.6627550125 , 5.52250
33.17 , 14.8799810409 , 5.52817
33.20 , 14.7713680267 , 5.53400
33.24 , 14.7713680267 , 5.53967
33.27 , 14.7713680267 , 5.54533
33.31 , 14.7713680267 , 5.55100
33.34 , 14.9885940551 , 5.55683
33.38 , 14.8799810409 , 5.56250
33.41 , 14.9885940551 , 5.56833
33.44 , 14.9885940551 , 5.57400
33.48 , 14.9885940551 , 5.57967
33.51 , 15.0972070693 , 5.58550
33.55 , 14.9885940551 , 5.59117
33.58 , 14.9885940551 , 5.59700
33.62 , 15.0972070693 , 5.60250
33.65 , 15.0972070693 , 5.60833
33.68 , 15.0972070693 , 5.61400
33.72 , 15.0972070693 , 5.61983
33.75 , 15.0972070693 , 5.62550
33.79 , 15.2058200836 , 5.63117
33.82 , 15.2058200836 , 5.63683
33.86 , 15.0972070693 , 5.64267
33.89 , 15.2058200836 , 5.64833
33.93 , 15.3144350051 , 5.65417
33.96 , 15.2058200836 , 5.65967
33.99 , 15.3144350051 , 5.66550
34.03 , 15.3144350051 , 5.67117
34.06 , 15.3144350051 , 5.67700
34.10 , 15.3144350051 , 5.68267
34.13 , 15.3144350051 , 5.68833
34.16 , 15.4230480194 , 5.69400
34.20 , 15.4230480194 , 5.69983
34.23 , 15.4230480194 , 5.70550
34.27 , 15.4230480194 , 5.71133
34.30 , 15.4230480194 , 5.71683
34.34 , 15.4230480194 , 5.72267
34.37 , 15.5316610336 , 5.72833
34.40 , 15.4230480194 , 5.73417
34.44 , 15.5316610336 , 5.73983
34.47 , 15.4230480194 , 5.74550
34.51 , 15.5316610336 , 5.75117
34.54 , 15.5316610336 , 5.75700
34.58 , 15.5316610336 , 5.76283
34.61 , 15.6402740478 , 5.76850
34.65 , 15.6402740478 , 5.77433
34.68 , 15.6402740478 , 5.77983
34.71 , 15.6402740478 , 5.78567
34.75 , 15.7488870620 , 5.79133
34.78 , 15.5316610336 , 5.79717
34.82 , 15.7488870620 , 5.80283
34.85 , 15.6402740478 , 5.80850
34.88 , 15.7488870620 , 5.81417
34.92 , 15.6402740478 , 5.82000
34.95 , 15.7488870620 , 5.82567
34.99 , 15.8575000762 , 5.83150
35.02 , 15.7488870620 , 5.83700
35.06 , 15.7488870620 , 5.84283
35.09 , 15.7488870620 , 5.84850
35.13 , 15.7488870620 , 5.85433
35.16 , 15.8575000762 , 5.86000
35.19 , 15.8575000762 , 5.86567
35.23 , 15.7488870620 , 5.87133
35.26 , 15.8575000762 , 5.87717
35.30 , 15.8575000762 , 5.88283
35.33 , 15.9661130905 , 5.88867
35.37 , 15.9661130905 , 5.89417
35.40 , 15.8575000762 , 5.90000
35.43 , 15.8575000762 , 5.90567
35.47 , 15.9661130905 , 5.91150
35.50 , 16.0747261047 , 5.91717
35.54 , 15.9661130905 , 5.92283
35.57 , 16.0747261047 , 5.92850
35.61 , 16.0747261047 , 5.93433
35.64 , 16.0747261047 , 5.94017
35.68 , 16.1833381652 , 5.94583
35.71 , 16.1833381652 , 5.95150
35.74 , 16.1833381652 , 5.95717
35.78 , 16.0747261047 , 5.96300
35.81 , 16.1833381652 , 5.96867
35.85 , 16.0747261047 , 5.97450
35.88 , 16.2919521331 , 5.98000
35.92 , 16.1833381652 , 5.98583
35.95 , 16.2919521331 , 5.99150
35.98 , 16.2919521331 , 5.99733
36.02 , 16.2919521331 , 6.00300
36.05 , 16.4005641937 , 6.00867
36.09 , 16.4005641937 , 6.01433
36.12 , 16.5091781616 , 6.02017
36.15 , 16.4005641937 , 6.02583
36.19 , 16.4005641937 , 6.03167
36.22 , 16.4005641937 , 6.03733
36.26 , 16.5091781616 , 6.04300
36.29 , 16.5091781616 , 6.04867
36.33 , 16.5091781616 , 6.05450
36.36 , 16.4005641937 , 6.06017
36.40 , 16.5091781616 , 6.06600
36.43 , 16.5091781616 , 6.07150
36.46 , 16.6177902221 , 6.07733
36.50 , 16.5091781616 , 6.08300
36.53 , 16.7264022827 , 6.08883
36.57 , 16.6177902221 , 6.09450
36.60 , 16.6177902221 , 6.10017
36.63 , 16.7264022827 , 6.10583
36.67 , 16.7264022827 , 6.11167
36.70 , 16.7264022827 , 6.11733
36.74 , 16.8350162506 , 6.12317
36.77 , 16.7264022827 , 6.12883
36.81 , 16.8350162506 , 6.13450
36.84 , 16.7264022827 , 6.14033
36.88 , 16.8350162506 , 6.14600
36.91 , 16.7264022827 , 6.15183
36.94 , 16.7264022827 , 6.15733
36.98 , 16.8350162506 , 6.16317
37.01 , 16.9436283111 , 6.16883
37.05 , 16.9436283111 , 6.17467
37.08 , 16.9436283111 , 6.18033
37.12 , 16.8350162506 , 6.18600
37.15 , 16.9436283111 , 6.19167
37.19 , 16.8350162506 , 6.19750
37.22 , 16.8350162506 , 6.20317
37.25 , 16.9436283111 , 6.20900
37.29 , 16.9436283111 , 6.21450
37.32 , 16.9436283111 , 6.22033
37.36 , 17.0522422790 , 6.22600
37.39 , 17.0522422790 , 6.23183
37.43 , 17.0522422790 , 6.23750
37.46 , 17.0522422790 , 6.24317
37.49 , 17.0522422790 , 6.24883
37.53 , 17.0522422790 , 6.25467
37.56 , 17.0522422790 , 6.26033
37.60 , 17.1608543395 , 6.26617
37.63 , 17.0522422790 , 6.27167
37.67 , 17.0522422790 , 6.27750
37.70 , 17.1608543395 , 6.28317
37.73 , 17.2694683074 , 6.28900
37.77 , 17.2694683074 , 6.29467
37.80 , 17.2694683074 , 6.30050
37.84 , 17.2694683074 , 6.30617
37.87 , 17.2694683074 , 6.31183
37.91 , 17.2694683074 , 6.31767
37.94 , 17.3780803680 , 6.32333
37.97 , 17.2694683074 , 6.32917
38.01 , 17.3780803680 , 6.33467
38.04 , 17.2694683074 , 6.34050
38.08 , 17.3780803680 , 6.34617
38.11 , 17.2694683074 , 6.35200
38.15 , 17.3780803680 , 6.35767
38.18 , 17.4866943359 , 6.36333
38.21 , 17.4866943359 , 6.36900
38.25 , 17.4866943359 , 6.37483
38.28 , 17.5953063964 , 6.38050
38.32 , 17.4866943359 , 6.38633
38.35 , 17.4866943359 , 6.39183
38.39 , 17.5953063964 , 6.39767
38.42 , 17.5953063964 , 6.40333
38.46 , 17.5953063964 , 6.40917
38.49 , 17.4866943359 , 6.41483
38.52 , 17.5953063964 , 6.42050
38.56 , 17.7039184570 , 6.42617
38.59 , 17.7039184570 , 6.43200
38.63 , 17.7039184570 , 6.43767
38.66 , 17.7039184570 , 6.44350
38.69 , 17.7039184570 , 6.44900
38.73 , 17.8125324249 , 6.45483
38.76 , 17.8125324249 , 6.46050
38.80 , 17.8125324249 , 6.46633
38.83 , 17.9211444854 , 6.47200
38.87 , 17.8125324249 , 6.47767
38.90 , 17.9211444854 , 6.48333
38.94 , 17.9211444854 , 6.48917
38.97 , 17.8125324249 , 6.49500
39.00 , 17.8125324249 , 6.50067
39.04 , 17.8125324249 , 6.50633
39.07 , 17.9211444854 , 6.51200
39.11 , 17.9211444854 , 6.51783
39.14 , 18.0297603607 , 6.52350
39.18 , 18.0297603607 , 6.52933
39.21 , 18.0297603607 , 6.53483
39.24 , 17.9211444854 , 6.54067
39.28 , 18.0297603607 , 6.54633
39.31 , 17.9211444854 , 6.55217
39.35 , 18.0297603607 , 6.55783
39.38 , 18.0297603607 , 6.56367
39.42 , 18.0297603607 , 6.56917
39.45 , 18.1383743286 , 6.57500
39.48 , 18.1383743286 , 6.58067
39.52 , 18.0297603607 , 6.58650
39.55 , 18.1383743286 , 6.59217
39.59 , 18.1383743286 , 6.59783
39.62 , 18.1383743286 , 6.60350
39.66 , 18.1383743286 , 6.60933
39.69 , 18.2469863891 , 6.61500
39.72 , 18.1383743286 , 6.62083
39.76 , 18.2469863891 , 6.62633
39.79 , 18.1383743286 , 6.63217
39.83 , 18.1383743286 , 6.63783
39.86 , 18.2469863891 , 6.64367
39.90 , 18.2469863891 , 6.64933
39.93 , 18.2469863891 , 6.65500
39.96 , 18.3555984497 , 6.66067
40.00 , 18.3555984497 , 6.66650
40.03 , 18.2469863891 , 6.67233
40.07 , 18.2469863891 , 6.67800
40.10 , 18.3555984497 , 6.68367
40.14 , 18.4642124176 , 6.68933
40.17 , 18.4642124176 , 6.69517
40.21 , 18.3555984497 , 6.70083
40.24 , 18.3555984497 , 6.70667
40.27 , 18.4642124176 , 6.71217
40.31 , 18.4642124176 , 6.71800
40.34 , 18.4642124176 , 6.72367
40.38 , 18.4642124176 , 6.72950
40.41 , 18.5728244781 , 6.73517
40.45 , 18.5728244781 , 6.74083
40.48 , 18.5728244781 , 6.74650
40.51 , 18.5728244781 , 6.75233
40.55 , 18.5728244781 , 6.75800
40.58 , 18.6814384460 , 6.76383
40.62 , 18.5728244781 , 6.76933
40.65 , 18.6814384460 , 6.77517
40.69 , 18.6814384460 , 6.78083
40.72 , 18.6814384460 , 6.78667
40.75 , 18.6814384460 , 6.79233
40.79 , 18.6814384460 , 6.79800
40.82 , 18.7900505065 , 6.80367
40.86 , 18.7900505065 , 6.80950
40.89 , 18.7900505065 , 6.81517
40.93 , 18.7900505065 , 6.82100
40.96 , 18.8986644744 , 6.82667
40.99 , 18.7900505065 , 6.83233
41.03 , 18.8986644744 , 6.83800
41.06 , 18.8986644744 , 6.84383
41.10 , 18.8986644744 , 6.84950
41.13 , 18.8986644744 , 6.85533
41.17 , 18.8986644744 , 6.86100
41.20 , 19.0072765350 , 6.86667
41.24 , 19.0072765350 , 6.87250
41.27 , 19.1158905029 , 6.87817
41.30 , 19.0072765350 , 6.88400
41.34 , 19.1158905029 , 6.88950
41.37 , 19.0072765350 , 6.89533
41.41 , 19.1158905029 , 6.90100
41.44 , 19.0072765350 , 6.90683
41.47 , 19.1158905029 , 6.91250
41.51 , 19.1158905029 , 6.91817
41.54 , 19.1158905029 , 6.92383
41.58 , 19.1158905029 , 6.92967
41.61 , 19.2245025634 , 6.93533
41.65 , 19.1158905029 , 6.94117
41.68 , 19.2245025634 , 6.94667
41.72 , 19.1158905029 , 6.95250
41.75 , 19.3331146240 , 6.95817
41.78 , 19.3331146240 , 6.96400
41.82 , 19.3331146240 , 6.96967
41.85 , 19.2245025634 , 6.97533
41.89 , 19.3331146240 , 6.98100
41.92 , 19.3331146240 , 6.98683
41.96 , 19.2245025634 , 6.99250
41.99 , 19.3331146240 , 6.99833
42.02 , 19.3331146240 , 7.00383
42.06 , 19.2245025634 , 7.00967
42.09 , 19.2245025634 , 7.01533
42.13 , 19.3331146240 , 7.02117
42.16 , 19.2245025634 , 7.02683
42.20 , 19.3331146240 , 7.03250
42.23 , 19.3331146240 , 7.03833
42.26 , 19.4417285919 , 7.04400
42.30 , 19.3331146240 , 7.04983
42.33 , 19.3331146240 , 7.05550
42.37 , 19.3331146240 , 7.06133
42.40 , 19.3331146240 , 7.06683
42.44 , 19.3331146240 , 7.07267
42.47 , 19.3331146240 , 7.07833
42.51 , 19.5503406524 , 7.08417
42.54 , 19.5503406524 , 7.08983
42.57 , 19.4417285919 , 7.09550
42.61 , 19.5503406524 , 7.10117
42.64 , 19.5503406524 , 7.10700
42.68 , 19.5503406524 , 7.11267
42.71 , 19.5503406524 , 7.11850
42.74 , 19.6589546203 , 7.12400
42.78 , 19.6589546203 , 7.12983
42.81 , 19.6589546203 , 7.13550
42.85 , 19.6589546203 , 7.14133
42.88 , 19.6589546203 , 7.14700
42.92 , 19.6589546203 , 7.15267
42.95 , 19.6589546203 , 7.15833
42.99 , 19.6589546203 , 7.16417
43.02 , 19.6589546203 , 7.16983
43.05 , 19.6589546203 , 7.17567
43.09 , 19.7675666809 , 7.18117
43.12 , 19.6589546203 , 7.18700
43.16 , 19.7675666809 , 7.19267
43.19 , 19.8761806488 , 7.19850
43.22 , 19.7675666809 , 7.20417
43.26 , 19.8761806488 , 7.20983
43.29 , 19.8761806488 , 7.21550
43.33 , 19.9847927093 , 7.22133
43.36 , 19.9847927093 , 7.22717
43.40 , 19.8761806488 , 7.23283
43.43 , 19.9847927093 , 7.23850
43.47 , 19.9847927093 , 7.24417
43.50 , 19.9847927093 , 7.25000
43.53 , 19.8761806488 , 7.25567
43.57 , 20.0934066772 , 7.26150
43.60 , 19.9847927093 , 7.26700
43.64 , 20.0934066772 , 7.27283
43.67 , 20.0934066772 , 7.27850
43.71 , 20.2020187377 , 7.28433
43.74 , 20.0934066772 , 7.29000
43.77 , 20.0934066772 , 7.29567
43.81 , 20.2020187377 , 7.30133
43.84 , 20.2020187377 , 7.30717
43.88 , 20.2020187377 , 7.31283
43.91 , 20.2020187377 , 7.31867
43.95 , 20.2020187377 , 7.32417
43.98 , 20.3106307983 , 7.33000
44.01 , 20.3106307983 , 7.33567
44.05 , 20.3106307983 , 7.34150
44.08 , 20.3106307983 , 7.34717
44.12 , 20.3106307983 , 7.35300
44.15 , 20.3106307983 , 7.35850
44.19 , 20.4192447662 , 7.36433
44.22 , 20.3106307983 , 7.37000
44.26 , 20.4192447662 , 7.37583
44.29 , 20.4192447662 , 7.38150
44.32 , 20.3106307983 , 7.38717
44.36 , 20.4192447662 , 7.39283
44.39 , 20.4192447662 , 7.39867
44.43 , 20.3106307983 , 7.40450
44.46 , 20.4192447662 , 7.41017
44.50 , 20.4192447662 , 7.41583
44.53 , 20.4192447662 , 7.42150
44.56 , 20.4192447662 , 7.42733
44.60 , 20.5278568267 , 7.43300
44.63 , 20.5278568267 , 7.43883
44.67 , 20.4192447662 , 7.44433
44.70 , 20.5278568267 , 7.45017
44.74 , 20.6364707946 , 7.45583
44.77 , 20.6364707946 , 7.46167
44.80 , 20.6364707946 , 7.46733
44.84 , 20.6364707946 , 7.47300
44.87 , 20.5278568267 , 7.47867
44.91 , 20.6364707946 , 7.48450
44.94 , 20.7450828552 , 7.49017
44.98 , 20.7450828552 , 7.49600
45.01 , 20.6364707946 , 7.50150
45.04 , 20.8536987304 , 7.50733
45.08 , 20.7450828552 , 7.51300
45.11 , 20.7450828552 , 7.51883
45.15 , 20.7450828552 , 7.52450
45.18 , 20.7450828552 , 7.53017
45.22 , 20.9623107910 , 7.53583
45.25 , 20.9623107910 , 7.54167
45.28 , 20.9623107910 , 7.54733
45.32 , 20.8536987304 , 7.55317
45.35 , 20.8536987304 , 7.55867
45.39 , 20.9623107910 , 7.56450
45.42 , 20.9623107910 , 7.57017
45.46 , 21.0709247589 , 7.57600
45.49 , 21.0709247589 , 7.58167
45.52 , 20.9623107910 , 7.58733
45.56 , 21.0709247589 , 7.59317
45.59 , 21.0709247589 , 7.59883
45.63 , 21.0709247589 , 7.60467
45.66 , 21.0709247589 , 7.61033
45.70 , 21.1795368194 , 7.61617
45.73 , 21.1795368194 , 7.62167
45.77 , 21.0709247589 , 7.62750
45.80 , 21.1795368194 , 7.63317
45.83 , 21.1795368194 , 7.63900
45.87 , 21.1795368194 , 7.64467
45.90 , 21.2881507873 , 7.65033
45.94 , 21.1795368194 , 7.65600
45.97 , 21.2881507873 , 7.66183
46.01 , 21.3967628479 , 7.66750
46.04 , 21.2881507873 , 7.67333
46.07 , 21.3967628479 , 7.67883
46.11 , 21.2881507873 , 7.68467
46.14 , 21.2881507873 , 7.69033
46.18 , 21.3967628479 , 7.69617
46.21 , 21.5053768157 , 7.70183
46.25 , 21.5053768157 , 7.70750
46.28 , 21.3967628479 , 7.71317
46.31 , 21.5053768157 , 7.71900
46.35 , 21.5053768157 , 7.72467
46.38 , 21.3967628479 , 7.73050
46.42 , 21.5053768157 , 7.73600
46.45 , 21.5053768157 , 7.74183
46.49 , 21.5053768157 , 7.74750
46.52 , 21.7226028442 , 7.75333
46.55 , 21.5053768157 , 7.75900
46.59 , 21.5053768157 , 7.76467
46.62 , 21.6139888763 , 7.77050
46.66 , 21.6139888763 , 7.77617
46.69 , 21.7226028442 , 7.78200
46.73 , 21.6139888763 , 7.78767
46.76 , 21.7226028442 , 7.79333
46.79 , 21.7226028442 , 7.79900
46.83 , 21.6139888763 , 7.80483
46.86 , 21.6139888763 , 7.81050
46.90 , 21.7226028442 , 7.81633
46.93 , 21.7226028442 , 7.82183
46.97 , 21.7226028442 , 7.82767
47.00 , 21.8312149047 , 7.83333
47.04 , 21.7226028442 , 7.83917
47.07 , 21.7226028442 , 7.84483
47.10 , 21.9398269653 , 7.85067
47.14 , 21.8312149047 , 7.85617
47.17 , 21.9398269653 , 7.86200
47.21 , 21.9398269653 , 7.86767
47.24 , 21.8312149047 , 7.87350
47.28 , 21.8312149047 , 7.87917
47.31 , 21.9398269653 , 7.88483
47.34 , 21.9398269653 , 7.89050
47.38 , 22.0484409332 , 7.89633
47.41 , 22.0484409332 , 7.90200
47.45 , 22.0484409332 , 7.90783
47.48 , 22.0484409332 , 7.91333
47.52 , 22.0484409332 , 7.91917
47.55 , 22.1570529937 , 7.92483
47.58 , 22.0484409332 , 7.93067
47.62 , 22.0484409332 , 7.93633
47.65 , 22.2656669616 , 7.94200
47.69 , 22.1570529937 , 7.94767
47.72 , 22.2656669616 , 7.95350
47.76 , 22.2656669616 , 7.95933
47.79 , 22.2656669616 , 7.96500
47.82 , 22.2656669616 , 7.97067
47.86 , 22.2656669616 , 7.97633
47.89 , 22.2656669616 , 7.98217
47.93 , 22.2656669616 , 7.98783
47.96 , 22.3742790222 , 7.99367
48.00 , 22.3742790222 , 7.99917
48.03 , 22.3742790222 , 8.00500
48.06 , 22.2656669616 , 8.01067
48.10 , 22.3742790222 , 8.01650
48.13 , 22.3742790222 , 8.02217
48.17 , 22.4828929901 , 8.02783
48.20 , 22.3742790222 , 8.03350
48.24 , 22.4828929901 , 8.03933
48.27 , 22.4828929901 , 8.04500
48.31 , 22.4828929901 , 8.05083
48.34 , 22.5915050506 , 8.05633
48.37 , 22.4828929901 , 8.06217
48.41 , 22.5915050506 , 8.06783
48.44 , 22.5915050506 , 8.07367
48.48 , 22.5915050506 , 8.07933
48.51 , 22.5915050506 , 8.08500
48.54 , 22.5915050506 , 8.09067
48.58 , 22.5915050506 , 8.09650
48.61 , 22.5915050506 , 8.10217
48.65 , 22.7001190185 , 8.10800
48.68 , 22.7001190185 , 8.11350
48.72 , 22.7001190185 , 8.11933
48.75 , 22.8087310791 , 8.12500
48.79 , 22.7001190185 , 8.13083
48.82 , 22.7001190185 , 8.13667
48.85 , 22.8087310791 , 8.14233
48.89 , 22.8087310791 , 8.14800
48.92 , 22.8087310791 , 8.15367
48.96 , 22.7001190185 , 8.15950
48.99 , 22.9173431396 , 8.16517
49.03 , 22.8087310791 , 8.17100
49.06 , 22.9173431396 , 8.17650
49.09 , 22.9173431396 , 8.18233
49.13 , 22.9173431396 , 8.18800
49.16 , 22.9173431396 , 8.19383
49.20 , 22.8087310791 , 8.19950
49.23 , 22.9173431396 , 8.20517
49.27 , 22.9173431396 , 8.21083
49.30 , 22.9173431396 , 8.21667
49.33 , 23.0259571075 , 8.22233
49.37 , 22.9173431396 , 8.22817
49.40 , 23.0259571075 , 8.23367
49.44 , 23.0259571075 , 8.23950
49.47 , 23.0259571075 , 8.24517
49.51 , 23.1345691680 , 8.25100
49.54 , 23.1345691680 , 8.25667
49.57 , 23.1345691680 , 8.26233
49.61 , 23.1345691680 , 8.26800
49.64 , 23.1345691680 , 8.27383
49.68 , 23.2431831359 , 8.27950
49.71 , 23.2431831359 , 8.28533
49.75 , 23.1345691680 , 8.29083
49.78 , 23.2431831359 , 8.29667
49.81 , 23.2431831359 , 8.30233
49.85 , 23.2431831359 , 8.30817
49.88 , 23.1345691680 , 8.31383
49.92 , 23.3517951965 , 8.31950
49.95 , 23.3517951965 , 8.32533
49.99 , 23.3517951965 , 8.33100
50.02 , 23.4604091644 , 8.33683
50.06 , 23.3517951965 , 8.34250
50.09 , 23.3517951965 , 8.34817
50.12 , 23.4604091644 , 8.35383
50.16 , 23.3517951965 , 8.35967
50.19 , 23.4604091644 , 8.36533
50.23 , 23.4604091644 , 8.37117
50.26 , 23.5690212249 , 8.37667
50.29 , 23.5690212249 , 8.38250
50.33 , 23.5690212249 , 8.38817
50.36 , 23.5690212249 , 8.39400
50.40 , 23.5690212249 , 8.39967
50.43 , 23.5690212249 , 8.40550
50.47 , 23.6776371002 , 8.41100
50.50 , 23.6776371002 , 8.41683
50.54 , 23.6776371002 , 8.42250
50.57 , 23.5690212249 , 8.42833
50.60 , 23.6776371002 , 8.43400
50.64 , 23.7862491607 , 8.43967
50.67 , 23.6776371002 , 8.44533
50.71 , 23.8948631286 , 8.45117
50.74 , 23.8948631286 , 8.45683
50.78 , 23.7862491607 , 8.46267
50.81 , 23.8948631286 , 8.46817
50.84 , 23.8948631286 , 8.47400
50.88 , 23.8948631286 , 8.47967
50.91 , 23.7862491607 , 8.48550
50.95 , 23.8948631286 , 8.49117
50.98 , 23.8948631286 , 8.49683
51.02 , 24.0034751892 , 8.50267
51.05 , 23.8948631286 , 8.50833
51.09 , 23.8948631286 , 8.51417
51.12 , 24.0034751892 , 8.51983
51.15 , 24.0034751892 , 8.52550
51.19 , 24.0034751892 , 8.53117
51.22 , 24.1120891571 , 8.53700
51.26 , 24.1120891571 , 8.54267
51.29 , 24.1120891571 , 8.54850
51.32 , 24.1120891571 , 8.55400
51.36 , 24.1120891571 , 8.55983
51.39 , 24.1120891571 , 8.56550
51.43 , 24.1120891571 , 8.57133
51.46 , 24.2207012176 , 8.57700
51.50 , 24.1120891571 , 8.58267
51.53 , 24.2207012176 , 8.58833
51.56 , 24.1120891571 , 8.59417
51.60 , 24.2207012176 , 8.59983
51.63 , 24.2207012176 , 8.60567
51.67 , 24.2207012176 , 8.61117
51.70 , 24.2207012176 , 8.61700
51.74 , 24.2207012176 , 8.62267
51.77 , 24.2207012176 , 8.62850
51.81 , 24.3293151855 , 8.63417
51.84 , 24.3293151855 , 8.64000
51.87 , 24.3293151855 , 8.64550
51.91 , 24.3293151855 , 8.65133
51.94 , 24.3293151855 , 8.65700
51.98 , 24.4379272460 , 8.66283
52.01 , 24.4379272460 , 8.66850
52.04 , 24.4379272460 , 8.67417
52.08 , 24.4379272460 , 8.67983
52.11 , 24.4379272460 , 8.68567
52.15 , 24.4379272460 , 8.69150
52.18 , 24.4379272460 , 8.69717
52.22 , 24.5465393066 , 8.70283
52.25 , 24.5465393066 , 8.70850
52.29 , 24.6551532745 , 8.71433
52.32 , 24.6551532745 , 8.72000
52.36 , 24.6551532745 , 8.72583
52.39 , 24.6551532745 , 8.73133
52.42 , 24.6551532745 , 8.73717
52.46 , 24.6551532745 , 8.74283
52.49 , 24.7637653350 , 8.74867
52.53 , 24.7637653350 , 8.75433
52.56 , 24.7637653350 , 8.76000
52.59 , 24.6551532745 , 8.76567
52.63 , 24.7637653350 , 8.77150
52.66 , 24.7637653350 , 8.77717
52.70 , 24.7637653350 , 8.78300
52.73 , 24.7637653350 , 8.78850
52.77 , 24.9809913635 , 8.79433
52.80 , 24.8723793029 , 8.80000
52.84 , 24.8723793029 , 8.80583
52.87 , 24.8723793029 , 8.81150
52.90 , 24.8723793029 , 8.81717
52.94 , 24.9809913635 , 8.82283
52.97 , 24.9809913635 , 8.82867
53.01 , 24.9809913635 , 8.83433
53.04 , 24.9809913635 , 8.84017
53.07 , 25.0896053314 , 8.84567
53.11 , 24.8723793029 , 8.85150
53.14 , 25.0896053314 , 8.85717
53.18 , 25.0896053314 , 8.86300
53.21 , 25.0896053314 , 8.86883
53.25 , 25.1982173919 , 8.87433
53.28 , 25.1982173919 , 8.88017
53.31 , 25.0896053314 , 8.88583
53.35 , 25.1982173919 , 8.89167
53.38 , 25.1982173919 , 8.89733
53.42 , 25.1982173919 , 8.90317
53.45 , 25.3068313598 , 8.90867
53.49 , 25.3068313598 , 8.91450
53.52 , 25.3068313598 , 8.92017
53.56 , 25.3068313598 , 8.92600
53.59 , 25.4154434204 , 8.93167
53.62 , 25.3068313598 , 8.93733
53.66 , 25.3068313598 , 8.94300
53.69 , 25.3068313598 , 8.94883
53.73 , 25.4154434204 , 8.95450
53.76 , 25.4154434204 , 8.96033
53.79 , 25.3068313598 , 8.96583
53.83 , 25.4154434204 , 8.97167
53.86 , 25.4154434204 , 8.97733
53.90 , 25.4154434204 , 8.98317
53.93 , 25.4154434204 , 8.98883
53.97 , 25.4154434204 , 8.99450
54.00 , 25.4154434204 , 9.00017
54.04 , 25.4154434204 , 9.00600
54.07 , 25.5240554809 , 9.01167
54.11 , 25.5240554809 , 9.01750
54.14 , 25.5240554809 , 9.02300
54.17 , 25.5240554809 , 9.02883
54.21 , 25.6326694488 , 9.03450
54.24 , 25.6326694488 , 9.04033
54.28 , 25.6326694488 , 9.04600
54.31 , 25.5240554809 , 9.05167
54.35 , 25.6326694488 , 9.05750
54.38 , 25.6326694488 , 9.06317
54.41 , 25.6326694488 , 9.06900
54.45 , 25.7412815093 , 9.07467
54.48 , 25.7412815093 , 9.08033
54.52 , 25.7412815093 , 9.08600
54.55 , 25.8498954772 , 9.09183
54.59 , 25.7412815093 , 9.09750
54.62 , 25.8498954772 , 9.10333
54.65 , 25.8498954772 , 9.10883
54.69 , 25.9585075378 , 9.11467
54.72 , 25.8498954772 , 9.12033
54.76 , 25.9585075378 , 9.12617
54.79 , 26.0671215057 , 9.13183
54.83 , 25.9585075378 , 9.13750
54.86 , 25.9585075378 , 9.14317
54.89 , 25.9585075378 , 9.14900
54.93 , 25.9585075378 , 9.15467
54.96 , 25.9585075378 , 9.16050
55.00 , 26.0671215057 , 9.16600
55.03 , 26.0671215057 , 9.17183
55.06 , 26.1757335662 , 9.17750
55.10 , 26.0671215057 , 9.18333
55.13 , 26.0671215057 , 9.18900
55.17 , 26.1757335662 , 9.19483
55.20 , 26.1757335662 , 9.20033
55.24 , 26.1757335662 , 9.20617
55.27 , 26.1757335662 , 9.21183
55.31 , 26.2843475341 , 9.21767
55.34 , 26.1757335662 , 9.22333
55.37 , 26.2843475341 , 9.22900
55.41 , 26.2843475341 , 9.23483
55.44 , 26.2843475341 , 9.24050
55.48 , 26.2843475341 , 9.24633
55.51 , 26.2843475341 , 9.25200
55.55 , 26.3929615020 , 9.25767
55.58 , 26.3929615020 , 9.26333
55.62 , 26.3929615020 , 9.26917
55.65 , 26.3929615020 , 9.27483
55.68 , 26.5015754699 , 9.28067
55.72 , 26.3929615020 , 9.28617
55.75 , 26.5015754699 , 9.29200
55.79 , 26.5015754699 , 9.29767
55.82 , 26.5015754699 , 9.30350
55.86 , 26.5015754699 , 9.30917
55.89 , 26.5015754699 , 9.31483
55.92 , 26.6101875305 , 9.32050
55.96 , 26.6101875305 , 9.32633
55.99 , 26.6101875305 , 9.33200
56.03 , 26.6101875305 , 9.33783
56.06 , 26.7188014984 , 9.34333
56.10 , 26.7188014984 , 9.34917
56.13 , 26.7188014984 , 9.35483
56.16 , 26.7188014984 , 9.36067
56.20 , 26.6101875305 , 9.36633
56.23 , 26.6101875305 , 9.37200
56.27 , 26.7188014984 , 9.37767
56.30 , 26.7188014984 , 9.38350
56.34 , 26.7188014984 , 9.38917
56.37 , 26.8274135589 , 9.39500
56.40 , 26.7188014984 , 9.40050
56.44 , 26.8274135589 , 9.40633
56.47 , 26.9360275268 , 9.41200
56.51 , 26.8274135589 , 9.41783
56.54 , 26.9360275268 , 9.42367
56.58 , 26.9360275268 , 9.42933
56.61 , 26.9360275268 , 9.43500
56.64 , 26.9360275268 , 9.44067
56.68 , 26.9360275268 , 9.44650
56.71 , 26.9360275268 , 9.45217
56.75 , 27.0446395874 , 9.45800
56.78 , 26.9360275268 , 9.46350
56.82 , 27.0446395874 , 9.46933
56.85 , 27.0446395874 , 9.47500
56.88 , 27.0446395874 , 9.48083
56.92 , 27.0446395874 , 9.48650
56.95 , 27.0446395874 , 9.49217
56.99 , 27.0446395874 , 9.49783
57.02 , 27.1532516479 , 9.50367
57.06 , 27.0446395874 , 9.50933
57.09 , 27.0446395874 , 9.51517
57.12 , 27.1532516479 , 9.52067
57.16 , 27.1532516479 , 9.52650
57.19 , 27.1532516479 , 9.53217
57.23 , 27.2618656158 , 9.53800
57.26 , 27.2618656158 , 9.54367
57.30 , 27.1532516479 , 9.54933
57.33 , 27.3704776763 , 9.55500
57.37 , 27.3704776763 , 9.56083
57.40 , 27.3704776763 , 9.56650
57.43 , 27.3704776763 , 9.57233
57.47 , 27.4790916442 , 9.57783
57.50 , 27.4790916442 , 9.58367
57.54 , 27.4790916442 , 9.58933
57.57 , 27.4790916442 , 9.59517
57.61 , 27.4790916442 , 9.60100
57.64 , 27.4790916442 , 9.60650
57.67 , 27.4790916442 , 9.61233
57.71 , 27.4790916442 , 9.61800
57.74 , 27.5877037048 , 9.62383
57.78 , 27.5877037048 , 9.62950
57.81 , 27.5877037048 , 9.63517
57.85 , 27.4790916442 , 9.64083
57.88 , 27.6963176727 , 9.64667
57.91 , 27.5877037048 , 9.65233
57.95 , 27.5877037048 , 9.65817
57.98 , 27.6963176727 , 9.66367
58.02 , 27.6963176727 , 9.66950
58.05 , 27.6963176727 , 9.67517
58.09 , 27.6963176727 , 9.68100
58.12 , 27.8049297332 , 9.68667
58.15 , 27.8049297332 , 9.69250
58.19 , 27.8049297332 , 9.69800
58.22 , 27.6963176727 , 9.70383
58.26 , 27.8049297332 , 9.70950
58.29 , 27.6963176727 , 9.71533
58.33 , 27.8049297332 , 9.72100
58.36 , 27.8049297332 , 9.72667
58.39 , 27.8049297332 , 9.73233
58.43 , 27.8049297332 , 9.73817
58.46 , 27.9135437011 , 9.74383
58.50 , 28.0221557617 , 9.74967
58.53 , 27.9135437011 , 9.75517
58.57 , 27.9135437011 , 9.76100
58.60 , 28.0221557617 , 9.76667
58.63 , 27.9135437011 , 9.77250
58.67 , 28.0221557617 , 9.77817
58.70 , 28.0221557617 , 9.78383
58.74 , 27.9135437011 , 9.78967
58.77 , 28.0221557617 , 9.79533
58.81 , 28.0221557617 , 9.80117
58.84 , 28.0221557617 , 9.80683
58.88 , 28.0221557617 , 9.81250
58.91 , 28.0221557617 , 9.81817
58.94 , 28.0221557617 , 9.82400
58.98 , 28.0221557617 , 9.82967
59.01 , 28.0221557617 , 9.83550
59.05 , 28.1307678222 , 9.84100
59.08 , 28.0221557617 , 9.84683
59.12 , 28.1307678222 , 9.85250
59.15 , 28.2393817901 , 9.85833
59.18 , 28.2393817901 , 9.86400
59.22 , 28.2393817901 , 9.86967
59.25 , 28.1307678222 , 9.87533
59.29 , 28.1307678222 , 9.88117
59.32 , 28.2393817901 , 9.88683
59.36 , 28.2393817901 , 9.89267
59.39 , 28.3479938507 , 9.89817
59.42 , 28.3479938507 , 9.90400
59.46 , 28.3479938507 , 9.90967
59.49 , 28.2393817901 , 9.91550
59.53 , 28.2393817901 , 9.92117
59.56 , 28.3479938507 , 9.92683
59.60 , 28.3479938507 , 9.93250
59.63 , 28.3479938507 , 9.93833
59.66 , 28.3479938507 , 9.94400
59.70 , 28.3479938507 , 9.94983
59.73 , 28.2393817901 , 9.95533
59.77 , 28.3479938507 , 9.96117
59.80 , 28.3479938507 , 9.96700
59.84 , 28.3479938507 , 9.97267
59.87 , 28.4566078186 , 9.97850
59.90 , 28.4566078186 , 9.98417
59.94 , 28.4566078186 , 9.98983
59.97 , 28.4566078186 , 9.99550
60.01 , 28.4566078186 , 10.00133
60.04 , 28.4566078186 , 10.00717
60.08 , 28.5652198791 , 10.01317
60.11 , 28.5652198791 , 10.01883
60.15 , 28.5652198791 , 10.02483
60.18 , 28.5652198791 , 10.03067
60.22 , 28.6738338470 , 10.03667
60.26 , 28.6738338470 , 10.04250
60.29 , 28.5652198791 , 10.04850
60.33 , 28.6738338470 , 10.05417
60.36 , 28.6738338470 , 10.06017
60.40 , 28.7824459075 , 10.06600
60.43 , 28.7824459075 , 10.07200
60.47 , 28.7824459075 , 10.07800
60.50 , 28.7824459075 , 10.08383
60.54 , 28.7824459075 , 10.08967
60.57 , 28.7824459075 , 10.09550
60.61 , 28.8910598754 , 10.10150
60.64 , 28.7824459075 , 10.10733
60.68 , 28.8910598754 , 10.11333
60.72 , 28.8910598754 , 10.11917
60.75 , 28.9996719360 , 10.12500
60.79 , 28.8910598754 , 10.13083
60.82 , 28.8910598754 , 10.13683
60.86 , 28.8910598754 , 10.14267
60.89 , 28.9996719360 , 10.14867
60.93 , 28.9996719360 , 10.15433
60.96 , 28.9996719360 , 10.16033
61.00 , 28.9996719360 , 10.16617
61.03 , 29.1082839965 , 10.17217
61.07 , 28.9996719360 , 10.17817
61.10 , 29.1082839965 , 10.18400
61.14 , 29.1082839965 , 10.18983
61.17 , 28.9996719360 , 10.19567
61.21 , 29.1082839965 , 10.20167
61.25 , 29.1082839965 , 10.20750
61.28 , 29.1082839965 , 10.21350
61.32 , 29.1082839965 , 10.21933
61.35 , 29.2168998718 , 10.22517
61.39 , 29.2168998718 , 10.23100
61.42 , 29.2168998718 , 10.23700
61.46 , 29.2168998718 , 10.24283
61.49 , 29.2168998718 , 10.24883
61.53 , 29.2168998718 , 10.25467
61.56 , 29.3255138397 , 10.26050
61.60 , 29.3255138397 , 10.26650
61.63 , 29.3255138397 , 10.27233
61.67 , 29.4341259002 , 10.27833
61.71 , 29.3255138397 , 10.28417
61.74 , 29.4341259002 , 10.29017
61.78 , 29.4341259002 , 10.29583
61.81 , 29.4341259002 , 10.30183
61.85 , 29.4341259002 , 10.30767
61.88 , 29.5427398681 , 10.31367
61.92 , 29.4341259002 , 10.31950
61.95 , 29.5427398681 , 10.32550
61.99 , 29.6513519287 , 10.33117
62.02 , 29.5427398681 , 10.33717
62.06 , 29.5427398681 , 10.34300
62.09 , 29.6513519287 , 10.34900
62.13 , 29.5427398681 , 10.35483
62.16 , 29.6513519287 , 10.36067
62.20 , 29.6513519287 , 10.36667
62.24 , 29.7599639892 , 10.37250
62.27 , 29.6513519287 , 10.37850
62.31 , 29.7599639892 , 10.38433
62.34 , 29.7599639892 , 10.39033
62.38 , 29.7599639892 , 10.39600
62.41 , 29.7599639892 , 10.40200
62.45 , 29.8685779571 , 10.40783
62.48 , 29.8685779571 , 10.41383
62.52 , 29.8685779571 , 10.41967
62.55 , 29.8685779571 , 10.42567
62.59 , 29.8685779571 , 10.43133
62.62 , 29.9771900177 , 10.43733
62.66 , 29.8685779571 , 10.44317
62.70 , 29.8685779571 , 10.44917
62.73 , 29.9771900177 , 10.45517
62.77 , 29.9771900177 , 10.46100
62.80 , 30.0858039855 , 10.46683
62.84 , 30.0858039855 , 10.47267
62.87 , 30.0858039855 , 10.47867
62.91 , 30.0858039855 , 10.48450
62.94 , 30.0858039855 , 10.49050
62.98 , 30.0858039855 , 10.49633
63.01 , 30.1944160461 , 10.50217
63.05 , 30.1944160461 , 10.50800
63.08 , 30.1944160461 , 10.51400
63.12 , 30.1944160461 , 10.51983
63.15 , 30.1944160461 , 10.52583
63.19 , 30.1944160461 , 10.53167
63.22 , 30.1944160461 , 10.53750
63.26 , 30.1944160461 , 10.54333
63.30 , 30.3030300140 , 10.54933
63.33 , 30.3030300140 , 10.55533
63.37 , 30.3030300140 , 10.56117
63.40 , 30.3030300140 , 10.56717
63.44 , 30.4116420745 , 10.57283
63.47 , 30.4116420745 , 10.57883
63.51 , 30.4116420745 , 10.58467
63.54 , 30.3030300140 , 10.59067
63.58 , 30.3030300140 , 10.59650
63.61 , 30.4116420745 , 10.60233
63.65 , 30.4116420745 , 10.60817
63.69 , 30.5202560424 , 10.61417
63.72 , 30.4116420745 , 10.62000
63.76 , 30.5202560424 , 10.62600
63.79 , 30.5202560424 , 10.63183
63.83 , 30.5202560424 , 10.63767
63.86 , 30.5202560424 , 10.64367
63.90 , 30.5202560424 , 10.64950
63.93 , 30.6288681030 , 10.65550
63.97 , 30.5202560424 , 10.66133
64.00 , 30.6288681030 , 10.66733
64.04 , 30.6288681030 , 10.67300
64.07 , 30.7374801635 , 10.67900
64.11 , 30.6288681030 , 10.68483
64.14 , 30.7374801635 , 10.69083
64.18 , 30.7374801635 , 10.69667
64.22 , 30.7374801635 , 10.70267
64.25 , 30.7374801635 , 10.70833
64.29 , 30.7374801635 , 10.71433
64.32 , 30.8460941314 , 10.72017
64.36 , 30.8460941314 , 10.72617
64.39 , 30.8460941314 , 10.73200
64.43 , 30.8460941314 , 10.73800
64.46 , 30.8460941314 , 10.74383
64.50 , 30.9547061920 , 10.74967
64.53 , 30.8460941314 , 10.75567
64.57 , 30.9547061920 , 10.76150
64.61 , 30.9547061920 , 10.76750
64.64 , 30.9547061920 , 10.77333
64.68 , 30.9547061920 , 10.77917
64.71 , 30.9547061920 , 10.78500
64.75 , 31.0633201599 , 10.79100
64.78 , 31.0633201599 , 10.79683
64.82 , 31.1719322204 , 10.80283
64.85 , 31.1719322204 , 10.80850
64.89 , 31.0633201599 , 10.81450
64.92 , 31.1719322204 , 10.82033
64.96 , 31.1719322204 , 10.82633
64.99 , 31.2805461883 , 10.83233
65.03 , 31.2805461883 , 10.83817
65.06 , 31.1719322204 , 10.84400
65.10 , 31.2805461883 , 10.84983
65.13 , 31.2805461883 , 10.85583
65.17 , 31.2805461883 , 10.86167
65.21 , 31.2805461883 , 10.86767
65.24 , 31.3891582489 , 10.87350
65.28 , 31.3891582489 , 10.87933
65.31 , 31.3891582489 , 10.88517
65.35 , 31.3891582489 , 10.89117
65.38 , 31.3891582489 , 10.89700
65.42 , 31.4977722167 , 10.90300
65.45 , 31.3891582489 , 10.90883
65.49 , 31.4977722167 , 10.91467
65.52 , 31.4977722167 , 10.92050
65.56 , 31.4977722167 , 10.92650
65.59 , 31.6063842773 , 10.93250
65.63 , 31.4977722167 , 10.93833
65.67 , 31.4977722167 , 10.94433
65.70 , 31.4977722167 , 10.95000
65.74 , 31.6063842773 , 10.95600
65.77 , 31.6063842773 , 10.96183
65.81 , 31.6063842773 , 10.96783
65.84 , 31.4977722167 , 10.97367
65.88 , 31.7149963378 , 10.97967
65.91 , 31.6063842773 , 10.98533
65.95 , 31.6063842773 , 10.99133
65.98 , 31.7149963378 , 10.99717
66.02 , 31.7149963378 , 11.00317
66.05 , 31.7149963378 , 11.00900
66.09 , 31.7149963378 , 11.01483
66.12 , 31.8236103057 , 11.02083
66.16 , 31.8236103057 , 11.02667
66.20 , 31.8236103057 , 11.03267
66.23 , 31.8236103057 , 11.03850
66.27 , 31.9322261810 , 11.04450
66.30 , 31.9322261810 , 11.05017
66.34 , 31.9322261810 , 11.05617
66.37 , 31.9322261810 , 11.06200
66.41 , 31.9322261810 , 11.06800
66.44 , 31.9322261810 , 11.07383
66.48 , 31.9322261810 , 11.07983
66.51 , 31.9322261810 , 11.08550
66.55 , 32.0408401489 , 11.09150
66.58 , 32.0408401489 , 11.09733
66.62 , 32.0408401489 , 11.10333
66.65 , 32.0408401489 , 11.10917
66.69 , 32.0408401489 , 11.11517
66.73 , 32.0408401489 , 11.12100
66.76 , 32.1494522094 , 11.12683
66.80 , 32.1494522094 , 11.13283
66.83 , 32.1494522094 , 11.13867
66.87 , 32.1494522094 , 11.14467
66.90 , 32.2580642700 , 11.15050
66.94 , 32.2580642700 , 11.15633
66.97 , 32.3666763305 , 11.16217
67.01 , 32.3666763305 , 11.16817
67.04 , 32.3666763305 , 11.17400
67.08 , 32.3666763305 , 11.18000
67.11 , 32.3666763305 , 11.18583
67.15 , 32.4752883911 , 11.19167
67.18 , 32.4752883911 , 11.19750
67.22 , 32.4752883911 , 11.20350
67.26 , 32.4752883911 , 11.20950
67.29 , 32.4752883911 , 11.21533
67.33 , 32.5839042663 , 11.22133
67.36 , 32.4752883911 , 11.22700
67.40 , 32.4752883911 , 11.23300
67.43 , 32.5839042663 , 11.23883
67.47 , 32.5839042663 , 11.24483
67.50 , 32.6925163269 , 11.25067
67.54 , 32.6925163269 , 11.25650
67.57 , 32.6925163269 , 11.26233
67.61 , 32.6925163269 , 11.26833
67.64 , 32.6925163269 , 11.27417
67.68 , 32.6925163269 , 11.28017
67.72 , 32.6925163269 , 11.28600
67.75 , 32.8011283874 , 11.29183
67.79 , 32.8011283874 , 11.29767
67.82 , 32.8011283874 , 11.30367
67.86 , 32.8011283874 , 11.30967
67.89 , 32.9097404479 , 11.31550
67.93 , 32.9097404479 , 11.32150
67.96 , 32.9097404479 , 11.32717
68.00 , 32.8011283874 , 11.33317
68.03 , 32.9097404479 , 11.33900
68.07 , 32.9097404479 , 11.34500
68.11 , 33.0183563232 , 11.35083
68.14 , 33.0183563232 , 11.35683
68.18 , 33.0183563232 , 11.36250
68.21 , 33.0183563232 , 11.36850
68.25 , 33.0183563232 , 11.37433
68.28 , 33.0183563232 , 11.38033
68.32 , 33.0183563232 , 11.38617
68.35 , 33.0183563232 , 11.39217
68.39 , 33.1269683837 , 11.39800
68.42 , 33.0183563232 , 11.40383
68.46 , 33.1269683837 , 11.40983
68.49 , 33.1269683837 , 11.41567
68.53 , 33.1269683837 , 11.42167
68.56 , 33.1269683837 , 11.42733
68.60 , 33.2355804443 , 11.43333
68.63 , 33.2355804443 , 11.43917
68.67 , 33.2355804443 , 11.44517
68.71 , 33.2355804443 , 11.45100
68.74 , 33.2355804443 , 11.45700
68.78 , 33.3441925048 , 11.46267
68.81 , 33.2355804443 , 11.46867
68.85 , 33.3441925048 , 11.47450
68.88 , 33.3441925048 , 11.48050
68.92 , 33.3441925048 , 11.48633
68.95 , 33.4528045654 , 11.49233
68.99 , 33.4528045654 , 11.49817
69.02 , 33.4528045654 , 11.50400
69.06 , 33.4528045654 , 11.51000
69.09 , 33.4528045654 , 11.51583
69.13 , 33.4528045654 , 11.52183
69.17 , 33.4528045654 , 11.52767
69.20 , 33.4528045654 , 11.53350
69.24 , 33.4528045654 , 11.53933
69.27 , 33.5614204406 , 11.54533
69.31 , 33.5614204406 , 11.55117
69.34 , 33.5614204406 , 11.55717
69.38 , 33.6700325012 , 11.56300
69.41 , 33.6700325012 , 11.56883
69.45 , 33.6700325012 , 11.57467
69.48 , 33.6700325012 , 11.58067
69.52 , 33.6700325012 , 11.58667
69.55 , 33.7786445617 , 11.59250
69.59 , 33.7786445617 , 11.59850
69.62 , 33.7786445617 , 11.60417
69.66 , 33.7786445617 , 11.61017
69.70 , 33.7786445617 , 11.61600
69.73 , 33.8872566223 , 11.62200
69.77 , 33.8872566223 , 11.62783
69.80 , 33.8872566223 , 11.63383
69.84 , 33.8872566223 , 11.63950
69.87 , 33.8872566223 , 11.64550
69.91 , 33.9958724975 , 11.65133
69.94 , 33.8872566223 , 11.65733
69.98 , 33.9958724975 , 11.66317
70.01 , 33.9958724975 , 11.66900
70.05 , 33.9958724975 , 11.67483
70.08 , 34.1044845581 , 11.68083
70.12 , 34.1044845581 , 11.68683
70.16 , 34.1044845581 , 11.69267
70.19 , 34.1044845581 , 11.69867
70.23 , 34.1044845581 , 11.70433
70.26 , 34.1044845581 , 11.71033
70.30 , 34.1044845581 , 11.71617
70.33 , 34.1044845581 , 11.72217
70.37 , 34.1044845581 , 11.72800
70.40 , 34.2130966186 , 11.73400
70.44 , 34.2130966186 , 11.73967
70.47 , 34.2130966186 , 11.74567
70.51 , 34.2130966186 , 11.75150
70.54 , 34.3217086791 , 11.75750
70.58 , 34.3217086791 , 11.76333
70.62 , 34.2130966186 , 11.76933
70.65 , 34.3217086791 , 11.77517
70.69 , 34.3217086791 , 11.78100
70.72 , 34.3217086791 , 11.78700
70.76 , 34.4303207397 , 11.79283
70.79 , 34.4303207397 , 11.79883
70.83 , 34.4303207397 , 11.80467
70.86 , 34.4303207397 , 11.81050
70.90 , 34.4303207397 , 11.81633
70.93 , 34.4303207397 , 11.82233
70.97 , 34.4303207397 , 11.82817
71.00 , 34.5389366149 , 11.83417
71.04 , 34.5389366149 , 11.84000
71.07 , 34.5389366149 , 11.84583
71.11 , 34.5389366149 , 11.85167
71.15 , 34.6475486755 , 11.85767
71.18 , 34.6475486755 , 11.86350
71.22 , 34.6475486755 , 11.86950
71.25 , 34.6475486755 , 11.87533
71.29 , 34.6475486755 , 11.88117
71.32 , 34.6475486755 , 11.88717
71.36 , 34.6475486755 , 11.89300
71.39 , 34.6475486755 , 11.89900
71.43 , 34.6475486755 , 11.90483
71.46 , 34.7561607360 , 11.91067
71.50 , 34.7561607360 , 11.91650
71.54 , 34.6475486755 , 11.92250
71.57 , 34.7561607360 , 11.92833
71.61 , 34.7561607360 , 11.93433
71.64 , 34.7561607360 , 11.94017
71.68 , 34.7561607360 , 11.94600
71.71 , 34.7561607360 , 11.95183
71.75 , 34.8647727966 , 11.95783
71.78 , 34.8647727966 , 11.96383
71.82 , 34.8647727966 , 11.96967
71.85 , 34.9733886718 , 11.97567
71.89 , 34.9733886718 , 11.98133
71.92 , 34.9733886718 , 11.98733
71.96 , 34.9733886718 , 11.99317
72.00 , 35.0820007324 , 11.99917
72.03 , 35.0820007324 , 12.00500
72.07 , 35.0820007324 , 12.01100
72.10 , 35.0820007324 , 12.01667
72.14 , 35.0820007324 , 12.02267
72.17 , 35.1906127929 , 12.02850
72.21 , 35.1906127929 , 12.03450
72.24 , 35.1906127929 , 12.04033
72.28 , 35.1906127929 , 12.04633
72.31 , 35.1906127929 , 12.05200
72.35 , 35.2992248535 , 12.05800
72.38 , 35.2992248535 , 12.06400
72.42 , 35.2992248535 , 12.06983
72.45 , 35.2992248535 , 12.07583
72.49 , 35.2992248535 , 12.08150
72.52 , 35.2992248535 , 12.08750
72.56 , 35.2992248535 , 12.09333
72.60 , 35.4078369140 , 12.09933
72.63 , 35.4078369140 , 12.10517
72.67 , 35.5164527893 , 12.11117
72.70 , 35.5164527893 , 12.11683
72.74 , 35.4078369140 , 12.12283
72.77 , 35.4078369140 , 12.12867
72.81 , 35.4078369140 , 12.13467
72.84 , 35.4078369140 , 12.14050
72.88 , 35.5164527893 , 12.14650
72.91 , 35.5164527893 , 12.15233
72.95 , 35.5164527893 , 12.15817
72.98 , 35.6250648498 , 12.16417
73.02 , 35.5164527893 , 12.17000
73.06 , 35.5164527893 , 12.17600
73.09 , 35.5164527893 , 12.18183
73.13 , 35.6250648498 , 12.18767
73.16 , 35.6250648498 , 12.19350
73.20 , 35.6250648498 , 12.19950
73.23 , 35.7336769104 , 12.20533
73.27 , 35.7336769104 , 12.21133
73.30 , 35.7336769104 , 12.21717
73.34 , 35.7336769104 , 12.22300
73.37 , 35.7336769104 , 12.22883
73.41 , 35.7336769104 , 12.23483
73.44 , 35.8422889709 , 12.24067
73.48 , 35.8422889709 , 12.24667
73.52 , 35.8422889709 , 12.25267
73.55 , 35.8422889709 , 12.25833
73.59 , 35.8422889709 , 12.26433
73.62 , 35.8422889709 , 12.27017
73.66 , 35.9509048461 , 12.27617
73.69 , 35.9509048461 , 12.28200
73.73 , 35.9509048461 , 12.28800
73.76 , 35.9509048461 , 12.29367
73.80 , 35.9509048461 , 12.29967
73.83 , 36.0595169067 , 12.30550
73.87 , 36.0595169067 , 12.31150
73.90 , 36.1681327819 , 12.31733
73.94 , 36.0595169067 , 12.32317
73.97 , 36.0595169067 , 12.32900
74.01 , 36.0595169067 , 12.33500
74.05 , 36.1681327819 , 12.34100
74.08 , 36.1681327819 , 12.34683
74.12 , 36.1681327819 , 12.35283
74.15 , 36.1681327819 , 12.35850
74.19 , 36.2767486572 , 12.36450
74.22 , 36.2767486572 , 12.37033
74.26 , 36.2767486572 , 12.37633
74.29 , 36.2767486572 , 12.38217
74.33 , 36.2767486572 , 12.38817
74.36 , 36.2767486572 , 12.39383
74.40 , 36.3853607177 , 12.39983
74.43 , 36.3853607177 , 12.40567
74.47 , 36.3853607177 , 12.41167
74.50 , 36.2767486572 , 12.41750
74.54 , 36.4939727783 , 12.42350
74.57 , 36.4939727783 , 12.42917
74.61 , 36.3853607177 , 12.43517
74.65 , 36.4939727783 , 12.44117
74.68 , 36.4939727783 , 12.44700
74.72 , 36.4939727783 , 12.45300
74.75 , 36.4939727783 , 12.45883
74.79 , 36.6025848388 , 12.46467
74.82 , 36.6025848388 , 12.47050
74.86 , 36.6025848388 , 12.47650
74.89 , 36.7111968994 , 12.48233
74.93 , 36.6025848388 , 12.48833
74.96 , 36.7111968994 , 12.49400
75.00 , 36.7111968994 , 12.50000
75.04 , 36.7111968994 , 12.50583
75.07 , 36.8198127746 , 12.51183
75.11 , 36.8198127746 , 12.51767
75.14 , 36.7111968994 , 12.52367
75.18 , 36.7111968994 , 12.52950
75.21 , 36.7111968994 , 12.53533
75.25 , 36.8198127746 , 12.54133
75.28 , 36.8198127746 , 12.54717
75.32 , 36.8198127746 , 12.55317
75.35 , 36.8198127746 , 12.55900
75.39 , 36.8198127746 , 12.56483
75.42 , 36.9284248352 , 12.57067
75.46 , 36.9284248352 , 12.57667
75.50 , 36.9284248352 , 12.58250
75.53 , 37.0370368957 , 12.58850
75.57 , 36.9284248352 , 12.59433
75.60 , 37.0370368957 , 12.60017
75.64 , 37.0370368957 , 12.60600
75.67 , 37.1456489562 , 12.61200
75.71 , 37.0370368957 , 12.61783
75.74 , 37.1456489562 , 12.62383
75.78 , 37.1456489562 , 12.62983
75.81 , 37.1456489562 , 12.63550
75.85 , 37.0370368957 , 12.64150
75.88 , 37.1456489562 , 12.64733
75.92 , 37.1456489562 , 12.65333
75.95 , 37.2542648315 , 12.65917
75.99 , 37.2542648315 , 12.66517
76.02 , 37.2542648315 , 12.67083
76.06 , 37.2542648315 , 12.67683
76.10 , 37.2542648315 , 12.68267
76.13 , 37.2542648315 , 12.68867
76.17 , 37.2542648315 , 12.69450
76.20 , 37.3628768920 , 12.70050
76.24 , 37.3628768920 , 12.70617
76.27 , 37.3628768920 , 12.71217
76.31 , 37.3628768920 , 12.71817
76.34 , 37.3628768920 , 12.72400
76.38 , 37.3628768920 , 12.73000
76.41 , 37.4714889526 , 12.73567
76.45 , 37.4714889526 , 12.74167
76.48 , 37.4714889526 , 12.74750
76.52 , 37.4714889526 , 12.75350
76.56 , 37.4714889526 , 12.75933
76.59 , 37.5801010131 , 12.76533
76.63 , 37.5801010131 , 12.77100
76.66 , 37.5801010131 , 12.77700
76.70 , 37.5801010131 , 12.78283
76.73 , 37.5801010131 , 12.78883
76.77 , 37.6887130737 , 12.79467
76.80 , 37.6887130737 , 12.80067
76.84 , 37.6887130737 , 12.80633
76.87 , 37.6887130737 , 12.81233
76.91 , 37.6887130737 , 12.81833
76.94 , 37.7973289489 , 12.82417
76.98 , 37.7973289489 , 12.83017
77.02 , 37.7973289489 , 12.83600
77.05 , 37.7973289489 , 12.84183
77.09 , 37.7973289489 , 12.84767
77.12 , 37.9059410095 , 12.85367
77.16 , 37.9059410095 , 12.85950
77.19 , 37.9059410095 , 12.86550
77.23 , 37.9059410095 , 12.87133
77.26 , 37.9059410095 , 12.87717
77.30 , 38.0145530700 , 12.88300
77.33 , 38.0145530700 , 12.88900
77.37 , 38.0145530700 , 12.89483
77.40 , 38.1231651306 , 12.90083
77.44 , 38.0145530700 , 12.90683
77.47 , 38.1231651306 , 12.91250
77.51 , 38.1231651306 , 12.91850
77.55 , 38.0145530700 , 12.92433
77.58 , 38.1231651306 , 12.93033
77.62 , 38.1231651306 , 12.93617
77.65 , 38.1231651306 , 12.94200
77.69 , 38.2317810058 , 12.94783
77.72 , 38.2317810058 , 12.95383
77.76 , 38.2317810058 , 12.95967
77.79 , 38.2317810058 , 12.96567
77.83 , 38.2317810058 , 12.97150
77.86 , 38.3403930664 , 12.97733
77.90 , 38.1231651306 , 12.98317
77.93 , 38.2317810058 , 12.98917
77.97 , 38.2317810058 , 12.99500
78.01 , 38.3403930664 , 13.00100
78.04 , 38.2317810058 , 13.00700
78.08 , 38.3403930664 , 13.01267
78.11 , 38.4490051269 , 13.01867
78.15 , 38.3403930664 , 13.02450
78.18 , 38.3403930664 , 13.03050
78.22 , 38.4490051269 , 13.03633
78.25 , 38.4490051269 , 13.04233
78.29 , 38.4490051269 , 13.04800
78.32 , 38.4490051269 , 13.05400
78.36 , 38.4490051269 , 13.05983
78.39 , 38.4490051269 , 13.06583
78.43 , 38.4490051269 , 13.07167
78.47 , 38.5576171875 , 13.07767
78.50 , 38.6662292480 , 13.08333
78.54 , 38.5576171875 , 13.08933
78.57 , 38.6662292480 , 13.09533
78.61 , 38.6662292480 , 13.10117
78.64 , 38.6662292480 , 13.10717
78.68 , 38.6662292480 , 13.11300
78.71 , 38.6662292480 , 13.11883
78.75 , 38.6662292480 , 13.12467
78.78 , 38.6662292480 , 13.13067
78.82 , 38.7748451232 , 13.13650
78.86 , 38.7748451232 , 13.14250
78.89 , 38.7748451232 , 13.14817
78.93 , 38.8834571838 , 13.15417
78.96 , 38.8834571838 , 13.16000
79.00 , 38.7748451232 , 13.16600
79.03 , 38.8834571838 , 13.17183
79.07 , 38.9920692443 , 13.17783
79.10 , 38.8834571838 , 13.18350
79.14 , 38.9920692443 , 13.18950
79.17 , 38.9920692443 , 13.19550
79.21 , 38.9920692443 , 13.20133
79.24 , 39.1006813049 , 13.20733
79.28 , 39.1006813049 , 13.21317
79.31 , 38.9920692443 , 13.21900
79.35 , 39.1006813049 , 13.22483
79.38 , 39.2092971801 , 13.23083
79.42 , 39.1006813049 , 13.23667
79.46 , 39.1006813049 , 13.24267
79.49 , 39.1006813049 , 13.24850
79.53 , 39.2092971801 , 13.25433
79.56 , 39.1006813049 , 13.26017
79.60 , 39.1006813049 , 13.26617
79.63 , 39.2092971801 , 13.27200
79.67 , 39.2092971801 , 13.27800
79.70 , 39.2092971801 , 13.28400
79.74 , 39.2092971801 , 13.28967
79.77 , 39.2092971801 , 13.29567
79.81 , 39.3179092407 , 13.30150
79.84 , 39.3179092407 , 13.30750
79.88 , 39.3179092407 , 13.31333
79.92 , 39.4265213012 , 13.31933
79.95 , 39.3179092407 , 13.32500
79.99 , 39.3179092407 , 13.33100
80.02 , 39.4265213012 , 13.33683
80.06 , 39.4265213012 , 13.34283
80.09 , 39.3179092407 , 13.34867
80.13 , 39.4265213012 , 13.35467
80.16 , 39.5351333618 , 13.36033
80.20 , 39.5351333618 , 13.36633
80.23 , 39.4265213012 , 13.37217
80.27 , 39.5351333618 , 13.37817
80.30 , 39.5351333618 , 13.38417
80.34 , 39.5351333618 , 13.38983
80.37 , 39.5351333618 , 13.39583
80.41 , 39.6437454223 , 13.40167
80.45 , 39.6437454223 , 13.40767
80.48 , 39.6437454223 , 13.41350
80.52 , 39.7523612976 , 13.41950
80.55 , 39.6437454223 , 13.42517
80.59 , 39.6437454223 , 13.43117
80.62 , 39.7523612976 , 13.43700
80.66 , 39.7523612976 , 13.44300
80.69 , 39.7523612976 , 13.44883
80.73 , 39.7523612976 , 13.45483
80.76 , 39.7523612976 , 13.46050
80.80 , 39.7523612976 , 13.46650
80.83 , 39.7523612976 , 13.47250
80.87 , 39.8609733581 , 13.47833
80.91 , 39.8609733581 , 13.48433
80.94 , 39.8609733581 , 13.49017
80.98 , 39.8609733581 , 13.49600
81.01 , 39.8609733581 , 13.50183
81.05 , 39.9695854187 , 13.50783
81.08 , 39.9695854187 , 13.51367
81.12 , 40.0781974792 , 13.51967
81.15 , 40.0781974792 , 13.52550
81.19 , 40.0781974792 , 13.53133
81.22 , 40.0781974792 , 13.53717
81.26 , 40.0781974792 , 13.54317
81.29 , 40.0781974792 , 13.54900
81.33 , 40.0781974792 , 13.55500
81.36 , 40.1868133544 , 13.56067
81.40 , 40.1868133544 , 13.56667
81.44 , 40.1868133544 , 13.57267
81.47 , 40.1868133544 , 13.57850
81.51 , 40.1868133544 , 13.58450
81.54 , 40.2954254150 , 13.59033
81.58 , 40.1868133544 , 13.59617
81.61 , 40.1868133544 , 13.60200
81.65 , 40.4040374755 , 13.60800
81.68 , 40.2954254150 , 13.61383
81.72 , 40.4040374755 , 13.61983
81.75 , 40.2954254150 , 13.62567
81.79 , 40.2954254150 , 13.63150
81.82 , 40.4040374755 , 13.63733
81.86 , 40.4040374755 , 13.64333
81.89 , 40.4040374755 , 13.64917
81.93 , 40.5126495361 , 13.65517
81.97 , 40.5126495361 , 13.66117
82.00 , 40.5126495361 , 13.66683
82.04 , 40.5126495361 , 13.67283
82.07 , 40.6212615966 , 13.67867
82.11 , 40.6212615966 , 13.68467
82.14 , 40.5126495361 , 13.69050
82.18 , 40.6212615966 , 13.69650
82.21 , 40.6212615966 , 13.70217
82.25 , 40.6212615966 , 13.70817
82.28 , 40.6212615966 , 13.71400
82.32 , 40.6212615966 , 13.72000
82.36 , 40.6212615966 , 13.72583
82.39 , 40.7298774719 , 13.73183
82.43 , 40.7298774719 , 13.73750
82.46 , 40.7298774719 , 13.74350
82.50 , 40.7298774719 , 13.74933
82.53 , 40.7298774719 , 13.75533
82.57 , 40.7298774719 , 13.76133
82.60 , 40.7298774719 , 13.76717
82.64 , 40.8384895324 , 13.77300
82.67 , 40.8384895324 , 13.77883
82.71 , 40.8384895324 , 13.78483
82.74 , 40.8384895324 , 13.79067
82.78 , 40.8384895324 , 13.79667
82.81 , 40.8384895324 , 13.80233
82.85 , 40.8384895324 , 13.80833
82.88 , 40.9471015930 , 13.81417
82.92 , 40.9471015930 , 13.82017
82.96 , 40.9471015930 , 13.82600
82.99 , 40.9471015930 , 13.83200
83.03 , 41.0557136535 , 13.83767
83.06 , 40.9471015930 , 13.84367
83.10 , 41.0557136535 , 13.84967
83.13 , 40.9471015930 , 13.85550
83.17 , 41.0557136535 , 13.86150
83.20 , 41.0557136535 , 13.86733
83.24 , 41.0557136535 , 13.87317
83.27 , 41.0557136535 , 13.87900
83.31 , 41.0557136535 , 13.88500
83.34 , 41.1643295288 , 13.89083
83.38 , 41.0557136535 , 13.89683
83.42 , 41.0557136535 , 13.90267
83.45 , 41.1643295288 , 13.90850
83.49 , 41.1643295288 , 13.91433
83.52 , 41.1643295288 , 13.92033
83.56 , 41.1643295288 , 13.92617
83.59 , 41.2729415893 , 13.93217
83.63 , 41.2729415893 , 13.93800
83.66 , 41.2729415893 , 13.94383
83.70 , 41.2729415893 , 13.94983
83.73 , 41.2729415893 , 13.95567
83.77 , 41.2729415893 , 13.96167
83.80 , 41.3815536499 , 13.96750
83.84 , 41.4901657104 , 13.97350
83.87 , 41.3815536499 , 13.97917
83.91 , 41.4901657104 , 13.98517
83.95 , 41.3815536499 , 13.99100
83.98 , 41.3815536499 , 13.99700
84.02 , 41.3815536499 , 14.00283
84.05 , 41.4901657104 , 14.00867
84.09 , 41.4901657104 , 14.01450
84.12 , 41.4901657104 , 14.02050
84.16 , 41.4901657104 , 14.02633
84.19 , 41.4901657104 , 14.03233
84.23 , 41.5987777709 , 14.03833
84.26 , 41.5987777709 , 14.04400
84.30 , 41.4901657104 , 14.05000
84.33 , 41.5987777709 , 14.05583
84.37 , 41.5987777709 , 14.06183
84.41 , 41.5987777709 , 14.06767
84.44 , 41.5987777709 , 14.07367
84.48 , 41.5987777709 , 14.07933
84.51 , 41.5987777709 , 14.08533
84.55 , 41.7073974609 , 14.09117
84.58 , 41.7073974609 , 14.09717
84.62 , 41.8160095214 , 14.10300
84.65 , 41.8160095214 , 14.10900
84.69 , 41.7073974609 , 14.11467
84.72 , 41.8160095214 , 14.12067
84.76 , 41.8160095214 , 14.12650
84.79 , 41.8160095214 , 14.13250
84.83 , 41.8160095214 , 14.13850
84.87 , 41.8160095214 , 14.14433
84.90 , 41.8160095214 , 14.15017
84.94 , 41.9246215820 , 14.15600
84.97 , 41.8160095214 , 14.16200
85.01 , 41.8160095214 , 14.16783
85.04 , 41.9246215820 , 14.17383
85.08 , 42.0332374572 , 14.17967
85.11 , 41.9246215820 , 14.18550
85.15 , 42.0332374572 , 14.19133
85.18 , 42.0332374572 , 14.19733
85.22 , 41.9246215820 , 14.20317
85.25 , 41.9246215820 , 14.20917
85.29 , 42.1418495178 , 14.21483
85.32 , 42.1418495178 , 14.22083
85.36 , 42.0332374572 , 14.22683
85.40 , 42.0332374572 , 14.23267
85.43 , 42.1418495178 , 14.23867
85.47 , 42.1418495178 , 14.24450
85.50 , 42.1418495178 , 14.25033
85.54 , 42.1418495178 , 14.25617
85.57 , 42.2504615783 , 14.26217
85.61 , 42.2504615783 , 14.26800
85.64 , 42.2504615783 , 14.27400
85.68 , 42.2504615783 , 14.27983
85.71 , 42.2504615783 , 14.28567
85.75 , 42.2504615783 , 14.29150
85.79 , 42.2504615783 , 14.29750
85.82 , 42.2504615783 , 14.30333
85.86 , 42.3590736389 , 14.30933
85.89 , 42.3590736389 , 14.31517
85.93 , 42.4676895141 , 14.32100
85.96 , 42.2504615783 , 14.32700
86.00 , 42.3590736389 , 14.33283
86.03 , 42.4676895141 , 14.33883
86.07 , 42.4676895141 , 14.34467
86.10 , 42.4676895141 , 14.35067
86.14 , 42.4676895141 , 14.35633
86.17 , 42.5763015747 , 14.36233
86.21 , 42.5763015747 , 14.36817
86.25 , 42.6849136352 , 14.37417
86.28 , 42.5763015747 , 14.38000
86.32 , 42.5763015747 , 14.38600
86.35 , 42.5763015747 , 14.39167
86.39 , 42.6849136352 , 14.39767
86.42 , 42.6849136352 , 14.40350
86.46 , 42.6849136352 , 14.40950
86.49 , 42.6849136352 , 14.41550
86.53 , 42.6849136352 , 14.42133
86.56 , 42.6849136352 , 14.42717
86.60 , 42.6849136352 , 14.43300
86.63 , 42.7935256958 , 14.43900
86.67 , 42.7935256958 , 14.44483
86.70 , 42.7935256958 , 14.45083
86.74 , 42.9021377563 , 14.45650
86.77 , 42.7935256958 , 14.46250
86.81 , 42.9021377563 , 14.46833
86.85 , 42.9021377563 , 14.47433
86.88 , 42.9021377563 , 14.48017
86.92 , 43.0107536315 , 14.48617
86.95 , 42.9021377563 , 14.49183
86.99 , 42.9021377563 , 14.49783
87.02 , 43.0107536315 , 14.50367
87.06 , 43.0107536315 , 14.50967
87.09 , 43.0107536315 , 14.51567
87.13 , 43.0107536315 , 14.52150
87.16 , 43.1193656921 , 14.52733
87.20 , 43.0107536315 , 14.53317
87.23 , 43.1193656921 , 14.53917
87.27 , 43.1193656921 , 14.54500
87.31 , 43.1193656921 , 14.55100
87.34 , 43.1193656921 , 14.55683
87.38 , 43.2279777526 , 14.56267
87.41 , 43.1193656921 , 14.56850
87.45 , 43.2279777526 , 14.57450
87.48 , 43.2279777526 , 14.58033
87.52 , 43.2279777526 , 14.58633
87.55 , 43.2279777526 , 14.59217
87.59 , 43.2279777526 , 14.59800
87.62 , 43.2279777526 , 14.60400
87.66 , 43.2279777526 , 14.60983
87.69 , 43.2279777526 , 14.61583
87.73 , 43.3365898132 , 14.62167
87.77 , 43.3365898132 , 14.62767
87.80 , 43.3365898132 , 14.63333
87.84 , 43.4452056884 , 14.63933
87.87 , 43.4452056884 , 14.64517
87.91 , 43.3365898132 , 14.65117
87.94 , 43.3365898132 , 14.65700
87.98 , 43.5538177490 , 14.66283
88.01 , 43.4452056884 , 14.66867
88.05 , 43.4452056884 , 14.67467
88.08 , 43.5538177490 , 14.68050
88.12 , 43.4452056884 , 14.68650
88.15 , 43.5538177490 , 14.69233
88.19 , 43.5538177490 , 14.69817
88.22 , 43.5538177490 , 14.70417
88.26 , 43.6624298095 , 14.71000
88.30 , 43.6624298095 , 14.71600
88.33 , 43.6624298095 , 14.72183
88.37 , 43.6624298095 , 14.72783
88.40 , 43.6624298095 , 14.73350
88.44 , 43.6624298095 , 14.73950
88.47 , 43.6624298095 , 14.74533
88.51 , 43.6624298095 , 14.75133
88.54 , 43.7710418701 , 14.75717
88.58 , 43.7710418701 , 14.76317
88.61 , 43.7710418701 , 14.76883
88.65 , 43.7710418701 , 14.77483
88.68 , 43.8796539306 , 14.78067
88.72 , 43.8796539306 , 14.78667
88.76 , 43.8796539306 , 14.79267
88.79 , 43.9882698059 , 14.79850
88.83 , 43.8796539306 , 14.80433
88.86 , 43.9882698059 , 14.81017
88.90 , 43.9882698059 , 14.81617
88.93 , 43.9882698059 , 14.82200
88.97 , 43.9882698059 , 14.82800
89.00 , 44.0968818664 , 14.83383
89.04 , 44.0968818664 , 14.83967
89.07 , 44.0968818664 , 14.84550
89.11 , 44.0968818664 , 14.85150
89.14 , 44.0968818664 , 14.85733
89.18 , 44.0968818664 , 14.86333
89.21 , 44.2054939270 , 14.86900
89.25 , 44.2054939270 , 14.87500
89.29 , 44.2054939270 , 14.88083
89.32 , 44.2054939270 , 14.88683
89.36 , 44.2054939270 , 14.89283
89.39 , 44.3141059875 , 14.89867
89.43 , 44.3141059875 , 14.90450
89.46 , 44.3141059875 , 14.91033
89.50 , 44.3141059875 , 14.91633
89.53 , 44.3141059875 , 14.92217
89.57 , 44.4227218627 , 14.92817
89.60 , 44.3141059875 , 14.93400
89.64 , 44.4227218627 , 14.93983
89.67 , 44.4227218627 , 14.94567
89.71 , 44.4227218627 , 14.95167
89.75 , 44.4227218627 , 14.95750
89.78 , 44.5313339233 , 14.96350
89.82 , 44.5313339233 , 14.96933
89.85 , 44.6399459838 , 14.97517
89.89 , 44.5313339233 , 14.98117
89.92 , 44.6399459838 , 14.98700
89.96 , 44.6399459838 , 14.99300
89.99 , 44.6399459838 , 14.99883
90.03 , 44.7485580444 , 15.00483
90.06 , 44.7485580444 , 15.01050
90.10 , 44.7485580444 , 15.01650
90.13 , 44.6399459838 , 15.02233
90.17 , 44.7485580444 , 15.02833
90.20 , 44.8571701049 , 15.03417
90.24 , 44.7485580444 , 15.04017
90.27 , 44.7485580444 , 15.04583
90.31 , 44.8571701049 , 15.05183
90.35 , 44.8571701049 , 15.05767
90.38 , 44.8571701049 , 15.06367
90.42 , 44.9657859802 , 15.06950
90.45 , 44.9657859802 , 15.07533
90.49 , 44.9657859802 , 15.08133
90.52 , 44.9657859802 , 15.08717
90.56 , 45.0743980407 , 15.09317
90.59 , 45.0743980407 , 15.09900
90.63 , 45.0743980407 , 15.10500
90.66 , 45.0743980407 , 15.11067
90.70 , 45.0743980407 , 15.11667
90.73 , 45.1830101013 , 15.12250
90.77 , 45.1830101013 , 15.12850
90.81 , 45.1830101013 , 15.13433
90.84 , 45.1830101013 , 15.14033
90.88 , 45.1830101013 , 15.14600
90.91 , 45.2916221618 , 15.15200
90.95 , 45.2916221618 , 15.15783
90.98 , 45.2916221618 , 15.16383
91.02 , 45.2916221618 , 15.16983
91.05 , 45.4002380371 , 15.17567
91.09 , 45.4002380371 , 15.18150
91.12 , 45.4002380371 , 15.18733
91.16 , 45.4002380371 , 15.19333
91.19 , 45.6174621582 , 15.19917
91.23 , 45.5088500976 , 15.20517
91.27 , 45.6174621582 , 15.21100
91.30 , 45.6174621582 , 15.21683
91.34 , 45.6174621582 , 15.22267
91.37 , 45.7260742187 , 15.22867
91.41 , 45.7260742187 , 15.23450
91.44 , 45.6174621582 , 15.24050
91.48 , 45.7260742187 , 15.24633
91.51 , 45.7260742187 , 15.25217
91.55 , 45.7260742187 , 15.25800
91.58 , 45.7260742187 , 15.26400
91.62 , 45.8346862792 , 15.27000
91.65 , 45.8346862792 , 15.27583
91.69 , 45.8346862792 , 15.28183
91.72 , 45.9433021545 , 15.28750
91.76 , 45.9433021545 , 15.29350
91.80 , 45.9433021545 , 15.29933
91.83 , 45.9433021545 , 15.30533
91.87 , 45.9433021545 , 15.31117
91.90 , 45.9433021545 , 15.31700
91.94 , 46.0519142150 , 15.32283
91.97 , 46.0519142150 , 15.32883
92.01 , 46.0519142150 , 15.33467
92.04 , 46.1605262756 , 15.34067
92.08 , 46.1605262756 , 15.34650
92.11 , 46.0519142150 , 15.35233
92.15 , 46.1605262756 , 15.35833
92.18 , 46.1605262756 , 15.36417
92.22 , 46.2691383361 , 15.37017
92.26 , 46.2691383361 , 15.37600
92.29 , 46.2691383361 , 15.38200
92.33 , 46.2691383361 , 15.38767
92.36 , 46.2691383361 , 15.39367
92.40 , 46.3777542114 , 15.39950
92.43 , 46.3777542114 , 15.40550
92.47 , 46.3777542114 , 15.41133
92.50 , 46.3777542114 , 15.41733
92.54 , 46.4863662719 , 15.42300
92.57 , 46.3777542114 , 15.42900
92.61 , 46.5949783325 , 15.43483
92.64 , 46.3777542114 , 15.44083
92.68 , 46.4863662719 , 15.44667
92.72 , 46.4863662719 , 15.45267
92.75 , 46.5949783325 , 15.45850
92.79 , 46.5949783325 , 15.46433
92.82 , 46.7035903930 , 15.47033
92.86 , 46.7035903930 , 15.47617
92.89 , 46.7035903930 , 15.48217
92.93 , 46.7035903930 , 15.48800
92.96 , 46.7035903930 , 15.49383
93.00 , 46.7035903930 , 15.49967
93.03 , 46.8122024536 , 15.50567
93.07 , 46.8122024536 , 15.51150
93.11 , 46.8122024536 , 15.51750
93.14 , 46.8122024536 , 15.52317
93.18 , 46.8122024536 , 15.52917
93.21 , 46.9208183288 , 15.53500
93.25 , 47.0294303894 , 15.54100
93.28 , 46.9208183288 , 15.54700
93.32 , 47.0294303894 , 15.55283
93.35 , 47.0294303894 , 15.55867
93.39 , 46.9208183288 , 15.56450
93.42 , 47.0294303894 , 15.57050
93.46 , 47.1380424499 , 15.57633
93.49 , 47.1380424499 , 15.58233
93.53 , 47.1380424499 , 15.58817
93.56 , 47.2466621398 , 15.59400
93.60 , 47.2466621398 , 15.59983
93.63 , 47.2466621398 , 15.60583
93.67 , 47.3552742004 , 15.61167
93.71 , 47.3552742004 , 15.61767
93.74 , 47.3552742004 , 15.62350
93.78 , 47.3552742004 , 15.62933
93.81 , 47.3552742004 , 15.63517
93.85 , 47.3552742004 , 15.64117
93.88 , 47.4638862609 , 15.64717
93.92 , 47.4638862609 , 15.65300
93.95 , 47.4638862609 , 15.65900
93.99 , 47.4638862609 , 15.66467
94.02 , 47.4638862609 , 15.67067
94.06 , 47.5724983215 , 15.67650
94.09 , 47.5724983215 , 15.68250
94.13 , 47.5724983215 , 15.68833
94.17 , 47.6811141967 , 15.69433
94.20 , 47.5724983215 , 15.70000
94.24 , 47.6811141967 , 15.70600
94.27 , 47.7897262573 , 15.71183
94.31 , 47.6811141967 , 15.71783
94.34 , 47.6811141967 , 15.72367
94.38 , 47.7897262573 , 15.72950
94.41 , 47.7897262573 , 15.73550
94.45 , 47.7897262573 , 15.74133
94.48 , 47.7897262573 , 15.74733
94.52 , 47.8983383178 , 15.75317
94.55 , 47.8983383178 , 15.75917
94.59 , 47.8983383178 , 15.76483
94.62 , 47.8983383178 , 15.77083
94.66 , 47.8983383178 , 15.77667
94.70 , 48.0069503784 , 15.78267
94.73 , 48.0069503784 , 15.78850
94.77 , 48.0069503784 , 15.79450
94.80 , 48.0069503784 , 15.80017
94.84 , 48.1155624389 , 15.80617
94.87 , 48.1155624389 , 15.81200
94.91 , 48.1155624389 , 15.81800
94.94 , 48.1155624389 , 15.82383
94.98 , 48.1155624389 , 15.82983
95.01 , 48.1155624389 , 15.83567
95.05 , 48.2241783142 , 15.84150
95.08 , 48.2241783142 , 15.84750
95.12 , 48.2241783142 , 15.85333
95.16 , 48.3327903747 , 15.85933
95.19 , 48.3327903747 , 15.86517
95.23 , 48.3327903747 , 15.87100
95.26 , 48.3327903747 , 15.87683
95.30 , 48.3327903747 , 15.88283
95.33 , 48.4414024353 , 15.88867
95.37 , 48.4414024353 , 15.89467
95.40 , 48.4414024353 , 15.90050
95.44 , 48.4414024353 , 15.90633
95.47 , 48.5500144958 , 15.91217
95.51 , 48.5500144958 , 15.91817
95.54 , 48.6586303710 , 15.92417
95.58 , 48.5500144958 , 15.93000
95.62 , 48.5500144958 , 15.93600
95.65 , 48.6586303710 , 15.94167
95.69 , 48.6586303710 , 15.94767
95.72 , 48.7672424316 , 15.95350
95.76 , 48.7672424316 , 15.95950
95.79 , 48.7672424316 , 15.96533
95.83 , 48.7672424316 , 15.97117
95.86 , 48.8758544921 , 15.97700
95.90 , 48.8758544921 , 15.98300
95.93 , 48.8758544921 , 15.98883
95.97 , 48.8758544921 , 15.99483
96.00 , 48.8758544921 , 16.00067
96.04 , 48.9844665527 , 16.00650
96.07 , 48.9844665527 , 16.01233
96.11 , 49.0930786132 , 16.01833
96.15 , 48.9844665527 , 16.02433
96.18 , 49.0930786132 , 16.03017
96.22 , 49.0930786132 , 16.03617
96.25 , 49.0930786132 , 16.04183
96.29 , 49.0930786132 , 16.04784
96.32 , 49.0930786132 , 16.05367
96.36 , 49.2016944885 , 16.05967
96.39 , 49.2016944885 , 16.06550
96.43 , 49.2016944885 , 16.07150
96.46 , 49.3103065490 , 16.07717
96.50 , 49.2016944885 , 16.08317
96.53 , 49.3103065490 , 16.08900
96.57 , 49.3103065490 , 16.09500
96.61 , 49.4189186096 , 16.10083
96.64 , 49.3103065490 , 16.10684
96.68 , 49.4189186096 , 16.11267
96.71 , 49.4189186096 , 16.11850
96.75 , 49.4189186096 , 16.12450
96.78 , 49.5275306701 , 16.13033
96.82 , 49.5275306701 , 16.13633
96.85 , 49.5275306701 , 16.14200
96.89 , 49.5275306701 , 16.14800
96.92 , 49.5275306701 , 16.15383
96.96 , 49.6361465454 , 16.15983
96.99 , 49.5275306701 , 16.16567
97.03 , 49.5275306701 , 16.17167
97.06 , 49.6361465454 , 16.17733
97.10 , 49.6361465454 , 16.18334
97.13 , 49.7447586059 , 16.18917
97.17 , 49.7447586059 , 16.19517
97.21 , 49.6361465454 , 16.20100
97.24 , 49.7447586059 , 16.20700
97.28 , 49.8533706665 , 16.21283
97.31 , 49.8533706665 , 16.21867
97.35 , 49.8533706665 , 16.22467
97.38 , 49.8533706665 , 16.23050
97.42 , 49.8533706665 , 16.23650
97.45 , 49.8533706665 , 16.24234
97.49 , 49.9619827270 , 16.24817
97.52 , 49.8533706665 , 16.25400
97.56 , 49.9619827270 , 16.26000
97.59 , 49.9619827270 , 16.26584
97.63 , 50.0705947875 , 16.27183
97.67 , 50.0705947875 , 16.27767
97.70 , 50.0705947875 , 16.28350
97.74 , 50.1792106628 , 16.28933
97.77 , 50.0705947875 , 16.29533
97.81 , 50.1792106628 , 16.30134
97.84 , 50.1792106628 , 16.30717
97.88 , 50.2878227233 , 16.31317
97.91 , 50.2878227233 , 16.31884
97.95 , 50.2878227233 , 16.32483
97.98 , 50.3964347839 , 16.33067
98.02 , 50.3964347839 , 16.33667
98.05 , 50.3964347839 , 16.34250
98.09 , 50.3964347839 , 16.34850
98.12 , 50.3964347839 , 16.35417
98.16 , 50.5050468444 , 16.36017
98.20 , 50.5050468444 , 16.36600
98.23 , 50.3964347839 , 16.37200
98.27 , 50.5050468444 , 16.37784
98.30 , 50.6136627197 , 16.38367
98.34 , 50.6136627197 , 16.38950
98.37 , 50.6136627197 , 16.39550
98.41 , 50.6136627197 , 16.40150
98.44 , 50.6136627197 , 16.40733
98.48 , 50.7222747802 , 16.41333
98.51 , 50.7222747802 , 16.41900
98.55 , 50.8308868408 , 16.42500
98.58 , 50.8308868408 , 16.43083
98.62 , 50.8308868408 , 16.43684
98.66 , 50.8308868408 , 16.44267
98.69 , 50.8308868408 , 16.44867
98.73 , 50.9394989013 , 16.45433
98.76 , 50.9394989013 , 16.46034
98.80 , 50.9394989013 , 16.46617
98.83 , 50.9394989013 , 16.47217
98.87 , 50.9394989013 , 16.47800
98.90 , 50.9394989013 , 16.48400
98.94 , 51.0481109619 , 16.48983
98.97 , 51.0481109619 , 16.49567
99.01 , 51.0481109619 , 16.50167
99.04 , 51.1567268371 , 16.50750
99.08 , 51.0481109619 , 16.51350
99.12 , 51.1567268371 , 16.51933
99.15 , 51.1567268371 , 16.52517
99.19 , 51.1567268371 , 16.53100
99.22 , 51.2653388977 , 16.53700
99.26 , 51.2653388977 , 16.54284
99.29 , 51.2653388977 , 16.54883
99.33 , 51.2653388977 , 16.55467
99.36 , 51.2653388977 , 16.56050
99.40 , 51.2653388977 , 16.56633
99.43 , 51.3739509582 , 16.57234
99.47 , 51.3739509582 , 16.57817
99.50 , 51.3739509582 , 16.58417
99.54 , 51.3739509582 , 16.59000
99.57 , 51.3739509582 , 16.59583
99.61 , 51.4825630187 , 16.60183
99.65 , 51.4825630187 , 16.60767
99.68 , 51.4825630187 , 16.61367
99.72 , 51.5911788940 , 16.61950
99.75 , 51.5911788940 , 16.62533
99.79 , 51.5911788940 , 16.63117
99.82 , 51.5911788940 , 16.63717
99.86 , 51.6997909545 , 16.64300
99.89 , 51.5911788940 , 16.64900
99.93 , 51.6997909545 , 16.65484
99.96 , 51.6997909545 , 16.66067
100.00 , 51.6997909545 , 16.66650
100.04 , 51.8084030151 , 16.67267
100.07 , 51.8084030151 , 16.67883
100.11 , 51.8084030151 , 16.68483
100.15 , 51.9170150756 , 16.69100
100.18 , 51.9170150756 , 16.69700
100.22 , 51.9170150756 , 16.70300
100.25 , 52.0256271362 , 16.70900
100.29 , 51.9170150756 , 16.71517
100.33 , 52.0256271362 , 16.72117
100.36 , 52.0256271362 , 16.72733
100.40 , 52.0256271362 , 16.73333
100.44 , 52.1342430114 , 16.73933
100.47 , 52.1342430114 , 16.74550
100.51 , 52.2428550720 , 16.75150
100.55 , 52.1342430114 , 16.75767
100.58 , 52.2428550720 , 16.76367
100.62 , 52.2428550720 , 16.76984
100.65 , 52.2428550720 , 16.77583
100.69 , 52.3514671325 , 16.78183
100.73 , 52.2428550720 , 16.78783
100.76 , 52.2428550720 , 16.79400
100.80 , 52.2428550720 , 16.80000
100.84 , 52.2428550720 , 16.80617
100.87 , 52.3514671325 , 16.81233
100.91 , 52.4600791931 , 16.81834
100.95 , 52.4600791931 , 16.82433
100.98 , 52.4600791931 , 16.83033
101.02 , 52.4600791931 , 16.83650
101.05 , 52.4600791931 , 16.84250
101.09 , 52.4600791931 , 16.84867
101.13 , 52.5686950683 , 16.85467
101.16 , 52.5686950683 , 16.86083
101.20 , 52.5686950683 , 16.86667
101.24 , 52.5686950683 , 16.87283
101.27 , 52.6773071289 , 16.87900
101.31 , 52.6773071289 , 16.88500
101.35 , 52.6773071289 , 16.89117
101.38 , 52.7859230041 , 16.89717
101.42 , 52.7859230041 , 16.90333
101.45 , 52.7859230041 , 16.90917
101.49 , 52.7859230041 , 16.91533
101.53 , 52.7859230041 , 16.92133
101.56 , 52.8945388793 , 16.92750
101.60 , 52.8945388793 , 16.93367
101.64 , 52.8945388793 , 16.93967
101.68 , 52.8945388793 , 16.94584
101.71 , 52.8945388793 , 16.95167
101.75 , 53.0031509399 , 16.95783
101.78 , 52.8945388793 , 16.96383
101.82 , 52.8945388793 , 16.97000
101.86 , 53.0031509399 , 16.97600
101.89 , 53.0031509399 , 16.98217
101.93 , 53.0031509399 , 16.98800
101.96 , 53.1117630004 , 16.99417
102.00 , 53.1117630004 , 17.00033
102.04 , 53.1117630004 , 17.00634
102.07 , 53.1117630004 , 17.01250
102.11 , 53.2203750610 , 17.01850
102.15 , 53.2203750610 , 17.02467
102.18 , 53.2203750610 , 17.03050
102.22 , 53.3289871215 , 17.03667
102.26 , 53.3289871215 , 17.04267
102.29 , 53.3289871215 , 17.04883
102.33 , 53.3289871215 , 17.05484
102.37 , 53.4376029968 , 17.06100
102.40 , 53.4376029968 , 17.06717
102.44 , 53.4376029968 , 17.07300
102.47 , 53.4376029968 , 17.07917
102.51 , 53.5462150573 , 17.08517
102.55 , 53.4376029968 , 17.09133
102.58 , 53.5462150573 , 17.09733
102.62 , 53.5462150573 , 17.10350
102.66 , 53.6548271179 , 17.10950
102.69 , 53.5462150573 , 17.11550
102.73 , 53.6548271179 , 17.12150
102.77 , 53.6548271179 , 17.12767
102.80 , 53.6548271179 , 17.13384
102.84 , 53.7634391784 , 17.13983
102.88 , 53.8720550537 , 17.14600
102.91 , 53.7634391784 , 17.15200
102.95 , 53.8720550537 , 17.15800
102.98 , 53.8720550537 , 17.16400
103.02 , 53.9806671142 , 17.17017
103.06 , 53.8720550537 , 17.17617
103.09 , 53.8720550537 , 17.18234
103.13 , 53.9806671142 , 17.18833
103.17 , 53.9806671142 , 17.19433
103.20 , 54.0892791748 , 17.20050
103.24 , 54.0892791748 , 17.20650
103.28 , 54.0892791748 , 17.21267
103.31 , 54.0892791748 , 17.21867
103.35 , 54.1978912353 , 17.22484
103.38 , 54.1978912353 , 17.23084
103.42 , 54.1978912353 , 17.23683
103.46 , 54.1978912353 , 17.24283
103.49 , 54.1978912353 , 17.24900
103.53 , 54.3065032958 , 17.25500
103.57 , 54.3065032958 , 17.26117
103.60 , 54.3065032958 , 17.26733
103.64 , 54.4151191711 , 17.27334
103.68 , 54.4151191711 , 17.27934
103.71 , 54.4151191711 , 17.28533
103.75 , 54.4151191711 , 17.29150
103.79 , 54.4151191711 , 17.29750
103.82 , 54.5237312316 , 17.30367
103.86 , 54.5237312316 , 17.30967
103.89 , 54.5237312316 , 17.31583
103.93 , 54.5237312316 , 17.32184
103.97 , 54.6323432922 , 17.32784
104.00 , 54.6323432922 , 17.33400
104.04 , 54.6323432922 , 17.34000
104.08 , 54.6323432922 , 17.34617
104.11 , 54.6323432922 , 17.35217
104.15 , 54.7409553527 , 17.35833
104.18 , 54.6323432922 , 17.36417
104.22 , 54.7409553527 , 17.37034
104.26 , 54.7409553527 , 17.37634
104.29 , 54.7409553527 , 17.38250
104.33 , 54.8495712280 , 17.38867
104.37 , 54.7409553527 , 17.39467
104.40 , 54.8495712280 , 17.40067
104.44 , 54.8495712280 , 17.40667
104.48 , 54.9581832885 , 17.41283
104.51 , 54.8495712280 , 17.41884
104.55 , 54.9581832885 , 17.42500
104.59 , 54.9581832885 , 17.43100
104.62 , 54.9581832885 , 17.43717
104.66 , 55.0667953491 , 17.44300
104.69 , 55.0667953491 , 17.44917
104.73 , 55.0667953491 , 17.45533
104.77 , 55.1754074096 , 17.46133
104.80 , 55.1754074096 , 17.46750
104.84 , 55.1754074096 , 17.47350
104.88 , 55.1754074096 , 17.47967
104.91 , 55.1754074096 , 17.48550
104.95 , 55.1754074096 , 17.49167
104.99 , 55.2840194702 , 17.49767
105.02 , 55.2840194702 , 17.50383
105.06 , 55.2840194702 , 17.50984
105.10 , 55.3926353454 , 17.51600
105.13 , 55.3926353454 , 17.52217
105.17 , 55.3926353454 , 17.52800
105.20 , 55.5012474060 , 17.53417
105.24 , 55.5012474060 , 17.54017
105.28 , 55.5012474060 , 17.54633
105.31 , 55.5012474060 , 17.55233
105.35 , 55.5012474060 , 17.55850
105.39 , 55.6098594665 , 17.56450
105.42 , 55.7184715270 , 17.57050
105.46 , 55.6098594665 , 17.57650
105.50 , 55.7184715270 , 17.58267
105.53 , 55.7184715270 , 17.58883
105.57 , 55.7184715270 , 17.59483
105.61 , 55.7184715270 , 17.60100
105.64 , 55.7184715270 , 17.60684
105.68 , 55.8270874023 , 17.61300
105.71 , 55.8270874023 , 17.61900
105.75 , 55.8270874023 , 17.62517
105.79 , 55.8270874023 , 17.63117
105.82 , 55.9356994628 , 17.63733
105.86 , 55.9356994628 , 17.64333
105.90 , 55.9356994628 , 17.64933
105.93 , 55.9356994628 , 17.65550
105.97 , 56.0443115234 , 17.66150
106.01 , 56.0443115234 , 17.66767
106.04 , 56.0443115234 , 17.67367
106.08 , 56.1529235839 , 17.67984
106.11 , 56.1529235839 , 17.68583
106.15 , 56.1529235839 , 17.69183
106.19 , 56.1529235839 , 17.69783
106.22 , 56.2615356445 , 17.70400
106.26 , 56.1529235839 , 17.71017
106.30 , 56.2615356445 , 17.71617
106.33 , 56.2615356445 , 17.72233
106.37 , 56.2615356445 , 17.72834
106.41 , 56.3701515197 , 17.73433
106.44 , 56.3701515197 , 17.74033
106.48 , 56.3701515197 , 17.74650
106.51 , 56.3701515197 , 17.75250
106.55 , 56.3701515197 , 17.75867
106.59 , 56.4787635803 , 17.76467
106.62 , 56.4787635803 , 17.77083
106.66 , 56.4787635803 , 17.77684
106.70 , 56.4787635803 , 17.78283
106.73 , 56.4787635803 , 17.78900
106.77 , 56.5873756408 , 17.79500
106.81 , 56.5873756408 , 17.80117
106.84 , 56.5873756408 , 17.80717
106.88 , 56.5873756408 , 17.81333
106.91 , 56.6959877014 , 17.81917
106.95 , 56.6959877014 , 17.82534
106.99 , 56.8046035766 , 17.83133
107.02 , 56.6959877014 , 17.83750
107.06 , 56.8046035766 , 17.84367
107.10 , 56.8046035766 , 17.84967
107.13 , 56.8046035766 , 17.85567
107.17 , 56.8046035766 , 17.86167
107.21 , 56.8046035766 , 17.86783
107.24 , 56.8046035766 , 17.87383
107.28 , 57.0218276977 , 17.88000
107.32 , 57.0218276977 , 17.88600
107.35 , 56.9132156372 , 17.89217
107.39 , 57.0218276977 , 17.89800
107.43 , 57.0218276977 , 17.90417
107.46 , 57.1304397583 , 17.91033
107.50 , 57.0218276977 , 17.91633
107.54 , 57.1304397583 , 17.92250
107.57 , 57.1304397583 , 17.92850
107.61 , 57.1304397583 , 17.93467
107.64 , 57.2390518188 , 17.94050
107.68 , 57.2390518188 , 17.94667
107.72 , 57.2390518188 , 17.95267
107.75 , 57.3476676940 , 17.95883
107.79 , 57.3476676940 , 17.96483
107.83 , 57.3476676940 , 17.97100
107.86 , 57.4562797546 , 17.97717
107.90 , 57.4562797546 , 17.98300
107.93 , 57.4562797546 , 17.98917
107.97 , 57.5648918151 , 17.99517
108.01 , 57.5648918151 , 18.00134
108.04 , 57.5648918151 , 18.00733
108.08 , 57.5648918151 , 18.01350
108.12 , 57.6735038757 , 18.01933
108.15 , 57.6735038757 , 18.02550
108.19 , 57.6735038757 , 18.03150
108.23 , 57.6735038757 , 18.03767
108.26 , 57.6735038757 , 18.04384
108.30 , 57.7821197509 , 18.04984
108.34 , 57.8907318115 , 18.05600
108.37 , 57.7821197509 , 18.06184
108.41 , 57.7821197509 , 18.06800
108.44 , 57.8907318115 , 18.07400
108.48 , 57.8907318115 , 18.08017
108.52 , 57.8907318115 , 18.08617
108.55 , 57.9993438720 , 18.09234
108.59 , 57.9993438720 , 18.09850
108.63 , 57.9993438720 , 18.10433
108.66 , 57.9993438720 , 18.11050
108.70 , 57.9993438720 , 18.11650
108.74 , 58.1079559326 , 18.12267
108.77 , 58.1079559326 , 18.12867
108.81 , 58.1079559326 , 18.13484
108.84 , 58.1079559326 , 18.14084
108.88 , 58.1079559326 , 18.14683
108.92 , 58.2165679931 , 18.15283
108.95 , 58.2165679931 , 18.15900
108.99 , 58.2165679931 , 18.16517
109.03 , 58.2165679931 , 18.17117
109.06 , 58.3251838684 , 18.17733
109.10 , 58.3251838684 , 18.18334
109.14 , 58.4337997436 , 18.18934
109.17 , 58.3251838684 , 18.19533
109.21 , 58.4337997436 , 18.20150
109.25 , 58.4337997436 , 18.20750
109.28 , 58.4337997436 , 18.21367
109.32 , 58.5424118041 , 18.21967
109.36 , 58.5424118041 , 18.22583
109.39 , 58.5424118041 , 18.23184
109.43 , 58.5424118041 , 18.23784
109.46 , 58.5424118041 , 18.24400
109.50 , 58.6510276794 , 18.25000
109.54 , 58.6510276794 , 18.25617
109.57 , 58.7596397399 , 18.26217
109.61 , 58.6510276794 , 18.26817
109.64 , 58.7596397399 , 18.27417
109.68 , 58.7596397399 , 18.28034
109.72 , 58.8682518005 , 18.28634
109.75 , 58.7596397399 , 18.29250
109.79 , 58.8682518005 , 18.29867
109.83 , 58.8682518005 , 18.30467
109.86 , 58.8682518005 , 18.31067
109.90 , 58.9768638610 , 18.31667
109.94 , 58.9768638610 , 18.32283
109.97 , 58.9768638610 , 18.32884
110.01 , 58.9768638610 , 18.33500
110.05 , 59.0854797363 , 18.34100
110.08 , 59.0854797363 , 18.34717
110.12 , 59.0854797363 , 18.35300
110.15 , 59.1940917968 , 18.35917
110.19 , 59.1940917968 , 18.36533
110.23 , 59.1940917968 , 18.37133
110.26 , 59.1940917968 , 18.37750
110.30 , 59.1940917968 , 18.38350
110.34 , 59.3027038574 , 18.38967
110.37 , 59.4113159179 , 18.39550
110.41 , 59.3027038574 , 18.40167
110.45 , 59.4113159179 , 18.40767
110.48 , 59.4113159179 , 18.41383
110.52 , 59.4113159179 , 18.41983
110.56 , 59.5199279785 , 18.42600
110.59 , 59.5199279785 , 18.43217
110.63 , 59.5199279785 , 18.43800
110.66 , 59.5199279785 , 18.44417
110.70 , 59.5199279785 , 18.45017
110.74 , 59.6285438537 , 18.45633
110.77 , 59.6285438537 , 18.46233
110.81 , 59.6285438537 , 18.46850
110.85 , 59.7371559143 , 18.47434
110.88 , 59.7371559143 , 18.48050
110.92 , 59.7371559143 , 18.48667
110.96 , 59.7371559143 , 18.49267
110.99 , 59.7371559143 , 18.49883
111.03 , 59.8457679748 , 18.50483
111.07 , 59.8457679748 , 18.51100
111.10 , 59.9543800354 , 18.51683
111.14 , 59.9543800354 , 18.52300
111.17 , 59.9543800354 , 18.52900
111.21 , 59.9543800354 , 18.53517
111.25 , 59.9543800354 , 18.54117
111.28 , 59.9543800354 , 18.54733
111.32 , 60.0629959106 , 18.55350
111.36 , 59.9543800354 , 18.55933
111.39 , 60.0629959106 , 18.56550
111.43 , 60.0629959106 , 18.57150
111.47 , 60.0629959106 , 18.57767
111.50 , 60.0629959106 , 18.58367
111.54 , 60.1716079711 , 18.58983
111.57 , 60.1716079711 , 18.59583
111.61 , 60.1716079711 , 18.60183
111.65 , 60.2802200317 , 18.60783
111.68 , 60.2802200317 , 18.61400
111.72 , 60.2802200317 , 18.62017
111.76 , 60.3888320922 , 18.62617
111.79 , 60.2802200317 , 18.63233
111.83 , 60.3888320922 , 18.63833
111.87 , 60.3888320922 , 18.64433
111.90 , 60.3888320922 , 18.65033
111.94 , 60.3888320922 , 18.65650
111.97 , 60.4974441528 , 18.66250
112.01 , 60.6060600280 , 18.66867
112.05 , 60.4974441528 , 18.67467
112.08 , 60.6060600280 , 18.68067
112.12 , 60.6060600280 , 18.68684
112.16 , 60.7146720886 , 18.69283
112.19 , 60.6060600280 , 18.69900
112.23 , 60.6060600280 , 18.70500
112.27 , 60.7146720886 , 18.71117
112.30 , 60.7146720886 , 18.71717
112.34 , 60.7146720886 , 18.72317
112.37 , 60.7146720886 , 18.72917
112.41 , 60.8232841491 , 18.73534
112.45 , 60.8232841491 , 18.74133
112.48 , 60.9318962097 , 18.74750
112.52 , 60.9318962097 , 18.75367
112.56 , 61.0405120849 , 18.75967
112.59 , 61.0405120849 , 18.76567
112.63 , 61.0405120849 , 18.77167
112.67 , 61.1491241455 , 18.77783
112.70 , 61.0405120849 , 18.78384
112.74 , 61.1491241455 , 18.79000
112.78 , 61.1491241455 , 18.79600
112.81 , 61.1491241455 , 18.80217
112.85 , 61.2577362060 , 18.80800
112.88 , 61.2577362060 , 18.81417
112.92 , 61.2577362060 , 18.82033
112.96 , 61.2577362060 , 18.82633
113.00 , 61.3663482666 , 18.83250
113.03 , 61.2577362060 , 18.83850
113.07 , 61.3663482666 , 18.84467
113.10 , 61.3663482666 , 18.85050
113.14 , 61.3663482666 , 18.85667
113.18 , 61.4749603271 , 18.86267
113.21 , 61.4749603271 , 18.86883
113.25 , 61.4749603271 , 18.87500
113.29 , 61.4749603271 , 18.88100
113.32 , 61.4749603271 , 18.88717
113.36 , 61.5835762023 , 18.89300
113.39 , 61.4749603271 , 18.89917
113.43 , 61.6921882629 , 18.90517
113.47 , 61.6921882629 , 18.91134
113.50 , 61.6921882629 , 18.91733
113.54 , 61.6921882629 , 18.92350
113.58 , 61.6921882629 , 18.92933
113.61 , 61.6921882629 , 18.93550
113.65 , 61.8008003234 , 18.94167
113.69 , 61.8008003234 , 18.94767
113.72 , 61.9094123840 , 18.95384
113.76 , 61.9094123840 , 18.95984
113.80 , 61.9094123840 , 18.96600
113.83 , 61.8008003234 , 18.97183
113.87 , 61.9094123840 , 18.97800
113.90 , 62.0180282592 , 18.98400
113.94 , 62.0180282592 , 18.99017
113.98 , 61.9094123840 , 18.99617
114.01 , 62.0180282592 , 19.00234
114.05 , 62.0180282592 , 19.00850
114.09 , 62.1266403198 , 19.01433
114.12 , 62.0180282592 , 19.02050
114.16 , 62.2352523803 , 19.02650
114.20 , 62.1266403198 , 19.03267
114.23 , 62.2352523803 , 19.03867
114.27 , 62.2352523803 , 19.04483
114.30 , 62.2352523803 , 19.05084
114.34 , 62.2352523803 , 19.05684
114.38 , 62.3438644409 , 19.06283
114.41 , 62.3438644409 , 19.06900
114.45 , 62.3438644409 , 19.07517
114.49 , 62.3438644409 , 19.08117
114.52 , 62.4524765014 , 19.08733
114.56 , 62.4524765014 , 19.09333
114.60 , 62.5610923767 , 19.09934
114.63 , 62.5610923767 , 19.10534
114.67 , 62.5610923767 , 19.11150
114.70 , 62.5610923767 , 19.11750
114.74 , 62.5610923767 , 19.12367
114.78 , 62.6697044372 , 19.12967
114.81 , 62.6697044372 , 19.13567
114.85 , 62.6697044372 , 19.14183
114.89 , 62.7783164978 , 19.14784
114.92 , 62.7783164978 , 19.15400
114.96 , 62.7783164978 , 19.16000
115.00 , 62.8869285583 , 19.16617
115.03 , 62.8869285583 , 19.17217
115.07 , 62.8869285583 , 19.17817
115.11 , 62.8869285583 , 19.18417
115.14 , 62.9955444335 , 19.19034
115.18 , 62.9955444335 , 19.19634
115.21 , 62.9955444335 , 19.20250
115.25 , 62.9955444335 , 19.20867
115.29 , 63.1041564941 , 19.21467
115.32 , 63.1041564941 , 19.22067
115.36 , 62.9955444335 , 19.22667
115.40 , 63.1041564941 , 19.23283
115.43 , 63.1041564941 , 19.23884
115.47 , 63.2127685546 , 19.24500
115.51 , 63.2127685546 , 19.25100
115.54 , 63.3213806152 , 19.25717
115.58 , 63.2127685546 , 19.26317
115.61 , 63.4299926757 , 19.26917
115.65 , 63.3213806152 , 19.27533
115.69 , 63.3213806152 , 19.28133
115.72 , 63.4299926757 , 19.28750
115.76 , 63.4299926757 , 19.29350
115.80 , 63.4299926757 , 19.29967
115.83 , 63.4299926757 , 19.30550
115.87 , 63.4299926757 , 19.31167
115.91 , 63.5386085510 , 19.31767
115.94 , 63.6472206115 , 19.32383
115.98 , 63.5386085510 , 19.33000
116.02 , 63.6472206115 , 19.33600
116.05 , 63.5386085510 , 19.34200
116.09 , 63.6472206115 , 19.34800
116.12 , 63.7558326721 , 19.35417
116.16 , 63.6472206115 , 19.36017
116.20 , 63.7558326721 , 19.36633
116.23 , 63.7558326721 , 19.37233
116.27 , 63.7558326721 , 19.37850
116.31 , 63.7558326721 , 19.38434
116.34 , 63.8644447326 , 19.39050
116.38 , 63.8644447326 , 19.39667
116.42 , 63.8644447326 , 19.40267
116.45 , 63.9730644226 , 19.40884
116.49 , 63.9730644226 , 19.41483
116.53 , 63.9730644226 , 19.42100
116.56 , 63.9730644226 , 19.42683
116.60 , 64.0816802978 , 19.43300
116.63 , 64.0816802978 , 19.43900
116.67 , 63.9730644226 , 19.44517
116.71 , 64.0816802978 , 19.45117
116.74 , 64.1902923583 , 19.45734
116.78 , 64.1902923583 , 19.46350
116.82 , 64.1902923583 , 19.46933
116.85 , 64.2989044189 , 19.47550
116.89 , 64.2989044189 , 19.48150
116.93 , 64.2989044189 , 19.48767
116.96 , 64.4075164794 , 19.49367
117.00 , 64.4075164794 , 19.49983
117.04 , 64.2989044189 , 19.50584
117.07 , 64.4075164794 , 19.51183
117.11 , 64.5161285400 , 19.51783
117.14 , 64.4075164794 , 19.52400
117.18 , 64.6247406005 , 19.53017
117.22 , 64.5161285400 , 19.53617
117.25 , 64.5161285400 , 19.54233
117.29 , 64.6247406005 , 19.54817
117.33 , 64.6247406005 , 19.55433
117.36 , 64.7333526611 , 19.56033
117.40 , 64.7333526611 , 19.56650
117.43 , 64.7333526611 , 19.57250
117.47 , 64.7333526611 , 19.57867
117.51 , 64.7333526611 , 19.58467
117.54 , 64.8419647216 , 19.59067
117.58 , 64.7333526611 , 19.59683
117.62 , 64.8419647216 , 19.60283
117.65 , 64.8419647216 , 19.60900
117.69 , 64.9505767822 , 19.61500
117.73 , 64.9505767822 , 19.62117
117.76 , 64.9505767822 , 19.62717
117.80 , 65.0591964721 , 19.63317
117.83 , 64.9505767822 , 19.63917
117.87 , 65.0591964721 , 19.64533
117.91 , 65.0591964721 , 19.65150
117.94 , 65.0591964721 , 19.65750
117.98 , 65.0591964721 , 19.66367
118.02 , 65.1678085327 , 19.66967
118.05 , 65.1678085327 , 19.67567
118.09 , 65.1678085327 , 19.68167
118.13 , 65.2764205932 , 19.68783
118.16 , 65.2764205932 , 19.69384
118.20 , 65.2764205932 , 19.70000
118.24 , 65.2764205932 , 19.70600
118.27 , 65.3850326538 , 19.71217
118.31 , 65.2764205932 , 19.71817
118.34 , 65.3850326538 , 19.72417
118.38 , 65.3850326538 , 19.73034
118.42 , 65.3850326538 , 19.73633
118.45 , 65.3850326538 , 19.74250
118.49 , 65.6022567749 , 19.74850
118.53 , 65.4936447143 , 19.75467
118.56 , 65.6022567749 , 19.76050
118.60 , 65.6022567749 , 19.76667
118.64 , 65.6022567749 , 19.77267
118.67 , 65.6022567749 , 19.77883
118.71 , 65.6022567749 , 19.78500
118.75 , 65.7108688354 , 19.79100
118.78 , 65.7108688354 , 19.79700
118.82 , 65.7108688354 , 19.80300
118.86 , 65.7108688354 , 19.80917
118.89 , 65.8194808959 , 19.81517
118.93 , 65.8194808959 , 19.82134
118.96 , 65.8194808959 , 19.82733
119.00 , 65.8194808959 , 19.83350
119.04 , 65.9280929565 , 19.83934
119.07 , 65.9280929565 , 19.84550
119.11 , 65.9280929565 , 19.85167
119.15 , 65.9280929565 , 19.85767
119.18 , 66.0367126464 , 19.86384
119.22 , 66.0367126464 , 19.86984
119.26 , 66.0367126464 , 19.87600
119.29 , 66.1453247070 , 19.88183
119.33 , 66.1453247070 , 19.88800
119.36 , 66.1453247070 , 19.89400
119.40 , 66.1453247070 , 19.90017
119.44 , 66.2539367675 , 19.90617
119.47 , 66.3625488281 , 19.91234
119.51 , 66.3625488281 , 19.91850
119.55 , 66.3625488281 , 19.92433
119.58 , 66.4711608886 , 19.93050
119.62 , 66.3625488281 , 19.93650
119.66 , 66.4711608886 , 19.94267
119.69 , 66.4711608886 , 19.94867
119.73 , 66.5797729492 , 19.95483
119.76 , 66.4711608886 , 19.96067
119.80 , 66.4711608886 , 19.96684
119.84 , 66.6883850097 , 19.97283
119.87 , 66.5797729492 , 19.97900
119.91 , 66.5797729492 , 19.98517
119.95 , 66.6883850097 , 19.99117
119.98 , 66.6883850097 , 19.99733
120.02 , 66.7969970703 , 20.00317
120.06 , 66.7969970703 , 20.00934
120.09 , 66.6883850097 , 20.01534
120.13 , 66.9056091308 , 20.02150
120.16 , 66.9056091308 , 20.02750
120.20 , 66.9056091308 , 20.03367
120.24 , 66.9056091308 , 20.03983
120.27 , 66.9056091308 , 20.04567
120.31 , 67.0142288208 , 20.05183
120.35 , 67.0142288208 , 20.05784
120.38 , 67.0142288208 , 20.06400
120.42 , 67.0142288208 , 20.07000
120.46 , 67.1228408813 , 20.07617
120.49 , 67.1228408813 , 20.08217
120.53 , 67.1228408813 , 20.08817
120.56 , 67.1228408813 , 20.09417
120.60 , 67.2314529418 , 20.10033
120.64 , 67.2314529418 , 20.10650
120.68 , 67.2314529418 , 20.11250
120.71 , 67.3400650024 , 20.11867
120.75 , 67.3400650024 , 20.12467
120.78 , 67.2314529418 , 20.13067
120.82 , 67.3400650024 , 20.13667
120.86 , 67.3400650024 , 20.14283
120.89 , 67.3400650024 , 20.14883
120.93 , 67.4486770629 , 20.15500
120.97 , 67.5572891235 , 20.16100
121.00 , 67.4486770629 , 20.16717
121.04 , 67.5572891235 , 20.17317
121.07 , 67.5572891235 , 20.17917
121.11 , 67.5572891235 , 20.18533
121.15 , 67.6659011840 , 20.19133
121.18 , 67.6659011840 , 20.19750
121.22 , 67.6659011840 , 20.20350
121.26 , 67.6659011840 , 20.20950
121.29 , 67.7745132446 , 20.21550
121.33 , 67.7745132446 , 20.22167
121.37 , 67.7745132446 , 20.22767
121.40 , 67.7745132446 , 20.23383
121.44 , 67.8831253051 , 20.24000
121.48 , 67.7745132446 , 20.24600
121.51 , 67.8831253051 , 20.25200
121.55 , 67.8831253051 , 20.25800
121.58 , 67.9917449951 , 20.26417
121.62 , 67.9917449951 , 20.27017
121.66 , 68.1003570556 , 20.27633
121.69 , 68.1003570556 , 20.28233
121.73 , 67.9917449951 , 20.28850
121.77 , 68.1003570556 , 20.29434
121.80 , 68.1003570556 , 20.30050
121.84 , 68.2089691162 , 20.30667
121.88 , 68.2089691162 , 20.31267
121.91 , 68.2089691162 , 20.31884
121.95 , 68.3175811767 , 20.32483
121.99 , 68.3175811767 , 20.33100
122.02 , 68.4261932373 , 20.33683
122.06 , 68.3175811767 , 20.34300
122.09 , 68.4261932373 , 20.34900
122.13 , 68.4261932373 , 20.35517
122.17 , 68.5348052978 , 20.36117
122.20 , 68.5348052978 , 20.36734
122.24 , 68.5348052978 , 20.37350
122.28 , 68.6434173583 , 20.37933
122.31 , 68.6434173583 , 20.38550
122.35 , 68.6434173583 , 20.39150
122.39 , 68.6434173583 , 20.39767
122.42 , 68.7520294189 , 20.40367
122.46 , 68.7520294189 , 20.40983
122.49 , 68.7520294189 , 20.41567
122.53 , 68.8606414794 , 20.42183
122.57 , 68.8606414794 , 20.42800
122.60 , 68.8606414794 , 20.43400
122.64 , 68.8606414794 , 20.44017
122.68 , 68.9692611694 , 20.44617
122.71 , 68.8606414794 , 20.45233
122.75 , 68.9692611694 , 20.45817
122.79 , 68.9692611694 , 20.46434
122.82 , 68.9692611694 , 20.47033
122.86 , 69.0778732299 , 20.47650
122.89 , 69.0778732299 , 20.48250
122.93 , 69.0778732299 , 20.48867
122.97 , 69.0778732299 , 20.49484
123.00 , 69.1864852905 , 20.50067
123.04 , 69.1864852905 , 20.50683
123.08 , 69.1864852905 , 20.51284
123.11 , 69.2950973510 , 20.51900
123.15 , 69.2950973510 , 20.52500
123.19 , 69.4037094116 , 20.53117
123.22 , 69.2950973510 , 20.53717
123.26 , 69.4037094116 , 20.54317
123.29 , 69.4037094116 , 20.54917
123.33 , 69.4037094116 , 20.55533
123.37 , 69.5123291015 , 20.56150
123.40 , 69.5123291015 , 20.56750
123.44 , 69.4037094116 , 20.57367
123.48 , 69.6209411621 , 20.57967
123.51 , 69.5123291015 , 20.58567
123.55 , 69.6209411621 , 20.59167
123.59 , 69.6209411621 , 20.59783
123.62 , 69.6209411621 , 20.60383
123.66 , 69.7295532226 , 20.61000
123.70 , 69.7295532226 , 20.61600
123.73 , 69.7295532226 , 20.62200
123.77 , 69.7295532226 , 20.62817
123.80 , 69.7295532226 , 20.63417
123.84 , 69.8381652832 , 20.64034
123.88 , 69.8381652832 , 20.64633
123.91 , 69.9467773437 , 20.65250
123.95 , 69.9467773437 , 20.65850
123.99 , 69.9467773437 , 20.66450
124.02 , 69.9467773437 , 20.67050
124.06 , 69.9467773437 , 20.67667
124.10 , 70.0553894042 , 20.68267
124.13 , 70.0553894042 , 20.68884
124.17 , 70.1640014648 , 20.69500
124.21 , 70.1640014648 , 20.70100
124.24 , 70.1640014648 , 20.70700
124.28 , 70.1640014648 , 20.71300
124.31 , 70.2726211547 , 20.71917
124.35 , 70.2726211547 , 20.72517
124.39 , 70.2726211547 , 20.73134
124.42 , 70.2726211547 , 20.73734
124.46 , 70.2726211547 , 20.74350
124.50 , 70.3812332153 , 20.74934
124.53 , 70.4898452758 , 20.75550
124.57 , 70.3812332153 , 20.76167
124.61 , 70.4898452758 , 20.76767
124.64 , 70.4898452758 , 20.77383
124.68 , 70.5984573364 , 20.77984
124.72 , 70.4898452758 , 20.78600
124.75 , 70.7070693969 , 20.79183
124.79 , 70.7070693969 , 20.79800
124.82 , 70.7070693969 , 20.80400
124.86 , 70.7070693969 , 20.81017
124.90 , 70.7070693969 , 20.81633
124.93 , 70.8156814575 , 20.82234
124.97 , 70.7070693969 , 20.82850
125.01 , 70.8156814575 , 20.83433
125.04 , 70.8156814575 , 20.84050
125.08 , 70.9242935180 , 20.84650
125.12 , 70.9242935180 , 20.85267
125.15 , 70.9242935180 , 20.85867
125.19 , 70.9242935180 , 20.86483
125.22 , 70.9242935180 , 20.87067
125.26 , 71.0329055786 , 20.87684
125.30 , 71.0329055786 , 20.88300
125.33 , 71.0329055786 , 20.88900
125.37 , 71.0329055786 , 20.89517
125.41 , 71.1415176391 , 20.90117
125.44 , 71.1415176391 , 20.90733
125.48 , 71.1415176391 , 20.91317
125.52 , 71.2501373291 , 20.91934
125.55 , 71.2501373291 , 20.92534
125.59 , 71.1415176391 , 20.93150
125.62 , 71.3587493896 , 20.93750
125.66 , 71.3587493896 , 20.94367
125.70 , 71.3587493896 , 20.94983
125.73 , 71.3587493896 , 20.95567
125.77 , 71.3587493896 , 20.96183
125.81 , 71.4673614501 , 20.96784
125.84 , 71.3587493896 , 20.97400
125.88 , 71.4673614501 , 20.98000
125.92 , 71.5759735107 , 20.98617
125.95 , 71.4673614501 , 20.99217
125.99 , 71.5759735107 , 20.99817
126.02 , 71.5759735107 , 21.00417
126.06 , 71.5759735107 , 21.01033
126.10 , 71.6845855712 , 21.01650
126.13 , 71.6845855712 , 21.02250
126.17 , 71.6845855712 , 21.02867
126.21 , 71.6845855712 , 21.03467
126.24 , 71.6845855712 , 21.04067
126.28 , 71.7931976318 , 21.04667
126.32 , 71.9018096923 , 21.05283
126.35 , 71.9018096923 , 21.05883
126.39 , 71.9018096923 , 21.06500
126.43 , 71.9018096923 , 21.07100
126.46 , 72.0104217529 , 21.07700
126.50 , 71.9018096923 , 21.08317
126.54 , 72.0104217529 , 21.08917
126.57 , 72.1190338134 , 21.09533
126.61 , 72.0104217529 , 21.10133
126.64 , 72.1190338134 , 21.10750
126.68 , 72.1190338134 , 21.11350
126.72 , 72.2276535034 , 21.11950
126.75 , 72.1190338134 , 21.12550
126.79 , 72.2276535034 , 21.13167
126.83 , 72.3362655639 , 21.13767
126.86 , 72.2276535034 , 21.14383
126.90 , 72.3362655639 , 21.15000
126.94 , 72.3362655639 , 21.15600
126.97 , 72.4448776245 , 21.16200
127.01 , 72.4448776245 , 21.16800
127.04 , 72.4448776245 , 21.17417
127.08 , 72.4448776245 , 21.18017
127.12 , 72.4448776245 , 21.18633
127.15 , 72.5534896850 , 21.19233
127.19 , 72.5534896850 , 21.19850
127.23 , 72.6621017456 , 21.20450
127.26 , 72.6621017456 , 21.21050
127.30 , 72.6621017456 , 21.21667
127.34 , 72.6621017456 , 21.22267
127.37 , 72.7707138061 , 21.22883
127.41 , 72.7707138061 , 21.23483
127.45 , 72.6621017456 , 21.24100
127.48 , 72.8793258666 , 21.24683
127.52 , 72.8793258666 , 21.25300
127.55 , 72.8793258666 , 21.25900
127.59 , 72.9879379272 , 21.26517
127.63 , 72.8793258666 , 21.27133
127.66 , 72.9879379272 , 21.27733
127.70 , 72.9879379272 , 21.28333
127.74 , 72.9879379272 , 21.28933
127.77 , 72.9879379272 , 21.29550
127.81 , 73.0965499877 , 21.30150
127.85 , 73.0965499877 , 21.30767
127.88 , 73.2051696777 , 21.31367
127.92 , 73.2051696777 , 21.31983
127.95 , 73.2051696777 , 21.32567
127.99 , 73.2051696777 , 21.33183
128.03 , 73.2051696777 , 21.33800
128.06 , 73.2051696777 , 21.34400
128.10 , 73.2051696777 , 21.35017
128.14 , 73.3137817382 , 21.35617
128.17 , 73.3137817382 , 21.36233
128.21 , 73.3137817382 , 21.36817
128.25 , 73.4223937988 , 21.37434
128.28 , 73.4223937988 , 21.38033
128.32 , 73.4223937988 , 21.38650
128.36 , 73.5310058593 , 21.39250
128.39 , 73.5310058593 , 21.39867
128.43 , 73.5310058593 , 21.40484
128.46 , 73.6396179199 , 21.41067
128.50 , 73.5310058593 , 21.41684
128.54 , 73.6396179199 , 21.42284
128.57 , 73.5310058593 , 21.42900
128.61 , 73.7482299804 , 21.43500
128.65 , 73.7482299804 , 21.44117
128.68 , 73.7482299804 , 21.44717
128.72 , 73.7482299804 , 21.45317
128.76 , 73.7482299804 , 21.45917
128.79 , 73.8568420410 , 21.46534
128.83 , 73.8568420410 , 21.47150
128.87 , 73.8568420410 , 21.47750
128.90 , 73.9654541015 , 21.48367
128.94 , 73.9654541015 , 21.48950
128.97 , 73.9654541015 , 21.49567
129.01 , 73.9654541015 , 21.50167
129.05 , 74.0740661621 , 21.50783
129.08 , 74.0740661621 , 21.51383
129.12 , 74.1826858520 , 21.52000
129.16 , 74.0740661621 , 21.52600
129.19 , 74.1826858520 , 21.53200
129.23 , 74.1826858520 , 21.53817
129.27 , 74.2912979125 , 21.54417
129.30 , 74.1826858520 , 21.55034
129.34 , 74.2912979125 , 21.55633
129.38 , 74.2912979125 , 21.56250
129.41 , 74.2912979125 , 21.56850
129.45 , 74.3999099731 , 21.57450
129.48 , 74.3999099731 , 21.58050
129.52 , 74.5085220336 , 21.58667
129.56 , 74.3999099731 , 21.59284
129.59 , 74.5085220336 , 21.59884
129.63 , 74.5085220336 , 21.60500
129.67 , 74.6171340942 , 21.61100
129.70 , 74.7257461547 , 21.61700
129.74 , 74.6171340942 , 21.62300
129.77 , 74.6171340942 , 21.62917
129.81 , 74.7257461547 , 21.63517
129.85 , 74.7257461547 , 21.64134
129.88 , 74.7257461547 , 21.64734
129.92 , 74.8343582153 , 21.65350
129.96 , 74.8343582153 , 21.65950
129.99 , 74.8343582153 , 21.66550
130.03 , 74.9429702758 , 21.67167
130.07 , 74.9429702758 , 21.67767
130.10 , 74.9429702758 , 21.68383
130.14 , 74.9429702758 , 21.68984
130.18 , 75.0515899658 , 21.69600
130.21 , 75.0515899658 , 21.70183
130.25 , 75.0515899658 , 21.70800
130.28 , 75.0515899658 , 21.71400
130.32 , 75.0515899658 , 21.72017
130.36 , 75.1602020263 , 21.72633
130.39 , 75.1602020263 , 21.73233
130.43 , 75.1602020263 , 21.73833
130.47 , 75.1602020263 , 21.74434
130.50 , 75.2688140869 , 21.75050
130.54 , 75.2688140869 , 21.75650
130.58 , 75.2688140869 , 21.76267
130.61 , 75.3774261474 , 21.76867
130.65 , 75.3774261474 , 21.77483
130.68 , 75.3774261474 , 21.78067
130.72 , 75.3774261474 , 21.78683
130.76 , 75.4860458374 , 21.79300
130.79 , 75.4860458374 , 21.79900
130.83 , 75.4860458374 , 21.80517
130.87 , 75.5946578979 , 21.81117
130.90 , 75.5946578979 , 21.81734
130.94 , 75.5946578979 , 21.82317
130.98 , 75.5946578979 , 21.82933
131.01 , 75.7032699584 , 21.83533
131.05 , 75.5946578979 , 21.84150
131.09 , 75.7032699584 , 21.84750
131.12 , 75.7032699584 , 21.85367
131.16 , 75.7032699584 , 21.85983
131.19 , 75.8118820190 , 21.86567
131.23 , 75.7032699584 , 21.87183
131.27 , 75.8118820190 , 21.87784
131.30 , 75.8118820190 , 21.88400
131.34 , 75.8118820190 , 21.89000
131.38 , 75.8118820190 , 21.89617
131.41 , 76.0291061401 , 21.90200
131.45 , 76.0291061401 , 21.90817
131.49 , 76.0291061401 , 21.91417
131.52 , 76.0291061401 , 21.92033
131.56 , 76.0291061401 , 21.92650
131.60 , 76.0291061401 , 21.93250
131.63 , 76.1377182006 , 21.93867