2.90 , 0.0000000000 , 0.48333
2.93 , 0.1086129074 , 0.48867
2.97 , 0.0000000000 , 0.49417
3.00 , 0.1086129074 , 0.49950
3.03 , 0.1086129074 , 0.50500
3.06 , 0.1086129074 , 0.51017
3.09 , 0.1086129074 , 0.51550
3.13 , 0.1086129074 , 0.52100
3.16 , 0.1086129074 , 0.52633
3.19 , 0.1086129074 , 0.53167
3.22 , 0.1086129074 , 0.53700
3.26 , 0.0000000000 , 0.54250
3.29 , 0.1086129074 , 0.54783
3.32 , 0.0000000000 , 0.55317
3.35 , 0.1086129074 , 0.55850
3.38 , 0.1086129074 , 0.56400
3.42 , 0.0000000000 , 0.56933
3.45 , 0.2172258138 , 0.57467
3.48 , 0.1086129074 , 0.58000
3.51 , 0.0000000000 , 0.58550
3.55 , 0.1086129074 , 0.59083
3.58 , 0.1086129074 , 0.59617
3.61 , 0.1086129074 , 0.60150
3.64 , 0.1086129074 , 0.60700
3.67 , 0.1086129074 , 0.61233
3.71 , 0.1086129074 , 0.61767
3.74 , 0.1086129074 , 0.62300
3.77 , 0.1086129074 , 0.62850
3.80 , 0.1086129074 , 0.63383
3.84 , 0.1086129074 , 0.63917
3.87 , 0.1086129074 , 0.64450
3.90 , 0.1086129074 , 0.65000
3.93 , 0.1086129074 , 0.65533
3.96 , 0.1086129074 , 0.66067
4.00 , 0.1086129074 , 0.66600
4.03 , 0.2172258138 , 0.67150
4.06 , 0.1086129074 , 0.67683
4.09 , 0.2172258138 , 0.68217
4.13 , 0.1086129074 , 0.68750
4.16 , 0.1086129074 , 0.69283
4.19 , 0.2172258138 , 0.69833
4.22 , 0.2172258138 , 0.70350
4.25 , 0.2172258138 , 0.70900
4.29 , 0.2172258138 , 0.71433
4.32 , 0.2172258138 , 0.71983
4.35 , 0.2172258138 , 0.72500
4.38 , 0.2172258138 , 0.73050
4.42 , 0.2172258138 , 0.73583
4.45 , 0.2172258138 , 0.74133
4.48 , 0.2172258138 , 0.74667
4.51 , 0.3258387088 , 0.75200
4.54 , 0.3258387088 , 0.75733
4.58 , 0.3258387088 , 0.76283
4.61 , 0.3258387088 , 0.76817
4.64 , 0.3258387088 , 0.77350
4.67 , 0.3258387088 , 0.77883
4.71 , 0.3258387088 , 0.78433
4.74 , 0.3258387088 , 0.78967
4.77 , 0.4344516277 , 0.79500
4.80 , 0.3258387088 , 0.80033
4.84 , 0.4344516277 , 0.80583
4.87 , 0.4344516277 , 0.81117
4.90 , 0.4344516277 , 0.81650
4.93 , 0.4344516277 , 0.82183
4.96 , 0.4344516277 , 0.82733
5.00 , 0.4344516277 , 0.83267
5.03 , 0.5430645465 , 0.83800
5.06 , 0.5430645465 , 0.84333
5.09 , 0.5430645465 , 0.84883
5.13 , 0.4344516277 , 0.85417
5.16 , 0.5430645465 , 0.85933
5.19 , 0.5430645465 , 0.86483
5.22 , 0.5430645465 , 0.87017
5.25 , 0.5430645465 , 0.87567
5.28 , 0.5430645465 , 0.88083
5.32 , 0.5430645465 , 0.88633
5.35 , 0.6516774177 , 0.89167
5.38 , 0.6516774177 , 0.89717
5.41 , 0.5430645465 , 0.90233
5.45 , 0.6516774177 , 0.90783
5.48 , 0.6516774177 , 0.91317
5.51 , 0.5430645465 , 0.91867
5.54 , 0.6516774177 , 0.92383
5.58 , 0.6516774177 , 0.92933
5.61 , 0.6516774177 , 0.93467
5.64 , 0.6516774177 , 0.94017
5.67 , 0.6516774177 , 0.94533
5.71 , 0.6516774177 , 0.95083
5.74 , 0.7602903366 , 0.95617
5.77 , 0.7602903366 , 0.96167
5.80 , 0.7602903366 , 0.96683
5.83 , 0.7602903366 , 0.97233
5.87 , 0.7602903366 , 0.97767
5.90 , 0.7602903366 , 0.98317
5.93 , 0.8689032554 , 0.98850
5.96 , 0.8689032554 , 0.99383
6.00 , 0.8689032554 , 0.99917
6.03 , 0.8689032554 , 1.00467
6.06 , 0.8689032554 , 1.01000
6.09 , 0.8689032554 , 1.01533
6.12 , 0.8689032554 , 1.02067
6.16 , 0.8689032554 , 1.02617
6.19 , 0.8689032554 , 1.03150
6.22 , 0.8689032554 , 1.03667
6.25 , 0.9775160789 , 1.04217
6.28 , 0.9775160789 , 1.04750
6.32 , 0.8689032554 , 1.05300
6.35 , 0.8689032554 , 1.05817
6.38 , 0.9775160789 , 1.06367
6.41 , 0.9775160789 , 1.06900
6.45 , 1.0861290740 , 1.07450
6.48 , 0.9775160789 , 1.07967
6.51 , 0.9775160789 , 1.08517
6.54 , 1.0861290740 , 1.09050
6.58 , 1.0861290740 , 1.09600
6.61 , 1.0861290740 , 1.10117
6.64 , 1.0861290740 , 1.10667
6.67 , 1.0861290740 , 1.11200
6.71 , 0.9775160789 , 1.11750
6.74 , 1.0861290740 , 1.12267
6.77 , 1.0861290740 , 1.12817
6.80 , 1.1947432708 , 1.13350
6.83 , 1.1947432708 , 1.13900
6.86 , 1.1947432708 , 1.14417
6.90 , 1.0861290740 , 1.14967
6.93 , 1.0861290740 , 1.15500
6.96 , 1.1947432708 , 1.16050
6.99 , 1.0861290740 , 1.16567
7.03 , 1.1947432708 , 1.17117
7.06 , 1.1947432708 , 1.17650
7.09 , 1.1947432708 , 1.18200
7.12 , 1.1947432708 , 1.18717
7.16 , 1.3033561706 , 1.19267
7.19 , 1.3033561706 , 1.19800
7.22 , 1.3033561706 , 1.20333
7.25 , 1.3033561706 , 1.20867
7.28 , 1.3033561706 , 1.21400
7.32 , 1.3033561706 , 1.21950
7.35 , 1.3033561706 , 1.22483
7.38 , 1.3033561706 , 1.23033
7.41 , 1.3033561706 , 1.23550
7.45 , 1.3033561706 , 1.24100
7.48 , 1.3033561706 , 1.24633
7.51 , 1.3033561706 , 1.25183
7.54 , 1.3033561706 , 1.25700
7.57 , 1.1947432708 , 1.26250
7.61 , 1.4119690895 , 1.26783
7.64 , 1.4119690895 , 1.27333
7.67 , 1.4119690895 , 1.27850
7.70 , 1.3033561706 , 1.28400
7.74 , 1.4119690895 , 1.28933
7.77 , 1.4119690895 , 1.29483
7.80 , 1.4119690895 , 1.30000
7.83 , 1.4119690895 , 1.30550
7.86 , 1.4119690895 , 1.31083
7.90 , 1.4119690895 , 1.31633
7.93 , 1.4119690895 , 1.32150
7.96 , 1.5205819606 , 1.32700
7.99 , 1.4119690895 , 1.33233
8.03 , 1.5205819606 , 1.33783
8.06 , 1.5205819606 , 1.34300
8.09 , 1.6291948318 , 1.34850
8.12 , 1.6291948318 , 1.35383
8.16 , 1.4119690895 , 1.35933
8.19 , 1.5205819606 , 1.36450
8.22 , 1.5205819606 , 1.37000
8.25 , 1.6291948318 , 1.37533
8.28 , 1.5205819606 , 1.38067
8.32 , 1.6291948318 , 1.38600
8.35 , 1.6291948318 , 1.39133
8.38 , 1.6291948318 , 1.39683
8.41 , 1.7378077507 , 1.40217
8.44 , 1.7378077507 , 1.40750
8.48 , 1.6291948318 , 1.41283
8.51 , 1.7378077507 , 1.41833
8.54 , 1.7378077507 , 1.42367
8.57 , 1.7378077507 , 1.42900
8.61 , 1.8464206695 , 1.43433
8.64 , 1.7378077507 , 1.43983
8.67 , 1.7378077507 , 1.44517
8.70 , 1.7378077507 , 1.45067
8.73 , 1.7378077507 , 1.45583
8.77 , 1.8464206695 , 1.46133
8.80 , 1.8464206695 , 1.46667
8.83 , 1.8464206695 , 1.47217
8.86 , 1.8464206695 , 1.47733
8.90 , 1.8464206695 , 1.48283
8.93 , 1.8464206695 , 1.48817
8.96 , 1.9550334930 , 1.49367
8.99 , 1.8464206695 , 1.49883
9.03 , 1.9550334930 , 1.50433
9.06 , 1.9550334930 , 1.50967
9.09 , 1.9550334930 , 1.51517
9.12 , 1.9550334930 , 1.52033
9.15 , 1.9550334930 , 1.52583
9.19 , 2.0636465549 , 1.53117
9.22 , 1.9550334930 , 1.53667
9.25 , 1.9550334930 , 1.54183
9.28 , 1.9550334930 , 1.54717
9.32 , 2.0636465549 , 1.55267
9.35 , 2.0636465549 , 1.55800
9.38 , 2.0636465549 , 1.56333
9.41 , 2.0636465549 , 1.56867
9.44 , 2.0636465549 , 1.57417
9.48 , 2.1722593307 , 1.57950
9.51 , 1.9550334930 , 1.58483
9.54 , 2.0636465549 , 1.59017
9.57 , 2.1722593307 , 1.59567
9.61 , 2.1722593307 , 1.60100
9.64 , 2.1722593307 , 1.60633
9.67 , 2.0636465549 , 1.61167
9.70 , 2.1722593307 , 1.61717
9.73 , 2.1722593307 , 1.62250
9.77 , 2.1722593307 , 1.62783
9.80 , 2.1722593307 , 1.63317
9.83 , 2.2808723449 , 1.63867
9.86 , 2.2808723449 , 1.64400
9.90 , 2.2808723449 , 1.64933
9.93 , 2.2808723449 , 1.65467
9.96 , 2.2808723449 , 1.66017
9.99 , 2.2808723449 , 1.66550
10.02 , 2.3894851207 , 1.67083
10.06 , 2.2808723449 , 1.67633
10.09 , 2.2808723449 , 1.68200
10.13 , 2.3894851207 , 1.68750
10.16 , 2.2808723449 , 1.69317
10.19 , 2.2808723449 , 1.69850
10.23 , 2.2808723449 , 1.70417
10.26 , 2.3894851207 , 1.70967
10.29 , 2.3894851207 , 1.71533
10.32 , 2.3894851207 , 1.72067
10.36 , 2.3894851207 , 1.72633
10.39 , 2.3894851207 , 1.73183
10.43 , 2.4980981349 , 1.73750
10.46 , 2.3894851207 , 1.74300
10.49 , 2.4980981349 , 1.74850
10.52 , 2.4980981349 , 1.75400
10.56 , 2.4980981349 , 1.75967
10.59 , 2.4980981349 , 1.76517
10.63 , 2.6067123413 , 1.77083
10.66 , 2.6067123413 , 1.77617
10.69 , 2.6067123413 , 1.78183
10.72 , 2.6067123413 , 1.78733
10.76 , 2.4980981349 , 1.79300
10.79 , 2.6067123413 , 1.79833
10.82 , 2.6067123413 , 1.80400
10.86 , 2.7153253555 , 1.80950
10.89 , 2.6067123413 , 1.81517
10.92 , 2.7153253555 , 1.82067
10.96 , 2.7153253555 , 1.82617
10.99 , 2.6067123413 , 1.83167
11.02 , 2.7153253555 , 1.83733
11.06 , 2.7153253555 , 1.84283
11.09 , 2.7153253555 , 1.84833
11.12 , 2.7153253555 , 1.85383
11.16 , 2.7153253555 , 1.85950
11.19 , 2.7153253555 , 1.86500
11.22 , 2.8239381790 , 1.87067
11.26 , 2.8239381790 , 1.87600
11.29 , 2.7153253555 , 1.88167
11.32 , 2.7153253555 , 1.88717
11.36 , 2.8239381790 , 1.89283
11.39 , 2.8239381790 , 1.89817
11.42 , 2.9325511932 , 1.90383
11.46 , 2.8239381790 , 1.90933
11.49 , 2.8239381790 , 1.91500
11.52 , 2.8239381790 , 1.92050
11.56 , 2.9325511932 , 1.92600
11.59 , 2.9325511932 , 1.93150
11.62 , 2.9325511932 , 1.93717
11.66 , 2.9325511932 , 1.94267
11.69 , 2.9325511932 , 1.94817
11.72 , 2.9325511932 , 1.95367
11.76 , 2.9325511932 , 1.95933
11.79 , 2.9325511932 , 1.96483
11.82 , 3.0411639213 , 1.97050
11.85 , 2.9325511932 , 1.97583
11.89 , 3.0411639213 , 1.98150
11.92 , 3.0411639213 , 1.98700
11.96 , 2.9325511932 , 1.99267
11.99 , 3.0411639213 , 1.99800
12.02 , 3.0411639213 , 2.00367
12.06 , 3.0411639213 , 2.00917
12.09 , 3.0411639213 , 2.01483
12.12 , 3.0411639213 , 2.02033
12.15 , 3.1497769355 , 2.02583
12.19 , 3.1497769355 , 2.03133
12.22 , 3.0411639213 , 2.03700
12.26 , 3.1497769355 , 2.04250
12.29 , 3.0411639213 , 2.04817
12.32 , 3.1497769355 , 2.05350
12.35 , 3.2583897113 , 2.05917
12.39 , 3.1497769355 , 2.06467
12.42 , 3.1497769355 , 2.07033
12.45 , 3.1497769355 , 2.07567
12.49 , 3.2583897113 , 2.08133
12.52 , 3.2583897113 , 2.08683
12.56 , 3.2583897113 , 2.09250
12.59 , 3.1497769355 , 2.09800
12.62 , 3.2583897113 , 2.10350
12.65 , 3.2583897113 , 2.10900
12.69 , 3.3670027256 , 2.11467
12.72 , 3.2583897113 , 2.12017
12.75 , 3.3670027256 , 2.12567
12.79 , 3.3670027256 , 2.13117
12.82 , 3.3670027256 , 2.13683
12.85 , 3.3670027256 , 2.14233
12.89 , 3.3670027256 , 2.14800
12.92 , 3.3670027256 , 2.15333
12.95 , 3.3670027256 , 2.15900
12.99 , 3.3670027256 , 2.16450
13.02 , 3.3670027256 , 2.17017
13.05 , 3.4756155014 , 2.17550
13.09 , 3.4756155014 , 2.18117
13.12 , 3.4756155014 , 2.18667
13.15 , 3.6928412914 , 2.19233
13.19 , 3.4756155014 , 2.19783
13.22 , 3.5842285156 , 2.20333
13.25 , 3.4756155014 , 2.20883
13.29 , 3.5842285156 , 2.21450
13.32 , 3.5842285156 , 2.22000
13.35 , 3.5842285156 , 2.22550
13.39 , 3.5842285156 , 2.23100
13.42 , 3.5842285156 , 2.23667
13.45 , 3.6928412914 , 2.24217
13.49 , 3.5842285156 , 2.24783
13.52 , 3.5842285156 , 2.25317
13.55 , 3.8014543533 , 2.25883
13.59 , 3.6928412914 , 2.26433
13.62 , 3.5842285156 , 2.27000
13.65 , 3.6928412914 , 2.27533
13.69 , 3.8014543533 , 2.28100
13.72 , 3.8014543533 , 2.28650
13.75 , 3.6928412914 , 2.29217
13.79 , 3.8014543533 , 2.29767
13.82 , 3.8014543533 , 2.30317
13.85 , 3.8014543533 , 2.30867
13.89 , 3.8014543533 , 2.31433
13.92 , 3.8014543533 , 2.31983
13.95 , 3.8014543533 , 2.32550
13.98 , 3.8014543533 , 2.33083
14.02 , 3.9100670814 , 2.33650
14.05 , 3.9100670814 , 2.34200
14.09 , 3.9100670814 , 2.34767
14.12 , 3.9100670814 , 2.35300
14.15 , 3.9100670814 , 2.35867
14.19 , 3.8014543533 , 2.36417
14.22 , 4.0186815261 , 2.36983
14.25 , 3.8014543533 , 2.37533
14.28 , 3.9100670814 , 2.38083
14.32 , 3.9100670814 , 2.38633
14.35 , 3.9100670814 , 2.39200
14.39 , 4.0186815261 , 2.39750
14.42 , 3.9100670814 , 2.40300
14.45 , 4.0186815261 , 2.40850
14.48 , 4.1272945404 , 2.41417
14.52 , 4.1272945404 , 2.41967
14.55 , 4.0186815261 , 2.42533
14.58 , 4.1272945404 , 2.43067
14.62 , 4.0186815261 , 2.43633
14.65 , 4.0186815261 , 2.44183
14.69 , 4.0186815261 , 2.44750
14.72 , 4.0186815261 , 2.45283
14.75 , 4.0186815261 , 2.45850
14.78 , 4.1272945404 , 2.46400
14.82 , 4.1272945404 , 2.46967
14.85 , 4.1272945404 , 2.47517
14.88 , 4.1272945404 , 2.48067
14.92 , 4.2359070777 , 2.48617
14.95 , 4.1272945404 , 2.49183
14.98 , 4.2359070777 , 2.49733
15.02 , 4.2359070777 , 2.50283
15.05 , 4.3445200920 , 2.50833
15.08 , 4.2359070777 , 2.51400
15.12 , 4.2359070777 , 2.51950
15.15 , 4.3445200920 , 2.52517
15.18 , 4.3445200920 , 2.53050
15.22 , 4.3445200920 , 2.53617
15.25 , 4.2359070777 , 2.54167
15.28 , 4.3445200920 , 2.54733
15.32 , 4.2359070777 , 2.55267
15.35 , 4.3445200920 , 2.55833
15.38 , 4.3445200920 , 2.56383
15.42 , 4.4531331062 , 2.56950
15.45 , 4.4531331062 , 2.57500
15.48 , 4.3445200920 , 2.58050
15.52 , 4.4531331062 , 2.58600
15.55 , 4.4531331062 , 2.59167
15.58 , 4.4531331062 , 2.59717
15.62 , 4.4531331062 , 2.60283
15.65 , 4.4531331062 , 2.60817
15.68 , 4.5617461204 , 2.61383
15.72 , 4.5617461204 , 2.61933
15.75 , 4.4531331062 , 2.62500
15.78 , 4.4531331062 , 2.63033
15.82 , 4.6703586578 , 2.63600
15.85 , 4.5617461204 , 2.64150
15.88 , 4.6703586578 , 2.64717
15.92 , 4.5617461204 , 2.65267
15.95 , 4.6703586578 , 2.65817
15.98 , 4.5617461204 , 2.66367
16.02 , 4.6703586578 , 2.66933
16.05 , 4.6703586578 , 2.67483
16.08 , 4.6703586578 , 2.68033
16.11 , 4.7789716720 , 2.68583
16.15 , 4.7789716720 , 2.69150
16.18 , 4.7789716720 , 2.69700
16.22 , 4.6703586578 , 2.70267
16.25 , 4.7789716720 , 2.70800
16.28 , 4.7789716720 , 2.71367
16.31 , 4.7789716720 , 2.71917
16.35 , 4.8875846862 , 2.72483
16.38 , 4.7789716720 , 2.73017
16.42 , 4.7789716720 , 2.73583
16.45 , 4.8875846862 , 2.74133
16.48 , 4.8875846862 , 2.74700
16.51 , 4.7789716720 , 2.75250
16.55 , 4.7789716720 , 2.75800
16.58 , 4.7789716720 , 2.76350
16.61 , 4.8875846862 , 2.76917
16.65 , 4.8875846862 , 2.77467
16.68 , 4.8875846862 , 2.78017
16.71 , 4.8875846862 , 2.78567
16.75 , 4.8875846862 , 2.79133
16.78 , 4.8875846862 , 2.79683
16.81 , 4.8875846862 , 2.80250
16.85 , 4.8875846862 , 2.80783
16.88 , 4.9961977005 , 2.81350
16.91 , 4.9961977005 , 2.81900
16.95 , 4.9961977005 , 2.82467
16.98 , 4.8875846862 , 2.83000
17.01 , 4.9961977005 , 2.83567
17.05 , 4.9961977005 , 2.84117
17.08 , 4.8875846862 , 2.84683
17.11 , 4.9961977005 , 2.85233
17.15 , 4.9961977005 , 2.85783
17.18 , 4.9961977005 , 2.86333
17.21 , 5.1048102378 , 2.86900
17.25 , 4.9961977005 , 2.87450
17.28 , 5.1048102378 , 2.88017
17.31 , 5.1048102378 , 2.88550
17.35 , 4.9961977005 , 2.89117
17.38 , 5.2134232521 , 2.89667
17.41 , 5.2134232521 , 2.90233
17.45 , 5.1048102378 , 2.90767
17.48 , 5.1048102378 , 2.91333
17.51 , 5.2134232521 , 2.91883
17.55 , 5.2134232521 , 2.92450
17.58 , 5.2134232521 , 2.93000
17.61 , 5.2134232521 , 2.93550
17.65 , 5.3220376968 , 2.94100
17.68 , 5.2134232521 , 2.94667
17.71 , 5.2134232521 , 2.95217
17.75 , 5.2134232521 , 2.95767
17.78 , 5.3220376968 , 2.96317
17.81 , 5.2134232521 , 2.96883
17.85 , 5.3220376968 , 2.97433
17.88 , 5.3220376968 , 2.98000
17.91 , 5.3220376968 , 2.98533
17.95 , 5.4306507110 , 2.99100
17.98 , 5.4306507110 , 2.99650
18.01 , 5.4306507110 , 3.00217
18.04 , 5.3220376968 , 3.00750
18.08 , 5.4306507110 , 3.01317
18.11 , 5.5392632484 , 3.01867
18.15 , 5.5392632484 , 3.02433
18.18 , 5.5392632484 , 3.02983
18.21 , 5.5392632484 , 3.03533
18.25 , 5.4306507110 , 3.04083
18.28 , 5.5392632484 , 3.04650
18.31 , 5.5392632484 , 3.05200
18.34 , 5.5392632484 , 3.05750
18.38 , 5.6478762626 , 3.06300
18.41 , 5.6478762626 , 3.06867
18.44 , 5.6478762626 , 3.07417
18.48 , 5.6478762626 , 3.07983
18.51 , 5.6478762626 , 3.08517
18.54 , 5.6478762626 , 3.09083
18.58 , 5.6478762626 , 3.09633
18.61 , 5.6478762626 , 3.10200
18.64 , 5.6478762626 , 3.10733
18.68 , 5.7564892768 , 3.11300
18.71 , 5.6478762626 , 3.11850
18.75 , 5.6478762626 , 3.12417
18.78 , 5.7564892768 , 3.12967
18.81 , 5.7564892768 , 3.13517
18.84 , 5.7564892768 , 3.14067
18.88 , 5.8651022911 , 3.14633
18.91 , 5.8651022911 , 3.15183
18.94 , 5.7564892768 , 3.15750
18.98 , 5.8651022911 , 3.16283
19.01 , 5.8651022911 , 3.16850
19.04 , 5.8651022911 , 3.17400
19.08 , 5.9737148284 , 3.17967
19.11 , 5.8651022911 , 3.18500
19.14 , 5.9737148284 , 3.19067
19.18 , 5.8651022911 , 3.19617
19.21 , 5.9737148284 , 3.20183
19.24 , 5.8651022911 , 3.20733
19.28 , 5.9737148284 , 3.21283
19.31 , 5.8651022911 , 3.21833
19.34 , 5.9737148284 , 3.22400
19.38 , 5.9737148284 , 3.22950
19.41 , 6.0823278427 , 3.23500
19.44 , 6.0823278427 , 3.24050
19.48 , 6.0823278427 , 3.24617
19.51 , 5.9737148284 , 3.25167
19.54 , 5.9737148284 , 3.25733
19.58 , 6.0823278427 , 3.26267
19.61 , 6.1909408569 , 3.26833
19.64 , 6.1909408569 , 3.27383
19.68 , 6.1909408569 , 3.27950
19.71 , 6.0823278427 , 3.28483
19.74 , 6.1909408569 , 3.29050
19.78 , 6.1909408569 , 3.29600
19.81 , 6.0823278427 , 3.30167
19.84 , 6.1909408569 , 3.30717
19.88 , 6.1909408569 , 3.31267
19.91 , 6.1909408569 , 3.31817
19.94 , 6.1909408569 , 3.32383
19.98 , 6.1909408569 , 3.32933
20.01 , 6.2995538711 , 3.33483
20.04 , 6.2995538711 , 3.34033
20.08 , 6.4081664085 , 3.34600
20.11 , 6.2995538711 , 3.35150
20.14 , 6.2995538711 , 3.35717
20.17 , 6.4081664085 , 3.36250
20.21 , 6.4081664085 , 3.36817
20.24 , 6.4081664085 , 3.37367
20.28 , 6.5167794227 , 3.37933
20.31 , 6.4081664085 , 3.38467
20.34 , 6.4081664085 , 3.39033
20.37 , 6.5167794227 , 3.39583
20.41 , 6.4081664085 , 3.40150
20.44 , 6.4081664085 , 3.40700
20.47 , 6.4081664085 , 3.41250
20.51 , 6.4081664085 , 3.41800
20.54 , 6.6253924369 , 3.42367
20.57 , 6.6253924369 , 3.42917
20.61 , 6.5167794227 , 3.43483
20.64 , 6.5167794227 , 3.44017
20.67 , 6.6253924369 , 3.44583
20.71 , 6.5167794227 , 3.45133
20.74 , 6.6253924369 , 3.45700
20.77 , 6.7340068817 , 3.46233
20.81 , 6.7340068817 , 3.46800
20.84 , 6.6253924369 , 3.47350
20.87 , 6.7340068817 , 3.47917
20.91 , 6.6253924369 , 3.48467
20.94 , 6.7340068817 , 3.49017
20.97 , 6.7340068817 , 3.49567
21.01 , 6.6253924369 , 3.50133
21.04 , 6.7340068817 , 3.50683
21.07 , 6.8426194190 , 3.51233
21.11 , 6.7340068817 , 3.51783
21.14 , 6.8426194190 , 3.52350
21.17 , 6.8426194190 , 3.52900
21.21 , 6.9512324333 , 3.53467
21.24 , 6.8426194190 , 3.54000
21.27 , 6.8426194190 , 3.54567
21.31 , 6.9512324333 , 3.55117
21.34 , 6.8426194190 , 3.55683
21.37 , 6.9512324333 , 3.56217
21.41 , 6.9512324333 , 3.56783
21.44 , 6.9512324333 , 3.57333
21.47 , 6.9512324333 , 3.57900
21.51 , 7.0598454475 , 3.58450
21.54 , 7.0598454475 , 3.59000
21.57 , 6.9512324333 , 3.59550
21.61 , 6.9512324333 , 3.60117
21.64 , 6.9512324333 , 3.60667
21.67 , 6.9512324333 , 3.61217
21.71 , 6.9512324333 , 3.61767
21.74 , 6.9512324333 , 3.62333
21.77 , 7.0598454475 , 3.62883
21.81 , 7.0598454475 , 3.63450
21.84 , 6.9512324333 , 3.63983
21.87 , 7.0598454475 , 3.64550
21.91 , 7.0598454475 , 3.65100
21.94 , 7.1684584617 , 3.65667
21.97 , 7.1684584617 , 3.66200
22.01 , 7.2770709991 , 3.66767
22.04 , 7.2770709991 , 3.67317
22.07 , 7.1684584617 , 3.67883
22.11 , 7.1684584617 , 3.68433
22.14 , 7.2770709991 , 3.68983
22.17 , 7.2770709991 , 3.69533
22.21 , 7.2770709991 , 3.70100
22.24 , 7.1684584617 , 3.70650
22.27 , 7.2770709991 , 3.71217
22.30 , 7.2770709991 , 3.71750
22.34 , 7.3856840133 , 3.72317
22.37 , 7.2770709991 , 3.72867
22.41 , 7.2770709991 , 3.73433
22.44 , 7.2770709991 , 3.73967
22.47 , 7.3856840133 , 3.74533
22.50 , 7.3856840133 , 3.75083
22.54 , 7.4942970275 , 3.75650
22.57 , 7.3856840133 , 3.76200
22.60 , 7.3856840133 , 3.76750
22.64 , 7.4942970275 , 3.77300
22.67 , 7.3856840133 , 3.77867
22.70 , 7.6029100418 , 3.78417
22.74 , 7.3856840133 , 3.78967
22.77 , 7.6029100418 , 3.79517
22.80 , 7.6029100418 , 3.80083
22.84 , 7.4942970275 , 3.80633
22.87 , 7.4942970275 , 3.81200
22.90 , 7.4942970275 , 3.81733
22.94 , 7.6029100418 , 3.82300
22.97 , 7.7115225791 , 3.82850
23.00 , 7.6029100418 , 3.83417
23.04 , 7.7115225791 , 3.83950
23.07 , 7.7115225791 , 3.84517
23.10 , 7.7115225791 , 3.85067
23.14 , 7.7115225791 , 3.85633
23.17 , 7.8201355934 , 3.86183
23.20 , 7.7115225791 , 3.86733
23.24 , 7.8201355934 , 3.87283
23.27 , 7.7115225791 , 3.87850
23.30 , 7.7115225791 , 3.88400
23.34 , 7.8201355934 , 3.88950
23.37 , 7.8201355934 , 3.89500
23.40 , 7.8201355934 , 3.90067
23.44 , 7.8201355934 , 3.90617
23.47 , 7.9287486076 , 3.91183
23.50 , 7.8201355934 , 3.91717
23.54 , 7.8201355934 , 3.92283
23.57 , 7.9287486076 , 3.92833
23.60 , 7.9287486076 , 3.93400
23.64 , 7.9287486076 , 3.93933
23.67 , 7.9287486076 , 3.94500
23.70 , 7.9287486076 , 3.95050
23.74 , 8.0373611450 , 3.95617
23.77 , 7.9287486076 , 3.96167
23.80 , 7.9287486076 , 3.96717
23.84 , 8.0373611450 , 3.97267
23.87 , 8.0373611450 , 3.97833
23.90 , 8.1459760665 , 3.98383
23.94 , 8.0373611450 , 3.98950
23.97 , 8.0373611450 , 3.99483
24.00 , 8.1459760665 , 4.00050
24.04 , 8.0373611450 , 4.00600
24.07 , 8.1459760665 , 4.01167
24.10 , 8.1459760665 , 4.01700
24.14 , 8.0373611450 , 4.02267
24.17 , 8.1459760665 , 4.02817
24.20 , 8.1459760665 , 4.03383
24.24 , 8.1459760665 , 4.03933
24.27 , 8.1459760665 , 4.04483
24.30 , 8.2545890808 , 4.05033
24.34 , 8.2545890808 , 4.05600
24.37 , 8.1459760665 , 4.06150
24.40 , 8.2545890808 , 4.06700
24.43 , 8.3632011413 , 4.07250
24.47 , 8.3632011413 , 4.07817
24.50 , 8.3632011413 , 4.08367
24.54 , 8.2545890808 , 4.08933
24.57 , 8.3632011413 , 4.09467
24.60 , 8.3632011413 , 4.10033
24.63 , 8.3632011413 , 4.10583
24.67 , 8.3632011413 , 4.11150
24.70 , 8.3632011413 , 4.11683
24.73 , 8.3632011413 , 4.12250
24.77 , 8.4718141555 , 4.12800
24.80 , 8.3632011413 , 4.13367
24.83 , 8.4718141555 , 4.13917
24.87 , 8.4718141555 , 4.14467
24.90 , 8.4718141555 , 4.15017
24.93 , 8.5804271697 , 4.15583
24.97 , 8.4718141555 , 4.16133
25.00 , 8.4718141555 , 4.16683
25.03 , 8.5804271697 , 4.17233
25.07 , 8.5804271697 , 4.17800
25.10 , 8.5804271697 , 4.18350
25.13 , 8.6890401840 , 4.18917
25.17 , 8.5804271697 , 4.19450
25.20 , 8.5804271697 , 4.20017
25.23 , 8.6890401840 , 4.20567
25.27 , 8.6890401840 , 4.21133
25.30 , 8.6890401840 , 4.21667
25.33 , 8.6890401840 , 4.22233
25.37 , 8.6890401840 , 4.22783
25.40 , 8.6890401840 , 4.23350
25.43 , 8.6890401840 , 4.23900
25.47 , 8.6890401840 , 4.24450
25.50 , 8.7976531982 , 4.25000
25.53 , 8.7976531982 , 4.25567
25.57 , 8.9062662124 , 4.26117
25.60 , 8.7976531982 , 4.26683
25.63 , 8.9062662124 , 4.27217
25.67 , 8.9062662124 , 4.27783
25.70 , 8.7976531982 , 4.28333
25.73 , 8.9062662124 , 4.28900
25.77 , 8.9062662124 , 4.29433
25.80 , 8.9062662124 , 4.30000
25.83 , 9.0148792266 , 4.30550
25.87 , 8.9062662124 , 4.31117
25.90 , 8.9062662124 , 4.31667
25.93 , 9.0148792266 , 4.32217
25.97 , 9.0148792266 , 4.32767
26.00 , 9.0148792266 , 4.33333
26.03 , 9.0148792266 , 4.33883
26.07 , 9.0148792266 , 4.34433
26.10 , 9.1234922409 , 4.34983
26.13 , 9.0148792266 , 4.35550
26.17 , 9.1234922409 , 4.36100
26.20 , 9.1234922409 , 4.36667
26.23 , 9.1234922409 , 4.37200
26.27 , 9.1234922409 , 4.37767
26.30 , 9.2321052551 , 4.38317
26.33 , 9.1234922409 , 4.38883
26.36 , 9.1234922409 , 4.39417
26.40 , 9.1234922409 , 4.39983
26.43 , 9.2321052551 , 4.40533
26.47 , 9.1234922409 , 4.41100
26.50 , 9.1234922409 , 4.41650
26.53 , 9.2321052551 , 4.42200
26.56 , 9.2321052551 , 4.42750
26.60 , 9.2321052551 , 4.43317
26.63 , 9.2321052551 , 4.43867
26.67 , 9.3407173156 , 4.44417
26.70 , 9.3407173156 , 4.44967
26.73 , 9.3407173156 , 4.45533
26.76 , 9.4493303298 , 4.46083
26.80 , 9.3407173156 , 4.46650
26.83 , 9.4493303298 , 4.47183
26.86 , 9.3407173156 , 4.47750
26.90 , 9.4493303298 , 4.48300
26.93 , 9.4493303298 , 4.48867
26.96 , 9.4493303298 , 4.49400
27.00 , 9.4493303298 , 4.49967
27.03 , 9.5579433441 , 4.50517
27.06 , 9.5579433441 , 4.51083
27.10 , 9.5579433441 , 4.51633
27.13 , 9.5579433441 , 4.52183
27.16 , 9.6665563583 , 4.52733
27.20 , 9.5579433441 , 4.53300
27.23 , 9.5579433441 , 4.53850
27.26 , 9.6665563583 , 4.54417
27.30 , 9.6665563583 , 4.54950
27.33 , 9.5579433441 , 4.55517
27.36 , 9.6665563583 , 4.56067
27.40 , 9.5579433441 , 4.56633
27.43 , 9.6665563583 , 4.57167
27.46 , 9.6665563583 , 4.57733
27.50 , 9.7751693725 , 4.58283
27.53 , 9.6665563583 , 4.58850
27.56 , 9.7751693725 , 4.59400
27.60 , 9.7751693725 , 4.59950
27.63 , 9.7751693725 , 4.60500
27.66 , 9.7751693725 , 4.61067
27.70 , 9.7751693725 , 4.61617
27.73 , 9.7751693725 , 4.62167
27.76 , 9.7751693725 , 4.62717
27.80 , 9.8837823867 , 4.63283
27.83 , 9.8837823867 , 4.63833
27.86 , 9.8837823867 , 4.64400
27.90 , 9.8837823867 , 4.64933
27.93 , 10.1010084152 , 4.65500
27.96 , 9.9923954010 , 4.66067
28.00 , 9.9923954010 , 4.66633
28.03 , 9.8837823867 , 4.67167
28.06 , 9.9923954010 , 4.67733
28.10 , 10.1010084152 , 4.68283
28.13 , 10.1010084152 , 4.68867
28.17 , 10.1010084152 , 4.69433
28.20 , 9.9923954010 , 4.70000
28.23 , 10.1010084152 , 4.70550
28.27 , 10.1010084152 , 4.71133
28.30 , 10.1010084152 , 4.71700
28.34 , 10.1010084152 , 4.72283
28.37 , 10.2096233367 , 4.72833
28.40 , 10.2096233367 , 4.73417
28.44 , 10.2096233367 , 4.73983
28.47 , 10.2096233367 , 4.74567
28.51 , 10.2096233367 , 4.75133
28.54 , 10.3182363510 , 4.75700
28.58 , 10.2096233367 , 4.76267
28.61 , 10.3182363510 , 4.76850
28.64 , 10.3182363510 , 4.77417
28.68 , 10.3182363510 , 4.78000
28.71 , 10.3182363510 , 4.78550
28.75 , 10.3182363510 , 4.79133
28.78 , 10.3182363510 , 4.79700
28.82 , 10.3182363510 , 4.80283
28.85 , 10.4268493652 , 4.80850
28.89 , 10.3182363510 , 4.81433
28.92 , 10.5354623794 , 4.82000
28.95 , 10.4268493652 , 4.82567
28.99 , 10.4268493652 , 4.83150
29.02 , 10.4268493652 , 4.83717
29.06 , 10.4268493652 , 4.84300
29.09 , 10.5354623794 , 4.84850
29.13 , 10.4268493652 , 4.85433
29.16 , 10.5354623794 , 4.86000
29.19 , 10.5354623794 , 4.86583
29.23 , 10.5354623794 , 4.87150
29.26 , 10.5354623794 , 4.87717
29.30 , 10.5354623794 , 4.88283
29.33 , 10.5354623794 , 4.88867
29.37 , 10.6440753936 , 4.89433
29.40 , 10.6440753936 , 4.90017
29.43 , 10.5354623794 , 4.90567
29.47 , 10.6440753936 , 4.91150
29.50 , 10.6440753936 , 4.91717
29.54 , 10.7526884078 , 4.92300
29.57 , 10.7526884078 , 4.92867
29.61 , 10.6440753936 , 4.93433
29.64 , 10.6440753936 , 4.94000
29.67 , 10.7526884078 , 4.94583
29.71 , 10.7526884078 , 4.95150
29.74 , 10.7526884078 , 4.95733
29.78 , 10.8613014221 , 4.96283
29.81 , 10.8613014221 , 4.96867
29.85 , 10.8613014221 , 4.97433
29.88 , 10.8613014221 , 4.98017
29.92 , 10.8613014221 , 4.98583
29.95 , 10.9699134826 , 4.99150
29.98 , 10.8613014221 , 4.99717
30.02 , 10.9699134826 , 5.00300
30.05 , 10.9699134826 , 5.00883
30.09 , 10.9699134826 , 5.01450
30.12 , 10.9699134826 , 5.02017
30.15 , 10.9699134826 , 5.02583
30.19 , 11.0785264968 , 5.03167
30.22 , 11.0785264968 , 5.03733
30.26 , 11.0785264968 , 5.04317
30.29 , 11.0785264968 , 5.04867
30.33 , 11.1871395111 , 5.05450
30.36 , 11.0785264968 , 5.06017
30.40 , 11.0785264968 , 5.06600
30.43 , 11.1871395111 , 5.07167
30.46 , 11.1871395111 , 5.07750
30.50 , 11.1871395111 , 5.08300
30.53 , 11.1871395111 , 5.08883
30.57 , 11.1871395111 , 5.09450
30.60 , 11.2957525253 , 5.10033
30.64 , 11.2957525253 , 5.10600
30.67 , 11.2957525253 , 5.11167
30.70 , 11.1871395111 , 5.11733
30.74 , 11.2957525253 , 5.12317
30.77 , 11.2957525253 , 5.12883
30.81 , 11.4043655395 , 5.13467
30.84 , 11.4043655395 , 5.14017
30.88 , 11.4043655395 , 5.14600
30.91 , 11.4043655395 , 5.15167
30.94 , 11.4043655395 , 5.15750
30.98 , 11.5129785537 , 5.16317
31.01 , 11.4043655395 , 5.16883
31.05 , 11.4043655395 , 5.17450
31.08 , 11.4043655395 , 5.18033
31.12 , 11.5129785537 , 5.18617
31.15 , 11.4043655395 , 5.19183
31.18 , 11.5129785537 , 5.19750
31.22 , 11.4043655395 , 5.20317
31.25 , 11.4043655395 , 5.20900
31.29 , 11.5129785537 , 5.21467
31.32 , 11.5129785537 , 5.22050
31.36 , 11.5129785537 , 5.22600
31.39 , 11.6215915679 , 5.23183
31.42 , 11.6215915679 , 5.23750
31.46 , 11.6215915679 , 5.24333
31.49 , 11.6215915679 , 5.24900
31.53 , 11.7302045822 , 5.25467
31.56 , 11.6215915679 , 5.26033
31.60 , 11.7302045822 , 5.26617
31.63 , 11.7302045822 , 5.27183
31.67 , 11.7302045822 , 5.27767
31.70 , 11.6215915679 , 5.28317
31.73 , 11.7302045822 , 5.28900
31.77 , 11.7302045822 , 5.29467
31.80 , 11.8388175964 , 5.30050
31.84 , 11.8388175964 , 5.30617
31.87 , 11.8388175964 , 5.31200
31.90 , 11.7302045822 , 5.31750
31.94 , 11.8388175964 , 5.32333
31.97 , 11.8388175964 , 5.32900
32.01 , 11.9474296569 , 5.33483
32.04 , 11.8388175964 , 5.34050
32.08 , 11.9474296569 , 5.34617
32.11 , 11.9474296569 , 5.35183
32.15 , 11.9474296569 , 5.35767
32.18 , 11.9474296569 , 5.36333
32.22 , 12.0560426712 , 5.36917
32.25 , 11.9474296569 , 5.37483
32.28 , 11.9474296569 , 5.38050
32.32 , 12.0560426712 , 5.38633
32.35 , 12.0560426712 , 5.39200
32.39 , 12.0560426712 , 5.39783
32.42 , 12.0560426712 , 5.40333
32.46 , 12.1646556854 , 5.40917
32.49 , 12.1646556854 , 5.41483
32.52 , 12.1646556854 , 5.42067
32.56 , 12.1646556854 , 5.42633
32.59 , 12.2732686996 , 5.43200
32.63 , 12.2732686996 , 5.43767
32.66 , 12.2732686996 , 5.44350
32.70 , 12.2732686996 , 5.44917
32.73 , 12.3818817138 , 5.45500
32.76 , 12.2732686996 , 5.46050
32.80 , 12.3818817138 , 5.46633
32.83 , 12.3818817138 , 5.47200
32.87 , 12.3818817138 , 5.47783
32.90 , 12.3818817138 , 5.48350
32.94 , 12.3818817138 , 5.48917
32.97 , 12.3818817138 , 5.49483
33.00 , 12.4904947280 , 5.50067
33.04 , 12.4904947280 , 5.50633
33.07 , 12.4904947280 , 5.51217
33.11 , 12.4904947280 , 5.51767
33.14 , 12.4904947280 , 5.52350
33.18 , 12.4904947280 , 5.52917
33.21 , 12.4904947280 , 5.53500
33.24 , 12.4904947280 , 5.54067
33.28 , 12.4904947280 , 5.54633
33.31 , 12.4904947280 , 5.55217
33.35 , 12.5991077423 , 5.55783
33.38 , 12.7077207565 , 5.56367
33.42 , 12.5991077423 , 5.56933
33.45 , 12.5991077423 , 5.57517
33.48 , 12.7077207565 , 5.58067
33.52 , 12.5991077423 , 5.58650
33.55 , 12.7077207565 , 5.59217
33.59 , 12.7077207565 , 5.59800
33.62 , 12.7077207565 , 5.60367
33.66 , 12.7077207565 , 5.60933
33.69 , 12.8163328170 , 5.61500
33.72 , 12.7077207565 , 5.62083
33.76 , 12.7077207565 , 5.62650
33.79 , 12.8163328170 , 5.63233
33.83 , 12.9249458312 , 5.63783
33.86 , 12.8163328170 , 5.64367
33.90 , 12.9249458312 , 5.64933
33.93 , 12.9249458312 , 5.65517
33.97 , 12.8163328170 , 5.66083
34.00 , 12.8163328170 , 5.66650
34.03 , 12.9249458312 , 5.67217
34.07 , 12.8163328170 , 5.67800
34.10 , 12.9249458312 , 5.68367
34.14 , 12.9249458312 , 5.68950
34.17 , 12.9249458312 , 5.69500
34.21 , 13.0335617065 , 5.70083
34.24 , 13.0335617065 , 5.70650
34.27 , 13.0335617065 , 5.71233
34.31 , 12.9249458312 , 5.71800
34.34 , 13.0335617065 , 5.72367
34.38 , 12.9249458312 , 5.72933
34.41 , 13.0335617065 , 5.73517
34.45 , 13.0335617065 , 5.74100
34.48 , 13.1421747207 , 5.74667
34.51 , 13.0335617065 , 5.75233
34.55 , 13.0335617065 , 5.75800
34.58 , 13.2507877349 , 5.76383
34.62 , 13.1421747207 , 5.76950
34.65 , 13.2507877349 , 5.77533
34.69 , 13.2507877349 , 5.78083
34.72 , 13.2507877349 , 5.78667
34.75 , 13.2507877349 , 5.79233
34.79 , 13.2507877349 , 5.79817
34.82 , 13.3594007492 , 5.80383
34.86 , 13.3594007492 , 5.80950
34.89 , 13.2507877349 , 5.81517
34.93 , 13.3594007492 , 5.82100
34.96 , 13.4680137634 , 5.82667
35.00 , 13.3594007492 , 5.83250
35.03 , 13.3594007492 , 5.83800
35.06 , 13.4680137634 , 5.84383
35.10 , 13.4680137634 , 5.84950
35.13 , 13.4680137634 , 5.85533
35.17 , 13.4680137634 , 5.86100
35.20 , 13.5766258239 , 5.86683
35.23 , 13.5766258239 , 5.87233
35.27 , 13.4680137634 , 5.87817
35.30 , 13.5766258239 , 5.88383
35.34 , 13.4680137634 , 5.88967
35.37 , 13.4680137634 , 5.89533
35.41 , 13.5766258239 , 5.90100
35.44 , 13.5766258239 , 5.90667
35.47 , 13.5766258239 , 5.91250
35.51 , 13.6852388381 , 5.91833
35.54 , 13.6852388381 , 5.92400
35.58 , 13.6852388381 , 5.92967
35.61 , 13.6852388381 , 5.93533
35.65 , 13.6852388381 , 5.94117
35.68 , 13.6852388381 , 5.94683
35.72 , 13.6852388381 , 5.95267
35.75 , 13.6852388381 , 5.95817
35.78 , 13.6852388381 , 5.96400
35.82 , 13.7938518524 , 5.96967
35.85 , 13.6852388381 , 5.97550
35.89 , 13.7938518524 , 5.98117
35.92 , 13.7938518524 , 5.98683
35.96 , 13.9024648666 , 5.99250
35.99 , 13.7938518524 , 5.99833
36.02 , 13.9024648666 , 6.00400
36.06 , 13.9024648666 , 6.00983
36.09 , 13.9024648666 , 6.01533
36.13 , 13.9024648666 , 6.02117
36.16 , 13.9024648666 , 6.02683
36.20 , 13.9024648666 , 6.03267
36.23 , 13.9024648666 , 6.03833
36.26 , 13.9024648666 , 6.04400
36.30 , 14.0110778808 , 6.04967
36.33 , 14.0110778808 , 6.05550
36.37 , 13.9024648666 , 6.06117
36.40 , 14.0110778808 , 6.06700
36.44 , 14.0110778808 , 6.07250
36.47 , 14.1196908950 , 6.07833
36.50 , 14.2283039093 , 6.08400
36.54 , 14.1196908950 , 6.08983
36.57 , 14.2283039093 , 6.09550
36.61 , 14.1196908950 , 6.10133
36.64 , 14.1196908950 , 6.10700
36.68 , 14.1196908950 , 6.11267
36.71 , 14.2283039093 , 6.11850
36.75 , 14.2283039093 , 6.12417
36.78 , 14.2283039093 , 6.13000
36.81 , 14.2283039093 , 6.13550
36.85 , 14.3369169235 , 6.14133
36.88 , 14.3369169235 , 6.14700
36.92 , 14.3369169235 , 6.15283
36.95 , 14.2283039093 , 6.15850
36.99 , 14.3369169235 , 6.16417
37.02 , 14.3369169235 , 6.16983
37.05 , 14.4455299377 , 6.17567
37.09 , 14.3369169235 , 6.18133
37.12 , 14.4455299377 , 6.18717
37.16 , 14.4455299377 , 6.19267
37.19 , 14.4455299377 , 6.19850
37.22 , 14.4455299377 , 6.20417
37.26 , 14.4455299377 , 6.21000
37.29 , 14.4455299377 , 6.21567
37.33 , 14.5541419982 , 6.22133
37.36 , 14.5541419982 , 6.22700
37.40 , 14.5541419982 , 6.23283
37.43 , 14.6627550125 , 6.23850
37.47 , 14.5541419982 , 6.24433
37.50 , 14.5541419982 , 6.24983
37.53 , 14.5541419982 , 6.25567
37.57 , 14.6627550125 , 6.26133
37.60 , 14.6627550125 , 6.26717
37.64 , 14.6627550125 , 6.27283
37.67 , 14.6627550125 , 6.27850
37.71 , 14.7713680267 , 6.28433
37.74 , 14.7713680267 , 6.29000
37.78 , 14.7713680267 , 6.29583
37.81 , 14.7713680267 , 6.30150
37.84 , 14.8799810409 , 6.30717
37.88 , 14.8799810409 , 6.31283
37.91 , 14.7713680267 , 6.31867
37.95 , 14.7713680267 , 6.32433
37.98 , 14.8799810409 , 6.33017
38.01 , 14.7713680267 , 6.33567
38.05 , 14.8799810409 , 6.34150
38.08 , 14.8799810409 , 6.34717
38.12 , 14.8799810409 , 6.35300
38.15 , 14.9885940551 , 6.35867
38.19 , 14.8799810409 , 6.36450
38.22 , 14.9885940551 , 6.37000
38.26 , 14.9885940551 , 6.37583
38.29 , 14.9885940551 , 6.38150
38.32 , 14.9885940551 , 6.38733
38.36 , 14.9885940551 , 6.39300
38.39 , 14.9885940551 , 6.39867
38.43 , 14.9885940551 , 6.40433
38.46 , 15.0972070693 , 6.41017
38.50 , 15.0972070693 , 6.41583
38.53 , 15.0972070693 , 6.42167
38.56 , 15.0972070693 , 6.42717
38.60 , 15.0972070693 , 6.43300
38.63 , 15.0972070693 , 6.43867
38.67 , 15.0972070693 , 6.44450
38.70 , 15.2058200836 , 6.45017
38.74 , 15.2058200836 , 6.45583
38.77 , 15.2058200836 , 6.46150
38.80 , 15.3144330978 , 6.46733
38.84 , 15.2058200836 , 6.47317
38.87 , 15.3144330978 , 6.47883
38.91 , 15.3144330978 , 6.48450
38.94 , 15.3144330978 , 6.49017
38.98 , 15.3144330978 , 6.49600
39.01 , 15.3144330978 , 6.50167
39.04 , 15.3144330978 , 6.50750
39.08 , 15.3144330978 , 6.51300
39.11 , 15.4230451583 , 6.51883
39.15 , 15.4230451583 , 6.52450
39.18 , 15.4230451583 , 6.53033
39.22 , 15.5316581726 , 6.53600
39.25 , 15.5316581726 , 6.54167
39.28 , 15.5316581726 , 6.54733
39.32 , 15.5316581726 , 6.55317
39.35 , 15.6402711868 , 6.55883
39.39 , 15.5316581726 , 6.56467
39.42 , 15.6402711868 , 6.57017
39.46 , 15.6402711868 , 6.57600
39.49 , 15.5316581726 , 6.58167
39.53 , 15.7488870620 , 6.58750
39.56 , 15.6402711868 , 6.59317
39.59 , 15.6402711868 , 6.59883
39.63 , 15.6402711868 , 6.60450
39.66 , 15.7488870620 , 6.61033
39.70 , 15.8575000762 , 6.61600
39.73 , 15.7488870620 , 6.62183
39.76 , 15.7488870620 , 6.62733
39.80 , 15.8575000762 , 6.63317
39.83 , 15.8575000762 , 6.63883
39.87 , 15.8575000762 , 6.64467
39.90 , 15.9661130905 , 6.65050
39.94 , 15.8575000762 , 6.65617
39.97 , 15.8575000762 , 6.66183
40.01 , 15.8575000762 , 6.66750
40.04 , 15.9661130905 , 6.67333
40.07 , 15.9661130905 , 6.67900
40.11 , 15.9661130905 , 6.68483
40.14 , 15.9661130905 , 6.69033
40.18 , 16.0747261047 , 6.69617
40.21 , 16.0747261047 , 6.70183
40.25 , 16.0747261047 , 6.70767
40.28 , 16.0747261047 , 6.71333
40.31 , 16.0747261047 , 6.71900
40.35 , 16.0747261047 , 6.72467
40.38 , 16.1833381652 , 6.73050
40.42 , 16.0747261047 , 6.73617
40.45 , 16.1833381652 , 6.74200
40.49 , 16.1833381652 , 6.74750
40.52 , 16.1833381652 , 6.75333
40.55 , 16.1833381652 , 6.75900
40.59 , 16.1833381652 , 6.76483
40.62 , 16.2919521331 , 6.77050
40.66 , 16.1833381652 , 6.77617
40.69 , 16.1833381652 , 6.78183
40.73 , 16.2919521331 , 6.78767
40.76 , 16.2919521331 , 6.79333
40.79 , 16.2919521331 , 6.79917
40.83 , 16.2919521331 , 6.80467
40.86 , 16.2919521331 , 6.81050
40.90 , 16.2919521331 , 6.81617
40.93 , 16.2919521331 , 6.82200
40.97 , 16.4005641937 , 6.82767
41.00 , 16.4005641937 , 6.83333
41.04 , 16.4005641937 , 6.83917
41.07 , 16.4005641937 , 6.84483
41.10 , 16.4005641937 , 6.85067
41.14 , 16.5091781616 , 6.85633
41.17 , 16.4005641937 , 6.86200
41.21 , 16.5091781616 , 6.86767
41.24 , 16.5091781616 , 6.87350
41.28 , 16.5091781616 , 6.87917
41.31 , 16.5091781616 , 6.88500
41.34 , 16.6177902221 , 6.89067
41.38 , 16.5091781616 , 6.89633
41.41 , 16.5091781616 , 6.90200
41.45 , 16.6177902221 , 6.90783
41.48 , 16.6177902221 , 6.91350
41.52 , 16.7264022827 , 6.91933
41.55 , 16.6177902221 , 6.92483
41.58 , 16.7264022827 , 6.93067
41.62 , 16.7264022827 , 6.93633
41.65 , 16.7264022827 , 6.94217
41.69 , 16.7264022827 , 6.94783
41.72 , 16.8350162506 , 6.95350
41.76 , 16.7264022827 , 6.95917
41.79 , 16.8350162506 , 6.96500
41.82 , 16.7264022827 , 6.97067
41.86 , 16.8350162506 , 6.97650
41.89 , 16.8350162506 , 6.98200
41.93 , 16.8350162506 , 6.98783
41.96 , 16.8350162506 , 6.99350
42.00 , 16.9436283111 , 6.99933
42.03 , 16.8350162506 , 7.00500
42.06 , 16.9436283111 , 7.01067
42.10 , 16.8350162506 , 7.01650
42.13 , 16.9436283111 , 7.02217
42.17 , 17.0522422790 , 7.02800
42.20 , 17.0522422790 , 7.03367
42.24 , 17.1608543395 , 7.03933
42.27 , 17.0522422790 , 7.04500
42.31 , 17.0522422790 , 7.05083
42.34 , 17.1608543395 , 7.05650
42.37 , 17.1608543395 , 7.06233
42.41 , 17.1608543395 , 7.06783
42.44 , 17.1608543395 , 7.07367
42.48 , 17.1608543395 , 7.07933
42.51 , 17.1608543395 , 7.08517
42.54 , 17.1608543395 , 7.09083
42.58 , 17.1608543395 , 7.09650
42.61 , 17.2694683074 , 7.10217
42.65 , 17.1608543395 , 7.10800
42.68 , 17.2694683074 , 7.11367
42.72 , 17.2694683074 , 7.11950
42.75 , 17.2694683074 , 7.12500
42.79 , 17.3780803680 , 7.13083
42.82 , 17.3780803680 , 7.13650
42.85 , 17.2694683074 , 7.14233
42.89 , 17.3780803680 , 7.14800
42.92 , 17.2694683074 , 7.15383
42.96 , 17.4866943359 , 7.15933
42.99 , 17.3780803680 , 7.16517
43.03 , 17.3780803680 , 7.17083
43.06 , 17.4866943359 , 7.17667
43.09 , 17.3780803680 , 7.18233
43.13 , 17.5953063964 , 7.18800
43.16 , 17.4866943359 , 7.19367
43.20 , 17.4866943359 , 7.19950
43.23 , 17.4866943359 , 7.20533
43.27 , 17.4866943359 , 7.21100
43.30 , 17.5953063964 , 7.21667
43.33 , 17.5953063964 , 7.22233
43.37 , 17.4866943359 , 7.22817
43.40 , 17.5953063964 , 7.23383
43.44 , 17.7039184570 , 7.23967
43.47 , 17.7039184570 , 7.24517
43.51 , 17.7039184570 , 7.25100
43.54 , 17.5953063964 , 7.25667
43.58 , 17.5953063964 , 7.26250
43.61 , 17.7039184570 , 7.26817
43.64 , 17.7039184570 , 7.27383
43.68 , 17.7039184570 , 7.27950
43.71 , 17.8125324249 , 7.28533
43.75 , 17.7039184570 , 7.29100
43.78 , 17.7039184570 , 7.29683
43.81 , 17.8125324249 , 7.30233
43.85 , 17.8125324249 , 7.30817
43.88 , 17.8125324249 , 7.31383
43.92 , 17.8125324249 , 7.31967
43.95 , 17.8125324249 , 7.32533
43.99 , 17.9211444854 , 7.33100
44.02 , 17.9211444854 , 7.33667
44.06 , 17.9211444854 , 7.34250
44.09 , 17.9211444854 , 7.34817
44.12 , 18.0297584533 , 7.35400
44.16 , 18.0297584533 , 7.35950
44.19 , 18.0297584533 , 7.36533
44.23 , 18.0297584533 , 7.37100
44.26 , 18.0297584533 , 7.37683
44.30 , 18.0297584533 , 7.38267
44.33 , 18.1383705139 , 7.38817
44.36 , 18.1383705139 , 7.39400
44.40 , 18.0297584533 , 7.39967
44.43 , 18.1383705139 , 7.40550
44.47 , 18.2469844818 , 7.41117
44.50 , 18.1383705139 , 7.41700
44.54 , 18.2469844818 , 7.42250
44.57 , 18.2469844818 , 7.42833
44.60 , 18.2469844818 , 7.43400
44.64 , 18.2469844818 , 7.43983
44.67 , 18.3555965423 , 7.44550
44.71 , 18.3555965423 , 7.45117
44.74 , 18.3555965423 , 7.45683
44.78 , 18.3555965423 , 7.46267
44.81 , 18.3555965423 , 7.46833
44.85 , 18.3555965423 , 7.47417
44.88 , 18.4642105102 , 7.47967
44.91 , 18.4642105102 , 7.48550
44.95 , 18.4642105102 , 7.49117
44.98 , 18.3555965423 , 7.49700
45.02 , 18.4642105102 , 7.50267
45.05 , 18.4642105102 , 7.50833
45.08 , 18.5728244781 , 7.51400
45.12 , 18.5728244781 , 7.51983
45.15 , 18.5728244781 , 7.52550
45.19 , 18.5728244781 , 7.53133
45.22 , 18.5728244781 , 7.53683
45.26 , 18.5728244781 , 7.54267
45.29 , 18.5728244781 , 7.54833
45.33 , 18.6814384460 , 7.55417
45.36 , 18.6814384460 , 7.55983
45.39 , 18.5728244781 , 7.56550
45.43 , 18.6814384460 , 7.57133
45.46 , 18.6814384460 , 7.57700
45.50 , 18.7900505065 , 7.58283
45.53 , 18.6814384460 , 7.58850
45.56 , 18.6814384460 , 7.59417
45.60 , 18.7900505065 , 7.59983
45.63 , 18.6814384460 , 7.60567
45.67 , 18.7900505065 , 7.61133
45.70 , 18.7900505065 , 7.61717
45.74 , 18.7900505065 , 7.62267
45.77 , 18.7900505065 , 7.62850
45.81 , 18.8986644744 , 7.63417
45.84 , 18.7900505065 , 7.64000
45.87 , 18.8986644744 , 7.64567
45.91 , 18.7900505065 , 7.65133
45.94 , 19.0072765350 , 7.65700
45.98 , 19.0072765350 , 7.66283
46.01 , 18.8986644744 , 7.66850
46.05 , 19.0072765350 , 7.67433
46.08 , 19.0072765350 , 7.68000
46.11 , 19.0072765350 , 7.68567
46.15 , 19.0072765350 , 7.69133
46.18 , 19.0072765350 , 7.69717
46.22 , 19.0072765350 , 7.70283
46.25 , 19.0072765350 , 7.70867
46.29 , 19.1158905029 , 7.71417
46.32 , 19.1158905029 , 7.72000
46.35 , 19.1158905029 , 7.72567
46.39 , 19.1158905029 , 7.73150
46.42 , 19.1158905029 , 7.73717
46.46 , 19.2245025634 , 7.74283
46.49 , 19.3331146240 , 7.74867
46.53 , 19.2245025634 , 7.75433
46.56 , 19.3331146240 , 7.76017
46.60 , 19.3331146240 , 7.76583
46.63 , 19.3331146240 , 7.77150
46.66 , 19.4417285919 , 7.77717
46.70 , 19.3331146240 , 7.78300
46.73 , 19.3331146240 , 7.78867
46.77 , 19.4417285919 , 7.79450
46.80 , 19.4417285919 , 7.80000
46.84 , 19.5503406524 , 7.80583
46.87 , 19.5503406524 , 7.81150
46.90 , 19.5503406524 , 7.81733
46.94 , 19.5503406524 , 7.82300
46.97 , 19.5503406524 , 7.82867
47.01 , 19.5503406524 , 7.83433
47.04 , 19.6589546203 , 7.84017
47.08 , 19.5503406524 , 7.84583
47.11 , 19.6589546203 , 7.85167
47.14 , 19.6589546203 , 7.85717
47.18 , 19.7675666809 , 7.86300
47.21 , 19.7675666809 , 7.86867
47.25 , 19.7675666809 , 7.87450
47.28 , 19.6589546203 , 7.88017
47.31 , 19.7675666809 , 7.88583
47.35 , 19.7675666809 , 7.89150
47.38 , 19.7675666809 , 7.89733
47.42 , 19.7675666809 , 7.90300
47.45 , 19.7675666809 , 7.90883
47.49 , 19.8761806488 , 7.91433
47.52 , 19.7675666809 , 7.92017
47.56 , 19.7675666809 , 7.92583
47.59 , 19.8761806488 , 7.93167
47.63 , 19.7675666809 , 7.93750
47.66 , 19.8761806488 , 7.94317
47.69 , 19.8761806488 , 7.94883
47.73 , 19.8761806488 , 7.95450
47.76 , 19.8761806488 , 7.96033
47.80 , 19.9847927093 , 7.96600
47.83 , 19.9847927093 , 7.97183
47.86 , 19.9847927093 , 7.97733
47.90 , 19.9847927093 , 7.98317
47.93 , 20.0934066772 , 7.98883
47.97 , 19.9847927093 , 7.99467
48.00 , 19.9847927093 , 8.00033
48.04 , 20.0934066772 , 8.00600
48.07 , 20.0934066772 , 8.01167
48.11 , 20.0934066772 , 8.01750
48.14 , 20.0934066772 , 8.02317
48.17 , 20.0934066772 , 8.02900
48.21 , 20.2020187377 , 8.03450
48.24 , 20.0934066772 , 8.04033
48.28 , 20.0934066772 , 8.04600
48.31 , 20.2020187377 , 8.05183
48.35 , 20.2020187377 , 8.05750
48.38 , 20.2020187377 , 8.06317
48.41 , 20.3106307983 , 8.06883
48.45 , 20.2020187377 , 8.07467
48.48 , 20.3106307983 , 8.08033
48.52 , 20.3106307983 , 8.08617
48.55 , 20.3106307983 , 8.09167
48.59 , 20.3106307983 , 8.09750
48.62 , 20.3106307983 , 8.10317
48.65 , 20.4192447662 , 8.10900
48.69 , 20.4192447662 , 8.11483
48.72 , 20.4192447662 , 8.12033
48.76 , 20.4192447662 , 8.12617
48.79 , 20.4192447662 , 8.13183
48.83 , 20.5278568267 , 8.13767
48.86 , 20.5278568267 , 8.14333
48.89 , 20.5278568267 , 8.14900
48.93 , 20.5278568267 , 8.15467
48.96 , 20.6364707946 , 8.16050
49.00 , 20.5278568267 , 8.16617
49.03 , 20.6364707946 , 8.17200
49.06 , 20.6364707946 , 8.17750
49.10 , 20.6364707946 , 8.18333
49.13 , 20.6364707946 , 8.18900
49.17 , 20.6364707946 , 8.19483
49.20 , 20.6364707946 , 8.20050
49.24 , 20.7450828552 , 8.20633
49.27 , 20.7450828552 , 8.21183
49.31 , 20.7450828552 , 8.21767
49.34 , 20.8536968231 , 8.22333
49.38 , 20.8536968231 , 8.22917
49.41 , 20.8536968231 , 8.23483
49.44 , 20.8536968231 , 8.24050
49.48 , 20.9623088836 , 8.24617
49.51 , 20.9623088836 , 8.25200
49.55 , 20.9623088836 , 8.25767
49.58 , 20.9623088836 , 8.26350
49.61 , 20.9623088836 , 8.26900
49.65 , 20.9623088836 , 8.27483
49.68 , 21.0709228515 , 8.28050
49.72 , 20.9623088836 , 8.28633
49.75 , 21.0709228515 , 8.29200
49.79 , 20.9623088836 , 8.29767
49.82 , 21.0709228515 , 8.30350
49.86 , 21.0709228515 , 8.30917
49.89 , 21.0709228515 , 8.31500
49.92 , 21.1795349121 , 8.32067
49.96 , 21.1795349121 , 8.32633
49.99 , 21.1795349121 , 8.33200
50.03 , 21.1795349121 , 8.33783
50.06 , 21.2881469726 , 8.34350
50.10 , 21.2881469726 , 8.34933
50.13 , 21.2881469726 , 8.35483
50.16 , 21.2881469726 , 8.36067
50.20 , 21.2881469726 , 8.36633
50.23 , 21.1795349121 , 8.37217
50.27 , 21.2881469726 , 8.37783
50.30 , 21.2881469726 , 8.38350
50.34 , 21.3967628479 , 8.38917
50.37 , 21.3967628479 , 8.39500
50.40 , 21.3967628479 , 8.40067
50.44 , 21.2881469726 , 8.40650
50.47 , 21.3967628479 , 8.41200
50.51 , 21.3967628479 , 8.41783
50.54 , 21.3967628479 , 8.42350
50.58 , 21.3967628479 , 8.42933
50.61 , 21.5053768157 , 8.43500
50.64 , 21.5053768157 , 8.44067
50.68 , 21.5053768157 , 8.44633
50.71 , 21.5053768157 , 8.45217
50.75 , 21.5053768157 , 8.45783
50.78 , 21.5053768157 , 8.46367
50.82 , 21.5053768157 , 8.46933
50.85 , 21.5053768157 , 8.47500
50.88 , 21.6139888763 , 8.48083
50.92 , 21.6139888763 , 8.48650
50.95 , 21.7226028442 , 8.49233
50.99 , 21.7226028442 , 8.49800
51.02 , 21.7226028442 , 8.50367
51.06 , 21.7226028442 , 8.50933
51.09 , 21.7226028442 , 8.51517
51.13 , 21.7226028442 , 8.52083
51.16 , 21.7226028442 , 8.52667
51.19 , 21.8312149047 , 8.53217
51.23 , 21.7226028442 , 8.53800
51.26 , 21.8312149047 , 8.54367
51.30 , 21.8312149047 , 8.54950
51.33 , 21.8312149047 , 8.55517
51.37 , 21.8312149047 , 8.56083
51.40 , 21.9398269653 , 8.56650
51.43 , 21.9398269653 , 8.57233
51.47 , 21.9398269653 , 8.57800
51.50 , 21.9398269653 , 8.58383
51.54 , 21.9398269653 , 8.58933
51.57 , 22.0484409332 , 8.59517
51.61 , 21.9398269653 , 8.60083
51.64 , 22.0484409332 , 8.60667
51.67 , 22.0484409332 , 8.61233
51.71 , 22.0484409332 , 8.61800
51.74 , 22.2656669616 , 8.62367
51.78 , 22.1570529937 , 8.62950
51.81 , 22.1570529937 , 8.63517
51.85 , 22.1570529937 , 8.64100
51.88 , 22.1570529937 , 8.64650
51.91 , 22.1570529937 , 8.65233
51.95 , 22.2656669616 , 8.65800
51.98 , 22.1570529937 , 8.66383
52.02 , 22.1570529937 , 8.66967
52.05 , 22.1570529937 , 8.67517
52.09 , 22.1570529937 , 8.68100
52.12 , 22.2656669616 , 8.68667
52.15 , 22.2656669616 , 8.69250
52.19 , 22.2656669616 , 8.69817
52.22 , 22.3742790222 , 8.70400
52.26 , 22.3742790222 , 8.70950
52.29 , 22.2656669616 , 8.71533
52.33 , 22.3742790222 , 8.72100
52.36 , 22.3742790222 , 8.72683
52.40 , 22.4828929901 , 8.73250
52.43 , 22.3742790222 , 8.73817
52.46 , 22.4828929901 , 8.74383
52.50 , 22.4828929901 , 8.74967
52.53 , 22.3742790222 , 8.75533
52.57 , 22.3742790222 , 8.76117
52.60 , 22.4828929901 , 8.76667
52.63 , 22.4828929901 , 8.77250
52.67 , 22.4828929901 , 8.77817
52.70 , 22.4828929901 , 8.78400
52.74 , 22.4828929901 , 8.78967
52.77 , 22.5915050506 , 8.79533
52.81 , 22.5915050506 , 8.80100
52.84 , 22.5915050506 , 8.80683
52.88 , 22.5915050506 , 8.81250
52.91 , 22.5915050506 , 8.81833
52.94 , 22.7001190185 , 8.82383
52.98 , 22.7001190185 , 8.82967
53.01 , 22.7001190185 , 8.83533
53.05 , 22.8087310791 , 8.84117
53.08 , 22.8087310791 , 8.84700
53.12 , 22.8087310791 , 8.85250
53.15 , 22.8087310791 , 8.85833
53.18 , 22.8087310791 , 8.86400
53.22 , 22.8087310791 , 8.86983
53.25 , 22.8087310791 , 8.87550
53.29 , 22.8087310791 , 8.88117
53.32 , 22.8087310791 , 8.88683
53.36 , 22.8087310791 , 8.89267
53.39 , 22.9173431396 , 8.89833
53.43 , 22.9173431396 , 8.90417
53.46 , 22.9173431396 , 8.90967
53.49 , 22.9173431396 , 8.91550
53.53 , 23.0259571075 , 8.92117
53.56 , 22.9173431396 , 8.92700
53.60 , 23.0259571075 , 8.93267
53.63 , 23.0259571075 , 8.93833
53.66 , 23.0259571075 , 8.94400
53.70 , 23.1345691680 , 8.94983
53.73 , 23.1345691680 , 8.95550
53.77 , 23.1345691680 , 8.96133
53.80 , 23.1345691680 , 8.96683
53.84 , 23.1345691680 , 8.97267
53.87 , 23.2431831359 , 8.97833
53.90 , 23.1345691680 , 8.98417
53.94 , 23.2431831359 , 8.98983
53.97 , 23.2431831359 , 8.99567
54.01 , 23.2431831359 , 9.00117
54.04 , 23.2431831359 , 9.00700
54.08 , 23.2431831359 , 9.01267
54.11 , 23.3517951965 , 9.01850
54.15 , 23.3517951965 , 9.02417
54.18 , 23.4604091644 , 9.02983
54.21 , 23.3517951965 , 9.03567
54.25 , 23.4604091644 , 9.04133
54.28 , 23.4604091644 , 9.04717
54.32 , 23.4604091644 , 9.05283
54.35 , 23.4604091644 , 9.05850
54.38 , 23.5690212249 , 9.06417
54.42 , 23.4604091644 , 9.07000
54.45 , 23.4604091644 , 9.07567
54.49 , 23.4604091644 , 9.08150
54.52 , 23.5690212249 , 9.08700
54.56 , 23.5690212249 , 9.09283
54.59 , 23.5690212249 , 9.09850
54.63 , 23.6776351928 , 9.10433
54.66 , 23.6776351928 , 9.11000
54.69 , 23.6776351928 , 9.11567
54.73 , 23.5690212249 , 9.12133
54.76 , 23.6776351928 , 9.12717
54.80 , 23.7862472534 , 9.13283
54.83 , 23.7862472534 , 9.13867
54.87 , 23.7862472534 , 9.14417
54.90 , 23.7862472534 , 9.15000
54.93 , 23.7862472534 , 9.15567
54.97 , 23.6776351928 , 9.16150
55.00 , 23.7862472534 , 9.16717
55.04 , 23.8948593139 , 9.17283
55.07 , 23.7862472534 , 9.17850
55.11 , 23.7862472534 , 9.18433
55.14 , 23.8948593139 , 9.19000
55.18 , 23.8948593139 , 9.19583
55.21 , 23.8948593139 , 9.20133
55.24 , 23.8948593139 , 9.20717
55.28 , 23.8948593139 , 9.21300
55.31 , 23.8948593139 , 9.21867
55.35 , 24.0034732818 , 9.22450
55.38 , 24.0034732818 , 9.23000
55.42 , 24.0034732818 , 9.23583
55.45 , 24.0034732818 , 9.24150
55.48 , 24.0034732818 , 9.24733
55.52 , 24.1120891571 , 9.25300
55.55 , 24.1120891571 , 9.25883
55.59 , 24.1120891571 , 9.26433
55.62 , 24.1120891571 , 9.27017
55.65 , 24.1120891571 , 9.27583
55.69 , 24.2207012176 , 9.28167
55.72 , 24.2207012176 , 9.28733
55.76 , 24.1120891571 , 9.29300
55.79 , 24.2207012176 , 9.29867
55.83 , 24.2207012176 , 9.30450
55.86 , 24.2207012176 , 9.31017
55.90 , 24.3293151855 , 9.31600
55.93 , 24.3293151855 , 9.32150
55.96 , 24.3293151855 , 9.32733
56.00 , 24.3293151855 , 9.33300
56.03 , 24.4379272460 , 9.33883
56.07 , 24.4379272460 , 9.34450
56.10 , 24.4379272460 , 9.35017
56.13 , 24.4379272460 , 9.35583
56.17 , 24.3293151855 , 9.36167
56.20 , 24.4379272460 , 9.36733
56.24 , 24.4379272460 , 9.37317
56.27 , 24.5465393066 , 9.37867
56.31 , 24.5465393066 , 9.38450
56.34 , 24.5465393066 , 9.39017
56.38 , 24.6551532745 , 9.39600
56.41 , 24.6551532745 , 9.40183
56.44 , 24.6551532745 , 9.40733
56.48 , 24.6551532745 , 9.41317
56.51 , 24.6551532745 , 9.41883
56.55 , 24.7637653350 , 9.42467
56.58 , 24.6551532745 , 9.43033
56.62 , 24.6551532745 , 9.43600
56.65 , 24.7637653350 , 9.44167
56.69 , 24.7637653350 , 9.44750
56.72 , 24.7637653350 , 9.45317
56.75 , 24.7637653350 , 9.45900
56.79 , 24.7637653350 , 9.46450
56.82 , 24.8723793029 , 9.47033
56.86 , 24.8723793029 , 9.47600
56.89 , 24.9809913635 , 9.48183
56.93 , 24.8723793029 , 9.48750
56.96 , 24.9809913635 , 9.49333
56.99 , 24.8723793029 , 9.49883
57.03 , 24.9809913635 , 9.50467
57.06 , 24.9809913635 , 9.51033
57.10 , 25.0896053314 , 9.51617
57.13 , 24.9809913635 , 9.52183
57.17 , 25.0896053314 , 9.52750
57.20 , 25.0896053314 , 9.53317
57.23 , 24.9809913635 , 9.53900
57.27 , 25.0896053314 , 9.54467
57.30 , 25.0896053314 , 9.55050
57.34 , 25.0896053314 , 9.55600
57.37 , 25.0896053314 , 9.56183
57.40 , 25.0896053314 , 9.56750
57.44 , 25.1982173919 , 9.57333
57.47 , 25.1982173919 , 9.57917
57.51 , 25.1982173919 , 9.58467
57.54 , 25.1982173919 , 9.59050
57.58 , 25.1982173919 , 9.59617
57.61 , 25.1982173919 , 9.60200
57.65 , 25.3068313598 , 9.60767
57.68 , 25.3068313598 , 9.61333
57.71 , 25.3068313598 , 9.61900
57.75 , 25.3068313598 , 9.62483
57.78 , 25.3068313598 , 9.63050
57.82 , 25.3068313598 , 9.63633
57.85 , 25.3068313598 , 9.64183
57.89 , 25.4154434204 , 9.64767
57.92 , 25.4154434204 , 9.65333
57.96 , 25.4154434204 , 9.65917
57.99 , 25.4154434204 , 9.66483
58.02 , 25.5240554809 , 9.67050
58.06 , 25.5240554809 , 9.67617
58.09 , 25.5240554809 , 9.68200
58.13 , 25.5240554809 , 9.68767
58.16 , 25.6326694488 , 9.69350
58.19 , 25.5240554809 , 9.69900
58.23 , 25.6326694488 , 9.70483
58.26 , 25.6326694488 , 9.71050
58.30 , 25.7412815093 , 9.71633
58.33 , 25.6326694488 , 9.72200
58.37 , 25.7412815093 , 9.72767
58.40 , 25.7412815093 , 9.73333
58.44 , 25.6326694488 , 9.73917
58.47 , 25.7412815093 , 9.74483
58.50 , 25.7412815093 , 9.75067
58.54 , 25.7412815093 , 9.75617
58.57 , 25.7412815093 , 9.76200
58.61 , 25.7412815093 , 9.76783
58.64 , 25.9585075378 , 9.77350
58.68 , 25.8498954772 , 9.77933
58.71 , 25.9585075378 , 9.78500
58.74 , 25.8498954772 , 9.79067
58.78 , 25.9585075378 , 9.79633
58.81 , 25.8498954772 , 9.80217
58.85 , 25.9585075378 , 9.80783
58.88 , 25.9585075378 , 9.81367
58.92 , 26.0671215057 , 9.81917
58.95 , 26.0671215057 , 9.82500
58.98 , 26.0671215057 , 9.83067
59.02 , 26.1757335662 , 9.83650
59.05 , 26.1757335662 , 9.84217
59.09 , 26.1757335662 , 9.84783
59.12 , 26.1757335662 , 9.85350
59.16 , 26.1757335662 , 9.85933
59.19 , 26.1757335662 , 9.86500
59.22 , 26.0671215057 , 9.87083
59.26 , 26.0671215057 , 9.87633
59.29 , 26.2843475341 , 9.88217
59.33 , 26.1757335662 , 9.88783
59.36 , 26.2843475341 , 9.89367
59.40 , 26.2843475341 , 9.89933
59.43 , 26.2843475341 , 9.90500
59.46 , 26.2843475341 , 9.91067
59.50 , 26.2843475341 , 9.91650
59.53 , 26.3929595947 , 9.92217
59.57 , 26.3929595947 , 9.92800
59.60 , 26.2843475341 , 9.93350
59.64 , 26.3929595947 , 9.93933
59.67 , 26.5015716552 , 9.94517
59.71 , 26.5015716552 , 9.95083
59.74 , 26.5015716552 , 9.95667
59.77 , 26.5015716552 , 9.96217
59.81 , 26.6101856231 , 9.96800
59.84 , 26.5015716552 , 9.97367
59.88 , 26.6101856231 , 9.97950
59.91 , 26.5015716552 , 9.98517
59.95 , 26.6101856231 , 9.99083
59.98 , 26.5015716552 , 9.99650
60.01 , 26.6101856231 , 10.00233
60.05 , 26.7187976837 , 10.00817
60.09 , 26.6101856231 , 10.01417
60.12 , 26.7187976837 , 10.02000
60.15 , 26.7187976837 , 10.02583
60.19 , 26.7187976837 , 10.03167
60.23 , 26.7187976837 , 10.03767
60.26 , 26.6101856231 , 10.04350
60.30 , 26.8274116516 , 10.04950
60.33 , 26.7187976837 , 10.05533
60.37 , 26.8274116516 , 10.06117
60.40 , 26.8274116516 , 10.06717
60.44 , 26.8274116516 , 10.07300
60.47 , 26.8274116516 , 10.07900
60.51 , 26.8274116516 , 10.08483
60.54 , 26.9360275268 , 10.09083
60.58 , 26.9360275268 , 10.09650
60.62 , 26.9360275268 , 10.10250
60.65 , 26.9360275268 , 10.10833
60.69 , 26.9360275268 , 10.11433
60.72 , 26.9360275268 , 10.12017
60.76 , 26.8274116516 , 10.12600
60.79 , 26.8274116516 , 10.13183
60.83 , 26.9360275268 , 10.13783
60.86 , 26.9360275268 , 10.14367
60.90 , 26.9360275268 , 10.14967
60.93 , 26.9360275268 , 10.15550
60.97 , 27.0446395874 , 10.16133
61.00 , 26.9360275268 , 10.16733
61.04 , 27.0446395874 , 10.17317
61.08 , 27.0446395874 , 10.17917
61.11 , 27.0446395874 , 10.18500
61.15 , 27.1532516479 , 10.19100
61.18 , 27.1532516479 , 10.19667
61.22 , 27.1532516479 , 10.20267
61.25 , 27.1532516479 , 10.20850
61.29 , 27.2618656158 , 10.21450
61.32 , 27.2618656158 , 10.22033
61.36 , 27.2618656158 , 10.22633
61.39 , 27.2618656158 , 10.23200
61.43 , 27.2618656158 , 10.23800
61.46 , 27.2618656158 , 10.24383
61.50 , 27.2618656158 , 10.24983
61.54 , 27.3704776763 , 10.25583
61.57 , 27.3704776763 , 10.26167
61.61 , 27.3704776763 , 10.26750
61.64 , 27.3704776763 , 10.27333
61.68 , 27.4790916442 , 10.27933
61.71 , 27.4790916442 , 10.28517
61.75 , 27.4790916442 , 10.29117
61.78 , 27.4790916442 , 10.29700
61.82 , 27.4790916442 , 10.30283
61.85 , 27.5877037048 , 10.30867
61.89 , 27.5877037048 , 10.31467
61.92 , 27.5877037048 , 10.32050
61.96 , 27.5877037048 , 10.32650
61.99 , 27.5877037048 , 10.33217
62.03 , 27.5877037048 , 10.33817
62.06 , 27.5877037048 , 10.34400
62.10 , 27.5877037048 , 10.35000
62.14 , 27.6963176727 , 10.35600
62.17 , 27.6963176727 , 10.36183
62.21 , 27.6963176727 , 10.36767
62.24 , 27.6963176727 , 10.37350
62.28 , 27.8049297332 , 10.37950
62.31 , 27.6963176727 , 10.38533
62.35 , 27.8049297332 , 10.39133
62.38 , 27.8049297332 , 10.39717
62.42 , 27.8049297332 , 10.40300
62.45 , 27.8049297332 , 10.40883
62.49 , 27.9135437011 , 10.41483
62.52 , 28.0221557617 , 10.42067
62.56 , 27.9135437011 , 10.42667
62.60 , 27.9135437011 , 10.43250
62.63 , 27.9135437011 , 10.43833
62.67 , 27.9135437011 , 10.44433
62.70 , 28.0221557617 , 10.45017
62.74 , 27.9135437011 , 10.45617
62.77 , 28.0221557617 , 10.46200
62.81 , 28.0221557617 , 10.46800
62.84 , 28.0221557617 , 10.47367
62.88 , 28.1307678222 , 10.47967
62.91 , 28.0221557617 , 10.48550
62.95 , 28.2393817901 , 10.49150
62.98 , 28.2393817901 , 10.49733
63.02 , 28.1307678222 , 10.50333
63.05 , 28.2393817901 , 10.50900
63.09 , 28.1307678222 , 10.51500
63.13 , 28.2393817901 , 10.52083
63.16 , 28.3479938507 , 10.52683
63.20 , 28.2393817901 , 10.53267
63.23 , 28.2393817901 , 10.53867
63.27 , 28.2393817901 , 10.54450
63.30 , 28.3479938507 , 10.55033
63.34 , 28.3479938507 , 10.55633
63.37 , 28.3479938507 , 10.56217
63.41 , 28.3479938507 , 10.56817
63.44 , 28.3479938507 , 10.57383
63.48 , 28.4566078186 , 10.57983
63.51 , 28.4566078186 , 10.58567
63.55 , 28.5652198791 , 10.59167
63.59 , 28.4566078186 , 10.59750
63.62 , 28.4566078186 , 10.60350
63.65 , 28.5652198791 , 10.60917
63.69 , 28.5652198791 , 10.61517
63.73 , 28.5652198791 , 10.62100
63.76 , 28.6738338470 , 10.62700
63.80 , 28.5652198791 , 10.63300
63.83 , 28.6738338470 , 10.63883
63.87 , 28.6738338470 , 10.64467
63.90 , 28.7824459075 , 10.65050
63.94 , 28.7824459075 , 10.65650
63.97 , 28.7824459075 , 10.66233
64.01 , 28.7824459075 , 10.66833
64.04 , 28.7824459075 , 10.67417
64.08 , 28.7824459075 , 10.68000
64.11 , 28.7824459075 , 10.68583
64.15 , 28.8910598754 , 10.69183
64.19 , 28.8910598754 , 10.69767
64.22 , 28.8910598754 , 10.70367
64.26 , 28.8910598754 , 10.70950
64.29 , 28.9996719360 , 10.71533
64.33 , 28.9996719360 , 10.72117
64.36 , 28.9996719360 , 10.72717
64.40 , 28.9996719360 , 10.73317
64.43 , 28.9996719360 , 10.73900
64.47 , 28.9996719360 , 10.74500
64.50 , 29.1082839965 , 10.75067
64.54 , 29.1082839965 , 10.75667
64.57 , 29.1082839965 , 10.76250
64.61 , 29.1082839965 , 10.76850
64.65 , 28.9996719360 , 10.77433
64.68 , 29.1082839965 , 10.78017
64.72 , 29.1082839965 , 10.78600
64.75 , 29.2168979644 , 10.79200
64.79 , 29.2168979644 , 10.79783
64.82 , 29.2168979644 , 10.80383
64.86 , 29.2168979644 , 10.80967
64.89 , 29.3255100250 , 10.81550
64.93 , 29.2168979644 , 10.82150
64.96 , 29.3255100250 , 10.82733
65.00 , 29.3255100250 , 10.83333
65.04 , 29.3255100250 , 10.83917
65.07 , 29.3255100250 , 10.84517
65.11 , 29.4341239929 , 10.85083
65.14 , 29.4341239929 , 10.85683
65.18 , 29.4341239929 , 10.86267
65.21 , 29.4341239929 , 10.86867
65.25 , 29.4341239929 , 10.87450
65.28 , 29.4341239929 , 10.88050
65.32 , 29.5427360534 , 10.88617
65.35 , 29.4341239929 , 10.89217
65.39 , 29.5427360534 , 10.89800
65.42 , 29.5427360534 , 10.90400
65.46 , 29.5427360534 , 10.90983
65.50 , 29.6513519287 , 10.91583
65.53 , 29.6513519287 , 10.92167
65.56 , 29.6513519287 , 10.92750
65.60 , 29.6513519287 , 10.93350
65.64 , 29.6513519287 , 10.93933
65.67 , 29.6513519287 , 10.94533
65.71 , 29.7599639892 , 10.95117
65.74 , 29.8685779571 , 10.95700
65.78 , 29.7599639892 , 10.96283
65.81 , 29.7599639892 , 10.96883
65.85 , 29.8685779571 , 10.97467
65.88 , 29.8685779571 , 10.98067
65.92 , 29.8685779571 , 10.98633
65.95 , 29.9771900177 , 10.99233
65.99 , 29.8685779571 , 10.99817
66.02 , 29.9771900177 , 11.00417
66.06 , 29.9771900177 , 11.01017
66.10 , 29.9771900177 , 11.01600
66.13 , 29.9771900177 , 11.02183
66.17 , 30.0858039855 , 11.02767
66.20 , 30.0858039855 , 11.03367
66.24 , 29.9771900177 , 11.03950
66.27 , 30.0858039855 , 11.04550
66.31 , 30.0858039855 , 11.05133
66.34 , 30.0858039855 , 11.05717
66.38 , 30.1944160461 , 11.06300
66.41 , 30.1944160461 , 11.06900
66.45 , 30.1944160461 , 11.07483
66.48 , 30.1944160461 , 11.08083
66.52 , 30.3030300140 , 11.08667
66.55 , 30.1944160461 , 11.09250
66.59 , 30.3030300140 , 11.09833
66.63 , 30.3030300140 , 11.10433
66.66 , 30.3030300140 , 11.11033
66.70 , 30.4116420745 , 11.11617
66.73 , 30.3030300140 , 11.12217
66.77 , 30.4116420745 , 11.12783
66.80 , 30.4116420745 , 11.13383
66.84 , 30.4116420745 , 11.13967
66.87 , 30.4116420745 , 11.14567
66.91 , 30.4116420745 , 11.15150
66.94 , 30.5202560424 , 11.15750
66.98 , 30.4116420745 , 11.16317
67.01 , 30.5202560424 , 11.16917
67.05 , 30.5202560424 , 11.17500
67.09 , 30.5202560424 , 11.18100
67.12 , 30.5202560424 , 11.18683
67.16 , 30.6288681030 , 11.19267
67.19 , 30.5202560424 , 11.19867
67.23 , 30.6288681030 , 11.20450
67.26 , 30.6288681030 , 11.21050
67.30 , 30.7374801635 , 11.21633
67.33 , 30.6288681030 , 11.22233
67.37 , 30.7374801635 , 11.22800
67.40 , 30.6288681030 , 11.23400
67.44 , 30.7374801635 , 11.23983
67.47 , 30.7374801635 , 11.24583
67.51 , 30.7374801635 , 11.25167
67.55 , 30.7374801635 , 11.25767
67.58 , 30.7374801635 , 11.26333
67.62 , 30.8460941314 , 11.26933
67.65 , 30.8460941314 , 11.27517
67.69 , 30.8460941314 , 11.28117
67.72 , 30.8460941314 , 11.28700
67.76 , 30.8460941314 , 11.29300
67.79 , 30.9547061920 , 11.29883
67.83 , 30.8460941314 , 11.30467
67.86 , 30.9547061920 , 11.31067
67.90 , 31.0633201599 , 11.31650
67.93 , 31.0633201599 , 11.32250
67.97 , 30.9547061920 , 11.32833
68.00 , 31.0633201599 , 11.33417
68.04 , 31.0633201599 , 11.34000
68.08 , 31.1719322204 , 11.34600
68.11 , 31.0633201599 , 11.35183
68.15 , 31.1719322204 , 11.35783
68.18 , 31.1719322204 , 11.36367
68.22 , 31.1719322204 , 11.36950
68.25 , 31.1719322204 , 11.37533
68.29 , 31.2805461883 , 11.38133
68.32 , 31.2805461883 , 11.38733
68.36 , 31.1719322204 , 11.39317
68.39 , 31.2805461883 , 11.39917
68.43 , 31.2805461883 , 11.40483
68.46 , 31.3891582489 , 11.41083
68.50 , 31.2805461883 , 11.41667
68.54 , 31.3891582489 , 11.42267
68.57 , 31.3891582489 , 11.42850
68.61 , 31.3891582489 , 11.43433
68.64 , 31.4977722167 , 11.44017
68.68 , 31.4977722167 , 11.44617
68.71 , 31.4977722167 , 11.45200
68.75 , 31.4977722167 , 11.45800
68.78 , 31.4977722167 , 11.46383
68.82 , 31.4977722167 , 11.46967
68.85 , 31.6063842773 , 11.47550
68.89 , 31.6063842773 , 11.48150
68.93 , 31.6063842773 , 11.48750
68.96 , 31.6063842773 , 11.49333
69.00 , 31.7149963378 , 11.49933
69.03 , 31.6063842773 , 11.50500
69.07 , 31.7149963378 , 11.51100
69.10 , 31.8236103057 , 11.51683
69.14 , 31.7149963378 , 11.52283
69.17 , 31.7149963378 , 11.52867
69.21 , 31.8236103057 , 11.53467
69.24 , 31.8236103057 , 11.54033
69.28 , 31.8236103057 , 11.54633
69.31 , 31.8236103057 , 11.55217
69.35 , 31.8236103057 , 11.55817
69.38 , 31.8236103057 , 11.56400
69.42 , 31.9322223663 , 11.57000
69.45 , 31.9322223663 , 11.57583
69.49 , 31.9322223663 , 11.58167
69.53 , 31.9322223663 , 11.58767
69.56 , 31.9322223663 , 11.59350
69.60 , 31.9322223663 , 11.59950
69.63 , 31.9322223663 , 11.60533
69.67 , 32.0408363342 , 11.61117
69.70 , 32.0408363342 , 11.61700
69.74 , 32.0408363342 , 11.62300
69.77 , 32.1494483947 , 11.62883
69.81 , 32.0408363342 , 11.63483
69.84 , 32.1494483947 , 11.64050
69.88 , 32.1494483947 , 11.64650
69.91 , 32.2580604553 , 11.65233
69.95 , 32.1494483947 , 11.65833
69.98 , 32.1494483947 , 11.66417
70.02 , 32.2580604553 , 11.67017
70.06 , 32.2580604553 , 11.67600
70.09 , 32.2580604553 , 11.68183
70.13 , 32.2580604553 , 11.68783
70.16 , 32.2580604553 , 11.69367
70.20 , 32.2580604553 , 11.69967
70.23 , 32.3666763305 , 11.70550
70.27 , 32.2580604553 , 11.71133
70.30 , 32.3666763305 , 11.71717
70.34 , 32.3666763305 , 11.72317
70.37 , 32.3666763305 , 11.72900
70.41 , 32.4752883911 , 11.73500
70.44 , 32.4752883911 , 11.74083
70.48 , 32.4752883911 , 11.74667
70.51 , 32.4752883911 , 11.75250
70.55 , 32.4752883911 , 11.75850
70.59 , 32.5839004516 , 11.76450
70.62 , 32.4752883911 , 11.77033
70.66 , 32.5839004516 , 11.77633
70.69 , 32.6925125122 , 11.78200
70.73 , 32.5839004516 , 11.78800
70.76 , 32.6925125122 , 11.79383
70.80 , 32.6925125122 , 11.79983
70.83 , 32.6925125122 , 11.80567
70.87 , 32.6925125122 , 11.81167
70.90 , 32.6925125122 , 11.81733
70.94 , 32.8011245727 , 11.82333
70.97 , 32.8011245727 , 11.82917
71.01 , 32.8011245727 , 11.83517
71.05 , 32.8011245727 , 11.84100
71.08 , 32.9097404479 , 11.84683
71.12 , 32.9097404479 , 11.85267
71.15 , 32.9097404479 , 11.85867
71.19 , 32.9097404479 , 11.86467
71.22 , 33.0183525085 , 11.87050
71.26 , 33.0183525085 , 11.87650
71.29 , 33.0183525085 , 11.88217
71.33 , 33.0183525085 , 11.88817
71.36 , 33.0183525085 , 11.89400
71.40 , 33.0183525085 , 11.90000
71.43 , 33.1269645690 , 11.90583
71.47 , 33.0183525085 , 11.91183
71.50 , 33.1269645690 , 11.91750
71.54 , 33.1269645690 , 11.92350
71.58 , 33.1269645690 , 11.92933
71.61 , 33.1269645690 , 11.93533
71.65 , 33.2355766296 , 11.94117
71.68 , 33.2355766296 , 11.94717
71.72 , 33.1269645690 , 11.95300
71.75 , 33.2355766296 , 11.95883
71.79 , 33.2355766296 , 11.96483
71.82 , 33.2355766296 , 11.97067
71.86 , 33.3441925048 , 11.97667
71.89 , 33.2355766296 , 11.98250
71.93 , 33.3441925048 , 11.98833
71.96 , 33.3441925048 , 11.99417
72.00 , 33.4528045654 , 12.00017
72.04 , 33.3441925048 , 12.00600
72.07 , 33.3441925048 , 12.01200
72.11 , 33.4528045654 , 12.01783
72.14 , 33.4528045654 , 12.02367
72.18 , 33.4528045654 , 12.02950
72.21 , 33.4528045654 , 12.03550
72.25 , 33.4528045654 , 12.04133
72.28 , 33.5614166259 , 12.04733
72.32 , 33.5614166259 , 12.05333
72.35 , 33.5614166259 , 12.05900
72.39 , 33.5614166259 , 12.06500
72.43 , 33.5614166259 , 12.07083
72.46 , 33.6700286865 , 12.07683
72.50 , 33.6700286865 , 12.08267
72.53 , 33.6700286865 , 12.08850
72.57 , 33.6700286865 , 12.09433
72.60 , 33.6700286865 , 12.10033
72.64 , 33.7786407470 , 12.10617
72.67 , 33.6700286865 , 12.11217
72.71 , 33.7786407470 , 12.11800
72.74 , 33.7786407470 , 12.12383
72.78 , 33.7786407470 , 12.12967
72.81 , 33.7786407470 , 12.13567
72.85 , 33.8872604370 , 12.14167
72.88 , 33.8872604370 , 12.14750
72.92 , 33.8872604370 , 12.15350
72.95 , 33.9958724975 , 12.15917
72.99 , 33.8872604370 , 12.16517
73.03 , 33.9958724975 , 12.17100
73.06 , 33.9958724975 , 12.17700
73.10 , 33.9958724975 , 12.18283
73.13 , 33.9958724975 , 12.18883
73.17 , 34.1044845581 , 12.19450
73.20 , 34.1044845581 , 12.20050
73.24 , 34.1044845581 , 12.20633
73.27 , 34.1044845581 , 12.21233
73.31 , 34.1044845581 , 12.21817
73.34 , 34.2131004333 , 12.22417
73.38 , 34.2131004333 , 12.22983
73.41 , 34.2131004333 , 12.23583
73.45 , 34.3217124938 , 12.24183
73.49 , 34.3217124938 , 12.24767
73.52 , 34.4303245544 , 12.25367
73.56 , 34.3217124938 , 12.25933
73.59 , 34.3217124938 , 12.26533
73.63 , 34.3217124938 , 12.27117
73.66 , 34.3217124938 , 12.27717
73.70 , 34.4303245544 , 12.28300
73.73 , 34.4303245544 , 12.28900
73.77 , 34.4303245544 , 12.29467
73.80 , 34.5389366149 , 12.30067
73.84 , 34.4303245544 , 12.30650
73.87 , 34.4303245544 , 12.31250
73.91 , 34.5389366149 , 12.31833
73.95 , 34.5389366149 , 12.32433
73.98 , 34.5389366149 , 12.33017
74.02 , 34.6475524902 , 12.33600
74.05 , 34.6475524902 , 12.34200
74.09 , 34.5389366149 , 12.34783
74.12 , 34.6475524902 , 12.35383
74.16 , 34.6475524902 , 12.35967
74.19 , 34.6475524902 , 12.36550
74.23 , 34.6475524902 , 12.37133
74.26 , 34.6475524902 , 12.37733
74.30 , 34.6475524902 , 12.38317
74.33 , 34.6475524902 , 12.38917
74.37 , 34.7561645507 , 12.39500
74.40 , 34.8647766113 , 12.40083
74.44 , 34.7561645507 , 12.40667
74.48 , 34.7561645507 , 12.41267
74.51 , 34.8647766113 , 12.41850
74.55 , 34.8647766113 , 12.42450
74.58 , 34.8647766113 , 12.43050
74.62 , 34.9733886718 , 12.43617
74.65 , 34.9733886718 , 12.44217
74.69 , 34.9733886718 , 12.44800
74.72 , 34.8647766113 , 12.45400
74.76 , 34.9733886718 , 12.45983
74.79 , 34.9733886718 , 12.46583
74.83 , 34.9733886718 , 12.47150
74.86 , 35.0820007324 , 12.47750
74.90 , 35.0820007324 , 12.48333
74.94 , 35.0820007324 , 12.48933
74.97 , 35.0820007324 , 12.49517
75.01 , 35.0820007324 , 12.50100
75.04 , 35.0820007324 , 12.50683
75.08 , 35.1906166076 , 12.51283
75.11 , 35.1906166076 , 12.51883
75.15 , 35.1906166076 , 12.52467
75.18 , 35.2992286682 , 12.53067
75.22 , 35.1906166076 , 12.53633
75.25 , 35.2992286682 , 12.54233
75.29 , 35.2992286682 , 12.54817
75.32 , 35.2992286682 , 12.55417
75.36 , 35.2992286682 , 12.56000
75.40 , 35.4078407287 , 12.56600
75.43 , 35.2992286682 , 12.57167
75.47 , 35.4078407287 , 12.57767
75.50 , 35.4078407287 , 12.58350
75.54 , 35.5164527893 , 12.58950
75.57 , 35.4078407287 , 12.59533
75.61 , 35.5164527893 , 12.60133
75.64 , 35.5164527893 , 12.60700
75.68 , 35.6250686645 , 12.61300
75.71 , 35.5164527893 , 12.61900
75.75 , 35.5164527893 , 12.62483
75.79 , 35.6250686645 , 12.63083
75.82 , 35.7336807250 , 12.63667
75.86 , 35.5164527893 , 12.64250
75.89 , 35.7336807250 , 12.64833
75.93 , 35.7336807250 , 12.65433
75.96 , 35.7336807250 , 12.66017
76.00 , 35.7336807250 , 12.66617
76.03 , 35.8422927856 , 12.67200
76.07 , 35.8422927856 , 12.67783
76.10 , 35.8422927856 , 12.68367
76.14 , 35.8422927856 , 12.68967
76.17 , 35.7336807250 , 12.69550
76.21 , 35.9509048461 , 12.70150
76.24 , 35.8422927856 , 12.70733
76.28 , 35.8422927856 , 12.71317
76.31 , 35.8422927856 , 12.71917
76.35 , 35.9509048461 , 12.72500
76.39 , 35.9509048461 , 12.73100
76.42 , 35.9509048461 , 12.73683
76.46 , 36.0595169067 , 12.74267
76.49 , 36.0595169067 , 12.74850
76.53 , 36.0595169067 , 12.75450
76.56 , 36.0595169067 , 12.76033
76.60 , 36.0595169067 , 12.76633
76.63 , 36.0595169067 , 12.77217
76.67 , 36.1681327819 , 12.77800
76.70 , 36.0595169067 , 12.78383
76.74 , 36.1681327819 , 12.78983
76.77 , 36.1681327819 , 12.79567
76.81 , 36.2767448425 , 12.80167
76.85 , 36.2767448425 , 12.80767
76.88 , 36.2767448425 , 12.81333
76.92 , 36.2767448425 , 12.81933
76.95 , 36.2767448425 , 12.82517
76.99 , 36.2767448425 , 12.83117
77.02 , 36.3853569030 , 12.83700
77.06 , 36.3853569030 , 12.84300
77.09 , 36.3853569030 , 12.84867
77.13 , 36.3853569030 , 12.85467
77.16 , 36.3853569030 , 12.86050
77.20 , 36.3853569030 , 12.86650
77.23 , 36.4939689636 , 12.87233
77.27 , 36.3853569030 , 12.87833
77.30 , 36.3853569030 , 12.88400
77.34 , 36.4939689636 , 12.89000
77.38 , 36.4939689636 , 12.89600
77.41 , 36.4939689636 , 12.90183
77.45 , 36.4939689636 , 12.90783
77.48 , 36.6025848388 , 12.91350
77.52 , 36.6025848388 , 12.91950
77.55 , 36.4939689636 , 12.92533
77.59 , 36.6025848388 , 12.93133
77.62 , 36.7111968994 , 12.93717
77.66 , 36.6025848388 , 12.94317
77.69 , 36.6025848388 , 12.94883
77.73 , 36.7111968994 , 12.95483
77.76 , 36.7111968994 , 12.96067
77.80 , 36.7111968994 , 12.96667
77.83 , 36.7111968994 , 12.97250
77.87 , 36.8198089599 , 12.97850
77.90 , 36.8198089599 , 12.98417
77.94 , 36.8198089599 , 12.99017
77.98 , 36.9284210205 , 12.99617
78.01 , 36.9284210205 , 13.00200
78.05 , 36.8198089599 , 13.00800
78.08 , 36.9284210205 , 13.01383
78.12 , 36.9284210205 , 13.01967
78.15 , 36.9284210205 , 13.02550
78.19 , 36.9284210205 , 13.03150
78.22 , 37.0370330810 , 13.03733
78.26 , 37.0370330810 , 13.04333
78.29 , 37.1456489562 , 13.04917
78.33 , 37.0370330810 , 13.05500
78.36 , 37.0370330810 , 13.06083
78.40 , 37.0370330810 , 13.06683
78.44 , 37.0370330810 , 13.07267
78.47 , 37.2542610168 , 13.07867
78.51 , 37.1456489562 , 13.08467
78.54 , 37.2542610168 , 13.09033
78.58 , 37.2542610168 , 13.09633
78.61 , 37.2542610168 , 13.10217
78.65 , 37.2542610168 , 13.10817
78.68 , 37.2542610168 , 13.11400
78.72 , 37.3628730773 , 13.12000
78.75 , 37.3628730773 , 13.12567
78.79 , 37.3628730773 , 13.13167
78.82 , 37.3628730773 , 13.13750
78.86 , 37.4714851379 , 13.14350
78.90 , 37.3628730773 , 13.14933
78.93 , 37.3628730773 , 13.15517
78.97 , 37.4714851379 , 13.16100
79.00 , 37.4714851379 , 13.16700
79.04 , 37.4714851379 , 13.17283
79.07 , 37.4714851379 , 13.17883
79.11 , 37.4714851379 , 13.18483
79.14 , 37.4714851379 , 13.19050
79.18 , 37.5801010131 , 13.19650
79.21 , 37.4714851379 , 13.20233
79.25 , 37.5801010131 , 13.20833
79.29 , 37.5801010131 , 13.21417
79.32 , 37.5801010131 , 13.22017
79.36 , 37.6887130737 , 13.22583
79.39 , 37.6887130737 , 13.23183
79.43 , 37.6887130737 , 13.23767
79.46 , 37.6887130737 , 13.24367
79.50 , 37.7973251342 , 13.24950
79.53 , 37.7973251342 , 13.25550
79.57 , 37.7973251342 , 13.26117
79.60 , 37.7973251342 , 13.26717
79.64 , 37.7973251342 , 13.27317
79.67 , 37.7973251342 , 13.27900
79.71 , 37.7973251342 , 13.28500
79.75 , 37.7973251342 , 13.29083
79.78 , 37.9059371948 , 13.29667
79.81 , 38.0145492553 , 13.30250
79.85 , 38.0145492553 , 13.30850
79.89 , 38.0145492553 , 13.31433
79.92 , 38.0145492553 , 13.32033
79.96 , 38.0145492553 , 13.32600
79.99 , 38.0145492553 , 13.33200
80.03 , 38.1231651306 , 13.33783
80.06 , 38.1231651306 , 13.34383
80.10 , 38.1231651306 , 13.34967
80.13 , 38.1231651306 , 13.35567
80.17 , 38.1231651306 , 13.36133
80.20 , 38.2317771911 , 13.36733
80.24 , 38.1231651306 , 13.37333
80.27 , 38.2317771911 , 13.37917
80.31 , 38.2317771911 , 13.38517
80.35 , 38.3403892517 , 13.39100
80.38 , 38.2317771911 , 13.39683
80.42 , 38.3403892517 , 13.40267
80.45 , 38.3403892517 , 13.40867
80.49 , 38.2317771911 , 13.41450
80.52 , 38.3403892517 , 13.42050
80.56 , 38.4490013122 , 13.42633
80.59 , 38.4490013122 , 13.43217
80.63 , 38.4490013122 , 13.43800
80.66 , 38.4490013122 , 13.44400
80.70 , 38.5576171875 , 13.44983
80.73 , 38.5576171875 , 13.45583
80.77 , 38.5576171875 , 13.46183
80.80 , 38.5576171875 , 13.46750
80.84 , 38.5576171875 , 13.47350
80.88 , 38.6662292480 , 13.47933
80.91 , 38.5576171875 , 13.48533
80.95 , 38.6662292480 , 13.49117
80.98 , 38.6662292480 , 13.49717
81.02 , 38.6662292480 , 13.50283
81.05 , 38.6662292480 , 13.50883
81.09 , 38.7748413085 , 13.51467
81.12 , 38.5576171875 , 13.52067
81.16 , 38.6662292480 , 13.52650
81.19 , 38.7748413085 , 13.53250
81.23 , 38.7748413085 , 13.53817
81.26 , 38.6662292480 , 13.54417
81.30 , 38.7748413085 , 13.55000
81.34 , 38.7748413085 , 13.55600
81.37 , 38.7748413085 , 13.56200
81.41 , 38.7748413085 , 13.56767
81.44 , 38.9920654296 , 13.57367
81.48 , 38.8834533691 , 13.57950
81.51 , 38.8834533691 , 13.58550
81.55 , 38.8834533691 , 13.59133
81.58 , 38.9920654296 , 13.59733
81.62 , 38.9920654296 , 13.60300
81.65 , 38.9920654296 , 13.60900
81.69 , 38.9920654296 , 13.61483
81.72 , 38.9920654296 , 13.62083
81.76 , 38.9920654296 , 13.62667
81.80 , 38.9920654296 , 13.63267
81.83 , 39.1006813049 , 13.63833
81.87 , 39.1006813049 , 13.64433
81.90 , 39.2092933654 , 13.65033
81.94 , 39.1006813049 , 13.65617
81.97 , 39.2092933654 , 13.66217
82.01 , 39.2092933654 , 13.66800
82.04 , 39.2092933654 , 13.67383
82.08 , 39.2092933654 , 13.67967
82.11 , 39.2092933654 , 13.68567
82.15 , 39.3179054260 , 13.69150
82.18 , 39.3179054260 , 13.69750
82.22 , 39.3179054260 , 13.70333
82.25 , 39.3179054260 , 13.70917
82.29 , 39.3179054260 , 13.71500
82.33 , 39.4265251159 , 13.72100
82.36 , 39.3179054260 , 13.72683
82.40 , 39.4265251159 , 13.73283
82.43 , 39.5351371765 , 13.73867
82.47 , 39.4265251159 , 13.74450
82.50 , 39.5351371765 , 13.75050
82.54 , 39.4265251159 , 13.75633
82.57 , 39.5351371765 , 13.76233
82.61 , 39.6437492370 , 13.76817
82.64 , 39.5351371765 , 13.77400
82.68 , 39.6437492370 , 13.77983
82.71 , 39.6437492370 , 13.78583
82.75 , 39.6437492370 , 13.79167
82.79 , 39.6437492370 , 13.79767
82.82 , 39.6437492370 , 13.80350
82.86 , 39.6437492370 , 13.80933
82.89 , 39.6437492370 , 13.81517
82.93 , 39.7523612976 , 13.82117
82.96 , 39.7523612976 , 13.82700
83.00 , 39.7523612976 , 13.83300
83.03 , 39.8609771728 , 13.83900
83.07 , 39.8609771728 , 13.84467
83.10 , 39.8609771728 , 13.85067
83.14 , 39.8609771728 , 13.85650
83.18 , 39.8609771728 , 13.86250
83.21 , 39.9695892333 , 13.86833
83.25 , 39.9695892333 , 13.87433
83.28 , 39.9695892333 , 13.88000
83.32 , 39.9695892333 , 13.88600
83.35 , 40.0782012939 , 13.89183
83.39 , 39.9695892333 , 13.89783
83.42 , 40.0782012939 , 13.90367
83.46 , 40.0782012939 , 13.90967
83.49 , 40.1868133544 , 13.91533
83.53 , 40.0782012939 , 13.92133
83.56 , 40.0782012939 , 13.92717
83.60 , 40.0782012939 , 13.93317
83.63 , 40.1868133544 , 13.93917
83.67 , 40.1868133544 , 13.94500
83.70 , 40.2954254150 , 13.95083
83.74 , 40.1868133544 , 13.95667
83.78 , 40.1868133544 , 13.96267
83.81 , 40.2954254150 , 13.96850
83.85 , 40.2954254150 , 13.97450
83.88 , 40.2954254150 , 13.98017
83.92 , 40.2954254150 , 13.98617
83.95 , 40.4040412902 , 13.99200
83.99 , 40.4040412902 , 13.99800
84.02 , 40.4040412902 , 14.00383
84.06 , 40.4040412902 , 14.00983
84.09 , 40.4040412902 , 14.01550
84.13 , 40.5126533508 , 14.02150
84.16 , 40.4040412902 , 14.02750
84.20 , 40.5126533508 , 14.03333
84.24 , 40.5126533508 , 14.03933
84.27 , 40.5126533508 , 14.04517
84.31 , 40.5126533508 , 14.05100
84.34 , 40.5126533508 , 14.05683
84.38 , 40.6212654113 , 14.06283
84.41 , 40.6212654113 , 14.06867
84.45 , 40.6212654113 , 14.07467
84.48 , 40.6212654113 , 14.08050
84.52 , 40.6212654113 , 14.08633
84.55 , 40.7298774719 , 14.09217
84.59 , 40.6212654113 , 14.09817
84.62 , 40.6212654113 , 14.10400
84.66 , 40.7298774719 , 14.11000
84.69 , 40.7298774719 , 14.11583
84.73 , 40.7298774719 , 14.12167
84.77 , 40.8384933471 , 14.12767
84.80 , 40.8384933471 , 14.13350
84.84 , 40.8384933471 , 14.13950
84.87 , 40.8384933471 , 14.14533
84.91 , 40.9471054077 , 14.15133
84.94 , 40.9471054077 , 14.15700
84.98 , 40.9471054077 , 14.16300
85.01 , 40.9471054077 , 14.16883
85.05 , 41.0557174682 , 14.17483
85.08 , 40.9471054077 , 14.18067
85.12 , 40.9471054077 , 14.18667
85.15 , 41.0557174682 , 14.19233
85.19 , 41.0557174682 , 14.19833
85.22 , 41.0557174682 , 14.20417
85.26 , 41.1643295288 , 14.21017
85.30 , 41.1643295288 , 14.21617
85.33 , 41.1643295288 , 14.22183
85.37 , 41.1643295288 , 14.22783
85.40 , 41.1643295288 , 14.23367
85.44 , 41.2729415893 , 14.23967
85.47 , 41.2729415893 , 14.24550
85.51 , 41.2729415893 , 14.25150
85.54 , 41.2729415893 , 14.25717
85.58 , 41.2729415893 , 14.26317
85.61 , 41.2729415893 , 14.26900
85.65 , 41.3815574645 , 14.27500
85.68 , 41.3815574645 , 14.28083
85.72 , 41.3815574645 , 14.28683
85.75 , 41.3815574645 , 14.29250
85.79 , 41.3815574645 , 14.29850
85.83 , 41.3815574645 , 14.30433
85.86 , 41.3815574645 , 14.31033
85.90 , 41.4901695251 , 14.31633
85.93 , 41.4901695251 , 14.32217
85.97 , 41.5987815856 , 14.32800
86.00 , 41.4901695251 , 14.33383
86.04 , 41.4901695251 , 14.33983
86.07 , 41.5987815856 , 14.34567
86.11 , 41.5987815856 , 14.35167
86.14 , 41.7073936462 , 14.35750
86.18 , 41.5987815856 , 14.36333
86.21 , 41.5987815856 , 14.36917
86.25 , 41.7073936462 , 14.37517
86.29 , 41.7073936462 , 14.38100
86.32 , 41.7073936462 , 14.38700
86.36 , 41.8160095214 , 14.39267
86.39 , 41.7073936462 , 14.39867
86.43 , 41.8160095214 , 14.40467
86.46 , 41.8160095214 , 14.41050
86.50 , 41.8160095214 , 14.41650
86.53 , 41.8160095214 , 14.42233
86.57 , 41.8160095214 , 14.42817
86.60 , 41.9246215820 , 14.43400
86.64 , 41.9246215820 , 14.44000
86.68 , 41.9246215820 , 14.44583
86.71 , 41.9246215820 , 14.45183
86.75 , 41.9246215820 , 14.45767
86.78 , 42.0332336425 , 14.46350
86.82 , 42.0332336425 , 14.46933
86.85 , 41.9246215820 , 14.47533
86.89 , 42.0332336425 , 14.48117
86.92 , 42.0332336425 , 14.48717
86.96 , 42.0332336425 , 14.49300
86.99 , 42.0332336425 , 14.49883
87.03 , 42.2504577636 , 14.50483
87.06 , 42.1418457031 , 14.51067
87.10 , 42.1418457031 , 14.51667
87.13 , 42.1418457031 , 14.52250
87.17 , 42.1418457031 , 14.52850
87.20 , 42.1418457031 , 14.53417
87.24 , 42.2504577636 , 14.54017
87.28 , 42.2504577636 , 14.54600
87.31 , 42.2504577636 , 14.55200
87.35 , 42.2504577636 , 14.55783
87.38 , 42.3590736389 , 14.56383
87.42 , 42.3590736389 , 14.56950
87.45 , 42.3590736389 , 14.57550
87.49 , 42.4676856994 , 14.58133
87.52 , 42.4676856994 , 14.58733
87.56 , 42.4676856994 , 14.59333
87.59 , 42.4676856994 , 14.59917
87.63 , 42.4676856994 , 14.60500
87.66 , 42.4676856994 , 14.61083
87.70 , 42.5762977600 , 14.61683
87.74 , 42.4676856994 , 14.62267
87.77 , 42.4676856994 , 14.62867
87.81 , 42.6849098205 , 14.63433
87.84 , 42.6849098205 , 14.64033
87.88 , 42.5762977600 , 14.64617
87.91 , 42.5762977600 , 14.65217
87.95 , 42.6849098205 , 14.65800
87.98 , 42.6849098205 , 14.66400
88.02 , 42.6849098205 , 14.66967
88.05 , 42.6849098205 , 14.67567
88.09 , 42.7935256958 , 14.68150
88.12 , 42.7935256958 , 14.68750
88.16 , 42.7935256958 , 14.69350
88.20 , 42.7935256958 , 14.69933
88.23 , 42.7935256958 , 14.70517
88.27 , 42.9021377563 , 14.71100
88.30 , 42.9021377563 , 14.71700
88.34 , 42.9021377563 , 14.72283
88.37 , 42.9021377563 , 14.72883
88.41 , 42.9021377563 , 14.73467
88.44 , 42.9021377563 , 14.74050
88.48 , 43.0107498168 , 14.74633
88.51 , 43.0107498168 , 14.75233
88.55 , 43.0107498168 , 14.75817
88.58 , 43.0107498168 , 14.76417
88.62 , 43.1193618774 , 14.77000
88.65 , 43.1193618774 , 14.77583
88.69 , 43.0107498168 , 14.78183
88.73 , 43.1193618774 , 14.78767
88.76 , 43.0107498168 , 14.79367
88.80 , 43.1193618774 , 14.79950
88.83 , 43.1193618774 , 14.80550
88.87 , 43.2279739379 , 14.81117
88.90 , 43.2279739379 , 14.81717
88.94 , 43.2279739379 , 14.82300
88.97 , 43.2279739379 , 14.82900
89.01 , 43.2279739379 , 14.83483
89.04 , 43.3365898132 , 14.84067
89.08 , 43.3365898132 , 14.84650
89.11 , 43.3365898132 , 14.85250
89.15 , 43.3365898132 , 14.85833
89.19 , 43.3365898132 , 14.86433
89.22 , 43.3365898132 , 14.87017
89.26 , 43.3365898132 , 14.87600
89.29 , 43.4452018737 , 14.88200
89.33 , 43.4452018737 , 14.88783
89.36 , 43.4452018737 , 14.89383
89.40 , 43.4452018737 , 14.89967
89.43 , 43.5538139343 , 14.90567
89.47 , 43.5538139343 , 14.91133
89.50 , 43.6624259948 , 14.91733
89.54 , 43.5538139343 , 14.92317
89.57 , 43.6624259948 , 14.92917
89.61 , 43.5538139343 , 14.93500
89.65 , 43.6624259948 , 14.94100
89.68 , 43.6624259948 , 14.94667
89.72 , 43.7710418701 , 14.95267
89.75 , 43.6624259948 , 14.95850
89.79 , 43.6624259948 , 14.96450
89.82 , 43.6624259948 , 14.97050
89.86 , 43.7710418701 , 14.97633
89.89 , 43.7710418701 , 14.98217
89.93 , 43.8796539306 , 14.98800
89.96 , 43.8796539306 , 14.99400
90.00 , 43.8796539306 , 14.99983
90.04 , 43.8796539306 , 15.00583
90.07 , 43.8796539306 , 15.01167
90.11 , 43.9882659912 , 15.01750
90.14 , 43.8796539306 , 15.02333
90.18 , 43.8796539306 , 15.02933
90.21 , 43.9882659912 , 15.03517
90.25 , 44.0968780517 , 15.04117
90.28 , 44.0968780517 , 15.04683
90.32 , 43.9882659912 , 15.05283
90.35 , 44.0968780517 , 15.05867
90.39 , 44.0968780517 , 15.06467
90.42 , 44.0968780517 , 15.07067
90.46 , 44.2054901123 , 15.07650
90.49 , 44.2054901123 , 15.08233
90.53 , 44.0968780517 , 15.08817
90.56 , 44.2054901123 , 15.09417
90.60 , 44.2054901123 , 15.10000
90.64 , 44.3141059875 , 15.10600
90.67 , 44.2054901123 , 15.11183
90.71 , 44.3141059875 , 15.11767
90.74 , 44.2054901123 , 15.12350
90.78 , 44.3141059875 , 15.12950
90.81 , 44.3141059875 , 15.13533
90.85 , 44.4227180480 , 15.14133
90.88 , 44.3141059875 , 15.14717
90.92 , 44.3141059875 , 15.15300
90.95 , 44.4227180480 , 15.15900
90.99 , 44.4227180480 , 15.16483
91.02 , 44.3141059875 , 15.17083
91.06 , 44.4227180480 , 15.17667
91.10 , 44.4227180480 , 15.18267
91.13 , 44.5313339233 , 15.18833
91.17 , 44.5313339233 , 15.19433
91.20 , 44.5313339233 , 15.20017
91.24 , 44.5313339233 , 15.20617
91.27 , 44.5313339233 , 15.21200
91.31 , 44.5313339233 , 15.21800
91.34 , 44.6399459838 , 15.22367
91.38 , 44.6399459838 , 15.22967
91.41 , 44.7485580444 , 15.23550
91.45 , 44.6399459838 , 15.24150
91.48 , 44.7485580444 , 15.24733
91.52 , 44.7485580444 , 15.25333
91.55 , 44.7485580444 , 15.25917
91.59 , 44.7485580444 , 15.26500
91.63 , 44.7485580444 , 15.27100
91.66 , 44.7485580444 , 15.27683
91.70 , 44.8571701049 , 15.28283
91.73 , 44.8571701049 , 15.28850
91.77 , 44.8571701049 , 15.29450
91.80 , 44.8571701049 , 15.30033
91.84 , 44.9657859802 , 15.30633
91.87 , 44.8571701049 , 15.31217
91.91 , 44.9657859802 , 15.31817
91.94 , 44.9657859802 , 15.32383
91.98 , 44.9657859802 , 15.32983
92.01 , 44.9657859802 , 15.33567
92.05 , 44.9657859802 , 15.34167
92.09 , 45.0743980407 , 15.34767
92.12 , 45.0743980407 , 15.35350
92.16 , 45.0743980407 , 15.35933
92.19 , 45.0743980407 , 15.36517
92.23 , 45.0743980407 , 15.37117
92.26 , 45.1830101013 , 15.37700
92.30 , 45.1830101013 , 15.38300
92.33 , 45.1830101013 , 15.38883
92.37 , 45.1830101013 , 15.39467
92.40 , 45.1830101013 , 15.40050
92.44 , 45.2916221618 , 15.40650
92.47 , 45.1830101013 , 15.41233
92.51 , 45.2916221618 , 15.41833
92.54 , 45.4002380371 , 15.42417
92.58 , 45.2916221618 , 15.43000
92.61 , 45.4002380371 , 15.43583
92.65 , 45.4002380371 , 15.44183
92.69 , 45.4002380371 , 15.44783
92.72 , 45.5088500976 , 15.45367
92.76 , 45.4002380371 , 15.45967
92.79 , 45.5088500976 , 15.46533
92.83 , 45.5088500976 , 15.47133
92.86 , 45.4002380371 , 15.47717
92.90 , 45.5088500976 , 15.48317
92.93 , 45.5088500976 , 15.48900
92.97 , 45.5088500976 , 15.49483
93.00 , 45.6174621582 , 15.50067
93.04 , 45.6174621582 , 15.50667
93.07 , 45.7260742187 , 15.51250
93.11 , 45.6174621582 , 15.51850
93.15 , 45.6174621582 , 15.52433
93.18 , 45.7260742187 , 15.53017
93.22 , 45.6174621582 , 15.53617
93.25 , 45.7260742187 , 15.54200
93.29 , 45.7260742187 , 15.54800
93.32 , 45.8346862792 , 15.55383
93.36 , 45.7260742187 , 15.55983
93.39 , 45.8346862792 , 15.56550
93.43 , 45.8346862792 , 15.57150
93.46 , 45.8346862792 , 15.57733
93.50 , 45.8346862792 , 15.58333
93.54 , 45.9433021545 , 15.58917
93.57 , 45.8346862792 , 15.59517
93.61 , 45.8346862792 , 15.60083
93.64 , 45.9433021545 , 15.60683
93.68 , 45.9433021545 , 15.61267
93.71 , 45.9433021545 , 15.61867
93.75 , 46.0519142150 , 15.62450
93.78 , 46.0519142150 , 15.63050
93.82 , 46.0519142150 , 15.63633
93.85 , 45.9433021545 , 15.64217
93.89 , 46.0519142150 , 15.64817
93.92 , 46.0519142150 , 15.65400
93.96 , 46.1605262756 , 15.66000
94.00 , 46.1605262756 , 15.66583
94.03 , 46.1605262756 , 15.67167
94.06 , 46.1605262756 , 15.67750
94.10 , 46.2691383361 , 15.68350
94.14 , 46.2691383361 , 15.68933
94.17 , 46.2691383361 , 15.69533
94.21 , 46.2691383361 , 15.70100
94.24 , 46.3777542114 , 15.70700
94.28 , 46.2691383361 , 15.71283
94.31 , 46.3777542114 , 15.71883
94.35 , 46.3777542114 , 15.72483
94.38 , 46.3777542114 , 15.73067
94.42 , 46.4863662719 , 15.73650
94.45 , 46.4863662719 , 15.74233
94.49 , 46.5949783325 , 15.74833
94.52 , 46.5949783325 , 15.75417
94.56 , 46.5949783325 , 15.76017
94.60 , 46.5949783325 , 15.76600
94.63 , 46.7035903930 , 15.77183
94.67 , 46.7035903930 , 15.77767
94.70 , 46.7035903930 , 15.78367
94.74 , 46.7035903930 , 15.78950
94.77 , 46.8122024536 , 15.79550
94.81 , 46.8122024536 , 15.80133
94.84 , 46.8122024536 , 15.80717
94.88 , 46.9208183288 , 15.81300
94.91 , 46.8122024536 , 15.81900
94.95 , 46.8122024536 , 15.82500
94.98 , 46.9208183288 , 15.83083
95.02 , 47.0294303894 , 15.83683
95.05 , 47.0294303894 , 15.84250
95.09 , 47.0294303894 , 15.84850
95.13 , 47.0294303894 , 15.85433
95.16 , 47.1380424499 , 15.86033
95.20 , 47.1380424499 , 15.86617
95.23 , 47.0294303894 , 15.87217
95.27 , 47.1380424499 , 15.87783
95.30 , 47.1380424499 , 15.88383
95.34 , 47.2466545104 , 15.88967
95.37 , 47.2466545104 , 15.89567
95.41 , 47.2466545104 , 15.90150
95.44 , 47.2466545104 , 15.90733
95.48 , 47.3552703857 , 15.91333
95.51 , 47.2466545104 , 15.91917
95.55 , 47.2466545104 , 15.92517
95.59 , 47.3552703857 , 15.93100
95.62 , 47.3552703857 , 15.93700
95.66 , 47.4638824462 , 15.94267
95.69 , 47.4638824462 , 15.94867
95.73 , 47.4638824462 , 15.95450
95.76 , 47.4638824462 , 15.96050
95.80 , 47.4638824462 , 15.96633
95.83 , 47.5724945068 , 15.97233
95.87 , 47.5724945068 , 15.97800
95.90 , 47.5724945068 , 15.98400
95.94 , 47.5724945068 , 15.98983
95.97 , 47.5724945068 , 15.99583
96.01 , 47.6811065673 , 16.00167
96.05 , 47.6811065673 , 16.00767
96.08 , 47.6811065673 , 16.01350
96.12 , 47.6811065673 , 16.01933
96.15 , 47.7897186279 , 16.02533
96.19 , 47.6811065673 , 16.03117
96.22 , 47.7897186279 , 16.03717
96.26 , 47.8983345031 , 16.04300
96.29 , 47.8983345031 , 16.04883
96.33 , 47.8983345031 , 16.05467
96.36 , 47.8983345031 , 16.06067
96.40 , 47.8983345031 , 16.06650
96.43 , 48.0069465637 , 16.07250
96.47 , 47.8983345031 , 16.07834
96.50 , 48.0069465637 , 16.08417
96.54 , 48.0069465637 , 16.09000
96.58 , 48.0069465637 , 16.09600
96.61 , 48.0069465637 , 16.10200
96.65 , 48.1155586242 , 16.10783
96.68 , 48.1155586242 , 16.11384
96.72 , 48.1155586242 , 16.11950
96.75 , 48.2241706848 , 16.12550
96.79 , 48.3327827453 , 16.13134
96.82 , 48.2241706848 , 16.13733
96.86 , 48.2241706848 , 16.14317
96.89 , 48.2241706848 , 16.14900
96.93 , 48.3327827453 , 16.15484
96.96 , 48.4413986206 , 16.16083
97.00 , 48.3327827453 , 16.16667
97.04 , 48.3327827453 , 16.17267
97.07 , 48.4413986206 , 16.17850
97.11 , 48.4413986206 , 16.18433
97.14 , 48.5500106811 , 16.19017
97.18 , 48.5500106811 , 16.19617
97.21 , 48.5500106811 , 16.20217
97.25 , 48.6586227416 , 16.20800
97.28 , 48.5500106811 , 16.21400
97.32 , 48.6586227416 , 16.21967
97.35 , 48.6586227416 , 16.22567
97.39 , 48.7672348022 , 16.23150
97.43 , 48.7672348022 , 16.23750
97.46 , 48.7672348022 , 16.24333
97.50 , 48.7672348022 , 16.24934
97.53 , 48.7672348022 , 16.25500
97.57 , 48.8758506774 , 16.26100
97.60 , 48.7672348022 , 16.26683
97.64 , 48.8758506774 , 16.27284
97.67 , 48.8758506774 , 16.27867
97.71 , 48.9844627380 , 16.28467
97.74 , 48.9844627380 , 16.29050
97.78 , 48.9844627380 , 16.29633
97.81 , 49.0930747985 , 16.30233
97.85 , 48.9844627380 , 16.30817
97.88 , 48.9844627380 , 16.31417
97.92 , 49.0930747985 , 16.32000
97.95 , 49.0930747985 , 16.32583
97.99 , 49.0930747985 , 16.33167
98.03 , 49.0930747985 , 16.33767
98.06 , 49.2016868591 , 16.34350
98.10 , 49.2016868591 , 16.34950
98.13 , 49.2016868591 , 16.35517
98.17 , 49.3102989196 , 16.36117
98.20 , 49.2016868591 , 16.36700
98.24 , 49.3102989196 , 16.37300
98.27 , 49.3102989196 , 16.37883
98.31 , 49.3102989196 , 16.38484
98.34 , 49.3102989196 , 16.39067
98.38 , 49.3102989196 , 16.39650
98.41 , 49.4189147949 , 16.40250
98.45 , 49.4189147949 , 16.40833
98.49 , 49.5275268554 , 16.41433
98.52 , 49.5275268554 , 16.42017
98.56 , 49.5275268554 , 16.42600
98.59 , 49.5275268554 , 16.43184
98.63 , 49.5275268554 , 16.43783
98.66 , 49.6361389160 , 16.44367
98.70 , 49.6361389160 , 16.44967
98.73 , 49.6361389160 , 16.45550
98.77 , 49.7447509765 , 16.46133
98.80 , 49.6361389160 , 16.46717
98.84 , 49.7447509765 , 16.47317
98.87 , 49.7447509765 , 16.47917
98.91 , 49.7447509765 , 16.48500
98.95 , 49.7447509765 , 16.49100
98.98 , 49.8533668518 , 16.49667
99.02 , 49.8533668518 , 16.50267
99.05 , 49.8533668518 , 16.50850
99.09 , 49.9619789123 , 16.51450
99.12 , 49.9619789123 , 16.52033
99.16 , 49.9619789123 , 16.52633
99.19 , 49.9619789123 , 16.53200
99.23 , 49.9619789123 , 16.53800
99.26 , 50.0705909729 , 16.54384
99.30 , 50.0705909729 , 16.54984
99.33 , 50.1792030334 , 16.55567
99.37 , 50.0705909729 , 16.56150
99.40 , 50.1792030334 , 16.56733
99.44 , 50.2878150939 , 16.57333
99.48 , 50.2878150939 , 16.57933
99.51 , 50.2878150939 , 16.58517
99.55 , 50.2878150939 , 16.59117
99.58 , 50.2878150939 , 16.59683
99.62 , 50.2878150939 , 16.60283
99.65 , 50.3964309692 , 16.60867
99.69 , 50.3964309692 , 16.61467
99.72 , 50.3964309692 , 16.62050
99.76 , 50.5050544738 , 16.62650
99.79 , 50.5050544738 , 16.63217
99.83 , 50.5050544738 , 16.63817
99.86 , 50.5050544738 , 16.64400
99.90 , 50.6136665344 , 16.65000
99.93 , 50.6136665344 , 16.65583
99.97 , 50.6136665344 , 16.66184
100.01 , 50.6136665344 , 16.66767
100.04 , 50.7222785949 , 16.67367
100.08 , 50.7222785949 , 16.67984
100.11 , 50.7222785949 , 16.68583
100.15 , 50.7222785949 , 16.69200
100.19 , 50.7222785949 , 16.69800
100.22 , 50.8308906555 , 16.70417
100.26 , 50.8308906555 , 16.71000
100.30 , 50.8308906555 , 16.71617
100.33 , 50.8308906555 , 16.72217
100.37 , 50.8308906555 , 16.72834
100.41 , 50.9395065307 , 16.73450
100.44 , 50.9395065307 , 16.74050
100.48 , 51.0481185913 , 16.74667
100.51 , 51.0481185913 , 16.75250
100.55 , 51.0481185913 , 16.75867
100.59 , 51.0481185913 , 16.76467
100.62 , 51.0481185913 , 16.77083
100.66 , 51.0481185913 , 16.77684
100.70 , 51.1567306518 , 16.78300
100.73 , 51.1567306518 , 16.78883
100.77 , 51.1567306518 , 16.79500
100.81 , 51.1567306518 , 16.80117
100.84 , 51.1567306518 , 16.80717
100.88 , 51.2653427124 , 16.81333
100.92 , 51.1567306518 , 16.81933
100.95 , 51.3739547729 , 16.82550
100.99 , 51.3739547729 , 16.83133
101.02 , 51.3739547729 , 16.83750
101.06 , 51.3739547729 , 16.84350
101.10 , 51.3739547729 , 16.84967
101.13 , 51.3739547729 , 16.85567
101.17 , 51.4825706481 , 16.86183
101.21 , 51.4825706481 , 16.86800
101.24 , 51.4825706481 , 16.87383
101.28 , 51.5911827087 , 16.88000
101.32 , 51.4825706481 , 16.88600
101.35 , 51.5911827087 , 16.89217
101.39 , 51.5911827087 , 16.89817
101.43 , 51.5911827087 , 16.90434
101.46 , 51.6997947692 , 16.91033
101.50 , 51.6997947692 , 16.91633
101.53 , 51.8084068298 , 16.92233
101.57 , 51.6997947692 , 16.92850
101.61 , 51.8084068298 , 16.93467
101.64 , 51.8084068298 , 16.94067
101.68 , 51.8084068298 , 16.94684
101.72 , 51.8084068298 , 16.95267
101.75 , 51.9170227050 , 16.95883
101.79 , 51.9170227050 , 16.96483
101.83 , 52.0256347656 , 16.97100
101.86 , 52.0256347656 , 16.97700
101.90 , 52.0256347656 , 16.98317
101.93 , 52.1342468261 , 16.98917
101.97 , 52.1342468261 , 16.99517
102.01 , 52.2428588867 , 17.00134
102.04 , 52.2428588867 , 17.00733
102.08 , 52.2428588867 , 17.01350
102.12 , 52.2428588867 , 17.01950
102.15 , 52.2428588867 , 17.02567
102.19 , 52.2428588867 , 17.03167
102.23 , 52.3514709472 , 17.03767
102.26 , 52.3514709472 , 17.04367
102.30 , 52.3514709472 , 17.04984
102.34 , 52.3514709472 , 17.05600
102.37 , 52.4600868225 , 17.06200
102.41 , 52.4600868225 , 17.06817
102.44 , 52.4600868225 , 17.07417
102.48 , 52.5686988830 , 17.08017
102.52 , 52.4600868225 , 17.08617
102.55 , 52.5686988830 , 17.09234
102.59 , 52.4600868225 , 17.09833
102.63 , 52.4600868225 , 17.10450
102.66 , 52.5686988830 , 17.11050
102.70 , 52.6773109436 , 17.11667
102.74 , 52.5686988830 , 17.12267
102.77 , 52.6773109436 , 17.12867
102.81 , 52.6773109436 , 17.13484
102.84 , 52.7859230041 , 17.14084
102.88 , 52.7859230041 , 17.14700
102.92 , 52.7859230041 , 17.15300
102.95 , 52.7859230041 , 17.15917
102.99 , 52.7859230041 , 17.16500
103.03 , 52.7859230041 , 17.17117
103.06 , 52.8945388793 , 17.17717
103.10 , 52.8945388793 , 17.18334
103.14 , 52.8945388793 , 17.18950
103.17 , 53.0031509399 , 17.19550
103.21 , 53.0031509399 , 17.20150
103.25 , 53.0031509399 , 17.20750
103.28 , 53.0031509399 , 17.21367
103.32 , 53.1117630004 , 17.21967
103.36 , 53.1117630004 , 17.22583
103.39 , 53.1117630004 , 17.23184
103.43 , 53.2203750610 , 17.23800
103.46 , 53.1117630004 , 17.24383
103.50 , 53.2203750610 , 17.25000
103.54 , 53.2203750610 , 17.25617
103.57 , 53.3289871215 , 17.26217
103.61 , 53.2203750610 , 17.26833
103.65 , 53.3289871215 , 17.27433
103.68 , 53.3289871215 , 17.28050
103.72 , 53.3289871215 , 17.28634
103.75 , 53.3289871215 , 17.29250
103.79 , 53.4376029968 , 17.29850
103.83 , 53.4376029968 , 17.30467
103.86 , 53.5462150573 , 17.31067
103.90 , 53.5462150573 , 17.31683
103.94 , 53.5462150573 , 17.32300
103.97 , 53.5462150573 , 17.32884
104.01 , 53.5462150573 , 17.33500
104.05 , 53.6548271179 , 17.34100
104.08 , 53.6548271179 , 17.34717
104.12 , 53.6548271179 , 17.35317
104.16 , 53.7634391784 , 17.35933
104.19 , 53.7634391784 , 17.36533
104.23 , 53.7634391784 , 17.37133
104.26 , 53.7634391784 , 17.37734
104.30 , 53.8720550537 , 17.38350
104.34 , 53.8720550537 , 17.38967
104.37 , 53.8720550537 , 17.39567
104.41 , 53.9806671142 , 17.40184
104.45 , 53.9806671142 , 17.40767
104.48 , 53.9806671142 , 17.41383
104.52 , 53.9806671142 , 17.41983
104.56 , 54.0892791748 , 17.42600
104.59 , 53.9806671142 , 17.43200
104.63 , 54.0892791748 , 17.43817
104.67 , 54.1978912353 , 17.44433
104.70 , 54.1978912353 , 17.45017
104.74 , 54.1978912353 , 17.45633
104.77 , 54.1978912353 , 17.46233
104.81 , 54.3065032958 , 17.46850
104.85 , 54.3065032958 , 17.47450
104.88 , 54.1978912353 , 17.48067
104.92 , 54.3065032958 , 17.48667
104.96 , 54.4151191711 , 17.49267
104.99 , 54.3065032958 , 17.49867
105.03 , 54.4151191711 , 17.50483
105.07 , 54.4151191711 , 17.51100
105.10 , 54.4151191711 , 17.51700
105.14 , 54.5237312316 , 17.52317
105.18 , 54.4151191711 , 17.52917
105.21 , 54.5237312316 , 17.53517
105.25 , 54.6323432922 , 17.54117
105.28 , 54.5237312316 , 17.54733
105.32 , 54.6323432922 , 17.55333
105.36 , 54.6323432922 , 17.55950
105.39 , 54.6323432922 , 17.56550
105.43 , 54.6323432922 , 17.57167
105.47 , 54.6323432922 , 17.57767
105.50 , 54.6323432922 , 17.58367
105.54 , 54.7409553527 , 17.58983
105.57 , 54.7409553527 , 17.59583
105.61 , 54.8495712280 , 17.60200
105.65 , 54.8495712280 , 17.60800
105.68 , 54.8495712280 , 17.61400
105.72 , 54.8495712280 , 17.62000
105.76 , 54.8495712280 , 17.62617
105.79 , 54.9581832885 , 17.63217
105.83 , 54.9581832885 , 17.63833
105.87 , 55.0667953491 , 17.64450
105.90 , 54.9581832885 , 17.65050
105.94 , 55.0667953491 , 17.65650
105.97 , 55.0667953491 , 17.66250
106.01 , 55.0667953491 , 17.66867
106.05 , 55.0667953491 , 17.67467
106.08 , 55.1754074096 , 17.68083
106.12 , 55.1754074096 , 17.68684
106.16 , 55.1754074096 , 17.69300
106.19 , 55.2840194702 , 17.69883
106.23 , 55.2840194702 , 17.70500
106.27 , 55.2840194702 , 17.71117
106.30 , 55.2840194702 , 17.71717
106.34 , 55.2840194702 , 17.72333
106.38 , 55.3926353454 , 17.72933
106.41 , 55.3926353454 , 17.73550
106.45 , 55.5012474060 , 17.74133
106.48 , 55.5012474060 , 17.74750
106.52 , 55.5012474060 , 17.75350
106.56 , 55.5012474060 , 17.75967
106.59 , 55.5012474060 , 17.76567
106.63 , 55.6098594665 , 17.77183
106.67 , 55.6098594665 , 17.77800
106.70 , 55.6098594665 , 17.78384
106.74 , 55.7184715270 , 17.79000
106.78 , 55.7184715270 , 17.79600
106.81 , 55.7184715270 , 17.80217
106.85 , 55.7184715270 , 17.80817
106.89 , 55.8270874023 , 17.81434
106.92 , 55.8270874023 , 17.82017
106.96 , 55.8270874023 , 17.82633
107.00 , 55.8270874023 , 17.83250
107.03 , 55.9356994628 , 17.83850
107.07 , 55.9356994628 , 17.84467
107.10 , 55.9356994628 , 17.85067
107.14 , 56.0443115234 , 17.85684
107.18 , 56.0443115234 , 17.86267
107.21 , 56.0443115234 , 17.86883
107.25 , 56.1529235839 , 17.87483
107.29 , 56.1529235839 , 17.88100
107.32 , 56.1529235839 , 17.88700
107.36 , 56.1529235839 , 17.89317
107.40 , 56.1529235839 , 17.89933
107.43 , 56.2615356445 , 17.90517
107.47 , 56.1529235839 , 17.91134
107.50 , 56.1529235839 , 17.91733
107.54 , 56.2615356445 , 17.92350
107.58 , 56.3701515197 , 17.92950
107.61 , 56.3701515197 , 17.93567
107.65 , 56.3701515197 , 17.94167
107.69 , 56.3701515197 , 17.94767
107.72 , 56.3701515197 , 17.95367
107.76 , 56.4787635803 , 17.95984
107.80 , 56.4787635803 , 17.96600
107.83 , 56.4787635803 , 17.97200
107.87 , 56.4787635803 , 17.97817
107.90 , 56.4787635803 , 17.98417
107.94 , 56.5873756408 , 17.99017
107.98 , 56.5873756408 , 17.99617
108.01 , 56.5873756408 , 18.00234
108.05 , 56.5873756408 , 18.00834
108.09 , 56.6959877014 , 18.01450
108.12 , 56.6959877014 , 18.02050
108.16 , 56.6959877014 , 18.02667
108.20 , 56.8046035766 , 18.03267
108.23 , 56.8046035766 , 18.03867
108.27 , 56.8046035766 , 18.04483
108.30 , 56.8046035766 , 18.05084
108.34 , 56.9132156372 , 18.05700
108.38 , 56.9132156372 , 18.06300
108.41 , 57.0218276977 , 18.06900
108.45 , 56.9132156372 , 18.07500
108.49 , 57.0218276977 , 18.08117
108.52 , 57.0218276977 , 18.08717
108.56 , 57.0218276977 , 18.09333
108.60 , 57.0218276977 , 18.09950
108.63 , 57.1304397583 , 18.10550
108.67 , 57.1304397583 , 18.11150
108.70 , 57.1304397583 , 18.11750
108.74 , 57.1304397583 , 18.12367
108.78 , 57.2390518188 , 18.12967
108.81 , 57.2390518188 , 18.13583
108.85 , 57.3476676940 , 18.14183
108.89 , 57.3476676940 , 18.14800
108.92 , 57.3476676940 , 18.15383
108.96 , 57.3476676940 , 18.16000
109.00 , 57.3476676940 , 18.16617
109.03 , 57.4562797546 , 18.17217
109.07 , 57.5648918151 , 18.17833
109.11 , 57.4562797546 , 18.18433
109.14 , 57.4562797546 , 18.19050
109.18 , 57.5648918151 , 18.19634
109.21 , 57.5648918151 , 18.20250
109.25 , 57.5648918151 , 18.20850
109.29 , 57.6735038757 , 18.21467
109.32 , 57.5648918151 , 18.22083
109.36 , 57.6735038757 , 18.22683
109.40 , 57.7821197509 , 18.23300
109.43 , 57.7821197509 , 18.23884
109.47 , 57.7821197509 , 18.24500
109.51 , 57.7821197509 , 18.25100
109.54 , 57.7821197509 , 18.25717
109.58 , 57.8907318115 , 18.26317
109.62 , 57.8907318115 , 18.26933
109.65 , 57.8907318115 , 18.27517
109.69 , 57.9993438720 , 18.28133
109.72 , 57.9993438720 , 18.28750
109.76 , 57.9993438720 , 18.29350
109.80 , 57.9993438720 , 18.29967
109.83 , 57.9993438720 , 18.30567
109.87 , 58.2165679931 , 18.31184
109.91 , 58.1079559326 , 18.31767
109.94 , 58.1079559326 , 18.32383
109.98 , 58.2165679931 , 18.32983
110.02 , 58.2165679931 , 18.33600
110.05 , 58.2165679931 , 18.34200
110.09 , 58.2165679931 , 18.34817
110.13 , 58.2165679931 , 18.35433
110.16 , 58.2165679931 , 18.36017
110.20 , 58.3251838684 , 18.36633
110.23 , 58.3251838684 , 18.37233
110.27 , 58.3251838684 , 18.37850
110.31 , 58.4337959289 , 18.38450
110.34 , 58.4337959289 , 18.39067
110.38 , 58.5424079895 , 18.39667
110.42 , 58.5424079895 , 18.40267
110.45 , 58.5424079895 , 18.40867
110.49 , 58.5424079895 , 18.41483
110.53 , 58.6510200500 , 18.42100
110.56 , 58.6510200500 , 18.42700
110.60 , 58.6510200500 , 18.43317
110.63 , 58.6510200500 , 18.43917
110.67 , 58.6510200500 , 18.44517
110.71 , 58.7596321105 , 18.45117
110.74 , 58.7596321105 , 18.45734
110.78 , 58.8682479858 , 18.46333
110.82 , 58.8682479858 , 18.46950
110.85 , 58.8682479858 , 18.47550
110.89 , 58.8682479858 , 18.48150
110.93 , 58.9768600463 , 18.48767
110.96 , 58.8682479858 , 18.49367
111.00 , 58.9768600463 , 18.49983
111.04 , 58.9768600463 , 18.50584
111.07 , 59.0854721069 , 18.51200
111.11 , 59.0854721069 , 18.51800
111.14 , 59.0854721069 , 18.52400
111.18 , 59.0854721069 , 18.53000
111.22 , 59.0854721069 , 18.53617
111.25 , 59.1940841674 , 18.54217
111.29 , 59.3027000427 , 18.54833
111.33 , 59.3027000427 , 18.55450
111.36 , 59.3027000427 , 18.56050
111.40 , 59.3027000427 , 18.56650
111.43 , 59.3027000427 , 18.57250
111.47 , 59.4113121032 , 18.57867
111.51 , 59.4113121032 , 18.58467
111.54 , 59.4113121032 , 18.59083
111.58 , 59.5199241638 , 18.59683
111.62 , 59.5199241638 , 18.60300
111.65 , 59.6285362243 , 18.60900
111.69 , 59.6285362243 , 18.61500
111.73 , 59.7371482849 , 18.62117
111.76 , 59.7371482849 , 18.62717
111.80 , 59.8457641601 , 18.63334
111.84 , 59.7371482849 , 18.63933
111.87 , 59.8457641601 , 18.64550
111.91 , 59.8457641601 , 18.65133
111.94 , 59.8457641601 , 18.65750
111.98 , 59.9543762207 , 18.66350
112.02 , 59.9543762207 , 18.66967
112.05 , 59.9543762207 , 18.67584
112.09 , 59.9543762207 , 18.68184
112.13 , 60.0629882812 , 18.68800
112.16 , 60.0629882812 , 18.69384
112.20 , 60.0629882812 , 18.70000
112.24 , 60.0629882812 , 18.70600
112.27 , 60.1716003417 , 18.71217
112.31 , 60.1716003417 , 18.71817
112.35 , 60.1716003417 , 18.72434
112.38 , 60.1716003417 , 18.73017
112.42 , 60.2802162170 , 18.73633
112.45 , 60.2802162170 , 18.74250
112.49 , 60.1716003417 , 18.74850
112.53 , 60.3888282775 , 18.75467
112.56 , 60.3888282775 , 18.76067
112.60 , 60.3888282775 , 18.76683
112.64 , 60.3888282775 , 18.77267
112.67 , 60.3888282775 , 18.77883
112.71 , 60.4974403381 , 18.78483
112.75 , 60.4974403381 , 18.79100
112.78 , 60.4974403381 , 18.79700
112.82 , 60.4974403381 , 18.80317
112.86 , 60.4974403381 , 18.80933
112.89 , 60.4974403381 , 18.81517
112.93 , 60.6060523986 , 18.82134
112.96 , 60.6060523986 , 18.82733
113.00 , 60.7146644592 , 18.83350
113.04 , 60.7146644592 , 18.83950
113.07 , 60.7146644592 , 18.84567
113.11 , 60.8232803344 , 18.85167
113.15 , 60.8232803344 , 18.85767
113.18 , 60.8232803344 , 18.86367
113.22 , 60.9318923950 , 18.86984
113.26 , 60.8232803344 , 18.87600
113.29 , 60.9318923950 , 18.88200
113.33 , 60.9318923950 , 18.88817
113.36 , 61.0405044555 , 18.89400
113.40 , 61.0405044555 , 18.90017
113.44 , 61.0405044555 , 18.90617
113.47 , 61.1491165161 , 18.91234
113.51 , 61.1491165161 , 18.91834
113.55 , 61.1491165161 , 18.92450
113.58 , 61.1491165161 , 18.93050
113.62 , 61.1491165161 , 18.93650
113.66 , 61.1491165161 , 18.94267
113.69 , 61.2577323913 , 18.94867
113.73 , 61.2577323913 , 18.95483
113.76 , 61.2577323913 , 18.96084
113.80 , 61.3663444519 , 18.96700
113.84 , 61.3663444519 , 18.97300
113.87 , 61.3663444519 , 18.97900
113.91 , 61.4749565124 , 18.98500
113.95 , 61.4749565124 , 18.99117
113.98 , 61.4749565124 , 18.99733
114.02 , 61.5835685729 , 19.00333
114.06 , 61.5835685729 , 19.00950
114.09 , 61.5835685729 , 19.01550
114.13 , 61.5835685729 , 19.02150
114.16 , 61.6921920776 , 19.02750
114.20 , 61.6921920776 , 19.03367
114.24 , 61.8008041381 , 19.03967
114.27 , 61.8008041381 , 19.04583
114.31 , 61.8008041381 , 19.05183
114.35 , 61.8008041381 , 19.05800
114.38 , 61.8008041381 , 19.06400
114.42 , 61.9094200134 , 19.07000
114.46 , 61.9094200134 , 19.07617
114.49 , 61.9094200134 , 19.08217
114.53 , 62.0180320739 , 19.08833
114.57 , 62.0180320739 , 19.09433
114.60 , 62.0180320739 , 19.10050
114.64 , 62.0180320739 , 19.10634
114.68 , 62.1266441345 , 19.11250
114.71 , 62.1266441345 , 19.11850
114.75 , 62.1266441345 , 19.12467
114.79 , 62.1266441345 , 19.13084
114.82 , 62.2352561950 , 19.13683
114.86 , 62.2352561950 , 19.14283
114.89 , 62.2352561950 , 19.14883
114.93 , 62.3438720703 , 19.15500
114.97 , 62.3438720703 , 19.16100
115.00 , 62.3438720703 , 19.16717
115.04 , 62.3438720703 , 19.17317
115.08 , 62.3438720703 , 19.17933
115.11 , 62.4524841308 , 19.18517
115.15 , 62.4524841308 , 19.19133
115.18 , 62.4524841308 , 19.19750
115.22 , 62.5610961914 , 19.20350
115.26 , 62.5610961914 , 19.20967
115.29 , 62.5610961914 , 19.21567
115.33 , 62.6697082519 , 19.22183
115.37 , 62.6697082519 , 19.22767
115.40 , 62.6697082519 , 19.23383
115.44 , 62.6697082519 , 19.23983
115.48 , 62.6697082519 , 19.24600
115.51 , 62.6697082519 , 19.25200
115.55 , 62.7783203125 , 19.25817
115.59 , 62.8869361877 , 19.26433
115.62 , 62.8869361877 , 19.27017
115.66 , 62.8869361877 , 19.27633
115.69 , 62.8869361877 , 19.28233
115.73 , 62.8869361877 , 19.28850
115.77 , 62.9955482482 , 19.29450
115.80 , 62.8869361877 , 19.30067
115.84 , 62.9955482482 , 19.30667
115.88 , 62.9955482482 , 19.31267
115.91 , 63.1041603088 , 19.31867
115.95 , 63.1041603088 , 19.32483
115.99 , 63.1041603088 , 19.33100
116.02 , 63.2127723693 , 19.33700
116.06 , 63.1041603088 , 19.34317
116.09 , 63.2127723693 , 19.34900
116.13 , 63.2127723693 , 19.35517
116.17 , 63.3213882446 , 19.36117
116.20 , 63.3213882446 , 19.36734
116.24 , 63.3213882446 , 19.37333
116.28 , 63.4300003051 , 19.37950
116.31 , 63.4300003051 , 19.38567
116.35 , 63.4300003051 , 19.39150
116.39 , 63.4300003051 , 19.39767
116.42 , 63.5386123657 , 19.40367
116.46 , 63.5386123657 , 19.40983
116.50 , 63.5386123657 , 19.41584
116.53 , 63.6472244262 , 19.42200
116.57 , 63.6472244262 , 19.42800
116.60 , 63.6472244262 , 19.43400
116.64 , 63.7558364868 , 19.44000
116.68 , 63.6472244262 , 19.44617
116.71 , 63.7558364868 , 19.45233
116.75 , 63.7558364868 , 19.45833
116.79 , 63.8644523620 , 19.46450
116.82 , 63.8644523620 , 19.47050
116.86 , 63.8644523620 , 19.47650
116.89 , 63.8644523620 , 19.48250
116.93 , 63.9730644226 , 19.48867
116.97 , 63.9730644226 , 19.49467
117.00 , 64.0816802978 , 19.50083
117.04 , 63.9730644226 , 19.50683
117.08 , 63.9730644226 , 19.51300
117.11 , 63.9730644226 , 19.51900
117.15 , 64.0816802978 , 19.52500
117.19 , 64.0816802978 , 19.53117
117.22 , 64.1902923583 , 19.53717
117.26 , 64.1902923583 , 19.54334
117.30 , 64.1902923583 , 19.54933
117.33 , 64.1902923583 , 19.55533
117.37 , 64.2989044189 , 19.56133
117.40 , 64.1902923583 , 19.56750
117.44 , 64.2989044189 , 19.57350
117.48 , 64.4075164794 , 19.57967
117.51 , 64.4075164794 , 19.58584
117.55 , 64.4075164794 , 19.59184
117.59 , 64.4075164794 , 19.59783
117.62 , 64.5161285400 , 19.60383
117.66 , 64.5161285400 , 19.61000
117.70 , 64.6247406005 , 19.61600
117.73 , 64.5161285400 , 19.62217
117.77 , 64.6247406005 , 19.62817
117.81 , 64.6247406005 , 19.63434
117.84 , 64.6247406005 , 19.64017
117.88 , 64.6247406005 , 19.64633
117.91 , 64.6247406005 , 19.65250
117.95 , 64.7333526611 , 19.65850
117.99 , 64.6247406005 , 19.66467
118.02 , 64.8419647216 , 19.67067
118.06 , 64.8419647216 , 19.67683
118.10 , 64.8419647216 , 19.68267
118.13 , 64.8419647216 , 19.68884
118.17 , 64.8419647216 , 19.69483
118.21 , 64.8419647216 , 19.70100
118.24 , 64.9505767822 , 19.70700
118.28 , 64.9505767822 , 19.71317
118.32 , 65.0591964721 , 19.71933
118.35 , 65.0591964721 , 19.72517
118.39 , 65.0591964721 , 19.73134
118.42 , 65.1678085327 , 19.73734
118.46 , 65.1678085327 , 19.74350
118.50 , 65.1678085327 , 19.74950
118.53 , 65.1678085327 , 19.75567
118.57 , 65.2764205932 , 19.76150
118.61 , 65.2764205932 , 19.76767
118.64 , 65.2764205932 , 19.77383
118.68 , 65.3850326538 , 19.77984
118.72 , 65.2764205932 , 19.78600
118.75 , 65.3850326538 , 19.79200
118.79 , 65.3850326538 , 19.79817
118.82 , 65.4936447143 , 19.80400
118.86 , 65.4936447143 , 19.81017
118.90 , 65.4936447143 , 19.81617
118.93 , 65.4936447143 , 19.82234
118.97 , 65.6022567749 , 19.82834
119.01 , 65.6022567749 , 19.83450
119.04 , 65.6022567749 , 19.84067
119.08 , 65.7108688354 , 19.84650
119.12 , 65.7108688354 , 19.85267
119.15 , 65.7108688354 , 19.85867
119.19 , 65.7108688354 , 19.86483
119.22 , 65.8194808959 , 19.87084
119.26 , 65.8194808959 , 19.87700
119.30 , 65.9280929565 , 19.88300
119.33 , 65.9280929565 , 19.88900
119.37 , 65.8194808959 , 19.89500
119.41 , 65.9280929565 , 19.90117
119.44 , 66.0367126464 , 19.90733
119.48 , 65.9280929565 , 19.91333
119.52 , 66.0367126464 , 19.91950
119.55 , 66.0367126464 , 19.92550
119.59 , 66.1453247070 , 19.93150
119.62 , 66.1453247070 , 19.93750
119.66 , 66.1453247070 , 19.94367
119.70 , 66.1453247070 , 19.94967
119.73 , 66.1453247070 , 19.95583
119.77 , 66.1453247070 , 19.96183
119.81 , 66.2539367675 , 19.96800
119.84 , 66.2539367675 , 19.97400
119.88 , 66.2539367675 , 19.98000
119.92 , 66.3625488281 , 19.98617
119.95 , 66.3625488281 , 19.99217
119.99 , 66.3625488281 , 19.99833
120.03 , 66.3625488281 , 20.00433
120.06 , 66.4711608886 , 20.01033
120.10 , 66.4711608886 , 20.01634
120.13 , 66.4711608886 , 20.02250
120.17 , 66.4711608886 , 20.02850
120.21 , 66.4711608886 , 20.03467
120.25 , 66.5797729492 , 20.04084
120.28 , 66.6883850097 , 20.04683
120.32 , 66.6883850097 , 20.05283
120.35 , 66.6883850097 , 20.05883
120.39 , 66.5797729492 , 20.06500
120.43 , 66.6883850097 , 20.07100
120.46 , 66.6883850097 , 20.07717
120.50 , 66.7969970703 , 20.08317
120.54 , 66.7969970703 , 20.08934
120.57 , 66.9056091308 , 20.09517
120.61 , 66.9056091308 , 20.10133
120.64 , 66.9056091308 , 20.10750
120.68 , 67.0142288208 , 20.11350
120.72 , 66.9056091308 , 20.11967
120.75 , 67.0142288208 , 20.12567
120.79 , 67.1228408813 , 20.13183
120.83 , 67.0142288208 , 20.13767
120.86 , 67.1228408813 , 20.14383
120.90 , 67.1228408813 , 20.14983
120.94 , 67.1228408813 , 20.15600
120.97 , 67.2314529418 , 20.16217
121.01 , 67.2314529418 , 20.16817
121.05 , 67.3400650024 , 20.17433
121.08 , 67.3400650024 , 20.18017
121.12 , 67.3400650024 , 20.18633
121.15 , 67.3400650024 , 20.19233
121.19 , 67.3400650024 , 20.19850
121.23 , 67.4486770629 , 20.20450
121.26 , 67.4486770629 , 20.21067
121.30 , 67.5572891235 , 20.21650
121.34 , 67.4486770629 , 20.22267
121.37 , 67.5572891235 , 20.22883
121.41 , 67.5572891235 , 20.23483
121.45 , 67.5572891235 , 20.24100
121.48 , 67.5572891235 , 20.24700
121.52 , 67.6659011840 , 20.25317
121.55 , 67.6659011840 , 20.25900
121.59 , 67.7745132446 , 20.26517
121.63 , 67.6659011840 , 20.27117
121.66 , 67.7745132446 , 20.27733
121.70 , 67.7745132446 , 20.28333
121.74 , 67.8831253051 , 20.28950
121.77 , 67.8831253051 , 20.29567
121.81 , 67.8831253051 , 20.30150
121.85 , 67.8831253051 , 20.30767
121.88 , 67.8831253051 , 20.31367
121.92 , 67.9917449951 , 20.31983
121.95 , 68.1003570556 , 20.32583
121.99 , 67.9917449951 , 20.33200
122.03 , 68.1003570556 , 20.33800
122.06 , 68.1003570556 , 20.34400
122.10 , 68.1003570556 , 20.35000
122.14 , 68.1003570556 , 20.35617
122.17 , 68.2089691162 , 20.36234
122.21 , 68.2089691162 , 20.36833
122.25 , 68.2089691162 , 20.37450
122.28 , 68.3175811767 , 20.38050
122.32 , 68.3175811767 , 20.38650
122.36 , 68.3175811767 , 20.39250
122.39 , 68.4261932373 , 20.39867
122.43 , 68.4261932373 , 20.40467
122.46 , 68.4261932373 , 20.41083
122.50 , 68.4261932373 , 20.41683
122.54 , 68.4261932373 , 20.42284
122.57 , 68.4261932373 , 20.42900
122.61 , 68.4261932373 , 20.43500
122.65 , 68.5348052978 , 20.44117
122.68 , 68.5348052978 , 20.44717
122.72 , 68.6434173583 , 20.45334
122.76 , 68.6434173583 , 20.45933
122.79 , 68.6434173583 , 20.46533
122.83 , 68.6434173583 , 20.47134
122.86 , 68.7520294189 , 20.47750
122.90 , 68.7520294189 , 20.48350
122.94 , 68.8606414794 , 20.48967
122.97 , 68.8606414794 , 20.49584
123.01 , 68.8606414794 , 20.50184
123.05 , 68.8606414794 , 20.50783
123.08 , 68.9692611694 , 20.51383
123.12 , 68.9692611694 , 20.52000
123.16 , 69.0778732299 , 20.52600
123.19 , 68.9692611694 , 20.53217
123.23 , 69.0778732299 , 20.53817
123.27 , 69.0778732299 , 20.54434
123.30 , 69.1864852905 , 20.55034
123.34 , 69.1864852905 , 20.55633
123.37 , 69.1864852905 , 20.56250
123.41 , 69.1864852905 , 20.56850
123.45 , 69.1864852905 , 20.57467
123.48 , 69.2950973510 , 20.58067
123.52 , 69.2950973510 , 20.58683
123.56 , 69.2950973510 , 20.59267
123.59 , 69.4037094116 , 20.59884
123.63 , 69.4037094116 , 20.60483
123.67 , 69.4037094116 , 20.61100
123.70 , 69.5123214721 , 20.61717
123.74 , 69.5123214721 , 20.62317
123.78 , 69.5123214721 , 20.62933
123.81 , 69.6209335327 , 20.63517
123.85 , 69.6209335327 , 20.64134
123.88 , 69.7295455932 , 20.64734
123.92 , 69.6209335327 , 20.65350
123.96 , 69.6209335327 , 20.65950
123.99 , 69.8381576538 , 20.66567
124.03 , 69.7295455932 , 20.67150
124.07 , 69.7295455932 , 20.67767
124.10 , 69.8381576538 , 20.68383
124.14 , 69.8381576538 , 20.68984
124.18 , 69.8381576538 , 20.69600
124.21 , 69.9467773437 , 20.70200
124.25 , 69.8381576538 , 20.70817
124.28 , 69.9467773437 , 20.71400
124.32 , 69.9467773437 , 20.72017
124.36 , 70.0553894042 , 20.72617
124.39 , 69.9467773437 , 20.73233
124.43 , 70.0553894042 , 20.73834
124.47 , 70.0553894042 , 20.74450
124.50 , 70.0553894042 , 20.75067
124.54 , 70.0553894042 , 20.75650
124.58 , 70.1640014648 , 20.76267
124.61 , 70.1640014648 , 20.76867
124.65 , 70.2726135253 , 20.77483
124.68 , 70.2726135253 , 20.78083
124.72 , 70.2726135253 , 20.78700
124.76 , 70.2726135253 , 20.79300
124.79 , 70.3812255859 , 20.79900
124.83 , 70.3812255859 , 20.80500
124.87 , 70.3812255859 , 20.81117
124.90 , 70.3812255859 , 20.81733
124.94 , 70.4898376464 , 20.82333
124.98 , 70.5984497070 , 20.82950
125.01 , 70.5984497070 , 20.83534
125.05 , 70.4898376464 , 20.84150
125.08 , 70.4898376464 , 20.84750
125.12 , 70.5984497070 , 20.85367
125.16 , 70.7070617675 , 20.85967
125.19 , 70.5984497070 , 20.86583
125.23 , 70.5984497070 , 20.87183
125.27 , 70.7070617675 , 20.87784
125.30 , 70.7070617675 , 20.88400
125.34 , 70.8156738281 , 20.89000
125.38 , 70.8156738281 , 20.89617
125.41 , 70.9242935180 , 20.90217
125.45 , 70.8156738281 , 20.90833
125.49 , 70.9242935180 , 20.91433
125.52 , 70.9242935180 , 20.92033
125.56 , 71.0329055786 , 20.92634
125.59 , 71.0329055786 , 20.93250
125.63 , 71.0329055786 , 20.93867
125.67 , 71.1415176391 , 20.94467
125.70 , 71.1415176391 , 20.95083
125.74 , 71.1415176391 , 20.95683
125.78 , 71.2501296997 , 20.96283
125.81 , 71.2501296997 , 20.96883
125.85 , 71.3587417602 , 20.97500
125.89 , 71.2501296997 , 20.98100
125.92 , 71.3587417602 , 20.98717
125.96 , 71.3587417602 , 20.99317
126.00 , 71.3587417602 , 20.99934
126.03 , 71.4673538208 , 21.00533
126.07 , 71.4673538208 , 21.01133
126.11 , 71.4673538208 , 21.01750
126.14 , 71.5759658813 , 21.02350
126.18 , 71.5759658813 , 21.02967
126.21 , 71.5759658813 , 21.03567
126.25 , 71.5759658813 , 21.04183
126.29 , 71.5759658813 , 21.04767
126.32 , 71.6845779418 , 21.05383
126.36 , 71.6845779418 , 21.05983
126.40 , 71.6845779418 , 21.06600
126.43 , 71.7931900024 , 21.07217
126.47 , 71.7931900024 , 21.07817
126.50 , 71.7931900024 , 21.08417
126.54 , 71.7931900024 , 21.09017
126.58 , 71.9018096923 , 21.09634
126.61 , 71.7931900024 , 21.10233
126.65 , 71.9018096923 , 21.10850
126.69 , 71.9018096923 , 21.11450
126.72 , 72.0104217529 , 21.12067
126.76 , 72.0104217529 , 21.12650
126.80 , 72.0104217529 , 21.13267
126.83 , 72.0104217529 , 21.13883
126.87 , 71.9018096923 , 21.14484
126.91 , 72.0104217529 , 21.15100
126.94 , 71.9018096923 , 21.15700
126.98 , 72.0104217529 , 21.16317
127.01 , 72.0104217529 , 21.16900