2.99 , 0.0000000000 , 0.49783
3.02 , 0.0000000000 , 0.50300
3.05 , 0.1086129074 , 0.50850
3.08 , 0.1086129074 , 0.51383
3.12 , 0.1086129074 , 0.51933
3.15 , 0.1086129074 , 0.52450
3.18 , 0.1086129074 , 0.53000
3.21 , 0.1086129074 , 0.53533
3.25 , 0.0000000000 , 0.54083
3.28 , 0.1086129074 , 0.54600
3.31 , 0.1086129074 , 0.55150
3.34 , 0.0000000000 , 0.55683
3.37 , 0.1086129074 , 0.56233
3.41 , 0.0000000000 , 0.56750
3.44 , 0.0000000000 , 0.57300
3.47 , 0.1086129074 , 0.57833
3.50 , 0.2172258138 , 0.58383
3.53 , 0.1086129074 , 0.58900
3.57 , 0.1086129074 , 0.59450
3.60 , 0.1086129074 , 0.59983
3.63 , 0.1086129074 , 0.60533
3.66 , 0.2172258138 , 0.61050
3.70 , 0.2172258138 , 0.61600
3.73 , 0.2172258138 , 0.62133
3.76 , 0.2172258138 , 0.62683
3.79 , 0.2172258138 , 0.63200
3.82 , 0.2172258138 , 0.63733
3.86 , 0.2172258138 , 0.64283
3.89 , 0.2172258138 , 0.64817
3.92 , 0.2172258138 , 0.65350
3.95 , 0.3258387088 , 0.65883
3.99 , 0.3258387088 , 0.66433
4.02 , 0.3258387088 , 0.66967
4.05 , 0.3258387088 , 0.67500
4.08 , 0.4344529628 , 0.68033
4.11 , 0.3258387088 , 0.68583
4.15 , 0.3258387088 , 0.69117
4.18 , 0.3258387088 , 0.69650
4.21 , 0.3258387088 , 0.70183
4.24 , 0.4344529628 , 0.70733
4.28 , 0.3258387088 , 0.71267
4.31 , 0.4344529628 , 0.71800
4.34 , 0.4344529628 , 0.72333
4.37 , 0.4344529628 , 0.72883
4.41 , 0.4344529628 , 0.73417
4.44 , 0.5430658340 , 0.73967
4.47 , 0.4344529628 , 0.74483
4.50 , 0.3258387088 , 0.75033
4.53 , 0.4344529628 , 0.75567
4.57 , 0.5430658340 , 0.76117
4.60 , 0.5430658340 , 0.76633
4.63 , 0.4344529628 , 0.77183
4.66 , 0.5430658340 , 0.77717
4.70 , 0.5430658340 , 0.78267
4.73 , 0.5430658340 , 0.78783
4.76 , 0.5430658340 , 0.79333
4.79 , 0.5430658340 , 0.79867
4.82 , 0.5430658340 , 0.80400
4.86 , 0.5430658340 , 0.80933
4.89 , 0.5430658340 , 0.81467
4.92 , 0.6516787528 , 0.82017
4.95 , 0.6516787528 , 0.82550
4.99 , 0.6516787528 , 0.83083
5.02 , 0.7602916240 , 0.83617
5.05 , 0.5430658340 , 0.84167
5.08 , 0.6516787528 , 0.84700
5.11 , 0.6516787528 , 0.85233
5.15 , 0.7602916240 , 0.85767
5.18 , 0.6516787528 , 0.86317
5.21 , 0.6516787528 , 0.86850
5.24 , 0.7602916240 , 0.87383
5.28 , 0.7602916240 , 0.87917
5.31 , 0.7602916240 , 0.88467
5.34 , 0.7602916240 , 0.89000
5.37 , 0.7602916240 , 0.89533
5.40 , 0.7602916240 , 0.90067
5.44 , 0.7602916240 , 0.90617
5.47 , 0.7602916240 , 0.91150
5.50 , 0.8689044952 , 0.91683
5.53 , 0.8689044952 , 0.92217
5.57 , 0.8689044952 , 0.92767
5.60 , 0.8689044952 , 0.93300
5.63 , 0.8689044952 , 0.93833
5.66 , 0.8689044952 , 0.94367
5.70 , 0.8689044952 , 0.94917
5.73 , 0.8689044952 , 0.95450
5.76 , 0.8689044952 , 0.96000
5.79 , 0.8689044952 , 0.96517
5.82 , 0.8689044952 , 0.97067
5.86 , 0.8689044952 , 0.97600
5.89 , 0.9775175094 , 0.98133
5.92 , 0.9775175094 , 0.98667
5.95 , 0.9775175094 , 0.99200
5.99 , 0.9775175094 , 0.99750
6.02 , 0.9775175094 , 1.00283
6.05 , 0.8689044952 , 1.00817
6.08 , 0.9775175094 , 1.01350
6.11 , 0.8689044952 , 1.01900
6.15 , 0.9775175094 , 1.02433
6.18 , 0.9775175094 , 1.02967
6.21 , 1.0861303806 , 1.03500
6.24 , 1.0861303806 , 1.04050
6.28 , 1.0861303806 , 1.04583
6.31 , 1.0861303806 , 1.05117
6.34 , 1.0861303806 , 1.05650
6.37 , 1.0861303806 , 1.06200
6.40 , 1.0861303806 , 1.06733
6.44 , 1.1947432708 , 1.07267
6.47 , 1.1947432708 , 1.07800
6.50 , 1.0861303806 , 1.08350
6.53 , 1.1947432708 , 1.08883
6.57 , 1.0861303806 , 1.09417
6.60 , 1.1947432708 , 1.09950
6.63 , 1.0861303806 , 1.10500
6.66 , 1.1947432708 , 1.11033
6.69 , 1.3033561706 , 1.11567
6.73 , 1.1947432708 , 1.12100
6.76 , 1.1947432708 , 1.12650
6.79 , 1.1947432708 , 1.13183
6.82 , 1.0861303806 , 1.13717
6.86 , 1.1947432708 , 1.14250
6.89 , 1.1947432708 , 1.14783
6.92 , 1.1947432708 , 1.15333
6.95 , 1.1947432708 , 1.15850
6.98 , 1.3033561706 , 1.16400
7.02 , 1.3033561706 , 1.16933
7.05 , 1.3033561706 , 1.17483
7.08 , 1.3033561706 , 1.18000
7.11 , 1.4119690895 , 1.18550
7.15 , 1.4119690895 , 1.19083
7.18 , 1.4119690895 , 1.19633
7.21 , 1.4119690895 , 1.20150
7.24 , 1.4119690895 , 1.20700
7.27 , 1.4119690895 , 1.21233
7.31 , 1.4119690895 , 1.21783
7.34 , 1.4119690895 , 1.22317
7.37 , 1.4119690895 , 1.22850
7.40 , 1.5205819606 , 1.23383
7.44 , 1.5205819606 , 1.23933
7.47 , 1.5205819606 , 1.24467
7.50 , 1.5205819606 , 1.25000
7.53 , 1.6291948318 , 1.25533
7.57 , 1.5205819606 , 1.26083
7.60 , 1.6291948318 , 1.26617
7.63 , 1.5205819606 , 1.27150
7.66 , 1.6291948318 , 1.27683
7.69 , 1.5205819606 , 1.28233
7.73 , 1.6291948318 , 1.28767
7.76 , 1.7378077507 , 1.29300
7.79 , 1.6291948318 , 1.29833
7.82 , 1.6291948318 , 1.30383
7.86 , 1.5205819606 , 1.30917
7.89 , 1.5205819606 , 1.31450
7.92 , 1.6291948318 , 1.31983
7.95 , 1.6291948318 , 1.32517
7.98 , 1.6291948318 , 1.33067
8.02 , 1.6291948318 , 1.33583
8.05 , 1.5205819606 , 1.34133
8.08 , 1.6291948318 , 1.34667
8.11 , 1.7378077507 , 1.35217
8.14 , 1.6291948318 , 1.35733
8.18 , 1.6291948318 , 1.36283
8.21 , 1.6291948318 , 1.36817
8.24 , 1.6291948318 , 1.37367
8.27 , 1.6291948318 , 1.37883
8.31 , 1.5205819606 , 1.38433
8.34 , 1.7378077507 , 1.38967
8.37 , 1.7378077507 , 1.39517
8.40 , 1.7378077507 , 1.40033
8.44 , 1.8464220046 , 1.40583
8.47 , 1.8464220046 , 1.41117
8.50 , 1.8464220046 , 1.41667
8.53 , 1.8464220046 , 1.42183
8.56 , 1.8464220046 , 1.42733
8.60 , 1.8464220046 , 1.43267
8.63 , 1.8464220046 , 1.43817
8.66 , 1.8464220046 , 1.44333
8.69 , 1.8464220046 , 1.44883
8.73 , 1.9550350189 , 1.45417
8.76 , 1.9550350189 , 1.45967
8.79 , 1.8464220046 , 1.46500
8.82 , 1.9550350189 , 1.47033
8.85 , 1.9550350189 , 1.47567
8.89 , 1.9550350189 , 1.48117
8.92 , 2.0636477470 , 1.48650
8.95 , 2.0636477470 , 1.49167
8.98 , 2.0636477470 , 1.49717
9.02 , 2.0636477470 , 1.50250
9.05 , 2.0636477470 , 1.50800
9.08 , 2.0636477470 , 1.51317
9.11 , 2.0636477470 , 1.51867
9.14 , 2.1722607612 , 1.52400
9.18 , 2.1722607612 , 1.52950
9.21 , 2.0636477470 , 1.53467
9.24 , 2.0636477470 , 1.54017
9.27 , 2.1722607612 , 1.54550
9.31 , 2.2808735370 , 1.55100
9.34 , 2.1722607612 , 1.55617
9.37 , 2.1722607612 , 1.56167
9.40 , 2.1722607612 , 1.56700
9.44 , 2.1722607612 , 1.57250
9.47 , 2.1722607612 , 1.57767
9.50 , 2.1722607612 , 1.58317
9.53 , 2.2808735370 , 1.58850
9.56 , 2.1722607612 , 1.59400
9.60 , 2.2808735370 , 1.59917
9.63 , 2.1722607612 , 1.60467
9.66 , 2.2808735370 , 1.61000
9.69 , 2.2808735370 , 1.61550
9.72 , 2.3894865512 , 1.62067
9.76 , 2.2808735370 , 1.62617
9.79 , 2.2808735370 , 1.63150
9.82 , 2.3894865512 , 1.63700
9.85 , 2.3894865512 , 1.64217
9.89 , 2.3894865512 , 1.64767
9.92 , 2.3894865512 , 1.65300
9.95 , 2.2808735370 , 1.65850
9.98 , 2.3894865512 , 1.66367
10.01 , 2.4980993270 , 1.66900
10.05 , 2.3894865512 , 1.67467
10.08 , 2.3894865512 , 1.68017
10.11 , 2.3894865512 , 1.68583
10.15 , 2.3894865512 , 1.69117
10.18 , 2.3894865512 , 1.69683
10.21 , 2.4980993270 , 1.70233
10.25 , 2.3894865512 , 1.70800
10.28 , 2.4980993270 , 1.71333
10.31 , 2.4980993270 , 1.71900
10.35 , 2.4980993270 , 1.72450
10.38 , 2.4980993270 , 1.73017
10.41 , 2.4980993270 , 1.73567
10.45 , 2.4980993270 , 1.74117
10.48 , 2.4980993270 , 1.74667
10.51 , 2.4980993270 , 1.75233
10.55 , 2.6067123413 , 1.75783
10.58 , 2.6067123413 , 1.76333
10.61 , 2.4980993270 , 1.76883
10.65 , 2.4980993270 , 1.77450
10.68 , 2.6067123413 , 1.78000
10.71 , 2.6067123413 , 1.78567
10.75 , 2.6067123413 , 1.79100
10.78 , 2.6067123413 , 1.79667
10.81 , 2.6067123413 , 1.80217
10.85 , 2.7153253555 , 1.80783
10.88 , 2.6067123413 , 1.81333
10.91 , 2.7153253555 , 1.81883
10.95 , 2.7153253555 , 1.82433
10.98 , 2.6067123413 , 1.83000
11.01 , 2.6067123413 , 1.83550
11.05 , 2.7153253555 , 1.84100
11.08 , 2.7153253555 , 1.84650
11.11 , 2.8239381790 , 1.85217
11.15 , 2.8239381790 , 1.85767
11.18 , 2.8239381790 , 1.86333
11.21 , 2.8239381790 , 1.86867
11.25 , 2.8239381790 , 1.87433
11.28 , 2.8239381790 , 1.87983
11.31 , 2.9325511932 , 1.88550
11.35 , 2.8239381790 , 1.89083
11.38 , 2.8239381790 , 1.89650
11.41 , 2.9325511932 , 1.90200
11.45 , 2.9325511932 , 1.90767
11.48 , 2.8239381790 , 1.91317
11.51 , 2.8239381790 , 1.91867
11.55 , 2.8239381790 , 1.92417
11.58 , 2.8239381790 , 1.92983
11.61 , 2.9325511932 , 1.93533
11.65 , 2.9325511932 , 1.94083
11.68 , 2.8239381790 , 1.94633
11.71 , 2.9325511932 , 1.95200
11.75 , 2.8239381790 , 1.95750
11.78 , 2.8239381790 , 1.96317
11.81 , 2.8239381790 , 1.96850
11.85 , 2.8239381790 , 1.97417
11.88 , 2.9325511932 , 1.97967
11.91 , 3.1497781276 , 1.98533
11.94 , 3.1497781276 , 1.99067
11.98 , 2.9325511932 , 1.99633
12.01 , 3.1497781276 , 2.00183
12.05 , 2.9325511932 , 2.00750
12.08 , 3.2583911418 , 2.01300
12.11 , 3.1497781276 , 2.01850
12.14 , 3.1497781276 , 2.02400
12.18 , 3.1497781276 , 2.02967
12.21 , 3.1497781276 , 2.03517
12.24 , 3.2583911418 , 2.04067
12.28 , 3.2583911418 , 2.04617
12.31 , 3.1497781276 , 2.05183
12.34 , 3.2583911418 , 2.05733
12.38 , 3.2583911418 , 2.06300
12.41 , 3.2583911418 , 2.06833
12.44 , 3.2583911418 , 2.07400
12.48 , 3.2583911418 , 2.07950
12.51 , 3.2583911418 , 2.08517
12.54 , 3.3670039176 , 2.09067
12.58 , 3.3670039176 , 2.09617
12.61 , 3.2583911418 , 2.10167
12.64 , 3.3670039176 , 2.10733
12.68 , 3.3670039176 , 2.11283
12.71 , 3.4756169319 , 2.11833
12.74 , 3.3670039176 , 2.12383
12.78 , 3.4756169319 , 2.12950
12.81 , 3.4756169319 , 2.13500
12.84 , 3.3670039176 , 2.14067
12.88 , 3.3670039176 , 2.14600
12.91 , 3.5842297077 , 2.15167
12.94 , 3.5842297077 , 2.15717
12.98 , 3.4756169319 , 2.16283
13.01 , 3.5842297077 , 2.16817
13.04 , 3.5842297077 , 2.17383
13.08 , 3.4756169319 , 2.17933
13.11 , 3.4756169319 , 2.18500
13.14 , 3.4756169319 , 2.19050
13.18 , 3.4756169319 , 2.19600
13.21 , 3.4756169319 , 2.20150
13.24 , 3.5842297077 , 2.20717
13.28 , 3.5842297077 , 2.21267
13.31 , 3.5842297077 , 2.21817
13.34 , 3.4756169319 , 2.22367
13.38 , 3.5842297077 , 2.22933
13.41 , 3.5842297077 , 2.23483
13.44 , 3.5842297077 , 2.24050
13.48 , 3.6928427219 , 2.24583
13.51 , 3.5842297077 , 2.25150
13.54 , 3.6928427219 , 2.25700
13.58 , 3.6928427219 , 2.26267
13.61 , 3.5842297077 , 2.26800
13.64 , 3.8014554977 , 2.27367
13.68 , 3.8014554977 , 2.27917
13.71 , 3.6928427219 , 2.28483
13.74 , 3.6928427219 , 2.29033
13.77 , 3.6928427219 , 2.29583
13.81 , 3.8014554977 , 2.30133
13.84 , 3.8014554977 , 2.30700
13.88 , 3.8014554977 , 2.31250
13.91 , 3.8014554977 , 2.31800
13.94 , 3.8014554977 , 2.32350
13.98 , 3.9100685119 , 2.32917
14.01 , 3.8014554977 , 2.33467
14.04 , 3.9100685119 , 2.34033
14.07 , 3.6928427219 , 2.34567
14.11 , 3.8014554977 , 2.35133
14.14 , 3.9100685119 , 2.35683
14.18 , 4.0186815261 , 2.36250
14.21 , 3.9100685119 , 2.36800
14.24 , 3.9100685119 , 2.37350
14.27 , 3.9100685119 , 2.37900
14.31 , 3.9100685119 , 2.38467
14.34 , 4.0186815261 , 2.39017
14.37 , 4.0186815261 , 2.39567
14.41 , 4.0186815261 , 2.40117
14.44 , 4.0186815261 , 2.40683
14.47 , 4.0186815261 , 2.41233
14.51 , 4.0186815261 , 2.41800
14.54 , 4.0186815261 , 2.42333
14.57 , 4.0186815261 , 2.42900
14.61 , 4.1272945404 , 2.43450
14.64 , 4.0186815261 , 2.44017
14.67 , 4.1272945404 , 2.44550
14.71 , 4.1272945404 , 2.45117
14.74 , 4.0186815261 , 2.45667
14.77 , 4.1272945404 , 2.46233
14.81 , 4.1272945404 , 2.46783
14.84 , 4.1272945404 , 2.47333
14.87 , 4.1272945404 , 2.47883
14.91 , 4.2359070777 , 2.48450
14.94 , 4.2359070777 , 2.49000
14.97 , 4.1272945404 , 2.49550
15.01 , 4.2359070777 , 2.50100
15.04 , 4.2359070777 , 2.50667
15.07 , 4.2359070777 , 2.51217
15.11 , 4.1272945404 , 2.51783
15.14 , 4.2359070777 , 2.52317
15.17 , 4.2359070777 , 2.52883
15.21 , 4.2359070777 , 2.53433
15.24 , 4.3445200920 , 2.54000
15.27 , 4.2359070777 , 2.54533
15.31 , 4.3445200920 , 2.55100
15.34 , 4.2359070777 , 2.55650
15.37 , 4.3445200920 , 2.56217
15.41 , 4.3445200920 , 2.56767
15.44 , 4.3445200920 , 2.57317
15.47 , 4.3445200920 , 2.57867
15.51 , 4.3445200920 , 2.58433
15.54 , 4.3445200920 , 2.58983
15.57 , 4.4531331062 , 2.59533
15.60 , 4.3445200920 , 2.60083
15.64 , 4.4531331062 , 2.60650
15.67 , 4.4531331062 , 2.61200
15.71 , 4.4531331062 , 2.61767
15.74 , 4.4531331062 , 2.62300
15.77 , 4.4531331062 , 2.62867
15.81 , 4.5617470741 , 2.63417
15.84 , 4.4531331062 , 2.63983
15.87 , 4.4531331062 , 2.64533
15.90 , 4.5617470741 , 2.65083
15.94 , 4.5617470741 , 2.65633
15.97 , 4.5617470741 , 2.66200
16.00 , 4.5617470741 , 2.66750
16.04 , 4.5617470741 , 2.67300
16.07 , 4.5617470741 , 2.67850
16.10 , 4.5617470741 , 2.68417
16.14 , 4.6703600883 , 2.68967
16.17 , 4.6703600883 , 2.69533
16.20 , 4.7789731025 , 2.70067
16.24 , 4.6703600883 , 2.70633
16.27 , 4.5617470741 , 2.71183
16.30 , 4.6703600883 , 2.71750
16.34 , 4.7789731025 , 2.72283
16.37 , 4.6703600883 , 2.72850
16.40 , 4.6703600883 , 2.73400
16.44 , 4.7789731025 , 2.73967
16.47 , 4.7789731025 , 2.74517
16.50 , 4.7789731025 , 2.75067
16.54 , 4.7789731025 , 2.75617
16.57 , 4.8875861167 , 2.76183
16.60 , 4.8875861167 , 2.76733
16.64 , 4.8875861167 , 2.77283
16.67 , 4.8875861167 , 2.77833
16.70 , 4.8875861167 , 2.78400
16.74 , 4.8875861167 , 2.78950
16.77 , 4.8875861167 , 2.79517
16.80 , 4.8875861167 , 2.80050
16.84 , 4.9961986541 , 2.80617
16.87 , 4.9961986541 , 2.81167
16.90 , 4.9961986541 , 2.81733
16.94 , 4.9961986541 , 2.82267
16.97 , 4.9961986541 , 2.82833
17.00 , 4.9961986541 , 2.83383
17.04 , 4.9961986541 , 2.83950
17.07 , 5.1048116683 , 2.84500
17.10 , 5.1048116683 , 2.85050
17.14 , 4.9961986541 , 2.85600
17.17 , 4.9961986541 , 2.86167
17.20 , 5.1048116683 , 2.86717
17.24 , 5.2134246826 , 2.87267
17.27 , 5.1048116683 , 2.87817
17.30 , 5.1048116683 , 2.88383
17.34 , 5.2134246826 , 2.88933
17.37 , 5.2134246826 , 2.89500
17.40 , 5.1048116683 , 2.90033
17.44 , 5.2134246826 , 2.90600
17.47 , 5.2134246826 , 2.91150
17.50 , 5.2134246826 , 2.91717
17.54 , 5.1048116683 , 2.92267
17.57 , 5.2134246826 , 2.92817
17.60 , 5.2134246826 , 2.93367
17.64 , 5.2134246826 , 2.93933
17.67 , 5.2134246826 , 2.94483
17.70 , 5.3220376968 , 2.95033
17.73 , 5.3220376968 , 2.95583
17.77 , 5.3220376968 , 2.96150
17.80 , 5.3220376968 , 2.96700
17.84 , 5.2134246826 , 2.97267
17.87 , 5.3220376968 , 2.97800
17.90 , 5.3220376968 , 2.98367
17.93 , 5.3220376968 , 2.98917
17.97 , 5.2134246826 , 2.99483
18.00 , 5.3220376968 , 3.00017
18.03 , 5.3220376968 , 3.00583
18.07 , 5.4306507110 , 3.01133
18.10 , 5.4306507110 , 3.01700
18.13 , 5.4306507110 , 3.02250
18.17 , 5.4306507110 , 3.02800
18.20 , 5.4306507110 , 3.03350
18.23 , 5.4306507110 , 3.03917
18.27 , 5.3220376968 , 3.04467
18.30 , 5.4306507110 , 3.05017
18.33 , 5.5392632484 , 3.05567
18.37 , 5.4306507110 , 3.06133
18.40 , 5.4306507110 , 3.06683
18.43 , 5.5392632484 , 3.07250
18.47 , 5.5392632484 , 3.07783
18.50 , 5.5392632484 , 3.08350
18.53 , 5.5392632484 , 3.08900
18.57 , 5.5392632484 , 3.09467
18.60 , 5.6478762626 , 3.10000
18.63 , 5.4306507110 , 3.10567
18.67 , 5.5392632484 , 3.11117
18.70 , 5.6478762626 , 3.11683
18.73 , 5.6478762626 , 3.12233
18.77 , 5.6478762626 , 3.12783
18.80 , 5.6478762626 , 3.13333
18.83 , 5.7564892768 , 3.13900
18.87 , 5.6478762626 , 3.14450
18.90 , 5.7564892768 , 3.15000
18.93 , 5.8651022911 , 3.15550
18.97 , 5.7564892768 , 3.16117
19.00 , 5.7564892768 , 3.16667
19.03 , 5.8651022911 , 3.17233
19.07 , 5.7564892768 , 3.17767
19.10 , 5.8651022911 , 3.18333
19.13 , 5.8651022911 , 3.18883
19.17 , 5.8651022911 , 3.19450
19.20 , 5.8651022911 , 3.20000
19.23 , 5.8651022911 , 3.20550
19.27 , 5.8651022911 , 3.21100
19.30 , 5.8651022911 , 3.21667
19.33 , 5.9737162590 , 3.22217
19.37 , 6.0823292732 , 3.22767
19.40 , 5.9737162590 , 3.23317
19.43 , 5.9737162590 , 3.23883
19.47 , 6.0823292732 , 3.24433
19.50 , 6.0823292732 , 3.25000
19.53 , 6.0823292732 , 3.25533
19.57 , 5.9737162590 , 3.26100
19.60 , 5.9737162590 , 3.26650
19.63 , 5.8651022911 , 3.27217
19.67 , 5.8651022911 , 3.27750
19.70 , 5.9737162590 , 3.28317
19.73 , 6.0823292732 , 3.28867
19.77 , 6.0823292732 , 3.29433
19.80 , 6.0823292732 , 3.29983
19.83 , 6.0823292732 , 3.30533
19.86 , 6.1909422874 , 3.31083
19.90 , 6.1909422874 , 3.31650
19.93 , 6.0823292732 , 3.32200
19.96 , 6.0823292732 , 3.32750
20.00 , 6.1909422874 , 3.33300
20.03 , 6.1909422874 , 3.33867
20.06 , 6.1909422874 , 3.34417
20.10 , 6.1909422874 , 3.34983
20.13 , 6.1909422874 , 3.35517
20.17 , 6.2995548248 , 3.36083
20.20 , 6.1909422874 , 3.36633
20.23 , 6.2995548248 , 3.37200
20.26 , 6.1909422874 , 3.37733
20.30 , 6.2995548248 , 3.38300
20.33 , 6.2995548248 , 3.38850
20.36 , 6.2995548248 , 3.39417
20.40 , 6.2995548248 , 3.39967
20.43 , 6.2995548248 , 3.40517
20.46 , 6.2995548248 , 3.41067
20.50 , 6.4081678390 , 3.41633
20.53 , 6.4081678390 , 3.42183
20.56 , 6.4081678390 , 3.42733
20.60 , 6.5167808532 , 3.43283
20.63 , 6.5167808532 , 3.43850
20.66 , 6.5167808532 , 3.44400
20.70 , 6.4081678390 , 3.44967
20.73 , 6.5167808532 , 3.45500
20.76 , 6.4081678390 , 3.46067
20.80 , 6.5167808532 , 3.46617
20.83 , 6.5167808532 , 3.47183
20.86 , 6.5167808532 , 3.47733
20.90 , 6.6253938674 , 3.48283
20.93 , 6.5167808532 , 3.48833
20.96 , 6.6253938674 , 3.49400
21.00 , 6.6253938674 , 3.49950
21.03 , 6.5167808532 , 3.50500
21.06 , 6.6253938674 , 3.51050
21.10 , 6.6253938674 , 3.51617
21.13 , 6.6253938674 , 3.52167
21.16 , 6.6253938674 , 3.52733
21.20 , 6.7340068817 , 3.53267
21.23 , 6.6253938674 , 3.53833
21.26 , 6.5167808532 , 3.54383
21.30 , 6.6253938674 , 3.54950
21.33 , 6.6253938674 , 3.55483
21.36 , 6.7340068817 , 3.56050
21.40 , 6.9512324333 , 3.56600
21.43 , 6.7340068817 , 3.57167
21.46 , 6.7340068817 , 3.57717
21.50 , 6.8426194190 , 3.58267
21.53 , 6.7340068817 , 3.58817
21.56 , 6.8426194190 , 3.59383
21.60 , 6.8426194190 , 3.59933
21.63 , 6.8426194190 , 3.60483
21.66 , 6.8426194190 , 3.61033
21.70 , 6.8426194190 , 3.61600
21.73 , 6.9512324333 , 3.62150
21.76 , 6.9512324333 , 3.62717
21.79 , 6.8426194190 , 3.63250
21.83 , 6.8426194190 , 3.63817
21.86 , 6.9512324333 , 3.64367
21.90 , 6.9512324333 , 3.64933
21.93 , 6.9512324333 , 3.65467
21.96 , 6.8426194190 , 3.66033
22.00 , 6.9512324333 , 3.66583
22.03 , 7.0598454475 , 3.67150
22.06 , 6.9512324333 , 3.67700
22.09 , 7.0598454475 , 3.68250
22.13 , 7.0598454475 , 3.68800
22.16 , 7.0598454475 , 3.69367
22.19 , 7.0598454475 , 3.69917
22.23 , 7.1684584617 , 3.70467
22.26 , 7.0598454475 , 3.71017
22.29 , 7.0598454475 , 3.71583
22.33 , 7.1684584617 , 3.72133
22.36 , 7.1684584617 , 3.72700
22.39 , 7.0598454475 , 3.73233
22.43 , 7.1684584617 , 3.73800
22.46 , 7.0598454475 , 3.74350
22.50 , 7.1684584617 , 3.74917
22.53 , 7.1684584617 , 3.75467
22.56 , 7.2770709991 , 3.76017
22.59 , 7.1684584617 , 3.76567
22.63 , 7.1684584617 , 3.77133
22.66 , 7.2770709991 , 3.77683
22.69 , 7.2770709991 , 3.78233
22.73 , 7.2770709991 , 3.78783
22.76 , 7.2770709991 , 3.79350
22.79 , 7.2770709991 , 3.79900
22.83 , 7.2770709991 , 3.80467
22.86 , 7.3856840133 , 3.81000
22.89 , 7.2770709991 , 3.81567
22.93 , 7.2770709991 , 3.82117
22.96 , 7.3856840133 , 3.82683
22.99 , 7.3856840133 , 3.83217
23.03 , 7.3856840133 , 3.83783
23.06 , 7.1684584617 , 3.84333
23.09 , 7.3856840133 , 3.84900
23.13 , 7.1684584617 , 3.85450
23.16 , 7.2770709991 , 3.86000
23.19 , 7.1684584617 , 3.86550
23.23 , 7.1684584617 , 3.87117
23.26 , 7.3856840133 , 3.87667
23.29 , 7.2770709991 , 3.88217
23.33 , 7.2770709991 , 3.88767
23.36 , 6.5167808532 , 3.89333
23.39 , 6.5167808532 , 3.89883
23.43 , 6.2995548248 , 3.90450
23.46 , 6.2995548248 , 3.90983
23.49 , 6.2995548248 , 3.91550
23.53 , 6.2995548248 , 3.92100
23.56 , 6.4081678390 , 3.92667
23.59 , 6.2995548248 , 3.93200
23.63 , 6.4081678390 , 3.93767
23.66 , 6.1909422874 , 3.94317
23.69 , 6.4081678390 , 3.94883
23.73 , 6.2995548248 , 3.95433
23.76 , 6.5167808532 , 3.95983
23.79 , 6.5167808532 , 3.96533
23.83 , 6.6253938674 , 3.97100
23.86 , 6.5167808532 , 3.97650
23.89 , 6.6253938674 , 3.98200
23.92 , 6.6253938674 , 3.98750
23.96 , 6.7340068817 , 3.99317
23.99 , 6.7340068817 , 3.99867
24.03 , 6.8426194190 , 4.00433
24.06 , 6.6253938674 , 4.00967
24.09 , 7.1684584617 , 4.01533
24.12 , 7.3856840133 , 4.02083
24.16 , 7.2770709991 , 4.02650
24.19 , 7.2770709991 , 4.03200
24.22 , 7.2770709991 , 4.03750
24.26 , 7.7115225791 , 4.04300
24.29 , 7.9287486076 , 4.04867
24.32 , 7.9287486076 , 4.05417
24.36 , 8.0373640060 , 4.05967
24.39 , 7.9287486076 , 4.06517
24.42 , 7.9287486076 , 4.07083
24.46 , 8.1459770202 , 4.07633
24.49 , 8.0373640060 , 4.08200
24.52 , 8.1459770202 , 4.08733
24.56 , 8.1459770202 , 4.09300
24.59 , 8.0373640060 , 4.09850
24.62 , 8.1459770202 , 4.10417
24.66 , 8.1459770202 , 4.10950
24.69 , 8.0373640060 , 4.11517
24.72 , 8.1459770202 , 4.12067
24.76 , 8.1459770202 , 4.12633
24.79 , 8.1459770202 , 4.13183
24.82 , 8.3632030487 , 4.13733
24.86 , 8.2545900344 , 4.14283
24.89 , 8.2545900344 , 4.14850
24.92 , 8.2545900344 , 4.15400
24.96 , 8.2545900344 , 4.15950
24.99 , 8.2545900344 , 4.16500
25.02 , 8.2545900344 , 4.17067
25.06 , 8.2545900344 , 4.17617
25.09 , 8.2545900344 , 4.18183
25.12 , 8.3632030487 , 4.18717
25.16 , 8.3632030487 , 4.19283
25.19 , 8.3632030487 , 4.19833
25.22 , 8.3632030487 , 4.20400
25.26 , 8.3632030487 , 4.20933
25.29 , 8.3632030487 , 4.21500
25.32 , 8.3632030487 , 4.22050
25.36 , 8.4718160629 , 4.22617
25.39 , 8.4718160629 , 4.23167
25.42 , 8.3632030487 , 4.23717
25.46 , 8.4718160629 , 4.24267
25.49 , 8.4718160629 , 4.24833
25.52 , 8.4718160629 , 4.25383
25.56 , 8.5804290771 , 4.25933
25.59 , 8.5804290771 , 4.26483
25.62 , 8.5804290771 , 4.27050
25.66 , 8.5804290771 , 4.27600
25.69 , 8.5804290771 , 4.28167
25.72 , 8.5804290771 , 4.28700
25.76 , 8.5804290771 , 4.29267
25.79 , 8.5804290771 , 4.29817
25.82 , 8.6890411376 , 4.30383
25.86 , 8.5804290771 , 4.30933
25.89 , 8.6890411376 , 4.31483
25.92 , 8.6890411376 , 4.32033
25.96 , 8.6890411376 , 4.32600
25.99 , 8.7976541519 , 4.33150
26.02 , 8.7976541519 , 4.33700
26.05 , 8.7976541519 , 4.34250
26.09 , 8.7976541519 , 4.34817
26.12 , 8.7976541519 , 4.35367
26.16 , 8.7976541519 , 4.35933
26.19 , 8.7976541519 , 4.36467
26.22 , 8.9062671661 , 4.37033
26.25 , 8.9062671661 , 4.37583
26.29 , 8.9062671661 , 4.38150
26.32 , 8.9062671661 , 4.38683
26.35 , 9.0148801803 , 4.39250
26.39 , 8.7976541519 , 4.39800
26.42 , 9.0148801803 , 4.40367
26.45 , 9.0148801803 , 4.40917
26.49 , 9.0148801803 , 4.41467
26.52 , 9.0148801803 , 4.42017
26.55 , 9.0148801803 , 4.42583
26.59 , 9.0148801803 , 4.43133
26.62 , 9.1234931945 , 4.43683
26.65 , 9.1234931945 , 4.44233
26.69 , 9.1234931945 , 4.44800
26.72 , 9.1234931945 , 4.45350
26.75 , 9.2321062088 , 4.45917
26.79 , 9.1234931945 , 4.46450
26.82 , 9.0148801803 , 4.47017
26.85 , 9.2321062088 , 4.47567
26.89 , 9.2321062088 , 4.48133
26.92 , 9.2321062088 , 4.48667
26.95 , 9.2321062088 , 4.49233
26.99 , 9.3407192230 , 4.49783
27.02 , 9.2321062088 , 4.50350
27.05 , 9.2321062088 , 4.50900
27.09 , 9.2321062088 , 4.51450
27.12 , 9.2321062088 , 4.52000
27.15 , 9.2321062088 , 4.52567
27.19 , 9.2321062088 , 4.53117
27.22 , 9.3407192230 , 4.53667
27.25 , 9.2321062088 , 4.54217
27.29 , 9.3407192230 , 4.54783
27.32 , 9.2321062088 , 4.55333
27.35 , 9.3407192230 , 4.55900
27.39 , 9.3407192230 , 4.56433
27.42 , 9.3407192230 , 4.57000
27.45 , 9.4493322372 , 4.57550
27.49 , 9.3407192230 , 4.58117
27.52 , 9.3407192230 , 4.58667
27.55 , 9.4493322372 , 4.59217
27.59 , 9.3407192230 , 4.59767
27.62 , 9.4493322372 , 4.60333
27.65 , 9.5579452514 , 4.60883
27.69 , 9.5579452514 , 4.61433
27.72 , 9.5579452514 , 4.61983
27.75 , 9.4493322372 , 4.62550
27.79 , 9.4493322372 , 4.63100
27.82 , 9.5579452514 , 4.63667
27.85 , 9.5579452514 , 4.64200
27.89 , 9.5579452514 , 4.64767
27.92 , 9.6665573120 , 4.65317
27.95 , 9.5579452514 , 4.65883
27.98 , 9.6665573120 , 4.66417
28.02 , 9.6665573120 , 4.66983
28.05 , 9.5579452514 , 4.67533
28.09 , 9.6665573120 , 4.68100
28.12 , 9.6665573120 , 4.68650
28.15 , 9.6665573120 , 4.69200
28.18 , 9.6665573120 , 4.69750
28.22 , 9.6665573120 , 4.70317
28.25 , 9.6665573120 , 4.70867
28.28 , 9.6665573120 , 4.71417
28.32 , 9.7751703262 , 4.71967
28.35 , 9.7751703262 , 4.72533
28.38 , 9.6665573120 , 4.73083
28.42 , 9.7751703262 , 4.73650
28.45 , 9.7751703262 , 4.74183
28.48 , 9.7751703262 , 4.74750
28.52 , 9.8837833404 , 4.75300
28.55 , 9.8837833404 , 4.75867
28.58 , 9.7751703262 , 4.76400
28.62 , 9.8837833404 , 4.76967
28.65 , 9.7751703262 , 4.77517
28.68 , 9.8837833404 , 4.78083
28.72 , 9.9923963546 , 4.78633
28.75 , 9.8837833404 , 4.79183
28.78 , 9.9923963546 , 4.79733
28.82 , 9.9923963546 , 4.80300
28.85 , 10.1010093688 , 4.80850
28.89 , 9.9923963546 , 4.81433
28.92 , 9.9923963546 , 4.81967
28.95 , 9.9923963546 , 4.82533
28.98 , 10.1010093688 , 4.83083
29.02 , 9.9923963546 , 4.83667
29.05 , 10.1010093688 , 4.84217
29.09 , 10.1010093688 , 4.84783
29.12 , 10.1010093688 , 4.85367
29.16 , 10.2096223831 , 4.85933
29.19 , 10.1010093688 , 4.86517
29.22 , 10.1010093688 , 4.87067
29.26 , 10.2096223831 , 4.87650
29.29 , 10.2096223831 , 4.88217
29.33 , 10.2096223831 , 4.88800
29.36 , 10.2096223831 , 4.89367
29.40 , 10.2096223831 , 4.89933
29.43 , 10.2096223831 , 4.90500
29.46 , 10.2096223831 , 4.91083
29.50 , 10.2096223831 , 4.91650
29.53 , 10.3182353973 , 4.92233
29.57 , 10.3182353973 , 4.92800
29.60 , 10.2096223831 , 4.93367
29.64 , 10.3182353973 , 4.93933
29.67 , 10.3182353973 , 4.94517
29.70 , 10.2096223831 , 4.95083
29.74 , 10.4268484115 , 4.95667
29.77 , 10.3182353973 , 4.96217
29.81 , 10.4268484115 , 4.96800
29.84 , 10.4268484115 , 4.97367
29.88 , 10.3182353973 , 4.97950
29.91 , 10.3182353973 , 4.98517
29.94 , 10.4268484115 , 4.99083
29.98 , 10.4268484115 , 4.99650
30.01 , 10.5354614257 , 5.00233
30.05 , 10.4268484115 , 5.00800
30.08 , 10.5354614257 , 5.01383
30.12 , 10.5354614257 , 5.01933
30.15 , 10.4268484115 , 5.02517
30.19 , 10.5354614257 , 5.03100
30.22 , 10.5354614257 , 5.03667
30.25 , 10.5354614257 , 5.04250
30.29 , 10.6440734863 , 5.04800
30.32 , 10.5354614257 , 5.05383
30.36 , 10.5354614257 , 5.05950
30.39 , 10.6440734863 , 5.06533
30.43 , 10.6440734863 , 5.07100
30.46 , 10.6440734863 , 5.07667
30.49 , 10.6440734863 , 5.08233
30.53 , 10.7526865005 , 5.08817
30.56 , 10.7526865005 , 5.09383
30.60 , 10.6440734863 , 5.09967
30.63 , 10.7526865005 , 5.10517
30.67 , 10.6440734863 , 5.11100
30.70 , 10.6440734863 , 5.11667
30.73 , 10.7526865005 , 5.12250
30.77 , 10.7526865005 , 5.12817
30.80 , 10.7526865005 , 5.13383
30.84 , 10.7526865005 , 5.13950
30.87 , 10.8613023757 , 5.14533
30.91 , 10.7526865005 , 5.15100
30.94 , 10.7526865005 , 5.15683
30.97 , 10.8613023757 , 5.16233
31.01 , 10.7526865005 , 5.16817
31.04 , 10.9699153900 , 5.17383
31.08 , 10.9699153900 , 5.17967
31.11 , 10.8613023757 , 5.18533
31.15 , 10.8613023757 , 5.19117
31.18 , 10.8613023757 , 5.19667
31.21 , 11.0785284042 , 5.20250
31.25 , 10.9699153900 , 5.20833
31.28 , 11.0785284042 , 5.21400
31.32 , 10.9699153900 , 5.21983
31.35 , 10.9699153900 , 5.22533
31.39 , 10.9699153900 , 5.23117
31.42 , 11.0785284042 , 5.23683
31.46 , 10.9699153900 , 5.24267
31.49 , 11.1871414184 , 5.24833
31.52 , 11.1871414184 , 5.25400
31.56 , 11.1871414184 , 5.25967
31.59 , 11.1871414184 , 5.26550
31.63 , 11.1871414184 , 5.27117
31.66 , 11.0785284042 , 5.27700
31.69 , 11.2957534790 , 5.28250
31.73 , 11.2957534790 , 5.28833
31.76 , 11.1871414184 , 5.29400
31.80 , 11.1871414184 , 5.29983
31.83 , 11.1871414184 , 5.30550
31.87 , 11.1871414184 , 5.31117
31.90 , 11.2957534790 , 5.31683
31.94 , 11.2957534790 , 5.32267
31.97 , 11.2957534790 , 5.32833
32.01 , 11.1871414184 , 5.33417
32.04 , 11.2957534790 , 5.33967
32.07 , 11.2957534790 , 5.34550
32.11 , 11.2957534790 , 5.35117
32.14 , 11.2957534790 , 5.35700
32.18 , 11.4043664932 , 5.36267
32.21 , 11.2957534790 , 5.36833
32.24 , 11.4043664932 , 5.37400
32.28 , 11.4043664932 , 5.37983
32.31 , 11.4043664932 , 5.38550
32.35 , 11.5129795074 , 5.39133
32.38 , 11.4043664932 , 5.39700
32.42 , 11.5129795074 , 5.40267
32.45 , 11.4043664932 , 5.40850
32.49 , 11.5129795074 , 5.41417
32.52 , 11.4043664932 , 5.42000
32.55 , 11.5129795074 , 5.42550
32.59 , 11.5129795074 , 5.43133
32.62 , 11.5129795074 , 5.43700
32.66 , 11.5129795074 , 5.44283
32.69 , 11.6215925216 , 5.44850
32.73 , 11.6215925216 , 5.45433
32.76 , 11.6215925216 , 5.45983
32.79 , 11.6215925216 , 5.46567
32.83 , 11.6215925216 , 5.47133
32.86 , 11.7302055358 , 5.47717
32.90 , 11.6215925216 , 5.48283
32.93 , 11.6215925216 , 5.48850
32.97 , 11.6215925216 , 5.49417
33.00 , 11.8388185501 , 5.50000
33.03 , 11.8388185501 , 5.50567
33.07 , 11.6215925216 , 5.51150
33.10 , 11.7302055358 , 5.51700
33.14 , 11.7302055358 , 5.52283
33.17 , 11.7302055358 , 5.52850
33.21 , 11.9474315643 , 5.53433
33.24 , 11.8388185501 , 5.54000
33.27 , 11.8388185501 , 5.54567
33.31 , 11.9474315643 , 5.55133
33.34 , 11.9474315643 , 5.55717
33.38 , 11.8388185501 , 5.56283
33.41 , 11.9474315643 , 5.56867
33.45 , 11.9474315643 , 5.57433
33.48 , 11.9474315643 , 5.58000
33.52 , 12.0560445785 , 5.58583
33.55 , 11.9474315643 , 5.59150
33.58 , 12.0560445785 , 5.59733
33.62 , 12.0560445785 , 5.60283
33.65 , 12.0560445785 , 5.60867
33.69 , 12.1646575927 , 5.61433
33.72 , 12.0560445785 , 5.62017
33.76 , 12.0560445785 , 5.62583
33.79 , 12.0560445785 , 5.63150
33.82 , 12.0560445785 , 5.63717
33.86 , 12.0560445785 , 5.64300
33.89 , 12.0560445785 , 5.64867
33.93 , 12.2732696533 , 5.65450
33.96 , 12.1646575927 , 5.66000
34.00 , 12.1646575927 , 5.66583
34.03 , 12.1646575927 , 5.67150
34.06 , 12.1646575927 , 5.67733
34.10 , 12.2732696533 , 5.68300
34.13 , 12.2732696533 , 5.68867
34.17 , 12.2732696533 , 5.69433
34.20 , 12.2732696533 , 5.70017
34.24 , 12.2732696533 , 5.70583
34.27 , 12.2732696533 , 5.71167
34.30 , 12.2732696533 , 5.71733
34.34 , 12.2732696533 , 5.72300
34.37 , 12.2732696533 , 5.72867
34.41 , 12.3818826675 , 5.73450
34.44 , 12.3818826675 , 5.74017
34.48 , 12.2732696533 , 5.74600
34.51 , 12.3818826675 , 5.75150
34.54 , 12.3818826675 , 5.75733
34.58 , 12.3818826675 , 5.76317
34.61 , 12.3818826675 , 5.76883
34.65 , 12.4904956817 , 5.77467
34.68 , 12.4904956817 , 5.78017
34.72 , 12.5991086959 , 5.78600
34.75 , 12.4904956817 , 5.79167
34.79 , 12.4904956817 , 5.79750
34.82 , 12.3818826675 , 5.80317
34.85 , 12.4904956817 , 5.80883
34.89 , 12.4904956817 , 5.81450
34.92 , 12.5991086959 , 5.82033
34.96 , 12.5991086959 , 5.82600
34.99 , 12.5991086959 , 5.83183
35.02 , 12.5991086959 , 5.83733
35.06 , 12.5991086959 , 5.84317
35.09 , 12.5991086959 , 5.84883
35.13 , 12.7077217102 , 5.85467
35.16 , 12.5991086959 , 5.86033
35.20 , 12.5991086959 , 5.86600
35.23 , 12.5991086959 , 5.87167
35.27 , 12.7077217102 , 5.87750
35.30 , 12.7077217102 , 5.88317
35.33 , 12.7077217102 , 5.88900
35.37 , 12.7077217102 , 5.89450
35.40 , 12.8163347244 , 5.90033
35.44 , 12.9249477386 , 5.90600
35.47 , 12.8163347244 , 5.91183
35.51 , 12.9249477386 , 5.91750
35.54 , 12.8163347244 , 5.92317
35.57 , 12.8163347244 , 5.92883
35.61 , 12.8163347244 , 5.93467
35.64 , 12.9249477386 , 5.94050
35.68 , 12.9249477386 , 5.94617
35.71 , 12.9249477386 , 5.95200
35.75 , 12.9249477386 , 5.95750
35.78 , 12.9249477386 , 5.96333
35.81 , 12.9249477386 , 5.96900
35.85 , 13.0335607528 , 5.97483
35.88 , 13.0335607528 , 5.98050
35.92 , 13.0335607528 , 5.98617
35.95 , 13.0335607528 , 5.99183
35.99 , 13.0335607528 , 5.99767
36.02 , 13.0335607528 , 6.00333
36.06 , 13.0335607528 , 6.00917
36.09 , 13.1421737670 , 6.01467
36.12 , 13.1421737670 , 6.02050
36.16 , 13.1421737670 , 6.02617
36.19 , 13.0335607528 , 6.03200
36.23 , 13.1421737670 , 6.03767
36.26 , 13.1421737670 , 6.04333
36.29 , 13.0335607528 , 6.04900
36.33 , 13.2507858276 , 6.05483
36.36 , 13.2507858276 , 6.06050
36.40 , 13.3593988418 , 6.06633
36.43 , 13.2507858276 , 6.07183
36.47 , 13.2507858276 , 6.07767
36.50 , 13.3593988418 , 6.08333
36.54 , 13.3593988418 , 6.08917
36.57 , 13.3593988418 , 6.09483
36.60 , 13.3593988418 , 6.10050
36.64 , 13.3593988418 , 6.10617
36.67 , 13.2507858276 , 6.11200
36.71 , 13.3593988418 , 6.11767
36.74 , 13.4680118560 , 6.12350
36.78 , 13.3593988418 , 6.12917
36.81 , 13.3593988418 , 6.13483
36.84 , 13.3593988418 , 6.14067
36.88 , 13.3593988418 , 6.14633
36.91 , 13.2507858276 , 6.15217
36.95 , 13.4680118560 , 6.15767
36.98 , 13.5766277313 , 6.16350
37.02 , 13.4680118560 , 6.16917
37.05 , 13.5766277313 , 6.17500
37.08 , 13.4680118560 , 6.18067
37.12 , 13.4680118560 , 6.18633
37.15 , 13.4680118560 , 6.19200
37.19 , 13.4680118560 , 6.19783
37.22 , 13.5766277313 , 6.20350
37.26 , 13.5766277313 , 6.20933
37.29 , 13.5766277313 , 6.21483
37.32 , 13.5766277313 , 6.22067
37.36 , 13.5766277313 , 6.22633
37.39 , 13.6852407455 , 6.23217
37.43 , 13.6852407455 , 6.23783
37.46 , 13.6852407455 , 6.24367
37.50 , 13.7938537597 , 6.24917
37.53 , 13.6852407455 , 6.25500
37.56 , 13.6852407455 , 6.26067
37.60 , 13.6852407455 , 6.26650
37.63 , 13.6852407455 , 6.27217
37.67 , 13.7938537597 , 6.27783
37.70 , 13.7938537597 , 6.28350
37.74 , 13.7938537597 , 6.28933
37.77 , 13.9024658203 , 6.29500
37.81 , 13.7938537597 , 6.30083
37.84 , 13.9024658203 , 6.30650
37.87 , 13.9024658203 , 6.31217
37.91 , 13.9024658203 , 6.31800
37.94 , 13.9024658203 , 6.32367
37.98 , 13.9024658203 , 6.32950
38.01 , 14.0110788345 , 6.33500
38.04 , 14.0110788345 , 6.34083
38.08 , 14.0110788345 , 6.34650
38.11 , 14.0110788345 , 6.35233
38.15 , 14.1196918487 , 6.35800
38.18 , 14.0110788345 , 6.36367
38.22 , 14.0110788345 , 6.36933
38.25 , 14.1196918487 , 6.37517
38.29 , 14.0110788345 , 6.38083
38.32 , 14.1196918487 , 6.38667
38.35 , 14.2283048629 , 6.39217
38.39 , 14.1196918487 , 6.39800
38.42 , 14.1196918487 , 6.40367
38.46 , 14.2283048629 , 6.40950
38.49 , 14.2283048629 , 6.41517
38.53 , 14.2283048629 , 6.42083
38.56 , 14.2283048629 , 6.42650
38.59 , 14.2283048629 , 6.43233
38.63 , 14.2283048629 , 6.43800
38.66 , 14.2283048629 , 6.44383
38.70 , 14.3369178771 , 6.44933
38.73 , 14.3369178771 , 6.45517
38.77 , 14.3369178771 , 6.46083
38.80 , 14.3369178771 , 6.46667
38.83 , 14.4455308914 , 6.47233
38.87 , 14.3369178771 , 6.47800
38.90 , 14.4455308914 , 6.48367
38.94 , 14.3369178771 , 6.48950
38.97 , 14.3369178771 , 6.49533
39.01 , 14.4455308914 , 6.50100
39.04 , 14.4455308914 , 6.50683
39.07 , 14.4455308914 , 6.51233
39.11 , 14.4455308914 , 6.51817
39.14 , 14.4455308914 , 6.52383
39.18 , 14.4455308914 , 6.52967
39.21 , 14.4455308914 , 6.53533
39.25 , 14.5541439056 , 6.54100
39.28 , 14.5541439056 , 6.54667
39.31 , 14.5541439056 , 6.55250
39.35 , 14.4455308914 , 6.55817
39.38 , 14.5541439056 , 6.56400
39.42 , 14.5541439056 , 6.56950
39.45 , 14.5541439056 , 6.57533
39.49 , 14.5541439056 , 6.58100
39.52 , 14.6627569198 , 6.58683
39.56 , 14.5541439056 , 6.59250
39.59 , 14.6627569198 , 6.59817
39.62 , 14.6627569198 , 6.60383
39.66 , 14.6627569198 , 6.60967
39.69 , 14.6627569198 , 6.61533
39.73 , 14.7713699340 , 6.62117
39.76 , 14.7713699340 , 6.62667
39.79 , 14.8799819946 , 6.63250
39.83 , 14.7713699340 , 6.63817
39.86 , 14.7713699340 , 6.64400
39.90 , 14.8799819946 , 6.64967
39.93 , 14.8799819946 , 6.65533
39.97 , 14.8799819946 , 6.66100
40.00 , 14.7713699340 , 6.66683
40.04 , 14.7713699340 , 6.67267
40.07 , 14.8799819946 , 6.67833
40.10 , 14.7713699340 , 6.68400
40.14 , 14.9885950088 , 6.68967
40.17 , 14.9885950088 , 6.69550
40.21 , 14.9885950088 , 6.70117
40.24 , 14.9885950088 , 6.70700
40.28 , 14.9885950088 , 6.71250
40.31 , 14.9885950088 , 6.71833
40.34 , 15.0972080230 , 6.72400
40.38 , 14.9885950088 , 6.72983
40.41 , 15.0972080230 , 6.73550
40.45 , 15.2058210372 , 6.74133
40.48 , 15.0972080230 , 6.74683
40.52 , 15.0972080230 , 6.75267
40.55 , 15.0972080230 , 6.75833
40.59 , 15.0972080230 , 6.76417
40.62 , 15.2058210372 , 6.76983
40.65 , 15.3144340515 , 6.77550
40.69 , 15.2058210372 , 6.78117
40.72 , 15.2058210372 , 6.78700
40.76 , 15.2058210372 , 6.79267
40.79 , 15.2058210372 , 6.79850
40.82 , 15.3144340515 , 6.80400
40.86 , 15.3144340515 , 6.80983
40.89 , 15.2058210372 , 6.81550
40.93 , 15.3144340515 , 6.82133
40.96 , 15.3144340515 , 6.82700
41.00 , 15.3144340515 , 6.83267
41.03 , 15.4230470657 , 6.83833
41.06 , 15.5316600799 , 6.84417
41.10 , 15.3144340515 , 6.84983
41.13 , 15.4230470657 , 6.85567
41.17 , 15.4230470657 , 6.86133
41.20 , 15.3144340515 , 6.86700
41.24 , 15.4230470657 , 6.87283
41.27 , 15.4230470657 , 6.87850
41.31 , 15.4230470657 , 6.88433
41.34 , 15.5316600799 , 6.88983
41.37 , 15.4230470657 , 6.89567
41.41 , 15.5316600799 , 6.90133
41.44 , 15.6402730941 , 6.90717
41.48 , 15.5316600799 , 6.91283
41.51 , 15.5316600799 , 6.91850
41.54 , 15.5316600799 , 6.92417
41.58 , 15.5316600799 , 6.93000
41.61 , 15.6402730941 , 6.93567
41.65 , 15.6402730941 , 6.94150
41.68 , 15.6402730941 , 6.94700
41.72 , 15.6402730941 , 6.95283
41.75 , 15.6402730941 , 6.95850
41.79 , 15.6402730941 , 6.96433
41.82 , 15.7488861083 , 6.97000
41.85 , 15.6402730941 , 6.97567
41.89 , 15.7488861083 , 6.98133
41.92 , 15.7488861083 , 6.98717
41.96 , 15.7488861083 , 6.99283
41.99 , 15.7488861083 , 6.99867
42.03 , 15.7488861083 , 7.00417
42.06 , 15.7488861083 , 7.01000
42.09 , 15.7488861083 , 7.01567
42.13 , 15.8574981689 , 7.02150
42.16 , 15.7488861083 , 7.02717
42.20 , 15.8574981689 , 7.03300
42.23 , 15.8574981689 , 7.03867
42.27 , 15.8574981689 , 7.04433
42.30 , 15.9661111831 , 7.05017
42.34 , 15.9661111831 , 7.05583
42.37 , 15.9661111831 , 7.06167
42.40 , 15.9661111831 , 7.06717
42.44 , 15.9661111831 , 7.07300
42.47 , 15.9661111831 , 7.07867
42.51 , 15.9661111831 , 7.08450
42.54 , 16.0747241973 , 7.09017
42.58 , 16.0747241973 , 7.09583
42.61 , 16.0747241973 , 7.10150
42.64 , 16.0747241973 , 7.10733
42.68 , 16.0747241973 , 7.11300
42.71 , 16.0747241973 , 7.11883
42.75 , 16.0747241973 , 7.12433
42.78 , 16.1833381652 , 7.13017
42.81 , 16.1833381652 , 7.13583
42.85 , 16.1833381652 , 7.14167
42.88 , 16.1833381652 , 7.14733
42.92 , 16.1833381652 , 7.15300
42.95 , 16.2919502258 , 7.15867
42.99 , 16.2919502258 , 7.16450
43.02 , 16.2919502258 , 7.17017
43.06 , 16.2919502258 , 7.17600
43.09 , 16.2919502258 , 7.18150
43.12 , 16.2919502258 , 7.18733
43.16 , 16.2919502258 , 7.19300
43.19 , 16.4005661010 , 7.19883
43.23 , 16.4005661010 , 7.20450
43.26 , 16.4005661010 , 7.21017
43.29 , 16.4005661010 , 7.21583
43.33 , 16.2919502258 , 7.22167
43.37 , 16.4005661010 , 7.22750
43.40 , 16.5091781616 , 7.23317
43.43 , 16.5091781616 , 7.23883
43.47 , 16.4005661010 , 7.24450
43.50 , 16.5091781616 , 7.25033
43.54 , 16.5091781616 , 7.25600
43.57 , 16.5091781616 , 7.26183
43.60 , 16.5091781616 , 7.26733
43.64 , 16.5091781616 , 7.27317
43.67 , 16.5091781616 , 7.27883
43.71 , 16.6177921295 , 7.28467
43.74 , 16.6177921295 , 7.29033
43.78 , 16.5091781616 , 7.29617
43.81 , 16.6177921295 , 7.30167
43.85 , 16.6177921295 , 7.30750
43.88 , 16.5091781616 , 7.31317
43.91 , 16.6177921295 , 7.31900
43.95 , 16.6177921295 , 7.32467
43.98 , 16.7264041900 , 7.33033
44.02 , 16.7264041900 , 7.33600
44.05 , 16.8350181579 , 7.34183
44.09 , 16.7264041900 , 7.34750
44.12 , 16.7264041900 , 7.35333
44.15 , 16.9436302185 , 7.35883
44.19 , 16.8350181579 , 7.36467
44.22 , 16.8350181579 , 7.37033
44.26 , 16.8350181579 , 7.37617
44.29 , 16.8350181579 , 7.38183
44.33 , 16.8350181579 , 7.38750
44.36 , 16.8350181579 , 7.39317
44.39 , 16.9436302185 , 7.39900
44.43 , 16.9436302185 , 7.40483
44.46 , 16.9436302185 , 7.41050
44.50 , 16.9436302185 , 7.41617
44.53 , 16.9436302185 , 7.42183
44.57 , 16.9436302185 , 7.42767
44.60 , 17.0522422790 , 7.43333
44.63 , 16.9436302185 , 7.43917
44.67 , 16.9436302185 , 7.44467
44.70 , 17.0522422790 , 7.45050
44.74 , 16.9436302185 , 7.45617
44.77 , 17.0522422790 , 7.46200
44.81 , 17.1608562469 , 7.46767
44.84 , 17.0522422790 , 7.47333
44.87 , 17.0522422790 , 7.47900
44.91 , 16.9436302185 , 7.48483
44.94 , 17.0522422790 , 7.49050
44.98 , 17.1608562469 , 7.49633
45.01 , 17.1608562469 , 7.50183
45.05 , 17.1608562469 , 7.50767
45.08 , 17.2694683074 , 7.51333
45.12 , 17.1608562469 , 7.51917
45.15 , 17.2694683074 , 7.52483
45.18 , 17.2694683074 , 7.53067
45.22 , 17.1608562469 , 7.53617
45.25 , 17.2694683074 , 7.54200
45.29 , 17.2694683074 , 7.54767
45.32 , 17.3780822753 , 7.55350
45.36 , 17.2694683074 , 7.55917
45.39 , 17.2694683074 , 7.56483
45.42 , 17.3780822753 , 7.57050
45.46 , 17.3780822753 , 7.57633
45.49 , 17.3780822753 , 7.58200
45.53 , 17.3780822753 , 7.58783
45.56 , 17.3780822753 , 7.59350
45.60 , 17.3780822753 , 7.59917
45.63 , 17.4866943359 , 7.60500
45.66 , 17.4866943359 , 7.61067
45.70 , 17.4866943359 , 7.61650
45.73 , 17.5953083038 , 7.62200
45.77 , 17.4866943359 , 7.62783
45.80 , 17.5953083038 , 7.63350
45.84 , 17.4866943359 , 7.63933
45.87 , 17.4866943359 , 7.64500
45.90 , 17.5953083038 , 7.65067
45.94 , 17.4866943359 , 7.65633
45.97 , 17.5953083038 , 7.66217
46.01 , 17.7039203643 , 7.66783
46.04 , 17.5953083038 , 7.67367
46.08 , 17.5953083038 , 7.67917
46.11 , 17.5953083038 , 7.68500
46.14 , 17.7039203643 , 7.69067
46.18 , 17.7039203643 , 7.69650
46.21 , 17.7039203643 , 7.70217
46.25 , 17.7039203643 , 7.70783
46.28 , 17.7039203643 , 7.71350
46.32 , 17.7039203643 , 7.71933
46.35 , 17.7039203643 , 7.72500
46.38 , 17.8125343322 , 7.73083
46.42 , 17.7039203643 , 7.73633
46.45 , 17.8125343322 , 7.74217
46.49 , 17.8125343322 , 7.74783
46.52 , 17.8125343322 , 7.75367
46.56 , 17.8125343322 , 7.75933
46.59 , 17.7039203643 , 7.76500
46.63 , 17.9211463928 , 7.77083
46.66 , 17.8125343322 , 7.77650
46.69 , 18.0297584533 , 7.78233
46.73 , 17.9211463928 , 7.78800
46.76 , 17.9211463928 , 7.79383
46.80 , 17.9211463928 , 7.79933
46.83 , 17.9211463928 , 7.80517
46.87 , 18.0297584533 , 7.81083
46.90 , 18.1383724212 , 7.81667
46.93 , 18.1383724212 , 7.82233
46.97 , 18.0297584533 , 7.82800
47.00 , 18.0297584533 , 7.83367
47.04 , 18.1383724212 , 7.83950
47.07 , 18.0297584533 , 7.84517
47.11 , 18.1383724212 , 7.85100
47.14 , 18.1383724212 , 7.85650
47.17 , 18.1383724212 , 7.86233
47.21 , 18.1383724212 , 7.86800
47.24 , 18.1383724212 , 7.87383
47.28 , 18.1383724212 , 7.87950
47.31 , 18.1383724212 , 7.88517
47.35 , 18.1383724212 , 7.89083
47.38 , 18.1383724212 , 7.89667
47.41 , 18.1383724212 , 7.90233
47.45 , 18.2469844818 , 7.90817
47.48 , 18.2469844818 , 7.91367
47.52 , 18.3555984497 , 7.91950
47.55 , 18.2469844818 , 7.92517
47.59 , 18.3555984497 , 7.93100
47.62 , 18.3555984497 , 7.93667
47.65 , 18.3555984497 , 7.94233
47.69 , 18.3555984497 , 7.94800
47.72 , 18.4642105102 , 7.95383
47.76 , 18.4642105102 , 7.95967
47.79 , 18.4642105102 , 7.96533
47.83 , 18.4642105102 , 7.97100
47.86 , 18.4642105102 , 7.97667
47.90 , 18.4642105102 , 7.98250
47.93 , 18.4642105102 , 7.98817
47.96 , 18.4642105102 , 7.99400
48.00 , 18.4642105102 , 7.99950
48.03 , 18.5728244781 , 8.00533
48.07 , 18.5728244781 , 8.01100
48.10 , 18.5728244781 , 8.01683
48.13 , 18.6814365386 , 8.02250
48.17 , 18.5728244781 , 8.02817
48.20 , 18.6814365386 , 8.03383
48.24 , 18.6814365386 , 8.03967
48.27 , 18.6814365386 , 8.04533
48.31 , 18.7900505065 , 8.05117
48.34 , 18.6814365386 , 8.05667
48.38 , 18.6814365386 , 8.06250
48.41 , 18.7900505065 , 8.06817
48.44 , 18.7900505065 , 8.07400
48.48 , 18.7900505065 , 8.07967
48.51 , 18.7900505065 , 8.08550
48.55 , 18.7900505065 , 8.09100
48.58 , 18.8986625671 , 8.09683
48.62 , 18.8986625671 , 8.10250
48.65 , 18.8986625671 , 8.10833
48.68 , 18.8986625671 , 8.11400
48.72 , 18.8986625671 , 8.11967
48.75 , 18.8986625671 , 8.12533
48.79 , 18.8986625671 , 8.13117
48.82 , 18.8986625671 , 8.13700
48.86 , 18.8986625671 , 8.14267
48.89 , 19.0072746276 , 8.14833
48.92 , 19.0072746276 , 8.15400
48.96 , 19.0072746276 , 8.15983
48.99 , 19.0072746276 , 8.16550
49.03 , 19.0072746276 , 8.17133
49.06 , 19.0072746276 , 8.17683
49.10 , 19.0072746276 , 8.18267
49.13 , 19.0072746276 , 8.18833
49.17 , 19.1158885955 , 8.19417
49.20 , 19.0072746276 , 8.19983
49.23 , 19.0072746276 , 8.20550
49.27 , 19.1158885955 , 8.21117
49.30 , 19.1158885955 , 8.21700
49.34 , 19.2245044708 , 8.22267
49.37 , 19.1158885955 , 8.22850
49.40 , 19.2245044708 , 8.23400
49.44 , 19.2245044708 , 8.23983
49.47 , 19.1158885955 , 8.24550
49.51 , 19.2245044708 , 8.25133
49.54 , 19.2245044708 , 8.25700
49.58 , 19.2245044708 , 8.26267
49.61 , 19.2245044708 , 8.26833
49.65 , 19.2245044708 , 8.27417
49.68 , 19.3331165313 , 8.27983
49.71 , 19.2245044708 , 8.28567
49.75 , 19.3331165313 , 8.29117
49.78 , 19.3331165313 , 8.29700
49.82 , 19.3331165313 , 8.30267
49.85 , 19.4417304992 , 8.30850
49.88 , 19.3331165313 , 8.31417
49.92 , 19.4417304992 , 8.32000
49.95 , 19.4417304992 , 8.32567
49.99 , 19.4417304992 , 8.33133
50.02 , 19.4417304992 , 8.33717
50.06 , 19.4417304992 , 8.34283
50.09 , 19.5503425598 , 8.34867
50.13 , 19.5503425598 , 8.35417
50.16 , 19.5503425598 , 8.36000
50.19 , 19.5503425598 , 8.36567
50.23 , 19.5503425598 , 8.37150
50.26 , 19.5503425598 , 8.37717
50.30 , 19.6589546203 , 8.38283
50.33 , 19.6589546203 , 8.38850
50.37 , 19.6589546203 , 8.39433
50.40 , 19.6589546203 , 8.40000
50.44 , 19.6589546203 , 8.40583
50.47 , 19.6589546203 , 8.41133
50.50 , 19.7675685882 , 8.41717
50.54 , 19.7675685882 , 8.42283
50.57 , 19.7675685882 , 8.42867
50.61 , 19.7675685882 , 8.43433
50.64 , 19.7675685882 , 8.44000
50.67 , 19.7675685882 , 8.44567
50.71 , 19.7675685882 , 8.45150
50.74 , 19.8761806488 , 8.45717
50.78 , 19.8761806488 , 8.46300
50.81 , 19.8761806488 , 8.46850
50.85 , 19.7675685882 , 8.47433
50.88 , 19.8761806488 , 8.48000
50.92 , 19.9847946166 , 8.48583
50.95 , 19.9847946166 , 8.49150
50.98 , 19.9847946166 , 8.49717
51.02 , 19.9847946166 , 8.50300
51.05 , 19.9847946166 , 8.50867
51.09 , 19.9847946166 , 8.51450
51.12 , 19.8761806488 , 8.52017
51.15 , 20.0934066772 , 8.52583
51.19 , 19.9847946166 , 8.53150
51.22 , 20.0934066772 , 8.53733
51.26 , 20.0934066772 , 8.54300
51.29 , 19.9847946166 , 8.54883
51.33 , 20.0934066772 , 8.55433
51.36 , 20.0934066772 , 8.56017
51.40 , 20.0934066772 , 8.56583
51.43 , 20.2020206451 , 8.57167
51.46 , 20.0934066772 , 8.57733
51.50 , 20.2020206451 , 8.58317
51.53 , 20.2020206451 , 8.58867
51.57 , 20.0934066772 , 8.59450
51.60 , 20.2020206451 , 8.60017
51.64 , 20.2020206451 , 8.60600
51.67 , 20.0934066772 , 8.61167
51.70 , 20.2020206451 , 8.61733
51.74 , 20.3106327056 , 8.62300
51.77 , 20.2020206451 , 8.62883
51.81 , 20.3106327056 , 8.63450
51.84 , 20.3106327056 , 8.64033
51.88 , 20.3106327056 , 8.64583
51.91 , 20.3106327056 , 8.65167
51.94 , 20.4192466735 , 8.65733
51.98 , 20.4192466735 , 8.66317
52.01 , 20.3106327056 , 8.66883
52.05 , 20.4192466735 , 8.67450
52.08 , 20.4192466735 , 8.68017
52.12 , 20.4192466735 , 8.68600
52.15 , 20.4192466735 , 8.69183
52.19 , 20.5278587341 , 8.69750
52.22 , 20.4192466735 , 8.70317
52.25 , 20.4192466735 , 8.70883
52.29 , 20.5278587341 , 8.71467
52.32 , 20.5278587341 , 8.72033
52.36 , 20.5278587341 , 8.72617
52.39 , 20.5278587341 , 8.73167
52.43 , 20.5278587341 , 8.73750
52.46 , 20.4192466735 , 8.74317
52.49 , 20.5278587341 , 8.74900
52.53 , 20.5278587341 , 8.75467
52.56 , 20.6364707946 , 8.76033
52.60 , 20.6364707946 , 8.76600
52.63 , 20.7450847625 , 8.77183
52.67 , 20.6364707946 , 8.77750
52.70 , 20.7450847625 , 8.78333
52.73 , 20.7450847625 , 8.78883
52.77 , 20.7450847625 , 8.79467
52.80 , 20.7450847625 , 8.80033
52.84 , 20.8536968231 , 8.80617
52.87 , 20.9623107910 , 8.81183
52.90 , 20.7450847625 , 8.81750
52.94 , 20.9623107910 , 8.82317
52.97 , 20.8536968231 , 8.82900
53.01 , 20.8536968231 , 8.83467
53.04 , 20.9623107910 , 8.84050
53.08 , 20.8536968231 , 8.84600
53.11 , 20.8536968231 , 8.85183
53.15 , 20.8536968231 , 8.85750
53.18 , 20.9623107910 , 8.86333
53.22 , 21.0709228515 , 8.86917
53.25 , 21.0709228515 , 8.87483
53.28 , 21.0709228515 , 8.88050
53.32 , 21.0709228515 , 8.88617
53.35 , 20.9623107910 , 8.89200
53.39 , 21.0709228515 , 8.89767
53.42 , 21.0709228515 , 8.90350
53.45 , 21.0709228515 , 8.90900
53.49 , 21.0709228515 , 8.91483
53.52 , 21.0709228515 , 8.92050
53.56 , 21.0709228515 , 8.92633
53.59 , 21.0709228515 , 8.93200
53.63 , 21.0709228515 , 8.93767
53.66 , 21.1795368194 , 8.94333
53.70 , 21.2881488800 , 8.94917
53.73 , 21.1795368194 , 8.95483
53.76 , 21.2881488800 , 8.96067
53.80 , 21.2881488800 , 8.96617
53.83 , 21.2881488800 , 8.97200
53.87 , 21.1795368194 , 8.97767
53.90 , 21.1795368194 , 8.98350
53.94 , 21.2881488800 , 8.98917
53.97 , 21.2881488800 , 8.99483
54.00 , 21.2881488800 , 9.00050
54.04 , 21.2881488800 , 9.00633
54.07 , 21.3967628479 , 9.01200
54.11 , 21.2881488800 , 9.01783
54.14 , 21.3967628479 , 9.02333
54.18 , 21.3967628479 , 9.02917
54.21 , 21.3967628479 , 9.03483
54.24 , 21.5053749084 , 9.04067
54.28 , 21.5053749084 , 9.04633
54.31 , 21.5053749084 , 9.05200
54.35 , 21.5053749084 , 9.05783
54.38 , 21.6139869689 , 9.06350
54.42 , 21.5053749084 , 9.06933
54.45 , 21.6139869689 , 9.07500
54.48 , 21.5053749084 , 9.08067
54.52 , 21.6139869689 , 9.08633
54.55 , 21.6139869689 , 9.09217
54.59 , 21.6139869689 , 9.09783
54.62 , 21.6139869689 , 9.10367
54.66 , 21.6139869689 , 9.10933
54.69 , 21.7226009368 , 9.11500
54.72 , 21.6139869689 , 9.12067
54.76 , 21.7226009368 , 9.12650
54.79 , 21.6139869689 , 9.13217
54.83 , 21.7226009368 , 9.13800
54.86 , 21.8312129974 , 9.14350
54.90 , 21.7226009368 , 9.14933
54.93 , 21.8312129974 , 9.15500
54.97 , 21.8312129974 , 9.16083
55.00 , 21.8312129974 , 9.16650
55.03 , 21.9398288726 , 9.17217
55.07 , 21.8312129974 , 9.17783
55.10 , 21.9398288726 , 9.18367
55.14 , 21.9398288726 , 9.18933
55.17 , 22.0484428405 , 9.19517
55.20 , 21.9398288726 , 9.20067
55.24 , 21.9398288726 , 9.20650
55.27 , 21.9398288726 , 9.21217
55.31 , 22.0484428405 , 9.21800
55.34 , 21.9398288726 , 9.22367
55.38 , 22.0484428405 , 9.22933
55.41 , 22.0484428405 , 9.23517
55.45 , 22.0484428405 , 9.24083
55.48 , 22.0484428405 , 9.24667
55.51 , 22.1570549011 , 9.25233
55.55 , 22.1570549011 , 9.25800
55.58 , 22.0484428405 , 9.26367
55.62 , 22.0484428405 , 9.26950
55.65 , 22.1570549011 , 9.27517
55.69 , 22.1570549011 , 9.28100
55.72 , 22.1570549011 , 9.28650
55.75 , 22.2656669616 , 9.29233
55.79 , 22.2656669616 , 9.29800
55.82 , 22.2656669616 , 9.30383
55.86 , 22.1570549011 , 9.30950
55.89 , 22.2656669616 , 9.31517
55.93 , 22.2656669616 , 9.32083
55.96 , 22.2656669616 , 9.32667
55.99 , 22.2656669616 , 9.33233
56.03 , 22.2656669616 , 9.33817
56.06 , 22.2656669616 , 9.34367
56.10 , 22.3742790222 , 9.34950
56.13 , 22.3742790222 , 9.35517
56.17 , 22.2656669616 , 9.36100
56.20 , 22.2656669616 , 9.36667
56.24 , 22.3742790222 , 9.37250
56.27 , 22.3742790222 , 9.37800
56.30 , 22.3742790222 , 9.38383
56.34 , 22.3742790222 , 9.38950
56.37 , 22.3742790222 , 9.39533
56.41 , 22.4828929901 , 9.40100
56.44 , 22.4828929901 , 9.40667
56.47 , 22.4828929901 , 9.41233
56.51 , 22.5915050506 , 9.41817
56.54 , 22.4828929901 , 9.42400
56.58 , 22.5915050506 , 9.42967
56.61 , 22.5915050506 , 9.43533
56.65 , 22.7001190185 , 9.44100
56.68 , 22.7001190185 , 9.44683
56.72 , 22.7001190185 , 9.45250
56.75 , 22.5915050506 , 9.45833
56.78 , 22.7001190185 , 9.46383
56.82 , 22.5915050506 , 9.46967
56.85 , 22.7001190185 , 9.47533
56.89 , 22.7001190185 , 9.48117
56.92 , 22.8087310791 , 9.48683
56.96 , 22.8087310791 , 9.49250
56.99 , 22.8087310791 , 9.49817
57.02 , 22.8087310791 , 9.50400
57.06 , 22.8087310791 , 9.50967
57.09 , 22.8087310791 , 9.51550
57.13 , 22.8087310791 , 9.52100
57.16 , 23.0259571075 , 9.52683
57.20 , 22.9173431396 , 9.53250
57.23 , 22.9173431396 , 9.53833
57.26 , 23.0259571075 , 9.54400
57.30 , 23.0259571075 , 9.54967
57.33 , 23.0259571075 , 9.55533
57.37 , 23.0259571075 , 9.56117
57.40 , 23.1345691680 , 9.56683
57.44 , 23.0259571075 , 9.57267
57.47 , 23.1345691680 , 9.57817
57.50 , 23.1345691680 , 9.58400
57.54 , 23.1345691680 , 9.58967
57.57 , 23.2431831359 , 9.59550
57.61 , 23.1345691680 , 9.60133
57.64 , 23.1345691680 , 9.60683
57.68 , 23.1345691680 , 9.61267
57.71 , 23.1345691680 , 9.61833
57.75 , 23.2431831359 , 9.62417
57.78 , 23.1345691680 , 9.62983
57.81 , 23.2431831359 , 9.63567
57.85 , 23.2431831359 , 9.64117
57.88 , 23.2431831359 , 9.64700
57.92 , 23.3517951965 , 9.65267
57.95 , 23.3517951965 , 9.65850
57.99 , 23.3517951965 , 9.66417
58.02 , 23.3517951965 , 9.66983
58.05 , 23.3517951965 , 9.67550
58.09 , 23.3517951965 , 9.68133
58.12 , 23.4604091644 , 9.68700
58.16 , 23.4604091644 , 9.69283
58.19 , 23.5690212249 , 9.69833
58.22 , 23.5690212249 , 9.70417
58.26 , 23.4604091644 , 9.70983
58.29 , 23.3517951965 , 9.71567
58.33 , 23.4604091644 , 9.72133
58.36 , 23.5690212249 , 9.72700
58.40 , 23.5690212249 , 9.73267
58.43 , 23.4604091644 , 9.73850
58.47 , 23.5690212249 , 9.74417
58.50 , 23.5690212249 , 9.75000
58.53 , 23.5690212249 , 9.75550
58.57 , 23.5690212249 , 9.76133
58.60 , 23.5690212249 , 9.76700
58.64 , 23.5690212249 , 9.77283
58.67 , 23.6776351928 , 9.77850
58.71 , 23.6776351928 , 9.78417
58.74 , 23.6776351928 , 9.79000
58.77 , 23.7862472534 , 9.79567
58.81 , 23.6776351928 , 9.80150
58.84 , 23.7862472534 , 9.80717
58.88 , 23.7862472534 , 9.81283
58.91 , 23.7862472534 , 9.81850
58.95 , 23.6776351928 , 9.82433
58.98 , 23.7862472534 , 9.83000
59.02 , 23.8948593139 , 9.83583
59.05 , 23.7862472534 , 9.84133
59.08 , 23.7862472534 , 9.84717
59.12 , 23.8948593139 , 9.85283
59.15 , 23.8948593139 , 9.85867
59.19 , 23.8948593139 , 9.86433
59.22 , 24.1120853424 , 9.87000
59.25 , 23.8948593139 , 9.87567
59.29 , 23.8948593139 , 9.88150
59.32 , 24.0034732818 , 9.88717
59.36 , 24.0034732818 , 9.89300
59.39 , 24.1120853424 , 9.89867
59.43 , 24.1120853424 , 9.90433
59.46 , 24.1120853424 , 9.91000
59.50 , 24.1120853424 , 9.91583
59.53 , 24.1120853424 , 9.92150
59.56 , 24.2206993103 , 9.92733
59.60 , 24.1120853424 , 9.93283
59.63 , 24.1120853424 , 9.93867
59.67 , 24.2206993103 , 9.94433
59.70 , 24.2206993103 , 9.95017
59.74 , 24.2206993103 , 9.95583
59.77 , 24.2206993103 , 9.96150
59.80 , 24.3293113708 , 9.96733
59.84 , 24.3293113708 , 9.97300
59.87 , 24.2206993103 , 9.97883
59.91 , 24.3293113708 , 9.98450
59.94 , 24.2206993103 , 9.99017
59.97 , 24.3293113708 , 9.99583
60.01 , 24.3293113708 , 10.00167
60.04 , 24.4379253387 , 10.00750
60.08 , 24.5465373992 , 10.01350
60.12 , 24.4379253387 , 10.01917
60.15 , 24.4379253387 , 10.02517
60.19 , 24.4379253387 , 10.03100
60.22 , 24.4379253387 , 10.03700
60.26 , 24.5465373992 , 10.04283
60.29 , 24.4379253387 , 10.04883
60.33 , 24.5465373992 , 10.05450
60.36 , 24.4379253387 , 10.06050
60.40 , 24.5465373992 , 10.06633
60.43 , 24.5465373992 , 10.07233
60.47 , 24.5465373992 , 10.07833
60.51 , 24.5465373992 , 10.08417
60.54 , 24.6551494598 , 10.09000
60.58 , 24.6551494598 , 10.09583
60.61 , 24.6551494598 , 10.10183
60.65 , 24.6551494598 , 10.10767
60.68 , 24.5465373992 , 10.11367
60.72 , 24.6551494598 , 10.11950
60.75 , 24.7637691497 , 10.12533
60.79 , 24.6551494598 , 10.13117
60.82 , 24.7637691497 , 10.13717
60.86 , 24.7637691497 , 10.14300
60.89 , 24.7637691497 , 10.14900
60.93 , 24.7637691497 , 10.15483
60.96 , 24.7637691497 , 10.16067
61.00 , 24.8723812103 , 10.16650
61.04 , 24.8723812103 , 10.17250
61.07 , 24.8723812103 , 10.17850
61.11 , 24.8723812103 , 10.18433
61.14 , 24.8723812103 , 10.19033
61.18 , 24.9809951782 , 10.19600
61.21 , 24.8723812103 , 10.20200
61.25 , 24.9809951782 , 10.20783
61.28 , 24.9809951782 , 10.21383
61.32 , 24.9809951782 , 10.21967
61.35 , 24.9809951782 , 10.22550
61.39 , 24.9809951782 , 10.23133
61.42 , 24.9809951782 , 10.23733
61.46 , 25.0896072387 , 10.24317
61.50 , 25.0896072387 , 10.24917
61.53 , 25.0896072387 , 10.25500
61.56 , 24.9809951782 , 10.26083
61.60 , 25.0896072387 , 10.26683
61.64 , 25.0896072387 , 10.27267
61.67 , 25.1982192993 , 10.27867
61.71 , 25.0896072387 , 10.28450
61.74 , 25.1982192993 , 10.29050
61.78 , 25.1982192993 , 10.29617
61.81 , 25.1982192993 , 10.30217
61.85 , 25.1982192993 , 10.30800
61.88 , 25.3068332672 , 10.31400
61.92 , 25.3068332672 , 10.31983
61.96 , 25.3068332672 , 10.32583
61.99 , 25.3068332672 , 10.33150
62.03 , 25.3068332672 , 10.33750
62.06 , 25.3068332672 , 10.34333
62.10 , 25.3068332672 , 10.34933
62.13 , 25.4154453277 , 10.35517
62.17 , 25.4154453277 , 10.36117
62.20 , 25.4154453277 , 10.36700
62.24 , 25.4154453277 , 10.37283
62.27 , 25.5240592956 , 10.37883
62.31 , 25.5240592956 , 10.38467
62.34 , 25.5240592956 , 10.39067
62.38 , 25.5240592956 , 10.39650
62.41 , 25.6326713562 , 10.40233
62.45 , 25.5240592956 , 10.40817
62.49 , 25.6326713562 , 10.41417
62.52 , 25.6326713562 , 10.42000
62.56 , 25.6326713562 , 10.42600
62.59 , 25.6326713562 , 10.43167
62.63 , 25.7412853240 , 10.43767
62.66 , 25.6326713562 , 10.44350
62.70 , 25.6326713562 , 10.44950
62.73 , 25.7412853240 , 10.45550
62.77 , 25.7412853240 , 10.46133
62.80 , 25.7412853240 , 10.46717
62.84 , 25.8498973846 , 10.47300
62.87 , 25.8498973846 , 10.47900
62.91 , 25.8498973846 , 10.48483
62.95 , 25.8498973846 , 10.49083
62.98 , 25.8498973846 , 10.49667
63.02 , 25.8498973846 , 10.50250
63.05 , 25.8498973846 , 10.50833
63.09 , 25.8498973846 , 10.51433
63.12 , 25.8498973846 , 10.52017
63.16 , 25.8498973846 , 10.52617
63.19 , 25.8498973846 , 10.53200
63.23 , 25.8498973846 , 10.53783
63.26 , 25.9585113525 , 10.54367
63.30 , 25.9585113525 , 10.54967
63.33 , 25.9585113525 , 10.55567
63.37 , 25.9585113525 , 10.56150
63.40 , 25.9585113525 , 10.56750
63.44 , 25.9585113525 , 10.57317
63.47 , 26.0671234130 , 10.57917
63.51 , 26.0671234130 , 10.58500
63.55 , 26.0671234130 , 10.59100
63.58 , 26.0671234130 , 10.59683
63.62 , 26.1757354736 , 10.60283
63.65 , 26.1757354736 , 10.60850
63.69 , 26.1757354736 , 10.61450
63.72 , 26.1757354736 , 10.62033
63.76 , 26.2843494415 , 10.62633
63.79 , 26.1757354736 , 10.63217
63.83 , 26.1757354736 , 10.63800
63.86 , 26.2843494415 , 10.64400
63.90 , 26.1757354736 , 10.64983
63.94 , 26.2843494415 , 10.65583
63.97 , 26.2843494415 , 10.66167
64.01 , 26.2843494415 , 10.66767
64.04 , 26.2843494415 , 10.67333
64.08 , 26.2843494415 , 10.67933
64.11 , 26.2843494415 , 10.68517
64.15 , 26.3929615020 , 10.69117
64.18 , 26.3929615020 , 10.69700
64.22 , 26.2843494415 , 10.70300
64.25 , 26.3929615020 , 10.70867
64.29 , 26.3929615020 , 10.71467
64.32 , 26.5015754699 , 10.72050
64.36 , 26.5015754699 , 10.72650
64.39 , 26.5015754699 , 10.73233
64.43 , 26.5015754699 , 10.73833
64.46 , 26.5015754699 , 10.74417
64.50 , 26.5015754699 , 10.75000
64.54 , 26.6101875305 , 10.75600
64.57 , 26.6101875305 , 10.76183
64.61 , 26.6101875305 , 10.76783
64.64 , 26.6101875305 , 10.77367
64.68 , 26.7188014984 , 10.77950
64.71 , 26.7188014984 , 10.78533
64.75 , 26.7188014984 , 10.79133
64.78 , 26.6101875305 , 10.79717
64.82 , 26.7188014984 , 10.80317
64.85 , 26.7188014984 , 10.80900
64.89 , 26.7188014984 , 10.81483
64.92 , 26.8274135589 , 10.82067
64.96 , 26.7188014984 , 10.82667
65.00 , 26.8274135589 , 10.83267
65.03 , 26.8274135589 , 10.83850
65.07 , 26.8274135589 , 10.84450
65.10 , 26.8274135589 , 10.85017
65.14 , 26.8274135589 , 10.85617
65.17 , 26.9360275268 , 10.86200
65.21 , 26.9360275268 , 10.86800
65.24 , 27.0446395874 , 10.87383
65.28 , 27.0446395874 , 10.87967
65.31 , 27.0446395874 , 10.88550
65.35 , 26.9360275268 , 10.89150
65.38 , 26.9360275268 , 10.89733
65.42 , 27.0446395874 , 10.90333
65.45 , 27.0446395874 , 10.90917
65.49 , 27.0446395874 , 10.91500
65.52 , 27.1532516479 , 10.92083
65.56 , 27.0446395874 , 10.92683
65.60 , 27.1532516479 , 10.93283
65.63 , 27.0446395874 , 10.93867
65.67 , 27.1532516479 , 10.94467
65.70 , 27.1532516479 , 10.95033
65.74 , 27.1532516479 , 10.95633
65.77 , 27.2618656158 , 10.96217
65.81 , 27.2618656158 , 10.96817
65.84 , 27.2618656158 , 10.97400
65.88 , 27.1532516479 , 10.98000
65.91 , 27.2618656158 , 10.98567
65.95 , 27.2618656158 , 10.99167
65.98 , 27.2618656158 , 10.99750
66.02 , 27.3704776763 , 11.00350
66.06 , 27.2618656158 , 11.00933
66.09 , 27.3704776763 , 11.01533
66.13 , 27.3704776763 , 11.02117
66.16 , 27.4790916442 , 11.02700
66.20 , 27.3704776763 , 11.03300
66.23 , 27.3704776763 , 11.03883
66.27 , 27.4790916442 , 11.04483
66.30 , 27.4790916442 , 11.05067
66.34 , 27.4790916442 , 11.05650
66.37 , 27.4790916442 , 11.06233
66.41 , 27.5877037048 , 11.06833
66.44 , 27.5877037048 , 11.07417
66.48 , 27.5877037048 , 11.08017
66.51 , 27.5877037048 , 11.08583
66.55 , 27.5877037048 , 11.09183
66.59 , 27.5877037048 , 11.09767
66.62 , 27.5877037048 , 11.10367
66.66 , 27.5877037048 , 11.10950
66.69 , 27.5877037048 , 11.11550
66.73 , 27.6963176727 , 11.12133
66.76 , 27.5877037048 , 11.12717
66.80 , 27.5877037048 , 11.13317
66.83 , 27.6963176727 , 11.13900
66.87 , 27.8049297332 , 11.14500
66.90 , 27.8049297332 , 11.15083
66.94 , 27.6963176727 , 11.15667
66.97 , 27.8049297332 , 11.16250
67.01 , 27.6963176727 , 11.16850
67.05 , 27.8049297332 , 11.17433
67.08 , 27.9135437011 , 11.18033
67.12 , 27.8049297332 , 11.18617
67.15 , 27.9135437011 , 11.19200
67.19 , 27.9135437011 , 11.19783
67.22 , 27.9135437011 , 11.20383
67.26 , 27.9135437011 , 11.20983
67.29 , 27.9135437011 , 11.21567
67.33 , 27.9135437011 , 11.22167
67.36 , 28.0221557617 , 11.22733
67.40 , 28.1307678222 , 11.23333
67.43 , 28.0221557617 , 11.23917
67.47 , 28.1307678222 , 11.24517
67.51 , 28.0221557617 , 11.25100
67.54 , 28.1307678222 , 11.25700
67.58 , 28.1307678222 , 11.26267
67.61 , 28.1307678222 , 11.26867
67.65 , 28.1307678222 , 11.27450
67.68 , 28.1307678222 , 11.28050
67.72 , 28.1307678222 , 11.28633
67.75 , 28.1307678222 , 11.29217
67.79 , 28.2393817901 , 11.29800
67.82 , 28.1307678222 , 11.30400
67.86 , 28.2393817901 , 11.31000
67.89 , 28.2393817901 , 11.31583
67.93 , 28.2393817901 , 11.32183
67.96 , 28.2393817901 , 11.32750
68.00 , 28.2393817901 , 11.33350
68.04 , 28.3479938507 , 11.33933
68.07 , 28.2393817901 , 11.34533
68.11 , 28.3479938507 , 11.35117
68.14 , 28.3479938507 , 11.35717
68.18 , 28.3479938507 , 11.36283
68.21 , 28.4566078186 , 11.36883
68.25 , 28.4566078186 , 11.37467
68.28 , 28.4566078186 , 11.38067
68.32 , 28.4566078186 , 11.38650
68.36 , 28.4566078186 , 11.39250
68.39 , 28.4566078186 , 11.39833
68.43 , 28.5652198791 , 11.40417
68.46 , 28.4566078186 , 11.41017
68.50 , 28.5652198791 , 11.41600
68.53 , 28.5652198791 , 11.42200
68.57 , 28.5652198791 , 11.42783
68.60 , 28.5652198791 , 11.43367
68.64 , 28.5652198791 , 11.43950
68.67 , 28.5652198791 , 11.44550
68.71 , 28.6738338470 , 11.45133
68.74 , 28.6738338470 , 11.45733
68.78 , 28.6738338470 , 11.46317
68.81 , 28.6738338470 , 11.46900
68.85 , 28.6738338470 , 11.47483
68.88 , 28.7824459075 , 11.48083
68.92 , 28.7824459075 , 11.48667
68.96 , 28.7824459075 , 11.49267
68.99 , 28.7824459075 , 11.49867
69.03 , 28.8910598754 , 11.50433
69.06 , 28.8910598754 , 11.51033
69.10 , 28.8910598754 , 11.51617
69.13 , 28.7824459075 , 11.52217
69.17 , 28.8910598754 , 11.52800
69.20 , 28.8910598754 , 11.53383
69.24 , 28.8910598754 , 11.53967
69.27 , 28.8910598754 , 11.54567
69.31 , 28.8910598754 , 11.55150
69.34 , 28.9996719360 , 11.55750
69.38 , 28.9996719360 , 11.56333
69.41 , 29.1082839965 , 11.56917
69.45 , 28.9996719360 , 11.57500
69.49 , 28.9996719360 , 11.58100
69.52 , 29.1082839965 , 11.58700
69.56 , 29.1082839965 , 11.59283
69.59 , 29.1082839965 , 11.59883
69.63 , 29.1082839965 , 11.60450
69.66 , 29.2168979644 , 11.61050
69.70 , 29.2168979644 , 11.61633
69.73 , 29.2168979644 , 11.62233
69.77 , 29.3255100250 , 11.62817
69.80 , 29.2168979644 , 11.63417
69.84 , 29.2168979644 , 11.63983
69.87 , 29.3255100250 , 11.64583
69.91 , 29.3255100250 , 11.65167
69.95 , 29.3255100250 , 11.65767
69.98 , 29.3255100250 , 11.66350
70.02 , 29.3255100250 , 11.66950
70.05 , 29.3255100250 , 11.67517
70.09 , 29.4341239929 , 11.68117
70.12 , 29.4341239929 , 11.68717
70.16 , 29.3255100250 , 11.69300
70.19 , 29.4341239929 , 11.69900
70.23 , 29.5427360534 , 11.70467
70.26 , 29.4341239929 , 11.71067
70.30 , 29.4341239929 , 11.71650
70.33 , 29.4341239929 , 11.72250
70.37 , 29.4341239929 , 11.72833
70.41 , 29.4341239929 , 11.73433
70.44 , 29.5427360534 , 11.74000
70.48 , 29.5427360534 , 11.74600
70.51 , 29.5427360534 , 11.75183
70.55 , 29.5427360534 , 11.75783
70.58 , 29.5427360534 , 11.76367
70.62 , 29.5427360534 , 11.76967
70.65 , 29.6513500213 , 11.77550
70.69 , 29.5427360534 , 11.78133
70.72 , 29.6513500213 , 11.78733
70.76 , 29.6513500213 , 11.79317
70.79 , 29.6513500213 , 11.79917
70.83 , 29.6513500213 , 11.80500
70.86 , 29.6513500213 , 11.81083
70.90 , 29.7599620819 , 11.81667
70.94 , 29.7599620819 , 11.82267
70.97 , 29.7599620819 , 11.82850
71.01 , 29.8685741424 , 11.83450
71.04 , 29.7599620819 , 11.84033
71.08 , 29.7599620819 , 11.84617
71.11 , 29.7599620819 , 11.85200
71.15 , 29.8685741424 , 11.85800
71.18 , 29.8685741424 , 11.86383
71.22 , 29.8685741424 , 11.86983
71.25 , 29.8685741424 , 11.87583
71.29 , 29.9771881103 , 11.88150
71.32 , 29.9771881103 , 11.88750
71.36 , 29.9771881103 , 11.89333
71.40 , 29.9771881103 , 11.89933
71.43 , 29.9771881103 , 11.90517
71.47 , 29.9771881103 , 11.91117
71.50 , 29.9771881103 , 11.91683
71.54 , 30.0858001708 , 11.92283
71.57 , 30.0858001708 , 11.92867
71.61 , 30.1944141387 , 11.93467
71.64 , 30.0858001708 , 11.94050
71.68 , 30.0858001708 , 11.94633
71.71 , 30.1944141387 , 11.95217
71.75 , 30.1944141387 , 11.95817
71.79 , 30.1944141387 , 11.96417
71.82 , 30.1944141387 , 11.97000
71.86 , 30.1944141387 , 11.97600
71.89 , 30.1944141387 , 11.98167
71.93 , 30.3030261993 , 11.98767
71.96 , 30.3030261993 , 11.99350
72.00 , 30.1944141387 , 11.99950
72.03 , 30.3030261993 , 12.00533
72.07 , 30.4116401672 , 12.01133
72.10 , 30.4116401672 , 12.01700
72.14 , 30.4116401672 , 12.02300
72.17 , 30.4116401672 , 12.02883
72.21 , 30.3030261993 , 12.03483
72.24 , 30.5202522277 , 12.04067
72.28 , 30.5202522277 , 12.04667
72.31 , 30.5202522277 , 12.05233
72.35 , 30.5202522277 , 12.05833
72.39 , 30.4116401672 , 12.06433
72.42 , 30.5202522277 , 12.07017
72.46 , 30.5202522277 , 12.07617
72.49 , 30.5202522277 , 12.08200
72.53 , 30.5202522277 , 12.08783
72.56 , 30.5202522277 , 12.09367
72.60 , 30.6288661956 , 12.09967
72.63 , 30.6288661956 , 12.10550
72.67 , 30.6288661956 , 12.11150
72.70 , 30.6288661956 , 12.11733
72.74 , 30.6288661956 , 12.12317
72.77 , 30.7374782562 , 12.12900
72.81 , 30.6288661956 , 12.13500
72.84 , 30.7374782562 , 12.14083
72.88 , 30.6288661956 , 12.14683
72.92 , 30.7374782562 , 12.15267
72.95 , 30.7374782562 , 12.15850
72.99 , 30.7374782562 , 12.16450
73.02 , 30.7374782562 , 12.17033
73.06 , 30.8460903167 , 12.17633
73.09 , 30.8460903167 , 12.18217
73.13 , 30.9547042846 , 12.18800
73.16 , 30.8460903167 , 12.19383
73.20 , 30.8460903167 , 12.19983
73.23 , 30.9547042846 , 12.20567
73.27 , 30.8460903167 , 12.21167
73.30 , 30.9547042846 , 12.21750
73.34 , 30.9547042846 , 12.22333
73.37 , 30.9547042846 , 12.22917
73.41 , 30.9547042846 , 12.23517
73.45 , 30.9547042846 , 12.24100
73.48 , 30.9547042846 , 12.24700
73.52 , 31.0633163452 , 12.25300
73.55 , 31.0633163452 , 12.25867
73.59 , 31.0633163452 , 12.26467
73.62 , 31.1719303131 , 12.27050
73.66 , 31.1719303131 , 12.27650
73.69 , 31.2805423736 , 12.28233
73.73 , 31.1719303131 , 12.28833
73.76 , 31.1719303131 , 12.29400
73.80 , 31.1719303131 , 12.30000
73.83 , 31.1719303131 , 12.30583
73.87 , 31.1719303131 , 12.31183
73.91 , 31.2805423736 , 12.31767
73.94 , 31.2805423736 , 12.32367
73.98 , 31.2805423736 , 12.32933
74.01 , 31.2805423736 , 12.33533
74.05 , 31.2805423736 , 12.34133
74.08 , 31.2805423736 , 12.34717
74.12 , 31.2805423736 , 12.35317
74.15 , 31.2805423736 , 12.35883
74.19 , 31.3891563415 , 12.36483
74.22 , 31.3891563415 , 12.37067
74.26 , 31.3891563415 , 12.37667
74.29 , 31.3891563415 , 12.38250
74.33 , 31.4977684020 , 12.38850
74.36 , 31.4977684020 , 12.39417
74.40 , 31.4977684020 , 12.40017
74.44 , 31.4977684020 , 12.40600
74.47 , 31.4977684020 , 12.41200
74.51 , 31.4977684020 , 12.41783
74.54 , 31.4977684020 , 12.42383
74.58 , 31.4977684020 , 12.42950
74.61 , 31.6063823699 , 12.43550
74.65 , 31.6063823699 , 12.44150
74.68 , 31.6063823699 , 12.44733
74.72 , 31.7150001525 , 12.45333
74.75 , 31.7150001525 , 12.45917
74.79 , 31.6063823699 , 12.46500
74.82 , 31.8236122131 , 12.47083
74.86 , 31.7150001525 , 12.47683
74.90 , 31.7150001525 , 12.48267
74.93 , 31.8236122131 , 12.48867
74.97 , 31.7150001525 , 12.49450
75.00 , 31.7150001525 , 12.50033
75.04 , 31.7150001525 , 12.50617
75.07 , 31.8236122131 , 12.51217
75.11 , 31.7150001525 , 12.51800
75.14 , 31.8236122131 , 12.52400
75.18 , 31.7150001525 , 12.53000
75.21 , 31.7150001525 , 12.53567
75.25 , 31.8236122131 , 12.54167
75.29 , 31.8236122131 , 12.54750
75.32 , 31.9322261810 , 12.55350
75.36 , 31.9322261810 , 12.55933
75.39 , 31.9322261810 , 12.56533
75.43 , 31.9322261810 , 12.57100
75.46 , 31.9322261810 , 12.57700
75.50 , 31.9322261810 , 12.58283
75.53 , 32.0408401489 , 12.58883
75.57 , 31.9322261810 , 12.59467
75.60 , 32.0408401489 , 12.60050
75.64 , 32.0408401489 , 12.60633
75.67 , 32.1494522094 , 12.61233
75.71 , 32.1494522094 , 12.61817
75.75 , 32.1494522094 , 12.62417
75.78 , 32.0408401489 , 12.63017
75.81 , 32.1494522094 , 12.63583
75.85 , 32.0408401489 , 12.64183
75.89 , 32.1494522094 , 12.64767
75.92 , 32.1494522094 , 12.65367
75.96 , 32.0408401489 , 12.65950
75.99 , 32.1494522094 , 12.66550
76.03 , 32.1494522094 , 12.67117
76.06 , 32.2580642700 , 12.67717
76.10 , 32.2580642700 , 12.68300
76.13 , 32.2580642700 , 12.68900
76.17 , 32.2580642700 , 12.69483
76.20 , 32.2580642700 , 12.70083
76.24 , 32.3666763305 , 12.70650
76.27 , 32.2580642700 , 12.71250
76.31 , 32.3666763305 , 12.71850
76.35 , 32.4752883911 , 12.72433
76.38 , 32.3666763305 , 12.73033
76.42 , 32.3666763305 , 12.73617
76.45 , 32.4752883911 , 12.74200
76.49 , 32.5839042663 , 12.74783
76.52 , 32.4752883911 , 12.75383
76.56 , 32.4752883911 , 12.75967
76.59 , 32.4752883911 , 12.76567
76.63 , 32.4752883911 , 12.77133
76.66 , 32.4752883911 , 12.77733
76.70 , 32.5839042663 , 12.78317
76.73 , 32.5839042663 , 12.78917
76.77 , 32.5839042663 , 12.79500
76.81 , 32.6925163269 , 12.80100
76.84 , 32.5839042663 , 12.80667
76.88 , 32.5839042663 , 12.81267
76.91 , 32.6925163269 , 12.81867
76.95 , 32.6925163269 , 12.82450
76.98 , 32.8011283874 , 12.83050
77.02 , 32.6925163269 , 12.83633
77.05 , 32.6925163269 , 12.84217
77.09 , 32.6925163269 , 12.84800
77.12 , 32.6925163269 , 12.85400
77.16 , 32.6925163269 , 12.85983
77.19 , 32.8011283874 , 12.86583
77.23 , 32.8011283874 , 12.87167
77.26 , 32.8011283874 , 12.87750
77.30 , 32.9097404479 , 12.88333
77.34 , 32.8011283874 , 12.88933
77.37 , 32.9097404479 , 12.89517
77.41 , 32.9097404479 , 12.90117
77.44 , 32.9097404479 , 12.90717
77.48 , 32.9097404479 , 12.91283
77.51 , 32.9097404479 , 12.91883
77.55 , 33.0183563232 , 12.92467
77.58 , 33.0183563232 , 12.93067
77.62 , 33.0183563232 , 12.93650
77.65 , 33.0183563232 , 12.94250
77.69 , 33.0183563232 , 12.94817
77.72 , 33.1269683837 , 12.95417
77.76 , 33.0183563232 , 12.96000
77.80 , 33.1269683837 , 12.96600
77.83 , 33.1269683837 , 12.97183
77.87 , 33.1269683837 , 12.97783
77.90 , 33.2355804443 , 12.98350
77.94 , 33.1269683837 , 12.98950
77.97 , 33.1269683837 , 12.99533
78.01 , 33.1269683837 , 13.00133
78.04 , 33.2355804443 , 13.00733
78.08 , 33.2355804443 , 13.01300
78.11 , 33.1269683837 , 13.01900
78.15 , 33.3441925048 , 13.02483
78.18 , 33.2355804443 , 13.03083
78.22 , 33.3441925048 , 13.03667
78.26 , 33.2355804443 , 13.04267
78.29 , 33.3441925048 , 13.04833
78.33 , 33.3441925048 , 13.05433
78.36 , 33.3441925048 , 13.06017
78.40 , 33.3441925048 , 13.06617
78.43 , 33.4528045654 , 13.07200
78.47 , 33.4528045654 , 13.07800
78.50 , 33.4528045654 , 13.08367
78.54 , 33.4528045654 , 13.08967
78.57 , 33.4528045654 , 13.09567
78.61 , 33.4528045654 , 13.10150
78.64 , 33.4528045654 , 13.10750
78.68 , 33.5614204406 , 13.11333
78.71 , 33.5614204406 , 13.11917
78.75 , 33.5614204406 , 13.12500
78.79 , 33.5614204406 , 13.13100
78.82 , 33.5614204406 , 13.13683
78.86 , 33.6700325012 , 13.14283
78.89 , 33.6700325012 , 13.14867
78.93 , 33.7786445617 , 13.15450
78.96 , 33.7786445617 , 13.16033
79.00 , 33.7786445617 , 13.16633
79.03 , 33.7786445617 , 13.17217
79.07 , 33.7786445617 , 13.17817
79.10 , 33.7786445617 , 13.18400
79.14 , 33.7786445617 , 13.18983
79.18 , 33.7786445617 , 13.19583
79.21 , 33.7786445617 , 13.20167
79.25 , 33.8872566223 , 13.20767
79.28 , 33.7786445617 , 13.21350
79.32 , 33.8872566223 , 13.21933
79.35 , 33.8872566223 , 13.22517
79.39 , 33.8872566223 , 13.23117
79.42 , 33.8872566223 , 13.23700
79.46 , 33.9958724975 , 13.24300
79.49 , 33.9958724975 , 13.24883
79.53 , 33.9958724975 , 13.25467
79.56 , 33.9958724975 , 13.26050
79.60 , 34.1044845581 , 13.26650
79.63 , 33.9958724975 , 13.27233
79.67 , 34.1044845581 , 13.27833
79.71 , 34.1044845581 , 13.28433
79.74 , 34.1044845581 , 13.29000
79.78 , 34.1044845581 , 13.29600
79.81 , 34.1044845581 , 13.30183
79.85 , 34.1044845581 , 13.30783
79.88 , 34.2130966186 , 13.31367
79.92 , 34.1044845581 , 13.31967
79.95 , 34.2130966186 , 13.32533
79.99 , 34.2130966186 , 13.33133
80.02 , 34.1044845581 , 13.33717
80.06 , 34.2130966186 , 13.34317
80.09 , 34.2130966186 , 13.34900
80.13 , 34.3217086791 , 13.35500
80.16 , 34.3217086791 , 13.36067
80.20 , 34.3217086791 , 13.36667
80.23 , 34.3217086791 , 13.37250
80.27 , 34.4303207397 , 13.37850
80.31 , 34.3217086791 , 13.38450
80.34 , 34.3217086791 , 13.39033
80.38 , 34.3217086791 , 13.39617
80.41 , 34.3217086791 , 13.40200
80.45 , 34.4303207397 , 13.40800
80.48 , 34.4303207397 , 13.41383
80.52 , 34.4303207397 , 13.41983
80.55 , 34.5389366149 , 13.42550
80.59 , 34.5389366149 , 13.43150
80.62 , 34.4303207397 , 13.43733
80.66 , 34.5389366149 , 13.44333
80.69 , 34.5389366149 , 13.44917
80.73 , 34.5389366149 , 13.45517
80.76 , 34.6475486755 , 13.46083
80.80 , 34.6475486755 , 13.46683
80.84 , 34.6475486755 , 13.47283
80.87 , 34.6475486755 , 13.47867
80.91 , 34.6475486755 , 13.48467
80.94 , 34.6475486755 , 13.49050
80.98 , 34.7561607360 , 13.49633
81.01 , 34.6475486755 , 13.50217
81.05 , 34.7561607360 , 13.50817
81.08 , 34.7561607360 , 13.51400
81.12 , 34.8647727966 , 13.52000
81.15 , 34.7561607360 , 13.52583
81.19 , 34.8647727966 , 13.53167
81.22 , 34.8647727966 , 13.53750
81.26 , 34.8647727966 , 13.54350
81.30 , 34.8647727966 , 13.54933
81.33 , 34.8647727966 , 13.55533
81.37 , 34.9733886718 , 13.56117
81.40 , 34.8647727966 , 13.56700
81.44 , 34.8647727966 , 13.57300
81.47 , 34.9733886718 , 13.57883
81.51 , 34.9733886718 , 13.58483
81.54 , 35.0820007324 , 13.59067
81.58 , 35.0820007324 , 13.59667
81.61 , 35.0820007324 , 13.60233
81.65 , 35.0820007324 , 13.60833
81.68 , 35.0820007324 , 13.61417
81.72 , 35.0820007324 , 13.62017
81.76 , 35.0820007324 , 13.62600
81.79 , 35.0820007324 , 13.63200
81.83 , 35.1906127929 , 13.63767
81.86 , 35.1906127929 , 13.64367
81.90 , 35.1906127929 , 13.64950
81.93 , 35.1906127929 , 13.65550
81.97 , 35.1906127929 , 13.66150
82.00 , 35.2992248535 , 13.66717
82.04 , 35.2992248535 , 13.67317
82.07 , 35.1906127929 , 13.67900
82.11 , 35.2992248535 , 13.68500
82.14 , 35.2992248535 , 13.69083
82.18 , 35.2992248535 , 13.69683
82.21 , 35.2992248535 , 13.70250
82.25 , 35.4078369140 , 13.70850
82.29 , 35.4078369140 , 13.71433
82.32 , 35.4078369140 , 13.72033
82.36 , 35.4078369140 , 13.72617
82.39 , 35.4078369140 , 13.73217
82.43 , 35.5164527893 , 13.73783
82.46 , 35.4078369140 , 13.74383
82.50 , 35.4078369140 , 13.74967
82.53 , 35.5164527893 , 13.75567
82.57 , 35.6250648498 , 13.76167
82.61 , 35.5164527893 , 13.76750
82.64 , 35.6250648498 , 13.77333
82.68 , 35.5164527893 , 13.77917
82.71 , 35.5164527893 , 13.78517
82.75 , 35.6250648498 , 13.79100
82.78 , 35.6250648498 , 13.79700
82.82 , 35.6250648498 , 13.80283
82.85 , 35.6250648498 , 13.80867
82.89 , 35.6250648498 , 13.81450
82.92 , 35.6250648498 , 13.82050
82.96 , 35.6250648498 , 13.82633
82.99 , 35.6250648498 , 13.83233
83.03 , 35.7336769104 , 13.83800
83.06 , 35.8422889709 , 13.84400
83.10 , 35.6250648498 , 13.85000
83.13 , 35.7336769104 , 13.85583
83.17 , 35.7336769104 , 13.86183
83.21 , 35.8422889709 , 13.86767
83.24 , 35.8422889709 , 13.87350
83.28 , 35.8422889709 , 13.87933
83.31 , 35.8422889709 , 13.88533
83.35 , 35.9509048461 , 13.89117
83.38 , 35.9509048461 , 13.89717
83.42 , 35.9509048461 , 13.90300
83.45 , 35.9509048461 , 13.90883
83.49 , 35.9509048461 , 13.91467
83.52 , 36.0595169067 , 13.92067
83.56 , 36.0595169067 , 13.92650
83.59 , 36.0595169067 , 13.93250
83.63 , 36.0595169067 , 13.93833
83.66 , 36.1681289672 , 13.94417
83.70 , 36.0595169067 , 13.95017
83.74 , 36.1681289672 , 13.95600
83.77 , 36.1681289672 , 13.96200
83.81 , 36.2767410278 , 13.96783
83.84 , 36.1681289672 , 13.97383
83.88 , 36.1681289672 , 13.97950
83.91 , 36.2767410278 , 13.98550
83.95 , 36.1681289672 , 13.99133
83.98 , 36.2767410278 , 13.99733
84.02 , 36.2767410278 , 14.00317
84.05 , 36.2767410278 , 14.00917
84.09 , 36.3853530883 , 14.01483
84.12 , 36.3853530883 , 14.02083
84.16 , 36.3853530883 , 14.02667
84.20 , 36.3853530883 , 14.03267
84.23 , 36.4939689636 , 14.03867
84.27 , 36.4939689636 , 14.04450
84.30 , 36.4939689636 , 14.05033
84.34 , 36.4939689636 , 14.05617
84.37 , 36.4939689636 , 14.06217
84.41 , 36.4939689636 , 14.06800
84.44 , 36.6025810241 , 14.07400
84.48 , 36.6025810241 , 14.07967
84.51 , 36.6025810241 , 14.08567
84.55 , 36.6025810241 , 14.09150
84.58 , 36.6025810241 , 14.09750
84.62 , 36.7111930847 , 14.10333
84.66 , 36.6025810241 , 14.10933
84.69 , 36.8198051452 , 14.11500
84.73 , 36.8198051452 , 14.12100
84.76 , 36.7111930847 , 14.12683
84.80 , 36.8198051452 , 14.13283
84.83 , 36.7111930847 , 14.13883
84.87 , 36.8198051452 , 14.14467
84.90 , 36.8198051452 , 14.15050
84.94 , 36.7111930847 , 14.15633
84.97 , 36.8198051452 , 14.16233
85.01 , 36.3853530883 , 14.16817
85.04 , 36.4939689636 , 14.17417
85.08 , 36.4939689636 , 14.18000
85.11 , 36.4939689636 , 14.18583
85.15 , 36.4939689636 , 14.19167
85.19 , 36.4939689636 , 14.19767
85.22 , 36.6025810241 , 14.20350
85.26 , 36.6025810241 , 14.20950
85.29 , 36.6025810241 , 14.21533
85.33 , 36.4939689636 , 14.22117
85.36 , 36.7111930847 , 14.22717
85.40 , 36.6025810241 , 14.23300
85.43 , 36.7111930847 , 14.23900
85.47 , 36.7111930847 , 14.24483
85.50 , 36.8198051452 , 14.25083
85.54 , 36.7111930847 , 14.25650
85.57 , 36.8198051452 , 14.26250
85.61 , 36.8198051452 , 14.26833
85.65 , 36.9284210205 , 14.27433
85.68 , 36.8198051452 , 14.28017
85.72 , 36.9284210205 , 14.28600
85.75 , 36.9284210205 , 14.29183
85.79 , 36.8198051452 , 14.29783
85.82 , 36.9284210205 , 14.30367
85.86 , 37.0370330810 , 14.30967
85.89 , 36.9284210205 , 14.31550
85.93 , 36.9284210205 , 14.32133
85.96 , 36.9284210205 , 14.32733
86.00 , 37.0370330810 , 14.33317
86.04 , 37.0370330810 , 14.33917
86.07 , 37.1456451416 , 14.34500
86.11 , 37.0370330810 , 14.35100
86.14 , 37.1456451416 , 14.35667
86.18 , 37.1456451416 , 14.36267
86.21 , 37.1456451416 , 14.36850
86.25 , 37.2542648315 , 14.37450
86.28 , 37.1456451416 , 14.38033
86.32 , 37.2542648315 , 14.38633
86.35 , 37.1456451416 , 14.39200
86.39 , 37.3628768920 , 14.39800
86.42 , 37.2542648315 , 14.40383
86.46 , 37.3628768920 , 14.40983
86.50 , 37.4714889526 , 14.41583
86.53 , 37.2542648315 , 14.42167
86.56 , 37.3628768920 , 14.42750
86.60 , 37.4714889526 , 14.43333
86.64 , 37.3628768920 , 14.43933
86.67 , 37.4714889526 , 14.44517
86.71 , 37.4714889526 , 14.45117
86.74 , 37.5801010131 , 14.45700
86.78 , 37.4714889526 , 14.46283
86.81 , 37.5801010131 , 14.46867
86.85 , 37.5801010131 , 14.47467
86.88 , 37.5801010131 , 14.48050
86.92 , 37.5801010131 , 14.48650
86.95 , 37.5801010131 , 14.49217
86.99 , 37.6887130737 , 14.49817
87.02 , 37.6887130737 , 14.50400
87.06 , 37.6887130737 , 14.51000
87.10 , 37.6887130737 , 14.51600
87.13 , 37.6887130737 , 14.52183
87.17 , 37.6887130737 , 14.52767
87.20 , 37.7973289489 , 14.53350
87.24 , 37.7973289489 , 14.53950
87.27 , 37.7973289489 , 14.54533
87.31 , 37.9059410095 , 14.55133
87.34 , 38.0145530700 , 14.55717
87.38 , 37.9059410095 , 14.56300
87.41 , 37.9059410095 , 14.56883
87.45 , 37.9059410095 , 14.57483
87.48 , 37.9059410095 , 14.58067
87.52 , 38.0145530700 , 14.58667
87.55 , 38.0145530700 , 14.59250
87.59 , 38.0145530700 , 14.59833
87.63 , 38.0145530700 , 14.60433
87.66 , 38.0145530700 , 14.61017
87.70 , 38.1231651306 , 14.61617
87.73 , 38.1231651306 , 14.62200
87.77 , 38.2317810058 , 14.62800
87.80 , 38.1231651306 , 14.63367
87.84 , 38.2317810058 , 14.63967
87.87 , 38.1231651306 , 14.64550
87.91 , 38.2317810058 , 14.65150
87.94 , 38.2317810058 , 14.65733
87.98 , 38.3403930664 , 14.66333
88.01 , 38.3403930664 , 14.66900
88.05 , 38.3403930664 , 14.67500
88.08 , 38.3403930664 , 14.68083
88.12 , 38.4490051269 , 14.68683
88.16 , 38.4490051269 , 14.69267
88.19 , 38.4490051269 , 14.69867
88.23 , 38.4490051269 , 14.70450
88.26 , 38.5576171875 , 14.71033
88.30 , 38.5576171875 , 14.71633
88.33 , 38.5576171875 , 14.72217
88.37 , 38.6662292480 , 14.72817
88.40 , 38.6662292480 , 14.73383
88.44 , 38.6662292480 , 14.73983
88.47 , 38.7748451232 , 14.74567
88.51 , 38.6662292480 , 14.75167
88.54 , 38.6662292480 , 14.75750
88.58 , 38.7748451232 , 14.76350
88.61 , 38.7748451232 , 14.76917
88.65 , 38.7748451232 , 14.77517
88.69 , 38.7748451232 , 14.78100
88.72 , 38.7748451232 , 14.78700
88.76 , 38.8834571838 , 14.79300
88.79 , 38.8834571838 , 14.79883
88.83 , 38.8834571838 , 14.80467
88.86 , 38.8834571838 , 14.81050
88.90 , 38.8834571838 , 14.81650
88.93 , 38.9920692443 , 14.82233
88.97 , 38.9920692443 , 14.82833
89.00 , 38.9920692443 , 14.83417
89.04 , 38.9920692443 , 14.84000
89.07 , 39.1006813049 , 14.84583
89.11 , 39.1006813049 , 14.85183
89.15 , 39.1006813049 , 14.85767
89.18 , 39.1006813049 , 14.86367
89.22 , 39.1006813049 , 14.86950
89.25 , 39.1006813049 , 14.87533
89.29 , 39.2092971801 , 14.88117
89.32 , 39.2092971801 , 14.88717
89.36 , 39.2092971801 , 14.89317
89.39 , 39.2092971801 , 14.89900
89.43 , 39.3179092407 , 14.90500
89.46 , 39.3179092407 , 14.91067
89.50 , 39.3179092407 , 14.91667
89.54 , 39.3179092407 , 14.92250
89.57 , 39.3179092407 , 14.92850
89.61 , 39.4265213012 , 14.93433
89.64 , 39.4265213012 , 14.94017
89.68 , 39.4265213012 , 14.94600
89.71 , 39.4265213012 , 14.95200
89.75 , 39.4265213012 , 14.95783
89.78 , 39.5351333618 , 14.96383
89.82 , 39.5351333618 , 14.96967
89.85 , 39.5351333618 , 14.97550
89.89 , 39.5351333618 , 14.98150
89.92 , 39.5351333618 , 14.98733
89.96 , 39.6437454223 , 14.99333
90.00 , 39.5351333618 , 14.99917
90.03 , 39.6437454223 , 15.00517
90.06 , 39.6437454223 , 15.01083
90.10 , 39.6437454223 , 15.01683
90.14 , 39.7523612976 , 15.02267
90.17 , 39.7523612976 , 15.02867
90.21 , 39.7523612976 , 15.03450
90.24 , 39.7523612976 , 15.04050
90.28 , 39.7523612976 , 15.04617
90.31 , 39.8609733581 , 15.05217
90.35 , 39.8609733581 , 15.05800
90.38 , 39.8609733581 , 15.06400
90.42 , 39.8609733581 , 15.06983
90.45 , 39.8609733581 , 15.07583
90.49 , 39.8609733581 , 15.08167
90.52 , 39.9695854187 , 15.08750
90.56 , 40.0781974792 , 15.09350
90.60 , 40.0781974792 , 15.09933
90.63 , 39.9695854187 , 15.10533
90.67 , 40.0781974792 , 15.11117
90.70 , 40.0781974792 , 15.11700
90.74 , 40.0781974792 , 15.12283
90.77 , 40.1868133544 , 15.12883
90.81 , 40.1868133544 , 15.13467
90.84 , 40.1868133544 , 15.14067
90.88 , 40.1868133544 , 15.14633
90.91 , 40.2954254150 , 15.15233
90.95 , 40.2954254150 , 15.15817
90.98 , 40.2954254150 , 15.16417
91.02 , 40.4040374755 , 15.17017
91.06 , 40.2954254150 , 15.17600
91.09 , 40.2954254150 , 15.18183
91.13 , 40.4040374755 , 15.18767
91.16 , 40.5126495361 , 15.19367
91.20 , 40.4040374755 , 15.19950
91.23 , 40.5126495361 , 15.20550
91.27 , 40.6212615966 , 15.21133
91.30 , 40.5126495361 , 15.21717
91.34 , 40.5126495361 , 15.22300
91.37 , 40.6212615966 , 15.22900
91.41 , 40.5126495361 , 15.23483
91.44 , 40.6212615966 , 15.24083
91.48 , 40.6212615966 , 15.24667
91.51 , 40.6212615966 , 15.25250
91.55 , 40.7298774719 , 15.25833
91.59 , 40.7298774719 , 15.26433
91.62 , 40.7298774719 , 15.27033
91.66 , 40.8384895324 , 15.27617
91.69 , 40.7298774719 , 15.28217
91.73 , 40.8384895324 , 15.28783
91.76 , 40.8384895324 , 15.29383
91.80 , 40.9471015930 , 15.29967
91.83 , 40.8384895324 , 15.30567
91.87 , 40.9471015930 , 15.31150
91.90 , 40.9471015930 , 15.31750
91.94 , 40.9471015930 , 15.32317
91.97 , 40.9471015930 , 15.32917
92.01 , 41.0557136535 , 15.33500
92.05 , 41.0557136535 , 15.34100
92.08 , 40.9471015930 , 15.34683
92.12 , 41.0557136535 , 15.35267
92.15 , 41.0557136535 , 15.35867
92.19 , 41.0557136535 , 15.36450
92.22 , 41.0557136535 , 15.37050
92.26 , 41.1643295288 , 15.37633
92.29 , 41.2729415893 , 15.38233
92.33 , 41.1643295288 , 15.38800
92.36 , 41.1643295288 , 15.39400
92.40 , 41.2729415893 , 15.39983
92.43 , 41.2729415893 , 15.40583
92.47 , 41.2729415893 , 15.41167
92.51 , 41.2729415893 , 15.41767
92.54 , 41.3815536499 , 15.42333
92.58 , 41.3815536499 , 15.42933
92.61 , 41.3815536499 , 15.43517
92.65 , 41.4901657104 , 15.44117
92.68 , 41.3815536499 , 15.44700
92.72 , 41.3815536499 , 15.45300
92.75 , 41.4901657104 , 15.45883
92.79 , 41.5987777709 , 15.46467
92.82 , 41.5987777709 , 15.47067
92.86 , 41.5987777709 , 15.47650
92.89 , 41.5987777709 , 15.48250
92.93 , 41.5987777709 , 15.48833
92.96 , 41.5987777709 , 15.49417
93.00 , 41.7073936462 , 15.50000
93.04 , 41.7073936462 , 15.50600
93.07 , 41.7073936462 , 15.51183
93.11 , 41.7073936462 , 15.51783
93.14 , 41.8160057067 , 15.52367
93.18 , 41.7073936462 , 15.52950
93.21 , 41.8160057067 , 15.53533
93.25 , 41.8160057067 , 15.54133
93.28 , 41.8160057067 , 15.54733
93.32 , 41.9246177673 , 15.55317
93.36 , 41.9246177673 , 15.55917
93.39 , 41.9246177673 , 15.56483
93.43 , 41.9246177673 , 15.57083
93.46 , 42.0332298278 , 15.57667
93.50 , 41.9246177673 , 15.58267
93.53 , 41.9246177673 , 15.58850
93.57 , 42.0332298278 , 15.59433
93.60 , 42.1418457031 , 15.60017
93.64 , 42.0332298278 , 15.60617
93.67 , 42.1418457031 , 15.61200
93.71 , 42.1418457031 , 15.61800
93.74 , 42.2504577636 , 15.62383
93.78 , 42.1418457031 , 15.62967
93.81 , 42.2504577636 , 15.63550
93.85 , 42.2504577636 , 15.64150
93.88 , 42.2504577636 , 15.64750
93.92 , 42.3590698242 , 15.65333
93.96 , 42.2504577636 , 15.65933
93.99 , 42.2504577636 , 15.66500
94.03 , 42.3590698242 , 15.67100
94.06 , 42.3590698242 , 15.67683
94.10 , 42.4676818847 , 15.68283
94.13 , 42.3590698242 , 15.68867
94.17 , 42.4676818847 , 15.69467
94.20 , 42.4676818847 , 15.70033
94.24 , 42.4676818847 , 15.70633
94.27 , 42.4676818847 , 15.71217
94.31 , 42.5762939453 , 15.71817
94.34 , 42.4676818847 , 15.72400
94.38 , 42.5762939453 , 15.73000
94.41 , 42.5762939453 , 15.73583
94.45 , 42.5762939453 , 15.74167
94.49 , 42.6849098205 , 15.74767
94.52 , 42.6849098205 , 15.75350
94.56 , 42.6849098205 , 15.75950
94.59 , 42.6849098205 , 15.76533
94.63 , 42.6849098205 , 15.77117
94.66 , 42.7935256958 , 15.77700
94.70 , 42.7935256958 , 15.78300
94.73 , 42.7935256958 , 15.78883
94.77 , 42.7935256958 , 15.79483
94.80 , 42.7935256958 , 15.80050
94.84 , 42.7935256958 , 15.80650
94.87 , 42.9021377563 , 15.81233
94.91 , 42.9021377563 , 15.81833
94.94 , 42.7935256958 , 15.82417
94.98 , 42.7935256958 , 15.83017
95.02 , 42.7935256958 , 15.83600
95.05 , 42.7935256958 , 15.84183
95.09 , 42.7935256958 , 15.84783
95.12 , 42.9021377563 , 15.85367
95.16 , 42.9021377563 , 15.85967
95.19 , 42.9021377563 , 15.86550
95.23 , 43.0107536315 , 15.87133
95.26 , 43.0107536315 , 15.87717
95.30 , 43.0107536315 , 15.88317
95.33 , 43.0107536315 , 15.88900
95.37 , 43.1193656921 , 15.89500
95.40 , 43.1193656921 , 15.90083
95.44 , 43.1193656921 , 15.90667
95.47 , 43.1193656921 , 15.91250
95.51 , 43.1193656921 , 15.91850
95.55 , 43.2279777526 , 15.92450
95.58 , 43.1193656921 , 15.93033
95.62 , 43.2279777526 , 15.93633
95.65 , 43.3365898132 , 15.94200
95.69 , 43.2279777526 , 15.94800
95.72 , 43.3365898132 , 15.95383
95.76 , 43.3365898132 , 15.95983
95.79 , 43.3365898132 , 15.96567
95.83 , 43.3365898132 , 15.97167
95.86 , 43.4452056884 , 15.97733
95.90 , 43.4452056884 , 15.98333
95.93 , 43.5538177490 , 15.98917
95.97 , 43.4452056884 , 15.99517
96.01 , 43.5538177490 , 16.00100
96.04 , 43.5538177490 , 16.00683
96.08 , 43.5538177490 , 16.01267
96.11 , 43.6624298095 , 16.01867
96.15 , 43.5538177490 , 16.02467
96.18 , 43.6624298095 , 16.03050
96.22 , 43.5538177490 , 16.03650
96.25 , 43.6624298095 , 16.04217
96.29 , 43.6624298095 , 16.04817
96.32 , 43.6624298095 , 16.05400
96.36 , 43.7710418701 , 16.06000
96.39 , 43.7710418701 , 16.06583
96.43 , 43.7710418701 , 16.07184
96.46 , 43.7710418701 , 16.07750
96.50 , 43.8796539306 , 16.08350
96.54 , 43.8796539306 , 16.08934
96.57 , 43.8796539306 , 16.09533
96.61 , 43.8796539306 , 16.10117
96.64 , 43.8796539306 , 16.10717
96.68 , 43.9882698059 , 16.11300
96.71 , 43.9882698059 , 16.11883
96.75 , 43.8796539306 , 16.12483
96.78 , 43.9882698059 , 16.13067
96.82 , 43.9882698059 , 16.13667
96.86 , 43.9882698059 , 16.14250
96.89 , 44.0968818664 , 16.14834
96.93 , 44.0968818664 , 16.15417
96.96 , 44.0968818664 , 16.16017
97.00 , 44.2054939270 , 16.16600
97.03 , 44.2054939270 , 16.17200
97.07 , 44.3141059875 , 16.17783
97.10 , 44.2054939270 , 16.18367
97.14 , 44.2054939270 , 16.18950
97.17 , 44.2054939270 , 16.19550
97.21 , 44.3141059875 , 16.20133
97.24 , 44.3141059875 , 16.20734
97.28 , 44.3141059875 , 16.21333
97.31 , 44.3141059875 , 16.21900
97.35 , 44.4227218627 , 16.22500
97.38 , 44.4227218627 , 16.23084
97.42 , 44.5313339233 , 16.23683
97.46 , 44.4227218627 , 16.24267
97.49 , 44.4227218627 , 16.24850
97.53 , 44.5313339233 , 16.25433
97.56 , 44.5313339233 , 16.26033
97.60 , 44.5313339233 , 16.26617
97.63 , 44.5313339233 , 16.27217
97.67 , 44.5313339233 , 16.27800
97.70 , 44.7485580444 , 16.28384
97.74 , 44.6399459838 , 16.28967
97.77 , 44.6399459838 , 16.29567
97.81 , 44.6399459838 , 16.30167
97.84 , 44.7485580444 , 16.30750
97.88 , 44.7485580444 , 16.31350
97.91 , 44.7485580444 , 16.31917
97.95 , 44.8571701049 , 16.32517
97.99 , 44.8571701049 , 16.33100
98.02 , 44.8571701049 , 16.33700
98.06 , 44.8571701049 , 16.34284
98.09 , 44.8571701049 , 16.34884
98.13 , 44.9657859802 , 16.35450
98.16 , 44.9657859802 , 16.36050
98.20 , 44.9657859802 , 16.36633
98.23 , 44.9657859802 , 16.37233
98.27 , 45.0743980407 , 16.37817
98.30 , 45.0743980407 , 16.38417
98.34 , 45.1830101013 , 16.38983
98.37 , 45.1830101013 , 16.39583
98.41 , 45.0743980407 , 16.40184
98.45 , 45.1830101013 , 16.40767
98.48 , 45.1830101013 , 16.41367
98.52 , 45.1830101013 , 16.41934
98.55 , 45.1830101013 , 16.42534
98.59 , 45.2916221618 , 16.43117
98.62 , 45.2916221618 , 16.43717
98.66 , 45.2916221618 , 16.44300
98.69 , 45.2916221618 , 16.44900
98.73 , 45.2916221618 , 16.45467
98.76 , 45.4002380371 , 16.46067
98.80 , 45.4002380371 , 16.46650
98.83 , 45.4002380371 , 16.47250
98.87 , 45.4002380371 , 16.47834
98.91 , 45.5088500976 , 16.48433
98.94 , 45.4002380371 , 16.49017
98.98 , 45.5088500976 , 16.49600
99.01 , 45.5088500976 , 16.50200
99.05 , 45.5088500976 , 16.50783
99.08 , 45.5088500976 , 16.51383
99.12 , 45.6174621582 , 16.51967
99.15 , 45.6174621582 , 16.52550
99.19 , 45.6174621582 , 16.53133
99.22 , 45.6174621582 , 16.53734
99.26 , 45.7260742187 , 16.54317
99.29 , 45.7260742187 , 16.54917
99.33 , 45.7260742187 , 16.55500
99.36 , 45.7260742187 , 16.56083
99.40 , 45.7260742187 , 16.56667
99.44 , 45.7260742187 , 16.57267
99.47 , 45.8346862792 , 16.57850
99.51 , 45.8346862792 , 16.58450
99.54 , 45.8346862792 , 16.59050
99.58 , 45.9433021545 , 16.59617
99.61 , 45.9433021545 , 16.60217
99.65 , 46.0519142150 , 16.60800
99.68 , 45.9433021545 , 16.61400
99.72 , 45.9433021545 , 16.61984
99.75 , 46.0519142150 , 16.62583
99.79 , 46.0519142150 , 16.63150
99.82 , 46.0519142150 , 16.63750
99.86 , 46.1605262756 , 16.64333
99.90 , 46.1605262756 , 16.64933
99.93 , 46.1605262756 , 16.65517
99.97 , 46.1605262756 , 16.66100
100.00 , 46.1605262756 , 16.66683
100.04 , 46.2691383361 , 16.67300
100.07 , 46.2691383361 , 16.67917
100.11 , 46.2691383361 , 16.68517
100.15 , 46.3777542114 , 16.69133
100.18 , 46.3777542114 , 16.69734
100.22 , 46.3777542114 , 16.70334
100.26 , 46.3777542114 , 16.70933
100.29 , 46.3777542114 , 16.71550
100.33 , 46.4863662719 , 16.72150
100.37 , 46.4863662719 , 16.72767
100.40 , 46.4863662719 , 16.73367
100.44 , 46.4863662719 , 16.73983
100.47 , 46.5949783325 , 16.74584
100.51 , 46.5949783325 , 16.75184
100.55 , 46.7035903930 , 16.75800
100.58 , 46.5949783325 , 16.76400
100.62 , 46.5949783325 , 16.77017
100.66 , 46.7035903930 , 16.77617
100.69 , 46.7035903930 , 16.78233
100.73 , 46.7035903930 , 16.78817
100.77 , 46.7035903930 , 16.79434
100.80 , 46.8122024536 , 16.80034
100.84 , 46.8122024536 , 16.80650
100.88 , 46.8122024536 , 16.81267
100.91 , 46.8122024536 , 16.81867
100.95 , 46.8122024536 , 16.82467
100.98 , 46.9208183288 , 16.83067
101.02 , 46.9208183288 , 16.83683
101.06 , 47.0294303894 , 16.84284
101.09 , 46.9208183288 , 16.84900
101.13 , 47.0294303894 , 16.85500
101.17 , 47.0294303894 , 16.86117
101.20 , 47.0294303894 , 16.86700
101.24 , 47.0294303894 , 16.87317
101.28 , 47.1380424499 , 16.87933
101.31 , 47.0294303894 , 16.88533
101.35 , 47.1380424499 , 16.89150
101.38 , 47.1380424499 , 16.89750
101.42 , 47.1380424499 , 16.90367
101.46 , 47.2466545104 , 16.90950
101.49 , 47.2466545104 , 16.91567
101.53 , 47.2466545104 , 16.92167
101.57 , 47.2466545104 , 16.92783
101.60 , 47.2466545104 , 16.93400
101.64 , 47.3552703857 , 16.94000
101.68 , 47.3552703857 , 16.94617
101.71 , 47.3552703857 , 16.95200
101.75 , 47.3552703857 , 16.95817
101.79 , 47.4638824462 , 16.96417
101.82 , 47.4638824462 , 16.97033
101.86 , 47.4638824462 , 16.97633
101.89 , 47.4638824462 , 16.98250
101.93 , 47.4638824462 , 16.98850
101.97 , 47.5724945068 , 16.99450
102.00 , 47.5724945068 , 17.00067
102.04 , 47.6811065673 , 17.00667
102.08 , 47.6811065673 , 17.01284
102.11 , 47.5724945068 , 17.01883
102.15 , 47.6811065673 , 17.02500
102.18 , 47.6811065673 , 17.03083
102.22 , 47.6811065673 , 17.03700
102.26 , 47.7897186279 , 17.04300
102.29 , 47.7897186279 , 17.04917
102.33 , 47.7897186279 , 17.05517
102.37 , 47.7897186279 , 17.06133
102.40 , 47.7897186279 , 17.06750
102.44 , 47.8983345031 , 17.07333
102.48 , 47.8983345031 , 17.07950
102.51 , 47.8983345031 , 17.08550
102.55 , 47.8983345031 , 17.09167
102.59 , 48.0069465637 , 17.09767
102.62 , 48.0069465637 , 17.10383
102.66 , 48.0069465637 , 17.10983
102.69 , 48.1155586242 , 17.11583
102.73 , 48.1155586242 , 17.12183
102.77 , 48.1155586242 , 17.12800
102.80 , 48.2241706848 , 17.13417
102.84 , 48.1155586242 , 17.14017
102.88 , 48.2241706848 , 17.14633
102.91 , 48.2241706848 , 17.15233
102.95 , 48.2241706848 , 17.15833
102.99 , 48.2241706848 , 17.16433
103.02 , 48.3327903747 , 17.17050
103.06 , 48.3327903747 , 17.17650
103.10 , 48.3327903747 , 17.18267
103.13 , 48.4414024353 , 17.18867
103.17 , 48.4414024353 , 17.19483
103.20 , 48.4414024353 , 17.20083
103.24 , 48.3327903747 , 17.20683
103.28 , 48.5500144958 , 17.21300
103.31 , 48.5500144958 , 17.21900
103.35 , 48.5500144958 , 17.22517
103.39 , 48.6586303710 , 17.23117
103.42 , 48.6586303710 , 17.23734
103.46 , 48.5500144958 , 17.24317
103.50 , 48.6586303710 , 17.24934
103.53 , 48.6586303710 , 17.25533
103.57 , 48.6586303710 , 17.26150
103.61 , 48.7672424316 , 17.26767
103.64 , 48.6586303710 , 17.27367
103.68 , 48.7672424316 , 17.27967
103.71 , 48.7672424316 , 17.28567
103.75 , 48.8758544921 , 17.29183
103.79 , 48.8758544921 , 17.29784
103.82 , 48.7672424316 , 17.30400
103.86 , 48.8758544921 , 17.31000
103.90 , 48.8758544921 , 17.31617
103.93 , 48.8758544921 , 17.32217
103.97 , 48.9844665527 , 17.32817
104.01 , 48.8758544921 , 17.33433
104.04 , 48.9844665527 , 17.34033
104.08 , 48.9844665527 , 17.34650
104.11 , 48.9844665527 , 17.35250
104.15 , 48.9844665527 , 17.35867
104.19 , 49.0930786132 , 17.36450
104.22 , 49.0930786132 , 17.37067
104.26 , 49.0930786132 , 17.37667
104.30 , 49.0930786132 , 17.38283
104.33 , 49.2016944885 , 17.38900
104.37 , 49.2016944885 , 17.39500
104.41 , 49.2016944885 , 17.40117
104.44 , 49.3103065490 , 17.40700
104.48 , 49.3103065490 , 17.41317
104.51 , 49.3103065490 , 17.41917
104.55 , 49.4189186096 , 17.42534
104.59 , 49.4189186096 , 17.43133
104.62 , 49.3103065490 , 17.43750
104.66 , 49.4189186096 , 17.44334
104.70 , 49.4189186096 , 17.44950
104.73 , 49.4189186096 , 17.45567
104.77 , 49.5275306701 , 17.46167
104.81 , 49.5275306701 , 17.46784
104.84 , 49.5275306701 , 17.47384
104.88 , 49.6361465454 , 17.48000
104.91 , 49.6361465454 , 17.48583
104.95 , 49.6361465454 , 17.49200
104.99 , 49.6361465454 , 17.49800
105.02 , 49.7447586059 , 17.50417
105.06 , 49.7447586059 , 17.51017
105.10 , 49.7447586059 , 17.51634
105.13 , 49.8533706665 , 17.52250
105.17 , 49.8533706665 , 17.52833
105.21 , 49.8533706665 , 17.53450
105.24 , 49.8533706665 , 17.54050
105.28 , 49.8533706665 , 17.54667
105.32 , 49.9619827270 , 17.55267
105.35 , 49.9619827270 , 17.55883
105.39 , 50.0705947875 , 17.56484
105.43 , 49.9619827270 , 17.57084
105.46 , 50.0705947875 , 17.57683
105.50 , 50.0705947875 , 17.58300
105.54 , 50.0705947875 , 17.58917
105.57 , 50.1792106628 , 17.59517
105.61 , 50.1792106628 , 17.60133
105.64 , 50.0705947875 , 17.60733
105.68 , 50.1792106628 , 17.61334
105.72 , 50.2878227233 , 17.61934
105.75 , 50.2878227233 , 17.62550
105.79 , 50.2878227233 , 17.63150
105.83 , 50.2878227233 , 17.63767
105.86 , 50.3964347839 , 17.64367
105.90 , 50.3964347839 , 17.64983
105.93 , 50.3964347839 , 17.65583
105.97 , 50.5050468444 , 17.66184
106.01 , 50.3964347839 , 17.66800
106.04 , 50.3964347839 , 17.67400
106.08 , 50.5050468444 , 17.68017
106.12 , 50.5050468444 , 17.68617
106.15 , 50.3964347839 , 17.69217
106.19 , 50.5050468444 , 17.69817
106.23 , 50.6136627197 , 17.70433
106.26 , 50.6136627197 , 17.71050
106.30 , 50.6136627197 , 17.71650
106.34 , 50.6136627197 , 17.72267
106.37 , 50.6136627197 , 17.72867
106.41 , 50.7222747802 , 17.73467
106.44 , 50.7222747802 , 17.74067
106.48 , 50.7222747802 , 17.74683
106.52 , 50.8308868408 , 17.75284
106.55 , 50.8308868408 , 17.75900
106.59 , 50.9394989013 , 17.76500
106.63 , 50.8308868408 , 17.77117
106.66 , 50.9394989013 , 17.77717
106.70 , 50.9394989013 , 17.78317
106.74 , 51.0481109619 , 17.78933
106.77 , 51.0481109619 , 17.79533
106.81 , 50.9394989013 , 17.80150
106.84 , 51.0481109619 , 17.80750
106.88 , 51.0481109619 , 17.81367
106.92 , 51.1567268371 , 17.81950
106.95 , 51.1567268371 , 17.82567
106.99 , 51.1567268371 , 17.83167
107.03 , 51.1567268371 , 17.83783
107.06 , 51.1567268371 , 17.84400
107.10 , 51.2653388977 , 17.85000
107.14 , 51.2653388977 , 17.85617
107.17 , 51.3739509582 , 17.86200
107.21 , 51.2653388977 , 17.86817
107.25 , 51.2653388977 , 17.87417
107.28 , 51.2653388977 , 17.88033
107.32 , 51.4825630187 , 17.88633
107.36 , 51.3739509582 , 17.89250
107.39 , 51.4825630187 , 17.89834
107.43 , 51.4825630187 , 17.90450
107.46 , 51.4825630187 , 17.91067
107.50 , 51.4825630187 , 17.91667
107.54 , 51.5911788940 , 17.92284
107.57 , 51.5911788940 , 17.92883
107.61 , 51.5911788940 , 17.93500
107.64 , 51.5911788940 , 17.94083
107.68 , 51.6997909545 , 17.94700
107.72 , 51.6997909545 , 17.95300
107.75 , 51.6997909545 , 17.95917
107.79 , 51.8084030151 , 17.96517
107.83 , 51.8084030151 , 17.97134
107.86 , 51.8084030151 , 17.97750
107.90 , 51.9170150756 , 17.98333
107.94 , 51.9170150756 , 17.98950
107.97 , 51.9170150756 , 17.99550
108.01 , 51.9170150756 , 18.00167
108.05 , 52.0256271362 , 18.00767
108.08 , 52.0256271362 , 18.01383
108.12 , 52.0256271362 , 18.01984
108.15 , 52.0256271362 , 18.02583
108.19 , 52.0256271362 , 18.03183
108.23 , 52.0256271362 , 18.03800
108.26 , 52.1342430114 , 18.04417
108.30 , 52.1342430114 , 18.05017
108.34 , 52.1342430114 , 18.05633
108.37 , 52.1342430114 , 18.06233
108.41 , 52.2428550720 , 18.06834
108.45 , 52.2428550720 , 18.07433
108.48 , 52.2428550720 , 18.08050
108.52 , 52.2428550720 , 18.08650
108.56 , 52.3514671325 , 18.09267
108.59 , 52.3514671325 , 18.09884
108.63 , 52.2428550720 , 18.10467
108.66 , 52.4600791931 , 18.11083
108.70 , 52.3514671325 , 18.11683
108.74 , 52.4600791931 , 18.12300
108.77 , 52.4600791931 , 18.12900
108.81 , 52.4600791931 , 18.13517
108.85 , 52.4600791931 , 18.14117
108.88 , 52.5686950683 , 18.14717
108.92 , 52.5686950683 , 18.15317
108.96 , 52.6773071289 , 18.15933
108.99 , 52.6773071289 , 18.16550
109.03 , 52.6773071289 , 18.17150
109.07 , 52.6773071289 , 18.17767
109.10 , 52.6773071289 , 18.18367
109.14 , 52.6773071289 , 18.18967
109.17 , 52.7859191894 , 18.19567
109.21 , 52.7859191894 , 18.20183
109.25 , 52.8945312500 , 18.20783
109.28 , 52.8945312500 , 18.21400
109.32 , 52.8945312500 , 18.22000
109.36 , 52.8945312500 , 18.22617
109.39 , 52.8945312500 , 18.23217
109.43 , 52.8945312500 , 18.23817
109.47 , 53.0031433105 , 18.24434
109.50 , 53.0031433105 , 18.25033
109.54 , 53.0031433105 , 18.25650
109.57 , 53.0031433105 , 18.26250
109.61 , 53.1117591857 , 18.26867
109.65 , 53.1117591857 , 18.27450
109.68 , 53.1117591857 , 18.28067
109.72 , 53.2203712463 , 18.28667
109.76 , 53.2203712463 , 18.29284
109.79 , 53.2203712463 , 18.29900
109.83 , 53.2203712463 , 18.30500
109.87 , 53.3289833068 , 18.31117
109.90 , 53.3289833068 , 18.31700
109.94 , 53.4375953674 , 18.32317
109.97 , 53.4375953674 , 18.32917
110.01 , 53.4375953674 , 18.33534
110.05 , 53.4375953674 , 18.34133
110.08 , 53.4375953674 , 18.34750
110.12 , 53.5462074279 , 18.35334
110.16 , 53.5462074279 , 18.35950
110.19 , 53.5462074279 , 18.36567
110.23 , 53.5462074279 , 18.37167
110.27 , 53.5462074279 , 18.37784
110.30 , 53.6548233032 , 18.38384
110.34 , 53.6548233032 , 18.39000
110.37 , 53.7634353637 , 18.39583
110.41 , 53.6548233032 , 18.40200
110.45 , 53.7634353637 , 18.40800
110.48 , 53.7634353637 , 18.41417
110.52 , 53.7634353637 , 18.42017
110.56 , 53.8720474243 , 18.42634
110.59 , 53.7634353637 , 18.43250
110.63 , 53.8720474243 , 18.43833
110.67 , 53.9806671142 , 18.44450
110.70 , 53.8720474243 , 18.45050
110.74 , 53.9806671142 , 18.45667
110.78 , 53.9806671142 , 18.46267
110.81 , 53.9806671142 , 18.46883
110.85 , 53.9806671142 , 18.47484
110.88 , 54.0892791748 , 18.48084
110.92 , 54.0892791748 , 18.48700
110.96 , 54.0892791748 , 18.49300
111.00 , 54.1978912353 , 18.49917
111.03 , 54.0892791748 , 18.50517
111.07 , 54.1978912353 , 18.51133
111.10 , 54.1978912353 , 18.51733
111.14 , 54.1978912353 , 18.52334
111.18 , 54.1978912353 , 18.52934
111.21 , 54.3065032958 , 18.53550
111.25 , 54.3065032958 , 18.54150
111.29 , 54.3065032958 , 18.54767
111.32 , 54.3065032958 , 18.55383
111.36 , 54.4151191711 , 18.55967
111.39 , 54.5237312316 , 18.56583
111.43 , 54.4151191711 , 18.57184
111.47 , 54.4151191711 , 18.57800
111.50 , 54.4151191711 , 18.58400
111.54 , 54.6323432922 , 18.59017
111.58 , 54.5237312316 , 18.59617
111.61 , 54.5237312316 , 18.60217
111.65 , 54.6323432922 , 18.60817
111.69 , 54.6323432922 , 18.61433
111.72 , 54.6323432922 , 18.62050
111.76 , 54.6323432922 , 18.62650
111.80 , 54.6323432922 , 18.63267
111.83 , 54.7409553527 , 18.63867
111.87 , 54.7409553527 , 18.64467
111.90 , 54.7409553527 , 18.65067
111.94 , 54.7409553527 , 18.65683
111.98 , 54.8495712280 , 18.66283
112.01 , 54.8495712280 , 18.66900
112.05 , 54.9581832885 , 18.67500
112.09 , 54.9581832885 , 18.68117
112.12 , 54.9581832885 , 18.68717
112.16 , 54.9581832885 , 18.69317
112.20 , 55.0667953491 , 18.69933
112.23 , 54.9581832885 , 18.70533
112.27 , 55.0667953491 , 18.71150
112.30 , 55.0667953491 , 18.71750
112.34 , 55.1754074096 , 18.72367
112.38 , 55.1754074096 , 18.72950
112.41 , 55.1754074096 , 18.73567
112.45 , 55.2840194702 , 18.74167
112.49 , 55.1754074096 , 18.74783
112.52 , 55.2840194702 , 18.75400
112.56 , 55.2840194702 , 18.76000
112.60 , 55.3926353454 , 18.76600
112.63 , 55.3926353454 , 18.77200
112.67 , 55.3926353454 , 18.77817
112.70 , 55.3926353454 , 18.78417
112.74 , 55.5012474060 , 18.79033
112.78 , 55.5012474060 , 18.79633
112.81 , 55.5012474060 , 18.80250
112.85 , 55.5012474060 , 18.80834
112.89 , 55.6098594665 , 18.81450
112.92 , 55.5012474060 , 18.82067
112.96 , 55.6098594665 , 18.82667
113.00 , 55.6098594665 , 18.83283
113.03 , 55.6098594665 , 18.83883
113.07 , 55.7184715270 , 18.84500
113.11 , 55.7184715270 , 18.85083
113.14 , 55.7184715270 , 18.85700
113.18 , 55.7184715270 , 18.86300
113.21 , 55.8270874023 , 18.86917
113.25 , 55.8270874023 , 18.87533
113.29 , 55.8270874023 , 18.88134
113.32 , 55.8270874023 , 18.88750
113.36 , 55.8270874023 , 18.89333
113.40 , 55.9356994628 , 18.89950
113.43 , 55.9356994628 , 18.90550
113.47 , 55.9356994628 , 18.91167
113.51 , 55.9356994628 , 18.91767
113.54 , 56.0443115234 , 18.92383
113.58 , 56.0443115234 , 18.92984
113.61 , 56.0443115234 , 18.93583
113.65 , 56.1529235839 , 18.94200
113.69 , 56.0443115234 , 18.94800
113.72 , 56.1529235839 , 18.95417
113.76 , 56.1529235839 , 18.96017
113.80 , 56.1529235839 , 18.96633
113.83 , 56.2615356445 , 18.97217
113.87 , 56.2615356445 , 18.97834
113.91 , 56.2615356445 , 18.98433
113.94 , 56.1529235839 , 18.99050
113.98 , 56.2615356445 , 18.99650
114.02 , 56.3701515197 , 19.00267
114.05 , 56.3701515197 , 19.00884
114.09 , 56.3701515197 , 19.01467
114.12 , 56.3701515197 , 19.02083
114.16 , 56.4787635803 , 19.02684
114.20 , 56.4787635803 , 19.03300
114.23 , 56.5873756408 , 19.03900
114.27 , 56.5873756408 , 19.04517
114.31 , 56.5873756408 , 19.05117
114.34 , 56.5873756408 , 19.05717
114.38 , 56.5873756408 , 19.06317
114.42 , 56.5873756408 , 19.06933
114.45 , 56.6959877014 , 19.07550
114.49 , 56.6959877014 , 19.08150
114.53 , 56.8046035766 , 19.08767
114.56 , 56.6959877014 , 19.09367
114.60 , 56.9132156372 , 19.09967
114.63 , 56.8046035766 , 19.10567
114.67 , 56.9132156372 , 19.11183
114.71 , 56.9132156372 , 19.11783
114.74 , 56.9132156372 , 19.12400
114.78 , 56.9132156372 , 19.13000
114.82 , 56.9132156372 , 19.13617
114.85 , 57.0218276977 , 19.14217
114.89 , 57.0218276977 , 19.14817
114.93 , 57.1304397583 , 19.15434
114.96 , 57.1304397583 , 19.16033
115.00 , 57.0218276977 , 19.16650
115.04 , 57.0218276977 , 19.17250
115.07 , 57.2390518188 , 19.17867
115.11 , 57.2390518188 , 19.18450
115.14 , 57.1304397583 , 19.19067
115.18 , 57.2390518188 , 19.19667
115.22 , 57.2390518188 , 19.20284
115.25 , 57.2390518188 , 19.20900
115.29 , 57.2390518188 , 19.21500
115.33 , 57.3476676940 , 19.22100
115.36 , 57.4562797546 , 19.22700
115.40 , 57.4562797546 , 19.23317
115.43 , 57.4562797546 , 19.23917
115.47 , 57.4562797546 , 19.24534
115.51 , 57.4562797546 , 19.25134
115.54 , 57.4562797546 , 19.25750
115.58 , 57.5648918151 , 19.26350
115.62 , 57.5648918151 , 19.26950
115.65 , 57.5648918151 , 19.27567
115.69 , 57.5648918151 , 19.28167
115.73 , 57.6735038757 , 19.28783
115.76 , 57.5648918151 , 19.29384
115.80 , 57.6735038757 , 19.30000
115.83 , 57.6735038757 , 19.30583
115.87 , 57.7821197509 , 19.31200
115.91 , 57.7821197509 , 19.31800
115.94 , 57.7821197509 , 19.32417
115.98 , 57.8907318115 , 19.33033
116.02 , 57.8907318115 , 19.33633
116.05 , 57.7821197509 , 19.34250
116.09 , 57.8907318115 , 19.34833
116.13 , 57.8907318115 , 19.35450
116.16 , 57.8907318115 , 19.36050
116.20 , 57.9993438720 , 19.36667
116.24 , 57.9993438720 , 19.37267
116.27 , 57.9993438720 , 19.37883
116.31 , 58.1079559326 , 19.38467
116.34 , 58.1079559326 , 19.39084
116.38 , 58.1079559326 , 19.39700
116.42 , 58.1079559326 , 19.40300
116.45 , 58.1079559326 , 19.40917
116.49 , 58.1079559326 , 19.41517
116.53 , 58.2165679931 , 19.42133
116.56 , 58.2165679931 , 19.42717
116.60 , 58.3251838684 , 19.43334
116.64 , 58.4337959289 , 19.43934
116.67 , 58.3251838684 , 19.44550
116.71 , 58.4337959289 , 19.45150
116.75 , 58.4337959289 , 19.45767
116.78 , 58.4337959289 , 19.46383
116.82 , 58.4337959289 , 19.46967
116.86 , 58.3251838684 , 19.47583
116.89 , 58.4337959289 , 19.48184
116.93 , 58.5424079895 , 19.48800
116.96 , 58.6510200500 , 19.49400
117.00 , 58.5424079895 , 19.50017
117.04 , 58.6510200500 , 19.50617
117.07 , 58.7596321105 , 19.51217
117.11 , 58.6510200500 , 19.51817
117.15 , 58.7596321105 , 19.52433
117.18 , 58.7596321105 , 19.53050
117.22 , 58.7596321105 , 19.53650
117.26 , 58.7596321105 , 19.54267
117.29 , 58.8682479858 , 19.54867
117.33 , 58.7596321105 , 19.55467
117.36 , 58.9768600463 , 19.56067
117.40 , 58.8682479858 , 19.56683
117.44 , 58.9768600463 , 19.57283
117.47 , 58.9768600463 , 19.57900
117.51 , 58.9768600463 , 19.58500
117.55 , 59.0854721069 , 19.59117
117.58 , 59.0854721069 , 19.59717
117.62 , 59.0854721069 , 19.60317
117.66 , 59.0854721069 , 19.60933
117.69 , 59.1940841674 , 19.61533
117.73 , 59.0854721069 , 19.62150
117.76 , 59.1940841674 , 19.62750
117.80 , 59.1940841674 , 19.63350
117.84 , 59.1940841674 , 19.63950
117.87 , 59.3027000427 , 19.64567
117.91 , 59.3027000427 , 19.65184
117.95 , 59.3027000427 , 19.65783
117.98 , 59.3027000427 , 19.66400
118.02 , 59.4113121032 , 19.67000
118.06 , 59.3027000427 , 19.67600
118.09 , 59.4113121032 , 19.68200
118.13 , 59.4113121032 , 19.68817
118.16 , 59.4113121032 , 19.69417
118.20 , 59.5199279785 , 19.70034
118.24 , 59.5199279785 , 19.70633
118.27 , 59.5199279785 , 19.71250
118.31 , 59.5199279785 , 19.71850
118.35 , 59.6285438537 , 19.72450
118.38 , 59.6285438537 , 19.73067
118.42 , 59.6285438537 , 19.73667
118.46 , 59.7371559143 , 19.74283
118.49 , 59.7371559143 , 19.74883
118.53 , 59.8457679748 , 19.75500
118.56 , 59.7371559143 , 19.76083
118.60 , 59.8457679748 , 19.76700
118.64 , 59.7371559143 , 19.77300
118.68 , 59.8457679748 , 19.77917
118.71 , 59.9543800354 , 19.78533
118.75 , 59.9543800354 , 19.79133
118.79 , 59.9543800354 , 19.79750
118.82 , 59.9543800354 , 19.80333
118.86 , 59.9543800354 , 19.80950
118.89 , 59.9543800354 , 19.81550
118.93 , 59.9543800354 , 19.82167
118.97 , 60.0629959106 , 19.82767
119.00 , 60.0629959106 , 19.83383
119.04 , 60.0629959106 , 19.83967
119.07 , 60.1716079711 , 19.84583
119.11 , 60.1716079711 , 19.85200
119.15 , 60.1716079711 , 19.85800
119.18 , 60.1716079711 , 19.86417
119.22 , 60.2802200317 , 19.87017
119.26 , 60.2802200317 , 19.87634
119.29 , 60.2802200317 , 19.88217
119.33 , 60.2802200317 , 19.88833
119.37 , 60.3888320922 , 19.89433
119.40 , 60.3888320922 , 19.90050
119.44 , 60.3888320922 , 19.90650
119.48 , 60.3888320922 , 19.91267
119.51 , 60.4974441528 , 19.91884
119.55 , 60.4974441528 , 19.92467
119.58 , 60.4974441528 , 19.93083
119.62 , 60.6060600280 , 19.93684
119.66 , 60.6060600280 , 19.94300
119.69 , 60.6060600280 , 19.94900
119.73 , 60.6060600280 , 19.95517
119.77 , 60.4974441528 , 19.96117
119.80 , 60.3888320922 , 19.96717
119.84 , 60.3888320922 , 19.97317
119.88 , 60.3888320922 , 19.97933
119.91 , 60.4974441528 , 19.98550
119.95 , 60.4974441528 , 19.99150
119.99 , 60.4974441528 , 19.99767
120.02 , 60.6060600280 , 20.00367
120.06 , 60.4974441528 , 20.00967
120.09 , 60.6060600280 , 20.01567
120.13 , 60.6060600280 , 20.02183
120.17 , 60.6060600280 , 20.02783
120.20 , 60.7146720886 , 20.03400
120.24 , 60.7146720886 , 20.04017
120.28 , 60.7146720886 , 20.04600
120.31 , 60.7146720886 , 20.05217
120.35 , 60.7146720886 , 20.05817
120.39 , 60.8232841491 , 20.06434
120.42 , 60.7146720886 , 20.07033
120.46 , 60.6060600280 , 20.07650
120.50 , 60.7146720886 , 20.08250
120.53 , 60.8232841491 , 20.08850
120.57 , 60.9318962097 , 20.09450
120.60 , 60.9318962097 , 20.10067
120.64 , 60.9318962097 , 20.10684
120.68 , 60.9318962097 , 20.11284
120.71 , 61.0405120849 , 20.11900
120.75 , 61.1491241455 , 20.12500
120.79 , 61.0405120849 , 20.13100
120.82 , 61.0405120849 , 20.13700
120.86 , 61.1491241455 , 20.14317
120.89 , 61.1491241455 , 20.14917
120.93 , 61.1491241455 , 20.15534
120.97 , 61.2577362060 , 20.16134
121.00 , 61.1491241455 , 20.16750
121.04 , 61.2577362060 , 20.17350
121.08 , 61.2577362060 , 20.17950
121.11 , 61.3663482666 , 20.18567
121.15 , 61.2577362060 , 20.19167
121.19 , 61.3663482666 , 20.19783
121.22 , 61.4749603271 , 20.20384
121.26 , 61.3663482666 , 20.21000
121.29 , 61.4749603271 , 20.21583
121.33 , 61.4749603271 , 20.22200
121.37 , 61.5835762023 , 20.22800
121.40 , 61.5835762023 , 20.23417
121.44 , 61.5835762023 , 20.24033
121.48 , 61.5835762023 , 20.24633
121.51 , 61.5835762023 , 20.25250
121.55 , 61.6921882629 , 20.25834
121.59 , 61.6921882629 , 20.26450
121.62 , 61.6921882629 , 20.27050
121.66 , 61.6921882629 , 20.27667
121.70 , 61.8008003234 , 20.28267
121.73 , 61.8008003234 , 20.28883
121.77 , 61.9094123840 , 20.29467
121.80 , 61.9094123840 , 20.30084
121.84 , 61.9094123840 , 20.30700
121.88 , 62.0180282592 , 20.31300
121.91 , 62.0180282592 , 20.31917
121.95 , 62.0180282592 , 20.32517
121.99 , 62.1266403198 , 20.33133
122.02 , 62.0180282592 , 20.33717
122.06 , 62.0180282592 , 20.34333
122.10 , 62.1266403198 , 20.34934
122.13 , 62.1266403198 , 20.35550
122.17 , 62.1266403198 , 20.36150
122.21 , 62.2352523803 , 20.36767
122.24 , 62.2352523803 , 20.37383
122.28 , 62.2352523803 , 20.37967
122.31 , 62.2352523803 , 20.38583
122.35 , 62.3438644409 , 20.39183
122.39 , 62.3438644409 , 20.39800
122.42 , 62.3438644409 , 20.40400
122.46 , 62.3438644409 , 20.41017
122.50 , 62.4524765014 , 20.41617
122.53 , 62.4524765014 , 20.42217
122.57 , 62.4524765014 , 20.42833
122.61 , 62.4524765014 , 20.43433
122.64 , 62.5610923767 , 20.44050
122.68 , 62.5610923767 , 20.44650
122.72 , 62.5610923767 , 20.45267
122.75 , 62.6697044372 , 20.45867
122.79 , 62.5610923767 , 20.46467
122.82 , 62.6697044372 , 20.47067
122.86 , 62.6697044372 , 20.47683
122.90 , 62.7783164978 , 20.48283
122.93 , 62.7783164978 , 20.48900
122.97 , 62.7783164978 , 20.49517
123.01 , 62.7783164978 , 20.50100
123.04 , 62.7783164978 , 20.50717
123.08 , 62.7783164978 , 20.51317
123.12 , 62.8869285583 , 20.51933
123.15 , 62.8869285583 , 20.52533
123.19 , 62.8869285583 , 20.53150
123.22 , 62.9955444335 , 20.53750
123.26 , 62.9955444335 , 20.54350
123.30 , 62.9955444335 , 20.54950
123.33 , 62.9955444335 , 20.55567
123.37 , 63.1041564941 , 20.56184
123.41 , 63.1041564941 , 20.56783
123.44 , 63.1041564941 , 20.57400
123.48 , 63.2127685546 , 20.58000
123.52 , 63.2127685546 , 20.58600
123.55 , 63.2127685546 , 20.59200
123.59 , 63.2127685546 , 20.59817
123.62 , 63.3213806152 , 20.60417
123.66 , 63.3213806152 , 20.61034
123.70 , 63.3213806152 , 20.61633
123.73 , 63.3213806152 , 20.62250
123.77 , 63.3213806152 , 20.62850
123.81 , 63.4299926757 , 20.63450
123.84 , 63.4299926757 , 20.64067
123.88 , 63.5386085510 , 20.64667
123.92 , 63.5386085510 , 20.65283
123.95 , 63.4299926757 , 20.65884
123.99 , 63.5386085510 , 20.66500
124.02 , 63.5386085510 , 20.67083
124.06 , 63.6472206115 , 20.67700
124.10 , 63.6472206115 , 20.68300
124.13 , 63.7558326721 , 20.68917
124.17 , 63.7558326721 , 20.69533
124.21 , 63.7558326721 , 20.70133
124.24 , 63.7558326721 , 20.70734
124.28 , 63.7558326721 , 20.71333
124.32 , 63.8644447326 , 20.71950
124.35 , 63.8644447326 , 20.72550
124.39 , 63.9730606079 , 20.73167
124.43 , 63.9730606079 , 20.73767
124.46 , 63.9730606079 , 20.74383
124.50 , 64.0816726684 , 20.74967
124.54 , 64.0816726684 , 20.75584
124.57 , 64.0816726684 , 20.76200
124.61 , 64.0816726684 , 20.76800
124.64 , 64.1902847290 , 20.77417
124.68 , 64.1902847290 , 20.78017
124.72 , 64.2988967895 , 20.78634
124.75 , 64.1902847290 , 20.79217
124.79 , 64.2988967895 , 20.79833
124.83 , 64.1902847290 , 20.80433
124.86 , 64.2988967895 , 20.81050
124.90 , 64.2988967895 , 20.81667
124.94 , 64.2988967895 , 20.82267
124.97 , 64.4075088500 , 20.82884
125.01 , 64.4075088500 , 20.83467
125.04 , 64.4075088500 , 20.84083
125.08 , 64.4075088500 , 20.84683
125.12 , 64.5161209106 , 20.85300
125.15 , 64.5161209106 , 20.85900
125.19 , 64.5161209106 , 20.86517
125.23 , 64.5161209106 , 20.87117
125.26 , 64.6247329711 , 20.87717
125.30 , 64.5161209106 , 20.88334
125.34 , 64.6247329711 , 20.88933
125.37 , 64.7333526611 , 20.89550
125.41 , 64.6247329711 , 20.90150
125.45 , 64.6247329711 , 20.90767
125.48 , 64.7333526611 , 20.91350
125.52 , 64.6247329711 , 20.91967
125.55 , 64.7333526611 , 20.92567
125.59 , 64.7333526611 , 20.93184
125.63 , 64.8419647216 , 20.93783
125.66 , 64.8419647216 , 20.94400
125.70 , 64.9505767822 , 20.95017
125.74 , 64.9505767822 , 20.95600
125.77 , 64.9505767822 , 20.96217
125.81 , 64.9505767822 , 20.96817
125.85 , 64.9505767822 , 20.97434
125.88 , 65.0591964721 , 20.98034
125.92 , 65.0591964721 , 20.98650
125.95 , 65.0591964721 , 20.99250
125.99 , 65.0591964721 , 20.99850
126.03 , 65.0591964721 , 21.00450
126.06 , 65.0591964721 , 21.01067
126.10 , 65.1678085327 , 21.01683
126.14 , 65.1678085327 , 21.02284
126.17 , 65.1678085327 , 21.02900
126.21 , 65.2764205932 , 21.03500
126.25 , 65.2764205932 , 21.04100
126.28 , 65.3850326538 , 21.04700
126.32 , 65.3850326538 , 21.05317
126.36 , 65.3850326538 , 21.05917
126.39 , 65.3850326538 , 21.06534
126.43 , 65.4936447143 , 21.07134
126.46 , 65.4936447143 , 21.07750
126.50 , 65.6022567749 , 21.08350
126.54 , 65.4936447143 , 21.08950
126.57 , 65.6022567749 , 21.09567
126.61 , 65.6022567749 , 21.10167
126.65 , 65.7108688354 , 21.10783
126.68 , 65.7108688354 , 21.11384
126.72 , 65.7108688354 , 21.12000
126.75 , 65.8194808959 , 21.12583
126.79 , 65.8194808959 , 21.13200
126.83 , 65.8194808959 , 21.13800
126.86 , 65.8194808959 , 21.14417
126.90 , 65.9280929565 , 21.15033
126.94 , 65.9280929565 , 21.15633
126.97 , 65.9280929565 , 21.16234
127.01 , 65.9280929565 , 21.16834
127.05 , 65.9280929565 , 21.17450
127.08 , 66.0367126464 , 21.18050
127.12 , 66.0367126464 , 21.18667
127.16 , 66.1453247070 , 21.19267
127.19 , 66.0367126464 , 21.19883
127.23 , 66.1453247070 , 21.20483
127.26 , 66.1453247070 , 21.21084
127.30 , 66.1453247070 , 21.21700
127.34 , 66.1453247070 , 21.22300
127.37 , 66.2539367675 , 21.22917
127.41 , 66.2539367675 , 21.23517
127.45 , 66.3625488281 , 21.24133
127.48 , 66.3625488281 , 21.24717
127.52 , 66.3625488281 , 21.25333
127.56 , 66.3625488281 , 21.25934
127.59 , 66.4711608886 , 21.26550
127.63 , 66.4711608886 , 21.27167
127.67 , 66.4711608886 , 21.27767
127.70 , 66.4711608886 , 21.28384
127.74 , 66.4711608886 , 21.28967
127.77 , 66.5797729492 , 21.29583
127.81 , 66.4711608886 , 21.30183
127.85 , 66.6883850097 , 21.30800
127.88 , 66.5797729492 , 21.31400
127.92 , 66.6883850097 , 21.32017
127.96 , 66.6883850097 , 21.32600
127.99 , 66.6883850097 , 21.33217
128.03 , 66.6883850097 , 21.33833
128.07 , 66.6883850097 , 21.34433
128.10 , 66.7969970703 , 21.35050
128.14 , 66.7969970703 , 21.35650
128.18 , 66.7969970703 , 21.36267
128.21 , 66.9056091308 , 21.36850
128.25 , 66.7969970703 , 21.37467
128.28 , 66.9056091308 , 21.38067
128.32 , 66.9056091308 , 21.38683
128.36 , 66.9056091308 , 21.39283
128.39 , 67.0142288208 , 21.39900
128.43 , 67.1228408813 , 21.40517
128.47 , 67.1228408813 , 21.41100
128.50 , 67.1228408813 , 21.41717
128.54 , 67.1228408813 , 21.42317
128.58 , 67.1228408813 , 21.42934
128.61 , 67.1228408813 , 21.43533
128.65 , 67.2314529418 , 21.44150
128.69 , 67.2314529418 , 21.44750
128.72 , 67.3400650024 , 21.45350
128.76 , 67.3400650024 , 21.45950
128.79 , 67.3400650024 , 21.46567
128.83 , 67.4486770629 , 21.47183
128.87 , 67.3400650024 , 21.47784
128.90 , 67.3400650024 , 21.48400
128.94 , 67.4486770629 , 21.49000
128.98 , 67.5572891235 , 21.49600
129.01 , 67.5572891235 , 21.50200
129.05 , 67.5572891235 , 21.50817
129.09 , 67.5572891235 , 21.51417
129.12 , 67.5572891235 , 21.52033
129.16 , 67.6659011840 , 21.52634
129.20 , 67.6659011840 , 21.53250
129.23 , 67.7745132446 , 21.53850
129.27 , 67.7745132446 , 21.54450
129.30 , 67.7745132446 , 21.55067
129.34 , 67.7745132446 , 21.55667
129.38 , 67.8831253051 , 21.56283
129.41 , 67.7745132446 , 21.56883
129.45 , 67.8831253051 , 21.57484
129.49 , 67.8831253051 , 21.58083
129.52 , 67.8831253051 , 21.58700
129.56 , 67.8831253051 , 21.59317
129.60 , 67.7745132446 , 21.59917
129.63 , 67.8831253051 , 21.60534
129.67 , 67.7745132446 , 21.61133
129.70 , 67.7745132446 , 21.61733
129.74 , 67.8831253051 , 21.62334
129.78 , 67.7745132446 , 21.62950
129.81 , 67.8831253051 , 21.63550
129.85 , 67.9917449951 , 21.64167
129.89 , 67.9917449951 , 21.64767
129.92 , 67.9917449951 , 21.65384
129.96 , 67.9917449951 , 21.65983
130.00 , 68.1003570556 , 21.66583
130.03 , 67.9917449951 , 21.67200
130.07 , 68.2089691162 , 21.67800
130.11 , 68.2089691162 , 21.68417
130.14 , 68.2089691162 , 21.69017
130.18 , 68.1003570556 , 21.69633
130.21 , 68.2089691162 , 21.70217
130.25 , 68.2089691162 , 21.70833
130.29 , 68.3175811767 , 21.71433
130.32 , 68.3175811767 , 21.72050
130.36 , 68.3175811767 , 21.72667
130.40 , 68.3175811767 , 21.73267
130.43 , 68.3175811767 , 21.73884
130.47 , 68.4261932373 , 21.74467
130.51 , 68.4261932373 , 21.75084
130.54 , 68.4261932373 , 21.75683
130.58 , 68.4261932373 , 21.76300
130.61 , 68.5348052978 , 21.76900
130.65 , 68.5348052978 , 21.77517
130.69 , 68.5348052978 , 21.78100
130.72 , 68.5348052978 , 21.78717
130.76 , 68.6434173583 , 21.79333
130.80 , 68.6434173583 , 21.79934
130.83 , 68.6434173583 , 21.80550
130.87 , 68.7520294189 , 21.81150
130.91 , 68.7520294189 , 21.81767
130.94 , 68.7520294189 , 21.82350
130.98 , 68.8606414794 , 21.82967
131.01 , 68.8606414794 , 21.83567
131.05 , 68.8606414794 , 21.84183
131.09 , 68.8606414794 , 21.84784
131.12 , 68.9692611694 , 21.85400
131.16 , 68.9692611694 , 21.86017
131.20 , 68.9692611694 , 21.86600
131.23 , 69.0778732299 , 21.87217
131.27 , 69.0778732299 , 21.87817
131.31 , 69.1864852905 , 21.88434
131.34 , 69.1864852905 , 21.89033
131.38 , 69.1864852905 , 21.89650
131.41 , 69.0778732299 , 21.90250
131.45 , 69.1864852905 , 21.90850
131.49 , 69.0778732299 , 21.91450
131.52 , 69.0778732299 , 21.92067
131.56 , 69.1864852905 , 21.92683
131.60 , 69.1864852905 , 21.93284
131.63 , 69.0778732299 , 21.93900
131.67 , 69.1864852905 , 21.94500
131.71 , 69.0778732299 , 21.95100
131.74 , 69.0778732299 , 21.95700
131.78 , 69.0778732299 , 21.96317
131.82 , 69.0778732299 , 21.96917
131.85 , 69.0778732299 , 21.97533
131.89 , 69.0778732299 , 21.98150
131.92 , 68.9692611694 , 21.98733
131.96 , 69.0778732299 , 21.99350
132.00 , 69.0778732299 , 21.99950
132.03 , 69.0778732299 , 22.00567
132.07 , 69.0778732299 , 22.01167
132.11 , 68.9692611694 , 22.01783
132.14 , 69.0778732299 , 22.02383
132.18 , 69.0778732299 , 22.02984