3.37 , 0.0000000000 , 0.56133
3.40 , 0.1086129074 , 0.56667
3.43 , 0.1086129074 , 0.57217
3.47 , 0.1086129074 , 0.57750
3.50 , 0.0000000000 , 0.58283
3.53 , 0.1086129074 , 0.58817
3.56 , 0.0000000000 , 0.59367
3.59 , 0.0000000000 , 0.59900
3.63 , 0.0000000000 , 0.60450
3.66 , 0.1086129074 , 0.60967
3.69 , 0.0000000000 , 0.61500
3.72 , 0.0000000000 , 0.62050
3.76 , 0.0000000000 , 0.62583
3.79 , 0.1086129074 , 0.63117
3.82 , 0.1086129074 , 0.63650
3.85 , 0.1086129074 , 0.64200
3.88 , 0.1086129074 , 0.64733
3.92 , 0.0000000000 , 0.65267
3.95 , 0.1086129074 , 0.65800
3.98 , 0.1086129074 , 0.66350
4.01 , 0.1086129074 , 0.66883
4.05 , 0.1086129074 , 0.67417
4.08 , 0.1086129074 , 0.67950
4.11 , 0.1086129074 , 0.68500
4.14 , 0.1086129074 , 0.69033
4.17 , 0.1086129074 , 0.69567
4.21 , 0.1086129074 , 0.70100
4.24 , 0.1086129074 , 0.70650
4.27 , 0.2172258138 , 0.71183
4.30 , 0.1086129074 , 0.71717
4.34 , 0.2172258138 , 0.72250
4.37 , 0.2172258138 , 0.72800
4.40 , 0.2172258138 , 0.73333
4.43 , 0.2172258138 , 0.73867
4.46 , 0.2172258138 , 0.74400
4.50 , 0.2172258138 , 0.74950
4.53 , 0.2172258138 , 0.75483
4.56 , 0.2172258138 , 0.76017
4.59 , 0.3258387088 , 0.76550
4.63 , 0.2172258138 , 0.77100
4.66 , 0.2172258138 , 0.77633
4.69 , 0.3258387088 , 0.78167
4.72 , 0.3258387088 , 0.78700
4.75 , 0.2172258138 , 0.79233
4.79 , 0.3258387088 , 0.79783
4.82 , 0.3258387088 , 0.80300
4.85 , 0.3258387088 , 0.80850
4.88 , 0.3258387088 , 0.81383
4.92 , 0.4344516277 , 0.81933
4.95 , 0.3258387088 , 0.82450
4.98 , 0.4344516277 , 0.83000
5.01 , 0.4344516277 , 0.83533
5.05 , 0.4344516277 , 0.84083
5.08 , 0.4344516277 , 0.84600
5.11 , 0.4344516277 , 0.85150
5.14 , 0.5430645465 , 0.85683
5.17 , 0.5430645465 , 0.86233
5.21 , 0.4344516277 , 0.86767
5.24 , 0.5430645465 , 0.87300
5.27 , 0.4344516277 , 0.87833
5.30 , 0.4344516277 , 0.88383
5.34 , 0.5430645465 , 0.88917
5.37 , 0.6516774177 , 0.89450
5.40 , 0.5430645465 , 0.89983
5.43 , 0.6516774177 , 0.90533
5.46 , 0.5430645465 , 0.91067
5.50 , 0.6516774177 , 0.91600
5.53 , 0.6516774177 , 0.92133
5.56 , 0.5430645465 , 0.92683
5.59 , 0.5430645465 , 0.93217
5.63 , 0.7602903366 , 0.93750
5.66 , 0.6516774177 , 0.94283
5.69 , 0.7602903366 , 0.94833
5.72 , 0.6516774177 , 0.95367
5.75 , 0.7602903366 , 0.95883
5.79 , 0.7602903366 , 0.96433
5.82 , 0.7602903366 , 0.96967
5.85 , 0.8689032554 , 0.97517
5.88 , 0.7602903366 , 0.98033
5.92 , 0.7602903366 , 0.98583
5.95 , 0.7602903366 , 0.99117
5.98 , 0.9775175094 , 0.99667
6.01 , 0.8689032554 , 1.00183
6.04 , 0.8689032554 , 1.00733
6.08 , 0.7602903366 , 1.01267
6.11 , 0.8689032554 , 1.01817
6.14 , 0.8689032554 , 1.02333
6.17 , 0.8689032554 , 1.02883
6.21 , 0.9775175094 , 1.03417
6.24 , 0.8689032554 , 1.03967
6.27 , 0.8689032554 , 1.04483
6.30 , 0.8689032554 , 1.05033
6.33 , 0.9775175094 , 1.05567
6.37 , 0.9775175094 , 1.06117
6.40 , 0.8689032554 , 1.06633
6.43 , 1.0861303806 , 1.07183
6.46 , 0.9775175094 , 1.07717
6.50 , 0.9775175094 , 1.08267
6.53 , 0.9775175094 , 1.08800
6.56 , 0.9775175094 , 1.09333
6.59 , 0.9775175094 , 1.09867
6.63 , 1.0861303806 , 1.10417
6.66 , 0.9775175094 , 1.10950
6.69 , 1.0861303806 , 1.11483
6.72 , 1.0861303806 , 1.12017
6.75 , 1.1947432708 , 1.12567
6.79 , 1.0861303806 , 1.13100
6.82 , 1.0861303806 , 1.13617
6.85 , 1.0861303806 , 1.14167
6.88 , 1.0861303806 , 1.14700
6.92 , 1.1947432708 , 1.15250
6.95 , 1.1947432708 , 1.15767
6.98 , 1.1947432708 , 1.16317
7.01 , 1.1947432708 , 1.16850
7.04 , 1.1947432708 , 1.17400
7.07 , 1.3033561706 , 1.17917
7.11 , 1.1947432708 , 1.18467
7.14 , 1.1947432708 , 1.19000
7.17 , 1.3033561706 , 1.19550
7.20 , 1.1947432708 , 1.20067
7.24 , 1.1947432708 , 1.20617
7.27 , 1.3033561706 , 1.21150
7.30 , 1.3033561706 , 1.21700
7.33 , 1.3033561706 , 1.22217
7.37 , 1.4119690895 , 1.22767
7.40 , 1.4119690895 , 1.23300
7.43 , 1.3033561706 , 1.23850
7.46 , 1.3033561706 , 1.24367
7.50 , 1.4119690895 , 1.24917
7.53 , 1.5205819606 , 1.25450
7.56 , 1.3033561706 , 1.26000
7.59 , 1.4119690895 , 1.26517
7.62 , 1.4119690895 , 1.27067
7.66 , 1.4119690895 , 1.27600
7.69 , 1.5205819606 , 1.28150
7.72 , 1.4119690895 , 1.28667
7.75 , 1.5205819606 , 1.29217
7.78 , 1.4119690895 , 1.29750
7.82 , 1.5205819606 , 1.30283
7.85 , 1.5205819606 , 1.30817
7.88 , 1.5205819606 , 1.31350
7.91 , 1.5205819606 , 1.31900
7.95 , 1.5205819606 , 1.32433
7.98 , 1.5205819606 , 1.32983
8.01 , 1.6291948318 , 1.33500
8.04 , 1.6291948318 , 1.34050
8.07 , 1.6291948318 , 1.34583
8.11 , 1.6291948318 , 1.35133
8.14 , 1.6291948318 , 1.35650
8.17 , 1.6291948318 , 1.36200
8.20 , 1.6291948318 , 1.36733
8.24 , 1.7378077507 , 1.37283
8.27 , 1.6291948318 , 1.37800
8.30 , 1.7378077507 , 1.38350
8.33 , 1.7378077507 , 1.38883
8.37 , 1.7378077507 , 1.39433
8.40 , 1.7378077507 , 1.39950
8.43 , 1.7378077507 , 1.40500
8.46 , 1.6291948318 , 1.41033
8.50 , 1.7378077507 , 1.41583
8.53 , 1.7378077507 , 1.42100
8.56 , 1.7378077507 , 1.42650
8.59 , 1.7378077507 , 1.43183
8.62 , 1.8464206695 , 1.43733
8.65 , 1.7378077507 , 1.44250
8.69 , 1.8464206695 , 1.44800
8.72 , 1.8464206695 , 1.45333
8.75 , 1.8464206695 , 1.45883
8.78 , 1.8464206695 , 1.46400
8.82 , 1.8464206695 , 1.46950
8.85 , 1.8464206695 , 1.47483
8.88 , 1.9550334930 , 1.48017
8.91 , 1.8464206695 , 1.48550
8.94 , 1.9550334930 , 1.49083
8.98 , 1.9550334930 , 1.49633
9.01 , 1.9550334930 , 1.50167
9.04 , 1.9550334930 , 1.50700
9.07 , 1.8464206695 , 1.51233
9.11 , 1.9550334930 , 1.51783
9.14 , 1.9550334930 , 1.52317
9.17 , 1.9550334930 , 1.52850
9.20 , 1.9550334930 , 1.53383
9.24 , 1.9550334930 , 1.53933
9.27 , 2.0636465549 , 1.54467
9.30 , 1.9550334930 , 1.55000
9.33 , 2.0636465549 , 1.55533
9.36 , 2.0636465549 , 1.56083
9.40 , 2.0636465549 , 1.56617
9.43 , 2.1722593307 , 1.57167
9.46 , 2.0636465549 , 1.57683
9.49 , 2.0636465549 , 1.58233
9.53 , 2.1722593307 , 1.58767
9.56 , 2.1722593307 , 1.59317
9.59 , 2.2808723449 , 1.59833
9.62 , 2.0636465549 , 1.60383
9.65 , 2.1722593307 , 1.60917
9.69 , 2.1722593307 , 1.61467
9.72 , 2.2808723449 , 1.61983
9.75 , 2.2808723449 , 1.62533
9.78 , 2.1722593307 , 1.63067
9.82 , 2.1722593307 , 1.63617
9.85 , 2.2808723449 , 1.64133
9.88 , 2.2808723449 , 1.64667
9.91 , 2.2808723449 , 1.65217
9.94 , 2.2808723449 , 1.65750
9.98 , 2.2808723449 , 1.66283
10.01 , 2.2808723449 , 1.66817
10.04 , 2.2808723449 , 1.67383
10.08 , 2.2808723449 , 1.67933
10.11 , 2.2808723449 , 1.68483
10.14 , 2.3894865512 , 1.69033
10.18 , 2.3894865512 , 1.69600
10.21 , 2.3894865512 , 1.70150
10.24 , 2.3894865512 , 1.70717
10.27 , 2.3894865512 , 1.71250
10.31 , 2.3894865512 , 1.71817
10.34 , 2.4980993270 , 1.72367
10.38 , 2.4980993270 , 1.72933
10.41 , 2.4980993270 , 1.73467
10.44 , 2.4980993270 , 1.74033
10.48 , 2.4980993270 , 1.74583
10.51 , 2.4980993270 , 1.75150
10.54 , 2.4980993270 , 1.75700
10.57 , 2.6067123413 , 1.76250
10.61 , 2.4980993270 , 1.76800
10.64 , 2.4980993270 , 1.77367
10.68 , 2.6067123413 , 1.77917
10.71 , 2.6067123413 , 1.78467
10.74 , 2.6067123413 , 1.79017
10.77 , 2.6067123413 , 1.79583
10.81 , 2.6067123413 , 1.80133
10.84 , 2.6067123413 , 1.80700
10.87 , 2.7153253555 , 1.81233
10.91 , 2.6067123413 , 1.81800
10.94 , 2.7153253555 , 1.82350
10.98 , 2.7153253555 , 1.82917
11.01 , 2.7153253555 , 1.83467
11.04 , 2.7153253555 , 1.84017
11.07 , 2.7153253555 , 1.84567
11.11 , 2.7153253555 , 1.85133
11.14 , 2.8239381790 , 1.85683
11.17 , 2.7153253555 , 1.86233
11.21 , 2.7153253555 , 1.86783
11.24 , 2.7153253555 , 1.87350
11.27 , 2.8239381790 , 1.87900
11.31 , 2.8239381790 , 1.88467
11.34 , 2.7153253555 , 1.89000
11.37 , 2.8239381790 , 1.89567
11.41 , 2.8239381790 , 1.90117
11.44 , 2.8239381790 , 1.90683
11.47 , 2.8239381790 , 1.91217
11.51 , 2.8239381790 , 1.91783
11.54 , 2.8239381790 , 1.92333
11.57 , 2.9325511932 , 1.92900
11.61 , 2.8239381790 , 1.93450
11.64 , 2.9325511932 , 1.94000
11.67 , 2.9325511932 , 1.94550
11.71 , 2.9325511932 , 1.95117
11.74 , 2.8239381790 , 1.95667
11.77 , 3.0411639213 , 1.96217
11.81 , 2.9325511932 , 1.96767
11.84 , 2.8239381790 , 1.97333
11.87 , 3.0411639213 , 1.97883
11.91 , 2.9325511932 , 1.98450
11.94 , 2.9325511932 , 1.98983
11.97 , 3.0411639213 , 1.99550
12.01 , 3.0411639213 , 2.00100
12.04 , 3.0411639213 , 2.00667
12.07 , 3.0411639213 , 2.01200
12.11 , 3.0411639213 , 2.01767
12.14 , 3.0411639213 , 2.02317
12.17 , 3.2583897113 , 2.02883
12.21 , 3.1497769355 , 2.03433
12.24 , 3.0411639213 , 2.03983
12.27 , 3.1497769355 , 2.04533
12.31 , 3.1497769355 , 2.05100
12.34 , 3.1497769355 , 2.05650
12.37 , 3.1497769355 , 2.06200
12.40 , 3.1497769355 , 2.06750
12.44 , 3.2583897113 , 2.07317
12.47 , 3.2583897113 , 2.07867
12.51 , 3.2583897113 , 2.08433
12.54 , 3.2583897113 , 2.08967
12.57 , 3.2583897113 , 2.09533
12.60 , 3.2583897113 , 2.10083
12.64 , 3.2583897113 , 2.10650
12.67 , 3.3670027256 , 2.11200
12.71 , 3.3670027256 , 2.11750
12.74 , 3.3670027256 , 2.12300
12.77 , 3.3670027256 , 2.12867
12.81 , 3.3670027256 , 2.13417
12.84 , 3.4756155014 , 2.13967
12.87 , 3.4756155014 , 2.14517
12.90 , 3.3670027256 , 2.15083
12.94 , 3.4756155014 , 2.15633
12.97 , 3.3670027256 , 2.16200
13.00 , 3.3670027256 , 2.16733
13.04 , 3.3670027256 , 2.17300
13.07 , 3.4756155014 , 2.17850
13.10 , 3.4756155014 , 2.18417
13.14 , 3.5842285156 , 2.18950
13.17 , 3.4756155014 , 2.19517
13.20 , 3.4756155014 , 2.20067
13.24 , 3.6928412914 , 2.20633
13.27 , 3.4756155014 , 2.21183
13.30 , 3.5842285156 , 2.21733
13.34 , 3.4756155014 , 2.22283
13.37 , 3.5842285156 , 2.22850
13.40 , 3.5842285156 , 2.23400
13.44 , 3.5842285156 , 2.23950
13.47 , 3.5842285156 , 2.24500
13.50 , 3.6928412914 , 2.25067
13.54 , 3.5842285156 , 2.25617
13.57 , 3.6928412914 , 2.26183
13.60 , 3.5842285156 , 2.26717
13.64 , 3.5842285156 , 2.27283
13.67 , 3.6928412914 , 2.27833
13.70 , 3.8014554977 , 2.28400
13.74 , 3.6928412914 , 2.28933
13.77 , 3.8014554977 , 2.29500
13.80 , 3.6928412914 , 2.30050
13.84 , 3.6928412914 , 2.30617
13.87 , 3.8014554977 , 2.31167
13.90 , 3.6928412914 , 2.31717
13.94 , 3.8014554977 , 2.32267
13.97 , 3.8014554977 , 2.32833
14.00 , 3.8014554977 , 2.33383
14.04 , 3.6928412914 , 2.33933
14.07 , 3.8014554977 , 2.34483
14.10 , 3.8014554977 , 2.35050
14.14 , 3.6928412914 , 2.35600
14.17 , 3.9100685119 , 2.36167
14.20 , 3.8014554977 , 2.36700
14.24 , 3.9100685119 , 2.37267
14.27 , 3.8014554977 , 2.37817
14.30 , 3.9100685119 , 2.38383
14.34 , 3.8014554977 , 2.38933
14.37 , 3.9100685119 , 2.39483
14.40 , 4.0186815261 , 2.40033
14.44 , 4.1272945404 , 2.40600
14.47 , 3.9100685119 , 2.41150
14.50 , 3.9100685119 , 2.41700
14.53 , 4.0186815261 , 2.42250
14.57 , 4.0186815261 , 2.42817
14.60 , 3.9100685119 , 2.43367
14.64 , 4.1272945404 , 2.43933
14.67 , 4.0186815261 , 2.44467
14.70 , 4.0186815261 , 2.45033
14.73 , 4.1272945404 , 2.45583
14.77 , 4.1272945404 , 2.46150
14.80 , 4.1272945404 , 2.46683
14.84 , 4.1272945404 , 2.47250
14.87 , 4.1272945404 , 2.47800
14.90 , 4.1272945404 , 2.48367
14.94 , 4.1272945404 , 2.48917
14.97 , 4.1272945404 , 2.49467
15.00 , 4.2359070777 , 2.50017
15.03 , 4.2359070777 , 2.50583
15.07 , 4.3445200920 , 2.51133
15.10 , 4.2359070777 , 2.51683
15.13 , 4.3445200920 , 2.52233
15.17 , 4.2359070777 , 2.52800
15.20 , 4.3445200920 , 2.53350
15.23 , 4.3445200920 , 2.53917
15.27 , 4.2359070777 , 2.54450
15.30 , 4.3445200920 , 2.55017
15.33 , 4.3445200920 , 2.55567
15.37 , 4.3445200920 , 2.56133
15.40 , 4.3445200920 , 2.56667
15.43 , 4.3445200920 , 2.57233
15.47 , 4.3445200920 , 2.57783
15.50 , 4.4531331062 , 2.58350
15.53 , 4.4531331062 , 2.58900
15.57 , 4.3445200920 , 2.59450
15.60 , 4.3445200920 , 2.60000
15.63 , 4.4531331062 , 2.60567
15.67 , 4.4531331062 , 2.61117
15.70 , 4.4531331062 , 2.61667
15.73 , 4.5617461204 , 2.62217
15.77 , 4.5617461204 , 2.62783
15.80 , 4.4531331062 , 2.63333
15.83 , 4.4531331062 , 2.63900
15.87 , 4.6703586578 , 2.64433
15.90 , 4.4531331062 , 2.65000
15.93 , 4.4531331062 , 2.65550
15.97 , 4.5617461204 , 2.66117
16.00 , 4.5617461204 , 2.66667
16.03 , 4.5617461204 , 2.67217
16.07 , 4.6703586578 , 2.67767
16.10 , 4.5617461204 , 2.68333
16.13 , 4.5617461204 , 2.68883
16.17 , 4.5617461204 , 2.69433
16.20 , 4.7789716720 , 2.69983
16.23 , 4.6703586578 , 2.70550
16.27 , 4.6703586578 , 2.71100
16.30 , 4.6703586578 , 2.71667
16.33 , 4.6703586578 , 2.72200
16.37 , 4.6703586578 , 2.72767
16.40 , 4.7789716720 , 2.73317
16.43 , 4.7789716720 , 2.73883
16.46 , 4.6703586578 , 2.74417
16.50 , 4.6703586578 , 2.74983
16.53 , 4.7789716720 , 2.75533
16.57 , 4.7789716720 , 2.76100
16.60 , 4.6703586578 , 2.76650
16.63 , 4.7789716720 , 2.77200
16.67 , 4.6703586578 , 2.77750
16.70 , 4.9961977005 , 2.78317
16.73 , 4.7789716720 , 2.78867
16.76 , 4.8875846862 , 2.79417
16.80 , 4.8875846862 , 2.79967
16.83 , 4.8875846862 , 2.80533
16.86 , 4.9961977005 , 2.81083
16.90 , 4.9961977005 , 2.81650
16.93 , 4.8875846862 , 2.82183
16.96 , 4.8875846862 , 2.82750
17.00 , 4.9961977005 , 2.83300
17.03 , 4.8875846862 , 2.83867
17.06 , 4.9961977005 , 2.84400
17.10 , 4.9961977005 , 2.84967
17.13 , 4.9961977005 , 2.85517
17.17 , 4.9961977005 , 2.86083
17.20 , 5.1048102378 , 2.86633
17.23 , 5.1048102378 , 2.87183
17.26 , 4.9961977005 , 2.87733
17.30 , 5.2134246826 , 2.88300
17.33 , 5.1048102378 , 2.88850
17.36 , 5.1048102378 , 2.89400
17.40 , 5.2134246826 , 2.89950
17.43 , 5.2134246826 , 2.90517
17.46 , 5.2134246826 , 2.91067
17.50 , 5.1048102378 , 2.91633
17.53 , 5.1048102378 , 2.92167
17.56 , 5.2134246826 , 2.92733
17.60 , 5.2134246826 , 2.93283
17.63 , 5.3220376968 , 2.93850
17.66 , 5.3220376968 , 2.94400
17.70 , 5.3220376968 , 2.94950
17.73 , 5.3220376968 , 2.95500
17.76 , 5.3220376968 , 2.96067
17.80 , 5.4306507110 , 2.96617
17.83 , 5.4306507110 , 2.97167
17.86 , 5.3220376968 , 2.97717
17.90 , 5.3220376968 , 2.98283
17.93 , 5.4306507110 , 2.98833
17.96 , 5.3220376968 , 2.99400
18.00 , 5.4306507110 , 2.99933
18.03 , 5.3220376968 , 3.00500
18.06 , 5.4306507110 , 3.01050
18.10 , 5.3220376968 , 3.01617
18.13 , 5.4306507110 , 3.02150
18.16 , 5.4306507110 , 3.02717
18.20 , 5.4306507110 , 3.03267
18.23 , 5.4306507110 , 3.03833
18.26 , 5.6478762626 , 3.04383
18.30 , 5.5392632484 , 3.04933
18.33 , 5.5392632484 , 3.05483
18.36 , 5.5392632484 , 3.06050
18.40 , 5.6478762626 , 3.06600
18.43 , 5.6478762626 , 3.07150
18.46 , 5.6478762626 , 3.07700
18.50 , 5.5392632484 , 3.08267
18.53 , 5.5392632484 , 3.08817
18.56 , 5.6478762626 , 3.09383
18.59 , 5.6478762626 , 3.09917
18.63 , 5.7564892768 , 3.10483
18.66 , 5.6478762626 , 3.11033
18.70 , 5.6478762626 , 3.11600
18.73 , 5.6478762626 , 3.12133
18.76 , 5.5392632484 , 3.12700
18.79 , 5.6478762626 , 3.13250
18.83 , 5.7564892768 , 3.13817
18.86 , 5.6478762626 , 3.14367
18.89 , 5.6478762626 , 3.14917
18.93 , 5.7564892768 , 3.15467
18.96 , 5.7564892768 , 3.16033
19.00 , 5.7564892768 , 3.16583
19.03 , 5.7564892768 , 3.17133
19.06 , 5.8651022911 , 3.17683
19.09 , 5.8651022911 , 3.18250
19.13 , 5.7564892768 , 3.18800
19.16 , 5.9737148284 , 3.19367
19.19 , 5.8651022911 , 3.19900
19.23 , 5.8651022911 , 3.20467
19.26 , 5.9737148284 , 3.21017
19.29 , 5.9737148284 , 3.21583
19.33 , 5.8651022911 , 3.22133
19.36 , 5.8651022911 , 3.22683
19.39 , 5.9737148284 , 3.23233
19.43 , 5.8651022911 , 3.23800
19.46 , 5.9737148284 , 3.24350
19.49 , 6.0823278427 , 3.24900
19.53 , 5.9737148284 , 3.25450
19.56 , 6.0823278427 , 3.26017
19.59 , 5.9737148284 , 3.26567
19.63 , 6.0823278427 , 3.27133
19.66 , 6.0823278427 , 3.27667
19.69 , 6.0823278427 , 3.28233
19.73 , 6.0823278427 , 3.28783
19.76 , 6.1909408569 , 3.29350
19.79 , 6.0823278427 , 3.29883
19.83 , 6.2995538711 , 3.30450
19.86 , 6.1909408569 , 3.31000
19.89 , 6.1909408569 , 3.31567
19.93 , 6.1909408569 , 3.32117
19.96 , 6.1909408569 , 3.32667
19.99 , 6.1909408569 , 3.33217
20.03 , 6.1909408569 , 3.33783
20.06 , 6.2995538711 , 3.34333
20.09 , 6.2995538711 , 3.34883
20.13 , 6.2995538711 , 3.35433
20.16 , 6.2995538711 , 3.36000
20.19 , 6.2995538711 , 3.36550
20.23 , 6.2995538711 , 3.37117
20.26 , 6.2995538711 , 3.37650
20.29 , 6.2995538711 , 3.38217
20.33 , 6.4081664085 , 3.38767
20.36 , 6.4081664085 , 3.39333
20.39 , 6.5167808532 , 3.39867
20.43 , 6.4081664085 , 3.40433
20.46 , 6.4081664085 , 3.40983
20.49 , 6.4081664085 , 3.41550
20.53 , 6.2995538711 , 3.42100
20.56 , 6.5167808532 , 3.42650
20.59 , 6.5167808532 , 3.43200
20.63 , 6.5167808532 , 3.43767
20.66 , 6.5167808532 , 3.44317
20.69 , 6.5167808532 , 3.44867
20.72 , 6.4081664085 , 3.45417
20.76 , 6.5167808532 , 3.45983
20.79 , 6.4081664085 , 3.46533
20.83 , 6.5167808532 , 3.47100
20.86 , 6.5167808532 , 3.47633
20.89 , 6.5167808532 , 3.48200
20.92 , 6.4081664085 , 3.48750
20.96 , 6.5167808532 , 3.49317
20.99 , 6.5167808532 , 3.49867
21.02 , 6.6253938674 , 3.50417
21.06 , 6.7340068817 , 3.50967
21.09 , 6.5167808532 , 3.51533
21.12 , 6.5167808532 , 3.52083
21.16 , 6.2995538711 , 3.52633
21.19 , 6.4081664085 , 3.53183
21.22 , 6.2995538711 , 3.53750
21.26 , 6.4081664085 , 3.54300
21.29 , 6.4081664085 , 3.54867
21.32 , 6.4081664085 , 3.55400
21.36 , 6.4081664085 , 3.55967
21.39 , 6.4081664085 , 3.56517
21.42 , 6.2995538711 , 3.57083
21.46 , 6.5167808532 , 3.57617
21.49 , 6.4081664085 , 3.58183
21.52 , 6.4081664085 , 3.58733
21.56 , 6.5167808532 , 3.59300
21.59 , 6.5167808532 , 3.59850
21.62 , 6.4081664085 , 3.60400
21.66 , 6.4081664085 , 3.60950
21.69 , 6.5167808532 , 3.61517
21.72 , 6.4081664085 , 3.62067
21.76 , 6.5167808532 , 3.62617
21.79 , 6.5167808532 , 3.63167
21.82 , 6.5167808532 , 3.63733
21.86 , 6.4081664085 , 3.64283
21.89 , 6.5167808532 , 3.64850
21.92 , 6.6253938674 , 3.65383
21.96 , 6.5167808532 , 3.65950
21.99 , 6.6253938674 , 3.66500
22.02 , 6.7340068817 , 3.67067
22.06 , 6.6253938674 , 3.67600
22.09 , 6.7340068817 , 3.68167
22.12 , 6.6253938674 , 3.68717
22.16 , 6.6253938674 , 3.69283
22.19 , 6.6253938674 , 3.69833
22.22 , 6.7340068817 , 3.70383
22.26 , 6.7340068817 , 3.70933
22.29 , 6.8426194190 , 3.71500
22.32 , 6.7340068817 , 3.72050
22.36 , 6.8426194190 , 3.72600
22.39 , 6.8426194190 , 3.73150
22.42 , 6.7340068817 , 3.73717
22.46 , 6.8426194190 , 3.74267
22.49 , 6.9512324333 , 3.74833
22.52 , 6.8426194190 , 3.75367
22.56 , 6.8426194190 , 3.75933
22.59 , 6.8426194190 , 3.76483
22.62 , 6.8426194190 , 3.77050
22.66 , 6.9512324333 , 3.77600
22.69 , 6.9512324333 , 3.78150
22.72 , 6.9512324333 , 3.78700
22.76 , 6.9512324333 , 3.79267
22.79 , 6.9512324333 , 3.79817
22.82 , 6.9512324333 , 3.80367
22.85 , 6.9512324333 , 3.80917
22.89 , 6.9512324333 , 3.81483
22.92 , 6.9512324333 , 3.82033
22.96 , 7.0598454475 , 3.82600
22.99 , 7.0598454475 , 3.83133
23.02 , 7.0598454475 , 3.83700
23.05 , 6.9512324333 , 3.84250
23.09 , 7.0598454475 , 3.84817
23.12 , 7.1684584617 , 3.85350
23.15 , 7.0598454475 , 3.85917
23.19 , 7.0598454475 , 3.86467
23.22 , 7.1684584617 , 3.87033
23.25 , 7.0598454475 , 3.87583
23.29 , 7.0598454475 , 3.88133
23.32 , 7.1684584617 , 3.88683
23.35 , 7.1684584617 , 3.89250
23.39 , 7.1684584617 , 3.89800
23.42 , 7.2770709991 , 3.90350
23.45 , 7.2770709991 , 3.90900
23.49 , 7.1684584617 , 3.91467
23.52 , 7.1684584617 , 3.92017
23.55 , 7.1684584617 , 3.92583
23.59 , 7.3856840133 , 3.93117
23.62 , 7.2770709991 , 3.93683
23.65 , 7.2770709991 , 3.94233
23.69 , 7.2770709991 , 3.94800
23.72 , 7.2770709991 , 3.95333
23.75 , 7.2770709991 , 3.95900
23.79 , 7.3856840133 , 3.96450
23.82 , 7.3856840133 , 3.97017
23.85 , 7.3856840133 , 3.97567
23.89 , 7.4942970275 , 3.98117
23.92 , 7.4942970275 , 3.98667
23.95 , 7.4942970275 , 3.99233
23.99 , 7.6029100418 , 3.99783
24.02 , 7.6029100418 , 4.00333
24.05 , 7.4942970275 , 4.00883
24.09 , 7.6029100418 , 4.01450
24.12 , 7.6029100418 , 4.02000
24.15 , 7.6029100418 , 4.02567
24.19 , 7.6029100418 , 4.03100
24.22 , 7.4942970275 , 4.03667
24.25 , 7.6029100418 , 4.04217
24.29 , 7.4942970275 , 4.04783
24.32 , 7.7115225791 , 4.05333
24.35 , 7.7115225791 , 4.05883
24.39 , 7.7115225791 , 4.06433
24.42 , 7.6029100418 , 4.07000
24.45 , 7.8201355934 , 4.07550
24.49 , 7.6029100418 , 4.08100
24.52 , 7.8201355934 , 4.08650
24.55 , 7.7115225791 , 4.09217
24.59 , 7.7115225791 , 4.09767
24.62 , 7.7115225791 , 4.10333
24.65 , 7.8201355934 , 4.10867
24.69 , 7.8201355934 , 4.11433
24.72 , 7.8201355934 , 4.11983
24.75 , 7.8201355934 , 4.12550
24.78 , 7.9287500381 , 4.13083
24.82 , 8.0373630523 , 4.13650
24.85 , 8.0373630523 , 4.14200
24.89 , 7.9287500381 , 4.14767
24.92 , 8.0373630523 , 4.15317
24.95 , 8.0373630523 , 4.15867
24.98 , 8.0373630523 , 4.16417
25.02 , 8.0373630523 , 4.16983
25.05 , 8.0373630523 , 4.17533
25.08 , 8.0373630523 , 4.18083
25.12 , 8.1459760665 , 4.18633
25.15 , 8.0373630523 , 4.19200
25.18 , 8.2545890808 , 4.19750
25.22 , 8.0373630523 , 4.20317
25.25 , 8.2545890808 , 4.20850
25.28 , 8.2545890808 , 4.21417
25.32 , 8.1459760665 , 4.21967
25.35 , 8.1459760665 , 4.22533
25.38 , 8.2545890808 , 4.23067
25.42 , 8.2545890808 , 4.23633
25.45 , 8.2545890808 , 4.24183
25.48 , 8.2545890808 , 4.24750
25.52 , 8.2545890808 , 4.25300
25.55 , 8.3632011413 , 4.25850
25.58 , 8.3632011413 , 4.26400
25.62 , 8.3632011413 , 4.26967
25.65 , 8.3632011413 , 4.27517
25.68 , 8.2545890808 , 4.28067
25.72 , 8.3632011413 , 4.28617
25.75 , 8.3632011413 , 4.29183
25.78 , 8.3632011413 , 4.29733
25.82 , 8.3632011413 , 4.30300
25.85 , 8.3632011413 , 4.30833
25.88 , 8.3632011413 , 4.31400
25.92 , 8.4718141555 , 4.31950
25.95 , 8.4718141555 , 4.32517
25.98 , 8.4718141555 , 4.33067
26.02 , 8.4718141555 , 4.33617
26.05 , 8.4718141555 , 4.34167
26.08 , 8.4718141555 , 4.34733
26.12 , 8.5804271697 , 4.35283
26.15 , 8.4718141555 , 4.35833
26.18 , 8.5804271697 , 4.36383
26.22 , 8.6890401840 , 4.36950
26.25 , 8.5804271697 , 4.37500
26.28 , 8.6890401840 , 4.38067
26.32 , 8.6890401840 , 4.38600
26.35 , 8.7976531982 , 4.39167
26.38 , 8.6890401840 , 4.39717
26.42 , 8.6890401840 , 4.40283
26.45 , 8.6890401840 , 4.40817
26.48 , 8.7976531982 , 4.41383
26.52 , 8.7976531982 , 4.41933
26.55 , 8.7976531982 , 4.42500
26.58 , 8.7976531982 , 4.43050
26.62 , 8.9062662124 , 4.43600
26.65 , 8.9062662124 , 4.44150
26.68 , 8.9062662124 , 4.44717
26.72 , 8.9062662124 , 4.45267
26.75 , 8.9062662124 , 4.45817
26.78 , 8.9062662124 , 4.46367
26.82 , 8.9062662124 , 4.46933
26.85 , 9.0148792266 , 4.47483
26.88 , 9.0148792266 , 4.48050
26.92 , 9.0148792266 , 4.48583
26.95 , 9.0148792266 , 4.49150
26.98 , 9.1234922409 , 4.49700
27.02 , 9.0148792266 , 4.50267
27.05 , 9.1234922409 , 4.50800
27.08 , 9.2321052551 , 4.51367
27.11 , 9.1234922409 , 4.51917
27.15 , 9.2321052551 , 4.52483
27.18 , 9.1234922409 , 4.53033
27.21 , 9.2321052551 , 4.53583
27.25 , 9.2321052551 , 4.54133
27.28 , 9.2321052551 , 4.54700
27.31 , 9.3407192230 , 4.55250
27.35 , 9.2321052551 , 4.55800
27.38 , 9.3407192230 , 4.56350
27.42 , 9.2321052551 , 4.56917
27.45 , 9.2321052551 , 4.57467
27.48 , 9.3407192230 , 4.58033
27.51 , 9.3407192230 , 4.58567
27.55 , 9.4493322372 , 4.59133
27.58 , 9.3407192230 , 4.59683
27.61 , 9.3407192230 , 4.60250
27.65 , 9.3407192230 , 4.60800
27.68 , 9.4493322372 , 4.61350
27.71 , 9.4493322372 , 4.61900
27.75 , 9.5579452514 , 4.62467
27.78 , 9.4493322372 , 4.63017
27.81 , 9.5579452514 , 4.63567
27.85 , 9.4493322372 , 4.64117
27.88 , 9.4493322372 , 4.64683
27.91 , 9.4493322372 , 4.65233
27.95 , 9.4493322372 , 4.65800
27.98 , 9.4493322372 , 4.66333
28.01 , 9.4493322372 , 4.66900
28.05 , 9.5579452514 , 4.67450
28.08 , 9.4493322372 , 4.68017
28.11 , 9.5579452514 , 4.68550
28.15 , 9.4493322372 , 4.69117
28.18 , 9.6665573120 , 4.69667
28.21 , 9.5579452514 , 4.70233
28.25 , 9.5579452514 , 4.70783
28.28 , 9.6665573120 , 4.71333
28.31 , 9.6665573120 , 4.71883
28.35 , 9.6665573120 , 4.72450
28.38 , 9.6665573120 , 4.73000
28.41 , 9.7751703262 , 4.73550
28.45 , 9.7751703262 , 4.74100
28.48 , 9.6665573120 , 4.74667
28.51 , 9.7751703262 , 4.75217
28.55 , 9.7751703262 , 4.75783
28.58 , 9.8837833404 , 4.76317
28.61 , 9.7751703262 , 4.76883
28.65 , 9.7751703262 , 4.77433
28.68 , 9.8837833404 , 4.78000
28.71 , 9.8837833404 , 4.78533
28.75 , 9.8837833404 , 4.79100
28.78 , 9.8837833404 , 4.79650
28.81 , 9.7751703262 , 4.80217
28.85 , 9.9923963546 , 4.80767
28.88 , 10.1010093688 , 4.81317
28.91 , 9.9923963546 , 4.81883
28.95 , 9.9923963546 , 4.82450
28.98 , 10.1010093688 , 4.83000
29.01 , 10.1010093688 , 4.83583
29.05 , 10.1010093688 , 4.84133
29.08 , 10.1010093688 , 4.84717
29.12 , 10.1010093688 , 4.85300
29.15 , 10.2096223831 , 4.85867
29.19 , 10.1010093688 , 4.86450
29.22 , 10.2096223831 , 4.87000
29.25 , 10.2096223831 , 4.87583
29.29 , 10.2096223831 , 4.88150
29.32 , 10.3182353973 , 4.88733
29.36 , 10.1010093688 , 4.89300
29.39 , 10.3182353973 , 4.89867
29.43 , 10.2096223831 , 4.90433
29.46 , 10.3182353973 , 4.91017
29.50 , 10.3182353973 , 4.91583
29.53 , 10.3182353973 , 4.92167
29.56 , 10.3182353973 , 4.92717
29.60 , 10.3182353973 , 4.93300
29.63 , 10.3182353973 , 4.93867
29.67 , 10.4268484115 , 4.94450
29.70 , 10.4268484115 , 4.95017
29.73 , 10.4268484115 , 4.95583
29.77 , 10.4268484115 , 4.96150
29.80 , 10.5354614257 , 4.96733
29.84 , 10.6440734863 , 4.97300
29.87 , 10.5354614257 , 4.97883
29.91 , 10.6440734863 , 4.98433
29.94 , 10.5354614257 , 4.99017
29.97 , 10.6440734863 , 4.99583
30.01 , 10.6440734863 , 5.00167
30.04 , 10.6440734863 , 5.00733
30.08 , 10.6440734863 , 5.01300
30.11 , 10.6440734863 , 5.01867
30.15 , 10.7526865005 , 5.02450
30.18 , 10.7526865005 , 5.03017
30.22 , 10.8612995147 , 5.03600
30.25 , 10.7526865005 , 5.04183
30.28 , 10.8612995147 , 5.04733
30.32 , 10.9699125289 , 5.05317
30.35 , 10.7526865005 , 5.05883
30.39 , 10.7526865005 , 5.06467
30.42 , 10.8612995147 , 5.07033
30.46 , 10.8612995147 , 5.07600
30.49 , 10.8612995147 , 5.08167
30.52 , 10.9699125289 , 5.08750
30.56 , 10.8612995147 , 5.09317
30.59 , 10.9699125289 , 5.09900
30.63 , 10.8612995147 , 5.10450
30.66 , 11.0785255432 , 5.11033
30.70 , 11.0785255432 , 5.11600
30.73 , 11.0785255432 , 5.12183
30.76 , 11.0785255432 , 5.12750
30.80 , 11.1871385574 , 5.13317
30.83 , 11.0785255432 , 5.13883
30.87 , 10.9699125289 , 5.14467
30.90 , 11.0785255432 , 5.15033
30.94 , 11.2957515716 , 5.15617
30.97 , 11.1871385574 , 5.16167
31.00 , 11.1871385574 , 5.16750
31.04 , 11.1871385574 , 5.17317
31.07 , 11.1871385574 , 5.17900
31.11 , 11.2957515716 , 5.18467
31.14 , 11.1871385574 , 5.19033
31.18 , 11.2957515716 , 5.19600
31.21 , 11.2957515716 , 5.20183
31.25 , 11.2957515716 , 5.20750
31.28 , 11.2957515716 , 5.21333
31.31 , 11.4043664932 , 5.21900
31.35 , 11.5129795074 , 5.22467
31.38 , 11.4043664932 , 5.23050
31.42 , 11.2957515716 , 5.23617
31.45 , 11.4043664932 , 5.24200
31.48 , 11.5129795074 , 5.24750
31.52 , 11.4043664932 , 5.25333
31.55 , 11.5129795074 , 5.25900
31.59 , 11.6215925216 , 5.26483
31.62 , 11.6215925216 , 5.27050
31.66 , 11.5129795074 , 5.27617
31.69 , 11.6215925216 , 5.28183
31.73 , 11.6215925216 , 5.28767
31.76 , 11.6215925216 , 5.29333
31.79 , 11.6215925216 , 5.29917
31.83 , 11.7302055358 , 5.30467
31.86 , 11.7302055358 , 5.31050
31.90 , 11.7302055358 , 5.31617
31.93 , 11.6215925216 , 5.32200
31.97 , 11.6215925216 , 5.32767
32.00 , 11.7302055358 , 5.33350
32.03 , 11.6215925216 , 5.33900
32.07 , 11.7302055358 , 5.34483
32.10 , 11.8388185501 , 5.35050
32.14 , 11.7302055358 , 5.35633
32.17 , 11.8388185501 , 5.36200
32.21 , 11.8388185501 , 5.36767
32.24 , 11.8388185501 , 5.37333
32.28 , 11.9474315643 , 5.37917
32.31 , 11.9474315643 , 5.38483
32.34 , 11.8388185501 , 5.39067
32.38 , 11.8388185501 , 5.39617
32.41 , 11.9474315643 , 5.40200
32.45 , 11.9474315643 , 5.40783
32.48 , 11.9474315643 , 5.41350
32.52 , 11.9474315643 , 5.41933
32.55 , 12.0560445785 , 5.42483
32.58 , 11.9474315643 , 5.43067
32.62 , 12.1646575927 , 5.43633
32.65 , 12.1646575927 , 5.44217
32.69 , 12.1646575927 , 5.44783
32.72 , 12.0560445785 , 5.45350
32.76 , 12.0560445785 , 5.45917
32.79 , 12.0560445785 , 5.46500
32.82 , 12.0560445785 , 5.47067
32.86 , 12.1646575927 , 5.47650
32.89 , 12.2732696533 , 5.48200
32.93 , 12.1646575927 , 5.48783
32.96 , 12.1646575927 , 5.49350
33.00 , 12.1646575927 , 5.49933
33.03 , 12.2732696533 , 5.50500
33.06 , 12.2732696533 , 5.51067
33.10 , 12.2732696533 , 5.51633
33.13 , 12.1646575927 , 5.52217
33.17 , 12.1646575927 , 5.52783
33.20 , 12.2732696533 , 5.53367
33.24 , 12.2732696533 , 5.53917
33.27 , 12.2732696533 , 5.54500
33.30 , 12.2732696533 , 5.55067
33.34 , 12.2732696533 , 5.55650
33.37 , 12.3818826675 , 5.56217
33.41 , 12.3818826675 , 5.56800
33.44 , 12.4904956817 , 5.57350
33.48 , 12.3818826675 , 5.57933
33.51 , 12.4904956817 , 5.58517
33.54 , 12.4904956817 , 5.59083
33.58 , 12.3818826675 , 5.59667
33.61 , 12.4904956817 , 5.60217
33.65 , 12.4904956817 , 5.60800
33.68 , 12.4904956817 , 5.61367
33.72 , 12.5991086959 , 5.61950
33.75 , 12.5991086959 , 5.62517
33.79 , 12.5991086959 , 5.63083
33.82 , 12.7077217102 , 5.63650
33.85 , 12.5991086959 , 5.64233
33.89 , 12.5991086959 , 5.64800
33.92 , 12.5991086959 , 5.65383
33.96 , 12.7077217102 , 5.65933
33.99 , 12.7077217102 , 5.66517
34.03 , 12.8163347244 , 5.67083
34.06 , 12.7077217102 , 5.67667
34.09 , 12.7077217102 , 5.68233
34.13 , 12.7077217102 , 5.68800
34.16 , 12.8163347244 , 5.69367
34.20 , 12.8163347244 , 5.69950
34.23 , 12.8163347244 , 5.70517
34.27 , 12.7077217102 , 5.71100
34.30 , 12.8163347244 , 5.71650
34.33 , 12.8163347244 , 5.72233
34.37 , 12.9249477386 , 5.72800
34.40 , 12.8163347244 , 5.73383
34.44 , 12.8163347244 , 5.73950
34.47 , 12.9249477386 , 5.74517
34.51 , 13.0335607528 , 5.75083
34.54 , 13.0335607528 , 5.75667
34.57 , 12.9249477386 , 5.76233
34.61 , 13.0335607528 , 5.76817
34.64 , 13.0335607528 , 5.77383
34.68 , 13.0335607528 , 5.77950
34.71 , 13.0335607528 , 5.78533
34.75 , 13.1421737670 , 5.79100
34.78 , 13.1421737670 , 5.79683
34.81 , 13.1421737670 , 5.80233
34.85 , 13.1421737670 , 5.80817
34.88 , 13.1421737670 , 5.81383
34.92 , 13.1421737670 , 5.81967
34.95 , 13.1421737670 , 5.82533
34.99 , 13.2507858276 , 5.83117
35.02 , 13.2507858276 , 5.83667
35.06 , 13.1421737670 , 5.84250
35.09 , 13.2507858276 , 5.84817
35.12 , 13.3593988418 , 5.85400
35.16 , 13.2507858276 , 5.85967
35.19 , 13.2507858276 , 5.86533
35.23 , 13.3593988418 , 5.87100
35.26 , 13.3593988418 , 5.87683
35.29 , 13.3593988418 , 5.88250
35.33 , 13.2507858276 , 5.88833
35.36 , 13.4680118560 , 5.89383
35.40 , 13.3593988418 , 5.89967
35.43 , 13.3593988418 , 5.90533
35.47 , 13.4680118560 , 5.91117
35.50 , 13.3593988418 , 5.91683
35.54 , 13.4680118560 , 5.92250
35.57 , 13.4680118560 , 5.92817
35.60 , 13.4680118560 , 5.93400
35.64 , 13.4680118560 , 5.93967
35.67 , 13.4680118560 , 5.94550
35.71 , 13.5766248703 , 5.95117
35.74 , 13.5766248703 , 5.95683
35.78 , 13.5766248703 , 5.96267
35.81 , 13.5766248703 , 5.96833
35.85 , 13.6852378845 , 5.97417
35.88 , 13.5766248703 , 5.97967
35.91 , 13.6852378845 , 5.98550
35.95 , 13.6852378845 , 5.99117
35.98 , 13.6852378845 , 5.99700
36.02 , 13.5766248703 , 6.00267
36.05 , 13.6852378845 , 6.00833
36.08 , 13.6852378845 , 6.01400
36.12 , 13.7938508987 , 6.01983
36.15 , 13.6852378845 , 6.02550
36.19 , 13.7938508987 , 6.03133
36.22 , 13.9024639129 , 6.03683
36.26 , 13.9024639129 , 6.04267
36.29 , 13.7938508987 , 6.04833
36.33 , 13.9024639129 , 6.05417
36.36 , 13.7938508987 , 6.05983
36.39 , 13.9024639129 , 6.06550
36.43 , 13.9024639129 , 6.07117
36.46 , 13.7938508987 , 6.07700
36.50 , 14.0110769271 , 6.08267
36.53 , 14.0110769271 , 6.08850
36.56 , 14.0110769271 , 6.09400
36.60 , 14.0110769271 , 6.09983
36.63 , 14.0110769271 , 6.10550
36.67 , 14.0110769271 , 6.11133
36.70 , 14.1196889877 , 6.11700
36.74 , 14.1196889877 , 6.12283
36.77 , 14.1196889877 , 6.12833
36.81 , 14.1196889877 , 6.13417
36.84 , 14.1196889877 , 6.14000
36.87 , 14.1196889877 , 6.14567
36.91 , 14.1196889877 , 6.15150
36.94 , 14.2283048629 , 6.15700
36.98 , 14.2283048629 , 6.16283
37.01 , 14.2283048629 , 6.16850
37.05 , 14.2283048629 , 6.17433
37.08 , 14.2283048629 , 6.18000
37.11 , 14.3369178771 , 6.18567
37.15 , 14.2283048629 , 6.19133
37.18 , 14.2283048629 , 6.19717
37.22 , 14.2283048629 , 6.20283
37.25 , 14.3369178771 , 6.20867
37.29 , 14.3369178771 , 6.21417
37.32 , 14.3369178771 , 6.22000
37.35 , 14.4455308914 , 6.22567
37.39 , 14.4455308914 , 6.23150
37.42 , 14.4455308914 , 6.23717
37.46 , 14.4455308914 , 6.24283
37.49 , 14.3369178771 , 6.24850
37.53 , 14.4455308914 , 6.25433
37.56 , 14.4455308914 , 6.26000
37.60 , 14.4455308914 , 6.26583
37.63 , 14.5541439056 , 6.27133
37.66 , 14.5541439056 , 6.27717
37.70 , 14.4455308914 , 6.28283
37.73 , 14.4455308914 , 6.28867
37.77 , 14.4455308914 , 6.29433
37.80 , 14.5541439056 , 6.30000
37.83 , 14.5541439056 , 6.30567
37.87 , 14.5541439056 , 6.31150
37.90 , 14.5541439056 , 6.31733
37.94 , 14.6627569198 , 6.32300
37.97 , 14.6627569198 , 6.32867
38.01 , 14.6627569198 , 6.33433
38.04 , 14.5541439056 , 6.34017
38.08 , 14.6627569198 , 6.34583
38.11 , 14.6627569198 , 6.35167
38.14 , 14.7713699340 , 6.35733
38.18 , 14.7713699340 , 6.36300
38.21 , 14.7713699340 , 6.36867
38.25 , 14.7713699340 , 6.37450
38.28 , 14.6627569198 , 6.38017
38.32 , 14.7713699340 , 6.38600
38.35 , 14.7713699340 , 6.39150
38.38 , 14.7713699340 , 6.39733
38.42 , 14.8799819946 , 6.40300
38.45 , 14.8799819946 , 6.40883
38.49 , 14.8799819946 , 6.41450
38.52 , 14.8799819946 , 6.42017
38.56 , 14.9885950088 , 6.42583
38.59 , 14.9885950088 , 6.43167
38.62 , 14.9885950088 , 6.43733
38.66 , 14.9885950088 , 6.44317
38.69 , 14.9885950088 , 6.44867
38.73 , 15.0972080230 , 6.45450
38.76 , 15.0972080230 , 6.46017
38.80 , 15.0972080230 , 6.46600
38.83 , 15.0972080230 , 6.47167
38.86 , 15.0972080230 , 6.47733
38.90 , 15.0972080230 , 6.48300
38.93 , 15.2058210372 , 6.48883
38.97 , 15.0972080230 , 6.49450
39.00 , 15.2058210372 , 6.50033
39.04 , 15.2058210372 , 6.50600
39.07 , 15.2058210372 , 6.51167
39.11 , 15.3144340515 , 6.51750
39.14 , 15.3144340515 , 6.52317
39.17 , 15.3144340515 , 6.52900
39.21 , 15.3144340515 , 6.53450
39.24 , 15.3144340515 , 6.54033
39.28 , 15.3144340515 , 6.54600
39.31 , 15.4230470657 , 6.55183
39.35 , 15.4230470657 , 6.55750
39.38 , 15.4230470657 , 6.56317
39.41 , 15.4230470657 , 6.56883
39.45 , 15.5316600799 , 6.57467
39.48 , 15.4230470657 , 6.58033
39.52 , 15.4230470657 , 6.58617
39.55 , 15.4230470657 , 6.59167
39.59 , 15.4230470657 , 6.59750
39.62 , 15.5316600799 , 6.60317
39.65 , 15.5316600799 , 6.60900
39.69 , 15.5316600799 , 6.61467
39.72 , 15.6402730941 , 6.62050
39.76 , 15.6402730941 , 6.62600
39.79 , 15.6402730941 , 6.63183
39.83 , 15.6402730941 , 6.63750
39.86 , 15.5316600799 , 6.64333
39.89 , 15.6402730941 , 6.64900
39.93 , 15.6402730941 , 6.65467
39.96 , 15.5316600799 , 6.66033
40.00 , 15.5316600799 , 6.66617
40.03 , 15.6402730941 , 6.67183
40.07 , 15.6402730941 , 6.67767
40.10 , 15.6402730941 , 6.68333
40.13 , 15.7488861083 , 6.68900
40.17 , 15.7488861083 , 6.69483
40.20 , 15.7488861083 , 6.70050
40.24 , 15.7488861083 , 6.70633
40.27 , 15.8574981689 , 6.71183
40.31 , 15.7488861083 , 6.71767
40.34 , 15.7488861083 , 6.72333
40.38 , 15.9661111831 , 6.72917
40.41 , 15.8574981689 , 6.73483
40.44 , 15.8574981689 , 6.74050
40.48 , 15.9661111831 , 6.74617
40.51 , 15.9661111831 , 6.75200
40.55 , 15.9661111831 , 6.75767
40.58 , 15.9661111831 , 6.76350
40.61 , 15.9661111831 , 6.76900
40.65 , 15.9661111831 , 6.77483
40.68 , 15.9661111831 , 6.78050
40.72 , 15.9661111831 , 6.78633
40.75 , 16.0747241973 , 6.79200
40.79 , 16.0747241973 , 6.79767
40.82 , 15.9661111831 , 6.80333
40.86 , 16.0747241973 , 6.80917
40.89 , 16.1833381652 , 6.81483
40.92 , 16.0747241973 , 6.82067
40.96 , 16.0747241973 , 6.82617
40.99 , 16.1833381652 , 6.83200
41.03 , 16.1833381652 , 6.83767
41.06 , 16.1833381652 , 6.84350
41.10 , 16.1833381652 , 6.84917
41.13 , 16.2919502258 , 6.85483
41.16 , 16.2919502258 , 6.86050
41.20 , 16.2919502258 , 6.86633
41.23 , 16.2919502258 , 6.87217
41.27 , 16.4005622863 , 6.87783
41.30 , 16.4005622863 , 6.88367
41.34 , 16.4005622863 , 6.88917
41.37 , 16.4005622863 , 6.89500
41.40 , 16.4005622863 , 6.90067
41.44 , 16.4005622863 , 6.90650
41.47 , 16.4005622863 , 6.91217
41.51 , 16.5091762542 , 6.91783
41.54 , 16.6177883148 , 6.92350
41.58 , 16.4005622863 , 6.92933
41.61 , 16.6177883148 , 6.93500
41.65 , 16.5091762542 , 6.94083
41.68 , 16.6177883148 , 6.94633
41.71 , 16.6177883148 , 6.95217
41.75 , 16.5091762542 , 6.95783
41.78 , 16.6177883148 , 6.96367
41.82 , 16.7264022827 , 6.96933
41.85 , 16.6177883148 , 6.97500
41.88 , 16.6177883148 , 6.98067
41.92 , 16.7264022827 , 6.98650
41.95 , 16.8350143432 , 6.99217
41.99 , 16.8350143432 , 6.99800
42.02 , 16.8350143432 , 7.00350
42.06 , 16.7264022827 , 7.00933
42.09 , 16.8350143432 , 7.01500
42.13 , 16.8350143432 , 7.02083
42.16 , 16.8350143432 , 7.02650
42.19 , 16.9436302185 , 7.03217
42.23 , 16.8350143432 , 7.03783
42.26 , 16.8350143432 , 7.04367
42.30 , 16.8350143432 , 7.04950
42.33 , 16.8350143432 , 7.05517
42.37 , 16.8350143432 , 7.06083
42.40 , 16.9436302185 , 7.06650
42.43 , 16.9436302185 , 7.07233
42.47 , 16.8350143432 , 7.07800
42.50 , 16.9436302185 , 7.08383
42.54 , 16.9436302185 , 7.08933
42.57 , 17.0522422790 , 7.09517
42.61 , 17.0522422790 , 7.10083
42.64 , 17.0522422790 , 7.10667
42.67 , 17.0522422790 , 7.11233
42.71 , 17.1608562469 , 7.11800
42.74 , 17.0522422790 , 7.12367
42.78 , 17.1608562469 , 7.12950
42.81 , 17.1608562469 , 7.13517
42.85 , 17.1608562469 , 7.14100
42.88 , 17.1608562469 , 7.14667
42.91 , 17.2694683074 , 7.15233
42.95 , 17.2694683074 , 7.15800
42.98 , 17.2694683074 , 7.16383
43.02 , 17.3780822753 , 7.16950
43.05 , 17.2694683074 , 7.17533
43.09 , 17.2694683074 , 7.18083
43.12 , 17.3780822753 , 7.18667
43.15 , 17.3780822753 , 7.19233
43.19 , 17.3780822753 , 7.19817
43.22 , 17.3780822753 , 7.20383
43.26 , 17.2694683074 , 7.20950
43.29 , 17.4866943359 , 7.21517
43.33 , 17.3780822753 , 7.22100
43.36 , 17.3780822753 , 7.22667
43.40 , 17.4866943359 , 7.23250
43.43 , 17.4866943359 , 7.23817
43.46 , 17.4866943359 , 7.24383
43.50 , 17.4866943359 , 7.24967
43.53 , 17.5953083038 , 7.25533
43.57 , 17.5953083038 , 7.26117
43.60 , 17.5953083038 , 7.26667
43.63 , 17.7039203643 , 7.27250
43.67 , 17.7039203643 , 7.27817
43.70 , 17.7039203643 , 7.28400
43.74 , 17.7039203643 , 7.28967
43.77 , 17.7039203643 , 7.29533
43.81 , 17.7039203643 , 7.30100
43.84 , 17.8125343322 , 7.30683
43.88 , 17.7039203643 , 7.31250
43.91 , 17.8125343322 , 7.31833
43.94 , 17.8125343322 , 7.32383
43.98 , 17.8125343322 , 7.32967
44.01 , 17.8125343322 , 7.33533
44.05 , 17.8125343322 , 7.34117
44.08 , 17.9211463928 , 7.34683
44.12 , 18.0297584533 , 7.35250
44.15 , 17.9211463928 , 7.35817
44.18 , 18.0297584533 , 7.36400
44.22 , 18.0297584533 , 7.36967
44.25 , 17.9211463928 , 7.37550
44.29 , 18.0297584533 , 7.38100
44.32 , 18.0297584533 , 7.38683
44.36 , 18.0297584533 , 7.39250
44.39 , 17.9211463928 , 7.39833
44.42 , 18.0297584533 , 7.40400
44.46 , 18.0297584533 , 7.40983
44.49 , 18.1383724212 , 7.41550
44.53 , 18.0297584533 , 7.42117
44.56 , 17.9211463928 , 7.42700
44.60 , 17.9211463928 , 7.43267
44.63 , 17.9211463928 , 7.43850
44.66 , 17.9211463928 , 7.44400
44.70 , 17.9211463928 , 7.44983
44.73 , 17.9211463928 , 7.45550
44.77 , 17.9211463928 , 7.46133
44.80 , 17.9211463928 , 7.46700
44.84 , 17.9211463928 , 7.47267
44.87 , 17.9211463928 , 7.47833
44.90 , 17.9211463928 , 7.48417
44.94 , 18.0297584533 , 7.48983
44.97 , 18.0297584533 , 7.49567
45.01 , 18.0297584533 , 7.50117
45.04 , 18.0297584533 , 7.50700
45.08 , 18.0297584533 , 7.51267
45.11 , 18.0297584533 , 7.51850
45.15 , 18.0297584533 , 7.52417
45.18 , 18.1383724212 , 7.52983
45.21 , 18.0297584533 , 7.53550
45.25 , 18.1383724212 , 7.54133
45.28 , 18.1383724212 , 7.54700
45.32 , 18.1383724212 , 7.55283
45.35 , 18.1383724212 , 7.55833
45.38 , 18.1383724212 , 7.56417
45.42 , 18.2469844818 , 7.56983
45.45 , 18.2469844818 , 7.57567
45.49 , 18.3555984497 , 7.58133
45.52 , 18.2469844818 , 7.58700
45.56 , 18.2469844818 , 7.59267
45.59 , 18.3555984497 , 7.59850
45.63 , 18.3555984497 , 7.60433
45.66 , 18.3555984497 , 7.61000
45.69 , 18.3555984497 , 7.61567
45.73 , 18.3555984497 , 7.62133
45.76 , 18.4642105102 , 7.62717
45.80 , 18.3555984497 , 7.63283
45.83 , 18.3555984497 , 7.63867
45.87 , 18.4642105102 , 7.64417
45.90 , 18.4642105102 , 7.65000
45.93 , 18.4642105102 , 7.65567
45.97 , 18.4642105102 , 7.66150
46.00 , 18.3555984497 , 7.66717
46.04 , 18.4642105102 , 7.67300
46.07 , 18.4642105102 , 7.67850
46.11 , 18.4642105102 , 7.68433
46.14 , 18.5728244781 , 7.69000
46.18 , 18.5728244781 , 7.69583
46.21 , 18.6814365386 , 7.70150
46.24 , 18.6814365386 , 7.70717
46.28 , 18.5728244781 , 7.71283
46.31 , 18.6814365386 , 7.71867
46.35 , 18.7900505065 , 7.72433
46.38 , 18.6814365386 , 7.73017
46.41 , 18.6814365386 , 7.73567
46.45 , 18.7900505065 , 7.74150
46.48 , 18.7900505065 , 7.74717
46.52 , 18.6814365386 , 7.75300
46.55 , 18.7900505065 , 7.75867
46.59 , 18.7900505065 , 7.76433
46.62 , 18.8986625671 , 7.77000
46.65 , 18.8986625671 , 7.77583
46.69 , 18.8986625671 , 7.78167
46.72 , 18.8986625671 , 7.78733
46.76 , 18.8986625671 , 7.79300
46.79 , 18.8986625671 , 7.79867
46.83 , 18.8986625671 , 7.80450
46.86 , 18.8986625671 , 7.81017
46.90 , 18.8986625671 , 7.81600
46.93 , 18.8986625671 , 7.82150
46.96 , 18.8986625671 , 7.82733
47.00 , 18.8986625671 , 7.83300
47.03 , 19.0072746276 , 7.83883
47.07 , 19.0072746276 , 7.84450
47.10 , 19.1158885955 , 7.85017
47.13 , 19.0072746276 , 7.85583
47.17 , 19.0072746276 , 7.86167
47.20 , 19.1158885955 , 7.86733
47.24 , 19.1158885955 , 7.87317
47.27 , 19.1158885955 , 7.87867
47.31 , 19.0072746276 , 7.88450
47.34 , 19.0072746276 , 7.89017
47.38 , 19.1158885955 , 7.89600
47.41 , 19.1158885955 , 7.90167
47.44 , 19.1158885955 , 7.90733
47.48 , 19.2245006561 , 7.91300
47.51 , 19.2245006561 , 7.91883
47.55 , 19.3331146240 , 7.92450
47.58 , 19.2245006561 , 7.93033
47.62 , 18.1383724212 , 7.93600
47.65 , 18.2469844818 , 7.94167
47.68 , 18.2469844818 , 7.94733
47.72 , 18.0297584533 , 7.95317
47.75 , 18.0297584533 , 7.95883
47.79 , 18.1383724212 , 7.96467
47.82 , 18.1383724212 , 7.97033
47.86 , 18.0297584533 , 7.97600
47.89 , 18.1383724212 , 7.98183
47.93 , 18.0297584533 , 7.98750
47.96 , 18.1383724212 , 7.99333
47.99 , 18.1383724212 , 7.99883
48.03 , 18.2469844818 , 8.00467
48.06 , 18.1383724212 , 8.01033
48.10 , 18.2469844818 , 8.01617
48.13 , 18.1383724212 , 8.02183
48.17 , 18.2469844818 , 8.02750
48.20 , 18.1383724212 , 8.03317
48.23 , 18.2469844818 , 8.03900
48.27 , 18.2469844818 , 8.04467
48.30 , 18.2469844818 , 8.05050
48.34 , 18.2469844818 , 8.05600
48.37 , 18.3555984497 , 8.06183
48.40 , 18.3555984497 , 8.06750
48.44 , 18.3555984497 , 8.07333
48.47 , 18.3555984497 , 8.07900
48.51 , 18.3555984497 , 8.08467
48.54 , 18.3555984497 , 8.09033
48.58 , 18.4642105102 , 8.09617
48.61 , 18.4642105102 , 8.10183
48.65 , 18.4642105102 , 8.10767
48.68 , 18.5728244781 , 8.11317
48.71 , 18.4642105102 , 8.11900
48.75 , 18.5728244781 , 8.12467
48.78 , 18.5728244781 , 8.13050
48.82 , 18.5728244781 , 8.13617
48.85 , 18.5728244781 , 8.14183
48.89 , 18.4642105102 , 8.14767
48.92 , 18.4642105102 , 8.15333
48.96 , 18.5728244781 , 8.15917
48.99 , 18.5728244781 , 8.16483
49.02 , 18.5728244781 , 8.17067
49.06 , 18.5728244781 , 8.17617
49.09 , 18.6814365386 , 8.18200
49.13 , 18.5728244781 , 8.18767
49.16 , 18.6814365386 , 8.19350
49.20 , 18.7900505065 , 8.19917
49.23 , 18.6814365386 , 8.20483
49.26 , 18.6814365386 , 8.21050
49.30 , 18.6814365386 , 8.21633
49.33 , 18.7900505065 , 8.22200
49.37 , 18.6814365386 , 8.22783
49.40 , 18.7900505065 , 8.23333
49.44 , 18.7900505065 , 8.23917
49.47 , 18.7900505065 , 8.24483
49.50 , 18.7900505065 , 8.25067
49.54 , 18.7900505065 , 8.25633
49.57 , 18.8986625671 , 8.26200
49.61 , 18.7900505065 , 8.26767
49.64 , 18.7900505065 , 8.27350
49.68 , 18.7900505065 , 8.27917
49.71 , 18.8986625671 , 8.28500
49.74 , 18.8986625671 , 8.29050
49.78 , 19.0072746276 , 8.29633
49.81 , 19.0072746276 , 8.30200
49.85 , 18.8986625671 , 8.30783
49.88 , 19.0072746276 , 8.31350
49.92 , 19.0072746276 , 8.31917
49.95 , 19.0072746276 , 8.32483
49.98 , 19.0072746276 , 8.33067
50.02 , 19.1158885955 , 8.33650
50.05 , 19.1158885955 , 8.34217
50.09 , 19.0072746276 , 8.34783
50.12 , 19.0072746276 , 8.35350
50.16 , 19.0072746276 , 8.35933
50.19 , 19.1158885955 , 8.36500
50.22 , 19.1158885955 , 8.37083
50.26 , 19.2245006561 , 8.37633
50.29 , 19.1158885955 , 8.38217
50.33 , 19.2245006561 , 8.38783
50.36 , 19.2245006561 , 8.39367
50.40 , 19.2245006561 , 8.39933
50.43 , 19.2245006561 , 8.40500
50.46 , 19.3331146240 , 8.41067
50.50 , 19.3331146240 , 8.41650
50.53 , 19.3331146240 , 8.42217
50.57 , 19.3331146240 , 8.42800
50.60 , 19.3331146240 , 8.43350
50.64 , 19.3331146240 , 8.43933
50.67 , 19.3331146240 , 8.44500
50.71 , 19.4417266845 , 8.45083
50.74 , 19.3331146240 , 8.45650
50.77 , 19.3331146240 , 8.46233
50.81 , 19.4417266845 , 8.46783
50.84 , 19.4417266845 , 8.47367
50.88 , 19.0072746276 , 8.47933
50.91 , 19.0072746276 , 8.48517
50.95 , 19.0072746276 , 8.49083
50.98 , 19.0072746276 , 8.49650
51.01 , 18.8986625671 , 8.50217
51.05 , 19.0072746276 , 8.50800
51.08 , 19.1158885955 , 8.51383
51.12 , 19.1158885955 , 8.51950
51.15 , 19.0072746276 , 8.52517
51.19 , 19.1158885955 , 8.53083
51.22 , 19.0072746276 , 8.53667
51.25 , 19.0072746276 , 8.54233
51.29 , 19.1158885955 , 8.54817
51.32 , 19.0072746276 , 8.55367
51.36 , 19.1158885955 , 8.55950
51.39 , 19.1158885955 , 8.56517
51.43 , 19.1158885955 , 8.57100
51.46 , 19.2245006561 , 8.57667
51.49 , 19.2245006561 , 8.58233
51.53 , 19.2245006561 , 8.58800
51.56 , 19.1158885955 , 8.59383
51.60 , 19.2245006561 , 8.59950
51.63 , 19.1158885955 , 8.60533
51.67 , 19.2245006561 , 8.61083
51.70 , 19.2245006561 , 8.61667
51.73 , 19.2245006561 , 8.62233
51.77 , 19.2245006561 , 8.62817
51.80 , 19.2245006561 , 8.63383
51.84 , 19.2245006561 , 8.63950
51.87 , 19.3331146240 , 8.64517
51.91 , 19.2245006561 , 8.65100
51.94 , 19.3331146240 , 8.65667
51.97 , 19.3331146240 , 8.66250
52.01 , 19.3331146240 , 8.66800
52.04 , 19.3331146240 , 8.67383
52.08 , 19.3331146240 , 8.67950
52.11 , 19.4417266845 , 8.68533
52.15 , 19.3331146240 , 8.69100
52.18 , 19.4417266845 , 8.69667
52.22 , 19.4417266845 , 8.70250
52.25 , 19.4417266845 , 8.70817
52.28 , 19.4417266845 , 8.71400
52.32 , 19.4417266845 , 8.71967
52.35 , 19.4417266845 , 8.72550
52.39 , 19.5503406524 , 8.73100
52.42 , 19.5503406524 , 8.73683
52.46 , 19.6589527130 , 8.74250
52.49 , 19.5503406524 , 8.74833
52.52 , 19.6589527130 , 8.75400
52.56 , 19.6589527130 , 8.75967
52.59 , 19.5503406524 , 8.76533
52.63 , 19.5503406524 , 8.77117
52.66 , 19.7675685882 , 8.77683
52.70 , 19.7675685882 , 8.78267
52.73 , 19.6589527130 , 8.78817
52.76 , 19.7675685882 , 8.79400
52.80 , 19.6589527130 , 8.79967
52.83 , 19.7675685882 , 8.80550
52.87 , 19.7675685882 , 8.81117
52.90 , 19.7675685882 , 8.81683
52.94 , 19.7675685882 , 8.82250
52.97 , 19.7675685882 , 8.82833
53.00 , 19.8761806488 , 8.83400
53.04 , 19.8761806488 , 8.83983
53.07 , 19.8761806488 , 8.84533
53.11 , 19.8761806488 , 8.85117
53.14 , 19.9847946166 , 8.85683
53.18 , 19.8761806488 , 8.86267
53.21 , 19.8761806488 , 8.86833
53.24 , 19.9847946166 , 8.87400
53.28 , 19.9847946166 , 8.87983
53.31 , 19.9847946166 , 8.88550
53.35 , 19.9847946166 , 8.89133
53.38 , 20.0934066772 , 8.89700
53.42 , 20.0934066772 , 8.90267
53.45 , 20.2020206451 , 8.90833
53.49 , 20.0934066772 , 8.91417
53.52 , 20.0934066772 , 8.91983
53.55 , 20.0934066772 , 8.92567
53.59 , 20.0934066772 , 8.93117
53.62 , 20.0934066772 , 8.93700
53.66 , 20.2020206451 , 8.94267
53.69 , 20.3106327056 , 8.94850
53.72 , 20.3106327056 , 8.95417
53.76 , 20.3106327056 , 8.96000
53.79 , 20.3106327056 , 8.96550
53.83 , 20.3106327056 , 8.97133
53.86 , 20.4192466735 , 8.97700
53.90 , 20.3106327056 , 8.98283
53.93 , 20.3106327056 , 8.98850
53.97 , 20.3106327056 , 8.99417
54.00 , 20.4192466735 , 8.99983
54.03 , 20.3106327056 , 9.00567
54.07 , 20.4192466735 , 9.01133
54.10 , 20.4192466735 , 9.01717
54.14 , 20.4192466735 , 9.02267
54.17 , 20.4192466735 , 9.02850
54.21 , 20.5278587341 , 9.03417
54.24 , 20.4192466735 , 9.04000
54.27 , 20.4192466735 , 9.04567
54.31 , 20.5278587341 , 9.05133
54.34 , 20.5278587341 , 9.05700
54.38 , 20.6364707946 , 9.06283
54.41 , 20.6364707946 , 9.06867
54.45 , 20.6364707946 , 9.07433
54.48 , 20.6364707946 , 9.08000
54.51 , 20.6364707946 , 9.08567
54.55 , 20.6364707946 , 9.09150
54.58 , 20.6364707946 , 9.09717
54.62 , 20.6364707946 , 9.10300
54.65 , 20.7450847625 , 9.10850
54.69 , 20.7450847625 , 9.11433
54.72 , 20.7450847625 , 9.12000
54.76 , 20.6364707946 , 9.12583
54.79 , 20.7450847625 , 9.13150
54.82 , 20.8536968231 , 9.13717
54.86 , 20.8536968231 , 9.14283
54.89 , 20.8536968231 , 9.14867
54.93 , 20.8536968231 , 9.15433
54.96 , 20.8536968231 , 9.16017
54.99 , 20.7450847625 , 9.16567
55.03 , 20.7450847625 , 9.17150
55.06 , 20.8536968231 , 9.17717
55.10 , 20.9623107910 , 9.18300
55.13 , 20.9623107910 , 9.18867
55.17 , 20.9623107910 , 9.19433
55.20 , 21.0709228515 , 9.20000
55.24 , 20.9623107910 , 9.20583
55.27 , 20.9623107910 , 9.21150
55.30 , 20.9623107910 , 9.21733
55.34 , 20.9623107910 , 9.22283
55.37 , 21.1795368194 , 9.22867
55.41 , 21.0709228515 , 9.23433
55.44 , 21.0709228515 , 9.24017
55.48 , 21.0709228515 , 9.24600
55.51 , 21.0709228515 , 9.25167
55.54 , 21.1795368194 , 9.25733
55.58 , 21.1795368194 , 9.26300
55.61 , 21.1795368194 , 9.26883
55.65 , 21.1795368194 , 9.27450
55.68 , 21.1795368194 , 9.28033
55.72 , 21.1795368194 , 9.28583
55.75 , 21.2881488800 , 9.29167
55.78 , 21.1795368194 , 9.29733
55.82 , 21.2881488800 , 9.30317
55.85 , 21.3967628479 , 9.30883
55.89 , 21.3967628479 , 9.31450
55.92 , 21.3967628479 , 9.32017
55.96 , 21.3967628479 , 9.32600
55.99 , 21.3967628479 , 9.33167
56.03 , 21.3967628479 , 9.33750
56.06 , 21.3967628479 , 9.34300
56.09 , 21.5053749084 , 9.34883
56.13 , 21.5053749084 , 9.35450
56.16 , 21.5053749084 , 9.36033
56.20 , 21.5053749084 , 9.36600
56.23 , 21.5053749084 , 9.37167
56.26 , 21.6139869689 , 9.37733
56.30 , 21.6139869689 , 9.38317
56.33 , 21.6139869689 , 9.38883
56.37 , 21.6139869689 , 9.39467
56.40 , 21.6139869689 , 9.40017
56.44 , 21.7226009368 , 9.40600
56.47 , 21.7226009368 , 9.41167
56.51 , 21.7226009368 , 9.41750
56.54 , 21.7226009368 , 9.42317
56.57 , 21.7226009368 , 9.42883
56.61 , 21.7226009368 , 9.43467
56.64 , 21.7226009368 , 9.44033
56.68 , 21.7226009368 , 9.44617
56.71 , 21.7226009368 , 9.45183
56.75 , 21.8312129974 , 9.45750
56.78 , 21.8312129974 , 9.46317
56.81 , 21.8312129974 , 9.46900
56.85 , 21.8312129974 , 9.47467
56.88 , 21.9398269653 , 9.48050
56.92 , 21.8312129974 , 9.48600
56.95 , 21.9398269653 , 9.49183
56.99 , 21.9398269653 , 9.49750
57.02 , 21.9398269653 , 9.50333
57.05 , 22.0484390258 , 9.50900
57.09 , 21.8312129974 , 9.51483
57.12 , 22.0484390258 , 9.52033
57.16 , 21.9398269653 , 9.52617
57.19 , 21.9398269653 , 9.53183
57.23 , 22.0484390258 , 9.53767
57.26 , 22.0484390258 , 9.54333
57.29 , 22.1570529937 , 9.54900
57.33 , 22.0484390258 , 9.55467
57.36 , 22.2656669616 , 9.56050
57.40 , 22.1570529937 , 9.56617
57.43 , 22.2656669616 , 9.57200
57.47 , 22.1570529937 , 9.57750
57.50 , 22.2656669616 , 9.58333
57.53 , 22.2656669616 , 9.58900
57.57 , 22.2656669616 , 9.59483
57.60 , 22.2656669616 , 9.60050
57.64 , 22.2656669616 , 9.60617
57.67 , 22.3742790222 , 9.61200
57.71 , 22.3742790222 , 9.61767
57.74 , 22.2656669616 , 9.62350
57.78 , 22.3742790222 , 9.62917
57.81 , 22.3742790222 , 9.63483
57.84 , 22.3742790222 , 9.64050
57.88 , 22.4828929901 , 9.64633
57.91 , 22.3742790222 , 9.65200
57.95 , 22.4828929901 , 9.65783
57.98 , 22.4828929901 , 9.66333
58.02 , 22.4828929901 , 9.66917
58.05 , 22.4828929901 , 9.67483
58.08 , 22.5915050506 , 9.68067
58.12 , 22.4828929901 , 9.68633
58.15 , 22.5915050506 , 9.69200
58.19 , 22.5915050506 , 9.69767
58.22 , 22.7001190185 , 9.70350
58.26 , 22.7001190185 , 9.70917
58.29 , 22.7001190185 , 9.71500
58.32 , 22.8087310791 , 9.72050
58.36 , 22.7001190185 , 9.72633
58.39 , 22.7001190185 , 9.73200
58.43 , 22.8087310791 , 9.73783
58.46 , 22.8087310791 , 9.74350
58.50 , 22.9173431396 , 9.74933
58.53 , 22.8087310791 , 9.75483
58.56 , 22.8087310791 , 9.76067
58.60 , 22.9173431396 , 9.76633
58.63 , 22.8087310791 , 9.77217
58.67 , 22.9173431396 , 9.77783
58.70 , 22.9173431396 , 9.78350
58.74 , 22.9173431396 , 9.78917
58.77 , 22.9173431396 , 9.79500
58.81 , 23.0259571075 , 9.80083
58.84 , 23.0259571075 , 9.80650
58.87 , 23.0259571075 , 9.81217
58.91 , 23.0259571075 , 9.81783
58.94 , 23.0259571075 , 9.82367
58.98 , 23.0259571075 , 9.82933
59.01 , 23.0259571075 , 9.83517
59.04 , 23.0259571075 , 9.84067
59.08 , 23.1345691680 , 9.84650
59.11 , 23.1345691680 , 9.85217
59.15 , 23.1345691680 , 9.85800
59.18 , 23.2431831359 , 9.86367
59.22 , 23.1345691680 , 9.86933
59.25 , 23.1345691680 , 9.87500
59.29 , 23.2431831359 , 9.88083
59.32 , 23.2431831359 , 9.88650
59.35 , 23.2431831359 , 9.89233
59.39 , 23.2431831359 , 9.89783
59.42 , 23.3517951965 , 9.90367
59.46 , 23.2431831359 , 9.90933
59.49 , 23.3517951965 , 9.91517
59.53 , 23.3517951965 , 9.92083
59.56 , 23.3517951965 , 9.92650
59.59 , 23.3517951965 , 9.93217
59.63 , 23.3517951965 , 9.93800
59.66 , 23.3517951965 , 9.94367
59.70 , 23.3517951965 , 9.94950
59.73 , 23.4604091644 , 9.95500
59.77 , 23.4604091644 , 9.96083
59.80 , 23.5690212249 , 9.96650
59.83 , 23.4604091644 , 9.97233
59.87 , 23.4604091644 , 9.97817
59.90 , 23.5690212249 , 9.98367
59.94 , 23.5690212249 , 9.98950
59.97 , 23.5690212249 , 9.99517
60.01 , 23.5690212249 , 10.00100
60.04 , 23.6776351928 , 10.00683
60.08 , 23.5690212249 , 10.01283
60.11 , 23.5690212249 , 10.01850
60.15 , 23.7862472534 , 10.02450
60.18 , 23.6776351928 , 10.03033
60.22 , 23.7862472534 , 10.03633
60.25 , 23.7862472534 , 10.04217
60.29 , 23.7862472534 , 10.04817
60.32 , 23.8948593139 , 10.05383
60.36 , 23.7862472534 , 10.05983
60.39 , 23.7862472534 , 10.06567
60.43 , 23.7862472534 , 10.07167
60.47 , 23.8948593139 , 10.07750
60.50 , 24.0034732818 , 10.08333
60.54 , 23.8948593139 , 10.08933
60.57 , 23.8948593139 , 10.09517
60.61 , 24.0034732818 , 10.10117
60.64 , 24.0034732818 , 10.10700
60.68 , 24.0034732818 , 10.11300
60.71 , 24.1120853424 , 10.11867
60.75 , 24.1120853424 , 10.12467
60.78 , 24.1120853424 , 10.13050
60.82 , 24.1120853424 , 10.13650
60.85 , 24.2206993103 , 10.14233
60.89 , 24.1120853424 , 10.14833
60.92 , 24.2206993103 , 10.15400
60.96 , 24.2206993103 , 10.16000
61.00 , 24.1120853424 , 10.16583
61.03 , 24.3293113708 , 10.17183
61.07 , 24.2206993103 , 10.17783
61.10 , 24.3293113708 , 10.18367
61.14 , 24.2206993103 , 10.18950
61.17 , 24.3293113708 , 10.19533
61.21 , 24.2206993103 , 10.20133
61.24 , 24.3293113708 , 10.20717
61.28 , 24.3293113708 , 10.21317
61.31 , 24.3293113708 , 10.21900
61.35 , 24.4379253387 , 10.22483
61.38 , 24.4379253387 , 10.23067
61.42 , 24.4379253387 , 10.23667
61.46 , 24.4379253387 , 10.24250
61.49 , 24.5465373992 , 10.24850
61.53 , 24.4379253387 , 10.25433
61.56 , 24.4379253387 , 10.26017
61.60 , 24.5465373992 , 10.26600
61.63 , 24.5465373992 , 10.27200
61.67 , 24.5465373992 , 10.27800
61.70 , 24.5465373992 , 10.28383
61.74 , 24.5465373992 , 10.28983
61.77 , 24.5465373992 , 10.29550
61.81 , 24.5465373992 , 10.30150
61.84 , 24.6551494598 , 10.30733
61.88 , 24.5465373992 , 10.31333
61.92 , 24.6551494598 , 10.31917
61.95 , 24.6551494598 , 10.32500
61.99 , 24.6551494598 , 10.33083
62.02 , 24.6551494598 , 10.33683
62.06 , 24.8723754882 , 10.34267
62.09 , 24.7637634277 , 10.34867
62.13 , 24.7637634277 , 10.35450
62.16 , 24.8723754882 , 10.36033
62.20 , 24.7637634277 , 10.36633
62.23 , 24.8723754882 , 10.37217
62.27 , 24.8723754882 , 10.37817
62.30 , 24.8723754882 , 10.38400
62.34 , 24.9809894561 , 10.39000
62.37 , 24.8723754882 , 10.39567
62.41 , 24.9809894561 , 10.40167
62.45 , 24.9809894561 , 10.40750
62.48 , 24.9809894561 , 10.41350
62.52 , 24.9809894561 , 10.41933
62.55 , 24.9809894561 , 10.42533
62.59 , 24.9809894561 , 10.43100
62.62 , 25.0896015167 , 10.43700
62.66 , 25.1982154846 , 10.44283
62.69 , 25.1982154846 , 10.44883
62.73 , 25.0896015167 , 10.45467
62.76 , 25.1982154846 , 10.46067
62.80 , 25.1982154846 , 10.46650
62.83 , 25.1982154846 , 10.47233
62.87 , 25.3068332672 , 10.47833
62.90 , 25.1982154846 , 10.48417
62.94 , 25.3068332672 , 10.49017
62.98 , 25.4154453277 , 10.49600
63.01 , 25.3068332672 , 10.50183
63.05 , 25.3068332672 , 10.50767
63.08 , 25.4154453277 , 10.51367
63.12 , 25.4154453277 , 10.51950
63.15 , 25.4154453277 , 10.52550
63.19 , 25.4154453277 , 10.53117
63.22 , 25.5240592956 , 10.53717
63.26 , 25.5240592956 , 10.54300
63.29 , 25.5240592956 , 10.54900
63.33 , 25.5240592956 , 10.55500
63.37 , 25.5240592956 , 10.56083
63.40 , 25.5240592956 , 10.56667
63.44 , 25.6326713562 , 10.57250
63.47 , 25.6326713562 , 10.57850
63.51 , 25.5240592956 , 10.58433
63.54 , 25.5240592956 , 10.59033
63.58 , 25.6326713562 , 10.59617
63.61 , 25.6326713562 , 10.60200
63.65 , 25.6326713562 , 10.60783
63.68 , 25.7412853240 , 10.61383
63.72 , 25.7412853240 , 10.61967
63.75 , 25.7412853240 , 10.62567
63.79 , 25.7412853240 , 10.63150
63.82 , 25.8498973846 , 10.63733
63.86 , 25.7412853240 , 10.64317
63.90 , 25.8498973846 , 10.64917
63.93 , 25.7412853240 , 10.65517
63.97 , 25.8498973846 , 10.66100
64.00 , 25.7412853240 , 10.66700
64.04 , 25.8498973846 , 10.67267
64.07 , 25.9585113525 , 10.67867
64.11 , 25.8498973846 , 10.68450
64.14 , 25.9585113525 , 10.69050
64.18 , 25.9585113525 , 10.69633
64.21 , 25.9585113525 , 10.70233
64.25 , 25.9585113525 , 10.70800
64.28 , 25.9585113525 , 10.71400
64.32 , 26.0671234130 , 10.71983
64.36 , 26.0671234130 , 10.72583
64.39 , 26.0671234130 , 10.73167
64.43 , 26.1757354736 , 10.73750
64.46 , 26.1757354736 , 10.74350
64.50 , 26.1757354736 , 10.74933
64.53 , 26.1757354736 , 10.75533
64.57 , 26.1757354736 , 10.76117
64.60 , 26.1757354736 , 10.76717
64.64 , 26.2843494415 , 10.77283
64.67 , 26.2843494415 , 10.77883
64.71 , 26.2843494415 , 10.78467
64.74 , 26.3929615020 , 10.79067
64.78 , 26.2843494415 , 10.79650
64.81 , 26.2843494415 , 10.80250
64.85 , 26.3929615020 , 10.80817
64.88 , 26.3929615020 , 10.81417
64.92 , 26.3929615020 , 10.82000
64.96 , 26.3929615020 , 10.82600
64.99 , 26.5015754699 , 10.83183
65.03 , 26.3929615020 , 10.83783
65.06 , 26.3929615020 , 10.84367
65.10 , 26.5015754699 , 10.84950
65.13 , 26.6101875305 , 10.85550
65.17 , 26.6101875305 , 10.86133
65.20 , 26.5015754699 , 10.86733
65.24 , 26.5015754699 , 10.87317
65.27 , 26.6101875305 , 10.87900
65.31 , 26.6101875305 , 10.88483
65.34 , 26.6101875305 , 10.89083
65.38 , 26.6101875305 , 10.89667
65.42 , 26.7188014984 , 10.90267
65.45 , 26.7188014984 , 10.90850
65.49 , 26.7188014984 , 10.91433
65.52 , 26.7188014984 , 10.92017
65.56 , 26.7188014984 , 10.92617
65.59 , 26.8274135589 , 10.93217
65.63 , 26.8274135589 , 10.93800
65.66 , 26.8274135589 , 10.94400
65.70 , 26.8274135589 , 10.94967
65.73 , 26.9360275268 , 10.95567
65.77 , 26.9360275268 , 10.96150
65.80 , 26.9360275268 , 10.96750
65.84 , 26.9360275268 , 10.97333
65.87 , 26.9360275268 , 10.97917
65.91 , 26.9360275268 , 10.98500
65.95 , 27.0446395874 , 10.99100
65.98 , 27.0446395874 , 10.99683
66.02 , 27.1532516479 , 11.00283
66.05 , 27.0446395874 , 11.00867
66.09 , 27.1532516479 , 11.01450
66.12 , 27.1532516479 , 11.02033
66.16 , 27.1532516479 , 11.02633
66.19 , 27.1532516479 , 11.03233
66.23 , 27.1532516479 , 11.03817
66.26 , 27.1532516479 , 11.04417
66.30 , 27.2618656158 , 11.04983
66.33 , 27.1532516479 , 11.05583
66.37 , 27.2618656158 , 11.06167
66.41 , 27.1532516479 , 11.06767
66.44 , 27.2618656158 , 11.07350
66.48 , 27.2618656158 , 11.07950
66.51 , 27.2618656158 , 11.08517
66.55 , 27.3704776763 , 11.09117
66.58 , 27.3704776763 , 11.09700
66.62 , 27.3704776763 , 11.10300
66.65 , 27.4790916442 , 11.10883
66.69 , 27.3704776763 , 11.11483
66.72 , 27.3704776763 , 11.12067
66.76 , 27.4790916442 , 11.12650
66.79 , 27.4790916442 , 11.13250
66.83 , 27.4790916442 , 11.13833
66.87 , 27.5877037048 , 11.14433
66.90 , 27.4790916442 , 11.15000
66.94 , 27.5877037048 , 11.15600
66.97 , 27.5877037048 , 11.16183
67.01 , 27.5877037048 , 11.16783
67.04 , 27.5877037048 , 11.17367
67.08 , 27.5877037048 , 11.17967
67.11 , 27.6963176727 , 11.18533
67.15 , 27.6963176727 , 11.19133
67.18 , 27.6963176727 , 11.19717
67.22 , 27.6963176727 , 11.20317
67.25 , 27.6963176727 , 11.20900
67.29 , 27.8049297332 , 11.21500
67.32 , 27.8049297332 , 11.22083
67.36 , 27.8049297332 , 11.22667
67.40 , 27.9135437011 , 11.23267
67.43 , 27.8049297332 , 11.23850
67.47 , 27.9135437011 , 11.24450
67.50 , 27.9135437011 , 11.25033
67.54 , 27.9135437011 , 11.25617
67.57 , 27.9135437011 , 11.26200
67.61 , 27.9135437011 , 11.26800
67.64 , 28.0221557617 , 11.27383
67.68 , 28.0221557617 , 11.27983
67.71 , 28.0221557617 , 11.28567
67.75 , 28.0221557617 , 11.29150
67.78 , 28.0221557617 , 11.29733
67.82 , 28.1307678222 , 11.30333
67.86 , 28.1307678222 , 11.30933
67.89 , 28.1307678222 , 11.31517
67.93 , 28.1307678222 , 11.32117
67.96 , 28.1307678222 , 11.32683
68.00 , 28.1307678222 , 11.33283
68.03 , 28.2393817901 , 11.33867
68.07 , 28.3479938507 , 11.34467
68.10 , 28.2393817901 , 11.35050
68.14 , 28.2393817901 , 11.35650
68.17 , 28.3479938507 , 11.36217
68.21 , 28.3479938507 , 11.36817
68.24 , 28.3479938507 , 11.37400
68.28 , 28.3479938507 , 11.38000
68.31 , 28.3479938507 , 11.38583
68.35 , 28.3479938507 , 11.39167
68.38 , 28.4566078186 , 11.39750
68.42 , 28.4566078186 , 11.40350
68.46 , 28.4566078186 , 11.40950
68.49 , 28.4566078186 , 11.41533
68.53 , 28.4566078186 , 11.42133
68.56 , 28.4566078186 , 11.42700
68.60 , 28.5652198791 , 11.43300
68.63 , 28.5652198791 , 11.43883
68.67 , 28.5652198791 , 11.44483
68.70 , 28.5652198791 , 11.45067
68.74 , 28.5652198791 , 11.45667
68.77 , 28.5652198791 , 11.46233
68.81 , 28.5652198791 , 11.46833
68.84 , 28.6738338470 , 11.47417
68.88 , 28.6738338470 , 11.48017
68.92 , 28.6738338470 , 11.48600
68.95 , 28.7824459075 , 11.49200
68.99 , 28.6738338470 , 11.49783
69.02 , 28.6738338470 , 11.50367
69.06 , 28.7824459075 , 11.50967
69.09 , 28.7824459075 , 11.51550
69.13 , 28.7824459075 , 11.52150
69.16 , 28.6738338470 , 11.52733
69.20 , 28.8910598754 , 11.53317
69.23 , 28.7824459075 , 11.53900
69.27 , 28.8910598754 , 11.54500
69.30 , 28.8910598754 , 11.55083
69.34 , 28.8910598754 , 11.55683
69.38 , 28.8910598754 , 11.56267
69.41 , 28.8910598754 , 11.56850
69.45 , 28.9996719360 , 11.57433
69.48 , 28.9996719360 , 11.58033
69.52 , 28.9996719360 , 11.58617
69.55 , 29.1082839965 , 11.59217
69.59 , 29.1082839965 , 11.59800
69.62 , 29.1082839965 , 11.60383
69.66 , 29.1082839965 , 11.60983
69.69 , 29.1082839965 , 11.61567
69.73 , 29.1082839965 , 11.62167
69.76 , 29.2168979644 , 11.62750
69.80 , 29.2168979644 , 11.63333
69.83 , 29.2168979644 , 11.63917
69.87 , 29.2168979644 , 11.64517
69.91 , 29.3255100250 , 11.65100
69.94 , 29.3255100250 , 11.65700
69.98 , 29.3255100250 , 11.66283
70.01 , 29.3255100250 , 11.66867
70.05 , 29.4341239929 , 11.67450
70.08 , 29.4341239929 , 11.68050
70.12 , 29.3255100250 , 11.68650
70.15 , 29.4341239929 , 11.69233
70.19 , 29.4341239929 , 11.69833
70.22 , 29.4341239929 , 11.70400
70.26 , 29.4341239929 , 11.71000
70.29 , 29.5427360534 , 11.71583
70.33 , 29.5427360534 , 11.72183
70.37 , 29.5427360534 , 11.72767
70.40 , 29.6513500213 , 11.73367
70.44 , 29.6513500213 , 11.73933
70.47 , 29.6513500213 , 11.74533
70.51 , 29.6513500213 , 11.75117
70.54 , 29.6513500213 , 11.75717
70.58 , 29.6513500213 , 11.76300
70.61 , 29.6513500213 , 11.76900
70.65 , 29.6513500213 , 11.77467
70.68 , 29.7599620819 , 11.78067
70.72 , 29.8685741424 , 11.78667
70.75 , 29.7599620819 , 11.79250
70.79 , 29.7599620819 , 11.79850
70.82 , 29.7599620819 , 11.80417
70.86 , 29.8685741424 , 11.81017
70.90 , 29.7599620819 , 11.81600
70.93 , 29.8685741424 , 11.82200
70.97 , 29.8685741424 , 11.82783
71.00 , 29.8685741424 , 11.83383
71.04 , 29.9771881103 , 11.83950
71.07 , 29.9771881103 , 11.84550
71.11 , 29.8685741424 , 11.85133
71.14 , 29.9771881103 , 11.85733
71.18 , 29.9771881103 , 11.86317
71.21 , 29.9771881103 , 11.86917
71.25 , 30.0858001708 , 11.87500
71.29 , 30.0858001708 , 11.88083
71.32 , 30.0858001708 , 11.88683
71.36 , 30.0858001708 , 11.89267
71.39 , 30.1944141387 , 11.89867
71.43 , 30.0858001708 , 11.90450
71.46 , 30.1944141387 , 11.91033
71.50 , 30.1944141387 , 11.91617
71.53 , 30.1944141387 , 11.92217
71.57 , 30.1944141387 , 11.92800
71.60 , 30.3030261993 , 11.93400
71.64 , 30.1944141387 , 11.93983
71.67 , 30.3030261993 , 11.94567
71.71 , 30.4116401672 , 11.95150
71.75 , 30.3030261993 , 11.95750
71.78 , 30.3030261993 , 11.96333
71.82 , 30.4116401672 , 11.96933
71.85 , 30.3030261993 , 11.97533
71.89 , 30.3030261993 , 11.98100
71.92 , 30.4116401672 , 11.98700
71.96 , 30.4116401672 , 11.99283
71.99 , 30.5202522277 , 11.99883
72.03 , 30.4116401672 , 12.00467
72.06 , 30.5202522277 , 12.01067
72.10 , 30.5202522277 , 12.01633
72.13 , 30.5202522277 , 12.02233
72.17 , 30.5202522277 , 12.02817
72.20 , 30.6288661956 , 12.03417
72.24 , 30.5202522277 , 12.04000
72.27 , 30.6288661956 , 12.04583
72.31 , 30.6288661956 , 12.05167
72.35 , 30.7374782562 , 12.05767
72.38 , 30.7374782562 , 12.06367
72.42 , 30.7374782562 , 12.06950
72.45 , 30.7374782562 , 12.07550
72.49 , 30.7374782562 , 12.08117
72.52 , 30.7374782562 , 12.08717
72.56 , 30.8460960388 , 12.09300
72.59 , 30.8460960388 , 12.09900
72.63 , 30.9547100067 , 12.10483
72.66 , 30.8460960388 , 12.11083
72.70 , 30.8460960388 , 12.11650
72.73 , 30.9547100067 , 12.12250
72.77 , 30.8460960388 , 12.12833
72.81 , 30.9547100067 , 12.13433
72.84 , 30.9547100067 , 12.14017
72.88 , 30.9547100067 , 12.14617
72.91 , 30.9547100067 , 12.15183
72.95 , 30.9547100067 , 12.15783
72.98 , 31.0633220672 , 12.16383
73.02 , 31.0633220672 , 12.16967
73.05 , 31.0633220672 , 12.17567
73.09 , 31.0633220672 , 12.18150
73.12 , 31.0633220672 , 12.18733
73.16 , 31.1719360351 , 12.19317
73.19 , 31.1719360351 , 12.19917
73.23 , 31.1719360351 , 12.20500
73.27 , 31.2805480957 , 12.21100
73.30 , 31.1719360351 , 12.21667
73.34 , 31.1719360351 , 12.22267
73.37 , 31.1719360351 , 12.22850
73.41 , 31.2805480957 , 12.23450
73.44 , 31.2805480957 , 12.24033
73.48 , 31.1719360351 , 12.24633
73.51 , 31.3891601562 , 12.25217
73.55 , 31.2805480957 , 12.25800
73.58 , 31.3891601562 , 12.26400
73.62 , 31.3891601562 , 12.26983
73.65 , 31.3891601562 , 12.27583
73.69 , 31.4977741241 , 12.28167
73.72 , 31.4977741241 , 12.28750
73.76 , 31.3891601562 , 12.29333
73.80 , 31.3891601562 , 12.29933
73.83 , 31.3891601562 , 12.30517
73.87 , 31.4977741241 , 12.31117
73.90 , 31.4977741241 , 12.31700
73.94 , 31.4977741241 , 12.32283
73.97 , 31.4977741241 , 12.32867
74.01 , 31.6063861846 , 12.33467
74.04 , 31.4977741241 , 12.34050
74.08 , 31.6063861846 , 12.34650
74.11 , 31.6063861846 , 12.35250
74.15 , 31.7150001525 , 12.35817
74.18 , 31.7150001525 , 12.36417
74.22 , 31.7150001525 , 12.37000
74.26 , 31.7150001525 , 12.37600
74.29 , 31.7150001525 , 12.38183
74.33 , 31.8236122131 , 12.38783
74.36 , 31.7150001525 , 12.39350
74.40 , 31.8236122131 , 12.39950
74.43 , 31.8236122131 , 12.40533
74.47 , 31.8236122131 , 12.41133
74.50 , 31.8236122131 , 12.41717
74.54 , 31.9322261810 , 12.42317
74.57 , 31.9322261810 , 12.42883
74.61 , 31.9322261810 , 12.43483
74.64 , 32.0408401489 , 12.44083
74.68 , 32.0408401489 , 12.44667
74.72 , 32.0408401489 , 12.45267
74.75 , 32.0408401489 , 12.45833
74.79 , 32.0408401489 , 12.46433
74.82 , 32.0408401489 , 12.47017
74.86 , 32.1494522094 , 12.47617
74.89 , 32.1494522094 , 12.48200
74.93 , 32.1494522094 , 12.48800
74.96 , 32.1494522094 , 12.49367
75.00 , 32.1494522094 , 12.49967
75.03 , 32.1494522094 , 12.50550
75.07 , 32.2580642700 , 12.51150
75.10 , 32.2580642700 , 12.51733
75.14 , 32.2580642700 , 12.52333
75.17 , 32.3666763305 , 12.52900
75.21 , 32.2580642700 , 12.53500
75.25 , 32.3666763305 , 12.54100
75.28 , 32.3666763305 , 12.54683
75.32 , 32.3666763305 , 12.55283
75.35 , 32.3666763305 , 12.55867
75.39 , 32.4752883911 , 12.56450
75.42 , 32.3666763305 , 12.57033
75.46 , 32.4752883911 , 12.57633
75.49 , 32.4752883911 , 12.58217
75.53 , 32.4752883911 , 12.58817
75.56 , 32.4752883911 , 12.59400
75.60 , 32.4752883911 , 12.59983
75.63 , 32.5839042663 , 12.60567
75.67 , 32.4752883911 , 12.61167
75.70 , 32.5839042663 , 12.61750
75.74 , 32.6925163269 , 12.62350
75.78 , 32.6925163269 , 12.62950
75.81 , 32.5839042663 , 12.63517
75.85 , 32.5839042663 , 12.64117
75.88 , 32.6925163269 , 12.64700
75.92 , 32.5839042663 , 12.65300
75.95 , 32.6925163269 , 12.65883
75.99 , 32.6925163269 , 12.66467
76.02 , 32.6925163269 , 12.67050
76.06 , 32.6925163269 , 12.67650
76.09 , 32.8011283874 , 12.68233
76.13 , 32.8011283874 , 12.68833
76.16 , 32.8011283874 , 12.69417
76.20 , 32.8011283874 , 12.70000
76.23 , 32.9097404479 , 12.70583
76.27 , 32.9097404479 , 12.71183
76.31 , 32.8011283874 , 12.71767
76.34 , 32.9097404479 , 12.72367
76.38 , 32.9097404479 , 12.72967
76.41 , 32.9097404479 , 12.73533
76.45 , 32.9097404479 , 12.74133
76.48 , 32.9097404479 , 12.74717
76.52 , 33.0183563232 , 12.75317
76.55 , 33.0183563232 , 12.75900
76.59 , 33.1269683837 , 12.76500
76.62 , 33.1269683837 , 12.77067
76.66 , 33.1269683837 , 12.77667
76.69 , 33.1269683837 , 12.78250
76.73 , 33.1269683837 , 12.78850
76.77 , 33.2355804443 , 12.79433
76.80 , 33.1269683837 , 12.80033
76.84 , 33.1269683837 , 12.80600
76.87 , 33.2355804443 , 12.81200
76.91 , 33.2355804443 , 12.81800
76.94 , 33.2355804443 , 12.82383
76.98 , 33.2355804443 , 12.82983
77.01 , 33.2355804443 , 12.83567
77.05 , 33.3441925048 , 12.84150
77.08 , 33.3441925048 , 12.84733
77.12 , 33.3441925048 , 12.85333
77.15 , 33.4528045654 , 12.85917
77.19 , 33.4528045654 , 12.86517
77.22 , 33.4528045654 , 12.87083
77.26 , 33.4528045654 , 12.87683
77.30 , 33.4528045654 , 12.88267
77.33 , 33.4528045654 , 12.88867
77.37 , 33.5614204406 , 12.89450
77.40 , 33.5614204406 , 12.90050
77.44 , 33.5614204406 , 12.90617
77.47 , 33.5614204406 , 12.91217
77.51 , 33.5614204406 , 12.91817
77.54 , 33.5614204406 , 12.92400
77.58 , 33.6700325012 , 12.93000
77.61 , 33.6700325012 , 12.93583
77.65 , 33.6700325012 , 12.94167
77.68 , 33.7786445617 , 12.94750
77.72 , 33.7786445617 , 12.95350
77.76 , 33.7786445617 , 12.95933
77.79 , 33.6700325012 , 12.96533
77.83 , 33.7786445617 , 12.97117
77.86 , 33.9958724975 , 12.97700
77.90 , 33.7786445617 , 12.98283
77.93 , 33.7786445617 , 12.98883
77.97 , 33.8872566223 , 12.99467
78.00 , 33.8872566223 , 13.00067
78.04 , 33.8872566223 , 13.00667
78.07 , 33.8872566223 , 13.01233
78.11 , 33.8872566223 , 13.01833
78.14 , 33.9958724975 , 13.02417
78.18 , 33.9958724975 , 13.03017
78.22 , 33.9958724975 , 13.03600
78.25 , 33.9958724975 , 13.04200
78.29 , 33.9958724975 , 13.04767
78.32 , 34.1044845581 , 13.05367
78.36 , 34.1044845581 , 13.05950
78.39 , 34.1044845581 , 13.06550
78.43 , 34.1044845581 , 13.07133
78.46 , 34.1044845581 , 13.07733
78.50 , 34.2130966186 , 13.08300
78.53 , 34.2130966186 , 13.08900
78.57 , 34.1044845581 , 13.09483
78.61 , 34.2130966186 , 13.10083
78.64 , 34.3217086791 , 13.10683
78.68 , 34.2130966186 , 13.11250
78.71 , 34.2130966186 , 13.11850
78.75 , 34.3217086791 , 13.12433
78.78 , 34.2130966186 , 13.13033
78.82 , 34.3217086791 , 13.13617
78.85 , 34.3217086791 , 13.14217
78.89 , 34.4303207397 , 13.14783
78.92 , 34.4303207397 , 13.15383
78.96 , 34.4303207397 , 13.15967
78.99 , 34.4303207397 , 13.16567
79.03 , 34.5389366149 , 13.17150
79.06 , 34.5389366149 , 13.17750
79.10 , 34.5389366149 , 13.18317
79.13 , 34.5389366149 , 13.18917
79.17 , 34.6475486755 , 13.19517
79.21 , 34.5389366149 , 13.20100
79.24 , 34.6475486755 , 13.20700
79.28 , 34.6475486755 , 13.21283
79.31 , 34.6475486755 , 13.21867
79.35 , 34.6475486755 , 13.22450
79.38 , 34.6475486755 , 13.23050
79.42 , 34.7561607360 , 13.23633
79.45 , 34.6475486755 , 13.24233
79.49 , 34.7561607360 , 13.24817
79.52 , 34.7561607360 , 13.25400
79.56 , 34.7561607360 , 13.25983
79.59 , 34.7561607360 , 13.26583
79.63 , 34.8647727966 , 13.27167
79.67 , 34.8647727966 , 13.27767
79.70 , 34.7561607360 , 13.28333
79.74 , 34.9733886718 , 13.28933
79.77 , 34.8647727966 , 13.29533
79.81 , 34.9733886718 , 13.30117
79.84 , 34.9733886718 , 13.30717
79.88 , 35.0820045471 , 13.31300
79.91 , 34.9733886718 , 13.31883
79.95 , 34.9733886718 , 13.32467
79.98 , 35.0820045471 , 13.33067
80.02 , 35.0820045471 , 13.33650
80.05 , 35.0820045471 , 13.34250
80.09 , 35.0820045471 , 13.34833
80.12 , 35.1906166076 , 13.35417
80.16 , 35.1906166076 , 13.36000
80.20 , 35.0820045471 , 13.36600
80.23 , 35.1906166076 , 13.37183
80.27 , 35.1906166076 , 13.37783
80.30 , 35.2992324829 , 13.38383
80.34 , 35.2992324829 , 13.38950
80.37 , 35.1906166076 , 13.39550
80.41 , 35.2992324829 , 13.40133
80.44 , 35.4078445434 , 13.40733
80.48 , 35.4078445434 , 13.41317
80.51 , 35.2992324829 , 13.41917
80.55 , 35.4078445434 , 13.42483
80.58 , 35.2992324829 , 13.43083
80.62 , 35.2992324829 , 13.43667
80.66 , 35.4078445434 , 13.44267
80.69 , 35.4078445434 , 13.44850
80.73 , 35.4078445434 , 13.45450
80.76 , 35.4078445434 , 13.46017
80.80 , 35.5164566040 , 13.46617
80.83 , 35.4078445434 , 13.47200
80.87 , 35.5164566040 , 13.47800
80.90 , 35.5164566040 , 13.48400
80.94 , 35.6250686645 , 13.48983
80.97 , 35.6250686645 , 13.49567
81.01 , 35.6250686645 , 13.50150
81.04 , 35.6250686645 , 13.50750
81.08 , 35.6250686645 , 13.51333
81.12 , 35.6250686645 , 13.51933
81.15 , 35.6250686645 , 13.52500
81.19 , 35.7336807250 , 13.53100
81.22 , 35.7336807250 , 13.53683
81.26 , 35.7336807250 , 13.54283
81.29 , 35.7336807250 , 13.54867
81.33 , 35.8422966003 , 13.55467
81.36 , 35.8422966003 , 13.56033
81.40 , 35.8422966003 , 13.56633
81.43 , 35.8422966003 , 13.57233
81.47 , 35.8422966003 , 13.57817
81.50 , 35.8422966003 , 13.58417
81.54 , 35.9509086608 , 13.59000
81.57 , 35.9509086608 , 13.59583
81.61 , 35.9509086608 , 13.60167
81.65 , 35.9509086608 , 13.60767
81.68 , 36.0595207214 , 13.61350
81.72 , 35.9509086608 , 13.61950
81.75 , 36.0595207214 , 13.62533
81.79 , 36.0595207214 , 13.63117
81.82 , 36.1681327819 , 13.63700
81.86 , 36.0595207214 , 13.64300
81.89 , 36.0595207214 , 13.64883
81.93 , 36.1681327819 , 13.65483
81.96 , 36.1681327819 , 13.66067
82.00 , 36.1681327819 , 13.66650
82.04 , 36.2767486572 , 13.67250
82.07 , 36.1681327819 , 13.67833
82.11 , 36.2767486572 , 13.68433
82.14 , 36.2767486572 , 13.69017
82.18 , 36.3853607177 , 13.69617
82.21 , 36.2767486572 , 13.70183
82.25 , 36.3853607177 , 13.70783
82.28 , 36.3853607177 , 13.71367
82.32 , 36.3853607177 , 13.71967
82.35 , 36.3853607177 , 13.72550
82.39 , 36.3853607177 , 13.73133
82.42 , 36.4939727783 , 13.73717
82.46 , 36.4939727783 , 13.74317
82.49 , 36.4939727783 , 13.74900
82.53 , 36.4939727783 , 13.75500
82.57 , 36.4939727783 , 13.76100
82.60 , 36.6025848388 , 13.76667
82.64 , 36.6025848388 , 13.77267
82.67 , 36.6025848388 , 13.77850
82.71 , 36.6025848388 , 13.78450
82.74 , 36.7111968994 , 13.79033
82.78 , 36.6025848388 , 13.79633
82.81 , 36.7111968994 , 13.80200
82.85 , 36.7111968994 , 13.80800
82.88 , 36.8198127746 , 13.81383
82.92 , 36.7111968994 , 13.81983
82.95 , 36.7111968994 , 13.82567
82.99 , 36.7111968994 , 13.83167
83.02 , 36.8198127746 , 13.83733
83.06 , 36.8198127746 , 13.84333
83.09 , 36.8198127746 , 13.84917
83.13 , 36.8198127746 , 13.85517
83.17 , 36.8198127746 , 13.86117
83.20 , 36.8198127746 , 13.86700
83.24 , 36.8198127746 , 13.87283
83.27 , 36.9284248352 , 13.87867
83.31 , 36.9284248352 , 13.88467
83.34 , 36.8198127746 , 13.89050
83.38 , 36.9284248352 , 13.89650
83.41 , 36.9284248352 , 13.90233
83.45 , 37.0370368957 , 13.90817
83.48 , 36.9284248352 , 13.91400
83.52 , 37.0370368957 , 13.92000
83.55 , 37.0370368957 , 13.92583
83.59 , 37.1456489562 , 13.93183
83.62 , 37.0370368957 , 13.93750
83.66 , 37.1456489562 , 13.94350
83.70 , 37.1456489562 , 13.94950
83.73 , 37.1456489562 , 13.95533
83.77 , 37.2542648315 , 13.96133
83.80 , 37.2542648315 , 13.96717
83.84 , 37.2542648315 , 13.97300
83.87 , 37.2542648315 , 13.97883
83.91 , 37.3628768920 , 13.98483
83.94 , 37.2542648315 , 13.99067
83.98 , 37.3628768920 , 13.99667
84.01 , 37.3628768920 , 14.00250
84.05 , 37.3628768920 , 14.00833
84.08 , 37.3628768920 , 14.01417
84.12 , 37.4714889526 , 14.02017
84.16 , 37.4714889526 , 14.02600
84.19 , 37.4714889526 , 14.03200
84.23 , 37.4714889526 , 14.03783
84.26 , 37.4714889526 , 14.04367
84.30 , 37.4714889526 , 14.04967
84.33 , 37.5801010131 , 14.05550
84.37 , 37.5801010131 , 14.06150
84.40 , 37.4714889526 , 14.06733
84.44 , 37.5801010131 , 14.07333
84.47 , 37.6887130737 , 14.07900
84.51 , 37.6887130737 , 14.08500
84.54 , 37.6887130737 , 14.09083
84.58 , 37.6887130737 , 14.09683
84.62 , 37.7973289489 , 14.10267
84.65 , 37.6887130737 , 14.10867
84.69 , 37.7973289489 , 14.11433
84.72 , 37.7973289489 , 14.12033
84.76 , 37.9059410095 , 14.12617
84.79 , 37.7973289489 , 14.13217
84.83 , 37.9059410095 , 14.13817
84.86 , 37.9059410095 , 14.14400
84.90 , 37.9059410095 , 14.14983
84.93 , 38.0145530700 , 14.15567
84.97 , 38.0145530700 , 14.16167
85.00 , 38.0145530700 , 14.16750
85.04 , 37.9059410095 , 14.17350
85.07 , 38.0145530700 , 14.17917
85.11 , 38.0145530700 , 14.18517
85.15 , 38.0145530700 , 14.19100
85.18 , 38.1231651306 , 14.19700
85.22 , 38.1231651306 , 14.20283
85.25 , 38.0145530700 , 14.20883
85.29 , 38.1231651306 , 14.21450
85.32 , 38.1231651306 , 14.22050
85.36 , 38.1231651306 , 14.22633
85.39 , 38.1231651306 , 14.23233
85.43 , 38.2317810058 , 14.23833
85.46 , 38.2317810058 , 14.24417
85.50 , 38.2317810058 , 14.25000
85.54 , 38.2317810058 , 14.25583
85.57 , 38.3403930664 , 14.26183
85.61 , 38.2317810058 , 14.26767
85.64 , 38.2317810058 , 14.27367
85.68 , 38.3403930664 , 14.27950
85.71 , 38.3403930664 , 14.28533
85.75 , 38.3403930664 , 14.29117
85.78 , 38.3403930664 , 14.29717
85.82 , 38.4490051269 , 14.30300
85.85 , 38.4490051269 , 14.30900
85.89 , 38.4490051269 , 14.31483
85.92 , 38.4490051269 , 14.32067
85.96 , 38.4490051269 , 14.32667
86.00 , 38.4490051269 , 14.33250
86.03 , 38.5576171875 , 14.33850
86.07 , 38.5576171875 , 14.34433
86.10 , 38.5576171875 , 14.35033
86.14 , 38.5576171875 , 14.35600
86.17 , 38.6662292480 , 14.36200
86.21 , 38.6662292480 , 14.36783
86.24 , 38.6662292480 , 14.37383
86.28 , 38.6662292480 , 14.37967
86.31 , 38.6662292480 , 14.38550
86.35 , 38.7748451232 , 14.39133
86.38 , 38.7748451232 , 14.39733
86.42 , 38.7748451232 , 14.40317
86.45 , 38.7748451232 , 14.40917
86.49 , 38.7748451232 , 14.41500
86.52 , 38.8834571838 , 14.42083
86.56 , 38.8834571838 , 14.42683
86.60 , 38.8834571838 , 14.43267
86.63 , 38.8834571838 , 14.43867
86.67 , 38.9920692443 , 14.44450
86.70 , 38.9920692443 , 14.45050
86.74 , 38.9920692443 , 14.45617
86.77 , 38.9920692443 , 14.46217
86.81 , 38.9920692443 , 14.46800
86.84 , 38.9920692443 , 14.47400
86.88 , 38.9920692443 , 14.47983
86.91 , 39.1006813049 , 14.48583
86.95 , 39.1006813049 , 14.49150
86.98 , 39.2092971801 , 14.49750
87.02 , 39.2092971801 , 14.50333
87.06 , 39.2092971801 , 14.50933
87.09 , 39.3179092407 , 14.51533
87.13 , 39.2092971801 , 14.52117
87.16 , 39.2092971801 , 14.52700
87.20 , 39.3179092407 , 14.53283
87.23 , 39.3179092407 , 14.53883
87.27 , 39.3179092407 , 14.54467
87.30 , 39.3179092407 , 14.55067
87.34 , 39.3179092407 , 14.55650
87.37 , 39.4265213012 , 14.56233
87.41 , 39.3179092407 , 14.56817
87.44 , 39.4265213012 , 14.57417
87.48 , 39.4265213012 , 14.58000
87.52 , 39.5351333618 , 14.58600
87.55 , 39.5351333618 , 14.59167
87.59 , 39.4265213012 , 14.59767
87.62 , 39.4265213012 , 14.60350
87.66 , 39.4265213012 , 14.60950
87.69 , 39.5351333618 , 14.61550
87.73 , 39.5351333618 , 14.62133
87.76 , 39.6437454223 , 14.62717
87.80 , 39.5351333618 , 14.63300
87.83 , 39.6437454223 , 14.63900
87.87 , 39.6437454223 , 14.64483
87.90 , 39.7523612976 , 14.65083
87.94 , 39.7523612976 , 14.65667
87.97 , 39.6437454223 , 14.66250
88.01 , 39.6437454223 , 14.66833
88.05 , 39.7523612976 , 14.67433
88.08 , 39.7523612976 , 14.68017
88.12 , 39.7523612976 , 14.68617
88.15 , 39.7523612976 , 14.69200
88.19 , 39.8609733581 , 14.69783
88.22 , 39.7523612976 , 14.70383
88.26 , 39.8609733581 , 14.70967
88.29 , 39.7523612976 , 14.71567
88.33 , 39.8609733581 , 14.72150
88.36 , 39.8609733581 , 14.72750
88.40 , 39.9695854187 , 14.73317
88.43 , 39.8609733581 , 14.73917
88.47 , 39.9695854187 , 14.74500
88.51 , 39.9695854187 , 14.75100
88.54 , 40.0781974792 , 14.75683
88.58 , 39.9695854187 , 14.76283
88.61 , 39.9695854187 , 14.76850
88.65 , 40.0781974792 , 14.77450
88.68 , 40.0781974792 , 14.78033
88.72 , 40.0781974792 , 14.78633
88.75 , 40.0781974792 , 14.79217
88.79 , 40.0781974792 , 14.79800
88.82 , 40.1868133544 , 14.80400
88.86 , 40.1868133544 , 14.80983
88.89 , 40.1868133544 , 14.81583
88.93 , 40.2954254150 , 14.82167
88.97 , 40.2954254150 , 14.82767
89.00 , 40.2954254150 , 14.83333
89.04 , 40.2954254150 , 14.83933
89.07 , 40.2954254150 , 14.84517
89.11 , 40.4040374755 , 14.85117
89.14 , 40.2954254150 , 14.85700
89.18 , 40.4040374755 , 14.86300
89.21 , 40.4040374755 , 14.86867
89.25 , 40.5126495361 , 14.87467
89.28 , 40.5126495361 , 14.88050
89.32 , 40.5126495361 , 14.88650
89.36 , 40.5126495361 , 14.89250
89.39 , 40.5126495361 , 14.89833
89.43 , 40.5126495361 , 14.90417
89.46 , 40.5126495361 , 14.91000
89.50 , 40.6212692260 , 14.91600
89.53 , 40.6212692260 , 14.92183
89.57 , 40.6212692260 , 14.92783
89.60 , 40.7298812866 , 14.93367
89.64 , 40.7298812866 , 14.93950
89.67 , 40.7298812866 , 14.94533
89.71 , 40.7298812866 , 14.95133
89.74 , 40.7298812866 , 14.95717
89.78 , 40.7298812866 , 14.96317
89.81 , 40.7298812866 , 14.96900
89.85 , 40.8384933471 , 14.97483
89.88 , 40.8384933471 , 14.98067
89.92 , 40.8384933471 , 14.98667
89.96 , 40.8384933471 , 14.99267
89.99 , 40.8384933471 , 14.99850
90.03 , 40.9471054077 , 15.00450
90.06 , 40.9471054077 , 15.01017
90.10 , 40.9471054077 , 15.01617
90.13 , 40.9471054077 , 15.02200
90.17 , 40.9471054077 , 15.02800
90.20 , 41.0557212829 , 15.03383
90.24 , 41.0557212829 , 15.03967
90.27 , 40.9471054077 , 15.04550
90.31 , 41.0557212829 , 15.05150
90.34 , 41.0557212829 , 15.05733
90.38 , 41.1643333435 , 15.06333
90.41 , 41.0557212829 , 15.06917
90.45 , 41.1643333435 , 15.07500
90.49 , 41.1643333435 , 15.08100
90.52 , 41.1643333435 , 15.08683
90.56 , 41.1643333435 , 15.09283
90.59 , 41.2729454040 , 15.09867
90.63 , 41.1643333435 , 15.10467
90.66 , 41.2729454040 , 15.11033
90.70 , 41.2729454040 , 15.11633
90.73 , 41.2729454040 , 15.12217
90.77 , 41.2729454040 , 15.12817
90.80 , 41.2729454040 , 15.13400
90.84 , 41.3815574645 , 15.14000
90.87 , 41.3815574645 , 15.14567
90.91 , 41.3815574645 , 15.15167
90.94 , 41.3815574645 , 15.15750
90.98 , 41.3815574645 , 15.16350
91.02 , 41.4901733398 , 15.16933
91.05 , 41.4901733398 , 15.17533
91.09 , 41.4901733398 , 15.18117
91.12 , 41.4901733398 , 15.18700
91.16 , 41.4901733398 , 15.19300
91.19 , 41.5987854003 , 15.19883
91.23 , 41.5987854003 , 15.20483
91.26 , 41.5987854003 , 15.21067
91.30 , 41.5987854003 , 15.21650
91.33 , 41.7073974609 , 15.22233
91.37 , 41.7073974609 , 15.22833
91.40 , 41.7073974609 , 15.23417
91.44 , 41.7073974609 , 15.24017
91.47 , 41.7073974609 , 15.24583
91.51 , 41.7073974609 , 15.25183
91.55 , 41.8160095214 , 15.25767
91.58 , 41.8160095214 , 15.26367
91.62 , 41.8160095214 , 15.26967
91.65 , 41.9246215820 , 15.27550
91.69 , 41.9246215820 , 15.28133
91.72 , 41.9246215820 , 15.28717
91.76 , 41.9246215820 , 15.29317
91.79 , 41.9246215820 , 15.29900
91.83 , 41.9246215820 , 15.30500
91.86 , 41.8160095214 , 15.31083
91.90 , 41.9246215820 , 15.31667
91.93 , 41.9246215820 , 15.32250
91.97 , 42.0332374572 , 15.32850
92.01 , 42.0332374572 , 15.33433
92.04 , 42.1418495178 , 15.34033
92.08 , 42.1418495178 , 15.34617
92.11 , 42.1418495178 , 15.35200
92.15 , 42.0332374572 , 15.35783
92.18 , 42.1418495178 , 15.36383
92.22 , 42.1418495178 , 15.36983
92.25 , 42.2504615783 , 15.37567
92.29 , 42.2504615783 , 15.38167
92.32 , 42.2504615783 , 15.38733
92.36 , 42.2504615783 , 15.39333
92.39 , 42.2504615783 , 15.39917
92.43 , 42.2504615783 , 15.40517
92.47 , 42.3590736389 , 15.41100
92.50 , 42.3590736389 , 15.41700
92.54 , 42.3590736389 , 15.42267
92.57 , 42.3590736389 , 15.42867
92.61 , 42.4676895141 , 15.43450
92.64 , 42.3590736389 , 15.44050
92.68 , 42.3590736389 , 15.44633
92.71 , 42.4676895141 , 15.45217
92.75 , 42.4676895141 , 15.45817
92.78 , 42.4676895141 , 15.46400
92.82 , 42.4676895141 , 15.47000
92.86 , 42.4676895141 , 15.47583
92.89 , 42.4676895141 , 15.48183
92.93 , 42.5763015747 , 15.48750
92.96 , 42.5763015747 , 15.49350
93.00 , 42.5763015747 , 15.49933
93.03 , 42.5763015747 , 15.50533
93.07 , 42.6849136352 , 15.51117
93.10 , 42.5763015747 , 15.51717
93.14 , 42.6849136352 , 15.52283
93.17 , 42.6849136352 , 15.52883
93.21 , 42.7935256958 , 15.53467
93.24 , 42.7935256958 , 15.54067
93.28 , 42.6849136352 , 15.54650
93.31 , 42.7935256958 , 15.55250
93.35 , 42.7935256958 , 15.55833
93.38 , 42.7935256958 , 15.56417
93.42 , 42.7935256958 , 15.57017
93.46 , 42.9021377563 , 15.57600
93.49 , 42.9021377563 , 15.58200
93.53 , 42.9021377563 , 15.58783
93.56 , 43.0107536315 , 15.59367
93.60 , 42.9021377563 , 15.59950
93.63 , 43.0107536315 , 15.60550
93.67 , 43.0107536315 , 15.61133
93.70 , 43.0107536315 , 15.61733
93.74 , 43.0107536315 , 15.62317
93.77 , 43.1193656921 , 15.62900
93.81 , 43.1193656921 , 15.63483
93.84 , 43.1193656921 , 15.64083
93.88 , 43.2279777526 , 15.64683
93.92 , 43.2279777526 , 15.65267
93.95 , 43.2279777526 , 15.65867
93.99 , 43.2279777526 , 15.66433
94.02 , 43.3365898132 , 15.67033
94.06 , 43.2279777526 , 15.67617
94.09 , 43.3365898132 , 15.68217
94.13 , 43.3365898132 , 15.68800
94.16 , 43.3365898132 , 15.69383
94.20 , 43.3365898132 , 15.69967
94.23 , 43.4452056884 , 15.70567
94.27 , 43.4452056884 , 15.71150
94.30 , 43.3365898132 , 15.71750
94.34 , 43.4452056884 , 15.72333
94.37 , 43.5538177490 , 15.72917
94.41 , 43.4452056884 , 15.73500
94.45 , 43.5538177490 , 15.74100
94.48 , 43.5538177490 , 15.74700
94.52 , 43.5538177490 , 15.75283
94.55 , 43.5538177490 , 15.75883
94.59 , 43.6624298095 , 15.76450
94.62 , 43.5538177490 , 15.77050
94.66 , 43.5538177490 , 15.77633
94.69 , 43.6624298095 , 15.78233
94.73 , 43.6624298095 , 15.78817
94.76 , 43.6624298095 , 15.79417
94.80 , 43.6624298095 , 15.79983
94.83 , 43.6624298095 , 15.80583
94.87 , 43.7710418701 , 15.81167
94.91 , 43.7710418701 , 15.81767
94.94 , 43.7710418701 , 15.82350
94.98 , 43.7710418701 , 15.82950
95.01 , 43.8796539306 , 15.83533
95.05 , 43.8796539306 , 15.84117
95.08 , 43.8796539306 , 15.84717
95.12 , 43.9882698059 , 15.85300
95.15 , 43.8796539306 , 15.85900
95.19 , 43.9882698059 , 15.86467
95.22 , 43.9882698059 , 15.87067
95.26 , 43.9882698059 , 15.87650
95.29 , 43.9882698059 , 15.88250
95.33 , 43.9882698059 , 15.88833
95.37 , 44.0968818664 , 15.89433
95.40 , 44.0968818664 , 15.90000
95.44 , 44.0968818664 , 15.90600
95.47 , 44.2054939270 , 15.91183
95.51 , 44.2054939270 , 15.91783
95.54 , 44.2054939270 , 15.92367
95.58 , 44.2054939270 , 15.92967
95.61 , 44.2054939270 , 15.93550
95.65 , 44.3141059875 , 15.94133
95.68 , 44.4227218627 , 15.94733
95.72 , 44.3141059875 , 15.95317
95.75 , 44.4227218627 , 15.95917
95.79 , 44.3141059875 , 15.96500
95.82 , 44.5313339233 , 15.97083
95.86 , 44.4227218627 , 15.97667
95.90 , 44.5313339233 , 15.98267
95.93 , 44.5313339233 , 15.98850
95.97 , 44.5313339233 , 15.99450
96.00 , 44.5313339233 , 16.00033
96.04 , 44.5313339233 , 16.00617
96.07 , 44.6399459838 , 16.01200
96.11 , 44.6399459838 , 16.01800
96.14 , 44.6399459838 , 16.02400
96.18 , 44.7485580444 , 16.02984
96.21 , 44.7485580444 , 16.03583
96.25 , 44.7485580444 , 16.04150
96.29 , 44.8571701049 , 16.04750
96.32 , 44.8571701049 , 16.05333
96.36 , 44.8571701049 , 16.05933
96.39 , 44.8571701049 , 16.06517
96.43 , 44.8571701049 , 16.07117
96.46 , 44.9657859802 , 16.07683
96.50 , 44.8571701049 , 16.08283
96.53 , 44.9657859802 , 16.08867
96.57 , 44.9657859802 , 16.09467
96.60 , 45.0743980407 , 16.10050
96.64 , 45.0743980407 , 16.10634
96.67 , 45.0743980407 , 16.11217
96.71 , 45.0743980407 , 16.11817
96.75 , 45.1830101013 , 16.12417
96.78 , 45.0743980407 , 16.13000
96.82 , 45.2916221618 , 16.13600
96.85 , 45.1830101013 , 16.14167
96.89 , 45.2916221618 , 16.14767
96.92 , 45.2916221618 , 16.15350
96.96 , 45.2916221618 , 16.15950
96.99 , 45.4002380371 , 16.16533
97.03 , 45.4002380371 , 16.17133
97.06 , 45.4002380371 , 16.17700
97.10 , 45.4002380371 , 16.18300
97.13 , 45.4002380371 , 16.18884
97.17 , 45.4002380371 , 16.19483
97.20 , 45.5088500976 , 16.20067
97.24 , 45.5088500976 , 16.20667
97.27 , 45.5088500976 , 16.21250
97.31 , 45.5088500976 , 16.21833
97.35 , 45.7260742187 , 16.22434
97.38 , 45.6174621582 , 16.23017
97.42 , 45.6174621582 , 16.23617
97.45 , 45.7260742187 , 16.24200
97.49 , 45.7260742187 , 16.24783
97.52 , 45.7260742187 , 16.25367
97.56 , 45.7260742187 , 16.25967
97.59 , 45.8346862792 , 16.26550
97.63 , 45.8346862792 , 16.27150
97.66 , 45.8346862792 , 16.27733
97.70 , 45.8346862792 , 16.28317
97.73 , 45.9433021545 , 16.28900
97.77 , 45.9433021545 , 16.29500
97.80 , 45.9433021545 , 16.30084
97.84 , 45.9433021545 , 16.30684
97.88 , 45.9433021545 , 16.31267
97.91 , 45.9433021545 , 16.31850
97.95 , 46.0519142150 , 16.32450
97.98 , 46.0519142150 , 16.33033
98.02 , 46.0519142150 , 16.33633
98.05 , 46.0519142150 , 16.34217
98.09 , 46.1605300903 , 16.34800
98.12 , 46.1605300903 , 16.35383
98.16 , 46.1605300903 , 16.35983
98.19 , 46.1605300903 , 16.36567
98.23 , 46.2691459655 , 16.37167
98.26 , 46.2691459655 , 16.37750
98.30 , 46.2691459655 , 16.38334
98.33 , 46.2691459655 , 16.38917
98.37 , 46.3777580261 , 16.39517
98.41 , 46.3777580261 , 16.40117
98.44 , 46.3777580261 , 16.40700
98.48 , 46.3777580261 , 16.41300
98.51 , 46.4863700866 , 16.41867
98.55 , 46.4863700866 , 16.42467
98.58 , 46.4863700866 , 16.43050
98.62 , 46.4863700866 , 16.43650
98.65 , 46.5949821472 , 16.44233
98.69 , 46.5949821472 , 16.44833
98.72 , 46.5949821472 , 16.45400
98.76 , 46.5949821472 , 16.46000
98.79 , 46.7035980224 , 16.46583
98.83 , 46.7035980224 , 16.47183
98.87 , 46.8122100830 , 16.47767
98.90 , 46.8122100830 , 16.48367
98.94 , 46.8122100830 , 16.48933
98.97 , 46.9208221435 , 16.49534
99.01 , 46.8122100830 , 16.50134
99.04 , 46.9208221435 , 16.50717
99.08 , 46.8122100830 , 16.51317
99.11 , 46.9208221435 , 16.51883
99.15 , 46.9208221435 , 16.52483
99.18 , 47.0294342041 , 16.53067
99.22 , 47.0294342041 , 16.53667
99.25 , 47.0294342041 , 16.54250
99.29 , 47.1380462646 , 16.54850
99.32 , 47.0294342041 , 16.55417
99.36 , 47.0294342041 , 16.56017
99.40 , 47.1380462646 , 16.56600
99.43 , 47.1380462646 , 16.57200
99.47 , 47.1380462646 , 16.57784
99.50 , 47.2466621398 , 16.58383
99.54 , 47.2466621398 , 16.58967
99.57 , 47.2466621398 , 16.59550
99.61 , 47.2466621398 , 16.60150
99.64 , 47.2466621398 , 16.60733
99.68 , 47.2466621398 , 16.61334
99.71 , 47.3552742004 , 16.61917
99.75 , 47.3552742004 , 16.62500
99.79 , 47.3552742004 , 16.63084
99.82 , 47.3552742004 , 16.63683
99.86 , 47.4638862609 , 16.64267
99.89 , 47.4638862609 , 16.64867
99.93 , 47.4638862609 , 16.65450
99.96 , 47.4638862609 , 16.66033
100.00 , 47.4638862609 , 16.66617
100.03 , 47.5724983215 , 16.67233
100.07 , 47.4638862609 , 16.67850
100.11 , 47.5724983215 , 16.68450
100.14 , 47.5724983215 , 16.69067
100.18 , 47.6811141967 , 16.69650
100.22 , 47.6811141967 , 16.70267
100.25 , 47.6811141967 , 16.70867
100.29 , 47.6811141967 , 16.71483
100.32 , 47.6811141967 , 16.72083
100.36 , 47.7897262573 , 16.72700
100.40 , 47.7897262573 , 16.73300
100.43 , 47.8983383178 , 16.73900
100.47 , 47.8983383178 , 16.74517
100.51 , 47.8983383178 , 16.75117
100.54 , 47.8983383178 , 16.75733
100.58 , 47.8983383178 , 16.76333
100.62 , 47.8983383178 , 16.76950
100.65 , 48.0069503784 , 16.77550
100.69 , 48.0069503784 , 16.78150
100.72 , 48.0069503784 , 16.78750
100.76 , 48.1155624389 , 16.79367
100.80 , 48.1155624389 , 16.79967
100.83 , 48.1155624389 , 16.80583
100.87 , 48.2241783142 , 16.81200
100.91 , 48.2241783142 , 16.81800
100.94 , 48.2241783142 , 16.82400
100.98 , 48.2241783142 , 16.83000
101.02 , 48.2241783142 , 16.83617
101.05 , 48.3327903747 , 16.84217
101.09 , 48.3327903747 , 16.84833
101.13 , 48.3327903747 , 16.85433
101.16 , 48.3327903747 , 16.86050
101.20 , 48.5500144958 , 16.86633
101.23 , 48.4414024353 , 16.87250
101.27 , 48.4414024353 , 16.87867
101.31 , 48.4414024353 , 16.88467
101.34 , 48.5500144958 , 16.89084
101.38 , 48.5500144958 , 16.89683
101.42 , 48.5500144958 , 16.90283
101.45 , 48.6586303710 , 16.90884
101.49 , 48.6586303710 , 16.91500
101.53 , 48.6586303710 , 16.92100
101.56 , 48.7672424316 , 16.92717
101.60 , 48.7672424316 , 16.93317
101.64 , 48.7672424316 , 16.93934
101.67 , 48.7672424316 , 16.94533
101.71 , 48.7672424316 , 16.95133
101.75 , 48.7672424316 , 16.95750
101.78 , 48.8758544921 , 16.96350
101.82 , 48.9844665527 , 16.96967
101.85 , 48.9844665527 , 16.97567
101.89 , 48.9844665527 , 16.98184
101.93 , 48.9844665527 , 16.98767
101.96 , 48.9844665527 , 16.99383
102.00 , 48.9844665527 , 16.99983
102.04 , 49.0930786132 , 17.00600
102.07 , 49.0930786132 , 17.01217
102.11 , 49.0930786132 , 17.01817
102.15 , 49.0930786132 , 17.02433
102.18 , 49.0930786132 , 17.03017
102.22 , 49.2016944885 , 17.03634
102.25 , 49.2016944885 , 17.04233
102.29 , 49.2016944885 , 17.04850
102.33 , 49.2016944885 , 17.05450
102.36 , 49.3103065490 , 17.06067
102.40 , 49.3103065490 , 17.06683
102.44 , 49.3103065490 , 17.07267
102.47 , 49.3103065490 , 17.07884
102.51 , 49.4189186096 , 17.08484
102.55 , 49.4189186096 , 17.09100
102.58 , 49.4189186096 , 17.09700
102.62 , 49.5275306701 , 17.10317
102.65 , 49.5275306701 , 17.10900
102.69 , 49.5275306701 , 17.11517
102.73 , 49.5275306701 , 17.12117
102.76 , 49.5275306701 , 17.12734
102.80 , 49.6361465454 , 17.13350
102.84 , 49.6361465454 , 17.13950
102.87 , 49.6361465454 , 17.14567
102.91 , 49.6361465454 , 17.15150
102.95 , 49.6361465454 , 17.15767
102.98 , 49.6361465454 , 17.16367
103.02 , 49.7447586059 , 17.16983
103.05 , 49.8533706665 , 17.17584
103.09 , 49.8533706665 , 17.18200
103.13 , 49.7447586059 , 17.18800
103.16 , 49.8533706665 , 17.19400
103.20 , 49.9619827270 , 17.20017
103.24 , 49.9619827270 , 17.20617
103.27 , 49.9619827270 , 17.21233
103.31 , 49.9619827270 , 17.21833
103.35 , 50.0705947875 , 17.22450
103.38 , 50.1792106628 , 17.23050
103.42 , 50.0705947875 , 17.23650
103.45 , 50.1792106628 , 17.24250
103.49 , 50.1792106628 , 17.24867
103.53 , 50.1792106628 , 17.25467
103.56 , 50.2878227233 , 17.26083
103.60 , 50.2878227233 , 17.26700
103.64 , 50.2878227233 , 17.27300
103.67 , 50.2878227233 , 17.27900
103.71 , 50.2878227233 , 17.28500
103.75 , 50.3964347839 , 17.29117
103.78 , 50.3964347839 , 17.29717
103.82 , 50.3964347839 , 17.30333
103.86 , 50.5050468444 , 17.30933
103.89 , 50.5050468444 , 17.31534
103.93 , 50.5050468444 , 17.32134
103.96 , 50.6136627197 , 17.32750
104.00 , 50.6136627197 , 17.33367
104.04 , 50.6136627197 , 17.33967
104.07 , 50.6136627197 , 17.34583
104.11 , 50.6136627197 , 17.35183
104.15 , 50.6136627197 , 17.35783
104.18 , 50.7222747802 , 17.36384
104.22 , 50.7222747802 , 17.37000
104.26 , 50.7222747802 , 17.37600
104.29 , 50.8308868408 , 17.38217
104.33 , 50.8308868408 , 17.38817
104.37 , 50.8308868408 , 17.39433
104.40 , 50.8308868408 , 17.40033
104.44 , 50.8308868408 , 17.40633
104.47 , 50.9394989013 , 17.41250
104.51 , 50.9394989013 , 17.41850
104.55 , 50.9394989013 , 17.42467
104.58 , 50.9394989013 , 17.43067
104.62 , 50.9394989013 , 17.43684
104.66 , 51.0481109619 , 17.44267
104.69 , 51.0481109619 , 17.44883
104.73 , 51.0481109619 , 17.45500
104.77 , 51.0481109619 , 17.46100
104.80 , 51.1567268371 , 17.46717
104.84 , 51.1567268371 , 17.47317
104.88 , 51.1567268371 , 17.47933
104.91 , 51.1567268371 , 17.48517
104.95 , 51.2653388977 , 17.49133
104.98 , 51.2653388977 , 17.49733
105.02 , 51.2653388977 , 17.50350
105.06 , 51.3739509582 , 17.50950
105.09 , 51.3739509582 , 17.51567
105.13 , 51.3739509582 , 17.52183
105.17 , 51.3739509582 , 17.52767
105.20 , 51.4825630187 , 17.53384
105.24 , 51.4825630187 , 17.53983
105.28 , 51.4825630187 , 17.54600
105.31 , 51.5911788940 , 17.55200
105.35 , 51.4825630187 , 17.55817
105.38 , 51.5911788940 , 17.56400
105.42 , 51.5911788940 , 17.57017
105.46 , 51.5911788940 , 17.57617
105.49 , 51.6997947692 , 17.58234
105.53 , 51.6997947692 , 17.58850
105.57 , 51.6997947692 , 17.59450
105.60 , 51.6997947692 , 17.60067
105.64 , 51.8084068298 , 17.60650
105.68 , 51.8084068298 , 17.61267
105.71 , 51.9170227050 , 17.61867
105.75 , 51.9170227050 , 17.62483
105.79 , 51.9170227050 , 17.63084
105.82 , 51.9170227050 , 17.63700
105.86 , 51.9170227050 , 17.64300
105.89 , 52.0256347656 , 17.64900
105.93 , 52.0256347656 , 17.65517
105.97 , 52.0256347656 , 17.66117
106.00 , 52.1342468261 , 17.66733
106.04 , 52.1342468261 , 17.67333
106.08 , 52.1342468261 , 17.67950
106.11 , 52.1342468261 , 17.68550
106.15 , 52.2428588867 , 17.69150
106.18 , 52.0256347656 , 17.69750
106.22 , 52.2428588867 , 17.70367
106.26 , 52.2428588867 , 17.70967
106.29 , 52.3514709472 , 17.71583
106.33 , 52.3514709472 , 17.72200
106.37 , 52.3514709472 , 17.72800
106.40 , 52.3514709472 , 17.73400
106.44 , 52.4600868225 , 17.74000
106.48 , 52.4600868225 , 17.74617
106.51 , 52.4600868225 , 17.75217
106.55 , 52.5686988830 , 17.75834
106.59 , 52.5686988830 , 17.76433
106.62 , 52.5686988830 , 17.77033
106.66 , 52.5686988830 , 17.77633
106.69 , 52.6773109436 , 17.78250
106.73 , 52.6773109436 , 17.78867
106.77 , 52.6773109436 , 17.79467
106.80 , 52.6773109436 , 17.80084
106.84 , 52.6773109436 , 17.80684
106.88 , 52.7859230041 , 17.81283
106.91 , 52.7859230041 , 17.81884
106.95 , 52.6773109436 , 17.82500
106.99 , 52.7859230041 , 17.83100
107.02 , 52.8945388793 , 17.83717
107.06 , 52.8945388793 , 17.84333
107.10 , 52.8945388793 , 17.84934
107.13 , 52.8945388793 , 17.85534
107.17 , 53.0031509399 , 17.86133
107.20 , 53.0031509399 , 17.86750
107.24 , 53.1117630004 , 17.87350
107.28 , 53.1117630004 , 17.87967
107.31 , 53.1117630004 , 17.88567
107.35 , 53.1117630004 , 17.89183
107.39 , 53.1117630004 , 17.89767
107.42 , 53.2203750610 , 17.90383
107.46 , 53.2203750610 , 17.91000
107.50 , 53.2203750610 , 17.91600
107.53 , 53.2203750610 , 17.92217
107.57 , 53.2203750610 , 17.92817
107.61 , 53.3289871215 , 17.93433
107.64 , 53.3289871215 , 17.94017
107.68 , 53.3289871215 , 17.94634
107.71 , 53.3289871215 , 17.95233
107.75 , 53.4376029968 , 17.95850
107.79 , 53.4376029968 , 17.96450
107.82 , 53.4376029968 , 17.97067
107.86 , 53.5462150573 , 17.97667
107.90 , 53.4376029968 , 17.98267
107.93 , 53.5462150573 , 17.98884
107.97 , 53.6548271179 , 17.99484
108.01 , 53.6548271179 , 18.00100
108.04 , 53.6548271179 , 18.00700
108.08 , 53.6548271179 , 18.01317
108.11 , 53.6548271179 , 18.01900
108.15 , 53.7634391784 , 18.02517
108.19 , 53.7634391784 , 18.03117
108.22 , 53.7634391784 , 18.03734
108.26 , 53.7634391784 , 18.04350
108.30 , 53.8720550537 , 18.04950
108.33 , 53.8720550537 , 18.05567
108.37 , 53.8720550537 , 18.06150
108.41 , 53.7634391784 , 18.06767
108.44 , 53.9806671142 , 18.07367
108.48 , 53.9806671142 , 18.07983
108.51 , 53.9806671142 , 18.08584
108.55 , 54.0892791748 , 18.09200
108.59 , 54.0892791748 , 18.09800
108.62 , 54.1978912353 , 18.10400
108.66 , 54.1978912353 , 18.11017
108.70 , 54.1978912353 , 18.11617
108.73 , 54.1978912353 , 18.12233
108.77 , 54.3065032958 , 18.12833
108.81 , 54.1978912353 , 18.13450
108.84 , 54.3065032958 , 18.14050
108.88 , 54.3065032958 , 18.14650
108.91 , 54.4151191711 , 18.15250
108.95 , 54.4151191711 , 18.15867
108.99 , 54.4151191711 , 18.16467
109.02 , 54.4151191711 , 18.17083
109.06 , 54.4151191711 , 18.17700
109.10 , 54.4151191711 , 18.18284
109.13 , 54.4151191711 , 18.18900
109.17 , 54.5237312316 , 18.19500
109.21 , 54.5237312316 , 18.20117
109.24 , 54.6323432922 , 18.20717
109.28 , 54.5237312316 , 18.21333
109.32 , 54.6323432922 , 18.21933
109.35 , 54.7409553527 , 18.22533
109.39 , 54.7409553527 , 18.23150
109.43 , 54.7409553527 , 18.23750
109.46 , 54.7409553527 , 18.24367
109.50 , 54.7409553527 , 18.24967
109.54 , 54.7409553527 , 18.25584
109.57 , 54.7409553527 , 18.26183
109.61 , 54.8495712280 , 18.26783
109.64 , 54.8495712280 , 18.27383
109.68 , 54.9581832885 , 18.28000
109.72 , 54.9581832885 , 18.28600
109.75 , 54.9581832885 , 18.29217
109.79 , 54.9581832885 , 18.29833
109.83 , 55.0667953491 , 18.30433
109.86 , 55.0667953491 , 18.31033
109.90 , 55.0667953491 , 18.31633
109.93 , 55.0667953491 , 18.32250
109.97 , 55.0667953491 , 18.32850
110.01 , 55.0667953491 , 18.33467
110.04 , 55.1754074096 , 18.34067
110.08 , 55.1754074096 , 18.34683
110.12 , 55.2840194702 , 18.35267
110.15 , 55.2840194702 , 18.35883
110.19 , 55.2840194702 , 18.36500
110.23 , 55.2840194702 , 18.37100
110.26 , 55.3926353454 , 18.37717
110.30 , 55.3926353454 , 18.38317
110.34 , 55.3926353454 , 18.38933
110.37 , 55.5012474060 , 18.39517
110.41 , 55.5012474060 , 18.40133
110.44 , 55.5012474060 , 18.40733
110.48 , 55.6098594665 , 18.41350
110.52 , 55.5012474060 , 18.41950
110.55 , 55.6098594665 , 18.42567
110.59 , 55.6098594665 , 18.43167
110.63 , 55.6098594665 , 18.43767
110.66 , 55.7184715270 , 18.44384
110.70 , 55.7184715270 , 18.44983
110.74 , 55.8270874023 , 18.45600
110.77 , 55.8270874023 , 18.46200
110.81 , 55.7184715270 , 18.46817
110.84 , 55.9356994628 , 18.47400
110.88 , 55.8270874023 , 18.48017
110.92 , 55.9356994628 , 18.48617
110.95 , 55.9356994628 , 18.49234
110.99 , 56.0443115234 , 18.49850
111.03 , 56.0443115234 , 18.50450
111.06 , 56.0443115234 , 18.51067
111.10 , 56.0443115234 , 18.51650
111.14 , 56.1529235839 , 18.52267
111.17 , 56.1529235839 , 18.52867
111.21 , 56.1529235839 , 18.53483
111.25 , 56.2615356445 , 18.54084
111.28 , 56.2615356445 , 18.54700
111.32 , 56.2615356445 , 18.55300
111.35 , 56.2615356445 , 18.55900
111.39 , 56.3701515197 , 18.56517
111.43 , 56.2615356445 , 18.57117
111.46 , 56.3701515197 , 18.57733
111.50 , 56.3701515197 , 18.58333
111.54 , 56.3701515197 , 18.58950
111.57 , 56.4787635803 , 18.59533
111.61 , 56.3701515197 , 18.60150
111.64 , 56.4787635803 , 18.60750
111.68 , 56.4787635803 , 18.61367
111.72 , 56.5873756408 , 18.61984
111.75 , 56.5873756408 , 18.62583
111.79 , 56.5873756408 , 18.63200
111.83 , 56.6959877014 , 18.63784
111.86 , 56.6959877014 , 18.64400
111.90 , 56.6959877014 , 18.65000
111.94 , 56.6959877014 , 18.65617
111.97 , 56.8046035766 , 18.66217
112.01 , 56.8046035766 , 18.66834
112.05 , 56.8046035766 , 18.67433
112.08 , 56.8046035766 , 18.68033
112.12 , 56.9132156372 , 18.68650
112.15 , 56.9132156372 , 18.69250
112.19 , 56.9132156372 , 18.69867
112.23 , 57.0218276977 , 18.70467
112.26 , 57.0218276977 , 18.71084
112.30 , 57.1304397583 , 18.71684
112.34 , 57.0218276977 , 18.72283
112.37 , 57.0218276977 , 18.72883
112.41 , 57.1304397583 , 18.73500
112.45 , 57.1304397583 , 18.74100
112.48 , 57.1304397583 , 18.74717
112.52 , 57.1304397583 , 18.75333
112.56 , 57.2390518188 , 18.75934
112.59 , 57.2390518188 , 18.76534
112.63 , 57.2390518188 , 18.77133
112.66 , 57.2390518188 , 18.77750
112.70 , 57.3476715087 , 18.78350
112.74 , 57.4562835693 , 18.78967
112.77 , 57.4562835693 , 18.79567
112.81 , 57.4562835693 , 18.80183
112.85 , 57.4562835693 , 18.80767
112.88 , 57.4562835693 , 18.81384
112.92 , 57.5648956298 , 18.82000
112.96 , 57.5648956298 , 18.82600
112.99 , 57.6735115051 , 18.83217
113.03 , 57.6735115051 , 18.83817
113.06 , 57.6735115051 , 18.84417
113.10 , 57.6735115051 , 18.85017
113.14 , 57.7821235656 , 18.85634
113.17 , 57.7821235656 , 18.86234
113.21 , 57.7821235656 , 18.86850
113.25 , 57.8907356262 , 18.87450
113.28 , 57.8907356262 , 18.88067
113.32 , 57.8907356262 , 18.88667
113.36 , 57.8907356262 , 18.89267
113.39 , 57.9993476867 , 18.89883
113.43 , 57.9993476867 , 18.90484
113.47 , 57.9993476867 , 18.91100
113.50 , 57.9993476867 , 18.91700
113.54 , 58.1079635620 , 18.92317
113.57 , 58.1079635620 , 18.92900
113.61 , 58.2165756225 , 18.93517
113.65 , 58.1079635620 , 18.94117
113.68 , 58.2165756225 , 18.94734
113.72 , 58.2165756225 , 18.95350
113.76 , 58.2165756225 , 18.95950
113.79 , 58.3251876831 , 18.96567
113.83 , 58.3251876831 , 18.97150
113.87 , 58.3251876831 , 18.97767
113.90 , 58.3251876831 , 18.98367
113.94 , 58.4337997436 , 18.98983
113.97 , 58.4337997436 , 18.99584
114.01 , 58.4337997436 , 19.00200
114.05 , 58.5424118041 , 19.00817
114.08 , 58.5424118041 , 19.01400
114.12 , 58.5424118041 , 19.02017
114.16 , 58.5424118041 , 19.02617
114.19 , 58.6510276794 , 19.03233
114.23 , 58.6510276794 , 19.03833
114.27 , 58.6510276794 , 19.04450
114.30 , 58.7596397399 , 19.05034
114.34 , 58.7596397399 , 19.05650
114.37 , 58.6510276794 , 19.06250
114.41 , 58.7596397399 , 19.06867
114.45 , 58.7596397399 , 19.07483
114.48 , 58.8682518005 , 19.08083
114.52 , 58.8682518005 , 19.08700
114.56 , 58.8682518005 , 19.09284
114.59 , 58.8682518005 , 19.09900
114.63 , 58.8682518005 , 19.10500
114.67 , 58.9768638610 , 19.11117
114.70 , 58.9768638610 , 19.11717
114.74 , 59.0854797363 , 19.12333
114.78 , 58.9768638610 , 19.12933
114.81 , 59.0854797363 , 19.13533
114.85 , 59.0854797363 , 19.14150
114.88 , 59.1940917968 , 19.14750
114.92 , 59.1940917968 , 19.15367
114.96 , 59.1940917968 , 19.15967
115.00 , 59.1940917968 , 19.16584
115.03 , 59.3027038574 , 19.17183
115.07 , 59.3027038574 , 19.17783
115.10 , 59.4113159179 , 19.18383
115.14 , 59.4113159179 , 19.19000
115.18 , 59.4113159179 , 19.19600
115.21 , 59.4113159179 , 19.20217
115.25 , 59.5199279785 , 19.20833
115.29 , 59.5199279785 , 19.21434
115.32 , 59.5199279785 , 19.22033
115.36 , 59.6285438537 , 19.22633
115.39 , 59.6285438537 , 19.23250
115.43 , 59.6285438537 , 19.23850
115.47 , 59.7371559143 , 19.24467
115.50 , 59.7371559143 , 19.25067
115.54 , 59.7371559143 , 19.25667
115.58 , 59.8457679748 , 19.26267
115.61 , 59.8457679748 , 19.26883
115.65 , 59.8457679748 , 19.27500
115.69 , 59.8457679748 , 19.28100
115.72 , 59.9543800354 , 19.28717
115.76 , 59.9543800354 , 19.29317
115.79 , 59.9543800354 , 19.29917
115.83 , 60.0629959106 , 19.30517
115.87 , 59.9543800354 , 19.31133
115.90 , 60.0629959106 , 19.31733
115.94 , 60.0629959106 , 19.32350
115.98 , 60.1716079711 , 19.32950
116.01 , 60.0629959106 , 19.33567
116.05 , 60.2802200317 , 19.34167
116.09 , 60.1716079711 , 19.34767
116.12 , 60.1716079711 , 19.35383
116.16 , 60.2802200317 , 19.35983
116.20 , 60.2802200317 , 19.36600
116.23 , 60.3888320922 , 19.37200
116.27 , 60.3888320922 , 19.37817
116.30 , 60.3888320922 , 19.38400
116.34 , 60.4974441528 , 19.39017
116.38 , 60.3888320922 , 19.39633
116.41 , 60.3888320922 , 19.40233
116.45 , 60.4974441528 , 19.40850
116.49 , 60.4974441528 , 19.41450
116.52 , 60.4974441528 , 19.42067
116.56 , 60.6060600280 , 19.42650
116.60 , 60.6060600280 , 19.43267
116.63 , 60.6060600280 , 19.43867
116.67 , 60.6060600280 , 19.44483
116.70 , 60.7146720886 , 19.45083
116.74 , 60.7146720886 , 19.45700
116.78 , 60.7146720886 , 19.46317
116.81 , 60.7146720886 , 19.46900
116.85 , 60.8232841491 , 19.47517
116.89 , 60.8232841491 , 19.48117
116.92 , 60.8232841491 , 19.48734
116.96 , 60.9318962097 , 19.49333
117.00 , 60.9318962097 , 19.49950
117.03 , 60.9318962097 , 19.50533
117.07 , 60.9318962097 , 19.51150
117.11 , 61.0405120849 , 19.51750
117.14 , 61.0405120849 , 19.52367
117.18 , 61.0405120849 , 19.52984
117.21 , 61.1491241455 , 19.53583
117.25 , 61.1491241455 , 19.54200
117.29 , 61.1491241455 , 19.54784
117.32 , 61.2577362060 , 19.55400
117.36 , 61.2577362060 , 19.56000
117.40 , 61.2577362060 , 19.56617
117.43 , 61.2577362060 , 19.57217
117.47 , 61.2577362060 , 19.57834
117.51 , 61.3663482666 , 19.58433
117.54 , 61.3663482666 , 19.59033
117.58 , 61.4749603271 , 19.59650
117.61 , 61.4749603271 , 19.60250
117.65 , 61.4749603271 , 19.60867
117.69 , 61.5835762023 , 19.61467
117.72 , 61.4749603271 , 19.62084
117.76 , 61.5835762023 , 19.62684
117.80 , 61.5835762023 , 19.63283
117.83 , 61.6921882629 , 19.63883
117.87 , 61.6921882629 , 19.64500
117.91 , 61.8008003234 , 19.65100
117.94 , 61.6921882629 , 19.65717
117.98 , 61.8008003234 , 19.66333
118.02 , 61.8008003234 , 19.66934
118.05 , 61.8008003234 , 19.67534
118.09 , 61.8008003234 , 19.68133
118.12 , 61.9094123840 , 19.68750
118.16 , 61.9094123840 , 19.69350
118.20 , 61.9094123840 , 19.69967
118.23 , 62.0180282592 , 19.70567
118.27 , 62.0180282592 , 19.71167
118.31 , 62.1266403198 , 19.71767
118.34 , 62.1266403198 , 19.72384
118.38 , 62.1266403198 , 19.73000
118.42 , 62.1266403198 , 19.73600
118.45 , 62.3438644409 , 19.74217
118.49 , 62.2352523803 , 19.74817
118.52 , 62.3438644409 , 19.75417
118.56 , 62.3438644409 , 19.76017
118.60 , 62.2352523803 , 19.76634
118.63 , 62.3438644409 , 19.77234
118.67 , 62.3438644409 , 19.77850
118.71 , 62.3438644409 , 19.78467
118.74 , 62.3438644409 , 19.79067
118.78 , 62.5610923767 , 19.79667
118.82 , 62.4524765014 , 19.80267
118.85 , 62.5610923767 , 19.80883
118.89 , 62.4524765014 , 19.81484
118.93 , 62.5610923767 , 19.82100
118.96 , 62.5610923767 , 19.82700
119.00 , 62.5610923767 , 19.83317
119.03 , 62.6697044372 , 19.83900
119.07 , 62.6697044372 , 19.84517
119.11 , 62.7783164978 , 19.85133
119.14 , 62.6697044372 , 19.85733
119.18 , 62.7783164978 , 19.86350
119.22 , 62.7783164978 , 19.86950
119.25 , 62.7783164978 , 19.87567
119.29 , 62.8869361877 , 19.88150
119.33 , 62.7783164978 , 19.88767
119.36 , 62.8869361877 , 19.89367
119.40 , 62.8869361877 , 19.89983
119.43 , 62.9955482482 , 19.90583
119.47 , 62.9955482482 , 19.91200
119.51 , 62.9955482482 , 19.91800
119.54 , 63.1041603088 , 19.92400
119.58 , 63.1041603088 , 19.93017
119.62 , 63.1041603088 , 19.93617
119.65 , 63.1041603088 , 19.94233
119.69 , 63.2127723693 , 19.94833
119.73 , 63.3213882446 , 19.95450
119.76 , 63.3213882446 , 19.96034
119.80 , 63.3213882446 , 19.96650
119.83 , 63.2127723693 , 19.97250
119.87 , 63.3213882446 , 19.97867
119.91 , 63.3213882446 , 19.98483
119.94 , 63.4300003051 , 19.99083
119.98 , 63.4300003051 , 19.99700
120.02 , 63.4300003051 , 20.00284
120.05 , 63.5386123657 , 20.00900
120.09 , 63.5386123657 , 20.01500
120.13 , 63.6472244262 , 20.02117
120.16 , 63.6472244262 , 20.02717
120.20 , 63.6472244262 , 20.03333
120.24 , 63.6472244262 , 20.03933
120.27 , 63.6472244262 , 20.04533
120.31 , 63.7558364868 , 20.05150
120.34 , 63.7558364868 , 20.05750
120.38 , 63.8644523620 , 20.06367
120.42 , 63.7558364868 , 20.06967
120.45 , 63.8644523620 , 20.07583
120.49 , 63.8644523620 , 20.08183
120.53 , 63.8644523620 , 20.08783
120.56 , 63.9730644226 , 20.09383
120.60 , 63.9730644226 , 20.10000
120.64 , 64.0816802978 , 20.10600
120.67 , 64.0816802978 , 20.11217
120.71 , 64.0816802978 , 20.11833
120.75 , 64.0816802978 , 20.12417
120.78 , 64.1902923583 , 20.13033
120.82 , 64.1902923583 , 20.13633
120.86 , 64.1902923583 , 20.14250
120.89 , 64.1902923583 , 20.14850
120.93 , 64.2989044189 , 20.15467
120.96 , 64.1902923583 , 20.16067
121.00 , 64.2989044189 , 20.16667
121.04 , 64.4075164794 , 20.17284
121.07 , 64.4075164794 , 20.17883
121.11 , 64.4075164794 , 20.18500
121.15 , 64.5161285400 , 20.19100
121.18 , 64.4075164794 , 20.19717
121.22 , 64.6247406005 , 20.20317
121.25 , 64.5161285400 , 20.20917
121.29 , 64.6247406005 , 20.21517
121.33 , 64.6247406005 , 20.22134
121.36 , 64.6247406005 , 20.22733
121.40 , 64.6247406005 , 20.23350
121.44 , 64.7333526611 , 20.23967
121.47 , 64.6247406005 , 20.24567
121.51 , 64.7333526611 , 20.25167
121.55 , 64.7333526611 , 20.25767
121.58 , 64.8419647216 , 20.26383
121.62 , 64.8419647216 , 20.26984
121.66 , 64.8419647216 , 20.27600
121.69 , 64.8419647216 , 20.28200
121.73 , 64.9505767822 , 20.28817
121.76 , 64.9505767822 , 20.29400
121.80 , 64.9505767822 , 20.30017
121.84 , 65.0591964721 , 20.30633
121.87 , 64.9505767822 , 20.31233
121.91 , 64.9505767822 , 20.31850
121.95 , 65.0591964721 , 20.32450
121.98 , 65.0591964721 , 20.33067
122.02 , 65.1678085327 , 20.33650
122.06 , 65.1678085327 , 20.34267
122.09 , 65.1678085327 , 20.34867
122.13 , 65.2764205932 , 20.35483
122.16 , 65.2764205932 , 20.36083
122.20 , 65.2764205932 , 20.36700
122.24 , 65.3850326538 , 20.37300
122.27 , 65.3850326538 , 20.37900
122.31 , 65.3850326538 , 20.38517
122.35 , 65.4936447143 , 20.39117
122.38 , 65.4936447143 , 20.39734
122.42 , 65.4936447143 , 20.40333
122.46 , 65.4936447143 , 20.40950
122.49 , 65.6022567749 , 20.41533
122.53 , 65.6022567749 , 20.42150
122.56 , 65.7108688354 , 20.42750
122.60 , 65.7108688354 , 20.43367
122.64 , 65.7108688354 , 20.43984
122.68 , 65.7108688354 , 20.44584
122.71 , 65.8194808959 , 20.45200
122.75 , 65.8194808959 , 20.45783
122.78 , 65.8194808959 , 20.46400
122.82 , 65.9280929565 , 20.47000
122.86 , 65.9280929565 , 20.47617
122.89 , 65.9280929565 , 20.48217
122.93 , 66.0367126464 , 20.48834
122.97 , 66.0367126464 , 20.49434
123.00 , 66.0367126464 , 20.50033
123.04 , 66.0367126464 , 20.50650
123.07 , 66.0367126464 , 20.51250
123.11 , 66.1453247070 , 20.51867
123.15 , 66.1453247070 , 20.52467
123.18 , 66.1453247070 , 20.53083
123.22 , 66.2539367675 , 20.53667
123.26 , 66.2539367675 , 20.54284
123.29 , 66.2539367675 , 20.54883
123.33 , 66.3625488281 , 20.55500
123.37 , 66.3625488281 , 20.56117
123.40 , 66.3625488281 , 20.56717
123.44 , 66.3625488281 , 20.57333
123.47 , 66.4711608886 , 20.57917
123.51 , 66.4711608886 , 20.58534
123.55 , 66.4711608886 , 20.59133
123.58 , 66.4711608886 , 20.59750
123.62 , 66.4711608886 , 20.60350
123.66 , 66.6883850097 , 20.60967
123.69 , 66.5797729492 , 20.61567
123.73 , 66.6883850097 , 20.62167
123.77 , 66.6883850097 , 20.62784
123.80 , 66.6883850097 , 20.63384
123.84 , 66.6883850097 , 20.64000
123.88 , 66.7969970703 , 20.64600
123.91 , 66.7969970703 , 20.65217
123.95 , 66.9056091308 , 20.65817
123.98 , 66.9056091308 , 20.66417
124.02 , 66.9056091308 , 20.67017
124.06 , 66.9056091308 , 20.67634
124.09 , 66.9056091308 , 20.68234
124.13 , 66.9056091308 , 20.68850
124.17 , 67.0142288208 , 20.69467
124.20 , 67.0142288208 , 20.70067
124.24 , 67.0142288208 , 20.70667
124.28 , 67.1228408813 , 20.71267
124.31 , 67.0142288208 , 20.71883
124.35 , 67.1228408813 , 20.72484
124.39 , 67.2314529418 , 20.73100
124.42 , 67.1228408813 , 20.73700
124.46 , 67.2314529418 , 20.74317
124.49 , 67.2314529418 , 20.74900
124.53 , 67.3400650024 , 20.75517
124.57 , 67.3400650024 , 20.76133
124.60 , 67.3400650024 , 20.76733
124.64 , 67.4486770629 , 20.77350
124.68 , 67.4486770629 , 20.77950
124.71 , 67.5572891235 , 20.78550
124.75 , 67.4486770629 , 20.79150
124.79 , 67.5572891235 , 20.79767
124.82 , 67.5572891235 , 20.80367
124.86 , 67.5572891235 , 20.80983
124.89 , 67.6659011840 , 20.81583
124.93 , 67.6659011840 , 20.82200
124.97 , 67.6659011840 , 20.82800
125.00 , 67.7745132446 , 20.83400
125.04 , 67.7745132446 , 20.84017
125.08 , 67.7745132446 , 20.84617
125.11 , 67.8831253051 , 20.85233
125.15 , 67.8831253051 , 20.85833
125.19 , 67.8831253051 , 20.86450
125.22 , 67.8831253051 , 20.87034
125.26 , 67.9917449951 , 20.87650
125.29 , 67.9917449951 , 20.88250
125.33 , 68.1003570556 , 20.88867
125.37 , 68.1003570556 , 20.89484
125.40 , 68.1003570556 , 20.90083
125.44 , 68.2089691162 , 20.90700
125.48 , 68.1003570556 , 20.91283
125.51 , 68.2089691162 , 20.91900
125.55 , 68.2089691162 , 20.92500
125.59 , 68.2089691162 , 20.93117
125.62 , 68.3175811767 , 20.93717
125.66 , 68.3175811767 , 20.94334
125.70 , 68.3175811767 , 20.94950
125.73 , 68.4262008666 , 20.95533
125.77 , 68.4262008666 , 20.96150
125.80 , 68.4262008666 , 20.96750
125.84 , 68.4262008666 , 20.97367
125.88 , 68.4262008666 , 20.97967
125.91 , 68.5348129272 , 20.98583
125.95 , 68.5348129272 , 20.99167
125.99 , 68.5348129272 , 20.99783
126.02 , 68.6434249877 , 21.00383
126.06 , 68.5348129272 , 21.01000
126.10 , 68.6434249877 , 21.01617
126.13 , 68.6434249877 , 21.02217
126.17 , 68.6434249877 , 21.02833
126.20 , 68.7520370483 , 21.03417
126.24 , 68.7520370483 , 21.04033
126.28 , 68.8606491088 , 21.04633
126.31 , 68.8606491088 , 21.05250
126.35 , 68.8606491088 , 21.05850
126.39 , 68.8606491088 , 21.06467
126.42 , 68.8606491088 , 21.07067
126.46 , 68.9692611694 , 21.07667
126.50 , 68.9692611694 , 21.08283
126.53 , 68.9692611694 , 21.08883
126.57 , 69.0778732299 , 21.09500
126.61 , 69.0778732299 , 21.10100
126.64 , 69.0778732299 , 21.10717
126.68 , 69.1864852905 , 21.11317
126.71 , 69.0778732299 , 21.11917
126.75 , 69.2951049804 , 21.12517
126.79 , 69.2951049804 , 21.13134
126.82 , 69.2951049804 , 21.13733
126.86 , 69.2951049804 , 21.14350
126.90 , 69.2951049804 , 21.14967
126.93 , 69.4037170410 , 21.15567
126.97 , 69.2951049804 , 21.16167
127.01 , 69.4037170410 , 21.16767
127.04 , 69.5123291015 , 21.17383
127.08 , 69.5123291015 , 21.17984
127.12 , 69.5123291015 , 21.18600
127.15 , 69.6209411621 , 21.19200
127.19 , 69.6209411621 , 21.19800
127.22 , 69.6209411621 , 21.20400
127.26 , 69.7295532226 , 21.21017
127.30 , 69.7295532226 , 21.21633
127.33 , 69.7295532226 , 21.22233
127.37 , 69.7295532226 , 21.22850
127.41 , 69.8381652832 , 21.23450
127.44 , 69.8381652832 , 21.24050
127.48 , 69.8381652832 , 21.24650
127.52 , 69.9467773437 , 21.25267
127.55 , 69.9467773437 , 21.25867
127.59 , 70.0553894042 , 21.26483
127.62 , 69.9467773437 , 21.27083
127.66 , 70.0553894042 , 21.27700
127.70 , 70.0553894042 , 21.28300
127.73 , 70.0553894042 , 21.28900
127.77 , 70.1640014648 , 21.29517
127.81 , 70.1640014648 , 21.30117
127.84 , 70.2726211547 , 21.30734
127.88 , 70.2726211547 , 21.31333
127.92 , 70.2726211547 , 21.31950
127.95 , 70.2726211547 , 21.32534
127.99 , 70.3812332153 , 21.33150
128.03 , 70.2726211547 , 21.33767
128.06 , 70.3812332153 , 21.34367
128.10 , 70.3812332153 , 21.34984
128.13 , 70.3812332153 , 21.35583
128.17 , 70.3812332153 , 21.36200
128.21 , 70.4898452758 , 21.36783
128.24 , 70.5984573364 , 21.37400
128.28 , 70.5984573364 , 21.38000
128.32 , 70.5984573364 , 21.38617
128.35 , 70.7070693969 , 21.39217
128.39 , 70.7070693969 , 21.39834
128.43 , 70.7070693969 , 21.40450
128.46 , 70.7070693969 , 21.41034
128.50 , 70.7070693969 , 21.41650
128.54 , 70.7070693969 , 21.42250
128.57 , 70.8156814575 , 21.42867
128.61 , 70.8156814575 , 21.43467
128.65 , 70.9242935180 , 21.44083
128.68 , 70.9242935180 , 21.44667
128.72 , 70.9242935180 , 21.45283
128.75 , 71.0329055786 , 21.45884
128.79 , 70.9242935180 , 21.46500
128.83 , 70.9242935180 , 21.47117
128.86 , 71.0329055786 , 21.47717
128.90 , 71.0329055786 , 21.48333
128.94 , 71.0329055786 , 21.48917
128.97 , 71.1415176391 , 21.49534
129.01 , 71.1415176391 , 21.50133
129.05 , 71.1415176391 , 21.50750
129.08 , 71.2501373291 , 21.51350
129.12 , 71.2501373291 , 21.51967
129.15 , 71.1415176391 , 21.52567
129.19 , 71.3587493896 , 21.53167
129.23 , 71.3587493896 , 21.53783
129.26 , 71.3587493896 , 21.54384
129.30 , 71.3587493896 , 21.55000
129.34 , 71.4673614501 , 21.55600
129.37 , 71.4673614501 , 21.56217
129.41 , 71.5759735107 , 21.56817
129.45 , 71.4673614501 , 21.57417
129.48 , 71.5759735107 , 21.58017
129.52 , 71.6845855712 , 21.58633
129.55 , 71.5759735107 , 21.59234
129.59 , 71.6845855712 , 21.59850
129.63 , 71.7931976318 , 21.60467
129.66 , 71.7931976318 , 21.61067
129.70 , 71.6845855712 , 21.61667
129.74 , 71.7931976318 , 21.62267
129.77 , 71.9018096923 , 21.62883
129.81 , 71.9018096923 , 21.63484
129.85 , 72.0104217529 , 21.64100
129.88 , 71.9018096923 , 21.64700
129.92 , 72.0104217529 , 21.65300
129.95 , 72.0104217529 , 21.65900
129.99 , 72.1190338134 , 21.66517
130.03 , 72.1190338134 , 21.67133
130.06 , 72.1190338134 , 21.67733
130.10 , 72.2276535034 , 21.68350
130.14 , 72.1190338134 , 21.68950
130.17 , 72.2276535034 , 21.69550
130.21 , 72.2276535034 , 21.70150
130.25 , 72.3362655639 , 21.70767
130.28 , 72.4448776245 , 21.71367
130.32 , 72.3362655639 , 21.71983
130.36 , 72.4448776245 , 21.72600
130.39 , 72.4448776245 , 21.73200
130.43 , 72.4448776245 , 21.73800
130.46 , 72.5534896850 , 21.74400
130.50 , 72.5534896850 , 21.75017
130.54 , 72.5534896850 , 21.75617
130.57 , 72.5534896850 , 21.76234
130.61 , 72.5534896850 , 21.76833
130.65 , 72.6621017456 , 21.77450
130.68 , 72.6621017456 , 21.78034
130.72 , 72.6621017456 , 21.78650
130.76 , 72.7707138061 , 21.79267
130.79 , 72.7707138061 , 21.79867
130.83 , 72.7707138061 , 21.80483
130.87 , 72.7707138061 , 21.81084
130.90 , 72.7707138061 , 21.81700
130.94 , 72.7707138061 , 21.82283
130.97 , 72.8793258666 , 21.82900
131.01 , 72.8793258666 , 21.83500
131.05 , 72.9879379272 , 21.84117
131.08 , 72.9879379272 , 21.84717
131.12 , 72.9879379272 , 21.85333
131.16 , 72.9879379272 , 21.85934
131.19 , 73.0965499877 , 21.86533
131.23 , 73.0965499877 , 21.87150
131.27 , 73.0965499877 , 21.87750
131.30 , 73.0965499877 , 21.88367
131.34 , 73.2051696777 , 21.88967
131.38 , 73.2051696777 , 21.89583
131.41 , 73.3137817382 , 21.90167
131.45 , 73.3137817382 , 21.90784
131.48 , 73.3137817382 , 21.91383
131.52 , 73.3137817382 , 21.92000
131.56 , 73.3137817382 , 21.92617
131.59 , 73.4223937988 , 21.93217
131.63 , 73.4223937988 , 21.93834
131.66 , 73.5310058593 , 21.94417
131.70 , 73.5310058593 , 21.95033
131.74 , 73.5310058593 , 21.95634
131.77 , 73.5310058593 , 21.96250
131.81 , 73.6396179199 , 21.96850
131.85 , 73.6396179199 , 21.97467
131.88 , 73.6396179199 , 21.98067
131.92 , 73.6396179199 , 21.98667
131.96 , 73.7482299804 , 21.99283
131.99 , 73.7482299804 , 21.99883
132.03 , 73.8568420410 , 22.00500
132.07 , 73.8568420410 , 22.01100
132.10 , 73.8568420410 , 22.01717
132.14 , 73.8568420410 , 22.02317
132.18 , 73.9654617309 , 22.02917
132.21 , 74.0740737915 , 22.03517
132.25 , 73.9654617309 , 22.04133
132.28 , 74.0740737915 , 22.04733
132.32 , 74.0740737915 , 22.05350
132.36 , 74.1826858520 , 22.05967
132.39 , 74.1826858520 , 22.06550
132.43 , 74.1826858520 , 22.07167
132.47 , 74.2912979125 , 22.07767
132.50 , 74.2912979125 , 22.08384
132.54 , 74.2912979125 , 22.08983
132.58 , 74.2912979125 , 22.09600
132.61 , 74.3999099731 , 22.10200
132.65 , 74.3999099731 , 22.10800