2.04 , 0.0000000000 , 0.33967
2.07 , 0.1086129074 , 0.34500
2.10 , 0.0000000000 , 0.35050
2.14 , 0.1086129074 , 0.35583
2.17 , 0.1086129074 , 0.36117
2.20 , 0.1086129074 , 0.36650
2.23 , 0.0000000000 , 0.37200
2.26 , 0.1086129074 , 0.37733
2.30 , 0.1086129074 , 0.38267
2.33 , 0.0000000000 , 0.38800
2.36 , 0.0000000000 , 0.39333
2.39 , 0.1086129074 , 0.39883
2.42 , 0.1086129074 , 0.40400
2.46 , 0.1086129074 , 0.40950
2.49 , 0.1086129074 , 0.41483
2.52 , 0.1086129074 , 0.42033
2.55 , 0.1086129074 , 0.42550
2.59 , 0.1086129074 , 0.43100
2.62 , 0.2172258138 , 0.43633
2.65 , 0.1086129074 , 0.44183
2.68 , 0.2172258138 , 0.44700
2.72 , 0.2172258138 , 0.45250
2.75 , 0.2172258138 , 0.45783
2.78 , 0.3258387088 , 0.46333
2.81 , 0.3258387088 , 0.46850
2.84 , 0.2172258138 , 0.47400
2.88 , 0.3258387088 , 0.47933
2.91 , 0.3258387088 , 0.48483
2.94 , 0.3258387088 , 0.49000
2.97 , 0.4344516277 , 0.49550
3.01 , 0.3258387088 , 0.50083
3.04 , 0.4344516277 , 0.50633
3.07 , 0.4344516277 , 0.51150
3.10 , 0.4344516277 , 0.51700
3.13 , 0.4344516277 , 0.52233
3.17 , 0.4344516277 , 0.52783
3.20 , 0.4344516277 , 0.53300
3.23 , 0.4344516277 , 0.53850
3.26 , 0.5430651664 , 0.54383
3.30 , 0.5430651664 , 0.54933
3.33 , 0.5430651664 , 0.55467
3.36 , 0.5430651664 , 0.55983
3.39 , 0.5430651664 , 0.56533
3.42 , 0.5430651664 , 0.57067
3.46 , 0.6516780853 , 0.57617
3.49 , 0.6516780853 , 0.58133
3.52 , 0.6516780853 , 0.58683
3.55 , 0.6516780853 , 0.59217
3.59 , 0.6516780853 , 0.59767
3.62 , 0.6516780853 , 0.60283
3.65 , 0.6516780853 , 0.60833
3.68 , 0.6516780853 , 0.61367
3.72 , 0.6516780853 , 0.61917
3.75 , 0.7602910041 , 0.62433
3.78 , 0.7602910041 , 0.62983
3.81 , 0.7602910041 , 0.63517
3.84 , 0.7602910041 , 0.64067
3.88 , 0.7602910041 , 0.64583
3.91 , 0.7602910041 , 0.65133
3.94 , 0.7602910041 , 0.65667
3.97 , 0.8689039230 , 0.66217
4.00 , 0.8689039230 , 0.66733
4.04 , 0.9775167465 , 0.67283
4.07 , 0.8689039230 , 0.67817
4.10 , 0.9775167465 , 0.68367
4.13 , 0.9775167465 , 0.68883
4.17 , 0.9775167465 , 0.69433
4.20 , 0.9775167465 , 0.69967
4.23 , 0.9775167465 , 0.70517
4.26 , 0.9775167465 , 0.71033
4.30 , 0.9775167465 , 0.71583
4.33 , 0.9775167465 , 0.72117
4.36 , 1.0861296653 , 0.72667
4.39 , 0.9775167465 , 0.73183
4.42 , 1.0861296653 , 0.73717
4.46 , 1.1947432708 , 0.74267
4.49 , 1.0861296653 , 0.74800
4.52 , 1.0861296653 , 0.75333
4.55 , 1.1947432708 , 0.75867
4.59 , 1.1947432708 , 0.76417
4.62 , 1.0861296653 , 0.76950
4.65 , 1.0861296653 , 0.77483
4.68 , 1.1947432708 , 0.78017
4.71 , 1.1947432708 , 0.78567
4.75 , 1.1947432708 , 0.79100
4.78 , 1.1947432708 , 0.79650
4.81 , 1.3033561706 , 0.80167
4.84 , 1.3033561706 , 0.80717
4.88 , 1.3033561706 , 0.81250
4.91 , 1.1947432708 , 0.81800
4.94 , 1.3033561706 , 0.82317
4.97 , 1.3033561706 , 0.82867
5.00 , 1.3033561706 , 0.83400
5.04 , 1.3033561706 , 0.83950
5.07 , 1.3033561706 , 0.84467
5.10 , 1.4119690895 , 0.85017
5.13 , 1.4119690895 , 0.85550
5.17 , 1.4119690895 , 0.86100
5.20 , 1.4119690895 , 0.86617
5.23 , 1.4119690895 , 0.87167
5.26 , 1.5205819606 , 0.87700
5.30 , 1.4119690895 , 0.88250
5.33 , 1.4119690895 , 0.88767
5.36 , 1.5205819606 , 0.89317
5.39 , 1.5205819606 , 0.89850
5.42 , 1.5205819606 , 0.90383
5.46 , 1.6291948318 , 0.90917
5.49 , 1.5205819606 , 0.91450
5.52 , 1.6291948318 , 0.92000
5.55 , 1.5205819606 , 0.92533
5.58 , 1.6291948318 , 0.93067
5.62 , 1.6291948318 , 0.93600
5.65 , 1.6291948318 , 0.94150
5.68 , 1.6291948318 , 0.94683
5.71 , 1.7378077507 , 0.95217
5.75 , 1.6291948318 , 0.95750
5.78 , 1.7378077507 , 0.96300
5.81 , 1.7378077507 , 0.96833
5.84 , 1.7378077507 , 0.97367
5.87 , 1.7378077507 , 0.97900
5.91 , 1.7378077507 , 0.98450
5.94 , 1.7378077507 , 0.98983
5.97 , 1.8464213371 , 0.99517
6.00 , 1.8464213371 , 1.00050
6.04 , 1.8464213371 , 1.00600
6.07 , 1.8464213371 , 1.01133
6.10 , 1.9550342559 , 1.01667
6.13 , 1.8464213371 , 1.02200
6.17 , 1.8464213371 , 1.02750
6.20 , 1.8464213371 , 1.03283
6.23 , 1.9550342559 , 1.03833
6.26 , 1.8464213371 , 1.04350
6.29 , 1.9550342559 , 1.04900
6.33 , 1.9550342559 , 1.05433
6.36 , 1.9550342559 , 1.05983
6.39 , 1.9550342559 , 1.06500
6.42 , 2.0636472702 , 1.07050
6.46 , 2.0636472702 , 1.07583
6.49 , 2.0636472702 , 1.08117
6.52 , 2.0636472702 , 1.08650
6.55 , 2.0636472702 , 1.09183
6.58 , 2.0636472702 , 1.09733
6.62 , 2.0636472702 , 1.10267
6.65 , 2.1722600460 , 1.10800
6.68 , 2.1722600460 , 1.11333
6.71 , 2.1722600460 , 1.11883
6.75 , 2.1722600460 , 1.12417
6.78 , 2.1722600460 , 1.12950
6.81 , 2.1722600460 , 1.13483
6.84 , 2.1722600460 , 1.14033
6.87 , 2.1722600460 , 1.14567
6.91 , 2.1722600460 , 1.15100
6.94 , 2.2808730602 , 1.15633
6.97 , 2.2808730602 , 1.16183
7.00 , 2.3894858360 , 1.16717
7.03 , 2.2808730602 , 1.17250
7.07 , 2.2808730602 , 1.17783
7.10 , 2.3894858360 , 1.18333
7.13 , 2.3894858360 , 1.18867
7.16 , 2.3894858360 , 1.19400
7.20 , 2.3894858360 , 1.19933
7.23 , 2.3894858360 , 1.20483
7.26 , 2.3894858360 , 1.21017
7.29 , 2.4980988502 , 1.21550
7.32 , 2.3894858360 , 1.22083
7.36 , 2.4980988502 , 1.22633
7.39 , 2.4980988502 , 1.23167
7.42 , 2.4980988502 , 1.23700
7.45 , 2.4980988502 , 1.24233
7.49 , 2.4980988502 , 1.24767
7.52 , 2.4980988502 , 1.25317
7.55 , 2.4980988502 , 1.25833
7.58 , 2.6067123413 , 1.26383
7.61 , 2.4980988502 , 1.26917
7.65 , 2.6067123413 , 1.27467
7.68 , 2.6067123413 , 1.28000
7.71 , 2.6067123413 , 1.28533
7.74 , 2.6067123413 , 1.29067
7.78 , 2.7153253555 , 1.29617
7.81 , 2.7153253555 , 1.30150
7.84 , 2.7153253555 , 1.30683
7.87 , 2.7153253555 , 1.31217
7.91 , 2.7153253555 , 1.31767
7.94 , 2.7153253555 , 1.32300
7.97 , 2.8239381790 , 1.32833
8.00 , 2.7153253555 , 1.33367
8.03 , 2.8239381790 , 1.33917
8.07 , 2.8239381790 , 1.34450
8.10 , 2.8239381790 , 1.34983
8.13 , 2.8239381790 , 1.35517
8.16 , 2.8239381790 , 1.36067
8.20 , 2.9325511932 , 1.36600
8.23 , 2.9325511932 , 1.37133
8.26 , 2.9325511932 , 1.37667
8.29 , 2.9325511932 , 1.38217
8.32 , 2.9325511932 , 1.38750
8.36 , 2.9325511932 , 1.39283
8.39 , 2.9325511932 , 1.39817
8.42 , 3.0411639213 , 1.40367
8.45 , 2.9325511932 , 1.40900
8.49 , 3.0411639213 , 1.41433
8.52 , 3.0411639213 , 1.41967
8.55 , 3.0411639213 , 1.42500
8.58 , 3.1497769355 , 1.43050
8.61 , 3.1497769355 , 1.43567
8.65 , 3.0411639213 , 1.44117
8.68 , 3.1497769355 , 1.44650
8.71 , 3.1497769355 , 1.45200
8.74 , 3.1497769355 , 1.45717
8.78 , 3.1497769355 , 1.46267
8.81 , 3.1497769355 , 1.46800
8.84 , 3.2583897113 , 1.47350
8.87 , 3.1497769355 , 1.47867
8.90 , 3.2583897113 , 1.48417
8.94 , 3.1497769355 , 1.48950
8.97 , 3.2583897113 , 1.49500
9.00 , 3.2583897113 , 1.50017
9.03 , 3.2583897113 , 1.50567
9.07 , 3.2583897113 , 1.51100
9.10 , 3.3670027256 , 1.51650
9.13 , 3.2583897113 , 1.52183
9.16 , 3.3670027256 , 1.52717
9.19 , 3.3670027256 , 1.53250
9.23 , 3.3670027256 , 1.53800
9.26 , 3.3670027256 , 1.54333
9.29 , 3.4756155014 , 1.54867
9.32 , 3.3670027256 , 1.55400
9.36 , 3.4756155014 , 1.55950
9.39 , 3.3670027256 , 1.56483
9.42 , 3.4756155014 , 1.57017
9.45 , 3.5842297077 , 1.57550
9.49 , 3.4756155014 , 1.58100
9.52 , 3.4756155014 , 1.58633
9.55 , 3.5842297077 , 1.59150
9.58 , 3.4756155014 , 1.59700
9.61 , 3.5842297077 , 1.60233
9.65 , 3.5842297077 , 1.60783
9.68 , 3.5842297077 , 1.61300
9.71 , 3.5842297077 , 1.61850
9.74 , 3.6928427219 , 1.62383
9.78 , 3.5842297077 , 1.62933
9.81 , 3.6928427219 , 1.63450
9.84 , 3.5842297077 , 1.64000
9.87 , 3.6928427219 , 1.64533
9.90 , 3.5842297077 , 1.65083
9.94 , 3.5842297077 , 1.65600
9.97 , 3.6928427219 , 1.66150
10.00 , 3.6928427219 , 1.66683
10.03 , 3.8014554977 , 1.67250
10.07 , 3.8014554977 , 1.67783
10.10 , 3.6928427219 , 1.68350
10.13 , 3.8014554977 , 1.68900
10.17 , 3.8014554977 , 1.69467
10.20 , 3.8014554977 , 1.70017
10.23 , 3.9100685119 , 1.70567
10.27 , 3.9100685119 , 1.71117
10.30 , 3.8014554977 , 1.71683
10.33 , 3.9100685119 , 1.72233
10.37 , 3.9100685119 , 1.72800
10.40 , 3.9100685119 , 1.73333
10.43 , 3.9100685119 , 1.73900
10.47 , 3.9100685119 , 1.74450
10.50 , 3.9100685119 , 1.75017
10.53 , 3.9100685119 , 1.75550
10.57 , 4.0186815261 , 1.76117
10.60 , 4.0186815261 , 1.76667
10.63 , 4.0186815261 , 1.77233
10.67 , 4.0186815261 , 1.77783
10.70 , 4.0186815261 , 1.78333
10.73 , 4.1272945404 , 1.78883
10.77 , 4.1272945404 , 1.79450
10.80 , 4.1272945404 , 1.80000
10.83 , 4.1272945404 , 1.80550
10.87 , 4.1272945404 , 1.81100
10.90 , 4.1272945404 , 1.81667
10.93 , 4.2359070777 , 1.82217
10.97 , 4.2359070777 , 1.82783
11.00 , 4.1272945404 , 1.83317
11.03 , 4.2359070777 , 1.83883
11.07 , 4.2359070777 , 1.84433
11.10 , 4.2359070777 , 1.85000
11.13 , 4.2359070777 , 1.85533
11.17 , 4.3445200920 , 1.86100
11.20 , 4.2359070777 , 1.86650
11.23 , 4.3445200920 , 1.87217
11.27 , 4.3445200920 , 1.87767
11.30 , 4.3445200920 , 1.88317
11.33 , 4.4531331062 , 1.88867
11.37 , 4.4531331062 , 1.89433
11.40 , 4.4531331062 , 1.89983
11.43 , 4.4531331062 , 1.90533
11.47 , 4.4531331062 , 1.91083
11.50 , 4.5617461204 , 1.91650
11.53 , 4.4531331062 , 1.92200
11.57 , 4.5617461204 , 1.92767
11.60 , 4.4531331062 , 1.93300
11.63 , 4.5617461204 , 1.93867
11.67 , 4.5617461204 , 1.94417
11.70 , 4.5617461204 , 1.94983
11.73 , 4.5617461204 , 1.95517
11.77 , 4.5617461204 , 1.96083
11.80 , 4.6703586578 , 1.96633
11.83 , 4.5617461204 , 1.97200
11.86 , 4.6703586578 , 1.97750
11.90 , 4.5617461204 , 1.98300
11.93 , 4.6703586578 , 1.98850
11.97 , 4.5617461204 , 1.99417
12.00 , 4.7789716720 , 1.99967
12.03 , 4.7789716720 , 2.00533
12.06 , 4.6703586578 , 2.01067
12.10 , 4.6703586578 , 2.01633
12.13 , 4.6703586578 , 2.02183
12.17 , 4.7789716720 , 2.02750
12.20 , 4.6703586578 , 2.03283
12.23 , 4.7789716720 , 2.03850
12.26 , 4.7789716720 , 2.04400
12.30 , 4.6703586578 , 2.04967
12.33 , 4.7789716720 , 2.05517
12.36 , 4.7789716720 , 2.06067
12.40 , 4.8875846862 , 2.06617
12.43 , 4.8875846862 , 2.07183
12.46 , 4.7789716720 , 2.07733
12.50 , 4.8875846862 , 2.08283
12.53 , 4.8875846862 , 2.08833
12.56 , 4.8875846862 , 2.09400
12.60 , 4.9961986541 , 2.09950
12.63 , 4.8875846862 , 2.10517
12.66 , 4.9961986541 , 2.11050
12.70 , 4.9961986541 , 2.11617
12.73 , 4.9961986541 , 2.12167
12.76 , 5.1048116683 , 2.12733
12.80 , 4.9961986541 , 2.13267
12.83 , 5.1048116683 , 2.13833
12.86 , 5.1048116683 , 2.14383
12.90 , 5.1048116683 , 2.14950
12.93 , 5.1048116683 , 2.15500
12.96 , 5.1048116683 , 2.16050
13.00 , 5.1048116683 , 2.16600
13.03 , 5.2134246826 , 2.17167
13.06 , 5.2134246826 , 2.17717
13.10 , 5.2134246826 , 2.18267
13.13 , 5.2134246826 , 2.18817
13.16 , 5.2134246826 , 2.19383
13.20 , 5.2134246826 , 2.19933
13.23 , 5.3220376968 , 2.20500
13.26 , 5.3220376968 , 2.21033
13.30 , 5.2134246826 , 2.21600
13.33 , 5.3220376968 , 2.22150
13.36 , 5.3220376968 , 2.22717
13.40 , 5.4306507110 , 2.23250
13.43 , 5.4306507110 , 2.23817
13.46 , 5.4306507110 , 2.24367
13.50 , 5.4306507110 , 2.24933
13.53 , 5.4306507110 , 2.25483
13.56 , 5.4306507110 , 2.26033
13.60 , 5.4306507110 , 2.26583
13.63 , 5.5392632484 , 2.27150
13.66 , 5.5392632484 , 2.27700
13.70 , 5.5392632484 , 2.28267
13.73 , 5.4306507110 , 2.28800
13.76 , 5.5392632484 , 2.29367
13.80 , 5.5392632484 , 2.29917
13.83 , 5.5392632484 , 2.30483
13.86 , 5.6478762626 , 2.31017
13.90 , 5.6478762626 , 2.31583
13.93 , 5.6478762626 , 2.32133
13.96 , 5.5392632484 , 2.32700
14.00 , 5.6478762626 , 2.33250
14.03 , 5.6478762626 , 2.33800
14.06 , 5.6478762626 , 2.34350
14.10 , 5.6478762626 , 2.34917
14.13 , 5.7564892768 , 2.35467
14.16 , 5.7564892768 , 2.36017
14.19 , 5.7564892768 , 2.36567
14.23 , 5.7564892768 , 2.37133
14.26 , 5.7564892768 , 2.37683
14.30 , 5.7564892768 , 2.38250
14.33 , 5.8651022911 , 2.38783
14.36 , 5.8651022911 , 2.39350
14.39 , 5.7564892768 , 2.39900
14.43 , 5.8651022911 , 2.40467
14.46 , 5.9737148284 , 2.41000
14.49 , 5.9737148284 , 2.41567
14.53 , 5.8651022911 , 2.42117
14.56 , 5.8651022911 , 2.42683
14.59 , 5.8651022911 , 2.43233
14.63 , 6.2995538711 , 2.43783
14.66 , 6.2995538711 , 2.44333
14.69 , 6.2995538711 , 2.44900
14.73 , 6.4081678390 , 2.45450
14.76 , 6.4081678390 , 2.46000
14.79 , 6.4081678390 , 2.46550
14.83 , 6.2995538711 , 2.47117
14.86 , 6.4081678390 , 2.47667
14.89 , 6.5167808532 , 2.48233
14.93 , 6.4081678390 , 2.48767
14.96 , 6.5167808532 , 2.49333
14.99 , 6.4081678390 , 2.49883
15.03 , 6.5167808532 , 2.50450
15.06 , 6.4081678390 , 2.50983
15.09 , 6.5167808532 , 2.51550
15.13 , 6.5167808532 , 2.52100
15.16 , 6.5167808532 , 2.52667
15.19 , 6.5167808532 , 2.53217
15.23 , 6.6253938674 , 2.53767
15.26 , 6.6253938674 , 2.54317
15.29 , 6.6253938674 , 2.54883
15.33 , 6.6253938674 , 2.55433
15.36 , 6.6253938674 , 2.56000
15.39 , 6.6253938674 , 2.56533
15.43 , 6.6253938674 , 2.57100
15.46 , 6.7340068817 , 2.57650
15.49 , 6.7340068817 , 2.58217
15.52 , 6.7340068817 , 2.58750
15.56 , 6.8426194190 , 2.59317
15.59 , 6.7340068817 , 2.59867
15.63 , 6.8426194190 , 2.60433
15.66 , 6.8426194190 , 2.60983
15.69 , 6.9512324333 , 2.61533
15.73 , 6.8426194190 , 2.62083
15.76 , 6.8426194190 , 2.62650
15.79 , 6.8426194190 , 2.63200
15.82 , 6.9512324333 , 2.63750
15.86 , 6.9512324333 , 2.64300
15.89 , 7.0598454475 , 2.64867
15.93 , 6.9512324333 , 2.65417
15.96 , 6.9512324333 , 2.65983
15.99 , 7.0598454475 , 2.66517
16.02 , 7.0598454475 , 2.67083
16.06 , 7.0598454475 , 2.67633
16.09 , 7.0598454475 , 2.68200
16.12 , 7.0598454475 , 2.68733
16.16 , 7.1684584617 , 2.69300
16.19 , 7.1684584617 , 2.69850
16.22 , 7.1684584617 , 2.70417
16.26 , 7.2770709991 , 2.70967
16.29 , 7.1684584617 , 2.71517
16.32 , 7.1684584617 , 2.72067
16.36 , 7.1684584617 , 2.72633
16.39 , 7.3856840133 , 2.73183
16.42 , 7.1684584617 , 2.73733
16.46 , 7.2770709991 , 2.74283
16.49 , 7.3856840133 , 2.74850
16.52 , 7.2770709991 , 2.75400
16.56 , 7.2770709991 , 2.75967
16.59 , 7.2770709991 , 2.76500
16.62 , 7.3856840133 , 2.77067
16.66 , 7.3856840133 , 2.77617
16.69 , 7.4942970275 , 2.78183
16.72 , 7.2770709991 , 2.78717
16.76 , 7.2770709991 , 2.79283
16.79 , 7.3856840133 , 2.79833
16.82 , 7.3856840133 , 2.80400
16.86 , 7.4942970275 , 2.80950
16.89 , 7.3856840133 , 2.81500
16.92 , 7.4942970275 , 2.82050
16.96 , 7.4942970275 , 2.82617
16.99 , 7.4942970275 , 2.83167
17.02 , 7.4942970275 , 2.83733
17.06 , 7.6029100418 , 2.84267
17.09 , 7.4942970275 , 2.84833
17.12 , 7.4942970275 , 2.85383
17.16 , 7.6029100418 , 2.85950
17.19 , 7.4942970275 , 2.86483
17.22 , 7.6029100418 , 2.87050
17.26 , 7.6029100418 , 2.87600
17.29 , 7.6029100418 , 2.88167
17.32 , 7.7115225791 , 2.88717
17.36 , 7.6029100418 , 2.89267
17.39 , 7.7115225791 , 2.89817
17.42 , 7.7115225791 , 2.90383
17.46 , 7.7115225791 , 2.90933
17.49 , 7.7115225791 , 2.91483
17.52 , 7.7115225791 , 2.92033
17.56 , 7.7115225791 , 2.92600
17.59 , 7.7115225791 , 2.93150
17.62 , 7.8201370239 , 2.93717
17.65 , 7.8201370239 , 2.94250
17.69 , 7.8201370239 , 2.94817
17.72 , 7.8201370239 , 2.95367
17.76 , 7.9287500381 , 2.95933
17.79 , 7.9287500381 , 2.96467
17.82 , 7.8201370239 , 2.97033
17.85 , 7.9287500381 , 2.97583
17.89 , 7.9287500381 , 2.98150
17.92 , 7.9287500381 , 2.98700
17.95 , 7.9287500381 , 2.99250
17.99 , 7.9287500381 , 2.99800
18.02 , 7.9287500381 , 3.00367
18.05 , 7.9287500381 , 3.00917
18.09 , 8.1459760665 , 3.01467
18.12 , 7.9287500381 , 3.02017
18.15 , 8.0373630523 , 3.02583
18.19 , 8.0373630523 , 3.03133
18.22 , 8.1459760665 , 3.03700
18.25 , 8.0373630523 , 3.04233
18.29 , 8.1459760665 , 3.04800
18.32 , 8.0373630523 , 3.05350
18.35 , 8.2545890808 , 3.05917
18.39 , 8.1459760665 , 3.06450
18.42 , 8.1459760665 , 3.07017
18.45 , 8.2545890808 , 3.07567
18.49 , 8.2545890808 , 3.08133
18.52 , 8.3632011413 , 3.08683
18.55 , 8.2545890808 , 3.09233
18.59 , 8.2545890808 , 3.09783
18.62 , 8.3632011413 , 3.10350
18.65 , 8.3632011413 , 3.10900
18.69 , 8.2545890808 , 3.11467
18.72 , 8.3632011413 , 3.12000
18.75 , 8.3632011413 , 3.12567
18.79 , 8.3632011413 , 3.13117
18.82 , 8.4718141555 , 3.13683
18.85 , 8.4718141555 , 3.14217
18.89 , 8.3632011413 , 3.14783
18.92 , 8.4718141555 , 3.15333
18.95 , 8.4718141555 , 3.15900
18.99 , 8.5804271697 , 3.16450
19.02 , 8.4718141555 , 3.17000
19.05 , 8.5804271697 , 3.17550
19.09 , 8.4718141555 , 3.18117
19.12 , 8.4718141555 , 3.18667
19.15 , 8.5804271697 , 3.19217
19.19 , 8.4718141555 , 3.19767
19.22 , 8.5804271697 , 3.20333
19.25 , 8.5804271697 , 3.20883
19.29 , 8.6890401840 , 3.21450
19.32 , 8.5804271697 , 3.21983
19.35 , 8.5804271697 , 3.22550
19.39 , 8.5804271697 , 3.23100
19.42 , 8.5804271697 , 3.23667
19.45 , 8.5804271697 , 3.24200
19.49 , 8.6890401840 , 3.24767
19.52 , 8.6890401840 , 3.25317
19.55 , 8.5804271697 , 3.25883
19.59 , 8.7976531982 , 3.26433
19.62 , 8.6890401840 , 3.26983
19.65 , 8.7976531982 , 3.27533
19.69 , 8.7976531982 , 3.28100
19.72 , 8.7976531982 , 3.28650
19.75 , 8.7976531982 , 3.29200
19.78 , 8.6890401840 , 3.29750
19.82 , 8.7976531982 , 3.30317
19.85 , 8.9062662124 , 3.30867
19.89 , 8.7976531982 , 3.31433
19.92 , 8.9062662124 , 3.31967
19.95 , 8.9062662124 , 3.32533
19.98 , 8.7976531982 , 3.33083
20.02 , 8.9062662124 , 3.33650
20.05 , 8.9062662124 , 3.34183
20.08 , 9.0148792266 , 3.34750
20.12 , 9.0148792266 , 3.35300
20.15 , 9.1234922409 , 3.35867
20.18 , 9.0148792266 , 3.36417
20.22 , 9.0148792266 , 3.36967
20.25 , 9.0148792266 , 3.37517
20.28 , 9.0148792266 , 3.38083
20.32 , 9.0148792266 , 3.38633
20.35 , 9.1234922409 , 3.39200
20.38 , 9.1234922409 , 3.39733
20.42 , 9.0148792266 , 3.40300
20.45 , 9.1234922409 , 3.40850
20.48 , 9.2321062088 , 3.41417
20.52 , 9.2321062088 , 3.41950
20.55 , 9.2321062088 , 3.42517
20.58 , 9.2321062088 , 3.43067
20.62 , 9.2321062088 , 3.43633
20.65 , 9.2321062088 , 3.44183
20.68 , 9.3407192230 , 3.44733
20.72 , 9.3407192230 , 3.45283
20.75 , 9.2321062088 , 3.45850
20.78 , 9.3407192230 , 3.46400
20.82 , 9.3407192230 , 3.46950
20.85 , 9.3407192230 , 3.47500
20.88 , 9.3407192230 , 3.48067
20.92 , 9.4493322372 , 3.48617
20.95 , 9.3407192230 , 3.49183
20.98 , 9.4493322372 , 3.49717
21.02 , 9.3407192230 , 3.50283
21.05 , 9.4493322372 , 3.50833
21.08 , 9.5579452514 , 3.51400
21.12 , 9.4493322372 , 3.51933
21.15 , 9.4493322372 , 3.52500
21.18 , 9.4493322372 , 3.53050
21.22 , 9.4493322372 , 3.53617
21.25 , 9.5579452514 , 3.54167
21.28 , 9.5579452514 , 3.54717
21.32 , 9.5579452514 , 3.55267
21.35 , 9.6665573120 , 3.55833
21.38 , 9.5579452514 , 3.56383
21.42 , 9.5579452514 , 3.56933
21.45 , 9.6665573120 , 3.57483
21.48 , 9.5579452514 , 3.58050
21.52 , 9.7751703262 , 3.58600
21.55 , 9.5579452514 , 3.59167
21.58 , 9.6665573120 , 3.59700
21.62 , 9.6665573120 , 3.60267
21.65 , 9.7751703262 , 3.60817
21.68 , 9.6665573120 , 3.61383
21.71 , 9.6665573120 , 3.61917
21.75 , 9.6665573120 , 3.62483
21.78 , 9.6665573120 , 3.63033
21.82 , 9.6665573120 , 3.63600
21.85 , 9.7751703262 , 3.64150
21.88 , 9.6665573120 , 3.64700
21.92 , 9.7751703262 , 3.65250
21.95 , 9.7751703262 , 3.65817
21.98 , 9.7751703262 , 3.66367
22.02 , 9.8837833404 , 3.66933
22.05 , 9.7751703262 , 3.67467
22.08 , 9.8837833404 , 3.68033
22.11 , 9.9923963546 , 3.68583
22.15 , 9.8837833404 , 3.69150
22.18 , 9.8837833404 , 3.69683
22.21 , 9.8837833404 , 3.70250
22.25 , 9.9923963546 , 3.70800
22.28 , 9.9923963546 , 3.71367
22.31 , 9.8837833404 , 3.71917
22.35 , 9.9923963546 , 3.72467
22.38 , 9.9923963546 , 3.73017
22.42 , 9.9923963546 , 3.73583
22.45 , 9.8837833404 , 3.74133
22.48 , 10.1010093688 , 3.74683
22.51 , 10.1010093688 , 3.75250
22.55 , 9.9923963546 , 3.75833
22.58 , 10.2096223831 , 3.76383
22.62 , 10.1010093688 , 3.76967
22.65 , 10.2096223831 , 3.77517
22.69 , 10.2096223831 , 3.78100
22.72 , 10.2096223831 , 3.78667
22.75 , 10.2096223831 , 3.79250
22.79 , 10.2096223831 , 3.79817
22.82 , 10.3182353973 , 3.80383
22.86 , 10.3182353973 , 3.80950
22.89 , 10.3182353973 , 3.81533
22.93 , 10.4268484115 , 3.82100
22.96 , 10.3182353973 , 3.82683
22.99 , 10.4268484115 , 3.83233
23.03 , 10.3182353973 , 3.83817
23.06 , 10.5354623794 , 3.84400
23.10 , 10.3182353973 , 3.84967
23.13 , 10.4268484115 , 3.85550
23.17 , 10.4268484115 , 3.86100
23.20 , 10.4268484115 , 3.86683
23.23 , 10.4268484115 , 3.87250
23.27 , 10.4268484115 , 3.87833
23.30 , 10.5354623794 , 3.88400
23.34 , 10.5354623794 , 3.88983
23.37 , 10.5354623794 , 3.89533
23.41 , 10.5354623794 , 3.90117
23.44 , 10.6440753936 , 3.90683
23.48 , 10.6440753936 , 3.91267
23.51 , 10.6440753936 , 3.91833
23.54 , 10.6440753936 , 3.92400
23.58 , 10.7526884078 , 3.92967
23.61 , 10.6440753936 , 3.93550
23.65 , 10.6440753936 , 3.94117
23.68 , 10.6440753936 , 3.94700
23.71 , 10.6440753936 , 3.95250
23.75 , 10.6440753936 , 3.95833
23.78 , 10.7526884078 , 3.96400
23.82 , 10.7526884078 , 3.96983
23.85 , 10.7526884078 , 3.97550
23.89 , 10.7526884078 , 3.98117
23.92 , 10.7526884078 , 3.98683
23.96 , 10.8613014221 , 3.99267
23.99 , 10.7526884078 , 3.99833
24.02 , 10.7526884078 , 4.00417
24.06 , 10.7526884078 , 4.00967
24.09 , 10.8613014221 , 4.01550
24.13 , 10.7526884078 , 4.02133
24.16 , 10.8613014221 , 4.02700
24.20 , 10.8613014221 , 4.03283
24.23 , 10.8613014221 , 4.03833
24.26 , 10.8613014221 , 4.04417
24.30 , 10.8613014221 , 4.04983
24.33 , 10.9699134826 , 4.05567
24.37 , 10.9699134826 , 4.06133
24.40 , 10.9699134826 , 4.06700
24.44 , 10.8613014221 , 4.07267
24.47 , 10.9699134826 , 4.07850
24.50 , 10.9699134826 , 4.08417
24.54 , 10.9699134826 , 4.09000
24.57 , 10.9699134826 , 4.09550
24.61 , 10.9699134826 , 4.10133
24.64 , 11.0785264968 , 4.10700
24.68 , 11.1871395111 , 4.11283
24.71 , 11.0785264968 , 4.11850
24.75 , 11.1871395111 , 4.12417
24.78 , 11.1871395111 , 4.12983
24.81 , 11.1871395111 , 4.13567
24.85 , 11.1871395111 , 4.14133
24.88 , 11.1871395111 , 4.14717
24.92 , 11.1871395111 , 4.15267
24.95 , 11.1871395111 , 4.15850
24.98 , 11.2957525253 , 4.16417
25.02 , 11.2957525253 , 4.17000
25.05 , 11.2957525253 , 4.17567
25.09 , 11.2957525253 , 4.18150
25.12 , 11.2957525253 , 4.18700
25.16 , 11.2957525253 , 4.19283
25.19 , 11.2957525253 , 4.19850
25.23 , 11.4043655395 , 4.20433
25.26 , 11.4043655395 , 4.21017
25.29 , 11.4043655395 , 4.21567
25.33 , 11.5129785537 , 4.22150
25.36 , 11.5129785537 , 4.22717
25.40 , 11.4043655395 , 4.23300
25.43 , 11.4043655395 , 4.23867
25.47 , 11.5129785537 , 4.24433
25.50 , 11.5129785537 , 4.25000
25.53 , 11.6215915679 , 4.25583
25.57 , 11.6215915679 , 4.26150
25.60 , 11.5129785537 , 4.26733
25.64 , 11.6215915679 , 4.27283
25.67 , 11.6215915679 , 4.27867
25.71 , 11.6215915679 , 4.28433
25.74 , 11.7302045822 , 4.29017
25.77 , 11.6215915679 , 4.29583
25.81 , 11.6215915679 , 4.30150
25.84 , 11.7302045822 , 4.30717
25.88 , 11.6215915679 , 4.31300
25.91 , 11.6215915679 , 4.31867
25.95 , 11.6215915679 , 4.32450
25.98 , 11.7302045822 , 4.33000
26.01 , 11.7302045822 , 4.33583
26.05 , 11.8388175964 , 4.34150
26.08 , 11.7302045822 , 4.34733
26.12 , 11.8388175964 , 4.35300
26.15 , 11.8388175964 , 4.35867
26.19 , 11.8388175964 , 4.36433
26.22 , 11.8388175964 , 4.37017
26.25 , 11.7302045822 , 4.37583
26.29 , 11.8388175964 , 4.38167
26.32 , 11.9474315643 , 4.38733
26.36 , 11.8388175964 , 4.39300
26.39 , 11.8388175964 , 4.39883
26.43 , 11.9474315643 , 4.40450
26.46 , 11.8388175964 , 4.41033
26.50 , 11.9474315643 , 4.41600
26.53 , 11.9474315643 , 4.42167
26.56 , 11.9474315643 , 4.42733
26.60 , 11.9474315643 , 4.43317
26.63 , 11.9474315643 , 4.43883
26.67 , 11.9474315643 , 4.44467
26.70 , 12.0560445785 , 4.45017
26.74 , 12.0560445785 , 4.45600
26.77 , 12.0560445785 , 4.46167
26.80 , 12.0560445785 , 4.46750
26.84 , 12.0560445785 , 4.47317
26.87 , 12.0560445785 , 4.47883
26.91 , 12.1646575927 , 4.48450
26.94 , 12.1646575927 , 4.49033
26.98 , 12.0560445785 , 4.49600
27.01 , 12.1646575927 , 4.50183
27.04 , 12.2732696533 , 4.50733
27.08 , 12.1646575927 , 4.51317
27.11 , 12.1646575927 , 4.51883
27.15 , 12.2732696533 , 4.52467
27.18 , 12.2732696533 , 4.53033
27.22 , 12.2732696533 , 4.53600
27.25 , 12.2732696533 , 4.54167
27.28 , 12.2732696533 , 4.54750
27.32 , 12.3818826675 , 4.55317
27.35 , 12.3818826675 , 4.55900
27.39 , 12.3818826675 , 4.56450
27.42 , 12.3818826675 , 4.57033
27.46 , 12.3818826675 , 4.57617
27.49 , 12.4904956817 , 4.58183
27.53 , 12.4904956817 , 4.58767
27.56 , 12.4904956817 , 4.59317
27.59 , 12.5991086959 , 4.59900
27.63 , 12.4904956817 , 4.60467
27.66 , 12.3818826675 , 4.61050
27.70 , 12.4904956817 , 4.61617
27.73 , 12.5991086959 , 4.62183
27.76 , 12.5991086959 , 4.62750
27.80 , 12.5991086959 , 4.63333
27.83 , 12.5991086959 , 4.63900
27.87 , 12.5991086959 , 4.64483
27.90 , 12.7077217102 , 4.65033
27.94 , 12.5991086959 , 4.65617
27.97 , 12.7077217102 , 4.66183
28.01 , 12.7077217102 , 4.66767
28.04 , 12.7077217102 , 4.67333
28.07 , 12.7077217102 , 4.67917
28.11 , 12.8163347244 , 4.68467
28.14 , 12.8163347244 , 4.69050
28.18 , 12.9249477386 , 4.69617
28.21 , 12.7077217102 , 4.70200
28.25 , 12.8163347244 , 4.70767
28.28 , 12.8163347244 , 4.71333
28.31 , 12.9249477386 , 4.71900
28.35 , 12.8163347244 , 4.72483
28.38 , 12.8163347244 , 4.73050
28.42 , 13.0335607528 , 4.73633
28.45 , 12.9249477386 , 4.74183
28.49 , 12.8163347244 , 4.74767
28.52 , 12.9249477386 , 4.75350
28.55 , 12.9249477386 , 4.75917
28.59 , 12.9249477386 , 4.76500
28.62 , 12.9249477386 , 4.77050
28.66 , 12.9249477386 , 4.77633
28.69 , 13.0335607528 , 4.78200
28.73 , 13.0335607528 , 4.78783
28.76 , 12.9249477386 , 4.79350
28.79 , 13.0335607528 , 4.79917
28.83 , 13.0335607528 , 4.80483
28.86 , 13.0335607528 , 4.81067
28.90 , 13.0335607528 , 4.81633
28.93 , 13.0335607528 , 4.82217
28.97 , 13.1421737670 , 4.82767
29.00 , 13.1421737670 , 4.83350
29.03 , 13.1421737670 , 4.83917
29.07 , 13.1421737670 , 4.84500
29.10 , 13.0335607528 , 4.85067
29.14 , 13.2507858276 , 4.85633
29.17 , 13.2507858276 , 4.86200
29.21 , 13.2507858276 , 4.86783
29.24 , 13.1421737670 , 4.87350
29.28 , 13.3594007492 , 4.87933
29.31 , 13.2507858276 , 4.88483
29.34 , 13.2507858276 , 4.89067
29.38 , 13.2507858276 , 4.89633
29.41 , 13.3594007492 , 4.90217
29.45 , 13.2507858276 , 4.90783
29.48 , 13.2507858276 , 4.91350
29.51 , 13.3594007492 , 4.91917
29.55 , 13.3594007492 , 4.92500
29.58 , 13.3594007492 , 4.93067
29.62 , 13.4680137634 , 4.93650
29.65 , 13.4680137634 , 4.94233
29.69 , 13.4680137634 , 4.94783
29.72 , 13.4680137634 , 4.95367
29.76 , 13.4680137634 , 4.95933
29.79 , 13.5766258239 , 4.96517
29.82 , 13.4680137634 , 4.97083
29.86 , 13.4680137634 , 4.97650
29.89 , 13.5766258239 , 4.98217
29.93 , 13.6852388381 , 4.98800
29.96 , 13.5766258239 , 4.99367
30.00 , 13.4680137634 , 4.99950
30.03 , 13.5766258239 , 5.00500
30.06 , 13.6852388381 , 5.01083
30.10 , 13.6852388381 , 5.01650
30.13 , 13.6852388381 , 5.02233
30.17 , 13.7938518524 , 5.02800
30.20 , 13.6852388381 , 5.03367
30.24 , 13.7938518524 , 5.03933
30.27 , 13.7938518524 , 5.04517
30.30 , 13.7938518524 , 5.05083
30.34 , 13.7938518524 , 5.05667
30.37 , 13.9024648666 , 5.06217
30.41 , 13.7938518524 , 5.06800
30.44 , 13.9024648666 , 5.07367
30.48 , 13.7938518524 , 5.07950
30.51 , 13.9024648666 , 5.08517
30.54 , 13.9024648666 , 5.09083
30.58 , 13.9024648666 , 5.09650
30.61 , 13.9024648666 , 5.10233
30.65 , 13.9024648666 , 5.10800
30.68 , 13.9024648666 , 5.11383
30.72 , 13.9024648666 , 5.11950
30.75 , 13.9024648666 , 5.12517
30.79 , 14.0110778808 , 5.13100
30.82 , 14.0110778808 , 5.13667
30.85 , 14.0110778808 , 5.14250
30.89 , 14.1196908950 , 5.14800
30.92 , 14.0110778808 , 5.15383
30.96 , 14.0110778808 , 5.15950
30.99 , 14.1196908950 , 5.16533
31.03 , 14.1196908950 , 5.17100
31.06 , 14.1196908950 , 5.17667
31.09 , 14.1196908950 , 5.18233
31.13 , 14.2283039093 , 5.18817
31.16 , 14.1196908950 , 5.19383
31.20 , 14.1196908950 , 5.19967
31.23 , 14.1196908950 , 5.20533
31.27 , 14.2283039093 , 5.21100
31.30 , 14.1196908950 , 5.21667
31.33 , 14.2283039093 , 5.22250
31.37 , 14.2283039093 , 5.22817
31.40 , 14.2283039093 , 5.23400
31.44 , 14.3369169235 , 5.23950
31.47 , 14.2283039093 , 5.24533
31.51 , 14.3369169235 , 5.25100
31.54 , 14.3369169235 , 5.25683
31.57 , 14.2283039093 , 5.26250
31.61 , 14.3369169235 , 5.26817
31.64 , 14.4455299377 , 5.27383
31.68 , 14.3369169235 , 5.27967
31.71 , 14.3369169235 , 5.28533
31.75 , 14.4455299377 , 5.29117
31.78 , 14.4455299377 , 5.29667
31.81 , 14.4455299377 , 5.30250
31.85 , 14.4455299377 , 5.30833
31.88 , 14.5541419982 , 5.31400
31.92 , 14.4455299377 , 5.31983
31.95 , 14.4455299377 , 5.32533
31.99 , 14.5541419982 , 5.33117
32.02 , 14.5541419982 , 5.33683
32.06 , 14.5541419982 , 5.34267
32.09 , 14.5541419982 , 5.34833
32.12 , 14.5541419982 , 5.35400
32.16 , 14.5541419982 , 5.35967
32.19 , 14.5541419982 , 5.36550
32.23 , 14.6627550125 , 5.37117
32.26 , 14.7713680267 , 5.37700
32.29 , 14.6627550125 , 5.38250
32.33 , 14.6627550125 , 5.38833
32.36 , 14.6627550125 , 5.39400
32.40 , 14.7713680267 , 5.39983
32.43 , 14.7713680267 , 5.40550
32.47 , 14.7713680267 , 5.41117
32.50 , 14.8799810409 , 5.41683
32.54 , 14.8799810409 , 5.42267
32.57 , 14.8799810409 , 5.42833
32.61 , 14.8799810409 , 5.43417
32.64 , 14.8799810409 , 5.43967
32.67 , 14.8799810409 , 5.44550
32.71 , 14.8799810409 , 5.45117
32.74 , 14.8799810409 , 5.45700
32.78 , 15.0972070693 , 5.46267
32.81 , 14.9885940551 , 5.46850
32.84 , 14.9885940551 , 5.47400
32.88 , 15.0972070693 , 5.47983
32.91 , 14.9885940551 , 5.48567
32.95 , 15.0972070693 , 5.49133
32.98 , 14.9885940551 , 5.49717
33.02 , 15.0972070693 , 5.50267
33.05 , 15.0972070693 , 5.50850
33.09 , 15.2058200836 , 5.51417
33.12 , 14.9885940551 , 5.52000
33.15 , 15.0972070693 , 5.52567
33.19 , 15.0972070693 , 5.53133
33.22 , 15.0972070693 , 5.53700
33.26 , 15.2058200836 , 5.54283
33.29 , 15.0972070693 , 5.54850
33.33 , 15.2058200836 , 5.55433
33.36 , 15.2058200836 , 5.55983
33.39 , 15.3144330978 , 5.56567
33.43 , 15.3144330978 , 5.57133
33.46 , 15.2058200836 , 5.57717
33.50 , 15.2058200836 , 5.58283
33.53 , 15.4230480194 , 5.58850
33.56 , 15.3144330978 , 5.59417
33.60 , 15.3144330978 , 5.60000
33.63 , 15.3144330978 , 5.60567
33.67 , 15.3144330978 , 5.61150
33.70 , 15.3144330978 , 5.61700
33.74 , 15.4230480194 , 5.62283
33.77 , 15.3144330978 , 5.62850
33.81 , 15.4230480194 , 5.63433
33.84 , 15.4230480194 , 5.64000
33.87 , 15.4230480194 , 5.64567
33.91 , 15.4230480194 , 5.65133
33.94 , 15.5316610336 , 5.65717
33.98 , 15.4230480194 , 5.66283
34.01 , 15.5316610336 , 5.66867
34.05 , 15.5316610336 , 5.67433
34.08 , 15.5316610336 , 5.68000
34.12 , 15.5316610336 , 5.68583
34.15 , 15.5316610336 , 5.69150
34.18 , 15.6402740478 , 5.69733
34.22 , 15.5316610336 , 5.70283
34.25 , 15.6402740478 , 5.70867
34.29 , 15.6402740478 , 5.71433
34.32 , 15.6402740478 , 5.72017
34.36 , 15.6402740478 , 5.72583
34.39 , 15.7488870620 , 5.73167
34.42 , 15.6402740478 , 5.73717
34.46 , 15.7488870620 , 5.74300
34.49 , 15.6402740478 , 5.74867
34.53 , 15.8575000762 , 5.75450
34.56 , 15.7488870620 , 5.76017
34.60 , 15.7488870620 , 5.76583
34.63 , 15.8575000762 , 5.77150
34.66 , 15.8575000762 , 5.77733
34.70 , 15.8575000762 , 5.78300
34.73 , 15.8575000762 , 5.78883
34.77 , 15.8575000762 , 5.79433
34.80 , 15.8575000762 , 5.80017
34.84 , 15.8575000762 , 5.80583
34.87 , 15.9661130905 , 5.81167
34.90 , 15.9661130905 , 5.81733
34.94 , 15.9661130905 , 5.82300
34.97 , 15.9661130905 , 5.82867
35.01 , 15.9661130905 , 5.83450
35.04 , 16.0747261047 , 5.84017
35.08 , 15.9661130905 , 5.84600
35.11 , 16.0747261047 , 5.85167
35.14 , 16.0747261047 , 5.85733
35.18 , 16.0747261047 , 5.86317
35.21 , 16.0747261047 , 5.86883
35.25 , 16.1833381652 , 5.87467
35.28 , 16.1833381652 , 5.88017
35.32 , 16.1833381652 , 5.88600
35.35 , 16.1833381652 , 5.89167
35.38 , 16.1833381652 , 5.89750
35.42 , 16.1833381652 , 5.90317
35.45 , 16.1833381652 , 5.90883
35.49 , 16.1833381652 , 5.91450
35.52 , 16.2919521331 , 5.92033
35.56 , 16.2919521331 , 5.92600
35.59 , 16.2919521331 , 5.93183
35.62 , 16.2919521331 , 5.93733
35.66 , 16.2919521331 , 5.94317
35.69 , 16.4005641937 , 5.94883
35.73 , 16.4005641937 , 5.95467
35.76 , 16.4005641937 , 5.96033
35.80 , 16.4005641937 , 5.96600
35.83 , 16.4005641937 , 5.97167
35.87 , 16.4005641937 , 5.97750
35.90 , 16.4005641937 , 5.98317
35.93 , 16.4005641937 , 5.98900
35.97 , 16.4005641937 , 5.99467
36.00 , 16.5091781616 , 6.00033
36.04 , 16.5091781616 , 6.00600
36.07 , 16.4005641937 , 6.01183
36.11 , 16.6177902221 , 6.01750
36.14 , 16.6177902221 , 6.02333
36.17 , 16.5091781616 , 6.02883
36.21 , 16.5091781616 , 6.03467
36.24 , 16.6177902221 , 6.04050
36.28 , 16.6177902221 , 6.04617
36.31 , 16.6177902221 , 6.05200
36.35 , 16.7264022827 , 6.05750
36.38 , 16.6177902221 , 6.06333
36.41 , 16.7264022827 , 6.06900
36.45 , 16.7264022827 , 6.07483
36.48 , 16.6177902221 , 6.08050
36.52 , 16.7264022827 , 6.08617
36.55 , 16.6177902221 , 6.09183
36.59 , 16.7264022827 , 6.09767
36.62 , 16.7264022827 , 6.10333
36.65 , 16.7264022827 , 6.10917
36.69 , 16.7264022827 , 6.11467
36.72 , 16.7264022827 , 6.12050
36.76 , 16.8350162506 , 6.12617
36.79 , 16.8350162506 , 6.13200
36.83 , 16.8350162506 , 6.13767
36.86 , 16.8350162506 , 6.14333
36.89 , 16.8350162506 , 6.14900
36.93 , 16.9436283111 , 6.15483
36.96 , 16.9436283111 , 6.16050
37.00 , 16.9436283111 , 6.16633
37.03 , 16.9436283111 , 6.17183
37.07 , 16.9436283111 , 6.17767
37.10 , 16.9436283111 , 6.18333
37.13 , 16.9436283111 , 6.18917
37.17 , 16.9436283111 , 6.19483
37.20 , 17.1608543395 , 6.20050
37.24 , 17.0522422790 , 6.20617
37.27 , 17.1608543395 , 6.21200
37.31 , 17.0522422790 , 6.21783
37.34 , 17.1608543395 , 6.22350
37.38 , 17.1608543395 , 6.22933
37.41 , 17.1608543395 , 6.23483
37.44 , 17.1608543395 , 6.24067
37.48 , 17.1608543395 , 6.24633
37.51 , 17.1608543395 , 6.25217
37.55 , 17.2694683074 , 6.25783
37.58 , 17.1608543395 , 6.26350
37.62 , 17.2694683074 , 6.26917
37.65 , 17.3780803680 , 6.27500
37.68 , 17.3780803680 , 6.28067
37.72 , 17.2694683074 , 6.28650
37.75 , 17.3780803680 , 6.29200
37.79 , 17.3780803680 , 6.29783
37.82 , 17.3780803680 , 6.30350
37.86 , 17.4866943359 , 6.30933
37.89 , 17.3780803680 , 6.31500
37.92 , 17.3780803680 , 6.32067
37.96 , 17.4866943359 , 6.32633
37.99 , 17.3780803680 , 6.33217
38.03 , 17.3780803680 , 6.33783
38.06 , 17.4866943359 , 6.34367
38.10 , 17.4866943359 , 6.34917
38.13 , 17.5953063964 , 6.35500
38.16 , 17.4866943359 , 6.36067
38.20 , 17.4866943359 , 6.36650
38.23 , 17.5953063964 , 6.37217
38.27 , 17.4866943359 , 6.37783
38.30 , 17.4866943359 , 6.38350
38.34 , 17.5953063964 , 6.38933
38.37 , 17.5953063964 , 6.39500
38.40 , 17.5953063964 , 6.40083
38.44 , 17.7039184570 , 6.40650
38.47 , 17.5953063964 , 6.41217
38.51 , 17.7039184570 , 6.41800
38.54 , 17.5953063964 , 6.42367
38.58 , 17.7039184570 , 6.42950
38.61 , 17.8125324249 , 6.43500
38.65 , 17.7039184570 , 6.44083
38.68 , 17.8125324249 , 6.44650
38.71 , 17.7039184570 , 6.45233
38.75 , 17.8125324249 , 6.45800
38.78 , 17.8125324249 , 6.46367
38.82 , 17.7039184570 , 6.46933
38.85 , 17.8125324249 , 6.47517
38.88 , 17.8125324249 , 6.48083
38.92 , 17.9211444854 , 6.48667
38.95 , 17.8125324249 , 6.49217
38.99 , 17.8125324249 , 6.49800
39.02 , 17.9211444854 , 6.50367
39.06 , 17.9211444854 , 6.50950
39.09 , 17.8125324249 , 6.51517
39.13 , 17.9211444854 , 6.52100
39.16 , 17.9211444854 , 6.52650
39.19 , 17.9211444854 , 6.53233
39.23 , 18.0297584533 , 6.53800
39.26 , 18.0297584533 , 6.54383
39.30 , 18.0297584533 , 6.54950
39.33 , 17.9211444854 , 6.55517
39.37 , 18.0297584533 , 6.56083
39.40 , 18.1383705139 , 6.56667
39.43 , 18.1383705139 , 6.57233
39.47 , 18.0297584533 , 6.57817
39.50 , 18.1383705139 , 6.58383
39.54 , 18.0297584533 , 6.58950
39.57 , 18.2469863891 , 6.59533
39.61 , 18.1383705139 , 6.60100
39.64 , 18.2469863891 , 6.60683
39.67 , 18.2469863891 , 6.61233
39.71 , 18.2469863891 , 6.61817
39.74 , 18.2469863891 , 6.62383
39.78 , 18.2469863891 , 6.62967
39.81 , 18.3555984497 , 6.63533
39.85 , 18.3555984497 , 6.64100
39.88 , 18.3555984497 , 6.64667
39.92 , 18.3555984497 , 6.65250
39.95 , 18.2469863891 , 6.65817
39.98 , 18.3555984497 , 6.66400
40.02 , 18.3555984497 , 6.66950
40.05 , 18.3555984497 , 6.67533
40.09 , 18.4642124176 , 6.68100
40.12 , 18.3555984497 , 6.68683
40.15 , 18.5728244781 , 6.69250
40.19 , 18.4642124176 , 6.69817
40.22 , 18.4642124176 , 6.70383
40.26 , 18.5728244781 , 6.70967
40.29 , 18.5728244781 , 6.71533
40.33 , 18.5728244781 , 6.72117
40.36 , 18.5728244781 , 6.72667
40.40 , 18.5728244781 , 6.73250
40.43 , 18.4642124176 , 6.73817
40.46 , 18.5728244781 , 6.74400
40.50 , 18.6814384460 , 6.74967
40.53 , 18.5728244781 , 6.75533
40.57 , 18.6814384460 , 6.76100
40.60 , 18.6814384460 , 6.76683
40.64 , 18.6814384460 , 6.77267
40.67 , 18.6814384460 , 6.77833
40.71 , 18.6814384460 , 6.78417
40.74 , 18.7900505065 , 6.78967
40.77 , 18.6814384460 , 6.79550
40.81 , 18.7900505065 , 6.80117
40.84 , 18.6814384460 , 6.80700
40.88 , 18.6814384460 , 6.81267
40.91 , 18.7900505065 , 6.81833
40.94 , 18.7900505065 , 6.82400
40.98 , 18.8986644744 , 6.82983
41.01 , 18.8986644744 , 6.83550
41.05 , 18.8986644744 , 6.84133
41.08 , 18.8986644744 , 6.84683
41.12 , 18.8986644744 , 6.85267
41.15 , 18.8986644744 , 6.85833
41.19 , 18.8986644744 , 6.86417
41.22 , 18.8986644744 , 6.86983
41.25 , 19.0072765350 , 6.87550
41.29 , 19.1158905029 , 6.88117
41.32 , 19.0072765350 , 6.88700
41.36 , 18.8986644744 , 6.89267
41.39 , 19.0072765350 , 6.89850
41.42 , 19.0072765350 , 6.90400
41.46 , 19.0072765350 , 6.90983
41.49 , 19.0072765350 , 6.91550
41.53 , 19.1158905029 , 6.92133
41.56 , 19.0072765350 , 6.92700
41.60 , 19.0072765350 , 6.93267
41.63 , 19.2245025634 , 6.93833
41.67 , 19.1158905029 , 6.94417
41.70 , 19.2245025634 , 6.95000
41.73 , 19.2245025634 , 6.95567
41.77 , 19.1158905029 , 6.96133
41.80 , 19.2245025634 , 6.96700
41.84 , 19.2245025634 , 6.97283
41.87 , 19.2245025634 , 6.97850
41.91 , 19.2245025634 , 6.98433
41.94 , 19.2245025634 , 6.98983
41.97 , 19.2245025634 , 6.99567
42.01 , 19.3331146240 , 7.00133
42.04 , 19.4417285919 , 7.00717
42.08 , 19.4417285919 , 7.01283
42.11 , 19.3331146240 , 7.01867
42.15 , 19.4417285919 , 7.02417
42.18 , 19.4417285919 , 7.03000
42.21 , 19.4417285919 , 7.03567
42.25 , 19.5503406524 , 7.04150
42.28 , 19.4417285919 , 7.04717
42.32 , 19.4417285919 , 7.05283
42.35 , 19.5503406524 , 7.05850
42.39 , 19.5503406524 , 7.06433
42.42 , 19.5503406524 , 7.07000
42.46 , 19.5503406524 , 7.07583
42.49 , 19.5503406524 , 7.08133
42.52 , 19.5503406524 , 7.08717
42.56 , 19.5503406524 , 7.09283
42.59 , 19.6589546203 , 7.09867
42.63 , 19.6589546203 , 7.10433
42.66 , 19.7675666809 , 7.11000
42.69 , 19.6589546203 , 7.11567
42.73 , 19.7675666809 , 7.12150
42.76 , 19.6589546203 , 7.12717
42.80 , 19.6589546203 , 7.13300
42.83 , 19.6589546203 , 7.13867
42.87 , 19.7675666809 , 7.14433
42.90 , 19.7675666809 , 7.15017
42.94 , 19.8761806488 , 7.15583
42.97 , 19.7675666809 , 7.16167
43.00 , 19.7675666809 , 7.16717
43.04 , 19.8761806488 , 7.17300
43.07 , 19.8761806488 , 7.17867
43.11 , 19.8761806488 , 7.18450
43.14 , 19.8761806488 , 7.19017
43.18 , 19.8761806488 , 7.19583
43.21 , 19.8761806488 , 7.20150
43.24 , 19.8761806488 , 7.20733
43.28 , 19.9847927093 , 7.21300
43.31 , 19.8761806488 , 7.21883
43.35 , 19.9847927093 , 7.22433
43.38 , 19.8761806488 , 7.23017
43.42 , 20.0934066772 , 7.23583
43.45 , 19.9847927093 , 7.24167
43.48 , 20.0934066772 , 7.24733
43.52 , 20.0934066772 , 7.25300
43.55 , 19.9847927093 , 7.25867
43.59 , 20.0934066772 , 7.26450
43.62 , 20.0934066772 , 7.27017
43.66 , 20.0934066772 , 7.27600
43.69 , 20.2020187377 , 7.28150
43.72 , 20.0934066772 , 7.28733
43.76 , 20.0934066772 , 7.29300
43.79 , 20.0934066772 , 7.29883
43.83 , 20.0934066772 , 7.30450
43.86 , 20.2020187377 , 7.31033
43.90 , 20.2020187377 , 7.31600
43.93 , 20.3106307983 , 7.32167
43.97 , 20.3106307983 , 7.32750
44.00 , 20.2020187377 , 7.33317
44.03 , 20.2020187377 , 7.33900
44.07 , 20.2020187377 , 7.34450
44.10 , 20.3106307983 , 7.35033
44.14 , 20.3106307983 , 7.35600
44.17 , 20.4192447662 , 7.36183
44.21 , 20.4192447662 , 7.36750
44.24 , 20.4192447662 , 7.37317
44.27 , 20.4192447662 , 7.37883
44.31 , 20.4192447662 , 7.38467
44.34 , 20.4192447662 , 7.39033
44.38 , 20.5278568267 , 7.39617
44.41 , 20.5278568267 , 7.40167
44.45 , 20.5278568267 , 7.40750
44.48 , 20.5278568267 , 7.41317
44.51 , 20.5278568267 , 7.41900
44.55 , 20.5278568267 , 7.42467
44.58 , 20.6364707946 , 7.43033
44.62 , 20.6364707946 , 7.43600
44.65 , 20.6364707946 , 7.44183
44.69 , 20.6364707946 , 7.44750
44.72 , 20.6364707946 , 7.45333
44.75 , 20.7450828552 , 7.45883
44.79 , 20.6364707946 , 7.46467
44.82 , 20.7450828552 , 7.47033
44.86 , 20.7450828552 , 7.47617
44.89 , 20.7450828552 , 7.48183
44.93 , 20.7450828552 , 7.48750
44.96 , 20.8536968231 , 7.49317
44.99 , 20.8536968231 , 7.49900
45.03 , 20.8536968231 , 7.50483
45.06 , 20.8536968231 , 7.51050
45.10 , 20.8536968231 , 7.51617
45.13 , 20.9623107910 , 7.52183
45.17 , 20.8536968231 , 7.52767
45.20 , 20.9623107910 , 7.53333
45.24 , 20.9623107910 , 7.53917
45.27 , 20.8536968231 , 7.54467
45.30 , 20.9623107910 , 7.55050
45.34 , 20.9623107910 , 7.55617
45.37 , 20.9623107910 , 7.56200
45.41 , 20.9623107910 , 7.56767
45.44 , 20.9623107910 , 7.57350
45.47 , 21.0709247589 , 7.57900
45.51 , 20.9623107910 , 7.58483
45.54 , 21.0709247589 , 7.59050
45.58 , 21.0709247589 , 7.59633
45.61 , 21.0709247589 , 7.60200
45.65 , 21.0709247589 , 7.60767
45.68 , 21.0709247589 , 7.61333
45.72 , 21.0709247589 , 7.61917
45.75 , 21.0709247589 , 7.62483
45.78 , 21.1795368194 , 7.63067
45.82 , 21.1795368194 , 7.63617
45.85 , 21.0709247589 , 7.64200
45.89 , 21.1795368194 , 7.64767
45.92 , 21.1795368194 , 7.65350
45.96 , 21.1795368194 , 7.65917
45.99 , 21.1795368194 , 7.66483
46.02 , 21.2881507873 , 7.67050
46.06 , 21.3967628479 , 7.67633
46.09 , 21.2881507873 , 7.68217
46.13 , 21.2881507873 , 7.68783
46.16 , 21.3967628479 , 7.69350
46.20 , 21.3967628479 , 7.69917
46.23 , 21.2881507873 , 7.70500
46.26 , 21.3967628479 , 7.71067
46.30 , 21.3967628479 , 7.71650
46.33 , 21.3967628479 , 7.72200
46.37 , 21.3967628479 , 7.72783
46.40 , 21.5053768157 , 7.73350
46.44 , 21.5053768157 , 7.73933
46.47 , 21.3967628479 , 7.74500
46.50 , 21.6139888763 , 7.75067
46.54 , 21.5053768157 , 7.75633
46.57 , 21.6139888763 , 7.76217
46.61 , 21.5053768157 , 7.76783
46.64 , 21.5053768157 , 7.77367
46.68 , 21.6139888763 , 7.77917
46.71 , 21.6139888763 , 7.78500
46.74 , 21.5053768157 , 7.79067
46.78 , 21.6139888763 , 7.79650
46.81 , 21.5053768157 , 7.80217
46.85 , 21.6139888763 , 7.80800
46.88 , 21.6139888763 , 7.81350
46.92 , 21.7226028442 , 7.81933
46.95 , 21.7226028442 , 7.82500
46.99 , 21.7226028442 , 7.83083
47.02 , 21.7226028442 , 7.83650
47.05 , 21.8312149047 , 7.84217
47.09 , 21.8312149047 , 7.84783
47.12 , 21.8312149047 , 7.85367
47.16 , 21.8312149047 , 7.85933
47.19 , 21.8312149047 , 7.86517
47.22 , 21.8312149047 , 7.87083
47.26 , 21.9398269653 , 7.87650
47.29 , 21.9398269653 , 7.88233
47.33 , 21.9398269653 , 7.88800
47.36 , 21.9398269653 , 7.89383
47.40 , 21.9398269653 , 7.89933
47.43 , 21.9398269653 , 7.90517
47.47 , 22.0484409332 , 7.91083
47.50 , 22.0484409332 , 7.91667
47.53 , 21.9398269653 , 7.92233
47.57 , 22.0484409332 , 7.92800
47.60 , 22.1570529937 , 7.93367
47.64 , 22.1570529937 , 7.93950
47.67 , 22.1570529937 , 7.94517
47.71 , 22.1570529937 , 7.95100
47.74 , 22.0484409332 , 7.95650
47.77 , 22.1570529937 , 7.96233
47.81 , 22.1570529937 , 7.96800
47.84 , 22.1570529937 , 7.97383
47.88 , 22.1570529937 , 7.97950
47.91 , 22.1570529937 , 7.98517
47.95 , 22.1570529937 , 7.99083
47.98 , 22.1570529937 , 7.99667
48.01 , 22.2656669616 , 8.00233
48.05 , 22.1570529937 , 8.00817
48.08 , 22.2656669616 , 8.01367
48.12 , 22.2656669616 , 8.01950
48.15 , 22.2656669616 , 8.02517
48.19 , 22.1570529937 , 8.03100
48.22 , 22.2656669616 , 8.03667
48.25 , 22.2656669616 , 8.04233
48.29 , 22.3742790222 , 8.04817
48.32 , 22.3742790222 , 8.05383
48.36 , 22.3742790222 , 8.05967
48.39 , 22.3742790222 , 8.06533
48.43 , 22.3742790222 , 8.07117
48.46 , 22.3742790222 , 8.07667
48.50 , 22.4828929901 , 8.08250
48.53 , 22.4828929901 , 8.08817
48.56 , 22.3742790222 , 8.09400
48.60 , 22.4828929901 , 8.09967
48.63 , 22.4828929901 , 8.10533
48.67 , 22.4828929901 , 8.11100
48.70 , 22.4828929901 , 8.11683
48.74 , 22.4828929901 , 8.12250
48.77 , 22.5915050506 , 8.12833
48.80 , 22.5915050506 , 8.13383
48.84 , 22.5915050506 , 8.13967
48.87 , 22.5915050506 , 8.14533
48.91 , 22.5915050506 , 8.15117
48.94 , 22.5915050506 , 8.15683
48.97 , 22.5915050506 , 8.16250
49.01 , 22.7001190185 , 8.16817
49.04 , 22.7001190185 , 8.17400
49.08 , 22.8087310791 , 8.17967
49.11 , 22.8087310791 , 8.18550
49.15 , 22.7001190185 , 8.19100
49.18 , 22.7001190185 , 8.19683
49.22 , 22.8087310791 , 8.20250
49.25 , 22.8087310791 , 8.20833
49.28 , 22.8087310791 , 8.21400
49.32 , 22.9173431396 , 8.21967
49.35 , 22.8087310791 , 8.22533
49.39 , 22.9173431396 , 8.23117
49.42 , 23.0259571075 , 8.23700
49.46 , 23.0259571075 , 8.24267
49.49 , 23.0259571075 , 8.24833
49.52 , 23.0259571075 , 8.25400
49.56 , 22.9173431396 , 8.25983
49.59 , 23.0259571075 , 8.26550
49.63 , 23.0259571075 , 8.27133
49.66 , 23.1345691680 , 8.27683
49.70 , 23.0259571075 , 8.28267
49.73 , 23.1345691680 , 8.28833
49.77 , 23.1345691680 , 8.29417
49.80 , 23.1345691680 , 8.29983
49.83 , 23.1345691680 , 8.30550
49.87 , 23.2431831359 , 8.31117
49.90 , 23.1345691680 , 8.31700
49.94 , 23.1345691680 , 8.32267
49.97 , 23.1345691680 , 8.32850
50.00 , 23.1345691680 , 8.33400
50.04 , 23.1345691680 , 8.33983
50.07 , 23.1345691680 , 8.34550
50.11 , 23.2431831359 , 8.35133
50.14 , 23.2431831359 , 8.35700
50.18 , 23.3517951965 , 8.36283
50.21 , 23.3517951965 , 8.36833
50.25 , 23.2431831359 , 8.37417
50.28 , 23.2431831359 , 8.37983
50.31 , 23.3517951965 , 8.38567
50.35 , 23.3517951965 , 8.39133
50.38 , 23.3517951965 , 8.39700
50.42 , 23.3517951965 , 8.40267
50.45 , 23.4604091644 , 8.40850
50.49 , 23.3517951965 , 8.41433
50.52 , 23.3517951965 , 8.42000
50.55 , 23.3517951965 , 8.42567
50.59 , 23.3517951965 , 8.43133
50.62 , 23.3517951965 , 8.43717
50.66 , 23.3517951965 , 8.44283
50.69 , 23.4604091644 , 8.44867
50.72 , 23.5690212249 , 8.45417
50.76 , 23.4604091644 , 8.46000
50.79 , 23.4604091644 , 8.46567
50.83 , 23.5690212249 , 8.47150
50.86 , 23.4604091644 , 8.47717
50.90 , 23.5690212249 , 8.48283
50.93 , 23.5690212249 , 8.48850
50.97 , 23.5690212249 , 8.49433
51.00 , 23.6776351928 , 8.50000
51.04 , 23.6776351928 , 8.50583
51.07 , 23.6776351928 , 8.51133
51.10 , 23.6776351928 , 8.51717
51.14 , 23.7862491607 , 8.52283
51.17 , 23.7862491607 , 8.52867
51.21 , 23.6776351928 , 8.53433
51.24 , 23.6776351928 , 8.54000
51.27 , 23.7862491607 , 8.54567
51.31 , 23.7862491607 , 8.55150
51.34 , 23.7862491607 , 8.55717
51.38 , 23.7862491607 , 8.56300
51.41 , 23.7862491607 , 8.56850
51.45 , 23.7862491607 , 8.57433
51.48 , 23.8948631286 , 8.58000
51.52 , 23.8948631286 , 8.58583
51.55 , 23.8948631286 , 8.59150
51.58 , 24.0034751892 , 8.59733
51.62 , 24.0034751892 , 8.60300
51.65 , 24.0034751892 , 8.60867
51.69 , 23.8948631286 , 8.61450
51.72 , 24.0034751892 , 8.62017
51.76 , 24.0034751892 , 8.62600
51.79 , 24.0034751892 , 8.63150
51.82 , 24.1120891571 , 8.63733
51.86 , 24.1120891571 , 8.64300
51.89 , 24.1120891571 , 8.64883
51.93 , 24.2207012176 , 8.65450
51.96 , 24.2207012176 , 8.66017
52.00 , 24.2207012176 , 8.66583
52.03 , 24.2207012176 , 8.67167
52.06 , 24.1120891571 , 8.67733
52.10 , 24.2207012176 , 8.68317
52.13 , 24.2207012176 , 8.68867
52.17 , 24.3293151855 , 8.69450
52.20 , 24.3293151855 , 8.70017
52.24 , 24.3293151855 , 8.70600
52.27 , 24.3293151855 , 8.71167
52.30 , 24.2207012176 , 8.71733
52.34 , 24.3293151855 , 8.72300
52.37 , 24.4379272460 , 8.72883
52.41 , 24.3293151855 , 8.73450
52.44 , 24.3293151855 , 8.74033
52.47 , 24.4379272460 , 8.74583
52.51 , 24.4379272460 , 8.75167
52.54 , 24.4379272460 , 8.75733
52.58 , 24.4379272460 , 8.76317
52.61 , 24.5465393066 , 8.76883
52.65 , 24.4379272460 , 8.77450
52.68 , 24.4379272460 , 8.78033
52.72 , 24.4379272460 , 8.78600
52.75 , 24.4379272460 , 8.79183
52.79 , 24.5465393066 , 8.79750
52.82 , 24.5465393066 , 8.80317
52.85 , 24.5465393066 , 8.80883
52.89 , 24.5465393066 , 8.81467
52.92 , 24.5465393066 , 8.82033
52.96 , 24.5465393066 , 8.82617
52.99 , 24.6551532745 , 8.83167
53.03 , 24.6551532745 , 8.83750
53.06 , 24.6551532745 , 8.84317
53.09 , 24.6551532745 , 8.84900
53.13 , 24.6551532745 , 8.85467
53.16 , 24.7637653350 , 8.86050
53.20 , 24.6551532745 , 8.86600
53.23 , 24.6551532745 , 8.87183
53.27 , 24.6551532745 , 8.87750
53.30 , 24.6551532745 , 8.88333
53.33 , 24.8723793029 , 8.88900
53.37 , 24.8723793029 , 8.89467
53.40 , 24.7637653350 , 8.90033
53.44 , 24.7637653350 , 8.90617
53.47 , 24.8723793029 , 8.91183
53.51 , 24.7637653350 , 8.91767
53.54 , 24.8723793029 , 8.92317
53.57 , 24.8723793029 , 8.92900
53.61 , 24.8723793029 , 8.93467
53.64 , 24.9809913635 , 8.94050
53.68 , 24.8723793029 , 8.94617
53.71 , 24.9809913635 , 8.95183
53.75 , 24.9809913635 , 8.95750
53.78 , 24.9809913635 , 8.96333
53.81 , 24.9809913635 , 8.96917
53.85 , 25.0896053314 , 8.97483
53.88 , 25.0896053314 , 8.98050
53.92 , 25.0896053314 , 8.98617
53.95 , 25.0896053314 , 8.99200
53.99 , 25.0896053314 , 8.99767
54.02 , 25.0896053314 , 9.00350
54.05 , 25.0896053314 , 9.00900
54.09 , 25.1982173919 , 9.01483
54.12 , 25.1982173919 , 9.02050
54.16 , 25.1982173919 , 9.02633
54.19 , 25.1982173919 , 9.03200
54.23 , 25.1982173919 , 9.03767
54.26 , 25.3068313598 , 9.04333
54.29 , 25.1982173919 , 9.04917
54.33 , 25.3068313598 , 9.05483
54.36 , 25.3068313598 , 9.06067
54.40 , 25.3068313598 , 9.06617
54.43 , 25.4154434204 , 9.07200
54.47 , 25.3068313598 , 9.07767
54.50 , 25.3068313598 , 9.08350
54.54 , 25.4154434204 , 9.08917
54.57 , 25.4154434204 , 9.09483
54.60 , 25.4154434204 , 9.10050
54.64 , 25.4154434204 , 9.10633
54.67 , 25.5240554809 , 9.11200
54.71 , 25.4154434204 , 9.11783
54.74 , 25.4154434204 , 9.12333
54.78 , 25.4154434204 , 9.12917
54.81 , 25.5240554809 , 9.13483
54.84 , 25.5240554809 , 9.14067
54.88 , 25.5240554809 , 9.14650
54.91 , 25.5240554809 , 9.15217
54.95 , 25.6326694488 , 9.15783
54.98 , 25.6326694488 , 9.16350
55.02 , 25.5240554809 , 9.16933
55.05 , 25.6326694488 , 9.17500
55.09 , 25.5240554809 , 9.18083
55.12 , 25.6326694488 , 9.18633
55.15 , 25.6326694488 , 9.19217
55.19 , 25.7412815093 , 9.19783
55.22 , 25.6326694488 , 9.20367
55.26 , 25.7412815093 , 9.20933
55.29 , 25.7412815093 , 9.21500
55.32 , 25.6326694488 , 9.22067
55.36 , 25.7412815093 , 9.22650
55.39 , 25.7412815093 , 9.23217
55.43 , 25.7412815093 , 9.23800
55.46 , 25.8498954772 , 9.24350
55.50 , 25.7412815093 , 9.24933
55.53 , 25.8498954772 , 9.25500
55.56 , 25.8498954772 , 9.26083
55.60 , 25.9585075378 , 9.26650
55.63 , 25.8498954772 , 9.27217
55.67 , 25.8498954772 , 9.27783
55.70 , 25.8498954772 , 9.28367
55.74 , 25.9585075378 , 9.28933
55.77 , 25.8498954772 , 9.29517
55.80 , 25.9585075378 , 9.30067
55.84 , 25.9585075378 , 9.30650
55.87 , 26.0671215057 , 9.31217
55.91 , 25.9585075378 , 9.31800
55.94 , 25.9585075378 , 9.32367
55.98 , 26.0671215057 , 9.32933
56.01 , 26.0671215057 , 9.33517
56.04 , 26.0671215057 , 9.34083
56.08 , 26.0671215057 , 9.34667
56.11 , 26.0671215057 , 9.35233
56.15 , 26.1757335662 , 9.35800
56.18 , 26.1757335662 , 9.36367
56.22 , 26.1757335662 , 9.36950
56.25 , 26.1757335662 , 9.37517
56.29 , 26.2843475341 , 9.38100
56.32 , 26.2843475341 , 9.38667
56.35 , 26.1757335662 , 9.39233
56.39 , 26.2843475341 , 9.39800
56.42 , 26.2843475341 , 9.40383
56.46 , 26.3929595947 , 9.40950
56.49 , 26.3929595947 , 9.41533
56.53 , 26.2843475341 , 9.42083
56.56 , 26.2843475341 , 9.42667
56.59 , 26.3929595947 , 9.43233
56.63 , 26.5015716552 , 9.43817
56.66 , 26.5015716552 , 9.44383
56.70 , 26.3929595947 , 9.44950
56.73 , 26.3929595947 , 9.45517
56.77 , 26.5015716552 , 9.46100
56.80 , 26.5015716552 , 9.46667
56.84 , 26.5015716552 , 9.47250
56.87 , 26.5015716552 , 9.47800
56.90 , 26.5015716552 , 9.48383
56.94 , 26.6101875305 , 9.48950
56.97 , 26.5015716552 , 9.49533
57.01 , 26.6101875305 , 9.50100
57.04 , 26.6101875305 , 9.50667
57.08 , 26.6101875305 , 9.51250
57.11 , 26.6101875305 , 9.51817
57.14 , 26.7188014984 , 9.52400
57.18 , 26.6101875305 , 9.52967
57.21 , 26.7188014984 , 9.53533
57.25 , 26.7188014984 , 9.54100
57.28 , 26.7188014984 , 9.54683
57.31 , 26.7188014984 , 9.55250
57.35 , 26.7188014984 , 9.55833
57.38 , 26.7188014984 , 9.56383
57.42 , 26.7188014984 , 9.56967
57.45 , 26.7188014984 , 9.57533
57.49 , 26.7188014984 , 9.58117
57.52 , 26.8274135589 , 9.58683
57.56 , 26.7188014984 , 9.59250
57.59 , 26.8274135589 , 9.59817
57.62 , 26.8274135589 , 9.60400
57.66 , 26.8274135589 , 9.60967
57.69 , 26.8274135589 , 9.61550
57.73 , 26.8274135589 , 9.62100
57.76 , 26.9360275268 , 9.62683
57.79 , 26.9360275268 , 9.63250
57.83 , 26.9360275268 , 9.63833
57.86 , 26.9360275268 , 9.64400
57.90 , 26.9360275268 , 9.64983
57.93 , 26.9360275268 , 9.65533
57.97 , 27.0446395874 , 9.66117
58.00 , 27.0446395874 , 9.66683
58.04 , 27.0446395874 , 9.67267
58.07 , 27.0446395874 , 9.67833
58.10 , 27.0446395874 , 9.68400
58.14 , 27.1532516479 , 9.68967
58.17 , 27.1532516479 , 9.69550
58.21 , 27.2618656158 , 9.70133
58.24 , 27.1532516479 , 9.70700
58.28 , 27.1532516479 , 9.71267
58.31 , 27.1532516479 , 9.71833
58.35 , 27.1532516479 , 9.72417
58.38 , 27.1532516479 , 9.72983
58.41 , 27.2618656158 , 9.73567
58.45 , 27.2618656158 , 9.74117
58.48 , 27.2618656158 , 9.74700
58.52 , 27.2618656158 , 9.75267
58.55 , 27.2618656158 , 9.75850
58.59 , 27.2618656158 , 9.76417
58.62 , 27.3704776763 , 9.76983
58.65 , 27.3704776763 , 9.77550
58.69 , 27.3704776763 , 9.78133
58.72 , 27.3704776763 , 9.78700
58.76 , 27.3704776763 , 9.79283
58.79 , 27.4790916442 , 9.79833
58.83 , 27.4790916442 , 9.80417
58.86 , 27.4790916442 , 9.80983
58.89 , 27.5877037048 , 9.81567
58.93 , 27.5877037048 , 9.82133
58.96 , 27.4790916442 , 9.82700
59.00 , 27.5877037048 , 9.83267
59.03 , 27.5877037048 , 9.83850
59.06 , 27.5877037048 , 9.84417
59.10 , 27.5877037048 , 9.85000
59.13 , 27.6963176727 , 9.85550
59.17 , 27.6963176727 , 9.86133
59.20 , 27.6963176727 , 9.86700
59.24 , 27.6963176727 , 9.87283
59.27 , 27.6963176727 , 9.87867
59.31 , 27.6963176727 , 9.88417
59.34 , 27.6963176727 , 9.89000
59.37 , 27.6963176727 , 9.89567
59.41 , 27.6963176727 , 9.90150
59.44 , 27.8049297332 , 9.90717
59.48 , 27.6963176727 , 9.91300
59.51 , 27.6963176727 , 9.91850
59.55 , 27.9135437011 , 9.92433
59.58 , 27.8049297332 , 9.93000
59.62 , 27.8049297332 , 9.93583
59.65 , 27.8049297332 , 9.94150
59.68 , 27.8049297332 , 9.94717
59.72 , 27.9135437011 , 9.95283
59.75 , 27.9135437011 , 9.95867
59.79 , 27.9135437011 , 9.96433
59.82 , 27.9135437011 , 9.97017
59.85 , 27.9135437011 , 9.97567
59.89 , 27.9135437011 , 9.98150
59.92 , 27.9135437011 , 9.98717
59.96 , 27.9135437011 , 9.99300
59.99 , 28.0221557617 , 9.99867
60.03 , 27.9135437011 , 10.00433
60.06 , 28.0221557617 , 10.01017
60.10 , 28.0221557617 , 10.01617
60.13 , 28.0221557617 , 10.02200
60.17 , 28.0221557617 , 10.02800
60.20 , 28.0221557617 , 10.03400
60.24 , 28.1307678222 , 10.03967
60.27 , 28.1307678222 , 10.04567
60.31 , 28.1307678222 , 10.05150
60.35 , 28.1307678222 , 10.05750
60.38 , 28.1307678222 , 10.06333
60.42 , 28.1307678222 , 10.06933
60.45 , 28.2393817901 , 10.07500
60.49 , 28.1307678222 , 10.08100
60.52 , 28.2393817901 , 10.08683
60.56 , 28.1307678222 , 10.09283
60.59 , 28.3479938507 , 10.09867
60.63 , 28.2393817901 , 10.10450
60.66 , 28.2393817901 , 10.11033
60.70 , 28.3479938507 , 10.11633
60.73 , 28.3479938507 , 10.12217
60.77 , 28.3479938507 , 10.12817
60.81 , 28.2393817901 , 10.13417
60.84 , 28.3479938507 , 10.13983
60.88 , 28.4566078186 , 10.14583
60.91 , 28.4566078186 , 10.15167
60.95 , 28.3479938507 , 10.15767
60.98 , 28.4566078186 , 10.16350
61.02 , 28.4566078186 , 10.16950
61.05 , 28.4566078186 , 10.17517
61.09 , 28.4566078186 , 10.18117
61.12 , 28.5652198791 , 10.18700
61.16 , 28.4566078186 , 10.19300
61.19 , 28.5652198791 , 10.19883
61.23 , 28.5652198791 , 10.20483
61.26 , 28.5652198791 , 10.21050
61.30 , 28.5652198791 , 10.21650
61.34 , 28.6738338470 , 10.22250
61.37 , 28.6738338470 , 10.22833
61.41 , 28.6738338470 , 10.23433
61.44 , 28.7824459075 , 10.24017
61.48 , 28.6738338470 , 10.24600
61.51 , 28.7824459075 , 10.25183
61.55 , 28.7824459075 , 10.25783
61.58 , 28.7824459075 , 10.26367
61.62 , 28.7824459075 , 10.26967
61.65 , 28.7824459075 , 10.27533
61.69 , 28.7824459075 , 10.28133
61.72 , 28.8910598754 , 10.28717
61.76 , 28.8910598754 , 10.29317
61.79 , 28.8910598754 , 10.29900
61.83 , 28.8910598754 , 10.30500
61.86 , 28.8910598754 , 10.31067
61.90 , 28.8910598754 , 10.31667
61.94 , 28.8910598754 , 10.32267
61.97 , 28.9996719360 , 10.32850
62.01 , 28.9996719360 , 10.33450
62.04 , 28.9996719360 , 10.34033
62.08 , 28.9996719360 , 10.34617
62.11 , 28.9996719360 , 10.35200
62.15 , 29.2168979644 , 10.35800
62.18 , 28.9996719360 , 10.36383
62.22 , 28.9996719360 , 10.36983
62.25 , 29.1082839965 , 10.37567
62.29 , 28.9996719360 , 10.38150
62.32 , 29.1082839965 , 10.38733
62.36 , 29.1082839965 , 10.39333
62.40 , 29.1082839965 , 10.39917
62.43 , 29.2168979644 , 10.40517
62.47 , 29.1082839965 , 10.41117
62.50 , 29.2168979644 , 10.41683
62.54 , 29.1082839965 , 10.42283
62.57 , 29.1082839965 , 10.42867
62.61 , 29.2168979644 , 10.43467
62.64 , 29.2168979644 , 10.44050
62.68 , 29.3255138397 , 10.44650
62.71 , 29.2168979644 , 10.45217
62.75 , 29.3255138397 , 10.45817
62.78 , 29.3255138397 , 10.46400
62.82 , 29.3255138397 , 10.47000
62.86 , 29.4341259002 , 10.47583
62.89 , 29.3255138397 , 10.48183
62.93 , 29.3255138397 , 10.48750
62.96 , 29.3255138397 , 10.49350
63.00 , 29.4341259002 , 10.49933
63.03 , 29.4341259002 , 10.50533
63.07 , 29.4341259002 , 10.51133
63.10 , 29.4341259002 , 10.51700
63.14 , 29.5427398681 , 10.52300
63.17 , 29.4341259002 , 10.52883
63.21 , 29.4341259002 , 10.53483
63.24 , 29.5427398681 , 10.54067
63.28 , 29.5427398681 , 10.54667
63.31 , 29.5427398681 , 10.55233
63.35 , 29.5427398681 , 10.55833
63.38 , 29.5427398681 , 10.56417
63.42 , 29.5427398681 , 10.57017
63.46 , 29.6513519287 , 10.57600
63.49 , 29.6513519287 , 10.58200
63.53 , 29.6513519287 , 10.58767
63.56 , 29.7599639892 , 10.59367
63.60 , 29.6513519287 , 10.59967
63.63 , 29.7599639892 , 10.60550
63.67 , 29.6513519287 , 10.61150
63.70 , 29.7599639892 , 10.61733
63.74 , 29.7599639892 , 10.62317
63.77 , 29.7599639892 , 10.62900
63.81 , 29.8685779571 , 10.63500
63.85 , 29.8685779571 , 10.64083
63.88 , 29.8685779571 , 10.64683
63.92 , 29.7599639892 , 10.65267
63.95 , 29.8685779571 , 10.65850
63.99 , 29.8685779571 , 10.66433
64.02 , 29.8685779571 , 10.67033
64.06 , 29.8685779571 , 10.67617
64.09 , 29.9771900177 , 10.68217
64.13 , 29.9771900177 , 10.68800
64.16 , 29.9771900177 , 10.69383
64.20 , 29.9771900177 , 10.69983
64.23 , 29.9771900177 , 10.70567
64.27 , 29.9771900177 , 10.71167
64.30 , 29.9771900177 , 10.71750
64.34 , 30.0858039855 , 10.72333
64.37 , 30.0858039855 , 10.72917
64.41 , 30.0858039855 , 10.73517
64.45 , 30.0858039855 , 10.74100
64.48 , 30.0858039855 , 10.74700
64.52 , 30.0858039855 , 10.75283
64.55 , 30.0858039855 , 10.75867
64.59 , 30.1944160461 , 10.76450
64.62 , 30.0858039855 , 10.77050
64.66 , 30.0858039855 , 10.77633
64.69 , 30.1944160461 , 10.78233
64.73 , 30.1944160461 , 10.78833
64.76 , 30.1944160461 , 10.79400
64.80 , 30.1944160461 , 10.80000
64.83 , 30.3030300140 , 10.80583
64.87 , 30.3030300140 , 10.81183
64.91 , 30.1944160461 , 10.81767
64.94 , 30.3030300140 , 10.82367
64.98 , 30.3030300140 , 10.82933
65.01 , 30.3030300140 , 10.83533
65.05 , 30.3030300140 , 10.84117
65.08 , 30.3030300140 , 10.84717
65.12 , 30.3030300140 , 10.85300
65.15 , 30.4116420745 , 10.85900
65.19 , 30.4116420745 , 10.86467
65.22 , 30.4116420745 , 10.87067
65.26 , 30.4116420745 , 10.87650
65.29 , 30.4116420745 , 10.88250
65.33 , 30.5202560424 , 10.88850
65.37 , 30.5202560424 , 10.89433
65.40 , 30.5202560424 , 10.90017
65.44 , 30.5202560424 , 10.90600
65.47 , 30.6288681030 , 10.91200
65.51 , 30.5202560424 , 10.91783
65.54 , 30.6288681030 , 10.92383
65.58 , 30.6288681030 , 10.92950
65.61 , 30.6288681030 , 10.93550
65.65 , 30.5202560424 , 10.94133
65.68 , 30.6288681030 , 10.94733
65.72 , 30.6288681030 , 10.95317
65.75 , 30.6288681030 , 10.95917
65.79 , 30.7374801635 , 10.96483
65.82 , 30.7374801635 , 10.97083
65.86 , 30.7374801635 , 10.97683
65.90 , 30.8460941314 , 10.98267
65.93 , 30.8460941314 , 10.98867
65.97 , 30.8460941314 , 10.99450
66.00 , 30.8460941314 , 11.00033
66.04 , 30.8460941314 , 11.00617
66.07 , 30.8460941314 , 11.01217
66.11 , 30.8460941314 , 11.01800
66.14 , 30.9547061920 , 11.02400
66.18 , 30.8460941314 , 11.02983
66.21 , 31.0633201599 , 11.03567
66.25 , 30.9547061920 , 11.04150
66.29 , 31.0633201599 , 11.04750
66.32 , 31.0633201599 , 11.05333
66.36 , 31.0633201599 , 11.05933
66.39 , 31.0633201599 , 11.06517
66.43 , 31.0633201599 , 11.07100
66.46 , 31.0633201599 , 11.07700
66.50 , 31.0633201599 , 11.08283
66.53 , 31.0633201599 , 11.08883
66.57 , 31.0633201599 , 11.09467
66.60 , 31.0633201599 , 11.10067
66.64 , 31.1719322204 , 11.10633
66.67 , 31.0633201599 , 11.11233
66.71 , 31.1719322204 , 11.11817
66.75 , 31.1719322204 , 11.12417
66.78 , 31.1719322204 , 11.13000
66.82 , 31.2805461883 , 11.13600
66.85 , 31.2805461883 , 11.14167
66.89 , 31.2805461883 , 11.14767
66.92 , 31.2805461883 , 11.15350
66.96 , 31.2805461883 , 11.15950
66.99 , 31.2805461883 , 11.16550
67.03 , 31.2805461883 , 11.17117
67.06 , 31.2805461883 , 11.17717
67.10 , 31.2805461883 , 11.18300
67.13 , 31.2805461883 , 11.18900
67.17 , 31.3891582489 , 11.19483
67.20 , 31.3891582489 , 11.20083
67.24 , 31.3891582489 , 11.20650
67.27 , 31.3891582489 , 11.21250
67.31 , 31.3891582489 , 11.21833
67.35 , 31.4977722167 , 11.22433
67.38 , 31.3891582489 , 11.23017
67.42 , 31.4977722167 , 11.23617
67.45 , 31.4977722167 , 11.24183
67.49 , 31.6063842773 , 11.24783
67.52 , 31.4977722167 , 11.25367
67.56 , 31.4977722167 , 11.25967
67.59 , 31.4977722167 , 11.26567
67.63 , 31.6063842773 , 11.27150
67.66 , 31.6063842773 , 11.27733
67.70 , 31.6063842773 , 11.28317
67.73 , 31.6063842773 , 11.28917
67.77 , 31.6063842773 , 11.29500
67.81 , 31.6063842773 , 11.30100
67.84 , 31.7149963378 , 11.30683
67.88 , 31.7149963378 , 11.31267
67.91 , 31.7149963378 , 11.31850
67.95 , 31.7149963378 , 11.32450
67.98 , 31.7149963378 , 11.33033
68.02 , 31.8236103057 , 11.33633
68.05 , 31.7149963378 , 11.34200
68.09 , 31.7149963378 , 11.34800
68.12 , 31.8236103057 , 11.35400
68.16 , 31.8236103057 , 11.35983
68.19 , 31.8236103057 , 11.36583
68.23 , 31.8236103057 , 11.37167
68.26 , 31.8236103057 , 11.37750
68.30 , 31.9322223663 , 11.38333
68.34 , 31.9322223663 , 11.38933
68.37 , 31.9322223663 , 11.39517
68.41 , 31.9322223663 , 11.40117
68.44 , 31.9322223663 , 11.40700
68.48 , 31.9322223663 , 11.41283
68.51 , 32.0408363342 , 11.41867
68.55 , 32.0408363342 , 11.42467
68.58 , 32.0408363342 , 11.43050
68.62 , 32.0408363342 , 11.43650
68.65 , 32.0408363342 , 11.44233
68.69 , 32.1494522094 , 11.44817
68.72 , 32.1494522094 , 11.45417
68.76 , 32.1494522094 , 11.46000
68.80 , 32.1494522094 , 11.46600
68.83 , 32.1494522094 , 11.47183
68.87 , 32.1494522094 , 11.47783
68.90 , 32.1494522094 , 11.48350
68.94 , 32.1494522094 , 11.48950
68.97 , 32.1494522094 , 11.49533
69.01 , 32.2580642700 , 11.50133
69.04 , 32.2580642700 , 11.50717
69.08 , 32.2580642700 , 11.51317
69.11 , 32.3666763305 , 11.51883
69.15 , 32.3666763305 , 11.52483
69.18 , 32.2580642700 , 11.53067
69.22 , 32.3666763305 , 11.53667
69.26 , 32.3666763305 , 11.54267
69.29 , 32.3666763305 , 11.54850
69.33 , 32.3666763305 , 11.55433
69.36 , 32.3666763305 , 11.56017
69.40 , 32.3666763305 , 11.56617
69.43 , 32.3666763305 , 11.57200
69.47 , 32.3666763305 , 11.57800
69.50 , 32.4752883911 , 11.58367
69.54 , 32.3666763305 , 11.58967
69.57 , 32.4752883911 , 11.59550
69.61 , 32.5839042663 , 11.60150
69.64 , 32.4752883911 , 11.60733
69.68 , 32.5839042663 , 11.61333
69.71 , 32.5839042663 , 11.61900
69.75 , 32.4752883911 , 11.62500
69.79 , 32.5839042663 , 11.63083
69.82 , 32.5839042663 , 11.63683
69.86 , 32.5839042663 , 11.64283
69.89 , 32.6925163269 , 11.64867
69.93 , 32.5839042663 , 11.65450
69.96 , 32.6925163269 , 11.66033
70.00 , 32.6925163269 , 11.66633
70.03 , 32.6925163269 , 11.67217
70.07 , 32.6925163269 , 11.67817
70.10 , 32.6925163269 , 11.68400
70.14 , 32.6925163269 , 11.68983
70.17 , 32.8011283874 , 11.69567
70.21 , 32.8011283874 , 11.70167
70.25 , 32.8011283874 , 11.70750
70.28 , 32.8011283874 , 11.71350
70.32 , 32.8011283874 , 11.71933
70.35 , 32.8011283874 , 11.72517
70.39 , 32.9097404479 , 11.73117
70.42 , 32.9097404479 , 11.73700
70.46 , 32.8011283874 , 11.74300
70.49 , 32.9097404479 , 11.74883
70.53 , 33.0183563232 , 11.75483
70.56 , 32.9097404479 , 11.76050
70.60 , 33.0183563232 , 11.76650
70.63 , 33.0183563232 , 11.77233
70.67 , 32.9097404479 , 11.77833
70.70 , 33.0183563232 , 11.78417
70.74 , 33.0183563232 , 11.79000
70.77 , 33.1269683837 , 11.79583
70.81 , 33.0183563232 , 11.80183
70.85 , 33.1269683837 , 11.80767
70.88 , 33.1269683837 , 11.81367
70.92 , 33.1269683837 , 11.81950
70.95 , 33.1269683837 , 11.82533
70.99 , 33.1269683837 , 11.83133
71.02 , 33.1269683837 , 11.83717
71.06 , 33.2355804443 , 11.84317
71.09 , 33.2355804443 , 11.84900
71.13 , 33.2355804443 , 11.85500
71.16 , 33.3441925048 , 11.86067
71.20 , 33.2355804443 , 11.86667
71.23 , 33.3441925048 , 11.87250
71.27 , 33.3441925048 , 11.87850
71.31 , 33.2355804443 , 11.88433
71.34 , 33.3441925048 , 11.89033
71.38 , 33.3441925048 , 11.89600
71.41 , 33.3441925048 , 11.90200
71.45 , 33.3441925048 , 11.90783
71.48 , 33.4528045654 , 11.91383
71.52 , 33.4528045654 , 11.91983
71.55 , 33.4528045654 , 11.92567
71.59 , 33.4528045654 , 11.93150
71.62 , 33.5614204406 , 11.93733
71.66 , 33.4528045654 , 11.94333
71.69 , 33.5614204406 , 11.94917
71.73 , 33.4528045654 , 11.95517
71.77 , 33.4528045654 , 11.96100
71.80 , 33.5614204406 , 11.96683
71.84 , 33.5614204406 , 11.97267
71.87 , 33.5614204406 , 11.97867
71.91 , 33.5614204406 , 11.98450
71.94 , 33.5614204406 , 11.99050
71.98 , 33.5614204406 , 11.99617
72.01 , 33.6700325012 , 12.00217
72.05 , 33.5614204406 , 12.00800
72.08 , 33.6700325012 , 12.01400
72.12 , 33.6700325012 , 12.02000
72.15 , 33.6700325012 , 12.02583
72.19 , 33.7786445617 , 12.03167
72.22 , 33.7786445617 , 12.03750
72.26 , 33.6700325012 , 12.04350
72.30 , 33.7786445617 , 12.04933
72.33 , 33.7786445617 , 12.05533
72.37 , 33.7786445617 , 12.06117
72.40 , 33.7786445617 , 12.06700
72.44 , 33.7786445617 , 12.07283
72.47 , 33.8872566223 , 12.07883
72.51 , 33.7786445617 , 12.08467
72.54 , 33.8872566223 , 12.09067
72.58 , 33.8872566223 , 12.09650
72.61 , 33.8872566223 , 12.10233
72.65 , 33.8872566223 , 12.10833
72.68 , 33.9958724975 , 12.11417
72.72 , 33.8872566223 , 12.12017
72.76 , 33.9958724975 , 12.12600
72.79 , 33.9958724975 , 12.13200
72.83 , 33.9958724975 , 12.13767
72.86 , 34.1044845581 , 12.14367
72.90 , 34.1044845581 , 12.14950
72.93 , 34.1044845581 , 12.15550
72.97 , 34.1044845581 , 12.16133
73.00 , 34.1044845581 , 12.16733
73.04 , 34.1044845581 , 12.17300
73.07 , 34.1044845581 , 12.17900
73.11 , 34.2130966186 , 12.18483
73.14 , 34.2130966186 , 12.19083
73.18 , 34.2130966186 , 12.19667
73.22 , 34.3217086791 , 12.20267
73.25 , 34.2130966186 , 12.20850
73.29 , 34.2130966186 , 12.21433
73.32 , 34.2130966186 , 12.22033
73.36 , 34.2130966186 , 12.22617
73.39 , 34.3217086791 , 12.23217
73.43 , 34.3217086791 , 12.23783
73.46 , 34.3217086791 , 12.24383
73.50 , 34.3217086791 , 12.24967
73.53 , 34.4303207397 , 12.25567
73.57 , 34.3217086791 , 12.26150
73.61 , 34.4303207397 , 12.26750
73.64 , 34.4303207397 , 12.27317
73.68 , 34.4303207397 , 12.27917
73.71 , 34.4303207397 , 12.28500
73.75 , 34.5389366149 , 12.29100
73.78 , 34.5389366149 , 12.29700
73.82 , 34.5389366149 , 12.30283
73.85 , 34.4303207397 , 12.30867
73.89 , 34.5389366149 , 12.31450
73.92 , 34.5389366149 , 12.32050
73.96 , 34.6475486755 , 12.32633
73.99 , 34.5389366149 , 12.33233
74.03 , 34.6475486755 , 12.33817
74.06 , 34.5389366149 , 12.34400
74.10 , 34.6475486755 , 12.34983
74.13 , 34.6475486755 , 12.35583
74.17 , 34.5389366149 , 12.36167
74.21 , 34.7561607360 , 12.36767
74.24 , 34.6475486755 , 12.37350
74.28 , 34.6475486755 , 12.37933
74.31 , 34.7561607360 , 12.38517
74.35 , 34.7561607360 , 12.39117
74.38 , 34.7561607360 , 12.39717
74.42 , 34.7561607360 , 12.40300
74.45 , 34.7561607360 , 12.40900
74.49 , 34.6475486755 , 12.41467
74.52 , 34.7561607360 , 12.42067
74.56 , 34.7561607360 , 12.42650
74.59 , 34.8647766113 , 12.43250
74.63 , 34.7561607360 , 12.43833
74.66 , 34.8647766113 , 12.44417
74.70 , 34.8647766113 , 12.45000
74.74 , 34.8647766113 , 12.45600
74.77 , 34.8647766113 , 12.46183
74.81 , 34.8647766113 , 12.46783
74.84 , 34.9733886718 , 12.47367
74.88 , 34.9733886718 , 12.47950
74.91 , 34.9733886718 , 12.48550
74.95 , 35.0820007324 , 12.49133
74.98 , 34.9733886718 , 12.49733
75.02 , 34.9733886718 , 12.50317
75.05 , 34.9733886718 , 12.50917
75.09 , 35.0820007324 , 12.51483
75.12 , 35.0820007324 , 12.52083
75.16 , 34.9733886718 , 12.52667
75.20 , 35.0820007324 , 12.53267
75.23 , 35.0820007324 , 12.53850
75.27 , 35.1906166076 , 12.54450
75.30 , 35.0820007324 , 12.55017
75.34 , 35.1906166076 , 12.55617
75.37 , 35.1906166076 , 12.56200
75.41 , 35.1906166076 , 12.56800
75.44 , 35.0820007324 , 12.57383
75.48 , 35.1906166076 , 12.57983
75.51 , 35.1906166076 , 12.58567
75.55 , 35.2992286682 , 12.59150
75.58 , 35.2992286682 , 12.59750
75.62 , 35.2992286682 , 12.60333
75.66 , 35.2992286682 , 12.60933
75.69 , 35.4078407287 , 12.61517
75.73 , 35.4078407287 , 12.62100
75.76 , 35.2992286682 , 12.62683
75.80 , 35.4078407287 , 12.63283
75.83 , 35.4078407287 , 12.63867
75.87 , 35.5164527893 , 12.64467
75.90 , 35.5164527893 , 12.65033
75.94 , 35.5164527893 , 12.65633
75.97 , 35.5164527893 , 12.66217
76.01 , 35.6250686645 , 12.66817
76.04 , 35.5164527893 , 12.67417
76.08 , 35.5164527893 , 12.68000
76.11 , 35.6250686645 , 12.68583
76.15 , 35.5164527893 , 12.69167
76.19 , 35.5164527893 , 12.69767
76.22 , 35.5164527893 , 12.70350
76.26 , 35.6250686645 , 12.70950
76.29 , 35.6250686645 , 12.71533
76.33 , 35.6250686645 , 12.72117
76.36 , 35.6250686645 , 12.72700
76.40 , 35.6250686645 , 12.73300
76.43 , 35.8422927856 , 12.73883
76.47 , 35.6250686645 , 12.74483
76.50 , 35.7336807250 , 12.75067
76.54 , 35.7336807250 , 12.75650
76.57 , 35.7336807250 , 12.76233
76.61 , 35.7336807250 , 12.76833
76.65 , 35.7336807250 , 12.77433
76.68 , 35.8422927856 , 12.78017
76.72 , 35.8422927856 , 12.78617
76.75 , 35.8422927856 , 12.79183
76.79 , 35.8422927856 , 12.79783
76.82 , 35.9509048461 , 12.80367
76.86 , 35.8422927856 , 12.80967
76.89 , 35.8422927856 , 12.81550
76.93 , 35.8422927856 , 12.82150
76.96 , 35.8422927856 , 12.82717
77.00 , 35.8422927856 , 12.83317
77.03 , 35.8422927856 , 12.83900
77.07 , 35.9509048461 , 12.84500
77.11 , 36.0595169067 , 12.85083
77.14 , 35.9509048461 , 12.85667
77.18 , 35.9509048461 , 12.86267
77.21 , 36.0595169067 , 12.86850
77.25 , 36.0595169067 , 12.87450
77.28 , 35.9509048461 , 12.88033
77.32 , 35.9509048461 , 12.88633
77.35 , 36.0595169067 , 12.89200
77.39 , 36.0595169067 , 12.89800
77.42 , 36.0595169067 , 12.90383
77.46 , 36.1681327819 , 12.90983
77.49 , 36.1681327819 , 12.91567
77.53 , 36.0595169067 , 12.92167
77.56 , 36.1681327819 , 12.92733
77.60 , 36.2767448425 , 12.93333
77.63 , 36.1681327819 , 12.93917
77.67 , 36.1681327819 , 12.94517
77.71 , 36.2767448425 , 12.95100
77.74 , 36.2767448425 , 12.95700
77.78 , 36.2767448425 , 12.96283
77.81 , 36.2767448425 , 12.96867
77.85 , 36.1681327819 , 12.97467
77.88 , 36.2767448425 , 12.98050
77.92 , 36.2767448425 , 12.98650
77.95 , 36.3853569030 , 12.99233
77.99 , 36.4939689636 , 12.99817
78.02 , 36.3853569030 , 13.00400
78.06 , 36.4939689636 , 13.01000
78.09 , 36.3853569030 , 13.01583
78.13 , 36.4939689636 , 13.02183
78.17 , 36.4939689636 , 13.02767
78.20 , 36.4939689636 , 13.03350
78.24 , 36.4939689636 , 13.03933
78.27 , 36.4939689636 , 13.04533
78.31 , 36.4939689636 , 13.05133
78.34 , 36.6025848388 , 13.05717
78.38 , 36.6025848388 , 13.06317
78.41 , 36.6025848388 , 13.06883
78.45 , 36.6025848388 , 13.07483
78.48 , 36.6025848388 , 13.08067
78.52 , 36.6025848388 , 13.08667
78.55 , 36.6025848388 , 13.09250
78.59 , 36.7111968994 , 13.09833
78.62 , 36.7111968994 , 13.10417
78.66 , 36.7111968994 , 13.11017
78.70 , 36.7111968994 , 13.11600
78.73 , 36.8198089599 , 13.12200
78.77 , 36.7111968994 , 13.12783
78.80 , 36.7111968994 , 13.13367
78.84 , 36.8198089599 , 13.13950
78.87 , 36.7111968994 , 13.14550
78.91 , 36.8198089599 , 13.15150
78.94 , 36.8198089599 , 13.15733
78.98 , 36.8198089599 , 13.16333
79.01 , 36.8198089599 , 13.16900
79.05 , 36.8198089599 , 13.17500
79.08 , 36.9284210205 , 13.18083
79.12 , 36.9284210205 , 13.18683
79.16 , 36.9284210205 , 13.19267
79.19 , 36.9284210205 , 13.19867
79.23 , 36.9284210205 , 13.20433
79.26 , 36.9284210205 , 13.21033
79.30 , 36.9284210205 , 13.21617
79.33 , 36.9284210205 , 13.22217
79.37 , 36.9284210205 , 13.22800
79.40 , 37.0370330810 , 13.23400
79.44 , 37.0370330810 , 13.23983
79.47 , 37.0370330810 , 13.24567
79.51 , 37.0370330810 , 13.25167
79.54 , 37.1456489562 , 13.25750
79.58 , 37.0370330810 , 13.26350
79.62 , 37.0370330810 , 13.26933
79.65 , 37.0370330810 , 13.27517
79.69 , 37.0370330810 , 13.28100
79.72 , 37.1456489562 , 13.28700
79.76 , 37.1456489562 , 13.29283
79.79 , 37.1456489562 , 13.29883
79.83 , 37.1456489562 , 13.30450
79.86 , 37.2542610168 , 13.31050
79.90 , 37.2542610168 , 13.31633
79.93 , 37.2542610168 , 13.32233
79.97 , 37.1456489562 , 13.32817
80.00 , 37.3628730773 , 13.33417
80.04 , 37.3628730773 , 13.34000
80.07 , 37.2542610168 , 13.34583
80.11 , 37.3628730773 , 13.35183
80.15 , 37.2542610168 , 13.35767
80.18 , 37.3628730773 , 13.36367
80.22 , 37.3628730773 , 13.36950
80.25 , 37.4714851379 , 13.37533
80.29 , 37.3628730773 , 13.38117
80.32 , 37.3628730773 , 13.38717
80.36 , 37.4714851379 , 13.39300
80.39 , 37.3628730773 , 13.39900
80.43 , 37.3628730773 , 13.40483
80.46 , 37.4714851379 , 13.41067
80.50 , 37.5801010131 , 13.41650
80.54 , 37.5801010131 , 13.42250
80.57 , 37.5801010131 , 13.42850
80.61 , 37.5801010131 , 13.43433
80.64 , 37.5801010131 , 13.44033
80.68 , 37.5801010131 , 13.44600
80.71 , 37.6887130737 , 13.45200
80.75 , 37.5801010131 , 13.45783
80.78 , 37.6887130737 , 13.46383
80.82 , 37.6887130737 , 13.46967
80.85 , 37.6887130737 , 13.47567
80.89 , 37.6887130737 , 13.48133
80.92 , 37.6887130737 , 13.48733
80.96 , 37.6887130737 , 13.49317
81.00 , 37.6887130737 , 13.49917
81.03 , 37.6887130737 , 13.50500
81.06 , 37.7973251342 , 13.51083
81.10 , 37.6887130737 , 13.51667
81.14 , 37.7973251342 , 13.52267
81.17 , 37.7973251342 , 13.52867
81.21 , 37.7973251342 , 13.53450
81.24 , 37.7973251342 , 13.54050
81.28 , 37.7973251342 , 13.54617
81.31 , 37.9059371948 , 13.55217
81.35 , 37.9059371948 , 13.55800
81.38 , 37.9059371948 , 13.56400
81.42 , 37.9059371948 , 13.56983
81.45 , 37.9059371948 , 13.57583
81.49 , 37.9059371948 , 13.58150
81.52 , 37.9059371948 , 13.58750
81.56 , 38.0145492553 , 13.59333
81.60 , 38.0145492553 , 13.59933
81.63 , 38.0145492553 , 13.60517
81.67 , 38.0145492553 , 13.61117
81.70 , 38.0145492553 , 13.61700
81.74 , 38.0145492553 , 13.62283
81.77 , 38.0145492553 , 13.62883
81.81 , 38.1231651306 , 13.63467
81.84 , 38.1231651306 , 13.64067
81.88 , 38.0145492553 , 13.64650
81.91 , 38.1231651306 , 13.65233
81.95 , 38.1231651306 , 13.65817
81.98 , 38.1231651306 , 13.66417
82.02 , 38.1231651306 , 13.67000
82.06 , 38.1231651306 , 13.67600
82.09 , 38.2317771911 , 13.68183
82.13 , 38.2317771911 , 13.68767
82.16 , 38.2317771911 , 13.69350
82.20 , 38.2317771911 , 13.69950
82.23 , 38.2317771911 , 13.70533
82.27 , 38.2317771911 , 13.71133
82.30 , 38.2317771911 , 13.71733
82.34 , 38.3403892517 , 13.72300
82.37 , 38.2317771911 , 13.72900
82.41 , 38.2317771911 , 13.73483
82.44 , 38.3403892517 , 13.74083
82.48 , 38.3403892517 , 13.74667
82.51 , 38.4490013122 , 13.75250
82.55 , 38.3403892517 , 13.75833
82.59 , 38.4490013122 , 13.76433
82.62 , 38.4490013122 , 13.77017
82.66 , 38.5576171875 , 13.77617
82.69 , 38.4490013122 , 13.78200
82.73 , 38.4490013122 , 13.78783
82.76 , 38.4490013122 , 13.79367
82.80 , 38.5576171875 , 13.79967
82.83 , 38.4490013122 , 13.80567
82.87 , 38.5576171875 , 13.81150
82.90 , 38.6662292480 , 13.81750
82.94 , 38.5576171875 , 13.82317
82.97 , 38.6662292480 , 13.82917
83.01 , 38.6662292480 , 13.83500
83.05 , 38.6662292480 , 13.84100
83.08 , 38.5576171875 , 13.84683
83.12 , 38.6662292480 , 13.85283
83.15 , 38.6662292480 , 13.85850
83.19 , 38.7748413085 , 13.86450
83.22 , 38.6662292480 , 13.87033
83.26 , 38.6662292480 , 13.87633
83.29 , 38.7748413085 , 13.88217
83.33 , 38.7748413085 , 13.88817
83.36 , 38.6662292480 , 13.89383
83.40 , 38.7748413085 , 13.89983
83.43 , 38.7748413085 , 13.90583
83.47 , 38.7748413085 , 13.91167
83.51 , 38.7748413085 , 13.91767
83.54 , 38.8834533691 , 13.92333
83.58 , 38.8834533691 , 13.92933
83.61 , 38.8834533691 , 13.93517
83.65 , 38.8834533691 , 13.94117
83.68 , 38.8834533691 , 13.94700
83.72 , 38.9920654296 , 13.95300
83.75 , 38.8834533691 , 13.95867
83.79 , 38.8834533691 , 13.96467
83.82 , 38.9920654296 , 13.97050
83.86 , 38.8834533691 , 13.97650
83.89 , 38.9920654296 , 13.98233
83.93 , 38.9920654296 , 13.98833
83.96 , 39.1006851196 , 13.99417
84.00 , 38.9920654296 , 14.00000
84.04 , 39.1006851196 , 14.00600
84.07 , 38.9920654296 , 14.01183
84.11 , 39.1006851196 , 14.01783
84.14 , 39.1006851196 , 14.02367
84.18 , 39.1006851196 , 14.02950
84.21 , 39.1006851196 , 14.03533
84.25 , 39.1006851196 , 14.04133
84.28 , 39.1006851196 , 14.04717
84.32 , 39.1006851196 , 14.05317
84.35 , 39.1006851196 , 14.05900
84.39 , 39.1006851196 , 14.06483
84.42 , 39.3179092407 , 14.07067
84.46 , 39.2092971801 , 14.07667
84.50 , 39.2092971801 , 14.08250
84.53 , 39.2092971801 , 14.08850
84.57 , 39.3179092407 , 14.09450
84.60 , 39.2092971801 , 14.10017
84.64 , 39.2092971801 , 14.10617
84.67 , 39.3179092407 , 14.11200
84.71 , 39.3179092407 , 14.11800
84.74 , 39.3179092407 , 14.12383
84.78 , 39.3179092407 , 14.12983
84.81 , 39.4265251159 , 14.13550
84.85 , 39.3179092407 , 14.14150
84.88 , 39.4265251159 , 14.14733
84.92 , 39.4265251159 , 14.15333
84.95 , 39.4265251159 , 14.15917
84.99 , 39.4265251159 , 14.16500
85.02 , 39.4265251159 , 14.17083
85.06 , 39.4265251159 , 14.17683
85.10 , 39.4265251159 , 14.18283
85.13 , 39.4265251159 , 14.18867
85.17 , 39.6437492370 , 14.19467
85.20 , 39.5351371765 , 14.20033
85.24 , 39.5351371765 , 14.20633
85.27 , 39.5351371765 , 14.21217
85.31 , 39.6437492370 , 14.21817
85.34 , 39.5351371765 , 14.22400
85.38 , 39.6437492370 , 14.23000
85.41 , 39.6437492370 , 14.23567
85.45 , 39.6437492370 , 14.24167
85.48 , 39.7523612976 , 14.24750
85.52 , 39.6437492370 , 14.25350
85.56 , 39.7523612976 , 14.25933
85.59 , 39.7523612976 , 14.26533
85.63 , 39.7523612976 , 14.27100
85.66 , 39.7523612976 , 14.27700
85.70 , 39.7523612976 , 14.28300
85.73 , 39.7523612976 , 14.28883
85.77 , 39.7523612976 , 14.29483
85.80 , 39.8609771728 , 14.30067
85.84 , 39.7523612976 , 14.30650
85.87 , 39.8609771728 , 14.31233
85.91 , 39.8609771728 , 14.31833
85.94 , 39.8609771728 , 14.32417
85.98 , 39.8609771728 , 14.33017
86.02 , 39.8609771728 , 14.33600
86.05 , 39.8609771728 , 14.34183
86.09 , 39.8609771728 , 14.34767
86.12 , 39.9695892333 , 14.35367
86.16 , 39.9695892333 , 14.35950
86.19 , 39.8609771728 , 14.36550
86.23 , 39.9695892333 , 14.37133
86.26 , 39.9695892333 , 14.37717
86.30 , 39.9695892333 , 14.38317
86.33 , 39.9695892333 , 14.38900
86.37 , 40.0782012939 , 14.39500
86.40 , 39.9695892333 , 14.40083
86.44 , 39.9695892333 , 14.40667
86.47 , 40.0782012939 , 14.41250
86.51 , 40.0782012939 , 14.41850
86.55 , 40.0782012939 , 14.42433
86.58 , 40.0782012939 , 14.43033
86.62 , 40.1868133544 , 14.43617
86.65 , 40.0782012939 , 14.44200
86.69 , 40.1868133544 , 14.44783
86.72 , 40.1868133544 , 14.45383
86.76 , 40.1868133544 , 14.45967
86.79 , 40.1868133544 , 14.46567
86.83 , 40.2954254150 , 14.47167
86.86 , 40.2954254150 , 14.47733
86.90 , 40.1868133544 , 14.48333
86.93 , 40.2954254150 , 14.48917
86.97 , 40.2954254150 , 14.49517
87.01 , 40.2954254150 , 14.50100
87.04 , 40.2954254150 , 14.50700
87.08 , 40.4040412902 , 14.51267
87.11 , 40.4040412902 , 14.51867
87.15 , 40.2954254150 , 14.52450
87.18 , 40.2954254150 , 14.53050
87.22 , 40.4040412902 , 14.53633
87.25 , 40.4040412902 , 14.54233
87.29 , 40.4040412902 , 14.54800
87.32 , 40.4040412902 , 14.55400
87.36 , 40.4040412902 , 14.56000
87.39 , 40.5126533508 , 14.56583
87.43 , 40.5126533508 , 14.57183
87.46 , 40.5126533508 , 14.57750
87.50 , 40.4040412902 , 14.58350
87.54 , 40.5126533508 , 14.58933
87.57 , 40.6212654113 , 14.59533
87.61 , 40.5126533508 , 14.60117
87.64 , 40.5126533508 , 14.60717
87.68 , 40.6212654113 , 14.61283
87.71 , 40.6212654113 , 14.61883
87.75 , 40.6212654113 , 14.62467
87.78 , 40.6212654113 , 14.63067
87.82 , 40.6212654113 , 14.63650
87.86 , 40.6212654113 , 14.64250
87.89 , 40.7298774719 , 14.64817
87.93 , 40.7298774719 , 14.65417
87.96 , 40.8384933471 , 14.66017
88.00 , 40.7298774719 , 14.66600
88.03 , 40.7298774719 , 14.67200
88.07 , 40.7298774719 , 14.67783
88.10 , 40.7298774719 , 14.68367
88.14 , 40.8384933471 , 14.68950
88.17 , 40.8384933471 , 14.69550
88.21 , 40.8384933471 , 14.70133
88.24 , 40.8384933471 , 14.70733
88.28 , 40.8384933471 , 14.71317
88.31 , 40.8384933471 , 14.71900
88.35 , 40.9471054077 , 14.72483
88.38 , 40.8384933471 , 14.73083
88.42 , 40.8384933471 , 14.73667
88.46 , 40.9471054077 , 14.74267
88.49 , 40.9471054077 , 14.74867
88.53 , 40.8384933471 , 14.75433
88.56 , 40.9471054077 , 14.76033
88.60 , 40.9471054077 , 14.76617
88.63 , 40.9471054077 , 14.77217
88.67 , 40.9471054077 , 14.77800
88.70 , 41.0557174682 , 14.78400
88.74 , 41.0557174682 , 14.78967
88.77 , 41.0557174682 , 14.79567
88.81 , 41.0557174682 , 14.80150
88.84 , 41.0557174682 , 14.80750
88.88 , 41.0557174682 , 14.81333
88.91 , 41.0557174682 , 14.81917
88.95 , 41.1643295288 , 14.82500
88.99 , 41.1643295288 , 14.83100
89.02 , 41.0557174682 , 14.83683
89.06 , 41.1643295288 , 14.84283
89.09 , 41.1643295288 , 14.84883
89.13 , 41.1643295288 , 14.85450
89.16 , 41.1643295288 , 14.86050
89.20 , 41.2729415893 , 14.86633
89.23 , 41.1643295288 , 14.87233
89.27 , 41.1643295288 , 14.87817
89.30 , 41.2729415893 , 14.88417
89.34 , 41.2729415893 , 14.88983
89.37 , 41.2729415893 , 14.89583
89.41 , 41.2729415893 , 14.90167
89.45 , 41.2729415893 , 14.90767
89.48 , 41.3815574645 , 14.91350
89.52 , 41.3815574645 , 14.91950
89.55 , 41.3815574645 , 14.92517
89.59 , 41.3815574645 , 14.93117
89.62 , 41.3815574645 , 14.93717
89.66 , 41.4901695251 , 14.94300
89.69 , 41.3815574645 , 14.94900
89.73 , 41.3815574645 , 14.95483
89.76 , 41.4901695251 , 14.96067
89.80 , 41.4901695251 , 14.96650
89.83 , 41.4901695251 , 14.97250
89.87 , 41.4901695251 , 14.97833
89.91 , 41.4901695251 , 14.98433
89.94 , 41.5987815856 , 14.99000
89.98 , 41.5987815856 , 14.99600
90.01 , 41.5987815856 , 15.00183
90.05 , 41.5987815856 , 15.00783
90.08 , 41.5987815856 , 15.01367
90.12 , 41.5987815856 , 15.01967
90.15 , 41.7073936462 , 15.02533
90.19 , 41.5987815856 , 15.03133
90.22 , 41.7073936462 , 15.03733
90.26 , 41.7073936462 , 15.04317
90.29 , 41.7073936462 , 15.04917
90.33 , 41.7073936462 , 15.05500
90.36 , 41.8160095214 , 15.06083
90.40 , 41.7073936462 , 15.06667
90.44 , 41.8160095214 , 15.07267
90.47 , 41.8160095214 , 15.07850
90.51 , 41.8160095214 , 15.08450
90.54 , 41.8160095214 , 15.09033
90.58 , 41.8160095214 , 15.09617
90.61 , 41.8160095214 , 15.10200
90.65 , 41.8160095214 , 15.10800
90.68 , 41.8160095214 , 15.11383
90.72 , 41.9246215820 , 15.11983
90.75 , 41.8160095214 , 15.12583
90.79 , 41.9246215820 , 15.13150
90.82 , 41.9246215820 , 15.13750
90.86 , 41.9246215820 , 15.14333
90.90 , 41.9246215820 , 15.14933
90.93 , 41.9246215820 , 15.15517
90.97 , 42.0332336425 , 15.16117
91.00 , 41.9246215820 , 15.16683
91.04 , 41.9246215820 , 15.17283
91.07 , 42.0332336425 , 15.17867
91.11 , 42.0332336425 , 15.18467
91.14 , 42.0332336425 , 15.19050
91.18 , 42.0332336425 , 15.19650
91.21 , 42.0332336425 , 15.20217
91.25 , 42.1418457031 , 15.20817
91.28 , 42.1418457031 , 15.21400
91.32 , 42.1418457031 , 15.22000
91.36 , 42.1418457031 , 15.22600
91.39 , 42.1418457031 , 15.23167
91.43 , 42.1418457031 , 15.23767
91.46 , 42.2504577636 , 15.24350
91.50 , 42.2504577636 , 15.24950
91.53 , 42.1418457031 , 15.25533
91.57 , 42.1418457031 , 15.26133
91.60 , 42.2504577636 , 15.26700
91.64 , 42.1418457031 , 15.27300
91.67 , 42.2504577636 , 15.27883
91.71 , 42.2504577636 , 15.28483
91.74 , 42.2504577636 , 15.29067
91.78 , 42.3590736389 , 15.29667
91.81 , 42.3590736389 , 15.30233
91.85 , 42.3590736389 , 15.30833
91.89 , 42.3590736389 , 15.31433
91.92 , 42.3590736389 , 15.32017
91.96 , 42.3590736389 , 15.32617
91.99 , 42.3590736389 , 15.33200
92.03 , 42.3590736389 , 15.33783
92.06 , 42.4676856994 , 15.34367
92.10 , 42.3590736389 , 15.34967
92.13 , 42.4676856994 , 15.35550
92.17 , 42.4676856994 , 15.36150
92.20 , 42.5762977600 , 15.36733
92.24 , 42.4676856994 , 15.37317
92.27 , 42.4676856994 , 15.37900
92.31 , 42.5762977600 , 15.38500
92.34 , 42.5762977600 , 15.39083
92.38 , 42.5762977600 , 15.39683
92.42 , 42.5762977600 , 15.40267
92.45 , 42.5762977600 , 15.40850
92.49 , 42.5762977600 , 15.41450
92.52 , 42.5762977600 , 15.42033
92.56 , 42.6849098205 , 15.42633
92.59 , 42.6849098205 , 15.43217
92.63 , 42.6849098205 , 15.43800
92.66 , 42.6849098205 , 15.44383
92.70 , 42.6849098205 , 15.44983
92.73 , 42.6849098205 , 15.45567
92.77 , 42.6849098205 , 15.46167
92.80 , 42.6849098205 , 15.46750
92.84 , 42.7935256958 , 15.47333
92.87 , 42.7935256958 , 15.47917
92.91 , 42.7935256958 , 15.48517
92.95 , 42.7935256958 , 15.49100
92.98 , 42.7935256958 , 15.49700
93.02 , 42.7935256958 , 15.50300
93.05 , 42.7935256958 , 15.50867
93.09 , 42.9021377563 , 15.51467
93.12 , 42.9021377563 , 15.52050
93.16 , 42.9021377563 , 15.52650
93.19 , 42.7935256958 , 15.53233
93.23 , 42.9021377563 , 15.53833
93.26 , 42.7935256958 , 15.54400
93.30 , 42.9021377563 , 15.55000
93.33 , 43.0107498168 , 15.55583
93.37 , 42.9021377563 , 15.56183
93.41 , 42.9021377563 , 15.56767
93.44 , 43.0107498168 , 15.57367
93.48 , 43.0107498168 , 15.57933
93.51 , 43.0107498168 , 15.58533
93.55 , 43.0107498168 , 15.59117
93.58 , 43.0107498168 , 15.59717
93.62 , 43.0107498168 , 15.60317
93.65 , 43.1193618774 , 15.60900
93.69 , 43.1193618774 , 15.61483
93.72 , 43.1193618774 , 15.62067
93.76 , 43.1193618774 , 15.62667
93.79 , 43.0107498168 , 15.63250
93.83 , 43.1193618774 , 15.63850
93.86 , 43.1193618774 , 15.64417
93.90 , 43.1193618774 , 15.65017
93.94 , 43.1193618774 , 15.65600
93.97 , 43.2279739379 , 15.66200
94.01 , 43.2279739379 , 15.66783
94.04 , 43.2279739379 , 15.67383
94.08 , 43.2279739379 , 15.67950
94.11 , 43.2279739379 , 15.68550
94.15 , 43.2279739379 , 15.69150
94.18 , 43.3365898132 , 15.69733
94.22 , 43.2279739379 , 15.70333
94.25 , 43.2279739379 , 15.70917
94.29 , 43.2279739379 , 15.71500
94.32 , 43.3365898132 , 15.72083
94.36 , 43.3365898132 , 15.72683
94.40 , 43.3365898132 , 15.73267
94.43 , 43.3365898132 , 15.73867
94.47 , 43.4452018737 , 15.74450
94.50 , 43.3365898132 , 15.75033
94.54 , 43.4452018737 , 15.75617
94.57 , 43.4452018737 , 15.76217
94.61 , 43.4452018737 , 15.76800
94.64 , 43.4452018737 , 15.77400
94.68 , 43.5538139343 , 15.77983
94.71 , 43.5538139343 , 15.78567
94.75 , 43.4452018737 , 15.79167
94.79 , 43.5538139343 , 15.79750
94.82 , 43.5538139343 , 15.80350
94.86 , 43.5538139343 , 15.80933
94.89 , 43.5538139343 , 15.81533
94.93 , 43.6624259948 , 15.82100
94.96 , 43.6624259948 , 15.82700
95.00 , 43.6624259948 , 15.83283
95.03 , 43.6624259948 , 15.83883
95.07 , 43.6624259948 , 15.84467
95.10 , 43.6624259948 , 15.85067
95.14 , 43.6624259948 , 15.85633
95.17 , 43.6624259948 , 15.86233
95.21 , 43.6624259948 , 15.86817
95.25 , 43.7710418701 , 15.87417
95.28 , 43.7710418701 , 15.88017
95.31 , 43.7710418701 , 15.88583
95.35 , 43.7710418701 , 15.89183
95.39 , 43.7710418701 , 15.89767
95.42 , 43.7710418701 , 15.90367
95.46 , 43.7710418701 , 15.90950
95.49 , 43.7710418701 , 15.91550
95.53 , 43.7710418701 , 15.92117
95.56 , 43.8796539306 , 15.92717
95.60 , 43.8796539306 , 15.93300
95.63 , 43.8796539306 , 15.93900
95.67 , 43.8796539306 , 15.94483
95.70 , 43.8796539306 , 15.95083
95.74 , 43.8796539306 , 15.95650
95.77 , 43.8796539306 , 15.96250
95.81 , 43.8796539306 , 15.96833
95.85 , 43.9882659912 , 15.97433
95.88 , 43.9882659912 , 15.98033
95.92 , 43.9882659912 , 15.98617
95.95 , 43.9882659912 , 15.99200
95.99 , 43.9882659912 , 15.99783
96.02 , 43.9882659912 , 16.00383
96.06 , 43.9882659912 , 16.00967
96.09 , 43.9882659912 , 16.01567
96.13 , 43.9882659912 , 16.02150
96.16 , 44.0968780517 , 16.02733
96.20 , 44.0968780517 , 16.03317
96.23 , 44.2054901123 , 16.03917
96.27 , 44.0968780517 , 16.04500
96.31 , 44.0968780517 , 16.05100
96.34 , 44.0968780517 , 16.05667
96.38 , 44.0968780517 , 16.06267
96.41 , 44.0968780517 , 16.06867
96.45 , 44.0968780517 , 16.07450
96.48 , 44.0968780517 , 16.08050
96.52 , 44.2054901123 , 16.08633
96.55 , 44.2054901123 , 16.09217
96.59 , 44.2054901123 , 16.09800
96.62 , 44.2054901123 , 16.10400
96.66 , 44.3141059875 , 16.10983
96.69 , 44.2054901123 , 16.11583
96.73 , 44.2054901123 , 16.12167
96.76 , 44.3141059875 , 16.12750
96.80 , 44.4227180480 , 16.13334
96.84 , 44.3141059875 , 16.13933
96.87 , 44.3141059875 , 16.14517
96.91 , 44.3141059875 , 16.15117
96.94 , 44.4227180480 , 16.15700
96.98 , 44.4227180480 , 16.16283
97.01 , 44.4227180480 , 16.16884
97.05 , 44.4227180480 , 16.17467
97.08 , 44.4227180480 , 16.18067
97.12 , 44.4227180480 , 16.18650
97.15 , 44.5313339233 , 16.19250
97.19 , 44.4227180480 , 16.19817
97.22 , 44.4227180480 , 16.20417
97.26 , 44.5313339233 , 16.21000
97.30 , 44.5313339233 , 16.21600
97.33 , 44.5313339233 , 16.22183
97.37 , 44.5313339233 , 16.22783
97.40 , 44.6399459838 , 16.23350
97.44 , 44.5313339233 , 16.23950
97.47 , 44.5313339233 , 16.24534
97.51 , 44.5313339233 , 16.25134
97.54 , 44.6399459838 , 16.25733
97.58 , 44.6399459838 , 16.26317
97.61 , 44.6399459838 , 16.26900
97.65 , 44.5313339233 , 16.27483
97.68 , 44.6399459838 , 16.28083
97.72 , 44.6399459838 , 16.28667
97.76 , 44.6399459838 , 16.29267
97.79 , 44.7485580444 , 16.29833
97.83 , 44.6399459838 , 16.30433
97.86 , 44.7485580444 , 16.31017
97.90 , 44.7485580444 , 16.31617
97.93 , 44.7485580444 , 16.32200
97.97 , 44.7485580444 , 16.32800
98.00 , 44.7485580444 , 16.33367
98.04 , 44.7485580444 , 16.33967
98.07 , 44.7485580444 , 16.34550
98.11 , 44.7485580444 , 16.35150
98.14 , 44.7485580444 , 16.35750
98.18 , 44.7485580444 , 16.36334
98.21 , 44.7485580444 , 16.36917
98.25 , 44.7485580444 , 16.37500
98.29 , 44.8571701049 , 16.38100
98.32 , 44.8571701049 , 16.38683
98.36 , 44.8571701049 , 16.39283
98.39 , 44.8571701049 , 16.39867
98.43 , 44.9657859802 , 16.40450
98.46 , 44.8571701049 , 16.41033
98.50 , 44.9657859802 , 16.41633
98.53 , 44.8571701049 , 16.42217
98.57 , 44.8571701049 , 16.42817
98.60 , 44.8571701049 , 16.43400
98.64 , 44.9657859802 , 16.43984
98.68 , 44.9657859802 , 16.44584
98.71 , 44.9657859802 , 16.45167
98.75 , 44.9657859802 , 16.45767
98.78 , 45.0743980407 , 16.46350
98.82 , 45.0743980407 , 16.46950
98.85 , 45.0743980407 , 16.47517
98.89 , 45.0743980407 , 16.48117
98.92 , 45.0743980407 , 16.48700
98.96 , 45.0743980407 , 16.49300
98.99 , 45.0743980407 , 16.49883
99.03 , 45.1830101013 , 16.50467
99.06 , 45.0743980407 , 16.51050
99.10 , 45.0743980407 , 16.51650
99.13 , 45.1830101013 , 16.52234
99.17 , 45.1830101013 , 16.52833
99.20 , 45.1830101013 , 16.53417
99.24 , 45.1830101013 , 16.54000
99.28 , 45.1830101013 , 16.54600
99.31 , 45.1830101013 , 16.55183
99.35 , 45.1830101013 , 16.55784
99.38 , 45.2916221618 , 16.56367
99.42 , 45.2916221618 , 16.56967
99.45 , 45.2916221618 , 16.57534
99.49 , 45.4002380371 , 16.58133
99.52 , 45.2916221618 , 16.58717
99.56 , 45.2916221618 , 16.59317
99.59 , 45.2916221618 , 16.59900
99.63 , 45.4002380371 , 16.60500
99.66 , 45.4002380371 , 16.61067
99.70 , 45.4002380371 , 16.61667
99.73 , 45.5088500976 , 16.62250
99.77 , 45.4002380371 , 16.62850
99.81 , 45.4002380371 , 16.63450
99.84 , 45.4002380371 , 16.64034
99.88 , 45.4002380371 , 16.64617
99.91 , 45.4002380371 , 16.65200
99.95 , 45.5088500976 , 16.65800
99.98 , 45.5088500976 , 16.66383
100.02 , 45.5088500976 , 16.66983
100.05 , 45.5088500976 , 16.67584
100.09 , 45.5088500976 , 16.68184
100.13 , 45.5088500976 , 16.68783
100.16 , 45.5088500976 , 16.69400
100.20 , 45.7260742187 , 16.70000
100.24 , 45.6174621582 , 16.70617
100.27 , 45.6174621582 , 16.71233
100.31 , 45.6174621582 , 16.71833
100.35 , 45.6174621582 , 16.72434
100.38 , 45.6174621582 , 16.73034
100.42 , 45.6174621582 , 16.73650
100.45 , 45.7260742187 , 16.74250
100.49 , 45.6174621582 , 16.74867
100.53 , 45.7260742187 , 16.75467
100.56 , 45.7260742187 , 16.76067
100.60 , 45.6174621582 , 16.76667
100.64 , 45.7260742187 , 16.77284
100.67 , 45.7260742187 , 16.77900
100.71 , 45.7260742187 , 16.78500
100.75 , 45.8346862792 , 16.79117
100.78 , 45.7260742187 , 16.79717
100.82 , 45.7260742187 , 16.80317
100.86 , 45.8346862792 , 16.80917
100.89 , 45.8346862792 , 16.81534
100.93 , 45.7260742187 , 16.82134
100.96 , 45.8346862792 , 16.82750
101.00 , 45.8346862792 , 16.83350
101.04 , 45.8346862792 , 16.83967
101.07 , 45.8346862792 , 16.84567
101.11 , 45.9433021545 , 16.85167
101.15 , 45.9433021545 , 16.85783
101.18 , 45.9433021545 , 16.86384
101.22 , 45.9433021545 , 16.87000
101.26 , 45.9433021545 , 16.87600
101.29 , 45.9433021545 , 16.88217
101.33 , 45.9433021545 , 16.88800
101.36 , 45.9433021545 , 16.89417
101.40 , 45.9433021545 , 16.90017
101.44 , 46.0519142150 , 16.90633
101.47 , 45.9433021545 , 16.91250
101.51 , 46.0519142150 , 16.91850
101.55 , 46.0519142150 , 16.92467
101.58 , 46.0519142150 , 16.93050
101.62 , 46.0519142150 , 16.93667
101.66 , 46.0519142150 , 16.94267
101.69 , 46.1605262756 , 16.94883
101.73 , 46.0519142150 , 16.95483
101.77 , 46.1605262756 , 16.96100
101.80 , 46.1605262756 , 16.96684
101.84 , 46.1605262756 , 16.97300
101.87 , 46.2691383361 , 16.97917
101.91 , 46.1605262756 , 16.98517
101.95 , 46.2691383361 , 16.99133
101.98 , 46.2691383361 , 16.99733
102.02 , 46.2691383361 , 17.00350
102.06 , 46.2691383361 , 17.00934
102.09 , 46.3777542114 , 17.01550
102.13 , 46.2691383361 , 17.02150
102.17 , 46.3777542114 , 17.02767
102.20 , 46.3777542114 , 17.03384
102.24 , 46.2691383361 , 17.03983
102.28 , 46.3777542114 , 17.04600
102.31 , 46.3777542114 , 17.05183
102.35 , 46.3777542114 , 17.05800
102.38 , 46.3777542114 , 17.06400
102.42 , 46.4863662719 , 17.07017
102.46 , 46.3777542114 , 17.07617
102.49 , 46.3777542114 , 17.08234
102.53 , 46.4863662719 , 17.08833
102.57 , 46.4863662719 , 17.09433
102.60 , 46.4863662719 , 17.10050
102.64 , 46.4863662719 , 17.10650
102.68 , 46.4863662719 , 17.11267
102.71 , 46.4863662719 , 17.11867
102.75 , 46.4863662719 , 17.12483
102.79 , 46.4863662719 , 17.13084
102.82 , 46.5949783325 , 17.13683
102.86 , 46.5949783325 , 17.14283
102.89 , 46.5949783325 , 17.14900
102.93 , 46.5949783325 , 17.15500
102.97 , 46.5949783325 , 17.16117
103.00 , 46.5949783325 , 17.16733
103.04 , 46.5949783325 , 17.17333
103.08 , 46.5949783325 , 17.17933
103.11 , 46.5949783325 , 17.18533
103.15 , 46.8122024536 , 17.19150
103.18 , 46.7035903930 , 17.19750
103.22 , 46.7035903930 , 17.20367
103.26 , 46.7035903930 , 17.20967
103.29 , 46.7035903930 , 17.21567
103.33 , 46.8122024536 , 17.22167
103.37 , 46.7035903930 , 17.22783
103.40 , 46.8122024536 , 17.23400
103.44 , 46.8122024536 , 17.24000
103.48 , 46.8122024536 , 17.24617
103.51 , 46.9208183288 , 17.25217
103.55 , 46.8122024536 , 17.25817
103.58 , 46.9208183288 , 17.26417
103.62 , 46.9208183288 , 17.27033
103.66 , 46.9208183288 , 17.27633
103.69 , 46.9208183288 , 17.28250
103.73 , 46.9208183288 , 17.28850
103.77 , 46.9208183288 , 17.29467
103.80 , 46.9208183288 , 17.30067
103.84 , 47.0294303894 , 17.30667
103.88 , 46.9208183288 , 17.31283
103.91 , 47.0294303894 , 17.31884
103.95 , 47.0294303894 , 17.32500
103.99 , 47.1380424499 , 17.33100
104.02 , 47.0294303894 , 17.33717
104.06 , 47.0294303894 , 17.34300
104.09 , 47.0294303894 , 17.34917
104.13 , 47.0294303894 , 17.35517
104.17 , 47.1380424499 , 17.36133
104.20 , 47.1380424499 , 17.36750
104.24 , 47.1380424499 , 17.37350
104.28 , 47.1380424499 , 17.37967
104.31 , 47.1380424499 , 17.38550
104.35 , 47.2466545104 , 17.39167
104.39 , 47.2466545104 , 17.39767
104.42 , 47.2466545104 , 17.40383
104.46 , 47.2466545104 , 17.40983
104.50 , 47.3552703857 , 17.41600
104.53 , 47.3552703857 , 17.42200
104.57 , 47.3552703857 , 17.42800
104.61 , 47.3552703857 , 17.43417
104.64 , 47.3552703857 , 17.44017
104.68 , 47.3552703857 , 17.44634
104.71 , 47.4638824462 , 17.45233
104.75 , 47.3552703857 , 17.45850
104.79 , 47.3552703857 , 17.46434
104.82 , 47.4638824462 , 17.47050
104.86 , 47.3552703857 , 17.47650
104.90 , 47.4638824462 , 17.48267
104.93 , 47.4638824462 , 17.48884
104.97 , 47.4638824462 , 17.49484
105.01 , 47.4638824462 , 17.50100
105.04 , 47.4638824462 , 17.50683
105.08 , 47.5724945068 , 17.51300
105.11 , 47.5724945068 , 17.51900
105.15 , 47.5724945068 , 17.52517
105.19 , 47.5724945068 , 17.53117
105.22 , 47.5724945068 , 17.53734
105.26 , 47.5724945068 , 17.54334
105.30 , 47.5724945068 , 17.54933
105.33 , 47.5724945068 , 17.55550
105.37 , 47.6811065673 , 17.56150
105.41 , 47.5724945068 , 17.56767
105.44 , 47.5724945068 , 17.57367
105.48 , 47.6811065673 , 17.57983
105.51 , 47.6811065673 , 17.58584
105.55 , 47.6811065673 , 17.59184
105.59 , 47.6811065673 , 17.59783
105.62 , 47.6811065673 , 17.60400
105.66 , 47.7897186279 , 17.61000
105.70 , 47.7897186279 , 17.61617
105.73 , 47.6811065673 , 17.62233
105.77 , 47.7897186279 , 17.62817
105.81 , 47.7897186279 , 17.63434
105.84 , 47.7897186279 , 17.64034
105.88 , 47.7897186279 , 17.64650
105.91 , 47.7897186279 , 17.65250
105.95 , 47.8983345031 , 17.65867
105.99 , 47.8983345031 , 17.66467
106.02 , 47.7897186279 , 17.67067
106.06 , 47.8983345031 , 17.67667
106.10 , 47.8983345031 , 17.68284
106.13 , 48.0069465637 , 17.68900
106.17 , 47.8983345031 , 17.69500
106.21 , 48.0069465637 , 17.70117
106.24 , 47.8983345031 , 17.70717
106.28 , 48.0069465637 , 17.71317
106.31 , 48.0069465637 , 17.71917
106.35 , 48.0069465637 , 17.72533
106.39 , 48.0069465637 , 17.73134
106.43 , 48.0069465637 , 17.73750
106.46 , 48.0069465637 , 17.74350
106.50 , 48.1155586242 , 17.74967
106.53 , 48.1155586242 , 17.75567
106.57 , 48.1155586242 , 17.76167
106.61 , 48.1155586242 , 17.76783
106.64 , 48.1155586242 , 17.77383
106.68 , 48.1155586242 , 17.78000
106.72 , 48.2241706848 , 17.78600
106.75 , 48.2241706848 , 17.79217
106.79 , 48.2241706848 , 17.79800
106.82 , 48.2241706848 , 17.80417
106.86 , 48.2241706848 , 17.81033
106.90 , 48.2241706848 , 17.81633
106.93 , 48.2241706848 , 17.82250
106.97 , 48.2241706848 , 17.82850
107.01 , 48.3327827453 , 17.83467
107.04 , 48.3327827453 , 17.84050
107.08 , 48.3327827453 , 17.84667
107.12 , 48.3327827453 , 17.85267
107.15 , 48.3327827453 , 17.85883
107.19 , 48.4413986206 , 17.86483
107.23 , 48.4413986206 , 17.87100
107.26 , 48.4413986206 , 17.87700
107.30 , 48.4413986206 , 17.88300
107.33 , 48.4413986206 , 17.88917
107.37 , 48.4413986206 , 17.89517
107.41 , 48.4413986206 , 17.90133
107.44 , 48.4413986206 , 17.90733
107.48 , 48.4413986206 , 17.91350
107.52 , 48.5500106811 , 17.91934
107.55 , 48.4413986206 , 17.92550
107.59 , 48.6586227416 , 17.93150
107.63 , 48.6586227416 , 17.93767
107.66 , 48.5500106811 , 17.94384
107.70 , 48.6586227416 , 17.94983
107.74 , 48.5500106811 , 17.95600
107.77 , 48.5500106811 , 17.96183
107.81 , 48.6586227416 , 17.96800
107.84 , 48.6586227416 , 17.97400
107.88 , 48.6586227416 , 17.98017
107.92 , 48.6586227416 , 17.98617
107.95 , 48.6586227416 , 17.99234
107.99 , 48.6586227416 , 17.99833
108.03 , 48.6586227416 , 18.00433
108.06 , 48.7672348022 , 18.01050
108.10 , 48.6586227416 , 18.01650
108.14 , 48.6586227416 , 18.02267
108.17 , 48.7672348022 , 18.02867
108.21 , 48.7672348022 , 18.03483
108.24 , 48.7672348022 , 18.04067
108.28 , 48.7672348022 , 18.04683
108.32 , 48.7672348022 , 18.05283
108.35 , 48.8758506774 , 18.05900
108.39 , 48.7672348022 , 18.06500
108.43 , 48.8758506774 , 18.07117
108.46 , 48.8758506774 , 18.07733
108.50 , 48.9844627380 , 18.08317
108.54 , 48.8758506774 , 18.08934
108.57 , 48.8758506774 , 18.09533
108.61 , 48.8758506774 , 18.10150
108.64 , 48.8758506774 , 18.10750
108.68 , 48.9844627380 , 18.11367
108.72 , 48.9844627380 , 18.11967
108.75 , 48.9844627380 , 18.12567
108.79 , 48.9844627380 , 18.13167
108.83 , 48.9844627380 , 18.13784
108.86 , 49.0930747985 , 18.14400
108.90 , 49.0930747985 , 18.15000
108.94 , 49.0930747985 , 18.15617
108.97 , 49.0930747985 , 18.16217
109.01 , 49.0930747985 , 18.16817
109.04 , 49.0930747985 , 18.17417
109.08 , 49.0930747985 , 18.18033
109.12 , 49.0930747985 , 18.18633
109.15 , 49.2016868591 , 18.19250
109.19 , 49.2016868591 , 18.19867
109.23 , 49.2016868591 , 18.20467
109.26 , 49.2016868591 , 18.21067
109.30 , 49.2016868591 , 18.21667
109.34 , 49.3102989196 , 18.22283
109.37 , 49.2016868591 , 18.22883
109.41 , 49.3102989196 , 18.23500
109.45 , 49.3102989196 , 18.24100
109.48 , 49.3102989196 , 18.24717
109.52 , 49.3102989196 , 18.25300
109.55 , 49.3102989196 , 18.25917
109.59 , 49.3102989196 , 18.26534
109.63 , 49.3102989196 , 18.27133
109.66 , 49.4189147949 , 18.27750
109.70 , 49.3102989196 , 18.28350
109.74 , 49.5275268554 , 18.28950
109.77 , 49.4189147949 , 18.29550
109.81 , 49.4189147949 , 18.30167
109.85 , 49.4189147949 , 18.30767
109.88 , 49.4189147949 , 18.31384
109.92 , 49.4189147949 , 18.31983
109.96 , 49.5275268554 , 18.32600
109.99 , 49.4189147949 , 18.33200
110.03 , 49.5275268554 , 18.33800
110.06 , 49.5275268554 , 18.34417
110.10 , 49.5275268554 , 18.35017
110.14 , 49.5275268554 , 18.35634
110.17 , 49.6361389160 , 18.36234
110.21 , 49.5275268554 , 18.36850
110.25 , 49.6361389160 , 18.37434
110.28 , 49.6361389160 , 18.38050
110.32 , 49.6361389160 , 18.38650
110.36 , 49.6361389160 , 18.39267
110.39 , 49.6361389160 , 18.39883
110.43 , 49.6361389160 , 18.40484
110.47 , 49.6361389160 , 18.41100
110.50 , 49.6361389160 , 18.41683
110.54 , 49.7447509765 , 18.42300
110.57 , 49.7447509765 , 18.42900
110.61 , 49.8533668518 , 18.43517
110.65 , 49.7447509765 , 18.44117
110.68 , 49.8533668518 , 18.44734
110.72 , 49.7447509765 , 18.45334
110.76 , 49.7447509765 , 18.45933
110.79 , 49.7447509765 , 18.46550
110.83 , 49.8533668518 , 18.47150
110.87 , 49.8533668518 , 18.47767
110.90 , 49.8533668518 , 18.48367
110.94 , 49.8533668518 , 18.48983
110.97 , 49.8533668518 , 18.49567
111.01 , 49.8533668518 , 18.50184
111.05 , 49.8533668518 , 18.50783
111.08 , 49.9619789123 , 18.51400
111.12 , 49.9619789123 , 18.52000
111.16 , 49.9619789123 , 18.52617
111.19 , 49.8533668518 , 18.53233
111.23 , 49.9619789123 , 18.53817
111.27 , 49.9619789123 , 18.54434
111.30 , 49.9619789123 , 18.55034
111.34 , 50.0705909729 , 18.55650
111.37 , 50.0705909729 , 18.56250
111.41 , 50.0705909729 , 18.56867
111.45 , 50.0705909729 , 18.57467
111.48 , 50.1792144775 , 18.58067
111.52 , 50.0705909729 , 18.58683
111.56 , 50.0705909729 , 18.59284
111.59 , 50.1792144775 , 18.59900
111.63 , 50.1792144775 , 18.60500
111.67 , 50.1792144775 , 18.61117
111.70 , 50.1792144775 , 18.61717
111.74 , 50.1792144775 , 18.62317
111.77 , 50.2878265380 , 18.62917
111.81 , 50.1792144775 , 18.63533
111.85 , 50.2878265380 , 18.64134
111.88 , 50.2878265380 , 18.64750
111.92 , 50.2878265380 , 18.65367
111.96 , 50.2878265380 , 18.65967
111.99 , 50.3964385986 , 18.66567
112.03 , 50.3964385986 , 18.67167
112.07 , 50.2878265380 , 18.67783
112.10 , 50.2878265380 , 18.68383
112.14 , 50.2878265380 , 18.69000
112.18 , 50.2878265380 , 18.69600
112.21 , 50.2878265380 , 18.70200
112.25 , 50.2878265380 , 18.70800
112.29 , 50.3964385986 , 18.71417
112.32 , 50.3964385986 , 18.72033
112.36 , 50.3964385986 , 18.72633
112.39 , 50.3964385986 , 18.73250
112.43 , 50.3964385986 , 18.73850
112.47 , 50.3964385986 , 18.74450
112.50 , 50.5050544738 , 18.75050
112.54 , 50.5050544738 , 18.75667
112.58 , 50.5050544738 , 18.76267
112.61 , 50.5050544738 , 18.76883
112.65 , 50.5050544738 , 18.77483
112.69 , 50.5050544738 , 18.78100
112.72 , 50.5050544738 , 18.78700
112.76 , 50.6136665344 , 18.79300
112.79 , 50.5050544738 , 18.79917
112.83 , 50.6136665344 , 18.80517
112.87 , 50.6136665344 , 18.81133
112.90 , 50.7222785949 , 18.81733
112.94 , 50.6136665344 , 18.82350
112.98 , 50.6136665344 , 18.82933
113.01 , 50.7222785949 , 18.83550
113.05 , 50.6136665344 , 18.84150
113.09 , 50.6136665344 , 18.84767
113.12 , 50.6136665344 , 18.85383
113.16 , 50.7222785949 , 18.85983
113.20 , 50.6136665344 , 18.86600
113.23 , 50.7222785949 , 18.87183
113.27 , 50.7222785949 , 18.87800
113.30 , 50.7222785949 , 18.88400
113.34 , 50.7222785949 , 18.89017
113.38 , 50.7222785949 , 18.89617
113.41 , 50.8308906555 , 18.90233
113.45 , 50.7222785949 , 18.90817
113.49 , 50.8308906555 , 18.91433
113.52 , 50.8308906555 , 18.92050
113.56 , 50.9395065307 , 18.92650
113.60 , 50.8308906555 , 18.93267
113.63 , 50.8308906555 , 18.93867
113.67 , 50.9395065307 , 18.94483
113.70 , 50.8308906555 , 18.95067
113.74 , 50.9395065307 , 18.95683
113.78 , 50.9395065307 , 18.96283
113.81 , 50.9395065307 , 18.96900
113.85 , 50.9395065307 , 18.97517
113.89 , 51.0481185913 , 18.98117
113.92 , 50.9395065307 , 18.98734
113.96 , 50.9395065307 , 18.99317
114.00 , 50.9395065307 , 18.99934
114.03 , 50.9395065307 , 19.00533
114.07 , 51.1567306518 , 19.01150
114.11 , 51.0481185913 , 19.01750
114.14 , 51.0481185913 , 19.02367
114.18 , 51.1567306518 , 19.02967
114.21 , 51.0481185913 , 19.03567
114.25 , 51.1567306518 , 19.04183
114.29 , 51.1567306518 , 19.04784
114.32 , 51.0481185913 , 19.05400
114.36 , 51.1567306518 , 19.06000
114.40 , 51.1567306518 , 19.06617
114.43 , 51.1567306518 , 19.07217
114.47 , 51.2653427124 , 19.07817
114.50 , 51.1567306518 , 19.08417
114.54 , 51.1567306518 , 19.09033
114.58 , 51.2653427124 , 19.09634
114.61 , 51.2653427124 , 19.10250
114.65 , 51.2653427124 , 19.10867
114.69 , 51.3739547729 , 19.11467
114.72 , 51.3739547729 , 19.12067
114.76 , 51.2653427124 , 19.12667
114.80 , 51.3739547729 , 19.13283
114.83 , 51.2653427124 , 19.13883
114.87 , 51.2653427124 , 19.14500
114.91 , 51.3739547729 , 19.15100
114.94 , 51.2653427124 , 19.15700
114.98 , 51.3739547729 , 19.16300
115.01 , 51.3739547729 , 19.16917
115.05 , 51.2653427124 , 19.17534
115.09 , 51.3739547729 , 19.18133
115.12 , 51.3739547729 , 19.18750
115.16 , 51.4825706481 , 19.19350
115.20 , 51.4825706481 , 19.19950
115.23 , 51.3739547729 , 19.20550
115.27 , 51.4825706481 , 19.21167
115.31 , 51.4825706481 , 19.21767
115.34 , 51.4825706481 , 19.22384
115.38 , 51.4825706481 , 19.22983
115.42 , 51.4825706481 , 19.23600
115.45 , 51.4825706481 , 19.24200
115.49 , 51.5911827087 , 19.24800
115.52 , 51.5911827087 , 19.25417
115.56 , 51.4825706481 , 19.26017
115.60 , 51.5911827087 , 19.26634
115.63 , 51.5911827087 , 19.27234
115.67 , 51.5911827087 , 19.27850
115.71 , 51.5911827087 , 19.28433
115.74 , 51.6997947692 , 19.29050
115.78 , 51.5911827087 , 19.29650
115.82 , 51.6997947692 , 19.30267
115.85 , 51.6997947692 , 19.30883
115.89 , 51.6997947692 , 19.31484
115.93 , 51.6997947692 , 19.32100
115.96 , 51.8084068298 , 19.32683
116.00 , 51.6997947692 , 19.33300
116.03 , 51.8084068298 , 19.33900
116.07 , 51.8084068298 , 19.34517
116.11 , 51.8084068298 , 19.35117
116.14 , 51.6997947692 , 19.35733
116.18 , 51.8084068298 , 19.36334
116.22 , 51.8084068298 , 19.36934
116.25 , 51.8084068298 , 19.37550
116.29 , 51.8084068298 , 19.38150
116.33 , 51.8084068298 , 19.38767
116.36 , 51.9170227050 , 19.39367
116.40 , 51.9170227050 , 19.39983
116.43 , 51.9170227050 , 19.40567
116.47 , 52.0256347656 , 19.41184
116.51 , 51.9170227050 , 19.41784
116.54 , 52.0256347656 , 19.42400
116.58 , 51.9170227050 , 19.43017
116.62 , 52.0256347656 , 19.43617
116.65 , 52.0256347656 , 19.44233
116.69 , 52.1342468261 , 19.44817
116.73 , 52.0256347656 , 19.45433
116.76 , 52.0256347656 , 19.46034
116.80 , 52.1342468261 , 19.46650
116.83 , 52.0256347656 , 19.47250
116.87 , 52.0256347656 , 19.47867
116.91 , 52.0256347656 , 19.48467
116.94 , 52.1342468261 , 19.49067
116.98 , 52.1342468261 , 19.49683
117.02 , 52.1342468261 , 19.50284
117.05 , 52.1342468261 , 19.50900
117.09 , 52.1342468261 , 19.51500
117.13 , 52.1342468261 , 19.52117
117.16 , 52.2428588867 , 19.52717
117.20 , 52.2428588867 , 19.53317
117.23 , 52.2428588867 , 19.53917
117.27 , 52.1342468261 , 19.54533
117.31 , 52.2428588867 , 19.55134
117.34 , 52.2428588867 , 19.55750
117.38 , 52.2428588867 , 19.56367
117.42 , 52.2428588867 , 19.56950
117.45 , 52.2428588867 , 19.57567
117.49 , 52.2428588867 , 19.58167
117.53 , 52.3514709472 , 19.58783
117.56 , 52.2428588867 , 19.59383
117.60 , 52.3514709472 , 19.60000
117.64 , 52.3514709472 , 19.60600
117.67 , 52.3514709472 , 19.61200
117.71 , 52.3514709472 , 19.61800
117.75 , 52.4600868225 , 19.62417
117.78 , 52.3514709472 , 19.63033
117.82 , 52.3514709472 , 19.63633
117.86 , 52.4600868225 , 19.64250
117.89 , 52.4600868225 , 19.64850
117.93 , 52.4600868225 , 19.65450
117.96 , 52.4600868225 , 19.66050
118.00 , 52.4600868225 , 19.66667
118.04 , 52.4600868225 , 19.67267
118.07 , 52.5686988830 , 19.67883
118.11 , 52.4600868225 , 19.68483
118.15 , 52.5686988830 , 19.69100
118.18 , 52.5686988830 , 19.69700
118.22 , 52.5686988830 , 19.70300
118.25 , 52.5686988830 , 19.70917
118.29 , 52.5686988830 , 19.71517
118.33 , 52.5686988830 , 19.72134
118.36 , 52.5686988830 , 19.72733
118.40 , 52.6773109436 , 19.73350
118.44 , 52.6773109436 , 19.73933
118.47 , 52.6773109436 , 19.74550
118.51 , 52.5686988830 , 19.75167
118.55 , 52.6773109436 , 19.75767
118.58 , 52.6773109436 , 19.76383
118.62 , 52.6773109436 , 19.76984
118.66 , 52.7859230041 , 19.77600
118.69 , 52.7859230041 , 19.78183
118.73 , 52.6773109436 , 19.78800
118.76 , 52.6773109436 , 19.79400
118.80 , 52.8945388793 , 19.80017
118.84 , 52.7859230041 , 19.80617
118.87 , 52.7859230041 , 19.81233
118.91 , 52.7859230041 , 19.81834
118.95 , 52.7859230041 , 19.82433
118.98 , 52.8945388793 , 19.83050
119.02 , 52.8945388793 , 19.83650
119.06 , 52.8945388793 , 19.84267
119.09 , 52.8945388793 , 19.84867
119.13 , 52.8945388793 , 19.85483
119.16 , 52.8945388793 , 19.86067
119.20 , 53.0031509399 , 19.86683
119.24 , 52.8945388793 , 19.87283
119.27 , 53.0031509399 , 19.87900
119.31 , 52.8945388793 , 19.88517
119.35 , 53.0031509399 , 19.89117
119.38 , 53.0031509399 , 19.89734
119.42 , 53.0031509399 , 19.90317
119.46 , 53.0031509399 , 19.90933
119.49 , 53.0031509399 , 19.91533
119.53 , 53.1117630004 , 19.92150
119.56 , 53.1117630004 , 19.92750
119.60 , 53.0031509399 , 19.93367
119.64 , 53.0031509399 , 19.93967
119.67 , 53.1117630004 , 19.94567
119.71 , 53.0031509399 , 19.95183
119.75 , 53.1117630004 , 19.95783
119.78 , 53.0031509399 , 19.96400
119.82 , 53.1117630004 , 19.97000
119.86 , 53.1117630004 , 19.97617
119.89 , 53.1117630004 , 19.98200
119.93 , 53.2203750610 , 19.98817
119.96 , 53.1117630004 , 19.99417
120.00 , 53.2203750610 , 20.00033
120.04 , 53.2203750610 , 20.00634
120.07 , 53.2203750610 , 20.01250
120.11 , 53.2203750610 , 20.01867
120.15 , 53.2203750610 , 20.02450
120.18 , 53.3289871215 , 20.03067
120.22 , 53.3289871215 , 20.03667
120.26 , 53.3289871215 , 20.04284
120.29 , 53.3289871215 , 20.04883
120.33 , 53.2203750610 , 20.05500
120.37 , 53.3289871215 , 20.06100
120.40 , 53.3289871215 , 20.06700
120.44 , 53.3289871215 , 20.07300
120.47 , 53.3289871215 , 20.07917
120.51 , 53.3289871215 , 20.08534
120.55 , 53.4376029968 , 20.09133
120.58 , 53.4376029968 , 20.09750
120.62 , 53.4376029968 , 20.10350
120.66 , 53.3289871215 , 20.10950
120.69 , 53.4376029968 , 20.11550
120.73 , 53.4376029968 , 20.12167
120.77 , 53.4376029968 , 20.12767
120.80 , 53.5462150573 , 20.13384
120.84 , 53.5462150573 , 20.14000
120.88 , 53.5462150573 , 20.14600
120.91 , 53.4376029968 , 20.15200
120.95 , 53.5462150573 , 20.15800
120.98 , 53.5462150573 , 20.16417
121.02 , 53.5462150573 , 20.17017
121.06 , 53.6548271179 , 20.17634
121.09 , 53.6548271179 , 20.18234
121.13 , 53.5462150573 , 20.18850
121.17 , 53.5462150573 , 20.19433
121.20 , 53.6548271179 , 20.20050
121.24 , 53.6548271179 , 20.20667
121.28 , 53.6548271179 , 20.21267
121.31 , 53.7634391784 , 20.21883
121.35 , 53.6548271179 , 20.22484
121.38 , 53.7634391784 , 20.23084
121.42 , 53.7634391784 , 20.23683
121.46 , 53.7634391784 , 20.24300
121.49 , 53.7634391784 , 20.24900
121.53 , 53.7634391784 , 20.25517
121.57 , 53.7634391784 , 20.26117
121.60 , 53.7634391784 , 20.26733
121.64 , 53.8720550537 , 20.27334
121.68 , 53.8720550537 , 20.27934
121.71 , 53.7634391784 , 20.28550
121.75 , 53.8720550537 , 20.29150
121.79 , 53.8720550537 , 20.29767
121.82 , 53.8720550537 , 20.30367
121.86 , 53.8720550537 , 20.30983
121.89 , 53.8720550537 , 20.31567
121.93 , 53.8720550537 , 20.32184
121.97 , 53.9806671142 , 20.32784
122.00 , 53.8720550537 , 20.33400
122.04 , 53.9806671142 , 20.34017
122.08 , 53.9806671142 , 20.34617
122.11 , 53.8720550537 , 20.35233
122.15 , 53.9806671142 , 20.35817
122.19 , 53.9806671142 , 20.36433
122.22 , 53.9806671142 , 20.37034
122.26 , 53.9806671142 , 20.37650
122.29 , 53.9806671142 , 20.38250
122.33 , 54.0892791748 , 20.38867
122.37 , 53.9806671142 , 20.39467
122.40 , 53.9806671142 , 20.40067
122.44 , 54.0892791748 , 20.40683
122.48 , 54.0892791748 , 20.41283
122.51 , 54.0892791748 , 20.41900
122.55 , 54.0892791748 , 20.42500
122.59 , 54.1978912353 , 20.43117
122.62 , 54.0892791748 , 20.43700
122.66 , 54.1978912353 , 20.44317
122.69 , 54.0892791748 , 20.44917
122.73 , 54.0892791748 , 20.45533
122.77 , 54.0892791748 , 20.46133
122.80 , 54.1978912353 , 20.46750
122.84 , 54.1978912353 , 20.47367
122.88 , 54.1978912353 , 20.47950
122.91 , 54.1978912353 , 20.48567
122.95 , 54.1978912353 , 20.49167
122.99 , 54.3065032958 , 20.49783
123.02 , 54.1978912353 , 20.50383
123.06 , 54.1978912353 , 20.51000
123.10 , 54.3065032958 , 20.51600
123.13 , 54.3065032958 , 20.52200
123.17 , 54.3065032958 , 20.52817
123.20 , 54.3065032958 , 20.53417
123.24 , 54.3065032958 , 20.54033
123.28 , 54.3065032958 , 20.54633
123.31 , 54.3065032958 , 20.55250
123.35 , 54.4151191711 , 20.55850
123.39 , 54.4151191711 , 20.56450
123.42 , 54.4151191711 , 20.57050
123.46 , 54.4151191711 , 20.57667
123.50 , 54.4151191711 , 20.58267
123.53 , 54.4151191711 , 20.58883
123.57 , 54.4151191711 , 20.59500
123.61 , 54.5237312316 , 20.60100
123.64 , 54.5237312316 , 20.60700
123.68 , 54.5237312316 , 20.61300
123.71 , 54.4151191711 , 20.61917
123.75 , 54.5237312316 , 20.62517
123.79 , 54.5237312316 , 20.63134
123.82 , 54.6323432922 , 20.63733
123.86 , 54.6323432922 , 20.64333
123.90 , 54.5237312316 , 20.64933
123.93 , 54.5237312316 , 20.65550
123.97 , 54.6323432922 , 20.66167
124.01 , 54.6323432922 , 20.66767
124.04 , 54.6323432922 , 20.67383
124.08 , 54.6323432922 , 20.67984
124.11 , 54.6323432922 , 20.68583
124.15 , 54.6323432922 , 20.69183
124.19 , 54.6323432922 , 20.69800
124.22 , 54.7409553527 , 20.70400
124.26 , 54.7409553527 , 20.71017
124.30 , 54.7409553527 , 20.71617
124.33 , 54.7409553527 , 20.72233
124.37 , 54.7409553527 , 20.72834
124.41 , 54.6323432922 , 20.73433
124.44 , 54.7409553527 , 20.74050
124.48 , 54.7409553527 , 20.74650
124.52 , 54.8495712280 , 20.75267
124.55 , 54.8495712280 , 20.75867
124.59 , 54.7409553527 , 20.76483
124.62 , 54.7409553527 , 20.77067
124.66 , 54.8495712280 , 20.77684
124.70 , 54.8495712280 , 20.78283
124.73 , 54.8495712280 , 20.78900
124.77 , 54.8495712280 , 20.79517
124.81 , 54.8495712280 , 20.80117
124.84 , 54.8495712280 , 20.80734
124.88 , 54.8495712280 , 20.81317
124.92 , 54.8495712280 , 20.81933
124.95 , 54.8495712280 , 20.82534
124.99 , 54.8495712280 , 20.83150
125.02 , 54.9581832885 , 20.83750
125.06 , 54.9581832885 , 20.84367
125.10 , 54.9581832885 , 20.84950
125.13 , 54.9581832885 , 20.85567
125.17 , 54.9581832885 , 20.86183
125.21 , 55.0667953491 , 20.86783
125.24 , 55.0667953491 , 20.87400
125.28 , 55.0667953491 , 20.88000
125.32 , 55.0667953491 , 20.88617
125.35 , 55.0667953491 , 20.89200
125.39 , 55.0667953491 , 20.89817
125.43 , 55.0667953491 , 20.90417
125.46 , 55.0667953491 , 20.91033
125.50 , 55.0667953491 , 20.91650
125.54 , 55.0667953491 , 20.92250
125.57 , 55.0667953491 , 20.92867
125.61 , 55.1754074096 , 20.93450
125.64 , 55.1754074096 , 20.94067
125.68 , 55.1754074096 , 20.94667
125.72 , 55.1754074096 , 20.95284
125.75 , 55.2840194702 , 20.95883
125.79 , 55.1754074096 , 20.96500
125.83 , 55.2840194702 , 20.97100
125.86 , 55.1754074096 , 20.97700
125.90 , 55.1754074096 , 20.98317
125.93 , 55.2840194702 , 20.98917
125.97 , 55.2840194702 , 20.99534
126.01 , 55.3926353454 , 21.00134
126.04 , 55.2840194702 , 21.00750
126.08 , 55.2840194702 , 21.01350
126.12 , 55.3926353454 , 21.01950
126.15 , 55.2840194702 , 21.02550
126.19 , 55.3926353454 , 21.03167
126.23 , 55.2840194702 , 21.03767
126.26 , 55.3926353454 , 21.04384
126.30 , 55.3926353454 , 21.05000
126.34 , 55.3926353454 , 21.05600
126.37 , 55.3926353454 , 21.06200
126.41 , 55.5012474060 , 21.06800
126.44 , 55.5012474060 , 21.07417
126.48 , 55.3926353454 , 21.08017
126.52 , 55.5012474060 , 21.08633
126.55 , 55.5012474060 , 21.09234
126.59 , 55.5012474060 , 21.09833
126.63 , 55.5012474060 , 21.10433
126.66 , 55.3926353454 , 21.11050
126.70 , 55.5012474060 , 21.11667
126.74 , 55.6098594665 , 21.12267
126.77 , 55.5012474060 , 21.12883
126.81 , 55.6098594665 , 21.13484
126.84 , 55.6098594665 , 21.14084
126.88 , 55.6098594665 , 21.14683
126.92 , 55.6098594665 , 21.15300
126.95 , 55.6098594665 , 21.15900
126.99 , 55.6098594665 , 21.16517
127.03 , 55.6098594665 , 21.17117
127.06 , 55.6098594665 , 21.17733
127.10 , 55.6098594665 , 21.18334
127.14 , 55.6098594665 , 21.18934
127.17 , 55.7184715270 , 21.19550
127.21 , 55.7184715270 , 21.20150
127.25 , 55.7184715270 , 21.20767
127.28 , 55.7184715270 , 21.21367
127.32 , 55.7184715270 , 21.21983
127.35 , 55.7184715270 , 21.22567
127.39 , 55.7184715270 , 21.23184
127.43 , 55.7184715270 , 21.23784
127.46 , 55.7184715270 , 21.24400
127.50 , 55.7184715270 , 21.25017
127.54 , 55.7184715270 , 21.25617
127.57 , 55.7184715270 , 21.26233
127.61 , 55.8270874023 , 21.26817
127.65 , 55.8270874023 , 21.27433
127.68 , 55.8270874023 , 21.28034
127.72 , 55.8270874023 , 21.28650
127.75 , 55.8270874023 , 21.29250
127.79 , 55.8270874023 , 21.29867
127.83 , 55.9356994628 , 21.30467
127.86 , 55.9356994628 , 21.31067
127.90 , 55.8270874023 , 21.31683
127.94 , 55.9356994628 , 21.32283
127.97 , 55.9356994628 , 21.32900
128.01 , 55.9356994628 , 21.33500
128.05 , 55.9356994628 , 21.34117
128.08 , 55.9356994628 , 21.34700
128.12 , 55.9356994628 , 21.35317
128.16 , 56.0443115234 , 21.35917
128.19 , 56.0443115234 , 21.36533
128.23 , 56.0443115234 , 21.37150
128.27 , 56.0443115234 , 21.37750
128.30 , 56.0443115234 , 21.38367
128.34 , 56.0443115234 , 21.38950
128.37 , 56.1529235839 , 21.39567
128.41 , 56.0443115234 , 21.40167
128.45 , 56.1529235839 , 21.40784
128.48 , 56.0443115234 , 21.41383
128.52 , 56.1529235839 , 21.42000
128.56 , 56.1529235839 , 21.42600
128.59 , 56.1529235839 , 21.43200
128.63 , 56.1529235839 , 21.43817
128.66 , 56.1529235839 , 21.44417
128.70 , 56.1529235839 , 21.45033
128.74 , 56.2615356445 , 21.45634
128.77 , 56.2615356445 , 21.46250
128.81 , 56.2615356445 , 21.46850
128.85 , 56.2615356445 , 21.47450
128.88 , 56.2615356445 , 21.48050
128.92 , 56.2615356445 , 21.48667
128.96 , 56.2615356445 , 21.49267
128.99 , 56.2615356445 , 21.49883
129.03 , 56.3701515197 , 21.50500