0.80 , 0.0000000000 , 0.13367
0.83 , 0.1086129074 , 0.13917
0.87 , 0.0000000000 , 0.14450
0.90 , 0.1086129074 , 0.15000
0.93 , 0.1086129074 , 0.15517
0.96 , 0.1086129074 , 0.16067
1.00 , 0.1086129074 , 0.16600
1.03 , 0.2172258138 , 0.17133
1.06 , 0.1086129074 , 0.17667
1.09 , 0.1086129074 , 0.18200
1.12 , 0.1086129074 , 0.18750
1.16 , 0.1086129074 , 0.19283
1.19 , 0.2172258138 , 0.19817
1.22 , 0.2172258138 , 0.20350
1.25 , 0.3258400201 , 0.20900
1.29 , 0.2172258138 , 0.21433
1.32 , 0.2172258138 , 0.21967
1.35 , 0.2172258138 , 0.22500
1.38 , 0.2172258138 , 0.23050
1.41 , 0.3258400201 , 0.23583
1.45 , 0.2172258138 , 0.24117
1.48 , 0.3258400201 , 0.24650
1.51 , 0.3258400201 , 0.25200
1.54 , 0.4344529628 , 0.25733
1.58 , 0.3258400201 , 0.26267
1.61 , 0.4344529628 , 0.26800
1.64 , 0.5430658340 , 0.27350
1.67 , 0.5430658340 , 0.27883
1.71 , 0.4344529628 , 0.28417
1.74 , 0.4344529628 , 0.28950
1.77 , 0.5430658340 , 0.29500
1.80 , 0.6516787528 , 0.30033
1.84 , 0.5430658340 , 0.30583
1.87 , 0.5430658340 , 0.31100
1.90 , 0.5430658340 , 0.31650
1.93 , 0.5430658340 , 0.32183
1.96 , 0.6516787528 , 0.32733
2.00 , 0.6516787528 , 0.33250
2.03 , 0.7602916240 , 0.33800
2.06 , 0.7602916240 , 0.34333
2.09 , 0.7602916240 , 0.34867
2.12 , 0.7602916240 , 0.35400
2.16 , 0.7602916240 , 0.35933
2.19 , 0.8689044952 , 0.36483
2.22 , 0.8689044952 , 0.37017
2.25 , 0.9775175094 , 0.37550
2.29 , 1.1947432708 , 0.38083
2.32 , 1.4119690895 , 0.38633
2.35 , 2.2808735370 , 0.39167
2.38 , 2.6067123413 , 0.39700
2.41 , 2.6067123413 , 0.40233
2.45 , 2.8239381790 , 0.40783
2.48 , 3.2583911418 , 0.41317
2.51 , 3.2583911418 , 0.41850
2.54 , 3.0411639213 , 0.42383
2.58 , 3.4756169319 , 0.42933
2.61 , 3.6928427219 , 0.43467
2.64 , 3.6928427219 , 0.44000
2.67 , 3.8014554977 , 0.44533
2.71 , 4.0186815261 , 0.45083
2.74 , 1.8464220046 , 0.45617
2.77 , 1.4119690895 , 0.46150
2.80 , 1.5205819606 , 0.46683
2.83 , 1.6291948318 , 0.47233
2.87 , 1.6291948318 , 0.47767
2.90 , 1.6291948318 , 0.48300
2.93 , 1.7378090858 , 0.48833
2.96 , 1.7378090858 , 0.49383
3.00 , 1.8464220046 , 0.49917
3.03 , 1.7378090858 , 0.50450
3.06 , 1.7378090858 , 0.50983
3.09 , 1.8464220046 , 0.51517
3.12 , 1.7378090858 , 0.52067
3.16 , 1.6291948318 , 0.52583
3.19 , 1.7378090858 , 0.53133
3.22 , 1.7378090858 , 0.53667
3.25 , 1.9550350189 , 0.54217
3.28 , 1.9550350189 , 0.54733
3.32 , 1.8464220046 , 0.55283
3.35 , 1.4119690895 , 0.55817
3.38 , 1.6291948318 , 0.56367
3.41 , 1.9550350189 , 0.56900
3.45 , 1.9550350189 , 0.57433
3.48 , 2.0636477470 , 0.57967
3.51 , 2.0636477470 , 0.58517
3.54 , 2.0636477470 , 0.59050
3.58 , 2.1722607612 , 0.59583
3.61 , 2.1722607612 , 0.60117
3.64 , 2.1722607612 , 0.60667
3.67 , 2.1722607612 , 0.61200
3.70 , 2.2808735370 , 0.61733
3.74 , 2.1722607612 , 0.62267
3.77 , 2.3894865512 , 0.62817
3.80 , 2.3894865512 , 0.63350
3.83 , 2.4980993270 , 0.63883
3.87 , 1.8464220046 , 0.64417
3.90 , 1.8464220046 , 0.64967
3.93 , 1.7378090858 , 0.65500
3.96 , 1.7378090858 , 0.66033
3.99 , 1.6291948318 , 0.66567
4.03 , 1.6291948318 , 0.67117
4.06 , 1.6291948318 , 0.67650
4.09 , 1.7378090858 , 0.68183
4.12 , 1.7378090858 , 0.68717
4.16 , 1.7378090858 , 0.69250
4.19 , 1.8464220046 , 0.69800
4.22 , 1.7378090858 , 0.70317
4.25 , 1.8464220046 , 0.70867
4.28 , 1.9550350189 , 0.71400
4.32 , 1.9550350189 , 0.71950
4.35 , 1.8464220046 , 0.72467
4.38 , 1.9550350189 , 0.73017
4.41 , 2.0636477470 , 0.73550
4.45 , 2.0636477470 , 0.74100
4.48 , 2.0636477470 , 0.74617
4.51 , 2.0636477470 , 0.75167
4.54 , 2.1722607612 , 0.75700
4.57 , 2.1722607612 , 0.76250
4.61 , 2.1722607612 , 0.76767
4.64 , 2.2808735370 , 0.77317
4.67 , 2.1722607612 , 0.77850
4.70 , 2.1722607612 , 0.78400
4.74 , 2.2808735370 , 0.78933
4.77 , 2.2808735370 , 0.79467
4.80 , 2.3894865512 , 0.80000
4.83 , 2.4980993270 , 0.80550
4.86 , 2.4980993270 , 0.81083
4.90 , 2.4980993270 , 0.81617
4.93 , 2.6067123413 , 0.82150
4.96 , 2.2808735370 , 0.82700
4.99 , 2.1722607612 , 0.83233
5.03 , 2.1722607612 , 0.83767
5.06 , 2.1722607612 , 0.84300
5.09 , 1.9550350189 , 0.84850
5.12 , 1.9550350189 , 0.85383
5.15 , 1.9550350189 , 0.85900
5.19 , 1.8464220046 , 0.86450
5.22 , 1.9550350189 , 0.86983
5.25 , 1.9550350189 , 0.87533
5.28 , 1.9550350189 , 0.88050
5.32 , 1.8464220046 , 0.88600
5.35 , 1.9550350189 , 0.89133
5.38 , 1.9550350189 , 0.89683
5.41 , 1.9550350189 , 0.90200
5.45 , 1.8464220046 , 0.90750
5.48 , 1.9550350189 , 0.91283
5.51 , 1.8464220046 , 0.91833
5.54 , 1.9550350189 , 0.92350
5.57 , 1.9550350189 , 0.92900
5.61 , 2.0636477470 , 0.93433
5.64 , 2.0636477470 , 0.93983
5.67 , 2.0636477470 , 0.94500
5.70 , 2.0636477470 , 0.95050
5.74 , 2.0636477470 , 0.95583
5.77 , 2.0636477470 , 0.96133
5.80 , 2.1722607612 , 0.96650
5.83 , 2.1722607612 , 0.97200
5.86 , 2.1722607612 , 0.97733
5.90 , 2.1722607612 , 0.98283
5.93 , 2.2808735370 , 0.98800
5.96 , 2.1722607612 , 0.99350
5.99 , 2.2808735370 , 0.99883
6.03 , 2.3894865512 , 1.00433
6.06 , 2.2808735370 , 1.00950
6.09 , 2.2808735370 , 1.01500
6.12 , 2.2808735370 , 1.02033
6.16 , 2.3894865512 , 1.02583
6.19 , 2.3894865512 , 1.03117
6.22 , 2.3894865512 , 1.03633
6.25 , 2.3894865512 , 1.04183
6.28 , 2.3894865512 , 1.04717
6.32 , 2.3894865512 , 1.05267
6.35 , 2.4980993270 , 1.05783
6.38 , 2.3894865512 , 1.06333
6.41 , 2.4980993270 , 1.06867
6.45 , 2.4980993270 , 1.07417
6.48 , 2.4980993270 , 1.07933
6.51 , 2.6067123413 , 1.08483
6.54 , 2.6067123413 , 1.09017
6.57 , 2.6067123413 , 1.09567
6.61 , 2.6067123413 , 1.10083
6.64 , 2.6067123413 , 1.10633
6.67 , 2.6067123413 , 1.11167
6.70 , 2.6067123413 , 1.11717
6.73 , 2.6067123413 , 1.12233
6.77 , 2.6067123413 , 1.12783
6.80 , 2.7153253555 , 1.13317
6.83 , 2.6067123413 , 1.13867
6.86 , 2.6067123413 , 1.14383
6.90 , 2.7153253555 , 1.14933
6.93 , 2.7153253555 , 1.15467
6.96 , 2.7153253555 , 1.16017
6.99 , 2.7153253555 , 1.16533
7.03 , 2.7153253555 , 1.17083
7.06 , 2.7153253555 , 1.17617
7.09 , 2.7153253555 , 1.18167
7.12 , 2.7153253555 , 1.18683
7.15 , 2.8239381790 , 1.19233
7.19 , 2.8239381790 , 1.19767
7.22 , 2.8239381790 , 1.20300
7.25 , 2.8239381790 , 1.20833
7.28 , 2.8239381790 , 1.21367
7.32 , 2.8239381790 , 1.21917
7.35 , 2.9325511932 , 1.22450
7.38 , 2.8239381790 , 1.22983
7.41 , 2.9325511932 , 1.23517
7.44 , 2.9325511932 , 1.24067
7.48 , 2.8239381790 , 1.24600
7.51 , 2.9325511932 , 1.25133
7.54 , 2.9325511932 , 1.25667
7.57 , 2.9325511932 , 1.26217
7.61 , 2.9325511932 , 1.26750
7.64 , 3.0411639213 , 1.27300
7.67 , 3.0411639213 , 1.27817
7.70 , 3.1497781276 , 1.28367
7.73 , 3.0411639213 , 1.28900
7.77 , 3.0411639213 , 1.29450
7.80 , 3.0411639213 , 1.29967
7.83 , 3.0411639213 , 1.30517
7.86 , 3.0411639213 , 1.31050
7.90 , 3.1497781276 , 1.31600
7.93 , 3.1497781276 , 1.32117
7.96 , 3.1497781276 , 1.32667
7.99 , 3.1497781276 , 1.33200
8.02 , 3.2583911418 , 1.33750
8.06 , 3.2583911418 , 1.34267
8.09 , 3.3670039176 , 1.34817
8.12 , 3.2583911418 , 1.35350
8.15 , 3.2583911418 , 1.35900
8.19 , 3.2583911418 , 1.36417
8.22 , 3.3670039176 , 1.36967
8.25 , 3.3670039176 , 1.37500
8.28 , 3.3670039176 , 1.38033
8.31 , 3.4756169319 , 1.38567
8.35 , 3.3670039176 , 1.39100
8.38 , 3.4756169319 , 1.39650
8.41 , 3.4756169319 , 1.40183
8.44 , 3.4756169319 , 1.40717
8.48 , 3.3670039176 , 1.41250
8.51 , 3.4756169319 , 1.41800
8.54 , 3.4756169319 , 1.42333
8.57 , 3.5842297077 , 1.42867
8.60 , 3.5842297077 , 1.43400
8.64 , 3.5842297077 , 1.43950
8.67 , 3.5842297077 , 1.44483
8.70 , 3.5842297077 , 1.45017
8.73 , 3.5842297077 , 1.45550
8.77 , 3.5842297077 , 1.46100
8.80 , 3.6928427219 , 1.46633
8.83 , 3.6928427219 , 1.47167
8.86 , 3.6928427219 , 1.47700
8.90 , 3.8014554977 , 1.48250
8.93 , 3.8014554977 , 1.48783
8.96 , 3.8014554977 , 1.49333
8.99 , 3.8014554977 , 1.49850
9.02 , 3.9100685119 , 1.50400
9.06 , 3.8014554977 , 1.50933
9.09 , 3.8014554977 , 1.51483
9.12 , 3.8014554977 , 1.52000
9.15 , 3.9100685119 , 1.52550
9.19 , 3.9100685119 , 1.53083
9.22 , 3.9100685119 , 1.53633
9.25 , 3.8014554977 , 1.54150
9.28 , 3.9100685119 , 1.54683
9.31 , 4.0186815261 , 1.55233
9.35 , 4.0186815261 , 1.55767
9.38 , 4.0186815261 , 1.56300
9.41 , 4.0186815261 , 1.56833
9.44 , 4.1272945404 , 1.57383
9.48 , 4.1272945404 , 1.57917
9.51 , 4.1272945404 , 1.58450
9.54 , 4.1272945404 , 1.58983
9.57 , 3.9100685119 , 1.59533
9.60 , 4.1272945404 , 1.60067
9.64 , 4.0186815261 , 1.60600
9.67 , 3.3670039176 , 1.61133
9.70 , 3.0411639213 , 1.61683
9.73 , 3.0411639213 , 1.62217
9.77 , 3.0411639213 , 1.62750
9.80 , 3.0411639213 , 1.63283
9.83 , 3.0411639213 , 1.63833
9.86 , 3.1497781276 , 1.64367
9.89 , 3.0411639213 , 1.64900
9.93 , 3.1497781276 , 1.65433
9.96 , 3.1497781276 , 1.65983
9.99 , 3.1497781276 , 1.66517
10.02 , 3.1497781276 , 1.67050
10.06 , 3.1497781276 , 1.67600
10.09 , 3.1497781276 , 1.68167
10.12 , 3.1497781276 , 1.68717
10.16 , 3.1497781276 , 1.69283
10.19 , 3.2583911418 , 1.69817
10.22 , 3.2583911418 , 1.70383
10.26 , 3.2583911418 , 1.70933
10.29 , 3.2583911418 , 1.71500
10.32 , 3.2583911418 , 1.72033
10.36 , 3.2583911418 , 1.72600
10.39 , 3.2583911418 , 1.73150
10.42 , 3.2583911418 , 1.73717
10.46 , 3.2583911418 , 1.74267
10.49 , 3.3670039176 , 1.74817
10.52 , 3.3670039176 , 1.75367
10.56 , 3.3670039176 , 1.75933
10.59 , 3.4756169319 , 1.76483
10.62 , 3.3670039176 , 1.77033
10.65 , 3.3670039176 , 1.77583
10.69 , 3.3670039176 , 1.78150
10.72 , 3.4756169319 , 1.78700
10.76 , 3.4756169319 , 1.79267
10.79 , 3.4756169319 , 1.79800
10.82 , 3.4756169319 , 1.80367
10.85 , 3.4756169319 , 1.80917
10.89 , 3.5842297077 , 1.81483
10.92 , 3.5842297077 , 1.82017
10.96 , 3.5842297077 , 1.82583
10.99 , 3.5842297077 , 1.83133
11.02 , 3.5842297077 , 1.83700
11.06 , 3.6928427219 , 1.84250
11.09 , 3.6928427219 , 1.84800
11.12 , 3.6928427219 , 1.85350
11.15 , 3.6928427219 , 1.85917
11.19 , 3.8014554977 , 1.86467
11.22 , 3.6928427219 , 1.87033
11.25 , 3.6928427219 , 1.87567
11.29 , 3.8014554977 , 1.88133
11.32 , 3.8014554977 , 1.88683
11.35 , 3.8014554977 , 1.89250
11.39 , 3.8014554977 , 1.89783
11.42 , 3.9100685119 , 1.90350
11.45 , 3.8014554977 , 1.90900
11.49 , 3.9100685119 , 1.91467
11.52 , 3.9100685119 , 1.92017
11.55 , 3.9100685119 , 1.92567
11.59 , 3.9100685119 , 1.93117
11.62 , 3.9100685119 , 1.93683
11.65 , 3.9100685119 , 1.94233
11.69 , 3.9100685119 , 1.94783
11.72 , 3.9100685119 , 1.95333
11.75 , 3.9100685119 , 1.95900
11.79 , 3.9100685119 , 1.96450
11.82 , 4.0186815261 , 1.97017
11.85 , 4.0186815261 , 1.97550
11.89 , 4.0186815261 , 1.98117
11.92 , 4.0186815261 , 1.98667
11.95 , 3.9100685119 , 1.99233
11.99 , 4.1272945404 , 1.99767
12.02 , 4.0186815261 , 2.00333
12.05 , 4.0186815261 , 2.00883
12.09 , 4.0186815261 , 2.01450
12.12 , 4.1272945404 , 2.02000
12.15 , 4.1272945404 , 2.02550
12.19 , 4.1272945404 , 2.03100
12.22 , 4.1272945404 , 2.03667
12.25 , 4.1272945404 , 2.04217
12.29 , 4.1272945404 , 2.04767
12.32 , 4.1272945404 , 2.05317
12.35 , 4.1272945404 , 2.05883
12.39 , 4.1272945404 , 2.06433
12.42 , 4.2359070777 , 2.07000
12.45 , 4.2359070777 , 2.07533
12.49 , 4.2359070777 , 2.08100
12.52 , 4.2359070777 , 2.08650
12.55 , 4.2359070777 , 2.09217
12.59 , 4.2359070777 , 2.09750
12.62 , 4.3445200920 , 2.10317
12.65 , 4.3445200920 , 2.10867
12.69 , 4.3445200920 , 2.11433
12.72 , 4.3445200920 , 2.11983
12.75 , 4.4531331062 , 2.12533
12.78 , 4.3445200920 , 2.13083
12.82 , 4.4531331062 , 2.13650
12.85 , 4.4531331062 , 2.14200
12.89 , 4.4531331062 , 2.14767
12.92 , 4.4531331062 , 2.15300
12.95 , 4.5617470741 , 2.15867
12.98 , 4.4531331062 , 2.16417
13.02 , 4.5617470741 , 2.16983
13.05 , 4.5617470741 , 2.17517
13.09 , 4.5617470741 , 2.18083
13.12 , 4.5617470741 , 2.18633
13.15 , 4.6703600883 , 2.19200
13.19 , 4.5617470741 , 2.19750
13.22 , 4.6703600883 , 2.20300
13.25 , 4.5617470741 , 2.20850
13.28 , 4.6703600883 , 2.21417
13.32 , 4.6703600883 , 2.21967
13.35 , 4.7789731025 , 2.22517
13.38 , 4.8875861167 , 2.23067
13.42 , 4.7789731025 , 2.23633
13.45 , 4.7789731025 , 2.24183
13.48 , 4.7789731025 , 2.24750
13.52 , 4.7789731025 , 2.25283
13.55 , 4.8875861167 , 2.25850
13.58 , 4.7789731025 , 2.26400
13.62 , 4.7789731025 , 2.26967
13.65 , 4.7789731025 , 2.27500
13.68 , 4.7789731025 , 2.28067
13.72 , 4.7789731025 , 2.28617
13.75 , 4.8875861167 , 2.29183
13.78 , 4.8875861167 , 2.29733
13.82 , 4.8875861167 , 2.30283
13.85 , 4.8875861167 , 2.30833
13.88 , 4.8875861167 , 2.31400
13.92 , 4.9961986541 , 2.31950
13.95 , 4.9961986541 , 2.32500
13.98 , 4.9961986541 , 2.33050
14.02 , 4.9961986541 , 2.33617
14.05 , 4.8875861167 , 2.34167
14.08 , 4.9961986541 , 2.34733
14.12 , 4.9961986541 , 2.35267
14.15 , 4.9961986541 , 2.35833
14.18 , 4.9961986541 , 2.36383
14.22 , 5.1048116683 , 2.36950
14.25 , 5.1048116683 , 2.37483
14.28 , 5.1048116683 , 2.38050
14.32 , 4.9961986541 , 2.38600
14.35 , 5.1048116683 , 2.39167
14.38 , 4.9961986541 , 2.39717
14.42 , 5.1048116683 , 2.40267
14.45 , 5.1048116683 , 2.40817
14.48 , 5.1048116683 , 2.41383
14.52 , 5.1048116683 , 2.41933
14.55 , 5.1048116683 , 2.42500
14.58 , 5.1048116683 , 2.43033
14.62 , 5.2134246826 , 2.43600
14.65 , 5.2134246826 , 2.44150
14.68 , 5.3220376968 , 2.44717
14.72 , 5.2134246826 , 2.45250
14.75 , 5.2134246826 , 2.45817
14.78 , 5.2134246826 , 2.46367
14.82 , 5.2134246826 , 2.46933
14.85 , 5.3220376968 , 2.47483
14.88 , 5.3220376968 , 2.48033
14.92 , 5.3220376968 , 2.48583
14.95 , 5.4306507110 , 2.49150
14.98 , 5.3220376968 , 2.49700
15.02 , 5.3220376968 , 2.50250
15.05 , 5.3220376968 , 2.50800
15.08 , 5.4306507110 , 2.51367
15.11 , 5.4306507110 , 2.51917
15.15 , 5.3220376968 , 2.52483
15.18 , 5.3220376968 , 2.53017
15.22 , 5.4306507110 , 2.53583
15.25 , 5.4306507110 , 2.54133
15.28 , 5.4306507110 , 2.54700
15.31 , 5.5392632484 , 2.55233
15.35 , 5.5392632484 , 2.55800
15.38 , 5.5392632484 , 2.56350
15.42 , 5.6478762626 , 2.56917
15.45 , 5.5392632484 , 2.57467
15.48 , 5.5392632484 , 2.58017
15.51 , 5.6478762626 , 2.58567
15.55 , 5.5392632484 , 2.59133
15.58 , 5.5392632484 , 2.59683
15.61 , 5.7564892768 , 2.60233
15.65 , 5.7564892768 , 2.60783
15.68 , 5.7564892768 , 2.61350
15.71 , 5.6478762626 , 2.61900
15.75 , 5.7564892768 , 2.62467
15.78 , 5.8651032447 , 2.63000
15.81 , 5.6478762626 , 2.63567
15.85 , 5.7564892768 , 2.64117
15.88 , 5.8651032447 , 2.64683
15.91 , 5.8651032447 , 2.65217
15.95 , 5.7564892768 , 2.65783
15.98 , 5.7564892768 , 2.66333
16.01 , 5.7564892768 , 2.66900
16.05 , 5.7564892768 , 2.67450
16.08 , 5.8651032447 , 2.68000
16.11 , 5.8651032447 , 2.68550
16.15 , 5.8651032447 , 2.69117
16.18 , 5.9737162590 , 2.69667
16.21 , 5.8651032447 , 2.70233
16.25 , 5.9737162590 , 2.70767
16.28 , 5.9737162590 , 2.71333
16.31 , 5.9737162590 , 2.71883
16.35 , 5.9737162590 , 2.72450
16.38 , 5.9737162590 , 2.72983
16.41 , 5.9737162590 , 2.73550
16.45 , 5.9737162590 , 2.74100
16.48 , 5.9737162590 , 2.74667
16.51 , 6.0823292732 , 2.75217
16.55 , 6.0823292732 , 2.75767
16.58 , 5.9737162590 , 2.76317
16.61 , 5.9737162590 , 2.76883
16.65 , 6.0823292732 , 2.77433
16.68 , 6.0823292732 , 2.77983
16.71 , 6.0823292732 , 2.78533
16.75 , 6.0823292732 , 2.79100
16.78 , 6.0823292732 , 2.79650
16.81 , 6.1909422874 , 2.80217
16.84 , 6.1909422874 , 2.80750
16.88 , 6.0823292732 , 2.81317
16.91 , 6.1909422874 , 2.81867
16.95 , 6.1909422874 , 2.82433
16.98 , 6.1909422874 , 2.82967
17.01 , 6.1909422874 , 2.83533
17.04 , 6.1909422874 , 2.84083
17.08 , 6.1909422874 , 2.84650
17.11 , 6.2995548248 , 2.85200
17.14 , 6.1909422874 , 2.85750
17.18 , 6.2995548248 , 2.86300
17.21 , 6.2995548248 , 2.86867
17.25 , 6.1909422874 , 2.87417
17.28 , 6.1909422874 , 2.87967
17.31 , 6.1909422874 , 2.88517
17.34 , 6.2995548248 , 2.89083
17.38 , 6.2995548248 , 2.89633
17.41 , 6.2995548248 , 2.90200
17.44 , 6.4081678390 , 2.90733
17.48 , 6.5167808532 , 2.91300
17.51 , 6.5167808532 , 2.91850
17.54 , 6.5167808532 , 2.92417
17.58 , 6.5167808532 , 2.92950
17.61 , 6.5167808532 , 2.93517
17.64 , 6.5167808532 , 2.94067
17.68 , 6.5167808532 , 2.94633
17.71 , 6.6253938674 , 2.95183
17.74 , 6.5167808532 , 2.95733
17.78 , 6.6253938674 , 2.96283
17.81 , 6.6253938674 , 2.96850
17.84 , 6.6253938674 , 2.97400
17.88 , 6.6253938674 , 2.97967
17.91 , 6.6253938674 , 2.98500
17.94 , 6.6253938674 , 2.99067
17.98 , 6.6253938674 , 2.99617
18.01 , 6.7340068817 , 3.00183
18.04 , 6.7340068817 , 3.00717
18.08 , 6.6253938674 , 3.01283
18.11 , 6.7340068817 , 3.01833
18.14 , 6.8426194190 , 3.02400
18.18 , 6.7340068817 , 3.02950
18.21 , 6.8426194190 , 3.03500
18.24 , 6.8426194190 , 3.04050
18.28 , 6.8426194190 , 3.04617
18.31 , 6.7340068817 , 3.05167
18.34 , 6.8426194190 , 3.05717
18.38 , 6.9512324333 , 3.06267
18.41 , 6.8426194190 , 3.06833
18.44 , 6.8426194190 , 3.07383
18.48 , 6.9512324333 , 3.07950
18.51 , 6.9512324333 , 3.08483
18.54 , 6.9512324333 , 3.09050
18.58 , 6.9512324333 , 3.09600
18.61 , 6.9512324333 , 3.10167
18.64 , 6.9512324333 , 3.10700
18.68 , 7.0598454475 , 3.11267
18.71 , 7.0598454475 , 3.11817
18.74 , 7.0598454475 , 3.12383
18.78 , 7.0598454475 , 3.12933
18.81 , 6.9512324333 , 3.13483
18.84 , 6.9512324333 , 3.14033
18.88 , 7.1684584617 , 3.14600
18.91 , 7.0598454475 , 3.15150
18.94 , 7.0598454475 , 3.15700
18.97 , 7.0598454475 , 3.16250
19.01 , 7.1684584617 , 3.16817
19.04 , 7.0598454475 , 3.17367
19.08 , 7.0598454475 , 3.17933
19.11 , 7.0598454475 , 3.18467
19.14 , 7.0598454475 , 3.19033
19.17 , 7.1684584617 , 3.19583
19.21 , 7.2770724296 , 3.20150
19.24 , 7.2770724296 , 3.20683
19.27 , 7.2770724296 , 3.21250
19.31 , 7.1684584617 , 3.21800
19.34 , 7.1684584617 , 3.22367
19.37 , 7.2770724296 , 3.22917
19.41 , 7.3856854438 , 3.23467
19.44 , 7.2770724296 , 3.24017
19.47 , 7.3856854438 , 3.24583
19.51 , 7.2770724296 , 3.25133
19.54 , 7.3856854438 , 3.25700
19.57 , 7.3856854438 , 3.26233
19.61 , 7.3856854438 , 3.26800
19.64 , 7.2770724296 , 3.27350
19.67 , 7.2770724296 , 3.27917
19.71 , 7.2770724296 , 3.28450
19.74 , 7.2770724296 , 3.29017
19.77 , 7.2770724296 , 3.29567
19.81 , 7.3856854438 , 3.30133
19.84 , 7.3856854438 , 3.30683
19.87 , 7.2770724296 , 3.31233
19.91 , 7.6029109954 , 3.31783
19.94 , 7.3856854438 , 3.32350
19.97 , 7.4942984580 , 3.32900
20.01 , 7.4942984580 , 3.33450
20.04 , 7.6029109954 , 3.34000
20.07 , 7.4942984580 , 3.34567
20.11 , 7.4942984580 , 3.35117
20.14 , 7.6029109954 , 3.35683
20.17 , 7.6029109954 , 3.36217
20.21 , 7.6029109954 , 3.36783
20.24 , 7.6029109954 , 3.37333
20.27 , 7.8201370239 , 3.37900
20.31 , 7.7115240097 , 3.38433
20.34 , 7.7115240097 , 3.39000
20.37 , 7.6029109954 , 3.39550
20.41 , 7.7115240097 , 3.40117
20.44 , 7.8201370239 , 3.40667
20.47 , 7.8201370239 , 3.41217
20.51 , 7.8201370239 , 3.41767
20.54 , 7.7115240097 , 3.42333
20.57 , 7.8201370239 , 3.42883
20.61 , 7.8201370239 , 3.43433
20.64 , 7.8201370239 , 3.43983
20.67 , 7.8201370239 , 3.44550
20.71 , 7.9287500381 , 3.45100
20.74 , 7.9287500381 , 3.45667
20.77 , 8.0373630523 , 3.46200
20.81 , 8.0373630523 , 3.46767
20.84 , 7.9287500381 , 3.47317
20.87 , 8.0373630523 , 3.47883
20.90 , 7.9287500381 , 3.48417
20.94 , 7.9287500381 , 3.48983
20.97 , 7.9287500381 , 3.49533
21.01 , 7.9287500381 , 3.50100
21.04 , 8.0373630523 , 3.50650
21.07 , 8.0373630523 , 3.51200
21.10 , 8.0373630523 , 3.51750
21.14 , 7.9287500381 , 3.52317
21.17 , 8.1459760665 , 3.52867
21.21 , 8.0373630523 , 3.53433
21.24 , 8.1459760665 , 3.53967
21.27 , 8.0373630523 , 3.54533
21.30 , 8.1459760665 , 3.55083
21.34 , 8.1459760665 , 3.55650
21.37 , 8.1459760665 , 3.56183
21.40 , 8.1459760665 , 3.56750
21.44 , 8.1459760665 , 3.57300
21.47 , 8.1459760665 , 3.57867
21.50 , 8.1459760665 , 3.58417
21.54 , 8.1459760665 , 3.58967
21.57 , 8.1459760665 , 3.59517
21.60 , 8.1459760665 , 3.60083
21.64 , 8.2545890808 , 3.60633
21.67 , 8.2545890808 , 3.61183
21.70 , 8.3632011413 , 3.61733
21.74 , 8.3632011413 , 3.62300
21.77 , 8.3632011413 , 3.62850
21.80 , 8.3632011413 , 3.63417
21.84 , 8.3632011413 , 3.63950
21.87 , 8.2545890808 , 3.64517
21.90 , 8.4718141555 , 3.65067
21.94 , 8.3632011413 , 3.65633
21.97 , 8.3632011413 , 3.66167
22.00 , 8.3632011413 , 3.66733
22.04 , 8.4718141555 , 3.67283
22.07 , 8.4718141555 , 3.67850
22.10 , 8.4718141555 , 3.68400
22.14 , 8.4718141555 , 3.68950
22.17 , 8.4718141555 , 3.69500
22.20 , 8.5804271697 , 3.70067
22.24 , 8.5804271697 , 3.70617
22.27 , 8.5804271697 , 3.71167
22.30 , 8.6890411376 , 3.71717
22.34 , 8.5804271697 , 3.72283
22.37 , 8.6890411376 , 3.72833
22.40 , 8.6890411376 , 3.73400
22.44 , 8.6890411376 , 3.73933
22.47 , 8.6890411376 , 3.74500
22.50 , 8.6890411376 , 3.75050
22.54 , 8.6890411376 , 3.75617
22.57 , 8.7976541519 , 3.76150
22.60 , 8.6890411376 , 3.76717
22.64 , 8.7976541519 , 3.77267
22.67 , 8.7976541519 , 3.77833
22.70 , 8.7976541519 , 3.78383
22.74 , 8.9062671661 , 3.78933
22.77 , 8.7976541519 , 3.79483
22.80 , 8.7976541519 , 3.80050
22.84 , 8.9062671661 , 3.80600
22.87 , 8.9062671661 , 3.81167
22.90 , 8.9062671661 , 3.81700
22.94 , 8.9062671661 , 3.82267
22.97 , 9.0148801803 , 3.82817
23.00 , 9.1234931945 , 3.83383
23.03 , 9.0148801803 , 3.83917
23.07 , 9.0148801803 , 3.84483
23.10 , 9.1234931945 , 3.85033
23.14 , 9.0148801803 , 3.85600
23.17 , 9.1234931945 , 3.86150
23.20 , 9.0148801803 , 3.86700
23.23 , 9.0148801803 , 3.87250
23.27 , 9.1234931945 , 3.87817
23.30 , 9.0148801803 , 3.88367
23.33 , 9.1234931945 , 3.88917
23.37 , 9.1234931945 , 3.89467
23.40 , 9.2321062088 , 3.90033
23.43 , 9.1234931945 , 3.90583
23.47 , 9.2321062088 , 3.91150
23.50 , 9.2321062088 , 3.91683
23.53 , 9.2321062088 , 3.92250
23.57 , 9.3407192230 , 3.92800
23.60 , 9.2321062088 , 3.93367
23.63 , 9.2321062088 , 3.93900
23.67 , 9.2321062088 , 3.94467
23.70 , 9.2321062088 , 3.95017
23.73 , 9.3407192230 , 3.95583
23.77 , 9.3407192230 , 3.96133
23.80 , 9.3407192230 , 3.96683
23.83 , 9.3407192230 , 3.97233
23.87 , 9.2321062088 , 3.97800
23.90 , 9.3407192230 , 3.98350
23.93 , 9.3407192230 , 3.98900
23.97 , 9.4493322372 , 3.99450
24.00 , 9.3407192230 , 4.00017
24.03 , 9.4493322372 , 4.00567
24.07 , 9.3407192230 , 4.01133
24.10 , 9.5579452514 , 4.01667
24.13 , 9.5579452514 , 4.02233
24.17 , 9.4493322372 , 4.02783
24.20 , 9.4493322372 , 4.03350
24.23 , 9.5579452514 , 4.03883
24.27 , 9.5579452514 , 4.04450
24.30 , 9.5579452514 , 4.05000
24.33 , 9.4493322372 , 4.05567
24.37 , 9.5579452514 , 4.06117
24.40 , 9.4493322372 , 4.06667
24.43 , 9.5579452514 , 4.07217
24.47 , 9.6665573120 , 4.07783
24.50 , 9.6665573120 , 4.08333
24.53 , 9.6665573120 , 4.08900
24.57 , 9.6665573120 , 4.09433
24.60 , 9.6665573120 , 4.10000
24.63 , 9.6665573120 , 4.10550
24.67 , 9.6665573120 , 4.11117
24.70 , 9.7751703262 , 4.11650
24.73 , 9.7751703262 , 4.12217
24.77 , 9.7751703262 , 4.12767
24.80 , 9.8837833404 , 4.13333
24.83 , 9.7751703262 , 4.13883
24.87 , 9.8837833404 , 4.14433
24.90 , 9.8837833404 , 4.14983
24.93 , 9.8837833404 , 4.15550
24.97 , 9.7751703262 , 4.16100
25.00 , 9.8837833404 , 4.16650
25.03 , 9.9923963546 , 4.17200
25.07 , 9.8837833404 , 4.17767
25.10 , 9.9923963546 , 4.18317
25.13 , 9.8837833404 , 4.18883
25.17 , 9.9923963546 , 4.19417
25.20 , 9.9923963546 , 4.19983
25.23 , 10.1010093688 , 4.20533
25.27 , 10.1010093688 , 4.21117
25.30 , 10.1010093688 , 4.21667
25.33 , 10.1010093688 , 4.22250
25.37 , 10.2096223831 , 4.22817
25.40 , 10.2096223831 , 4.23400
25.44 , 10.1010093688 , 4.23967
25.47 , 10.2096223831 , 4.24550
25.51 , 10.2096223831 , 4.25100
25.54 , 10.2096223831 , 4.25683
25.57 , 10.3182353973 , 4.26250
25.61 , 10.4268484115 , 4.26833
25.64 , 10.2096223831 , 4.27400
25.68 , 10.3182353973 , 4.27967
25.71 , 10.3182353973 , 4.28533
25.75 , 10.3182353973 , 4.29117
25.78 , 10.3182353973 , 4.29683
25.82 , 10.3182353973 , 4.30267
25.85 , 10.3182353973 , 4.30817
25.88 , 10.3182353973 , 4.31400
25.92 , 10.4268484115 , 4.31967
25.95 , 10.4268484115 , 4.32550
25.99 , 10.4268484115 , 4.33117
26.02 , 10.4268484115 , 4.33683
26.06 , 10.3182353973 , 4.34267
26.09 , 10.4268484115 , 4.34833
26.12 , 10.4268484115 , 4.35417
26.16 , 10.4268484115 , 4.35983
26.19 , 10.4268484115 , 4.36550
26.23 , 10.5354614257 , 4.37117
26.26 , 10.4268484115 , 4.37700
26.30 , 10.4268484115 , 4.38267
26.33 , 10.5354614257 , 4.38850
26.36 , 10.5354614257 , 4.39400
26.40 , 10.5354614257 , 4.39983
26.43 , 10.5354614257 , 4.40550
26.47 , 10.6440734863 , 4.41133
26.50 , 10.5354614257 , 4.41700
26.54 , 10.6440734863 , 4.42267
26.57 , 10.7526893615 , 4.42833
26.60 , 10.7526893615 , 4.43417
26.64 , 10.6440734863 , 4.43983
26.67 , 10.6440734863 , 4.44567
26.71 , 10.6440734863 , 4.45117
26.74 , 10.7526893615 , 4.45700
26.78 , 10.7526893615 , 4.46267
26.81 , 10.7526893615 , 4.46850
26.84 , 10.6440734863 , 4.47417
26.88 , 10.7526893615 , 4.48000
26.91 , 10.8613023757 , 4.48550
26.95 , 10.7526893615 , 4.49133
26.98 , 10.8613023757 , 4.49700
27.02 , 10.9699153900 , 4.50283
27.05 , 10.8613023757 , 4.50850
27.08 , 10.8613023757 , 4.51417
27.12 , 10.9699153900 , 4.51983
27.15 , 10.8613023757 , 4.52567
27.19 , 10.9699153900 , 4.53150
27.22 , 10.9699153900 , 4.53717
27.26 , 10.9699153900 , 4.54283
27.29 , 11.0785284042 , 4.54850
27.33 , 11.0785284042 , 4.55433
27.36 , 10.9699153900 , 4.56000
27.39 , 11.0785284042 , 4.56583
27.43 , 11.0785284042 , 4.57133
27.46 , 11.0785284042 , 4.57717
27.50 , 11.1871414184 , 4.58283
27.53 , 11.0785284042 , 4.58867
27.57 , 11.1871414184 , 4.59433
27.60 , 11.2957534790 , 4.60000
27.63 , 11.1871414184 , 4.60567
27.67 , 11.1871414184 , 4.61150
27.70 , 11.1871414184 , 4.61717
27.74 , 11.2957534790 , 4.62300
27.77 , 11.2957534790 , 4.62850
27.81 , 11.2957534790 , 4.63433
27.84 , 11.2957534790 , 4.64000
27.87 , 11.4043664932 , 4.64583
27.91 , 11.4043664932 , 4.65150
27.94 , 11.4043664932 , 4.65717
27.98 , 11.4043664932 , 4.66283
28.01 , 11.4043664932 , 4.66867
28.05 , 11.5129795074 , 4.67433
28.08 , 11.4043664932 , 4.68017
28.11 , 11.4043664932 , 4.68567
28.15 , 11.5129795074 , 4.69150
28.18 , 11.5129795074 , 4.69717
28.22 , 11.5129795074 , 4.70300
28.25 , 11.6215925216 , 4.70883
28.29 , 11.6215925216 , 4.71433
28.32 , 11.5129795074 , 4.72017
28.35 , 11.5129795074 , 4.72583
28.39 , 11.5129795074 , 4.73167
28.42 , 11.6215925216 , 4.73733
28.46 , 11.5129795074 , 4.74317
28.49 , 11.6215925216 , 4.74867
28.53 , 11.6215925216 , 4.75450
28.56 , 11.6215925216 , 4.76017
28.60 , 11.6215925216 , 4.76600
28.63 , 11.6215925216 , 4.77167
28.66 , 11.6215925216 , 4.77733
28.70 , 11.6215925216 , 4.78300
28.73 , 11.6215925216 , 4.78883
28.77 , 11.7302055358 , 4.79450
28.80 , 11.7302055358 , 4.80033
28.83 , 11.7302055358 , 4.80583
28.87 , 11.7302055358 , 4.81167
28.90 , 11.8388185501 , 4.81733
28.94 , 11.8388185501 , 4.82317
28.97 , 11.7302055358 , 4.82883
29.01 , 11.8388185501 , 4.83450
29.04 , 11.9474315643 , 4.84017
29.08 , 11.8388185501 , 4.84600
29.11 , 11.9474315643 , 4.85167
29.14 , 11.9474315643 , 4.85750
29.18 , 11.9474315643 , 4.86300
29.21 , 11.9474315643 , 4.86883
29.25 , 11.9474315643 , 4.87450
29.28 , 12.0560445785 , 4.88033
29.32 , 11.9474315643 , 4.88600
29.35 , 12.0560445785 , 4.89167
29.38 , 12.0560445785 , 4.89750
29.42 , 12.1646575927 , 4.90317
29.45 , 12.0560445785 , 4.90900
29.49 , 12.0560445785 , 4.91467
29.52 , 12.1646575927 , 4.92033
29.56 , 12.1646575927 , 4.92600
29.59 , 12.1646575927 , 4.93183
29.62 , 12.1646575927 , 4.93750
29.66 , 12.1646575927 , 4.94333
29.69 , 12.2732696533 , 4.94883
29.73 , 12.3818826675 , 4.95467
29.76 , 12.2732696533 , 4.96033
29.80 , 12.1646575927 , 4.96617
29.83 , 12.1646575927 , 4.97183
29.86 , 12.2732696533 , 4.97750
29.90 , 12.2732696533 , 4.98317
29.93 , 12.2732696533 , 4.98900
29.97 , 12.2732696533 , 4.99467
30.00 , 12.3818826675 , 5.00050
30.04 , 12.3818826675 , 5.00600
30.07 , 12.3818826675 , 5.01183
30.10 , 12.4904956817 , 5.01750
30.14 , 12.3818826675 , 5.02333
30.17 , 12.4904956817 , 5.02900
30.21 , 12.4904956817 , 5.03483
30.24 , 12.4904956817 , 5.04033
30.28 , 12.4904956817 , 5.04617
30.31 , 12.4904956817 , 5.05183
30.35 , 12.5991086959 , 5.05767
30.38 , 12.4904956817 , 5.06333
30.41 , 12.4904956817 , 5.06900
30.45 , 12.5991086959 , 5.07483
30.48 , 12.5991086959 , 5.08050
30.52 , 12.5991086959 , 5.08633
30.55 , 12.5991086959 , 5.09200
30.59 , 12.5991086959 , 5.09767
30.62 , 12.7077217102 , 5.10333
30.65 , 12.5991086959 , 5.10917
30.69 , 12.7077217102 , 5.11483
30.72 , 12.7077217102 , 5.12067
30.76 , 12.7077217102 , 5.12617
30.79 , 12.8163347244 , 5.13200
30.83 , 12.8163347244 , 5.13767
30.86 , 12.8163347244 , 5.14350
30.89 , 12.9249477386 , 5.14917
30.93 , 12.8163347244 , 5.15483
30.96 , 12.8163347244 , 5.16050
31.00 , 12.8163347244 , 5.16633
31.03 , 12.8163347244 , 5.17200
31.07 , 12.8163347244 , 5.17783
31.10 , 12.9249477386 , 5.18333
31.13 , 12.9249477386 , 5.18917
31.17 , 12.9249477386 , 5.19483
31.20 , 12.9249477386 , 5.20067
31.24 , 12.9249477386 , 5.20633
31.27 , 13.0335607528 , 5.21200
31.31 , 12.9249477386 , 5.21767
31.34 , 13.0335607528 , 5.22350
31.37 , 13.0335607528 , 5.22917
31.41 , 13.0335607528 , 5.23500
31.44 , 13.0335607528 , 5.24050
31.48 , 13.0335607528 , 5.24633
31.51 , 13.0335607528 , 5.25200
31.55 , 13.0335607528 , 5.25783
31.58 , 13.0335607528 , 5.26367
31.62 , 13.1421737670 , 5.26933
31.65 , 13.1421737670 , 5.27500
31.68 , 13.1421737670 , 5.28067
31.72 , 13.1421737670 , 5.28650
31.75 , 13.1421737670 , 5.29217
31.79 , 13.1421737670 , 5.29800
31.82 , 13.1421737670 , 5.30350
31.86 , 13.2507858276 , 5.30933
31.89 , 13.2507858276 , 5.31500
31.92 , 13.3593988418 , 5.32083
31.96 , 13.2507858276 , 5.32650
31.99 , 13.3593988418 , 5.33217
32.03 , 13.3593988418 , 5.33783
32.06 , 13.3593988418 , 5.34367
32.10 , 13.3593988418 , 5.34933
32.13 , 13.4680118560 , 5.35517
32.16 , 13.3593988418 , 5.36067
32.20 , 13.4680118560 , 5.36650
32.23 , 13.4680118560 , 5.37217
32.27 , 13.4680118560 , 5.37800
32.30 , 13.4680118560 , 5.38367
32.34 , 13.4680118560 , 5.38933
32.37 , 13.5766277313 , 5.39500
32.40 , 13.5766277313 , 5.40083
32.44 , 13.4680118560 , 5.40650
32.47 , 13.5766277313 , 5.41233
32.51 , 13.6852407455 , 5.41783
32.54 , 13.6852407455 , 5.42367
32.58 , 13.5766277313 , 5.42933
32.61 , 13.6852407455 , 5.43517
32.65 , 13.6852407455 , 5.44100
32.68 , 13.6852407455 , 5.44650
32.71 , 13.7938537597 , 5.45233
32.75 , 13.6852407455 , 5.45800
32.78 , 13.7938537597 , 5.46383
32.82 , 13.7938537597 , 5.46950
32.85 , 13.7938537597 , 5.47517
32.88 , 13.9024658203 , 5.48083
32.92 , 13.9024658203 , 5.48667
32.95 , 13.7938537597 , 5.49233
32.99 , 13.7938537597 , 5.49817
33.02 , 13.7938537597 , 5.50367
33.06 , 13.9024658203 , 5.50950
33.09 , 13.9024658203 , 5.51517
33.13 , 13.9024658203 , 5.52100
33.16 , 13.9024658203 , 5.52667
33.20 , 13.9024658203 , 5.53250
33.23 , 14.0110788345 , 5.53800
33.26 , 13.9024658203 , 5.54383
33.30 , 14.0110788345 , 5.54950
33.33 , 14.1196918487 , 5.55533
33.37 , 13.9024658203 , 5.56100
33.40 , 13.9024658203 , 5.56667
33.43 , 14.1196918487 , 5.57233
33.47 , 13.9024658203 , 5.57817
33.50 , 14.0110788345 , 5.58383
33.54 , 14.0110788345 , 5.58967
33.57 , 14.0110788345 , 5.59517
33.61 , 14.1196918487 , 5.60100
33.64 , 14.1196918487 , 5.60667
33.68 , 14.1196918487 , 5.61250
33.71 , 14.2283048629 , 5.61817
33.74 , 14.2283048629 , 5.62383
33.78 , 14.1196918487 , 5.62967
33.81 , 14.2283048629 , 5.63533
33.85 , 14.2283048629 , 5.64117
33.88 , 14.2283048629 , 5.64683
33.92 , 14.2283048629 , 5.65250
33.95 , 14.3369178771 , 5.65817
33.98 , 14.2283048629 , 5.66400
34.02 , 14.2283048629 , 5.66967
34.05 , 14.3369178771 , 5.67550
34.09 , 14.4455308914 , 5.68100
34.12 , 14.3369178771 , 5.68683
34.15 , 14.3369178771 , 5.69250
34.19 , 14.4455308914 , 5.69833
34.22 , 14.4455308914 , 5.70400
34.26 , 14.4455308914 , 5.70967
34.29 , 14.4455308914 , 5.71533
34.33 , 14.4455308914 , 5.72117
34.36 , 14.5541439056 , 5.72683
34.40 , 14.5541439056 , 5.73267
34.43 , 14.5541439056 , 5.73817
34.46 , 14.5541439056 , 5.74400
34.50 , 14.5541439056 , 5.74967
34.53 , 14.6627569198 , 5.75550
34.57 , 14.5541439056 , 5.76117
34.60 , 14.5541439056 , 5.76683
34.63 , 14.6627569198 , 5.77250
34.67 , 14.6627569198 , 5.77833
34.70 , 14.7713699340 , 5.78400
34.74 , 14.6627569198 , 5.78983
34.77 , 14.6627569198 , 5.79533
34.81 , 14.7713699340 , 5.80117
34.84 , 14.7713699340 , 5.80700
34.88 , 14.7713699340 , 5.81267
34.91 , 14.8799819946 , 5.81850
34.95 , 14.8799819946 , 5.82417
34.98 , 14.7713699340 , 5.82983
35.01 , 14.7713699340 , 5.83550
35.05 , 14.8799819946 , 5.84133
35.08 , 14.8799819946 , 5.84700
35.12 , 14.8799819946 , 5.85283
35.15 , 14.8799819946 , 5.85833
35.19 , 14.9885950088 , 5.86417
35.22 , 14.9885950088 , 5.86983
35.25 , 14.8799819946 , 5.87567
35.29 , 14.9885950088 , 5.88133
35.32 , 14.8799819946 , 5.88700
35.36 , 14.8799819946 , 5.89267
35.39 , 15.0972080230 , 5.89850
35.43 , 14.9885950088 , 5.90417
35.46 , 14.9885950088 , 5.91000
35.49 , 15.0972080230 , 5.91550
35.53 , 15.0972080230 , 5.92133
35.56 , 15.0972080230 , 5.92700
35.60 , 15.0972080230 , 5.93283
35.63 , 15.0972080230 , 5.93850
35.67 , 15.2058210372 , 5.94417
35.70 , 15.0972080230 , 5.94983
35.73 , 15.0972080230 , 5.95567
35.77 , 15.2058210372 , 5.96133
35.80 , 15.0972080230 , 5.96717
35.84 , 15.0972080230 , 5.97267
35.87 , 15.0972080230 , 5.97850
35.90 , 15.2058210372 , 5.98417
35.94 , 15.2058210372 , 5.99000
35.97 , 15.3144340515 , 5.99583
36.01 , 15.2058210372 , 6.00133
36.04 , 15.3144340515 , 6.00717
36.08 , 15.3144340515 , 6.01283
36.11 , 15.3144340515 , 6.01867
36.15 , 15.3144340515 , 6.02433
36.18 , 15.3144340515 , 6.03000
36.21 , 15.3144340515 , 6.03567
36.25 , 15.3144340515 , 6.04150
36.28 , 15.4230470657 , 6.04717
36.32 , 15.4230470657 , 6.05300
36.35 , 15.4230470657 , 6.05867
36.39 , 15.4230470657 , 6.06433
36.42 , 15.5316600799 , 6.07000
36.46 , 15.5316600799 , 6.07583
36.49 , 15.5316600799 , 6.08150
36.52 , 15.4230470657 , 6.08733
36.56 , 15.5316600799 , 6.09283
36.59 , 15.6402730941 , 6.09867
36.63 , 15.5316600799 , 6.10433
36.66 , 15.6402730941 , 6.11017
36.70 , 15.6402730941 , 6.11583
36.73 , 15.6402730941 , 6.12150
36.76 , 15.6402730941 , 6.12717
36.80 , 15.6402730941 , 6.13300
36.83 , 15.7488861083 , 6.13867
36.87 , 15.7488861083 , 6.14450
36.90 , 15.6402730941 , 6.15000
36.94 , 15.8574981689 , 6.15583
36.97 , 15.8574981689 , 6.16150
37.00 , 15.8574981689 , 6.16733
37.04 , 15.8574981689 , 6.17317
37.07 , 15.8574981689 , 6.17867
37.11 , 15.9661111831 , 6.18450
37.14 , 15.9661111831 , 6.19017
37.18 , 15.8574981689 , 6.19600
37.21 , 15.9661111831 , 6.20167
37.24 , 15.9661111831 , 6.20733
37.28 , 15.9661111831 , 6.21300
37.31 , 15.9661111831 , 6.21883
37.35 , 15.9661111831 , 6.22450
37.38 , 15.9661111831 , 6.23033
37.42 , 15.9661111831 , 6.23583
37.45 , 16.0747241973 , 6.24167
37.48 , 16.0747241973 , 6.24733
37.52 , 16.0747241973 , 6.25317
37.55 , 16.0747241973 , 6.25883
37.59 , 16.1833381652 , 6.26450
37.62 , 16.1833381652 , 6.27017
37.66 , 16.0747241973 , 6.27600
37.69 , 16.1833381652 , 6.28167
37.72 , 16.1833381652 , 6.28750
37.76 , 16.1833381652 , 6.29300
37.79 , 16.1833381652 , 6.29883
37.83 , 16.2919521331 , 6.30450
37.86 , 16.1833381652 , 6.31033
37.90 , 16.2919521331 , 6.31600
37.93 , 16.1833381652 , 6.32183
37.96 , 16.2919521331 , 6.32733
38.00 , 16.2919521331 , 6.33317
38.03 , 16.2919521331 , 6.33883
38.07 , 16.4005661010 , 6.34467
38.10 , 16.2919521331 , 6.35033
38.14 , 16.2919521331 , 6.35600
38.17 , 16.2919521331 , 6.36183
38.21 , 16.2919521331 , 6.36750
38.24 , 16.2919521331 , 6.37333
38.27 , 16.4005661010 , 6.37900
38.31 , 16.4005661010 , 6.38467
38.34 , 16.5091781616 , 6.39033
38.38 , 16.4005661010 , 6.39617
38.41 , 16.4005661010 , 6.40183
38.45 , 16.5091781616 , 6.40767
38.48 , 16.5091781616 , 6.41317
38.51 , 16.4005661010 , 6.41900
38.55 , 16.5091781616 , 6.42467
38.58 , 16.5091781616 , 6.43050
38.62 , 16.5091781616 , 6.43617
38.65 , 16.6177921295 , 6.44183
38.69 , 16.5091781616 , 6.44750
38.72 , 16.6177921295 , 6.45333
38.75 , 16.5091781616 , 6.45900
38.79 , 16.6177921295 , 6.46483
38.82 , 16.7264041900 , 6.47033
38.86 , 16.6177921295 , 6.47617
38.89 , 16.7264041900 , 6.48183
38.93 , 16.7264041900 , 6.48767
38.96 , 16.6177921295 , 6.49333
38.99 , 16.7264041900 , 6.49900
39.03 , 16.7264041900 , 6.50467
39.06 , 16.7264041900 , 6.51050
39.10 , 16.7264041900 , 6.51617
39.13 , 16.8350181579 , 6.52200
39.17 , 16.8350181579 , 6.52750
39.20 , 16.8350181579 , 6.53333
39.24 , 16.8350181579 , 6.53917
39.27 , 16.9436302185 , 6.54483
39.30 , 16.9436302185 , 6.55067
39.34 , 16.8350181579 , 6.55617
39.37 , 16.9436302185 , 6.56200
39.41 , 16.9436302185 , 6.56767
39.44 , 16.9436302185 , 6.57350
39.47 , 17.0522422790 , 6.57917
39.51 , 17.0522422790 , 6.58500
39.54 , 17.0522422790 , 6.59050
39.58 , 17.0522422790 , 6.59633
39.61 , 17.0522422790 , 6.60200
39.65 , 17.1608562469 , 6.60783
39.68 , 17.0522422790 , 6.61350
39.72 , 17.0522422790 , 6.61917
39.75 , 17.1608562469 , 6.62483
39.78 , 17.1608562469 , 6.63067
39.82 , 17.2694683074 , 6.63633
39.85 , 17.0522422790 , 6.64217
39.89 , 17.1608562469 , 6.64767
39.92 , 17.1608562469 , 6.65350
39.96 , 17.2694683074 , 6.65917
39.99 , 17.1608562469 , 6.66500
40.02 , 17.2694683074 , 6.67067
40.06 , 17.2694683074 , 6.67633
40.09 , 17.3780822753 , 6.68200
40.13 , 17.2694683074 , 6.68783
40.16 , 17.3780822753 , 6.69350
40.20 , 17.3780822753 , 6.69933
40.23 , 17.3780822753 , 6.70483
40.26 , 17.3780822753 , 6.71067
40.30 , 17.3780822753 , 6.71633
40.33 , 17.3780822753 , 6.72217
40.37 , 17.3780822753 , 6.72800
40.40 , 17.3780822753 , 6.73350
40.44 , 17.3780822753 , 6.73933
40.47 , 17.4866943359 , 6.74500
40.51 , 17.4866943359 , 6.75083
40.54 , 17.4866943359 , 6.75650
40.57 , 17.3780822753 , 6.76217
40.61 , 17.4866943359 , 6.76783
40.64 , 17.4866943359 , 6.77367
40.68 , 17.4866943359 , 6.77933
40.71 , 17.4866943359 , 6.78517
40.74 , 17.4866943359 , 6.79067
40.78 , 17.5953083038 , 6.79650
40.81 , 17.5953083038 , 6.80217
40.85 , 17.4866943359 , 6.80800
40.88 , 17.5953083038 , 6.81367
40.92 , 17.4866943359 , 6.81933
40.95 , 17.7039203643 , 6.82500
40.99 , 17.7039203643 , 6.83083
41.02 , 17.5953083038 , 6.83650
41.05 , 17.7039203643 , 6.84233
41.09 , 17.7039203643 , 6.84800
41.12 , 17.7039203643 , 6.85367
41.16 , 17.7039203643 , 6.85933
41.19 , 17.8125343322 , 6.86517
41.22 , 17.8125343322 , 6.87083
41.26 , 17.8125343322 , 6.87667
41.29 , 17.8125343322 , 6.88217
41.33 , 17.8125343322 , 6.88800
41.36 , 17.8125343322 , 6.89367
41.40 , 17.9211463928 , 6.89950
41.43 , 17.8125343322 , 6.90533
41.47 , 17.8125343322 , 6.91083
41.50 , 17.9211463928 , 6.91667
41.53 , 18.0297584533 , 6.92233
41.57 , 17.9211463928 , 6.92817
41.60 , 17.9211463928 , 6.93383
41.64 , 18.0297584533 , 6.93950
41.67 , 18.0297584533 , 6.94517
41.71 , 18.0297584533 , 6.95100
41.74 , 18.0297584533 , 6.95667
41.78 , 18.1383724212 , 6.96250
41.81 , 18.1383724212 , 6.96800
41.84 , 18.1383724212 , 6.97383
41.88 , 18.0297584533 , 6.97950
41.91 , 18.2469844818 , 6.98533
41.95 , 18.1383724212 , 6.99100
41.98 , 18.2469844818 , 6.99667
42.01 , 18.2469844818 , 7.00233
42.05 , 18.2469844818 , 7.00817
42.08 , 18.2469844818 , 7.01383
42.12 , 18.2469844818 , 7.01967
42.15 , 18.2469844818 , 7.02517
42.19 , 18.3555984497 , 7.03100
42.22 , 18.3555984497 , 7.03667
42.26 , 18.3555984497 , 7.04250
42.29 , 18.3555984497 , 7.04817
42.32 , 18.3555984497 , 7.05383
42.36 , 18.3555984497 , 7.05950
42.39 , 18.3555984497 , 7.06533
42.43 , 18.3555984497 , 7.07100
42.46 , 18.3555984497 , 7.07683
42.49 , 18.4642105102 , 7.08233
42.53 , 18.5728244781 , 7.08817
42.56 , 18.4642105102 , 7.09400
42.60 , 18.5728244781 , 7.09967
42.63 , 18.4642105102 , 7.10550
42.67 , 18.5728244781 , 7.11117
42.70 , 18.5728244781 , 7.11683
42.74 , 18.5728244781 , 7.12250
42.77 , 18.5728244781 , 7.12833
42.80 , 18.5728244781 , 7.13400
42.84 , 18.5728244781 , 7.13983
42.87 , 18.5728244781 , 7.14533
42.91 , 18.5728244781 , 7.15117
42.94 , 18.6814365386 , 7.15683
42.98 , 18.5728244781 , 7.16267
43.01 , 18.6814365386 , 7.16833
43.04 , 18.6814365386 , 7.17400
43.08 , 18.6814365386 , 7.17967
43.11 , 18.6814365386 , 7.18550
43.15 , 18.6814365386 , 7.19117
43.18 , 18.7900505065 , 7.19700
43.22 , 18.6814365386 , 7.20250
43.25 , 18.7900505065 , 7.20833
43.28 , 18.7900505065 , 7.21400
43.32 , 18.7900505065 , 7.21983
43.35 , 18.7900505065 , 7.22550
43.39 , 18.7900505065 , 7.23117
43.42 , 18.8986625671 , 7.23683
43.46 , 18.8986625671 , 7.24267
43.49 , 18.7900505065 , 7.24833
43.53 , 18.8986625671 , 7.25417
43.56 , 18.8986625671 , 7.25967
43.59 , 18.8986625671 , 7.26550
43.63 , 19.0072746276 , 7.27133
43.66 , 19.0072746276 , 7.27700
43.70 , 19.0072746276 , 7.28283
43.73 , 19.0072746276 , 7.28833
43.77 , 19.1158905029 , 7.29417
43.80 , 19.0072746276 , 7.29983
43.83 , 19.0072746276 , 7.30567
43.87 , 19.0072746276 , 7.31133
43.90 , 19.1158905029 , 7.31700
43.94 , 19.1158905029 , 7.32267
43.97 , 19.2245044708 , 7.32850
44.01 , 19.1158905029 , 7.33417
44.04 , 19.2245044708 , 7.34000
44.07 , 19.2245044708 , 7.34550
44.11 , 19.2245044708 , 7.35133
44.14 , 19.3331165313 , 7.35700
44.18 , 19.3331165313 , 7.36283
44.21 , 19.3331165313 , 7.36850
44.25 , 19.3331165313 , 7.37433
44.28 , 19.3331165313 , 7.37983
44.31 , 19.3331165313 , 7.38567
44.35 , 19.4417304992 , 7.39133
44.38 , 19.4417304992 , 7.39717
44.42 , 19.4417304992 , 7.40283
44.45 , 19.5503425598 , 7.40850
44.49 , 19.5503425598 , 7.41417
44.52 , 19.4417304992 , 7.42000
44.55 , 19.5503425598 , 7.42567
44.59 , 19.5503425598 , 7.43150
44.62 , 19.5503425598 , 7.43700
44.66 , 19.6589546203 , 7.44283
44.69 , 19.5503425598 , 7.44850
44.73 , 19.5503425598 , 7.45433
44.76 , 19.5503425598 , 7.46017
44.79 , 19.6589546203 , 7.46567
44.83 , 19.6589546203 , 7.47150
44.86 , 19.6589546203 , 7.47717
44.90 , 19.6589546203 , 7.48300
44.93 , 19.6589546203 , 7.48867
44.97 , 19.7675685882 , 7.49433
45.00 , 19.6589546203 , 7.50000
45.04 , 19.7675685882 , 7.50583
45.07 , 19.6589546203 , 7.51150
45.10 , 19.7675685882 , 7.51733
45.14 , 19.7675685882 , 7.52283
45.17 , 19.7675685882 , 7.52867
45.21 , 19.7675685882 , 7.53433
45.24 , 19.7675685882 , 7.54017
45.28 , 19.7675685882 , 7.54583
45.31 , 19.7675685882 , 7.55150
45.34 , 19.7675685882 , 7.55717
45.38 , 19.7675685882 , 7.56300
45.41 , 19.8761806488 , 7.56867
45.45 , 19.8761806488 , 7.57450
45.48 , 19.8761806488 , 7.58000
45.52 , 19.9847946166 , 7.58583
45.55 , 19.9847946166 , 7.59150
45.58 , 19.8761806488 , 7.59733
45.62 , 19.9847946166 , 7.60300
45.65 , 19.9847946166 , 7.60867
45.69 , 20.0934066772 , 7.61433
45.72 , 19.9847946166 , 7.62017
45.76 , 19.9847946166 , 7.62583
45.79 , 19.9847946166 , 7.63167
45.83 , 20.0934066772 , 7.63750
45.86 , 20.0934066772 , 7.64300
45.89 , 20.0934066772 , 7.64883
45.93 , 20.0934066772 , 7.65450
45.96 , 20.2020206451 , 7.66033
46.00 , 20.0934066772 , 7.66600
46.03 , 20.2020206451 , 7.67167
46.06 , 20.2020206451 , 7.67733
46.10 , 20.2020206451 , 7.68317
46.13 , 20.2020206451 , 7.68883
46.17 , 20.3106327056 , 7.69467
46.20 , 20.3106327056 , 7.70017
46.24 , 20.3106327056 , 7.70600
46.27 , 20.3106327056 , 7.71167
46.31 , 20.3106327056 , 7.71750
46.34 , 20.4192466735 , 7.72317
46.37 , 20.4192466735 , 7.72883
46.41 , 20.4192466735 , 7.73450
46.44 , 20.5278587341 , 7.74033
46.48 , 20.4192466735 , 7.74600
46.51 , 20.4192466735 , 7.75183
46.54 , 20.5278587341 , 7.75733
46.58 , 20.5278587341 , 7.76317
46.61 , 20.5278587341 , 7.76883
46.65 , 20.6364707946 , 7.77467
46.68 , 20.6364707946 , 7.78033
46.72 , 20.6364707946 , 7.78600
46.75 , 20.6364707946 , 7.79167
46.79 , 20.7450847625 , 7.79750
46.82 , 20.6364707946 , 7.80317
46.85 , 20.7450847625 , 7.80900
46.89 , 20.7450847625 , 7.81450
46.92 , 20.6364707946 , 7.82033
46.96 , 20.7450847625 , 7.82617
46.99 , 20.7450847625 , 7.83183
47.03 , 20.7450847625 , 7.83767
47.06 , 20.7450847625 , 7.84317
47.09 , 20.7450847625 , 7.84900
47.13 , 20.7450847625 , 7.85467
47.16 , 20.8536968231 , 7.86050
47.20 , 20.8536968231 , 7.86617
47.23 , 20.8536968231 , 7.87200
47.27 , 20.8536968231 , 7.87750
47.30 , 20.9623107910 , 7.88333
47.33 , 20.9623107910 , 7.88900
47.37 , 21.0709228515 , 7.89483
47.40 , 21.0709228515 , 7.90050
47.44 , 20.9623107910 , 7.90617
47.47 , 20.9623107910 , 7.91183
47.51 , 20.9623107910 , 7.91767
47.54 , 21.0709228515 , 7.92333
47.58 , 21.0709228515 , 7.92917
47.61 , 20.9623107910 , 7.93467
47.64 , 21.0709228515 , 7.94050
47.68 , 21.0709228515 , 7.94617
47.71 , 21.0709228515 , 7.95200
47.75 , 21.0709228515 , 7.95767
47.78 , 21.0709228515 , 7.96333
47.81 , 21.0709228515 , 7.96900
47.85 , 21.1795368194 , 7.97483
47.88 , 21.1795368194 , 7.98050
47.92 , 21.0709228515 , 7.98633
47.95 , 21.0709228515 , 7.99183
47.99 , 21.1795368194 , 7.99767
48.02 , 21.1795368194 , 8.00350
48.06 , 21.1795368194 , 8.00917
48.09 , 21.2881488800 , 8.01500
48.12 , 21.2881488800 , 8.02050
48.16 , 21.2881488800 , 8.02633
48.19 , 21.2881488800 , 8.03200
48.23 , 21.2881488800 , 8.03783
48.26 , 21.3967628479 , 8.04350
48.29 , 21.3967628479 , 8.04917
48.33 , 21.3967628479 , 8.05483
48.36 , 21.3967628479 , 8.06067
48.40 , 21.5053749084 , 8.06633
48.43 , 21.5053749084 , 8.07217
48.47 , 21.5053749084 , 8.07767
48.50 , 21.5053749084 , 8.08350
48.54 , 21.5053749084 , 8.08917
48.57 , 21.5053749084 , 8.09500
48.60 , 21.5053749084 , 8.10067
48.64 , 21.5053749084 , 8.10633
48.67 , 21.6139869689 , 8.11200
48.71 , 21.6139869689 , 8.11783
48.74 , 21.6139869689 , 8.12350
48.78 , 21.6139869689 , 8.12933
48.81 , 21.7226009368 , 8.13483
48.84 , 21.7226009368 , 8.14067
48.88 , 21.7226009368 , 8.14633
48.91 , 21.6139869689 , 8.15217
48.95 , 21.7226009368 , 8.15783
48.98 , 21.7226009368 , 8.16367
49.02 , 21.8312129974 , 8.16917
49.05 , 21.7226009368 , 8.17500
49.08 , 21.7226009368 , 8.18067
49.12 , 21.8312129974 , 8.18650
49.15 , 21.8312129974 , 8.19233
49.19 , 21.9398288726 , 8.19783
49.22 , 21.9398288726 , 8.20367
49.26 , 21.9398288726 , 8.20933
49.29 , 21.9398288726 , 8.21517
49.33 , 21.9398288726 , 8.22083
49.36 , 22.0484428405 , 8.22650
49.39 , 22.0484428405 , 8.23217
49.43 , 22.0484428405 , 8.23800
49.46 , 22.0484428405 , 8.24367
49.50 , 22.1570549011 , 8.24950
49.53 , 22.0484428405 , 8.25500
49.56 , 22.1570549011 , 8.26083
49.60 , 22.0484428405 , 8.26650
49.63 , 22.1570549011 , 8.27233
49.67 , 22.1570549011 , 8.27800
49.70 , 22.0484428405 , 8.28367
49.74 , 22.2656669616 , 8.28933
49.77 , 22.1570549011 , 8.29517
49.81 , 22.1570549011 , 8.30083
49.84 , 22.2656669616 , 8.30667
49.87 , 22.1570549011 , 8.31217
49.91 , 22.2656669616 , 8.31800
49.94 , 22.2656669616 , 8.32367
49.98 , 22.3742790222 , 8.32950
50.01 , 22.2656669616 , 8.33517
50.04 , 22.2656669616 , 8.34083
50.08 , 22.3742790222 , 8.34650
50.11 , 22.2656669616 , 8.35233
50.15 , 22.3742790222 , 8.35800
50.18 , 22.2656669616 , 8.36383
50.22 , 22.3742790222 , 8.36950
50.25 , 22.3742790222 , 8.37517
50.29 , 22.3742790222 , 8.38100
50.32 , 22.4828929901 , 8.38667
50.36 , 22.4828929901 , 8.39250
50.39 , 22.3742790222 , 8.39800
50.42 , 22.3742790222 , 8.40383
50.46 , 22.4828929901 , 8.40950
50.49 , 22.4828929901 , 8.41533
50.53 , 22.4828929901 , 8.42100
50.56 , 22.5915050506 , 8.42683
50.59 , 22.5915050506 , 8.43233
50.63 , 22.5915050506 , 8.43817
50.66 , 22.5915050506 , 8.44383
50.70 , 22.5915050506 , 8.44967
50.73 , 22.5915050506 , 8.45533
50.77 , 22.7001190185 , 8.46100
50.80 , 22.7001190185 , 8.46667
50.84 , 22.7001190185 , 8.47250
50.87 , 22.5915050506 , 8.47817
50.90 , 22.8087310791 , 8.48400
50.94 , 22.8087310791 , 8.48950
50.97 , 22.7001190185 , 8.49533
51.01 , 22.8087310791 , 8.50100
51.04 , 22.8087310791 , 8.50683
51.08 , 22.8087310791 , 8.51250
51.11 , 22.9173431396 , 8.51817
51.14 , 22.9173431396 , 8.52383
51.18 , 22.9173431396 , 8.52967
51.21 , 22.8087310791 , 8.53533
51.25 , 22.9173431396 , 8.54117
51.28 , 22.9173431396 , 8.54667
51.31 , 23.0259571075 , 8.55250
51.35 , 22.9173431396 , 8.55833
51.38 , 23.0259571075 , 8.56400
51.42 , 23.0259571075 , 8.56983
51.45 , 23.1345691680 , 8.57533
51.49 , 23.1345691680 , 8.58117
51.52 , 23.0259571075 , 8.58683
51.56 , 23.1345691680 , 8.59267
51.59 , 23.1345691680 , 8.59833
51.62 , 23.1345691680 , 8.60400
51.66 , 23.2431831359 , 8.60967
51.69 , 23.1345691680 , 8.61550
51.73 , 23.1345691680 , 8.62117
51.76 , 23.2431831359 , 8.62700
51.79 , 23.2431831359 , 8.63250
51.83 , 23.2431831359 , 8.63833
51.86 , 23.3517951965 , 8.64400
51.90 , 23.3517951965 , 8.64983
51.93 , 23.3517951965 , 8.65550
51.97 , 23.4604091644 , 8.66133
52.00 , 23.3517951965 , 8.66683
52.04 , 23.3517951965 , 8.67267
52.07 , 23.3517951965 , 8.67833
52.11 , 23.4604091644 , 8.68417
52.14 , 23.3517951965 , 8.68983
52.17 , 23.4604091644 , 8.69550
52.21 , 23.4604091644 , 8.70117
52.24 , 23.4604091644 , 8.70700
52.28 , 23.4604091644 , 8.71267
52.31 , 23.4604091644 , 8.71850
52.34 , 23.5690212249 , 8.72400
52.38 , 23.4604091644 , 8.72983
52.41 , 23.4604091644 , 8.73567
52.45 , 23.5690212249 , 8.74133
52.48 , 23.5690212249 , 8.74717
52.52 , 23.4604091644 , 8.75267
52.55 , 23.5690212249 , 8.75850
52.59 , 23.4604091644 , 8.76417
52.62 , 23.5690212249 , 8.77000
52.65 , 23.6776351928 , 8.77567
52.69 , 23.5690212249 , 8.78133
52.72 , 23.6776351928 , 8.78700
52.76 , 23.6776351928 , 8.79283
52.79 , 23.7862472534 , 8.79850
52.83 , 23.7862472534 , 8.80433
52.86 , 23.7862472534 , 8.80983
52.89 , 23.7862472534 , 8.81567
52.93 , 23.6776351928 , 8.82133
52.96 , 23.7862472534 , 8.82717
53.00 , 23.7862472534 , 8.83283
53.03 , 23.7862472534 , 8.83850
53.06 , 23.7862472534 , 8.84417
53.10 , 23.7862472534 , 8.85000
53.13 , 23.8948593139 , 8.85567
53.17 , 23.8948593139 , 8.86150
53.20 , 23.8948593139 , 8.86700
53.24 , 23.8948593139 , 8.87283
53.27 , 23.8948593139 , 8.87850
53.31 , 24.1120853424 , 8.88433
53.34 , 24.0034732818 , 8.89000
53.37 , 24.0034732818 , 8.89567
53.41 , 24.0034732818 , 8.90133
53.44 , 24.0034732818 , 8.90717
53.48 , 24.0034732818 , 8.91283
53.51 , 24.0034732818 , 8.91867
53.55 , 24.1120853424 , 8.92450
53.58 , 24.2206993103 , 8.93000
53.62 , 24.1120853424 , 8.93583
53.65 , 24.2206993103 , 8.94150
53.68 , 24.2206993103 , 8.94733
53.72 , 24.2206993103 , 8.95300
53.75 , 24.3293113708 , 8.95867
53.79 , 24.3293113708 , 8.96433
53.82 , 24.3293113708 , 8.97017
53.86 , 24.3293113708 , 8.97583
53.89 , 24.3293113708 , 8.98167
53.92 , 24.3293113708 , 8.98717
53.96 , 24.3293113708 , 8.99300
53.99 , 24.3293113708 , 8.99867
54.03 , 24.4379253387 , 9.00450
54.06 , 24.4379253387 , 9.01017
54.10 , 24.5465373992 , 9.01583
54.13 , 24.4379253387 , 9.02150
54.16 , 24.5465373992 , 9.02733
54.20 , 24.5465373992 , 9.03300
54.23 , 24.4379253387 , 9.03883
54.27 , 24.5465373992 , 9.04433
54.30 , 24.5465373992 , 9.05017
54.34 , 24.5465373992 , 9.05583
54.37 , 24.6551551818 , 9.06167
54.40 , 24.5465373992 , 9.06733
54.44 , 24.6551551818 , 9.07300
54.47 , 24.6551551818 , 9.07867
54.51 , 24.6551551818 , 9.08450
54.54 , 24.6551551818 , 9.09017
54.58 , 24.6551551818 , 9.09600
54.61 , 24.7637691497 , 9.10167
54.64 , 24.6551551818 , 9.10733
54.68 , 24.7637691497 , 9.11317
54.71 , 24.6551551818 , 9.11883
54.75 , 24.6551551818 , 9.12467
54.78 , 24.7637691497 , 9.13017
54.82 , 24.7637691497 , 9.13600
54.85 , 24.7637691497 , 9.14167
54.88 , 24.7637691497 , 9.14750
54.92 , 24.8723812103 , 9.15317
54.95 , 24.8723812103 , 9.15883
54.99 , 24.7637691497 , 9.16450
55.02 , 24.8723812103 , 9.17033
55.06 , 24.8723812103 , 9.17600
55.09 , 24.8723812103 , 9.18183
55.12 , 24.8723812103 , 9.18733
55.16 , 24.9809951782 , 9.19317
55.19 , 24.8723812103 , 9.19883
55.23 , 24.9809951782 , 9.20467
55.26 , 25.0896072387 , 9.21033
55.30 , 24.9809951782 , 9.21617
55.33 , 24.9809951782 , 9.22167
55.37 , 25.0896072387 , 9.22750
55.40 , 24.9809951782 , 9.23317
55.43 , 25.0896072387 , 9.23900
55.47 , 25.0896072387 , 9.24467
55.50 , 25.0896072387 , 9.25033
55.54 , 25.1982192993 , 9.25600
55.57 , 25.1982192993 , 9.26183
55.61 , 25.1982192993 , 9.26750
55.64 , 25.1982192993 , 9.27333
55.67 , 25.1982192993 , 9.27883
55.71 , 25.1982192993 , 9.28467
55.74 , 25.1982192993 , 9.29050
55.78 , 25.1982192993 , 9.29617
55.81 , 25.3068332672 , 9.30200
55.85 , 25.3068332672 , 9.30750
55.88 , 25.4154453277 , 9.31333
55.91 , 25.3068332672 , 9.31900
55.95 , 25.4154453277 , 9.32483
55.98 , 25.3068332672 , 9.33050
56.02 , 25.4154453277 , 9.33617
56.05 , 25.4154453277 , 9.34183
56.09 , 25.4154453277 , 9.34767
56.12 , 25.5240592956 , 9.35333
56.15 , 25.5240592956 , 9.35917
56.19 , 25.5240592956 , 9.36467
56.22 , 25.6326713562 , 9.37050
56.26 , 25.6326713562 , 9.37617
56.29 , 25.5240592956 , 9.38200
56.33 , 25.6326713562 , 9.38767
56.36 , 25.6326713562 , 9.39333
56.39 , 25.7412853240 , 9.39900
56.43 , 25.6326713562 , 9.40483
56.46 , 25.7412853240 , 9.41050
56.50 , 25.6326713562 , 9.41633
56.53 , 25.7412853240 , 9.42183
56.57 , 25.7412853240 , 9.42767
56.60 , 25.7412853240 , 9.43333
56.63 , 25.8498973846 , 9.43917
56.67 , 25.8498973846 , 9.44483
56.70 , 25.7412853240 , 9.45067
56.74 , 25.9585113525 , 9.45617
56.77 , 25.9585113525 , 9.46200
56.81 , 25.8498973846 , 9.46783
56.84 , 25.9585113525 , 9.47350
56.88 , 25.9585113525 , 9.47933
56.91 , 25.9585113525 , 9.48483
56.94 , 25.8498973846 , 9.49067
56.98 , 25.9585113525 , 9.49633
57.01 , 25.9585113525 , 9.50217
57.05 , 25.9585113525 , 9.50783
57.08 , 25.9585113525 , 9.51350
57.12 , 26.0671234130 , 9.51917
57.15 , 26.0671234130 , 9.52500
57.18 , 26.0671234130 , 9.53067
57.22 , 26.0671234130 , 9.53650
57.25 , 26.0671234130 , 9.54200
57.29 , 26.1757354736 , 9.54783
57.32 , 26.1757354736 , 9.55350
57.36 , 26.1757354736 , 9.55933
57.39 , 26.0671234130 , 9.56500
57.42 , 26.1757354736 , 9.57067
57.46 , 26.1757354736 , 9.57633
57.49 , 26.1757354736 , 9.58217
57.53 , 26.2843494415 , 9.58783
57.56 , 26.1757354736 , 9.59367
57.60 , 26.2843494415 , 9.59917
57.63 , 26.2843494415 , 9.60500
57.66 , 26.2843494415 , 9.61067
57.70 , 26.2843494415 , 9.61650
57.73 , 26.3929615020 , 9.62217
57.77 , 26.2843494415 , 9.62783
57.80 , 26.3929615020 , 9.63350
57.84 , 26.3929615020 , 9.63933
57.87 , 26.5015754699 , 9.64500
57.90 , 26.5015754699 , 9.65083
57.94 , 26.3929615020 , 9.65650
57.97 , 26.3929615020 , 9.66217
58.01 , 26.5015754699 , 9.66800
58.04 , 26.5015754699 , 9.67367
58.08 , 26.5015754699 , 9.67950
58.11 , 26.6101875305 , 9.68500
58.15 , 26.6101875305 , 9.69083
58.18 , 26.5015754699 , 9.69650
58.21 , 26.6101875305 , 9.70233
58.25 , 26.6101875305 , 9.70800
58.28 , 26.6101875305 , 9.71383
58.32 , 26.6101875305 , 9.71933
58.35 , 26.6101875305 , 9.72517
58.38 , 26.7188014984 , 9.73083
58.42 , 26.7188014984 , 9.73667
58.45 , 26.7188014984 , 9.74233
58.49 , 26.8274135589 , 9.74800
58.52 , 26.7188014984 , 9.75367
58.56 , 26.8274135589 , 9.75950
58.59 , 26.9360275268 , 9.76517
58.63 , 26.8274135589 , 9.77100
58.66 , 26.9360275268 , 9.77650
58.69 , 26.8274135589 , 9.78233
58.73 , 26.9360275268 , 9.78800
58.76 , 26.8274135589 , 9.79383
58.80 , 27.0446395874 , 9.79950
58.83 , 27.0446395874 , 9.80517
58.87 , 26.9360275268 , 9.81083
58.90 , 27.0446395874 , 9.81667
58.93 , 26.9360275268 , 9.82233
58.97 , 26.9360275268 , 9.82817
59.00 , 27.0446395874 , 9.83383
59.04 , 27.0446395874 , 9.83950
59.07 , 27.0446395874 , 9.84533
59.11 , 27.0446395874 , 9.85100
59.14 , 27.1532516479 , 9.85683
59.17 , 27.1532516479 , 9.86233
59.21 , 27.1532516479 , 9.86817
59.24 , 27.1532516479 , 9.87383
59.28 , 27.1532516479 , 9.87967
59.31 , 27.1532516479 , 9.88533
59.35 , 27.2618656158 , 9.89100
59.38 , 27.1532516479 , 9.89667
59.42 , 27.2618656158 , 9.90250
59.45 , 27.2618656158 , 9.90817
59.48 , 27.1532516479 , 9.91400
59.52 , 27.2618656158 , 9.91950
59.55 , 27.3704776763 , 9.92533
59.59 , 27.2618656158 , 9.93100
59.62 , 27.2618656158 , 9.93683
59.65 , 27.2618656158 , 9.94250
59.69 , 27.2618656158 , 9.94817
59.72 , 27.3704776763 , 9.95383
59.76 , 27.3704776763 , 9.95967
59.79 , 27.3704776763 , 9.96533
59.83 , 27.3704776763 , 9.97117
59.86 , 27.3704776763 , 9.97667
59.90 , 27.4790916442 , 9.98250
59.93 , 27.4790916442 , 9.98817
59.96 , 27.3704776763 , 9.99400
60.00 , 27.4790916442 , 9.99967
60.03 , 27.4790916442 , 10.00550
60.07 , 27.4790916442 , 10.01133
60.10 , 27.4790916442 , 10.01717
60.14 , 27.5877037048 , 10.02317
60.17 , 27.5877037048 , 10.02900
60.21 , 27.5877037048 , 10.03500
60.24 , 27.5877037048 , 10.04067
60.28 , 27.6963176727 , 10.04667
60.31 , 27.6963176727 , 10.05250
60.35 , 27.6963176727 , 10.05850
60.39 , 27.6963176727 , 10.06433
60.42 , 27.8049297332 , 10.07033
60.46 , 27.8049297332 , 10.07600
60.49 , 27.6963176727 , 10.08200
60.53 , 27.6963176727 , 10.08783
60.56 , 27.8049297332 , 10.09383
60.60 , 27.8049297332 , 10.09967
60.63 , 27.8049297332 , 10.10567
60.67 , 27.9135437011 , 10.11150
60.70 , 27.9135437011 , 10.11733
60.74 , 27.9135437011 , 10.12333
60.78 , 27.9135437011 , 10.12917
60.81 , 27.9135437011 , 10.13517
60.85 , 28.0221557617 , 10.14100
60.88 , 28.0221557617 , 10.14683
60.92 , 27.9135437011 , 10.15267
60.95 , 28.0221557617 , 10.15867
60.99 , 28.0221557617 , 10.16450
61.02 , 28.1307678222 , 10.17050
61.06 , 28.0221557617 , 10.17633
61.09 , 28.1307678222 , 10.18217
61.13 , 28.0221557617 , 10.18800
61.16 , 28.1307678222 , 10.19400
61.20 , 28.1307678222 , 10.20000
61.24 , 28.2393817901 , 10.20583
61.27 , 28.2393817901 , 10.21183
61.31 , 28.2393817901 , 10.21750
61.34 , 28.2393817901 , 10.22350
61.38 , 28.2393817901 , 10.22933
61.41 , 28.2393817901 , 10.23533
61.45 , 28.3479938507 , 10.24117
61.48 , 28.2393817901 , 10.24717
61.52 , 28.3479938507 , 10.25283
61.55 , 28.3479938507 , 10.25883
61.59 , 28.3479938507 , 10.26467
61.62 , 28.3479938507 , 10.27067
61.66 , 28.3479938507 , 10.27650
61.69 , 28.3479938507 , 10.28233
61.73 , 28.3479938507 , 10.28817
61.77 , 28.4566078186 , 10.29417
61.80 , 28.4566078186 , 10.30017
61.84 , 28.5652198791 , 10.30600
61.87 , 28.4566078186 , 10.31200
61.91 , 28.4566078186 , 10.31767
61.94 , 28.4566078186 , 10.32367
61.98 , 28.5652198791 , 10.32950
62.01 , 28.5652198791 , 10.33550
62.05 , 28.5652198791 , 10.34133
62.08 , 28.5652198791 , 10.34733
62.12 , 28.5652198791 , 10.35300
62.15 , 28.5652198791 , 10.35900
62.19 , 28.5652198791 , 10.36483
62.22 , 28.6738338470 , 10.37083
62.26 , 28.6738338470 , 10.37667
62.30 , 28.6738338470 , 10.38267
62.33 , 28.6738338470 , 10.38850
62.37 , 28.7824459075 , 10.39433
62.40 , 28.6738338470 , 10.40033
62.44 , 28.7824459075 , 10.40617
62.47 , 28.7824459075 , 10.41217
62.51 , 28.7824459075 , 10.41800
62.54 , 28.7824459075 , 10.42383
62.58 , 28.8910598754 , 10.42967
62.61 , 28.7824459075 , 10.43567
62.65 , 28.8910598754 , 10.44150
62.69 , 28.8910598754 , 10.44750
62.72 , 28.8910598754 , 10.45333
62.76 , 28.8910598754 , 10.45917
62.79 , 28.9996719360 , 10.46500
62.83 , 28.8910598754 , 10.47100
62.86 , 28.8910598754 , 10.47683
62.90 , 28.8910598754 , 10.48283
62.93 , 28.9996719360 , 10.48867
62.97 , 28.9996719360 , 10.49450
63.00 , 28.9996719360 , 10.50050
63.04 , 29.1082839965 , 10.50633
63.07 , 29.1082839965 , 10.51233
63.11 , 29.2168979644 , 10.51817
63.14 , 29.2168979644 , 10.52400
63.18 , 29.2168979644 , 10.52983
63.22 , 29.2168979644 , 10.53583
63.25 , 29.2168979644 , 10.54167
63.29 , 29.2168979644 , 10.54767
63.32 , 29.2168979644 , 10.55350
63.36 , 29.2168979644 , 10.55933
63.39 , 29.2168979644 , 10.56517
63.43 , 29.2168979644 , 10.57117
63.46 , 29.3255100250 , 10.57717
63.50 , 29.4341239929 , 10.58300
63.53 , 29.3255100250 , 10.58900
63.57 , 29.4341239929 , 10.59467
63.60 , 29.3255100250 , 10.60067
63.64 , 29.4341239929 , 10.60650
63.68 , 29.4341239929 , 10.61250
63.71 , 29.4341239929 , 10.61833
63.75 , 29.4341239929 , 10.62433
63.78 , 29.4341239929 , 10.63000
63.82 , 29.5427360534 , 10.63600
63.85 , 29.5427360534 , 10.64183
63.89 , 29.5427360534 , 10.64783
63.92 , 29.4341239929 , 10.65367
63.96 , 29.5427360534 , 10.65967
63.99 , 29.5427360534 , 10.66533
64.03 , 29.6513500213 , 10.67133
64.06 , 29.6513500213 , 10.67733
64.10 , 29.5427360534 , 10.68317
64.13 , 29.6513500213 , 10.68917
64.17 , 29.7599620819 , 10.69483
64.20 , 29.6513500213 , 10.70083
64.24 , 29.6513500213 , 10.70667
64.28 , 29.7599620819 , 10.71267
64.31 , 29.7599620819 , 10.71850
64.35 , 29.8685741424 , 10.72450
64.38 , 29.7599620819 , 10.73017
64.42 , 29.7599620819 , 10.73617
64.45 , 29.7599620819 , 10.74200
64.49 , 29.8685741424 , 10.74800
64.52 , 29.7599620819 , 10.75383
64.56 , 29.7599620819 , 10.75983
64.59 , 29.8685741424 , 10.76567
64.63 , 29.7599620819 , 10.77150
64.66 , 29.9771881103 , 10.77750
64.70 , 29.7599620819 , 10.78333
64.74 , 29.9771881103 , 10.78933
64.77 , 29.8685741424 , 10.79517
64.81 , 29.9771881103 , 10.80100
64.84 , 29.9771881103 , 10.80683
64.88 , 29.8685741424 , 10.81283
64.91 , 29.9771881103 , 10.81867
64.95 , 30.0858001708 , 10.82467
64.98 , 29.9771881103 , 10.83050
65.02 , 30.0858001708 , 10.83633
65.05 , 30.0858001708 , 10.84217
65.09 , 29.9771881103 , 10.84817
65.12 , 30.0858001708 , 10.85400
65.16 , 30.0858001708 , 10.86000
65.20 , 30.0858001708 , 10.86600
65.23 , 30.1944198608 , 10.87167
65.27 , 30.1944198608 , 10.87767
65.30 , 30.1944198608 , 10.88350
65.34 , 30.3030319213 , 10.88950
65.37 , 30.1944198608 , 10.89533
65.41 , 30.1944198608 , 10.90133
65.44 , 30.3030319213 , 10.90700
65.48 , 30.3030319213 , 10.91300
65.51 , 30.4116439819 , 10.91883
65.55 , 30.4116439819 , 10.92483
65.58 , 30.3030319213 , 10.93067
65.62 , 30.4116439819 , 10.93650
65.65 , 30.4116439819 , 10.94233
65.69 , 30.4116439819 , 10.94833
65.73 , 30.5202579498 , 10.95433
65.76 , 30.4116439819 , 10.96017
65.80 , 30.4116439819 , 10.96617
65.83 , 30.5202579498 , 10.97183
65.87 , 30.5202579498 , 10.97783
65.90 , 30.5202579498 , 10.98367
65.94 , 30.5202579498 , 10.98967
65.97 , 30.5202579498 , 10.99550
66.01 , 30.6288700103 , 11.00150
66.04 , 30.6288700103 , 11.00717
66.08 , 30.6288700103 , 11.01317
66.11 , 30.7374839782 , 11.01900
66.15 , 30.5202579498 , 11.02500
66.18 , 30.6288700103 , 11.03083
66.22 , 30.6288700103 , 11.03683
66.25 , 30.7374839782 , 11.04250
66.29 , 30.7374839782 , 11.04850
66.33 , 30.7374839782 , 11.05450
66.36 , 30.8460960388 , 11.06033
66.40 , 30.8460960388 , 11.06633
66.43 , 30.8460960388 , 11.07217
66.47 , 30.8460960388 , 11.07800
66.50 , 30.7374839782 , 11.08383
66.54 , 30.8460960388 , 11.08983
66.57 , 30.8460960388 , 11.09567
66.61 , 30.8460960388 , 11.10167
66.64 , 30.8460960388 , 11.10733
66.68 , 30.8460960388 , 11.11333
66.71 , 30.8460960388 , 11.11917
66.75 , 30.9547100067 , 11.12517
66.79 , 30.9547100067 , 11.13100
66.82 , 30.9547100067 , 11.13700
66.86 , 30.9547100067 , 11.14283
66.89 , 30.9547100067 , 11.14867
66.93 , 30.9547100067 , 11.15467
66.96 , 31.0633220672 , 11.16050
67.00 , 31.0633220672 , 11.16650
67.03 , 31.0633220672 , 11.17233
67.07 , 31.0633220672 , 11.17817
67.10 , 31.0633220672 , 11.18400
67.14 , 31.0633220672 , 11.19000
67.18 , 31.0633220672 , 11.19583
67.21 , 31.1719360351 , 11.20183
67.25 , 31.1719360351 , 11.20767
67.28 , 31.1719360351 , 11.21350
67.32 , 31.1719360351 , 11.21933
67.35 , 31.2805480957 , 11.22533
67.39 , 31.2805480957 , 11.23117
67.42 , 31.1719360351 , 11.23717
67.46 , 31.2805480957 , 11.24317
67.49 , 31.3891601562 , 11.24883
67.53 , 31.3891601562 , 11.25483
67.56 , 31.2805480957 , 11.26067
67.60 , 31.3891601562 , 11.26667
67.63 , 31.3891601562 , 11.27250
67.67 , 31.3891601562 , 11.27850
67.70 , 31.3891601562 , 11.28417
67.74 , 31.4977741241 , 11.29017
67.78 , 31.4977741241 , 11.29600
67.81 , 31.4977741241 , 11.30200
67.85 , 31.4977741241 , 11.30783
67.88 , 31.4977741241 , 11.31383
67.92 , 31.4977741241 , 11.31950
67.95 , 31.6063861846 , 11.32550
67.99 , 31.4977741241 , 11.33150
68.02 , 31.6063861846 , 11.33733
68.06 , 31.4977741241 , 11.34333
68.09 , 31.4977741241 , 11.34900
68.13 , 31.6063861846 , 11.35500
68.16 , 31.6063861846 , 11.36083
68.20 , 31.6063861846 , 11.36683
68.24 , 31.6063861846 , 11.37267
68.27 , 31.6063861846 , 11.37867
68.31 , 31.6063861846 , 11.38433
68.34 , 31.7150001525 , 11.39033
68.38 , 31.7150001525 , 11.39617
68.41 , 31.7150001525 , 11.40217
68.45 , 31.7150001525 , 11.40800
68.48 , 31.8236122131 , 11.41400
68.52 , 31.8236122131 , 11.41967
68.55 , 31.7150001525 , 11.42567
68.59 , 31.8236122131 , 11.43167
68.62 , 31.8236122131 , 11.43750
68.66 , 31.8236122131 , 11.44350
68.70 , 31.8236122131 , 11.44933
68.73 , 31.9322261810 , 11.45517
68.77 , 31.8236122131 , 11.46100
68.80 , 31.9322261810 , 11.46700
68.84 , 31.9322261810 , 11.47283
68.87 , 31.9322261810 , 11.47883
68.91 , 31.9322261810 , 11.48467
68.94 , 32.0408401489 , 11.49050
68.98 , 32.0408401489 , 11.49633
69.01 , 32.0408401489 , 11.50233
69.05 , 32.0408401489 , 11.50817
69.08 , 32.0408401489 , 11.51417
69.12 , 32.0408401489 , 11.52017
69.15 , 32.1494522094 , 11.52583
69.19 , 32.1494522094 , 11.53183
69.23 , 32.1494522094 , 11.53767
69.26 , 32.1494522094 , 11.54367
69.30 , 32.1494522094 , 11.54950
69.33 , 32.0408401489 , 11.55533
69.37 , 32.1494522094 , 11.56117
69.40 , 32.2580642700 , 11.56717
69.44 , 32.2580642700 , 11.57300
69.47 , 32.2580642700 , 11.57900
69.51 , 32.2580642700 , 11.58483
69.54 , 32.2580642700 , 11.59067
69.58 , 32.2580642700 , 11.59650
69.61 , 32.3666763305 , 11.60250
69.65 , 32.3666763305 , 11.60833
69.69 , 32.3666763305 , 11.61433
69.72 , 32.2580642700 , 11.62033
69.76 , 32.3666763305 , 11.62600
69.79 , 32.2580642700 , 11.63200
69.83 , 32.3666763305 , 11.63783
69.86 , 32.3666763305 , 11.64383
69.90 , 32.3666763305 , 11.64967
69.93 , 32.4752883911 , 11.65567
69.97 , 32.4752883911 , 11.66133
70.00 , 32.4752883911 , 11.66733
70.04 , 32.5839042663 , 11.67317
70.07 , 32.4752883911 , 11.67917
70.11 , 32.5839042663 , 11.68500
70.15 , 32.5839042663 , 11.69100
70.18 , 32.5839042663 , 11.69667
70.22 , 32.5839042663 , 11.70267
70.25 , 32.6925163269 , 11.70867
70.29 , 32.5839042663 , 11.71450
70.32 , 32.6925163269 , 11.72050
70.36 , 32.5839042663 , 11.72633
70.39 , 32.6925163269 , 11.73217
70.43 , 32.6925163269 , 11.73800
70.46 , 32.6925163269 , 11.74400
70.50 , 32.8011283874 , 11.74983
70.54 , 32.8011283874 , 11.75583
70.57 , 32.8011283874 , 11.76150
70.61 , 32.8011283874 , 11.76750
70.64 , 32.8011283874 , 11.77333
70.68 , 32.9097404479 , 11.77933
70.71 , 32.9097404479 , 11.78517
70.75 , 32.9097404479 , 11.79117
70.78 , 33.0183563232 , 11.79683
70.82 , 32.9097404479 , 11.80283
70.85 , 32.9097404479 , 11.80883
70.89 , 33.0183563232 , 11.81467
70.92 , 33.0183563232 , 11.82067
70.96 , 33.0183563232 , 11.82650
70.99 , 33.0183563232 , 11.83233
71.03 , 33.0183563232 , 11.83817
71.06 , 33.1269683837 , 11.84417
71.10 , 33.1269683837 , 11.85000
71.14 , 33.2355804443 , 11.85600
71.17 , 33.1269683837 , 11.86183
71.21 , 33.1269683837 , 11.86767
71.24 , 33.1269683837 , 11.87350
71.28 , 33.1269683837 , 11.87950
71.31 , 33.1269683837 , 11.88533
71.35 , 33.2355804443 , 11.89133
71.38 , 33.1269683837 , 11.89733
71.42 , 33.2355804443 , 11.90300
71.45 , 33.1269683837 , 11.90900
71.49 , 33.3441925048 , 11.91483
71.52 , 33.2355804443 , 11.92083
71.56 , 33.2355804443 , 11.92667
71.60 , 33.3441925048 , 11.93267
71.63 , 33.2355804443 , 11.93833
71.67 , 33.3441925048 , 11.94433
71.70 , 33.3441925048 , 11.95017
71.74 , 33.3441925048 , 11.95617
71.77 , 33.3441925048 , 11.96200
71.81 , 33.3441925048 , 11.96800
71.84 , 33.3441925048 , 11.97367
71.88 , 33.4528045654 , 11.97967
71.91 , 33.3441925048 , 11.98550
71.95 , 33.4528045654 , 11.99150
71.98 , 33.4528045654 , 11.99750
72.02 , 33.5614204406 , 12.00317
72.05 , 33.4528045654 , 12.00917
72.09 , 33.5614204406 , 12.01500
72.13 , 33.5614204406 , 12.02100
72.16 , 33.5614204406 , 12.02683
72.20 , 33.5614204406 , 12.03283
72.23 , 33.5614204406 , 12.03850
72.27 , 33.6700325012 , 12.04450
72.30 , 33.6700325012 , 12.05033
72.34 , 33.6700325012 , 12.05633
72.37 , 33.6700325012 , 12.06217
72.41 , 33.6700325012 , 12.06817
72.44 , 33.6700325012 , 12.07383
72.48 , 33.7786445617 , 12.07983
72.51 , 33.7786445617 , 12.08583
72.55 , 33.7786445617 , 12.09167
72.59 , 33.7786445617 , 12.09767
72.62 , 33.7786445617 , 12.10350
72.66 , 33.8872566223 , 12.10933
72.69 , 33.8872566223 , 12.11517
72.73 , 33.8872566223 , 12.12117
72.76 , 33.8872566223 , 12.12700
72.80 , 33.8872566223 , 12.13300
72.83 , 33.9958724975 , 12.13883
72.87 , 33.9958724975 , 12.14467
72.90 , 33.9958724975 , 12.15050
72.94 , 33.9958724975 , 12.15650
72.97 , 33.9958724975 , 12.16233
73.01 , 33.9958724975 , 12.16833
73.04 , 34.1044845581 , 12.17400
73.08 , 34.1044845581 , 12.18000
73.12 , 34.1044845581 , 12.18600
73.15 , 34.1044845581 , 12.19183
73.19 , 34.1044845581 , 12.19783
73.22 , 34.1044845581 , 12.20367
73.26 , 34.3217086791 , 12.20950
73.29 , 34.2130966186 , 12.21533
73.33 , 34.2130966186 , 12.22133
73.36 , 34.2130966186 , 12.22717
73.40 , 34.3217086791 , 12.23317
73.43 , 34.3217086791 , 12.23900
73.47 , 34.3217086791 , 12.24483
73.50 , 34.2130966186 , 12.25067
73.54 , 34.3217086791 , 12.25667
73.57 , 34.3217086791 , 12.26250
73.61 , 34.3217086791 , 12.26850
73.65 , 34.3217086791 , 12.27450
73.68 , 34.4303283691 , 12.28017
73.72 , 34.4303283691 , 12.28617
73.75 , 34.4303283691 , 12.29200
73.79 , 34.4303283691 , 12.29800
73.82 , 34.3217086791 , 12.30383
73.86 , 34.4303283691 , 12.30983
73.89 , 34.4303283691 , 12.31550
73.93 , 34.5389404296 , 12.32150
73.96 , 34.4303283691 , 12.32733
74.00 , 34.5389404296 , 12.33333
74.04 , 34.5389404296 , 12.33917
74.07 , 34.5389404296 , 12.34517
74.11 , 34.5389404296 , 12.35083
74.14 , 34.5389404296 , 12.35683
74.18 , 34.5389404296 , 12.36267
74.21 , 34.6475524902 , 12.36867
74.25 , 34.6475524902 , 12.37467
74.28 , 34.6475524902 , 12.38050
74.32 , 34.6475524902 , 12.38633
74.35 , 34.7561645507 , 12.39217
74.39 , 34.7561645507 , 12.39817
74.42 , 34.7561645507 , 12.40400
74.46 , 34.7561645507 , 12.41000
74.49 , 34.7561645507 , 12.41567
74.53 , 34.7561645507 , 12.42167
74.56 , 34.7561645507 , 12.42750
74.60 , 34.7561645507 , 12.43350
74.64 , 34.7561645507 , 12.43933
74.67 , 34.8647804260 , 12.44533
74.71 , 34.8647804260 , 12.45100
74.74 , 34.7561645507 , 12.45700
74.78 , 34.8647804260 , 12.46300
74.81 , 34.9733924865 , 12.46883
74.85 , 34.9733924865 , 12.47483
74.88 , 34.9733924865 , 12.48067
74.92 , 34.9733924865 , 12.48650
74.95 , 34.9733924865 , 12.49233
74.99 , 35.0820045471 , 12.49833
75.02 , 35.0820045471 , 12.50417
75.06 , 34.9733924865 , 12.51017
75.10 , 35.0820045471 , 12.51600
75.13 , 35.0820045471 , 12.52183
75.17 , 35.1906166076 , 12.52767
75.20 , 35.0820045471 , 12.53367
75.24 , 35.1906166076 , 12.53950
75.27 , 35.1906166076 , 12.54550
75.31 , 35.1906166076 , 12.55133
75.34 , 35.2992324829 , 12.55717
75.38 , 35.1906166076 , 12.56317
75.41 , 35.1906166076 , 12.56900
75.45 , 35.1906166076 , 12.57500
75.48 , 35.2992324829 , 12.58083
75.52 , 35.2992324829 , 12.58683
75.55 , 35.4078445434 , 12.59250
75.59 , 35.2992324829 , 12.59850
75.63 , 35.2992324829 , 12.60433
75.66 , 35.4078445434 , 12.61033
75.70 , 35.4078445434 , 12.61617
75.73 , 35.4078445434 , 12.62200
75.77 , 35.4078445434 , 12.62783
75.80 , 35.4078445434 , 12.63383
75.84 , 35.5164566040 , 12.63967
75.87 , 35.5164566040 , 12.64567
75.91 , 35.5164566040 , 12.65167
75.94 , 35.5164566040 , 12.65733
75.98 , 35.5164566040 , 12.66333
76.01 , 35.6250686645 , 12.66917
76.05 , 35.5164566040 , 12.67517
76.09 , 35.6250686645 , 12.68100
76.12 , 35.6250686645 , 12.68700
76.16 , 35.6250686645 , 12.69267
76.19 , 35.6250686645 , 12.69867
76.23 , 35.6250686645 , 12.70450
76.26 , 35.6250686645 , 12.71050
76.30 , 35.7336807250 , 12.71633
76.33 , 35.6250686645 , 12.72233
76.37 , 35.7336807250 , 12.72800
76.40 , 35.7336807250 , 12.73400
76.44 , 35.7336807250 , 12.73983
76.47 , 35.7336807250 , 12.74583
76.51 , 35.7336807250 , 12.75183
76.55 , 35.7336807250 , 12.75767
76.58 , 35.8422966003 , 12.76350
76.62 , 35.7336807250 , 12.76933
76.65 , 35.7336807250 , 12.77533
76.69 , 35.7336807250 , 12.78117
76.72 , 35.8422966003 , 12.78717
76.76 , 35.8422966003 , 12.79300
76.79 , 35.9509086608 , 12.79883
76.83 , 35.9509086608 , 12.80467
76.86 , 35.9509086608 , 12.81067
76.90 , 35.9509086608 , 12.81650
76.93 , 35.9509086608 , 12.82250
76.97 , 36.0595207214 , 12.82817
77.00 , 36.0595207214 , 12.83417
77.04 , 35.9509086608 , 12.84017
77.08 , 36.0595207214 , 12.84600
77.11 , 35.9509086608 , 12.85200
77.15 , 36.0595207214 , 12.85783
77.18 , 36.0595207214 , 12.86367
77.22 , 36.0595207214 , 12.86950
77.25 , 36.1681327819 , 12.87550
77.29 , 36.1681327819 , 12.88133
77.32 , 36.1681327819 , 12.88733
77.36 , 36.1681327819 , 12.89317
77.39 , 36.2767486572 , 12.89900
77.43 , 36.2767486572 , 12.90483
77.46 , 36.1681327819 , 12.91083
77.50 , 36.2767486572 , 12.91667
77.54 , 36.2767486572 , 12.92267
77.57 , 36.3853607177 , 12.92850
77.61 , 36.3853607177 , 12.93433
77.64 , 36.2767486572 , 12.94033
77.68 , 36.3853607177 , 12.94617
77.71 , 36.3853607177 , 12.95217
77.75 , 36.3853607177 , 12.95800
77.78 , 36.4939727783 , 12.96400
77.82 , 36.3853607177 , 12.96967
77.85 , 36.3853607177 , 12.97567
77.89 , 36.6025848388 , 12.98150
77.93 , 36.6025848388 , 12.98750
77.96 , 36.4939727783 , 12.99333
78.00 , 36.4939727783 , 12.99933
78.03 , 36.4939727783 , 13.00500
78.07 , 36.6025848388 , 13.01100
78.10 , 36.6025848388 , 13.01683
78.14 , 36.6025848388 , 13.02283
78.17 , 36.7111968994 , 13.02883
78.21 , 36.7111968994 , 13.03467
78.24 , 36.7111968994 , 13.04050
78.28 , 36.7111968994 , 13.04633
78.31 , 36.7111968994 , 13.05233
78.35 , 36.7111968994 , 13.05817
78.38 , 36.7111968994 , 13.06417
78.42 , 36.7111968994 , 13.06983
78.45 , 36.8198127746 , 13.07583
78.49 , 36.8198127746 , 13.08167
78.53 , 36.8198127746 , 13.08767
78.56 , 36.9284248352 , 13.09350
78.60 , 36.8198127746 , 13.09950
78.63 , 36.9284248352 , 13.10517
78.67 , 36.8198127746 , 13.11117
78.70 , 36.8198127746 , 13.11700
78.74 , 36.9284248352 , 13.12300
78.77 , 36.9284248352 , 13.12900
78.81 , 36.9284248352 , 13.13483
78.84 , 36.9284248352 , 13.14067
78.88 , 36.9284248352 , 13.14650
78.91 , 37.0370368957 , 13.15250
78.95 , 36.9284248352 , 13.15833
78.99 , 37.0370368957 , 13.16433
79.02 , 37.0370368957 , 13.17017
79.06 , 37.0370368957 , 13.17600
79.09 , 37.1456489562 , 13.18183
79.13 , 37.1456489562 , 13.18783
79.16 , 37.1456489562 , 13.19367
79.20 , 37.1456489562 , 13.19967
79.23 , 37.1456489562 , 13.20550
79.27 , 37.1456489562 , 13.21133
79.30 , 37.0370368957 , 13.21733
79.34 , 37.1456489562 , 13.22317
79.37 , 37.1456489562 , 13.22917
79.41 , 37.1456489562 , 13.23500
79.45 , 37.2542648315 , 13.24100
79.48 , 37.2542648315 , 13.24667
79.52 , 37.2542648315 , 13.25267
79.55 , 37.2542648315 , 13.25850
79.59 , 37.3628768920 , 13.26450
79.62 , 37.3628768920 , 13.27033
79.66 , 37.3628768920 , 13.27617
79.69 , 37.3628768920 , 13.28200
79.73 , 37.3628768920 , 13.28800
79.76 , 37.3628768920 , 13.29383
79.80 , 37.4714889526 , 13.29983
79.83 , 37.4714889526 , 13.30567
79.87 , 37.4714889526 , 13.31150
79.90 , 37.4714889526 , 13.31750
79.94 , 37.5801010131 , 13.32333
79.98 , 37.5801010131 , 13.32933
80.01 , 37.5801010131 , 13.33517
80.05 , 37.5801010131 , 13.34117
80.08 , 37.5801010131 , 13.34683
80.12 , 37.5801010131 , 13.35283
80.15 , 37.6887130737 , 13.35867
80.19 , 37.5801010131 , 13.36467
80.22 , 37.6887130737 , 13.37050
80.26 , 37.6887130737 , 13.37650
80.29 , 37.6887130737 , 13.38217
80.33 , 37.6887130737 , 13.38817
80.36 , 37.6887130737 , 13.39400
80.40 , 37.7973289489 , 13.40000
80.44 , 37.7973289489 , 13.40600
80.47 , 37.7973289489 , 13.41183
80.51 , 37.7973289489 , 13.41767
80.54 , 37.7973289489 , 13.42350
80.58 , 37.7973289489 , 13.42950
80.61 , 37.9059410095 , 13.43533
80.65 , 37.9059410095 , 13.44133
80.68 , 37.9059410095 , 13.44717
80.72 , 37.9059410095 , 13.45300
80.75 , 37.9059410095 , 13.45883
80.79 , 38.0145530700 , 13.46483
80.82 , 38.0145530700 , 13.47067
80.86 , 38.0145530700 , 13.47667
80.89 , 38.0145530700 , 13.48233
80.93 , 38.0145530700 , 13.48833
80.96 , 38.0145530700 , 13.49417
81.00 , 38.0145530700 , 13.50017
81.04 , 38.0145530700 , 13.50617
81.07 , 38.0145530700 , 13.51200
81.11 , 38.0145530700 , 13.51783
81.14 , 38.0145530700 , 13.52367
81.18 , 38.1231651306 , 13.52967
81.21 , 38.1231651306 , 13.53550
81.25 , 38.1231651306 , 13.54150
81.28 , 38.1231651306 , 13.54733
81.32 , 38.1231651306 , 13.55317
81.35 , 38.2317810058 , 13.55900
81.39 , 38.2317810058 , 13.56500
81.43 , 38.2317810058 , 13.57083
81.46 , 38.3403930664 , 13.57683
81.50 , 38.2317810058 , 13.58267
81.53 , 38.2317810058 , 13.58850
81.57 , 38.2317810058 , 13.59450
81.60 , 38.3403930664 , 13.60033
81.64 , 38.3403930664 , 13.60633
81.67 , 38.3403930664 , 13.61217
81.71 , 38.3403930664 , 13.61817
81.74 , 38.4490051269 , 13.62383
81.78 , 38.3403930664 , 13.62983
81.81 , 38.3403930664 , 13.63567
81.85 , 38.4490051269 , 13.64167
81.88 , 38.3403930664 , 13.64750
81.92 , 38.4490051269 , 13.65350
81.95 , 38.4490051269 , 13.65917
81.99 , 38.5576171875 , 13.66517
82.03 , 38.5576171875 , 13.67100
82.06 , 38.5576171875 , 13.67700
82.10 , 38.4490051269 , 13.68283
82.13 , 38.6662292480 , 13.68867
82.17 , 38.6662292480 , 13.69467
82.20 , 38.5576171875 , 13.70050
82.24 , 38.6662292480 , 13.70650
82.27 , 38.7748451232 , 13.71233
82.31 , 38.6662292480 , 13.71833
82.34 , 38.7748451232 , 13.72400
82.38 , 38.6662292480 , 13.73000
82.41 , 38.7748451232 , 13.73583
82.45 , 38.7748451232 , 13.74183
82.49 , 38.7748451232 , 13.74767
82.52 , 38.7748451232 , 13.75367
82.56 , 38.8834571838 , 13.75933
82.59 , 38.7748451232 , 13.76533
82.63 , 38.7748451232 , 13.77117
82.66 , 38.8834571838 , 13.77717
82.70 , 38.8834571838 , 13.78317
82.73 , 38.8834571838 , 13.78900
82.77 , 38.8834571838 , 13.79483
82.80 , 38.8834571838 , 13.80067
82.84 , 38.9920692443 , 13.80667
82.87 , 38.9920692443 , 13.81250
82.91 , 38.9920692443 , 13.81850
82.95 , 38.9920692443 , 13.82433
82.98 , 38.9920692443 , 13.83017
83.02 , 39.1006813049 , 13.83600
83.05 , 39.1006813049 , 13.84200
83.09 , 39.1006813049 , 13.84783
83.12 , 39.1006813049 , 13.85383
83.16 , 39.1006813049 , 13.85967
83.19 , 39.1006813049 , 13.86550
83.23 , 39.1006813049 , 13.87133
83.26 , 38.9920692443 , 13.87733
83.30 , 39.1006813049 , 13.88333
83.33 , 39.2092971801 , 13.88917
83.37 , 39.2092971801 , 13.89517
83.40 , 39.2092971801 , 13.90083
83.44 , 39.2092971801 , 13.90683
83.48 , 39.2092971801 , 13.91267
83.51 , 39.2092971801 , 13.91867
83.55 , 39.2092971801 , 13.92450
83.58 , 39.2092971801 , 13.93033
83.62 , 39.3179092407 , 13.93617
83.65 , 39.3179092407 , 13.94217
83.69 , 39.2092971801 , 13.94800
83.72 , 39.3179092407 , 13.95400
83.76 , 39.4265213012 , 13.95983
83.79 , 39.3179092407 , 13.96567
83.83 , 39.3179092407 , 13.97167
83.86 , 39.4265213012 , 13.97750
83.90 , 39.4265213012 , 13.98350
83.94 , 39.4265213012 , 13.98933
83.97 , 39.4265213012 , 13.99533
84.01 , 39.5351333618 , 14.00100
84.04 , 39.5351333618 , 14.00700
84.08 , 39.5351333618 , 14.01283
84.11 , 39.5351333618 , 14.01883
84.15 , 39.5351333618 , 14.02467
84.18 , 39.5351333618 , 14.03067
84.22 , 39.5351333618 , 14.03633
84.25 , 39.5351333618 , 14.04233
84.29 , 39.5351333618 , 14.04817
84.32 , 39.6437454223 , 14.05417
84.36 , 39.6437454223 , 14.06000
84.40 , 39.6437454223 , 14.06600
84.43 , 39.7523612976 , 14.07183
84.47 , 39.6437454223 , 14.07767
84.50 , 39.7523612976 , 14.08367
84.54 , 39.6437454223 , 14.08950
84.57 , 39.7523612976 , 14.09550
84.61 , 39.7523612976 , 14.10133
84.64 , 39.7523612976 , 14.10717
84.68 , 39.7523612976 , 14.11300
84.71 , 39.7523612976 , 14.11900
84.75 , 39.8609733581 , 14.12483
84.79 , 39.9695892333 , 14.13083
84.82 , 39.8609733581 , 14.13650
84.86 , 39.8609733581 , 14.14250
84.89 , 39.8609733581 , 14.14833
84.93 , 39.9695892333 , 14.15433
84.96 , 39.9695892333 , 14.16033
85.00 , 39.9695892333 , 14.16617
85.03 , 39.9695892333 , 14.17200
85.07 , 39.9695892333 , 14.17783
85.10 , 40.0782051086 , 14.18383
85.14 , 40.0782051086 , 14.18967
85.17 , 39.9695892333 , 14.19567
85.21 , 40.0782051086 , 14.20150
85.24 , 40.0782051086 , 14.20733
85.28 , 40.1868171691 , 14.21317
85.31 , 40.0782051086 , 14.21917
85.35 , 40.0782051086 , 14.22500
85.39 , 40.1868171691 , 14.23100
85.42 , 40.1868171691 , 14.23683
85.46 , 40.1868171691 , 14.24267
85.49 , 40.1868171691 , 14.24850
85.53 , 40.1868171691 , 14.25450
85.56 , 40.1868171691 , 14.26050
85.60 , 40.1868171691 , 14.26633
85.63 , 40.2954292297 , 14.27233
85.67 , 40.1868171691 , 14.27800
85.70 , 40.2954292297 , 14.28400
85.74 , 40.2954292297 , 14.28983
85.77 , 40.4040412902 , 14.29583
85.81 , 40.4040412902 , 14.30167
85.85 , 40.4040412902 , 14.30767
85.88 , 40.4040412902 , 14.31333
85.92 , 40.4040412902 , 14.31933
85.95 , 40.4040412902 , 14.32517
85.99 , 40.2954292297 , 14.33117
86.02 , 40.4040412902 , 14.33700
86.06 , 40.4040412902 , 14.34283
86.09 , 40.4040412902 , 14.34883
86.13 , 40.5126571655 , 14.35467
86.16 , 40.5126571655 , 14.36067
86.20 , 40.5126571655 , 14.36650
86.23 , 40.5126571655 , 14.37250
86.27 , 40.5126571655 , 14.37817
86.30 , 40.5126571655 , 14.38417
86.34 , 40.6212692260 , 14.39000
86.38 , 40.6212692260 , 14.39600
86.41 , 40.6212692260 , 14.40183
86.45 , 40.6212692260 , 14.40783
86.48 , 40.6212692260 , 14.41350
86.52 , 40.6212692260 , 14.41950
86.55 , 40.6212692260 , 14.42533
86.59 , 40.6212692260 , 14.43133
86.62 , 40.7298812866 , 14.43717
86.66 , 40.7298812866 , 14.44317
86.69 , 40.7298812866 , 14.44900
86.73 , 40.8384933471 , 14.45483
86.76 , 40.7298812866 , 14.46083
86.80 , 40.8384933471 , 14.46667
86.84 , 40.8384933471 , 14.47267
86.87 , 40.8384933471 , 14.47850
86.91 , 40.8384933471 , 14.48433
86.94 , 40.8384933471 , 14.49017
86.98 , 40.9471054077 , 14.49617
87.01 , 40.9471054077 , 14.50200
87.05 , 40.9471054077 , 14.50800
87.08 , 40.9471054077 , 14.51383
87.12 , 40.9471054077 , 14.51967
87.15 , 40.9471054077 , 14.52550
87.19 , 40.9471054077 , 14.53150
87.22 , 41.0557212829 , 14.53750
87.26 , 41.0557212829 , 14.54333
87.30 , 41.0557212829 , 14.54933
87.33 , 41.0557212829 , 14.55500
87.37 , 41.0557212829 , 14.56100
87.40 , 41.0557212829 , 14.56683
87.44 , 41.0557212829 , 14.57283
87.47 , 41.1643333435 , 14.57867
87.51 , 41.1643333435 , 14.58450
87.54 , 41.1643333435 , 14.59033
87.58 , 41.2729454040 , 14.59633
87.61 , 41.1643333435 , 14.60217
87.65 , 41.1643333435 , 14.60817
87.68 , 41.1643333435 , 14.61400
87.72 , 41.2729454040 , 14.61983
87.75 , 41.2729454040 , 14.62567
87.79 , 41.3815574645 , 14.63167
87.83 , 41.2729454040 , 14.63767
87.86 , 41.4901733398 , 14.64350
87.90 , 41.3815574645 , 14.64950
87.93 , 41.2729454040 , 14.65517
87.97 , 41.2729454040 , 14.66117
88.00 , 41.3815574645 , 14.66700
88.04 , 41.3815574645 , 14.67300
88.07 , 41.3815574645 , 14.67883
88.11 , 41.3815574645 , 14.68483
88.14 , 41.3815574645 , 14.69050
88.18 , 41.3815574645 , 14.69650
88.21 , 41.4901733398 , 14.70233
88.25 , 41.3815574645 , 14.70833
88.29 , 41.4901733398 , 14.71417
88.32 , 41.4901733398 , 14.72017
88.36 , 41.5987854003 , 14.72600
88.39 , 41.4901733398 , 14.73183
88.43 , 41.4901733398 , 14.73783
88.46 , 41.5987854003 , 14.74367
88.50 , 41.5987854003 , 14.74967
88.53 , 41.5987854003 , 14.75533
88.57 , 41.7073974609 , 14.76133
88.60 , 41.5987854003 , 14.76717
88.64 , 41.5987854003 , 14.77317
88.67 , 41.5987854003 , 14.77900
88.71 , 41.7073974609 , 14.78500
88.74 , 41.7073974609 , 14.79067
88.78 , 41.7073974609 , 14.79667
88.81 , 41.7073974609 , 14.80250
88.85 , 41.7073974609 , 14.80850
88.89 , 41.7073974609 , 14.81433
88.92 , 41.8160095214 , 14.82033
88.96 , 41.8160095214 , 14.82617
88.99 , 41.8160095214 , 14.83200
89.03 , 41.8160095214 , 14.83800
89.06 , 41.8160095214 , 14.84383
89.10 , 41.7073974609 , 14.84983
89.13 , 41.8160095214 , 14.85567
89.17 , 41.8160095214 , 14.86150
89.20 , 41.8160095214 , 14.86733
89.24 , 41.9246215820 , 14.87333
89.27 , 42.0332374572 , 14.87917
89.31 , 41.9246215820 , 14.88517
89.35 , 41.9246215820 , 14.89100
89.38 , 42.0332374572 , 14.89683
89.42 , 41.9246215820 , 14.90267
89.45 , 42.0332374572 , 14.90867
89.49 , 42.0332374572 , 14.91467
89.52 , 42.0332374572 , 14.92050
89.56 , 42.0332374572 , 14.92650
89.59 , 42.1418495178 , 14.93217
89.63 , 42.1418495178 , 14.93817
89.66 , 42.1418495178 , 14.94400
89.70 , 42.1418495178 , 14.95000
89.73 , 42.1418495178 , 14.95583
89.77 , 42.1418495178 , 14.96183
89.80 , 42.2504615783 , 14.96750
89.84 , 42.2504615783 , 14.97350
89.88 , 42.2504615783 , 14.97933
89.91 , 42.2504615783 , 14.98533
89.95 , 42.3590736389 , 14.99117
89.98 , 42.3590736389 , 14.99700
90.02 , 42.3590736389 , 15.00283
90.05 , 42.3590736389 , 15.00883
90.09 , 42.2504615783 , 15.01483
90.12 , 42.4676895141 , 15.02067
90.16 , 42.3590736389 , 15.02667
90.19 , 42.3590736389 , 15.03233
90.23 , 42.4676895141 , 15.03833
90.26 , 42.3590736389 , 15.04417
90.30 , 42.4676895141 , 15.05017
90.34 , 42.3590736389 , 15.05600
90.37 , 42.4676895141 , 15.06200
90.41 , 42.4676895141 , 15.06767
90.44 , 42.4676895141 , 15.07367
90.48 , 42.5763015747 , 15.07950
90.51 , 42.4676895141 , 15.08550
90.55 , 42.5763015747 , 15.09133
90.58 , 42.5763015747 , 15.09733
90.62 , 42.5763015747 , 15.10317
90.65 , 42.5763015747 , 15.10900
90.69 , 42.4676895141 , 15.11500
90.72 , 42.5763015747 , 15.12083
90.76 , 42.5763015747 , 15.12683
90.80 , 42.5763015747 , 15.13267
90.83 , 42.6849136352 , 15.13850
90.87 , 42.6849136352 , 15.14433
90.90 , 42.6849136352 , 15.15033
90.94 , 42.7935256958 , 15.15617
90.97 , 42.6849136352 , 15.16217
91.01 , 42.6849136352 , 15.16800
91.04 , 42.6849136352 , 15.17383
91.08 , 42.7935256958 , 15.17967
91.11 , 42.7935256958 , 15.18567
91.15 , 42.7935256958 , 15.19150
91.18 , 42.7935256958 , 15.19750
91.22 , 42.7935256958 , 15.20333
91.25 , 42.7935256958 , 15.20917
91.29 , 42.7935256958 , 15.21517
91.33 , 42.7935256958 , 15.22100
91.36 , 42.7935256958 , 15.22700
91.40 , 42.9021377563 , 15.23283
91.43 , 42.9021377563 , 15.23867
91.47 , 42.9021377563 , 15.24450
91.50 , 42.9021377563 , 15.25050
91.54 , 42.9021377563 , 15.25633
91.57 , 43.0107536315 , 15.26233
91.61 , 43.0107536315 , 15.26817
91.64 , 43.0107536315 , 15.27400
91.68 , 43.0107536315 , 15.27983
91.71 , 43.1193656921 , 15.28583
91.75 , 43.0107536315 , 15.29183
91.79 , 43.1193656921 , 15.29767
91.82 , 43.1193656921 , 15.30367
91.86 , 43.1193656921 , 15.30933
91.89 , 43.2279777526 , 15.31533
91.93 , 43.2279777526 , 15.32117
91.96 , 43.2279777526 , 15.32717
92.00 , 43.2279777526 , 15.33300
92.03 , 43.2279777526 , 15.33900
92.07 , 43.2279777526 , 15.34467
92.10 , 43.2279777526 , 15.35067
92.14 , 43.2279777526 , 15.35650
92.18 , 43.3365898132 , 15.36250
92.21 , 43.3365898132 , 15.36833
92.25 , 43.2279777526 , 15.37433
92.28 , 43.3365898132 , 15.38000
92.32 , 43.3365898132 , 15.38600
92.35 , 43.3365898132 , 15.39200
92.39 , 43.3365898132 , 15.39783
92.42 , 43.4452056884 , 15.40383
92.46 , 43.4452056884 , 15.40950
92.49 , 43.4452056884 , 15.41550
92.53 , 43.4452056884 , 15.42133
92.56 , 43.4452056884 , 15.42733
92.60 , 43.4452056884 , 15.43317
92.63 , 43.4452056884 , 15.43917
92.67 , 43.5538177490 , 15.44483
92.70 , 43.5538177490 , 15.45083
92.74 , 43.4452056884 , 15.45667
92.78 , 43.5538177490 , 15.46267
92.81 , 43.4452056884 , 15.46850
92.85 , 43.5538177490 , 15.47450
92.88 , 43.5538177490 , 15.48033
92.92 , 43.5538177490 , 15.48617
92.95 , 43.5538177490 , 15.49217
92.99 , 43.6624298095 , 15.49800
93.02 , 43.6624298095 , 15.50400
93.06 , 43.6624298095 , 15.50983
93.09 , 43.6624298095 , 15.51567
93.13 , 43.6624298095 , 15.52150
93.16 , 43.6624298095 , 15.52750
93.20 , 43.6624298095 , 15.53333
93.24 , 43.7710418701 , 15.53933
93.27 , 43.7710418701 , 15.54517
93.31 , 43.7710418701 , 15.55100
93.34 , 43.7710418701 , 15.55683
93.38 , 43.7710418701 , 15.56283
93.41 , 43.8796539306 , 15.56867
93.45 , 43.7710418701 , 15.57467
93.48 , 43.7710418701 , 15.58067
93.52 , 43.7710418701 , 15.58633
93.55 , 43.7710418701 , 15.59233
93.59 , 43.8796539306 , 15.59817
93.62 , 43.8796539306 , 15.60417
93.66 , 43.8796539306 , 15.61000
93.70 , 43.8796539306 , 15.61600
93.73 , 43.8796539306 , 15.62167
93.77 , 43.8796539306 , 15.62767
93.80 , 43.9882698059 , 15.63350
93.84 , 43.9882698059 , 15.63950
93.87 , 43.9882698059 , 15.64533
93.91 , 43.8796539306 , 15.65117
93.94 , 43.9882698059 , 15.65700
93.98 , 44.0968818664 , 15.66300
94.01 , 43.9882698059 , 15.66900
94.05 , 44.0968818664 , 15.67483
94.08 , 44.0968818664 , 15.68083
94.12 , 44.0968818664 , 15.68650
94.15 , 44.0968818664 , 15.69250
94.19 , 44.0968818664 , 15.69833
94.23 , 44.2054939270 , 15.70433
94.26 , 44.2054939270 , 15.71017
94.30 , 44.2054939270 , 15.71617
94.33 , 44.2054939270 , 15.72183
94.37 , 44.2054939270 , 15.72783
94.40 , 44.3141059875 , 15.73367
94.44 , 44.2054939270 , 15.73967
94.47 , 44.2054939270 , 15.74550
94.51 , 44.3141059875 , 15.75150
94.54 , 44.3141059875 , 15.75717
94.58 , 44.3141059875 , 15.76317
94.61 , 44.4227218627 , 15.76917
94.65 , 44.4227218627 , 15.77500
94.69 , 44.5313339233 , 15.78100
94.72 , 44.4227218627 , 15.78683
94.76 , 44.4227218627 , 15.79267
94.79 , 44.4227218627 , 15.79850
94.83 , 44.4227218627 , 15.80450
94.86 , 44.4227218627 , 15.81033
94.90 , 44.4227218627 , 15.81633
94.93 , 44.5313339233 , 15.82200
94.97 , 44.4227218627 , 15.82800
95.00 , 44.5313339233 , 15.83383
95.04 , 44.5313339233 , 15.83983
95.07 , 44.5313339233 , 15.84567
95.11 , 44.6399459838 , 15.85167
95.14 , 44.6399459838 , 15.85750
95.18 , 44.6399459838 , 15.86333
95.22 , 44.5313339233 , 15.86933
95.25 , 44.6399459838 , 15.87517
95.29 , 44.6399459838 , 15.88117
95.32 , 44.6399459838 , 15.88700
95.36 , 44.7485580444 , 15.89283
95.39 , 44.6399459838 , 15.89867
95.43 , 44.7485580444 , 15.90467
95.46 , 44.7485580444 , 15.91050
95.50 , 44.6399459838 , 15.91650
95.53 , 44.6399459838 , 15.92233
95.57 , 44.6399459838 , 15.92817
95.60 , 44.7485580444 , 15.93400
95.64 , 44.8571701049 , 15.94000
95.68 , 44.7485580444 , 15.94583
95.71 , 44.7485580444 , 15.95183
95.75 , 44.7485580444 , 15.95783
95.78 , 44.8571701049 , 15.96350
95.82 , 44.8571701049 , 15.96950
95.85 , 44.8571701049 , 15.97533
95.89 , 44.9657859802 , 15.98133
95.92 , 44.9657859802 , 15.98717
95.96 , 44.9657859802 , 15.99317
95.99 , 44.9657859802 , 15.99883
96.03 , 44.9657859802 , 16.00483
96.06 , 44.9657859802 , 16.01067
96.10 , 44.9657859802 , 16.01667
96.13 , 44.9657859802 , 16.02250
96.17 , 44.9657859802 , 16.02850
96.20 , 45.0743980407 , 16.03417
96.24 , 44.9657859802 , 16.04017
96.28 , 45.0743980407 , 16.04617
96.31 , 45.0743980407 , 16.05200
96.35 , 45.0743980407 , 16.05800
96.38 , 45.0743980407 , 16.06367
96.42 , 45.0743980407 , 16.06967
96.45 , 45.0743980407 , 16.07550
96.49 , 45.0743980407 , 16.08150
96.52 , 45.0743980407 , 16.08733
96.56 , 45.1830101013 , 16.09333
96.59 , 45.1830101013 , 16.09900
96.63 , 45.1830101013 , 16.10500
96.66 , 45.1830101013 , 16.11083
96.70 , 45.2916221618 , 16.11683
96.74 , 45.1830101013 , 16.12267
96.77 , 45.2916221618 , 16.12867
96.81 , 45.2916221618 , 16.13434
96.84 , 45.2916221618 , 16.14034
96.88 , 45.4002380371 , 16.14633
96.91 , 45.2916221618 , 16.15217
96.95 , 45.4002380371 , 16.15817
96.98 , 45.4002380371 , 16.16400
97.02 , 45.4002380371 , 16.16983
97.05 , 45.4002380371 , 16.17567
97.09 , 45.4002380371 , 16.18167
97.12 , 45.4002380371 , 16.18750
97.16 , 45.4002380371 , 16.19350
97.20 , 45.5088539123 , 16.19933
97.23 , 45.5088539123 , 16.20517
97.27 , 45.5088539123 , 16.21100
97.30 , 45.5088539123 , 16.21700
97.34 , 45.5088539123 , 16.22283
97.37 , 45.5088539123 , 16.22883
97.41 , 45.5088539123 , 16.23483
97.44 , 45.6174659729 , 16.24050
97.48 , 45.6174659729 , 16.24650
97.51 , 45.6174659729 , 16.25234
97.55 , 45.6174659729 , 16.25834
97.58 , 45.6174659729 , 16.26417
97.62 , 45.7260818481 , 16.27000
97.65 , 45.6174659729 , 16.27583
97.69 , 45.7260818481 , 16.28183
97.73 , 45.6174659729 , 16.28767
97.76 , 45.7260818481 , 16.29367
97.80 , 45.8346939086 , 16.29950
97.83 , 45.6174659729 , 16.30533
97.87 , 45.7260818481 , 16.31117
97.90 , 45.7260818481 , 16.31717
97.94 , 45.8346939086 , 16.32300
97.97 , 45.7260818481 , 16.32900
98.01 , 45.8346939086 , 16.33500
98.04 , 45.8346939086 , 16.34067
98.08 , 45.8346939086 , 16.34667
98.11 , 45.8346939086 , 16.35250
98.15 , 45.8346939086 , 16.35850
98.19 , 45.8346939086 , 16.36433
98.22 , 45.8346939086 , 16.37034
98.26 , 45.8346939086 , 16.37600
98.29 , 45.8346939086 , 16.38200
98.33 , 45.9433059692 , 16.38784
98.36 , 45.8346939086 , 16.39383
98.40 , 45.9433059692 , 16.39967
98.43 , 45.9433059692 , 16.40567
98.47 , 46.0519180297 , 16.41134
98.50 , 46.0519180297 , 16.41733
98.54 , 46.0519180297 , 16.42333
98.57 , 46.0519180297 , 16.42917
98.61 , 46.0519180297 , 16.43517
98.65 , 46.0519180297 , 16.44100
98.68 , 46.0519180297 , 16.44684
98.72 , 46.1605300903 , 16.45267
98.75 , 46.0519180297 , 16.45867
98.79 , 46.0519180297 , 16.46450
98.82 , 46.1605300903 , 16.47050
98.86 , 46.1605300903 , 16.47617
98.89 , 46.1605300903 , 16.48217
98.93 , 46.1605300903 , 16.48800
98.96 , 46.2691459655 , 16.49400
99.00 , 46.2691459655 , 16.49983
99.04 , 46.2691459655 , 16.50584
99.07 , 46.2691459655 , 16.51150
99.11 , 46.2691459655 , 16.51750
99.14 , 46.2691459655 , 16.52350
99.18 , 46.2691459655 , 16.52934
99.21 , 46.3777580261 , 16.53533
99.25 , 46.3777580261 , 16.54117
99.28 , 46.3777580261 , 16.54700
99.32 , 46.2691459655 , 16.55283
99.35 , 46.3777580261 , 16.55883
99.39 , 46.4863700866 , 16.56467
99.42 , 46.4863700866 , 16.57067
99.46 , 46.3777580261 , 16.57650
99.49 , 46.3777580261 , 16.58234
99.53 , 46.4863700866 , 16.58817
99.56 , 46.4863700866 , 16.59417
99.60 , 46.4863700866 , 16.60000
99.64 , 46.5949821472 , 16.60600
99.67 , 46.4863700866 , 16.61200
99.71 , 46.5949821472 , 16.61767
99.74 , 46.4863700866 , 16.62367
99.78 , 46.5949821472 , 16.62950
99.81 , 46.5949821472 , 16.63550
99.85 , 46.5949821472 , 16.64134
99.88 , 46.5949821472 , 16.64734
99.92 , 46.5949821472 , 16.65300
99.95 , 46.5949821472 , 16.65900
99.99 , 46.7035980224 , 16.66483
100.02 , 46.7035980224 , 16.67083
100.06 , 46.7035980224 , 16.67683
100.10 , 46.7035980224 , 16.68300
100.13 , 46.7035980224 , 16.68884
100.17 , 46.7035980224 , 16.69500
100.21 , 46.7035980224 , 16.70117
100.24 , 46.8122100830 , 16.70717
100.28 , 46.7035980224 , 16.71333
100.32 , 46.8122100830 , 16.71933
100.35 , 46.8122100830 , 16.72550
100.39 , 46.8122100830 , 16.73134
100.43 , 46.8122100830 , 16.73750
100.46 , 46.8122100830 , 16.74350
100.50 , 46.8122100830 , 16.74967
100.53 , 46.8122100830 , 16.75567
100.57 , 46.8122100830 , 16.76183
100.61 , 46.9208221435 , 16.76800
100.64 , 46.9208221435 , 16.77383
100.68 , 46.8122100830 , 16.78000
100.72 , 46.9208221435 , 16.78600
100.75 , 46.9208221435 , 16.79217
100.79 , 46.8122100830 , 16.79817
100.83 , 46.9208221435 , 16.80433
100.86 , 47.0294342041 , 16.81017
100.90 , 47.0294342041 , 16.81633
100.93 , 47.0294342041 , 16.82234
100.97 , 47.1380462646 , 16.82850
101.01 , 47.1380462646 , 16.83467
101.04 , 47.1380462646 , 16.84067
101.08 , 47.0294342041 , 16.84683
101.12 , 47.1380462646 , 16.85267
101.15 , 47.1380462646 , 16.85883
101.19 , 47.1380462646 , 16.86483
101.23 , 47.1380462646 , 16.87100
101.26 , 47.0294342041 , 16.87700
101.30 , 47.1380462646 , 16.88317
101.34 , 47.2466621398 , 16.88933
101.37 , 47.1380462646 , 16.89517
101.41 , 47.3552742004 , 16.90133
101.44 , 47.2466621398 , 16.90733
101.48 , 47.2466621398 , 16.91350
101.52 , 47.2466621398 , 16.91950
101.55 , 47.3552742004 , 16.92567
101.59 , 47.3552742004 , 16.93167
101.63 , 47.3552742004 , 16.93767
101.66 , 47.3552742004 , 16.94367
101.70 , 47.3552742004 , 16.94983
101.74 , 47.3552742004 , 16.95600
101.77 , 47.3552742004 , 16.96200
101.81 , 47.3552742004 , 16.96817
101.84 , 47.3552742004 , 16.97400
101.88 , 47.4638862609 , 16.98017
101.92 , 47.4638862609 , 16.98617
101.95 , 47.4638862609 , 16.99234
101.99 , 47.4638862609 , 16.99833
102.03 , 47.4638862609 , 17.00450
102.06 , 47.4638862609 , 17.01050
102.10 , 47.5724983215 , 17.01650
102.14 , 47.4638862609 , 17.02267
102.17 , 47.4638862609 , 17.02867
102.21 , 47.5724983215 , 17.03483
102.25 , 47.5724983215 , 17.04084
102.28 , 47.5724983215 , 17.04700
102.32 , 47.5724983215 , 17.05300
102.35 , 47.6811141967 , 17.05900
102.39 , 47.6811141967 , 17.06500
102.43 , 47.6811141967 , 17.07117
102.46 , 47.6811141967 , 17.07717
102.50 , 47.7897262573 , 17.08333
102.54 , 47.6811141967 , 17.08950
102.57 , 47.6811141967 , 17.09550
102.61 , 47.7897262573 , 17.10150
102.64 , 47.6811141967 , 17.10750
102.68 , 47.7897262573 , 17.11367
102.72 , 47.7897262573 , 17.11967
102.75 , 47.6811141967 , 17.12583
102.79 , 47.7897262573 , 17.13183
102.83 , 47.7897262573 , 17.13800
102.86 , 47.7897262573 , 17.14383
102.90 , 47.7897262573 , 17.15000
102.94 , 47.8983383178 , 17.15617
102.97 , 47.8983383178 , 17.16217
103.01 , 47.8983383178 , 17.16834
103.05 , 47.8983383178 , 17.17433
103.08 , 47.8983383178 , 17.18050
103.12 , 47.8983383178 , 17.18633
103.15 , 47.8983383178 , 17.19250
103.19 , 47.8983383178 , 17.19850
103.23 , 47.8983383178 , 17.20467
103.26 , 47.8983383178 , 17.21067
103.30 , 48.0069503784 , 17.21684
103.34 , 47.8983383178 , 17.22283
103.37 , 48.0069503784 , 17.22883
103.41 , 48.0069503784 , 17.23500
103.45 , 48.0069503784 , 17.24100
103.48 , 48.0069503784 , 17.24717
103.52 , 48.1155624389 , 17.25317
103.56 , 48.0069503784 , 17.25934
103.59 , 47.8983383178 , 17.26517
103.63 , 48.1155624389 , 17.27133
103.66 , 48.0069503784 , 17.27750
103.70 , 48.1155624389 , 17.28350
103.74 , 48.1155624389 , 17.28967
103.77 , 48.1155624389 , 17.29567
103.81 , 48.1155624389 , 17.30183
103.85 , 48.2241783142 , 17.30767
103.88 , 48.1155624389 , 17.31384
103.92 , 48.2241783142 , 17.31983
103.96 , 48.2241783142 , 17.32600
103.99 , 48.2241783142 , 17.33200
104.03 , 48.2241783142 , 17.33817
104.07 , 48.3327903747 , 17.34433
104.10 , 48.3327903747 , 17.35017
104.14 , 48.3327903747 , 17.35634
104.17 , 48.3327903747 , 17.36234
104.21 , 48.3327903747 , 17.36850
104.25 , 48.4414024353 , 17.37450
104.28 , 48.4414024353 , 17.38067
104.32 , 48.4414024353 , 17.38667
104.36 , 48.4414024353 , 17.39267
104.39 , 48.4414024353 , 17.39867
104.43 , 48.4414024353 , 17.40484
104.47 , 48.4414024353 , 17.41100
104.50 , 48.4414024353 , 17.41700
104.54 , 48.4414024353 , 17.42317
104.57 , 48.4414024353 , 17.42900
104.61 , 48.4414024353 , 17.43517
104.65 , 48.5500144958 , 17.44117
104.68 , 48.5500144958 , 17.44734
104.72 , 48.4414024353 , 17.45334
104.76 , 48.6586303710 , 17.45950
104.79 , 48.5500144958 , 17.46550
104.83 , 48.5500144958 , 17.47150
104.87 , 48.5500144958 , 17.47767
104.90 , 48.5500144958 , 17.48367
104.94 , 48.6586303710 , 17.48983
104.97 , 48.6586303710 , 17.49584
105.01 , 48.6586303710 , 17.50200
105.05 , 48.6586303710 , 17.50800
105.08 , 48.7672424316 , 17.51400
105.12 , 48.6586303710 , 17.52000
105.16 , 48.6586303710 , 17.52617
105.19 , 48.7672424316 , 17.53217
105.23 , 48.6586303710 , 17.53833
105.27 , 48.7672424316 , 17.54450
105.30 , 48.7672424316 , 17.55050
105.34 , 48.7672424316 , 17.55650
105.37 , 48.7672424316 , 17.56250
105.41 , 48.7672424316 , 17.56867
105.45 , 48.7672424316 , 17.57467
105.48 , 48.7672424316 , 17.58083
105.52 , 48.7672424316 , 17.58683
105.56 , 48.8758544921 , 17.59300
105.59 , 48.8758544921 , 17.59884
105.63 , 48.8758544921 , 17.60500
105.67 , 48.8758544921 , 17.61117
105.70 , 48.8758544921 , 17.61717
105.74 , 48.8758544921 , 17.62333
105.78 , 48.8758544921 , 17.62933
105.81 , 48.9844665527 , 17.63533
105.85 , 48.8758544921 , 17.64134
105.88 , 48.9844665527 , 17.64750
105.92 , 49.0930786132 , 17.65350
105.96 , 49.0930786132 , 17.65967
106.00 , 48.9844665527 , 17.66584
106.03 , 48.9844665527 , 17.67183
106.07 , 49.0930786132 , 17.67783
106.10 , 49.0930786132 , 17.68383
106.14 , 49.0930786132 , 17.69000
106.18 , 49.0930786132 , 17.69600
106.21 , 49.0930786132 , 17.70217
106.25 , 49.0930786132 , 17.70817
106.29 , 49.2016944885 , 17.71434
106.32 , 49.2016944885 , 17.72017
106.36 , 49.2016944885 , 17.72633
106.39 , 49.2016944885 , 17.73250
106.43 , 49.2016944885 , 17.73850
106.47 , 49.2016944885 , 17.74467
106.50 , 49.2016944885 , 17.75067
106.54 , 49.3103065490 , 17.75683
106.58 , 49.3103065490 , 17.76267
106.61 , 49.3103065490 , 17.76883
106.65 , 49.3103065490 , 17.77483
106.69 , 49.3103065490 , 17.78100
106.72 , 49.3103065490 , 17.78700
106.76 , 49.4189186096 , 17.79317
106.80 , 49.3103065490 , 17.79933
106.83 , 49.4189186096 , 17.80517
106.87 , 49.4189186096 , 17.81133
106.90 , 49.5275306701 , 17.81733
106.94 , 49.4189186096 , 17.82350
106.98 , 49.4189186096 , 17.82950
107.01 , 49.4189186096 , 17.83567
107.05 , 49.5275306701 , 17.84150
107.09 , 49.4189186096 , 17.84767
107.12 , 49.5275306701 , 17.85367
107.16 , 49.5275306701 , 17.85983
107.20 , 49.4189186096 , 17.86600
107.23 , 49.5275306701 , 17.87200
107.27 , 49.5275306701 , 17.87817
107.30 , 49.5275306701 , 17.88400
107.34 , 49.5275306701 , 17.89017
107.38 , 49.5275306701 , 17.89617
107.41 , 49.5275306701 , 17.90233
107.45 , 49.6361465454 , 17.90833
107.49 , 49.6361465454 , 17.91450
107.52 , 49.6361465454 , 17.92050
107.56 , 49.6361465454 , 17.92650
107.60 , 49.6361465454 , 17.93267
107.63 , 49.7447586059 , 17.93867
107.67 , 49.7447586059 , 17.94483
107.70 , 49.7447586059 , 17.95083
107.74 , 49.7447586059 , 17.95700
107.78 , 49.7447586059 , 17.96300
107.81 , 49.7447586059 , 17.96900
107.85 , 49.7447586059 , 17.97500
107.89 , 49.7447586059 , 17.98117
107.92 , 49.8533706665 , 17.98717
107.96 , 49.8533706665 , 17.99333
108.00 , 49.8533706665 , 17.99950
108.03 , 49.8533706665 , 18.00550
108.07 , 49.8533706665 , 18.01150
108.11 , 49.9619827270 , 18.01750
108.14 , 49.8533706665 , 18.02367
108.18 , 49.9619827270 , 18.02967
108.21 , 49.9619827270 , 18.03583
108.25 , 49.9619827270 , 18.04183
108.29 , 49.9619827270 , 18.04800
108.32 , 49.9619827270 , 18.05400
108.36 , 49.9619827270 , 18.06000
108.40 , 50.0705947875 , 18.06617
108.43 , 50.0705947875 , 18.07217
108.47 , 50.0705947875 , 18.07834
108.51 , 50.0705947875 , 18.08433
108.54 , 50.0705947875 , 18.09033
108.58 , 50.0705947875 , 18.09634
108.61 , 50.1792106628 , 18.10250
108.65 , 50.1792106628 , 18.10850
108.69 , 50.1792106628 , 18.11467
108.72 , 50.1792106628 , 18.12084
108.76 , 50.1792106628 , 18.12684
108.80 , 50.2878227233 , 18.13283
108.83 , 50.2878227233 , 18.13883
108.87 , 50.2878227233 , 18.14500
108.91 , 50.2878227233 , 18.15100
108.94 , 50.2878227233 , 18.15717
108.98 , 50.2878227233 , 18.16317
109.02 , 50.3964347839 , 18.16934
109.05 , 50.2878227233 , 18.17517
109.09 , 50.3964347839 , 18.18133
109.12 , 50.3964347839 , 18.18750
109.16 , 50.3964347839 , 18.19350
109.20 , 50.3964347839 , 18.19967
109.23 , 50.3964347839 , 18.20567
109.27 , 50.5050468444 , 18.21183
109.31 , 50.3964347839 , 18.21767
109.34 , 50.5050468444 , 18.22384
109.38 , 50.5050468444 , 18.22983
109.42 , 50.5050468444 , 18.23600
109.45 , 50.5050468444 , 18.24200
109.49 , 50.5050468444 , 18.24817
109.53 , 50.6136627197 , 18.25433
109.56 , 50.5050468444 , 18.26017
109.60 , 50.6136627197 , 18.26634
109.63 , 50.6136627197 , 18.27234
109.67 , 50.6136627197 , 18.27850
109.71 , 50.5050468444 , 18.28450
109.74 , 50.7222747802 , 18.29067
109.78 , 50.6136627197 , 18.29650
109.82 , 50.7222747802 , 18.30267
109.85 , 50.7222747802 , 18.30867
109.89 , 50.6136627197 , 18.31484
109.93 , 50.7222747802 , 18.32100
109.96 , 50.7222747802 , 18.32700
110.00 , 50.7222747802 , 18.33317
110.03 , 50.7222747802 , 18.33900
110.07 , 50.8308868408 , 18.34517
110.11 , 50.7222747802 , 18.35117
110.14 , 50.7222747802 , 18.35733
110.18 , 50.7222747802 , 18.36334
110.22 , 50.8308868408 , 18.36950
110.25 , 50.8308868408 , 18.37550
110.29 , 50.9394989013 , 18.38150
110.33 , 50.8308868408 , 18.38767
110.36 , 50.8308868408 , 18.39367
110.40 , 50.8308868408 , 18.39983
110.43 , 50.9394989013 , 18.40583
110.47 , 50.9394989013 , 18.41200
110.51 , 50.9394989013 , 18.41800
110.54 , 50.9394989013 , 18.42400
110.58 , 51.0481185913 , 18.43000
110.62 , 50.9394989013 , 18.43617
110.65 , 51.0481185913 , 18.44233
110.69 , 51.0481185913 , 18.44833
110.73 , 50.9394989013 , 18.45450
110.76 , 51.0481185913 , 18.46050
110.80 , 51.0481185913 , 18.46650
110.83 , 51.0481185913 , 18.47250
110.87 , 51.1567306518 , 18.47867
110.91 , 51.1567306518 , 18.48467
110.94 , 51.1567306518 , 18.49083
110.98 , 51.1567306518 , 18.49683
111.02 , 51.1567306518 , 18.50284
111.05 , 51.2653427124 , 18.50900
111.09 , 51.1567306518 , 18.51500
111.13 , 51.1567306518 , 18.52117
111.16 , 51.1567306518 , 18.52717
111.20 , 51.2653427124 , 18.53333
111.24 , 51.2653427124 , 18.53933
111.27 , 51.3739547729 , 18.54533
111.31 , 51.2653427124 , 18.55134
111.34 , 51.2653427124 , 18.55750
111.38 , 51.3739547729 , 18.56350
111.42 , 51.3739547729 , 18.56967
111.45 , 51.3739547729 , 18.57583
111.49 , 51.3739547729 , 18.58183
111.53 , 51.4825706481 , 18.58783
111.56 , 51.3739547729 , 18.59383
111.60 , 51.4825706481 , 18.60000
111.64 , 51.4825706481 , 18.60600
111.67 , 51.4825706481 , 18.61217
111.71 , 51.4825706481 , 18.61817
111.75 , 51.4825706481 , 18.62434
111.78 , 51.4825706481 , 18.63017
111.82 , 51.4825706481 , 18.63633
111.86 , 51.4825706481 , 18.64250
111.89 , 51.4825706481 , 18.64850
111.93 , 51.5911827087 , 18.65467
111.96 , 51.4825706481 , 18.66067
112.00 , 51.5911827087 , 18.66683
112.04 , 51.5911827087 , 18.67267
112.07 , 51.5911827087 , 18.67883
112.11 , 51.5911827087 , 18.68483
112.15 , 51.5911827087 , 18.69100
112.18 , 51.6997947692 , 18.69700
112.22 , 51.5911827087 , 18.70317
112.26 , 51.5911827087 , 18.70933
112.29 , 51.6997947692 , 18.71517
112.33 , 51.8084068298 , 18.72134
112.36 , 51.6997947692 , 18.72733
112.40 , 51.8084068298 , 18.73350
112.44 , 51.8084068298 , 18.73950
112.47 , 51.8084068298 , 18.74567
112.51 , 51.8084068298 , 18.75150
112.55 , 51.6997947692 , 18.75767
112.58 , 51.8084068298 , 18.76367
112.62 , 51.8084068298 , 18.76984
112.66 , 51.9170227050 , 18.77600
112.69 , 51.8084068298 , 18.78200
112.73 , 51.8084068298 , 18.78817
112.76 , 51.9170227050 , 18.79400
112.80 , 51.8084068298 , 18.80017
112.84 , 51.9170227050 , 18.80617
112.87 , 52.0256347656 , 18.81233
112.91 , 51.9170227050 , 18.81834
112.95 , 51.9170227050 , 18.82450
112.98 , 51.9170227050 , 18.83067
113.02 , 51.9170227050 , 18.83650
113.06 , 52.0256347656 , 18.84267
113.09 , 52.0256347656 , 18.84867
113.13 , 52.0256347656 , 18.85483
113.16 , 52.0256347656 , 18.86083
113.20 , 52.0256347656 , 18.86700
113.24 , 52.0256347656 , 18.87300
113.27 , 52.1342468261 , 18.87900
113.31 , 52.1342468261 , 18.88500
113.35 , 52.1342468261 , 18.89117
113.38 , 52.1342468261 , 18.89734
113.42 , 52.2428588867 , 18.90333
113.46 , 52.1342468261 , 18.90950
113.49 , 52.1342468261 , 18.91533
113.53 , 52.2428588867 , 18.92150
113.56 , 52.2428588867 , 18.92750
113.60 , 52.2428588867 , 18.93367
113.64 , 52.3514709472 , 18.93967
113.68 , 52.2428588867 , 18.94584
113.71 , 52.3514709472 , 18.95183
113.75 , 52.2428588867 , 18.95783
113.78 , 52.3514709472 , 18.96400
113.82 , 52.3514709472 , 18.97000
113.86 , 52.3514709472 , 18.97617
113.89 , 52.3514709472 , 18.98217
113.93 , 52.3514709472 , 18.98834
113.97 , 52.3514709472 , 18.99434
114.00 , 52.4600868225 , 19.00033
114.04 , 52.4600868225 , 19.00634
114.07 , 52.4600868225 , 19.01250
114.11 , 52.4600868225 , 19.01850
114.15 , 52.4600868225 , 19.02467
114.18 , 52.4600868225 , 19.03083
114.22 , 52.5686988830 , 19.03684
114.26 , 52.4600868225 , 19.04284
114.29 , 52.5686988830 , 19.04883
114.33 , 52.5686988830 , 19.05500
114.37 , 52.5686988830 , 19.06100
114.40 , 52.5686988830 , 19.06717
114.44 , 52.5686988830 , 19.07317
114.48 , 52.5686988830 , 19.07933
114.51 , 52.5686988830 , 19.08517
114.55 , 52.5686988830 , 19.09133
114.58 , 52.5686988830 , 19.09750
114.62 , 52.5686988830 , 19.10350
114.66 , 52.6773109436 , 19.10967
114.69 , 52.6773109436 , 19.11567
114.73 , 52.7859230041 , 19.12183
114.77 , 52.6773109436 , 19.12767
114.80 , 52.6773109436 , 19.13384
114.84 , 52.7859230041 , 19.13983
114.88 , 52.6773109436 , 19.14600
114.91 , 52.7859230041 , 19.15200
114.95 , 52.7859230041 , 19.15817
114.98 , 52.7859230041 , 19.16417
115.02 , 52.7859230041 , 19.17017
115.06 , 52.7859230041 , 19.17634
115.09 , 52.7859230041 , 19.18234
115.13 , 52.7859230041 , 19.18850
115.17 , 52.8945388793 , 19.19450
115.20 , 52.8945388793 , 19.20067
115.24 , 52.8945388793 , 19.20650
115.28 , 52.8945388793 , 19.21267
115.31 , 52.8945388793 , 19.21883
115.35 , 53.0031509399 , 19.22484
115.39 , 53.0031509399 , 19.23100
115.42 , 53.0031509399 , 19.23700
115.46 , 53.0031509399 , 19.24317
115.49 , 53.0031509399 , 19.24900
115.53 , 53.0031509399 , 19.25517
115.57 , 53.0031509399 , 19.26117
115.60 , 53.0031509399 , 19.26733
115.64 , 53.1117630004 , 19.27334
115.68 , 53.1117630004 , 19.27950
115.71 , 53.1117630004 , 19.28567
115.75 , 53.1117630004 , 19.29150
115.79 , 53.1117630004 , 19.29767
115.82 , 53.1117630004 , 19.30367
115.86 , 53.3289871215 , 19.30983
115.89 , 53.1117630004 , 19.31583
115.93 , 53.2203750610 , 19.32200
115.97 , 53.2203750610 , 19.32800
116.00 , 53.2203750610 , 19.33400
116.04 , 53.2203750610 , 19.34000
116.08 , 53.3289871215 , 19.34617
116.11 , 53.3289871215 , 19.35233
116.15 , 53.2203750610 , 19.35833
116.19 , 53.3289871215 , 19.36450
116.22 , 53.3289871215 , 19.37034
116.26 , 53.3289871215 , 19.37650
116.29 , 53.3289871215 , 19.38250
116.33 , 53.3289871215 , 19.38867
116.37 , 53.3289871215 , 19.39467
116.40 , 53.4376029968 , 19.40083
116.44 , 53.4376029968 , 19.40683
116.48 , 53.4376029968 , 19.41283
116.51 , 53.4376029968 , 19.41900
116.55 , 53.4376029968 , 19.42500
116.59 , 53.4376029968 , 19.43117
116.62 , 53.4376029968 , 19.43717
116.66 , 53.4376029968 , 19.44334
116.70 , 53.4376029968 , 19.44933
116.73 , 53.5462150573 , 19.45533
116.77 , 53.5462150573 , 19.46133
116.80 , 53.5462150573 , 19.46750
116.84 , 53.5462150573 , 19.47350
116.88 , 53.5462150573 , 19.47967
116.91 , 53.5462150573 , 19.48583
116.95 , 53.5462150573 , 19.49183
116.99 , 53.6548271179 , 19.49783
117.02 , 53.5462150573 , 19.50383
117.06 , 53.6548271179 , 19.51000
117.10 , 53.6548271179 , 19.51600
117.13 , 53.6548271179 , 19.52217
117.17 , 53.6548271179 , 19.52817
117.21 , 53.6548271179 , 19.53433
117.24 , 53.6548271179 , 19.54017
117.28 , 53.7634391784 , 19.54633
117.31 , 53.7634391784 , 19.55250
117.35 , 53.7634391784 , 19.55850
117.39 , 53.7634391784 , 19.56467
117.42 , 53.7634391784 , 19.57067
117.46 , 53.7634391784 , 19.57667
117.50 , 53.7634391784 , 19.58267
117.53 , 53.7634391784 , 19.58883
117.57 , 53.7634391784 , 19.59483
117.61 , 53.8720550537 , 19.60100
117.64 , 53.8720550537 , 19.60717
117.68 , 53.8720550537 , 19.61317
117.71 , 53.8720550537 , 19.61917
117.75 , 53.8720550537 , 19.62517
117.79 , 53.9806671142 , 19.63134
117.82 , 53.8720550537 , 19.63733
117.86 , 53.9806671142 , 19.64350
117.90 , 53.9806671142 , 19.64950
117.93 , 53.9806671142 , 19.65567
117.97 , 53.9806671142 , 19.66150
118.01 , 53.9806671142 , 19.66767
118.04 , 53.9806671142 , 19.67383
118.08 , 54.1978912353 , 19.67984
118.12 , 53.9806671142 , 19.68600
118.15 , 54.0892791748 , 19.69200
118.19 , 54.0892791748 , 19.69817
118.22 , 54.0892791748 , 19.70400
118.26 , 54.1978912353 , 19.71017
118.30 , 54.0892791748 , 19.71617
118.33 , 54.0892791748 , 19.72233
118.37 , 54.1978912353 , 19.72834
118.41 , 54.1978912353 , 19.73450
118.44 , 54.1978912353 , 19.74067
118.48 , 54.0892791748 , 19.74650
118.52 , 54.3065032958 , 19.75267
118.55 , 54.1978912353 , 19.75867
118.59 , 54.3065032958 , 19.76483
118.62 , 54.3065032958 , 19.77083
118.66 , 54.1978912353 , 19.77700
118.70 , 54.3065032958 , 19.78283
118.73 , 54.3065032958 , 19.78900
118.77 , 54.3065032958 , 19.79500
118.81 , 54.4151191711 , 19.80117
118.84 , 54.4151191711 , 19.80734
118.88 , 54.4151191711 , 19.81333
118.92 , 54.4151191711 , 19.81950
118.95 , 54.3065032958 , 19.82534
118.99 , 54.4151191711 , 19.83150
119.02 , 54.4151191711 , 19.83750
119.06 , 54.4151191711 , 19.84367
119.10 , 54.4151191711 , 19.84967
119.13 , 54.4151191711 , 19.85584
119.17 , 54.5237312316 , 19.86183
119.21 , 54.5237312316 , 19.86783
119.24 , 54.5237312316 , 19.87400
119.28 , 54.6323432922 , 19.88000
119.32 , 54.5237312316 , 19.88617
119.35 , 54.5237312316 , 19.89217
119.39 , 54.5237312316 , 19.89834
119.43 , 54.5237312316 , 19.90434
119.46 , 54.6323432922 , 19.91033
119.50 , 54.6323432922 , 19.91633
119.54 , 54.6323432922 , 19.92250
119.57 , 54.6323432922 , 19.92850
119.61 , 54.6323432922 , 19.93467
119.64 , 54.6323432922 , 19.94083
119.68 , 54.6323432922 , 19.94684
119.72 , 54.7409553527 , 19.95284
119.75 , 54.7409553527 , 19.95883
119.79 , 54.7409553527 , 19.96500
119.83 , 54.7409553527 , 19.97100
119.86 , 54.7409553527 , 19.97717
119.90 , 54.7409553527 , 19.98317
119.94 , 54.6323432922 , 19.98933
119.97 , 54.7409553527 , 19.99534
120.01 , 54.7409553527 , 20.00134
120.04 , 54.8495712280 , 20.00750
120.08 , 54.8495712280 , 20.01350
120.12 , 54.8495712280 , 20.01967
120.15 , 54.8495712280 , 20.02567
120.19 , 54.8495712280 , 20.03167
120.23 , 54.8495712280 , 20.03767
120.26 , 54.8495712280 , 20.04384
120.30 , 54.9581832885 , 20.04984
120.34 , 54.9581832885 , 20.05600
120.37 , 54.9581832885 , 20.06217
120.41 , 54.9581832885 , 20.06817
120.44 , 54.9581832885 , 20.07417
120.48 , 54.9581832885 , 20.08017
120.52 , 55.0667953491 , 20.08633
120.55 , 54.9581832885 , 20.09234
120.59 , 55.0667953491 , 20.09850
120.63 , 55.0667953491 , 20.10450
120.66 , 55.0667953491 , 20.11067
120.70 , 55.1754074096 , 20.11650
120.74 , 55.0667953491 , 20.12267
120.77 , 55.0667953491 , 20.12883
120.81 , 55.0667953491 , 20.13484
120.85 , 55.1754074096 , 20.14100
120.88 , 55.1754074096 , 20.14700
120.92 , 55.1754074096 , 20.15317
120.95 , 55.1754074096 , 20.15900
120.99 , 55.1754074096 , 20.16517
121.03 , 55.2840194702 , 20.17117
121.06 , 55.1754074096 , 20.17733
121.10 , 55.1754074096 , 20.18334
121.14 , 55.2840194702 , 20.18950
121.17 , 55.2840194702 , 20.19567
121.21 , 55.2840194702 , 20.20150
121.25 , 55.2840194702 , 20.20767
121.28 , 55.2840194702 , 20.21367
121.32 , 55.2840194702 , 20.21983
121.36 , 55.3926353454 , 20.22583
121.39 , 55.3926353454 , 20.23200
121.43 , 55.3926353454 , 20.23784
121.46 , 55.2840194702 , 20.24400
121.50 , 55.2840194702 , 20.25000
121.54 , 55.3926353454 , 20.25617
121.57 , 55.3926353454 , 20.26233
121.61 , 55.3926353454 , 20.26833
121.65 , 55.3926353454 , 20.27450
121.68 , 55.5012474060 , 20.28034
121.72 , 55.5012474060 , 20.28650
121.75 , 55.5012474060 , 20.29250
121.79 , 55.6098594665 , 20.29867
121.83 , 55.5012474060 , 20.30467
121.86 , 55.5012474060 , 20.31083
121.90 , 55.6098594665 , 20.31683
121.94 , 55.5012474060 , 20.32283
121.97 , 55.5012474060 , 20.32900
122.01 , 55.6098594665 , 20.33500
122.05 , 55.6098594665 , 20.34117
122.08 , 55.6098594665 , 20.34717
122.12 , 55.7184715270 , 20.35334
122.16 , 55.7184715270 , 20.35933
122.19 , 55.6098594665 , 20.36533
122.23 , 55.7184715270 , 20.37133
122.26 , 55.6098594665 , 20.37750
122.30 , 55.7184715270 , 20.38367
122.34 , 55.7184715270 , 20.38967
122.37 , 55.7184715270 , 20.39583
122.41 , 55.7184715270 , 20.40184
122.45 , 55.7184715270 , 20.40783
122.48 , 55.7184715270 , 20.41383
122.52 , 55.8270874023 , 20.42000
122.56 , 55.7184715270 , 20.42600
122.59 , 55.8270874023 , 20.43217
122.63 , 55.8270874023 , 20.43817
122.66 , 55.8270874023 , 20.44417
122.70 , 55.8270874023 , 20.45034
122.74 , 55.8270874023 , 20.45633
122.77 , 55.8270874023 , 20.46250
122.81 , 55.8270874023 , 20.46850
122.85 , 55.9356994628 , 20.47467
122.88 , 55.9356994628 , 20.48067
122.92 , 55.9356994628 , 20.48667
122.96 , 55.9356994628 , 20.49267
122.99 , 56.0443115234 , 20.49883
123.03 , 56.0443115234 , 20.50483
123.07 , 55.9356994628 , 20.51100
123.10 , 56.0443115234 , 20.51717
123.14 , 56.0443115234 , 20.52317
123.18 , 56.0443115234 , 20.52917
123.21 , 56.0443115234 , 20.53517
123.25 , 56.0443115234 , 20.54133
123.28 , 56.0443115234 , 20.54733
123.32 , 56.0443115234 , 20.55350
123.36 , 56.0443115234 , 20.55950
123.39 , 56.1529235839 , 20.56567
123.43 , 56.1529235839 , 20.57150
123.47 , 56.1529235839 , 20.57767
123.50 , 56.1529235839 , 20.58383
123.54 , 56.1529235839 , 20.58983
123.58 , 56.2615356445 , 20.59600
123.61 , 56.2615356445 , 20.60200
123.65 , 56.2615356445 , 20.60817
123.68 , 56.2615356445 , 20.61400
123.72 , 56.2615356445 , 20.62017
123.76 , 56.2615356445 , 20.62617
123.79 , 56.2615356445 , 20.63233
123.83 , 56.2615356445 , 20.63833
123.87 , 56.3701515197 , 20.64450
123.90 , 56.2615356445 , 20.65067
123.94 , 56.3701515197 , 20.65650
123.98 , 56.3701515197 , 20.66267
124.01 , 56.3701515197 , 20.66867
124.05 , 56.3701515197 , 20.67484
124.08 , 56.3701515197 , 20.68083
124.12 , 56.3701515197 , 20.68700
124.16 , 56.4787635803 , 20.69283
124.19 , 56.4787635803 , 20.69900
124.23 , 56.8046073913 , 20.70500
124.27 , 56.6959953308 , 20.71117
124.30 , 56.5873756408 , 20.71734
124.34 , 56.5873756408 , 20.72333
124.38 , 56.5873756408 , 20.72950
124.41 , 56.3701515197 , 20.73534
124.45 , 56.4787635803 , 20.74150
124.48 , 56.4787635803 , 20.74750
124.52 , 56.4787635803 , 20.75367
124.56 , 56.4787635803 , 20.75967
124.59 , 56.5873756408 , 20.76584
124.63 , 56.5873756408 , 20.77200
124.67 , 56.4787635803 , 20.77783
124.70 , 56.5873756408 , 20.78400
124.74 , 56.5873756408 , 20.79000
124.78 , 56.4787635803 , 20.79617
124.81 , 56.5873756408 , 20.80217
124.85 , 56.4787635803 , 20.80834
124.89 , 56.5873756408 , 20.81434
124.92 , 56.5873756408 , 20.82033
124.96 , 56.5873756408 , 20.82633
125.00 , 56.5873756408 , 20.83250
125.03 , 56.5873756408 , 20.83867
125.07 , 56.6959953308 , 20.84467
125.11 , 56.6959953308 , 20.85083
125.14 , 56.5873756408 , 20.85667
125.18 , 56.6959953308 , 20.86284
125.21 , 56.6959953308 , 20.86883
125.25 , 56.6959953308 , 20.87500
125.29 , 56.6959953308 , 20.88100
125.32 , 56.6959953308 , 20.88717
125.36 , 56.6959953308 , 20.89317
125.39 , 56.6959953308 , 20.89917
125.43 , 56.8046073913 , 20.90534
125.47 , 56.8046073913 , 20.91134
125.50 , 56.8046073913 , 20.91750
125.54 , 56.8046073913 , 20.92350
125.58 , 56.9132194519 , 20.92967
125.61 , 56.9132194519 , 20.93567
125.65 , 56.8046073913 , 20.94167
125.69 , 56.8046073913 , 20.94767
125.72 , 56.9132194519 , 20.95384
125.76 , 56.8046073913 , 20.95984
125.80 , 56.9132194519 , 20.96600
125.83 , 56.9132194519 , 20.97217
125.87 , 56.9132194519 , 20.97817
125.90 , 57.0218315124 , 20.98417
125.94 , 56.9132194519 , 20.99017
125.98 , 57.0218315124 , 20.99633
126.01 , 56.9132194519 , 21.00234
126.05 , 56.9132194519 , 21.00850
126.09 , 57.0218315124 , 21.01450
126.12 , 57.0218315124 , 21.02067
126.16 , 56.9132194519 , 21.02650
126.20 , 57.0218315124 , 21.03267
126.23 , 57.0218315124 , 21.03883
126.27 , 57.0218315124 , 21.04483
126.31 , 57.0218315124 , 21.05100
126.34 , 57.0218315124 , 21.05700
126.38 , 57.0218315124 , 21.06317
126.41 , 57.0218315124 , 21.06900
126.45 , 57.0218315124 , 21.07517
126.49 , 57.0218315124 , 21.08117
126.52 , 57.0218315124 , 21.08733
126.56 , 57.0218315124 , 21.09333
126.60 , 57.0218315124 , 21.09950
126.63 , 57.0218315124 , 21.10550
126.67 , 57.0218315124 , 21.11150
126.71 , 57.0218315124 , 21.11767
126.74 , 57.2390594482 , 21.12367
126.78 , 57.1304473876 , 21.12983
126.81 , 57.1304473876 , 21.13583
126.85 , 57.1304473876 , 21.14200
126.89 , 57.1304473876 , 21.14784
126.92 , 57.2390594482 , 21.15400
126.96 , 57.2390594482 , 21.16017
127.00 , 57.2390594482 , 21.16617
127.03 , 57.2390594482 , 21.17233
127.07 , 57.1304473876 , 21.17833
127.11 , 57.2390594482 , 21.18450
127.14 , 57.2390594482 , 21.19034
127.18 , 57.3476715087 , 21.19650
127.21 , 57.3476715087 , 21.20250
127.25 , 57.2390594482 , 21.20867
127.29 , 57.3476715087 , 21.21467
127.32 , 57.3476715087 , 21.22083
127.36 , 57.2390594482 , 21.22700
127.40 , 57.3476715087 , 21.23283
127.43 , 57.3476715087 , 21.23900
127.47 , 57.4562835693 , 21.24500
127.51 , 57.3476715087 , 21.25117
127.54 , 57.4562835693 , 21.25717
127.58 , 57.4562835693 , 21.26333
127.62 , 57.4562835693 , 21.26933
127.65 , 57.4562835693 , 21.27533
127.69 , 57.4562835693 , 21.28133
127.72 , 57.4562835693 , 21.28750
127.76 , 57.4562835693 , 21.29367
127.80 , 57.5648956298 , 21.29967
127.83 , 57.5648956298 , 21.30583
127.87 , 57.5648956298 , 21.31167
127.91 , 57.5648956298 , 21.31783
127.94 , 57.5648956298 , 21.32383
127.98 , 57.6735115051 , 21.33000
128.02 , 57.5648956298 , 21.33600
128.05 , 57.6735115051 , 21.34217
128.09 , 57.5648956298 , 21.34817
128.13 , 57.6735115051 , 21.35417
128.16 , 57.6735115051 , 21.36034
128.20 , 57.6735115051 , 21.36633
128.24 , 57.6735115051 , 21.37250
128.27 , 57.6735115051 , 21.37850
128.31 , 57.6735115051 , 21.38467
128.34 , 57.6735115051 , 21.39067
128.38 , 57.6735115051 , 21.39667
128.42 , 57.7821235656 , 21.40267
128.45 , 57.7821235656 , 21.40884
128.49 , 57.7821235656 , 21.41483
128.53 , 57.7821235656 , 21.42100
128.56 , 57.7821235656 , 21.42717
128.60 , 57.7821235656 , 21.43317
128.63 , 57.7821235656 , 21.43917
128.67 , 57.7821235656 , 21.44517
128.71 , 57.8907356262 , 21.45133
128.74 , 57.8907356262 , 21.45734
128.78 , 57.7821235656 , 21.46350
128.82 , 57.8907356262 , 21.46950
128.85 , 57.9993476867 , 21.47567
128.89 , 57.7821235656 , 21.48150
128.93 , 57.8907356262 , 21.48767
128.96 , 57.9993476867 , 21.49383
129.00 , 57.8907356262 , 21.49983
129.04 , 57.9993476867 , 21.50600
129.07 , 57.9993476867 , 21.51200
129.11 , 57.9993476867 , 21.51800
129.14 , 57.9993476867 , 21.52400
129.18 , 57.9993476867 , 21.53017
129.22 , 57.9993476867 , 21.53617
129.25 , 58.1079635620 , 21.54233
129.29 , 58.1079635620 , 21.54850
129.33 , 58.1079635620 , 21.55450
129.36 , 57.9993476867 , 21.56050
129.40 , 58.1079635620 , 21.56650
129.44 , 58.1079635620 , 21.57267
129.47 , 58.1079635620 , 21.57867
129.51 , 58.1079635620 , 21.58484
129.55 , 58.2165756225 , 21.59083
129.58 , 58.1079635620 , 21.59700
129.62 , 58.1079635620 , 21.60284
129.65 , 58.1079635620 , 21.60900
129.69 , 58.2165756225 , 21.61517
129.73 , 58.2165756225 , 21.62117
129.76 , 58.1079635620 , 21.62734
129.80 , 58.2165756225 , 21.63334
129.84 , 58.2165756225 , 21.63950
129.87 , 58.3251876831 , 21.64533
129.91 , 58.3251876831 , 21.65150
129.95 , 58.3251876831 , 21.65750
129.98 , 58.3251876831 , 21.66367
130.02 , 58.3251876831 , 21.66967
130.05 , 58.3251876831 , 21.67583
130.09 , 58.3251876831 , 21.68200
130.13 , 58.3251876831 , 21.68783
130.16 , 58.4337997436 , 21.69400
130.20 , 58.4337997436 , 21.70000
130.24 , 58.3251876831 , 21.70617
130.27 , 58.4337997436 , 21.71217
130.31 , 58.3251876831 , 21.71833
130.35 , 58.3251876831 , 21.72417
130.38 , 58.3251876831 , 21.73034
130.42 , 58.3251876831 , 21.73633
130.46 , 58.3251876831 , 21.74250
130.49 , 58.3251876831 , 21.74867
130.53 , 58.3251876831 , 21.75467
130.57 , 58.3251876831 , 21.76083
130.60 , 58.3251876831 , 21.76667