2.69 , 0.0000000000 , 0.44750
2.72 , 0.0000000000 , 0.45300
2.75 , 0.1086129074 , 0.45833
2.78 , 0.1086129074 , 0.46383
2.81 , 0.0000000000 , 0.46900
2.85 , 0.0000000000 , 0.47450
2.88 , 0.1086129074 , 0.47983
2.91 , 0.0000000000 , 0.48533
2.94 , 0.1086129074 , 0.49067
2.98 , 0.1086129074 , 0.49600
3.01 , 0.1086129074 , 0.50133
3.04 , 0.1086129074 , 0.50683
3.07 , 0.1086129074 , 0.51217
3.11 , 0.1086129074 , 0.51750
3.14 , 0.1086129074 , 0.52283
3.17 , 0.1086129074 , 0.52833
3.20 , 0.1086129074 , 0.53367
3.23 , 0.1086129074 , 0.53900
3.27 , 0.1086129074 , 0.54433
3.30 , 0.1086129074 , 0.54983
3.33 , 0.1086129074 , 0.55517
3.36 , 0.1086129074 , 0.56050
3.40 , 0.1086129074 , 0.56583
3.43 , 0.1086129074 , 0.57133
3.46 , 0.1086129074 , 0.57667
3.49 , 0.1086129074 , 0.58200
3.52 , 0.1086129074 , 0.58733
3.56 , 0.1086129074 , 0.59267
3.59 , 0.1086129074 , 0.59817
3.62 , 0.1086129074 , 0.60333
3.65 , 0.1086129074 , 0.60883
3.69 , 0.2172258138 , 0.61417
3.72 , 0.2172258138 , 0.61967
3.75 , 0.2172258138 , 0.62483
3.78 , 0.2172258138 , 0.63033
3.81 , 0.2172258138 , 0.63567
3.85 , 0.3258387088 , 0.64117
3.88 , 0.2172258138 , 0.64633
3.91 , 0.2172258138 , 0.65183
3.94 , 0.3258387088 , 0.65717
3.98 , 0.3258387088 , 0.66267
4.01 , 0.3258387088 , 0.66783
4.04 , 0.3258387088 , 0.67333
4.07 , 0.3258387088 , 0.67867
4.11 , 0.3258387088 , 0.68417
4.14 , 0.3258387088 , 0.68933
4.17 , 0.4344516277 , 0.69483
4.20 , 0.4344516277 , 0.70017
4.23 , 0.4344516277 , 0.70567
4.26 , 0.4344516277 , 0.71083
4.30 , 0.4344516277 , 0.71633
4.33 , 0.4344516277 , 0.72167
4.36 , 0.5430645465 , 0.72717
4.40 , 0.4344516277 , 0.73250
4.43 , 0.5430645465 , 0.73783
4.46 , 0.5430645465 , 0.74317
4.49 , 0.6516774177 , 0.74867
4.52 , 0.5430645465 , 0.75400
4.55 , 0.6516774177 , 0.75917
4.59 , 0.6516774177 , 0.76467
4.62 , 0.6516774177 , 0.77000
4.65 , 0.6516774177 , 0.77550
4.68 , 0.6516774177 , 0.78067
4.72 , 0.6516774177 , 0.78617
4.75 , 0.7602910041 , 0.79150
4.78 , 0.6516774177 , 0.79700
4.81 , 0.7602910041 , 0.80217
4.85 , 0.7602910041 , 0.80767
4.88 , 0.7602910041 , 0.81300
4.91 , 0.8689039230 , 0.81850
4.94 , 0.7602910041 , 0.82367
4.98 , 0.7602910041 , 0.82917
5.01 , 0.8689039230 , 0.83450
5.04 , 0.8689039230 , 0.84000
5.07 , 0.8689039230 , 0.84517
5.10 , 0.8689039230 , 0.85067
5.14 , 0.8689039230 , 0.85600
5.17 , 0.8689039230 , 0.86150
5.20 , 0.9775167465 , 0.86667
5.23 , 0.8689039230 , 0.87217
5.26 , 0.9775167465 , 0.87750
5.30 , 0.9775167465 , 0.88300
5.33 , 0.9775167465 , 0.88817
5.36 , 0.9775167465 , 0.89367
5.39 , 1.0861296653 , 0.89900
5.43 , 1.0861296653 , 0.90450
5.46 , 1.0861296653 , 0.90967
5.49 , 1.0861296653 , 0.91517
5.52 , 1.0861296653 , 0.92050
5.56 , 1.1947425651 , 0.92600
5.59 , 1.0861296653 , 0.93117
5.62 , 1.1947425651 , 0.93650
5.65 , 1.0861296653 , 0.94200
5.68 , 1.1947425651 , 0.94733
5.72 , 1.1947425651 , 0.95267
5.75 , 1.3033554553 , 0.95800
5.78 , 1.1947425651 , 0.96350
5.81 , 1.1947425651 , 0.96883
5.85 , 1.1947425651 , 0.97433
5.88 , 1.1947425651 , 0.97950
5.91 , 1.3033554553 , 0.98500
5.94 , 1.3033554553 , 0.99033
5.98 , 1.3033554553 , 0.99583
6.01 , 1.3033554553 , 1.00100
6.04 , 1.3033554553 , 1.00650
6.07 , 1.4119684696 , 1.01183
6.10 , 1.3033554553 , 1.01733
6.14 , 1.4119684696 , 1.02250
6.17 , 1.4119684696 , 1.02800
6.20 , 1.4119684696 , 1.03333
6.23 , 1.4119684696 , 1.03883
6.26 , 1.4119684696 , 1.04400
6.30 , 1.4119684696 , 1.04950
6.33 , 1.4119684696 , 1.05483
6.36 , 1.4119684696 , 1.06033
6.39 , 1.5205813407 , 1.06550
6.43 , 1.5205813407 , 1.07100
6.46 , 1.5205813407 , 1.07633
6.49 , 1.5205813407 , 1.08183
6.52 , 1.4119684696 , 1.08700
6.55 , 1.5205813407 , 1.09250
6.59 , 1.6291942596 , 1.09783
6.62 , 1.6291942596 , 1.10317
6.65 , 1.6291942596 , 1.10850
6.68 , 1.6291942596 , 1.11383
6.72 , 1.6291942596 , 1.11933
6.75 , 1.6291942596 , 1.12467
6.78 , 1.7378084659 , 1.13000
6.81 , 1.6291942596 , 1.13533
6.84 , 1.7378084659 , 1.14083
6.88 , 1.7378084659 , 1.14617
6.91 , 1.7378084659 , 1.15150
6.94 , 1.7378084659 , 1.15683
6.97 , 1.7378084659 , 1.16233
7.01 , 1.8464213371 , 1.16767
7.04 , 1.7378084659 , 1.17300
7.07 , 1.8464213371 , 1.17833
7.10 , 1.8464213371 , 1.18383
7.14 , 1.8464213371 , 1.18917
7.17 , 1.8464213371 , 1.19467
7.20 , 1.9550342559 , 1.19983
7.23 , 1.9550342559 , 1.20533
7.26 , 1.9550342559 , 1.21067
7.30 , 1.9550342559 , 1.21617
7.33 , 1.9550342559 , 1.22133
7.36 , 1.9550342559 , 1.22683
7.39 , 1.9550342559 , 1.23217
7.43 , 1.9550342559 , 1.23767
7.46 , 2.0636472702 , 1.24283
7.49 , 1.9550342559 , 1.24833
7.52 , 2.0636472702 , 1.25367
7.55 , 2.0636472702 , 1.25917
7.59 , 2.0636472702 , 1.26433
7.62 , 2.0636472702 , 1.26983
7.65 , 2.0636472702 , 1.27517
7.68 , 2.0636472702 , 1.28050
7.72 , 2.1722600460 , 1.28583
7.75 , 2.1722600460 , 1.29117
7.78 , 2.1722600460 , 1.29667
7.81 , 2.1722600460 , 1.30200
7.84 , 2.2808730602 , 1.30733
7.88 , 2.2808730602 , 1.31267
7.91 , 2.2808730602 , 1.31817
7.94 , 2.2808730602 , 1.32350
7.97 , 2.2808730602 , 1.32883
8.01 , 2.3894858360 , 1.33417
8.04 , 2.2808730602 , 1.33967
8.07 , 2.2808730602 , 1.34500
8.10 , 2.3894858360 , 1.35033
8.13 , 2.3894858360 , 1.35567
8.17 , 2.3894858360 , 1.36117
8.20 , 2.3894858360 , 1.36650
8.23 , 2.3894858360 , 1.37183
8.26 , 2.3894858360 , 1.37717
8.30 , 2.3894858360 , 1.38267
8.33 , 2.4980988502 , 1.38800
8.36 , 2.4980988502 , 1.39333
8.39 , 2.3894858360 , 1.39867
8.43 , 2.4980988502 , 1.40417
8.46 , 2.4980988502 , 1.40950
8.49 , 2.4980988502 , 1.41483
8.52 , 2.4980988502 , 1.42017
8.55 , 2.6067116260 , 1.42567
8.59 , 2.4980988502 , 1.43100
8.62 , 2.6067116260 , 1.43650
8.65 , 2.4980988502 , 1.44167
8.68 , 2.6067116260 , 1.44700
8.72 , 2.6067116260 , 1.45250
8.75 , 2.6067116260 , 1.45783
8.78 , 2.6067116260 , 1.46317
8.81 , 2.6067116260 , 1.46850
8.84 , 2.7153246402 , 1.47400
8.88 , 2.7153246402 , 1.47933
8.91 , 2.7153246402 , 1.48467
8.94 , 2.7153246402 , 1.49000
8.97 , 2.7153246402 , 1.49550
9.01 , 2.7153246402 , 1.50083
9.04 , 2.8239374160 , 1.50617
9.07 , 2.7153246402 , 1.51150
9.10 , 2.8239374160 , 1.51700
9.13 , 2.8239374160 , 1.52233
9.17 , 2.8239374160 , 1.52767
9.20 , 2.8239374160 , 1.53300
9.23 , 2.8239374160 , 1.53850
9.26 , 2.8239374160 , 1.54383
9.30 , 2.8239374160 , 1.54917
9.33 , 2.9325504302 , 1.55450
9.36 , 2.9325504302 , 1.56000
9.39 , 2.9325504302 , 1.56533
9.42 , 2.9325504302 , 1.57067
9.46 , 3.0411632061 , 1.57600
9.49 , 3.0411632061 , 1.58150
9.52 , 3.0411632061 , 1.58683
9.55 , 3.0411632061 , 1.59217
9.59 , 3.0411632061 , 1.59750
9.62 , 3.0411632061 , 1.60300
9.65 , 3.1497774124 , 1.60833
9.68 , 3.1497774124 , 1.61367
9.71 , 3.0411632061 , 1.61900
9.75 , 3.1497774124 , 1.62433
9.78 , 3.1497774124 , 1.62983
9.81 , 3.1497774124 , 1.63500
9.84 , 3.1497774124 , 1.64050
9.88 , 3.0411632061 , 1.64583
9.91 , 3.2583904266 , 1.65133
9.94 , 3.1497774124 , 1.65650
9.97 , 3.2583904266 , 1.66200
10.00 , 3.2583904266 , 1.66733
10.04 , 3.3670034408 , 1.67300
10.07 , 3.3670034408 , 1.67850
10.10 , 3.3670034408 , 1.68400
10.14 , 3.2583904266 , 1.68950
10.17 , 3.3670034408 , 1.69517
10.20 , 3.3670034408 , 1.70067
10.24 , 3.3670034408 , 1.70617
10.27 , 3.3670034408 , 1.71167
10.30 , 3.4756162166 , 1.71733
10.34 , 3.4756162166 , 1.72283
10.37 , 3.3670034408 , 1.72850
10.40 , 3.4756162166 , 1.73383
10.44 , 3.4756162166 , 1.73950
10.47 , 3.4756162166 , 1.74500
10.50 , 3.4756162166 , 1.75067
10.54 , 3.4756162166 , 1.75600
10.57 , 3.5842292308 , 1.76167
10.60 , 3.5842292308 , 1.76717
10.64 , 3.5842292308 , 1.77283
10.67 , 3.5842292308 , 1.77833
10.70 , 3.5842292308 , 1.78383
10.74 , 3.5842292308 , 1.78933
10.77 , 3.5842292308 , 1.79500
10.80 , 3.5842292308 , 1.80050
10.84 , 3.5842292308 , 1.80600
10.87 , 3.5842292308 , 1.81150
10.90 , 3.6928420066 , 1.81717
10.94 , 3.6928420066 , 1.82267
10.97 , 3.5842292308 , 1.82833
11.00 , 3.6928420066 , 1.83367
11.04 , 3.6928420066 , 1.83933
11.07 , 3.6928420066 , 1.84483
11.10 , 3.6928420066 , 1.85050
11.14 , 3.8014550209 , 1.85600
11.17 , 3.8014550209 , 1.86150
11.20 , 3.8014550209 , 1.86700
11.24 , 3.9100677490 , 1.87267
11.27 , 3.9100677490 , 1.87817
11.30 , 3.9100677490 , 1.88367
11.34 , 3.8014550209 , 1.88917
11.37 , 3.8014550209 , 1.89483
11.40 , 3.8014550209 , 1.90033
11.44 , 3.8014550209 , 1.90600
11.47 , 3.8014550209 , 1.91133
11.50 , 3.9100677490 , 1.91700
11.53 , 3.9100677490 , 1.92250
11.57 , 3.9100677490 , 1.92817
11.60 , 4.0186805725 , 1.93350
11.64 , 4.0186805725 , 1.93917
11.67 , 4.0186805725 , 1.94467
11.70 , 4.0186805725 , 1.95033
11.73 , 4.0186805725 , 1.95583
11.77 , 4.1272935867 , 1.96133
11.80 , 4.0186805725 , 1.96683
11.84 , 4.1272935867 , 1.97250
11.87 , 4.1272935867 , 1.97800
11.90 , 4.1272935867 , 1.98350
11.93 , 4.1272935867 , 1.98900
11.97 , 4.2359066009 , 1.99467
12.00 , 4.1272935867 , 2.00017
12.03 , 4.2359066009 , 2.00583
12.07 , 4.1272935867 , 2.01117
12.10 , 4.3445196151 , 2.01683
12.13 , 4.2359066009 , 2.02233
12.17 , 4.2359066009 , 2.02800
12.20 , 4.3445196151 , 2.03333
12.23 , 4.2359066009 , 2.03900
12.27 , 4.3445196151 , 2.04450
12.30 , 4.3445196151 , 2.05017
12.33 , 4.3445196151 , 2.05567
12.37 , 4.4531321525 , 2.06117
12.40 , 4.3445196151 , 2.06667
12.43 , 4.4531321525 , 2.07233
12.47 , 4.4531321525 , 2.07783
12.50 , 4.5617465972 , 2.08333
12.53 , 4.4531321525 , 2.08883
12.57 , 4.4531321525 , 2.09450
12.60 , 4.4531321525 , 2.10000
12.63 , 4.4531321525 , 2.10567
12.67 , 4.5617465972 , 2.11100
12.70 , 4.5617465972 , 2.11667
12.73 , 4.4531321525 , 2.12217
12.77 , 4.5617465972 , 2.12783
12.80 , 4.5617465972 , 2.13333
12.83 , 4.5617465972 , 2.13883
12.87 , 4.5617465972 , 2.14433
12.90 , 4.6703596115 , 2.15000
12.93 , 4.5617465972 , 2.15550
12.97 , 4.5617465972 , 2.16100
13.00 , 4.5617465972 , 2.16650
13.03 , 4.6703596115 , 2.17217
13.07 , 4.6703596115 , 2.17767
13.10 , 4.7789726257 , 2.18333
13.13 , 4.7789726257 , 2.18867
13.17 , 4.6703596115 , 2.19433
13.20 , 4.5617465972 , 2.19983
13.23 , 4.7789726257 , 2.20550
13.27 , 4.6703596115 , 2.21083
13.30 , 4.7789726257 , 2.21650
13.33 , 4.7789726257 , 2.22200
13.37 , 4.7789726257 , 2.22767
13.40 , 4.7789726257 , 2.23317
13.43 , 4.7789726257 , 2.23867
13.47 , 4.7789726257 , 2.24417
13.50 , 4.8875851631 , 2.24983
13.53 , 4.7789726257 , 2.25533
13.56 , 4.8875851631 , 2.26083
13.60 , 4.8875851631 , 2.26633
13.63 , 4.9961981773 , 2.27200
13.67 , 4.8875851631 , 2.27750
13.70 , 4.8875851631 , 2.28317
13.73 , 5.1048111915 , 2.28850
13.77 , 4.9961981773 , 2.29417
13.80 , 4.9961981773 , 2.29967
13.83 , 4.9961981773 , 2.30533
13.86 , 4.9961981773 , 2.31067
13.90 , 4.9961981773 , 2.31633
13.93 , 4.9961981773 , 2.32183
13.97 , 5.1048111915 , 2.32750
14.00 , 4.9961981773 , 2.33300
14.03 , 5.1048111915 , 2.33850
14.06 , 5.1048111915 , 2.34400
14.10 , 5.1048111915 , 2.34967
14.13 , 5.1048111915 , 2.35517
14.16 , 5.1048111915 , 2.36067
14.20 , 5.2134242057 , 2.36617
14.23 , 5.3220367431 , 2.37183
14.26 , 5.2134242057 , 2.37733
14.30 , 5.3220367431 , 2.38300
14.33 , 5.3220367431 , 2.38833
14.36 , 5.3220367431 , 2.39400
14.40 , 5.1048111915 , 2.39950
14.43 , 5.3220367431 , 2.40517
14.46 , 5.3220367431 , 2.41067
14.50 , 5.4306497573 , 2.41617
14.53 , 5.4306497573 , 2.42167
14.56 , 5.4306497573 , 2.42733
14.60 , 5.3220367431 , 2.43283
14.63 , 5.4306497573 , 2.43833
14.66 , 5.4306497573 , 2.44383
14.70 , 5.5392627716 , 2.44950
14.73 , 5.5392627716 , 2.45500
14.76 , 5.4306497573 , 2.46067
14.80 , 5.5392627716 , 2.46600
14.83 , 5.5392627716 , 2.47167
14.86 , 5.5392627716 , 2.47717
14.90 , 5.5392627716 , 2.48283
14.93 , 5.5392627716 , 2.48817
14.96 , 5.5392627716 , 2.49383
15.00 , 5.6478757858 , 2.49933
15.03 , 5.5392627716 , 2.50500
15.06 , 5.5392627716 , 2.51050
15.10 , 5.6478757858 , 2.51600
15.13 , 5.6478757858 , 2.52150
15.16 , 5.6478757858 , 2.52717
15.20 , 5.6478757858 , 2.53267
15.23 , 5.7564883232 , 2.53817
15.26 , 5.6478757858 , 2.54367
15.30 , 5.6478757858 , 2.54933
15.33 , 5.6478757858 , 2.55483
15.36 , 5.6478757858 , 2.56050
15.40 , 5.7564883232 , 2.56583
15.43 , 5.7564883232 , 2.57150
15.46 , 5.7564883232 , 2.57700
15.50 , 5.7564883232 , 2.58267
15.53 , 5.8651013374 , 2.58800
15.56 , 5.8651013374 , 2.59367
15.60 , 5.7564883232 , 2.59917
15.63 , 5.8651013374 , 2.60483
15.66 , 5.8651013374 , 2.61033
15.69 , 5.8651013374 , 2.61583
15.73 , 5.8651013374 , 2.62133
15.76 , 5.9737157821 , 2.62700
15.80 , 5.8651013374 , 2.63250
15.83 , 5.9737157821 , 2.63800
15.86 , 5.9737157821 , 2.64350
15.90 , 6.0823287963 , 2.64917
15.93 , 5.9737157821 , 2.65467
15.96 , 6.0823287963 , 2.66033
15.99 , 6.0823287963 , 2.66567
16.03 , 5.9737157821 , 2.67133
16.06 , 5.9737157821 , 2.67683
16.09 , 5.9737157821 , 2.68250
16.13 , 6.0823287963 , 2.68800
16.16 , 6.0823287963 , 2.69350
16.19 , 6.0823287963 , 2.69900
16.23 , 6.1909413337 , 2.70467
16.26 , 6.0823287963 , 2.71017
16.29 , 6.0823287963 , 2.71567
16.33 , 6.1909413337 , 2.72117
16.36 , 6.2995543479 , 2.72683
16.39 , 6.1909413337 , 2.73233
16.43 , 6.2995543479 , 2.73800
16.46 , 6.1909413337 , 2.74333
16.49 , 6.1909413337 , 2.74900
16.53 , 6.2995543479 , 2.75450
16.56 , 6.1909413337 , 2.76017
16.59 , 6.2995543479 , 2.76550
16.63 , 6.2995543479 , 2.77117
16.66 , 6.2995543479 , 2.77667
16.69 , 6.2995543479 , 2.78233
16.73 , 6.4081673622 , 2.78783
16.76 , 6.4081673622 , 2.79333
16.79 , 6.4081673622 , 2.79883
16.83 , 6.4081673622 , 2.80450
16.86 , 6.5167803764 , 2.81000
16.89 , 6.4081673622 , 2.81550
16.93 , 6.5167803764 , 2.82100
16.96 , 6.5167803764 , 2.82667
16.99 , 6.5167803764 , 2.83217
17.03 , 6.5167803764 , 2.83783
17.06 , 6.5167803764 , 2.84317
17.09 , 6.5167803764 , 2.84883
17.13 , 6.5167803764 , 2.85433
17.16 , 6.6253929138 , 2.86000
17.19 , 6.5167803764 , 2.86533
17.23 , 6.6253929138 , 2.87100
17.26 , 6.6253929138 , 2.87650
17.29 , 6.6253929138 , 2.88217
17.33 , 6.7340059280 , 2.88767
17.36 , 6.7340059280 , 2.89317
17.39 , 6.6253929138 , 2.89867
17.43 , 6.7340059280 , 2.90433
17.46 , 6.7340059280 , 2.90983
17.49 , 6.7340059280 , 2.91533
17.52 , 6.8426189422 , 2.92083
17.56 , 6.7340059280 , 2.92650
17.59 , 6.7340059280 , 2.93200
17.63 , 6.7340059280 , 2.93767
17.66 , 6.7340059280 , 2.94300
17.69 , 6.8426189422 , 2.94867
17.72 , 6.8426189422 , 2.95417
17.76 , 6.8426189422 , 2.95983
17.79 , 6.8426189422 , 2.96533
17.82 , 6.9512319564 , 2.97083
17.86 , 6.9512319564 , 2.97633
17.89 , 6.8426189422 , 2.98200
17.92 , 6.8426189422 , 2.98750
17.96 , 6.8426189422 , 2.99300
17.99 , 6.9512319564 , 2.99850
18.02 , 6.9512319564 , 3.00417
18.06 , 6.9512319564 , 3.00967
18.09 , 6.9512319564 , 3.01533
18.12 , 6.9512319564 , 3.02067
18.16 , 7.0598444938 , 3.02633
18.19 , 6.9512319564 , 3.03183
18.22 , 6.9512319564 , 3.03750
18.26 , 7.0598444938 , 3.04283
18.29 , 6.9512319564 , 3.04850
18.32 , 7.1684575080 , 3.05400
18.36 , 7.1684575080 , 3.05967
18.39 , 7.1684575080 , 3.06517
18.42 , 7.1684575080 , 3.07067
18.46 , 7.0598444938 , 3.07617
18.49 , 7.1684575080 , 3.08183
18.52 , 7.1684575080 , 3.08733
18.56 , 7.2770705223 , 3.09283
18.59 , 7.2770705223 , 3.09833
18.62 , 7.2770705223 , 3.10400
18.66 , 7.2770705223 , 3.10950
18.69 , 7.2770705223 , 3.11517
18.72 , 7.2770705223 , 3.12050
18.76 , 7.2770705223 , 3.12617
18.79 , 7.2770705223 , 3.13167
18.82 , 7.2770705223 , 3.13733
18.86 , 7.3856849670 , 3.14267
18.89 , 7.3856849670 , 3.14833
18.92 , 7.2770705223 , 3.15383
18.96 , 7.3856849670 , 3.15950
18.99 , 7.4942975044 , 3.16500
19.02 , 7.4942975044 , 3.17050
19.06 , 7.4942975044 , 3.17600
19.09 , 7.4942975044 , 3.18167
19.12 , 7.4942975044 , 3.18717
19.16 , 7.4942975044 , 3.19267
19.19 , 7.4942975044 , 3.19817
19.22 , 7.6029105186 , 3.20383
19.26 , 7.6029105186 , 3.20933
19.29 , 7.6029105186 , 3.21500
19.32 , 7.6029105186 , 3.22033
19.36 , 7.4942975044 , 3.22600
19.39 , 7.6029105186 , 3.23150
19.42 , 7.6029105186 , 3.23717
19.46 , 7.7115235328 , 3.24267
19.49 , 7.7115235328 , 3.24817
19.52 , 7.6029105186 , 3.25367
19.56 , 7.7115235328 , 3.25933
19.59 , 7.7115235328 , 3.26483
19.62 , 7.7115235328 , 3.27033
19.65 , 7.8201365470 , 3.27583
19.69 , 7.7115235328 , 3.28150
19.72 , 7.7115235328 , 3.28700
19.76 , 7.9287490844 , 3.29267
19.79 , 7.8201365470 , 3.29800
19.82 , 7.8201365470 , 3.30367
19.85 , 7.8201365470 , 3.30917
19.89 , 7.8201365470 , 3.31483
19.92 , 7.8201365470 , 3.32017
19.95 , 7.9287490844 , 3.32583
19.99 , 7.9287490844 , 3.33133
20.02 , 7.8201365470 , 3.33700
20.05 , 8.0373620986 , 3.34250
20.09 , 7.9287490844 , 3.34800
20.12 , 7.9287490844 , 3.35350
20.15 , 7.9287490844 , 3.35917
20.19 , 8.0373620986 , 3.36467
20.22 , 8.0373620986 , 3.37017
20.25 , 8.0373620986 , 3.37567
20.29 , 8.0373620986 , 3.38133
20.32 , 8.0373620986 , 3.38683
20.35 , 8.0373620986 , 3.39250
20.39 , 8.1459751129 , 3.39783
20.42 , 8.0373620986 , 3.40350
20.45 , 8.1459751129 , 3.40900
20.49 , 8.1459751129 , 3.41467
20.52 , 8.1459751129 , 3.42000
20.55 , 8.0373620986 , 3.42567
20.59 , 8.1459751129 , 3.43117
20.62 , 8.1459751129 , 3.43683
20.65 , 8.2545881271 , 3.44233
20.69 , 8.1459751129 , 3.44783
20.72 , 8.1459751129 , 3.45333
20.75 , 8.2545881271 , 3.45900
20.79 , 8.1459751129 , 3.46450
20.82 , 8.2545881271 , 3.47000
20.85 , 8.2545881271 , 3.47550
20.89 , 8.2545881271 , 3.48117
20.92 , 8.3632011413 , 3.48667
20.95 , 8.3632011413 , 3.49233
20.99 , 8.2545881271 , 3.49767
21.02 , 8.2545881271 , 3.50333
21.05 , 8.3632011413 , 3.50883
21.09 , 8.3632011413 , 3.51450
21.12 , 8.4718141555 , 3.52000
21.15 , 8.4718141555 , 3.52550
21.19 , 8.4718141555 , 3.53100
21.22 , 8.5804271697 , 3.53667
21.25 , 8.4718141555 , 3.54217
21.29 , 8.4718141555 , 3.54767
21.32 , 8.5804271697 , 3.55317
21.35 , 8.4718141555 , 3.55883
21.39 , 8.5804271697 , 3.56433
21.42 , 8.5804271697 , 3.57000
21.45 , 8.4718141555 , 3.57533
21.49 , 8.6890411376 , 3.58100
21.52 , 8.5804271697 , 3.58650
21.55 , 8.6890411376 , 3.59217
21.58 , 8.6890411376 , 3.59750
21.62 , 8.6890411376 , 3.60317
21.65 , 8.6890411376 , 3.60867
21.69 , 8.6890411376 , 3.61433
21.72 , 8.6890411376 , 3.61983
21.75 , 8.7976541519 , 3.62533
21.78 , 8.9062671661 , 3.63083
21.82 , 8.6890411376 , 3.63650
21.85 , 8.7976541519 , 3.64200
21.88 , 8.7976541519 , 3.64750
21.92 , 8.7976541519 , 3.65300
21.95 , 8.9062671661 , 3.65867
21.98 , 8.7976541519 , 3.66417
22.02 , 8.9062671661 , 3.66983
22.05 , 8.9062671661 , 3.67517
22.08 , 8.9062671661 , 3.68083
22.12 , 8.9062671661 , 3.68633
22.15 , 9.0148792266 , 3.69200
22.18 , 8.9062671661 , 3.69733
22.22 , 9.0148792266 , 3.70300
22.25 , 8.9062671661 , 3.70850
22.28 , 9.1234922409 , 3.71417
22.32 , 9.1234922409 , 3.71967
22.35 , 9.1234922409 , 3.72517
22.38 , 9.0148792266 , 3.73067
22.42 , 9.0148792266 , 3.73633
22.45 , 9.1234922409 , 3.74183
22.48 , 9.0148792266 , 3.74733
22.52 , 9.0148792266 , 3.75283
22.55 , 9.2321052551 , 3.75850
22.58 , 9.1234922409 , 3.76400
22.62 , 9.1234922409 , 3.76967
22.65 , 9.1234922409 , 3.77500
22.68 , 9.1234922409 , 3.78067
22.72 , 9.2321052551 , 3.78617
22.75 , 9.2321052551 , 3.79183
22.78 , 9.2321052551 , 3.79733
22.82 , 9.2321052551 , 3.80283
22.85 , 9.2321052551 , 3.80833
22.88 , 9.2321052551 , 3.81400
22.92 , 9.2321052551 , 3.81950
22.95 , 9.2321052551 , 3.82500
22.98 , 9.2321052551 , 3.83050
23.02 , 9.2321052551 , 3.83617
23.05 , 9.3407182693 , 3.84167
23.08 , 9.3407182693 , 3.84733
23.12 , 9.3407182693 , 3.85267
23.15 , 9.3407182693 , 3.85833
23.18 , 9.4493312835 , 3.86383
23.22 , 9.4493312835 , 3.86950
23.25 , 9.3407182693 , 3.87483
23.28 , 9.3407182693 , 3.88050
23.32 , 9.4493312835 , 3.88600
23.35 , 9.4493312835 , 3.89167
23.38 , 9.4493312835 , 3.89717
23.42 , 9.5579442977 , 3.90267
23.45 , 9.4493312835 , 3.90817
23.48 , 9.5579442977 , 3.91383
23.52 , 9.5579442977 , 3.91933
23.55 , 9.5579442977 , 3.92483
23.58 , 9.5579442977 , 3.93033
23.62 , 9.5579442977 , 3.93600
23.65 , 9.5579442977 , 3.94150
23.68 , 9.6665573120 , 3.94717
23.71 , 9.5579442977 , 3.95250
23.75 , 9.7751703262 , 3.95817
23.78 , 9.6665573120 , 3.96367
23.82 , 9.7751703262 , 3.96933
23.85 , 9.7751703262 , 3.97467
23.88 , 9.7751703262 , 3.98033
23.92 , 9.7751703262 , 3.98583
23.95 , 9.7751703262 , 3.99150
23.98 , 9.8837833404 , 3.99700
24.01 , 9.7751703262 , 4.00250
24.05 , 9.7751703262 , 4.00800
24.08 , 9.8837833404 , 4.01367
24.11 , 9.8837833404 , 4.01917
24.15 , 9.8837833404 , 4.02467
24.18 , 9.8837833404 , 4.03017
24.21 , 9.8837833404 , 4.03583
24.25 , 9.9923954010 , 4.04133
24.28 , 9.9923954010 , 4.04700
24.31 , 9.9923954010 , 4.05233
24.35 , 9.9923954010 , 4.05800
24.38 , 9.9923954010 , 4.06350
24.42 , 9.9923954010 , 4.06917
24.45 , 10.1010103225 , 4.07467
24.48 , 10.1010103225 , 4.08033
24.52 , 10.1010103225 , 4.08600
24.55 , 10.1010103225 , 4.09183
24.58 , 10.1010103225 , 4.09750
24.62 , 10.1010103225 , 4.10333
24.65 , 10.2096233367 , 4.10883
24.69 , 10.1010103225 , 4.11467
24.72 , 10.1010103225 , 4.12033
24.76 , 10.2096233367 , 4.12617
24.79 , 10.1010103225 , 4.13200
24.82 , 10.2096233367 , 4.13750
24.86 , 10.3182353973 , 4.14333
24.89 , 10.3182353973 , 4.14900
24.93 , 10.2096233367 , 4.15483
24.96 , 10.2096233367 , 4.16050
25.00 , 10.3182353973 , 4.16617
25.03 , 10.3182353973 , 4.17183
25.07 , 10.2096233367 , 4.17767
25.10 , 10.2096233367 , 4.18333
25.13 , 10.2096233367 , 4.18917
25.17 , 10.3182353973 , 4.19467
25.20 , 10.3182353973 , 4.20050
25.24 , 10.3182353973 , 4.20617
25.27 , 10.3182353973 , 4.21200
25.31 , 10.3182353973 , 4.21767
25.34 , 10.3182353973 , 4.22333
25.37 , 10.3182353973 , 4.22900
25.41 , 10.4268484115 , 4.23483
25.44 , 10.4268484115 , 4.24050
25.48 , 10.4268484115 , 4.24633
25.51 , 10.4268484115 , 4.25183
25.55 , 10.4268484115 , 4.25767
25.58 , 10.4268484115 , 4.26333
25.61 , 10.4268484115 , 4.26917
25.65 , 10.5354614257 , 4.27483
25.68 , 10.5354614257 , 4.28050
25.72 , 10.6440744400 , 4.28617
25.75 , 10.6440744400 , 4.29200
25.79 , 10.6440744400 , 4.29767
25.82 , 10.6440744400 , 4.30350
25.85 , 10.6440744400 , 4.30900
25.89 , 10.6440744400 , 4.31483
25.92 , 10.7526874542 , 4.32067
25.96 , 10.7526874542 , 4.32633
25.99 , 10.7526874542 , 4.33217
26.03 , 10.7526874542 , 4.33783
26.06 , 10.7526874542 , 4.34350
26.09 , 10.8613004684 , 4.34917
26.13 , 10.8613004684 , 4.35500
26.16 , 10.8613004684 , 4.36067
26.20 , 10.8613004684 , 4.36650
26.23 , 10.8613004684 , 4.37200
26.27 , 10.8613004684 , 4.37783
26.30 , 10.9699134826 , 4.38350
26.34 , 10.8613004684 , 4.38933
26.37 , 10.9699134826 , 4.39500
26.40 , 10.9699134826 , 4.40067
26.44 , 10.9699134826 , 4.40633
26.47 , 10.9699134826 , 4.41217
26.51 , 10.9699134826 , 4.41783
26.54 , 10.9699134826 , 4.42367
26.57 , 10.9699134826 , 4.42917
26.61 , 11.0785264968 , 4.43500
26.64 , 11.0785264968 , 4.44067
26.68 , 11.0785264968 , 4.44650
26.71 , 11.1871395111 , 4.45217
26.75 , 11.1871395111 , 4.45783
26.78 , 11.1871395111 , 4.46350
26.82 , 11.0785264968 , 4.46933
26.85 , 11.2957525253 , 4.47500
26.88 , 11.2957525253 , 4.48083
26.92 , 11.2957525253 , 4.48633
26.95 , 11.2957525253 , 4.49217
26.99 , 11.2957525253 , 4.49800
27.02 , 11.1871395111 , 4.50367
27.06 , 11.1871395111 , 4.50950
27.09 , 11.2957525253 , 4.51500
27.12 , 11.1871395111 , 4.52083
27.16 , 11.2957525253 , 4.52650
27.19 , 11.2957525253 , 4.53233
27.23 , 11.2957525253 , 4.53800
27.26 , 11.4043655395 , 4.54367
27.30 , 11.4043655395 , 4.54933
27.33 , 11.4043655395 , 4.55517
27.36 , 11.4043655395 , 4.56083
27.40 , 11.4043655395 , 4.56667
27.43 , 11.4043655395 , 4.57217
27.47 , 11.4043655395 , 4.57800
27.50 , 11.4043655395 , 4.58367
27.54 , 11.5129785537 , 4.58950
27.57 , 11.5129785537 , 4.59517
27.61 , 11.5129785537 , 4.60100
27.64 , 11.5129785537 , 4.60650
27.67 , 11.5129785537 , 4.61233
27.71 , 11.5129785537 , 4.61800
27.74 , 11.5129785537 , 4.62383
27.78 , 11.6215915679 , 4.62950
27.81 , 11.5129785537 , 4.63517
27.84 , 11.6215915679 , 4.64083
27.88 , 11.6215915679 , 4.64667
27.91 , 11.6215915679 , 4.65233
27.95 , 11.6215915679 , 4.65817
27.98 , 11.7302045822 , 4.66367
28.02 , 11.6215915679 , 4.66950
28.05 , 11.6215915679 , 4.67517
28.09 , 11.6215915679 , 4.68100
28.12 , 11.7302045822 , 4.68683
28.15 , 11.8388175964 , 4.69233
28.19 , 11.8388175964 , 4.69817
28.22 , 11.7302045822 , 4.70383
28.26 , 11.8388175964 , 4.70967
28.29 , 11.8388175964 , 4.71533
28.33 , 11.8388175964 , 4.72100
28.36 , 11.8388175964 , 4.72667
28.39 , 11.8388175964 , 4.73250
28.43 , 11.8388175964 , 4.73817
28.46 , 11.9474296569 , 4.74400
28.50 , 11.9474296569 , 4.74950
28.53 , 11.9474296569 , 4.75533
28.57 , 11.9474296569 , 4.76100
28.60 , 11.9474296569 , 4.76683
28.63 , 12.0560426712 , 4.77250
28.67 , 12.0560426712 , 4.77817
28.70 , 12.0560426712 , 4.78383
28.74 , 12.0560426712 , 4.78967
28.77 , 12.1646556854 , 4.79533
28.81 , 12.0560426712 , 4.80117
28.84 , 12.0560426712 , 4.80667
28.87 , 12.0560426712 , 4.81250
28.91 , 12.2732686996 , 4.81817
28.94 , 12.1646556854 , 4.82400
28.98 , 12.2732686996 , 4.82967
29.01 , 12.1646556854 , 4.83533
29.05 , 12.2732686996 , 4.84100
29.08 , 12.2732686996 , 4.84683
29.11 , 12.2732686996 , 4.85250
29.15 , 12.2732686996 , 4.85833
29.18 , 12.2732686996 , 4.86417
29.22 , 12.3818817138 , 4.86967
29.25 , 12.2732686996 , 4.87550
29.29 , 12.3818817138 , 4.88117
29.32 , 12.3818817138 , 4.88700
29.36 , 12.3818817138 , 4.89267
29.39 , 12.3818817138 , 4.89833
29.42 , 12.3818817138 , 4.90400
29.46 , 12.3818817138 , 4.90983
29.49 , 12.4904947280 , 4.91550
29.53 , 12.5991077423 , 4.92133
29.56 , 12.4904947280 , 4.92683
29.60 , 12.4904947280 , 4.93267
29.63 , 12.4904947280 , 4.93833
29.67 , 12.4904947280 , 4.94417
29.70 , 12.5991077423 , 4.94983
29.73 , 12.4904947280 , 4.95550
29.77 , 12.7077207565 , 4.96117
29.80 , 12.5991077423 , 4.96700
29.84 , 12.5991077423 , 4.97267
29.87 , 12.5991077423 , 4.97850
29.90 , 12.5991077423 , 4.98400
29.94 , 12.5991077423 , 4.98983
29.97 , 12.4904947280 , 4.99550
30.01 , 12.5991077423 , 5.00133
30.04 , 12.7077207565 , 5.00700
30.08 , 12.7077207565 , 5.01267
30.11 , 12.7077207565 , 5.01833
30.14 , 12.7077207565 , 5.02417
30.18 , 12.7077207565 , 5.02983
30.21 , 12.7077207565 , 5.03567
30.25 , 12.7077207565 , 5.04117
30.28 , 12.7077207565 , 5.04700
30.32 , 12.7077207565 , 5.05283
30.35 , 12.8163328170 , 5.05850
30.39 , 12.8163328170 , 5.06433
30.42 , 12.8163328170 , 5.06983
30.45 , 12.8163328170 , 5.07567
30.49 , 12.8163328170 , 5.08133
30.52 , 12.9249458312 , 5.08717
30.56 , 12.9249458312 , 5.09283
30.59 , 12.9249458312 , 5.09867
30.62 , 12.9249458312 , 5.10417
30.66 , 12.9249458312 , 5.11000
30.69 , 13.0335588455 , 5.11567
30.73 , 12.9249458312 , 5.12150
30.76 , 13.0335588455 , 5.12717
30.80 , 13.0335588455 , 5.13283
30.83 , 13.0335588455 , 5.13850
30.87 , 13.0335588455 , 5.14433
30.90 , 13.1421718597 , 5.15000
30.93 , 13.1421718597 , 5.15583
30.97 , 13.1421718597 , 5.16133
31.00 , 13.2507848739 , 5.16717
31.04 , 13.1421718597 , 5.17283
31.07 , 13.2507848739 , 5.17867
31.11 , 13.1421718597 , 5.18433
31.14 , 13.1421718597 , 5.19000
31.17 , 13.2507848739 , 5.19567
31.21 , 13.2507848739 , 5.20150
31.24 , 13.2507848739 , 5.20717
31.28 , 13.2507848739 , 5.21300
31.31 , 13.3593978881 , 5.21850
31.35 , 13.3593978881 , 5.22433
31.38 , 13.2507848739 , 5.23017
31.42 , 13.4680109024 , 5.23583
31.45 , 13.4680109024 , 5.24167
31.48 , 13.4680109024 , 5.24717
31.52 , 13.4680109024 , 5.25300
31.55 , 13.3593978881 , 5.25867
31.59 , 13.4680109024 , 5.26450
31.62 , 13.4680109024 , 5.27017
31.65 , 13.4680109024 , 5.27583
31.69 , 13.5766258239 , 5.28150
31.72 , 13.4680109024 , 5.28733
31.76 , 13.5766258239 , 5.29300
31.79 , 13.5766258239 , 5.29883
31.83 , 13.5766258239 , 5.30433
31.86 , 13.6852388381 , 5.31017
31.89 , 13.5766258239 , 5.31583
31.93 , 13.6852388381 , 5.32167
31.96 , 13.5766258239 , 5.32733
32.00 , 13.6852388381 , 5.33300
32.03 , 13.5766258239 , 5.33867
32.07 , 13.6852388381 , 5.34450
32.10 , 13.6852388381 , 5.35017
32.14 , 13.6852388381 , 5.35600
32.17 , 13.7938518524 , 5.36150
32.20 , 13.6852388381 , 5.36733
32.24 , 13.6852388381 , 5.37300
32.27 , 13.7938518524 , 5.37883
32.31 , 13.6852388381 , 5.38450
32.34 , 13.6852388381 , 5.39033
32.38 , 13.7938518524 , 5.39583
32.41 , 13.9024648666 , 5.40167
32.44 , 13.9024648666 , 5.40733
32.48 , 13.7938518524 , 5.41317
32.51 , 13.9024648666 , 5.41900
32.55 , 13.9024648666 , 5.42450
32.58 , 13.9024648666 , 5.43033
32.62 , 13.9024648666 , 5.43600
32.65 , 13.9024648666 , 5.44183
32.69 , 13.9024648666 , 5.44750
32.72 , 13.7938518524 , 5.45317
32.75 , 14.0110778808 , 5.45883
32.79 , 14.0110778808 , 5.46467
32.82 , 14.0110778808 , 5.47033
32.86 , 14.0110778808 , 5.47617
32.89 , 14.1196908950 , 5.48167
32.93 , 14.0110778808 , 5.48750
32.96 , 14.0110778808 , 5.49317
32.99 , 14.0110778808 , 5.49900
33.03 , 14.1196908950 , 5.50467
33.06 , 14.2283039093 , 5.51033
33.10 , 14.1196908950 , 5.51600
33.13 , 14.1196908950 , 5.52183
33.17 , 14.1196908950 , 5.52750
33.20 , 14.2283039093 , 5.53333
33.23 , 14.2283039093 , 5.53883
33.27 , 14.2283039093 , 5.54467
33.30 , 14.2283039093 , 5.55033
33.34 , 14.2283039093 , 5.55617
33.37 , 14.3369169235 , 5.56183
33.40 , 14.3369169235 , 5.56750
33.44 , 14.3369169235 , 5.57317
33.47 , 14.3369169235 , 5.57900
33.51 , 14.3369169235 , 5.58467
33.54 , 14.4455299377 , 5.59050
33.58 , 14.4455299377 , 5.59617
33.61 , 14.4455299377 , 5.60183
33.65 , 14.4455299377 , 5.60767
33.68 , 14.4455299377 , 5.61333
33.72 , 14.5541419982 , 5.61917
33.75 , 14.5541419982 , 5.62467
33.78 , 14.5541419982 , 5.63050
33.82 , 14.5541419982 , 5.63617
33.85 , 14.5541419982 , 5.64200
33.89 , 14.5541419982 , 5.64767
33.92 , 14.5541419982 , 5.65350
33.95 , 14.5541419982 , 5.65900
33.99 , 14.6627550125 , 5.66483
34.02 , 14.6627550125 , 5.67050
34.06 , 14.5541419982 , 5.67633
34.09 , 14.6627550125 , 5.68200
34.13 , 14.6627550125 , 5.68767
34.16 , 14.7713680267 , 5.69333
34.20 , 14.6627550125 , 5.69917
34.23 , 14.6627550125 , 5.70483
34.26 , 14.7713680267 , 5.71067
34.30 , 14.7713680267 , 5.71617
34.33 , 14.6627550125 , 5.72200
34.37 , 14.8799810409 , 5.72767
34.40 , 14.7713680267 , 5.73350
34.44 , 14.8799810409 , 5.73917
34.47 , 14.8799810409 , 5.74483
34.50 , 14.8799810409 , 5.75050
34.54 , 14.8799810409 , 5.75633
34.57 , 14.8799810409 , 5.76200
34.61 , 14.8799810409 , 5.76783
34.64 , 14.9885940551 , 5.77333
34.68 , 14.9885940551 , 5.77917
34.71 , 14.9885940551 , 5.78500
34.74 , 14.9885940551 , 5.79067
34.78 , 14.9885940551 , 5.79650
34.81 , 14.9885940551 , 5.80200
34.85 , 14.9885940551 , 5.80783
34.88 , 15.0972070693 , 5.81350
34.92 , 14.9885940551 , 5.81933
34.95 , 15.0972070693 , 5.82500
34.98 , 15.0972070693 , 5.83067
35.02 , 15.0972070693 , 5.83633
35.05 , 14.9885940551 , 5.84217
35.09 , 15.0972070693 , 5.84783
35.12 , 15.0972070693 , 5.85367
35.15 , 15.0972070693 , 5.85917
35.19 , 15.0972070693 , 5.86500
35.22 , 15.0972070693 , 5.87067
35.26 , 15.2058200836 , 5.87650
35.29 , 15.2058200836 , 5.88217
35.33 , 15.2058200836 , 5.88800
35.36 , 15.2058200836 , 5.89350
35.40 , 15.3144330978 , 5.89933
35.43 , 15.2058200836 , 5.90500
35.47 , 15.3144330978 , 5.91083
35.50 , 15.2058200836 , 5.91650
35.53 , 15.4230451583 , 5.92217
35.57 , 15.3144330978 , 5.92783
35.60 , 15.3144330978 , 5.93367
35.64 , 15.3144330978 , 5.93933
35.67 , 15.4230451583 , 5.94517
35.70 , 15.4230451583 , 5.95067
35.74 , 15.3144330978 , 5.95650
35.77 , 15.4230451583 , 5.96233
35.81 , 15.5316581726 , 5.96800
35.84 , 15.4230451583 , 5.97383
35.88 , 15.4230451583 , 5.97933
35.91 , 15.5316581726 , 5.98517
35.95 , 15.6402711868 , 5.99083
35.98 , 15.5316581726 , 5.99667
36.01 , 15.6402711868 , 6.00233
36.05 , 15.6402711868 , 6.00800
36.08 , 15.5316581726 , 6.01367
36.12 , 15.7488842010 , 6.01950
36.15 , 15.6402711868 , 6.02517
36.19 , 15.7488842010 , 6.03100
36.22 , 15.7488842010 , 6.03650
36.25 , 15.8574972152 , 6.04233
36.29 , 15.7488842010 , 6.04800
36.32 , 15.8574972152 , 6.05383
36.36 , 15.8574972152 , 6.05950
36.39 , 15.7488842010 , 6.06517
36.43 , 15.7488842010 , 6.07083
36.46 , 15.8574972152 , 6.07667
36.49 , 15.7488842010 , 6.08233
36.53 , 15.8574972152 , 6.08817
36.56 , 15.8574972152 , 6.09367
36.60 , 15.9661102294 , 6.09950
36.63 , 15.8574972152 , 6.10517
36.67 , 15.8574972152 , 6.11100
36.70 , 15.8574972152 , 6.11667
36.73 , 15.9661102294 , 6.12233
36.77 , 16.0747222900 , 6.12800
36.80 , 15.9661102294 , 6.13383
36.84 , 15.9661102294 , 6.13950
36.87 , 16.0747222900 , 6.14533
36.91 , 16.0747222900 , 6.15117
36.94 , 15.9661102294 , 6.15667
36.97 , 16.0747222900 , 6.16250
37.01 , 16.0747222900 , 6.16817
37.04 , 16.0747222900 , 6.17400
37.08 , 16.1833362579 , 6.17967
37.11 , 16.0747222900 , 6.18533
37.15 , 16.1833362579 , 6.19100
37.18 , 16.0747222900 , 6.19683
37.22 , 16.2919483184 , 6.20250
37.25 , 16.1833362579 , 6.20833
37.28 , 16.1833362579 , 6.21383
37.32 , 16.1833362579 , 6.21967
37.35 , 16.1833362579 , 6.22533
37.39 , 16.1833362579 , 6.23117
37.42 , 16.1833362579 , 6.23683
37.46 , 16.1833362579 , 6.24250
37.49 , 16.2919483184 , 6.24817
37.52 , 16.2919483184 , 6.25400
37.56 , 16.2919483184 , 6.25967
37.59 , 16.4005641937 , 6.26550
37.63 , 16.5091781616 , 6.27100
37.66 , 16.2919483184 , 6.27683
37.70 , 16.4005641937 , 6.28250
37.73 , 16.4005641937 , 6.28833
37.76 , 16.4005641937 , 6.29400
37.80 , 16.4005641937 , 6.29967
37.83 , 16.5091781616 , 6.30533
37.87 , 16.4005641937 , 6.31117
37.90 , 16.4005641937 , 6.31683
37.94 , 16.6177902221 , 6.32267
37.97 , 16.5091781616 , 6.32833
38.00 , 16.5091781616 , 6.33400
38.04 , 16.6177902221 , 6.33983
38.07 , 16.6177902221 , 6.34550
38.11 , 16.6177902221 , 6.35133
38.14 , 16.6177902221 , 6.35683
38.18 , 16.7264022827 , 6.36267
38.21 , 16.6177902221 , 6.36833
38.25 , 16.7264022827 , 6.37417
38.28 , 16.6177902221 , 6.37983
38.31 , 16.7264022827 , 6.38550
38.35 , 16.7264022827 , 6.39117
38.38 , 16.7264022827 , 6.39700
38.42 , 16.8350162506 , 6.40267
38.45 , 16.8350162506 , 6.40850
38.48 , 16.8350162506 , 6.41400
38.52 , 16.8350162506 , 6.41983
38.55 , 16.8350162506 , 6.42550
38.59 , 16.8350162506 , 6.43133
38.62 , 16.8350162506 , 6.43700
38.66 , 16.8350162506 , 6.44283
38.69 , 16.9436283111 , 6.44833
38.72 , 16.9436283111 , 6.45417
38.76 , 17.0522422790 , 6.45983
38.79 , 17.0522422790 , 6.46567
38.83 , 16.9436283111 , 6.47133
38.86 , 17.0522422790 , 6.47700
38.90 , 17.0522422790 , 6.48267
38.93 , 17.0522422790 , 6.48850
38.97 , 17.0522422790 , 6.49417
39.00 , 17.1608543395 , 6.50000
39.03 , 17.1608543395 , 6.50550
39.07 , 17.0522422790 , 6.51133
39.10 , 17.1608543395 , 6.51717
39.14 , 17.1608543395 , 6.52283
39.17 , 17.1608543395 , 6.52867
39.21 , 17.1608543395 , 6.53417
39.24 , 17.1608543395 , 6.54000
39.27 , 17.1608543395 , 6.54567
39.31 , 17.1608543395 , 6.55150
39.34 , 17.2694683074 , 6.55717
39.38 , 17.2694683074 , 6.56283
39.41 , 17.1608543395 , 6.56850
39.45 , 17.2694683074 , 6.57433
39.48 , 17.3780803680 , 6.58000
39.52 , 17.2694683074 , 6.58583
39.55 , 17.2694683074 , 6.59133
39.58 , 17.2694683074 , 6.59717
39.62 , 17.3780803680 , 6.60283
39.65 , 17.3780803680 , 6.60867
39.69 , 17.3780803680 , 6.61433
39.72 , 17.3780803680 , 6.62000
39.75 , 17.3780803680 , 6.62567
39.79 , 17.3780803680 , 6.63150
39.82 , 17.3780803680 , 6.63717
39.86 , 17.4866943359 , 6.64300
39.89 , 17.3780803680 , 6.64850
39.93 , 17.4866943359 , 6.65433
39.96 , 17.4866943359 , 6.66000
40.00 , 17.4866943359 , 6.66583
40.03 , 17.4866943359 , 6.67150
40.06 , 17.4866943359 , 6.67733
40.10 , 17.5953063964 , 6.68283
40.13 , 17.5953063964 , 6.68867
40.17 , 17.5953063964 , 6.69450
40.20 , 17.5953063964 , 6.70017
40.24 , 17.7039184570 , 6.70600
40.27 , 17.7039184570 , 6.71150
40.30 , 17.7039184570 , 6.71733
40.34 , 17.7039184570 , 6.72300
40.37 , 17.7039184570 , 6.72883
40.41 , 17.7039184570 , 6.73450
40.44 , 17.8125324249 , 6.74017
40.47 , 17.7039184570 , 6.74583
40.51 , 17.7039184570 , 6.75167
40.54 , 17.8125324249 , 6.75733
40.58 , 17.7039184570 , 6.76317
40.61 , 17.8125324249 , 6.76867
40.65 , 17.9211444854 , 6.77450
40.68 , 17.9211444854 , 6.78017
40.72 , 17.8125324249 , 6.78600
40.75 , 17.9211444854 , 6.79167
40.78 , 17.9211444854 , 6.79733
40.82 , 18.0297584533 , 6.80300
40.85 , 18.0297584533 , 6.80883
40.89 , 18.0297584533 , 6.81450
40.92 , 18.0297584533 , 6.82033
40.96 , 18.0297584533 , 6.82583
40.99 , 18.0297584533 , 6.83167
41.02 , 18.1383705139 , 6.83733
41.06 , 18.1383705139 , 6.84317
41.09 , 18.1383705139 , 6.84883
41.13 , 18.1383705139 , 6.85450
41.16 , 18.1383705139 , 6.86017
41.20 , 18.2469844818 , 6.86600
41.23 , 18.1383705139 , 6.87167
41.27 , 18.2469844818 , 6.87750
41.30 , 18.1383705139 , 6.88317
41.33 , 18.1383705139 , 6.88883
41.37 , 18.2469844818 , 6.89467
41.40 , 18.2469844818 , 6.90033
41.44 , 18.2469844818 , 6.90617
41.47 , 18.2469844818 , 6.91167
41.51 , 18.3555965423 , 6.91750
41.54 , 18.3555965423 , 6.92317
41.57 , 18.2469844818 , 6.92900
41.61 , 18.2469844818 , 6.93467
41.64 , 18.3555965423 , 6.94050
41.68 , 18.3555965423 , 6.94600
41.71 , 18.3555965423 , 6.95183
41.75 , 18.3555965423 , 6.95750
41.78 , 18.3555965423 , 6.96333
41.81 , 18.3555965423 , 6.96900
41.85 , 18.3555965423 , 6.97467
41.88 , 18.3555965423 , 6.98033
41.92 , 18.4642105102 , 6.98617
41.95 , 18.4642105102 , 6.99183
41.99 , 18.4642105102 , 6.99767
42.02 , 18.4642105102 , 7.00317
42.05 , 18.4642105102 , 7.00900
42.09 , 18.5728225708 , 7.01467
42.12 , 18.5728225708 , 7.02050
42.16 , 18.5728225708 , 7.02617
42.19 , 18.4642105102 , 7.03183
42.22 , 18.5728225708 , 7.03750
42.26 , 18.6814346313 , 7.04333
42.29 , 18.5728225708 , 7.04900
42.33 , 18.6814346313 , 7.05483
42.36 , 18.6814346313 , 7.06050
42.40 , 18.6814346313 , 7.06617
42.43 , 18.6814346313 , 7.07200
42.47 , 18.6814346313 , 7.07767
42.50 , 18.6814346313 , 7.08350
42.53 , 18.6814346313 , 7.08900
42.57 , 18.7900485992 , 7.09483
42.60 , 18.6814346313 , 7.10050
42.64 , 18.8986606597 , 7.10633
42.67 , 18.7900485992 , 7.11200
42.71 , 18.7900485992 , 7.11767
42.74 , 18.7900485992 , 7.12333
42.78 , 18.8986606597 , 7.12917
42.81 , 18.8986606597 , 7.13483
42.84 , 18.8986606597 , 7.14067
42.88 , 18.8986606597 , 7.14617
42.91 , 18.8986606597 , 7.15200
42.95 , 18.8986606597 , 7.15767
42.98 , 19.0072746276 , 7.16350
43.02 , 18.8986606597 , 7.16917
43.05 , 19.0072746276 , 7.17483
43.08 , 19.1158905029 , 7.18050
43.12 , 19.1158905029 , 7.18633
43.15 , 19.1158905029 , 7.19200
43.19 , 19.0072746276 , 7.19783
43.22 , 19.2245025634 , 7.20333
43.26 , 19.1158905029 , 7.20917
43.29 , 19.1158905029 , 7.21483
43.32 , 19.2245025634 , 7.22067
43.36 , 19.2245025634 , 7.22633
43.39 , 19.2245025634 , 7.23217
43.43 , 19.2245025634 , 7.23767
43.46 , 19.2245025634 , 7.24350
43.50 , 19.3331146240 , 7.24933
43.53 , 19.3331146240 , 7.25500
43.56 , 19.3331146240 , 7.26083
43.60 , 19.2245025634 , 7.26633
43.63 , 19.3331146240 , 7.27217
43.67 , 19.3331146240 , 7.27783
43.70 , 19.3331146240 , 7.28367
43.74 , 19.3331146240 , 7.28933
43.77 , 19.3331146240 , 7.29500
43.80 , 19.3331146240 , 7.30067
43.84 , 19.4417285919 , 7.30650
43.87 , 19.4417285919 , 7.31217
43.91 , 19.5503406524 , 7.31800
43.94 , 19.5503406524 , 7.32350
43.98 , 19.4417285919 , 7.32933
44.01 , 19.4417285919 , 7.33500
44.04 , 19.5503406524 , 7.34083
44.08 , 19.5503406524 , 7.34650
44.11 , 19.5503406524 , 7.35217
44.15 , 19.6589546203 , 7.35783
44.18 , 19.5503406524 , 7.36367
44.22 , 19.5503406524 , 7.36933
44.25 , 19.5503406524 , 7.37517
44.28 , 19.5503406524 , 7.38067
44.32 , 19.5503406524 , 7.38650
44.35 , 19.5503406524 , 7.39217
44.39 , 19.6589546203 , 7.39800
44.42 , 19.6589546203 , 7.40367
44.46 , 19.6589546203 , 7.40933
44.49 , 19.7675666809 , 7.41500
44.53 , 19.7675666809 , 7.42083
44.56 , 19.7675666809 , 7.42667
44.59 , 19.7675666809 , 7.43233
44.63 , 19.7675666809 , 7.43800
44.66 , 19.7675666809 , 7.44367
44.70 , 19.8761806488 , 7.44950
44.73 , 19.7675666809 , 7.45517
44.77 , 19.7675666809 , 7.46100
44.80 , 19.7675666809 , 7.46667
44.83 , 19.8761806488 , 7.47233
44.87 , 19.8761806488 , 7.47800
44.90 , 19.8761806488 , 7.48383
44.94 , 19.8761806488 , 7.48950
44.97 , 19.9847927093 , 7.49533
45.01 , 19.9847927093 , 7.50083
45.04 , 19.9847927093 , 7.50667
45.07 , 19.9847927093 , 7.51233
45.11 , 19.8761806488 , 7.51817
45.14 , 20.0934066772 , 7.52383
45.18 , 20.0934066772 , 7.52950
45.21 , 20.0934066772 , 7.53517
45.25 , 20.0934066772 , 7.54100
45.28 , 20.0934066772 , 7.54667
45.31 , 20.0934066772 , 7.55250
45.35 , 20.0934066772 , 7.55800
45.38 , 20.0934066772 , 7.56383
45.42 , 20.2020187377 , 7.56950
45.45 , 20.2020187377 , 7.57533
45.49 , 20.2020187377 , 7.58100
45.52 , 20.2020187377 , 7.58667
45.55 , 20.2020187377 , 7.59233
45.59 , 20.3106307983 , 7.59817
45.62 , 20.3106307983 , 7.60383
45.66 , 20.3106307983 , 7.60967
45.69 , 20.3106307983 , 7.61533
45.73 , 20.3106307983 , 7.62100
45.76 , 20.3106307983 , 7.62683
45.79 , 20.4192447662 , 7.63250
45.83 , 20.4192447662 , 7.63833
45.86 , 20.4192447662 , 7.64383
45.90 , 20.4192447662 , 7.64967
45.93 , 20.5278568267 , 7.65533
45.97 , 20.4192447662 , 7.66117
46.00 , 20.5278568267 , 7.66683
46.04 , 20.5278568267 , 7.67250
46.07 , 20.5278568267 , 7.67817
46.10 , 20.5278568267 , 7.68400
46.14 , 20.5278568267 , 7.68967
46.17 , 20.6364707946 , 7.69550
46.21 , 20.5278568267 , 7.70100
46.24 , 20.5278568267 , 7.70683
46.28 , 20.6364707946 , 7.71250
46.31 , 20.6364707946 , 7.71833
46.34 , 20.6364707946 , 7.72400
46.38 , 20.7450828552 , 7.72983
46.41 , 20.6364707946 , 7.73533
46.45 , 20.5278568267 , 7.74117
46.48 , 20.6364707946 , 7.74683
46.52 , 20.6364707946 , 7.75267
46.55 , 20.6364707946 , 7.75833
46.58 , 20.7450828552 , 7.76400
46.62 , 20.7450828552 , 7.76967
46.65 , 20.7450828552 , 7.77550
46.69 , 20.7450828552 , 7.78117
46.72 , 20.6364707946 , 7.78700
46.76 , 20.7450828552 , 7.79267
46.79 , 20.8536968231 , 7.79833
46.83 , 20.7450828552 , 7.80417
46.86 , 20.8536968231 , 7.80983
46.89 , 20.9623088836 , 7.81567
46.93 , 20.8536968231 , 7.82117
46.96 , 20.9623088836 , 7.82700
47.00 , 20.8536968231 , 7.83267
47.03 , 20.9623088836 , 7.83850
47.06 , 20.8536968231 , 7.84417
47.10 , 20.9623088836 , 7.84983
47.13 , 20.9623088836 , 7.85550
47.17 , 21.0709228515 , 7.86133
47.20 , 21.0709228515 , 7.86700
47.24 , 21.0709228515 , 7.87283
47.27 , 21.0709228515 , 7.87833
47.31 , 21.1795349121 , 7.88417
47.34 , 21.0709228515 , 7.88983
47.37 , 21.0709228515 , 7.89567
47.41 , 21.1795349121 , 7.90133
47.44 , 21.1795349121 , 7.90700
47.48 , 21.1795349121 , 7.91267
47.51 , 21.1795349121 , 7.91850
47.54 , 21.1795349121 , 7.92417
47.58 , 21.1795349121 , 7.93000
47.61 , 21.1795349121 , 7.93550
47.65 , 21.2881469726 , 7.94133
47.68 , 21.2881469726 , 7.94700
47.72 , 21.2881469726 , 7.95283
47.75 , 21.2881469726 , 7.95850
47.79 , 21.2881469726 , 7.96417
47.82 , 21.2881469726 , 7.96983
47.85 , 21.2881469726 , 7.97567
47.89 , 21.2881469726 , 7.98150
47.92 , 21.5053730010 , 7.98717
47.96 , 21.3967609405 , 7.99300
47.99 , 21.3967609405 , 7.99850
48.03 , 21.5053730010 , 8.00433
48.06 , 21.5053730010 , 8.01000
48.10 , 21.5053730010 , 8.01583
48.13 , 21.5053730010 , 8.02150
48.16 , 21.5053730010 , 8.02717
48.20 , 21.6139869689 , 8.03283
48.23 , 21.5053730010 , 8.03867
48.27 , 21.5053730010 , 8.04433
48.30 , 21.6139869689 , 8.05017
48.33 , 21.6139869689 , 8.05567
48.37 , 21.6139869689 , 8.06150
48.40 , 21.6139869689 , 8.06717
48.44 , 21.7225990295 , 8.07300
48.47 , 21.7225990295 , 8.07867
48.51 , 21.6139869689 , 8.08433
48.54 , 21.7225990295 , 8.09000
48.58 , 21.7225990295 , 8.09583
48.61 , 21.7225990295 , 8.10150
48.64 , 21.7225990295 , 8.10733
48.68 , 21.7225990295 , 8.11283
48.71 , 21.7225990295 , 8.11867
48.75 , 21.8312129974 , 8.12433
48.78 , 21.8312129974 , 8.13017
48.81 , 21.8312129974 , 8.13583
48.85 , 21.8312129974 , 8.14150
48.88 , 21.8312129974 , 8.14717
48.92 , 21.8312129974 , 8.15300
48.95 , 21.9398269653 , 8.15883
48.99 , 21.8312129974 , 8.16450
49.02 , 21.9398269653 , 8.17017
49.06 , 21.8312129974 , 8.17583
49.09 , 21.9398269653 , 8.18167
49.12 , 21.9398269653 , 8.18733
49.16 , 21.9398269653 , 8.19317
49.19 , 22.0484409332 , 8.19867
49.23 , 21.9398269653 , 8.20450
49.26 , 22.0484409332 , 8.21017
49.30 , 22.0484409332 , 8.21600
49.33 , 22.1570529937 , 8.22167
49.36 , 22.0484409332 , 8.22733
49.40 , 22.0484409332 , 8.23300
49.43 , 22.1570529937 , 8.23883
49.47 , 22.1570529937 , 8.24450
49.50 , 22.1570529937 , 8.25033
49.54 , 22.2656669616 , 8.25600
49.57 , 22.2656669616 , 8.26167
49.60 , 22.1570529937 , 8.26733
49.64 , 22.2656669616 , 8.27317
49.67 , 22.1570529937 , 8.27883
49.71 , 22.2656669616 , 8.28467
49.74 , 22.2656669616 , 8.29017
49.78 , 22.3742790222 , 8.29600
49.81 , 22.2656669616 , 8.30167
49.85 , 22.3742790222 , 8.30750
49.88 , 22.3742790222 , 8.31317
49.91 , 22.3742790222 , 8.31883
49.95 , 22.3742790222 , 8.32450
49.98 , 22.4828929901 , 8.33033
50.02 , 22.3742790222 , 8.33600
50.05 , 22.3742790222 , 8.34183
50.09 , 22.4828929901 , 8.34750
50.12 , 22.3742790222 , 8.35317
50.15 , 22.5915050506 , 8.35900
50.19 , 22.5915050506 , 8.36467
50.22 , 22.4828929901 , 8.37050
50.26 , 22.4828929901 , 8.37600
50.29 , 22.5915050506 , 8.38183
50.33 , 22.5915050506 , 8.38750
50.36 , 22.5915050506 , 8.39333
50.39 , 22.5915050506 , 8.39900
50.43 , 22.5915050506 , 8.40467
50.46 , 22.7001190185 , 8.41033
50.50 , 22.7001190185 , 8.41617
50.53 , 22.7001190185 , 8.42183
50.57 , 22.7001190185 , 8.42767
50.60 , 22.7001190185 , 8.43317
50.63 , 22.8087310791 , 8.43900
50.67 , 22.7001190185 , 8.44467
50.70 , 22.8087310791 , 8.45050
50.74 , 22.7001190185 , 8.45617
50.77 , 22.8087310791 , 8.46183
50.81 , 22.8087310791 , 8.46750
50.84 , 22.8087310791 , 8.47333
50.87 , 22.9173431396 , 8.47900
50.91 , 22.9173431396 , 8.48483
50.94 , 22.9173431396 , 8.49033
50.98 , 22.8087310791 , 8.49617
51.01 , 22.9173431396 , 8.50183
51.05 , 22.9173431396 , 8.50767
51.08 , 22.9173431396 , 8.51333
51.12 , 23.0259571075 , 8.51917
51.15 , 22.9173431396 , 8.52483
51.18 , 23.0259571075 , 8.53050
51.22 , 23.0259571075 , 8.53633
51.25 , 22.9173431396 , 8.54200
51.29 , 22.9173431396 , 8.54783
51.32 , 23.0259571075 , 8.55333
51.36 , 23.1345691680 , 8.55917
51.39 , 23.0259571075 , 8.56483
51.42 , 23.0259571075 , 8.57067
51.46 , 23.1345691680 , 8.57633
51.49 , 23.1345691680 , 8.58200
51.53 , 23.1345691680 , 8.58767
51.56 , 23.1345691680 , 8.59350
51.60 , 23.1345691680 , 8.59917
51.63 , 23.1345691680 , 8.60500
51.66 , 23.1345691680 , 8.61050
51.70 , 23.2431831359 , 8.61633
51.73 , 23.2431831359 , 8.62200
51.77 , 23.2431831359 , 8.62783
51.80 , 23.2431831359 , 8.63350
51.84 , 23.2431831359 , 8.63917
51.87 , 23.3517951965 , 8.64483
51.90 , 23.2431831359 , 8.65067
51.94 , 23.3517951965 , 8.65633
51.97 , 23.2431831359 , 8.66217
52.01 , 23.3517951965 , 8.66767
52.04 , 23.3517951965 , 8.67350
52.08 , 23.4604091644 , 8.67917
52.11 , 23.3517951965 , 8.68500
52.14 , 23.4604091644 , 8.69067
52.18 , 23.4604091644 , 8.69633
52.21 , 23.4604091644 , 8.70200
52.25 , 23.4604091644 , 8.70783
52.28 , 23.5690212249 , 8.71367
52.32 , 23.5690212249 , 8.71933
52.35 , 23.5690212249 , 8.72500
52.38 , 23.6776351928 , 8.73067
52.42 , 23.5690212249 , 8.73650
52.45 , 23.6776351928 , 8.74217
52.49 , 23.5690212249 , 8.74800
52.52 , 23.6776351928 , 8.75350
52.56 , 23.6776351928 , 8.75933
52.59 , 23.5690212249 , 8.76500
52.63 , 23.6776351928 , 8.77083
52.66 , 23.7862472534 , 8.77650
52.69 , 23.7862472534 , 8.78233
52.73 , 23.6776351928 , 8.78783
52.76 , 23.7862472534 , 8.79367
52.80 , 23.7862472534 , 8.79933
52.83 , 23.8948593139 , 8.80517
52.87 , 23.7862472534 , 8.81083
52.90 , 23.8948593139 , 8.81650
52.93 , 23.8948593139 , 8.82217
52.97 , 24.0034732818 , 8.82800
53.00 , 23.8948593139 , 8.83367
53.04 , 23.8948593139 , 8.83950
53.07 , 24.0034732818 , 8.84500
53.11 , 23.8948593139 , 8.85083
53.14 , 24.0034732818 , 8.85650
53.17 , 24.0034732818 , 8.86233
53.21 , 24.0034732818 , 8.86800
53.24 , 24.0034732818 , 8.87367
53.28 , 24.0034732818 , 8.87933
53.31 , 24.0034732818 , 8.88517
53.35 , 24.1120853424 , 8.89100
53.38 , 24.1120853424 , 8.89667
53.41 , 24.0034732818 , 8.90233
53.45 , 24.1120853424 , 8.90800
53.48 , 24.1120853424 , 8.91383
53.52 , 24.2206993103 , 8.91950
53.55 , 24.2206993103 , 8.92533
53.59 , 24.2206993103 , 8.93083
53.62 , 24.2206993103 , 8.93667
53.65 , 24.2206993103 , 8.94233
53.69 , 24.3293113708 , 8.94817
53.72 , 24.2206993103 , 8.95383
53.76 , 24.2206993103 , 8.95950
53.79 , 24.2206993103 , 8.96517
53.83 , 24.2206993103 , 8.97100
53.86 , 24.3293113708 , 8.97667
53.90 , 24.3293113708 , 8.98250
53.93 , 24.3293113708 , 8.98800
53.96 , 24.3293113708 , 8.99383
54.00 , 24.3293113708 , 8.99950
54.03 , 24.4379253387 , 9.00533
54.07 , 24.3293113708 , 9.01100
54.10 , 24.3293113708 , 9.01667
54.13 , 24.4379253387 , 9.02233
54.17 , 24.3293113708 , 9.02817
54.20 , 24.5465373992 , 9.03383
54.24 , 24.4379253387 , 9.03967
54.27 , 24.5465373992 , 9.04533
54.31 , 24.5465373992 , 9.05100
54.34 , 24.5465373992 , 9.05667
54.38 , 24.5465373992 , 9.06250
54.41 , 24.5465373992 , 9.06817
54.44 , 24.5465373992 , 9.07400
54.48 , 24.5465373992 , 9.07967
54.51 , 24.6551494598 , 9.08533
54.55 , 24.6551494598 , 9.09117
54.58 , 24.6551494598 , 9.09683
54.62 , 24.6551494598 , 9.10267
54.65 , 24.6551494598 , 9.10817
54.68 , 24.6551494598 , 9.11400
54.72 , 24.7637653350 , 9.11967
54.75 , 24.7637653350 , 9.12550
54.79 , 24.7637653350 , 9.13117
54.82 , 24.6551494598 , 9.13683
54.86 , 24.7637653350 , 9.14250
54.89 , 24.7637653350 , 9.14833
54.92 , 24.7637653350 , 9.15400
54.96 , 24.8723793029 , 9.15983
54.99 , 24.8723793029 , 9.16533
55.03 , 24.8723793029 , 9.17117
55.06 , 24.8723793029 , 9.17683
55.10 , 24.8723793029 , 9.18267
55.13 , 24.8723793029 , 9.18833
55.16 , 24.9809913635 , 9.19400
55.20 , 24.8723793029 , 9.19967
55.23 , 25.0896053314 , 9.20550
55.27 , 24.9809913635 , 9.21117
55.30 , 24.9809913635 , 9.21700
55.34 , 24.9809913635 , 9.22250
55.37 , 24.9809913635 , 9.22833
55.40 , 25.0896053314 , 9.23400
55.44 , 25.0896053314 , 9.23983
55.47 , 25.0896053314 , 9.24550
55.51 , 25.1982173919 , 9.25117
55.54 , 25.1982173919 , 9.25700
55.58 , 25.1982173919 , 9.26267
55.61 , 25.1982173919 , 9.26850
55.65 , 25.1982173919 , 9.27417
55.68 , 25.3068313598 , 9.28000
55.71 , 25.1982173919 , 9.28550
55.75 , 25.3068313598 , 9.29133
55.78 , 25.1982173919 , 9.29700
55.82 , 25.3068313598 , 9.30283
55.85 , 25.3068313598 , 9.30850
55.88 , 25.3068313598 , 9.31417
55.92 , 25.3068313598 , 9.31983
55.95 , 25.4154434204 , 9.32567
55.99 , 25.4154434204 , 9.33133
56.02 , 25.4154434204 , 9.33717
56.06 , 25.3068313598 , 9.34267
56.09 , 25.4154434204 , 9.34850
56.13 , 25.4154434204 , 9.35417
56.16 , 25.4154434204 , 9.36000
56.19 , 25.4154434204 , 9.36567
56.23 , 25.5240554809 , 9.37133
56.26 , 25.4154434204 , 9.37700
56.30 , 25.4154434204 , 9.38283
56.33 , 25.4154434204 , 9.38850
56.37 , 25.5240554809 , 9.39433
56.40 , 25.5240554809 , 9.39983
56.43 , 25.5240554809 , 9.40567
56.47 , 25.5240554809 , 9.41133
56.50 , 25.5240554809 , 9.41717
56.54 , 25.5240554809 , 9.42283
56.57 , 25.6326694488 , 9.42850
56.61 , 25.6326694488 , 9.43417
56.64 , 25.6326694488 , 9.44000
56.68 , 25.6326694488 , 9.44583
56.71 , 25.6326694488 , 9.45150
56.74 , 25.7412815093 , 9.45717
56.78 , 25.7412815093 , 9.46283
56.81 , 25.7412815093 , 9.46867
56.85 , 25.7412815093 , 9.47433
56.88 , 25.7412815093 , 9.48017
56.91 , 25.7412815093 , 9.48567
56.95 , 25.8498954772 , 9.49150
56.98 , 25.7412815093 , 9.49717
57.02 , 25.8498954772 , 9.50300
57.05 , 25.8498954772 , 9.50867
57.09 , 25.9585075378 , 9.51433
57.12 , 25.8498954772 , 9.52000
57.15 , 25.8498954772 , 9.52583
57.19 , 25.9585075378 , 9.53150
57.22 , 25.9585075378 , 9.53733
57.26 , 25.9585075378 , 9.54283
57.29 , 25.9585075378 , 9.54867
57.33 , 26.0671215057 , 9.55433
57.36 , 26.0671215057 , 9.56017
57.40 , 25.9585075378 , 9.56583
57.43 , 25.9585075378 , 9.57167
57.46 , 26.1757335662 , 9.57717
57.50 , 26.0671215057 , 9.58300
57.53 , 26.1757335662 , 9.58867
57.57 , 26.0671215057 , 9.59450
57.60 , 26.1757335662 , 9.60017
57.63 , 26.1757335662 , 9.60583
57.67 , 26.1757335662 , 9.61150
57.70 , 26.1757335662 , 9.61733
57.74 , 26.1757335662 , 9.62317
57.77 , 26.1757335662 , 9.62883
57.81 , 26.2843475341 , 9.63450
57.84 , 26.2843475341 , 9.64017
57.88 , 26.2843475341 , 9.64600
57.91 , 26.2843475341 , 9.65167
57.95 , 26.3929595947 , 9.65750
57.98 , 26.3929595947 , 9.66300
58.01 , 26.3929595947 , 9.66883
58.05 , 26.3929595947 , 9.67450
58.08 , 26.3929595947 , 9.68033
58.12 , 26.3929595947 , 9.68600
58.15 , 26.3929595947 , 9.69167
58.18 , 26.3929595947 , 9.69733
58.22 , 26.3929595947 , 9.70317
58.25 , 26.5015716552 , 9.70883
58.29 , 26.6101856231 , 9.71467
58.32 , 26.6101856231 , 9.72017
58.36 , 26.5015716552 , 9.72600
58.39 , 26.5015716552 , 9.73167
58.43 , 26.5015716552 , 9.73750
58.46 , 26.5015716552 , 9.74317
58.49 , 26.6101856231 , 9.74883
58.53 , 26.6101856231 , 9.75450
58.56 , 26.5015716552 , 9.76033
58.60 , 26.6101856231 , 9.76600
58.63 , 26.6101856231 , 9.77183
58.66 , 26.6101856231 , 9.77733
58.70 , 26.6101856231 , 9.78317
58.73 , 26.7187976837 , 9.78883
58.77 , 26.6101856231 , 9.79467
58.80 , 26.7187976837 , 9.80033
58.84 , 26.7187976837 , 9.80600
58.87 , 26.7187976837 , 9.81183
58.90 , 26.7187976837 , 9.81750
58.94 , 26.8274116516 , 9.82333
58.97 , 26.7187976837 , 9.82900
59.01 , 26.8274116516 , 9.83483
59.04 , 26.9360237121 , 9.84033
59.08 , 26.8274116516 , 9.84617
59.11 , 26.9360237121 , 9.85183
59.15 , 26.9360237121 , 9.85767
59.18 , 26.8274116516 , 9.86333
59.21 , 26.8274116516 , 9.86900
59.25 , 26.9360237121 , 9.87467
59.28 , 26.9360237121 , 9.88050
59.32 , 26.9360237121 , 9.88617
59.35 , 26.9360237121 , 9.89200
59.38 , 26.9360237121 , 9.89750
59.42 , 26.9360237121 , 9.90333
59.45 , 27.0446376800 , 9.90900
59.49 , 27.0446376800 , 9.91483
59.52 , 27.0446376800 , 9.92050
59.56 , 27.0446376800 , 9.92617
59.59 , 27.0446376800 , 9.93183
59.63 , 27.1532497406 , 9.93767
59.66 , 27.1532497406 , 9.94333
59.70 , 27.2618618011 , 9.94917
59.73 , 27.1532497406 , 9.95467
59.76 , 27.2618618011 , 9.96050
59.80 , 27.1532497406 , 9.96617
59.83 , 27.2618618011 , 9.97200
59.87 , 27.2618618011 , 9.97767
59.90 , 27.2618618011 , 9.98333
59.94 , 27.2618618011 , 9.98917
59.97 , 27.2618618011 , 9.99483
60.00 , 27.2618618011 , 10.00067
60.04 , 27.3704757690 , 10.00650
60.08 , 27.3704757690 , 10.01250
60.11 , 27.3704757690 , 10.01817
60.15 , 27.3704757690 , 10.02417
60.18 , 27.4790916442 , 10.03000
60.22 , 27.3704757690 , 10.03600
60.25 , 27.4790916442 , 10.04183
60.29 , 27.4790916442 , 10.04767
60.32 , 27.5877037048 , 10.05350
60.36 , 27.5877037048 , 10.05950
60.39 , 27.5877037048 , 10.06533
60.43 , 27.4790916442 , 10.07133
60.46 , 27.5877037048 , 10.07717
60.50 , 27.5877037048 , 10.08300
60.53 , 27.6963176727 , 10.08900
60.57 , 27.5877037048 , 10.09483
60.61 , 27.5877037048 , 10.10083
60.64 , 27.6963176727 , 10.10667
60.68 , 27.6963176727 , 10.11267
60.71 , 27.6963176727 , 10.11833
60.75 , 27.5877037048 , 10.12433
60.78 , 27.6963176727 , 10.13017
60.82 , 27.6963176727 , 10.13617
60.85 , 27.8049297332 , 10.14200
60.89 , 27.6963176727 , 10.14800
60.92 , 27.6963176727 , 10.15367
60.96 , 27.8049297332 , 10.15967
60.99 , 27.8049297332 , 10.16550
61.03 , 27.8049297332 , 10.17150
61.06 , 27.8049297332 , 10.17733
61.10 , 27.8049297332 , 10.18333
61.13 , 27.9135437011 , 10.18917
61.17 , 27.8049297332 , 10.19500
61.21 , 27.9135437011 , 10.20100
61.24 , 27.9135437011 , 10.20683
61.28 , 27.9135437011 , 10.21283
61.31 , 27.9135437011 , 10.21867
61.35 , 28.0221557617 , 10.22450
61.38 , 27.9135437011 , 10.23033
61.42 , 28.0221557617 , 10.23633
61.45 , 28.0221557617 , 10.24217
61.49 , 28.0221557617 , 10.24817
61.52 , 28.0221557617 , 10.25383
61.56 , 28.0221557617 , 10.25983
61.59 , 28.1307678222 , 10.26567
61.63 , 28.1307678222 , 10.27167
61.67 , 28.1307678222 , 10.27767
61.70 , 28.1307678222 , 10.28350
61.74 , 28.1307678222 , 10.28933
61.77 , 28.1307678222 , 10.29517
61.81 , 28.1307678222 , 10.30117
61.84 , 28.2393817901 , 10.30700
61.88 , 28.2393817901 , 10.31300
61.91 , 28.2393817901 , 10.31883
61.95 , 28.2393817901 , 10.32467
61.98 , 28.2393817901 , 10.33050
62.02 , 28.2393817901 , 10.33650
62.05 , 28.2393817901 , 10.34233
62.09 , 28.3479938507 , 10.34833
62.13 , 28.3479938507 , 10.35417
62.16 , 28.3479938507 , 10.36000
62.20 , 28.3479938507 , 10.36583
62.23 , 28.4566078186 , 10.37183
62.27 , 28.4566078186 , 10.37783
62.30 , 28.4566078186 , 10.38367
62.34 , 28.4566078186 , 10.38967
62.37 , 28.5652198791 , 10.39533
62.41 , 28.5652198791 , 10.40133
62.44 , 28.5652198791 , 10.40717
62.48 , 28.5652198791 , 10.41317
62.51 , 28.5652198791 , 10.41900
62.55 , 28.5652198791 , 10.42500
62.58 , 28.5652198791 , 10.43067
62.62 , 28.5652198791 , 10.43667
62.65 , 28.5652198791 , 10.44250
62.69 , 28.6738338470 , 10.44850
62.73 , 28.6738338470 , 10.45433
62.76 , 28.6738338470 , 10.46017
62.80 , 28.6738338470 , 10.46617
62.83 , 28.7824459075 , 10.47200
62.87 , 28.7824459075 , 10.47800
62.90 , 28.8910598754 , 10.48383
62.94 , 28.7824459075 , 10.48983
62.97 , 28.7824459075 , 10.49550
63.01 , 28.7824459075 , 10.50150
63.04 , 28.7824459075 , 10.50733
63.08 , 28.8910598754 , 10.51333
63.12 , 28.7824459075 , 10.51917
63.15 , 28.8910598754 , 10.52517
63.19 , 28.8910598754 , 10.53083
63.22 , 28.8910598754 , 10.53683
63.26 , 28.9996719360 , 10.54267
63.29 , 28.8910598754 , 10.54867
63.33 , 28.8910598754 , 10.55450
63.36 , 28.9996719360 , 10.56050
63.40 , 28.9996719360 , 10.56633
63.43 , 28.9996719360 , 10.57217
63.47 , 28.9996719360 , 10.57817
63.50 , 28.9996719360 , 10.58400
63.54 , 28.9996719360 , 10.59000
63.58 , 28.9996719360 , 10.59583
63.61 , 29.2168979644 , 10.60167
63.65 , 29.1082839965 , 10.60750
63.68 , 29.1082839965 , 10.61350
63.72 , 29.1082839965 , 10.61933
63.75 , 29.1082839965 , 10.62533
63.79 , 29.2168979644 , 10.63117
63.82 , 29.2168979644 , 10.63700
63.86 , 29.2168979644 , 10.64283
63.89 , 29.2168979644 , 10.64883
63.93 , 29.2168979644 , 10.65483
63.96 , 29.2168979644 , 10.66067
64.00 , 29.3255100250 , 10.66667
64.03 , 29.3255100250 , 10.67233
64.07 , 29.3255100250 , 10.67833
64.11 , 29.3255100250 , 10.68417
64.14 , 29.3255100250 , 10.69017
64.18 , 29.3255100250 , 10.69600
64.21 , 29.3255100250 , 10.70183
64.25 , 29.4341239929 , 10.70767
64.28 , 29.4341239929 , 10.71367
64.32 , 29.4341239929 , 10.71950
64.35 , 29.3255100250 , 10.72550
64.39 , 29.5427360534 , 10.73133
64.42 , 29.4341239929 , 10.73717
64.46 , 29.4341239929 , 10.74300
64.49 , 29.5427360534 , 10.74900
64.53 , 29.5427360534 , 10.75500
64.56 , 29.6513500213 , 10.76083
64.60 , 29.5427360534 , 10.76683
64.63 , 29.5427360534 , 10.77250
64.67 , 29.6513500213 , 10.77850
64.71 , 29.6513500213 , 10.78433
64.74 , 29.6513500213 , 10.79033
64.78 , 29.6513500213 , 10.79617
64.81 , 29.6513500213 , 10.80217
64.85 , 29.6513500213 , 10.80783
64.88 , 29.7599620819 , 10.81383
64.92 , 29.7599620819 , 10.81967
64.95 , 29.7599620819 , 10.82567
64.99 , 29.8685741424 , 10.83150
65.02 , 29.7599620819 , 10.83750
65.06 , 29.8685741424 , 10.84333
65.09 , 29.8685741424 , 10.84917
65.13 , 29.8685741424 , 10.85517
65.17 , 29.8685741424 , 10.86100
65.20 , 29.8685741424 , 10.86700
65.24 , 29.8685741424 , 10.87267
65.27 , 29.8685741424 , 10.87867
65.31 , 29.8685741424 , 10.88450
65.34 , 29.9771881103 , 10.89050
65.38 , 29.9771881103 , 10.89633
65.41 , 30.0858001708 , 10.90233
65.45 , 29.9771881103 , 10.90800
65.48 , 29.9771881103 , 10.91400
65.52 , 29.9771881103 , 10.91983
65.55 , 29.9771881103 , 10.92583
65.59 , 29.9771881103 , 10.93167
65.63 , 30.0858001708 , 10.93767
65.66 , 30.0858001708 , 10.94350
65.70 , 30.0858001708 , 10.94933
65.73 , 30.0858001708 , 10.95533
65.77 , 30.0858001708 , 10.96117
65.80 , 30.0858001708 , 10.96717
65.84 , 30.0858001708 , 10.97300
65.87 , 30.1944141387 , 10.97883
65.91 , 30.1944141387 , 10.98467
65.94 , 30.1944141387 , 10.99067
65.98 , 30.1944141387 , 10.99650
66.01 , 30.1944141387 , 11.00250
66.05 , 30.3030300140 , 11.00833
66.08 , 30.3030300140 , 11.01417
66.12 , 30.3030300140 , 11.02000
66.16 , 30.3030300140 , 11.02600
66.19 , 30.3030300140 , 11.03200
66.23 , 30.3030300140 , 11.03783
66.26 , 30.4116420745 , 11.04383
66.30 , 30.4116420745 , 11.04950
66.33 , 30.4116420745 , 11.05550
66.37 , 30.4116420745 , 11.06133
66.40 , 30.4116420745 , 11.06733
66.44 , 30.4116420745 , 11.07317
66.47 , 30.5202560424 , 11.07917
66.51 , 30.6288681030 , 11.08483
66.54 , 30.5202560424 , 11.09083
66.58 , 30.5202560424 , 11.09667
66.62 , 30.5202560424 , 11.10267
66.65 , 30.5202560424 , 11.10850
66.69 , 30.5202560424 , 11.11433
66.72 , 30.5202560424 , 11.12017
66.76 , 30.6288681030 , 11.12617
66.79 , 30.6288681030 , 11.13217
66.83 , 30.7374801635 , 11.13800
66.86 , 30.6288681030 , 11.14400
66.90 , 30.6288681030 , 11.14967
66.93 , 30.6288681030 , 11.15567
66.97 , 30.6288681030 , 11.16150
67.00 , 30.7374801635 , 11.16750
67.04 , 30.7374801635 , 11.17333
67.08 , 30.7374801635 , 11.17933
67.11 , 30.7374801635 , 11.18500
67.15 , 30.8460941314 , 11.19100
67.18 , 30.8460941314 , 11.19683
67.22 , 30.9547061920 , 11.20283
67.25 , 30.8460941314 , 11.20867
67.29 , 30.9547061920 , 11.21467
67.32 , 30.9547061920 , 11.22050
67.36 , 30.9547061920 , 11.22633
67.39 , 30.9547061920 , 11.23233
67.43 , 30.9547061920 , 11.23817
67.46 , 30.9547061920 , 11.24417
67.50 , 30.9547061920 , 11.25000
67.54 , 30.9547061920 , 11.25583
67.57 , 31.0633201599 , 11.26167
67.61 , 31.0633201599 , 11.26767
67.64 , 31.0633201599 , 11.27350
67.68 , 31.0633201599 , 11.27950
67.71 , 31.0633201599 , 11.28533
67.75 , 31.0633201599 , 11.29117
67.78 , 31.0633201599 , 11.29700
67.82 , 31.1719322204 , 11.30300
67.85 , 31.1719322204 , 11.30883
67.89 , 31.1719322204 , 11.31483
67.92 , 31.2805461883 , 11.32067
67.96 , 31.1719322204 , 11.32650
68.00 , 31.1719322204 , 11.33250
68.03 , 31.2805461883 , 11.33833
68.07 , 31.2805461883 , 11.34433
68.10 , 31.2805461883 , 11.35017
68.14 , 31.3891582489 , 11.35600
68.17 , 31.2805461883 , 11.36183
68.21 , 31.3891582489 , 11.36783
68.24 , 31.2805461883 , 11.37367
68.28 , 31.3891582489 , 11.37967
68.31 , 31.3891582489 , 11.38550
68.35 , 31.3891582489 , 11.39133
68.38 , 31.3891582489 , 11.39717
68.42 , 31.3891582489 , 11.40317
68.45 , 31.3891582489 , 11.40917
68.49 , 31.3891582489 , 11.41500
68.53 , 31.3891582489 , 11.42100
68.56 , 31.4977722167 , 11.42667
68.60 , 31.4977722167 , 11.43267
68.63 , 31.4977722167 , 11.43850
68.67 , 31.4977722167 , 11.44450
68.70 , 31.4977722167 , 11.45033
68.74 , 31.4977722167 , 11.45633
68.77 , 31.4977722167 , 11.46200
68.81 , 31.6063842773 , 11.46800
68.84 , 31.6063842773 , 11.47383
68.88 , 31.6063842773 , 11.47983
68.91 , 31.6063842773 , 11.48567
68.95 , 31.6063842773 , 11.49167
68.98 , 31.7149963378 , 11.49733
69.02 , 31.7149963378 , 11.50333
69.06 , 31.7149963378 , 11.50933
69.09 , 31.8236103057 , 11.51517
69.13 , 31.7149963378 , 11.52117
69.16 , 31.7149963378 , 11.52683
69.20 , 31.7149963378 , 11.53283
69.23 , 31.8236103057 , 11.53867
69.27 , 31.7149963378 , 11.54467
69.30 , 31.8236103057 , 11.55050
69.34 , 31.8236103057 , 11.55650
69.37 , 31.8236103057 , 11.56217
69.41 , 31.8236103057 , 11.56817
69.44 , 31.9322223663 , 11.57400
69.48 , 32.0408363342 , 11.58000
69.51 , 31.9322223663 , 11.58583
69.55 , 32.0408363342 , 11.59183
69.59 , 31.9322223663 , 11.59767
69.62 , 32.0408363342 , 11.60350
69.66 , 32.0408363342 , 11.60950
69.69 , 32.0408363342 , 11.61533
69.73 , 32.0408363342 , 11.62133
69.76 , 32.1494483947 , 11.62717
69.80 , 32.1494483947 , 11.63300
69.83 , 32.1494483947 , 11.63883
69.87 , 32.1494483947 , 11.64483
69.90 , 32.1494483947 , 11.65067
69.94 , 32.1494483947 , 11.65667
69.97 , 32.2580604553 , 11.66250
70.01 , 32.2580604553 , 11.66833
70.04 , 32.2580604553 , 11.67417
70.08 , 32.2580604553 , 11.68017
70.12 , 32.1494483947 , 11.68600
70.15 , 32.2580604553 , 11.69200
70.19 , 32.2580604553 , 11.69800
70.22 , 32.2580604553 , 11.70367
70.26 , 32.2580604553 , 11.70967
70.29 , 32.3666763305 , 11.71550
70.33 , 32.3666763305 , 11.72150
70.36 , 32.3666763305 , 11.72733
70.40 , 32.3666763305 , 11.73333
70.43 , 32.4752883911 , 11.73900
70.47 , 32.3666763305 , 11.74500
70.50 , 32.3666763305 , 11.75083
70.54 , 32.5839004516 , 11.75683
70.58 , 32.4752883911 , 11.76267
70.61 , 32.4752883911 , 11.76850
70.65 , 32.4752883911 , 11.77433
70.68 , 32.4752883911 , 11.78033
70.72 , 32.4752883911 , 11.78633
70.75 , 32.4752883911 , 11.79217
70.79 , 32.5839004516 , 11.79817
70.82 , 32.4752883911 , 11.80383
70.86 , 32.5839004516 , 11.80983
70.89 , 32.5839004516 , 11.81567
70.93 , 32.5839004516 , 11.82167
70.96 , 32.5839004516 , 11.82750
71.00 , 32.6925125122 , 11.83350
71.04 , 32.6925125122 , 11.83917
71.07 , 32.6925125122 , 11.84517
71.11 , 32.8011245727 , 11.85100
71.14 , 32.6925125122 , 11.85700
71.18 , 32.6925125122 , 11.86283
71.21 , 32.6925125122 , 11.86883
71.25 , 32.8011245727 , 11.87450
71.28 , 32.8011245727 , 11.88050
71.32 , 32.8011245727 , 11.88650
71.35 , 32.8011245727 , 11.89233
71.39 , 32.8011245727 , 11.89833
71.43 , 32.8011245727 , 11.90417
71.46 , 32.9097404479 , 11.91000
71.50 , 32.9097404479 , 11.91583
71.53 , 32.9097404479 , 11.92183
71.57 , 32.9097404479 , 11.92767
71.60 , 32.9097404479 , 11.93367
71.64 , 32.9097404479 , 11.93933
71.67 , 33.0183563232 , 11.94533
71.71 , 33.0183563232 , 11.95117
71.74 , 33.0183563232 , 11.95717
71.78 , 33.0183563232 , 11.96300
71.81 , 33.0183563232 , 11.96900
71.85 , 33.1269683837 , 11.97483
71.88 , 33.0183563232 , 11.98067
71.92 , 33.1269683837 , 11.98667
71.95 , 33.1269683837 , 11.99250
71.99 , 33.1269683837 , 11.99850
72.03 , 33.1269683837 , 12.00433
72.06 , 33.2355804443 , 12.01017
72.10 , 33.2355804443 , 12.01600
72.13 , 33.2355804443 , 12.02200
72.17 , 33.2355804443 , 12.02783
72.20 , 33.2355804443 , 12.03383
72.24 , 33.2355804443 , 12.03967
72.27 , 33.3441925048 , 12.04550
72.31 , 33.3441925048 , 12.05133
72.34 , 33.3441925048 , 12.05733
72.38 , 33.2355804443 , 12.06317
72.41 , 33.3441925048 , 12.06917
72.45 , 33.3441925048 , 12.07517
72.48 , 33.3441925048 , 12.08083
72.52 , 33.4528045654 , 12.08683
72.56 , 33.4528045654 , 12.09267
72.59 , 33.4528045654 , 12.09867
72.63 , 33.4528045654 , 12.10450
72.66 , 33.4528045654 , 12.11050
72.70 , 33.4528045654 , 12.11617
72.73 , 33.4528045654 , 12.12217
72.77 , 33.4528045654 , 12.12800
72.80 , 33.4528045654 , 12.13400
72.84 , 33.5614204406 , 12.13983
72.87 , 33.5614204406 , 12.14583
72.91 , 33.5614204406 , 12.15150
72.94 , 33.5614204406 , 12.15750
72.98 , 33.5614204406 , 12.16350
73.02 , 33.6700325012 , 12.16933
73.05 , 33.6700325012 , 12.17533
73.09 , 33.6700325012 , 12.18100
73.12 , 33.6700325012 , 12.18700
73.16 , 33.6700325012 , 12.19283
73.19 , 33.6700325012 , 12.19883
73.23 , 33.7786445617 , 12.20467
73.26 , 33.6700325012 , 12.21067
73.30 , 33.6700325012 , 12.21633
73.33 , 33.7786445617 , 12.22233
73.37 , 33.7786445617 , 12.22817
73.40 , 33.7786445617 , 12.23417
73.44 , 33.7786445617 , 12.24000
73.48 , 33.7786445617 , 12.24600
73.51 , 33.8872566223 , 12.25167
73.55 , 33.8872566223 , 12.25767
73.58 , 33.8872566223 , 12.26367
73.62 , 33.9958724975 , 12.26950
73.65 , 33.8872566223 , 12.27550
73.69 , 33.8872566223 , 12.28133
73.72 , 33.9958724975 , 12.28717
73.76 , 33.9958724975 , 12.29300
73.79 , 33.9958724975 , 12.29900
73.83 , 33.9958724975 , 12.30483
73.86 , 33.9958724975 , 12.31083
73.90 , 34.1044845581 , 12.31667
73.93 , 33.9958724975 , 12.32250
73.97 , 34.1044845581 , 12.32833
74.01 , 34.2130966186 , 12.33433
74.04 , 34.1044845581 , 12.34017
74.08 , 34.1044845581 , 12.34617
74.11 , 34.2130966186 , 12.35217
74.15 , 34.2130966186 , 12.35783
74.18 , 34.2130966186 , 12.36383
74.22 , 34.2130966186 , 12.36967
74.25 , 34.3217086791 , 12.37567
74.29 , 34.2130966186 , 12.38150
74.32 , 34.3217086791 , 12.38733
74.36 , 34.3217086791 , 12.39317
74.39 , 34.2130966186 , 12.39917
74.43 , 34.3217086791 , 12.40500
74.47 , 34.3217086791 , 12.41100
74.50 , 34.3217086791 , 12.41683
74.54 , 34.4303207397 , 12.42267
74.57 , 34.3217086791 , 12.42850
74.61 , 34.4303207397 , 12.43450
74.64 , 34.4303207397 , 12.44033
74.68 , 34.4303207397 , 12.44633
74.71 , 34.4303207397 , 12.45233
74.75 , 34.4303207397 , 12.45800
74.78 , 34.4303207397 , 12.46400
74.82 , 34.4303207397 , 12.46983
74.86 , 34.6475486755 , 12.47583
74.89 , 34.5389366149 , 12.48167
74.93 , 34.6475486755 , 12.48767
74.96 , 34.6475486755 , 12.49333
75.00 , 34.5389366149 , 12.49933
75.03 , 34.6475486755 , 12.50517
75.07 , 34.6475486755 , 12.51117
75.10 , 34.5389366149 , 12.51700
75.14 , 34.6475486755 , 12.52300
75.17 , 34.6475486755 , 12.52867
75.21 , 34.6475486755 , 12.53467
75.24 , 34.7561607360 , 12.54067
75.28 , 34.6475486755 , 12.54650
75.31 , 34.7561607360 , 12.55250
75.35 , 34.7561607360 , 12.55833
75.38 , 34.7561607360 , 12.56417
75.42 , 34.7561607360 , 12.57000
75.46 , 34.8647727966 , 12.57600
75.49 , 34.8647727966 , 12.58183
75.53 , 34.8647727966 , 12.58783
75.56 , 34.8647727966 , 12.59350
75.60 , 34.8647727966 , 12.59950
75.63 , 34.8647727966 , 12.60533
75.67 , 34.8647727966 , 12.61133
75.70 , 34.8647727966 , 12.61717
75.74 , 34.9733886718 , 12.62317
75.77 , 34.9733886718 , 12.62883
75.81 , 34.9733886718 , 12.63483
75.84 , 34.9733886718 , 12.64083
75.88 , 34.9733886718 , 12.64667
75.92 , 35.0820007324 , 12.65267
75.95 , 34.9733886718 , 12.65850
75.99 , 35.0820007324 , 12.66433
76.02 , 34.9733886718 , 12.67017
76.06 , 35.0820007324 , 12.67617
76.09 , 35.0820007324 , 12.68200
76.13 , 35.0820007324 , 12.68800
76.16 , 35.0820007324 , 12.69383
76.20 , 35.0820007324 , 12.69967
76.23 , 35.0820007324 , 12.70550
76.27 , 35.1906127929 , 12.71150
76.30 , 35.1906127929 , 12.71733
76.34 , 35.1906127929 , 12.72333
76.38 , 35.1906127929 , 12.72933
76.41 , 35.1906127929 , 12.73500
76.45 , 35.2992248535 , 12.74100
76.48 , 35.2992248535 , 12.74683
76.52 , 35.1906127929 , 12.75283
76.55 , 35.2992248535 , 12.75867
76.59 , 35.2992248535 , 12.76467
76.62 , 35.2992248535 , 12.77033
76.66 , 35.4078369140 , 12.77633
76.69 , 35.4078369140 , 12.78217
76.73 , 35.5164527893 , 12.78817
76.76 , 35.4078369140 , 12.79400
76.80 , 35.4078369140 , 12.80000
76.83 , 35.4078369140 , 12.80567
76.87 , 35.5164527893 , 12.81167
76.90 , 35.5164527893 , 12.81750
76.94 , 35.5164527893 , 12.82350
76.98 , 35.5164527893 , 12.82950
77.01 , 35.5164527893 , 12.83517
77.05 , 35.5164527893 , 12.84117
77.08 , 35.5164527893 , 12.84700
77.12 , 35.6250648498 , 12.85300
77.15 , 35.5164527893 , 12.85883
77.19 , 35.5164527893 , 12.86483
77.22 , 35.6250648498 , 12.87050
77.26 , 35.6250648498 , 12.87650
77.29 , 35.7336769104 , 12.88233
77.33 , 35.6250648498 , 12.88833
77.36 , 35.6250648498 , 12.89417
77.40 , 35.7336769104 , 12.90017
77.43 , 35.7336769104 , 12.90583
77.47 , 35.7336769104 , 12.91183
77.51 , 35.7336769104 , 12.91783
77.54 , 35.7336769104 , 12.92367
77.58 , 35.7336769104 , 12.92967
77.61 , 35.7336769104 , 12.93550
77.65 , 35.8422889709 , 12.94133
77.68 , 35.8422889709 , 12.94717
77.72 , 35.8422889709 , 12.95317
77.75 , 35.9509048461 , 12.95900
77.79 , 35.8422889709 , 12.96500
77.82 , 35.8422889709 , 12.97083
77.86 , 35.8422889709 , 12.97667
77.89 , 35.8422889709 , 12.98250
77.93 , 35.9509048461 , 12.98850
77.97 , 35.9509048461 , 12.99433
78.00 , 36.0595169067 , 13.00033
78.04 , 35.9509048461 , 13.00600
78.07 , 35.9509048461 , 13.01200
78.11 , 35.9509048461 , 13.01800
78.14 , 36.0595169067 , 13.02383
78.18 , 36.0595169067 , 13.02983
78.21 , 36.0595169067 , 13.03567
78.25 , 36.0595169067 , 13.04150
78.28 , 36.1681289672 , 13.04733
78.32 , 36.1681289672 , 13.05333
78.36 , 36.1681289672 , 13.05917
78.39 , 36.1681289672 , 13.06517
78.43 , 36.1681289672 , 13.07100
78.46 , 36.1681289672 , 13.07683
78.50 , 36.1681289672 , 13.08267
78.53 , 36.1681289672 , 13.08867
78.57 , 36.2767410278 , 13.09450
78.60 , 36.2767410278 , 13.10050
78.64 , 36.1681289672 , 13.10650
78.67 , 36.2767410278 , 13.11217
78.71 , 36.3853530883 , 13.11817
78.74 , 36.3853530883 , 13.12400
78.78 , 36.2767410278 , 13.13000
78.81 , 36.3853530883 , 13.13583
78.85 , 36.3853530883 , 13.14183
78.88 , 36.3853530883 , 13.14750
78.92 , 36.3853530883 , 13.15350
78.96 , 36.3853530883 , 13.15933
78.99 , 36.4939689636 , 13.16533
79.03 , 36.4939689636 , 13.17117
79.06 , 36.4939689636 , 13.17717
79.10 , 36.4939689636 , 13.18283
79.13 , 36.6025810241 , 13.18883
79.17 , 36.4939689636 , 13.19467
79.20 , 36.4939689636 , 13.20067
79.24 , 36.6025810241 , 13.20667
79.27 , 36.6025810241 , 13.21250
79.31 , 36.6025810241 , 13.21833
79.34 , 36.6025810241 , 13.22417
79.38 , 36.6025810241 , 13.23017
79.42 , 36.7111930847 , 13.23600
79.45 , 36.7111930847 , 13.24200
79.49 , 36.7111930847 , 13.24767
79.52 , 36.6025810241 , 13.25367
79.56 , 36.7111930847 , 13.25950
79.59 , 36.7111930847 , 13.26550
79.63 , 36.8198051452 , 13.27133
79.66 , 36.7111930847 , 13.27733
79.70 , 36.7111930847 , 13.28300
79.73 , 36.8198051452 , 13.28900
79.77 , 36.8198051452 , 13.29500
79.80 , 36.8198051452 , 13.30083
79.84 , 36.8198051452 , 13.30683
79.88 , 36.8198051452 , 13.31267
79.91 , 36.8198051452 , 13.31850
79.95 , 36.9284210205 , 13.32433
79.98 , 36.8198051452 , 13.33033
80.02 , 36.8198051452 , 13.33617
80.05 , 36.9284210205 , 13.34217
80.09 , 36.9284210205 , 13.34800
80.12 , 36.9284210205 , 13.35383
80.16 , 36.9284210205 , 13.35967
80.19 , 37.0370330810 , 13.36567
80.23 , 36.9284210205 , 13.37150
80.26 , 37.0370330810 , 13.37750
80.30 , 37.0370330810 , 13.38333
80.33 , 37.0370330810 , 13.38917
80.37 , 37.0370330810 , 13.39517
80.41 , 37.1456451416 , 13.40100
80.44 , 37.0370330810 , 13.40700
80.48 , 37.0370330810 , 13.41283
80.51 , 37.1456451416 , 13.41883
80.55 , 37.1456451416 , 13.42450
80.58 , 37.1456451416 , 13.43050
80.62 , 37.1456451416 , 13.43633
80.65 , 37.1456451416 , 13.44233
80.69 , 37.1456451416 , 13.44817
80.72 , 37.2542648315 , 13.45400
80.76 , 37.2542648315 , 13.45983
80.79 , 37.2542648315 , 13.46583
80.83 , 37.2542648315 , 13.47167
80.87 , 37.1456451416 , 13.47767
80.90 , 37.2542648315 , 13.48367
80.94 , 37.2542648315 , 13.48933
80.97 , 37.2542648315 , 13.49533
81.01 , 37.2542648315 , 13.50117
81.04 , 37.3628768920 , 13.50717
81.08 , 37.3628768920 , 13.51300
81.11 , 37.4714889526 , 13.51900
81.15 , 37.4714889526 , 13.52467
81.18 , 37.3628768920 , 13.53067
81.22 , 37.4714889526 , 13.53650
81.25 , 37.4714889526 , 13.54250
81.29 , 37.4714889526 , 13.54833
81.33 , 37.4714889526 , 13.55433
81.36 , 37.4714889526 , 13.56000
81.40 , 37.5801010131 , 13.56600
81.43 , 37.5801010131 , 13.57183
81.47 , 37.5801010131 , 13.57783
81.50 , 37.6887130737 , 13.58383
81.54 , 37.5801010131 , 13.58967
81.57 , 37.5801010131 , 13.59550
81.61 , 37.5801010131 , 13.60133
81.64 , 37.6887130737 , 13.60733
81.68 , 37.6887130737 , 13.61317
81.71 , 37.6887130737 , 13.61917
81.75 , 37.7973289489 , 13.62500
81.79 , 37.6887130737 , 13.63083
81.82 , 37.6887130737 , 13.63667
81.86 , 37.7973289489 , 13.64267
81.89 , 37.7973289489 , 13.64850
81.93 , 37.7973289489 , 13.65450
81.96 , 37.7973289489 , 13.66017
82.00 , 37.9059410095 , 13.66617
82.03 , 37.7973289489 , 13.67217
82.07 , 37.9059410095 , 13.67800
82.10 , 37.7973289489 , 13.68400
82.14 , 37.9059410095 , 13.68983
82.17 , 37.9059410095 , 13.69567
82.21 , 37.9059410095 , 13.70150
82.25 , 37.9059410095 , 13.70750
82.28 , 37.9059410095 , 13.71333
82.32 , 37.9059410095 , 13.71933
82.35 , 38.0145530700 , 13.72517
82.39 , 38.0145530700 , 13.73100
82.42 , 38.0145530700 , 13.73683
82.46 , 38.0145530700 , 13.74283
82.49 , 38.0145530700 , 13.74867
82.53 , 38.0145530700 , 13.75467
82.56 , 38.0145530700 , 13.76050
82.60 , 38.1231651306 , 13.76633
82.63 , 38.1231651306 , 13.77233
82.67 , 38.1231651306 , 13.77817
82.70 , 38.1231651306 , 13.78417
82.74 , 38.1231651306 , 13.79000
82.78 , 38.1231651306 , 13.79600
82.81 , 38.1231651306 , 13.80167
82.85 , 38.2317810058 , 13.80767
82.88 , 38.2317810058 , 13.81350
82.92 , 38.2317810058 , 13.81950
82.95 , 38.2317810058 , 13.82533
82.99 , 38.2317810058 , 13.83133
83.02 , 38.2317810058 , 13.83700
83.06 , 38.2317810058 , 13.84300
83.09 , 38.3403930664 , 13.84883
83.13 , 38.3403930664 , 13.85483
83.16 , 38.3403930664 , 13.86083
83.20 , 38.3403930664 , 13.86667
83.23 , 38.3403930664 , 13.87250
83.27 , 38.4490051269 , 13.87833
83.31 , 38.3403930664 , 13.88433
83.34 , 38.4490051269 , 13.89017
83.38 , 38.4490051269 , 13.89617
83.41 , 38.3403930664 , 13.90183
83.45 , 38.4490051269 , 13.90783
83.48 , 38.5576171875 , 13.91367
83.52 , 38.4490051269 , 13.91967
83.55 , 38.5576171875 , 13.92550
83.59 , 38.5576171875 , 13.93150
83.62 , 38.5576171875 , 13.93717
83.66 , 38.5576171875 , 13.94317
83.69 , 38.5576171875 , 13.94900
83.73 , 38.5576171875 , 13.95500
83.77 , 38.6662292480 , 13.96100
83.80 , 38.6662292480 , 13.96683
83.84 , 38.6662292480 , 13.97267
83.87 , 38.6662292480 , 13.97850
83.91 , 38.6662292480 , 13.98450
83.94 , 38.7748451232 , 13.99033
83.98 , 38.7748451232 , 13.99633
84.01 , 38.7748451232 , 14.00217
84.05 , 38.7748451232 , 14.00800
84.08 , 38.7748451232 , 14.01383
84.12 , 38.8834571838 , 14.01983
84.15 , 38.7748451232 , 14.02567
84.19 , 38.8834571838 , 14.03167
84.22 , 38.8834571838 , 14.03750
84.26 , 38.8834571838 , 14.04333
84.30 , 38.8834571838 , 14.04933
84.33 , 38.8834571838 , 14.05517
84.37 , 38.8834571838 , 14.06117
84.40 , 38.8834571838 , 14.06700
84.44 , 38.9920692443 , 14.07300
84.47 , 38.8834571838 , 14.07867
84.51 , 39.1006813049 , 14.08467
84.54 , 38.9920692443 , 14.09050
84.58 , 38.9920692443 , 14.09650
84.61 , 38.9920692443 , 14.10233
84.65 , 38.9920692443 , 14.10817
84.68 , 39.1006813049 , 14.11400
84.72 , 38.9920692443 , 14.12000
84.75 , 39.1006813049 , 14.12583
84.79 , 39.1006813049 , 14.13183
84.83 , 38.9920692443 , 14.13767
84.86 , 39.1006813049 , 14.14350
84.90 , 39.2092971801 , 14.14950
84.93 , 39.1006813049 , 14.15533
84.97 , 39.2092971801 , 14.16133
85.00 , 39.2092971801 , 14.16717
85.04 , 39.1006813049 , 14.17317
85.07 , 39.2092971801 , 14.17883
85.11 , 39.2092971801 , 14.18483
85.14 , 39.3179092407 , 14.19067
85.18 , 39.2092971801 , 14.19667
85.21 , 39.2092971801 , 14.20250
85.25 , 39.3179092407 , 14.20850
85.29 , 39.2092971801 , 14.21417
85.32 , 39.3179092407 , 14.22017
85.36 , 39.3179092407 , 14.22600
85.39 , 39.3179092407 , 14.23200
85.43 , 39.3179092407 , 14.23800
85.46 , 39.3179092407 , 14.24383
85.50 , 39.3179092407 , 14.24967
85.53 , 39.4265213012 , 14.25550
85.57 , 39.4265213012 , 14.26150
85.60 , 39.3179092407 , 14.26733
85.64 , 39.4265213012 , 14.27333
85.68 , 39.4265213012 , 14.27917
85.71 , 39.5351333618 , 14.28500
85.75 , 39.5351333618 , 14.29083
85.78 , 39.4265213012 , 14.29683
85.82 , 39.5351333618 , 14.30267
85.85 , 39.5351333618 , 14.30867
85.89 , 39.6437454223 , 14.31433
85.92 , 39.6437454223 , 14.32033
85.96 , 39.5351333618 , 14.32617
85.99 , 39.6437454223 , 14.33217
86.03 , 39.6437454223 , 14.33817
86.06 , 39.6437454223 , 14.34400
86.10 , 39.6437454223 , 14.34983
86.13 , 39.7523612976 , 14.35567
86.17 , 39.6437454223 , 14.36167
86.20 , 39.7523612976 , 14.36750
86.24 , 39.7523612976 , 14.37350
86.28 , 39.7523612976 , 14.37933
86.31 , 39.7523612976 , 14.38517
86.35 , 39.7523612976 , 14.39100
86.38 , 39.7523612976 , 14.39700
86.42 , 39.8609733581 , 14.40283
86.45 , 39.7523612976 , 14.40883
86.49 , 39.8609733581 , 14.41467
86.52 , 39.8609733581 , 14.42050
86.56 , 39.8609733581 , 14.42650
86.59 , 39.9695854187 , 14.43233
86.63 , 39.8609733581 , 14.43833
86.66 , 39.9695854187 , 14.44417
86.70 , 39.9695854187 , 14.45017
86.73 , 40.0781974792 , 14.45583
86.77 , 39.9695854187 , 14.46183
86.81 , 39.8609733581 , 14.46767
86.84 , 39.9695854187 , 14.47367
86.88 , 39.9695854187 , 14.47950
86.91 , 40.0781974792 , 14.48550
86.95 , 40.0781974792 , 14.49117
86.98 , 40.0781974792 , 14.49717
87.02 , 40.0781974792 , 14.50300
87.05 , 40.1868133544 , 14.50900
87.09 , 40.0781974792 , 14.51483
87.12 , 40.1868133544 , 14.52067
87.16 , 40.0781974792 , 14.52667
87.19 , 40.0781974792 , 14.53250
87.23 , 40.0781974792 , 14.53850
87.27 , 40.2954254150 , 14.54433
87.30 , 40.1868133544 , 14.55033
87.34 , 40.2954254150 , 14.55600
87.37 , 40.1868133544 , 14.56200
87.41 , 40.1868133544 , 14.56783
87.44 , 40.2954254150 , 14.57383
87.48 , 40.1868133544 , 14.57967
87.51 , 40.2954254150 , 14.58567
87.55 , 40.2954254150 , 14.59133
87.58 , 40.2954254150 , 14.59733
87.62 , 40.2954254150 , 14.60317
87.65 , 40.2954254150 , 14.60917
87.69 , 40.2954254150 , 14.61517
87.73 , 40.4040374755 , 14.62100
87.76 , 40.2954254150 , 14.62683
87.80 , 40.4040374755 , 14.63267
87.83 , 40.4040374755 , 14.63867
87.87 , 40.4040374755 , 14.64450
87.90 , 40.5126495361 , 14.65050
87.94 , 40.4040374755 , 14.65633
87.97 , 40.5126495361 , 14.66217
88.01 , 40.5126495361 , 14.66800
88.04 , 40.5126495361 , 14.67400
88.08 , 40.5126495361 , 14.67983
88.11 , 40.5126495361 , 14.68583
88.15 , 40.6212615966 , 14.69167
88.18 , 40.6212615966 , 14.69750
88.22 , 40.5126495361 , 14.70333
88.26 , 40.6212615966 , 14.70933
88.29 , 40.6212615966 , 14.71533
88.33 , 40.6212615966 , 14.72117
88.36 , 40.6212615966 , 14.72717
88.40 , 40.6212615966 , 14.73283
88.43 , 40.6212615966 , 14.73883
88.47 , 40.6212615966 , 14.74467
88.50 , 40.7298774719 , 14.75067
88.54 , 40.7298774719 , 14.75650
88.57 , 40.7298774719 , 14.76233
88.61 , 40.7298774719 , 14.76817
88.64 , 40.7298774719 , 14.77417
88.68 , 40.8384895324 , 14.78000
88.72 , 40.7298774719 , 14.78600
88.75 , 40.8384895324 , 14.79183
88.79 , 40.9471015930 , 14.79767
88.82 , 40.8384895324 , 14.80367
88.86 , 40.9471015930 , 14.80950
88.89 , 40.9471015930 , 14.81550
88.93 , 40.9471015930 , 14.82133
88.96 , 40.9471015930 , 14.82733
89.00 , 40.9471015930 , 14.83300
89.03 , 41.0557136535 , 14.83900
89.07 , 41.0557136535 , 14.84483
89.11 , 41.0557136535 , 14.85083
89.14 , 41.0557136535 , 14.85667
89.18 , 41.0557136535 , 14.86267
89.21 , 41.0557136535 , 14.86833
89.25 , 41.0557136535 , 14.87433
89.28 , 41.0557136535 , 14.88017
89.32 , 41.0557136535 , 14.88617
89.35 , 41.1643295288 , 14.89200
89.39 , 41.0557136535 , 14.89800
89.42 , 41.0557136535 , 14.90383
89.46 , 41.1643295288 , 14.90967
89.49 , 41.1643295288 , 14.91567
89.53 , 41.1643295288 , 14.92150
89.56 , 41.1643295288 , 14.92750
89.60 , 41.1643295288 , 14.93333
89.63 , 41.2729415893 , 14.93917
89.67 , 41.2729415893 , 14.94500
89.71 , 41.2729415893 , 14.95100
89.74 , 41.2729415893 , 14.95683
89.78 , 41.2729415893 , 14.96283
89.81 , 41.2729415893 , 14.96850
89.85 , 41.2729415893 , 14.97450
89.88 , 41.2729415893 , 14.98033
89.92 , 41.3815536499 , 14.98633
89.95 , 41.3815536499 , 14.99233
89.99 , 41.3815536499 , 14.99817
90.02 , 41.3815536499 , 15.00400
90.06 , 41.3815536499 , 15.00983
90.09 , 41.3815536499 , 15.01583
90.13 , 41.4901657104 , 15.02167
90.17 , 41.4901657104 , 15.02767
90.20 , 41.4901657104 , 15.03350
90.24 , 41.3815536499 , 15.03933
90.27 , 41.4901657104 , 15.04517
90.31 , 41.4901657104 , 15.05117
90.34 , 41.4901657104 , 15.05700
90.38 , 41.4901657104 , 15.06300
90.41 , 41.4901657104 , 15.06883
90.45 , 41.4901657104 , 15.07467
90.48 , 41.5987777709 , 15.08050
90.52 , 41.5987777709 , 15.08650
90.55 , 41.5987777709 , 15.09250
90.59 , 41.5987777709 , 15.09833
90.63 , 41.7073936462 , 15.10433
90.66 , 41.5987777709 , 15.11000
90.70 , 41.7073936462 , 15.11600
90.73 , 41.7073936462 , 15.12183
90.77 , 41.7073936462 , 15.12783
90.80 , 41.8160057067 , 15.13367
90.84 , 41.8160057067 , 15.13967
90.87 , 41.8160057067 , 15.14533
90.91 , 41.7073936462 , 15.15133
90.94 , 41.8160057067 , 15.15717
90.98 , 41.8160057067 , 15.16317
91.01 , 41.8160057067 , 15.16900
91.05 , 41.8160057067 , 15.17483
91.08 , 41.9246177673 , 15.18083
91.12 , 41.9246177673 , 15.18667
91.16 , 41.9246177673 , 15.19267
91.19 , 41.9246177673 , 15.19850
91.23 , 41.9246177673 , 15.20450
91.26 , 42.0332298278 , 15.21017
91.30 , 42.0332298278 , 15.21617
91.33 , 41.9246177673 , 15.22200
91.37 , 41.9246177673 , 15.22800
91.40 , 41.9246177673 , 15.23383
91.44 , 42.0332298278 , 15.23983
91.47 , 42.0332298278 , 15.24550
91.51 , 42.0332298278 , 15.25150
91.54 , 42.1418457031 , 15.25733
91.58 , 42.1418457031 , 15.26333
91.61 , 42.1418457031 , 15.26917
91.65 , 42.1418457031 , 15.27517
91.69 , 42.1418457031 , 15.28100
91.72 , 42.1418457031 , 15.28683
91.76 , 42.1418457031 , 15.29283
91.79 , 42.1418457031 , 15.29867
91.83 , 42.1418457031 , 15.30467
91.86 , 42.1418457031 , 15.31050
91.90 , 42.2504577636 , 15.31633
91.93 , 42.2504577636 , 15.32217
91.97 , 42.2504577636 , 15.32817
92.00 , 42.2504577636 , 15.33400
92.04 , 42.2504577636 , 15.34000
92.07 , 42.2504577636 , 15.34583
92.11 , 42.2504577636 , 15.35167
92.14 , 42.3590698242 , 15.35750
92.18 , 42.3590698242 , 15.36350
92.22 , 42.3590698242 , 15.36950
92.25 , 42.3590698242 , 15.37533
92.29 , 42.3590698242 , 15.38133
92.32 , 42.3590698242 , 15.38700
92.36 , 42.3590698242 , 15.39300
92.39 , 42.3590698242 , 15.39883
92.43 , 42.3590698242 , 15.40483
92.46 , 42.4676818847 , 15.41067
92.50 , 42.3590698242 , 15.41650
92.53 , 42.4676818847 , 15.42233
92.57 , 42.4676818847 , 15.42833
92.61 , 42.4676818847 , 15.43417
92.64 , 42.4676818847 , 15.44017
92.68 , 42.5762939453 , 15.44600
92.71 , 42.4676818847 , 15.45183
92.75 , 42.5762939453 , 15.45767
92.78 , 42.5762939453 , 15.46367
92.82 , 42.6849098205 , 15.46967
92.85 , 42.5762939453 , 15.47550
92.89 , 42.6849098205 , 15.48150
92.92 , 42.6849098205 , 15.48717
92.96 , 42.6849098205 , 15.49317
92.99 , 42.6849098205 , 15.49900
93.03 , 42.6849098205 , 15.50500
93.06 , 42.5762939453 , 15.51083
93.10 , 42.6849098205 , 15.51683
93.13 , 42.6849098205 , 15.52250
93.17 , 42.7935256958 , 15.52850
93.21 , 42.7935256958 , 15.53433
93.24 , 42.7935256958 , 15.54033
93.28 , 42.7935256958 , 15.54617
93.31 , 42.7935256958 , 15.55217
93.35 , 42.7935256958 , 15.55800
93.38 , 42.7935256958 , 15.56383
93.42 , 42.9021377563 , 15.56983
93.45 , 42.7935256958 , 15.57567
93.49 , 42.9021377563 , 15.58167
93.52 , 42.9021377563 , 15.58733
93.56 , 42.9021377563 , 15.59333
93.59 , 42.9021377563 , 15.59917
93.63 , 43.0107536315 , 15.60517
93.67 , 42.9021377563 , 15.61100
93.70 , 42.9021377563 , 15.61700
93.74 , 43.0107536315 , 15.62267
93.77 , 42.9021377563 , 15.62867
93.81 , 43.0107536315 , 15.63450
93.84 , 43.0107536315 , 15.64050
93.88 , 43.1193656921 , 15.64633
93.91 , 43.1193656921 , 15.65233
93.95 , 43.1193656921 , 15.65817
93.98 , 43.1193656921 , 15.66400
94.02 , 43.1193656921 , 15.67000
94.05 , 43.0107536315 , 15.67583
94.09 , 43.2279777526 , 15.68183
94.13 , 43.2279777526 , 15.68767
94.16 , 43.1193656921 , 15.69350
94.20 , 43.1193656921 , 15.69933
94.23 , 43.2279777526 , 15.70533
94.27 , 43.2279777526 , 15.71117
94.30 , 43.2279777526 , 15.71717
94.34 , 43.2279777526 , 15.72300
94.37 , 43.2279777526 , 15.72883
94.41 , 43.2279777526 , 15.73467
94.44 , 43.2279777526 , 15.74067
94.48 , 43.3365898132 , 15.74667
94.51 , 43.3365898132 , 15.75250
94.55 , 43.3365898132 , 15.75850
94.58 , 43.3365898132 , 15.76417
94.62 , 43.3365898132 , 15.77017
94.66 , 43.3365898132 , 15.77600
94.69 , 43.3365898132 , 15.78200
94.73 , 43.3365898132 , 15.78783
94.76 , 43.4452056884 , 15.79383
94.80 , 43.4452056884 , 15.79950
94.83 , 43.4452056884 , 15.80550
94.87 , 43.4452056884 , 15.81133
94.90 , 43.4452056884 , 15.81733
94.94 , 43.4452056884 , 15.82317
94.97 , 43.4452056884 , 15.82900
95.01 , 43.5538177490 , 15.83483
95.04 , 43.5538177490 , 15.84083
95.08 , 43.5538177490 , 15.84683
95.12 , 43.5538177490 , 15.85267
95.15 , 43.5538177490 , 15.85867
95.19 , 43.5538177490 , 15.86433
95.22 , 43.5538177490 , 15.87033
95.26 , 43.6624298095 , 15.87617
95.29 , 43.6624298095 , 15.88217
95.33 , 43.5538177490 , 15.88800
95.36 , 43.5538177490 , 15.89400
95.40 , 43.6624298095 , 15.89967
95.43 , 43.6624298095 , 15.90567
95.47 , 43.6624298095 , 15.91150
95.50 , 43.6624298095 , 15.91750
95.54 , 43.6624298095 , 15.92333
95.58 , 43.7710418701 , 15.92933
95.61 , 43.7710418701 , 15.93517
95.65 , 43.7710418701 , 15.94100
95.68 , 43.7710418701 , 15.94700
95.72 , 43.7710418701 , 15.95283
95.75 , 43.7710418701 , 15.95883
95.79 , 43.7710418701 , 15.96467
95.82 , 43.7710418701 , 15.97050
95.86 , 43.8796539306 , 15.97633
95.89 , 43.9882698059 , 15.98233
95.93 , 43.8796539306 , 15.98817
95.96 , 43.9882698059 , 15.99417
96.00 , 43.9882698059 , 16.00000
96.04 , 43.9882698059 , 16.00584
96.07 , 43.9882698059 , 16.01167
96.11 , 43.9882698059 , 16.01767
96.14 , 43.9882698059 , 16.02350
96.18 , 43.9882698059 , 16.02950
96.21 , 44.0968818664 , 16.03533
96.25 , 43.9882698059 , 16.04117
96.28 , 44.0968818664 , 16.04717
96.32 , 44.0968818664 , 16.05300
96.35 , 44.0968818664 , 16.05900
96.39 , 44.0968818664 , 16.06484
96.42 , 44.0968818664 , 16.07067
96.46 , 44.0968818664 , 16.07650
96.50 , 44.0968818664 , 16.08250
96.53 , 44.0968818664 , 16.08833
96.57 , 44.2054939270 , 16.09433
96.60 , 44.0968818664 , 16.10017
96.64 , 44.0968818664 , 16.10600
96.67 , 44.2054939270 , 16.11183
96.71 , 44.2054939270 , 16.11783
96.74 , 44.2054939270 , 16.12383
96.78 , 44.2054939270 , 16.12967
96.81 , 44.2054939270 , 16.13567
96.85 , 44.2054939270 , 16.14134
96.88 , 44.3141059875 , 16.14734
96.92 , 44.3141059875 , 16.15317
96.95 , 44.3141059875 , 16.15917
96.99 , 44.3141059875 , 16.16500
97.03 , 44.3141059875 , 16.17100
97.06 , 44.3141059875 , 16.17667
97.10 , 44.3141059875 , 16.18267
97.13 , 44.4227218627 , 16.18850
97.17 , 44.4227218627 , 16.19450
97.20 , 44.4227218627 , 16.20034
97.24 , 44.4227218627 , 16.20633
97.27 , 44.4227218627 , 16.21200
97.31 , 44.4227218627 , 16.21800
97.34 , 44.4227218627 , 16.22400
97.38 , 44.5313339233 , 16.22983
97.41 , 44.4227218627 , 16.23583
97.45 , 44.5313339233 , 16.24150
97.48 , 44.5313339233 , 16.24750
97.52 , 44.5313339233 , 16.25333
97.56 , 44.5313339233 , 16.25934
97.59 , 44.5313339233 , 16.26517
97.63 , 44.5313339233 , 16.27117
97.66 , 44.5313339233 , 16.27684
97.70 , 44.6399459838 , 16.28283
97.73 , 44.6399459838 , 16.28867
97.77 , 44.6399459838 , 16.29467
97.80 , 44.7485580444 , 16.30050
97.84 , 44.7485580444 , 16.30650
97.87 , 44.6399459838 , 16.31233
97.91 , 44.7485580444 , 16.31817
97.94 , 44.7485580444 , 16.32417
97.98 , 44.7485580444 , 16.33000
98.02 , 44.7485580444 , 16.33600
98.05 , 44.7485580444 , 16.34184
98.09 , 44.8571701049 , 16.34767
98.12 , 44.7485580444 , 16.35350
98.16 , 44.8571701049 , 16.35950
98.19 , 44.8571701049 , 16.36533
98.23 , 44.8571701049 , 16.37133
98.26 , 44.8571701049 , 16.37717
98.30 , 44.8571701049 , 16.38300
98.33 , 44.8571701049 , 16.38883
98.37 , 44.8571701049 , 16.39484
98.40 , 44.9657859802 , 16.40067
98.44 , 44.8571701049 , 16.40667
98.48 , 44.9657859802 , 16.41267
98.51 , 44.9657859802 , 16.41834
98.55 , 44.9657859802 , 16.42433
98.58 , 44.9657859802 , 16.43017
98.62 , 44.9657859802 , 16.43617
98.65 , 45.0743980407 , 16.44200
98.69 , 44.9657859802 , 16.44800
98.72 , 44.9657859802 , 16.45367
98.76 , 45.0743980407 , 16.45967
98.79 , 45.0743980407 , 16.46550
98.83 , 45.0743980407 , 16.47150
98.86 , 45.0743980407 , 16.47733
98.90 , 45.0743980407 , 16.48317
98.93 , 45.0743980407 , 16.48900
98.97 , 45.0743980407 , 16.49500
99.01 , 45.1830101013 , 16.50100
99.04 , 45.0743980407 , 16.50683
99.08 , 45.1830101013 , 16.51284
99.11 , 45.1830101013 , 16.51850
99.15 , 45.1830101013 , 16.52450
99.18 , 45.1830101013 , 16.53034
99.22 , 45.2916221618 , 16.53634
99.25 , 45.2916221618 , 16.54217
99.29 , 45.2916221618 , 16.54817
99.32 , 45.1830101013 , 16.55383
99.36 , 45.2916221618 , 16.55983
99.39 , 45.2916221618 , 16.56567
99.43 , 45.2916221618 , 16.57167
99.46 , 45.2916221618 , 16.57750
99.50 , 45.2916221618 , 16.58350
99.54 , 45.2916221618 , 16.58917
99.57 , 45.2916221618 , 16.59517
99.61 , 45.4002380371 , 16.60117
99.64 , 45.4002380371 , 16.60700
99.68 , 45.4002380371 , 16.61300
99.71 , 45.4002380371 , 16.61883
99.75 , 45.4002380371 , 16.62467
99.78 , 45.5088500976 , 16.63050
99.82 , 45.5088500976 , 16.63650
99.85 , 45.4002380371 , 16.64233
99.89 , 45.5088500976 , 16.64834
99.92 , 45.4002380371 , 16.65400
99.96 , 45.5088500976 , 16.66000
100.00 , 45.5088500976 , 16.66584
100.03 , 45.5088500976 , 16.67200
100.07 , 45.5088500976 , 16.67800
100.11 , 45.5088500976 , 16.68417
100.14 , 45.6174621582 , 16.69034
100.18 , 45.6174621582 , 16.69617
100.21 , 45.6174621582 , 16.70233
100.25 , 45.6174621582 , 16.70833
100.29 , 45.7260742187 , 16.71450
100.32 , 45.7260742187 , 16.72050
100.36 , 45.6174621582 , 16.72667
100.40 , 45.6174621582 , 16.73267
100.43 , 45.7260742187 , 16.73867
100.47 , 45.7260742187 , 16.74467
100.50 , 45.7260742187 , 16.75083
100.54 , 45.7260742187 , 16.75700
100.58 , 45.7260742187 , 16.76300
100.61 , 45.8346862792 , 16.76917
100.65 , 45.8346862792 , 16.77517
100.69 , 45.8346862792 , 16.78117
100.72 , 45.8346862792 , 16.78717
100.76 , 45.8346862792 , 16.79334
100.80 , 45.9433021545 , 16.79933
100.83 , 45.9433021545 , 16.80550
100.87 , 45.9433021545 , 16.81167
100.90 , 45.9433021545 , 16.81750
100.94 , 45.9433021545 , 16.82367
100.98 , 45.9433021545 , 16.82967
101.01 , 46.0519142150 , 16.83584
101.05 , 45.9433021545 , 16.84184
101.09 , 46.0519142150 , 16.84800
101.12 , 46.0519142150 , 16.85400
101.16 , 45.9433021545 , 16.86000
101.20 , 46.0519142150 , 16.86600
101.23 , 46.0519142150 , 16.87217
101.27 , 46.0519142150 , 16.87833
101.31 , 46.1605262756 , 16.88434
101.34 , 46.0519142150 , 16.89050
101.38 , 46.0519142150 , 16.89650
101.41 , 46.0519142150 , 16.90250
101.45 , 46.1605262756 , 16.90850
101.49 , 46.1605262756 , 16.91467
101.52 , 46.1605262756 , 16.92067
101.56 , 46.1605262756 , 16.92683
101.60 , 46.2691383361 , 16.93284
101.63 , 46.1605262756 , 16.93900
101.67 , 46.1605262756 , 16.94500
101.71 , 46.2691383361 , 16.95100
101.74 , 46.1605262756 , 16.95717
101.78 , 46.2691383361 , 16.96317
101.82 , 46.2691383361 , 16.96933
101.85 , 46.2691383361 , 16.97533
101.89 , 46.1605262756 , 16.98150
101.92 , 46.2691383361 , 16.98734
101.96 , 46.2691383361 , 16.99350
102.00 , 46.3777542114 , 16.99950
102.03 , 46.3777542114 , 17.00567
102.07 , 46.3777542114 , 17.01183
102.11 , 46.4863662719 , 17.01783
102.14 , 46.3777542114 , 17.02400
102.18 , 46.3777542114 , 17.02984
102.22 , 46.3777542114 , 17.03600
102.25 , 46.4863662719 , 17.04200
102.29 , 46.4863662719 , 17.04817
102.32 , 46.4863662719 , 17.05417
102.36 , 46.4863662719 , 17.06033
102.40 , 46.4863662719 , 17.06617
102.43 , 46.4863662719 , 17.07234
102.47 , 46.4863662719 , 17.07850
102.51 , 46.4863662719 , 17.08450
102.54 , 46.5949783325 , 17.09067
102.58 , 46.5949783325 , 17.09667
102.62 , 46.5949783325 , 17.10283
102.65 , 46.5949783325 , 17.10867
102.69 , 46.5949783325 , 17.11483
102.72 , 46.5949783325 , 17.12084
102.76 , 46.7035903930 , 17.12700
102.80 , 46.7035903930 , 17.13300
102.83 , 46.7035903930 , 17.13917
102.87 , 46.7035903930 , 17.14533
102.91 , 46.7035903930 , 17.15117
102.94 , 46.8122024536 , 17.15733
102.98 , 46.7035903930 , 17.16333
103.02 , 46.8122024536 , 17.16950
103.05 , 46.8122024536 , 17.17550
103.09 , 46.7035903930 , 17.18167
103.13 , 46.8122024536 , 17.18767
103.16 , 46.8122024536 , 17.19367
103.20 , 46.8122024536 , 17.19983
103.23 , 46.8122024536 , 17.20583
103.27 , 46.8122024536 , 17.21200
103.31 , 46.9208183288 , 17.21800
103.34 , 46.8122024536 , 17.22417
103.38 , 46.9208183288 , 17.23000
103.42 , 46.9208183288 , 17.23617
103.45 , 47.0294303894 , 17.24217
103.49 , 47.0294303894 , 17.24833
103.53 , 46.9208183288 , 17.25433
103.56 , 46.9208183288 , 17.26050
103.60 , 46.9208183288 , 17.26667
103.63 , 47.0294303894 , 17.27250
103.67 , 47.0294303894 , 17.27867
103.71 , 47.0294303894 , 17.28467
103.75 , 47.0294303894 , 17.29084
103.78 , 47.0294303894 , 17.29683
103.82 , 47.0294303894 , 17.30300
103.85 , 47.1380424499 , 17.30900
103.89 , 47.0294303894 , 17.31500
103.93 , 47.1380424499 , 17.32100
103.96 , 47.1380424499 , 17.32717
104.00 , 47.1380424499 , 17.33333
104.04 , 47.1380424499 , 17.33934
104.07 , 47.1380424499 , 17.34550
104.11 , 47.1380424499 , 17.35150
104.14 , 47.1380424499 , 17.35750
104.18 , 47.2466545104 , 17.36350
104.22 , 47.1380424499 , 17.36967
104.25 , 47.2466545104 , 17.37567
104.29 , 47.2466545104 , 17.38183
104.33 , 47.2466545104 , 17.38784
104.36 , 47.2466545104 , 17.39400
104.40 , 47.2466545104 , 17.40000
104.44 , 47.2466545104 , 17.40600
104.47 , 47.2466545104 , 17.41217
104.51 , 47.3552703857 , 17.41817
104.55 , 47.2466545104 , 17.42433
104.58 , 47.3552703857 , 17.43033
104.62 , 47.3552703857 , 17.43650
104.65 , 47.3552703857 , 17.44233
104.69 , 47.4638824462 , 17.44850
104.73 , 47.3552703857 , 17.45450
104.76 , 47.4638824462 , 17.46067
104.80 , 47.4638824462 , 17.46684
104.84 , 47.4638824462 , 17.47283
104.87 , 47.4638824462 , 17.47883
104.91 , 47.5724945068 , 17.48483
104.95 , 47.5724945068 , 17.49100
104.98 , 47.4638824462 , 17.49700
105.02 , 47.4638824462 , 17.50317
105.05 , 47.4638824462 , 17.50917
105.09 , 47.5724945068 , 17.51534
105.13 , 47.5724945068 , 17.52117
105.16 , 47.5724945068 , 17.52733
105.20 , 47.6811065673 , 17.53350
105.24 , 47.6811065673 , 17.53950
105.27 , 47.6811065673 , 17.54567
105.31 , 47.5724945068 , 17.55167
105.35 , 47.6811065673 , 17.55784
105.38 , 47.6811065673 , 17.56367
105.42 , 47.6811065673 , 17.56983
105.45 , 47.6811065673 , 17.57583
105.49 , 47.6811065673 , 17.58200
105.53 , 47.6811065673 , 17.58817
105.56 , 47.7897186279 , 17.59417
105.60 , 47.7897186279 , 17.60033
105.64 , 47.7897186279 , 17.60617
105.67 , 47.7897186279 , 17.61234
105.71 , 47.7897186279 , 17.61833
105.75 , 47.8983345031 , 17.62450
105.78 , 47.7897186279 , 17.63050
105.82 , 47.7897186279 , 17.63667
105.86 , 47.8983345031 , 17.64267
105.89 , 47.8983345031 , 17.64867
105.93 , 47.8983345031 , 17.65484
105.96 , 47.8983345031 , 17.66083
106.00 , 47.8983345031 , 17.66700
106.04 , 48.0069465637 , 17.67300
106.07 , 47.8983345031 , 17.67917
106.11 , 48.0069465637 , 17.68500
106.15 , 48.0069465637 , 17.69117
106.18 , 48.0069465637 , 17.69717
106.22 , 48.0069465637 , 17.70334
106.26 , 48.0069465637 , 17.70933
106.29 , 48.0069465637 , 17.71550
106.33 , 48.0069465637 , 17.72167
106.36 , 48.1155586242 , 17.72750
106.40 , 48.0069465637 , 17.73367
106.44 , 48.1155586242 , 17.73967
106.47 , 48.1155586242 , 17.74584
106.51 , 48.1155586242 , 17.75184
106.55 , 48.2241706848 , 17.75800
106.58 , 48.1155586242 , 17.76400
106.62 , 48.1155586242 , 17.77000
106.66 , 48.1155586242 , 17.77600
106.69 , 48.1155586242 , 17.78217
106.73 , 48.2241706848 , 17.78833
106.77 , 48.2241706848 , 17.79434
106.80 , 48.1155586242 , 17.80050
106.84 , 48.1155586242 , 17.80650
106.87 , 48.2241706848 , 17.81250
106.91 , 48.2241706848 , 17.81850
106.95 , 48.2241706848 , 17.82467
106.98 , 48.2241706848 , 17.83067
107.02 , 48.2241706848 , 17.83683
107.06 , 48.2241706848 , 17.84284
107.09 , 48.3327903747 , 17.84900
107.13 , 48.3327903747 , 17.85500
107.17 , 48.3327903747 , 17.86100
107.20 , 48.3327903747 , 17.86717
107.24 , 48.4414024353 , 17.87317
107.28 , 48.4414024353 , 17.87933
107.31 , 48.3327903747 , 17.88533
107.35 , 48.5500144958 , 17.89134
107.38 , 48.4414024353 , 17.89734
107.42 , 48.3327903747 , 17.90350
107.46 , 48.4414024353 , 17.90950
107.49 , 48.4414024353 , 17.91567
107.53 , 48.5500144958 , 17.92183
107.57 , 48.4414024353 , 17.92783
107.60 , 48.5500144958 , 17.93383
107.64 , 48.5500144958 , 17.93984
107.68 , 48.5500144958 , 17.94600
107.71 , 48.5500144958 , 17.95200
107.75 , 48.5500144958 , 17.95817
107.79 , 48.6586303710 , 17.96417
107.82 , 48.5500144958 , 17.97033
107.86 , 48.6586303710 , 17.97633
107.89 , 48.6586303710 , 17.98233
107.93 , 48.6586303710 , 17.98850
107.97 , 48.6586303710 , 17.99450
108.00 , 48.6586303710 , 18.00067
108.04 , 48.5500144958 , 18.00667
108.08 , 48.6586303710 , 18.01284
108.11 , 48.7672424316 , 18.01867
108.15 , 48.7672424316 , 18.02483
108.18 , 48.7672424316 , 18.03083
108.22 , 48.6586303710 , 18.03700
108.26 , 48.7672424316 , 18.04317
108.29 , 48.8758544921 , 18.04917
108.33 , 48.7672424316 , 18.05533
108.37 , 48.8758544921 , 18.06117
108.40 , 48.8758544921 , 18.06733
108.44 , 48.8758544921 , 18.07333
108.48 , 48.8758544921 , 18.07950
108.51 , 48.7672424316 , 18.08550
108.55 , 48.8758544921 , 18.09167
108.58 , 48.8758544921 , 18.09750
108.62 , 48.8758544921 , 18.10367
108.66 , 48.8758544921 , 18.10983
108.69 , 48.9844665527 , 18.11583
108.73 , 48.8758544921 , 18.12200
108.77 , 48.9844665527 , 18.12800
108.80 , 48.9844665527 , 18.13417
108.84 , 48.9844665527 , 18.14000
108.88 , 48.9844665527 , 18.14617
108.91 , 48.8758544921 , 18.15217
108.95 , 49.0930786132 , 18.15833
108.99 , 48.9844665527 , 18.16433
109.02 , 48.9844665527 , 18.17050
109.06 , 48.9844665527 , 18.17667
109.09 , 48.9844665527 , 18.18250
109.13 , 49.0930786132 , 18.18867
109.17 , 49.0930786132 , 18.19467
109.20 , 49.0930786132 , 18.20083
109.24 , 49.0930786132 , 18.20683
109.28 , 49.0930786132 , 18.21300
109.31 , 49.0930786132 , 18.21900
109.35 , 49.0930786132 , 18.22500
109.39 , 49.2016944885 , 18.23100
109.42 , 49.2016944885 , 18.23717
109.46 , 49.0930786132 , 18.24333
109.50 , 49.2016944885 , 18.24934
109.53 , 49.2016944885 , 18.25550
109.57 , 49.3103065490 , 18.26150
109.61 , 49.2016944885 , 18.26750
109.64 , 49.2016944885 , 18.27350
109.68 , 49.2016944885 , 18.27967
109.71 , 49.3103065490 , 18.28567
109.75 , 49.3103065490 , 18.29183
109.79 , 49.4189186096 , 18.29784
109.82 , 49.3103065490 , 18.30400
109.86 , 49.3103065490 , 18.31000
109.90 , 49.4189186096 , 18.31600
109.93 , 49.4189186096 , 18.32217
109.97 , 49.4189186096 , 18.32817
110.01 , 49.4189186096 , 18.33433
110.04 , 49.4189186096 , 18.34033
110.08 , 49.4189186096 , 18.34634
110.11 , 49.4189186096 , 18.35233
110.15 , 49.5275306701 , 18.35850
110.19 , 49.5275306701 , 18.36467
110.22 , 49.4189186096 , 18.37067
110.26 , 49.5275306701 , 18.37684
110.30 , 49.5275306701 , 18.38283
110.33 , 49.5275306701 , 18.38883
110.37 , 49.4189186096 , 18.39484
110.41 , 49.6361465454 , 18.40100
110.44 , 49.6361465454 , 18.40700
110.48 , 49.6361465454 , 18.41317
110.51 , 49.6361465454 , 18.41917
110.55 , 49.6361465454 , 18.42534
110.59 , 49.6361465454 , 18.43133
110.62 , 49.6361465454 , 18.43733
110.66 , 49.6361465454 , 18.44350
110.70 , 49.7447586059 , 18.44950
110.73 , 49.6361465454 , 18.45567
110.77 , 49.7447586059 , 18.46167
110.81 , 49.7447586059 , 18.46784
110.84 , 49.7447586059 , 18.47367
110.88 , 49.7447586059 , 18.47983
110.91 , 49.7447586059 , 18.48583
110.95 , 49.7447586059 , 18.49200
110.99 , 49.7447586059 , 18.49817
111.02 , 49.7447586059 , 18.50417
111.06 , 49.7447586059 , 18.51033
111.10 , 49.7447586059 , 18.51617
111.13 , 49.7447586059 , 18.52234
111.17 , 49.8533706665 , 18.52833
111.21 , 49.7447586059 , 18.53450
111.24 , 49.7447586059 , 18.54050
111.28 , 49.8533706665 , 18.54667
111.31 , 49.8533706665 , 18.55250
111.35 , 49.8533706665 , 18.55867
111.39 , 49.8533706665 , 18.56484
111.43 , 49.9619827270 , 18.57084
111.46 , 49.9619827270 , 18.57700
111.50 , 49.9619827270 , 18.58300
111.54 , 49.9619827270 , 18.58917
111.57 , 49.9619827270 , 18.59500
111.61 , 49.9619827270 , 18.60117
111.64 , 49.9619827270 , 18.60717
111.68 , 50.0705947875 , 18.61334
111.72 , 49.9619827270 , 18.61934
111.75 , 49.9619827270 , 18.62550
111.79 , 49.9619827270 , 18.63167
111.82 , 50.0705947875 , 18.63750
111.86 , 50.0705947875 , 18.64367
111.90 , 50.0705947875 , 18.64967
111.93 , 50.0705947875 , 18.65583
111.97 , 50.0705947875 , 18.66184
112.01 , 50.1792106628 , 18.66800
112.04 , 50.0705947875 , 18.67400
112.08 , 50.1792106628 , 18.68000
112.12 , 50.1792106628 , 18.68600
112.15 , 50.1792106628 , 18.69217
112.19 , 50.1792106628 , 18.69833
112.23 , 50.1792106628 , 18.70433
112.26 , 50.1792106628 , 18.71050
112.30 , 50.1792106628 , 18.71650
112.33 , 50.1792106628 , 18.72250
112.37 , 50.2878227233 , 18.72850
112.41 , 50.2878227233 , 18.73467
112.44 , 50.2878227233 , 18.74067
112.48 , 50.2878227233 , 18.74683
112.52 , 50.3964347839 , 18.75300
112.55 , 50.2878227233 , 18.75884
112.59 , 50.2878227233 , 18.76500
112.63 , 50.2878227233 , 18.77100
112.66 , 50.3964347839 , 18.77717
112.70 , 50.3964347839 , 18.78317
112.74 , 50.3964347839 , 18.78933
112.77 , 50.2878227233 , 18.79533
112.81 , 50.3964347839 , 18.80134
112.84 , 50.3964347839 , 18.80734
112.88 , 50.5050468444 , 18.81350
112.92 , 50.5050468444 , 18.81967
112.95 , 50.5050468444 , 18.82567
112.99 , 50.5050468444 , 18.83183
113.03 , 50.5050468444 , 18.83783
113.06 , 50.5050468444 , 18.84383
113.10 , 50.5050468444 , 18.84984
113.14 , 50.5050468444 , 18.85600
113.17 , 50.5050468444 , 18.86200
113.21 , 50.5050468444 , 18.86817
113.25 , 50.6136627197 , 18.87417
113.28 , 50.6136627197 , 18.88033
113.32 , 50.6136627197 , 18.88633
113.35 , 50.6136627197 , 18.89233
113.39 , 50.6136627197 , 18.89850
113.43 , 50.6136627197 , 18.90450
113.46 , 50.6136627197 , 18.91067
113.50 , 50.6136627197 , 18.91667
113.54 , 50.6136627197 , 18.92284
113.57 , 50.7222747802 , 18.92867
113.61 , 50.6136627197 , 18.93483
113.64 , 50.7222747802 , 18.94083
113.68 , 50.7222747802 , 18.94700
113.72 , 50.7222747802 , 18.95317
113.75 , 50.7222747802 , 18.95917
113.79 , 50.7222747802 , 18.96533
113.83 , 50.7222747802 , 18.97117
113.86 , 50.7222747802 , 18.97733
113.90 , 50.8308868408 , 18.98333
113.94 , 50.8308868408 , 18.98950
113.97 , 50.7222747802 , 18.99550
114.01 , 50.8308868408 , 19.00167
114.04 , 50.8308868408 , 19.00750
114.08 , 50.8308868408 , 19.01367
114.12 , 50.8308868408 , 19.01984
114.15 , 50.9394989013 , 19.02583
114.19 , 50.9394989013 , 19.03200
114.23 , 50.9394989013 , 19.03800
114.26 , 50.9394989013 , 19.04417
114.30 , 50.9394989013 , 19.05000
114.34 , 50.9394989013 , 19.05617
114.37 , 50.9394989013 , 19.06217
114.41 , 50.9394989013 , 19.06834
114.45 , 51.0481109619 , 19.07433
114.48 , 51.0481109619 , 19.08050
114.52 , 51.0481109619 , 19.08667
114.55 , 51.0481109619 , 19.09250
114.59 , 51.0481109619 , 19.09867
114.63 , 51.0481109619 , 19.10467
114.66 , 51.0481109619 , 19.11083
114.70 , 51.0481109619 , 19.11683
114.74 , 51.0481109619 , 19.12300
114.77 , 51.0481109619 , 19.12900
114.81 , 51.1567268371 , 19.13500
114.85 , 51.1567268371 , 19.14117
114.88 , 51.1567268371 , 19.14717
114.92 , 51.1567268371 , 19.15333
114.96 , 51.1567268371 , 19.15933
114.99 , 51.1567268371 , 19.16550
115.03 , 51.2653388977 , 19.17133
115.06 , 51.1567268371 , 19.17750
115.10 , 51.1567268371 , 19.18350
115.14 , 51.2653388977 , 19.18967
115.17 , 51.1567268371 , 19.19567
115.21 , 51.2653388977 , 19.20183
115.25 , 51.2653388977 , 19.20800
115.28 , 51.2653388977 , 19.21383
115.32 , 51.2653388977 , 19.22000
115.36 , 51.3739509582 , 19.22600
115.39 , 51.3739509582 , 19.23217
115.43 , 51.2653388977 , 19.23817
115.47 , 51.3739509582 , 19.24434
115.50 , 51.3739509582 , 19.25033
115.54 , 51.3739509582 , 19.25634
115.57 , 51.4825630187 , 19.26233
115.61 , 51.3739509582 , 19.26850
115.65 , 51.3739509582 , 19.27467
115.68 , 51.4825630187 , 19.28067
115.72 , 51.3739509582 , 19.28684
115.76 , 51.4825630187 , 19.29284
115.79 , 51.4825630187 , 19.29883
115.83 , 51.4825630187 , 19.30484
115.87 , 51.4825630187 , 19.31100
115.90 , 51.4825630187 , 19.31700
115.94 , 51.4825630187 , 19.32317
115.97 , 51.4825630187 , 19.32917
116.01 , 51.4825630187 , 19.33534
116.05 , 51.5911788940 , 19.34133
116.08 , 51.4825630187 , 19.34733
116.12 , 51.5911788940 , 19.35350
116.16 , 51.5911788940 , 19.35950
116.19 , 51.5911788940 , 19.36567
116.23 , 51.5911788940 , 19.37167
116.27 , 51.5911788940 , 19.37784
116.30 , 51.5911788940 , 19.38367
116.34 , 51.4825630187 , 19.38983
116.37 , 51.6997909545 , 19.39583
116.41 , 51.6997909545 , 19.40200
116.45 , 51.6997909545 , 19.40817
116.48 , 51.6997909545 , 19.41417
116.52 , 51.8084030151 , 19.42017
116.56 , 51.6997909545 , 19.42617
116.59 , 51.6997909545 , 19.43234
116.63 , 51.6997909545 , 19.43833
116.67 , 51.8084030151 , 19.44450
116.70 , 51.6997909545 , 19.45050
116.74 , 51.8084030151 , 19.45667
116.77 , 51.8084030151 , 19.46250
116.81 , 51.8084030151 , 19.46867
116.85 , 51.8084030151 , 19.47484
116.88 , 51.8084030151 , 19.48084
116.92 , 51.8084030151 , 19.48700
116.96 , 51.8084030151 , 19.49300
117.00 , 51.9170150756 , 19.49917
117.03 , 51.8084030151 , 19.50500
117.07 , 51.9170150756 , 19.51117
117.10 , 51.9170150756 , 19.51717
117.14 , 51.9170150756 , 19.52334
117.18 , 51.9170150756 , 19.52950
117.21 , 51.9170150756 , 19.53550
117.25 , 51.9170150756 , 19.54167
117.29 , 52.0256271362 , 19.54750
117.32 , 52.0256271362 , 19.55367
117.36 , 52.0256271362 , 19.55967
117.39 , 52.0256271362 , 19.56583
117.43 , 52.0256271362 , 19.57184
117.47 , 52.0256271362 , 19.57800
117.50 , 52.1342430114 , 19.58400
117.54 , 52.0256271362 , 19.59000
117.58 , 52.0256271362 , 19.59617
117.61 , 52.1342430114 , 19.60217
117.65 , 52.1342430114 , 19.60833
117.69 , 52.1342430114 , 19.61433
117.72 , 52.2428550720 , 19.62050
117.76 , 52.2428550720 , 19.62634
117.79 , 52.1342430114 , 19.63250
117.83 , 52.2428550720 , 19.63850
117.87 , 52.2428550720 , 19.64467
117.90 , 52.2428550720 , 19.65067
117.94 , 52.2428550720 , 19.65683
117.98 , 52.3514671325 , 19.66300
118.01 , 52.3514671325 , 19.66884
118.05 , 52.2428550720 , 19.67500
118.09 , 52.3514671325 , 19.68100
118.12 , 52.3514671325 , 19.68717
118.16 , 52.3514671325 , 19.69317
118.20 , 52.3514671325 , 19.69933
118.23 , 52.3514671325 , 19.70533
118.27 , 52.3514671325 , 19.71133
118.30 , 52.3514671325 , 19.71734
118.34 , 52.4600791931 , 19.72350
118.38 , 52.4600791931 , 19.72967
118.41 , 52.4600791931 , 19.73567
118.45 , 52.4600791931 , 19.74183
118.49 , 52.4600791931 , 19.74783
118.52 , 52.4600791931 , 19.75383
118.56 , 52.4600791931 , 19.75984
118.60 , 52.4600791931 , 19.76600
118.63 , 52.4600791931 , 19.77200
118.67 , 52.4600791931 , 19.77817
118.70 , 52.4600791931 , 19.78417
118.74 , 52.4600791931 , 19.79033
118.78 , 52.4600791931 , 19.79633
118.81 , 52.5686950683 , 19.80233
118.85 , 52.5686950683 , 19.80850
118.89 , 52.5686950683 , 19.81450
118.92 , 52.5686950683 , 19.82067
118.96 , 52.6773071289 , 19.82667
119.00 , 52.6773071289 , 19.83267
119.03 , 52.6773071289 , 19.83867
119.07 , 52.6773071289 , 19.84483
119.11 , 52.6773071289 , 19.85083
119.14 , 52.6773071289 , 19.85700
119.18 , 52.7859191894 , 19.86317
119.21 , 52.7859191894 , 19.86917
119.25 , 52.7859191894 , 19.87517
119.29 , 52.7859191894 , 19.88117
119.32 , 52.7859191894 , 19.88733
119.36 , 52.7859191894 , 19.89333
119.40 , 52.7859191894 , 19.89950
119.43 , 52.7859191894 , 19.90550
119.47 , 52.8945312500 , 19.91167
119.51 , 52.7859191894 , 19.91767
119.54 , 52.8945312500 , 19.92367
119.58 , 52.8945312500 , 19.92984
119.61 , 52.8945312500 , 19.93583
119.65 , 52.8945312500 , 19.94200
119.69 , 52.8945312500 , 19.94800
119.72 , 52.8945312500 , 19.95417
119.76 , 53.0031433105 , 19.96000
119.80 , 53.0031433105 , 19.96617
119.83 , 53.0031433105 , 19.97217
119.87 , 53.0031433105 , 19.97834
119.91 , 53.0031433105 , 19.98450
119.94 , 53.0031433105 , 19.99050
119.98 , 53.1117591857 , 19.99667
120.01 , 53.1117591857 , 20.00250
120.05 , 53.1117591857 , 20.00867
120.09 , 53.1117591857 , 20.01467
120.12 , 53.1117591857 , 20.02083
120.16 , 53.1117591857 , 20.02684
120.20 , 53.1117591857 , 20.03300
120.23 , 53.0031433105 , 20.03883
120.27 , 53.2203712463 , 20.04500
120.31 , 53.1117591857 , 20.05117
120.34 , 53.1117591857 , 20.05717
120.38 , 53.2203712463 , 20.06333
120.42 , 53.2203712463 , 20.06933
120.45 , 53.3289833068 , 20.07550
120.49 , 53.3289833068 , 20.08133
120.52 , 53.2203712463 , 20.08750
120.56 , 53.2203712463 , 20.09350
120.60 , 53.2203712463 , 20.09967
120.63 , 53.3289833068 , 20.10567
120.67 , 53.2203712463 , 20.11183
120.71 , 53.3289833068 , 20.11800
120.74 , 53.3289833068 , 20.12383
120.78 , 53.3289833068 , 20.13000
120.82 , 53.3289833068 , 20.13600
120.85 , 53.4375953674 , 20.14217
120.89 , 53.3289833068 , 20.14817
120.93 , 53.3289833068 , 20.15434
120.96 , 53.4375953674 , 20.16033
121.00 , 53.4375953674 , 20.16633
121.03 , 53.5462074279 , 20.17233
121.07 , 53.4375953674 , 20.17850
121.11 , 53.4375953674 , 20.18467
121.14 , 53.5462074279 , 20.19067
121.18 , 53.4375953674 , 20.19684
121.22 , 53.4375953674 , 20.20284
121.25 , 53.5462074279 , 20.20883
121.29 , 53.5462074279 , 20.21483
121.33 , 53.4375953674 , 20.22100
121.36 , 53.5462074279 , 20.22700
121.40 , 53.5462074279 , 20.23317
121.43 , 53.5462074279 , 20.23917
121.47 , 53.6548233032 , 20.24534
121.51 , 53.6548233032 , 20.25134
121.54 , 53.6548233032 , 20.25733
121.58 , 53.6548233032 , 20.26350
121.62 , 53.6548233032 , 20.26950
121.65 , 53.6548233032 , 20.27567
121.69 , 53.6548233032 , 20.28167
121.73 , 53.6548233032 , 20.28767
121.76 , 53.7634353637 , 20.29367
121.80 , 53.7634353637 , 20.29984
121.84 , 53.7634353637 , 20.30600
121.87 , 53.7634353637 , 20.31200
121.91 , 53.7634353637 , 20.31817
121.94 , 53.7634353637 , 20.32417
121.98 , 53.7634353637 , 20.33017
122.02 , 53.7634353637 , 20.33617
122.05 , 53.8720550537 , 20.34234
122.09 , 53.7634353637 , 20.34833
122.13 , 53.7634353637 , 20.35450
122.16 , 53.8720550537 , 20.36050
122.20 , 53.9806671142 , 20.36667
122.24 , 53.9806671142 , 20.37267
122.27 , 53.9806671142 , 20.37867
122.31 , 53.9806671142 , 20.38484
122.34 , 53.8720550537 , 20.39084
122.38 , 53.9806671142 , 20.39700
122.42 , 53.9806671142 , 20.40300
122.45 , 54.0892791748 , 20.40917
122.49 , 54.0892791748 , 20.41500
122.53 , 53.9806671142 , 20.42117
122.56 , 53.9806671142 , 20.42717
122.60 , 54.0892791748 , 20.43334
122.64 , 54.0892791748 , 20.43950
122.67 , 54.0892791748 , 20.44550
122.71 , 54.0892791748 , 20.45167
122.75 , 54.0892791748 , 20.45750
122.78 , 54.0892791748 , 20.46367
122.82 , 54.0892791748 , 20.46967
122.86 , 54.0892791748 , 20.47583
122.89 , 54.1978912353 , 20.48184
122.93 , 54.0892791748 , 20.48800
122.96 , 54.1978912353 , 20.49383
123.00 , 54.1978912353 , 20.50000
123.04 , 54.1978912353 , 20.50617
123.07 , 54.0892791748 , 20.51217
123.11 , 54.1978912353 , 20.51833
123.15 , 54.1978912353 , 20.52433
123.18 , 54.1978912353 , 20.53050
123.22 , 54.3065032958 , 20.53634
123.25 , 54.3065032958 , 20.54250
123.29 , 54.3065032958 , 20.54850
123.33 , 54.1978912353 , 20.55467
123.36 , 54.1978912353 , 20.56067
123.40 , 54.3065032958 , 20.56683
123.44 , 54.3065032958 , 20.57300
123.47 , 54.4151191711 , 20.57884
123.51 , 54.4151191711 , 20.58500
123.55 , 54.3065032958 , 20.59100
123.58 , 54.3065032958 , 20.59717
123.62 , 54.4151191711 , 20.60317
123.66 , 54.4151191711 , 20.60933
123.69 , 54.4151191711 , 20.61533
123.73 , 54.4151191711 , 20.62133
123.76 , 54.4151191711 , 20.62734
123.80 , 54.4151191711 , 20.63350
123.84 , 54.5237312316 , 20.63967
123.87 , 54.4151191711 , 20.64567
123.91 , 54.5237312316 , 20.65184
123.95 , 54.5237312316 , 20.65783
123.98 , 54.5237312316 , 20.66383
124.02 , 54.5237312316 , 20.66983
124.06 , 54.5237312316 , 20.67600
124.09 , 54.5237312316 , 20.68200
124.13 , 54.5237312316 , 20.68817
124.17 , 54.6323432922 , 20.69433
124.20 , 54.6323432922 , 20.70017
124.24 , 54.6323432922 , 20.70633
124.27 , 54.6323432922 , 20.71233
124.31 , 54.6323432922 , 20.71850
124.35 , 54.7409553527 , 20.72450
124.38 , 54.7409553527 , 20.73067
124.42 , 54.7409553527 , 20.73667
124.46 , 54.7409553527 , 20.74267
124.49 , 54.6323432922 , 20.74867
124.53 , 54.7409553527 , 20.75483
124.57 , 54.7409553527 , 20.76100
124.60 , 54.7409553527 , 20.76700
124.64 , 54.7409553527 , 20.77317
124.68 , 54.8495712280 , 20.77917
124.71 , 54.7409553527 , 20.78517
124.75 , 54.8495712280 , 20.79117
124.78 , 54.8495712280 , 20.79733
124.82 , 54.8495712280 , 20.80333
124.86 , 54.8495712280 , 20.80950
124.89 , 54.8495712280 , 20.81550
124.93 , 54.9581832885 , 20.82167
124.97 , 54.9581832885 , 20.82767
125.00 , 54.9581832885 , 20.83367
125.04 , 54.9581832885 , 20.83983
125.07 , 54.9581832885 , 20.84583
125.11 , 54.9581832885 , 20.85200
125.15 , 54.9581832885 , 20.85800
125.18 , 54.9581832885 , 20.86417
125.22 , 55.0667953491 , 20.87000
125.26 , 54.9581832885 , 20.87617
125.29 , 55.0667953491 , 20.88217
125.33 , 54.9581832885 , 20.88833
125.37 , 55.0667953491 , 20.89450
125.40 , 55.0667953491 , 20.90050
125.44 , 54.9581832885 , 20.90667
125.47 , 55.0667953491 , 20.91250
125.51 , 55.0667953491 , 20.91867
125.55 , 55.0667953491 , 20.92467
125.58 , 55.0667953491 , 20.93083
125.62 , 55.0667953491 , 20.93684
125.66 , 55.0667953491 , 20.94300
125.69 , 55.1754074096 , 20.94883
125.73 , 55.1754074096 , 20.95500
125.77 , 55.1754074096 , 20.96117
125.80 , 55.1754074096 , 20.96717
125.84 , 55.1754074096 , 20.97333
125.88 , 55.1754074096 , 20.97933
125.91 , 55.2840194702 , 20.98550
125.95 , 55.2840194702 , 20.99133
125.98 , 55.1754074096 , 20.99750
126.02 , 55.2840194702 , 21.00350
126.06 , 55.2840194702 , 21.00967
126.09 , 55.1754074096 , 21.01567
126.13 , 55.2840194702 , 21.02183
126.17 , 55.2840194702 , 21.02800
126.20 , 55.3926353454 , 21.03384
126.24 , 55.3926353454 , 21.04000
126.28 , 55.3926353454 , 21.04600
126.31 , 55.3926353454 , 21.05217
126.35 , 55.3926353454 , 21.05817
126.39 , 55.3926353454 , 21.06434
126.42 , 55.3926353454 , 21.07033
126.46 , 55.2840194702 , 21.07633
126.50 , 55.3926353454 , 21.08250
126.53 , 55.5012474060 , 21.08850
126.57 , 55.5012474060 , 21.09467
126.60 , 55.5012474060 , 21.10067
126.64 , 55.5012474060 , 21.10684
126.68 , 55.5012474060 , 21.11267
126.71 , 55.6098594665 , 21.11883
126.75 , 55.5012474060 , 21.12483
126.79 , 55.5012474060 , 21.13100
126.82 , 55.6098594665 , 21.13700
126.86 , 55.6098594665 , 21.14317
126.90 , 55.6098594665 , 21.14933
126.93 , 55.6098594665 , 21.15517
126.97 , 55.6098594665 , 21.16134
127.00 , 55.6098594665 , 21.16733
127.04 , 55.6098594665 , 21.17350
127.08 , 55.6098594665 , 21.17950
127.11 , 55.7184715270 , 21.18567
127.15 , 55.6098594665 , 21.19167
127.19 , 55.6098594665 , 21.19767
127.22 , 55.7184715270 , 21.20367
127.26 , 55.7184715270 , 21.20984
127.30 , 55.7184715270 , 21.21600
127.33 , 55.8270874023 , 21.22200
127.37 , 55.7184715270 , 21.22817
127.40 , 55.8270874023 , 21.23417
127.44 , 55.8270874023 , 21.24017
127.48 , 55.8270874023 , 21.24617
127.51 , 55.8270874023 , 21.25234
127.55 , 55.8270874023 , 21.25834
127.59 , 55.8270874023 , 21.26450
127.62 , 55.8270874023 , 21.27050
127.66 , 55.8270874023 , 21.27667
127.70 , 55.8270874023 , 21.28267
127.73 , 55.9356994628 , 21.28867
127.77 , 55.9356994628 , 21.29483
127.80 , 55.8270874023 , 21.30084
127.84 , 55.9356994628 , 21.30700
127.88 , 55.9356994628 , 21.31300
127.91 , 55.9356994628 , 21.31917
127.95 , 55.9356994628 , 21.32500
127.99 , 55.9356994628 , 21.33117
128.02 , 56.0443115234 , 21.33717
128.06 , 55.9356994628 , 21.34333
128.10 , 55.9356994628 , 21.34950
128.13 , 55.9356994628 , 21.35550
128.17 , 55.9356994628 , 21.36150
128.21 , 56.0443115234 , 21.36750
128.24 , 56.0443115234 , 21.37367
128.28 , 56.0443115234 , 21.37967
128.32 , 56.0443115234 , 21.38583
128.35 , 56.1529235839 , 21.39183
128.39 , 56.1529235839 , 21.39800
128.42 , 56.0443115234 , 21.40384
128.46 , 56.1529235839 , 21.41000
128.50 , 56.1529235839 , 21.41617
128.53 , 56.0443115234 , 21.42217
128.57 , 56.1529235839 , 21.42834
128.61 , 56.2615356445 , 21.43433
128.64 , 56.1529235839 , 21.44050
128.68 , 56.1529235839 , 21.44633
128.72 , 56.1529235839 , 21.45250
128.75 , 56.1529235839 , 21.45850
128.79 , 56.2615356445 , 21.46467
128.83 , 56.2615356445 , 21.47083
128.86 , 56.2615356445 , 21.47683
128.90 , 56.2615356445 , 21.48300
128.93 , 56.2615356445 , 21.48884
128.97 , 56.2615356445 , 21.49500
129.01 , 56.3701515197 , 21.50100
129.04 , 56.3701515197 , 21.50717
129.08 , 56.2615356445 , 21.51317
129.12 , 56.3701515197 , 21.51933
129.15 , 56.3701515197 , 21.52533
129.19 , 56.3701515197 , 21.53133
129.23 , 56.3701515197 , 21.53750
129.26 , 56.3701515197 , 21.54350
129.30 , 56.3701515197 , 21.54967
129.33 , 56.4787635803 , 21.55567
129.37 , 56.3701515197 , 21.56184
129.41 , 56.5873756408 , 21.56767
129.44 , 56.4787635803 , 21.57383
129.48 , 56.4787635803 , 21.57983
129.52 , 56.4787635803 , 21.58600
129.55 , 56.5873756408 , 21.59200
129.59 , 56.5873756408 , 21.59817
129.63 , 56.5873756408 , 21.60434
129.66 , 56.5873756408 , 21.61017
129.70 , 56.5873756408 , 21.61633
129.73 , 56.5873756408 , 21.62233
129.77 , 56.5873756408 , 21.62850
129.81 , 56.6959877014 , 21.63450
129.84 , 56.5873756408 , 21.64067
129.88 , 56.6959877014 , 21.64667
129.92 , 56.6959877014 , 21.65267
129.95 , 56.6959877014 , 21.65867
129.99 , 56.6959877014 , 21.66483
130.03 , 56.6959877014 , 21.67100
130.06 , 56.6959877014 , 21.67700
130.10 , 56.6959877014 , 21.68317
130.13 , 56.8046035766 , 21.68917
130.17 , 56.8046035766 , 21.69517
130.21 , 56.6959877014 , 21.70117
130.24 , 56.6959877014 , 21.70734
130.28 , 56.8046035766 , 21.71333
130.32 , 56.6959877014 , 21.71950
130.35 , 56.8046035766 , 21.72550
130.39 , 56.8046035766 , 21.73167
130.43 , 56.8046035766 , 21.73767
130.46 , 56.8046035766 , 21.74367
130.50 , 56.8046035766 , 21.74983
130.54 , 56.9132156372 , 21.75584
130.57 , 56.8046035766 , 21.76200
130.61 , 56.9132156372 , 21.76800
130.64 , 56.9132156372 , 21.77400
130.68 , 56.9132156372 , 21.78000
130.72 , 56.9132156372 , 21.78617
130.75 , 56.9132156372 , 21.79217
130.79 , 57.0218276977 , 21.79833
130.83 , 57.0218276977 , 21.80450
130.86 , 56.9132156372 , 21.81050
130.90 , 56.9132156372 , 21.81650
130.94 , 57.0218276977 , 21.82250
130.97 , 57.0218276977 , 21.82867
131.01 , 56.9132156372 , 21.83467
131.05 , 57.0218276977 , 21.84083
131.08 , 57.1304397583 , 21.84683
131.12 , 57.0218276977 , 21.85300
131.15 , 57.0218276977 , 21.85900
131.19 , 57.0218276977 , 21.86500
131.23 , 57.0218276977 , 21.87117
131.26 , 57.1304397583 , 21.87717
131.30 , 57.1304397583 , 21.88334
131.34 , 57.1304397583 , 21.88933
131.37 , 57.1304397583 , 21.89550
131.41 , 57.1304397583 , 21.90134
131.45 , 57.1304397583 , 21.90750
131.48 , 57.2390518188 , 21.91350
131.52 , 57.2390518188 , 21.91967
131.55 , 57.2390518188 , 21.92583
131.59 , 57.2390518188 , 21.93184
131.63 , 57.2390518188 , 21.93800