2.94 , 0.0000000000 , 0.49017
2.97 , 0.0000000000 , 0.49567
3.01 , 0.0000000000 , 0.50100
3.04 , 0.1086129074 , 0.50650
3.07 , 0.1086129074 , 0.51167
3.10 , 0.1086129074 , 0.51717
3.14 , 0.1086129074 , 0.52250
3.17 , 0.1086129074 , 0.52800
3.20 , 0.0000000000 , 0.53333
3.23 , 0.1086129074 , 0.53867
3.26 , 0.0000000000 , 0.54400
3.30 , 0.0000000000 , 0.54950
3.33 , 0.1086129074 , 0.55483
3.36 , 0.1086129074 , 0.56017
3.39 , 0.1086129074 , 0.56550
3.43 , 0.0000000000 , 0.57100
3.46 , 0.1086129074 , 0.57633
3.49 , 0.1086129074 , 0.58150
3.52 , 0.1086129074 , 0.58700
3.55 , 0.1086129074 , 0.59233
3.59 , 0.1086129074 , 0.59783
3.62 , 0.2172258138 , 0.60300
3.65 , 0.1086129074 , 0.60850
3.68 , 0.0000000000 , 0.61383
3.72 , 0.2172258138 , 0.61933
3.75 , 0.1086129074 , 0.62450
3.78 , 0.1086129074 , 0.63000
3.81 , 0.1086129074 , 0.63533
3.85 , 0.1086129074 , 0.64083
3.88 , 0.2172258138 , 0.64600
3.91 , 0.1086129074 , 0.65150
3.94 , 0.1086129074 , 0.65683
3.97 , 0.1086129074 , 0.66233
4.01 , 0.1086129074 , 0.66750
4.04 , 0.1086129074 , 0.67300
4.07 , 0.2172258138 , 0.67833
4.10 , 0.2172258138 , 0.68383
4.13 , 0.2172258138 , 0.68900
4.17 , 0.2172258138 , 0.69450
4.20 , 0.2172258138 , 0.69983
4.23 , 0.2172258138 , 0.70533
4.26 , 0.2172258138 , 0.71050
4.30 , 0.2172258138 , 0.71600
4.33 , 0.3258387088 , 0.72133
4.36 , 0.3258387088 , 0.72683
4.39 , 0.3258387088 , 0.73200
4.43 , 0.3258387088 , 0.73750
4.46 , 0.3258387088 , 0.74283
4.49 , 0.3258387088 , 0.74817
4.52 , 0.4344516277 , 0.75350
4.55 , 0.3258387088 , 0.75883
4.59 , 0.4344516277 , 0.76433
4.62 , 0.4344516277 , 0.76967
4.65 , 0.4344516277 , 0.77517
4.68 , 0.4344516277 , 0.78033
4.72 , 0.4344516277 , 0.78583
4.75 , 0.5430645465 , 0.79117
4.78 , 0.5430645465 , 0.79667
4.81 , 0.5430645465 , 0.80183
4.84 , 0.6516780853 , 0.80733
4.88 , 0.5430645465 , 0.81267
4.91 , 0.5430645465 , 0.81817
4.94 , 0.5430645465 , 0.82333
4.97 , 0.6516780853 , 0.82883
5.01 , 0.6516780853 , 0.83417
5.04 , 0.5430645465 , 0.83967
5.07 , 0.7602910041 , 0.84483
5.10 , 0.7602910041 , 0.85033
5.13 , 0.6516780853 , 0.85567
5.17 , 0.7602910041 , 0.86117
5.20 , 0.6516780853 , 0.86633
5.23 , 0.7602910041 , 0.87183
5.26 , 0.7602910041 , 0.87717
5.30 , 0.7602910041 , 0.88267
5.33 , 0.7602910041 , 0.88783
5.36 , 0.7602910041 , 0.89333
5.39 , 0.8689039230 , 0.89867
5.43 , 0.8689039230 , 0.90417
5.46 , 0.8689039230 , 0.90933
5.49 , 0.8689039230 , 0.91483
5.52 , 0.8689039230 , 0.92017
5.55 , 0.9775167465 , 0.92550
5.59 , 0.9775167465 , 0.93083
5.62 , 0.9775167465 , 0.93617
5.65 , 0.9775167465 , 0.94167
5.68 , 0.9775167465 , 0.94700
5.71 , 0.9775167465 , 0.95233
5.75 , 0.9775167465 , 0.95767
5.78 , 1.0861296653 , 0.96317
5.81 , 1.0861296653 , 0.96850
5.84 , 1.0861296653 , 0.97383
5.88 , 1.0861296653 , 0.97917
5.91 , 1.0861296653 , 0.98467
5.94 , 1.0861296653 , 0.99000
5.97 , 1.1947425651 , 0.99533
6.00 , 1.1947425651 , 1.00067
6.04 , 1.1947425651 , 1.00617
6.07 , 1.1947425651 , 1.01150
6.10 , 1.1947425651 , 1.01700
6.13 , 1.3033561706 , 1.02217
6.17 , 1.3033561706 , 1.02767
6.20 , 1.1947425651 , 1.03300
6.23 , 1.3033561706 , 1.03850
6.26 , 1.3033561706 , 1.04367
6.30 , 1.3033561706 , 1.04917
6.33 , 1.4119690895 , 1.05450
6.36 , 1.3033561706 , 1.06000
6.39 , 1.4119690895 , 1.06517
6.42 , 1.3033561706 , 1.07067
6.46 , 1.4119690895 , 1.07600
6.49 , 1.4119690895 , 1.08150
6.52 , 1.3033561706 , 1.08667
6.55 , 1.4119690895 , 1.09200
6.59 , 1.4119690895 , 1.09750
6.62 , 1.4119690895 , 1.10283
6.65 , 1.4119690895 , 1.10817
6.68 , 1.4119690895 , 1.11350
6.71 , 1.5205819606 , 1.11900
6.75 , 1.4119690895 , 1.12433
6.78 , 1.4119690895 , 1.12967
6.81 , 1.5205819606 , 1.13500
6.84 , 1.6291948318 , 1.14050
6.88 , 1.5205819606 , 1.14583
6.91 , 1.6291948318 , 1.15117
6.94 , 1.5205819606 , 1.15650
6.97 , 1.5205819606 , 1.16200
7.00 , 1.6291948318 , 1.16733
7.04 , 1.6291948318 , 1.17267
7.07 , 1.6291948318 , 1.17800
7.10 , 1.7378077507 , 1.18350
7.13 , 1.7378077507 , 1.18883
7.17 , 1.7378077507 , 1.19417
7.20 , 1.7378077507 , 1.19950
7.23 , 1.7378077507 , 1.20500
7.26 , 1.7378077507 , 1.21033
7.29 , 1.8464206695 , 1.21567
7.33 , 1.7378077507 , 1.22100
7.36 , 1.8464206695 , 1.22650
7.39 , 1.8464206695 , 1.23183
7.42 , 1.8464206695 , 1.23733
7.46 , 1.8464206695 , 1.24250
7.49 , 1.9550334930 , 1.24800
7.52 , 1.9550334930 , 1.25333
7.55 , 1.9550334930 , 1.25883
7.58 , 1.9550334930 , 1.26400
7.62 , 1.9550334930 , 1.26933
7.65 , 1.9550334930 , 1.27483
7.68 , 2.0636472702 , 1.28017
7.71 , 1.9550334930 , 1.28550
7.75 , 2.0636472702 , 1.29083
7.78 , 2.0636472702 , 1.29633
7.81 , 2.1722600460 , 1.30167
7.84 , 2.0636472702 , 1.30700
7.87 , 2.1722600460 , 1.31233
7.91 , 2.0636472702 , 1.31783
7.94 , 2.1722600460 , 1.32317
7.97 , 2.1722600460 , 1.32850
8.00 , 2.1722600460 , 1.33383
8.04 , 2.1722600460 , 1.33933
8.07 , 2.1722600460 , 1.34467
8.10 , 2.1722600460 , 1.35000
8.13 , 2.2808730602 , 1.35533
8.17 , 2.3894858360 , 1.36083
8.20 , 2.2808730602 , 1.36617
8.23 , 2.2808730602 , 1.37150
8.26 , 2.3894858360 , 1.37683
8.29 , 2.3894858360 , 1.38233
8.33 , 2.3894858360 , 1.38767
8.36 , 2.3894858360 , 1.39300
8.39 , 2.2808730602 , 1.39833
8.42 , 2.3894858360 , 1.40383
8.46 , 2.4980988502 , 1.40917
8.49 , 2.3894858360 , 1.41450
8.52 , 2.4980988502 , 1.41983
8.55 , 2.4980988502 , 1.42533
8.58 , 2.4980988502 , 1.43067
8.61 , 2.4980988502 , 1.43583
8.65 , 2.4980988502 , 1.44133
8.68 , 2.4980988502 , 1.44667
8.71 , 2.4980988502 , 1.45217
8.74 , 2.6067116260 , 1.45733
8.78 , 2.4980988502 , 1.46283
8.81 , 2.6067116260 , 1.46817
8.84 , 2.7153246402 , 1.47367
8.87 , 2.6067116260 , 1.47883
8.91 , 2.7153246402 , 1.48433
8.94 , 2.6067116260 , 1.48967
8.97 , 2.6067116260 , 1.49517
9.00 , 2.7153246402 , 1.50050
9.03 , 2.7153246402 , 1.50583
9.07 , 2.7153246402 , 1.51117
9.10 , 2.7153246402 , 1.51667
9.13 , 2.7153246402 , 1.52200
9.16 , 2.7153246402 , 1.52733
9.20 , 2.7153246402 , 1.53267
9.23 , 2.7153246402 , 1.53817
9.26 , 2.8239374160 , 1.54350
9.29 , 2.9325504302 , 1.54883
9.32 , 2.8239374160 , 1.55417
9.36 , 2.8239374160 , 1.55967
9.39 , 2.8239374160 , 1.56500
9.42 , 2.9325504302 , 1.57033
9.45 , 2.8239374160 , 1.57567
9.49 , 2.8239374160 , 1.58117
9.52 , 3.0411646366 , 1.58650
9.55 , 2.9325504302 , 1.59183
9.58 , 2.9325504302 , 1.59717
9.62 , 3.0411646366 , 1.60267
9.65 , 3.0411646366 , 1.60800
9.68 , 3.0411646366 , 1.61317
9.71 , 3.0411646366 , 1.61867
9.74 , 3.0411646366 , 1.62400
9.78 , 3.0411646366 , 1.62950
9.81 , 3.0411646366 , 1.63467
9.84 , 3.0411646366 , 1.64017
9.87 , 3.1497774124 , 1.64550
9.91 , 3.1497774124 , 1.65100
9.94 , 3.1497774124 , 1.65617
9.97 , 3.1497774124 , 1.66167
10.00 , 3.1497774124 , 1.66700
10.04 , 3.1497774124 , 1.67267
10.07 , 3.1497774124 , 1.67800
10.10 , 3.3670034408 , 1.68367
10.14 , 3.2583904266 , 1.68917
10.17 , 3.3670034408 , 1.69483
10.20 , 3.2583904266 , 1.70033
10.23 , 3.2583904266 , 1.70583
10.27 , 3.3670034408 , 1.71133
10.30 , 3.3670034408 , 1.71700
10.34 , 3.3670034408 , 1.72250
10.37 , 3.3670034408 , 1.72817
10.40 , 3.3670034408 , 1.73350
10.44 , 3.3670034408 , 1.73917
10.47 , 3.3670034408 , 1.74467
10.50 , 3.4756162166 , 1.75033
10.53 , 3.4756162166 , 1.75567
10.57 , 3.4756162166 , 1.76133
10.60 , 3.4756162166 , 1.76683
10.64 , 3.4756162166 , 1.77250
10.67 , 3.5842292308 , 1.77800
10.70 , 3.5842292308 , 1.78350
10.73 , 3.5842292308 , 1.78900
10.77 , 3.5842292308 , 1.79467
10.80 , 3.6928420066 , 1.80017
10.83 , 3.6928420066 , 1.80567
10.87 , 3.5842292308 , 1.81117
10.90 , 3.6928420066 , 1.81683
10.93 , 3.6928420066 , 1.82233
10.97 , 3.6928420066 , 1.82800
11.00 , 3.6928420066 , 1.83333
11.03 , 3.6928420066 , 1.83900
11.07 , 3.6928420066 , 1.84450
11.10 , 3.8014550209 , 1.85017
11.13 , 3.6928420066 , 1.85550
11.17 , 3.6928420066 , 1.86117
11.20 , 3.8014550209 , 1.86667
11.23 , 3.8014550209 , 1.87233
11.27 , 3.8014550209 , 1.87783
11.30 , 3.6928420066 , 1.88333
11.33 , 3.8014550209 , 1.88883
11.37 , 3.8014550209 , 1.89450
11.40 , 3.9100677490 , 1.90000
11.43 , 3.9100677490 , 1.90550
11.47 , 3.9100677490 , 1.91100
11.50 , 3.9100677490 , 1.91667
11.53 , 3.9100677490 , 1.92217
11.57 , 4.0186805725 , 1.92783
11.60 , 4.0186805725 , 1.93317
11.63 , 3.9100677490 , 1.93883
11.67 , 4.0186805725 , 1.94433
11.70 , 4.0186805725 , 1.95000
11.73 , 4.0186805725 , 1.95533
11.77 , 4.1272935867 , 1.96100
11.80 , 4.0186805725 , 1.96650
11.83 , 4.1272935867 , 1.97217
11.87 , 4.1272935867 , 1.97767
11.90 , 4.1272935867 , 1.98317
11.93 , 4.1272935867 , 1.98867
11.97 , 4.2359066009 , 1.99433
12.00 , 4.1272935867 , 1.99983
12.03 , 4.2359066009 , 2.00550
12.06 , 4.2359066009 , 2.01083
12.10 , 4.2359066009 , 2.01650
12.13 , 4.2359066009 , 2.02200
12.17 , 4.2359066009 , 2.02767
12.20 , 4.3445196151 , 2.03300
12.23 , 4.2359066009 , 2.03867
12.27 , 4.3445196151 , 2.04417
12.30 , 4.3445196151 , 2.04983
12.33 , 4.3445196151 , 2.05533
12.36 , 4.3445196151 , 2.06083
12.40 , 4.4531335830 , 2.06633
12.43 , 4.3445196151 , 2.07200
12.47 , 4.4531335830 , 2.07750
12.50 , 4.4531335830 , 2.08300
12.53 , 4.3445196151 , 2.08850
12.56 , 4.4531335830 , 2.09417
12.60 , 4.4531335830 , 2.09967
12.63 , 4.5617465972 , 2.10533
12.66 , 4.5617465972 , 2.11067
12.70 , 4.5617465972 , 2.11633
12.73 , 4.6703596115 , 2.12183
12.77 , 4.6703596115 , 2.12750
12.80 , 4.6703596115 , 2.13283
12.83 , 4.6703596115 , 2.13850
12.86 , 4.5617465972 , 2.14400
12.90 , 4.6703596115 , 2.14967
12.93 , 4.6703596115 , 2.15517
12.96 , 4.6703596115 , 2.16067
13.00 , 4.7789726257 , 2.16617
13.03 , 4.7789726257 , 2.17183
13.06 , 4.7789726257 , 2.17733
13.10 , 4.7789726257 , 2.18283
13.13 , 4.6703596115 , 2.18833
13.16 , 4.7789726257 , 2.19400
13.20 , 4.8875851631 , 2.19950
13.23 , 4.7789726257 , 2.20517
13.26 , 4.9961981773 , 2.21050
13.30 , 4.8875851631 , 2.21617
13.33 , 4.8875851631 , 2.22167
13.36 , 4.7789726257 , 2.22733
13.40 , 4.9961981773 , 2.23267
13.43 , 4.9961981773 , 2.23833
13.46 , 4.8875851631 , 2.24383
13.50 , 4.9961981773 , 2.24950
13.53 , 4.9961981773 , 2.25500
13.56 , 4.9961981773 , 2.26050
13.60 , 4.9961981773 , 2.26600
13.63 , 4.9961981773 , 2.27167
13.66 , 4.9961981773 , 2.27717
13.70 , 5.1048111915 , 2.28283
13.73 , 4.9961981773 , 2.28817
13.76 , 4.9961981773 , 2.29383
13.80 , 4.9961981773 , 2.29933
13.83 , 5.1048111915 , 2.30500
13.86 , 5.1048111915 , 2.31033
13.90 , 5.2134242057 , 2.31600
13.93 , 5.1048111915 , 2.32150
13.96 , 5.1048111915 , 2.32717
14.00 , 5.1048111915 , 2.33267
14.03 , 5.2134242057 , 2.33817
14.06 , 5.2134242057 , 2.34367
14.10 , 5.2134242057 , 2.34933
14.13 , 5.2134242057 , 2.35483
14.16 , 5.3220367431 , 2.36033
14.19 , 5.3220367431 , 2.36583
14.23 , 5.2134242057 , 2.37150
14.26 , 5.3220367431 , 2.37700
14.30 , 5.3220367431 , 2.38267
14.33 , 5.3220367431 , 2.38800
14.36 , 5.3220367431 , 2.39367
14.40 , 5.4306497573 , 2.39917
14.43 , 5.3220367431 , 2.40483
14.46 , 5.4306497573 , 2.41017
14.50 , 5.4306497573 , 2.41583
14.53 , 5.4306497573 , 2.42133
14.56 , 5.4306497573 , 2.42700
14.60 , 5.5392627716 , 2.43250
14.63 , 5.5392627716 , 2.43800
14.66 , 5.5392627716 , 2.44350
14.69 , 5.5392627716 , 2.44917
14.73 , 5.5392627716 , 2.45467
14.76 , 5.5392627716 , 2.46017
14.79 , 5.6478757858 , 2.46567
14.83 , 5.5392627716 , 2.47133
14.86 , 5.6478757858 , 2.47683
14.90 , 5.7564883232 , 2.48250
14.93 , 5.6478757858 , 2.48783
14.96 , 5.7564883232 , 2.49350
14.99 , 5.7564883232 , 2.49900
15.03 , 5.6478757858 , 2.50467
15.06 , 5.7564883232 , 2.51000
15.09 , 5.6478757858 , 2.51567
15.13 , 5.7564883232 , 2.52117
15.16 , 5.8651027679 , 2.52683
15.19 , 5.7564883232 , 2.53233
15.23 , 5.7564883232 , 2.53783
15.26 , 5.8651027679 , 2.54333
15.29 , 5.8651027679 , 2.54900
15.33 , 5.8651027679 , 2.55450
15.36 , 5.8651027679 , 2.56017
15.39 , 5.8651027679 , 2.56550
15.43 , 5.8651027679 , 2.57117
15.46 , 6.0823287963 , 2.57667
15.49 , 5.9737157821 , 2.58233
15.53 , 5.9737157821 , 2.58767
15.56 , 5.8651027679 , 2.59333
15.59 , 6.0823287963 , 2.59883
15.63 , 6.0823287963 , 2.60450
15.66 , 6.0823287963 , 2.61000
15.69 , 5.9737157821 , 2.61550
15.73 , 6.0823287963 , 2.62100
15.76 , 6.0823287963 , 2.62667
15.79 , 6.0823287963 , 2.63217
15.83 , 5.9737157821 , 2.63767
15.86 , 6.0823287963 , 2.64317
15.89 , 6.1909413337 , 2.64883
15.93 , 6.1909413337 , 2.65433
15.96 , 6.1909413337 , 2.66000
15.99 , 6.0823287963 , 2.66533
16.03 , 6.2995543479 , 2.67100
16.06 , 6.0823287963 , 2.67650
16.09 , 6.2995543479 , 2.68217
16.12 , 6.1909413337 , 2.68750
16.16 , 6.2995543479 , 2.69317
16.19 , 6.1909413337 , 2.69867
16.23 , 6.2995543479 , 2.70433
16.26 , 6.2995543479 , 2.70983
16.29 , 6.2995543479 , 2.71533
16.32 , 6.4081673622 , 2.72083
16.36 , 6.2995543479 , 2.72650
16.39 , 6.1909413337 , 2.73200
16.42 , 6.2995543479 , 2.73750
16.46 , 6.4081673622 , 2.74300
16.49 , 6.4081673622 , 2.74867
16.52 , 6.4081673622 , 2.75417
16.56 , 6.5167803764 , 2.75983
16.59 , 6.4081673622 , 2.76517
16.62 , 6.4081673622 , 2.77083
16.66 , 6.6253929138 , 2.77633
16.69 , 6.5167803764 , 2.78200
16.72 , 6.4081673622 , 2.78733
16.76 , 6.5167803764 , 2.79300
16.79 , 6.5167803764 , 2.79850
16.82 , 6.5167803764 , 2.80417
16.86 , 6.4081673622 , 2.80967
16.89 , 6.6253929138 , 2.81517
16.92 , 6.6253929138 , 2.82067
16.96 , 6.6253929138 , 2.82633
16.99 , 6.7340059280 , 2.83183
17.02 , 6.6253929138 , 2.83750
17.06 , 6.6253929138 , 2.84283
17.09 , 6.7340059280 , 2.84850
17.12 , 6.7340059280 , 2.85400
17.16 , 6.7340059280 , 2.85967
17.19 , 6.7340059280 , 2.86500
17.22 , 6.7340059280 , 2.87067
17.26 , 6.8426189422 , 2.87617
17.29 , 6.8426189422 , 2.88183
17.32 , 6.8426189422 , 2.88733
17.36 , 6.8426189422 , 2.89283
17.39 , 6.8426189422 , 2.89833
17.42 , 6.8426189422 , 2.90400
17.46 , 6.8426189422 , 2.90950
17.49 , 6.9512319564 , 2.91500
17.52 , 6.9512319564 , 2.92050
17.56 , 6.9512319564 , 2.92617
17.59 , 7.0598444938 , 2.93167
17.62 , 7.0598444938 , 2.93733
17.66 , 7.0598444938 , 2.94267
17.69 , 6.9512319564 , 2.94833
17.72 , 7.1684575080 , 2.95383
17.76 , 7.0598444938 , 2.95950
17.79 , 6.9512319564 , 2.96483
17.82 , 7.0598444938 , 2.97050
17.86 , 7.1684575080 , 2.97600
17.89 , 7.1684575080 , 2.98167
17.92 , 7.2770719528 , 2.98717
17.96 , 7.1684575080 , 2.99267
17.99 , 7.1684575080 , 2.99817
18.02 , 7.1684575080 , 3.00383
18.06 , 7.1684575080 , 3.00933
18.09 , 7.2770719528 , 3.01483
18.12 , 7.2770719528 , 3.02033
18.16 , 7.1684575080 , 3.02600
18.19 , 7.3856849670 , 3.03150
18.22 , 7.3856849670 , 3.03717
18.25 , 7.2770719528 , 3.04250
18.29 , 7.2770719528 , 3.04817
18.32 , 7.2770719528 , 3.05367
18.36 , 7.2770719528 , 3.05933
18.39 , 7.3856849670 , 3.06467
18.42 , 7.2770719528 , 3.07033
18.45 , 7.3856849670 , 3.07583
18.49 , 7.3856849670 , 3.08150
18.52 , 7.3856849670 , 3.08700
18.55 , 7.4942975044 , 3.09250
18.59 , 7.4942975044 , 3.09800
18.62 , 7.4942975044 , 3.10367
18.65 , 7.4942975044 , 3.10917
18.69 , 7.3856849670 , 3.11483
18.72 , 7.6029105186 , 3.12017
18.75 , 7.4942975044 , 3.12583
18.79 , 7.4942975044 , 3.13133
18.82 , 7.4942975044 , 3.13700
18.85 , 7.4942975044 , 3.14233
18.89 , 7.7115235328 , 3.14800
18.92 , 7.6029105186 , 3.15350
18.95 , 7.7115235328 , 3.15917
18.99 , 7.6029105186 , 3.16467
19.02 , 7.6029105186 , 3.17017
19.05 , 7.7115235328 , 3.17567
19.09 , 7.7115235328 , 3.18133
19.12 , 7.6029105186 , 3.18683
19.15 , 7.7115235328 , 3.19233
19.19 , 7.7115235328 , 3.19783
19.22 , 7.7115235328 , 3.20350
19.25 , 7.8201365470 , 3.20900
19.29 , 7.8201365470 , 3.21467
19.32 , 7.8201365470 , 3.22000
19.35 , 7.8201365470 , 3.22567
19.39 , 7.9287490844 , 3.23117
19.42 , 7.9287490844 , 3.23683
19.45 , 8.0373620986 , 3.24217
19.49 , 7.8201365470 , 3.24783
19.52 , 7.9287490844 , 3.25333
19.55 , 7.9287490844 , 3.25900
19.59 , 7.9287490844 , 3.26450
19.62 , 7.9287490844 , 3.27000
19.65 , 8.0373620986 , 3.27550
19.69 , 8.0373620986 , 3.28117
19.72 , 8.0373620986 , 3.28667
19.75 , 8.1459751129 , 3.29217
19.79 , 8.1459751129 , 3.29767
19.82 , 8.0373620986 , 3.30333
19.85 , 8.1459751129 , 3.30883
19.89 , 8.1459751129 , 3.31450
19.92 , 8.1459751129 , 3.31983
19.95 , 8.1459751129 , 3.32550
19.99 , 8.2545881271 , 3.33100
20.02 , 8.2545881271 , 3.33667
20.05 , 8.2545881271 , 3.34200
20.09 , 8.2545881271 , 3.34767
20.12 , 8.2545881271 , 3.35317
20.15 , 8.2545881271 , 3.35883
20.19 , 8.2545881271 , 3.36433
20.22 , 8.2545881271 , 3.36983
20.25 , 8.3632011413 , 3.37533
20.29 , 8.4718141555 , 3.38100
20.32 , 8.3632011413 , 3.38650
20.35 , 8.3632011413 , 3.39217
20.38 , 8.3632011413 , 3.39750
20.42 , 8.4718141555 , 3.40317
20.45 , 8.4718141555 , 3.40867
20.49 , 8.4718141555 , 3.41433
20.52 , 8.3632011413 , 3.41967
20.55 , 8.3632011413 , 3.42533
20.58 , 8.4718141555 , 3.43083
20.62 , 8.4718141555 , 3.43650
20.65 , 8.4718141555 , 3.44200
20.68 , 8.5804271697 , 3.44750
20.72 , 8.5804271697 , 3.45300
20.75 , 8.4718141555 , 3.45867
20.78 , 8.5804271697 , 3.46417
20.82 , 8.4718141555 , 3.46967
20.85 , 8.6890411376 , 3.47517
20.88 , 8.5804271697 , 3.48083
20.92 , 8.5804271697 , 3.48633
20.95 , 8.5804271697 , 3.49200
20.98 , 8.6890411376 , 3.49733
21.02 , 8.5804271697 , 3.50300
21.05 , 8.6890411376 , 3.50850
21.08 , 8.7976541519 , 3.51417
21.12 , 8.6890411376 , 3.51950
21.15 , 8.6890411376 , 3.52517
21.18 , 8.6890411376 , 3.53067
21.22 , 8.6890411376 , 3.53633
21.25 , 8.7976541519 , 3.54183
21.28 , 8.6890411376 , 3.54733
21.32 , 8.7976541519 , 3.55283
21.35 , 8.7976541519 , 3.55850
21.38 , 8.7976541519 , 3.56400
21.42 , 8.9062671661 , 3.56950
21.45 , 9.0148792266 , 3.57500
21.48 , 8.9062671661 , 3.58067
21.52 , 8.7976541519 , 3.58617
21.55 , 8.9062671661 , 3.59183
21.58 , 9.0148792266 , 3.59717
21.62 , 9.0148792266 , 3.60283
21.65 , 9.0148792266 , 3.60833
21.68 , 9.0148792266 , 3.61400
21.72 , 9.0148792266 , 3.61933
21.75 , 9.0148792266 , 3.62500
21.78 , 9.0148792266 , 3.63050
21.82 , 9.1234922409 , 3.63617
21.85 , 9.1234922409 , 3.64167
21.88 , 9.0148792266 , 3.64717
21.92 , 9.1234922409 , 3.65267
21.95 , 9.1234922409 , 3.65833
21.98 , 9.2321052551 , 3.66383
22.02 , 9.2321052551 , 3.66950
22.05 , 9.2321052551 , 3.67483
22.08 , 9.2321052551 , 3.68050
22.12 , 9.2321052551 , 3.68600
22.15 , 9.1234922409 , 3.69167
22.18 , 9.3407182693 , 3.69700
22.22 , 9.2321052551 , 3.70267
22.25 , 9.3407182693 , 3.70817
22.28 , 9.2321052551 , 3.71383
22.32 , 9.3407182693 , 3.71933
22.35 , 9.3407182693 , 3.72483
22.38 , 9.4493312835 , 3.73033
22.42 , 9.4493312835 , 3.73600
22.45 , 9.4493312835 , 3.74150
22.48 , 9.4493312835 , 3.74700
22.51 , 9.4493312835 , 3.75250
22.55 , 9.4493312835 , 3.75817
22.58 , 9.4493312835 , 3.76367
22.62 , 9.4493312835 , 3.76933
22.65 , 9.4493312835 , 3.77467
22.68 , 9.4493312835 , 3.78033
22.71 , 9.5579442977 , 3.78583
22.75 , 9.5579442977 , 3.79150
22.78 , 9.5579442977 , 3.79683
22.81 , 9.5579442977 , 3.80250
22.85 , 9.5579442977 , 3.80800
22.88 , 9.5579442977 , 3.81367
22.92 , 9.5579442977 , 3.81917
22.95 , 9.6665573120 , 3.82467
22.98 , 9.6665573120 , 3.83017
23.01 , 9.6665573120 , 3.83583
23.05 , 9.5579442977 , 3.84133
23.08 , 9.6665573120 , 3.84683
23.11 , 9.7751703262 , 3.85233
23.15 , 9.7751703262 , 3.85800
23.18 , 9.7751703262 , 3.86350
23.21 , 9.7751703262 , 3.86917
23.25 , 9.7751703262 , 3.87450
23.28 , 9.6665573120 , 3.88017
23.31 , 9.7751703262 , 3.88567
23.35 , 9.7751703262 , 3.89133
23.38 , 9.7751703262 , 3.89667
23.41 , 9.7751703262 , 3.90233
23.45 , 9.7751703262 , 3.90783
23.48 , 9.7751703262 , 3.91350
23.51 , 9.8837833404 , 3.91900
23.55 , 9.8837833404 , 3.92450
23.58 , 9.9923973083 , 3.93000
23.61 , 9.9923973083 , 3.93567
23.65 , 9.9923973083 , 3.94117
23.68 , 9.8837833404 , 3.94683
23.71 , 9.8837833404 , 3.95217
23.75 , 10.1010103225 , 3.95783
23.78 , 9.9923973083 , 3.96350
23.81 , 10.1010103225 , 3.96917
23.85 , 10.1010103225 , 3.97467
23.88 , 10.1010103225 , 3.98050
23.92 , 9.9923973083 , 3.98617
23.95 , 10.1010103225 , 3.99183
23.98 , 10.1010103225 , 3.99750
24.02 , 10.1010103225 , 4.00317
24.05 , 10.1010103225 , 4.00883
24.09 , 10.2096233367 , 4.01467
24.12 , 10.2096233367 , 4.02033
24.16 , 10.2096233367 , 4.02617
24.19 , 10.1010103225 , 4.03167
24.22 , 10.3182353973 , 4.03750
24.26 , 10.3182353973 , 4.04333
24.29 , 10.3182353973 , 4.04900
24.33 , 10.2096233367 , 4.05483
24.36 , 10.3182353973 , 4.06050
24.40 , 10.2096233367 , 4.06617
24.43 , 10.3182353973 , 4.07183
24.47 , 10.3182353973 , 4.07767
24.50 , 10.3182353973 , 4.08333
24.53 , 10.3182353973 , 4.08917
24.57 , 10.4268484115 , 4.09467
24.60 , 10.5354614257 , 4.10050
24.64 , 10.4268484115 , 4.10617
24.67 , 10.4268484115 , 4.11200
24.71 , 10.4268484115 , 4.11767
24.74 , 10.5354614257 , 4.12333
24.77 , 10.5354614257 , 4.12900
24.81 , 10.5354614257 , 4.13483
24.84 , 10.5354614257 , 4.14050
24.88 , 10.6440744400 , 4.14633
24.91 , 10.6440744400 , 4.15183
24.95 , 10.6440744400 , 4.15767
24.98 , 10.6440744400 , 4.16333
25.01 , 10.6440744400 , 4.16917
25.05 , 10.7526874542 , 4.17483
25.08 , 10.7526874542 , 4.18050
25.12 , 10.7526874542 , 4.18617
25.15 , 10.6440744400 , 4.19200
25.19 , 10.7526874542 , 4.19767
25.22 , 10.7526874542 , 4.20350
25.25 , 10.7526874542 , 4.20900
25.29 , 10.7526874542 , 4.21483
25.32 , 10.7526874542 , 4.22067
25.36 , 10.7526874542 , 4.22633
25.39 , 10.9699134826 , 4.23217
25.43 , 10.8613004684 , 4.23767
25.46 , 10.7526874542 , 4.24350
25.50 , 10.7526874542 , 4.24917
25.53 , 10.8613004684 , 4.25500
25.56 , 10.8613004684 , 4.26067
25.60 , 10.8613004684 , 4.26633
25.63 , 10.9699134826 , 4.27200
25.67 , 10.9699134826 , 4.27783
25.70 , 10.9699134826 , 4.28350
25.74 , 10.9699134826 , 4.28933
25.77 , 11.0785264968 , 4.29483
25.80 , 10.9699134826 , 4.30067
25.84 , 10.9699134826 , 4.30633
25.87 , 11.0785264968 , 4.31217
25.91 , 10.9699134826 , 4.31783
25.94 , 10.9699134826 , 4.32367
25.97 , 11.0785264968 , 4.32917
26.01 , 10.9699134826 , 4.33500
26.04 , 11.0785264968 , 4.34067
26.08 , 11.0785264968 , 4.34650
26.11 , 11.1871395111 , 4.35217
26.15 , 11.1871395111 , 4.35783
26.18 , 11.0785264968 , 4.36350
26.22 , 11.0785264968 , 4.36933
26.25 , 11.1871395111 , 4.37500
26.28 , 11.1871395111 , 4.38083
26.32 , 11.2957525253 , 4.38633
26.35 , 11.1871395111 , 4.39217
26.39 , 11.2957525253 , 4.39783
26.42 , 11.4043655395 , 4.40367
26.46 , 11.2957525253 , 4.40950
26.49 , 11.2957525253 , 4.41500
26.52 , 11.2957525253 , 4.42083
26.56 , 11.4043655395 , 4.42650
26.59 , 11.4043655395 , 4.43233
26.63 , 11.2957525253 , 4.43800
26.66 , 11.4043655395 , 4.44367
26.70 , 11.4043655395 , 4.44933
26.73 , 11.4043655395 , 4.45517
26.76 , 11.5129785537 , 4.46083
26.80 , 11.5129785537 , 4.46667
26.83 , 11.5129785537 , 4.47217
26.87 , 11.5129785537 , 4.47800
26.90 , 11.6215915679 , 4.48367
26.94 , 11.6215915679 , 4.48950
26.97 , 11.6215915679 , 4.49517
27.00 , 11.6215915679 , 4.50083
27.04 , 11.6215915679 , 4.50650
27.07 , 11.6215915679 , 4.51233
27.11 , 11.6215915679 , 4.51800
27.14 , 11.6215915679 , 4.52383
27.18 , 11.7302045822 , 4.52933
27.21 , 11.7302045822 , 4.53517
27.25 , 11.6215915679 , 4.54083
27.28 , 11.7302045822 , 4.54667
27.31 , 11.7302045822 , 4.55233
27.35 , 11.7302045822 , 4.55800
27.38 , 11.8388175964 , 4.56367
27.42 , 11.8388175964 , 4.56950
27.45 , 11.8388175964 , 4.57517
27.49 , 11.7302045822 , 4.58100
27.52 , 11.8388175964 , 4.58683
27.55 , 11.9474296569 , 4.59233
27.59 , 11.8388175964 , 4.59817
27.62 , 11.8388175964 , 4.60383
27.66 , 11.9474296569 , 4.60967
27.69 , 12.0560426712 , 4.61533
27.73 , 11.9474296569 , 4.62100
27.76 , 11.9474296569 , 4.62667
27.79 , 11.9474296569 , 4.63250
27.83 , 11.9474296569 , 4.63817
27.86 , 11.9474296569 , 4.64400
27.90 , 12.0560426712 , 4.64950
27.93 , 12.0560426712 , 4.65533
27.97 , 12.0560426712 , 4.66100
28.00 , 12.0560426712 , 4.66683
28.03 , 12.1646556854 , 4.67250
28.07 , 12.0560426712 , 4.67817
28.10 , 12.1646556854 , 4.68383
28.14 , 12.1646556854 , 4.68967
28.17 , 12.1646556854 , 4.69533
28.21 , 12.1646556854 , 4.70117
28.24 , 12.1646556854 , 4.70667
28.27 , 12.1646556854 , 4.71250
28.31 , 12.2732686996 , 4.71817
28.34 , 12.1646556854 , 4.72400
28.38 , 12.1646556854 , 4.72967
28.41 , 12.1646556854 , 4.73533
28.45 , 12.3818817138 , 4.74100
28.48 , 12.2732686996 , 4.74683
28.51 , 12.1646556854 , 4.75250
28.55 , 12.2732686996 , 4.75833
28.58 , 12.2732686996 , 4.76383
28.62 , 12.3818817138 , 4.76967
28.65 , 12.3818817138 , 4.77550
28.69 , 12.2732686996 , 4.78117
28.72 , 12.4904947280 , 4.78700
28.75 , 12.3818817138 , 4.79250
28.79 , 12.3818817138 , 4.79833
28.82 , 12.5991077423 , 4.80400
28.86 , 12.5991077423 , 4.80983
28.89 , 12.4904947280 , 4.81550
28.93 , 12.4904947280 , 4.82133
28.96 , 12.4904947280 , 4.82683
29.00 , 12.5991077423 , 4.83267
29.03 , 12.4904947280 , 4.83833
29.06 , 12.5991077423 , 4.84417
29.10 , 12.5991077423 , 4.84983
29.13 , 12.5991077423 , 4.85550
29.17 , 12.5991077423 , 4.86117
29.20 , 12.7077207565 , 4.86700
29.24 , 12.7077207565 , 4.87267
29.27 , 12.7077207565 , 4.87850
29.30 , 12.7077207565 , 4.88400
29.34 , 12.7077207565 , 4.88983
29.37 , 12.7077207565 , 4.89550
29.41 , 12.7077207565 , 4.90133
29.44 , 12.8163356781 , 4.90700
29.48 , 12.9249486923 , 4.91267
29.51 , 12.8163356781 , 4.91833
29.54 , 12.8163356781 , 4.92417
29.58 , 12.9249486923 , 4.92983
29.61 , 12.8163356781 , 4.93567
29.65 , 13.0335617065 , 4.94117
29.68 , 12.9249486923 , 4.94700
29.72 , 12.9249486923 , 4.95283
29.75 , 12.9249486923 , 4.95850
29.79 , 12.9249486923 , 4.96433
29.82 , 13.0335617065 , 4.96983
29.85 , 12.9249486923 , 4.97567
29.89 , 13.0335617065 , 4.98133
29.92 , 13.0335617065 , 4.98717
29.96 , 13.0335617065 , 4.99283
29.99 , 13.1421747207 , 4.99850
30.02 , 13.1421747207 , 5.00417
30.06 , 13.0335617065 , 5.01000
30.09 , 13.0335617065 , 5.01567
30.13 , 13.1421747207 , 5.02150
30.16 , 13.1421747207 , 5.02700
30.20 , 13.1421747207 , 5.03283
30.23 , 13.1421747207 , 5.03850
30.27 , 13.1421747207 , 5.04433
30.30 , 13.1421747207 , 5.05000
30.33 , 13.2507877349 , 5.05567
30.37 , 13.2507877349 , 5.06133
30.40 , 13.2507877349 , 5.06717
30.44 , 13.2507877349 , 5.07283
30.47 , 13.2507877349 , 5.07867
30.50 , 13.3594007492 , 5.08417
30.54 , 13.2507877349 , 5.09000
30.57 , 13.2507877349 , 5.09567
30.61 , 13.4680137634 , 5.10150
30.64 , 13.3594007492 , 5.10717
30.68 , 13.3594007492 , 5.11300
30.71 , 13.3594007492 , 5.11850
30.75 , 13.4680137634 , 5.12433
30.78 , 13.4680137634 , 5.13000
30.81 , 13.4680137634 , 5.13583
30.85 , 13.4680137634 , 5.14167
30.88 , 13.4680137634 , 5.14717
30.92 , 13.4680137634 , 5.15300
30.95 , 13.4680137634 , 5.15867
30.99 , 13.4680137634 , 5.16450
31.02 , 13.4680137634 , 5.17017
31.05 , 13.4680137634 , 5.17583
31.09 , 13.5766258239 , 5.18150
31.12 , 13.6852388381 , 5.18733
31.16 , 13.5766258239 , 5.19300
31.19 , 13.6852388381 , 5.19883
31.23 , 13.5766258239 , 5.20433
31.26 , 13.6852388381 , 5.21017
31.29 , 13.6852388381 , 5.21583
31.33 , 13.7938518524 , 5.22167
31.36 , 13.6852388381 , 5.22733
31.40 , 13.6852388381 , 5.23300
31.43 , 13.7938518524 , 5.23867
31.47 , 13.6852388381 , 5.24450
31.50 , 13.7938518524 , 5.25017
31.54 , 13.7938518524 , 5.25600
31.57 , 13.9024648666 , 5.26150
31.60 , 13.9024648666 , 5.26733
31.64 , 13.9024648666 , 5.27300
31.67 , 13.7938518524 , 5.27883
31.71 , 14.0110778808 , 5.28450
31.74 , 14.0110778808 , 5.29017
31.77 , 14.0110778808 , 5.29583
31.81 , 13.9024648666 , 5.30167
31.84 , 14.0110778808 , 5.30733
31.88 , 14.1196908950 , 5.31317
31.91 , 14.1196908950 , 5.31883
31.95 , 14.1196908950 , 5.32450
31.98 , 14.1196908950 , 5.33033
32.02 , 14.2283039093 , 5.33600
32.05 , 14.1196908950 , 5.34183
32.08 , 14.0110778808 , 5.34733
32.12 , 14.1196908950 , 5.35317
32.15 , 14.1196908950 , 5.35883
32.19 , 14.1196908950 , 5.36467
32.22 , 14.2283039093 , 5.37033
32.26 , 14.2283039093 , 5.37617
32.29 , 14.3369169235 , 5.38167
32.33 , 14.2283039093 , 5.38750
32.36 , 14.2283039093 , 5.39317
32.39 , 14.2283039093 , 5.39900
32.43 , 14.3369169235 , 5.40467
32.46 , 14.3369169235 , 5.41033
32.50 , 14.3369169235 , 5.41600
32.53 , 14.4455299377 , 5.42183
32.56 , 14.4455299377 , 5.42750
32.60 , 14.4455299377 , 5.43333
32.63 , 14.4455299377 , 5.43883
32.67 , 14.4455299377 , 5.44467
32.70 , 14.4455299377 , 5.45033
32.74 , 14.4455299377 , 5.45617
32.77 , 14.3369169235 , 5.46183
32.81 , 14.4455299377 , 5.46750
32.84 , 14.4455299377 , 5.47317
32.87 , 14.5541419982 , 5.47900
32.91 , 14.4455299377 , 5.48467
32.94 , 14.5541419982 , 5.49050
32.98 , 14.4455299377 , 5.49600
33.01 , 14.5541419982 , 5.50183
33.05 , 14.5541419982 , 5.50767
33.08 , 14.5541419982 , 5.51333
33.12 , 14.6627550125 , 5.51917
33.15 , 14.6627550125 , 5.52467
33.18 , 14.6627550125 , 5.53050
33.22 , 14.6627550125 , 5.53617
33.25 , 14.6627550125 , 5.54200
33.29 , 14.6627550125 , 5.54767
33.32 , 14.6627550125 , 5.55333
33.35 , 14.6627550125 , 5.55900
33.39 , 14.7713680267 , 5.56483
33.42 , 14.7713680267 , 5.57050
33.46 , 14.7713680267 , 5.57633
33.49 , 14.8799839019 , 5.58183
33.53 , 14.8799839019 , 5.58767
33.56 , 14.8799839019 , 5.59333
33.60 , 14.8799839019 , 5.59917
33.63 , 14.8799839019 , 5.60483
33.66 , 14.7713680267 , 5.61067
33.70 , 14.8799839019 , 5.61617
33.73 , 14.8799839019 , 5.62200
33.77 , 14.8799839019 , 5.62767
33.80 , 14.9885969161 , 5.63350
33.84 , 14.9885969161 , 5.63917
33.87 , 14.9885969161 , 5.64483
33.90 , 14.9885969161 , 5.65050
33.94 , 15.0972099304 , 5.65633
33.97 , 15.0972099304 , 5.66200
34.01 , 15.0972099304 , 5.66783
34.04 , 15.0972099304 , 5.67333
34.08 , 15.0972099304 , 5.67917
34.11 , 15.0972099304 , 5.68500
34.14 , 15.2058219909 , 5.69067
34.18 , 15.0972099304 , 5.69650
34.21 , 15.2058219909 , 5.70200
34.25 , 15.2058219909 , 5.70783
34.28 , 15.2058219909 , 5.71350
34.32 , 15.2058219909 , 5.71933
34.35 , 15.3144350051 , 5.72500
34.38 , 15.3144350051 , 5.73067
34.42 , 15.2058219909 , 5.73633
34.45 , 15.3144350051 , 5.74217
34.49 , 15.4230480194 , 5.74783
34.52 , 15.3144350051 , 5.75367
34.56 , 15.4230480194 , 5.75917
34.59 , 15.5316610336 , 5.76500
34.62 , 15.3144350051 , 5.77067
34.66 , 15.4230480194 , 5.77650
34.69 , 15.4230480194 , 5.78217
34.73 , 15.4230480194 , 5.78783
34.76 , 15.5316610336 , 5.79350
34.80 , 15.4230480194 , 5.79933
34.83 , 15.4230480194 , 5.80500
34.87 , 15.6402740478 , 5.81083
34.90 , 15.5316610336 , 5.81633
34.93 , 15.5316610336 , 5.82217
34.97 , 15.5316610336 , 5.82783
35.00 , 15.5316610336 , 5.83367
35.04 , 15.6402740478 , 5.83933
35.07 , 15.6402740478 , 5.84500
35.10 , 15.6402740478 , 5.85067
35.14 , 15.6402740478 , 5.85650
35.17 , 15.7488870620 , 5.86217
35.21 , 15.6402740478 , 5.86800
35.24 , 15.6402740478 , 5.87383
35.28 , 15.6402740478 , 5.87933
35.31 , 15.7488870620 , 5.88517
35.35 , 15.7488870620 , 5.89083
35.38 , 15.8575000762 , 5.89667
35.41 , 15.7488870620 , 5.90233
35.45 , 15.8575000762 , 5.90800
35.48 , 15.7488870620 , 5.91367
35.52 , 15.8575000762 , 5.91950
35.55 , 15.8575000762 , 5.92517
35.59 , 15.8575000762 , 5.93100
35.62 , 15.8575000762 , 5.93650
35.65 , 15.9661130905 , 5.94233
35.69 , 15.9661130905 , 5.94800
35.72 , 15.8575000762 , 5.95383
35.76 , 15.9661130905 , 5.95950
35.79 , 15.9661130905 , 5.96517
35.83 , 15.9661130905 , 5.97083
35.86 , 16.0747261047 , 5.97667
35.89 , 15.9661130905 , 5.98233
35.93 , 15.9661130905 , 5.98817
35.96 , 16.0747261047 , 5.99367
36.00 , 16.0747261047 , 5.99950
36.03 , 16.0747261047 , 6.00517
36.07 , 16.1833381652 , 6.01100
36.10 , 16.0747261047 , 6.01667
36.13 , 16.0747261047 , 6.02233
36.17 , 16.0747261047 , 6.02800
36.20 , 16.1833381652 , 6.03383
36.24 , 16.1833381652 , 6.03950
36.27 , 16.1833381652 , 6.04533
36.31 , 16.1833381652 , 6.05100
36.34 , 16.2919521331 , 6.05667
36.38 , 16.1833381652 , 6.06250
36.41 , 16.2919521331 , 6.06817
36.44 , 16.2919521331 , 6.07400
36.48 , 16.2919521331 , 6.07950
36.51 , 16.2919521331 , 6.08533
36.55 , 16.2919521331 , 6.09100
36.58 , 16.4005641937 , 6.09683
36.62 , 16.4005641937 , 6.10250
36.65 , 16.4005641937 , 6.10817
36.68 , 16.4005641937 , 6.11383
36.72 , 16.5091781616 , 6.11967
36.75 , 16.4005641937 , 6.12533
36.79 , 16.5091781616 , 6.13117
36.82 , 16.5091781616 , 6.13667
36.86 , 16.5091781616 , 6.14250
36.89 , 16.5091781616 , 6.14817
36.92 , 16.5091781616 , 6.15400
36.96 , 16.6177902221 , 6.15967
36.99 , 16.6177902221 , 6.16550
37.03 , 16.6177902221 , 6.17100
37.06 , 16.7264022827 , 6.17683
37.10 , 16.7264022827 , 6.18250
37.13 , 16.7264022827 , 6.18833
37.16 , 16.8350162506 , 6.19400
37.20 , 16.7264022827 , 6.19967
37.23 , 16.7264022827 , 6.20533
37.27 , 16.7264022827 , 6.21117
37.30 , 16.7264022827 , 6.21683
37.34 , 16.8350162506 , 6.22267
37.37 , 16.7264022827 , 6.22817
37.40 , 16.8350162506 , 6.23400
37.44 , 16.8350162506 , 6.23983
37.47 , 16.8350162506 , 6.24550
37.51 , 16.8350162506 , 6.25133
37.54 , 16.8350162506 , 6.25683
37.58 , 16.8350162506 , 6.26267
37.61 , 16.8350162506 , 6.26833
37.65 , 16.9436283111 , 6.27417
37.68 , 16.9436283111 , 6.27983
37.71 , 16.9436283111 , 6.28550
37.75 , 16.9436283111 , 6.29117
37.78 , 16.9436283111 , 6.29700
37.82 , 16.9436283111 , 6.30267
37.85 , 17.0522422790 , 6.30850
37.88 , 17.0522422790 , 6.31400
37.92 , 17.0522422790 , 6.31983
37.95 , 17.0522422790 , 6.32550
37.99 , 17.1608543395 , 6.33133
38.02 , 17.0522422790 , 6.33700
38.06 , 17.1608543395 , 6.34267
38.09 , 17.1608543395 , 6.34833
38.13 , 17.1608543395 , 6.35417
38.16 , 17.1608543395 , 6.35983
38.19 , 17.1608543395 , 6.36567
38.23 , 17.2694683074 , 6.37117
38.26 , 17.2694683074 , 6.37700
38.30 , 17.2694683074 , 6.38267
38.33 , 17.2694683074 , 6.38850
38.37 , 17.2694683074 , 6.39417
38.40 , 17.2694683074 , 6.40000
38.43 , 17.2694683074 , 6.40550
38.47 , 17.3780803680 , 6.41133
38.50 , 17.3780803680 , 6.41717
38.54 , 17.3780803680 , 6.42283
38.57 , 17.3780803680 , 6.42867
38.61 , 17.3780803680 , 6.43417
38.64 , 17.3780803680 , 6.44000
38.67 , 17.3780803680 , 6.44567
38.71 , 17.4866943359 , 6.45150
38.74 , 17.3780803680 , 6.45717
38.78 , 17.4866943359 , 6.46283
38.81 , 17.4866943359 , 6.46850
38.85 , 17.4866943359 , 6.47433
38.88 , 17.5953063964 , 6.48000
38.92 , 17.5953063964 , 6.48583
38.95 , 17.5953063964 , 6.49133
38.98 , 17.5953063964 , 6.49717
39.02 , 17.7039222717 , 6.50283
39.05 , 17.7039222717 , 6.50867
39.09 , 17.5953063964 , 6.51433
39.12 , 17.7039222717 , 6.52000
39.15 , 17.7039222717 , 6.52567
39.19 , 17.8125343322 , 6.53150
39.22 , 17.7039222717 , 6.53717
39.26 , 17.7039222717 , 6.54300
39.29 , 17.7039222717 , 6.54850
39.33 , 17.8125343322 , 6.55433
39.36 , 17.8125343322 , 6.56000
39.40 , 17.8125343322 , 6.56583
39.43 , 17.8125343322 , 6.57150
39.46 , 17.8125343322 , 6.57717
39.50 , 17.8125343322 , 6.58283
39.53 , 17.8125343322 , 6.58867
39.57 , 18.0297603607 , 6.59433
39.60 , 17.9211483001 , 6.60017
39.63 , 17.9211483001 , 6.60583
39.67 , 18.0297603607 , 6.61150
39.70 , 18.0297603607 , 6.61733
39.74 , 18.1383743286 , 6.62300
39.77 , 18.0297603607 , 6.62883
39.81 , 18.0297603607 , 6.63433
39.84 , 18.0297603607 , 6.64017
39.88 , 18.1383743286 , 6.64583
39.91 , 18.0297603607 , 6.65167
39.94 , 18.0297603607 , 6.65733
39.98 , 18.0297603607 , 6.66317
40.01 , 18.1383743286 , 6.66867
40.05 , 18.0297603607 , 6.67450
40.08 , 18.1383743286 , 6.68017
40.12 , 18.1383743286 , 6.68600
40.15 , 18.1383743286 , 6.69167
40.18 , 18.1383743286 , 6.69733
40.22 , 18.1383743286 , 6.70300
40.25 , 18.2469863891 , 6.70883
40.29 , 18.1383743286 , 6.71450
40.32 , 18.2469863891 , 6.72033
40.36 , 18.3555984497 , 6.72583
40.39 , 18.2469863891 , 6.73167
40.42 , 18.3555984497 , 6.73733
40.46 , 18.3555984497 , 6.74317
40.49 , 18.3555984497 , 6.74883
40.53 , 18.4642124176 , 6.75450
40.56 , 18.3555984497 , 6.76017
40.60 , 18.3555984497 , 6.76600
40.63 , 18.3555984497 , 6.77167
40.67 , 18.4642124176 , 6.77750
40.70 , 18.3555984497 , 6.78317
40.73 , 18.4642124176 , 6.78883
40.77 , 18.5728244781 , 6.79467
40.80 , 18.4642124176 , 6.80033
40.84 , 18.4642124176 , 6.80617
40.87 , 18.5728244781 , 6.81167
40.90 , 18.5728244781 , 6.81750
40.94 , 18.5728244781 , 6.82317
40.97 , 18.5728244781 , 6.82900
41.01 , 18.5728244781 , 6.83467
41.04 , 18.5728244781 , 6.84033
41.08 , 18.6814384460 , 6.84600
41.11 , 18.5728244781 , 6.85183
41.15 , 18.6814384460 , 6.85750
41.18 , 18.6814384460 , 6.86333
41.21 , 18.6814384460 , 6.86883
41.25 , 18.7900505065 , 6.87467
41.28 , 18.7900505065 , 6.88033
41.32 , 18.6814384460 , 6.88617
41.35 , 18.7900505065 , 6.89183
41.38 , 18.8986644744 , 6.89750
41.42 , 18.8986644744 , 6.90317
41.45 , 18.7900505065 , 6.90900
41.49 , 18.8986644744 , 6.91467
41.52 , 18.8986644744 , 6.92050
41.56 , 19.0072765350 , 6.92600
41.59 , 19.0072765350 , 6.93183
41.63 , 19.0072765350 , 6.93750
41.66 , 18.8986644744 , 6.94333
41.69 , 19.1158905029 , 6.94900
41.73 , 19.0072765350 , 6.95483
41.76 , 19.1158905029 , 6.96033
41.80 , 19.0072765350 , 6.96617
41.83 , 19.1158905029 , 6.97200
41.87 , 19.0072765350 , 6.97767
41.90 , 19.1158905029 , 6.98350
41.93 , 19.1158905029 , 6.98900
41.97 , 19.1158905029 , 6.99483
42.00 , 19.1158905029 , 7.00050
42.04 , 19.2245025634 , 7.00633
42.07 , 19.2245025634 , 7.01200
42.11 , 19.2245025634 , 7.01767
42.14 , 19.2245025634 , 7.02333
42.18 , 19.2245025634 , 7.02917
42.21 , 19.2245025634 , 7.03483
42.24 , 19.2245025634 , 7.04067
42.28 , 19.3331146240 , 7.04617
42.31 , 19.3331146240 , 7.05200
42.35 , 19.3331146240 , 7.05767
42.38 , 19.2245025634 , 7.06350
42.42 , 19.3331146240 , 7.06917
42.45 , 19.3331146240 , 7.07483
42.48 , 19.3331146240 , 7.08050
42.52 , 19.3331146240 , 7.08633
42.55 , 19.3331146240 , 7.09200
42.59 , 19.4417285919 , 7.09783
42.62 , 19.4417285919 , 7.10333
42.65 , 19.4417285919 , 7.10917
42.69 , 19.3331146240 , 7.11483
42.72 , 19.4417285919 , 7.12067
42.76 , 19.4417285919 , 7.12633
42.79 , 19.5503406524 , 7.13200
42.83 , 19.5503406524 , 7.13767
42.86 , 19.5503406524 , 7.14350
42.90 , 19.4417285919 , 7.14933
42.93 , 19.5503406524 , 7.15500
42.96 , 19.6589546203 , 7.16067
43.00 , 19.5503406524 , 7.16633
43.03 , 19.6589546203 , 7.17217
43.07 , 19.6589546203 , 7.17783
43.10 , 19.6589546203 , 7.18367
43.14 , 19.6589546203 , 7.18933
43.17 , 19.7675666809 , 7.19500
43.20 , 19.6589546203 , 7.20067
43.24 , 19.6589546203 , 7.20650
43.27 , 19.7675666809 , 7.21217
43.31 , 19.8761806488 , 7.21800
43.34 , 19.7675666809 , 7.22350
43.38 , 19.7675666809 , 7.22933
43.41 , 19.7675666809 , 7.23500
43.45 , 19.8761806488 , 7.24083
43.48 , 19.9847927093 , 7.24650
43.51 , 19.9847927093 , 7.25217
43.55 , 19.8761806488 , 7.25783
43.58 , 19.9847927093 , 7.26367
43.62 , 19.9847927093 , 7.26933
43.65 , 19.9847927093 , 7.27517
43.68 , 19.9847927093 , 7.28067
43.72 , 20.0934066772 , 7.28650
43.75 , 20.0934066772 , 7.29217
43.79 , 20.0934066772 , 7.29800
43.82 , 20.0934066772 , 7.30367
43.86 , 20.0934066772 , 7.30933
43.89 , 20.0934066772 , 7.31500
43.93 , 20.0934066772 , 7.32083
43.96 , 20.2020187377 , 7.32650
43.99 , 20.2020187377 , 7.33233
44.03 , 20.2020187377 , 7.33800
44.06 , 20.2020187377 , 7.34367
44.10 , 20.3106307983 , 7.34950
44.13 , 20.3106307983 , 7.35517
44.17 , 20.3106307983 , 7.36100
44.20 , 20.4192466735 , 7.36650
44.23 , 20.3106307983 , 7.37233
44.27 , 20.4192466735 , 7.37800
44.30 , 20.4192466735 , 7.38383
44.34 , 20.4192466735 , 7.38950
44.37 , 20.4192466735 , 7.39517
44.40 , 20.3106307983 , 7.40083
44.44 , 20.4192466735 , 7.40667
44.47 , 20.4192466735 , 7.41233
44.51 , 20.5278606414 , 7.41817
44.54 , 20.4192466735 , 7.42367
44.58 , 20.5278606414 , 7.42950
44.61 , 20.5278606414 , 7.43517
44.65 , 20.5278606414 , 7.44100
44.68 , 20.5278606414 , 7.44667
44.72 , 20.5278606414 , 7.45250
44.75 , 20.5278606414 , 7.45800
44.78 , 20.5278606414 , 7.46383
44.82 , 20.6364727020 , 7.46950
44.85 , 20.6364727020 , 7.47533
44.89 , 20.6364727020 , 7.48100
44.92 , 20.6364727020 , 7.48667
44.95 , 20.6364727020 , 7.49233
44.99 , 20.5278606414 , 7.49817
45.02 , 20.6364727020 , 7.50383
45.06 , 20.6364727020 , 7.50967
45.09 , 20.7450866699 , 7.51533
45.13 , 20.7450866699 , 7.52100
45.16 , 20.7450866699 , 7.52683
45.20 , 20.7450866699 , 7.53250
45.23 , 20.8536987304 , 7.53833
45.26 , 20.8536987304 , 7.54383
45.30 , 20.7450866699 , 7.54967
45.33 , 20.8536987304 , 7.55533
45.37 , 20.8536987304 , 7.56117
45.40 , 20.8536987304 , 7.56683
45.44 , 20.8536987304 , 7.57250
45.47 , 20.9623107910 , 7.57817
45.50 , 20.9623107910 , 7.58400
45.54 , 20.9623107910 , 7.58967
45.57 , 20.9623107910 , 7.59550
45.61 , 20.9623107910 , 7.60100
45.64 , 20.9623107910 , 7.60683
45.68 , 21.0709247589 , 7.61250
45.71 , 21.0709247589 , 7.61833
45.74 , 21.0709247589 , 7.62400
45.78 , 21.0709247589 , 7.62967
45.81 , 21.1795368194 , 7.63533
45.85 , 21.1795368194 , 7.64117
45.88 , 21.1795368194 , 7.64683
45.92 , 21.1795368194 , 7.65267
45.95 , 21.1795368194 , 7.65817
45.98 , 21.1795368194 , 7.66400
46.02 , 21.1795368194 , 7.66967
46.05 , 21.1795368194 , 7.67550
46.09 , 21.2881507873 , 7.68117
46.12 , 21.3967628479 , 7.68683
46.15 , 21.2881507873 , 7.69250
46.19 , 21.2881507873 , 7.69833
46.22 , 21.2881507873 , 7.70417
46.26 , 21.5053768157 , 7.70983
46.29 , 21.3967628479 , 7.71567
46.33 , 21.3967628479 , 7.72117
46.36 , 21.5053768157 , 7.72700
46.40 , 21.3967628479 , 7.73267
46.43 , 21.5053768157 , 7.73850
46.47 , 21.5053768157 , 7.74417
46.50 , 21.6139888763 , 7.74983
46.53 , 21.5053768157 , 7.75550
46.57 , 21.5053768157 , 7.76133
46.60 , 21.6139888763 , 7.76700
46.64 , 21.5053768157 , 7.77283
46.67 , 21.6139888763 , 7.77833
46.71 , 21.6139888763 , 7.78417
46.74 , 21.6139888763 , 7.78983
46.77 , 21.6139888763 , 7.79567
46.81 , 21.6139888763 , 7.80133
46.84 , 21.6139888763 , 7.80700
46.88 , 21.6139888763 , 7.81267
46.91 , 21.6139888763 , 7.81850
46.95 , 21.7226028442 , 7.82417
46.98 , 21.7226028442 , 7.83000
47.01 , 21.7226028442 , 7.83550
47.05 , 21.7226028442 , 7.84133
47.08 , 21.8312149047 , 7.84700
47.12 , 21.7226028442 , 7.85283
47.15 , 21.8312149047 , 7.85850
47.19 , 21.8312149047 , 7.86417
47.22 , 21.8312149047 , 7.86983
47.25 , 21.8312149047 , 7.87567
47.29 , 21.8312149047 , 7.88150
47.32 , 21.9398269653 , 7.88717
47.36 , 21.8312149047 , 7.89283
47.39 , 21.9398269653 , 7.89850
47.43 , 21.9398269653 , 7.90433
47.46 , 21.9398269653 , 7.91000
47.50 , 21.9398269653 , 7.91583
47.53 , 22.0484409332 , 7.92133
47.56 , 22.0484409332 , 7.92717
47.60 , 22.0484409332 , 7.93283
47.63 , 22.0484409332 , 7.93867
47.67 , 22.0484409332 , 7.94433
47.70 , 22.1570529937 , 7.95000
47.73 , 22.1570529937 , 7.95567
47.77 , 22.0484409332 , 7.96150
47.80 , 22.1570529937 , 7.96717
47.84 , 22.0484409332 , 7.97300
47.87 , 22.1570529937 , 7.97867
47.91 , 22.2656669616 , 7.98433
47.94 , 22.2656669616 , 7.99000
47.97 , 22.2656669616 , 7.99583
48.01 , 22.3742790222 , 8.00150
48.04 , 22.2656669616 , 8.00733
48.08 , 22.3742790222 , 8.01283
48.11 , 22.3742790222 , 8.01867
48.15 , 22.3742790222 , 8.02433
48.18 , 22.3742790222 , 8.03017
48.22 , 22.3742790222 , 8.03583
48.25 , 22.3742790222 , 8.04150
48.28 , 22.4828929901 , 8.04717
48.32 , 22.3742790222 , 8.05300
48.35 , 22.4828929901 , 8.05867
48.39 , 22.3742790222 , 8.06450
48.42 , 22.4828929901 , 8.07017
48.46 , 22.4828929901 , 8.07583
48.49 , 22.4828929901 , 8.08167
48.52 , 22.5915050506 , 8.08733
48.56 , 22.7001190185 , 8.09317
48.59 , 22.5915050506 , 8.09867
48.63 , 22.5915050506 , 8.10450
48.66 , 22.5915050506 , 8.11017
48.70 , 22.7001190185 , 8.11600
48.73 , 22.7001190185 , 8.12167
48.76 , 22.7001190185 , 8.12733
48.80 , 22.5915050506 , 8.13300
48.83 , 22.7001190185 , 8.13883
48.87 , 22.7001190185 , 8.14450
48.90 , 22.8087310791 , 8.15033
48.94 , 22.8087310791 , 8.15583
48.97 , 22.8087310791 , 8.16167
49.00 , 22.7001190185 , 8.16733
49.04 , 22.8087310791 , 8.17317
49.07 , 22.8087310791 , 8.17883
49.11 , 22.8087310791 , 8.18450
49.14 , 22.8087310791 , 8.19017
49.18 , 22.9173431396 , 8.19600
49.21 , 22.9173431396 , 8.20167
49.25 , 22.9173431396 , 8.20750
49.28 , 22.9173431396 , 8.21300
49.31 , 22.9173431396 , 8.21883
49.35 , 22.9173431396 , 8.22450
49.38 , 22.9173431396 , 8.23033
49.42 , 23.0259571075 , 8.23600
49.45 , 23.0259571075 , 8.24183
49.49 , 23.0259571075 , 8.24750
49.52 , 22.9173431396 , 8.25317
49.55 , 23.0259571075 , 8.25900
49.59 , 23.1345691680 , 8.26467
49.62 , 23.0259571075 , 8.27050
49.66 , 23.0259571075 , 8.27600
49.69 , 23.1345691680 , 8.28183
49.72 , 23.1345691680 , 8.28750
49.76 , 23.1345691680 , 8.29333
49.79 , 23.1345691680 , 8.29900
49.83 , 23.2431850433 , 8.30467
49.86 , 23.2431850433 , 8.31033
49.90 , 23.2431850433 , 8.31617
49.93 , 23.2431850433 , 8.32183
49.97 , 23.2431850433 , 8.32767
50.00 , 23.2431850433 , 8.33317
50.03 , 23.2431850433 , 8.33900
50.07 , 23.3517990112 , 8.34467
50.10 , 23.3517990112 , 8.35050
50.14 , 23.3517990112 , 8.35617
50.17 , 23.4604110717 , 8.36183
50.21 , 23.4604110717 , 8.36750
50.24 , 23.4604110717 , 8.37333
50.27 , 23.4604110717 , 8.37900
50.31 , 23.4604110717 , 8.38483
50.34 , 23.4604110717 , 8.39033
50.38 , 23.4604110717 , 8.39617
50.41 , 23.5690231323 , 8.40183
50.45 , 23.5690231323 , 8.40767
50.48 , 23.5690231323 , 8.41333
50.51 , 23.5690231323 , 8.41900
50.55 , 23.5690231323 , 8.42467
50.58 , 23.5690231323 , 8.43050
50.62 , 23.6776371002 , 8.43633
50.65 , 23.6776371002 , 8.44200
50.69 , 23.6776371002 , 8.44767
50.72 , 23.6776371002 , 8.45333
50.76 , 23.7862491607 , 8.45917
50.79 , 23.7862491607 , 8.46483
50.82 , 23.7862491607 , 8.47067
50.86 , 23.7862491607 , 8.47617
50.89 , 23.8948631286 , 8.48200
50.93 , 23.8948631286 , 8.48767
50.96 , 23.8948631286 , 8.49350
51.00 , 23.7862491607 , 8.49917
51.03 , 23.8948631286 , 8.50500
51.06 , 23.8948631286 , 8.51050
51.10 , 23.8948631286 , 8.51633
51.13 , 23.8948631286 , 8.52200
51.17 , 24.0034751892 , 8.52783
51.20 , 24.0034751892 , 8.53350
51.24 , 24.0034751892 , 8.53917
51.27 , 24.0034751892 , 8.54483
51.30 , 24.0034751892 , 8.55067
51.34 , 24.0034751892 , 8.55633
51.37 , 24.1120891571 , 8.56217
51.41 , 24.1120891571 , 8.56767
51.44 , 24.1120891571 , 8.57350
51.47 , 24.2207012176 , 8.57917
51.51 , 24.1120891571 , 8.58500
51.54 , 24.1120891571 , 8.59067
51.58 , 24.2207012176 , 8.59633
51.61 , 24.2207012176 , 8.60200
51.65 , 24.2207012176 , 8.60783
51.68 , 24.2207012176 , 8.61367
51.72 , 24.2207012176 , 8.61933
51.75 , 24.2207012176 , 8.62500
51.78 , 24.2207012176 , 8.63067
51.82 , 24.2207012176 , 8.63650
51.85 , 24.3293151855 , 8.64217
51.89 , 24.3293151855 , 8.64800
51.92 , 24.3293151855 , 8.65350
51.96 , 24.4379272460 , 8.65933
51.99 , 24.3293151855 , 8.66500
52.03 , 24.3293151855 , 8.67083
52.06 , 24.3293151855 , 8.67650
52.09 , 24.3293151855 , 8.68217
52.13 , 24.4379272460 , 8.68783
52.16 , 24.4379272460 , 8.69367
52.20 , 24.4379272460 , 8.69933
52.23 , 24.4379272460 , 8.70517
52.26 , 24.4379272460 , 8.71067
52.30 , 24.5465393066 , 8.71650
52.33 , 24.5465393066 , 8.72217
52.37 , 24.5465393066 , 8.72800
52.40 , 24.5465393066 , 8.73367
52.44 , 24.6551532745 , 8.73933
52.47 , 24.6551532745 , 8.74500
52.51 , 24.6551532745 , 8.75083
52.54 , 24.6551532745 , 8.75650
52.57 , 24.6551532745 , 8.76233
52.61 , 24.6551532745 , 8.76800
52.64 , 24.6551532745 , 8.77367
52.68 , 24.7637653350 , 8.77933
52.71 , 24.7637653350 , 8.78517
52.75 , 24.7637653350 , 8.79083
52.78 , 24.7637653350 , 8.79667
52.81 , 24.7637653350 , 8.80233
52.85 , 24.8723793029 , 8.80800
52.88 , 24.7637653350 , 8.81383
52.92 , 24.8723793029 , 8.81950
52.95 , 24.8723793029 , 8.82533
52.99 , 24.8723793029 , 8.83083
53.02 , 24.9809913635 , 8.83667
53.05 , 24.8723793029 , 8.84233
53.09 , 24.8723793029 , 8.84817
53.12 , 24.9809913635 , 8.85383
53.16 , 24.9809913635 , 8.85950
53.19 , 24.9809913635 , 8.86517
53.23 , 25.0896053314 , 8.87100
53.26 , 24.9809913635 , 8.87667
53.29 , 25.0896053314 , 8.88250
53.33 , 25.0896053314 , 8.88800
53.36 , 25.1982173919 , 8.89383
53.40 , 25.0896053314 , 8.89950
53.43 , 25.0896053314 , 8.90533
53.47 , 25.1982173919 , 8.91100
53.50 , 25.1982173919 , 8.91667
53.53 , 25.1982173919 , 8.92233
53.57 , 25.1982173919 , 8.92817
53.60 , 25.3068313598 , 8.93383
53.64 , 25.3068313598 , 8.93967
53.67 , 25.3068313598 , 8.94517
53.71 , 25.3068313598 , 8.95100
53.74 , 25.3068313598 , 8.95667
53.78 , 25.3068313598 , 8.96250
53.81 , 25.3068313598 , 8.96817
53.84 , 25.3068313598 , 8.97383
53.88 , 25.4154434204 , 8.97967
53.91 , 25.4154434204 , 8.98533
53.95 , 25.5240554809 , 8.99117
53.98 , 25.4154434204 , 8.99683
54.02 , 25.5240554809 , 9.00267
54.05 , 25.5240554809 , 9.00817
54.08 , 25.4154434204 , 9.01400
54.12 , 25.5240554809 , 9.01967
54.15 , 25.5240554809 , 9.02550
54.19 , 25.5240554809 , 9.03117
54.22 , 25.5240554809 , 9.03683
54.26 , 25.6326694488 , 9.04250
54.29 , 25.5240554809 , 9.04833
54.32 , 25.5240554809 , 9.05400
54.36 , 25.6326694488 , 9.05983
54.39 , 25.7412815093 , 9.06533
54.43 , 25.6326694488 , 9.07117
54.46 , 25.7412815093 , 9.07683
54.50 , 25.6326694488 , 9.08267
54.53 , 25.6326694488 , 9.08833
54.56 , 25.7412815093 , 9.09400
54.60 , 25.7412815093 , 9.09967
54.63 , 25.7412815093 , 9.10550
54.67 , 25.7412815093 , 9.11117
54.70 , 25.7412815093 , 9.11700
54.74 , 25.7412815093 , 9.12250
54.77 , 25.7412815093 , 9.12833
54.80 , 25.8498954772 , 9.13400
54.84 , 25.8498954772 , 9.13983
54.87 , 25.8498954772 , 9.14550
54.91 , 25.8498954772 , 9.15117
54.94 , 25.9585075378 , 9.15683
54.98 , 25.9585075378 , 9.16267
55.01 , 25.9585075378 , 9.16850
55.04 , 25.9585075378 , 9.17417
55.08 , 25.9585075378 , 9.17983
55.11 , 26.0671234130 , 9.18550
55.15 , 25.9585075378 , 9.19133
55.18 , 26.0671234130 , 9.19700
55.22 , 26.0671234130 , 9.20283
55.25 , 26.0671234130 , 9.20833
55.29 , 26.0671234130 , 9.21417
55.32 , 26.1757354736 , 9.21983
55.35 , 26.1757354736 , 9.22567
55.39 , 26.0671234130 , 9.23133
55.42 , 26.1757354736 , 9.23700
55.46 , 26.1757354736 , 9.24267
55.49 , 26.1757354736 , 9.24850
55.53 , 26.2843494415 , 9.25417
55.56 , 26.2843494415 , 9.26000
55.59 , 26.2843494415 , 9.26550
55.63 , 26.3929615020 , 9.27133
55.66 , 26.2843494415 , 9.27700
55.70 , 26.3929615020 , 9.28283
55.73 , 26.2843494415 , 9.28850
55.77 , 26.3929615020 , 9.29433
55.80 , 26.3929615020 , 9.29983
55.83 , 26.3929615020 , 9.30567
55.87 , 26.5015754699 , 9.31133
55.90 , 26.5015754699 , 9.31717
55.94 , 26.5015754699 , 9.32283
55.97 , 26.5015754699 , 9.32850
56.01 , 26.5015754699 , 9.33417
56.04 , 26.5015754699 , 9.34000
56.08 , 26.6101875305 , 9.34583
56.11 , 26.5015754699 , 9.35150
56.14 , 26.6101875305 , 9.35717
56.18 , 26.6101875305 , 9.36283
56.21 , 26.7188014984 , 9.36867
56.25 , 26.6101875305 , 9.37433
56.28 , 26.7188014984 , 9.38017
56.31 , 26.7188014984 , 9.38567
56.35 , 26.7188014984 , 9.39150
56.38 , 26.7188014984 , 9.39717
56.42 , 26.7188014984 , 9.40300
56.45 , 26.8274135589 , 9.40867
56.49 , 26.7188014984 , 9.41433
56.52 , 26.7188014984 , 9.42000
56.56 , 26.8274135589 , 9.42583
56.59 , 26.8274135589 , 9.43150
56.62 , 26.7188014984 , 9.43733
56.66 , 26.8274135589 , 9.44283
56.69 , 26.9360275268 , 9.44867
56.73 , 26.8274135589 , 9.45433
56.76 , 26.8274135589 , 9.46017
56.79 , 26.9360275268 , 9.46583
56.83 , 26.9360275268 , 9.47150
56.86 , 26.9360275268 , 9.47717
56.90 , 26.9360275268 , 9.48300
56.93 , 27.0446395874 , 9.48867
56.97 , 26.9360275268 , 9.49450
57.00 , 27.0446395874 , 9.50000
57.04 , 27.0446395874 , 9.50583
57.07 , 27.0446395874 , 9.51150
57.10 , 27.1532516479 , 9.51733
57.14 , 27.0446395874 , 9.52300
57.17 , 27.0446395874 , 9.52867
57.21 , 27.1532516479 , 9.53450
57.24 , 27.1532516479 , 9.54017
57.28 , 27.1532516479 , 9.54600
57.31 , 27.1532516479 , 9.55167
57.35 , 27.1532516479 , 9.55750
57.38 , 27.2618656158 , 9.56300
57.41 , 27.2618656158 , 9.56883
57.45 , 27.2618656158 , 9.57450
57.48 , 27.2618656158 , 9.58033
57.52 , 27.2618656158 , 9.58600
57.55 , 27.3704776763 , 9.59167
57.58 , 27.2618656158 , 9.59733
57.62 , 27.2618656158 , 9.60317
57.65 , 27.3704776763 , 9.60883
57.69 , 27.3704776763 , 9.61467
57.72 , 27.4790916442 , 9.62017
57.76 , 27.4790916442 , 9.62600
57.79 , 27.4790916442 , 9.63167
57.83 , 27.4790916442 , 9.63750
57.86 , 27.3704776763 , 9.64317
57.89 , 27.4790916442 , 9.64883
57.93 , 27.5877037048 , 9.65450
57.96 , 27.5877037048 , 9.66033
58.00 , 27.5877037048 , 9.66600
58.03 , 27.5877037048 , 9.67183
58.06 , 27.5877037048 , 9.67733
58.10 , 27.5877037048 , 9.68317
58.13 , 27.6963176727 , 9.68883
58.17 , 27.6963176727 , 9.69467
58.20 , 27.5877037048 , 9.70033
58.24 , 27.5877037048 , 9.70600
58.27 , 27.6963176727 , 9.71183
58.31 , 27.6963176727 , 9.71750
58.34 , 27.6963176727 , 9.72333
58.37 , 27.8049297332 , 9.72900
58.41 , 27.6963176727 , 9.73467
58.44 , 27.8049297332 , 9.74033
58.48 , 27.8049297332 , 9.74617
58.51 , 27.9135437011 , 9.75183
58.55 , 27.8049297332 , 9.75767
58.58 , 27.8049297332 , 9.76317
58.61 , 27.8049297332 , 9.76900
58.65 , 27.9135437011 , 9.77467
58.68 , 27.9135437011 , 9.78050
58.72 , 27.9135437011 , 9.78617
58.75 , 27.9135437011 , 9.79200
58.79 , 27.9135437011 , 9.79750
58.82 , 27.9135437011 , 9.80333
58.85 , 28.1307678222 , 9.80900
58.89 , 28.0221557617 , 9.81483
58.92 , 28.1307678222 , 9.82050
58.96 , 28.0221557617 , 9.82617
58.99 , 28.0221557617 , 9.83183
59.03 , 28.1307678222 , 9.83767
59.06 , 28.1307678222 , 9.84333
59.10 , 28.1307678222 , 9.84917
59.13 , 28.1307678222 , 9.85467
59.16 , 28.0221557617 , 9.86050
59.20 , 28.1307678222 , 9.86617
59.23 , 28.2393817901 , 9.87200
59.27 , 28.1307678222 , 9.87767
59.30 , 28.2393817901 , 9.88333
59.33 , 28.2393817901 , 9.88900
59.37 , 28.2393817901 , 9.89483
59.40 , 28.3479938507 , 9.90067
59.44 , 28.3479938507 , 9.90633
59.47 , 28.2393817901 , 9.91200
59.51 , 28.3479938507 , 9.91767
59.54 , 28.3479938507 , 9.92350
59.58 , 28.3479938507 , 9.92917
59.61 , 28.4566078186 , 9.93500
59.64 , 28.4566078186 , 9.94050
59.68 , 28.4566078186 , 9.94633
59.71 , 28.4566078186 , 9.95200
59.75 , 28.4566078186 , 9.95783
59.78 , 28.4566078186 , 9.96350
59.81 , 28.5652198791 , 9.96917
59.85 , 28.5652198791 , 9.97483
59.88 , 28.5652198791 , 9.98067
59.92 , 28.5652198791 , 9.98633
59.95 , 28.5652198791 , 9.99217
59.99 , 28.5652198791 , 9.99767
60.02 , 28.5652198791 , 10.00350
60.06 , 28.5652198791 , 10.00933
60.09 , 28.6738338470 , 10.01533
60.13 , 28.7824478149 , 10.02117
60.16 , 28.6738338470 , 10.02717
60.20 , 28.7824478149 , 10.03283
60.23 , 28.6738338470 , 10.03883
60.27 , 28.7824478149 , 10.04483
60.30 , 28.7824478149 , 10.05067
60.34 , 28.7824478149 , 10.05667
60.38 , 28.7824478149 , 10.06250
60.41 , 28.8910617828 , 10.06833
60.45 , 28.8910617828 , 10.07417
60.48 , 28.8910617828 , 10.08017
60.52 , 28.8910617828 , 10.08600
60.55 , 28.9996738433 , 10.09200
60.59 , 28.9996738433 , 10.09783
60.62 , 28.9996738433 , 10.10367
60.66 , 28.9996738433 , 10.10950
60.69 , 28.9996738433 , 10.11550
60.73 , 28.9996738433 , 10.12133
60.76 , 28.9996738433 , 10.12733
60.80 , 29.1082878112 , 10.13300
60.83 , 29.1082878112 , 10.13900
60.87 , 29.1082878112 , 10.14500
60.90 , 29.1082878112 , 10.15083
60.94 , 29.1082878112 , 10.15683
60.98 , 29.2168998718 , 10.16267
61.01 , 29.2168998718 , 10.16850
61.05 , 29.2168998718 , 10.17433
61.08 , 29.3255138397 , 10.18033
61.12 , 29.2168998718 , 10.18617
61.15 , 29.2168998718 , 10.19217
61.19 , 29.2168998718 , 10.19800
61.22 , 29.3255138397 , 10.20383
61.26 , 29.3255138397 , 10.20967
61.29 , 29.3255138397 , 10.21567
61.33 , 29.3255138397 , 10.22150
61.37 , 29.3255138397 , 10.22750
61.40 , 29.3255138397 , 10.23350
61.44 , 29.4341259002 , 10.23917
61.47 , 29.4341259002 , 10.24517
61.51 , 29.4341259002 , 10.25100
61.54 , 29.4341259002 , 10.25700
61.58 , 29.4341259002 , 10.26283
61.61 , 29.4341259002 , 10.26883
61.65 , 29.4341259002 , 10.27450
61.68 , 29.4341259002 , 10.28050
61.72 , 29.4341259002 , 10.28633
61.75 , 29.6513519287 , 10.29233
61.79 , 29.5427398681 , 10.29817
61.83 , 29.5427398681 , 10.30417
61.86 , 29.5427398681 , 10.30983
61.90 , 29.5427398681 , 10.31583
61.93 , 29.6513519287 , 10.32167
61.97 , 29.5427398681 , 10.32767
62.00 , 29.6513519287 , 10.33367
62.04 , 29.6513519287 , 10.33933
62.07 , 29.6513519287 , 10.34533
62.11 , 29.7599639892 , 10.35117
62.14 , 29.7599639892 , 10.35717
62.18 , 29.7599639892 , 10.36300
62.21 , 29.7599639892 , 10.36900
62.25 , 29.7599639892 , 10.37467
62.28 , 29.7599639892 , 10.38067
62.32 , 29.8685779571 , 10.38650
62.36 , 29.8685779571 , 10.39250
62.39 , 29.8685779571 , 10.39833
62.43 , 29.8685779571 , 10.40433
62.46 , 29.8685779571 , 10.41000
62.50 , 29.9771900177 , 10.41600
62.53 , 29.8685779571 , 10.42200
62.57 , 29.9771900177 , 10.42783
62.60 , 29.9771900177 , 10.43383
62.64 , 29.9771900177 , 10.43967
62.67 , 29.9771900177 , 10.44550
62.71 , 30.0858039855 , 10.45133
62.74 , 30.1944160461 , 10.45733
62.78 , 30.1944160461 , 10.46317
62.81 , 30.1944160461 , 10.46917
62.85 , 30.0858039855 , 10.47500
62.88 , 30.1944160461 , 10.48083
62.92 , 30.1944160461 , 10.48667
62.96 , 30.0858039855 , 10.49267
62.99 , 30.3030300140 , 10.49850
63.03 , 30.3030300140 , 10.50450
63.06 , 30.4116420745 , 10.51033
63.10 , 30.3030300140 , 10.51617
63.13 , 30.3030300140 , 10.52217
63.17 , 30.4116420745 , 10.52800
63.20 , 30.4116420745 , 10.53400
63.24 , 30.4116420745 , 10.53983
63.28 , 30.4116420745 , 10.54583
63.31 , 30.4116420745 , 10.55150
63.35 , 30.4116420745 , 10.55750
63.38 , 30.3030300140 , 10.56333
63.42 , 30.4116420745 , 10.56933
63.45 , 30.5202560424 , 10.57517
63.49 , 30.5202560424 , 10.58100
63.52 , 30.4116420745 , 10.58683
63.56 , 30.5202560424 , 10.59283
63.59 , 30.5202560424 , 10.59867
63.63 , 30.6288681030 , 10.60467
63.66 , 30.6288681030 , 10.61067
63.70 , 30.5202560424 , 10.61633
63.73 , 30.5202560424 , 10.62233
63.77 , 30.6288681030 , 10.62817
63.81 , 30.6288681030 , 10.63417
63.84 , 30.6288681030 , 10.64000
63.88 , 30.6288681030 , 10.64600
63.91 , 30.6288681030 , 10.65167
63.95 , 30.7374801635 , 10.65767
63.98 , 30.7374801635 , 10.66350
64.02 , 30.7374801635 , 10.66950
64.05 , 30.7374801635 , 10.67533
64.09 , 30.7374801635 , 10.68133
64.12 , 30.7374801635 , 10.68700
64.16 , 30.8460941314 , 10.69300
64.19 , 30.8460941314 , 10.69883
64.23 , 30.8460941314 , 10.70483
64.26 , 30.8460941314 , 10.71083
64.30 , 30.8460941314 , 10.71667
64.33 , 30.8460941314 , 10.72250
64.37 , 30.9547061920 , 10.72833
64.41 , 31.0633201599 , 10.73433
64.44 , 31.0633201599 , 10.74017
64.48 , 31.0633201599 , 10.74617
64.51 , 31.0633201599 , 10.75200
64.55 , 31.0633201599 , 10.75783
64.58 , 31.0633201599 , 10.76367
64.62 , 31.0633201599 , 10.76967
64.65 , 31.1719322204 , 10.77550
64.69 , 31.1719322204 , 10.78150
64.72 , 31.1719322204 , 10.78717
64.76 , 31.1719322204 , 10.79317
64.79 , 31.1719322204 , 10.79917
64.83 , 31.1719322204 , 10.80500
64.87 , 31.1719322204 , 10.81100
64.90 , 31.1719322204 , 10.81683
64.94 , 31.1719322204 , 10.82267
64.97 , 31.2805461883 , 10.82850
65.01 , 31.2805461883 , 10.83450
65.04 , 31.2805461883 , 10.84033
65.08 , 31.3891582489 , 10.84633
65.11 , 31.2805461883 , 10.85217
65.15 , 31.3891582489 , 10.85800
65.18 , 31.3891582489 , 10.86383
65.22 , 31.3891582489 , 10.86983
65.25 , 31.3891582489 , 10.87567
65.29 , 31.4977722167 , 10.88167
65.32 , 31.4977722167 , 10.88750
65.36 , 31.4977722167 , 10.89333
65.40 , 31.6063861846 , 10.89933
65.43 , 31.6063861846 , 10.90517
65.47 , 31.6063861846 , 10.91117
65.50 , 31.6063861846 , 10.91700
65.54 , 31.6063861846 , 10.92300
65.57 , 31.6063861846 , 10.92867
65.61 , 31.6063861846 , 10.93467
65.64 , 31.6063861846 , 10.94050
65.68 , 31.7150001525 , 10.94650
65.71 , 31.7150001525 , 10.95233
65.75 , 31.6063861846 , 10.95833
65.78 , 31.7150001525 , 10.96400
65.82 , 31.7150001525 , 10.97000
65.86 , 31.8236122131 , 10.97583
65.89 , 31.8236122131 , 10.98183
65.93 , 31.8236122131 , 10.98783
65.96 , 31.8236122131 , 10.99350
66.00 , 31.8236122131 , 10.99950
66.03 , 31.9322261810 , 11.00533
66.07 , 31.8236122131 , 11.01133
66.10 , 31.8236122131 , 11.01717
66.14 , 31.8236122131 , 11.02317
66.17 , 31.9322261810 , 11.02883
66.21 , 31.9322261810 , 11.03483
66.24 , 31.9322261810 , 11.04067
66.28 , 31.9322261810 , 11.04667
66.31 , 32.0408401489 , 11.05250
66.35 , 31.9322261810 , 11.05850
66.38 , 32.0408401489 , 11.06417
66.42 , 31.9322261810 , 11.07017
66.46 , 32.0408401489 , 11.07600
66.49 , 32.0408401489 , 11.08200
66.53 , 32.0408401489 , 11.08800
66.56 , 32.0408401489 , 11.09383
66.60 , 32.1494522094 , 11.09967
66.63 , 32.0408401489 , 11.10550
66.67 , 32.1494522094 , 11.11150
66.70 , 32.1494522094 , 11.11733
66.74 , 32.1494522094 , 11.12333
66.77 , 32.2580642700 , 11.12917
66.81 , 32.2580642700 , 11.13500
66.84 , 32.2580642700 , 11.14083
66.88 , 32.2580642700 , 11.14683
66.92 , 32.2580642700 , 11.15267
66.95 , 32.3666763305 , 11.15867
66.99 , 32.2580642700 , 11.16450
67.02 , 32.3666763305 , 11.17033
67.06 , 32.3666763305 , 11.17633
67.09 , 32.3666763305 , 11.18217
67.13 , 32.3666763305 , 11.18817
67.16 , 32.3666763305 , 11.19400
67.20 , 32.3666763305 , 11.20000
67.23 , 32.4752883911 , 11.20567
67.27 , 32.4752883911 , 11.21167
67.30 , 32.4752883911 , 11.21750
67.34 , 32.4752883911 , 11.22350
67.38 , 32.4752883911 , 11.22933
67.41 , 32.5839042663 , 11.23517
67.45 , 32.5839042663 , 11.24100
67.48 , 32.5839042663 , 11.24700
67.52 , 32.6925163269 , 11.25283
67.55 , 32.5839042663 , 11.25883
67.59 , 32.6925163269 , 11.26467
67.62 , 32.6925163269 , 11.27050
67.66 , 32.6925163269 , 11.27650
67.69 , 32.6925163269 , 11.28233
67.73 , 32.6925163269 , 11.28833
67.76 , 32.6925163269 , 11.29417
67.80 , 32.6925163269 , 11.30017
67.83 , 32.6925163269 , 11.30583
67.87 , 32.8011283874 , 11.31183
67.91 , 32.9097404479 , 11.31767
67.94 , 32.8011283874 , 11.32367
67.98 , 32.8011283874 , 11.32950
68.01 , 32.8011283874 , 11.33550
68.05 , 32.9097404479 , 11.34117
68.08 , 33.0183563232 , 11.34717
68.12 , 33.0183563232 , 11.35300
68.15 , 32.9097404479 , 11.35900
68.19 , 33.0183563232 , 11.36500
68.22 , 33.0183563232 , 11.37083
68.26 , 33.0183563232 , 11.37667
68.29 , 33.1269683837 , 11.38250
68.33 , 33.0183563232 , 11.38850
68.37 , 33.1269683837 , 11.39433
68.40 , 33.1269683837 , 11.40033
68.44 , 33.1269683837 , 11.40600
68.47 , 33.1269683837 , 11.41200
68.51 , 33.1269683837 , 11.41783
68.54 , 33.1269683837 , 11.42383
68.58 , 33.1269683837 , 11.42967
68.61 , 33.1269683837 , 11.43567
68.65 , 33.3441925048 , 11.44133
68.68 , 33.1269683837 , 11.44733
68.72 , 33.3441925048 , 11.45317
68.75 , 33.2355804443 , 11.45917
68.79 , 33.2355804443 , 11.46517
68.83 , 33.2355804443 , 11.47100
68.86 , 33.3441925048 , 11.47683
68.90 , 33.2355804443 , 11.48267
68.93 , 33.3441925048 , 11.48867
68.97 , 33.3441925048 , 11.49450
69.00 , 33.3441925048 , 11.50050
69.04 , 33.3441925048 , 11.50633
69.07 , 33.3441925048 , 11.51217
69.11 , 33.3441925048 , 11.51800
69.14 , 33.4528045654 , 11.52400
69.18 , 33.4528045654 , 11.52983
69.21 , 33.5614204406 , 11.53583
69.25 , 33.4528045654 , 11.54167
69.29 , 33.5614204406 , 11.54750
69.32 , 33.5614204406 , 11.55350
69.36 , 33.6700325012 , 11.55933
69.39 , 33.5614204406 , 11.56533
69.43 , 33.6700325012 , 11.57117
69.46 , 33.6700325012 , 11.57717
69.50 , 33.5614204406 , 11.58283
69.53 , 33.6700325012 , 11.58883
69.57 , 33.6700325012 , 11.59467
69.60 , 33.6700325012 , 11.60067
69.64 , 33.6700325012 , 11.60650
69.68 , 33.6700325012 , 11.61250
69.71 , 33.7786445617 , 11.61817
69.75 , 33.7786445617 , 11.62417
69.78 , 33.7786445617 , 11.63000
69.82 , 33.7786445617 , 11.63600
69.85 , 33.8872566223 , 11.64183
69.89 , 33.7786445617 , 11.64767
69.92 , 33.8872566223 , 11.65367
69.96 , 33.8872566223 , 11.65950
69.99 , 33.8872566223 , 11.66550
70.03 , 33.8872566223 , 11.67133
70.06 , 33.8872566223 , 11.67733
70.10 , 33.9958724975 , 11.68300
70.13 , 33.9958724975 , 11.68900
70.17 , 33.9958724975 , 11.69483
70.20 , 33.9958724975 , 11.70083
70.24 , 33.9958724975 , 11.70667
70.28 , 34.1044845581 , 11.71267
70.31 , 34.1044845581 , 11.71833
70.35 , 34.1044845581 , 11.72433
70.38 , 34.1044845581 , 11.73017
70.42 , 34.1044845581 , 11.73617
70.45 , 34.2130966186 , 11.74217
70.49 , 34.2130966186 , 11.74800
70.52 , 34.2130966186 , 11.75383
70.56 , 34.2130966186 , 11.75967
70.59 , 34.3217124938 , 11.76567
70.63 , 34.2130966186 , 11.77150
70.66 , 34.2130966186 , 11.77750
70.70 , 34.3217124938 , 11.78333
70.73 , 34.3217124938 , 11.78917
70.77 , 34.3217124938 , 11.79500
70.81 , 34.4303245544 , 11.80100
70.84 , 34.3217124938 , 11.80683
70.88 , 34.3217124938 , 11.81283
70.91 , 34.4303245544 , 11.81867
70.95 , 34.4303245544 , 11.82450
70.98 , 34.4303245544 , 11.83033
71.02 , 34.4303245544 , 11.83633
71.05 , 34.4303245544 , 11.84233
71.09 , 34.5389366149 , 11.84817
71.12 , 34.4303245544 , 11.85400
71.16 , 34.5389366149 , 11.85983
71.19 , 34.5389366149 , 11.86583
71.23 , 34.5389366149 , 11.87167
71.27 , 34.5389366149 , 11.87767
71.30 , 34.5389366149 , 11.88350
71.34 , 34.5389366149 , 11.88933
71.37 , 34.5389366149 , 11.89517
71.41 , 34.6475524902 , 11.90117
71.44 , 34.6475524902 , 11.90700
71.48 , 34.6475524902 , 11.91300
71.51 , 34.6475524902 , 11.91883
71.55 , 34.7561645507 , 11.92467
71.58 , 34.7561645507 , 11.93067
71.62 , 34.7561645507 , 11.93650
71.65 , 34.6475524902 , 11.94250
71.69 , 34.8647766113 , 11.94833
71.73 , 34.7561645507 , 11.95433
71.76 , 34.7561645507 , 11.96000
71.80 , 34.8647766113 , 11.96600
71.83 , 34.8647766113 , 11.97183
71.87 , 34.8647766113 , 11.97783
71.90 , 34.8647766113 , 11.98367
71.94 , 34.8647766113 , 11.98967
71.97 , 34.8647766113 , 11.99533
72.01 , 34.8647766113 , 12.00133
72.04 , 34.9733886718 , 12.00717
72.08 , 34.9733886718 , 12.01317
72.11 , 34.9733886718 , 12.01900
72.15 , 34.9733886718 , 12.02500
72.18 , 35.0820007324 , 12.03083
72.22 , 34.9733886718 , 12.03667
72.26 , 35.0820007324 , 12.04267
72.29 , 35.0820007324 , 12.04850
72.33 , 35.0820007324 , 12.05450
72.36 , 35.0820007324 , 12.06017
72.40 , 35.0820007324 , 12.06617
72.43 , 35.1906166076 , 12.07200
72.47 , 35.1906166076 , 12.07800
72.50 , 35.1906166076 , 12.08383
72.54 , 35.2992286682 , 12.08983
72.57 , 35.2992286682 , 12.09550
72.61 , 35.1906166076 , 12.10150
72.64 , 35.2992286682 , 12.10733
72.68 , 35.2992286682 , 12.11333
72.72 , 35.4078407287 , 12.11933
72.75 , 35.4078407287 , 12.12517
72.79 , 35.4078407287 , 12.13100
72.82 , 35.2992286682 , 12.13683
72.86 , 35.4078407287 , 12.14283
72.89 , 35.5164527893 , 12.14867
72.93 , 35.4078407287 , 12.15467
72.96 , 35.5164527893 , 12.16050
73.00 , 35.5164527893 , 12.16633
73.03 , 35.5164527893 , 12.17217
73.07 , 35.5164527893 , 12.17817
73.10 , 35.5164527893 , 12.18400
73.14 , 35.5164527893 , 12.19000
73.18 , 35.5164527893 , 12.19583
73.21 , 35.5164527893 , 12.20167
73.25 , 35.6250686645 , 12.20750
73.28 , 35.5164527893 , 12.21350
73.32 , 35.6250686645 , 12.21950
73.35 , 35.6250686645 , 12.22533
73.39 , 35.7336807250 , 12.23133
73.42 , 35.7336807250 , 12.23700
73.46 , 35.6250686645 , 12.24300
73.49 , 35.7336807250 , 12.24883
73.53 , 35.7336807250 , 12.25483
73.56 , 35.7336807250 , 12.26067
73.60 , 35.7336807250 , 12.26667
73.63 , 35.8422927856 , 12.27233
73.67 , 35.7336807250 , 12.27833
73.70 , 35.8422927856 , 12.28417
73.74 , 35.8422927856 , 12.29017
73.78 , 35.8422927856 , 12.29600
73.81 , 35.9509048461 , 12.30183
73.85 , 35.9509048461 , 12.30783
73.88 , 35.9509048461 , 12.31367
73.92 , 35.8422927856 , 12.31967
73.95 , 35.9509048461 , 12.32550
73.99 , 35.9509048461 , 12.33150
74.02 , 36.0595169067 , 12.33717
74.06 , 36.0595169067 , 12.34317
74.09 , 36.0595169067 , 12.34900
74.13 , 36.0595169067 , 12.35500
74.16 , 36.0595169067 , 12.36083
74.20 , 36.0595169067 , 12.36683
74.23 , 36.0595169067 , 12.37250
74.27 , 36.1681327819 , 12.37850
74.31 , 36.1681327819 , 12.38433
74.34 , 36.1681327819 , 12.39033
74.38 , 36.1681327819 , 12.39617
74.41 , 36.1681327819 , 12.40217
74.45 , 36.1681327819 , 12.40800
74.48 , 36.2767448425 , 12.41383
74.52 , 36.2767448425 , 12.41983
74.55 , 36.2767448425 , 12.42567
74.59 , 36.2767448425 , 12.43167
74.62 , 36.3853569030 , 12.43750
74.66 , 36.3853569030 , 12.44333
74.69 , 36.3853569030 , 12.44917
74.73 , 36.3853569030 , 12.45517
74.77 , 36.4939689636 , 12.46100
74.80 , 36.3853569030 , 12.46700
74.84 , 36.4939689636 , 12.47267
74.87 , 36.4939689636 , 12.47867
74.91 , 36.3853569030 , 12.48450
74.94 , 36.4939689636 , 12.49050
74.98 , 36.4939689636 , 12.49650
75.01 , 36.4939689636 , 12.50233
75.05 , 36.6025848388 , 12.50817
75.08 , 36.4939689636 , 12.51400
75.12 , 36.6025848388 , 12.52000
75.15 , 36.6025848388 , 12.52583
75.19 , 36.6025848388 , 12.53183
75.23 , 36.6025848388 , 12.53767
75.26 , 36.6025848388 , 12.54350
75.30 , 36.7111968994 , 12.54933
75.33 , 36.7111968994 , 12.55533
75.37 , 36.8198089599 , 12.56117
75.40 , 36.7111968994 , 12.56717
75.44 , 36.8198089599 , 12.57300
75.47 , 36.8198089599 , 12.57883
75.51 , 36.8198089599 , 12.58467
75.54 , 36.8198089599 , 12.59067
75.58 , 36.8198089599 , 12.59667
75.61 , 36.8198089599 , 12.60250
75.65 , 36.8198089599 , 12.60850
75.68 , 36.8198089599 , 12.61417
75.72 , 36.8198089599 , 12.62017
75.76 , 36.9284210205 , 12.62600
75.79 , 36.9284210205 , 12.63200
75.83 , 36.9284210205 , 12.63783
75.86 , 36.9284210205 , 12.64383
75.90 , 36.9284210205 , 12.64950
75.93 , 36.9284210205 , 12.65550
75.97 , 36.9284210205 , 12.66133
76.00 , 37.0370330810 , 12.66733
76.04 , 37.0370330810 , 12.67317
76.07 , 37.0370330810 , 12.67917
76.11 , 37.0370330810 , 12.68500
76.14 , 37.1456489562 , 12.69083
76.18 , 37.1456489562 , 12.69683
76.22 , 37.1456489562 , 12.70267
76.25 , 37.1456489562 , 12.70867
76.29 , 37.1456489562 , 12.71433
76.32 , 37.1456489562 , 12.72033
76.36 , 37.1456489562 , 12.72617
76.39 , 37.2542610168 , 12.73217
76.43 , 37.2542610168 , 12.73800
76.46 , 37.2542610168 , 12.74400
76.50 , 37.2542610168 , 12.74967
76.53 , 37.2542610168 , 12.75567
76.57 , 37.2542610168 , 12.76150
76.61 , 37.3628730773 , 12.76750
76.64 , 37.2542610168 , 12.77333
76.68 , 37.3628730773 , 12.77933
76.71 , 37.3628730773 , 12.78517
76.75 , 37.3628730773 , 12.79100
76.78 , 37.3628730773 , 12.79700
76.82 , 37.3628730773 , 12.80283
76.85 , 37.4714851379 , 12.80883
76.89 , 37.4714851379 , 12.81467
76.92 , 37.4714851379 , 12.82050
76.96 , 37.4714851379 , 12.82633
76.99 , 37.5801010131 , 12.83233
77.03 , 37.4714851379 , 12.83817
77.06 , 37.4714851379 , 12.84417
77.10 , 37.5801010131 , 12.85000
77.13 , 37.5801010131 , 12.85583
77.17 , 37.6887130737 , 12.86167
77.21 , 37.5801010131 , 12.86767
77.24 , 37.6887130737 , 12.87367
77.28 , 37.6887130737 , 12.87950
77.31 , 37.6887130737 , 12.88550
77.35 , 37.7973251342 , 12.89117
77.38 , 37.7973251342 , 12.89717
77.42 , 37.7973251342 , 12.90300
77.45 , 37.7973251342 , 12.90900
77.49 , 37.7973251342 , 12.91483
77.52 , 37.7973251342 , 12.92067
77.56 , 37.9059371948 , 12.92650
77.59 , 37.7973251342 , 12.93250
77.63 , 37.9059371948 , 12.93833
77.67 , 37.9059371948 , 12.94433
77.70 , 37.9059371948 , 12.95017
77.74 , 37.9059371948 , 12.95600
77.77 , 38.0145492553 , 12.96183
77.81 , 37.9059371948 , 12.96783
77.84 , 38.0145492553 , 12.97383
77.88 , 38.0145492553 , 12.97967
77.91 , 38.1231651306 , 12.98567
77.95 , 38.0145492553 , 12.99133
77.98 , 38.1231651306 , 12.99733
78.02 , 37.9059371948 , 13.00317
78.05 , 38.0145492553 , 13.00917
78.09 , 38.1231651306 , 13.01500
78.13 , 38.1231651306 , 13.02100
78.16 , 38.1231651306 , 13.02667
78.20 , 38.1231651306 , 13.03267
78.23 , 38.1231651306 , 13.03850
78.27 , 38.1231651306 , 13.04450
78.30 , 38.1231651306 , 13.05033
78.34 , 38.2317771911 , 13.05633
78.37 , 38.2317771911 , 13.06217
78.41 , 38.2317771911 , 13.06800
78.44 , 38.2317771911 , 13.07400
78.48 , 38.2317771911 , 13.07983
78.51 , 38.3403892517 , 13.08583
78.55 , 38.3403892517 , 13.09167
78.58 , 38.3403892517 , 13.09750
78.62 , 38.2317771911 , 13.10333
78.66 , 38.3403892517 , 13.10933
78.69 , 38.3403892517 , 13.11517
78.73 , 38.3403892517 , 13.12117
78.76 , 38.3403892517 , 13.12683
78.80 , 38.4490013122 , 13.13283
78.83 , 38.4490013122 , 13.13867
78.87 , 38.5576210021 , 13.14467
78.90 , 38.4490013122 , 13.15050
78.94 , 38.5576210021 , 13.15650
78.97 , 38.5576210021 , 13.16233
79.01 , 38.5576210021 , 13.16817
79.04 , 38.5576210021 , 13.17417
79.08 , 38.5576210021 , 13.18000
79.12 , 38.5576210021 , 13.18600
79.15 , 38.5576210021 , 13.19183
79.19 , 38.6662330627 , 13.19767
79.22 , 38.6662330627 , 13.20350
79.26 , 38.6662330627 , 13.20950
79.29 , 38.6662330627 , 13.21533
79.33 , 38.6662330627 , 13.22133
79.36 , 38.6662330627 , 13.22717
79.40 , 38.6662330627 , 13.23300
79.43 , 38.7748451232 , 13.23883
79.47 , 38.7748451232 , 13.24483
79.50 , 38.7748451232 , 13.25083
79.54 , 38.8834609985 , 13.25667
79.58 , 38.8834609985 , 13.26267
79.61 , 38.8834609985 , 13.26833
79.65 , 38.8834609985 , 13.27433
79.68 , 38.8834609985 , 13.28017
79.72 , 38.8834609985 , 13.28617
79.75 , 38.9920730590 , 13.29200
79.79 , 38.9920730590 , 13.29800
79.82 , 38.9920730590 , 13.30367
79.86 , 38.9920730590 , 13.30967
79.89 , 38.9920730590 , 13.31550
79.93 , 38.9920730590 , 13.32150
79.96 , 39.1006851196 , 13.32733
80.00 , 39.1006851196 , 13.33333
80.03 , 39.1006851196 , 13.33900
80.07 , 39.1006851196 , 13.34500
80.11 , 39.1006851196 , 13.35100
80.14 , 39.1006851196 , 13.35683
80.18 , 39.1006851196 , 13.36283
80.21 , 39.2092971801 , 13.36850
80.25 , 39.2092971801 , 13.37450
80.28 , 39.2092971801 , 13.38033
80.32 , 39.2092971801 , 13.38633
80.35 , 39.2092971801 , 13.39217
80.39 , 39.2092971801 , 13.39817
80.42 , 39.3179092407 , 13.40383
80.46 , 39.3179092407 , 13.40983
80.49 , 39.3179092407 , 13.41567
80.53 , 39.3179092407 , 13.42167
80.56 , 39.3179092407 , 13.42750
80.60 , 39.3179092407 , 13.43350
80.64 , 39.4265251159 , 13.43933
80.67 , 39.4265251159 , 13.44517
80.71 , 39.4265251159 , 13.45117
80.74 , 39.4265251159 , 13.45700
80.78 , 39.4265251159 , 13.46300
80.81 , 39.5351371765 , 13.46883
80.85 , 39.4265251159 , 13.47467
80.88 , 39.4265251159 , 13.48050
80.92 , 39.4265251159 , 13.48650
80.95 , 39.5351371765 , 13.49233
80.99 , 39.5351371765 , 13.49833
81.02 , 39.5351371765 , 13.50417
81.06 , 39.5351371765 , 13.51000
81.09 , 39.6437492370 , 13.51583
81.13 , 39.5351371765 , 13.52183
81.17 , 39.5351371765 , 13.52767
81.20 , 39.6437492370 , 13.53367
81.24 , 39.7523612976 , 13.53967
81.27 , 39.7523612976 , 13.54533
81.31 , 39.6437492370 , 13.55133
81.34 , 39.7523612976 , 13.55717
81.38 , 39.7523612976 , 13.56317
81.41 , 39.7523612976 , 13.56900
81.45 , 39.8609771728 , 13.57483
81.48 , 39.7523612976 , 13.58067
81.52 , 39.7523612976 , 13.58667
81.55 , 39.8609771728 , 13.59250
81.59 , 39.8609771728 , 13.59850
81.63 , 39.8609771728 , 13.60433
81.66 , 39.8609771728 , 13.61017
81.70 , 39.8609771728 , 13.61600
81.73 , 39.9695892333 , 13.62200
81.77 , 39.8609771728 , 13.62800
81.80 , 39.9695892333 , 13.63383
81.84 , 39.8609771728 , 13.63983
81.87 , 39.9695892333 , 13.64550
81.91 , 39.9695892333 , 13.65150
81.94 , 40.0782012939 , 13.65733
81.98 , 40.0782012939 , 13.66333
82.01 , 40.0782012939 , 13.66917
82.05 , 40.0782012939 , 13.67517
82.08 , 40.0782012939 , 13.68083
82.12 , 40.0782012939 , 13.68683
82.16 , 40.1868133544 , 13.69267
82.19 , 40.1868133544 , 13.69867
82.23 , 40.1868133544 , 13.70450
82.26 , 40.1868133544 , 13.71050
82.30 , 40.2954254150 , 13.71617
82.33 , 40.2954254150 , 13.72217
82.37 , 40.1868133544 , 13.72817
82.40 , 40.1868133544 , 13.73400
82.44 , 40.2954254150 , 13.74000
82.47 , 40.2954254150 , 13.74583
82.51 , 40.2954254150 , 13.75167
82.54 , 40.4040412902 , 13.75750
82.58 , 40.4040412902 , 13.76350
82.62 , 40.4040412902 , 13.76933
82.65 , 40.2954254150 , 13.77533
82.69 , 40.4040412902 , 13.78100
82.72 , 40.4040412902 , 13.78700
82.76 , 40.4040412902 , 13.79283
82.79 , 40.4040412902 , 13.79883
82.83 , 40.5126533508 , 13.80467
82.86 , 40.5126533508 , 13.81067
82.90 , 40.5126533508 , 13.81650
82.93 , 40.5126533508 , 13.82233
82.97 , 40.5126533508 , 13.82833
83.00 , 40.5126533508 , 13.83417
83.04 , 40.5126533508 , 13.84017
83.08 , 40.6212654113 , 13.84600
83.11 , 40.6212654113 , 13.85183
83.15 , 40.6212654113 , 13.85767
83.18 , 40.6212654113 , 13.86367
83.22 , 40.6212654113 , 13.86950
83.25 , 40.6212654113 , 13.87550
83.29 , 40.6212654113 , 13.88133
83.32 , 40.7298774719 , 13.88717
83.36 , 40.7298774719 , 13.89300
83.39 , 40.7298774719 , 13.89900
83.43 , 40.7298774719 , 13.90483
83.46 , 40.8384933471 , 13.91083
83.50 , 40.7298774719 , 13.91683
83.54 , 40.8384933471 , 13.92250
83.57 , 40.8384933471 , 13.92850
83.61 , 40.7298774719 , 13.93433
83.64 , 40.8384933471 , 13.94033
83.68 , 40.8384933471 , 13.94617
83.71 , 40.8384933471 , 13.95217
83.75 , 40.8384933471 , 13.95783
83.78 , 40.9471054077 , 13.96383
83.82 , 40.9471054077 , 13.96967
83.85 , 40.9471054077 , 13.97567
83.89 , 40.9471054077 , 13.98150
83.92 , 40.9471054077 , 13.98733
83.96 , 41.0557174682 , 13.99317
84.00 , 41.0557174682 , 13.99917
84.03 , 41.0557174682 , 14.00517
84.07 , 41.0557174682 , 14.01100
84.10 , 41.0557174682 , 14.01700
84.14 , 41.0557174682 , 14.02267
84.17 , 41.1643295288 , 14.02867
84.21 , 41.1643295288 , 14.03450
84.24 , 41.1643295288 , 14.04050
84.28 , 41.1643295288 , 14.04633
84.31 , 41.1643295288 , 14.05233
84.35 , 41.2729415893 , 14.05800
84.38 , 41.1643295288 , 14.06400
84.42 , 41.2729415893 , 14.06983
84.45 , 41.2729415893 , 14.07583
84.49 , 41.2729415893 , 14.08167
84.53 , 41.3815574645 , 14.08767
84.56 , 41.3815574645 , 14.09333
84.60 , 41.3815574645 , 14.09933
84.63 , 41.2729415893 , 14.10533
84.67 , 41.3815574645 , 14.11117
84.70 , 41.4901695251 , 14.11717
84.74 , 41.3815574645 , 14.12300
84.77 , 41.4901695251 , 14.12883
84.81 , 41.4901695251 , 14.13467
84.84 , 41.4901695251 , 14.14067
84.88 , 41.4901695251 , 14.14650
84.91 , 41.4901695251 , 14.15250
84.95 , 41.5987815856 , 14.15833
84.98 , 41.4901695251 , 14.16417
85.02 , 41.5987815856 , 14.17000
85.06 , 41.5987815856 , 14.17600
85.09 , 41.5987815856 , 14.18183
85.13 , 41.5987815856 , 14.18783
85.16 , 41.5987815856 , 14.19383
85.20 , 41.5987815856 , 14.19950
85.23 , 41.7073936462 , 14.20550
85.27 , 41.7073936462 , 14.21133
85.30 , 41.7073936462 , 14.21733
85.34 , 41.7073936462 , 14.22317
85.37 , 41.7073936462 , 14.22900
85.41 , 41.7073936462 , 14.23483
85.44 , 41.7073936462 , 14.24083
85.48 , 41.7073936462 , 14.24667
85.52 , 41.8160095214 , 14.25267
85.55 , 41.8160095214 , 14.25850
85.59 , 41.8160095214 , 14.26433
85.62 , 41.8160095214 , 14.27017
85.66 , 41.8160095214 , 14.27617
85.69 , 41.8160095214 , 14.28200
85.73 , 41.9246215820 , 14.28800
85.76 , 41.8160095214 , 14.29400
85.80 , 41.9246215820 , 14.29967
85.83 , 41.9246215820 , 14.30567
85.87 , 42.0332336425 , 14.31150
85.90 , 42.0332336425 , 14.31750
85.94 , 41.9246215820 , 14.32333
85.98 , 41.9246215820 , 14.32933
86.01 , 42.0332336425 , 14.33500
86.05 , 42.0332336425 , 14.34100
86.08 , 42.0332336425 , 14.34683
86.12 , 42.0332336425 , 14.35283
86.15 , 42.0332336425 , 14.35867
86.19 , 42.1418457031 , 14.36467
86.22 , 42.1418457031 , 14.37033
86.26 , 42.1418457031 , 14.37633
86.29 , 42.1418457031 , 14.38233
86.33 , 42.1418457031 , 14.38817
86.36 , 42.1418457031 , 14.39417
86.40 , 42.2504577636 , 14.40000
86.43 , 42.2504577636 , 14.40583
86.47 , 42.2504577636 , 14.41167
86.51 , 42.2504577636 , 14.41767
86.54 , 42.3590736389 , 14.42350
86.58 , 42.3590736389 , 14.42950
86.61 , 42.2504577636 , 14.43517
86.65 , 42.3590736389 , 14.44117
86.68 , 42.3590736389 , 14.44700
86.72 , 42.3590736389 , 14.45300
86.75 , 42.3590736389 , 14.45883
86.79 , 42.4676856994 , 14.46483
86.82 , 42.4676856994 , 14.47050
86.86 , 42.4676856994 , 14.47650
86.89 , 42.4676856994 , 14.48250
86.93 , 42.5762977600 , 14.48833
86.97 , 42.4676856994 , 14.49433
87.00 , 42.5762977600 , 14.50017
87.04 , 42.5762977600 , 14.50600
87.07 , 42.5762977600 , 14.51183
87.11 , 42.6849098205 , 14.51783
87.14 , 42.5762977600 , 14.52367
87.18 , 42.6849098205 , 14.52967
87.21 , 42.6849098205 , 14.53550
87.25 , 42.6849098205 , 14.54133
87.28 , 42.6849098205 , 14.54717
87.32 , 42.6849098205 , 14.55317
87.35 , 42.6849098205 , 14.55900
87.39 , 42.6849098205 , 14.56500
87.43 , 42.7935256958 , 14.57100
87.46 , 42.6849098205 , 14.57667
87.50 , 42.6849098205 , 14.58267
87.53 , 42.7935256958 , 14.58850
87.57 , 42.7935256958 , 14.59450
87.60 , 42.7935256958 , 14.60033
87.64 , 42.7935256958 , 14.60633
87.67 , 42.9021377563 , 14.61200
87.71 , 42.9021377563 , 14.61800
87.74 , 42.9021377563 , 14.62383
87.78 , 42.9021377563 , 14.62983
87.81 , 43.0107498168 , 14.63567
87.85 , 42.9021377563 , 14.64150
87.88 , 43.0107498168 , 14.64733
87.92 , 42.9021377563 , 14.65333
87.95 , 42.9021377563 , 14.65917
87.99 , 43.0107498168 , 14.66517
88.03 , 43.0107498168 , 14.67117
88.06 , 43.0107498168 , 14.67683
88.10 , 43.0107498168 , 14.68283
88.13 , 43.0107498168 , 14.68867
88.17 , 43.1193618774 , 14.69467
88.20 , 43.1193618774 , 14.70050
88.24 , 43.0107498168 , 14.70650
88.27 , 43.1193618774 , 14.71217
88.31 , 43.1193618774 , 14.71817
88.34 , 43.1193618774 , 14.72400
88.38 , 43.1193618774 , 14.73000
88.41 , 43.2279739379 , 14.73583
88.45 , 43.2279739379 , 14.74183
88.48 , 43.1193618774 , 14.74750
88.52 , 43.2279739379 , 14.75350
88.56 , 43.2279739379 , 14.75950
88.59 , 43.3365898132 , 14.76533
88.63 , 43.2279739379 , 14.77133
88.66 , 43.2279739379 , 14.77717
88.70 , 43.3365898132 , 14.78300
88.73 , 43.3365898132 , 14.78883
88.77 , 43.3365898132 , 14.79483
88.80 , 43.4452018737 , 14.80067
88.84 , 43.3365898132 , 14.80667
88.87 , 43.4452018737 , 14.81250
88.91 , 43.4452018737 , 14.81833
88.94 , 43.4452018737 , 14.82417
88.98 , 43.5538139343 , 14.83017
89.02 , 43.4452018737 , 14.83600
89.05 , 43.5538139343 , 14.84200
89.09 , 43.5538139343 , 14.84767
89.12 , 43.5538139343 , 14.85367
89.16 , 43.5538139343 , 14.85967
89.19 , 43.5538139343 , 14.86550
89.23 , 43.5538139343 , 14.87150
89.26 , 43.6624259948 , 14.87733
89.30 , 43.5538139343 , 14.88317
89.33 , 43.6624259948 , 14.88900
89.37 , 43.7710418701 , 14.89500
89.40 , 43.6624259948 , 14.90083
89.44 , 43.6624259948 , 14.90683
89.48 , 43.8796539306 , 14.91267
89.51 , 43.7710418701 , 14.91850
89.55 , 43.7710418701 , 14.92433
89.58 , 43.7710418701 , 14.93033
89.62 , 43.7710418701 , 14.93617
89.65 , 43.7710418701 , 14.94217
89.69 , 43.7710418701 , 14.94817
89.72 , 43.7710418701 , 14.95383
89.76 , 43.8796539306 , 14.95983
89.79 , 43.8796539306 , 14.96567
89.83 , 43.9882659912 , 14.97167
89.86 , 43.8796539306 , 14.97750
89.90 , 43.9882659912 , 14.98350
89.93 , 43.8796539306 , 14.98917
89.97 , 43.8796539306 , 14.99517
90.01 , 43.9882659912 , 15.00100
90.04 , 43.9882659912 , 15.00700
90.08 , 43.9882659912 , 15.01283
90.11 , 43.9882659912 , 15.01883
90.15 , 44.0968856811 , 15.02450
90.18 , 43.9882659912 , 15.03050
90.22 , 44.0968856811 , 15.03633
90.25 , 43.9882659912 , 15.04233
90.29 , 44.0968856811 , 15.04833
90.32 , 44.0968856811 , 15.05400
90.36 , 44.0968856811 , 15.06000
90.39 , 44.0968856811 , 15.06583
90.43 , 44.0968856811 , 15.07183
90.47 , 44.0968856811 , 15.07767
90.50 , 44.0968856811 , 15.08367
90.54 , 44.2054977416 , 15.08933
90.57 , 44.2054977416 , 15.09533
90.61 , 44.2054977416 , 15.10117
90.64 , 44.3141098022 , 15.10717
90.68 , 44.3141098022 , 15.11300
90.71 , 44.3141098022 , 15.11900
90.75 , 44.3141098022 , 15.12467
90.78 , 44.3141098022 , 15.13067
90.82 , 44.3141098022 , 15.13667
90.86 , 44.3141098022 , 15.14250
90.89 , 44.3141098022 , 15.14850
90.93 , 44.4227218627 , 15.15433
90.96 , 44.4227218627 , 15.16017
91.00 , 44.3141098022 , 15.16600
91.03 , 44.4227218627 , 15.17200
91.07 , 44.4227218627 , 15.17783
91.10 , 44.4227218627 , 15.18383
91.14 , 44.5313339233 , 15.18967
91.17 , 44.5313339233 , 15.19550
91.21 , 44.5313339233 , 15.20133
91.24 , 44.6399459838 , 15.20733
91.28 , 44.5313339233 , 15.21317
91.31 , 44.5313339233 , 15.21917
91.35 , 44.6399459838 , 15.22500
91.38 , 44.6399459838 , 15.23083
91.42 , 44.6399459838 , 15.23683
91.46 , 44.6399459838 , 15.24267
91.49 , 44.6399459838 , 15.24867
91.53 , 44.7485580444 , 15.25450
91.56 , 44.6399459838 , 15.26050
91.60 , 44.7485580444 , 15.26617
91.63 , 44.7485580444 , 15.27217
91.67 , 44.7485580444 , 15.27800
91.70 , 44.8571701049 , 15.28400
91.74 , 44.8571701049 , 15.28983
91.77 , 44.7485580444 , 15.29567
91.81 , 44.8571701049 , 15.30150
91.84 , 44.8571701049 , 15.30750
91.88 , 44.8571701049 , 15.31333
91.92 , 44.8571701049 , 15.31933
91.95 , 44.9657859802 , 15.32533
91.99 , 44.8571701049 , 15.33100
92.02 , 44.8571701049 , 15.33700
92.06 , 44.9657859802 , 15.34283
92.09 , 44.9657859802 , 15.34883
92.13 , 44.9657859802 , 15.35467
92.16 , 44.9657859802 , 15.36067
92.20 , 45.0743980407 , 15.36633
92.23 , 45.0743980407 , 15.37233
92.27 , 45.0743980407 , 15.37817
92.30 , 45.0743980407 , 15.38417
92.34 , 45.0743980407 , 15.39000
92.38 , 45.1830101013 , 15.39600
92.41 , 45.0743980407 , 15.40167
92.45 , 45.1830101013 , 15.40767
92.48 , 45.1830101013 , 15.41350
92.52 , 45.1830101013 , 15.41950
92.55 , 45.1830101013 , 15.42550
92.59 , 45.1830101013 , 15.43133
92.62 , 45.1830101013 , 15.43717
92.66 , 45.1830101013 , 15.44300
92.69 , 45.1830101013 , 15.44900
92.73 , 45.2916221618 , 15.45483
92.76 , 45.2916221618 , 15.46083
92.80 , 45.1830101013 , 15.46667
92.83 , 45.2916221618 , 15.47250
92.87 , 45.2916221618 , 15.47833
92.91 , 45.2916221618 , 15.48433
92.94 , 45.2916221618 , 15.49017
92.98 , 45.4002380371 , 15.49617
93.01 , 45.4002380371 , 15.50183
93.05 , 45.4002380371 , 15.50783
93.08 , 45.2916221618 , 15.51383
93.12 , 45.4002380371 , 15.51967
93.15 , 45.4002380371 , 15.52567
93.19 , 45.4002380371 , 15.53150
93.22 , 45.5088500976 , 15.53733
93.26 , 45.4002380371 , 15.54317
93.29 , 45.5088500976 , 15.54917
93.33 , 45.5088500976 , 15.55500
93.37 , 45.5088500976 , 15.56100
93.40 , 45.5088500976 , 15.56683
93.44 , 45.6174621582 , 15.57267
93.47 , 45.6174621582 , 15.57850
93.51 , 45.6174621582 , 15.58450
93.54 , 45.6174621582 , 15.59033
93.58 , 45.6174621582 , 15.59633
93.61 , 45.6174621582 , 15.60217
93.65 , 45.7260742187 , 15.60800
93.68 , 45.7260742187 , 15.61400
93.72 , 45.7260742187 , 15.61983
93.75 , 45.7260742187 , 15.62583
93.79 , 45.7260742187 , 15.63167
93.83 , 45.7260742187 , 15.63767
93.86 , 45.7260742187 , 15.64333
93.90 , 45.8346862792 , 15.64933
93.93 , 45.8346862792 , 15.65517
93.97 , 45.8346862792 , 15.66117
94.00 , 45.9433021545 , 15.66700
94.04 , 45.9433021545 , 15.67300
94.07 , 45.8346862792 , 15.67867
94.11 , 45.9433021545 , 15.68467
94.14 , 45.9433021545 , 15.69050
94.18 , 45.9433021545 , 15.69650
94.21 , 45.9433021545 , 15.70250
94.25 , 46.0519142150 , 15.70817
94.29 , 45.9433021545 , 15.71417
94.32 , 45.9433021545 , 15.72000
94.36 , 46.0519142150 , 15.72600
94.39 , 46.0519142150 , 15.73183
94.43 , 46.0519142150 , 15.73783
94.46 , 46.0519142150 , 15.74350
94.50 , 46.0519142150 , 15.74950
94.53 , 46.0519142150 , 15.75533
94.57 , 46.1605262756 , 15.76133
94.60 , 46.0519142150 , 15.76717
94.64 , 46.1605262756 , 15.77317
94.67 , 46.1605262756 , 15.77883
94.71 , 46.1605262756 , 15.78483
94.74 , 46.1605262756 , 15.79067
94.78 , 46.1605262756 , 15.79667
94.82 , 46.2691383361 , 15.80267
94.85 , 46.2691383361 , 15.80850
94.89 , 46.1605262756 , 15.81433
94.92 , 46.2691383361 , 15.82017
94.96 , 46.3777542114 , 15.82617
94.99 , 46.2691383361 , 15.83200
95.03 , 46.2691383361 , 15.83800
95.06 , 46.2691383361 , 15.84383
95.10 , 46.2691383361 , 15.84967
95.13 , 46.2691383361 , 15.85550
95.17 , 46.3777542114 , 15.86150
95.20 , 46.3777542114 , 15.86733
95.24 , 46.3777542114 , 15.87333
95.27 , 46.4863662719 , 15.87917
95.31 , 46.3777542114 , 15.88500
95.35 , 46.4863662719 , 15.89100
95.38 , 46.4863662719 , 15.89683
95.42 , 46.3777542114 , 15.90283
95.45 , 46.5949783325 , 15.90867
95.49 , 46.4863662719 , 15.91467
95.52 , 46.4863662719 , 15.92033
95.56 , 46.4863662719 , 15.92633
95.59 , 46.4863662719 , 15.93217
95.63 , 46.5949783325 , 15.93817
95.66 , 46.5949783325 , 15.94400
95.70 , 46.5949783325 , 15.94983
95.73 , 46.5949783325 , 15.95567
95.77 , 46.5949783325 , 15.96167
95.80 , 46.5949783325 , 15.96750
95.84 , 46.7035903930 , 15.97350
95.88 , 46.7035903930 , 15.97933
95.91 , 46.8122024536 , 15.98517
95.95 , 46.7035903930 , 15.99117
95.98 , 46.8122024536 , 15.99700
96.02 , 46.7035903930 , 16.00300
96.05 , 46.8122024536 , 16.00884
96.09 , 46.7035903930 , 16.01483
96.12 , 46.8122024536 , 16.02050
96.16 , 46.8122024536 , 16.02650
96.19 , 46.8122024536 , 16.03233
96.23 , 46.9208183288 , 16.03833
96.26 , 46.8122024536 , 16.04417
96.30 , 46.9208183288 , 16.05017
96.33 , 46.9208183288 , 16.05583
96.37 , 46.9208183288 , 16.06184
96.41 , 47.0294303894 , 16.06767
96.44 , 46.9208183288 , 16.07367
96.48 , 47.0294303894 , 16.07967
96.51 , 47.0294303894 , 16.08550
96.55 , 47.0294303894 , 16.09133
96.58 , 47.0294303894 , 16.09717
96.62 , 47.0294303894 , 16.10317
96.65 , 47.0294303894 , 16.10900
96.69 , 47.0294303894 , 16.11500
96.72 , 47.1380424499 , 16.12067
96.76 , 47.1380424499 , 16.12667
96.79 , 47.1380424499 , 16.13250
96.83 , 47.1380424499 , 16.13850
96.87 , 47.2466545104 , 16.14433
96.90 , 47.2466545104 , 16.15033
96.94 , 47.2466545104 , 16.15600
96.97 , 47.2466545104 , 16.16200
97.01 , 47.1380424499 , 16.16784
97.04 , 47.2466545104 , 16.17383
97.08 , 47.2466545104 , 16.17984
97.11 , 47.2466545104 , 16.18567
97.15 , 47.2466545104 , 16.19150
97.18 , 47.3552703857 , 16.19734
97.22 , 47.2466545104 , 16.20334
97.25 , 47.3552703857 , 16.20917
97.29 , 47.3552703857 , 16.21517
97.33 , 47.3552703857 , 16.22100
97.36 , 47.3552703857 , 16.22683
97.40 , 47.4638824462 , 16.23267
97.43 , 47.4638824462 , 16.23867
97.47 , 47.4638824462 , 16.24450
97.50 , 47.4638824462 , 16.25050
97.54 , 47.4638824462 , 16.25634
97.57 , 47.4638824462 , 16.26217
97.61 , 47.5724945068 , 16.26817
97.64 , 47.4638824462 , 16.27400
97.68 , 47.5724945068 , 16.28000
97.71 , 47.5724945068 , 16.28583
97.75 , 47.5724945068 , 16.29183
97.79 , 47.5724945068 , 16.29750
97.82 , 47.5724945068 , 16.30350
97.86 , 47.6811065673 , 16.30933
97.89 , 47.5724945068 , 16.31534
97.93 , 47.6811065673 , 16.32117
97.96 , 47.5724945068 , 16.32717
98.00 , 47.5724945068 , 16.33283
98.03 , 47.6811065673 , 16.33883
98.07 , 47.6811065673 , 16.34467
98.10 , 47.6811065673 , 16.35067
98.14 , 47.6811065673 , 16.35650
98.17 , 47.6811065673 , 16.36234
98.21 , 47.7897186279 , 16.36833
98.25 , 47.7897186279 , 16.37417
98.28 , 47.7897186279 , 16.38017
98.32 , 47.7897186279 , 16.38600
98.35 , 47.7897186279 , 16.39200
98.39 , 47.7897186279 , 16.39767
98.42 , 47.8983345031 , 16.40367
98.46 , 47.8983345031 , 16.40950
98.49 , 47.8983345031 , 16.41550
98.53 , 47.8983345031 , 16.42133
98.56 , 47.8983345031 , 16.42733
98.60 , 47.8983345031 , 16.43300
98.63 , 47.8983345031 , 16.43900
98.67 , 47.8983345031 , 16.44483
98.70 , 48.0069465637 , 16.45083
98.74 , 48.0069465637 , 16.45683
98.78 , 48.0069465637 , 16.46267
98.81 , 48.1155586242 , 16.46850
98.85 , 48.1155586242 , 16.47434
98.88 , 48.0069465637 , 16.48034
98.92 , 48.1155586242 , 16.48617
98.95 , 48.1155586242 , 16.49217
98.99 , 48.1155586242 , 16.49800
99.02 , 48.2241706848 , 16.50383
99.06 , 48.2241706848 , 16.50967
99.09 , 48.2241706848 , 16.51567
99.13 , 48.2241706848 , 16.52150
99.16 , 48.2241706848 , 16.52750
99.20 , 48.2241706848 , 16.53333
99.23 , 48.3327827453 , 16.53917
99.27 , 48.3327827453 , 16.54500
99.31 , 48.2241706848 , 16.55100
99.34 , 48.3327827453 , 16.55700
99.38 , 48.3327827453 , 16.56283
99.41 , 48.3327827453 , 16.56867
99.45 , 48.3327827453 , 16.57450
99.48 , 48.4413986206 , 16.58050
99.52 , 48.4413986206 , 16.58633
99.55 , 48.4413986206 , 16.59234
99.59 , 48.3327827453 , 16.59817
99.62 , 48.4413986206 , 16.60400
99.66 , 48.3327827453 , 16.60983
99.69 , 48.4413986206 , 16.61583
99.73 , 48.4413986206 , 16.62167
99.77 , 48.4413986206 , 16.62767
99.80 , 48.5500106811 , 16.63350
99.84 , 48.4413986206 , 16.63933
99.87 , 48.5500106811 , 16.64533
99.91 , 48.4413986206 , 16.65117
99.94 , 48.5500106811 , 16.65717
99.98 , 48.6586227416 , 16.66300
100.01 , 48.5500106811 , 16.66900
100.05 , 48.5500106811 , 16.67484
100.09 , 48.5500106811 , 16.68100
100.12 , 48.6586227416 , 16.68700
100.16 , 48.6586227416 , 16.69317
100.19 , 48.6586227416 , 16.69917
100.23 , 48.6586227416 , 16.70533
100.27 , 48.6586227416 , 16.71133
100.30 , 48.7672348022 , 16.71734
100.34 , 48.7672348022 , 16.72350
100.38 , 48.7672348022 , 16.72950
100.41 , 48.7672348022 , 16.73567
100.45 , 48.8758506774 , 16.74167
100.49 , 48.7672348022 , 16.74783
100.52 , 48.7672348022 , 16.75383
100.56 , 48.7672348022 , 16.75984
100.59 , 48.8758506774 , 16.76584
100.63 , 48.8758506774 , 16.77200
100.67 , 48.8758506774 , 16.77800
100.70 , 48.8758506774 , 16.78417
100.74 , 48.8758506774 , 16.79033
100.78 , 48.9844627380 , 16.79617
100.81 , 48.9844627380 , 16.80233
100.85 , 48.9844627380 , 16.80834
100.89 , 48.9844627380 , 16.81450
100.92 , 48.9844627380 , 16.82050
100.96 , 48.9844627380 , 16.82667
101.00 , 48.9844627380 , 16.83267
101.03 , 48.9844627380 , 16.83867
101.07 , 49.0930747985 , 16.84483
101.11 , 48.9844627380 , 16.85083
101.14 , 49.0930747985 , 16.85700
101.18 , 49.2016868591 , 16.86300
101.21 , 49.0930747985 , 16.86917
101.25 , 49.2016868591 , 16.87517
101.29 , 49.2016868591 , 16.88117
101.32 , 49.0930747985 , 16.88717
101.36 , 49.2016868591 , 16.89333
101.40 , 49.2016868591 , 16.89933
101.43 , 49.2016868591 , 16.90550
101.47 , 49.2016868591 , 16.91167
101.51 , 49.3102989196 , 16.91767
101.54 , 49.3102989196 , 16.92367
101.58 , 49.3102989196 , 16.92967
101.61 , 49.3102989196 , 16.93583
101.65 , 49.3102989196 , 16.94183
101.69 , 49.3102989196 , 16.94800
101.72 , 49.3102989196 , 16.95400
101.76 , 49.4189147949 , 16.96017
101.80 , 49.4189147949 , 16.96600
101.83 , 49.4189147949 , 16.97217
101.87 , 49.4189147949 , 16.97834
101.91 , 49.4189147949 , 16.98433
101.94 , 49.4189147949 , 16.99050
101.98 , 49.5275268554 , 16.99650
102.02 , 49.5275268554 , 17.00267
102.05 , 49.5275268554 , 17.00850
102.09 , 49.5275268554 , 17.01467
102.12 , 49.5275268554 , 17.02067
102.16 , 49.5275268554 , 17.02684
102.20 , 49.5275268554 , 17.03283
102.23 , 49.6361465454 , 17.03900
102.27 , 49.5275268554 , 17.04500
102.31 , 49.5275268554 , 17.05100
102.34 , 49.5275268554 , 17.05717
102.38 , 49.6361465454 , 17.06317
102.42 , 49.6361465454 , 17.06933
102.45 , 49.6361465454 , 17.07534
102.49 , 49.6361465454 , 17.08150
102.52 , 49.6361465454 , 17.08733
102.56 , 49.6361465454 , 17.09350
102.60 , 49.7447586059 , 17.09950
102.63 , 49.6361465454 , 17.10567
102.67 , 49.7447586059 , 17.11183
102.71 , 49.7447586059 , 17.11783
102.74 , 49.7447586059 , 17.12400
102.78 , 49.7447586059 , 17.12983
102.82 , 49.7447586059 , 17.13600
102.85 , 49.8533706665 , 17.14200
102.89 , 49.8533706665 , 17.14817
102.93 , 49.8533706665 , 17.15417
102.96 , 49.8533706665 , 17.16033
103.00 , 49.8533706665 , 17.16633
103.03 , 49.9619827270 , 17.17233
103.07 , 49.8533706665 , 17.17850
103.11 , 49.9619827270 , 17.18450
103.14 , 49.8533706665 , 17.19067
103.18 , 49.9619827270 , 17.19667
103.22 , 49.9619827270 , 17.20284
103.25 , 50.0705947875 , 17.20867
103.29 , 49.9619827270 , 17.21483
103.32 , 50.0705947875 , 17.22083
103.36 , 50.0705947875 , 17.22700
103.40 , 50.0705947875 , 17.23317
103.43 , 50.0705947875 , 17.23917
103.47 , 50.0705947875 , 17.24534
103.51 , 50.0705947875 , 17.25117
103.54 , 50.1792106628 , 17.25733
103.58 , 50.1792106628 , 17.26333
103.62 , 50.1792106628 , 17.26950
103.65 , 50.1792106628 , 17.27550
103.69 , 50.2878227233 , 17.28167
103.73 , 50.1792106628 , 17.28767
103.76 , 50.2878227233 , 17.29367
103.80 , 50.2878227233 , 17.29984
103.83 , 50.2878227233 , 17.30583
103.87 , 50.2878227233 , 17.31200
103.91 , 50.2878227233 , 17.31800
103.94 , 50.2878227233 , 17.32417
103.98 , 50.3964347839 , 17.33017
104.02 , 50.3964347839 , 17.33617
104.05 , 50.2878227233 , 17.34217
104.09 , 50.3964347839 , 17.34833
104.13 , 50.3964347839 , 17.35433
104.16 , 50.3964347839 , 17.36050
104.20 , 50.3964347839 , 17.36667
104.24 , 50.3964347839 , 17.37267
104.27 , 50.3964347839 , 17.37867
104.31 , 50.3964347839 , 17.38467
104.34 , 50.5050468444 , 17.39084
104.38 , 50.3964347839 , 17.39683
104.42 , 50.5050468444 , 17.40300
104.45 , 50.6136627197 , 17.40900
104.49 , 50.5050468444 , 17.41517
104.53 , 50.5050468444 , 17.42100
104.56 , 50.5050468444 , 17.42717
104.60 , 50.5050468444 , 17.43334
104.64 , 50.5050468444 , 17.43934
104.67 , 50.5050468444 , 17.44550
104.71 , 50.6136627197 , 17.45150
104.75 , 50.6136627197 , 17.45750
104.78 , 50.7222747802 , 17.46350
104.82 , 50.7222747802 , 17.46967
104.85 , 50.7222747802 , 17.47567
104.89 , 50.7222747802 , 17.48184
104.93 , 50.7222747802 , 17.48784
104.96 , 50.7222747802 , 17.49400
105.00 , 50.7222747802 , 17.50000
105.04 , 50.7222747802 , 17.50600
105.07 , 50.8308868408 , 17.51217
105.11 , 50.8308868408 , 17.51817
105.15 , 50.7222747802 , 17.52433
105.18 , 50.8308868408 , 17.53034
105.22 , 50.8308868408 , 17.53650
105.25 , 50.8308868408 , 17.54233
105.29 , 50.8308868408 , 17.54850
105.33 , 50.8308868408 , 17.55450
105.36 , 50.8308868408 , 17.56067
105.40 , 50.8308868408 , 17.56683
105.44 , 50.8308868408 , 17.57283
105.47 , 50.9394989013 , 17.57900
105.51 , 50.9394989013 , 17.58484
105.55 , 50.9394989013 , 17.59100
105.58 , 51.0481109619 , 17.59700
105.62 , 51.0481109619 , 17.60317
105.65 , 51.0481109619 , 17.60917
105.69 , 51.0481109619 , 17.61533
105.73 , 51.0481109619 , 17.62150
105.76 , 51.0481109619 , 17.62734
105.80 , 51.1567268371 , 17.63350
105.84 , 51.0481109619 , 17.63950
105.87 , 51.1567268371 , 17.64567
105.91 , 51.1567268371 , 17.65167
105.95 , 51.1567268371 , 17.65783
105.98 , 51.1567268371 , 17.66367
106.02 , 51.2653388977 , 17.66983
106.05 , 51.1567268371 , 17.67584
106.09 , 51.1567268371 , 17.68200
106.13 , 51.2653388977 , 17.68817
106.16 , 51.2653388977 , 17.69417
106.20 , 51.2653388977 , 17.70034
106.24 , 51.3739509582 , 17.70617
106.27 , 51.2653388977 , 17.71233
106.31 , 51.3739509582 , 17.71833
106.35 , 51.4825630187 , 17.72450
106.38 , 51.2653388977 , 17.73050
106.42 , 51.3739509582 , 17.73667
106.46 , 51.3739509582 , 17.74267
106.49 , 51.3739509582 , 17.74867
106.53 , 51.3739509582 , 17.75483
106.56 , 51.4825630187 , 17.76083
106.60 , 51.4825630187 , 17.76700
106.64 , 51.4825630187 , 17.77300
106.68 , 51.3739509582 , 17.77917
106.71 , 51.4825630187 , 17.78517
106.75 , 51.4825630187 , 17.79117
106.78 , 51.4825630187 , 17.79717
106.82 , 51.4825630187 , 17.80333
106.86 , 51.5911788940 , 17.80933
106.89 , 51.4825630187 , 17.81550
106.93 , 51.5911788940 , 17.82167
106.97 , 51.5911788940 , 17.82767
107.00 , 51.5911788940 , 17.83367
107.04 , 51.5911788940 , 17.83967
107.07 , 51.5911788940 , 17.84583
107.11 , 51.5911788940 , 17.85183
107.15 , 51.5911788940 , 17.85800
107.18 , 51.5911788940 , 17.86400
107.22 , 51.5911788940 , 17.87000
107.26 , 51.6997909545 , 17.87600
107.29 , 51.6997909545 , 17.88217
107.33 , 51.6997909545 , 17.88833
107.37 , 51.6997909545 , 17.89433
107.40 , 51.6997909545 , 17.90050
107.44 , 51.6997909545 , 17.90650
107.47 , 51.6997909545 , 17.91250
107.51 , 51.8084030151 , 17.91850
107.55 , 51.8084030151 , 17.92467
107.58 , 51.8084030151 , 17.93067
107.62 , 51.8084030151 , 17.93684
107.66 , 51.8084030151 , 17.94283
107.69 , 51.8084030151 , 17.94900
107.73 , 51.8084030151 , 17.95500
107.77 , 51.9170150756 , 17.96100
107.80 , 51.9170150756 , 17.96717
107.84 , 52.0256271362 , 17.97317
107.88 , 51.9170150756 , 17.97933
107.91 , 51.9170150756 , 17.98534
107.95 , 52.0256271362 , 17.99150
107.98 , 51.9170150756 , 17.99733
108.02 , 52.0256271362 , 18.00350
108.06 , 51.9170150756 , 18.00967
108.09 , 52.0256271362 , 18.01567
108.13 , 52.0256271362 , 18.02183
108.17 , 52.1342430114 , 18.02783
108.20 , 52.0256271362 , 18.03400
108.24 , 52.1342430114 , 18.03983
108.28 , 52.1342430114 , 18.04600
108.31 , 52.0256271362 , 18.05200
108.35 , 52.1342430114 , 18.05817
108.38 , 52.1342430114 , 18.06417
108.42 , 52.2428550720 , 18.07033
108.46 , 52.1342430114 , 18.07650
108.49 , 52.1342430114 , 18.08234
108.53 , 52.2428550720 , 18.08850
108.57 , 52.1342430114 , 18.09450
108.60 , 52.2428550720 , 18.10067
108.64 , 52.2428550720 , 18.10667
108.68 , 52.2428550720 , 18.11284
108.71 , 52.2428550720 , 18.11867
108.75 , 52.3514671325 , 18.12483
108.79 , 52.3514671325 , 18.13084
108.82 , 52.3514671325 , 18.13700
108.86 , 52.3514671325 , 18.14317
108.89 , 52.3514671325 , 18.14917
108.93 , 52.4600791931 , 18.15534
108.97 , 52.4600791931 , 18.16117
109.00 , 52.3514671325 , 18.16733
109.04 , 52.4600791931 , 18.17333
109.08 , 52.4600791931 , 18.17950
109.11 , 52.4600791931 , 18.18550
109.15 , 52.4600791931 , 18.19167
109.19 , 52.4600791931 , 18.19767
109.22 , 52.4600791931 , 18.20367
109.26 , 52.4600791931 , 18.20984
109.29 , 52.4600791931 , 18.21583
109.33 , 52.5686950683 , 18.22200
109.37 , 52.4600791931 , 18.22800
109.40 , 52.5686950683 , 18.23417
109.44 , 52.5686950683 , 18.24017
109.48 , 52.5686950683 , 18.24617
109.51 , 52.6773071289 , 18.25217
109.55 , 52.5686950683 , 18.25834
109.59 , 52.6773071289 , 18.26433
109.62 , 52.6773071289 , 18.27050
109.66 , 52.6773071289 , 18.27667
109.70 , 52.6773071289 , 18.28267
109.73 , 52.6773071289 , 18.28867
109.77 , 52.6773071289 , 18.29467
109.80 , 52.6773071289 , 18.30084
109.84 , 52.6773071289 , 18.30684
109.88 , 52.7859191894 , 18.31300
109.91 , 52.7859191894 , 18.31900
109.95 , 52.7859191894 , 18.32500
109.99 , 52.7859191894 , 18.33100
110.02 , 52.7859191894 , 18.33717
110.06 , 52.7859191894 , 18.34333
110.10 , 52.7859191894 , 18.34934
110.13 , 52.7859191894 , 18.35550
110.17 , 52.7859191894 , 18.36150
110.20 , 52.8945312500 , 18.36750
110.24 , 52.8945312500 , 18.37350
110.28 , 52.8945312500 , 18.37967
110.31 , 52.8945312500 , 18.38567
110.35 , 52.8945312500 , 18.39183
110.39 , 53.0031433105 , 18.39800
110.42 , 53.0031433105 , 18.40400
110.46 , 53.0031433105 , 18.41000
110.50 , 53.1117591857 , 18.41600
110.53 , 53.0031433105 , 18.42217
110.57 , 53.0031433105 , 18.42817
110.61 , 53.2203712463 , 18.43433
110.64 , 53.1117591857 , 18.44034
110.68 , 53.1117591857 , 18.44650
110.71 , 53.1117591857 , 18.45233
110.75 , 53.1117591857 , 18.45850
110.79 , 53.2203712463 , 18.46467
110.82 , 53.2203712463 , 18.47067
110.86 , 53.2203712463 , 18.47683
110.90 , 53.2203712463 , 18.48283
110.93 , 53.2203712463 , 18.48900
110.97 , 53.2203712463 , 18.49484
111.01 , 53.3289833068 , 18.50100
111.04 , 53.3289833068 , 18.50700
111.08 , 53.3289833068 , 18.51317
111.11 , 53.3289833068 , 18.51917
111.15 , 53.3289833068 , 18.52533
111.19 , 53.3289833068 , 18.53133
111.22 , 53.4375953674 , 18.53734
111.26 , 53.4375953674 , 18.54350
111.30 , 53.4375953674 , 18.54950
111.33 , 53.4375953674 , 18.55567
111.37 , 53.4375953674 , 18.56167
111.41 , 53.4375953674 , 18.56783
111.44 , 53.5462074279 , 18.57367
111.48 , 53.5462074279 , 18.57983
111.51 , 53.5462074279 , 18.58584
111.55 , 53.4375953674 , 18.59200
111.59 , 53.5462074279 , 18.59817
111.62 , 53.5462074279 , 18.60417
111.66 , 53.5462074279 , 18.61034
111.70 , 53.6548233032 , 18.61617
111.73 , 53.6548233032 , 18.62233
111.77 , 53.6548233032 , 18.62833
111.81 , 53.5462074279 , 18.63450
111.84 , 53.6548233032 , 18.64050
111.88 , 53.6548233032 , 18.64667
111.92 , 53.6548233032 , 18.65267
111.95 , 53.7634353637 , 18.65867
111.99 , 53.6548233032 , 18.66483
112.02 , 53.7634353637 , 18.67083
112.06 , 53.7634353637 , 18.67700
112.10 , 53.6548233032 , 18.68300
112.13 , 53.8720474243 , 18.68917
112.17 , 53.7634353637 , 18.69517
112.21 , 53.7634353637 , 18.70117
112.24 , 53.8720474243 , 18.70717
112.28 , 53.8720474243 , 18.71333
112.32 , 53.7634353637 , 18.71933
112.35 , 53.7634353637 , 18.72550
112.39 , 53.8720474243 , 18.73167
112.43 , 53.9806594848 , 18.73750
112.46 , 53.8720474243 , 18.74367
112.50 , 53.9806594848 , 18.74967
112.54 , 53.9806594848 , 18.75584
112.57 , 53.9806594848 , 18.76183
112.61 , 53.9806594848 , 18.76800
112.64 , 53.9806594848 , 18.77400
112.68 , 54.0892753601 , 18.78000
112.72 , 54.0892753601 , 18.78617
112.75 , 54.0892753601 , 18.79217
112.79 , 54.0892753601 , 18.79833
112.83 , 54.0892753601 , 18.80433
112.86 , 54.0892753601 , 18.81050
112.90 , 54.0892753601 , 18.81650
112.93 , 54.1978874206 , 18.82250
112.97 , 54.1978874206 , 18.82850
113.01 , 54.1978874206 , 18.83467
113.04 , 54.1978874206 , 18.84067
113.08 , 54.1978874206 , 18.84683
113.12 , 54.1978874206 , 18.85300
113.15 , 54.1978874206 , 18.85900
113.19 , 54.3064994812 , 18.86500
113.23 , 54.3064994812 , 18.87100
113.26 , 54.3064994812 , 18.87717
113.30 , 54.3064994812 , 18.88317
113.34 , 54.4151115417 , 18.88933
113.37 , 54.3064994812 , 18.89533
113.41 , 54.4151115417 , 18.90150
113.44 , 54.4151115417 , 18.90733
113.48 , 54.4151115417 , 18.91350
113.52 , 54.4151115417 , 18.91967
113.55 , 54.4151115417 , 18.92567
113.59 , 54.4151115417 , 18.93184
113.63 , 54.5237236022 , 18.93783
113.66 , 54.4151115417 , 18.94400
113.70 , 54.5237236022 , 18.94983
113.74 , 54.5237236022 , 18.95600
113.77 , 54.4151115417 , 18.96200
113.81 , 54.5237236022 , 18.96817
113.84 , 54.5237236022 , 18.97417
113.88 , 54.6323394775 , 18.98034
113.92 , 54.5237236022 , 18.98633
113.95 , 54.6323394775 , 18.99234
113.99 , 54.6323394775 , 18.99850
114.03 , 54.6323394775 , 19.00450
114.06 , 54.5237236022 , 19.01067
114.10 , 54.6323394775 , 19.01667
114.14 , 54.6323394775 , 19.02284
114.17 , 54.7409515380 , 19.02867
114.21 , 54.6323394775 , 19.03483
114.25 , 54.7409515380 , 19.04084
114.28 , 54.7409515380 , 19.04700
114.32 , 54.7409515380 , 19.05317
114.36 , 54.7409515380 , 19.05917
114.39 , 54.7409515380 , 19.06534
114.43 , 54.7409515380 , 19.07117
114.46 , 54.8495635986 , 19.07733
114.50 , 54.8495635986 , 19.08333
114.54 , 54.8495635986 , 19.08950
114.57 , 54.9581756591 , 19.09550
114.61 , 54.9581756591 , 19.10167
114.65 , 54.8495635986 , 19.10767
114.68 , 54.8495635986 , 19.11367
114.72 , 54.9581756591 , 19.11984
114.75 , 54.8495635986 , 19.12583
114.79 , 54.9581756591 , 19.13200
114.83 , 54.9581756591 , 19.13800
114.86 , 55.0667915344 , 19.14417
114.90 , 54.9581756591 , 19.15000
114.94 , 55.0667915344 , 19.15617
114.97 , 55.0667915344 , 19.16217
115.01 , 55.0667915344 , 19.16834
115.05 , 55.0667915344 , 19.17450
115.08 , 55.0667915344 , 19.18050
115.12 , 55.0667915344 , 19.18667
115.15 , 55.1754074096 , 19.19250
115.19 , 55.1754074096 , 19.19867
115.23 , 55.0667915344 , 19.20467
115.26 , 55.1754074096 , 19.21084
115.30 , 55.2840194702 , 19.21684
115.34 , 55.1754074096 , 19.22300
115.37 , 55.1754074096 , 19.22900
115.41 , 55.2840194702 , 19.23500
115.45 , 55.2840194702 , 19.24117
115.48 , 55.2840194702 , 19.24717
115.52 , 55.2840194702 , 19.25333
115.56 , 55.2840194702 , 19.25934
115.59 , 55.2840194702 , 19.26550
115.63 , 55.3926353454 , 19.27150
115.66 , 55.3926353454 , 19.27750
115.70 , 55.3926353454 , 19.28350
115.74 , 55.3926353454 , 19.28967
115.77 , 55.3926353454 , 19.29567
115.81 , 55.3926353454 , 19.30183
115.85 , 55.5012474060 , 19.30800
115.88 , 55.3926353454 , 19.31400
115.92 , 55.5012474060 , 19.32000
115.96 , 55.5012474060 , 19.32600
115.99 , 55.5012474060 , 19.33217
116.03 , 55.5012474060 , 19.33817
116.07 , 55.6098594665 , 19.34433
116.10 , 55.6098594665 , 19.35033
116.14 , 55.6098594665 , 19.35650
116.17 , 55.5012474060 , 19.36234
116.21 , 55.6098594665 , 19.36850
116.25 , 55.6098594665 , 19.37467
116.28 , 55.6098594665 , 19.38067
116.32 , 55.7184715270 , 19.38683
116.36 , 55.6098594665 , 19.39283
116.39 , 55.6098594665 , 19.39883
116.43 , 55.6098594665 , 19.40484
116.47 , 55.7184715270 , 19.41100
116.50 , 55.7184715270 , 19.41700
116.54 , 55.7184715270 , 19.42317
116.57 , 55.7184715270 , 19.42917
116.61 , 55.7184715270 , 19.43533
116.65 , 55.7184715270 , 19.44133
116.68 , 55.8270874023 , 19.44734
116.72 , 55.7184715270 , 19.45350
116.76 , 55.8270874023 , 19.45950
116.79 , 55.8270874023 , 19.46567
116.83 , 55.8270874023 , 19.47167
116.87 , 55.8270874023 , 19.47783
116.90 , 55.8270874023 , 19.48367
116.94 , 55.9356994628 , 19.48983
116.97 , 55.9356994628 , 19.49584
117.01 , 55.9356994628 , 19.50200
117.05 , 55.9356994628 , 19.50817
117.08 , 55.9356994628 , 19.51417
117.12 , 55.9356994628 , 19.52033
117.16 , 55.9356994628 , 19.52617
117.19 , 55.9356994628 , 19.53233
117.23 , 56.0443115234 , 19.53833
117.27 , 56.0443115234 , 19.54450
117.30 , 55.9356994628 , 19.55050
117.34 , 56.0443115234 , 19.55667
117.38 , 56.0443115234 , 19.56283
117.41 , 56.0443115234 , 19.56867
117.45 , 56.0443115234 , 19.57483
117.48 , 56.1529235839 , 19.58083
117.52 , 56.1529235839 , 19.58700
117.56 , 56.1529235839 , 19.59300
117.59 , 56.1529235839 , 19.59917
117.63 , 56.2615356445 , 19.60500
117.67 , 56.1529235839 , 19.61117
117.70 , 56.1529235839 , 19.61717
117.74 , 56.1529235839 , 19.62333
117.78 , 56.2615356445 , 19.62950
117.81 , 56.3701515197 , 19.63550
117.85 , 56.3701515197 , 19.64167
117.88 , 56.2615356445 , 19.64750
117.92 , 56.3701515197 , 19.65367
117.96 , 56.3701515197 , 19.65967
118.00 , 56.3701515197 , 19.66584
118.03 , 56.3701515197 , 19.67183
118.07 , 56.3701515197 , 19.67800
118.10 , 56.3701515197 , 19.68400
118.14 , 56.4787635803 , 19.69000
118.18 , 56.4787635803 , 19.69617
118.21 , 56.3701515197 , 19.70217
118.25 , 56.4787635803 , 19.70833
118.29 , 56.5873756408 , 19.71434
118.32 , 56.4787635803 , 19.72050
118.36 , 56.5873756408 , 19.72650
118.39 , 56.4787635803 , 19.73250
118.43 , 56.5873756408 , 19.73850
118.47 , 56.5873756408 , 19.74467
118.50 , 56.5873756408 , 19.75067
118.54 , 56.5873756408 , 19.75683
118.58 , 56.5873756408 , 19.76300
118.61 , 56.5873756408 , 19.76900
118.65 , 56.5873756408 , 19.77500
118.69 , 56.5873756408 , 19.78100
118.72 , 56.6959877014 , 19.78717
118.76 , 56.6959877014 , 19.79317
118.80 , 56.5873756408 , 19.79933
118.83 , 56.6959877014 , 19.80533
118.87 , 56.6959877014 , 19.81133
118.90 , 56.6959877014 , 19.81733
118.94 , 56.8046035766 , 19.82350
118.98 , 56.8046035766 , 19.82967
119.01 , 56.6959877014 , 19.83567
119.05 , 56.8046035766 , 19.84184
119.09 , 56.8046035766 , 19.84783
119.12 , 56.8046035766 , 19.85383
119.16 , 56.8046035766 , 19.85983
119.20 , 56.9132156372 , 19.86600
119.23 , 56.8046035766 , 19.87200
119.27 , 56.8046035766 , 19.87817
119.30 , 56.9132156372 , 19.88417
119.34 , 56.8046035766 , 19.89034
119.38 , 56.9132156372 , 19.89633
119.41 , 56.9132156372 , 19.90233
119.45 , 56.9132156372 , 19.90850
119.49 , 56.9132156372 , 19.91450
119.52 , 57.0218276977 , 19.92067
119.56 , 56.9132156372 , 19.92667
119.60 , 56.9132156372 , 19.93284
119.63 , 56.9132156372 , 19.93867
119.67 , 57.0218276977 , 19.94483
119.71 , 57.0218276977 , 19.95100
119.74 , 57.1304397583 , 19.95700
119.78 , 57.1304397583 , 19.96317
119.81 , 57.1304397583 , 19.96917
119.85 , 57.1304397583 , 19.97533
119.89 , 57.1304397583 , 19.98117
119.92 , 57.1304397583 , 19.98734
119.96 , 57.1304397583 , 19.99333
120.00 , 57.2390518188 , 19.99950
120.03 , 57.2390518188 , 20.00550
120.07 , 57.2390518188 , 20.01167
120.11 , 57.2390518188 , 20.01783
120.14 , 57.1304397583 , 20.02367
120.18 , 57.1304397583 , 20.02984
120.21 , 57.2390518188 , 20.03583
120.25 , 57.2390518188 , 20.04200
120.29 , 57.2390518188 , 20.04800
120.32 , 57.3476676940 , 20.05417
120.36 , 57.3476676940 , 20.06000
120.40 , 57.3476676940 , 20.06617
120.43 , 57.4562797546 , 20.07217
120.47 , 57.3476676940 , 20.07834
120.51 , 57.3476676940 , 20.08450
120.54 , 57.4562797546 , 20.09050
120.58 , 57.4562797546 , 20.09667
120.61 , 57.4562797546 , 20.10250
120.65 , 57.4562797546 , 20.10867
120.69 , 57.4562797546 , 20.11467
120.72 , 57.5648918151 , 20.12084
120.76 , 57.4562797546 , 20.12684
120.80 , 57.5648918151 , 20.13300
120.83 , 57.5648918151 , 20.13900
120.87 , 57.5648918151 , 20.14500
120.91 , 57.5648918151 , 20.15117
120.94 , 57.5648918151 , 20.15717
120.98 , 57.5648918151 , 20.16333
121.02 , 57.5648918151 , 20.16934
121.05 , 57.5648918151 , 20.17550
121.09 , 57.6735038757 , 20.18150
121.12 , 57.6735038757 , 20.18750
121.16 , 57.6735038757 , 20.19350
121.20 , 57.6735038757 , 20.19967
121.23 , 57.6735038757 , 20.20567
121.27 , 57.6735038757 , 20.21183
121.31 , 57.6735038757 , 20.21800
121.34 , 57.6735038757 , 20.22400
121.38 , 57.7821197509 , 20.23000
121.42 , 57.7821197509 , 20.23600
121.45 , 57.7821197509 , 20.24217
121.49 , 57.7821197509 , 20.24817
121.53 , 57.7821197509 , 20.25433
121.56 , 57.8907318115 , 20.26033
121.60 , 57.7821197509 , 20.26634
121.63 , 57.8907318115 , 20.27234
121.67 , 57.8907318115 , 20.27850
121.71 , 57.8907318115 , 20.28467
121.74 , 57.8907318115 , 20.29067
121.78 , 57.8907318115 , 20.29683
121.82 , 57.8907318115 , 20.30283
121.85 , 57.8907318115 , 20.30883
121.89 , 57.8907318115 , 20.31484
121.93 , 57.9993438720 , 20.32100
121.96 , 57.9993438720 , 20.32700
122.00 , 57.9993438720 , 20.33317
122.04 , 57.9993438720 , 20.33934
122.07 , 57.9993438720 , 20.34533
122.11 , 57.9993438720 , 20.35133
122.14 , 58.1079559326 , 20.35733
122.18 , 57.9993438720 , 20.36350
122.22 , 58.1079559326 , 20.36950
122.25 , 58.1079559326 , 20.37567
122.29 , 58.1079559326 , 20.38167
122.33 , 58.1079559326 , 20.38784
122.36 , 58.1079559326 , 20.39367
122.40 , 58.1079559326 , 20.39983
122.44 , 58.2165679931 , 20.40600
122.47 , 58.1079559326 , 20.41200
122.51 , 58.2165679931 , 20.41817
122.54 , 58.2165679931 , 20.42417
122.58 , 58.3251838684 , 20.43033
122.62 , 58.3251838684 , 20.43617
122.65 , 58.3251838684 , 20.44233
122.69 , 58.3251838684 , 20.44833
122.73 , 58.3251838684 , 20.45450
122.76 , 58.3251838684 , 20.46050
122.80 , 58.3251838684 , 20.46667
122.84 , 58.4337959289 , 20.47267
122.87 , 58.4337959289 , 20.47867
122.91 , 58.4337959289 , 20.48483
122.94 , 58.3251838684 , 20.49083
122.98 , 58.4337959289 , 20.49700
123.02 , 58.4337959289 , 20.50300
123.05 , 58.5424079895 , 20.50917
123.09 , 58.4337959289 , 20.51500
123.13 , 58.4337959289 , 20.52117
123.16 , 58.4337959289 , 20.52717
123.20 , 58.5424079895 , 20.53333
123.24 , 58.5424079895 , 20.53950
123.27 , 58.5424079895 , 20.54550
123.31 , 58.5424079895 , 20.55167
123.34 , 58.5424079895 , 20.55750
123.38 , 58.6510200500 , 20.56367
123.42 , 58.6510200500 , 20.56967
123.45 , 58.6510200500 , 20.57583
123.49 , 58.6510200500 , 20.58183
123.53 , 58.6510200500 , 20.58800
123.56 , 58.6510200500 , 20.59400
123.60 , 58.6510200500 , 20.60000
123.64 , 58.6510200500 , 20.60617
123.67 , 58.7596321105 , 20.61217
123.71 , 58.7596321105 , 20.61833
123.75 , 58.6510200500 , 20.62434
123.78 , 58.7596321105 , 20.63050
123.82 , 58.7596321105 , 20.63650
123.86 , 58.7596321105 , 20.64250
123.89 , 58.7596321105 , 20.64850
123.93 , 58.8682479858 , 20.65467
123.96 , 58.7596321105 , 20.66067
124.00 , 58.7596321105 , 20.66683
124.04 , 58.8682479858 , 20.67300
124.07 , 58.7596321105 , 20.67883
124.11 , 58.8682479858 , 20.68500
124.15 , 58.7596321105 , 20.69100
124.18 , 58.8682479858 , 20.69717
124.22 , 58.8682479858 , 20.70317
124.26 , 58.8682479858 , 20.70933
124.29 , 58.8682479858 , 20.71533
124.33 , 58.9768600463 , 20.72134
124.36 , 58.9768600463 , 20.72750
124.40 , 58.9768600463 , 20.73350
124.44 , 58.9768600463 , 20.73967
124.47 , 58.9768600463 , 20.74567
124.51 , 58.9768600463 , 20.75184
124.55 , 59.0854721069 , 20.75783
124.58 , 59.0854721069 , 20.76383
124.62 , 58.9768600463 , 20.76984
124.66 , 58.9768600463 , 20.77600
124.69 , 59.0854721069 , 20.78200
124.73 , 59.0854721069 , 20.78817
124.77 , 59.0854721069 , 20.79434
124.80 , 59.0854721069 , 20.80034
124.84 , 59.0854721069 , 20.80633
124.87 , 59.1940841674 , 20.81233
124.91 , 59.1940841674 , 20.81850
124.95 , 59.3027000427 , 20.82450
124.98 , 59.1940841674 , 20.83067
125.02 , 59.3027000427 , 20.83667
125.06 , 59.1940841674 , 20.84284
125.09 , 59.3027000427 , 20.84867
125.13 , 59.1940841674 , 20.85483
125.17 , 59.3027000427 , 20.86100
125.20 , 59.3027000427 , 20.86700
125.24 , 59.3027000427 , 20.87317
125.27 , 59.4113121032 , 20.87917
125.31 , 59.4113121032 , 20.88533
125.35 , 59.4113121032 , 20.89117
125.38 , 59.4113121032 , 20.89734
125.42 , 59.4113121032 , 20.90333
125.46 , 59.4113121032 , 20.90950
125.49 , 59.5199241638 , 20.91550
125.53 , 59.4113121032 , 20.92167
125.57 , 59.4113121032 , 20.92767
125.60 , 59.5199241638 , 20.93367
125.64 , 59.5199241638 , 20.93984
125.68 , 59.5199241638 , 20.94584
125.71 , 59.5199241638 , 20.95200
125.75 , 59.5199241638 , 20.95800
125.79 , 59.5199241638 , 20.96417
125.82 , 59.5199241638 , 20.97000
125.86 , 59.5199241638 , 20.97617
125.89 , 59.5199241638 , 20.98217
125.93 , 59.5199241638 , 20.98834
125.97 , 59.6285362243 , 20.99450
126.00 , 59.6285362243 , 21.00050
126.04 , 59.6285362243 , 21.00667
126.07 , 59.7371482849 , 21.01250
126.11 , 59.6285362243 , 21.01867
126.15 , 59.7371482849 , 21.02467
126.18 , 59.6285362243 , 21.03083
126.22 , 59.7371482849 , 21.03684
126.26 , 59.7371482849 , 21.04300
126.29 , 59.7371482849 , 21.04900
126.33 , 59.7371482849 , 21.05500
126.37 , 59.7371482849 , 21.06117
126.40 , 59.7371482849 , 21.06717
126.44 , 59.7371482849 , 21.07333
126.48 , 59.7371482849 , 21.07933
126.51 , 59.8457641601 , 21.08550
126.55 , 59.8457641601 , 21.09133
126.58 , 59.8457641601 , 21.09750
126.62 , 59.8457641601 , 21.10350
126.66 , 59.9543762207 , 21.10967
126.69 , 59.8457641601 , 21.11583
126.73 , 59.8457641601 , 21.12183
126.77 , 59.8457641601 , 21.12800
126.80 , 59.9543762207 , 21.13384
126.84 , 60.0629882812 , 21.14000
126.88 , 59.9543762207 , 21.14600
126.91 , 59.9543762207 , 21.15217
126.95 , 59.9543762207 , 21.15817
126.99 , 60.0629882812 , 21.16433
127.02 , 60.0629882812 , 21.17033
127.06 , 59.9543762207 , 21.17634
127.09 , 60.0629882812 , 21.18250
127.13 , 60.0629882812 , 21.18850
127.17 , 60.0629882812 , 21.19467
127.20 , 60.0629882812 , 21.20067
127.24 , 60.1716003417 , 21.20683
127.28 , 60.1716003417 , 21.21283
127.31 , 60.1716003417 , 21.21883
127.35 , 60.1716003417 , 21.22484
127.39 , 60.1716003417 , 21.23100
127.42 , 60.1716003417 , 21.23700
127.46 , 60.1716003417 , 21.24317
127.50 , 60.1716003417 , 21.24934
127.53 , 60.2802162170 , 21.25533
127.57 , 60.2802162170 , 21.26133
127.60 , 60.2802162170 , 21.26733
127.64 , 60.2802162170 , 21.27350
127.68 , 60.2802162170 , 21.27950
127.71 , 60.2802162170 , 21.28567
127.75 , 60.3888282775 , 21.29167
127.79 , 60.2802162170 , 21.29784
127.82 , 60.3888282775 , 21.30367
127.86 , 60.3888282775 , 21.30983
127.90 , 60.3888282775 , 21.31600
127.93 , 60.3888282775 , 21.32200
127.97 , 60.3888282775 , 21.32817
128.01 , 60.3888282775 , 21.33417
128.04 , 60.3888282775 , 21.34017
128.08 , 60.3888282775 , 21.34617
128.11 , 60.4974403381 , 21.35233
128.15 , 60.4974403381 , 21.35833
128.19 , 60.4974403381 , 21.36450
128.22 , 60.4974403381 , 21.37050
128.26 , 60.4974403381 , 21.37667
128.30 , 60.6060523986 , 21.38267
128.33 , 60.6060523986 , 21.38867
128.37 , 60.6060523986 , 21.39484
128.41 , 60.6060523986 , 21.40083
128.44 , 60.6060523986 , 21.40700
128.48 , 60.6060523986 , 21.41300
128.52 , 60.6060523986 , 21.41917
128.55 , 60.6060523986 , 21.42500
128.59 , 60.6060523986 , 21.43117
128.62 , 60.6060523986 , 21.43717
128.66 , 60.7146644592 , 21.44334
128.70 , 60.6060523986 , 21.44950
128.73 , 60.7146644592 , 21.45550
128.77 , 60.6060523986 , 21.46167
128.80 , 60.7146644592 , 21.46750
128.84 , 60.7146644592 , 21.47367
128.88 , 60.8232841491 , 21.47967
128.91 , 60.7146644592 , 21.48583
128.95 , 60.8232841491 , 21.49184
128.99 , 60.7146644592 , 21.49800
129.02 , 60.8232841491 , 21.50417
129.06 , 60.8232841491 , 21.51000
129.10 , 60.8232841491 , 21.51617
129.13 , 60.8232841491 , 21.52217
129.17 , 60.8232841491 , 21.52833
129.21 , 60.8232841491 , 21.53433
129.24 , 60.8232841491 , 21.54050
129.28 , 60.8232841491 , 21.54633
129.32 , 60.9318962097 , 21.55250
129.35 , 60.9318962097 , 21.55850
129.39 , 60.9318962097 , 21.56467
129.43 , 60.9318962097 , 21.57084
129.46 , 60.9318962097 , 21.57683
129.50 , 61.0405120849 , 21.58300
129.53 , 60.9318962097 , 21.58884
129.57 , 61.0405120849 , 21.59500
129.61 , 61.0405120849 , 21.60100
129.64 , 61.0405120849 , 21.60717
129.68 , 61.0405120849 , 21.61317
129.72 , 61.1491241455 , 21.61934
129.75 , 61.0405120849 , 21.62533
129.79 , 61.1491241455 , 21.63133
129.83 , 61.1491241455 , 21.63750
129.86 , 61.0405120849 , 21.64350
129.90 , 61.1491241455 , 21.64967
129.93 , 61.1491241455 , 21.65567
129.97 , 61.1491241455 , 21.66183
130.01 , 61.2577362060 , 21.66784
130.04 , 61.2577362060 , 21.67383
130.08 , 61.2577362060 , 21.67983
130.12 , 61.2577362060 , 21.68600
130.15 , 61.2577362060 , 21.69200
130.19 , 61.2577362060 , 21.69817
130.23 , 61.2577362060 , 21.70433
130.26 , 61.2577362060 , 21.71033
130.30 , 61.3663482666 , 21.71634
130.33 , 61.3663482666 , 21.72233
130.37 , 61.2577362060 , 21.72850
130.41 , 61.3663482666 , 21.73450
130.44 , 61.3663482666 , 21.74067
130.48 , 61.3663482666 , 21.74667
130.52 , 61.4749603271 , 21.75267
130.55 , 61.4749603271 , 21.75867
130.59 , 61.3663482666 , 21.76484
130.63 , 61.3663482666 , 21.77100
130.66 , 61.3663482666 , 21.77700
130.70 , 61.4749603271 , 21.78317
130.74 , 61.4749603271 , 21.78917
130.77 , 61.4749603271 , 21.79517
130.81 , 61.4749603271 , 21.80117
130.84 , 61.4749603271 , 21.80733
130.88 , 61.4749603271 , 21.81334
130.92 , 61.4749603271 , 21.81950
130.95 , 61.5835762023 , 21.82550
130.99 , 61.5835762023 , 21.83167
131.03 , 61.5835762023 , 21.83767
131.06 , 61.5835762023 , 21.84367
131.10 , 61.5835762023 , 21.84984
131.13 , 61.5835762023 , 21.85583
131.17 , 61.5835762023 , 21.86200
131.21 , 61.6921882629 , 21.86800
131.25 , 61.5835762023 , 21.87417
131.28 , 61.5835762023 , 21.88000
131.32 , 61.6921882629 , 21.88617
131.35 , 61.5835762023 , 21.89233
131.39 , 61.6921882629 , 21.89834
131.43 , 61.6921882629 , 21.90450
131.46 , 61.6921882629 , 21.91050
131.50 , 61.6921882629 , 21.91667
131.54 , 61.8008003234 , 21.92250
131.57 , 61.6921882629 , 21.92867
131.61 , 61.8008003234 , 21.93467
131.65 , 61.6921882629 , 21.94083
131.68 , 61.8008003234 , 21.94684
131.72 , 61.6921882629 , 21.95300
131.76 , 61.8008003234 , 21.95917
131.79 , 61.8008003234 , 21.96500
131.83 , 61.9094123840 , 21.97117
131.86 , 61.9094123840 , 21.97717
131.90 , 61.9094123840 , 21.98333
131.94 , 61.9094123840 , 21.98933
131.97 , 61.9094123840 , 21.99550
132.01 , 62.0180282592 , 22.00133
132.05 , 61.9094123840 , 22.00750
132.08 , 61.9094123840 , 22.01350
132.12 , 62.0180282592 , 22.01967
132.16 , 61.9094123840 , 22.02583
132.19 , 62.0180282592 , 22.03183
132.23 , 62.0180282592 , 22.03800
132.26 , 62.0180282592 , 22.04384
132.30 , 62.1266403198 , 22.05000
132.34 , 62.0180282592 , 22.05600
132.37 , 62.0180282592 , 22.06217
132.41 , 62.0180282592 , 22.06817
132.45 , 62.1266403198 , 22.07433
132.48 , 62.2352523803 , 22.08033
132.52 , 62.2352523803 , 22.08633
132.55 , 62.1266403198 , 22.09250
132.59 , 62.1266403198 , 22.09850