1.68 , 0.0000000000 , 0.28067
1.72 , 0.1086129074 , 0.28617
1.75 , 0.1086129074 , 0.29133
1.78 , 0.0000000000 , 0.29683
1.81 , 0.1086129074 , 0.30217
1.85 , 0.0000000000 , 0.30767
1.88 , 0.0000000000 , 0.31300
1.91 , 0.0000000000 , 0.31833
1.94 , 0.1086129074 , 0.32367
1.98 , 0.0000000000 , 0.32917
2.01 , 0.1086129074 , 0.33450
2.04 , 0.1086129074 , 0.33983
2.07 , 0.1086129074 , 0.34517
2.10 , 0.1086129074 , 0.35067
2.14 , 0.1086129074 , 0.35600
2.17 , 0.1086129074 , 0.36133
2.20 , 0.1086129074 , 0.36667
2.23 , 0.1086129074 , 0.37217
2.27 , 0.1086129074 , 0.37750
2.30 , 0.1086129074 , 0.38283
2.33 , 0.1086129074 , 0.38817
2.36 , 0.1086129074 , 0.39350
2.39 , 0.1086129074 , 0.39900
2.43 , 0.1086129074 , 0.40417
2.46 , 0.1086129074 , 0.40967
2.49 , 0.1086129074 , 0.41500
2.52 , 0.2172258138 , 0.42050
2.55 , 0.2172258138 , 0.42567
2.59 , 0.1086129074 , 0.43117
2.62 , 0.1086129074 , 0.43650
2.65 , 0.1086129074 , 0.44200
2.68 , 0.1086129074 , 0.44717
2.72 , 0.1086129074 , 0.45267
2.75 , 0.2172258138 , 0.45800
2.78 , 0.2172258138 , 0.46350
2.81 , 0.2172258138 , 0.46867
2.85 , 0.2172258138 , 0.47417
2.88 , 0.2172258138 , 0.47950
2.91 , 0.2172258138 , 0.48500
2.94 , 0.3258387088 , 0.49017
2.97 , 0.2172258138 , 0.49567
3.01 , 0.2172258138 , 0.50100
3.04 , 0.2172258138 , 0.50650
3.07 , 0.3258387088 , 0.51167
3.10 , 0.2172258138 , 0.51717
3.14 , 0.2172258138 , 0.52250
3.17 , 0.3258387088 , 0.52800
3.20 , 0.3258387088 , 0.53333
3.23 , 0.3258387088 , 0.53867
3.26 , 0.2172258138 , 0.54400
3.30 , 0.4344529628 , 0.54950
3.33 , 0.4344529628 , 0.55483
3.36 , 0.4344529628 , 0.56017
3.39 , 0.4344529628 , 0.56550
3.43 , 0.4344529628 , 0.57083
3.46 , 0.3258387088 , 0.57633
3.49 , 0.4344529628 , 0.58150
3.52 , 0.4344529628 , 0.58700
3.55 , 0.5430658340 , 0.59233
3.59 , 0.5430658340 , 0.59783
3.62 , 0.5430658340 , 0.60300
3.65 , 0.5430658340 , 0.60850
3.68 , 0.5430658340 , 0.61383
3.72 , 0.5430658340 , 0.61933
3.75 , 0.5430658340 , 0.62450
3.78 , 0.6516787528 , 0.63000
3.81 , 0.5430658340 , 0.63533
3.85 , 0.5430658340 , 0.64083
3.88 , 0.5430658340 , 0.64600
3.91 , 0.5430658340 , 0.65150
3.94 , 0.6516787528 , 0.65683
3.97 , 0.6516787528 , 0.66233
4.01 , 0.6516787528 , 0.66750
4.04 , 0.7602916240 , 0.67300
4.07 , 0.7602916240 , 0.67833
4.10 , 0.8689044952 , 0.68383
4.13 , 0.8689044952 , 0.68900
4.17 , 0.9775175094 , 0.69450
4.20 , 0.8689044952 , 0.69983
4.23 , 0.7602916240 , 0.70533
4.26 , 0.9775175094 , 0.71050
4.30 , 0.8689044952 , 0.71600
4.33 , 0.8689044952 , 0.72133
4.36 , 0.8689044952 , 0.72683
4.39 , 0.9775175094 , 0.73200
4.42 , 0.8689044952 , 0.73733
4.46 , 0.9775175094 , 0.74283
4.49 , 0.9775175094 , 0.74817
4.52 , 0.9775175094 , 0.75350
4.55 , 0.9775175094 , 0.75883
4.59 , 0.9775175094 , 0.76433
4.62 , 1.0861303806 , 0.76967
4.65 , 1.0861303806 , 0.77517
4.68 , 1.0861303806 , 0.78033
4.72 , 1.0861303806 , 0.78583
4.75 , 1.0861303806 , 0.79117
4.78 , 1.1947432708 , 0.79667
4.81 , 1.0861303806 , 0.80183
4.84 , 1.1947432708 , 0.80733
4.88 , 1.1947432708 , 0.81267
4.91 , 1.1947432708 , 0.81817
4.94 , 1.1947432708 , 0.82333
4.97 , 1.1947432708 , 0.82883
5.01 , 1.0861303806 , 0.83417
5.04 , 1.1947432708 , 0.83967
5.07 , 1.1947432708 , 0.84483
5.10 , 1.0861303806 , 0.85033
5.13 , 1.1947432708 , 0.85567
5.17 , 1.3033561706 , 0.86117
5.20 , 1.1947432708 , 0.86633
5.23 , 1.3033561706 , 0.87183
5.26 , 1.1947432708 , 0.87717
5.30 , 1.3033561706 , 0.88267
5.33 , 1.1947432708 , 0.88783
5.36 , 1.4119690895 , 0.89333
5.39 , 1.3033561706 , 0.89867
5.43 , 1.4119690895 , 0.90417
5.46 , 1.4119690895 , 0.90933
5.49 , 1.5205819606 , 0.91467
5.52 , 1.4119690895 , 0.92017
5.55 , 1.5205819606 , 0.92550
5.59 , 1.4119690895 , 0.93083
5.62 , 1.4119690895 , 0.93617
5.65 , 1.6291948318 , 0.94167
5.68 , 1.5205819606 , 0.94700
5.71 , 1.5205819606 , 0.95233
5.75 , 1.6291948318 , 0.95767
5.78 , 1.5205819606 , 0.96317
5.81 , 1.6291948318 , 0.96850
5.84 , 1.5205819606 , 0.97383
5.88 , 1.6291948318 , 0.97917
5.91 , 1.6291948318 , 0.98467
5.94 , 1.6291948318 , 0.99000
5.97 , 1.5205819606 , 0.99533
6.00 , 1.6291948318 , 1.00067
6.04 , 1.6291948318 , 1.00617
6.07 , 1.7378077507 , 1.01150
6.10 , 1.7378077507 , 1.01700
6.13 , 1.6291948318 , 1.02217
6.17 , 1.7378077507 , 1.02767
6.20 , 1.7378077507 , 1.03300
6.23 , 1.7378077507 , 1.03850
6.26 , 1.7378077507 , 1.04367
6.30 , 1.7378077507 , 1.04917
6.33 , 1.7378077507 , 1.05450
6.36 , 1.7378077507 , 1.06000
6.39 , 1.8464220046 , 1.06517
6.42 , 1.8464220046 , 1.07067
6.46 , 1.8464220046 , 1.07600
6.49 , 1.8464220046 , 1.08133
6.52 , 1.9550350189 , 1.08667
6.55 , 1.8464220046 , 1.09200
6.59 , 1.9550350189 , 1.09750
6.62 , 1.9550350189 , 1.10283
6.65 , 1.8464220046 , 1.10817
6.68 , 2.0636477470 , 1.11350
6.71 , 1.9550350189 , 1.11900
6.75 , 1.9550350189 , 1.12433
6.78 , 2.0636477470 , 1.12967
6.81 , 2.0636477470 , 1.13500
6.84 , 2.0636477470 , 1.14050
6.88 , 2.0636477470 , 1.14583
6.91 , 2.0636477470 , 1.15117
6.94 , 2.1722607612 , 1.15650
6.97 , 2.1722607612 , 1.16200
7.00 , 2.1722607612 , 1.16733
7.04 , 2.1722607612 , 1.17267
7.07 , 2.2808735370 , 1.17800
7.10 , 2.1722607612 , 1.18350
7.13 , 2.1722607612 , 1.18883
7.17 , 2.2808735370 , 1.19417
7.20 , 2.2808735370 , 1.19950
7.23 , 2.2808735370 , 1.20500
7.26 , 2.2808735370 , 1.21033
7.29 , 2.2808735370 , 1.21567
7.33 , 2.2808735370 , 1.22100
7.36 , 2.2808735370 , 1.22650
7.39 , 2.3894865512 , 1.23183
7.42 , 2.3894865512 , 1.23733
7.46 , 2.2808735370 , 1.24250
7.49 , 2.2808735370 , 1.24800
7.52 , 2.3894865512 , 1.25333
7.55 , 2.3894865512 , 1.25867
7.58 , 2.3894865512 , 1.26400
7.62 , 2.3894865512 , 1.26933
7.65 , 2.3894865512 , 1.27483
7.68 , 2.4980993270 , 1.28017
7.71 , 2.4980993270 , 1.28550
7.75 , 2.3894865512 , 1.29083
7.78 , 2.4980993270 , 1.29633
7.81 , 2.4980993270 , 1.30167
7.84 , 2.6067123413 , 1.30700
7.87 , 2.4980993270 , 1.31233
7.91 , 2.6067123413 , 1.31783
7.94 , 2.4980993270 , 1.32317
7.97 , 2.6067123413 , 1.32850
8.00 , 2.4980993270 , 1.33383
8.04 , 2.7153253555 , 1.33933
8.07 , 2.6067123413 , 1.34467
8.10 , 2.7153253555 , 1.35000
8.13 , 2.6067123413 , 1.35533
8.17 , 2.7153253555 , 1.36083
8.20 , 2.8239381790 , 1.36617
8.23 , 2.7153253555 , 1.37150
8.26 , 2.7153253555 , 1.37683
8.29 , 2.8239381790 , 1.38233
8.33 , 2.9325511932 , 1.38767
8.36 , 2.9325511932 , 1.39300
8.39 , 2.9325511932 , 1.39833
8.42 , 2.9325511932 , 1.40383
8.46 , 2.9325511932 , 1.40917
8.49 , 2.9325511932 , 1.41450
8.52 , 3.0411639213 , 1.41983
8.55 , 2.8239381790 , 1.42517
8.58 , 2.9325511932 , 1.43067
8.61 , 2.9325511932 , 1.43583
8.65 , 3.0411639213 , 1.44133
8.68 , 3.0411639213 , 1.44667
8.71 , 3.0411639213 , 1.45217
8.74 , 3.1497769355 , 1.45733
8.78 , 3.2583911418 , 1.46283
8.81 , 3.2583911418 , 1.46817
8.84 , 3.2583911418 , 1.47367
8.87 , 3.2583911418 , 1.47883
8.91 , 3.1497769355 , 1.48433
8.94 , 3.2583911418 , 1.48967
8.97 , 3.2583911418 , 1.49517
9.00 , 3.4756169319 , 1.50050
9.03 , 3.5842297077 , 1.50583
9.07 , 3.5842297077 , 1.51117
9.10 , 3.6928427219 , 1.51667
9.13 , 3.8014554977 , 1.52200
9.16 , 3.6928427219 , 1.52733
9.20 , 3.6928427219 , 1.53267
9.23 , 3.6928427219 , 1.53817
9.26 , 3.5842297077 , 1.54350
9.29 , 3.5842297077 , 1.54883
9.32 , 3.6928427219 , 1.55417
9.36 , 3.6928427219 , 1.55967
9.39 , 3.6928427219 , 1.56500
9.42 , 3.5842297077 , 1.57033
9.45 , 3.3670039176 , 1.57567
9.49 , 3.3670039176 , 1.58117
9.52 , 3.4756169319 , 1.58650
9.55 , 3.3670039176 , 1.59183
9.58 , 3.3670039176 , 1.59717
9.61 , 3.3670039176 , 1.60250
9.65 , 3.4756169319 , 1.60800
9.68 , 3.4756169319 , 1.61317
9.71 , 3.5842297077 , 1.61867
9.74 , 3.5842297077 , 1.62400
9.78 , 3.6928427219 , 1.62950
9.81 , 3.9100685119 , 1.63467
9.84 , 3.6928427219 , 1.64017
9.87 , 3.9100685119 , 1.64550
9.91 , 3.6928427219 , 1.65100
9.94 , 3.8014554977 , 1.65617
9.97 , 3.5842297077 , 1.66167
10.00 , 3.5842297077 , 1.66700
10.04 , 3.6928427219 , 1.67267
10.07 , 3.6928427219 , 1.67800
10.10 , 3.5842297077 , 1.68367
10.14 , 3.6928427219 , 1.68917
10.17 , 3.8014554977 , 1.69483
10.20 , 3.6928427219 , 1.70033
10.23 , 3.8014554977 , 1.70583
10.27 , 3.6928427219 , 1.71133
10.30 , 3.6928427219 , 1.71700
10.34 , 3.6928427219 , 1.72250
10.37 , 3.6928427219 , 1.72817
10.40 , 3.8014554977 , 1.73350
10.44 , 3.6928427219 , 1.73917
10.47 , 3.6928427219 , 1.74467
10.50 , 3.6928427219 , 1.75033
10.53 , 3.8014554977 , 1.75567
10.57 , 3.5842297077 , 1.76133
10.60 , 3.8014554977 , 1.76683
10.64 , 3.6928427219 , 1.77250
10.67 , 3.6928427219 , 1.77800
10.70 , 3.8014554977 , 1.78350
10.73 , 3.6928427219 , 1.78900
10.77 , 3.8014554977 , 1.79467
10.80 , 3.8014554977 , 1.80017
10.83 , 3.8014554977 , 1.80567
10.87 , 3.9100685119 , 1.81117
10.90 , 3.9100685119 , 1.81683
10.93 , 3.9100685119 , 1.82233
10.97 , 3.8014554977 , 1.82800
11.00 , 3.9100685119 , 1.83333
11.03 , 4.0186815261 , 1.83900
11.07 , 3.9100685119 , 1.84450
11.10 , 3.9100685119 , 1.85017
11.13 , 4.0186815261 , 1.85550
11.17 , 4.0186815261 , 1.86117
11.20 , 4.0186815261 , 1.86667
11.23 , 4.0186815261 , 1.87233
11.27 , 4.0186815261 , 1.87783
11.30 , 4.0186815261 , 1.88333
11.33 , 4.1272945404 , 1.88883
11.37 , 4.0186815261 , 1.89450
11.40 , 4.0186815261 , 1.90000
11.43 , 4.0186815261 , 1.90550
11.47 , 4.0186815261 , 1.91100
11.50 , 4.2359070777 , 1.91667
11.53 , 4.2359070777 , 1.92217
11.57 , 4.2359070777 , 1.92783
11.60 , 4.1272945404 , 1.93317
11.63 , 4.1272945404 , 1.93883
11.67 , 4.2359070777 , 1.94433
11.70 , 4.1272945404 , 1.95000
11.73 , 4.1272945404 , 1.95533
11.77 , 4.1272945404 , 1.96100
11.80 , 4.2359070777 , 1.96650
11.83 , 4.1272945404 , 1.97217
11.87 , 4.2359070777 , 1.97767
11.90 , 4.2359070777 , 1.98317
11.93 , 4.2359070777 , 1.98867
11.97 , 4.2359070777 , 1.99433
12.00 , 4.2359070777 , 1.99983
12.03 , 4.3445200920 , 2.00550
12.06 , 4.3445200920 , 2.01083
12.10 , 4.3445200920 , 2.01650
12.13 , 4.3445200920 , 2.02200
12.17 , 4.3445200920 , 2.02767
12.20 , 4.3445200920 , 2.03300
12.23 , 4.3445200920 , 2.03867
12.27 , 4.5617470741 , 2.04417
12.30 , 4.4531331062 , 2.04983
12.33 , 4.5617470741 , 2.05533
12.36 , 4.5617470741 , 2.06083
12.40 , 4.4531331062 , 2.06633
12.43 , 4.4531331062 , 2.07200
12.47 , 4.4531331062 , 2.07750
12.50 , 4.5617470741 , 2.08300
12.53 , 4.4531331062 , 2.08850
12.56 , 4.4531331062 , 2.09417
12.60 , 4.4531331062 , 2.09967
12.63 , 4.4531331062 , 2.10533
12.66 , 4.4531331062 , 2.11067
12.70 , 4.4531331062 , 2.11633
12.73 , 4.5617470741 , 2.12183
12.77 , 4.4531331062 , 2.12750
12.80 , 4.5617470741 , 2.13283
12.83 , 4.5617470741 , 2.13850
12.86 , 4.5617470741 , 2.14400
12.90 , 4.5617470741 , 2.14967
12.93 , 4.5617470741 , 2.15517
12.96 , 4.5617470741 , 2.16067
13.00 , 4.4531331062 , 2.16617
13.03 , 4.5617470741 , 2.17183
13.06 , 4.5617470741 , 2.17733
13.10 , 4.5617470741 , 2.18283
13.13 , 4.6703600883 , 2.18833
13.16 , 4.7789731025 , 2.19400
13.20 , 4.6703600883 , 2.19950
13.23 , 4.5617470741 , 2.20517
13.26 , 4.6703600883 , 2.21050
13.30 , 4.7789731025 , 2.21617
13.33 , 4.7789731025 , 2.22167
13.36 , 4.6703600883 , 2.22733
13.40 , 4.7789731025 , 2.23267
13.43 , 4.7789731025 , 2.23833
13.46 , 4.7789731025 , 2.24383
13.50 , 4.7789731025 , 2.24950
13.53 , 4.7789731025 , 2.25500
13.56 , 4.8875861167 , 2.26050
13.60 , 4.7789731025 , 2.26600
13.63 , 4.8875861167 , 2.27167
13.66 , 4.8875861167 , 2.27717
13.70 , 4.8875861167 , 2.28283
13.73 , 4.8875861167 , 2.28817
13.76 , 4.8875861167 , 2.29383
13.80 , 4.8875861167 , 2.29933
13.83 , 4.9961986541 , 2.30500
13.86 , 4.9961986541 , 2.31033
13.90 , 4.9961986541 , 2.31600
13.93 , 5.1048116683 , 2.32150
13.96 , 5.1048116683 , 2.32717
14.00 , 5.1048116683 , 2.33267
14.03 , 5.1048116683 , 2.33817
14.06 , 5.1048116683 , 2.34367
14.10 , 5.1048116683 , 2.34933
14.13 , 5.1048116683 , 2.35483
14.16 , 5.3220376968 , 2.36033
14.19 , 5.1048116683 , 2.36583
14.23 , 5.2134246826 , 2.37150
14.26 , 5.1048116683 , 2.37700
14.30 , 5.2134246826 , 2.38267
14.33 , 5.2134246826 , 2.38800
14.36 , 5.2134246826 , 2.39367
14.40 , 5.2134246826 , 2.39917
14.43 , 5.3220376968 , 2.40483
14.46 , 5.2134246826 , 2.41017
14.50 , 5.3220376968 , 2.41583
14.53 , 5.4306507110 , 2.42133
14.56 , 5.4306507110 , 2.42700
14.60 , 5.4306507110 , 2.43250
14.63 , 5.4306507110 , 2.43800
14.66 , 5.3220376968 , 2.44350
14.69 , 5.5392632484 , 2.44917
14.73 , 5.4306507110 , 2.45467
14.76 , 5.4306507110 , 2.46017
14.79 , 5.5392632484 , 2.46567
14.83 , 5.4306507110 , 2.47133
14.86 , 5.4306507110 , 2.47683
14.90 , 5.4306507110 , 2.48250
14.93 , 5.5392632484 , 2.48783
14.96 , 5.5392632484 , 2.49350
14.99 , 5.5392632484 , 2.49900
15.03 , 5.5392632484 , 2.50467
15.06 , 5.5392632484 , 2.51000
15.09 , 5.5392632484 , 2.51567
15.13 , 5.5392632484 , 2.52117
15.16 , 5.5392632484 , 2.52683
15.19 , 5.6478762626 , 2.53233
15.23 , 5.4306507110 , 2.53783
15.26 , 5.6478762626 , 2.54333
15.29 , 5.5392632484 , 2.54900
15.33 , 5.6478762626 , 2.55450
15.36 , 5.6478762626 , 2.56017
15.39 , 5.6478762626 , 2.56550
15.43 , 5.7564892768 , 2.57117
15.46 , 5.5392632484 , 2.57667
15.49 , 5.6478762626 , 2.58233
15.53 , 5.7564892768 , 2.58767
15.56 , 5.6478762626 , 2.59333
15.59 , 5.7564892768 , 2.59883
15.63 , 5.7564892768 , 2.60450
15.66 , 5.7564892768 , 2.61000
15.69 , 5.7564892768 , 2.61550
15.73 , 5.7564892768 , 2.62100
15.76 , 5.6478762626 , 2.62667
15.79 , 5.7564892768 , 2.63217
15.83 , 5.9737162590 , 2.63767
15.86 , 5.8651022911 , 2.64317
15.89 , 5.9737162590 , 2.64883
15.93 , 5.8651022911 , 2.65433
15.96 , 5.8651022911 , 2.66000
15.99 , 5.8651022911 , 2.66533
16.03 , 5.7564892768 , 2.67100
16.06 , 5.8651022911 , 2.67650
16.09 , 5.9737162590 , 2.68217
16.12 , 5.8651022911 , 2.68750
16.16 , 6.0823292732 , 2.69317
16.19 , 5.9737162590 , 2.69867
16.23 , 5.9737162590 , 2.70433
16.26 , 5.9737162590 , 2.70983
16.29 , 5.9737162590 , 2.71533
16.32 , 6.0823292732 , 2.72083
16.36 , 6.0823292732 , 2.72650
16.39 , 6.0823292732 , 2.73200
16.42 , 6.0823292732 , 2.73750
16.46 , 6.0823292732 , 2.74300
16.49 , 6.1909422874 , 2.74867
16.52 , 6.2995548248 , 2.75417
16.56 , 6.1909422874 , 2.75983
16.59 , 6.1909422874 , 2.76517
16.62 , 6.2995548248 , 2.77083
16.66 , 6.1909422874 , 2.77633
16.69 , 6.1909422874 , 2.78200
16.72 , 6.2995548248 , 2.78733
16.76 , 6.2995548248 , 2.79300
16.79 , 6.4081678390 , 2.79850
16.82 , 6.4081678390 , 2.80417
16.86 , 6.2995548248 , 2.80967
16.89 , 6.2995548248 , 2.81517
16.92 , 6.2995548248 , 2.82067
16.96 , 6.2995548248 , 2.82633
16.99 , 6.4081678390 , 2.83183
17.02 , 6.5167808532 , 2.83750
17.06 , 6.2995548248 , 2.84283
17.09 , 6.4081678390 , 2.84850
17.12 , 6.5167808532 , 2.85400
17.16 , 6.5167808532 , 2.85967
17.19 , 6.6253938674 , 2.86500
17.22 , 6.5167808532 , 2.87067
17.26 , 6.5167808532 , 2.87617
17.29 , 6.5167808532 , 2.88183
17.32 , 6.5167808532 , 2.88733
17.36 , 6.5167808532 , 2.89283
17.39 , 6.7340068817 , 2.89833
17.42 , 6.5167808532 , 2.90400
17.46 , 6.6253938674 , 2.90950
17.49 , 6.5167808532 , 2.91500
17.52 , 6.6253938674 , 2.92050
17.56 , 6.6253938674 , 2.92617
17.59 , 6.6253938674 , 2.93167
17.62 , 6.6253938674 , 2.93733
17.66 , 6.7340068817 , 2.94267
17.69 , 6.7340068817 , 2.94833
17.72 , 6.7340068817 , 2.95383
17.76 , 6.6253938674 , 2.95950
17.79 , 6.8426194190 , 2.96483
17.82 , 6.6253938674 , 2.97050
17.86 , 6.7340068817 , 2.97600
17.89 , 6.7340068817 , 2.98167
17.92 , 6.7340068817 , 2.98717
17.96 , 6.8426194190 , 2.99267
17.99 , 6.8426194190 , 2.99817
18.02 , 6.8426194190 , 3.00383
18.06 , 6.9512324333 , 3.00933
18.09 , 6.8426194190 , 3.01483
18.12 , 6.8426194190 , 3.02033
18.16 , 6.8426194190 , 3.02600
18.19 , 6.9512324333 , 3.03150
18.22 , 6.9512324333 , 3.03717
18.25 , 6.9512324333 , 3.04250
18.29 , 7.0598454475 , 3.04817
18.32 , 6.9512324333 , 3.05367
18.36 , 6.9512324333 , 3.05933
18.39 , 7.0598454475 , 3.06467
18.42 , 7.0598454475 , 3.07033
18.45 , 7.1684584617 , 3.07583
18.49 , 7.1684584617 , 3.08150
18.52 , 7.1684584617 , 3.08700
18.55 , 7.0598454475 , 3.09250
18.59 , 7.1684584617 , 3.09800
18.62 , 7.1684584617 , 3.10367
18.65 , 7.1684584617 , 3.10917
18.69 , 7.1684584617 , 3.11483
18.72 , 7.3856854438 , 3.12017
18.75 , 7.2770709991 , 3.12583
18.79 , 7.2770709991 , 3.13133
18.82 , 7.3856854438 , 3.13700
18.85 , 7.3856854438 , 3.14233
18.89 , 7.3856854438 , 3.14800
18.92 , 7.2770709991 , 3.15350
18.95 , 7.4942984580 , 3.15917
18.99 , 7.3856854438 , 3.16467
19.02 , 7.4942984580 , 3.17017
19.05 , 7.4942984580 , 3.17567
19.09 , 7.4942984580 , 3.18133
19.12 , 7.4942984580 , 3.18683
19.15 , 7.6029109954 , 3.19233
19.19 , 7.6029109954 , 3.19783
19.22 , 7.4942984580 , 3.20350
19.25 , 7.4942984580 , 3.20900
19.29 , 7.4942984580 , 3.21467
19.32 , 7.6029109954 , 3.22000
19.35 , 7.6029109954 , 3.22567
19.39 , 7.6029109954 , 3.23117
19.42 , 7.6029109954 , 3.23683
19.45 , 7.7115240097 , 3.24217
19.49 , 7.7115240097 , 3.24783
19.52 , 7.6029109954 , 3.25333
19.55 , 7.7115240097 , 3.25900
19.59 , 7.8201370239 , 3.26450
19.62 , 7.7115240097 , 3.27000
19.65 , 7.7115240097 , 3.27550
19.69 , 7.7115240097 , 3.28117
19.72 , 7.8201370239 , 3.28667
19.75 , 7.8201370239 , 3.29217
19.79 , 7.8201370239 , 3.29767
19.82 , 7.8201370239 , 3.30333
19.85 , 7.8201370239 , 3.30883
19.89 , 7.8201370239 , 3.31450
19.92 , 7.9287500381 , 3.31983
19.95 , 7.8201370239 , 3.32550
19.99 , 7.8201370239 , 3.33100
20.02 , 7.7115240097 , 3.33667
20.05 , 7.9287500381 , 3.34200
20.09 , 7.8201370239 , 3.34767
20.12 , 7.8201370239 , 3.35317
20.15 , 7.9287500381 , 3.35883
20.19 , 7.9287500381 , 3.36433
20.22 , 7.9287500381 , 3.36983
20.25 , 7.9287500381 , 3.37533
20.29 , 8.0373630523 , 3.38100
20.32 , 8.0373630523 , 3.38650
20.35 , 8.0373630523 , 3.39217
20.38 , 8.0373630523 , 3.39750
20.42 , 8.0373630523 , 3.40317
20.45 , 8.0373630523 , 3.40867
20.49 , 8.0373630523 , 3.41433
20.52 , 8.1459760665 , 3.41967
20.55 , 8.0373630523 , 3.42533
20.58 , 8.1459760665 , 3.43083
20.62 , 8.1459760665 , 3.43650
20.65 , 8.1459760665 , 3.44200
20.68 , 8.1459760665 , 3.44750
20.72 , 8.2545890808 , 3.45300
20.75 , 8.1459760665 , 3.45867
20.78 , 8.1459760665 , 3.46417
20.82 , 8.2545890808 , 3.46967
20.85 , 8.2545890808 , 3.47517
20.88 , 8.2545890808 , 3.48083
20.92 , 8.2545890808 , 3.48633
20.95 , 8.2545890808 , 3.49200
20.98 , 8.3632011413 , 3.49733
21.02 , 8.2545890808 , 3.50300
21.05 , 8.3632011413 , 3.50850
21.08 , 8.4718141555 , 3.51417
21.12 , 8.2545890808 , 3.51950
21.15 , 8.3632011413 , 3.52517
21.18 , 8.3632011413 , 3.53067
21.22 , 8.4718141555 , 3.53633
21.25 , 8.4718141555 , 3.54183
21.28 , 8.4718141555 , 3.54733
21.32 , 8.5804271697 , 3.55283
21.35 , 8.5804271697 , 3.55850
21.38 , 8.5804271697 , 3.56400
21.42 , 8.5804271697 , 3.56950
21.45 , 8.5804271697 , 3.57500
21.48 , 8.6890401840 , 3.58067
21.52 , 8.6890401840 , 3.58617
21.55 , 8.5804271697 , 3.59183
21.58 , 8.5804271697 , 3.59717
21.62 , 8.6890401840 , 3.60283
21.65 , 8.7976531982 , 3.60833
21.68 , 8.9062662124 , 3.61400
21.72 , 8.7976531982 , 3.61933
21.75 , 8.7976531982 , 3.62500
21.78 , 8.9062662124 , 3.63050
21.82 , 8.6890401840 , 3.63617
21.85 , 8.7976531982 , 3.64167
21.88 , 8.7976531982 , 3.64717
21.92 , 8.7976531982 , 3.65267
21.95 , 8.7976531982 , 3.65833
21.98 , 8.9062662124 , 3.66383
22.02 , 9.0148792266 , 3.66950
22.05 , 8.9062662124 , 3.67483
22.08 , 8.9062662124 , 3.68050
22.12 , 9.0148792266 , 3.68600
22.15 , 8.9062662124 , 3.69167
22.18 , 8.9062662124 , 3.69700
22.22 , 8.9062662124 , 3.70267
22.25 , 8.9062662124 , 3.70817
22.28 , 8.9062662124 , 3.71383
22.32 , 8.9062662124 , 3.71933
22.35 , 8.7976531982 , 3.72483
22.38 , 8.9062662124 , 3.73033
22.42 , 8.9062662124 , 3.73600
22.45 , 9.1234922409 , 3.74150
22.48 , 8.9062662124 , 3.74700
22.51 , 8.9062662124 , 3.75250
22.55 , 9.0148792266 , 3.75817
22.58 , 9.0148792266 , 3.76367
22.62 , 9.0148792266 , 3.76933
22.65 , 9.1234922409 , 3.77467
22.68 , 9.1234922409 , 3.78033
22.71 , 9.1234922409 , 3.78583
22.75 , 9.1234922409 , 3.79150
22.78 , 9.1234922409 , 3.79683
22.81 , 9.0148792266 , 3.80250
22.85 , 9.1234922409 , 3.80800
22.88 , 9.2321052551 , 3.81367
22.92 , 9.1234922409 , 3.81917
22.95 , 9.1234922409 , 3.82467
22.98 , 9.2321052551 , 3.83017
23.01 , 9.1234922409 , 3.83583
23.05 , 9.2321052551 , 3.84133
23.08 , 9.2321052551 , 3.84683
23.11 , 9.2321052551 , 3.85233
23.15 , 9.2321052551 , 3.85800
23.18 , 9.3407173156 , 3.86350
23.21 , 9.3407173156 , 3.86917
23.25 , 9.3407173156 , 3.87450
23.28 , 9.3407173156 , 3.88017
23.31 , 9.4493331909 , 3.88567
23.35 , 9.3407173156 , 3.89133
23.38 , 9.3407173156 , 3.89667
23.41 , 9.4493331909 , 3.90233
23.45 , 9.4493331909 , 3.90783
23.48 , 9.4493331909 , 3.91350
23.51 , 9.4493331909 , 3.91900
23.55 , 9.3407173156 , 3.92450
23.58 , 9.4493331909 , 3.93000
23.61 , 9.5579462051 , 3.93567
23.65 , 9.4493331909 , 3.94117
23.68 , 9.5579462051 , 3.94683
23.71 , 9.5579462051 , 3.95217
23.75 , 9.6665592193 , 3.95783
23.78 , 9.7751722335 , 3.96333
23.81 , 9.5579462051 , 3.96900
23.85 , 9.5579462051 , 3.97433
23.88 , 9.6665592193 , 3.98000
23.91 , 9.6665592193 , 3.98550
23.95 , 9.6665592193 , 3.99117
23.98 , 9.6665592193 , 3.99667
24.01 , 9.6665592193 , 4.00217
24.05 , 9.8837852478 , 4.00767
24.08 , 9.7751722335 , 4.01333
24.11 , 9.8837852478 , 4.01883
24.15 , 9.8837852478 , 4.02433
24.18 , 9.9923973083 , 4.02983
24.21 , 9.8837852478 , 4.03550
24.25 , 9.8837852478 , 4.04100
24.28 , 9.8837852478 , 4.04667
24.31 , 9.8837852478 , 4.05200
24.35 , 9.9923973083 , 4.05767
24.38 , 9.9923973083 , 4.06317
24.41 , 9.9923973083 , 4.06883
24.44 , 9.9923973083 , 4.07417
24.48 , 9.9923973083 , 4.07983
24.51 , 9.9923973083 , 4.08533
24.55 , 9.9923973083 , 4.09100
24.58 , 9.9923973083 , 4.09650
24.61 , 10.2096233367 , 4.10200
24.65 , 10.1010103225 , 4.10767
24.68 , 10.1010103225 , 4.11350
24.71 , 10.2096233367 , 4.11917
24.75 , 10.1010103225 , 4.12500
24.78 , 10.1010103225 , 4.13050
24.82 , 10.1010103225 , 4.13633
24.85 , 10.1010103225 , 4.14200
24.89 , 10.1010103225 , 4.14783
24.92 , 10.1010103225 , 4.15350
24.95 , 10.2096233367 , 4.15917
24.99 , 10.2096233367 , 4.16483
25.02 , 10.3182363510 , 4.17067
25.06 , 10.1010103225 , 4.17633
25.09 , 10.2096233367 , 4.18217
25.13 , 10.3182363510 , 4.18783
25.16 , 10.2096233367 , 4.19350
25.20 , 10.3182363510 , 4.19933
25.23 , 10.4268493652 , 4.20500
25.26 , 10.3182363510 , 4.21083
25.30 , 10.3182363510 , 4.21633
25.33 , 10.4268493652 , 4.22217
25.37 , 10.3182363510 , 4.22783
25.40 , 10.4268493652 , 4.23367
25.44 , 10.4268493652 , 4.23933
25.47 , 10.5354623794 , 4.24500
25.50 , 10.3182363510 , 4.25067
25.54 , 10.4268493652 , 4.25650
25.57 , 10.4268493652 , 4.26217
25.61 , 10.5354623794 , 4.26800
25.64 , 10.6440753936 , 4.27350
25.68 , 10.6440753936 , 4.27933
25.71 , 10.5354623794 , 4.28500
25.75 , 10.6440753936 , 4.29083
25.78 , 10.6440753936 , 4.29650
25.81 , 10.6440753936 , 4.30233
25.85 , 10.7526884078 , 4.30783
25.88 , 10.7526884078 , 4.31367
25.92 , 10.7526884078 , 4.31933
25.95 , 10.6440753936 , 4.32517
25.98 , 10.6440753936 , 4.33083
26.02 , 10.7526884078 , 4.33650
26.05 , 10.7526884078 , 4.34217
26.09 , 10.8613014221 , 4.34800
26.12 , 10.6440753936 , 4.35367
26.16 , 10.7526884078 , 4.35950
26.19 , 10.7526884078 , 4.36517
26.22 , 10.7526884078 , 4.37083
26.26 , 10.8613014221 , 4.37667
26.29 , 10.8613014221 , 4.38233
26.33 , 10.8613014221 , 4.38817
26.36 , 10.7526884078 , 4.39367
26.40 , 10.8613014221 , 4.39950
26.43 , 10.7526884078 , 4.40517
26.47 , 10.8613014221 , 4.41100
26.50 , 10.8613014221 , 4.41667
26.53 , 10.8613014221 , 4.42233
26.57 , 10.8613014221 , 4.42800
26.60 , 10.9699134826 , 4.43383
26.64 , 10.9699134826 , 4.43950
26.67 , 11.0785264968 , 4.44533
26.70 , 11.0785264968 , 4.45083
26.74 , 11.0785264968 , 4.45667
26.77 , 11.0785264968 , 4.46233
26.81 , 11.1871395111 , 4.46817
26.84 , 11.1871395111 , 4.47383
26.88 , 11.2957525253 , 4.47950
26.91 , 11.1871395111 , 4.48517
26.95 , 11.1871395111 , 4.49100
26.98 , 11.1871395111 , 4.49667
27.01 , 11.1871395111 , 4.50250
27.05 , 11.2957525253 , 4.50800
27.08 , 11.1871395111 , 4.51383
27.12 , 11.1871395111 , 4.51950
27.15 , 11.1871395111 , 4.52533
27.19 , 11.2957525253 , 4.53100
27.22 , 11.2957525253 , 4.53667
27.25 , 11.4043655395 , 4.54233
27.29 , 11.2957525253 , 4.54817
27.32 , 11.2957525253 , 4.55400
27.36 , 11.4043655395 , 4.55967
27.39 , 11.4043655395 , 4.56550
27.43 , 11.4043655395 , 4.57100
27.46 , 11.4043655395 , 4.57683
27.50 , 11.5129785537 , 4.58250
27.53 , 11.4043655395 , 4.58833
27.56 , 11.5129785537 , 4.59400
27.60 , 11.5129785537 , 4.59967
27.63 , 11.5129785537 , 4.60533
27.67 , 11.4043655395 , 4.61117
27.70 , 11.5129785537 , 4.61683
27.74 , 11.5129785537 , 4.62267
27.77 , 11.6215915679 , 4.62817
27.80 , 11.5129785537 , 4.63400
27.84 , 11.6215915679 , 4.63967
27.87 , 11.6215915679 , 4.64550
27.91 , 11.6215915679 , 4.65117
27.94 , 11.6215915679 , 4.65683
27.97 , 11.6215915679 , 4.66250
28.01 , 11.7302045822 , 4.66833
28.04 , 11.7302045822 , 4.67400
28.08 , 11.7302045822 , 4.67983
28.11 , 11.7302045822 , 4.68533
28.15 , 11.7302045822 , 4.69117
28.18 , 11.7302045822 , 4.69683
28.22 , 11.8388175964 , 4.70267
28.25 , 11.8388175964 , 4.70833
28.28 , 11.7302045822 , 4.71400
28.32 , 11.7302045822 , 4.71967
28.35 , 11.8388175964 , 4.72550
28.39 , 11.8388175964 , 4.73133
28.42 , 11.8388175964 , 4.73700
28.46 , 11.9474296569 , 4.74267
28.49 , 11.9474296569 , 4.74833
28.52 , 11.9474296569 , 4.75417
28.56 , 11.9474296569 , 4.75983
28.59 , 11.9474296569 , 4.76567
28.63 , 11.9474296569 , 4.77117
28.66 , 11.9474296569 , 4.77700
28.70 , 12.0560426712 , 4.78267
28.73 , 12.0560426712 , 4.78850
28.76 , 12.0560426712 , 4.79417
28.80 , 12.0560426712 , 4.80000
28.83 , 12.0560426712 , 4.80550
28.87 , 12.1646556854 , 4.81133
28.90 , 12.0560426712 , 4.81700
28.94 , 12.1646556854 , 4.82283
28.97 , 12.0560426712 , 4.82850
29.00 , 12.0560426712 , 4.83417
29.04 , 12.0560426712 , 4.83983
29.07 , 12.1646556854 , 4.84567
29.11 , 12.2732715606 , 4.85133
29.14 , 12.2732715606 , 4.85717
29.18 , 12.2732715606 , 4.86267
29.21 , 12.1646556854 , 4.86850
29.25 , 12.3818845748 , 4.87417
29.28 , 12.2732715606 , 4.88000
29.31 , 12.2732715606 , 4.88567
29.35 , 12.3818845748 , 4.89133
29.38 , 12.3818845748 , 4.89700
29.42 , 12.3818845748 , 4.90283
29.45 , 12.3818845748 , 4.90850
29.49 , 12.3818845748 , 4.91433
29.52 , 12.3818845748 , 4.92000
29.55 , 12.4904975891 , 4.92567
29.59 , 12.5991096496 , 4.93150
29.62 , 12.2732715606 , 4.93717
29.66 , 12.4904975891 , 4.94300
29.69 , 12.4904975891 , 4.94850
29.73 , 12.3818845748 , 4.95433
29.76 , 12.4904975891 , 4.96000
29.79 , 12.4904975891 , 4.96583
29.83 , 12.4904975891 , 4.97150
29.86 , 12.4904975891 , 4.97717
29.90 , 12.4904975891 , 4.98283
29.93 , 12.4904975891 , 4.98867
29.97 , 12.5991096496 , 4.99433
30.00 , 12.5991096496 , 5.00017
30.03 , 12.5991096496 , 5.00567
30.07 , 12.5991096496 , 5.01150
30.10 , 12.5991096496 , 5.01717
30.14 , 12.5991096496 , 5.02300
30.17 , 12.8163356781 , 5.02867
30.21 , 12.5991096496 , 5.03433
30.24 , 12.7077226638 , 5.04000
30.27 , 12.5991096496 , 5.04583
30.31 , 12.7077226638 , 5.05150
30.34 , 12.5991096496 , 5.05733
30.38 , 12.8163356781 , 5.06283
30.41 , 12.8163356781 , 5.06867
30.45 , 12.7077226638 , 5.07433
30.48 , 12.8163356781 , 5.08017
30.51 , 12.8163356781 , 5.08583
30.55 , 12.8163356781 , 5.09167
30.58 , 12.8163356781 , 5.09733
30.62 , 12.9249486923 , 5.10300
30.65 , 12.9249486923 , 5.10883
30.69 , 12.9249486923 , 5.11450
30.72 , 12.9249486923 , 5.12033
30.75 , 13.0335617065 , 5.12583
30.79 , 13.0335617065 , 5.13167
30.82 , 12.9249486923 , 5.13733
30.86 , 12.9249486923 , 5.14317
30.89 , 13.0335617065 , 5.14883
30.93 , 13.0335617065 , 5.15450
30.96 , 12.9249486923 , 5.16017
31.00 , 13.0335617065 , 5.16600
31.03 , 12.9249486923 , 5.17167
31.06 , 13.0335617065 , 5.17750
31.10 , 13.0335617065 , 5.18300
31.13 , 13.0335617065 , 5.18883
31.17 , 13.0335617065 , 5.19450
31.20 , 13.0335617065 , 5.20033
31.24 , 13.1421747207 , 5.20600
31.27 , 13.0335617065 , 5.21167
31.30 , 13.1421747207 , 5.21733
31.34 , 13.1421747207 , 5.22317
31.37 , 13.1421747207 , 5.22883
31.41 , 13.2507877349 , 5.23467
31.44 , 13.1421747207 , 5.24017
31.48 , 13.3594007492 , 5.24600
31.51 , 13.1421747207 , 5.25167
31.54 , 13.2507877349 , 5.25750
31.58 , 13.2507877349 , 5.26317
31.61 , 13.3594007492 , 5.26883
31.65 , 13.3594007492 , 5.27450
31.68 , 13.2507877349 , 5.28033
31.72 , 13.3594007492 , 5.28617
31.75 , 13.3594007492 , 5.29183
31.78 , 13.5766258239 , 5.29750
31.82 , 13.4680137634 , 5.30317
31.85 , 13.4680137634 , 5.30900
31.89 , 13.3594007492 , 5.31467
31.92 , 13.3594007492 , 5.32050
31.96 , 13.3594007492 , 5.32600
31.99 , 13.4680137634 , 5.33183
32.03 , 13.5766258239 , 5.33750
32.06 , 13.5766258239 , 5.34333
32.09 , 13.5766258239 , 5.34900
32.13 , 13.5766258239 , 5.35483
32.16 , 13.5766258239 , 5.36033
32.20 , 13.6852388381 , 5.36617
32.23 , 13.5766258239 , 5.37183
32.27 , 13.6852388381 , 5.37767
32.30 , 13.6852388381 , 5.38333
32.33 , 13.6852388381 , 5.38900
32.37 , 13.6852388381 , 5.39467
32.40 , 13.7938518524 , 5.40050
32.44 , 13.7938518524 , 5.40617
32.47 , 13.7938518524 , 5.41200
32.51 , 13.7938518524 , 5.41750
32.54 , 13.7938518524 , 5.42333
32.57 , 13.6852388381 , 5.42900
32.61 , 13.7938518524 , 5.43483
32.64 , 13.7938518524 , 5.44050
32.68 , 13.9024648666 , 5.44617
32.71 , 13.7938518524 , 5.45183
32.75 , 13.9024648666 , 5.45767
32.78 , 13.7938518524 , 5.46350
32.81 , 14.0110778808 , 5.46917
32.85 , 13.9024648666 , 5.47483
32.88 , 14.0110778808 , 5.48050
32.92 , 13.9024648666 , 5.48633
32.95 , 14.0110778808 , 5.49200
32.99 , 14.0110778808 , 5.49783
33.02 , 14.1196908950 , 5.50333
33.06 , 14.0110778808 , 5.50917
33.09 , 14.0110778808 , 5.51483
33.12 , 14.0110778808 , 5.52067
33.16 , 14.0110778808 , 5.52633
33.19 , 14.1196908950 , 5.53200
33.23 , 14.1196908950 , 5.53767
33.26 , 14.1196908950 , 5.54350
33.29 , 14.2283039093 , 5.54917
33.33 , 14.2283039093 , 5.55500
33.36 , 14.2283039093 , 5.56050
33.40 , 14.2283039093 , 5.56633
33.43 , 14.2283039093 , 5.57200
33.47 , 14.2283039093 , 5.57783
33.50 , 14.2283039093 , 5.58350
33.54 , 14.3369169235 , 5.58933
33.57 , 14.2283039093 , 5.59483
33.60 , 14.3369169235 , 5.60067
33.64 , 14.3369169235 , 5.60633
33.67 , 14.3369169235 , 5.61217
33.71 , 14.3369169235 , 5.61783
33.74 , 14.3369169235 , 5.62350
33.78 , 14.3369169235 , 5.62917
33.81 , 14.4455299377 , 5.63500
33.84 , 14.3369169235 , 5.64067
33.88 , 14.4455299377 , 5.64650
33.91 , 14.5541419982 , 5.65217
33.95 , 14.5541419982 , 5.65783
33.98 , 14.5541419982 , 5.66367
34.02 , 14.5541419982 , 5.66933
34.05 , 14.4455299377 , 5.67517
34.08 , 14.4455299377 , 5.68067
34.12 , 14.4455299377 , 5.68650
34.15 , 14.6627550125 , 5.69217
34.19 , 14.5541419982 , 5.69800
34.22 , 14.5541419982 , 5.70367
34.26 , 14.5541419982 , 5.70933
34.29 , 14.6627550125 , 5.71500
34.33 , 14.6627550125 , 5.72083
34.36 , 14.6627550125 , 5.72650
34.39 , 14.6627550125 , 5.73233
34.43 , 14.7713680267 , 5.73783
34.46 , 14.6627550125 , 5.74367
34.50 , 14.6627550125 , 5.74933
34.53 , 14.6627550125 , 5.75517
34.56 , 14.7713680267 , 5.76083
34.60 , 14.7713680267 , 5.76650
34.63 , 14.7713680267 , 5.77217
34.67 , 14.7713680267 , 5.77800
34.70 , 14.7713680267 , 5.78367
34.74 , 14.9885969161 , 5.78950
34.77 , 14.7713680267 , 5.79500
34.81 , 14.9885969161 , 5.80083
34.84 , 14.7713680267 , 5.80650
34.87 , 14.8799810409 , 5.81233
34.91 , 14.8799810409 , 5.81800
34.94 , 14.9885969161 , 5.82367
34.98 , 14.8799810409 , 5.82950
35.01 , 14.9885969161 , 5.83517
35.05 , 14.8799810409 , 5.84100
35.08 , 14.9885969161 , 5.84667
35.12 , 15.0972099304 , 5.85250
35.15 , 15.0972099304 , 5.85800
35.18 , 15.0972099304 , 5.86383
35.22 , 14.9885969161 , 5.86950
35.25 , 15.0972099304 , 5.87533
35.29 , 15.2058219909 , 5.88100
35.32 , 15.2058219909 , 5.88667
35.35 , 15.0972099304 , 5.89233
35.39 , 15.2058219909 , 5.89817
35.42 , 15.2058219909 , 5.90383
35.46 , 15.0972099304 , 5.90967
35.49 , 15.2058219909 , 5.91517
35.53 , 15.3144350051 , 5.92100
35.56 , 15.2058219909 , 5.92667
35.60 , 15.2058219909 , 5.93250
35.63 , 15.2058219909 , 5.93817
35.66 , 15.3144350051 , 5.94383
35.70 , 15.3144350051 , 5.94950
35.73 , 15.3144350051 , 5.95533
35.77 , 15.3144350051 , 5.96100
35.80 , 15.3144350051 , 5.96683
35.83 , 15.4230480194 , 5.97233
35.87 , 15.3144350051 , 5.97817
35.90 , 15.4230480194 , 5.98383
35.94 , 15.4230480194 , 5.98967
35.97 , 15.4230480194 , 5.99533
36.01 , 15.4230480194 , 6.00100
36.04 , 15.4230480194 , 6.00667
36.08 , 15.5316610336 , 6.01250
36.11 , 15.6402740478 , 6.01833
36.14 , 15.5316610336 , 6.02400
36.18 , 15.6402740478 , 6.02967
36.21 , 15.5316610336 , 6.03533
36.25 , 15.6402740478 , 6.04117
36.28 , 15.6402740478 , 6.04683
36.32 , 15.7488870620 , 6.05267
36.35 , 15.5316610336 , 6.05817
36.38 , 15.6402740478 , 6.06400
36.42 , 15.7488870620 , 6.06967
36.45 , 15.7488870620 , 6.07550
36.49 , 15.7488870620 , 6.08117
36.52 , 15.6402740478 , 6.08683
36.56 , 15.7488870620 , 6.09250
36.59 , 15.7488870620 , 6.09833
36.62 , 15.8575000762 , 6.10400
36.66 , 15.8575000762 , 6.10983
36.69 , 15.7488870620 , 6.11533
36.73 , 15.7488870620 , 6.12117
36.76 , 15.7488870620 , 6.12683
36.80 , 15.8575000762 , 6.13267
36.83 , 15.7488870620 , 6.13833
36.87 , 15.8575000762 , 6.14417
36.90 , 15.7488870620 , 6.14967
36.93 , 15.8575000762 , 6.15550
36.97 , 15.9661130905 , 6.16117
37.00 , 15.8575000762 , 6.16700
37.04 , 15.8575000762 , 6.17267
37.07 , 15.9661130905 , 6.17833
37.10 , 15.9661130905 , 6.18400
37.14 , 15.9661130905 , 6.18983
37.17 , 15.9661130905 , 6.19567
37.21 , 15.9661130905 , 6.20133
37.24 , 15.9661130905 , 6.20700
37.28 , 16.0747261047 , 6.21267
37.31 , 16.0747261047 , 6.21850
37.35 , 16.0747261047 , 6.22417
37.38 , 16.0747261047 , 6.23000
37.41 , 16.1833381652 , 6.23550
37.45 , 16.1833381652 , 6.24133
37.48 , 16.1833381652 , 6.24700
37.52 , 16.1833381652 , 6.25283
37.55 , 16.1833381652 , 6.25850
37.59 , 16.1833381652 , 6.26417
37.62 , 16.1833381652 , 6.26983
37.65 , 16.2919521331 , 6.27567
37.69 , 16.2919521331 , 6.28133
37.72 , 16.2919521331 , 6.28717
37.76 , 16.2919521331 , 6.29267
37.79 , 16.2919521331 , 6.29850
37.83 , 16.2919521331 , 6.30417
37.86 , 16.4005641937 , 6.31000
37.89 , 16.4005641937 , 6.31567
37.93 , 16.4005641937 , 6.32133
37.96 , 16.4005641937 , 6.32700
38.00 , 16.4005641937 , 6.33283
38.03 , 16.4005641937 , 6.33850
38.07 , 16.5091781616 , 6.34433
38.10 , 16.5091781616 , 6.34983
38.13 , 16.5091781616 , 6.35567
38.17 , 16.5091781616 , 6.36133
38.20 , 16.5091781616 , 6.36717
38.24 , 16.5091781616 , 6.37283
38.27 , 16.6177902221 , 6.37867
38.31 , 16.6177902221 , 6.38433
38.34 , 16.6177902221 , 6.39000
38.38 , 16.6177902221 , 6.39583
38.41 , 16.7264022827 , 6.40150
38.44 , 16.6177902221 , 6.40733
38.48 , 16.6177902221 , 6.41283
38.51 , 16.7264022827 , 6.41867
38.55 , 16.7264022827 , 6.42433
38.58 , 16.7264022827 , 6.43017
38.62 , 16.7264022827 , 6.43583
38.65 , 16.7264022827 , 6.44150
38.68 , 16.8350162506 , 6.44717
38.72 , 16.7264022827 , 6.45300
38.75 , 16.8350162506 , 6.45867
38.79 , 16.8350162506 , 6.46450
38.82 , 16.9436283111 , 6.47000
38.86 , 16.8350162506 , 6.47583
38.89 , 16.9436283111 , 6.48150
38.92 , 16.9436283111 , 6.48733
38.96 , 16.9436283111 , 6.49300
38.99 , 16.9436283111 , 6.49867
39.03 , 17.0522422790 , 6.50433
39.06 , 17.0522422790 , 6.51017
39.10 , 16.9436283111 , 6.51583
39.13 , 17.0522422790 , 6.52167
39.16 , 17.1608543395 , 6.52717
39.20 , 16.9436283111 , 6.53300
39.23 , 17.0522422790 , 6.53867
39.27 , 16.9436283111 , 6.54450
39.30 , 17.1608543395 , 6.55017
39.34 , 17.0522422790 , 6.55583
39.37 , 17.0522422790 , 6.56167
39.40 , 17.0522422790 , 6.56733
39.44 , 17.1608543395 , 6.57317
39.47 , 17.0522422790 , 6.57883
39.51 , 17.1608543395 , 6.58450
39.54 , 17.1608543395 , 6.59017
39.58 , 17.1608543395 , 6.59600
39.61 , 17.2694683074 , 6.60167
39.65 , 17.2694683074 , 6.60750
39.68 , 17.2694683074 , 6.61300
39.71 , 17.2694683074 , 6.61883
39.75 , 17.3780803680 , 6.62450
39.78 , 17.3780803680 , 6.63033
39.82 , 17.3780803680 , 6.63600
39.85 , 17.3780803680 , 6.64183
39.88 , 17.3780803680 , 6.64733
39.92 , 17.4866943359 , 6.65317
39.95 , 17.3780803680 , 6.65883
39.99 , 17.3780803680 , 6.66467
40.02 , 17.4866943359 , 6.67033
40.06 , 17.3780803680 , 6.67600
40.09 , 17.4866943359 , 6.68167
40.13 , 17.5953063964 , 6.68750
40.16 , 17.4866943359 , 6.69317
40.19 , 17.4866943359 , 6.69900
40.23 , 17.5953063964 , 6.70450
40.26 , 17.5953063964 , 6.71033
40.30 , 17.4866943359 , 6.71600
40.33 , 17.4866943359 , 6.72183
40.37 , 17.7039184570 , 6.72750
40.40 , 17.5953063964 , 6.73317
40.43 , 17.7039184570 , 6.73883
40.47 , 17.5953063964 , 6.74467
40.50 , 17.7039184570 , 6.75050
40.54 , 17.7039184570 , 6.75617
40.57 , 17.7039184570 , 6.76183
40.61 , 17.7039184570 , 6.76750
40.64 , 17.8125343322 , 6.77333
40.67 , 17.7039184570 , 6.77900
40.71 , 17.7039184570 , 6.78483
40.74 , 17.8125343322 , 6.79033
40.78 , 17.8125343322 , 6.79617
40.81 , 17.7039184570 , 6.80183
40.85 , 17.8125343322 , 6.80767
40.88 , 17.8125343322 , 6.81333
40.91 , 17.9211483001 , 6.81900
40.95 , 17.8125343322 , 6.82467
40.98 , 17.9211483001 , 6.83050
41.02 , 17.9211483001 , 6.83617
41.05 , 17.9211483001 , 6.84200
41.09 , 17.9211483001 , 6.84750
41.12 , 17.9211483001 , 6.85333
41.15 , 17.9211483001 , 6.85900
41.19 , 18.0297603607 , 6.86483
41.22 , 18.0297603607 , 6.87050
41.26 , 18.0297603607 , 6.87617
41.29 , 18.0297603607 , 6.88183
41.33 , 18.0297603607 , 6.88767
41.36 , 18.1383743286 , 6.89333
41.40 , 18.1383743286 , 6.89917
41.43 , 18.1383743286 , 6.90467
41.46 , 18.1383743286 , 6.91050
41.50 , 18.1383743286 , 6.91617
41.53 , 18.2469863891 , 6.92200
41.57 , 18.2469863891 , 6.92783
41.60 , 18.2469863891 , 6.93350
41.63 , 18.2469863891 , 6.93917
41.67 , 18.2469863891 , 6.94483
41.70 , 18.3555984497 , 6.95067
41.74 , 18.3555984497 , 6.95633
41.77 , 18.3555984497 , 6.96217
41.81 , 18.3555984497 , 6.96767
41.84 , 18.2469863891 , 6.97350
41.88 , 18.3555984497 , 6.97917
41.91 , 18.3555984497 , 6.98500
41.94 , 18.3555984497 , 6.99067
41.98 , 18.4642124176 , 6.99633
42.01 , 18.4642124176 , 7.00200
42.05 , 18.3555984497 , 7.00783
42.08 , 18.4642124176 , 7.01350
42.12 , 18.4642124176 , 7.01933
42.15 , 18.5728244781 , 7.02483
42.18 , 18.3555984497 , 7.03067
42.22 , 18.4642124176 , 7.03633
42.25 , 18.4642124176 , 7.04217
42.29 , 18.4642124176 , 7.04783
42.32 , 18.4642124176 , 7.05350
42.36 , 18.4642124176 , 7.05917
42.39 , 18.5728244781 , 7.06500
42.42 , 18.4642124176 , 7.07067
42.46 , 18.5728244781 , 7.07650
42.49 , 18.5728244781 , 7.08200
42.53 , 18.5728244781 , 7.08783
42.56 , 18.7900505065 , 7.09350
42.60 , 18.6814384460 , 7.09933
42.63 , 18.7900505065 , 7.10500
42.66 , 18.6814384460 , 7.11067
42.70 , 18.7900505065 , 7.11650
42.73 , 18.7900505065 , 7.12217
42.77 , 18.7900505065 , 7.12800
42.80 , 18.7900505065 , 7.13367
42.84 , 18.7900505065 , 7.13933
42.87 , 18.7900505065 , 7.14500
42.90 , 18.8986644744 , 7.15083
42.94 , 18.7900505065 , 7.15650
42.97 , 18.8986644744 , 7.16233
43.01 , 18.8986644744 , 7.16800
43.04 , 18.8986644744 , 7.17367
43.08 , 19.0072765350 , 7.17933
43.11 , 18.8986644744 , 7.18517
43.15 , 19.0072765350 , 7.19083
43.18 , 19.0072765350 , 7.19667
43.21 , 19.0072765350 , 7.20217
43.25 , 19.0072765350 , 7.20800
43.28 , 19.0072765350 , 7.21367
43.32 , 19.1158905029 , 7.21950
43.35 , 19.1158905029 , 7.22517
43.38 , 19.1158905029 , 7.23083
43.42 , 19.1158905029 , 7.23650
43.45 , 19.1158905029 , 7.24233
43.49 , 19.2245025634 , 7.24800
43.52 , 19.2245025634 , 7.25383
43.56 , 19.0072765350 , 7.25933
43.59 , 19.1158905029 , 7.26517
43.63 , 19.1158905029 , 7.27083
43.66 , 19.2245025634 , 7.27667
43.69 , 19.1158905029 , 7.28233
43.73 , 19.1158905029 , 7.28800
43.76 , 19.1158905029 , 7.29383
43.80 , 19.1158905029 , 7.29950
43.83 , 19.2245025634 , 7.30533
43.87 , 19.3331146240 , 7.31100
43.90 , 19.3331146240 , 7.31667
43.93 , 19.2245025634 , 7.32233
43.97 , 19.3331146240 , 7.32817
44.00 , 19.2245025634 , 7.33383
44.04 , 19.3331146240 , 7.33967
44.07 , 19.3331146240 , 7.34517
44.11 , 19.4417285919 , 7.35100
44.14 , 19.4417285919 , 7.35667
44.18 , 19.4417285919 , 7.36250
44.21 , 19.3331146240 , 7.36817
44.24 , 19.4417285919 , 7.37383
44.28 , 19.4417285919 , 7.37950
44.31 , 19.4417285919 , 7.38533
44.35 , 19.4417285919 , 7.39100
44.38 , 19.5503406524 , 7.39683
44.41 , 19.5503406524 , 7.40233
44.45 , 19.5503406524 , 7.40817
44.48 , 19.4417285919 , 7.41383
44.52 , 19.5503406524 , 7.41967
44.55 , 19.4417285919 , 7.42533
44.59 , 19.6589546203 , 7.43117
44.62 , 19.5503406524 , 7.43667
44.65 , 19.5503406524 , 7.44250
44.69 , 19.5503406524 , 7.44817
44.72 , 19.6589546203 , 7.45400
44.76 , 19.6589546203 , 7.45967
44.79 , 19.6589546203 , 7.46533
44.83 , 19.6589546203 , 7.47100
44.86 , 19.7675666809 , 7.47683
44.90 , 19.7675666809 , 7.48267
44.93 , 19.7675666809 , 7.48833
44.96 , 19.7675666809 , 7.49400
45.00 , 19.8761806488 , 7.49967
45.03 , 19.8761806488 , 7.50550
45.07 , 19.9847927093 , 7.51117
45.10 , 19.8761806488 , 7.51700
45.13 , 19.8761806488 , 7.52250
45.17 , 19.8761806488 , 7.52833
45.20 , 20.0934066772 , 7.53400
45.24 , 20.0934066772 , 7.53983
45.27 , 19.9847927093 , 7.54550
45.31 , 20.0934066772 , 7.55117
45.34 , 20.0934066772 , 7.55683
45.38 , 20.0934066772 , 7.56267
45.41 , 20.0934066772 , 7.56833
45.45 , 20.0934066772 , 7.57417
45.48 , 20.0934066772 , 7.57967
45.51 , 20.0934066772 , 7.58550
45.55 , 20.2020187377 , 7.59117
45.58 , 20.2020187377 , 7.59700
45.62 , 20.2020187377 , 7.60267
45.65 , 20.2020187377 , 7.60833
45.68 , 20.3106307983 , 7.61400
45.72 , 20.2020187377 , 7.61983
45.75 , 20.3106307983 , 7.62550
45.79 , 20.3106307983 , 7.63133
45.82 , 20.2020187377 , 7.63683
45.86 , 20.3106307983 , 7.64267
45.89 , 20.3106307983 , 7.64833
45.93 , 20.3106307983 , 7.65417
45.96 , 20.3106307983 , 7.66000
45.99 , 20.3106307983 , 7.66550
46.03 , 20.4192447662 , 7.67133
46.06 , 20.4192447662 , 7.67700
46.10 , 20.4192447662 , 7.68283
46.13 , 20.4192447662 , 7.68850
46.17 , 20.4192447662 , 7.69433
46.20 , 20.4192447662 , 7.69983
46.23 , 20.4192447662 , 7.70567
46.27 , 20.4192447662 , 7.71133
46.30 , 20.4192447662 , 7.71717
46.34 , 20.5278568267 , 7.72283
46.37 , 20.5278568267 , 7.72850
46.40 , 20.4192447662 , 7.73417
46.44 , 20.6364727020 , 7.74000
46.47 , 20.5278568267 , 7.74567
46.51 , 20.6364727020 , 7.75150
46.54 , 20.6364727020 , 7.75700
46.58 , 20.6364727020 , 7.76283
46.61 , 20.6364727020 , 7.76850
46.65 , 20.6364727020 , 7.77433
46.68 , 20.7450866699 , 7.78000
46.71 , 20.6364727020 , 7.78567
46.75 , 20.7450866699 , 7.79133
46.78 , 20.7450866699 , 7.79717
46.82 , 20.7450866699 , 7.80283
46.85 , 20.7450866699 , 7.80867
46.88 , 20.8536987304 , 7.81417
46.92 , 20.8536987304 , 7.82000
46.95 , 20.8536987304 , 7.82567
46.99 , 20.9623107910 , 7.83150
47.02 , 20.8536987304 , 7.83717
47.06 , 20.9623107910 , 7.84283
47.09 , 20.9623107910 , 7.84867
47.13 , 20.9623107910 , 7.85433
47.16 , 20.8536987304 , 7.86017
47.20 , 20.9623107910 , 7.86583
47.23 , 20.9623107910 , 7.87150
47.26 , 20.9623107910 , 7.87717
47.30 , 21.0709247589 , 7.88300
47.33 , 21.0709247589 , 7.88867
47.37 , 21.1795368194 , 7.89450
47.40 , 21.0709247589 , 7.90000
47.44 , 21.1795368194 , 7.90583
47.47 , 21.0709247589 , 7.91150
47.50 , 21.1795368194 , 7.91733
47.54 , 21.1795368194 , 7.92300
47.57 , 21.1795368194 , 7.92867
47.61 , 21.1795368194 , 7.93433
47.64 , 21.2881507873 , 7.94017
47.68 , 21.1795368194 , 7.94583
47.71 , 21.1795368194 , 7.95167
47.74 , 21.2881507873 , 7.95733
47.78 , 21.2881507873 , 7.96300
47.81 , 21.3967628479 , 7.96867
47.85 , 21.3967628479 , 7.97450
47.88 , 21.2881507873 , 7.98017
47.92 , 21.3967628479 , 7.98600
47.95 , 21.3967628479 , 7.99150
47.98 , 21.3967628479 , 7.99733
48.02 , 21.3967628479 , 8.00300
48.05 , 21.5053768157 , 8.00883
48.09 , 21.3967628479 , 8.01450
48.12 , 21.5053768157 , 8.02017
48.16 , 21.3967628479 , 8.02600
48.19 , 21.5053768157 , 8.03167
48.22 , 21.6139888763 , 8.03750
48.26 , 21.5053768157 , 8.04317
48.29 , 21.6139888763 , 8.04883
48.33 , 21.6139888763 , 8.05450
48.36 , 21.6139888763 , 8.06033
48.40 , 21.6139888763 , 8.06600
48.43 , 21.6139888763 , 8.07183
48.46 , 21.7226028442 , 8.07733
48.50 , 21.6139888763 , 8.08317
48.53 , 21.7226028442 , 8.08883
48.57 , 21.8312149047 , 8.09467
48.60 , 21.6139888763 , 8.10033
48.64 , 21.7226028442 , 8.10600
48.67 , 21.7226028442 , 8.11167
48.71 , 21.7226028442 , 8.11750
48.74 , 21.8312149047 , 8.12317
48.77 , 21.7226028442 , 8.12900
48.81 , 21.8312149047 , 8.13450
48.84 , 21.8312149047 , 8.14033
48.88 , 21.8312149047 , 8.14600
48.91 , 21.8312149047 , 8.15183
48.95 , 21.8312149047 , 8.15750
48.98 , 21.8312149047 , 8.16317
49.01 , 21.9398269653 , 8.16883
49.05 , 21.9398269653 , 8.17467
49.08 , 21.8312149047 , 8.18033
49.12 , 21.8312149047 , 8.18617
49.15 , 21.9398269653 , 8.19167
49.19 , 22.0484409332 , 8.19750
49.22 , 22.0484409332 , 8.20317
49.25 , 21.9398269653 , 8.20900
49.29 , 22.0484409332 , 8.21483
49.32 , 22.0484409332 , 8.22050
49.36 , 22.0484409332 , 8.22617
49.39 , 22.0484409332 , 8.23183
49.43 , 22.0484409332 , 8.23767
49.46 , 22.1570529937 , 8.24333
49.50 , 22.0484409332 , 8.24917
49.53 , 22.1570529937 , 8.25467
49.56 , 22.1570529937 , 8.26050
49.60 , 22.1570529937 , 8.26617
49.63 , 22.2656669616 , 8.27200
49.67 , 22.3742790222 , 8.27767
49.70 , 22.2656669616 , 8.28333
49.73 , 22.1570529937 , 8.28900
49.77 , 22.2656669616 , 8.29483
49.80 , 22.3742790222 , 8.30050
49.84 , 22.3742790222 , 8.30633
49.87 , 22.3742790222 , 8.31183
49.91 , 22.3742790222 , 8.31767
49.94 , 22.3742790222 , 8.32333
49.97 , 22.3742790222 , 8.32917
50.01 , 22.3742790222 , 8.33483
50.04 , 22.4828929901 , 8.34050
50.08 , 22.4828929901 , 8.34617
50.11 , 22.4828929901 , 8.35200
50.15 , 22.5915050506 , 8.35767
50.18 , 22.5915050506 , 8.36350
50.21 , 22.5915050506 , 8.36900
50.25 , 22.5915050506 , 8.37483
50.28 , 22.5915050506 , 8.38050
50.32 , 22.5915050506 , 8.38633
50.35 , 22.5915050506 , 8.39217
50.39 , 22.5915050506 , 8.39767
50.42 , 22.5915050506 , 8.40350
50.46 , 22.7001190185 , 8.40917
50.49 , 22.8087310791 , 8.41500
50.52 , 22.7001190185 , 8.42067
50.56 , 22.8087310791 , 8.42633
50.59 , 22.7001190185 , 8.43200
50.63 , 22.8087310791 , 8.43783
50.66 , 22.8087310791 , 8.44350
50.70 , 22.8087310791 , 8.44933
50.73 , 22.9173431396 , 8.45483
50.76 , 22.9173431396 , 8.46067
50.80 , 22.8087310791 , 8.46633
50.83 , 22.9173431396 , 8.47217
50.87 , 22.9173431396 , 8.47783
50.90 , 22.9173431396 , 8.48367
50.94 , 22.9173431396 , 8.48917
50.97 , 22.9173431396 , 8.49500
51.00 , 22.9173431396 , 8.50067
51.04 , 22.9173431396 , 8.50650
51.07 , 23.0259571075 , 8.51217
51.11 , 22.9173431396 , 8.51783
51.14 , 23.0259571075 , 8.52350
51.18 , 23.0259571075 , 8.52933
51.21 , 23.0259571075 , 8.53500
51.25 , 23.1345691680 , 8.54083
51.28 , 23.0259571075 , 8.54633
51.31 , 23.0259571075 , 8.55217
51.35 , 23.0259571075 , 8.55783
51.38 , 23.1345691680 , 8.56367
51.42 , 23.1345691680 , 8.56933
51.45 , 23.1345691680 , 8.57500
51.49 , 23.1345691680 , 8.58083
51.52 , 23.1345691680 , 8.58650
51.55 , 23.2431831359 , 8.59233
51.59 , 23.2431831359 , 8.59800
51.62 , 23.3517990112 , 8.60367
51.66 , 23.3517990112 , 8.60933
51.69 , 23.3517990112 , 8.61517
51.72 , 23.3517990112 , 8.62083
51.76 , 23.3517990112 , 8.62667
51.79 , 23.2431831359 , 8.63217
51.83 , 23.3517990112 , 8.63800
51.86 , 23.4604110717 , 8.64367
51.90 , 23.3517990112 , 8.64950
51.93 , 23.5690231323 , 8.65517
51.97 , 23.5690231323 , 8.66083
52.00 , 23.4604110717 , 8.66650
52.03 , 23.4604110717 , 8.67233
52.07 , 23.5690231323 , 8.67800
52.10 , 23.5690231323 , 8.68383
52.14 , 23.5690231323 , 8.68933
52.17 , 23.5690231323 , 8.69517
52.21 , 23.5690231323 , 8.70083
52.24 , 23.6776371002 , 8.70667
52.27 , 23.7862491607 , 8.71233
52.31 , 23.7862491607 , 8.71800
52.34 , 23.6776371002 , 8.72367
52.38 , 23.7862491607 , 8.72950
52.41 , 23.6776371002 , 8.73517
52.45 , 23.7862491607 , 8.74100
52.48 , 23.6776371002 , 8.74667
52.51 , 23.8948631286 , 8.75233
52.55 , 23.8948631286 , 8.75817
52.58 , 23.8948631286 , 8.76383
52.62 , 23.8948631286 , 8.76967
52.65 , 24.2207012176 , 8.77533
52.69 , 24.3293151855 , 8.78100
52.72 , 24.2207012176 , 8.78667
52.76 , 24.7637653350 , 8.79250
52.79 , 24.4379272460 , 8.79817
52.82 , 24.6551532745 , 8.80400
52.86 , 24.7637653350 , 8.80950
52.89 , 24.7637653350 , 8.81533
52.93 , 24.7637653350 , 8.82100
52.96 , 24.3293151855 , 8.82683
53.00 , 24.3293151855 , 8.83250
53.03 , 24.3293151855 , 8.83817
53.06 , 24.3293151855 , 8.84383
53.10 , 24.2207012176 , 8.84967
53.13 , 24.3293151855 , 8.85533
53.17 , 24.3293151855 , 8.86117
53.20 , 24.3293151855 , 8.86667
53.24 , 24.3293151855 , 8.87250
53.27 , 24.4379272460 , 8.87817
53.30 , 24.4379272460 , 8.88400
53.34 , 24.4379272460 , 8.88967
53.37 , 24.3293151855 , 8.89533
53.41 , 24.4379272460 , 8.90100
53.44 , 24.3293151855 , 8.90683
53.47 , 24.2207012176 , 8.91250
53.51 , 24.3293151855 , 8.91833
53.54 , 24.3293151855 , 8.92383
53.58 , 24.3293151855 , 8.92967
53.61 , 24.4379272460 , 8.93533
53.65 , 24.4379272460 , 8.94117
53.68 , 24.4379272460 , 8.94700
53.72 , 24.4379272460 , 8.95250
53.75 , 24.5465393066 , 8.95833
53.78 , 24.4379272460 , 8.96400
53.82 , 24.4379272460 , 8.96983
53.85 , 24.5465393066 , 8.97550
53.89 , 24.5465393066 , 8.98133
53.92 , 24.6551532745 , 8.98683
53.96 , 24.5465393066 , 8.99267
53.99 , 24.5465393066 , 8.99833
54.03 , 24.6551532745 , 9.00417
54.06 , 24.5465393066 , 9.00983
54.09 , 24.5465393066 , 9.01550
54.13 , 24.6551532745 , 9.02117
54.16 , 24.5465393066 , 9.02700
54.20 , 24.7637653350 , 9.03267
54.23 , 24.7637653350 , 9.03850
54.26 , 24.7637653350 , 9.04400
54.30 , 24.7637653350 , 9.04983
54.33 , 24.8723793029 , 9.05550
54.37 , 24.8723793029 , 9.06133
54.40 , 24.9809913635 , 9.06700
54.44 , 24.8723793029 , 9.07267
54.47 , 24.9809913635 , 9.07833
54.51 , 24.8723793029 , 9.08417
54.54 , 24.9809913635 , 9.08983
54.57 , 24.9809913635 , 9.09567
54.61 , 24.9809913635 , 9.10117
54.64 , 24.9809913635 , 9.10700
54.68 , 24.9809913635 , 9.11267
54.71 , 24.9809913635 , 9.11850
54.75 , 25.0896053314 , 9.12433
54.78 , 25.0896053314 , 9.12983
54.81 , 25.0896053314 , 9.13567
54.85 , 25.0896053314 , 9.14133
54.88 , 25.1982173919 , 9.14717
54.92 , 25.0896053314 , 9.15283
54.95 , 25.1982173919 , 9.15850
54.99 , 25.1982173919 , 9.16417
55.02 , 25.3068313598 , 9.17000
55.05 , 25.1982173919 , 9.17567
55.09 , 25.1982173919 , 9.18150
55.12 , 25.3068313598 , 9.18700
55.16 , 25.1982173919 , 9.19283
55.19 , 25.3068313598 , 9.19850
55.23 , 25.1982173919 , 9.20433
55.26 , 25.1982173919 , 9.21000
55.29 , 25.3068313598 , 9.21567
55.33 , 25.3068313598 , 9.22133
55.36 , 25.4154434204 , 9.22717
55.40 , 25.3068313598 , 9.23283
55.43 , 25.3068313598 , 9.23867
55.47 , 25.4154434204 , 9.24417
55.50 , 25.3068313598 , 9.25000
55.53 , 25.4154434204 , 9.25567
55.57 , 25.3068313598 , 9.26150
55.60 , 25.3068313598 , 9.26717
55.64 , 25.4154434204 , 9.27300
55.67 , 25.4154434204 , 9.27850
55.71 , 25.3068313598 , 9.28433
55.74 , 25.3068313598 , 9.29000
55.78 , 25.1982173919 , 9.29583
55.81 , 25.3068313598 , 9.30150
55.84 , 25.3068313598 , 9.30717
55.88 , 25.1982173919 , 9.31300
55.91 , 25.3068313598 , 9.31867
55.95 , 25.1982173919 , 9.32450
55.98 , 25.3068313598 , 9.33017
56.02 , 25.3068313598 , 9.33583
56.05 , 25.1982173919 , 9.34150
56.08 , 25.3068313598 , 9.34733
56.12 , 25.3068313598 , 9.35300
56.15 , 25.4154434204 , 9.35883
56.19 , 25.4154434204 , 9.36433
56.22 , 25.4154434204 , 9.37017
56.26 , 25.4154434204 , 9.37583
56.29 , 25.4154434204 , 9.38167
56.32 , 25.4154434204 , 9.38733
56.36 , 25.4154434204 , 9.39300
56.39 , 25.5240554809 , 9.39867
56.43 , 25.4154434204 , 9.40450
56.46 , 25.5240554809 , 9.41017
56.50 , 25.3068313598 , 9.41600
56.53 , 25.4154434204 , 9.42150
56.56 , 25.4154434204 , 9.42733
56.60 , 25.5240554809 , 9.43300
56.63 , 25.6326694488 , 9.43883
56.67 , 25.6326694488 , 9.44450
56.70 , 25.6326694488 , 9.45017
56.74 , 25.6326694488 , 9.45583
56.77 , 25.5240554809 , 9.46167
56.80 , 25.5240554809 , 9.46733
56.84 , 25.7412815093 , 9.47317
56.87 , 25.7412815093 , 9.47867
56.91 , 25.6326694488 , 9.48450
56.94 , 25.7412815093 , 9.49033
56.98 , 25.7412815093 , 9.49600
57.01 , 25.8498954772 , 9.50183
57.04 , 25.8498954772 , 9.50733
57.08 , 25.7412815093 , 9.51317
57.11 , 25.8498954772 , 9.51883
57.15 , 25.7412815093 , 9.52467
57.18 , 25.8498954772 , 9.53033
57.22 , 25.8498954772 , 9.53617
57.25 , 25.8498954772 , 9.54167
57.29 , 25.8498954772 , 9.54750
57.32 , 25.9585075378 , 9.55317
57.35 , 25.9585075378 , 9.55900
57.39 , 25.9585075378 , 9.56467
57.42 , 25.9585075378 , 9.57033
57.46 , 26.0671215057 , 9.57600
57.49 , 25.9585075378 , 9.58183
57.53 , 26.0671215057 , 9.58750
57.56 , 25.9585075378 , 9.59333
57.59 , 25.9585075378 , 9.59883
57.63 , 26.0671215057 , 9.60467
57.66 , 26.0671215057 , 9.61033
57.70 , 26.0671215057 , 9.61617
57.73 , 26.0671215057 , 9.62183
57.77 , 26.0671215057 , 9.62750
57.80 , 26.0671215057 , 9.63317
57.83 , 26.0671215057 , 9.63900
57.87 , 26.1757354736 , 9.64467
57.90 , 26.1757354736 , 9.65050
57.94 , 26.1757354736 , 9.65600
57.97 , 26.1757354736 , 9.66183
58.01 , 26.2843494415 , 9.66750
58.04 , 26.2843494415 , 9.67333
58.08 , 26.1757354736 , 9.67917
58.11 , 26.1757354736 , 9.68467
58.14 , 26.1757354736 , 9.69050
58.18 , 26.3929615020 , 9.69617
58.21 , 26.2843494415 , 9.70200
58.25 , 26.2843494415 , 9.70767
58.28 , 26.2843494415 , 9.71333
58.31 , 26.2843494415 , 9.71900
58.35 , 26.3929615020 , 9.72483
58.38 , 26.3929615020 , 9.73050
58.42 , 26.3929615020 , 9.73633
58.45 , 26.3929615020 , 9.74183
58.49 , 26.5015754699 , 9.74767
58.52 , 26.5015754699 , 9.75333
58.56 , 26.3929615020 , 9.75917
58.59 , 26.3929615020 , 9.76483
58.62 , 26.5015754699 , 9.77067
58.66 , 26.5015754699 , 9.77617
58.69 , 26.5015754699 , 9.78200
58.73 , 26.5015754699 , 9.78767
58.76 , 26.5015754699 , 9.79350
58.79 , 26.6101875305 , 9.79917
58.83 , 26.3929615020 , 9.80483
58.86 , 26.6101875305 , 9.81050
58.90 , 26.7188014984 , 9.81633
58.93 , 26.7188014984 , 9.82200
58.97 , 26.6101875305 , 9.82783
59.00 , 26.7188014984 , 9.83333
59.04 , 26.7188014984 , 9.83917
59.07 , 26.7188014984 , 9.84483
59.10 , 26.6101875305 , 9.85067
59.14 , 26.7188014984 , 9.85650
59.17 , 26.7188014984 , 9.86200
59.21 , 26.8274135589 , 9.86783
59.24 , 26.7188014984 , 9.87350
59.28 , 26.7188014984 , 9.87933
59.31 , 26.8274135589 , 9.88500
59.34 , 26.9360275268 , 9.89067
59.38 , 26.8274135589 , 9.89633
59.41 , 26.9360275268 , 9.90217
59.45 , 26.9360275268 , 9.90783
59.48 , 26.9360275268 , 9.91367
59.52 , 27.0446395874 , 9.91917
59.55 , 26.9360275268 , 9.92500
59.58 , 26.9360275268 , 9.93067
59.62 , 27.0446395874 , 9.93650
59.65 , 27.0446395874 , 9.94217
59.69 , 27.0446395874 , 9.94783
59.72 , 27.1532516479 , 9.95350
59.76 , 27.1532516479 , 9.95933
59.79 , 27.1532516479 , 9.96500
59.83 , 27.1532516479 , 9.97083
59.86 , 27.1532516479 , 9.97633
59.89 , 27.1532516479 , 9.98217
59.93 , 27.1532516479 , 9.98783
59.96 , 27.2618656158 , 9.99367
60.00 , 27.2618656158 , 9.99933
60.03 , 27.2618656158 , 10.00500
60.06 , 27.2618656158 , 10.01083
60.10 , 27.2618656158 , 10.01683
60.14 , 27.2618656158 , 10.02283
60.17 , 27.2618656158 , 10.02867
60.21 , 27.2618656158 , 10.03467
60.24 , 27.3704776763 , 10.04033
60.28 , 27.3704776763 , 10.04633
60.31 , 27.4790916442 , 10.05217
60.35 , 27.3704776763 , 10.05817
60.38 , 27.3704776763 , 10.06400
60.42 , 27.3704776763 , 10.07000
60.45 , 27.3704776763 , 10.07567
60.49 , 27.3704776763 , 10.08167
60.53 , 27.4790916442 , 10.08750
60.56 , 27.3704776763 , 10.09350
60.60 , 27.4790916442 , 10.09933
60.63 , 27.5877037048 , 10.10533
60.67 , 27.4790916442 , 10.11100
60.70 , 27.5877037048 , 10.11700
60.74 , 27.4790916442 , 10.12300
60.77 , 27.5877037048 , 10.12883
60.81 , 27.5877037048 , 10.13483
60.84 , 27.4790916442 , 10.14067
60.88 , 27.5877037048 , 10.14650
60.91 , 27.6963176727 , 10.15233
60.95 , 27.5877037048 , 10.15833
60.99 , 27.6963176727 , 10.16417
61.02 , 27.8049297332 , 10.17017
61.06 , 27.6963176727 , 10.17600
61.09 , 27.8049297332 , 10.18183
61.13 , 27.6963176727 , 10.18767
61.16 , 27.8049297332 , 10.19367
61.20 , 27.8049297332 , 10.19950
61.23 , 27.8049297332 , 10.20550
61.27 , 27.8049297332 , 10.21133
61.30 , 27.9135437011 , 10.21717
61.34 , 27.8049297332 , 10.22317
61.37 , 27.9135437011 , 10.22900
61.41 , 28.0221557617 , 10.23500
61.45 , 27.9135437011 , 10.24083
61.48 , 27.9135437011 , 10.24667
61.52 , 28.0221557617 , 10.25250
61.55 , 28.0221557617 , 10.25850
61.59 , 28.0221557617 , 10.26433
61.62 , 28.0221557617 , 10.27033
61.66 , 28.0221557617 , 10.27617
61.69 , 28.0221557617 , 10.28200
61.73 , 28.0221557617 , 10.28783
61.76 , 28.0221557617 , 10.29383
61.80 , 28.1307678222 , 10.29967
61.83 , 28.1307678222 , 10.30567
61.87 , 28.1307678222 , 10.31167
61.90 , 28.2393817901 , 10.31733
61.94 , 28.2393817901 , 10.32333
61.97 , 28.2393817901 , 10.32917
62.01 , 28.2393817901 , 10.33517
62.05 , 28.2393817901 , 10.34100
62.08 , 28.2393817901 , 10.34700
62.12 , 28.3479938507 , 10.35267
62.15 , 28.3479938507 , 10.35867
62.19 , 28.3479938507 , 10.36450
62.22 , 28.3479938507 , 10.37050
62.26 , 28.3479938507 , 10.37633
62.29 , 28.3479938507 , 10.38233
62.33 , 28.4566078186 , 10.38800
62.36 , 28.4566078186 , 10.39400
62.40 , 28.4566078186 , 10.40000
62.44 , 28.4566078186 , 10.40583
62.47 , 28.4566078186 , 10.41183
62.51 , 28.5652198791 , 10.41750
62.54 , 28.4566078186 , 10.42350
62.58 , 28.5652198791 , 10.42933
62.61 , 28.5652198791 , 10.43533
62.65 , 28.5652198791 , 10.44117
62.68 , 28.6738338470 , 10.44717
62.72 , 28.6738338470 , 10.45283
62.75 , 28.6738338470 , 10.45883
62.79 , 28.6738338470 , 10.46467
62.82 , 28.5652198791 , 10.47067
62.86 , 28.6738338470 , 10.47650
62.90 , 28.6738338470 , 10.48250
62.93 , 28.6738338470 , 10.48817
62.97 , 28.6738338470 , 10.49417
63.00 , 28.6738338470 , 10.50017
63.04 , 28.7824459075 , 10.50600
63.07 , 28.7824459075 , 10.51200
63.11 , 28.6738338470 , 10.51783
63.14 , 28.7824459075 , 10.52367
63.18 , 28.7824459075 , 10.52950
63.21 , 28.7824459075 , 10.53550
63.25 , 28.7824459075 , 10.54133
63.28 , 28.7824459075 , 10.54733
63.32 , 28.7824459075 , 10.55317
63.35 , 28.7824459075 , 10.55900
63.39 , 28.7824459075 , 10.56483
63.43 , 28.7824459075 , 10.57083
63.46 , 28.8910617828 , 10.57667
63.50 , 28.9996738433 , 10.58267
63.53 , 28.8910617828 , 10.58867
63.57 , 28.8910617828 , 10.59433
63.60 , 28.9996738433 , 10.60033
63.64 , 28.9996738433 , 10.60617
63.67 , 28.9996738433 , 10.61217
63.71 , 28.9996738433 , 10.61800
63.74 , 29.1082878112 , 10.62400
63.78 , 28.9996738433 , 10.62967
63.81 , 29.1082878112 , 10.63567
63.85 , 29.2168998718 , 10.64150
63.88 , 29.1082878112 , 10.64750
63.92 , 29.2168998718 , 10.65333
63.96 , 29.2168998718 , 10.65917
63.99 , 29.2168998718 , 10.66500
64.03 , 29.3255138397 , 10.67100
64.06 , 29.3255138397 , 10.67683
64.10 , 29.2168998718 , 10.68283
64.13 , 29.2168998718 , 10.68883
64.17 , 29.3255138397 , 10.69450
64.20 , 29.3255138397 , 10.70050
64.24 , 29.3255138397 , 10.70633
64.27 , 29.4341259002 , 10.71233
64.31 , 29.4341259002 , 10.71817
64.34 , 29.4341259002 , 10.72417
64.38 , 29.4341259002 , 10.72983
64.41 , 29.4341259002 , 10.73583
64.45 , 29.5427398681 , 10.74167
64.49 , 29.4341259002 , 10.74767
64.52 , 29.4341259002 , 10.75350
64.56 , 29.5427398681 , 10.75950
64.59 , 29.5427398681 , 10.76517
64.63 , 29.5427398681 , 10.77117
64.66 , 29.6513519287 , 10.77717
64.70 , 29.6513519287 , 10.78300
64.73 , 29.5427398681 , 10.78900
64.77 , 29.6513519287 , 10.79483
64.80 , 29.6513519287 , 10.80067
64.84 , 29.6513519287 , 10.80650
64.87 , 29.6513519287 , 10.81250
64.91 , 29.6513519287 , 10.81833
64.95 , 29.6513519287 , 10.82433
64.98 , 29.7599639892 , 10.83000
65.02 , 29.6513519287 , 10.83600
65.05 , 29.7599639892 , 10.84183
65.09 , 29.7599639892 , 10.84783
65.12 , 29.7599639892 , 10.85367
65.16 , 29.7599639892 , 10.85967
65.19 , 29.8685779571 , 10.86533
65.23 , 29.7599639892 , 10.87133
65.26 , 29.8685779571 , 10.87733
65.30 , 29.7599639892 , 10.88317
65.33 , 29.8685779571 , 10.88917
65.37 , 29.8685779571 , 10.89500
65.40 , 29.8685779571 , 10.90083
65.44 , 29.9771900177 , 10.90667
65.48 , 29.9771900177 , 10.91267
65.51 , 29.8685779571 , 10.91850
65.55 , 29.9771900177 , 10.92450
65.58 , 29.9771900177 , 10.93033
65.62 , 30.0858039855 , 10.93617
65.65 , 29.9771900177 , 10.94200
65.69 , 29.9771900177 , 10.94800
65.72 , 30.0858039855 , 10.95383
65.76 , 30.0858039855 , 10.95983
65.79 , 30.0858039855 , 10.96583
65.83 , 29.9771900177 , 10.97150
65.86 , 30.0858039855 , 10.97750
65.90 , 30.1944160461 , 10.98333
65.94 , 30.1944160461 , 10.98933
65.97 , 30.1944160461 , 10.99517
66.01 , 30.1944160461 , 11.00117
66.04 , 30.1944160461 , 11.00683
66.08 , 30.3030300140 , 11.01283
66.11 , 30.1944160461 , 11.01867
66.15 , 30.3030300140 , 11.02467
66.18 , 30.1944160461 , 11.03050
66.22 , 30.3030300140 , 11.03650
66.25 , 30.3030300140 , 11.04217
66.29 , 30.3030300140 , 11.04817
66.32 , 30.3030300140 , 11.05400
66.36 , 30.4116420745 , 11.06000
66.40 , 30.3030300140 , 11.06600
66.43 , 30.4116420745 , 11.07167
66.47 , 30.4116420745 , 11.07767
66.50 , 30.4116420745 , 11.08350
66.54 , 30.4116420745 , 11.08950
66.57 , 30.4116420745 , 11.09533
66.61 , 30.5202560424 , 11.10133
66.64 , 30.5202560424 , 11.10700
66.68 , 30.5202560424 , 11.11300
66.71 , 30.6288681030 , 11.11883
66.75 , 30.6288681030 , 11.12483
66.78 , 30.6288681030 , 11.13067
66.82 , 30.6288681030 , 11.13667
66.85 , 30.6288681030 , 11.14233
66.89 , 30.6288681030 , 11.14833
66.93 , 30.6288681030 , 11.15433
66.96 , 30.7374801635 , 11.16017
67.00 , 30.7374801635 , 11.16617
67.03 , 30.8460941314 , 11.17200
67.07 , 30.7374801635 , 11.17783
67.10 , 30.8460941314 , 11.18367
67.14 , 30.8460941314 , 11.18967
67.17 , 30.8460941314 , 11.19550
67.21 , 30.8460941314 , 11.20150
67.24 , 30.8460941314 , 11.20733
67.28 , 30.8460941314 , 11.21317
67.31 , 30.9547061920 , 11.21900
67.35 , 30.9547061920 , 11.22500
67.38 , 30.8460941314 , 11.23083
67.42 , 30.9547061920 , 11.23683
67.46 , 30.9547061920 , 11.24267
67.49 , 30.9547061920 , 11.24850
67.53 , 30.9547061920 , 11.25450
67.56 , 30.9547061920 , 11.26033
67.60 , 31.0633201599 , 11.26633
67.63 , 31.0633201599 , 11.27217
67.67 , 31.0633201599 , 11.27800
67.70 , 31.0633201599 , 11.28383
67.74 , 31.0633201599 , 11.28983
67.77 , 31.0633201599 , 11.29567
67.81 , 31.1719322204 , 11.30167
67.84 , 31.1719322204 , 11.30750
67.88 , 31.1719322204 , 11.31333
67.91 , 31.2805461883 , 11.31917
67.95 , 31.1719322204 , 11.32517
67.99 , 31.2805461883 , 11.33100
68.02 , 31.1719322204 , 11.33700
68.06 , 31.2805461883 , 11.34300
68.09 , 31.2805461883 , 11.34867
68.13 , 31.2805461883 , 11.35467
68.16 , 31.2805461883 , 11.36050
68.20 , 31.2805461883 , 11.36650
68.23 , 31.2805461883 , 11.37233
68.27 , 31.3891582489 , 11.37833
68.30 , 31.3891582489 , 11.38400
68.34 , 31.2805461883 , 11.39000
68.37 , 31.2805461883 , 11.39583
68.41 , 31.3891582489 , 11.40183
68.45 , 31.4977722167 , 11.40767
68.48 , 31.3891582489 , 11.41367
68.52 , 31.3891582489 , 11.41933
68.55 , 31.3891582489 , 11.42533
68.59 , 31.4977722167 , 11.43117
68.62 , 31.4977722167 , 11.43717
68.66 , 31.4977722167 , 11.44317
68.69 , 31.4977722167 , 11.44900
68.73 , 31.6063842773 , 11.45483
68.76 , 31.6063842773 , 11.46067
68.80 , 31.7149963378 , 11.46667
68.83 , 31.6063842773 , 11.47250
68.87 , 31.6063842773 , 11.47850
68.90 , 31.7149963378 , 11.48417
68.94 , 31.7149963378 , 11.49017
68.98 , 31.7149963378 , 11.49600
69.01 , 31.8236103057 , 11.50200
69.05 , 31.7149963378 , 11.50783
69.08 , 31.7149963378 , 11.51383
69.12 , 31.7149963378 , 11.51950
69.15 , 31.8236103057 , 11.52550
69.19 , 31.9322223663 , 11.53150
69.22 , 31.9322223663 , 11.53733
69.26 , 31.8236103057 , 11.54333
69.29 , 31.9322223663 , 11.54917
69.33 , 31.9322223663 , 11.55500
69.36 , 31.9322223663 , 11.56083
69.40 , 31.8236103057 , 11.56683
69.44 , 31.9322223663 , 11.57267
69.47 , 31.9322223663 , 11.57867
69.51 , 31.9322223663 , 11.58450
69.54 , 31.9322223663 , 11.59033
69.58 , 32.0408363342 , 11.59617
69.61 , 32.0408363342 , 11.60217
69.65 , 32.0408363342 , 11.60800
69.68 , 32.0408363342 , 11.61400
69.72 , 32.0408363342 , 11.61983
69.75 , 32.0408363342 , 11.62567
69.79 , 32.1494483947 , 11.63167
69.82 , 32.1494483947 , 11.63750
69.86 , 32.0408363342 , 11.64350
69.90 , 32.2580604553 , 11.64933
69.93 , 32.1494483947 , 11.65533
69.97 , 32.2580604553 , 11.66100
70.00 , 32.2580604553 , 11.66700
70.04 , 32.1494483947 , 11.67283
70.07 , 32.2580604553 , 11.67883
70.11 , 32.1494483947 , 11.68467
70.14 , 32.2580604553 , 11.69067
70.18 , 32.2580604553 , 11.69633
70.21 , 32.2580604553 , 11.70233
70.25 , 32.2580604553 , 11.70817
70.29 , 32.2580604553 , 11.71417
70.32 , 32.3666763305 , 11.72017
70.36 , 32.2580604553 , 11.72583
70.39 , 32.3666763305 , 11.73183
70.43 , 32.3666763305 , 11.73767
70.46 , 32.3666763305 , 11.74367
70.50 , 32.4752883911 , 11.74950
70.53 , 32.4752883911 , 11.75550
70.57 , 32.4752883911 , 11.76117
70.60 , 32.4752883911 , 11.76717
70.64 , 32.5839004516 , 11.77300
70.67 , 32.5839004516 , 11.77900
70.71 , 32.5839004516 , 11.78483
70.75 , 32.5839004516 , 11.79083
70.78 , 32.5839004516 , 11.79650
70.81 , 32.5839004516 , 11.80250
70.85 , 32.5839004516 , 11.80833
70.89 , 32.5839004516 , 11.81433
70.92 , 32.5839004516 , 11.82033
70.96 , 32.5839004516 , 11.82617
70.99 , 32.6925125122 , 11.83200
71.03 , 32.6925125122 , 11.83783
71.06 , 32.6925125122 , 11.84383
71.10 , 32.6925125122 , 11.84967
71.13 , 32.6925125122 , 11.85567
71.17 , 32.8011245727 , 11.86150
71.20 , 32.8011245727 , 11.86733
71.24 , 32.9097404479 , 11.87317
71.27 , 32.8011245727 , 11.87917
71.31 , 32.9097404479 , 11.88500
71.35 , 32.8011245727 , 11.89100
71.38 , 32.9097404479 , 11.89667
71.42 , 32.9097404479 , 11.90267
71.45 , 32.9097404479 , 11.90867
71.49 , 33.0183525085 , 11.91450
71.52 , 32.9097404479 , 11.92050
71.56 , 33.0183525085 , 11.92633
71.59 , 33.0183525085 , 11.93217
71.63 , 33.1269683837 , 11.93800
71.66 , 33.0183525085 , 11.94400
71.70 , 33.1269683837 , 11.94983
71.73 , 33.0183525085 , 11.95583
71.77 , 33.1269683837 , 11.96167
71.80 , 33.1269683837 , 11.96750
71.84 , 33.1269683837 , 11.97333
71.88 , 33.2355842590 , 11.97933
71.91 , 33.1269683837 , 11.98517
71.95 , 33.2355842590 , 11.99117
71.98 , 33.2355842590 , 11.99700
72.02 , 33.2355842590 , 12.00283
72.05 , 33.2355842590 , 12.00883
72.09 , 33.3441963195 , 12.01467
72.12 , 33.2355842590 , 12.02067
72.16 , 33.2355842590 , 12.02650
72.19 , 33.3441963195 , 12.03250
72.23 , 33.3441963195 , 12.03817
72.26 , 33.2355842590 , 12.04417
72.30 , 33.3441963195 , 12.05000
72.34 , 33.3441963195 , 12.05600
72.37 , 33.3441963195 , 12.06183
72.41 , 33.3441963195 , 12.06783
72.44 , 33.3441963195 , 12.07350
72.48 , 33.4528083801 , 12.07950
72.51 , 33.4528083801 , 12.08533
72.55 , 33.4528083801 , 12.09133
72.58 , 33.4528083801 , 12.09733
72.62 , 33.4528083801 , 12.10317
72.65 , 33.4528083801 , 12.10900
72.69 , 33.5614204406 , 12.11483
72.72 , 33.5614204406 , 12.12083
72.76 , 33.5614204406 , 12.12667
72.80 , 33.6700363159 , 12.13267
72.83 , 33.5614204406 , 12.13833
72.87 , 33.6700363159 , 12.14433
72.90 , 33.6700363159 , 12.15017
72.94 , 33.6700363159 , 12.15617
72.97 , 33.6700363159 , 12.16200
73.01 , 33.6700363159 , 12.16800
73.04 , 33.6700363159 , 12.17367
73.08 , 33.7786483764 , 12.17967
73.11 , 33.6700363159 , 12.18550
73.15 , 33.7786483764 , 12.19150
73.18 , 33.7786483764 , 12.19750
73.22 , 33.7786483764 , 12.20333
73.25 , 33.8872604370 , 12.20917
73.29 , 33.7786483764 , 12.21500
73.33 , 33.7786483764 , 12.22100
73.36 , 33.9958724975 , 12.22683
73.40 , 33.8872604370 , 12.23283
73.43 , 33.8872604370 , 12.23867
73.47 , 33.8872604370 , 12.24450
73.50 , 33.9958724975 , 12.25033
73.54 , 33.9958724975 , 12.25633
73.57 , 33.9958724975 , 12.26217
73.61 , 33.9958724975 , 12.26817
73.64 , 33.9958724975 , 12.27400
73.68 , 34.1044845581 , 12.27983
73.71 , 33.9958724975 , 12.28583
73.75 , 33.9958724975 , 12.29167
73.79 , 34.1044845581 , 12.29767
73.82 , 34.1044845581 , 12.30350
73.86 , 34.1044845581 , 12.30950
73.89 , 34.1044845581 , 12.31517
73.93 , 34.2131004333 , 12.32117
73.96 , 34.1044845581 , 12.32700
74.00 , 34.2131004333 , 12.33300
74.03 , 34.1044845581 , 12.33883
74.07 , 34.2131004333 , 12.34467
74.10 , 34.2131004333 , 12.35050
74.14 , 34.2131004333 , 12.35650
74.17 , 34.3217124938 , 12.36233
74.21 , 34.3217124938 , 12.36833
74.25 , 34.3217124938 , 12.37417
74.28 , 34.3217124938 , 12.38000
74.32 , 34.3217124938 , 12.38600
74.35 , 34.4303245544 , 12.39183
74.39 , 34.3217124938 , 12.39783
74.42 , 34.4303245544 , 12.40367
74.46 , 34.4303245544 , 12.40967
74.49 , 34.4303245544 , 12.41533
74.53 , 34.4303245544 , 12.42133
74.56 , 34.4303245544 , 12.42717
74.60 , 34.4303245544 , 12.43317
74.63 , 34.5389366149 , 12.43900
74.67 , 34.5389366149 , 12.44500
74.70 , 34.5389366149 , 12.45067
74.74 , 34.4303245544 , 12.45667
74.77 , 34.5389366149 , 12.46250
74.81 , 34.5389366149 , 12.46850
74.85 , 34.5389366149 , 12.47450
74.88 , 34.5389366149 , 12.48033
74.92 , 34.6475524902 , 12.48617
74.95 , 34.6475524902 , 12.49200
74.99 , 34.6475524902 , 12.49800
75.02 , 34.6475524902 , 12.50383
75.06 , 34.6475524902 , 12.50983
75.09 , 34.6475524902 , 12.51567
75.13 , 34.7561645507 , 12.52150
75.16 , 34.6475524902 , 12.52733
75.20 , 34.6475524902 , 12.53333
75.23 , 34.7561645507 , 12.53917
75.27 , 34.7561645507 , 12.54517
75.30 , 34.7561645507 , 12.55083
75.34 , 34.7561645507 , 12.55683
75.38 , 34.8647766113 , 12.56267
75.41 , 34.8647766113 , 12.56867
75.45 , 34.8647766113 , 12.57467
75.48 , 34.9733886718 , 12.58050
75.52 , 34.8647766113 , 12.58633
75.55 , 34.8647766113 , 12.59217
75.59 , 34.9733886718 , 12.59817
75.62 , 34.9733886718 , 12.60400
75.66 , 34.9733886718 , 12.61000
75.69 , 34.9733886718 , 12.61583
75.73 , 34.9733886718 , 12.62167
75.76 , 34.9733886718 , 12.62750
75.80 , 34.9733886718 , 12.63350
75.84 , 35.0820007324 , 12.63933
75.87 , 35.1906166076 , 12.64533
75.91 , 35.0820007324 , 12.65117
75.94 , 35.1906166076 , 12.65700
75.98 , 35.1906166076 , 12.66300
76.01 , 35.1906166076 , 12.66883
76.05 , 35.1906166076 , 12.67483
76.08 , 35.1906166076 , 12.68067
76.12 , 35.2992286682 , 12.68667
76.15 , 35.2992286682 , 12.69233
76.19 , 35.1906166076 , 12.69833
76.22 , 35.1906166076 , 12.70417
76.26 , 35.2992286682 , 12.71017
76.30 , 35.2992286682 , 12.71600
76.33 , 35.2992286682 , 12.72200
76.37 , 35.2992286682 , 12.72767
76.40 , 35.4078407287 , 12.73367
76.44 , 35.4078407287 , 12.73950
76.47 , 35.4078407287 , 12.74550
76.51 , 35.4078407287 , 12.75133
76.54 , 35.4078407287 , 12.75733
76.58 , 35.5164527893 , 12.76317
76.61 , 35.5164527893 , 12.76900
76.65 , 35.6250686645 , 12.77500
76.68 , 35.5164527893 , 12.78083
76.72 , 35.6250686645 , 12.78683
76.75 , 35.6250686645 , 12.79250
76.79 , 35.5164527893 , 12.79850
76.83 , 35.6250686645 , 12.80433
76.86 , 35.6250686645 , 12.81033
76.90 , 35.6250686645 , 12.81617
76.93 , 35.7336807250 , 12.82217
76.97 , 35.7336807250 , 12.82783
77.00 , 35.7336807250 , 12.83383
77.04 , 35.7336807250 , 12.83967
77.07 , 35.7336807250 , 12.84567
77.11 , 35.7336807250 , 12.85167
77.14 , 35.7336807250 , 12.85750
77.18 , 35.8422927856 , 12.86333
77.21 , 35.8422927856 , 12.86917
77.25 , 35.8422927856 , 12.87517
77.29 , 35.8422927856 , 12.88100
77.32 , 35.8422927856 , 12.88700
77.36 , 35.8422927856 , 12.89283
77.39 , 35.8422927856 , 12.89867
77.43 , 35.9509048461 , 12.90450
77.46 , 35.9509048461 , 12.91050
77.50 , 35.9509048461 , 12.91633
77.53 , 35.9509048461 , 12.92233
77.57 , 35.9509048461 , 12.92817
77.60 , 35.9509048461 , 12.93400
77.64 , 35.9509048461 , 12.93983
77.68 , 35.9509048461 , 12.94583
77.71 , 35.9509048461 , 12.95183
77.75 , 36.0595169067 , 12.95767
77.78 , 36.0595169067 , 12.96367
77.82 , 36.0595169067 , 12.96933
77.85 , 36.0595169067 , 12.97533
77.89 , 36.1681327819 , 12.98117
77.92 , 36.0595169067 , 12.98717
77.96 , 36.1681327819 , 12.99300
77.99 , 36.2767448425 , 12.99883
78.03 , 36.1681327819 , 13.00467
78.06 , 36.2767448425 , 13.01067
78.10 , 36.2767448425 , 13.01650
78.13 , 36.2767448425 , 13.02250
78.17 , 36.2767448425 , 13.02833
78.20 , 36.2767448425 , 13.03417
78.24 , 36.2767448425 , 13.04017
78.28 , 36.2767448425 , 13.04600
78.31 , 36.2767448425 , 13.05200
78.35 , 36.3853569030 , 13.05783
78.38 , 36.3853569030 , 13.06383
78.42 , 36.3853569030 , 13.06950
78.45 , 36.3853569030 , 13.07550
78.49 , 36.4939689636 , 13.08133
78.52 , 36.4939689636 , 13.08733
78.56 , 36.4939689636 , 13.09317
78.59 , 36.4939689636 , 13.09917
78.63 , 36.4939689636 , 13.10483
78.66 , 36.4939689636 , 13.11083
78.70 , 36.4939689636 , 13.11667
78.74 , 36.4939689636 , 13.12267
78.77 , 36.6025848388 , 13.12850
78.81 , 36.6025848388 , 13.13450
78.84 , 36.6025848388 , 13.14033
78.88 , 36.6025848388 , 13.14617
78.91 , 36.7111968994 , 13.15217
78.95 , 36.7111968994 , 13.15800
78.98 , 36.7111968994 , 13.16400
79.02 , 36.8198089599 , 13.16983
79.05 , 36.7111968994 , 13.17567
79.09 , 36.8198089599 , 13.18150
79.12 , 36.8198089599 , 13.18750
79.16 , 36.8198089599 , 13.19333
79.20 , 36.8198089599 , 13.19933
79.23 , 36.8198089599 , 13.20500
79.27 , 36.9284210205 , 13.21100
79.30 , 36.8198089599 , 13.21683
79.34 , 36.9284210205 , 13.22283
79.37 , 36.9284210205 , 13.22883
79.41 , 36.9284210205 , 13.23467
79.44 , 36.9284210205 , 13.24050
79.48 , 36.9284210205 , 13.24633
79.51 , 36.9284210205 , 13.25233
79.55 , 37.0370330810 , 13.25817
79.58 , 36.9284210205 , 13.26417
79.62 , 37.0370330810 , 13.27000
79.65 , 36.9284210205 , 13.27583
79.69 , 36.9284210205 , 13.28167
79.73 , 37.1456489562 , 13.28767
79.76 , 37.0370330810 , 13.29350
79.80 , 37.0370330810 , 13.29950
79.83 , 37.0370330810 , 13.30533
79.87 , 37.0370330810 , 13.31117
79.90 , 37.1456489562 , 13.31700
79.94 , 37.1456489562 , 13.32300
79.97 , 37.1456489562 , 13.32900
80.01 , 37.1456489562 , 13.33483
80.04 , 37.1456489562 , 13.34083
80.08 , 37.1456489562 , 13.34650
80.11 , 37.1456489562 , 13.35250
80.15 , 37.1456489562 , 13.35833
80.19 , 37.1456489562 , 13.36433
80.22 , 37.2542610168 , 13.37017
80.26 , 37.2542610168 , 13.37617
80.29 , 37.3628730773 , 13.38183
80.33 , 37.2542610168 , 13.38783
80.36 , 37.2542610168 , 13.39367
80.40 , 37.2542610168 , 13.39967
80.43 , 37.2542610168 , 13.40550
80.47 , 37.3628730773 , 13.41133
80.50 , 37.3628730773 , 13.41733
80.54 , 37.3628730773 , 13.42317
80.57 , 37.3628730773 , 13.42917
80.61 , 37.3628730773 , 13.43500
80.65 , 37.4714851379 , 13.44100
80.68 , 37.4714851379 , 13.44667
80.72 , 37.4714851379 , 13.45267
80.75 , 37.4714851379 , 13.45850
80.79 , 37.5801010131 , 13.46450
80.82 , 37.5801010131 , 13.47033
80.86 , 37.5801010131 , 13.47633
80.89 , 37.5801010131 , 13.48200
80.93 , 37.5801010131 , 13.48800
80.96 , 37.5801010131 , 13.49383
81.00 , 37.5801010131 , 13.49983
81.03 , 37.6887130737 , 13.50567
81.07 , 37.5801010131 , 13.51167
81.11 , 37.6887130737 , 13.51750
81.14 , 37.6887130737 , 13.52333
81.18 , 37.6887130737 , 13.52933
81.21 , 37.6887130737 , 13.53517
81.25 , 37.7973251342 , 13.54117
81.28 , 37.7973251342 , 13.54700
81.32 , 37.9059371948 , 13.55283
81.35 , 37.7973251342 , 13.55867
81.39 , 37.9059371948 , 13.56467
81.42 , 37.9059371948 , 13.57050
81.46 , 37.9059371948 , 13.57650
81.49 , 37.9059371948 , 13.58233
81.53 , 37.9059371948 , 13.58817
81.56 , 37.9059371948 , 13.59400
81.60 , 38.0145492553 , 13.60000
81.64 , 37.9059371948 , 13.60600
81.67 , 38.0145492553 , 13.61183
81.71 , 38.0145492553 , 13.61783
81.74 , 38.1231651306 , 13.62350
81.78 , 38.0145492553 , 13.62950
81.81 , 38.0145492553 , 13.63533
81.85 , 38.1231651306 , 13.64133
81.88 , 38.1231651306 , 13.64717
81.92 , 38.1231651306 , 13.65300
81.95 , 38.1231651306 , 13.65883
81.99 , 38.1231651306 , 13.66483
82.02 , 38.1231651306 , 13.67067
82.06 , 38.1231651306 , 13.67667
82.09 , 38.1231651306 , 13.68250
82.13 , 38.2317771911 , 13.68833
82.16 , 38.2317771911 , 13.69417
82.20 , 38.1231651306 , 13.70017
82.24 , 38.1231651306 , 13.70617
82.27 , 38.1231651306 , 13.71200
82.31 , 38.2317771911 , 13.71800
82.34 , 38.3403892517 , 13.72367
82.38 , 38.2317771911 , 13.72967
82.41 , 38.2317771911 , 13.73550
82.45 , 38.3403892517 , 13.74150
82.48 , 38.3403892517 , 13.74733
82.52 , 38.3403892517 , 13.75333
82.55 , 38.4490013122 , 13.75900
82.59 , 38.3403892517 , 13.76500
82.62 , 38.3403892517 , 13.77083
82.66 , 38.4490013122 , 13.77683
82.70 , 38.3403892517 , 13.78267
82.73 , 38.4490013122 , 13.78867
82.77 , 38.5576171875 , 13.79450
82.80 , 38.4490013122 , 13.80033
82.84 , 38.4490013122 , 13.80633
82.87 , 38.5576171875 , 13.81217
82.91 , 38.5576171875 , 13.81817
82.94 , 38.5576171875 , 13.82400
82.98 , 38.5576171875 , 13.82983
83.01 , 38.5576171875 , 13.83567
83.05 , 38.5576171875 , 13.84167
83.08 , 38.6662330627 , 13.84750
83.12 , 38.6662330627 , 13.85350
83.15 , 38.6662330627 , 13.85917
83.19 , 38.6662330627 , 13.86517
83.23 , 38.7748451232 , 13.87100
83.26 , 38.6662330627 , 13.87700
83.30 , 38.7748451232 , 13.88283
83.33 , 38.7748451232 , 13.88883
83.37 , 38.7748451232 , 13.89467
83.40 , 38.7748451232 , 13.90050
83.44 , 38.8834609985 , 13.90650
83.47 , 38.8834609985 , 13.91233
83.51 , 38.8834609985 , 13.91833
83.54 , 38.9920730590 , 13.92417
83.58 , 38.8834609985 , 13.93000
83.61 , 38.9920730590 , 13.93583
83.65 , 39.1006851196 , 13.94183
83.69 , 38.9920730590 , 13.94767
83.72 , 38.8834609985 , 13.95367
83.76 , 38.9920730590 , 13.95950
83.79 , 38.9920730590 , 13.96533
83.83 , 38.9920730590 , 13.97117
83.86 , 39.1006851196 , 13.97717
83.90 , 39.1006851196 , 13.98317
83.93 , 39.1006851196 , 13.98900
83.97 , 39.1006851196 , 13.99500
84.00 , 39.1006851196 , 14.00067
84.04 , 39.2092971801 , 14.00667
84.07 , 38.9920730590 , 14.01250
84.11 , 39.1006851196 , 14.01850
84.15 , 39.2092971801 , 14.02433
84.18 , 39.2092971801 , 14.03033
84.22 , 39.2092971801 , 14.03600
84.25 , 39.2092971801 , 14.04200
84.29 , 39.2092971801 , 14.04783
84.32 , 39.2092971801 , 14.05383
84.36 , 39.3179092407 , 14.05967
84.39 , 39.3179092407 , 14.06550
84.43 , 39.3179092407 , 14.07133
84.46 , 39.3179092407 , 14.07733
84.50 , 39.3179092407 , 14.08333
84.54 , 39.3179092407 , 14.08917
84.57 , 39.3179092407 , 14.09517
84.61 , 39.4265251159 , 14.10083
84.64 , 39.4265251159 , 14.10683
84.68 , 39.4265251159 , 14.11267
84.71 , 39.4265251159 , 14.11867
84.75 , 39.4265251159 , 14.12450
84.78 , 39.4265251159 , 14.13050
84.82 , 39.4265251159 , 14.13617
84.85 , 39.4265251159 , 14.14217
84.89 , 39.4265251159 , 14.14800
84.92 , 39.5351371765 , 14.15400
84.96 , 39.4265251159 , 14.15983
85.00 , 39.6437492370 , 14.16583
85.03 , 39.5351371765 , 14.17167
85.06 , 39.5351371765 , 14.17750
85.10 , 39.5351371765 , 14.18350
85.14 , 39.5351371765 , 14.18933
85.17 , 39.6437492370 , 14.19533
85.21 , 39.6437492370 , 14.20117
85.24 , 39.6437492370 , 14.20700
85.28 , 39.7523612976 , 14.21283
85.31 , 39.7523612976 , 14.21883
85.35 , 39.7523612976 , 14.22467
85.38 , 39.8609771728 , 14.23067
85.42 , 39.7523612976 , 14.23650
85.45 , 39.8609771728 , 14.24233
85.49 , 39.7523612976 , 14.24817
85.52 , 39.8609771728 , 14.25417
85.56 , 39.8609771728 , 14.26000
85.60 , 39.8609771728 , 14.26600
85.63 , 39.8609771728 , 14.27200
85.67 , 39.8609771728 , 14.27767
85.70 , 39.9695892333 , 14.28367
85.74 , 39.9695892333 , 14.28950
85.77 , 39.8609771728 , 14.29550
85.81 , 39.9695892333 , 14.30133
85.84 , 40.0782012939 , 14.30717
85.88 , 39.9695892333 , 14.31300
85.91 , 40.0782012939 , 14.31900
85.95 , 39.9695892333 , 14.32483
85.98 , 39.9695892333 , 14.33083
86.02 , 40.1868133544 , 14.33667
86.05 , 40.0782012939 , 14.34250
86.09 , 40.1868133544 , 14.34833
86.13 , 40.0782012939 , 14.35433
86.16 , 40.1868133544 , 14.36033
86.20 , 40.1868133544 , 14.36617
86.23 , 40.1868133544 , 14.37217
86.27 , 40.1868133544 , 14.37783
86.30 , 40.1868133544 , 14.38383
86.34 , 40.1868133544 , 14.38967
86.37 , 40.1868133544 , 14.39567
86.41 , 40.2954254150 , 14.40150
86.44 , 40.2954254150 , 14.40750
86.48 , 40.2954254150 , 14.41317
86.51 , 40.2954254150 , 14.41917
86.55 , 40.2954254150 , 14.42500
86.59 , 40.4040412902 , 14.43100
86.62 , 40.4040412902 , 14.43683
86.66 , 40.4040412902 , 14.44283
86.69 , 40.4040412902 , 14.44850
86.73 , 40.5126533508 , 14.45450
86.76 , 40.4040412902 , 14.46050
86.80 , 40.4040412902 , 14.46633
86.83 , 40.4040412902 , 14.47233
86.87 , 40.5126533508 , 14.47800
86.90 , 40.5126533508 , 14.48400
86.94 , 40.5126533508 , 14.48983
86.97 , 40.5126533508 , 14.49583
87.01 , 40.5126533508 , 14.50167
87.05 , 40.5126533508 , 14.50767
87.08 , 40.6212654113 , 14.51333
87.12 , 40.6212654113 , 14.51933
87.15 , 40.6212654113 , 14.52517
87.19 , 40.6212654113 , 14.53117
87.22 , 40.6212654113 , 14.53700
87.26 , 40.6212654113 , 14.54300
87.29 , 40.6212654113 , 14.54883
87.33 , 40.6212654113 , 14.55467
87.36 , 40.6212654113 , 14.56067
87.40 , 40.6212654113 , 14.56650
87.43 , 40.7298774719 , 14.57250
87.47 , 40.7298774719 , 14.57833
87.50 , 40.7298774719 , 14.58417
87.54 , 40.7298774719 , 14.59000
87.58 , 40.8384933471 , 14.59600
87.61 , 40.7298774719 , 14.60183
87.65 , 40.8384933471 , 14.60783
87.68 , 40.8384933471 , 14.61367
87.72 , 40.8384933471 , 14.61950
87.75 , 40.9471054077 , 14.62533
87.79 , 40.8384933471 , 14.63133
87.82 , 40.8384933471 , 14.63717
87.86 , 40.9471054077 , 14.64317
87.89 , 40.9471054077 , 14.64917
87.93 , 40.9471054077 , 14.65483
87.96 , 40.9471054077 , 14.66083
88.00 , 41.0557174682 , 14.66667
88.04 , 41.0557174682 , 14.67267
88.07 , 41.0557174682 , 14.67850
88.11 , 41.0557174682 , 14.68450
88.14 , 41.0557174682 , 14.69017
88.18 , 41.0557174682 , 14.69617
88.21 , 41.0557174682 , 14.70200
88.25 , 41.0557174682 , 14.70800
88.28 , 41.1643295288 , 14.71383
88.32 , 41.0557174682 , 14.71967
88.35 , 41.0557174682 , 14.72550
88.39 , 41.1643295288 , 14.73150
88.43 , 41.2729415893 , 14.73750
88.46 , 41.1643295288 , 14.74333
88.50 , 41.2729415893 , 14.74933
88.53 , 41.1643295288 , 14.75500
88.57 , 41.2729415893 , 14.76100
88.60 , 41.2729415893 , 14.76683
88.64 , 41.2729415893 , 14.77283
88.67 , 41.3815574645 , 14.77867
88.71 , 41.3815574645 , 14.78467
88.74 , 41.2729415893 , 14.79033
88.78 , 41.3815574645 , 14.79633
88.81 , 41.3815574645 , 14.80217
88.85 , 41.4901695251 , 14.80817
88.88 , 41.4901695251 , 14.81400
88.92 , 41.3815574645 , 14.82000
88.95 , 41.3815574645 , 14.82567
88.99 , 41.4901695251 , 14.83167
89.03 , 41.4901695251 , 14.83767
89.06 , 41.4901695251 , 14.84350
89.10 , 41.4901695251 , 14.84950
89.13 , 41.4901695251 , 14.85533
89.17 , 41.5987815856 , 14.86117
89.20 , 41.5987815856 , 14.86700
89.24 , 41.5987815856 , 14.87300
89.27 , 41.5987815856 , 14.87883
89.31 , 41.5987815856 , 14.88483
89.34 , 41.5987815856 , 14.89067
89.38 , 41.5987815856 , 14.89650
89.41 , 41.7073936462 , 14.90233
89.45 , 41.7073936462 , 14.90833
89.48 , 41.7073936462 , 14.91417
89.52 , 41.7073936462 , 14.92017
89.56 , 41.7073936462 , 14.92600
89.59 , 41.7073936462 , 14.93183
89.63 , 41.7073936462 , 14.93783
89.66 , 41.8160095214 , 14.94367
89.70 , 41.7073936462 , 14.94967
89.73 , 41.8160095214 , 14.95550
89.77 , 41.8160095214 , 14.96133
89.80 , 41.8160095214 , 14.96717
89.84 , 41.8160095214 , 14.97317
89.87 , 41.9246215820 , 14.97900
89.91 , 41.8160095214 , 14.98500
89.94 , 41.8160095214 , 14.99083
89.98 , 41.9246215820 , 14.99667
90.01 , 41.9246215820 , 15.00250
90.05 , 42.0332336425 , 15.00850
90.09 , 42.0332336425 , 15.01433
90.12 , 42.0332336425 , 15.02033
90.16 , 42.0332336425 , 15.02633
90.19 , 42.0332336425 , 15.03200
90.23 , 42.0332336425 , 15.03800
90.26 , 42.1418457031 , 15.04383
90.30 , 42.1418457031 , 15.04983
90.33 , 42.1418457031 , 15.05567
90.37 , 42.2504577636 , 15.06167
90.40 , 42.1418457031 , 15.06733
90.44 , 42.1418457031 , 15.07333
90.47 , 42.1418457031 , 15.07917
90.51 , 42.2504577636 , 15.08517
90.55 , 42.1418457031 , 15.09100
90.58 , 42.1418457031 , 15.09700
90.62 , 42.2504577636 , 15.10267
90.65 , 42.2504577636 , 15.10867
90.69 , 42.2504577636 , 15.11467
90.72 , 42.3590736389 , 15.12050
90.76 , 42.3590736389 , 15.12650
90.79 , 42.4676856994 , 15.13217
90.83 , 42.3590736389 , 15.13817
90.86 , 42.3590736389 , 15.14400
90.90 , 42.3590736389 , 15.15000
90.93 , 42.4676856994 , 15.15583
90.97 , 42.4676856994 , 15.16183
91.00 , 42.5762977600 , 15.16750
91.04 , 42.5762977600 , 15.17350
91.08 , 42.5762977600 , 15.17933
91.11 , 42.5762977600 , 15.18533
91.15 , 42.4676856994 , 15.19117
91.18 , 42.5762977600 , 15.19717
91.22 , 42.5762977600 , 15.20283
91.25 , 42.5762977600 , 15.20883
91.29 , 42.5762977600 , 15.21483
91.32 , 42.6849098205 , 15.22067
91.36 , 42.6849098205 , 15.22667
91.39 , 42.5762977600 , 15.23250
91.43 , 42.5762977600 , 15.23833
91.46 , 42.5762977600 , 15.24417
91.50 , 42.5762977600 , 15.25017
91.54 , 42.6849098205 , 15.25600
91.57 , 42.6849098205 , 15.26200
91.61 , 42.7935256958 , 15.26783
91.64 , 42.6849098205 , 15.27367
91.68 , 42.6849098205 , 15.27950
91.71 , 42.7935256958 , 15.28550
91.75 , 42.7935256958 , 15.29133
91.78 , 42.7935256958 , 15.29733
91.82 , 42.7935256958 , 15.30333
91.85 , 42.7935256958 , 15.30900
91.89 , 42.7935256958 , 15.31500
91.93 , 42.9021377563 , 15.32083
91.96 , 42.9021377563 , 15.32683
92.00 , 42.9021377563 , 15.33267
92.03 , 42.9021377563 , 15.33867
92.07 , 42.9021377563 , 15.34433
92.10 , 43.0107498168 , 15.35033
92.14 , 42.9021377563 , 15.35617
92.17 , 43.0107498168 , 15.36217
92.21 , 43.0107498168 , 15.36800
92.24 , 43.0107498168 , 15.37383
92.28 , 43.0107498168 , 15.37967
92.31 , 43.1193618774 , 15.38567
92.35 , 43.0107498168 , 15.39150
92.38 , 43.1193618774 , 15.39750
92.42 , 43.1193618774 , 15.40350
92.45 , 43.1193618774 , 15.40917
92.49 , 43.2279739379 , 15.41517
92.53 , 43.1193618774 , 15.42100
92.56 , 43.2279739379 , 15.42700
92.60 , 43.2279739379 , 15.43283
92.63 , 43.1193618774 , 15.43883
92.67 , 43.2279739379 , 15.44450
92.70 , 43.2279739379 , 15.45050
92.74 , 43.2279739379 , 15.45633
92.77 , 43.3365898132 , 15.46233
92.81 , 43.3365898132 , 15.46817
92.84 , 43.3365898132 , 15.47417
92.88 , 43.2279739379 , 15.47983
92.91 , 43.4452018737 , 15.48583
92.95 , 43.3365898132 , 15.49183
92.99 , 43.2279739379 , 15.49767
93.02 , 43.3365898132 , 15.50367
93.06 , 43.3365898132 , 15.50950
93.09 , 43.3365898132 , 15.51533
93.13 , 43.4452018737 , 15.52117
93.16 , 43.4452018737 , 15.52717
93.20 , 43.4452018737 , 15.53300
93.23 , 43.5538139343 , 15.53900
93.27 , 43.5538139343 , 15.54467
93.30 , 43.4452018737 , 15.55067
93.34 , 43.5538139343 , 15.55650
93.37 , 43.5538139343 , 15.56250
93.41 , 43.5538139343 , 15.56833
93.45 , 43.5538139343 , 15.57433
93.48 , 43.5538139343 , 15.58000
93.52 , 43.5538139343 , 15.58600
93.55 , 43.6624259948 , 15.59200
93.59 , 43.6624259948 , 15.59783
93.62 , 43.6624259948 , 15.60383
93.66 , 43.6624259948 , 15.60967
93.69 , 43.6624259948 , 15.61550
93.73 , 43.6624259948 , 15.62133
93.76 , 43.7710418701 , 15.62733
93.80 , 43.7710418701 , 15.63317
93.83 , 43.8796539306 , 15.63917
93.87 , 43.7710418701 , 15.64500
93.90 , 43.8796539306 , 15.65083
93.94 , 43.7710418701 , 15.65667
93.98 , 43.8796539306 , 15.66267
94.01 , 43.7710418701 , 15.66850
94.05 , 43.7710418701 , 15.67450
94.08 , 43.8796539306 , 15.68050
94.12 , 43.7710418701 , 15.68617
94.15 , 43.8796539306 , 15.69217
94.19 , 43.8796539306 , 15.69800
94.22 , 43.9882659912 , 15.70400
94.26 , 43.8796539306 , 15.70983
94.29 , 43.9882659912 , 15.71583
94.33 , 43.8796539306 , 15.72150
94.36 , 44.0968780517 , 15.72750
94.40 , 43.9882659912 , 15.73333
94.44 , 43.9882659912 , 15.73933
94.47 , 43.9882659912 , 15.74517
94.51 , 44.0968780517 , 15.75117
94.54 , 44.0968780517 , 15.75683
94.58 , 44.0968780517 , 15.76283
94.61 , 44.0968780517 , 15.76867
94.65 , 44.0968780517 , 15.77467
94.68 , 44.0968780517 , 15.78067
94.72 , 44.0968780517 , 15.78633
94.75 , 44.0968780517 , 15.79233
94.79 , 44.2054977416 , 15.79817
94.82 , 44.0968780517 , 15.80417
94.86 , 44.2054977416 , 15.81000
94.90 , 44.2054977416 , 15.81600
94.93 , 44.3141098022 , 15.82167
94.97 , 44.2054977416 , 15.82767
95.00 , 44.2054977416 , 15.83350
95.04 , 44.3141098022 , 15.83950
95.07 , 44.3141098022 , 15.84533
95.11 , 44.4227218627 , 15.85133
95.14 , 44.3141098022 , 15.85700
95.18 , 44.3141098022 , 15.86300
95.21 , 44.3141098022 , 15.86900
95.25 , 44.4227218627 , 15.87483
95.29 , 44.4227218627 , 15.88083
95.32 , 44.4227218627 , 15.88667
95.36 , 44.4227218627 , 15.89250
95.39 , 44.5313339233 , 15.89833
95.43 , 44.5313339233 , 15.90433
95.46 , 44.5313339233 , 15.91017
95.50 , 44.5313339233 , 15.91617
95.53 , 44.5313339233 , 15.92200
95.57 , 44.5313339233 , 15.92783
95.60 , 44.6399459838 , 15.93367
95.64 , 44.6399459838 , 15.93967
95.67 , 44.6399459838 , 15.94550
95.71 , 44.7485580444 , 15.95150
95.74 , 44.6399459838 , 15.95733
95.78 , 44.7485580444 , 15.96317
95.81 , 44.7485580444 , 15.96917
95.85 , 44.7485580444 , 15.97500
95.89 , 44.7485580444 , 15.98100
95.92 , 44.7485580444 , 15.98683
95.96 , 44.7485580444 , 15.99267
95.99 , 44.7485580444 , 15.99850
96.03 , 44.8571701049 , 16.00450
96.06 , 44.7485580444 , 16.01033
96.10 , 44.7485580444 , 16.01634
96.13 , 44.7485580444 , 16.02217
96.17 , 44.7485580444 , 16.02800
96.20 , 44.9657859802 , 16.03384
96.24 , 44.8571701049 , 16.03983
96.27 , 44.8571701049 , 16.04567
96.31 , 44.8571701049 , 16.05167
96.35 , 44.9657859802 , 16.05767
96.38 , 44.8571701049 , 16.06333
96.42 , 44.9657859802 , 16.06933
96.45 , 44.9657859802 , 16.07517
96.49 , 44.9657859802 , 16.08117
96.52 , 44.9657859802 , 16.08700
96.56 , 44.9657859802 , 16.09300
96.59 , 45.0743980407 , 16.09867
96.63 , 45.0743980407 , 16.10467
96.66 , 45.0743980407 , 16.11050
96.70 , 44.9657859802 , 16.11650
96.73 , 45.0743980407 , 16.12233
96.77 , 45.1830101013 , 16.12833
96.80 , 45.0743980407 , 16.13400
96.84 , 45.1830101013 , 16.14000
96.87 , 45.0743980407 , 16.14583
96.91 , 45.0743980407 , 16.15184
96.95 , 45.1830101013 , 16.15783
96.98 , 45.0743980407 , 16.16367
97.02 , 45.1830101013 , 16.16950
97.05 , 45.1830101013 , 16.17534
97.09 , 45.1830101013 , 16.18133
97.12 , 45.2916221618 , 16.18717
97.16 , 45.1830101013 , 16.19317
97.19 , 45.1830101013 , 16.19883
97.23 , 45.2916221618 , 16.20483
97.26 , 45.2916221618 , 16.21067
97.30 , 45.2916221618 , 16.21667
97.33 , 45.2916221618 , 16.22250
97.37 , 45.4002380371 , 16.22850
97.40 , 45.2916221618 , 16.23417
97.44 , 45.4002380371 , 16.24017
97.48 , 45.4002380371 , 16.24617
97.51 , 45.4002380371 , 16.25200
97.55 , 45.4002380371 , 16.25800
97.58 , 45.4002380371 , 16.26383
97.62 , 45.4002380371 , 16.26967
97.65 , 45.5088500976 , 16.27550
97.69 , 45.5088500976 , 16.28150
97.72 , 45.5088500976 , 16.28734
97.76 , 45.5088500976 , 16.29334
97.79 , 45.6174621582 , 16.29917
97.83 , 45.6174621582 , 16.30500
97.86 , 45.6174621582 , 16.31083
97.90 , 45.6174621582 , 16.31683
97.94 , 45.6174621582 , 16.32267
97.97 , 45.6174621582 , 16.32867
98.01 , 45.7260742187 , 16.33450
98.04 , 45.7260742187 , 16.34033
98.08 , 45.6174621582 , 16.34634
98.11 , 45.7260742187 , 16.35217
98.15 , 45.7260742187 , 16.35817
98.18 , 45.7260742187 , 16.36400
98.22 , 45.7260742187 , 16.37000
98.25 , 45.7260742187 , 16.37567
98.29 , 45.7260742187 , 16.38167
98.32 , 45.7260742187 , 16.38750
98.36 , 45.8346862792 , 16.39350
98.40 , 45.8346862792 , 16.39933
98.43 , 45.8346862792 , 16.40534
98.47 , 45.9433021545 , 16.41100
98.50 , 45.8346862792 , 16.41700
98.54 , 45.8346862792 , 16.42284
98.57 , 45.9433021545 , 16.42883
98.61 , 45.9433021545 , 16.43483
98.64 , 45.9433021545 , 16.44050
98.68 , 45.9433021545 , 16.44650
98.71 , 45.9433021545 , 16.45233
98.75 , 45.9433021545 , 16.45833
98.79 , 45.9433021545 , 16.46417
98.82 , 45.9433021545 , 16.47017
98.86 , 46.0519142150 , 16.47583
98.89 , 45.9433021545 , 16.48184
98.93 , 46.0519142150 , 16.48767
98.96 , 46.0519142150 , 16.49367
99.00 , 46.0519142150 , 16.49950
99.03 , 46.0519142150 , 16.50550
99.07 , 46.0519142150 , 16.51117
99.10 , 46.0519142150 , 16.51717
99.14 , 46.0519142150 , 16.52300
99.17 , 46.0519142150 , 16.52900
99.21 , 46.1605262756 , 16.53500
99.25 , 46.1605262756 , 16.54084
99.28 , 46.2691383361 , 16.54667
99.31 , 46.1605262756 , 16.55250
99.35 , 46.2691383361 , 16.55850
99.39 , 46.2691383361 , 16.56434
99.42 , 46.2691383361 , 16.57033
99.46 , 46.2691383361 , 16.57617
99.49 , 46.3777542114 , 16.58200
99.53 , 46.2691383361 , 16.58783
99.56 , 46.3777542114 , 16.59383
99.60 , 46.3777542114 , 16.59967
99.63 , 46.3777542114 , 16.60567
99.67 , 46.3777542114 , 16.61133
99.70 , 46.3777542114 , 16.61734
99.74 , 46.4863662719 , 16.62333
99.77 , 46.4863662719 , 16.62917
99.81 , 46.4863662719 , 16.63517
99.85 , 46.4863662719 , 16.64100
99.88 , 46.4863662719 , 16.64683
99.92 , 46.4863662719 , 16.65267
99.95 , 46.4863662719 , 16.65867
99.99 , 46.4863662719 , 16.66450
100.02 , 46.4863662719 , 16.67050
100.06 , 46.5949783325 , 16.67650
100.10 , 46.5949783325 , 16.68267
100.13 , 46.5949783325 , 16.68850
100.17 , 46.5949783325 , 16.69467
100.20 , 46.5949783325 , 16.70067
100.24 , 46.7035903930 , 16.70683
100.28 , 46.7035903930 , 16.71300
100.31 , 46.7035903930 , 16.71900
100.35 , 46.7035903930 , 16.72500
100.39 , 46.7035903930 , 16.73100
100.42 , 46.7035903930 , 16.73717
100.46 , 46.7035903930 , 16.74317
100.50 , 46.7035903930 , 16.74934
100.53 , 46.8122024536 , 16.75533
100.57 , 46.8122024536 , 16.76150
100.61 , 46.8122024536 , 16.76750
100.64 , 46.8122024536 , 16.77350
100.68 , 46.9208183288 , 16.77967
100.71 , 46.9208183288 , 16.78567
100.75 , 46.8122024536 , 16.79183
100.79 , 46.8122024536 , 16.79784
100.82 , 46.8122024536 , 16.80400
100.86 , 46.9208183288 , 16.80983
100.90 , 46.9208183288 , 16.81600
100.93 , 46.9208183288 , 16.82200
100.97 , 46.9208183288 , 16.82817
101.01 , 46.9208183288 , 16.83433
101.04 , 46.9208183288 , 16.84033
101.08 , 47.0294303894 , 16.84650
101.11 , 47.0294303894 , 16.85233
101.15 , 47.0294303894 , 16.85850
101.19 , 47.1380424499 , 16.86450
101.22 , 47.0294303894 , 16.87067
101.26 , 47.0294303894 , 16.87667
101.30 , 47.0294303894 , 16.88283
101.33 , 47.0294303894 , 16.88867
101.37 , 47.0294303894 , 16.89484
101.41 , 47.1380424499 , 16.90100
101.44 , 47.1380424499 , 16.90700
101.48 , 47.1380424499 , 16.91317
101.51 , 47.1380424499 , 16.91917
101.55 , 47.1380424499 , 16.92534
101.59 , 47.1380424499 , 16.93117
101.62 , 47.1380424499 , 16.93733
101.66 , 47.1380424499 , 16.94334
101.70 , 47.2466545104 , 16.94950
101.73 , 47.2466545104 , 16.95550
101.77 , 47.2466545104 , 16.96167
101.81 , 47.2466545104 , 16.96784
101.84 , 47.2466545104 , 16.97367
101.88 , 47.2466545104 , 16.97983
101.91 , 47.3552703857 , 16.98583
101.95 , 47.3552703857 , 16.99200
101.99 , 47.3552703857 , 16.99800
102.02 , 47.3552703857 , 17.00417
102.06 , 47.4638824462 , 17.01017
102.10 , 47.3552703857 , 17.01617
102.13 , 47.3552703857 , 17.02217
102.17 , 47.4638824462 , 17.02833
102.21 , 47.4638824462 , 17.03450
102.24 , 47.4638824462 , 17.04050
102.28 , 47.4638824462 , 17.04667
102.32 , 47.5724945068 , 17.05267
102.35 , 47.4638824462 , 17.05867
102.39 , 47.5724945068 , 17.06467
102.43 , 47.5724945068 , 17.07084
102.46 , 47.5724945068 , 17.07683
102.50 , 47.5724945068 , 17.08300
102.53 , 47.5724945068 , 17.08900
102.57 , 47.6811065673 , 17.09517
102.61 , 47.6811065673 , 17.10117
102.64 , 47.6811065673 , 17.10717
102.68 , 47.7897186279 , 17.11334
102.72 , 47.5724945068 , 17.11934
102.75 , 47.6811065673 , 17.12550
102.79 , 47.6811065673 , 17.13150
102.82 , 47.7897186279 , 17.13750
102.86 , 47.7897186279 , 17.14350
102.90 , 47.8983345031 , 17.14967
102.93 , 47.7897186279 , 17.15583
102.97 , 47.7897186279 , 17.16184
103.01 , 47.7897186279 , 17.16800
103.04 , 47.8983345031 , 17.17400
103.08 , 47.8983345031 , 17.18000
103.12 , 47.8983345031 , 17.18600
103.15 , 47.5724945068 , 17.19217
103.19 , 47.6811065673 , 17.19817
103.23 , 47.7897186279 , 17.20433
103.26 , 47.6811065673 , 17.21034
103.30 , 47.7897186279 , 17.21650
103.33 , 47.7897186279 , 17.22250
103.37 , 47.7897186279 , 17.22850
103.41 , 47.7897186279 , 17.23467
103.44 , 47.7897186279 , 17.24067
103.48 , 47.7897186279 , 17.24683
103.52 , 47.7897186279 , 17.25284
103.55 , 47.8983345031 , 17.25900
103.59 , 47.8983345031 , 17.26483
103.63 , 47.8983345031 , 17.27100
103.66 , 47.8983345031 , 17.27700
103.70 , 47.8983345031 , 17.28317
103.74 , 47.8983345031 , 17.28933
103.77 , 47.8983345031 , 17.29533
103.81 , 47.8983345031 , 17.30150
103.84 , 47.8983345031 , 17.30734
103.88 , 48.0069465637 , 17.31350
103.92 , 48.0069465637 , 17.31950
103.95 , 48.0069465637 , 17.32567
103.99 , 48.1155586242 , 17.33167
104.03 , 48.0069465637 , 17.33783
104.06 , 48.1155586242 , 17.34367
104.10 , 48.1155586242 , 17.34984
104.14 , 48.1155586242 , 17.35600
104.17 , 48.0069465637 , 17.36200
104.21 , 48.2241706848 , 17.36817
104.25 , 48.1155586242 , 17.37417
104.28 , 48.1155586242 , 17.38033
104.32 , 48.1155586242 , 17.38617
104.35 , 48.2241706848 , 17.39233
104.39 , 48.2241706848 , 17.39834
104.43 , 48.2241706848 , 17.40450
104.46 , 48.2241706848 , 17.41050
104.50 , 48.2241706848 , 17.41667
104.54 , 48.2241706848 , 17.42284
104.57 , 48.3327827453 , 17.42867
104.61 , 48.3327827453 , 17.43483
104.64 , 48.3327827453 , 17.44083
104.68 , 48.3327827453 , 17.44700
104.72 , 48.3327827453 , 17.45300
104.75 , 48.3327827453 , 17.45917
104.79 , 48.3327827453 , 17.46517
104.83 , 48.4413986206 , 17.47117
104.86 , 48.4413986206 , 17.47717
104.90 , 48.4413986206 , 17.48333
104.94 , 48.4413986206 , 17.48950
104.97 , 48.4413986206 , 17.49550
105.01 , 48.4413986206 , 17.50167
105.05 , 48.5500106811 , 17.50767
105.08 , 48.5500106811 , 17.51367
105.12 , 48.5500106811 , 17.51967
105.15 , 48.5500106811 , 17.52583
105.19 , 48.5500106811 , 17.53183
105.23 , 48.6586227416 , 17.53800
105.26 , 48.6586227416 , 17.54417
105.30 , 48.6586227416 , 17.55000
105.34 , 48.5500106811 , 17.55617
105.37 , 48.6586227416 , 17.56217
105.41 , 48.6586227416 , 17.56834
105.45 , 48.6586227416 , 17.57433
105.48 , 48.7672348022 , 17.58050
105.52 , 48.6586227416 , 17.58650
105.55 , 48.7672348022 , 17.59250
105.59 , 48.7672348022 , 17.59850
105.63 , 48.8758506774 , 17.60467
105.66 , 48.7672348022 , 17.61083
105.70 , 48.7672348022 , 17.61683
105.74 , 48.7672348022 , 17.62300
105.77 , 48.8758506774 , 17.62900
105.81 , 48.7672348022 , 17.63500
105.85 , 48.8758506774 , 17.64100
105.88 , 48.8758506774 , 17.64717
105.92 , 48.8758506774 , 17.65317
105.96 , 48.8758506774 , 17.65933
105.99 , 48.8758506774 , 17.66533
106.03 , 48.8758506774 , 17.67150
106.06 , 48.8758506774 , 17.67750
106.10 , 48.8758506774 , 17.68350
106.14 , 48.8758506774 , 17.68967
106.17 , 48.9844627380 , 17.69567
106.21 , 48.9844627380 , 17.70183
106.25 , 48.9844627380 , 17.70783
106.28 , 48.9844627380 , 17.71400
106.32 , 49.0930747985 , 17.71983
106.36 , 49.0930747985 , 17.72600
106.39 , 49.0930747985 , 17.73200
106.43 , 48.9844627380 , 17.73817
106.47 , 49.0930747985 , 17.74434
106.50 , 49.0930747985 , 17.75033
106.54 , 49.0930747985 , 17.75650
106.57 , 49.0930747985 , 17.76233
106.61 , 49.0930747985 , 17.76850
106.65 , 49.2016868591 , 17.77450
106.68 , 49.2016868591 , 17.78067
106.72 , 49.2016868591 , 17.78667
106.76 , 49.2016868591 , 17.79284
106.79 , 49.2016868591 , 17.79867
106.83 , 49.2016868591 , 17.80484
106.87 , 49.3102989196 , 17.81100
106.90 , 49.2016868591 , 17.81700
106.94 , 49.3102989196 , 17.82317
106.97 , 49.3102989196 , 17.82917
107.01 , 49.3102989196 , 17.83534
107.05 , 49.3102989196 , 17.84117
107.08 , 49.3102989196 , 17.84733
107.12 , 49.3102989196 , 17.85334
107.16 , 49.5275268554 , 17.85950
107.19 , 49.3102989196 , 17.86550
107.23 , 49.4189147949 , 17.87167
107.27 , 49.4189147949 , 17.87784
107.30 , 49.4189147949 , 17.88367
107.34 , 49.4189147949 , 17.88983
107.37 , 49.5275268554 , 17.89583
107.41 , 49.5275268554 , 17.90200
107.45 , 49.5275268554 , 17.90800
107.48 , 49.5275268554 , 17.91417
107.52 , 49.5275268554 , 17.92017
107.56 , 49.5275268554 , 17.92617
107.59 , 49.5275268554 , 17.93234
107.63 , 49.6361389160 , 17.93833
107.67 , 49.6361389160 , 17.94450
107.70 , 49.6361389160 , 17.95050
107.74 , 49.6361389160 , 17.95667
107.78 , 49.7447624206 , 17.96267
107.81 , 49.7447624206 , 17.96867
107.85 , 49.7447624206 , 17.97467
107.88 , 49.7447624206 , 17.98084
107.92 , 49.7447624206 , 17.98683
107.96 , 49.7447624206 , 17.99300
108.00 , 49.7447624206 , 17.99917
108.03 , 49.7447624206 , 18.00500
108.07 , 49.7447624206 , 18.01117
108.10 , 49.8533744812 , 18.01717
108.14 , 49.7447624206 , 18.02334
108.18 , 49.8533744812 , 18.02934
108.21 , 49.8533744812 , 18.03550
108.25 , 49.8533744812 , 18.04150
108.29 , 49.8533744812 , 18.04750
108.32 , 49.8533744812 , 18.05350
108.36 , 49.8533744812 , 18.05967
108.39 , 49.9619903564 , 18.06583
108.43 , 49.8533744812 , 18.07184
108.47 , 49.9619903564 , 18.07800
108.50 , 49.9619903564 , 18.08400
108.54 , 49.9619903564 , 18.09000
108.58 , 49.9619903564 , 18.09600
108.61 , 49.9619903564 , 18.10217
108.65 , 49.9619903564 , 18.10817
108.69 , 49.9619903564 , 18.11433
108.72 , 50.0706024169 , 18.12034
108.76 , 50.0706024169 , 18.12650
108.79 , 50.0706024169 , 18.13250
108.83 , 50.0706024169 , 18.13850
108.87 , 50.0706024169 , 18.14467
108.90 , 50.0706024169 , 18.15067
108.94 , 50.0706024169 , 18.15683
108.98 , 50.0706024169 , 18.16283
109.01 , 50.0706024169 , 18.16900
109.05 , 50.0706024169 , 18.17484
109.09 , 50.1792144775 , 18.18100
109.12 , 50.1792144775 , 18.18700
109.16 , 50.1792144775 , 18.19317
109.20 , 50.1792144775 , 18.19933
109.23 , 50.1792144775 , 18.20533
109.27 , 50.1792144775 , 18.21133
109.30 , 50.1792144775 , 18.21734
109.34 , 50.2878265380 , 18.22350
109.38 , 50.2878265380 , 18.22950
109.41 , 50.2878265380 , 18.23567
109.45 , 50.3964385986 , 18.24167
109.49 , 50.3964385986 , 18.24783
109.52 , 50.3964385986 , 18.25367
109.56 , 50.3964385986 , 18.25984
109.60 , 50.3964385986 , 18.26600
109.63 , 50.2878265380 , 18.27200
109.67 , 50.5050544738 , 18.27817
109.70 , 50.3964385986 , 18.28417
109.74 , 50.3964385986 , 18.29033
109.78 , 50.5050544738 , 18.29617
109.81 , 50.5050544738 , 18.30233
109.85 , 50.5050544738 , 18.30834
109.89 , 50.6136665344 , 18.31450
109.92 , 50.5050544738 , 18.32067
109.96 , 50.5050544738 , 18.32667
110.00 , 50.6136665344 , 18.33283
110.03 , 50.6136665344 , 18.33867
110.07 , 50.6136665344 , 18.34483
110.11 , 50.6136665344 , 18.35083
110.14 , 50.5050544738 , 18.35700
110.18 , 50.6136665344 , 18.36300
110.21 , 50.6136665344 , 18.36917
110.25 , 50.7222785949 , 18.37517
110.29 , 50.7222785949 , 18.38117
110.32 , 50.7222785949 , 18.38733
110.36 , 50.6136665344 , 18.39333
110.40 , 50.7222785949 , 18.39950
110.43 , 50.7222785949 , 18.40550
110.47 , 50.7222785949 , 18.41167
110.50 , 50.8308906555 , 18.41750
110.54 , 50.7222785949 , 18.42367
110.58 , 50.7222785949 , 18.42967
110.61 , 50.7222785949 , 18.43583
110.65 , 50.8308906555 , 18.44183
110.69 , 50.8308906555 , 18.44800
110.72 , 50.8308906555 , 18.45417
110.76 , 50.8308906555 , 18.46000
110.80 , 50.8308906555 , 18.46617
110.83 , 50.9395065307 , 18.47217
110.87 , 50.8308906555 , 18.47834
110.91 , 50.9395065307 , 18.48433
110.94 , 50.9395065307 , 18.49050
110.98 , 50.8308906555 , 18.49650
111.01 , 50.9395065307 , 18.50250
111.05 , 50.9395065307 , 18.50850
111.09 , 50.9395065307 , 18.51467
111.12 , 50.9395065307 , 18.52083
111.16 , 50.9395065307 , 18.52684
111.20 , 50.9395065307 , 18.53300
111.23 , 51.0481185913 , 18.53900
111.27 , 51.1567306518 , 18.54500
111.31 , 51.0481185913 , 18.55100
111.34 , 51.1567306518 , 18.55717
111.38 , 51.0481185913 , 18.56317
111.42 , 51.0481185913 , 18.56933
111.45 , 51.1567306518 , 18.57534
111.49 , 51.1567306518 , 18.58150
111.52 , 51.0481185913 , 18.58750
111.56 , 51.2653427124 , 18.59350
111.60 , 51.1567306518 , 18.59967
111.63 , 51.1567306518 , 18.60567
111.67 , 51.1567306518 , 18.61183
111.71 , 51.1567306518 , 18.61783
111.74 , 51.1567306518 , 18.62400
111.78 , 51.2653427124 , 18.62983
111.82 , 51.2653427124 , 18.63600
111.85 , 51.3739547729 , 18.64200
111.89 , 51.2653427124 , 18.64817
111.93 , 51.3739547729 , 18.65434
111.96 , 51.2653427124 , 18.66033
112.00 , 51.3739547729 , 18.66633
112.03 , 51.3739547729 , 18.67233
112.07 , 51.3739547729 , 18.67850
112.11 , 51.4825706481 , 18.68450
112.14 , 51.4825706481 , 18.69067
112.18 , 51.4825706481 , 18.69667
112.22 , 51.4825706481 , 18.70284
112.25 , 51.4825706481 , 18.70883
112.29 , 51.4825706481 , 18.71483
112.33 , 51.4825706481 , 18.72100
112.36 , 51.5911827087 , 18.72700
112.40 , 51.4825706481 , 18.73317
112.43 , 51.5911827087 , 18.73917
112.47 , 51.5911827087 , 18.74534
112.51 , 51.6997947692 , 18.75117
112.54 , 51.6997947692 , 18.75733
112.58 , 51.5911827087 , 18.76333
112.62 , 51.6997947692 , 18.76950
112.65 , 51.6997947692 , 18.77567
112.69 , 51.6997947692 , 18.78167
112.73 , 51.6997947692 , 18.78783
112.76 , 51.6997947692 , 18.79367
112.80 , 51.6997947692 , 18.79984
112.83 , 51.8084068298 , 18.80583
112.87 , 51.8084068298 , 18.81200
112.91 , 51.8084068298 , 18.81800
112.94 , 51.6997947692 , 18.82417
112.98 , 51.8084068298 , 18.83000
113.02 , 51.8084068298 , 18.83617
113.05 , 51.8084068298 , 18.84234
113.09 , 51.8084068298 , 18.84833
113.13 , 51.9170227050 , 18.85450
113.16 , 51.9170227050 , 18.86050
113.20 , 51.9170227050 , 18.86667
113.23 , 51.9170227050 , 18.87250
113.27 , 51.9170227050 , 18.87867
113.31 , 51.9170227050 , 18.88467
113.34 , 51.9170227050 , 18.89084
113.38 , 51.9170227050 , 18.89683
113.42 , 51.9170227050 , 18.90300
113.45 , 52.0256347656 , 18.90917
113.49 , 52.0256347656 , 18.91500
113.53 , 52.0256347656 , 18.92117
113.56 , 52.1342468261 , 18.92717
113.60 , 52.0256347656 , 18.93334
113.64 , 52.1342468261 , 18.93934
113.67 , 52.0256347656 , 18.94550
113.71 , 52.1342468261 , 18.95150
113.75 , 52.1342468261 , 18.95750
113.78 , 52.1342468261 , 18.96350
113.82 , 52.2428588867 , 18.96967
113.86 , 52.1342468261 , 18.97583
113.89 , 52.1342468261 , 18.98184
113.93 , 52.2428588867 , 18.98800
113.96 , 52.2428588867 , 18.99400
114.00 , 52.2428588867 , 19.00000
114.04 , 52.2428588867 , 19.00600
114.07 , 52.3514709472 , 19.01217
114.11 , 52.2428588867 , 19.01817
114.15 , 52.2428588867 , 19.02433
114.18 , 52.3514709472 , 19.03034
114.22 , 52.3514709472 , 19.03650
114.25 , 52.4600868225 , 19.04250
114.29 , 52.3514709472 , 19.04850
114.33 , 52.4600868225 , 19.05467
114.36 , 52.4600868225 , 19.06067
114.40 , 52.4600868225 , 19.06683
114.44 , 52.4600868225 , 19.07283
114.47 , 52.5686988830 , 19.07884
114.51 , 52.5686988830 , 19.08484
114.55 , 52.5686988830 , 19.09100
114.58 , 52.5686988830 , 19.09717
114.62 , 52.5686988830 , 19.10317
114.66 , 52.6773109436 , 19.10933
114.69 , 52.5686988830 , 19.11533
114.73 , 52.5686988830 , 19.12133
114.76 , 52.6773109436 , 19.12734
114.80 , 52.6773109436 , 19.13350
114.84 , 52.6773109436 , 19.13950
114.87 , 52.6773109436 , 19.14567
114.91 , 52.7859230041 , 19.15167
114.95 , 52.7859230041 , 19.15783
114.98 , 52.7859230041 , 19.16383
115.02 , 52.7859230041 , 19.16983
115.06 , 52.7859230041 , 19.17600
115.09 , 52.7859230041 , 19.18200
115.13 , 52.7859230041 , 19.18817
115.16 , 52.8945388793 , 19.19417
115.20 , 52.7859230041 , 19.20034
115.24 , 52.7859230041 , 19.20617
115.27 , 52.8945388793 , 19.21233
115.31 , 52.7859230041 , 19.21833
115.35 , 52.7859230041 , 19.22450
115.38 , 52.7859230041 , 19.23067
115.42 , 52.8945388793 , 19.23667
115.46 , 52.8945388793 , 19.24283
115.49 , 52.8945388793 , 19.24867
115.53 , 52.8945388793 , 19.25483
115.56 , 53.0031509399 , 19.26083
115.60 , 53.0031509399 , 19.26700
115.64 , 53.0031509399 , 19.27300
115.68 , 53.0031509399 , 19.27917
115.71 , 53.0031509399 , 19.28500
115.75 , 53.0031509399 , 19.29117
115.78 , 53.0031509399 , 19.29733
115.82 , 53.0031509399 , 19.30333
115.86 , 53.1117630004 , 19.30950
115.89 , 53.1117630004 , 19.31550
115.93 , 53.0031509399 , 19.32167
115.96 , 53.1117630004 , 19.32750
116.00 , 53.1117630004 , 19.33367
116.04 , 53.2203750610 , 19.33967
116.07 , 53.1117630004 , 19.34583
116.11 , 53.2203750610 , 19.35183
116.15 , 53.2203750610 , 19.35800
116.18 , 53.2203750610 , 19.36417
116.22 , 53.2203750610 , 19.37000
116.26 , 53.2203750610 , 19.37617
116.29 , 53.2203750610 , 19.38217
116.33 , 53.3289871215 , 19.38833
116.37 , 53.3289871215 , 19.39433
116.40 , 53.3289871215 , 19.40050
116.44 , 53.3289871215 , 19.40650
116.47 , 53.3289871215 , 19.41250
116.51 , 53.3289871215 , 19.41850
116.55 , 53.3289871215 , 19.42467
116.58 , 53.3289871215 , 19.43083
116.62 , 53.4376029968 , 19.43684
116.66 , 53.4376029968 , 19.44300
116.69 , 53.5462150573 , 19.44900
116.73 , 53.4376029968 , 19.45500
116.77 , 53.4376029968 , 19.46100
116.80 , 53.4376029968 , 19.46717
116.84 , 53.5462150573 , 19.47317
116.88 , 53.4376029968 , 19.47933
116.91 , 53.5462150573 , 19.48550
116.95 , 53.6548271179 , 19.49133
116.98 , 53.5462150573 , 19.49750
117.02 , 53.5462150573 , 19.50350
117.06 , 53.5462150573 , 19.50967
117.09 , 53.5462150573 , 19.51567
117.13 , 53.5462150573 , 19.52183
117.17 , 53.5462150573 , 19.52783
117.20 , 53.6548271179 , 19.53384
117.24 , 53.6548271179 , 19.53983
117.28 , 53.6548271179 , 19.54600
117.31 , 53.6548271179 , 19.55217
117.35 , 53.6548271179 , 19.55817
117.39 , 53.7634391784 , 19.56434
117.42 , 53.7634391784 , 19.57033
117.46 , 53.7634391784 , 19.57633
117.49 , 53.7634391784 , 19.58234
117.53 , 53.7634391784 , 19.58850
117.57 , 53.7634391784 , 19.59450
117.60 , 53.7634391784 , 19.60067
117.64 , 53.7634391784 , 19.60667
117.68 , 53.8720550537 , 19.61284
117.71 , 53.8720550537 , 19.61883
117.75 , 53.8720550537 , 19.62483
117.79 , 53.8720550537 , 19.63100
117.82 , 53.8720550537 , 19.63700
117.86 , 53.9806671142 , 19.64317
117.89 , 53.9806671142 , 19.64917
117.93 , 53.8720550537 , 19.65534
117.97 , 53.9806671142 , 19.66117
118.00 , 53.9806671142 , 19.66733
118.04 , 53.9806671142 , 19.67333
118.08 , 53.8720550537 , 19.67950
118.11 , 53.9806671142 , 19.68567
118.15 , 54.0892791748 , 19.69167
118.19 , 53.9806671142 , 19.69783
118.22 , 53.9806671142 , 19.70367
118.26 , 54.0892791748 , 19.70984
118.29 , 54.0892791748 , 19.71583
118.33 , 54.0892791748 , 19.72200
118.37 , 54.1978912353 , 19.72800
118.40 , 54.1978912353 , 19.73417
118.44 , 54.0892791748 , 19.74000
118.48 , 54.1978912353 , 19.74617
118.51 , 54.0892791748 , 19.75234
118.55 , 54.1978912353 , 19.75834
118.59 , 54.1978912353 , 19.76450
118.62 , 54.1978912353 , 19.77050
118.66 , 54.1978912353 , 19.77667
118.69 , 54.3065032958 , 19.78250
118.73 , 54.3065032958 , 19.78867
118.77 , 54.3065032958 , 19.79467
118.80 , 54.3065032958 , 19.80084
118.84 , 54.3065032958 , 19.80684
118.88 , 54.3065032958 , 19.81300
118.91 , 54.3065032958 , 19.81917
118.95 , 54.3065032958 , 19.82500
118.99 , 54.4151191711 , 19.83117
119.02 , 54.4151191711 , 19.83717
119.06 , 54.4151191711 , 19.84333
119.10 , 54.4151191711 , 19.84934
119.13 , 54.4151191711 , 19.85550
119.17 , 54.4151191711 , 19.86150
119.20 , 54.4151191711 , 19.86750
119.24 , 54.5237312316 , 19.87367
119.28 , 54.5237312316 , 19.87967
119.31 , 54.5237312316 , 19.88583
119.35 , 54.5237312316 , 19.89183
119.39 , 54.5237312316 , 19.89800
119.42 , 54.6323432922 , 19.90400
119.46 , 54.6323432922 , 19.91000
119.50 , 54.5237312316 , 19.91600
119.53 , 54.6323432922 , 19.92217
119.57 , 54.6323432922 , 19.92817
119.61 , 54.6323432922 , 19.93433
119.64 , 54.6323432922 , 19.94050
119.68 , 54.7409553527 , 19.94634
119.71 , 54.7409553527 , 19.95250
119.75 , 54.7409553527 , 19.95850
119.79 , 54.7409553527 , 19.96467
119.82 , 54.7409553527 , 19.97067
119.86 , 54.8495712280 , 19.97683
119.90 , 54.8495712280 , 19.98283
119.93 , 54.8495712280 , 19.98884
119.97 , 54.7409553527 , 19.99484
120.01 , 54.8495712280 , 20.00100
120.04 , 54.8495712280 , 20.00717
120.08 , 54.8495712280 , 20.01317
120.12 , 54.8495712280 , 20.01933
120.15 , 54.8495712280 , 20.02533
120.19 , 54.8495712280 , 20.03133
120.22 , 54.9581832885 , 20.03734
120.26 , 54.9581832885 , 20.04350
120.30 , 54.9581832885 , 20.04950
120.33 , 54.9581832885 , 20.05567
120.37 , 54.9581832885 , 20.06167
120.41 , 54.9581832885 , 20.06783
120.44 , 54.9581832885 , 20.07383
120.48 , 55.0667953491 , 20.07983
120.52 , 54.9581832885 , 20.08600
120.55 , 55.0667953491 , 20.09200
120.59 , 55.0667953491 , 20.09817
120.62 , 55.0667953491 , 20.10417
120.66 , 55.0667953491 , 20.11034
120.70 , 55.0667953491 , 20.11617
120.73 , 55.1754074096 , 20.12233
120.77 , 55.1754074096 , 20.12833
120.81 , 55.1754074096 , 20.13450
120.84 , 55.1754074096 , 20.14067
120.88 , 55.1754074096 , 20.14667
120.92 , 55.1754074096 , 20.15267
120.95 , 55.1754074096 , 20.15867
120.99 , 55.1754074096 , 20.16483
121.02 , 55.2840194702 , 20.17083
121.06 , 55.1754074096 , 20.17700
121.10 , 55.2840194702 , 20.18300
121.13 , 55.2840194702 , 20.18917
121.17 , 55.3926353454 , 20.19500
121.21 , 55.2840194702 , 20.20117
121.24 , 55.3926353454 , 20.20734
121.28 , 55.3926353454 , 20.21333
121.32 , 55.3926353454 , 20.21950
121.35 , 55.3926353454 , 20.22550
121.39 , 55.3926353454 , 20.23167
121.43 , 55.5012474060 , 20.23750
121.46 , 55.3926353454 , 20.24367
121.50 , 55.5012474060 , 20.24967
121.54 , 55.5012474060 , 20.25584
121.57 , 55.5012474060 , 20.26200
121.61 , 55.5012474060 , 20.26800
121.64 , 55.5012474060 , 20.27417
121.68 , 55.5012474060 , 20.28000
121.72 , 55.5012474060 , 20.28617
121.75 , 55.6098594665 , 20.29217
121.79 , 55.6098594665 , 20.29833
121.83 , 55.6098594665 , 20.30433
121.86 , 55.6098594665 , 20.31050
121.90 , 55.6098594665 , 20.31650
121.93 , 55.6098594665 , 20.32250
121.97 , 55.7184715270 , 20.32867
122.01 , 55.6098594665 , 20.33467
122.04 , 55.7184715270 , 20.34083
122.08 , 55.7184715270 , 20.34683
122.12 , 55.6098594665 , 20.35300
122.15 , 55.8270874023 , 20.35883
122.19 , 55.8270874023 , 20.36500
122.23 , 55.7184715270 , 20.37100
122.26 , 55.8270874023 , 20.37717
122.30 , 55.8270874023 , 20.38317
122.34 , 55.8270874023 , 20.38933
122.37 , 55.8270874023 , 20.39550
122.41 , 55.8270874023 , 20.40133
122.44 , 55.9356994628 , 20.40750
122.48 , 55.8270874023 , 20.41350
122.52 , 55.9356994628 , 20.41967
122.55 , 55.8270874023 , 20.42567
122.59 , 55.9356994628 , 20.43184
122.63 , 55.9356994628 , 20.43783
122.66 , 55.9356994628 , 20.44384
122.70 , 55.9356994628 , 20.44983
122.74 , 55.9356994628 , 20.45600
122.77 , 55.9356994628 , 20.46217
122.81 , 56.0443115234 , 20.46817
122.85 , 55.9356994628 , 20.47434
122.88 , 56.0443115234 , 20.48034
122.92 , 56.0443115234 , 20.48633
122.95 , 56.0443115234 , 20.49234
122.99 , 56.0443115234 , 20.49850
123.03 , 56.1529235839 , 20.50450
123.06 , 56.1529235839 , 20.51067
123.10 , 56.0443115234 , 20.51667
123.14 , 56.1529235839 , 20.52284
123.17 , 56.1529235839 , 20.52883
123.21 , 56.1529235839 , 20.53483
123.25 , 56.1529235839 , 20.54100
123.28 , 56.1529235839 , 20.54700
123.32 , 56.2615356445 , 20.55317
123.36 , 56.2615356445 , 20.55917
123.39 , 56.2615356445 , 20.56534
123.43 , 56.3701515197 , 20.57117
123.46 , 56.2615356445 , 20.57733
123.50 , 56.2615356445 , 20.58333
123.54 , 56.3701515197 , 20.58950
123.57 , 56.3701515197 , 20.59567
123.61 , 56.2615356445 , 20.60167
123.65 , 56.2615356445 , 20.60767
123.68 , 56.2615356445 , 20.61367
123.72 , 56.3701515197 , 20.61984
123.75 , 56.3701515197 , 20.62583
123.79 , 56.3701515197 , 20.63200
123.83 , 56.3701515197 , 20.63800
123.86 , 56.3701515197 , 20.64417
123.90 , 56.4787635803 , 20.65017
123.94 , 56.4787635803 , 20.65617
123.97 , 56.4787635803 , 20.66234
124.01 , 56.4787635803 , 20.66834
124.05 , 56.4787635803 , 20.67450
124.08 , 56.4787635803 , 20.68050
124.12 , 56.5873756408 , 20.68667
124.15 , 56.4787635803 , 20.69250
124.19 , 56.4787635803 , 20.69867
124.23 , 56.5873756408 , 20.70467
124.26 , 56.5873756408 , 20.71084
124.30 , 56.6959877014 , 20.71700
124.34 , 56.6959877014 , 20.72300
124.37 , 56.6959877014 , 20.72917
124.41 , 56.6959877014 , 20.73500
124.45 , 56.6959877014 , 20.74117
124.48 , 56.6959877014 , 20.74717
124.52 , 56.6959877014 , 20.75333
124.56 , 56.6959877014 , 20.75934
124.59 , 56.6959877014 , 20.76550
124.63 , 56.8046035766 , 20.77133
124.66 , 56.8046035766 , 20.77750
124.70 , 56.9132156372 , 20.78367
124.74 , 56.6959877014 , 20.78967
124.77 , 56.8046035766 , 20.79583
124.81 , 56.8046035766 , 20.80183
124.85 , 56.8046035766 , 20.80800
124.88 , 56.9132156372 , 20.81384
124.92 , 56.9132156372 , 20.82000
124.96 , 56.9132156372 , 20.82600
124.99 , 56.9132156372 , 20.83217
125.03 , 56.9132156372 , 20.83817
125.07 , 56.9132156372 , 20.84433
125.10 , 56.9132156372 , 20.85050
125.14 , 56.9132156372 , 20.85634
125.18 , 56.9132156372 , 20.86250
125.21 , 56.9132156372 , 20.86850
125.25 , 56.9132156372 , 20.87467
125.28 , 56.9132156372 , 20.88067
125.32 , 57.0218276977 , 20.88683
125.36 , 57.0218276977 , 20.89283
125.39 , 57.0218276977 , 20.89883
125.43 , 57.0218276977 , 20.90484
125.47 , 57.1304397583 , 20.91100
125.50 , 57.1304397583 , 20.91717
125.54 , 57.0218276977 , 20.92317
125.58 , 57.0218276977 , 20.92933
125.61 , 57.1304397583 , 20.93533
125.65 , 57.1304397583 , 20.94133
125.68 , 57.1304397583 , 20.94734
125.72 , 57.1304397583 , 20.95350
125.76 , 57.1304397583 , 20.95950
125.79 , 57.1304397583 , 20.96567
125.83 , 57.1304397583 , 20.97167
125.87 , 57.1304397583 , 20.97783
125.90 , 57.2390518188 , 20.98383
125.94 , 57.2390518188 , 20.98983
125.98 , 57.2390518188 , 20.99600
126.01 , 57.2390518188 , 21.00200
126.05 , 57.2390518188 , 21.00817
126.08 , 57.3476676940 , 21.01417
126.12 , 57.3476676940 , 21.02017
126.16 , 57.2390518188 , 21.02617
126.19 , 57.3476676940 , 21.03233
126.23 , 57.3476676940 , 21.03850
126.27 , 57.4562797546 , 21.04450
126.30 , 57.4562797546 , 21.05067
126.34 , 57.4562797546 , 21.05667
126.38 , 57.4562797546 , 21.06267
126.41 , 57.4562797546 , 21.06867
126.45 , 57.4562797546 , 21.07483
126.48 , 57.5648918151 , 21.08083
126.52 , 57.5648918151 , 21.08700
126.56 , 57.5648918151 , 21.09300
126.59 , 57.5648918151 , 21.09917
126.63 , 57.5648918151 , 21.10517
126.67 , 57.5648918151 , 21.11117
126.70 , 57.5648918151 , 21.11734
126.74 , 57.5648918151 , 21.12333
126.78 , 57.5648918151 , 21.12950
126.81 , 57.6735038757 , 21.13550
126.85 , 57.5648918151 , 21.14167
126.88 , 57.6735038757 , 21.14750
126.92 , 57.7821197509 , 21.15367
126.96 , 57.6735038757 , 21.15967
127.00 , 57.7821197509 , 21.16584
127.03 , 57.6735038757 , 21.17200
127.07 , 57.6735038757 , 21.17800
127.11 , 57.6735038757 , 21.18417
127.14 , 57.7821197509 , 21.19000
127.18 , 57.7821197509 , 21.19617
127.21 , 57.7821197509 , 21.20217
127.25 , 57.7821197509 , 21.20833
127.29 , 57.7821197509 , 21.21434
127.32 , 57.8907318115 , 21.22050
127.36 , 57.7821197509 , 21.22633
127.39 , 57.8907318115 , 21.23250
127.43 , 57.8907318115 , 21.23867
127.47 , 57.8907318115 , 21.24467
127.50 , 57.8907318115 , 21.25083
127.54 , 57.8907318115 , 21.25683
127.58 , 57.8907318115 , 21.26300
127.61 , 57.8907318115 , 21.26883
127.65 , 57.8907318115 , 21.27500
127.69 , 57.8907318115 , 21.28100
127.72 , 57.9993438720 , 21.28717
127.76 , 57.9993438720 , 21.29317
127.80 , 57.9993438720 , 21.29933
127.83 , 57.9993438720 , 21.30550
127.87 , 57.9993438720 , 21.31133
127.90 , 57.9993438720 , 21.31750
127.94 , 58.1079559326 , 21.32350
127.98 , 57.9993438720 , 21.32967
128.01 , 58.1079559326 , 21.33567
128.05 , 58.2165679931 , 21.34183
128.09 , 57.9993438720 , 21.34784
128.12 , 58.1079559326 , 21.35383
128.16 , 58.1079559326 , 21.35983
128.20 , 58.1079559326 , 21.36600
128.23 , 58.1079559326 , 21.37217
128.27 , 58.1079559326 , 21.37817
128.31 , 58.2165679931 , 21.38434
128.34 , 58.2165679931 , 21.39033
128.38 , 58.2165679931 , 21.39634
128.41 , 58.2165679931 , 21.40233
128.45 , 58.2165679931 , 21.40850
128.49 , 58.2165679931 , 21.41450
128.52 , 58.3251838684 , 21.42067
128.56 , 58.3251838684 , 21.42683
128.60 , 58.3251838684 , 21.43267
128.63 , 58.3251838684 , 21.43883
128.67 , 58.3251838684 , 21.44484
128.71 , 58.3251838684 , 21.45100
128.74 , 58.3251838684 , 21.45700
128.78 , 58.4337959289 , 21.46317