3.83 , 0.0000000000 , 0.63817
3.86 , 0.0000000000 , 0.64350
3.89 , 0.2172271251 , 0.64900
3.93 , 0.1086129074 , 0.65433
3.96 , 0.3258400201 , 0.65950
3.99 , 0.3258400201 , 0.66500
4.02 , 0.3258400201 , 0.67033
4.05 , 0.4344529628 , 0.67583
4.09 , 0.4344529628 , 0.68100
4.12 , 0.4344529628 , 0.68650
4.15 , 0.4344529628 , 0.69183
4.18 , 0.4344529628 , 0.69733
4.22 , 0.4344529628 , 0.70250
4.25 , 0.4344529628 , 0.70800
4.28 , 0.5430658340 , 0.71333
4.31 , 0.5430658340 , 0.71883
4.34 , 0.4344529628 , 0.72400
4.38 , 0.6516787528 , 0.72950
4.41 , 0.5430658340 , 0.73483
4.44 , 0.3258400201 , 0.74033
4.47 , 0.3258400201 , 0.74550
4.51 , 0.4344529628 , 0.75100
4.54 , 0.3258400201 , 0.75633
4.57 , 0.3258400201 , 0.76183
4.60 , 0.4344529628 , 0.76700
4.64 , 0.3258400201 , 0.77250
4.67 , 0.3258400201 , 0.77783
4.70 , 0.3258400201 , 0.78333
4.73 , 0.4344529628 , 0.78850
4.76 , 0.3258400201 , 0.79400
4.80 , 0.4344529628 , 0.79933
4.83 , 0.3258400201 , 0.80483
4.86 , 0.3258400201 , 0.81000
4.89 , 0.4344529628 , 0.81550
4.93 , 0.4344529628 , 0.82083
4.96 , 0.4344529628 , 0.82617
4.99 , 0.3258400201 , 0.83150
5.02 , 0.4344529628 , 0.83683
5.05 , 0.6516787528 , 0.84233
5.09 , 0.5430658340 , 0.84767
5.12 , 0.5430658340 , 0.85300
5.15 , 0.5430658340 , 0.85833
5.18 , 0.4344529628 , 0.86383
5.22 , 0.5430658340 , 0.86917
5.25 , 0.5430658340 , 0.87467
5.28 , 0.5430658340 , 0.87983
5.31 , 0.4344529628 , 0.88533
5.34 , 0.4344529628 , 0.89067
5.38 , 0.4344529628 , 0.89617
5.41 , 0.6516787528 , 0.90133
5.44 , 0.4344529628 , 0.90683
5.47 , 0.5430658340 , 0.91217
5.51 , 0.6516787528 , 0.91767
5.54 , 0.5430658340 , 0.92283
5.57 , 0.5430658340 , 0.92833
5.60 , 0.5430658340 , 0.93367
5.64 , 0.6516787528 , 0.93917
5.67 , 0.6516787528 , 0.94433
5.70 , 0.5430658340 , 0.94983
5.73 , 0.6516787528 , 0.95517
5.76 , 0.5430658340 , 0.96067
5.80 , 0.6516787528 , 0.96583
5.83 , 0.6516787528 , 0.97133
5.86 , 0.6516787528 , 0.97667
5.89 , 0.6516787528 , 0.98217
5.92 , 0.6516787528 , 0.98733
5.96 , 0.7602916240 , 0.99283
5.99 , 0.7602916240 , 0.99817
6.02 , 0.7602916240 , 1.00350
6.05 , 0.7602916240 , 1.00883
6.09 , 0.7602916240 , 1.01417
6.12 , 0.8689044952 , 1.01967
6.15 , 0.9775175094 , 1.02500
6.18 , 1.0861303806 , 1.03033
6.21 , 0.9775175094 , 1.03567
6.25 , 0.9775175094 , 1.04117
6.28 , 0.9775175094 , 1.04650
6.31 , 0.9775175094 , 1.05183
6.34 , 1.0861303806 , 1.05717
6.38 , 0.9775175094 , 1.06267
6.41 , 1.0861303806 , 1.06800
6.44 , 1.0861303806 , 1.07333
6.47 , 1.1947432708 , 1.07867
6.51 , 1.0861303806 , 1.08417
6.54 , 1.1947432708 , 1.08950
6.57 , 1.0861303806 , 1.09483
6.60 , 1.0861303806 , 1.10017
6.63 , 1.1947432708 , 1.10567
6.67 , 1.1947432708 , 1.11100
6.70 , 1.0861303806 , 1.11650
6.73 , 1.3033561706 , 1.12167
6.76 , 1.1947432708 , 1.12717
6.80 , 1.3033561706 , 1.13250
6.83 , 1.3033561706 , 1.13800
6.86 , 1.3033561706 , 1.14317
6.89 , 1.4119690895 , 1.14867
6.92 , 1.4119690895 , 1.15400
6.96 , 1.4119690895 , 1.15950
6.99 , 1.3033561706 , 1.16467
7.02 , 1.3033561706 , 1.17000
7.05 , 1.4119690895 , 1.17550
7.09 , 1.3033561706 , 1.18083
7.12 , 1.4119690895 , 1.18617
7.15 , 1.4119690895 , 1.19150
7.18 , 1.4119690895 , 1.19700
7.21 , 1.4119690895 , 1.20233
7.25 , 1.4119690895 , 1.20767
7.28 , 1.4119690895 , 1.21300
7.31 , 1.4119690895 , 1.21850
7.34 , 1.4119690895 , 1.22383
7.38 , 1.5205819606 , 1.22917
7.41 , 1.5205819606 , 1.23450
7.44 , 1.5205819606 , 1.24000
7.47 , 1.5205819606 , 1.24533
7.50 , 1.5205819606 , 1.25067
7.54 , 1.5205819606 , 1.25600
7.57 , 1.5205819606 , 1.26150
7.60 , 1.5205819606 , 1.26683
7.63 , 1.5205819606 , 1.27217
7.67 , 1.5205819606 , 1.27750
7.70 , 1.5205819606 , 1.28300
7.73 , 1.5205819606 , 1.28833
7.76 , 1.6291961669 , 1.29367
7.79 , 1.6291961669 , 1.29900
7.83 , 1.6291961669 , 1.30450
7.86 , 1.6291961669 , 1.30983
7.89 , 1.7378090858 , 1.31517
7.92 , 1.7378090858 , 1.32050
7.96 , 1.7378090858 , 1.32600
7.99 , 1.7378090858 , 1.33133
8.02 , 1.6291961669 , 1.33667
8.05 , 1.7378090858 , 1.34200
8.08 , 1.7378090858 , 1.34733
8.12 , 1.7378090858 , 1.35283
8.15 , 1.8464220046 , 1.35800
8.18 , 1.7378090858 , 1.36350
8.21 , 1.7378090858 , 1.36883
8.25 , 1.7378090858 , 1.37433
8.28 , 1.8464220046 , 1.37967
8.31 , 1.8464220046 , 1.38500
8.34 , 1.8464220046 , 1.39033
8.38 , 1.8464220046 , 1.39583
8.41 , 1.8464220046 , 1.40117
8.44 , 1.8464220046 , 1.40650
8.47 , 1.8464220046 , 1.41183
8.50 , 1.8464220046 , 1.41733
8.54 , 1.7378090858 , 1.42267
8.57 , 1.9550350189 , 1.42800
8.60 , 1.8464220046 , 1.43333
8.63 , 1.8464220046 , 1.43883
8.67 , 1.9550350189 , 1.44417
8.70 , 1.9550350189 , 1.44950
8.73 , 1.9550350189 , 1.45483
8.76 , 2.0636477470 , 1.46033
8.79 , 1.9550350189 , 1.46567
8.83 , 1.9550350189 , 1.47100
8.86 , 1.9550350189 , 1.47633
8.89 , 1.9550350189 , 1.48183
8.92 , 1.9550350189 , 1.48717
8.96 , 1.8464220046 , 1.49250
8.99 , 1.8464220046 , 1.49783
9.02 , 1.8464220046 , 1.50333
9.05 , 1.8464220046 , 1.50867
9.08 , 1.8464220046 , 1.51383
9.12 , 1.8464220046 , 1.51933
9.15 , 1.8464220046 , 1.52467
9.18 , 1.9550350189 , 1.53017
9.21 , 1.9550350189 , 1.53533
9.25 , 1.9550350189 , 1.54083
9.28 , 1.9550350189 , 1.54617
9.31 , 1.9550350189 , 1.55167
9.34 , 1.9550350189 , 1.55683
9.37 , 1.9550350189 , 1.56233
9.41 , 1.9550350189 , 1.56767
9.44 , 2.0636477470 , 1.57317
9.47 , 2.0636477470 , 1.57833
9.50 , 2.0636477470 , 1.58383
9.53 , 2.0636477470 , 1.58917
9.57 , 2.0636477470 , 1.59467
9.60 , 2.0636477470 , 1.60000
9.63 , 2.0636477470 , 1.60533
9.66 , 2.0636477470 , 1.61067
9.70 , 2.0636477470 , 1.61617
9.73 , 2.1722607612 , 1.62150
9.76 , 2.0636477470 , 1.62683
9.79 , 2.1722607612 , 1.63217
9.83 , 2.1722607612 , 1.63767
9.86 , 2.1722607612 , 1.64300
9.89 , 2.1722607612 , 1.64833
9.92 , 2.1722607612 , 1.65367
9.96 , 2.2808735370 , 1.65917
9.99 , 2.2808735370 , 1.66450
10.02 , 2.2808735370 , 1.66983
10.05 , 2.2808735370 , 1.67533
10.09 , 2.3894865512 , 1.68100
10.12 , 2.2808735370 , 1.68650
10.15 , 2.2808735370 , 1.69200
10.19 , 2.3894865512 , 1.69750
10.22 , 2.3894865512 , 1.70317
10.25 , 2.3894865512 , 1.70867
10.29 , 2.3894865512 , 1.71433
10.32 , 2.2808735370 , 1.71967
10.35 , 2.3894865512 , 1.72533
10.39 , 2.3894865512 , 1.73083
10.42 , 2.3894865512 , 1.73650
10.45 , 2.4980993270 , 1.74183
10.48 , 2.3894865512 , 1.74750
10.52 , 2.4980993270 , 1.75300
10.55 , 2.4980993270 , 1.75867
10.59 , 2.4980993270 , 1.76417
10.62 , 2.6067123413 , 1.76967
10.65 , 2.6067123413 , 1.77517
10.69 , 2.6067123413 , 1.78083
10.72 , 2.6067123413 , 1.78633
10.75 , 2.7153253555 , 1.79200
10.78 , 2.7153253555 , 1.79733
10.82 , 2.7153253555 , 1.80300
10.85 , 2.8239381790 , 1.80850
10.89 , 2.8239381790 , 1.81417
10.92 , 2.8239381790 , 1.81950
10.95 , 2.7153253555 , 1.82517
10.98 , 2.8239381790 , 1.83067
11.02 , 2.7153253555 , 1.83633
11.05 , 2.8239381790 , 1.84183
11.08 , 2.7153253555 , 1.84733
11.12 , 2.8239381790 , 1.85283
11.15 , 2.7153253555 , 1.85850
11.18 , 2.8239381790 , 1.86400
11.22 , 2.7153253555 , 1.86950
11.25 , 2.7153253555 , 1.87500
11.28 , 2.8239381790 , 1.88067
11.32 , 2.9325511932 , 1.88617
11.35 , 2.9325511932 , 1.89183
11.38 , 2.9325511932 , 1.89717
11.42 , 2.9325511932 , 1.90283
11.45 , 2.9325511932 , 1.90833
11.48 , 2.9325511932 , 1.91400
11.52 , 2.9325511932 , 1.91933
11.55 , 3.0411653518 , 1.92500
11.58 , 3.0411653518 , 1.93050
11.62 , 3.0411653518 , 1.93617
11.65 , 3.0411653518 , 1.94167
11.68 , 3.0411653518 , 1.94717
11.72 , 2.9325511932 , 1.95267
11.75 , 3.0411653518 , 1.95833
11.78 , 3.0411653518 , 1.96383
11.82 , 3.0411653518 , 1.96933
11.85 , 3.1497781276 , 1.97483
11.88 , 3.1497781276 , 1.98050
11.92 , 3.1497781276 , 1.98600
11.95 , 3.0411653518 , 1.99167
11.98 , 3.0411653518 , 1.99700
12.02 , 3.1497781276 , 2.00267
12.05 , 3.0411653518 , 2.00817
12.08 , 3.1497781276 , 2.01383
12.11 , 3.1497781276 , 2.01917
12.15 , 3.1497781276 , 2.02483
12.18 , 3.1497781276 , 2.03033
12.22 , 3.1497781276 , 2.03600
12.25 , 3.2583911418 , 2.04150
12.28 , 3.2583911418 , 2.04700
12.31 , 3.1497781276 , 2.05250
12.35 , 3.2583911418 , 2.05817
12.38 , 3.2583911418 , 2.06367
12.42 , 3.2583911418 , 2.06933
12.45 , 3.2583911418 , 2.07467
12.48 , 3.2583911418 , 2.08033
12.52 , 3.2583911418 , 2.08583
12.55 , 3.2583911418 , 2.09150
12.58 , 3.3670039176 , 2.09683
12.61 , 3.3670039176 , 2.10250
12.65 , 3.3670039176 , 2.10800
12.68 , 3.3670039176 , 2.11367
12.72 , 3.3670039176 , 2.11917
12.75 , 3.3670039176 , 2.12467
12.78 , 3.3670039176 , 2.13017
12.81 , 3.3670039176 , 2.13583
12.85 , 3.4756169319 , 2.14133
12.88 , 3.4756169319 , 2.14683
12.91 , 3.4756169319 , 2.15233
12.95 , 3.4756169319 , 2.15800
12.98 , 3.4756169319 , 2.16350
13.02 , 3.4756169319 , 2.16917
13.05 , 3.4756169319 , 2.17450
13.08 , 3.3670039176 , 2.18017
13.11 , 3.3670039176 , 2.18567
13.15 , 3.3670039176 , 2.19133
13.18 , 3.4756169319 , 2.19667
13.21 , 3.4756169319 , 2.20233
13.25 , 3.4756169319 , 2.20783
13.28 , 3.4756169319 , 2.21350
13.31 , 3.4756169319 , 2.21900
13.35 , 3.3670039176 , 2.22450
13.38 , 3.4756169319 , 2.23000
13.41 , 3.4756169319 , 2.23567
13.45 , 3.4756169319 , 2.24117
13.48 , 3.4756169319 , 2.24667
13.51 , 3.3670039176 , 2.25217
13.55 , 3.3670039176 , 2.25783
13.58 , 3.3670039176 , 2.26333
13.61 , 3.3670039176 , 2.26900
13.65 , 3.3670039176 , 2.27433
13.68 , 3.4756169319 , 2.28000
13.71 , 3.4756169319 , 2.28550
13.75 , 3.4756169319 , 2.29117
13.78 , 3.6928427219 , 2.29650
13.81 , 3.6928427219 , 2.30217
13.85 , 3.6928427219 , 2.30767
13.88 , 3.6928427219 , 2.31333
13.91 , 3.6928427219 , 2.31883
13.95 , 3.6928427219 , 2.32433
13.98 , 3.8014554977 , 2.32983
14.01 , 3.8014554977 , 2.33550
14.05 , 3.8014554977 , 2.34100
14.08 , 3.9100685119 , 2.34667
14.11 , 3.8014554977 , 2.35200
14.15 , 3.8014554977 , 2.35767
14.18 , 3.9100685119 , 2.36317
14.21 , 3.9100685119 , 2.36883
14.25 , 3.8014554977 , 2.37417
14.28 , 3.8014554977 , 2.37983
14.31 , 3.8014554977 , 2.38533
14.35 , 3.8014554977 , 2.39100
14.38 , 4.0186815261 , 2.39650
14.41 , 3.9100685119 , 2.40200
14.44 , 3.9100685119 , 2.40750
14.48 , 3.9100685119 , 2.41317
14.51 , 4.0186815261 , 2.41867
14.55 , 3.9100685119 , 2.42417
14.58 , 4.0186815261 , 2.42967
14.61 , 4.0186815261 , 2.43533
14.65 , 3.9100685119 , 2.44083
14.68 , 4.0186815261 , 2.44650
14.71 , 3.9100685119 , 2.45183
14.75 , 4.0186815261 , 2.45750
14.78 , 3.9100685119 , 2.46300
14.81 , 4.1272945404 , 2.46867
14.84 , 4.1272945404 , 2.47400
14.88 , 4.1272945404 , 2.47967
14.91 , 4.2359070777 , 2.48517
14.94 , 4.0186815261 , 2.49083
14.98 , 4.1272945404 , 2.49633
15.01 , 4.1272945404 , 2.50183
15.04 , 4.1272945404 , 2.50733
15.08 , 4.2359070777 , 2.51300
15.11 , 4.1272945404 , 2.51850
15.14 , 4.1272945404 , 2.52400
15.18 , 4.1272945404 , 2.52950
15.21 , 4.3445200920 , 2.53517
15.24 , 4.1272945404 , 2.54067
15.28 , 4.1272945404 , 2.54633
15.31 , 4.1272945404 , 2.55167
15.34 , 4.3445200920 , 2.55733
15.38 , 4.2359070777 , 2.56283
15.41 , 4.1272945404 , 2.56850
15.44 , 4.3445200920 , 2.57383
15.48 , 4.3445200920 , 2.57950
15.51 , 4.2359070777 , 2.58500
15.54 , 4.3445200920 , 2.59067
15.58 , 4.2359070777 , 2.59617
15.61 , 4.3445200920 , 2.60167
15.64 , 4.4531345367 , 2.60717
15.68 , 4.3445200920 , 2.61283
15.71 , 4.3445200920 , 2.61833
15.74 , 4.3445200920 , 2.62400
15.78 , 4.4531345367 , 2.62933
15.81 , 4.3445200920 , 2.63500
15.84 , 4.3445200920 , 2.64050
15.88 , 4.4531345367 , 2.64617
15.91 , 4.4531345367 , 2.65150
15.94 , 4.4531345367 , 2.65717
15.98 , 4.4531345367 , 2.66267
16.01 , 4.3445200920 , 2.66833
16.04 , 4.5617470741 , 2.67383
16.08 , 4.5617470741 , 2.67933
16.11 , 4.4531345367 , 2.68483
16.14 , 4.4531345367 , 2.69050
16.18 , 4.4531345367 , 2.69600
16.21 , 4.4531345367 , 2.70150
16.24 , 4.5617470741 , 2.70700
16.28 , 4.5617470741 , 2.71267
16.31 , 4.5617470741 , 2.71817
16.34 , 4.4531345367 , 2.72383
16.37 , 4.5617470741 , 2.72917
16.41 , 4.5617470741 , 2.73483
16.44 , 4.5617470741 , 2.74033
16.48 , 4.5617470741 , 2.74600
16.51 , 4.6703600883 , 2.75133
16.54 , 4.5617470741 , 2.75700
16.57 , 4.4531345367 , 2.76250
16.61 , 4.5617470741 , 2.76817
16.64 , 4.5617470741 , 2.77367
16.67 , 4.4531345367 , 2.77917
16.71 , 4.6703600883 , 2.78467
16.74 , 4.5617470741 , 2.79033
16.77 , 4.6703600883 , 2.79583
16.81 , 4.6703600883 , 2.80133
16.84 , 4.6703600883 , 2.80683
16.87 , 4.6703600883 , 2.81250
16.91 , 4.7789731025 , 2.81800
16.94 , 4.6703600883 , 2.82367
16.97 , 4.7789731025 , 2.82900
17.01 , 4.7789731025 , 2.83467
17.04 , 4.6703600883 , 2.84017
17.07 , 4.6703600883 , 2.84583
17.11 , 4.7789731025 , 2.85117
17.14 , 4.8875861167 , 2.85683
17.17 , 4.6703600883 , 2.86233
17.21 , 4.7789731025 , 2.86800
17.24 , 4.7789731025 , 2.87350
17.27 , 4.8875861167 , 2.87900
17.31 , 4.7789731025 , 2.88450
17.34 , 4.7789731025 , 2.89017
17.37 , 4.7789731025 , 2.89567
17.41 , 4.7789731025 , 2.90133
17.44 , 4.8875861167 , 2.90667
17.47 , 4.9961986541 , 2.91233
17.51 , 4.8875861167 , 2.91783
17.54 , 4.8875861167 , 2.92350
17.57 , 4.9961986541 , 2.92883
17.61 , 4.9961986541 , 2.93450
17.64 , 4.8875861167 , 2.94000
17.67 , 4.9961986541 , 2.94567
17.71 , 4.8875861167 , 2.95117
17.74 , 4.9961986541 , 2.95667
17.77 , 4.9961986541 , 2.96217
17.81 , 4.9961986541 , 2.96783
17.84 , 4.9961986541 , 2.97333
17.87 , 4.9961986541 , 2.97883
17.91 , 4.9961986541 , 2.98433
17.94 , 4.9961986541 , 2.99000
17.97 , 4.9961986541 , 2.99550
18.01 , 5.1048116683 , 3.00117
18.04 , 5.1048116683 , 3.00650
18.07 , 5.1048116683 , 3.01217
18.11 , 5.2134246826 , 3.01767
18.14 , 5.2134246826 , 3.02333
18.17 , 5.1048116683 , 3.02867
18.21 , 5.1048116683 , 3.03433
18.24 , 5.1048116683 , 3.03983
18.27 , 5.2134246826 , 3.04550
18.31 , 5.2134246826 , 3.05100
18.34 , 5.1048116683 , 3.05650
18.37 , 5.1048116683 , 3.06200
18.41 , 5.1048116683 , 3.06767
18.44 , 5.2134246826 , 3.07317
18.47 , 5.2134246826 , 3.07867
18.50 , 5.2134246826 , 3.08417
18.54 , 5.2134246826 , 3.08983
18.57 , 5.2134246826 , 3.09533
18.61 , 5.2134246826 , 3.10100
18.64 , 5.3220376968 , 3.10633
18.67 , 5.2134246826 , 3.11200
18.70 , 5.3220376968 , 3.11750
18.74 , 5.3220376968 , 3.12317
18.77 , 5.3220376968 , 3.12850
18.80 , 5.4306507110 , 3.13417
18.84 , 5.4306507110 , 3.13967
18.87 , 5.3220376968 , 3.14533
18.90 , 5.4306507110 , 3.15083
18.94 , 5.4306507110 , 3.15633
18.97 , 5.3220376968 , 3.16183
19.00 , 5.4306507110 , 3.16750
19.04 , 5.3220376968 , 3.17300
19.07 , 5.4306507110 , 3.17867
19.10 , 5.4306507110 , 3.18400
19.14 , 5.5392632484 , 3.18967
19.17 , 5.4306507110 , 3.19517
19.20 , 5.4306507110 , 3.20083
19.24 , 5.4306507110 , 3.20617
19.27 , 5.4306507110 , 3.21183
19.30 , 5.5392632484 , 3.21733
19.34 , 5.4306507110 , 3.22300
19.37 , 5.5392632484 , 3.22850
19.40 , 5.4306507110 , 3.23400
19.44 , 5.5392632484 , 3.23950
19.47 , 5.6478762626 , 3.24517
19.50 , 5.5392632484 , 3.25067
19.54 , 5.5392632484 , 3.25617
19.57 , 5.6478762626 , 3.26167
19.60 , 5.5392632484 , 3.26733
19.64 , 5.5392632484 , 3.27283
19.67 , 5.6478762626 , 3.27850
19.70 , 5.6478762626 , 3.28383
19.74 , 5.5392632484 , 3.28950
19.77 , 5.6478762626 , 3.29500
19.80 , 5.6478762626 , 3.30067
19.84 , 5.6478762626 , 3.30600
19.87 , 5.6478762626 , 3.31167
19.90 , 5.7564907073 , 3.31717
19.94 , 5.6478762626 , 3.32283
19.97 , 5.7564907073 , 3.32833
20.00 , 5.7564907073 , 3.33383
20.04 , 5.8651032447 , 3.33933
20.07 , 5.7564907073 , 3.34500
20.10 , 5.7564907073 , 3.35050
20.14 , 5.7564907073 , 3.35600
20.17 , 5.6478762626 , 3.36150
20.20 , 5.7564907073 , 3.36717
20.24 , 5.7564907073 , 3.37267
20.27 , 5.7564907073 , 3.37833
20.30 , 5.7564907073 , 3.38367
20.34 , 5.7564907073 , 3.38933
20.37 , 5.7564907073 , 3.39483
20.40 , 5.9737162590 , 3.40050
20.43 , 5.7564907073 , 3.40583
20.47 , 5.8651032447 , 3.41150
20.50 , 5.8651032447 , 3.41700
20.54 , 5.8651032447 , 3.42267
20.57 , 5.8651032447 , 3.42817
20.60 , 5.9737162590 , 3.43367
20.63 , 5.9737162590 , 3.43917
20.67 , 5.8651032447 , 3.44483
20.70 , 5.8651032447 , 3.45033
20.74 , 5.9737162590 , 3.45600
20.77 , 5.9737162590 , 3.46133
20.80 , 5.9737162590 , 3.46700
20.83 , 6.0823292732 , 3.47250
20.87 , 6.0823292732 , 3.47817
20.90 , 5.9737162590 , 3.48350
20.93 , 6.0823292732 , 3.48917
20.97 , 6.0823292732 , 3.49467
21.00 , 6.0823292732 , 3.50033
21.03 , 6.0823292732 , 3.50583
21.07 , 6.0823292732 , 3.51133
21.10 , 6.0823292732 , 3.51683
21.13 , 6.0823292732 , 3.52250
21.17 , 6.1909422874 , 3.52800
21.20 , 6.1909422874 , 3.53350
21.23 , 6.0823292732 , 3.53900
21.27 , 6.1909422874 , 3.54467
21.30 , 6.1909422874 , 3.55017
21.33 , 6.1909422874 , 3.55583
21.37 , 6.1909422874 , 3.56117
21.40 , 6.1909422874 , 3.56683
21.43 , 6.1909422874 , 3.57233
21.47 , 6.2995548248 , 3.57800
21.50 , 6.2995548248 , 3.58333
21.53 , 6.2995548248 , 3.58900
21.57 , 6.1909422874 , 3.59450
21.60 , 6.2995548248 , 3.60017
21.63 , 6.2995548248 , 3.60567
21.67 , 6.2995548248 , 3.61117
21.70 , 6.2995548248 , 3.61667
21.73 , 6.2995548248 , 3.62233
21.77 , 6.4081678390 , 3.62783
21.80 , 6.2995548248 , 3.63333
21.83 , 6.2995548248 , 3.63883
21.87 , 6.4081678390 , 3.64450
21.90 , 6.4081678390 , 3.65000
21.93 , 6.4081678390 , 3.65567
21.97 , 6.2995548248 , 3.66100
22.00 , 6.4081678390 , 3.66667
22.03 , 6.2995548248 , 3.67217
22.07 , 6.1909422874 , 3.67783
22.10 , 6.4081678390 , 3.68317
22.13 , 6.4081678390 , 3.68883
22.17 , 6.2995548248 , 3.69433
22.20 , 6.4081678390 , 3.70000
22.23 , 6.4081678390 , 3.70550
22.27 , 6.4081678390 , 3.71100
22.30 , 6.4081678390 , 3.71650
22.33 , 6.5167808532 , 3.72217
22.37 , 6.5167808532 , 3.72767
22.40 , 6.4081678390 , 3.73333
22.43 , 6.5167808532 , 3.73867
22.47 , 6.5167808532 , 3.74433
22.50 , 6.5167808532 , 3.74983
22.53 , 6.5167808532 , 3.75550
22.56 , 6.6253938674 , 3.76083
22.60 , 6.6253938674 , 3.76650
22.63 , 6.6253938674 , 3.77200
22.67 , 6.5167808532 , 3.77767
22.70 , 6.5167808532 , 3.78317
22.73 , 6.6253938674 , 3.78867
22.76 , 6.6253938674 , 3.79417
22.80 , 6.7340068817 , 3.79983
22.83 , 6.6253938674 , 3.80533
22.86 , 6.7340068817 , 3.81083
22.90 , 6.6253938674 , 3.81633
22.93 , 6.7340068817 , 3.82200
22.96 , 6.6253938674 , 3.82750
23.00 , 6.7340068817 , 3.83317
23.03 , 6.7340068817 , 3.83850
23.06 , 6.7340068817 , 3.84417
23.10 , 6.8426194190 , 3.84967
23.13 , 6.9512324333 , 3.85533
23.16 , 6.8426194190 , 3.86067
23.20 , 6.9512324333 , 3.86633
23.23 , 6.9512324333 , 3.87183
23.26 , 6.8426194190 , 3.87750
23.30 , 6.9512324333 , 3.88300
23.33 , 6.8426194190 , 3.88850
23.36 , 6.8426194190 , 3.89400
23.40 , 6.9512324333 , 3.89967
23.43 , 7.0598454475 , 3.90517
23.46 , 6.9512324333 , 3.91067
23.50 , 6.9512324333 , 3.91617
23.53 , 7.0598454475 , 3.92183
23.56 , 7.0598454475 , 3.92733
23.60 , 7.0598454475 , 3.93300
23.63 , 7.0598454475 , 3.93833
23.66 , 7.0598454475 , 3.94400
23.70 , 7.1684594154 , 3.94950
23.73 , 7.0598454475 , 3.95517
23.76 , 7.0598454475 , 3.96050
23.80 , 7.1684594154 , 3.96617
23.83 , 7.0598454475 , 3.97167
23.86 , 7.0598454475 , 3.97733
23.90 , 7.1684594154 , 3.98283
23.93 , 7.0598454475 , 3.98833
23.96 , 7.1684594154 , 3.99383
24.00 , 7.1684594154 , 3.99950
24.03 , 7.1684594154 , 4.00500
24.06 , 7.1684594154 , 4.01067
24.10 , 7.2770724296 , 4.01600
24.13 , 7.1684594154 , 4.02167
24.16 , 7.2770724296 , 4.02717
24.20 , 7.3856854438 , 4.03283
24.23 , 7.3856854438 , 4.03817
24.26 , 7.2770724296 , 4.04383
24.30 , 7.3856854438 , 4.04933
24.33 , 7.3856854438 , 4.05500
24.36 , 7.3856854438 , 4.06050
24.40 , 7.3856854438 , 4.06600
24.43 , 7.3856854438 , 4.07150
24.46 , 7.4942984580 , 4.07717
24.50 , 7.3856854438 , 4.08267
24.53 , 7.3856854438 , 4.08817
24.56 , 7.3856854438 , 4.09367
24.60 , 7.3856854438 , 4.09933
24.63 , 7.3856854438 , 4.10483
24.66 , 7.3856854438 , 4.11050
24.69 , 7.3856854438 , 4.11583
24.73 , 7.4942984580 , 4.12150
24.76 , 7.4942984580 , 4.12700
24.80 , 7.4942984580 , 4.13267
24.83 , 7.4942984580 , 4.13800
24.86 , 7.6029109954 , 4.14367
24.89 , 7.7115240097 , 4.14917
24.93 , 7.6029109954 , 4.15483
24.96 , 7.7115240097 , 4.16033
25.00 , 7.6029109954 , 4.16583
25.03 , 7.6029109954 , 4.17133
25.06 , 7.6029109954 , 4.17700
25.09 , 7.6029109954 , 4.18250
25.13 , 7.6029109954 , 4.18800
25.16 , 7.6029109954 , 4.19350
25.19 , 7.7115240097 , 4.19917
25.23 , 7.7115240097 , 4.20467
25.26 , 7.7115240097 , 4.21033
25.29 , 7.7115240097 , 4.21567
25.33 , 7.7115240097 , 4.22133
25.36 , 7.7115240097 , 4.22683
25.39 , 7.8201370239 , 4.23250
25.43 , 7.7115240097 , 4.23783
25.46 , 7.8201370239 , 4.24350
25.49 , 7.7115240097 , 4.24900
25.53 , 7.7115240097 , 4.25467
25.56 , 7.7115240097 , 4.26017
25.59 , 7.8201370239 , 4.26567
25.63 , 7.8201370239 , 4.27117
25.66 , 7.7115240097 , 4.27683
25.69 , 7.9287500381 , 4.28233
25.73 , 7.8201370239 , 4.28800
25.76 , 7.8201370239 , 4.29333
25.79 , 7.8201370239 , 4.29900
25.83 , 7.8201370239 , 4.30450
25.86 , 8.0373630523 , 4.31017
25.89 , 7.9287500381 , 4.31550
25.93 , 7.8201370239 , 4.32117
25.96 , 7.8201370239 , 4.32667
25.99 , 7.9287500381 , 4.33233
26.03 , 7.9287500381 , 4.33783
26.06 , 7.9287500381 , 4.34333
26.09 , 8.0373630523 , 4.34883
26.13 , 7.9287500381 , 4.35450
26.16 , 8.0373630523 , 4.36000
26.19 , 7.9287500381 , 4.36550
26.23 , 8.0373630523 , 4.37100
26.26 , 8.0373630523 , 4.37667
26.29 , 8.0373630523 , 4.38217
26.33 , 8.0373630523 , 4.38783
26.36 , 8.0373630523 , 4.39317
26.39 , 8.0373630523 , 4.39883
26.43 , 7.9287500381 , 4.40433
26.46 , 8.1459760665 , 4.41000
26.49 , 8.1459760665 , 4.41533
26.53 , 8.0373630523 , 4.42100
26.56 , 8.0373630523 , 4.42650
26.59 , 8.0373630523 , 4.43217
26.63 , 8.0373630523 , 4.43767
26.66 , 8.0373630523 , 4.44317
26.69 , 8.0373630523 , 4.44867
26.73 , 8.0373630523 , 4.45433
26.76 , 8.1459760665 , 4.45983
26.79 , 8.1459760665 , 4.46533
26.82 , 8.2545890808 , 4.47083
26.86 , 8.2545890808 , 4.47650
26.89 , 8.1459760665 , 4.48200
26.93 , 8.1459760665 , 4.48767
26.96 , 8.2545890808 , 4.49300
26.99 , 8.1459760665 , 4.49867
27.02 , 8.2545890808 , 4.50417
27.06 , 8.2545890808 , 4.50983
27.09 , 8.2545890808 , 4.51517
27.12 , 8.2545890808 , 4.52083
27.16 , 8.2545890808 , 4.52633
27.19 , 8.2545890808 , 4.53200
27.22 , 8.2545890808 , 4.53750
27.26 , 8.2545890808 , 4.54300
27.29 , 8.3632011413 , 4.54850
27.32 , 8.3632011413 , 4.55417
27.36 , 8.3632011413 , 4.55967
27.39 , 8.4718141555 , 4.56533
27.42 , 8.4718141555 , 4.57067
27.46 , 8.4718141555 , 4.57633
27.49 , 8.4718141555 , 4.58183
27.52 , 8.5804290771 , 4.58750
27.56 , 8.4718141555 , 4.59283
27.59 , 8.5804290771 , 4.59850
27.62 , 8.4718141555 , 4.60400
27.66 , 8.4718141555 , 4.60967
27.69 , 8.4718141555 , 4.61517
27.72 , 8.4718141555 , 4.62067
27.76 , 8.4718141555 , 4.62617
27.79 , 8.5804290771 , 4.63183
27.82 , 8.5804290771 , 4.63733
27.86 , 8.4718141555 , 4.64283
27.89 , 8.5804290771 , 4.64833
27.92 , 8.5804290771 , 4.65400
27.96 , 8.6890411376 , 4.65950
27.99 , 8.5804290771 , 4.66517
28.02 , 8.5804290771 , 4.67050
28.06 , 8.6890411376 , 4.67617
28.09 , 8.6890411376 , 4.68167
28.12 , 8.5804290771 , 4.68733
28.16 , 8.6890411376 , 4.69267
28.19 , 8.6890411376 , 4.69833
28.22 , 8.7976541519 , 4.70383
28.26 , 8.7976541519 , 4.70950
28.29 , 8.7976541519 , 4.71500
28.32 , 8.7976541519 , 4.72050
28.36 , 8.6890411376 , 4.72600
28.39 , 8.7976541519 , 4.73167
28.42 , 8.7976541519 , 4.73717
28.46 , 8.6890411376 , 4.74267
28.49 , 8.7976541519 , 4.74817
28.52 , 8.7976541519 , 4.75383
28.56 , 8.6890411376 , 4.75933
28.59 , 8.9062671661 , 4.76500
28.62 , 8.6890411376 , 4.77033
28.66 , 8.7976541519 , 4.77600
28.69 , 8.7976541519 , 4.78150
28.72 , 8.9062671661 , 4.78717
28.75 , 8.7976541519 , 4.79250
28.79 , 8.7976541519 , 4.79817
28.82 , 9.0148801803 , 4.80367
28.86 , 8.7976541519 , 4.80933
28.89 , 8.9062671661 , 4.81483
28.92 , 8.9062671661 , 4.82033
28.95 , 8.9062671661 , 4.82583
28.99 , 8.9062671661 , 4.83150
29.02 , 8.9062671661 , 4.83700
29.06 , 8.9062671661 , 4.84267
29.09 , 9.1234931945 , 4.84800
29.12 , 8.9062671661 , 4.85367
29.15 , 8.9062671661 , 4.85917
29.19 , 8.9062671661 , 4.86483
29.22 , 8.9062671661 , 4.87017
29.25 , 8.9062671661 , 4.87583
29.29 , 9.0148801803 , 4.88133
29.32 , 9.0148801803 , 4.88700
29.35 , 9.0148801803 , 4.89250
29.39 , 9.0148801803 , 4.89800
29.42 , 9.0148801803 , 4.90350
29.45 , 9.1234931945 , 4.90917
29.49 , 9.1234931945 , 4.91467
29.52 , 9.0148801803 , 4.92017
29.55 , 9.1234931945 , 4.92567
29.59 , 9.1234931945 , 4.93133
29.62 , 9.2321062088 , 4.93683
29.65 , 9.1234931945 , 4.94250
29.69 , 9.2321062088 , 4.94783
29.72 , 9.2321062088 , 4.95350
29.75 , 9.3407192230 , 4.95900
29.79 , 9.2321062088 , 4.96467
29.82 , 9.1234931945 , 4.97000
29.85 , 9.1234931945 , 4.97567
29.89 , 9.2321062088 , 4.98117
29.92 , 9.2321062088 , 4.98683
29.95 , 9.2321062088 , 4.99233
29.99 , 9.3407192230 , 4.99783
30.02 , 9.2321062088 , 5.00333
30.05 , 9.2321062088 , 5.00900
30.09 , 9.3407192230 , 5.01450
30.12 , 9.4493322372 , 5.02000
30.15 , 9.4493322372 , 5.02550
30.19 , 9.3407192230 , 5.03117
30.22 , 9.4493322372 , 5.03667
30.25 , 9.5579452514 , 5.04233
30.29 , 9.4493322372 , 5.04767
30.32 , 9.4493322372 , 5.05333
30.35 , 9.5579452514 , 5.05883
30.39 , 9.4493322372 , 5.06450
30.42 , 9.4493322372 , 5.06983
30.45 , 9.5579452514 , 5.07550
30.49 , 9.6665573120 , 5.08100
30.52 , 9.5579452514 , 5.08667
30.55 , 9.5579452514 , 5.09217
30.59 , 9.5579452514 , 5.09767
30.62 , 9.6665573120 , 5.10317
30.65 , 9.6665573120 , 5.10883
30.69 , 9.5579452514 , 5.11433
30.72 , 9.6665573120 , 5.12000
30.75 , 9.6665573120 , 5.12533
30.79 , 9.6665573120 , 5.13100
30.82 , 9.6665573120 , 5.13650
30.85 , 9.6665573120 , 5.14217
30.88 , 9.6665573120 , 5.14750
30.92 , 9.7751703262 , 5.15317
30.95 , 9.7751703262 , 5.15867
30.99 , 9.6665573120 , 5.16433
31.02 , 9.6665573120 , 5.16983
31.05 , 9.6665573120 , 5.17533
31.08 , 9.7751703262 , 5.18083
31.12 , 9.6665573120 , 5.18650
31.15 , 9.6665573120 , 5.19200
31.18 , 9.6665573120 , 5.19750
31.22 , 9.7751703262 , 5.20300
31.25 , 9.7751703262 , 5.20867
31.28 , 9.8837833404 , 5.21417
31.32 , 9.7751703262 , 5.21983
31.35 , 9.7751703262 , 5.22517
31.38 , 9.7751703262 , 5.23083
31.42 , 9.8837833404 , 5.23633
31.45 , 9.8837833404 , 5.24200
31.48 , 9.8837833404 , 5.24733
31.52 , 9.7751703262 , 5.25300
31.55 , 9.8837833404 , 5.25850
31.58 , 9.8837833404 , 5.26417
31.62 , 9.8837833404 , 5.26967
31.65 , 9.7751703262 , 5.27517
31.68 , 9.8837833404 , 5.28067
31.72 , 9.8837833404 , 5.28633
31.75 , 9.8837833404 , 5.29183
31.78 , 9.9923963546 , 5.29733
31.82 , 9.8837833404 , 5.30283
31.85 , 9.8837833404 , 5.30850
31.88 , 9.8837833404 , 5.31400
31.92 , 9.8837833404 , 5.31967
31.95 , 9.8837833404 , 5.32500
31.98 , 9.8837833404 , 5.33067
32.02 , 9.7751703262 , 5.33617
32.05 , 9.8837833404 , 5.34183
32.08 , 9.9923963546 , 5.34717
32.12 , 10.1010093688 , 5.35283
32.15 , 9.9923963546 , 5.35850
32.19 , 9.9923963546 , 5.36417
32.22 , 9.5579452514 , 5.36967
32.25 , 9.5579452514 , 5.37517
32.28 , 9.6665573120 , 5.38067
32.32 , 9.5579452514 , 5.38633
32.35 , 9.7751703262 , 5.39183
32.38 , 9.6665573120 , 5.39750
32.42 , 9.7751703262 , 5.40283
32.45 , 9.6665573120 , 5.40850
32.48 , 9.7751703262 , 5.41400
32.52 , 9.7751703262 , 5.41967
32.55 , 9.7751703262 , 5.42500
32.58 , 9.7751703262 , 5.43067
32.62 , 9.7751703262 , 5.43617
32.65 , 9.8837833404 , 5.44183
32.68 , 9.8837833404 , 5.44733
32.72 , 9.8837833404 , 5.45283
32.75 , 9.8837833404 , 5.45833
32.78 , 9.8837833404 , 5.46400
32.82 , 9.8837833404 , 5.46950
32.85 , 9.8837833404 , 5.47500
32.88 , 9.9923963546 , 5.48050
32.92 , 9.8837833404 , 5.48617
32.95 , 9.9923963546 , 5.49167
32.98 , 9.9923963546 , 5.49733
33.02 , 9.9923963546 , 5.50267
33.05 , 9.9923963546 , 5.50833
33.08 , 9.9923963546 , 5.51383
33.12 , 10.1010093688 , 5.51950
33.15 , 10.1010093688 , 5.52500
33.19 , 10.4268484115 , 5.53083
33.22 , 10.4268484115 , 5.53650
33.25 , 10.3182353973 , 5.54233
33.29 , 10.3182353973 , 5.54800
33.32 , 10.4268484115 , 5.55383
33.36 , 10.3182353973 , 5.55933
33.39 , 10.4268484115 , 5.56517
33.43 , 10.4268484115 , 5.57083
33.46 , 10.4268484115 , 5.57667
33.49 , 10.4268484115 , 5.58233
33.53 , 10.4268484115 , 5.58800
33.56 , 10.5354614257 , 5.59367
33.60 , 10.5354614257 , 5.59950
33.63 , 10.5354614257 , 5.60517
33.67 , 10.5354614257 , 5.61100
33.70 , 10.6440763473 , 5.61650
33.73 , 10.5354614257 , 5.62233
33.77 , 10.6440763473 , 5.62800
33.80 , 10.6440763473 , 5.63383
33.84 , 10.6440763473 , 5.63950
33.87 , 10.5354614257 , 5.64517
33.90 , 10.5354614257 , 5.65083
33.94 , 10.5354614257 , 5.65667
33.97 , 10.6440763473 , 5.66233
34.01 , 10.6440763473 , 5.66817
34.04 , 10.7526893615 , 5.67367
34.08 , 10.7526893615 , 5.67950
34.11 , 10.6440763473 , 5.68533
34.15 , 10.7526893615 , 5.69100
34.18 , 10.7526893615 , 5.69683
34.21 , 10.6440763473 , 5.70233
34.25 , 10.7526893615 , 5.70817
34.28 , 10.6440763473 , 5.71383
34.32 , 10.7526893615 , 5.71967
34.35 , 10.7526893615 , 5.72533
34.39 , 10.7526893615 , 5.73100
34.42 , 10.7526893615 , 5.73667
34.46 , 10.7526893615 , 5.74250
34.49 , 10.8613023757 , 5.74817
34.52 , 10.9699153900 , 5.75400
34.56 , 10.8613023757 , 5.75950
34.59 , 10.8613023757 , 5.76533
34.63 , 11.0785284042 , 5.77100
34.66 , 10.9699153900 , 5.77683
34.70 , 10.9699153900 , 5.78250
34.73 , 10.9699153900 , 5.78817
34.76 , 10.9699153900 , 5.79383
34.80 , 10.9699153900 , 5.79967
34.83 , 10.9699153900 , 5.80533
34.87 , 10.9699153900 , 5.81117
34.90 , 11.0785284042 , 5.81667
34.94 , 11.0785284042 , 5.82250
34.97 , 11.0785284042 , 5.82817
35.00 , 10.9699153900 , 5.83400
35.04 , 11.0785284042 , 5.83967
35.07 , 11.0785284042 , 5.84550
35.11 , 11.0785284042 , 5.85100
35.14 , 11.1871414184 , 5.85683
35.18 , 11.1871414184 , 5.86250
35.21 , 11.1871414184 , 5.86833
35.25 , 11.1871414184 , 5.87417
35.28 , 11.1871414184 , 5.87967
35.31 , 11.1871414184 , 5.88550
35.35 , 11.2957534790 , 5.89117
35.38 , 11.2957534790 , 5.89700
35.42 , 11.2957534790 , 5.90267
35.45 , 11.1871414184 , 5.90833
35.48 , 11.1871414184 , 5.91400
35.52 , 11.2957534790 , 5.91983
35.55 , 11.2957534790 , 5.92550
35.59 , 11.2957534790 , 5.93133
35.62 , 11.1871414184 , 5.93683
35.66 , 11.2957534790 , 5.94267
35.69 , 11.1871414184 , 5.94833
35.72 , 11.2957534790 , 5.95417
35.76 , 11.5129795074 , 5.95983
35.79 , 11.2957534790 , 5.96550
35.83 , 11.4043664932 , 5.97117
35.86 , 11.4043664932 , 5.97700
35.90 , 11.2957534790 , 5.98267
35.93 , 11.4043664932 , 5.98850
35.96 , 11.4043664932 , 5.99400
36.00 , 11.2957534790 , 5.99983
36.03 , 11.4043664932 , 6.00550
36.07 , 11.4043664932 , 6.01133
36.10 , 11.2957534790 , 6.01700
36.14 , 11.4043664932 , 6.02267
36.17 , 11.4043664932 , 6.02833
36.21 , 11.5129795074 , 6.03417
36.24 , 11.4043664932 , 6.03983
36.27 , 11.5129795074 , 6.04567
36.31 , 11.4043664932 , 6.05133
36.34 , 11.6215925216 , 6.05700
36.38 , 11.5129795074 , 6.06283
36.41 , 11.6215925216 , 6.06850
36.45 , 11.6215925216 , 6.07433
36.48 , 11.5129795074 , 6.08000
36.51 , 11.5129795074 , 6.08567
36.55 , 11.6215925216 , 6.09133
36.58 , 11.6215925216 , 6.09717
36.62 , 11.6215925216 , 6.10283
36.65 , 11.6215925216 , 6.10867
36.69 , 11.5129795074 , 6.11417
36.72 , 11.6215925216 , 6.12000
36.75 , 11.6215925216 , 6.12567
36.79 , 11.6215925216 , 6.13150
36.82 , 11.7302055358 , 6.13717
36.86 , 11.7302055358 , 6.14283
36.89 , 11.6215925216 , 6.14850
36.93 , 11.6215925216 , 6.15433
36.96 , 11.7302055358 , 6.16000
37.00 , 11.7302055358 , 6.16583
37.03 , 11.7302055358 , 6.17133
37.06 , 11.8388185501 , 6.17717
37.10 , 11.7302055358 , 6.18283
37.13 , 11.7302055358 , 6.18867
37.17 , 11.7302055358 , 6.19433
37.20 , 11.8388185501 , 6.20000
37.23 , 11.8388185501 , 6.20567
37.27 , 11.8388185501 , 6.21150
37.30 , 11.8388185501 , 6.21717
37.34 , 11.9474315643 , 6.22300
37.37 , 11.9474315643 , 6.22850
37.41 , 11.9474315643 , 6.23433
37.44 , 11.8388185501 , 6.24017
37.47 , 11.9474315643 , 6.24583
37.51 , 11.8388185501 , 6.25167
37.54 , 12.0560445785 , 6.25717
37.58 , 11.9474315643 , 6.26300
37.61 , 11.9474315643 , 6.26867
37.65 , 11.9474315643 , 6.27450
37.68 , 11.9474315643 , 6.28017
37.72 , 12.0560445785 , 6.28583
37.75 , 11.9474315643 , 6.29150
37.78 , 12.0560445785 , 6.29733
37.82 , 12.0560445785 , 6.30300
37.85 , 12.0560445785 , 6.30883
37.89 , 12.0560445785 , 6.31433
37.92 , 12.0560445785 , 6.32017
37.96 , 12.0560445785 , 6.32583
37.99 , 12.1646575927 , 6.33167
38.02 , 12.0560445785 , 6.33733
38.06 , 12.1646575927 , 6.34317
38.09 , 12.0560445785 , 6.34867
38.13 , 12.0560445785 , 6.35450
38.16 , 12.1646575927 , 6.36017
38.20 , 12.1646575927 , 6.36600
38.23 , 12.1646575927 , 6.37167
38.26 , 12.1646575927 , 6.37733
38.30 , 12.1646575927 , 6.38300
38.33 , 12.1646575927 , 6.38883
38.37 , 12.2732696533 , 6.39450
38.40 , 12.2732696533 , 6.40033
38.44 , 12.2732696533 , 6.40583
38.47 , 12.2732696533 , 6.41167
38.51 , 12.2732696533 , 6.41750
38.54 , 12.2732696533 , 6.42317
38.57 , 12.0560445785 , 6.42900
38.61 , 12.2732696533 , 6.43450
38.64 , 12.1646575927 , 6.44033
38.68 , 12.2732696533 , 6.44600
38.71 , 12.1646575927 , 6.45183
38.75 , 12.2732696533 , 6.45750
38.78 , 12.2732696533 , 6.46317
38.81 , 12.1646575927 , 6.46883
38.85 , 12.3818826675 , 6.47467
38.88 , 12.2732696533 , 6.48033
38.92 , 12.3818826675 , 6.48617
38.95 , 12.2732696533 , 6.49167
38.99 , 12.3818826675 , 6.49750
39.02 , 12.3818826675 , 6.50317
39.05 , 12.3818826675 , 6.50900
39.09 , 12.2732696533 , 6.51467
39.12 , 12.2732696533 , 6.52033
39.16 , 12.3818826675 , 6.52600
39.19 , 12.2732696533 , 6.53183
39.22 , 12.2732696533 , 6.53750
39.26 , 12.3818826675 , 6.54333
39.29 , 12.3818826675 , 6.54883
39.33 , 12.3818826675 , 6.55467
39.36 , 12.3818826675 , 6.56033
39.40 , 12.3818826675 , 6.56617
39.43 , 12.3818826675 , 6.57183
39.47 , 12.4904956817 , 6.57750
39.50 , 12.4904956817 , 6.58317
39.53 , 12.4904956817 , 6.58900
39.57 , 12.4904956817 , 6.59467
39.60 , 12.4904956817 , 6.60050
39.64 , 12.4904956817 , 6.60633
39.67 , 12.4904956817 , 6.61183
39.71 , 12.4904956817 , 6.61767
39.74 , 12.5991086959 , 6.62333
39.78 , 12.5991086959 , 6.62917
39.81 , 12.7077217102 , 6.63483
39.84 , 12.7077217102 , 6.64050
39.88 , 12.5991086959 , 6.64617
39.91 , 12.5991086959 , 6.65200
39.95 , 12.8163347244 , 6.65767
39.98 , 12.8163347244 , 6.66350
40.01 , 12.9249477386 , 6.66900
40.05 , 12.9249477386 , 6.67483
40.08 , 12.8163347244 , 6.68050
40.12 , 12.9249477386 , 6.68633
40.15 , 12.8163347244 , 6.69200
40.19 , 12.9249477386 , 6.69767
40.22 , 12.9249477386 , 6.70333
40.26 , 12.8163347244 , 6.70917
40.29 , 12.9249477386 , 6.71483
40.32 , 12.8163347244 , 6.72067
40.36 , 12.8163347244 , 6.72617
40.39 , 12.8163347244 , 6.73200
40.43 , 13.0335607528 , 6.73767
40.46 , 13.1421737670 , 6.74350
40.50 , 13.1421737670 , 6.74917
40.53 , 13.3593988418 , 6.75483
40.56 , 13.4680147171 , 6.76050
40.60 , 13.4680147171 , 6.76633
40.63 , 13.3593988418 , 6.77200
40.67 , 13.3593988418 , 6.77783
40.70 , 13.4680147171 , 6.78350
40.74 , 13.5766277313 , 6.78917
40.77 , 13.5766277313 , 6.79500
40.80 , 13.4680147171 , 6.80067
40.84 , 13.5766277313 , 6.80650
40.87 , 13.4680147171 , 6.81200
40.91 , 13.5766277313 , 6.81783
40.94 , 13.6852407455 , 6.82350
40.98 , 13.5766277313 , 6.82933
41.01 , 13.5766277313 , 6.83500
41.04 , 13.5766277313 , 6.84067
41.08 , 13.5766277313 , 6.84633
41.11 , 13.5766277313 , 6.85217
41.15 , 13.6852407455 , 6.85783
41.18 , 13.5766277313 , 6.86367
41.22 , 13.4680147171 , 6.86933
41.25 , 13.5766277313 , 6.87500
41.28 , 13.5766277313 , 6.88067
41.32 , 13.5766277313 , 6.88650
41.35 , 13.4680147171 , 6.89217
41.39 , 13.6852407455 , 6.89800
41.42 , 13.4680147171 , 6.90350
41.46 , 13.5766277313 , 6.90933
41.49 , 13.5766277313 , 6.91500
41.53 , 13.5766277313 , 6.92083
41.56 , 13.6852407455 , 6.92650
41.59 , 13.5766277313 , 6.93217
41.63 , 13.6852407455 , 6.93783
41.66 , 13.5766277313 , 6.94367
41.70 , 13.5766277313 , 6.94933
41.73 , 13.6852407455 , 6.95517
41.76 , 13.6852407455 , 6.96067
41.80 , 13.6852407455 , 6.96650
41.83 , 13.6852407455 , 6.97233
41.87 , 13.7938537597 , 6.97800
41.90 , 13.7938537597 , 6.98383
41.94 , 13.7938537597 , 6.98933
41.97 , 13.3593988418 , 6.99517
42.01 , 13.4680147171 , 7.00083
42.04 , 13.9024658203 , 7.00667
42.07 , 13.7938537597 , 7.01233
42.11 , 13.9024658203 , 7.01800
42.14 , 13.7938537597 , 7.02367
42.18 , 13.7938537597 , 7.02950
42.21 , 14.0110788345 , 7.03517
42.25 , 14.0110788345 , 7.04100
42.28 , 13.9024658203 , 7.04650
42.31 , 14.0110788345 , 7.05233
42.35 , 14.0110788345 , 7.05800
42.38 , 14.0110788345 , 7.06383
42.42 , 14.1196918487 , 7.06950
42.45 , 14.0110788345 , 7.07517
42.49 , 14.1196918487 , 7.08083
42.52 , 14.1196918487 , 7.08667
42.55 , 14.1196918487 , 7.09233
42.59 , 14.2283048629 , 7.09817
42.62 , 14.2283048629 , 7.10367
42.66 , 14.1196918487 , 7.10950
42.69 , 14.2283048629 , 7.11517
42.73 , 14.2283048629 , 7.12100
42.76 , 14.2283048629 , 7.12667
42.79 , 14.1196918487 , 7.13250
42.83 , 14.1196918487 , 7.13800
42.86 , 14.1196918487 , 7.14383
42.90 , 14.1196918487 , 7.14967
42.93 , 14.1196918487 , 7.15533
42.97 , 14.3369178771 , 7.16117
43.00 , 14.2283048629 , 7.16667
43.04 , 14.3369178771 , 7.17250
43.07 , 14.2283048629 , 7.17817
43.10 , 14.2283048629 , 7.18400
43.14 , 14.3369178771 , 7.18967
43.17 , 14.3369178771 , 7.19533
43.21 , 14.3369178771 , 7.20100
43.24 , 14.3369178771 , 7.20683
43.28 , 14.3369178771 , 7.21250
43.31 , 14.3369178771 , 7.21833
43.34 , 14.3369178771 , 7.22383
43.38 , 14.3369178771 , 7.22967
43.41 , 14.3369178771 , 7.23533
43.45 , 14.4455308914 , 7.24117
43.48 , 14.4455308914 , 7.24683
43.52 , 14.4455308914 , 7.25250
43.55 , 14.4455308914 , 7.25817
43.58 , 14.4455308914 , 7.26400
43.62 , 14.5541439056 , 7.26967
43.65 , 14.5541439056 , 7.27550
43.69 , 14.4455308914 , 7.28100
43.72 , 14.4455308914 , 7.28683
43.76 , 14.3369178771 , 7.29250
43.79 , 13.7938537597 , 7.29833
43.82 , 13.7938537597 , 7.30400
43.86 , 13.7938537597 , 7.30967
43.89 , 13.6852407455 , 7.31533
43.93 , 13.7938537597 , 7.32117
43.96 , 13.7938537597 , 7.32683
44.00 , 13.6852407455 , 7.33267
44.03 , 13.7938537597 , 7.33833
44.06 , 13.7938537597 , 7.34400
44.10 , 13.7938537597 , 7.34983
44.13 , 13.9024658203 , 7.35550
44.17 , 13.9024658203 , 7.36133
44.20 , 13.9024658203 , 7.36683
44.24 , 13.9024658203 , 7.37267
44.27 , 13.9024658203 , 7.37833
44.31 , 13.7938537597 , 7.38417
44.34 , 13.7938537597 , 7.38983
44.37 , 13.9024658203 , 7.39567
44.41 , 13.9024658203 , 7.40117
44.44 , 13.9024658203 , 7.40700
44.48 , 13.9024658203 , 7.41267
44.51 , 14.0110788345 , 7.41850
44.54 , 13.9024658203 , 7.42417
44.58 , 14.0110788345 , 7.42983
44.61 , 14.0110788345 , 7.43550
44.65 , 14.0110788345 , 7.44133
44.68 , 14.0110788345 , 7.44700
44.72 , 14.0110788345 , 7.45283
44.75 , 14.0110788345 , 7.45833
44.79 , 14.0110788345 , 7.46417
44.82 , 14.0110788345 , 7.46983
44.85 , 14.1196918487 , 7.47567
44.89 , 14.1196918487 , 7.48133
44.92 , 14.1196918487 , 7.48700
44.96 , 14.1196918487 , 7.49267
44.99 , 14.1196918487 , 7.49850
45.03 , 14.2283048629 , 7.50417
45.06 , 14.1196918487 , 7.51000
45.09 , 14.2283048629 , 7.51567
45.13 , 14.2283048629 , 7.52133
45.16 , 14.1196918487 , 7.52717
45.20 , 14.2283048629 , 7.53283
45.23 , 14.2283048629 , 7.53867
45.27 , 14.2283048629 , 7.54417
45.30 , 14.3369178771 , 7.55000
45.33 , 14.3369178771 , 7.55567
45.37 , 14.2283048629 , 7.56150
45.40 , 14.3369178771 , 7.56717
45.44 , 14.3369178771 , 7.57283
45.47 , 14.3369178771 , 7.57850
45.51 , 14.2283048629 , 7.58433
45.54 , 14.3369178771 , 7.59000
45.58 , 14.3369178771 , 7.59583
45.61 , 14.3369178771 , 7.60133
45.64 , 14.3369178771 , 7.60717
45.68 , 14.3369178771 , 7.61283
45.71 , 14.3369178771 , 7.61867
45.75 , 14.3369178771 , 7.62433
45.78 , 14.4455308914 , 7.63000
45.81 , 14.3369178771 , 7.63567
45.85 , 14.4455308914 , 7.64150
45.88 , 14.3369178771 , 7.64717
45.92 , 14.4455308914 , 7.65300
45.95 , 14.4455308914 , 7.65867
45.99 , 14.4455308914 , 7.66433
46.02 , 14.4455308914 , 7.67000
46.06 , 14.5541439056 , 7.67583
46.09 , 14.4455308914 , 7.68150
46.12 , 14.5541439056 , 7.68733
46.16 , 14.5541439056 , 7.69283
46.19 , 14.5541439056 , 7.69867
46.23 , 14.6627569198 , 7.70450
46.26 , 14.7713699340 , 7.71017
46.30 , 14.5541439056 , 7.71600
46.33 , 14.5541439056 , 7.72150
46.36 , 14.6627569198 , 7.72733
46.40 , 14.6627569198 , 7.73300
46.43 , 14.7713699340 , 7.73883
46.47 , 14.6627569198 , 7.74450
46.50 , 14.7713699340 , 7.75017
46.54 , 14.7713699340 , 7.75583
46.57 , 14.7713699340 , 7.76167
46.60 , 14.8799819946 , 7.76733
46.64 , 14.7713699340 , 7.77317
46.67 , 14.7713699340 , 7.77867
46.71 , 14.8799819946 , 7.78450
46.74 , 14.8799819946 , 7.79017
46.78 , 14.9885950088 , 7.79600
46.81 , 14.9885950088 , 7.80167
46.84 , 14.9885950088 , 7.80733
46.88 , 15.0972080230 , 7.81300
46.91 , 15.0972080230 , 7.81883
46.95 , 15.0972080230 , 7.82450
46.98 , 15.0972080230 , 7.83033
47.02 , 15.0972080230 , 7.83583
47.05 , 15.2058210372 , 7.84167
47.08 , 15.0972080230 , 7.84733
47.12 , 15.0972080230 , 7.85317
47.15 , 15.0972080230 , 7.85883
47.19 , 15.2058210372 , 7.86450
47.22 , 15.2058210372 , 7.87017
47.26 , 15.2058210372 , 7.87600
47.29 , 15.2058210372 , 7.88183
47.33 , 15.2058210372 , 7.88750
47.36 , 15.2058210372 , 7.89333
47.39 , 15.2058210372 , 7.89883
47.43 , 15.2058210372 , 7.90467
47.46 , 15.2058210372 , 7.91033
47.50 , 15.3144340515 , 7.91617
47.53 , 15.2058210372 , 7.92183
47.56 , 15.3144340515 , 7.92750
47.60 , 15.3144340515 , 7.93317
47.63 , 15.2058210372 , 7.93900
47.67 , 15.3144340515 , 7.94467
47.70 , 15.3144340515 , 7.95050
47.74 , 15.3144340515 , 7.95600
47.77 , 15.3144340515 , 7.96183
47.81 , 15.3144340515 , 7.96750
47.84 , 15.4230470657 , 7.97333
47.87 , 15.3144340515 , 7.97900
47.91 , 15.4230470657 , 7.98467
47.94 , 15.5316600799 , 7.99033
47.98 , 15.4230470657 , 7.99617
48.01 , 15.5316600799 , 8.00183
48.05 , 15.5316600799 , 8.00767
48.08 , 15.5316600799 , 8.01317
48.11 , 15.4230470657 , 8.01900
48.15 , 15.4230470657 , 8.02467
48.18 , 15.6402730941 , 8.03050
48.22 , 15.5316600799 , 8.03617
48.25 , 15.5316600799 , 8.04183
48.29 , 15.4230470657 , 8.04750
48.32 , 15.5316600799 , 8.05333
48.35 , 15.5316600799 , 8.05900
48.39 , 15.6402730941 , 8.06483
48.42 , 15.6402730941 , 8.07050
48.46 , 15.6402730941 , 8.07617
48.49 , 15.6402730941 , 8.08200
48.53 , 15.6402730941 , 8.08767
48.56 , 15.6402730941 , 8.09350
48.59 , 15.6402730941 , 8.09900
48.63 , 15.7488861083 , 8.10483
48.66 , 15.6402730941 , 8.11050
48.70 , 15.6402730941 , 8.11633
48.73 , 15.7488861083 , 8.12200
48.77 , 15.7488861083 , 8.12767
48.80 , 15.8574981689 , 8.13333
48.84 , 15.8574981689 , 8.13917
48.87 , 15.8574981689 , 8.14483
48.90 , 15.8574981689 , 8.15067
48.94 , 15.7488861083 , 8.15617
48.97 , 15.8574981689 , 8.16200
49.01 , 15.9661111831 , 8.16767
49.04 , 15.8574981689 , 8.17350
49.08 , 15.8574981689 , 8.17917
49.11 , 15.8574981689 , 8.18500
49.14 , 15.9661111831 , 8.19050
49.18 , 15.8574981689 , 8.19633
49.21 , 15.9661111831 , 8.20200
49.25 , 15.9661111831 , 8.20783
49.28 , 15.9661111831 , 8.21350
49.31 , 16.0747241973 , 8.21917
49.35 , 16.0747241973 , 8.22483
49.38 , 16.0747241973 , 8.23067
49.42 , 15.9661111831 , 8.23633
49.45 , 16.0747241973 , 8.24217
49.49 , 16.0747241973 , 8.24783
49.52 , 16.1833400726 , 8.25350
49.56 , 16.1833400726 , 8.25933
49.59 , 16.0747241973 , 8.26500
49.63 , 16.0747241973 , 8.27083
49.66 , 16.1833400726 , 8.27633
49.69 , 16.1833400726 , 8.28217
49.73 , 16.1833400726 , 8.28783
49.76 , 16.1833400726 , 8.29367
49.80 , 16.2919521331 , 8.29933
49.83 , 16.2919521331 , 8.30500
49.86 , 16.2919521331 , 8.31067
49.90 , 16.2919521331 , 8.31650
49.93 , 16.2919521331 , 8.32217
49.97 , 16.2919521331 , 8.32800
50.00 , 16.2919521331 , 8.33350
50.04 , 16.2919521331 , 8.33933
50.07 , 16.2919521331 , 8.34500
50.11 , 16.2919521331 , 8.35083
50.14 , 16.2919521331 , 8.35650
50.17 , 16.4005661010 , 8.36217
50.21 , 16.4005661010 , 8.36783
50.24 , 16.2919521331 , 8.37367
50.28 , 16.2919521331 , 8.37933
50.31 , 16.4005661010 , 8.38517
50.34 , 16.4005661010 , 8.39067
50.38 , 16.4005661010 , 8.39650
50.41 , 16.4005661010 , 8.40217
50.45 , 16.4005661010 , 8.40800
50.48 , 16.4005661010 , 8.41367
50.52 , 16.5091781616 , 8.41933
50.55 , 16.4005661010 , 8.42500
50.59 , 16.5091781616 , 8.43083
50.62 , 16.5091781616 , 8.43667
50.65 , 16.5091781616 , 8.44233
50.69 , 16.4005661010 , 8.44817
50.72 , 16.5091781616 , 8.45367
50.76 , 16.5091781616 , 8.45950
50.79 , 16.6177921295 , 8.46517
50.83 , 16.6177921295 , 8.47100
50.86 , 16.6177921295 , 8.47667
50.89 , 16.6177921295 , 8.48233
50.93 , 16.5091781616 , 8.48800
50.96 , 16.6177921295 , 8.49383
51.00 , 16.6177921295 , 8.49950
51.03 , 16.5091781616 , 8.50533
51.06 , 16.6177921295 , 8.51083
51.10 , 16.6177921295 , 8.51667
51.13 , 16.6177921295 , 8.52233
51.17 , 16.6177921295 , 8.52817
51.20 , 16.6177921295 , 8.53383
51.24 , 16.6177921295 , 8.53950
51.27 , 16.7264041900 , 8.54517
51.31 , 16.6177921295 , 8.55100
51.34 , 16.6177921295 , 8.55667
51.38 , 16.7264041900 , 8.56250
51.41 , 16.8350181579 , 8.56800
51.44 , 16.8350181579 , 8.57383
51.48 , 16.7264041900 , 8.57950
51.51 , 16.8350181579 , 8.58533
51.55 , 16.7264041900 , 8.59100
51.58 , 16.8350181579 , 8.59667
51.61 , 16.7264041900 , 8.60233
51.65 , 16.8350181579 , 8.60817
51.68 , 16.8350181579 , 8.61400
51.72 , 16.9436302185 , 8.61967
51.75 , 16.9436302185 , 8.62533
51.79 , 16.9436302185 , 8.63100
51.82 , 16.9436302185 , 8.63683
51.86 , 16.9436302185 , 8.64250
51.89 , 16.9436302185 , 8.64833
51.92 , 16.9436302185 , 8.65383
51.96 , 16.9436302185 , 8.65967
51.99 , 16.9436302185 , 8.66533
52.03 , 16.9436302185 , 8.67117
52.06 , 16.9436302185 , 8.67683
52.10 , 17.0522422790 , 8.68267
52.13 , 16.9436302185 , 8.68817
52.16 , 17.0522422790 , 8.69400
52.20 , 16.9436302185 , 8.69967
52.23 , 17.1608562469 , 8.70550
52.27 , 17.0522422790 , 8.71117
52.30 , 17.0522422790 , 8.71683
52.34 , 17.1608562469 , 8.72250
52.37 , 17.0522422790 , 8.72833
52.40 , 17.1608562469 , 8.73400
52.44 , 17.1608562469 , 8.73983
52.47 , 17.1608562469 , 8.74533
52.51 , 17.1608562469 , 8.75117
52.54 , 17.1608562469 , 8.75683
52.58 , 17.1608562469 , 8.76267
52.61 , 17.1608562469 , 8.76833
52.64 , 17.2694683074 , 8.77400
52.68 , 17.1608562469 , 8.77967
52.71 , 17.2694683074 , 8.78550
52.75 , 17.2694683074 , 8.79117
52.78 , 17.2694683074 , 8.79700
52.82 , 17.2694683074 , 8.80267
52.85 , 17.2694683074 , 8.80833
52.88 , 17.2694683074 , 8.81417
52.92 , 17.2694683074 , 8.81983
52.95 , 17.2694683074 , 8.82567
52.99 , 17.3780822753 , 8.83117
53.02 , 17.3780822753 , 8.83700
53.06 , 17.2694683074 , 8.84267
53.09 , 17.3780822753 , 8.84850
53.13 , 17.4866943359 , 8.85417
53.16 , 17.3780822753 , 8.85983
53.19 , 17.2694683074 , 8.86550
53.23 , 17.3780822753 , 8.87133
53.26 , 17.4866943359 , 8.87700
53.30 , 17.4866943359 , 8.88283
53.33 , 17.3780822753 , 8.88833
53.37 , 17.4866943359 , 8.89417
53.40 , 17.4866943359 , 8.89983
53.43 , 17.4866943359 , 8.90567
53.47 , 17.4866943359 , 8.91133
53.50 , 17.4866943359 , 8.91700
53.54 , 17.5953083038 , 8.92267
53.57 , 17.5953083038 , 8.92850
53.61 , 17.5953083038 , 8.93417
53.64 , 17.5953083038 , 8.94000
53.67 , 17.5953083038 , 8.94550
53.71 , 17.5953083038 , 8.95133
53.74 , 17.7039203643 , 8.95700
53.78 , 17.5953083038 , 8.96283
53.81 , 17.7039203643 , 8.96850
53.85 , 17.7039203643 , 8.97433
53.88 , 17.7039203643 , 8.98000
53.91 , 17.7039203643 , 8.98567
53.95 , 17.7039203643 , 8.99150
53.98 , 17.7039203643 , 8.99717
54.02 , 17.7039203643 , 9.00300
54.05 , 17.8125343322 , 9.00850
54.09 , 17.8125343322 , 9.01433
54.12 , 17.8125343322 , 9.02000
54.15 , 17.8125343322 , 9.02583
54.19 , 17.8125343322 , 9.03150
54.22 , 17.8125343322 , 9.03717
54.26 , 17.9211463928 , 9.04283
54.29 , 17.8125343322 , 9.04867
54.33 , 17.9211463928 , 9.05433
54.36 , 17.9211463928 , 9.06017
54.39 , 17.9211463928 , 9.06567
54.43 , 17.9211463928 , 9.07150
54.46 , 17.9211463928 , 9.07717
54.50 , 17.9211463928 , 9.08300
54.53 , 18.0297584533 , 9.08867
54.57 , 17.9211463928 , 9.09433
54.60 , 17.9211463928 , 9.10000
54.63 , 18.0297584533 , 9.10583
54.67 , 18.0297584533 , 9.11150
54.70 , 17.9211463928 , 9.11733
54.74 , 18.0297584533 , 9.12283
54.77 , 18.0297584533 , 9.12867
54.81 , 18.1383724212 , 9.13433
54.84 , 18.0297584533 , 9.14017
54.88 , 18.1383724212 , 9.14583
54.91 , 18.1383724212 , 9.15150
54.94 , 18.1383724212 , 9.15717
54.98 , 18.2469844818 , 9.16300
55.01 , 18.1383724212 , 9.16883
55.05 , 18.2469844818 , 9.17450
55.08 , 18.2469844818 , 9.18017
55.12 , 18.1383724212 , 9.18583
55.15 , 18.2469844818 , 9.19167
55.18 , 18.2469844818 , 9.19733
55.22 , 18.2469844818 , 9.20317
55.25 , 18.3555984497 , 9.20867
55.29 , 18.2469844818 , 9.21450
55.32 , 18.2469844818 , 9.22017
55.36 , 18.2469844818 , 9.22600
55.39 , 18.2469844818 , 9.23167
55.43 , 18.2469844818 , 9.23750
55.46 , 18.2469844818 , 9.24300
55.49 , 18.2469844818 , 9.24883
55.53 , 18.3555984497 , 9.25450
55.56 , 18.4642105102 , 9.26033
55.60 , 18.4642105102 , 9.26600
55.63 , 18.3555984497 , 9.27167
55.66 , 18.2469844818 , 9.27733
55.70 , 18.3555984497 , 9.28317
55.73 , 18.3555984497 , 9.28883
55.77 , 18.3555984497 , 9.29467
55.80 , 18.3555984497 , 9.30017
55.84 , 18.3555984497 , 9.30600
55.87 , 18.4642105102 , 9.31167
55.90 , 18.3555984497 , 9.31750
55.94 , 18.3555984497 , 9.32317
55.97 , 18.4642105102 , 9.32883
56.01 , 18.5728244781 , 9.33450
56.04 , 18.5728244781 , 9.34033
56.08 , 18.5728244781 , 9.34617
56.11 , 18.5728244781 , 9.35183
56.15 , 18.5728244781 , 9.35750
56.18 , 18.5728244781 , 9.36317
56.21 , 18.5728244781 , 9.36900
56.25 , 18.5728244781 , 9.37467
56.28 , 18.5728244781 , 9.38050
56.32 , 18.6814365386 , 9.38600
56.35 , 18.5728244781 , 9.39183
56.38 , 18.6814365386 , 9.39750
56.42 , 18.6814365386 , 9.40333
56.45 , 18.8986625671 , 9.40900
56.49 , 18.7900505065 , 9.41467
56.52 , 18.7900505065 , 9.42033
56.56 , 18.7900505065 , 9.42617
56.59 , 18.6814365386 , 9.43183
56.63 , 18.7900505065 , 9.43767
56.66 , 18.7900505065 , 9.44317
56.69 , 18.8986625671 , 9.44900
56.73 , 18.8986625671 , 9.45467
56.76 , 18.8986625671 , 9.46050
56.80 , 18.8986625671 , 9.46617
56.83 , 19.0072784423 , 9.47200
56.87 , 18.8986625671 , 9.47750
56.90 , 18.8986625671 , 9.48333
56.93 , 18.8986625671 , 9.48900
56.97 , 19.0072784423 , 9.49483
57.00 , 19.0072784423 , 9.50050
57.04 , 18.8986625671 , 9.50617
57.07 , 19.0072784423 , 9.51183
57.11 , 19.0072784423 , 9.51767
57.14 , 19.0072784423 , 9.52333
57.18 , 19.0072784423 , 9.52917
57.21 , 19.0072784423 , 9.53483
57.24 , 19.0072784423 , 9.54050
57.28 , 19.0072784423 , 9.54633
57.31 , 19.1158905029 , 9.55200
57.35 , 19.1158905029 , 9.55783
57.38 , 19.1158905029 , 9.56333
57.42 , 19.0072784423 , 9.56917
57.45 , 19.1158905029 , 9.57483
57.48 , 19.1158905029 , 9.58067
57.52 , 19.1158905029 , 9.58633
57.55 , 19.0072784423 , 9.59200
57.59 , 19.1158905029 , 9.59767
57.62 , 19.2245044708 , 9.60350
57.65 , 19.1158905029 , 9.60917
57.69 , 19.1158905029 , 9.61500
57.72 , 19.2245044708 , 9.62050
57.76 , 19.2245044708 , 9.62633
57.79 , 19.2245044708 , 9.63200
57.83 , 19.2245044708 , 9.63783
57.86 , 19.3331165313 , 9.64350
57.90 , 19.3331165313 , 9.64917
57.93 , 19.4417304992 , 9.65483
57.96 , 19.2245044708 , 9.66067
58.00 , 19.3331165313 , 9.66633
58.03 , 19.3331165313 , 9.67217
58.07 , 19.4417304992 , 9.67767
58.10 , 19.3331165313 , 9.68350
58.13 , 19.4417304992 , 9.68917
58.17 , 19.4417304992 , 9.69500
58.20 , 19.4417304992 , 9.70067
58.24 , 19.5503425598 , 9.70633
58.27 , 19.5503425598 , 9.71217
58.31 , 19.4417304992 , 9.71783
58.34 , 19.4417304992 , 9.72367
58.38 , 19.5503425598 , 9.72933
58.41 , 19.5503425598 , 9.73517
58.44 , 19.5503425598 , 9.74067
58.48 , 19.5503425598 , 9.74650
58.51 , 19.6589546203 , 9.75217
58.55 , 19.5503425598 , 9.75800
58.58 , 19.6589546203 , 9.76367
58.62 , 19.6589546203 , 9.76933
58.65 , 19.7675685882 , 9.77500
58.69 , 19.6589546203 , 9.78083
58.72 , 19.7675685882 , 9.78650
58.75 , 19.7675685882 , 9.79233
58.79 , 19.7675685882 , 9.79783
58.82 , 19.6589546203 , 9.80367
58.86 , 19.7675685882 , 9.80933
58.89 , 19.8761806488 , 9.81517
58.93 , 19.7675685882 , 9.82083
58.96 , 19.7675685882 , 9.82650
58.99 , 19.8761806488 , 9.83217
59.03 , 19.7675685882 , 9.83800
59.06 , 19.8761806488 , 9.84367
59.10 , 19.7675685882 , 9.84950
59.13 , 19.8761806488 , 9.85500
59.17 , 19.8761806488 , 9.86083
59.20 , 19.7675685882 , 9.86650
59.23 , 19.8761806488 , 9.87233
59.27 , 19.8761806488 , 9.87800
59.30 , 19.8761806488 , 9.88367
59.34 , 19.9847946166 , 9.88933
59.37 , 19.8761806488 , 9.89517
59.41 , 19.9847946166 , 9.90100
59.44 , 19.9847946166 , 9.90667
59.47 , 19.9847946166 , 9.91233
59.51 , 19.9847946166 , 9.91800
59.54 , 19.9847946166 , 9.92383
59.58 , 19.9847946166 , 9.92950
59.61 , 20.0934066772 , 9.93533
59.65 , 19.9847946166 , 9.94083
59.68 , 20.0934066772 , 9.94667
59.71 , 20.0934066772 , 9.95233
59.75 , 19.9847946166 , 9.95817
59.78 , 20.0934066772 , 9.96383
59.82 , 20.2020206451 , 9.96950
59.85 , 20.2020206451 , 9.97517
59.89 , 20.3106327056 , 9.98100
59.92 , 20.2020206451 , 9.98667
59.96 , 20.2020206451 , 9.99250
59.99 , 20.3106327056 , 9.99800
60.02 , 20.2020206451 , 10.00383
60.06 , 20.2020206451 , 10.00967
60.09 , 20.2020206451 , 10.01567
60.13 , 20.3106327056 , 10.02150
60.17 , 20.3106327056 , 10.02750
60.20 , 20.3106327056 , 10.03317
60.24 , 20.5278587341 , 10.03917
60.27 , 20.6364707946 , 10.04517
60.31 , 20.7450847625 , 10.05100
60.34 , 20.4192466735 , 10.05700
60.38 , 20.6364707946 , 10.06283
60.41 , 20.6364707946 , 10.06867
60.45 , 20.7450847625 , 10.07450
60.48 , 20.7450847625 , 10.08050
60.52 , 20.4192466735 , 10.08633
60.55 , 20.4192466735 , 10.09233
60.59 , 20.6364707946 , 10.09817
60.62 , 20.6364707946 , 10.10400
60.66 , 20.6364707946 , 10.10983
60.70 , 20.5278587341 , 10.11583
60.73 , 20.6364707946 , 10.12167
60.77 , 20.5278587341 , 10.12767
60.80 , 20.6364707946 , 10.13350
60.84 , 20.7450847625 , 10.13933
60.87 , 20.6364707946 , 10.14533
60.91 , 20.6364707946 , 10.15117
60.94 , 20.6364707946 , 10.15717
60.98 , 20.5278587341 , 10.16300
61.01 , 20.5278587341 , 10.16900
61.05 , 20.5278587341 , 10.17467
61.08 , 20.6364707946 , 10.18067
61.12 , 20.6364707946 , 10.18650
61.15 , 20.5278587341 , 10.19250
61.19 , 20.6364707946 , 10.19833
61.22 , 20.7450847625 , 10.20417
61.26 , 21.1795368194 , 10.21000
61.30 , 21.0709228515 , 10.21600
61.33 , 21.0709228515 , 10.22183
61.37 , 21.1795368194 , 10.22783
61.40 , 20.8536968231 , 10.23383
61.44 , 20.9623107910 , 10.23950
61.47 , 20.8536968231 , 10.24550
61.51 , 20.9623107910 , 10.25133
61.54 , 20.9623107910 , 10.25733
61.58 , 21.1795368194 , 10.26317
61.62 , 21.2881488800 , 10.26917
61.65 , 21.2881488800 , 10.27483
61.69 , 21.1795368194 , 10.28083
61.72 , 21.2881488800 , 10.28667
61.76 , 20.6364707946 , 10.29267
61.79 , 20.5278587341 , 10.29850
61.83 , 20.5278587341 , 10.30450
61.86 , 20.5278587341 , 10.31017
61.90 , 20.4192466735 , 10.31617
61.93 , 20.4192466735 , 10.32200
61.97 , 20.4192466735 , 10.32800
62.00 , 20.5278587341 , 10.33400
62.04 , 20.4192466735 , 10.33983
62.07 , 20.5278587341 , 10.34567
62.11 , 20.4192466735 , 10.35150
62.15 , 20.5278587341 , 10.35750
62.18 , 20.5278587341 , 10.36333
62.22 , 20.4192466735 , 10.36933
62.25 , 20.5278587341 , 10.37517
62.29 , 20.5278587341 , 10.38100
62.32 , 20.5278587341 , 10.38683
62.36 , 20.5278587341 , 10.39283
62.39 , 20.6364707946 , 10.39867
62.43 , 20.6364707946 , 10.40467
62.46 , 20.6364707946 , 10.41033
62.50 , 20.6364707946 , 10.41633
62.53 , 20.6364707946 , 10.42233
62.57 , 20.5278587341 , 10.42817
62.61 , 20.6364707946 , 10.43417
62.64 , 20.6364707946 , 10.44000
62.68 , 20.5278587341 , 10.44583
62.71 , 20.5278587341 , 10.45167
62.75 , 20.5278587341 , 10.45767
62.78 , 20.5278587341 , 10.46350
62.82 , 20.5278587341 , 10.46950
62.85 , 20.6364707946 , 10.47533
62.89 , 20.6364707946 , 10.48117
62.92 , 20.6364707946 , 10.48700
62.96 , 20.6364707946 , 10.49300
62.99 , 20.7450847625 , 10.49883
63.03 , 20.7450847625 , 10.50483
63.06 , 20.6364707946 , 10.51067
63.10 , 20.7450847625 , 10.51650
63.13 , 20.7450847625 , 10.52250
63.17 , 20.8536968231 , 10.52833
63.21 , 20.7450847625 , 10.53433
63.24 , 20.7450847625 , 10.54017
63.28 , 20.7450847625 , 10.54617
63.31 , 20.7450847625 , 10.55183
63.35 , 20.7450847625 , 10.55783
63.38 , 20.7450847625 , 10.56367
63.42 , 20.7450847625 , 10.56967
63.45 , 20.8536968231 , 10.57550
63.49 , 20.9623107910 , 10.58150
63.52 , 20.9623107910 , 10.58717
63.56 , 20.8536968231 , 10.59317
63.59 , 20.8536968231 , 10.59900
63.63 , 20.9623107910 , 10.60500
63.67 , 20.9623107910 , 10.61100
63.70 , 20.9623107910 , 10.61667
63.74 , 21.0709228515 , 10.62267
63.77 , 20.8536968231 , 10.62850
63.81 , 20.9623107910 , 10.63450
63.84 , 21.0709228515 , 10.64033
63.88 , 21.0709228515 , 10.64633
63.91 , 21.0709228515 , 10.65200
63.95 , 21.0709228515 , 10.65800
63.98 , 20.9623107910 , 10.66383
64.02 , 21.0709228515 , 10.66983
64.05 , 21.0709228515 , 10.67567
64.09 , 21.0709228515 , 10.68167
64.12 , 21.0709228515 , 10.68733
64.16 , 21.1795368194 , 10.69333
64.19 , 21.0709228515 , 10.69917
64.23 , 21.1795368194 , 10.70517
64.27 , 21.1795368194 , 10.71117
64.30 , 21.1795368194 , 10.71700
64.34 , 21.1795368194 , 10.72283
64.37 , 21.1795368194 , 10.72867
64.41 , 21.1795368194 , 10.73467
64.44 , 21.1795368194 , 10.74050
64.48 , 21.1795368194 , 10.74650
64.51 , 21.1795368194 , 10.75233
64.55 , 21.1795368194 , 10.75817
64.58 , 21.2881488800 , 10.76400
64.62 , 21.1795368194 , 10.77000
64.65 , 21.1795368194 , 10.77583
64.69 , 21.2881488800 , 10.78183
64.73 , 21.2881488800 , 10.78767
64.76 , 21.2881488800 , 10.79350
64.80 , 21.2881488800 , 10.79950
64.83 , 21.1795368194 , 10.80533
64.87 , 21.2881488800 , 10.81133
64.90 , 21.3967628479 , 10.81717
64.94 , 21.2881488800 , 10.82317
64.97 , 21.3967628479 , 10.82883
65.01 , 21.3967628479 , 10.83483
65.04 , 21.3967628479 , 10.84067
65.08 , 21.3967628479 , 10.84667
65.11 , 21.3967628479 , 10.85250
65.15 , 21.3967628479 , 10.85833
65.18 , 21.3967628479 , 10.86417
65.22 , 21.3967628479 , 10.87017
65.26 , 21.5053749084 , 10.87600
65.29 , 21.5053749084 , 10.88200
65.33 , 21.5053749084 , 10.88783
65.36 , 21.6139869689 , 10.89367
65.40 , 21.5053749084 , 10.89967
65.43 , 21.5053749084 , 10.90550
65.47 , 21.6139869689 , 10.91150
65.50 , 21.5053749084 , 10.91733
65.54 , 21.6139869689 , 10.92333
65.57 , 21.6139869689 , 10.92900
65.61 , 21.6139869689 , 10.93500
65.64 , 21.7226009368 , 10.94083
65.68 , 21.7226009368 , 10.94683
65.72 , 21.7226009368 , 10.95267
65.75 , 21.7226009368 , 10.95867
65.79 , 21.7226009368 , 10.96433
65.82 , 21.7226009368 , 10.97033
65.86 , 21.8312168121 , 10.97617
65.89 , 21.7226009368 , 10.98217
65.93 , 21.7226009368 , 10.98817
65.96 , 21.7226009368 , 10.99400
66.00 , 21.7226009368 , 10.99983
66.03 , 21.9398288726 , 11.00567
66.07 , 21.9398288726 , 11.01167
66.11 , 21.8312168121 , 11.01750
66.14 , 21.8312168121 , 11.02350
66.18 , 21.8312168121 , 11.02933
66.21 , 21.8312168121 , 11.03517
66.25 , 21.9398288726 , 11.04100
66.28 , 21.8312168121 , 11.04700
66.32 , 21.9398288726 , 11.05283
66.35 , 21.9398288726 , 11.05883
66.39 , 21.9398288726 , 11.06450
66.42 , 21.9398288726 , 11.07050
66.46 , 22.0484428405 , 11.07633
66.49 , 21.9398288726 , 11.08233
66.53 , 21.9398288726 , 11.08833
66.56 , 22.0484428405 , 11.09417
66.60 , 22.0484428405 , 11.10000
66.63 , 21.9398288726 , 11.10583
66.67 , 22.0484428405 , 11.11183
66.71 , 22.0484428405 , 11.11767
66.74 , 22.0484428405 , 11.12367
66.78 , 22.0484428405 , 11.12950
66.81 , 22.0484428405 , 11.13533
66.85 , 22.0484428405 , 11.14117
66.88 , 22.1570549011 , 11.14717
66.92 , 22.0484428405 , 11.15300
66.95 , 22.1570549011 , 11.15900
66.99 , 22.0484428405 , 11.16483
67.02 , 22.1570549011 , 11.17067
67.06 , 22.1570549011 , 11.17667
67.09 , 22.1570549011 , 11.18250
67.13 , 22.1570549011 , 11.18850
67.17 , 22.1570549011 , 11.19433
67.20 , 22.2656669616 , 11.20033
67.24 , 22.2656669616 , 11.20600
67.27 , 22.2656669616 , 11.21200
67.31 , 22.1570549011 , 11.21783
67.34 , 22.3742790222 , 11.22383
67.38 , 22.2656669616 , 11.22967
67.41 , 22.3742790222 , 11.23567
67.45 , 22.2656669616 , 11.24133
67.48 , 22.3742790222 , 11.24733
67.52 , 22.3742790222 , 11.25317
67.55 , 22.3742790222 , 11.25917
67.59 , 22.4828929901 , 11.26500
67.62 , 22.4828929901 , 11.27083
67.66 , 22.4828929901 , 11.27683
67.70 , 22.4828929901 , 11.28267
67.73 , 22.4828929901 , 11.28867
67.77 , 22.4828929901 , 11.29450
67.80 , 22.4828929901 , 11.30050
67.84 , 22.4828929901 , 11.30617
67.87 , 22.5915050506 , 11.31217
67.91 , 22.4828929901 , 11.31800
67.94 , 22.4828929901 , 11.32400
67.98 , 22.4828929901 , 11.32983
68.01 , 22.5915050506 , 11.33583
68.05 , 22.5915050506 , 11.34150
68.08 , 22.5915050506 , 11.34750
68.12 , 22.5915050506 , 11.35333
68.16 , 22.5915050506 , 11.35933
68.19 , 22.5915050506 , 11.36533
68.23 , 22.7001190185 , 11.37117
68.26 , 22.5915050506 , 11.37700
68.30 , 22.7001190185 , 11.38283
68.33 , 22.7001190185 , 11.38883
68.37 , 22.7001190185 , 11.39467
68.40 , 22.7001190185 , 11.40067
68.44 , 22.7001190185 , 11.40650
68.47 , 22.7001190185 , 11.41233
68.51 , 22.8087310791 , 11.41817
68.54 , 22.7001190185 , 11.42417
68.58 , 22.8087310791 , 11.43000
68.62 , 22.8087310791 , 11.43600
68.65 , 22.9173431396 , 11.44183
68.69 , 22.9173431396 , 11.44767
68.72 , 22.9173431396 , 11.45350
68.76 , 23.0259571075 , 11.45950
68.79 , 22.8087310791 , 11.46550
68.83 , 22.9173431396 , 11.47133
68.86 , 22.8087310791 , 11.47733
68.90 , 22.9173431396 , 11.48300
68.93 , 22.9173431396 , 11.48900
68.97 , 22.9173431396 , 11.49483
69.00 , 23.0259571075 , 11.50083
69.04 , 22.9173431396 , 11.50667
69.07 , 22.9173431396 , 11.51250
69.11 , 23.0259571075 , 11.51833
69.15 , 23.0259571075 , 11.52433
69.18 , 23.0259571075 , 11.53017
69.22 , 23.0259571075 , 11.53617
69.25 , 23.0259571075 , 11.54200
69.29 , 23.0259571075 , 11.54783
69.32 , 23.0259571075 , 11.55383
69.36 , 23.0259571075 , 11.55967
69.39 , 23.1345691680 , 11.56567
69.43 , 23.1345691680 , 11.57150
69.46 , 23.1345691680 , 11.57750
69.50 , 23.1345691680 , 11.58317
69.54 , 23.1345691680 , 11.58917
69.57 , 23.1345691680 , 11.59500
69.61 , 23.1345691680 , 11.60100
69.64 , 23.2431831359 , 11.60683
69.68 , 23.1345691680 , 11.61283
69.71 , 23.1345691680 , 11.61850
69.75 , 23.2431831359 , 11.62450
69.78 , 23.2431831359 , 11.63033
69.82 , 23.2431831359 , 11.63633
69.85 , 23.2431831359 , 11.64217
69.89 , 23.2431831359 , 11.64817
69.92 , 23.2431831359 , 11.65400
69.96 , 23.3517951965 , 11.65983
70.00 , 23.2431831359 , 11.66583
70.03 , 23.3517951965 , 11.67167
70.07 , 23.3517951965 , 11.67767
70.10 , 23.3517951965 , 11.68333
70.14 , 23.3517951965 , 11.68933
70.17 , 23.4604091644 , 11.69517
70.21 , 23.3517951965 , 11.70117
70.24 , 23.4604091644 , 11.70700
70.28 , 23.4604091644 , 11.71300
70.31 , 23.4604091644 , 11.71867
70.35 , 23.4604091644 , 11.72467
70.38 , 23.4604091644 , 11.73050
70.42 , 23.4604091644 , 11.73650
70.45 , 23.4604091644 , 11.74250
70.49 , 23.5690212249 , 11.74833
70.52 , 23.4604091644 , 11.75417
70.56 , 23.5690212249 , 11.76000
70.60 , 23.4604091644 , 11.76600
70.63 , 23.6776351928 , 11.77183
70.67 , 23.5690212249 , 11.77783
70.70 , 23.6776351928 , 11.78367
70.74 , 23.6776351928 , 11.78950
70.77 , 23.5690212249 , 11.79533
70.81 , 23.6776351928 , 11.80133
70.84 , 23.6776351928 , 11.80717
70.88 , 23.6776351928 , 11.81317
70.91 , 23.7862472534 , 11.81900
70.95 , 23.6776351928 , 11.82483
70.98 , 23.6776351928 , 11.83067
71.02 , 23.6776351928 , 11.83667
71.06 , 23.7862472534 , 11.84267
71.09 , 23.7862472534 , 11.84850
71.13 , 23.7862472534 , 11.85450
71.16 , 23.7862472534 , 11.86017
71.20 , 23.7862472534 , 11.86617
71.23 , 23.7862472534 , 11.87200
71.27 , 23.7862472534 , 11.87800
71.30 , 23.7862472534 , 11.88383
71.34 , 23.8948593139 , 11.88983
71.37 , 23.8948593139 , 11.89550
71.41 , 23.8948593139 , 11.90150
71.44 , 23.8948593139 , 11.90733
71.48 , 23.8948593139 , 11.91333
71.51 , 23.8948593139 , 11.91917
71.55 , 23.8948593139 , 11.92500
71.59 , 23.8948593139 , 11.93100
71.62 , 24.0034732818 , 11.93683
71.66 , 24.0034732818 , 11.94283
71.69 , 24.0034732818 , 11.94867
71.73 , 23.8948593139 , 11.95467
71.76 , 24.0034732818 , 11.96033
71.80 , 24.0034732818 , 11.96633
71.83 , 23.8948593139 , 11.97217
71.87 , 24.0034732818 , 11.97817
71.90 , 24.0034732818 , 11.98400
71.94 , 24.0034732818 , 11.99000
71.97 , 24.0034732818 , 11.99567
72.01 , 24.0034732818 , 12.00167
72.04 , 24.0034732818 , 12.00750
72.08 , 24.1120853424 , 12.01350
72.12 , 24.1120853424 , 12.01933
72.15 , 24.1120853424 , 12.02533
72.19 , 24.1120853424 , 12.03117
72.22 , 24.2206993103 , 12.03700
72.26 , 24.2206993103 , 12.04300
72.29 , 24.2206993103 , 12.04883
72.33 , 24.1120853424 , 12.05483
72.36 , 24.2206993103 , 12.06067
72.40 , 24.2206993103 , 12.06650
72.43 , 24.3293113708 , 12.07233
72.47 , 24.2206993103 , 12.07833
72.50 , 24.2206993103 , 12.08417
72.54 , 24.3293113708 , 12.09017
72.58 , 24.2206993103 , 12.09600
72.61 , 24.3293113708 , 12.10183
72.65 , 24.3293113708 , 12.10767
72.68 , 24.3293113708 , 12.11367
72.72 , 24.3293113708 , 12.11967
72.75 , 24.4379253387 , 12.12550
72.79 , 24.3293113708 , 12.13133
72.82 , 24.3293113708 , 12.13717
72.86 , 24.4379253387 , 12.14317
72.89 , 24.4379253387 , 12.14900
72.93 , 24.3293113708 , 12.15500
72.96 , 24.4379253387 , 12.16083
73.00 , 24.4379253387 , 12.16667
73.04 , 24.4379253387 , 12.17250
73.07 , 24.5465431213 , 12.17850
73.11 , 24.5465431213 , 12.18433
73.14 , 24.5465431213 , 12.19033
73.18 , 24.5465431213 , 12.19617
73.21 , 24.4379253387 , 12.20200
73.25 , 24.6551551818 , 12.20783
73.28 , 24.4379253387 , 12.21383
73.32 , 24.4379253387 , 12.21983
73.35 , 24.5465431213 , 12.22567
73.39 , 24.5465431213 , 12.23167
73.42 , 24.5465431213 , 12.23733
73.46 , 24.6551551818 , 12.24333
73.50 , 24.6551551818 , 12.24917
73.53 , 24.5465431213 , 12.25517
73.57 , 24.6551551818 , 12.26100
73.60 , 24.6551551818 , 12.26700
73.64 , 24.6551551818 , 12.27267
73.67 , 24.6551551818 , 12.27867
73.71 , 24.6551551818 , 12.28450
73.74 , 24.6551551818 , 12.29050
73.78 , 24.7637691497 , 12.29633
73.81 , 24.7637691497 , 12.30233
73.85 , 24.6551551818 , 12.30817
73.88 , 24.7637691497 , 12.31400
73.92 , 24.7637691497 , 12.32000
73.95 , 24.6551551818 , 12.32583
73.99 , 24.7637691497 , 12.33183
74.02 , 24.8723812103 , 12.33750
74.06 , 24.7637691497 , 12.34350
74.10 , 24.8723812103 , 12.34933
74.13 , 24.7637691497 , 12.35533
74.17 , 24.7637691497 , 12.36117
74.20 , 24.8723812103 , 12.36717
74.24 , 24.8723812103 , 12.37283
74.27 , 24.8723812103 , 12.37883
74.31 , 24.8723812103 , 12.38467
74.34 , 24.8723812103 , 12.39067
74.38 , 24.8723812103 , 12.39650
74.41 , 24.9809951782 , 12.40250
74.45 , 24.8723812103 , 12.40833
74.48 , 24.8723812103 , 12.41417
74.52 , 24.9809951782 , 12.42017
74.56 , 24.9809951782 , 12.42600
74.59 , 24.9809951782 , 12.43200
74.63 , 25.0896072387 , 12.43783
74.66 , 24.9809951782 , 12.44367
74.70 , 25.0896072387 , 12.44950
74.73 , 25.0896072387 , 12.45550
74.77 , 24.9809951782 , 12.46133
74.80 , 25.0896072387 , 12.46733
74.84 , 25.0896072387 , 12.47317
74.87 , 25.0896072387 , 12.47900
74.91 , 25.0896072387 , 12.48483
74.94 , 25.0896072387 , 12.49083
74.98 , 25.0896072387 , 12.49683
75.02 , 25.0896072387 , 12.50267
75.05 , 25.1982192993 , 12.50867
75.09 , 25.1982192993 , 12.51433
75.12 , 25.1982192993 , 12.52033
75.16 , 25.1982192993 , 12.52617
75.19 , 25.1982192993 , 12.53217
75.23 , 25.1982192993 , 12.53800
75.26 , 25.1982192993 , 12.54400
75.30 , 25.3068332672 , 12.54967
75.33 , 25.3068332672 , 12.55567
75.37 , 25.3068332672 , 12.56150
75.40 , 25.3068332672 , 12.56750
75.44 , 25.3068332672 , 12.57333
75.47 , 25.4154453277 , 12.57917
75.51 , 25.4154453277 , 12.58500
75.55 , 25.4154453277 , 12.59100
75.58 , 25.4154453277 , 12.59700
75.62 , 25.4154453277 , 12.60283
75.65 , 25.5240592956 , 12.60883
75.69 , 25.4154453277 , 12.61450
75.72 , 25.4154453277 , 12.62050
75.76 , 25.4154453277 , 12.62633
75.79 , 25.5240592956 , 12.63233
75.83 , 25.4154453277 , 12.63817
75.86 , 25.4154453277 , 12.64417
75.90 , 25.5240592956 , 12.64983
75.93 , 25.5240592956 , 12.65583
75.97 , 25.5240592956 , 12.66167
76.01 , 25.5240592956 , 12.66767
76.04 , 25.4154453277 , 12.67350
76.08 , 25.5240592956 , 12.67950
76.11 , 25.6326713562 , 12.68533
76.15 , 25.5240592956 , 12.69117
76.18 , 25.6326713562 , 12.69717
76.22 , 25.6326713562 , 12.70300
76.25 , 25.6326713562 , 12.70900
76.29 , 25.6326713562 , 12.71483
76.32 , 25.6326713562 , 12.72067
76.36 , 25.7412853240 , 12.72650
76.39 , 25.7412853240 , 12.73250
76.43 , 25.6326713562 , 12.73833
76.47 , 25.6326713562 , 12.74433
76.50 , 25.6326713562 , 12.75000
76.54 , 25.6326713562 , 12.75600
76.57 , 25.7412853240 , 12.76183
76.61 , 25.6326713562 , 12.76783
76.64 , 25.7412853240 , 12.77367
76.68 , 25.7412853240 , 12.77967
76.71 , 25.8498973846 , 12.78550
76.75 , 25.7412853240 , 12.79133
76.78 , 25.7412853240 , 12.79733
76.82 , 25.7412853240 , 12.80317
76.86 , 25.8498973846 , 12.80917
76.89 , 25.7412853240 , 12.81500
76.93 , 25.8498973846 , 12.82083
76.96 , 25.8498973846 , 12.82667
77.00 , 25.9585113525 , 12.83267
77.03 , 25.8498973846 , 12.83850
77.07 , 25.8498973846 , 12.84450
77.10 , 25.9585113525 , 12.85033
77.14 , 25.9585113525 , 12.85617
77.17 , 25.9585113525 , 12.86200
77.21 , 25.9585113525 , 12.86800
77.24 , 25.9585113525 , 12.87400
77.28 , 25.9585113525 , 12.87983
77.31 , 26.0671234130 , 12.88583
77.35 , 26.0671234130 , 12.89150
77.38 , 25.9585113525 , 12.89750
77.42 , 26.0671234130 , 12.90333
77.46 , 26.0671234130 , 12.90933
77.49 , 26.0671234130 , 12.91517
77.53 , 26.0671234130 , 12.92117
77.56 , 26.0671234130 , 12.92683
77.60 , 26.0671234130 , 12.93283
77.63 , 26.1757354736 , 12.93867
77.67 , 26.1757354736 , 12.94467
77.70 , 26.1757354736 , 12.95050
77.74 , 26.1757354736 , 12.95650
77.77 , 26.1757354736 , 12.96217
77.81 , 26.1757354736 , 12.96817
77.84 , 26.1757354736 , 12.97417
77.88 , 26.2843494415 , 12.98000
77.92 , 26.1757354736 , 12.98600
77.95 , 26.2843494415 , 12.99167
77.99 , 26.2843494415 , 12.99767
78.02 , 26.2843494415 , 13.00350
78.06 , 26.3929615020 , 13.00950
78.09 , 26.3929615020 , 13.01533
78.13 , 26.2843494415 , 13.02133
78.16 , 26.3929615020 , 13.02700
78.20 , 26.3929615020 , 13.03300
78.23 , 26.3929615020 , 13.03883
78.27 , 26.3929615020 , 13.04483
78.30 , 26.2843494415 , 13.05067
78.34 , 26.3929615020 , 13.05667
78.37 , 26.3929615020 , 13.06250
78.41 , 26.3929615020 , 13.06833
78.45 , 26.3929615020 , 13.07433
78.48 , 26.5015754699 , 13.08017
78.52 , 26.5015754699 , 13.08617
78.55 , 26.5015754699 , 13.09200
78.59 , 26.5015754699 , 13.09783
78.62 , 26.5015754699 , 13.10367
78.66 , 26.5015754699 , 13.10967
78.69 , 26.5015754699 , 13.11550
78.73 , 26.5015754699 , 13.12150
78.76 , 26.5015754699 , 13.12733
78.80 , 26.6101875305 , 13.13317
78.83 , 26.6101875305 , 13.13900
78.87 , 26.5015754699 , 13.14500
78.90 , 26.5015754699 , 13.15083
78.94 , 26.6101875305 , 13.15683
78.98 , 26.6101875305 , 13.16283
79.01 , 26.6101875305 , 13.16850
79.05 , 26.7188014984 , 13.17450
79.08 , 26.6101875305 , 13.18033
79.12 , 26.6101875305 , 13.18633
79.15 , 26.6101875305 , 13.19217
79.19 , 26.7188014984 , 13.19800
79.22 , 26.7188014984 , 13.20383
79.26 , 26.7188014984 , 13.20983
79.29 , 26.7188014984 , 13.21567
79.33 , 26.8274135589 , 13.22167
79.36 , 26.7188014984 , 13.22750
79.40 , 26.7188014984 , 13.23333
79.43 , 26.8274135589 , 13.23917
79.47 , 26.8274135589 , 13.24517
79.51 , 26.8274135589 , 13.25117
79.54 , 26.8274135589 , 13.25700
79.58 , 26.8274135589 , 13.26300
79.61 , 26.8274135589 , 13.26867
79.65 , 26.8274135589 , 13.27467
79.68 , 26.9360275268 , 13.28050
79.72 , 26.8274135589 , 13.28650
79.75 , 26.9360275268 , 13.29233
79.79 , 26.9360275268 , 13.29833
79.82 , 26.9360275268 , 13.30400
79.86 , 26.9360275268 , 13.31000
79.89 , 26.9360275268 , 13.31583
79.93 , 26.9360275268 , 13.32183
79.97 , 26.9360275268 , 13.32767
80.00 , 26.9360275268 , 13.33367
80.04 , 27.0446395874 , 13.33933
80.07 , 26.9360275268 , 13.34533
80.11 , 27.0446395874 , 13.35133
80.14 , 27.1532516479 , 13.35717
80.18 , 27.0446395874 , 13.36317
80.21 , 27.0446395874 , 13.36900
80.25 , 27.1532516479 , 13.37483
80.28 , 27.1532516479 , 13.38067
80.32 , 27.0446395874 , 13.38667
80.36 , 27.1532516479 , 13.39250
80.39 , 27.1532516479 , 13.39850
80.43 , 27.1532516479 , 13.40417
80.46 , 27.1532516479 , 13.41017
80.50 , 27.1532516479 , 13.41600
80.53 , 27.2618656158 , 13.42200
80.57 , 27.1532516479 , 13.42783
80.60 , 27.1532516479 , 13.43383
80.64 , 27.2618656158 , 13.43967
80.67 , 27.2618656158 , 13.44550
80.71 , 27.1532516479 , 13.45150
80.74 , 27.3704776763 , 13.45733
80.78 , 27.2618656158 , 13.46333
80.81 , 27.2618656158 , 13.46917
80.85 , 27.2618656158 , 13.47500
80.88 , 27.2618656158 , 13.48083
80.92 , 27.2618656158 , 13.48683
80.96 , 27.3704776763 , 13.49267
80.99 , 27.3704776763 , 13.49867
81.03 , 27.2618656158 , 13.50450
81.06 , 27.3704776763 , 13.51033
81.10 , 27.3704776763 , 13.51617
81.13 , 27.4790916442 , 13.52217
81.17 , 27.3704776763 , 13.52800
81.20 , 27.3704776763 , 13.53400
81.24 , 27.4790916442 , 13.54000
81.27 , 27.3704776763 , 13.54567
81.31 , 27.4790916442 , 13.55167
81.34 , 27.3704776763 , 13.55750
81.38 , 27.4790916442 , 13.56350
81.42 , 27.3704776763 , 13.56933
81.45 , 27.4790916442 , 13.57533
81.49 , 27.4790916442 , 13.58100
81.52 , 27.4790916442 , 13.58700
81.56 , 27.4790916442 , 13.59283
81.59 , 27.4790916442 , 13.59883
81.63 , 27.5877037048 , 13.60467
81.66 , 27.4790916442 , 13.61067
81.70 , 27.5877037048 , 13.61633
81.73 , 27.5877037048 , 13.62233
81.77 , 27.5877037048 , 13.62833
81.80 , 27.5877037048 , 13.63417
81.84 , 27.5877037048 , 13.64017
81.87 , 27.6963176727 , 13.64583
81.91 , 27.6963176727 , 13.65183
81.95 , 27.6963176727 , 13.65767
81.98 , 27.6963176727 , 13.66367
82.02 , 27.6963176727 , 13.66950
82.05 , 27.6963176727 , 13.67550
82.09 , 27.8049297332 , 13.68117
82.12 , 27.8049297332 , 13.68717
82.16 , 27.6963176727 , 13.69300
82.19 , 27.8049297332 , 13.69900
82.23 , 27.8049297332 , 13.70483
82.26 , 27.8049297332 , 13.71083
82.30 , 27.8049297332 , 13.71650
82.33 , 27.8049297332 , 13.72250
82.37 , 27.8049297332 , 13.72850
82.41 , 27.8049297332 , 13.73433
82.44 , 27.9135437011 , 13.74033
82.48 , 27.9135437011 , 13.74617
82.51 , 27.8049297332 , 13.75200
82.55 , 27.8049297332 , 13.75783
82.58 , 27.9135437011 , 13.76383
82.62 , 27.9135437011 , 13.76967
82.65 , 27.9135437011 , 13.77567
82.69 , 27.9135437011 , 13.78150
82.72 , 28.0221557617 , 13.78733
82.76 , 27.9135437011 , 13.79317
82.79 , 28.0221557617 , 13.79917
82.83 , 28.0221557617 , 13.80500
82.87 , 28.0221557617 , 13.81100
82.90 , 28.0221557617 , 13.81700
82.94 , 28.0221557617 , 13.82267
82.97 , 28.0221557617 , 13.82867
83.01 , 28.1307678222 , 13.83450
83.04 , 28.0221557617 , 13.84050
83.08 , 28.0221557617 , 13.84633
83.11 , 28.1307678222 , 13.85217
83.15 , 28.1307678222 , 13.85800
83.18 , 28.1307678222 , 13.86400
83.22 , 28.1307678222 , 13.86983
83.25 , 28.2393817901 , 13.87583
83.29 , 28.1307678222 , 13.88167
83.32 , 28.1307678222 , 13.88750
83.36 , 28.1307678222 , 13.89333
83.40 , 28.1307678222 , 13.89933
83.43 , 28.1307678222 , 13.90517
83.47 , 28.2393817901 , 13.91117
83.50 , 28.2393817901 , 13.91717
83.54 , 28.2393817901 , 13.92283
83.57 , 28.2393817901 , 13.92883
83.61 , 28.2393817901 , 13.93467
83.64 , 28.2393817901 , 13.94067
83.68 , 28.3479938507 , 13.94650
83.71 , 28.2393817901 , 13.95250
83.75 , 28.2393817901 , 13.95817
83.79 , 28.2393817901 , 13.96417
83.82 , 28.2393817901 , 13.97000
83.86 , 28.3479938507 , 13.97600
83.89 , 28.3479938507 , 13.98183
83.93 , 28.2393817901 , 13.98783
83.96 , 28.2393817901 , 13.99350
84.00 , 28.4566078186 , 13.99950
84.03 , 28.3479938507 , 14.00550
84.07 , 28.4566078186 , 14.01133
84.10 , 28.4566078186 , 14.01733
84.14 , 28.4566078186 , 14.02317
84.17 , 28.4566078186 , 14.02900
84.21 , 28.4566078186 , 14.03483
84.25 , 28.3479938507 , 14.04083
84.28 , 28.4566078186 , 14.04667
84.32 , 28.4566078186 , 14.05267
84.35 , 28.5652198791 , 14.05833
84.39 , 28.5652198791 , 14.06433
84.42 , 28.4566078186 , 14.07017
84.46 , 28.4566078186 , 14.07617
84.49 , 28.5652198791 , 14.08200
84.53 , 28.5652198791 , 14.08800
84.56 , 28.4566078186 , 14.09367
84.60 , 28.5652198791 , 14.09967
84.63 , 28.5652198791 , 14.10567
84.67 , 28.6738338470 , 14.11150
84.70 , 28.5652198791 , 14.11750
84.74 , 28.6738338470 , 14.12333
84.77 , 28.5652198791 , 14.12917
84.81 , 28.6738338470 , 14.13500
84.85 , 28.6738338470 , 14.14100
84.88 , 28.6738338470 , 14.14683
84.92 , 28.6738338470 , 14.15283
84.95 , 28.6738338470 , 14.15867
84.99 , 28.6738338470 , 14.16450
85.02 , 28.7824459075 , 14.17033
85.06 , 28.6738338470 , 14.17633
85.09 , 28.7824459075 , 14.18217
85.13 , 28.7824459075 , 14.18817
85.16 , 28.8910598754 , 14.19417
85.20 , 28.8910598754 , 14.19983
85.23 , 28.8910598754 , 14.20583
85.27 , 28.7824459075 , 14.21167
85.31 , 28.8910598754 , 14.21767
85.34 , 28.8910598754 , 14.22350
85.38 , 28.7824459075 , 14.22950
85.41 , 28.8910598754 , 14.23517
85.45 , 28.8910598754 , 14.24117
85.48 , 28.9996719360 , 14.24700
85.52 , 28.8910598754 , 14.25300
85.55 , 28.8910598754 , 14.25883
85.59 , 28.8910598754 , 14.26467
85.62 , 28.9996719360 , 14.27050
85.66 , 28.9996719360 , 14.27650
85.69 , 28.9996719360 , 14.28233
85.73 , 28.9996719360 , 14.28833
85.77 , 28.9996719360 , 14.29433
85.80 , 28.9996719360 , 14.30000
85.84 , 28.9996719360 , 14.30600
85.87 , 28.9996719360 , 14.31183
85.91 , 28.9996719360 , 14.31783
85.94 , 28.9996719360 , 14.32367
85.98 , 29.1082839965 , 14.32967
86.01 , 29.1082839965 , 14.33533
86.05 , 29.1082839965 , 14.34133
86.08 , 28.9996719360 , 14.34717
86.12 , 29.1082839965 , 14.35317
86.15 , 29.1082839965 , 14.35900
86.19 , 29.1082839965 , 14.36500
86.22 , 29.1082839965 , 14.37067
86.26 , 29.1082839965 , 14.37667
86.30 , 29.2168979644 , 14.38267
86.33 , 29.2168979644 , 14.38850
86.37 , 29.2168979644 , 14.39450
86.40 , 29.2168979644 , 14.40033
86.44 , 29.2168979644 , 14.40617
86.47 , 29.2168979644 , 14.41200
86.51 , 29.3255100250 , 14.41800
86.54 , 29.2168979644 , 14.42383
86.58 , 29.2168979644 , 14.42983
86.61 , 29.2168979644 , 14.43567
86.65 , 29.2168979644 , 14.44150
86.68 , 29.2168979644 , 14.44733
86.72 , 29.3255100250 , 14.45333
86.75 , 29.3255100250 , 14.45917
86.79 , 29.3255100250 , 14.46517
86.82 , 29.3255100250 , 14.47083
86.86 , 29.3255100250 , 14.47683
86.90 , 29.4341239929 , 14.48283
86.93 , 29.3255100250 , 14.48867
86.97 , 29.4341239929 , 14.49467
87.00 , 29.4341239929 , 14.50050
87.04 , 29.4341239929 , 14.50633
87.07 , 29.4341239929 , 14.51217
87.11 , 29.4341239929 , 14.51817
87.14 , 29.4341239929 , 14.52400
87.18 , 29.4341239929 , 14.53000
87.21 , 29.5427360534 , 14.53583
87.25 , 29.5427360534 , 14.54167
87.29 , 29.5427360534 , 14.54750
87.32 , 29.5427360534 , 14.55350
87.36 , 29.5427360534 , 14.55933
87.39 , 29.5427360534 , 14.56533
87.43 , 29.5427360534 , 14.57133
87.46 , 29.5427360534 , 14.57700
87.50 , 29.5427360534 , 14.58300
87.53 , 29.5427360534 , 14.58883
87.57 , 29.6513500213 , 14.59483
87.60 , 29.5427360534 , 14.60067
87.64 , 29.5427360534 , 14.60667
87.67 , 29.5427360534 , 14.61233
87.71 , 29.6513500213 , 14.61833
87.75 , 29.6513500213 , 14.62417
87.78 , 29.7599620819 , 14.63017
87.82 , 29.6513500213 , 14.63600
87.85 , 29.6513500213 , 14.64200
87.89 , 29.6513500213 , 14.64767
87.92 , 29.6513500213 , 14.65367
87.96 , 29.6513500213 , 14.65950
87.99 , 29.7599620819 , 14.66550
88.03 , 29.7599620819 , 14.67150
88.06 , 29.7599620819 , 14.67733
88.10 , 29.7599620819 , 14.68317
88.13 , 29.7599620819 , 14.68900
88.17 , 29.7599620819 , 14.69500
88.20 , 29.8685741424 , 14.70083
88.24 , 29.8685741424 , 14.70683
88.27 , 29.8685741424 , 14.71250
88.31 , 29.8685741424 , 14.71850
88.35 , 29.8685741424 , 14.72433
88.38 , 29.8685741424 , 14.73033
88.42 , 29.8685741424 , 14.73617
88.45 , 29.8685741424 , 14.74217
88.49 , 29.9771881103 , 14.74783
88.52 , 29.9771881103 , 14.75383
88.56 , 29.8685741424 , 14.75983
88.59 , 29.8685741424 , 14.76567
88.63 , 29.9771881103 , 14.77167
88.66 , 29.9771881103 , 14.77750
88.70 , 29.9771881103 , 14.78333
88.73 , 29.9771881103 , 14.78917
88.77 , 29.9771881103 , 14.79517
88.81 , 29.9771881103 , 14.80100
88.84 , 30.0858058929 , 14.80700
88.88 , 30.0858058929 , 14.81283
88.91 , 30.0858058929 , 14.81867
88.95 , 30.0858058929 , 14.82450
88.98 , 30.0858058929 , 14.83050
89.02 , 30.0858058929 , 14.83633
89.05 , 30.0858058929 , 14.84233
89.09 , 30.0858058929 , 14.84817
89.12 , 30.0858058929 , 14.85400
89.16 , 30.1944198608 , 14.86000
89.19 , 30.1944198608 , 14.86583
89.23 , 30.1944198608 , 14.87183
89.27 , 30.1944198608 , 14.87767
89.30 , 30.1944198608 , 14.88367
89.34 , 30.1944198608 , 14.88933
89.37 , 30.1944198608 , 14.89533
89.41 , 30.1944198608 , 14.90117
89.44 , 30.1944198608 , 14.90717
89.48 , 30.3030319213 , 14.91300
89.51 , 30.3030319213 , 14.91883
89.55 , 30.3030319213 , 14.92467
89.58 , 30.3030319213 , 14.93067
89.62 , 30.4116439819 , 14.93650
89.65 , 30.3030319213 , 14.94250
89.69 , 30.4116439819 , 14.94850
89.72 , 30.4116439819 , 14.95417
89.76 , 30.4116439819 , 14.96017
89.80 , 30.4116439819 , 14.96600
89.83 , 30.4116439819 , 14.97200
89.87 , 30.4116439819 , 14.97783
89.90 , 30.4116439819 , 14.98383
89.94 , 30.4116439819 , 14.98950
89.97 , 30.4116439819 , 14.99550
90.01 , 30.4116439819 , 15.00133
90.04 , 30.5202579498 , 15.00733
90.08 , 30.5202579498 , 15.01317
90.11 , 30.5202579498 , 15.01917
90.15 , 30.5202579498 , 15.02483
90.18 , 30.5202579498 , 15.03083
90.22 , 30.5202579498 , 15.03667
90.26 , 30.5202579498 , 15.04267
90.29 , 30.5202579498 , 15.04867
90.33 , 30.5202579498 , 15.05450
90.36 , 30.5202579498 , 15.06033
90.40 , 30.6288700103 , 15.06617
90.43 , 30.5202579498 , 15.07217
90.47 , 30.6288700103 , 15.07800
90.50 , 30.6288700103 , 15.08400
90.54 , 30.6288700103 , 15.08983
90.57 , 30.6288700103 , 15.09567
90.61 , 30.6288700103 , 15.10150
90.64 , 30.6288700103 , 15.10750
90.68 , 30.6288700103 , 15.11333
90.72 , 30.6288700103 , 15.11933
90.75 , 30.6288700103 , 15.12500
90.79 , 30.6288700103 , 15.13100
90.82 , 30.6288700103 , 15.13700
90.86 , 30.6288700103 , 15.14283
90.89 , 30.7374839782 , 15.14883
90.93 , 30.7374839782 , 15.15467
90.96 , 30.6288700103 , 15.16050
91.00 , 30.7374839782 , 15.16633
91.03 , 30.6288700103 , 15.17233
91.07 , 30.8460960388 , 15.17817
91.11 , 30.8460960388 , 15.18417
91.14 , 30.8460960388 , 15.19000
91.18 , 30.7374839782 , 15.19583
91.21 , 30.7374839782 , 15.20167
91.25 , 30.8460960388 , 15.20767
91.28 , 30.8460960388 , 15.21350
91.32 , 30.8460960388 , 15.21950
91.35 , 30.8460960388 , 15.22533
91.39 , 30.8460960388 , 15.23117
91.42 , 30.8460960388 , 15.23717
91.46 , 30.8460960388 , 15.24300
91.49 , 30.8460960388 , 15.24900
91.53 , 30.8460960388 , 15.25483
91.56 , 30.9547100067 , 15.26083
91.60 , 31.0633220672 , 15.26650
91.63 , 30.9547100067 , 15.27250
91.67 , 30.9547100067 , 15.27833
91.71 , 30.9547100067 , 15.28433
91.74 , 31.0633220672 , 15.29017
91.78 , 31.0633220672 , 15.29617
91.81 , 30.9547100067 , 15.30183
91.85 , 31.0633220672 , 15.30783
91.88 , 30.9547100067 , 15.31367
91.92 , 31.0633220672 , 15.31967
91.95 , 31.0633220672 , 15.32567
91.99 , 31.0633220672 , 15.33133
92.02 , 31.1719360351 , 15.33733
92.06 , 31.1719360351 , 15.34317
92.09 , 31.0633220672 , 15.34917
92.13 , 31.0633220672 , 15.35500
92.17 , 31.0633220672 , 15.36100
92.20 , 31.1719360351 , 15.36667
92.24 , 31.1719360351 , 15.37267
92.27 , 31.2805480957 , 15.37850
92.31 , 31.1719360351 , 15.38450
92.34 , 31.2805480957 , 15.39033
92.38 , 31.1719360351 , 15.39633
92.41 , 31.1719360351 , 15.40200
92.45 , 31.1719360351 , 15.40800
92.48 , 31.1719360351 , 15.41383
92.52 , 31.2805480957 , 15.41983
92.55 , 31.2805480957 , 15.42583
92.59 , 31.2805480957 , 15.43167
92.62 , 31.3891601562 , 15.43750
92.66 , 31.2805480957 , 15.44333
92.70 , 31.2805480957 , 15.44933
92.73 , 31.2805480957 , 15.45517
92.77 , 31.2805480957 , 15.46117
92.80 , 31.2805480957 , 15.46700
92.84 , 31.2805480957 , 15.47283
92.87 , 31.2805480957 , 15.47867
92.91 , 31.3891601562 , 15.48467
92.94 , 31.3891601562 , 15.49050
92.98 , 31.3891601562 , 15.49650
93.01 , 31.3891601562 , 15.50233
93.05 , 31.3891601562 , 15.50817
93.08 , 31.3891601562 , 15.51417
93.12 , 31.4977741241 , 15.52000
93.16 , 31.4977741241 , 15.52600
93.19 , 31.4977741241 , 15.53183
93.23 , 31.4977741241 , 15.53783
93.26 , 31.3891601562 , 15.54350
93.30 , 31.4977741241 , 15.54950
93.33 , 31.4977741241 , 15.55533
93.37 , 31.4977741241 , 15.56133
93.40 , 31.4977741241 , 15.56717
93.44 , 31.4977741241 , 15.57300
93.47 , 31.4977741241 , 15.57883
93.51 , 31.4977741241 , 15.58483
93.54 , 31.4977741241 , 15.59067
93.58 , 31.6063861846 , 15.59667
93.61 , 31.7150001525 , 15.60250
93.65 , 31.6063861846 , 15.60833
93.69 , 31.6063861846 , 15.61433
93.72 , 31.6063861846 , 15.62017
93.76 , 31.6063861846 , 15.62617
93.79 , 31.6063861846 , 15.63200
93.83 , 31.7150001525 , 15.63800
93.86 , 31.7150001525 , 15.64367
93.90 , 31.7150001525 , 15.64967
93.93 , 31.6063861846 , 15.65550
93.97 , 31.7150001525 , 15.66150
94.00 , 31.7150001525 , 15.66733
94.04 , 31.7150001525 , 15.67333
94.07 , 31.7150001525 , 15.67900
94.11 , 31.8236122131 , 15.68500
94.14 , 31.7150001525 , 15.69083
94.18 , 31.7150001525 , 15.69683
94.22 , 31.8236122131 , 15.70283
94.25 , 31.8236122131 , 15.70867
94.29 , 31.7150001525 , 15.71450
94.32 , 31.8236122131 , 15.72033
94.36 , 31.8236122131 , 15.72633
94.39 , 31.9322261810 , 15.73217
94.43 , 31.8236122131 , 15.73817
94.46 , 31.8236122131 , 15.74400
94.50 , 31.9322261810 , 15.74983
94.53 , 31.8236122131 , 15.75567
94.57 , 31.8236122131 , 15.76167
94.61 , 31.9322261810 , 15.76750
94.64 , 31.9322261810 , 15.77350
94.68 , 31.9322261810 , 15.77917
94.71 , 31.9322261810 , 15.78517
94.75 , 31.9322261810 , 15.79100
94.78 , 31.9322261810 , 15.79700
94.82 , 31.9322261810 , 15.80300
94.85 , 31.9322261810 , 15.80883
94.89 , 32.1494522094 , 15.81467
94.92 , 32.0408401489 , 15.82050
94.96 , 32.0408401489 , 15.82650
94.99 , 32.0408401489 , 15.83233
95.03 , 32.0408401489 , 15.83833
95.06 , 32.0408401489 , 15.84417
95.10 , 32.0408401489 , 15.85000
95.13 , 32.0408401489 , 15.85583
95.17 , 32.1494522094 , 15.86183
95.21 , 32.0408401489 , 15.86767
95.24 , 32.0408401489 , 15.87367
95.28 , 32.1494522094 , 15.87950
95.31 , 32.1494522094 , 15.88533
95.35 , 32.1494522094 , 15.89133
95.38 , 32.1494522094 , 15.89717
95.42 , 32.1494522094 , 15.90317
95.45 , 32.1494522094 , 15.90900
95.49 , 32.2580642700 , 15.91500
95.52 , 32.2580642700 , 15.92067
95.56 , 32.1494522094 , 15.92667
95.59 , 32.1494522094 , 15.93250
95.63 , 32.2580642700 , 15.93850
95.67 , 32.1494522094 , 15.94433
95.70 , 32.2580642700 , 15.95033
95.74 , 32.2580642700 , 15.95600
95.77 , 32.2580642700 , 15.96200
95.81 , 32.2580642700 , 15.96783
95.84 , 32.2580642700 , 15.97383
95.88 , 32.2580642700 , 15.97967
95.91 , 32.2580642700 , 15.98550
95.95 , 32.2580642700 , 15.99150
95.98 , 32.2580642700 , 15.99733
96.02 , 32.3666763305 , 16.00333
96.05 , 32.3666763305 , 16.00917
96.09 , 32.3666763305 , 16.01517
96.12 , 32.3666763305 , 16.02083
96.16 , 32.3666763305 , 16.02684
96.20 , 32.3666763305 , 16.03267
96.23 , 32.3666763305 , 16.03867
96.27 , 32.4752883911 , 16.04450
96.30 , 32.4752883911 , 16.05050
96.34 , 32.4752883911 , 16.05617
96.37 , 32.3666763305 , 16.06217
96.41 , 32.4752883911 , 16.06800
96.44 , 32.4752883911 , 16.07400
96.48 , 32.4752883911 , 16.08000
96.51 , 32.4752883911 , 16.08584
96.55 , 32.4752883911 , 16.09167
96.58 , 32.3666763305 , 16.09750
96.62 , 32.4752883911 , 16.10350
96.66 , 32.4752883911 , 16.10933
96.69 , 32.4752883911 , 16.11533
96.73 , 32.5839042663 , 16.12117
96.76 , 32.5839042663 , 16.12700
96.80 , 32.5839042663 , 16.13283
96.83 , 32.5839042663 , 16.13883
96.87 , 32.5839042663 , 16.14467
96.90 , 32.5839042663 , 16.15067
96.94 , 32.5839042663 , 16.15650
96.97 , 32.5839042663 , 16.16234
97.01 , 32.6925163269 , 16.16817
97.04 , 32.6925163269 , 16.17417
97.08 , 32.6925163269 , 16.18017
97.12 , 32.6925163269 , 16.18600
97.15 , 32.6925163269 , 16.19200
97.19 , 32.6925163269 , 16.19767
97.22 , 32.6925163269 , 16.20367
97.26 , 32.6925163269 , 16.20950
97.29 , 32.8011283874 , 16.21550
97.33 , 32.8011283874 , 16.22134
97.36 , 32.8011283874 , 16.22717
97.40 , 32.8011283874 , 16.23300
97.43 , 32.6925163269 , 16.23900
97.47 , 32.6925163269 , 16.24484
97.50 , 32.6925163269 , 16.25083
97.54 , 32.8011283874 , 16.25667
97.57 , 32.8011283874 , 16.26250
97.61 , 32.8011283874 , 16.26850
97.65 , 32.9097404479 , 16.27433
97.68 , 32.9097404479 , 16.28034
97.72 , 32.8011283874 , 16.28617
97.75 , 32.8011283874 , 16.29217
97.79 , 32.9097404479 , 16.29784
97.82 , 32.9097404479 , 16.30383
97.86 , 32.9097404479 , 16.30967
97.89 , 32.9097404479 , 16.31567
97.93 , 32.9097404479 , 16.32150
97.96 , 32.9097404479 , 16.32750
98.00 , 33.0183563232 , 16.33317
98.04 , 33.0183563232 , 16.33917
98.07 , 32.9097404479 , 16.34500
98.11 , 33.0183563232 , 16.35100
98.14 , 33.0183563232 , 16.35684
98.18 , 33.0183563232 , 16.36284
98.21 , 32.9097404479 , 16.36867
98.25 , 33.0183563232 , 16.37450
98.28 , 33.0183563232 , 16.38050
98.32 , 33.0183563232 , 16.38633
98.35 , 33.0183563232 , 16.39233
98.39 , 33.0183563232 , 16.39800
98.42 , 33.1269683837 , 16.40400
98.46 , 33.1269683837 , 16.40983
98.50 , 33.1269683837 , 16.41584
98.53 , 33.1269683837 , 16.42167
98.57 , 33.1269683837 , 16.42767
98.60 , 33.1269683837 , 16.43334
98.64 , 33.1269683837 , 16.43934
98.67 , 33.1269683837 , 16.44517
98.71 , 33.1269683837 , 16.45117
98.74 , 33.2355804443 , 16.45717
98.78 , 33.1269683837 , 16.46300
98.81 , 33.2355804443 , 16.46883
98.85 , 33.3441925048 , 16.47467
98.88 , 33.3441925048 , 16.48067
98.92 , 33.2355804443 , 16.48650
98.95 , 33.3441925048 , 16.49250
98.99 , 33.2355804443 , 16.49833
99.02 , 33.3441925048 , 16.50417
99.06 , 33.3441925048 , 16.51000
99.10 , 33.3441925048 , 16.51600
99.13 , 33.3441925048 , 16.52183
99.17 , 33.4528045654 , 16.52783
99.20 , 33.4528045654 , 16.53367
99.24 , 33.3441925048 , 16.53950
99.27 , 33.3441925048 , 16.54533
99.31 , 33.4528045654 , 16.55134
99.34 , 33.4528045654 , 16.55734
99.38 , 33.4528045654 , 16.56317
99.41 , 33.4528045654 , 16.56917
99.45 , 33.4528045654 , 16.57483
99.48 , 33.4528045654 , 16.58083
99.52 , 33.4528045654 , 16.58667
99.56 , 33.4528045654 , 16.59267
99.59 , 33.5614204406 , 16.59850
99.63 , 33.5614204406 , 16.60450
99.66 , 33.5614204406 , 16.61017
99.70 , 33.5614204406 , 16.61617
99.73 , 33.5614204406 , 16.62200
99.77 , 33.5614204406 , 16.62800
99.80 , 33.5614204406 , 16.63384
99.84 , 33.4528045654 , 16.63967
99.87 , 33.5614204406 , 16.64567
99.91 , 33.5614204406 , 16.65150
99.94 , 33.5614204406 , 16.65750
99.98 , 33.6700325012 , 16.66333
100.02 , 33.6700325012 , 16.66934
100.05 , 33.6700325012 , 16.67517
100.09 , 33.6700325012 , 16.68133
100.12 , 33.7786445617 , 16.68733
100.16 , 33.6700325012 , 16.69350
100.20 , 33.6700325012 , 16.69950
100.23 , 33.6700325012 , 16.70567
100.27 , 33.6700325012 , 16.71167
100.31 , 33.6700325012 , 16.71767
100.34 , 33.7786445617 , 16.72384
100.38 , 33.7786445617 , 16.72983
100.42 , 33.7786445617 , 16.73600
100.45 , 33.7786445617 , 16.74200
100.49 , 33.7786445617 , 16.74817
100.52 , 33.7786445617 , 16.75417
100.56 , 33.7786445617 , 16.76017
100.60 , 33.7786445617 , 16.76617
100.63 , 33.8872566223 , 16.77234
100.67 , 33.7786445617 , 16.77833
100.71 , 33.8872566223 , 16.78450
100.74 , 33.8872566223 , 16.79067
100.78 , 33.8872566223 , 16.79667
100.82 , 33.7786445617 , 16.80267
100.85 , 33.8872566223 , 16.80867
100.89 , 33.8872566223 , 16.81484
100.93 , 33.8872566223 , 16.82084
100.96 , 33.9958724975 , 16.82700
101.00 , 33.8872566223 , 16.83300
101.04 , 33.9958724975 , 16.83917
101.07 , 33.8872566223 , 16.84517
101.11 , 33.9958724975 , 16.85117
101.14 , 33.9958724975 , 16.85733
101.18 , 33.9958724975 , 16.86334
101.22 , 33.9958724975 , 16.86950
101.25 , 33.9958724975 , 16.87550
101.29 , 34.1044845581 , 16.88150
101.32 , 34.1044845581 , 16.88750
101.36 , 34.1044845581 , 16.89367
101.40 , 34.2130966186 , 16.89967
101.43 , 34.1044845581 , 16.90583
101.47 , 34.2130966186 , 16.91200
101.51 , 34.2130966186 , 16.91800
101.54 , 34.1044845581 , 16.92400
101.58 , 34.1044845581 , 16.93000
101.62 , 34.1044845581 , 16.93617
101.65 , 34.2130966186 , 16.94217
101.69 , 34.2130966186 , 16.94833
101.73 , 34.2130966186 , 16.95433
101.76 , 34.3217163085 , 16.96050
101.80 , 34.3217163085 , 16.96633
101.83 , 34.2130966186 , 16.97250
101.87 , 34.2130966186 , 16.97867
101.91 , 34.3217163085 , 16.98467
101.94 , 34.3217163085 , 16.99083
101.98 , 34.3217163085 , 16.99683
102.02 , 34.3217163085 , 17.00300
102.05 , 34.3217163085 , 17.00884
102.09 , 34.3217163085 , 17.01500
102.13 , 34.4303283691 , 17.02100
102.16 , 34.3217163085 , 17.02717
102.20 , 34.3217163085 , 17.03317
102.24 , 34.4303283691 , 17.03933
102.27 , 34.4303283691 , 17.04550
102.31 , 34.4303283691 , 17.05134
102.34 , 34.4303283691 , 17.05750
102.38 , 34.4303283691 , 17.06350
102.42 , 34.5389404296 , 17.06967
102.45 , 34.4303283691 , 17.07567
102.49 , 34.4303283691 , 17.08183
102.53 , 34.5389404296 , 17.08767
102.56 , 34.5389404296 , 17.09383
102.60 , 34.4303283691 , 17.09984
102.64 , 34.5389404296 , 17.10600
102.67 , 34.4303283691 , 17.11217
102.71 , 34.5389404296 , 17.11817
102.75 , 34.5389404296 , 17.12434
102.78 , 34.5389404296 , 17.13017
102.82 , 34.6475524902 , 17.13633
102.85 , 34.5389404296 , 17.14233
102.89 , 34.5389404296 , 17.14850
102.93 , 34.5389404296 , 17.15450
102.96 , 34.6475524902 , 17.16067
103.00 , 34.5389404296 , 17.16667
103.04 , 34.6475524902 , 17.17267
103.07 , 34.6475524902 , 17.17883
103.11 , 34.6475524902 , 17.18483
103.15 , 34.6475524902 , 17.19100
103.18 , 34.6475524902 , 17.19700
103.22 , 34.6475524902 , 17.20317
103.25 , 34.6475524902 , 17.20917
103.29 , 34.5389404296 , 17.21517
103.33 , 34.8647804260 , 17.22117
103.36 , 34.8647804260 , 17.22733
103.40 , 34.8647804260 , 17.23350
103.44 , 34.7561645507 , 17.23950
103.47 , 34.7561645507 , 17.24567
103.51 , 34.8647804260 , 17.25167
103.55 , 34.8647804260 , 17.25767
103.58 , 34.8647804260 , 17.26367
103.62 , 34.7561645507 , 17.26984
103.65 , 34.7561645507 , 17.27583
103.69 , 34.8647804260 , 17.28200
103.73 , 34.8647804260 , 17.28800
103.76 , 34.9733924865 , 17.29400
103.80 , 34.8647804260 , 17.30017
103.84 , 34.8647804260 , 17.30617
103.87 , 34.8647804260 , 17.31233
103.91 , 34.9733924865 , 17.31834
103.95 , 34.9733924865 , 17.32450
103.98 , 34.9733924865 , 17.33050
104.02 , 34.9733924865 , 17.33650
104.05 , 34.9733924865 , 17.34250
104.09 , 34.9733924865 , 17.34867
104.13 , 34.9733924865 , 17.35467
104.16 , 34.9733924865 , 17.36083
104.20 , 35.0820045471 , 17.36700
104.24 , 34.9733924865 , 17.37300
104.27 , 35.1906166076 , 17.37900
104.31 , 35.0820045471 , 17.38500
104.35 , 35.0820045471 , 17.39117
104.38 , 35.0820045471 , 17.39717
104.42 , 35.1906166076 , 17.40333
104.46 , 35.1906166076 , 17.40933
104.49 , 35.0820045471 , 17.41550
104.53 , 35.0820045471 , 17.42133
104.56 , 35.1906166076 , 17.42750
104.60 , 35.1906166076 , 17.43367
104.64 , 35.1906166076 , 17.43967
104.68 , 35.1906166076 , 17.44584
104.71 , 35.1906166076 , 17.45183
104.75 , 35.1906166076 , 17.45800
104.78 , 35.1906166076 , 17.46383
104.82 , 35.1906166076 , 17.47000
104.86 , 35.1906166076 , 17.47600
104.89 , 35.2992324829 , 17.48217
104.93 , 35.2992324829 , 17.48817
104.97 , 35.2992324829 , 17.49434
105.00 , 35.2992324829 , 17.50050
105.04 , 35.4078445434 , 17.50634
105.07 , 35.4078445434 , 17.51250
105.11 , 35.2992324829 , 17.51850
105.15 , 35.2992324829 , 17.52467
105.18 , 35.4078445434 , 17.53067
105.22 , 35.4078445434 , 17.53684
105.26 , 35.4078445434 , 17.54267
105.29 , 35.4078445434 , 17.54883
105.33 , 35.4078445434 , 17.55484
105.37 , 35.4078445434 , 17.56100
105.40 , 35.4078445434 , 17.56717
105.44 , 35.4078445434 , 17.57317
105.48 , 35.4078445434 , 17.57933
105.51 , 35.4078445434 , 17.58517
105.55 , 35.4078445434 , 17.59133
105.58 , 35.5164566040 , 17.59733
105.62 , 35.5164566040 , 17.60350
105.66 , 35.5164566040 , 17.60950
105.69 , 35.5164566040 , 17.61567
105.73 , 35.5164566040 , 17.62183
105.77 , 35.5164566040 , 17.62767
105.80 , 35.5164566040 , 17.63384
105.84 , 35.5164566040 , 17.63983
105.88 , 35.6250686645 , 17.64600
105.91 , 35.6250686645 , 17.65200
105.95 , 35.6250686645 , 17.65817
105.98 , 35.6250686645 , 17.66417
106.02 , 35.6250686645 , 17.67017
106.06 , 35.6250686645 , 17.67617
106.09 , 35.6250686645 , 17.68234
106.13 , 35.6250686645 , 17.68850
106.17 , 35.7336807250 , 17.69450
106.20 , 35.7336807250 , 17.70067
106.24 , 35.7336807250 , 17.70667
106.28 , 35.7336807250 , 17.71267
106.31 , 35.7336807250 , 17.71867
106.35 , 35.7336807250 , 17.72484
106.38 , 35.7336807250 , 17.73084
106.42 , 35.8422966003 , 17.73700
106.46 , 35.7336807250 , 17.74300
106.49 , 35.8422966003 , 17.74900
106.53 , 35.8422966003 , 17.75517
106.57 , 35.8422966003 , 17.76117
106.60 , 35.8422966003 , 17.76733
106.64 , 35.8422966003 , 17.77334
106.68 , 35.8422966003 , 17.77950
106.71 , 35.9509086608 , 17.78550
106.75 , 35.8422966003 , 17.79150
106.79 , 35.9509086608 , 17.79750
106.82 , 35.8422966003 , 17.80367
106.86 , 35.8422966003 , 17.80967
106.89 , 35.9509086608 , 17.81583
106.93 , 35.8422966003 , 17.82200
106.97 , 35.8422966003 , 17.82800
107.00 , 35.9509086608 , 17.83400
107.04 , 35.9509086608 , 17.84000
107.08 , 36.0595207214 , 17.84617
107.11 , 36.0595207214 , 17.85217
107.15 , 36.0595207214 , 17.85833
107.19 , 36.0595207214 , 17.86433
107.22 , 36.0595207214 , 17.87050
107.26 , 36.0595207214 , 17.87634
107.29 , 36.0595207214 , 17.88250
107.33 , 36.0595207214 , 17.88867
107.37 , 36.0595207214 , 17.89467
107.40 , 36.0595207214 , 17.90083
107.44 , 36.0595207214 , 17.90683
107.48 , 36.0595207214 , 17.91300
107.51 , 36.0595207214 , 17.91884
107.55 , 36.0595207214 , 17.92500
107.59 , 36.0595207214 , 17.93100
107.62 , 36.1681327819 , 17.93717
107.66 , 36.1681327819 , 17.94317
107.70 , 36.1681327819 , 17.94933
107.73 , 36.1681327819 , 17.95533
107.77 , 36.1681327819 , 17.96133
107.80 , 36.2767486572 , 17.96750
107.84 , 36.1681327819 , 17.97350
107.88 , 36.2767486572 , 17.97967
107.91 , 36.1681327819 , 17.98567
107.95 , 36.1681327819 , 17.99183
107.99 , 36.2767486572 , 17.99767
108.02 , 36.2767486572 , 18.00383
108.06 , 36.2767486572 , 18.01000
108.10 , 36.2767486572 , 18.01600
108.13 , 36.1681327819 , 18.02217
108.17 , 36.2767486572 , 18.02817
108.21 , 36.3853607177 , 18.03433
108.24 , 36.2767486572 , 18.04017
108.28 , 36.2767486572 , 18.04633
108.31 , 36.2767486572 , 18.05233
108.35 , 36.2767486572 , 18.05850
108.39 , 36.3853607177 , 18.06450
108.42 , 36.4939727783 , 18.07067
108.46 , 36.3853607177 , 18.07683
108.50 , 36.3853607177 , 18.08267
108.53 , 36.4939727783 , 18.08883
108.57 , 36.3853607177 , 18.09483
108.61 , 36.4939727783 , 18.10100
108.64 , 36.4939727783 , 18.10700
108.68 , 36.4939727783 , 18.11317
108.71 , 36.4939727783 , 18.11917
108.75 , 36.4939727783 , 18.12517
108.79 , 36.6025848388 , 18.13117
108.82 , 36.4939727783 , 18.13733
108.86 , 36.6025848388 , 18.14350
108.90 , 36.6025848388 , 18.14950
108.93 , 36.6025848388 , 18.15567
108.97 , 36.4939727783 , 18.16150
109.01 , 36.6025848388 , 18.16767
109.04 , 36.6025848388 , 18.17367
109.08 , 36.6025848388 , 18.17984
109.11 , 36.6025848388 , 18.18583
109.15 , 36.6025848388 , 18.19200
109.19 , 36.6025848388 , 18.19800
109.22 , 36.7111968994 , 18.20400
109.26 , 36.7111968994 , 18.21017
109.30 , 36.7111968994 , 18.21617
109.33 , 36.7111968994 , 18.22233
109.37 , 36.7111968994 , 18.22834
109.41 , 36.7111968994 , 18.23450
109.44 , 36.7111968994 , 18.24050
109.48 , 36.7111968994 , 18.24650
109.51 , 36.7111968994 , 18.25250
109.55 , 36.7111968994 , 18.25867
109.59 , 36.7111968994 , 18.26467
109.62 , 36.8198127746 , 18.27083
109.66 , 36.8198127746 , 18.27700
109.70 , 36.9284248352 , 18.28300
109.73 , 36.8198127746 , 18.28900
109.77 , 36.8198127746 , 18.29500
109.81 , 36.8198127746 , 18.30117
109.84 , 36.8198127746 , 18.30717
109.88 , 36.8198127746 , 18.31333
109.92 , 36.8198127746 , 18.31933
109.95 , 36.9284248352 , 18.32550
109.99 , 36.9284248352 , 18.33133
110.02 , 36.9284248352 , 18.33750
110.06 , 36.8198127746 , 18.34367
110.10 , 36.9284248352 , 18.34967
110.13 , 36.9284248352 , 18.35584
110.17 , 36.9284248352 , 18.36183
110.21 , 36.9284248352 , 18.36800
110.24 , 36.9284248352 , 18.37383
110.28 , 36.9284248352 , 18.38000
110.32 , 37.0370368957 , 18.38600
110.35 , 36.9284248352 , 18.39217
110.39 , 37.0370368957 , 18.39834
110.43 , 37.0370368957 , 18.40434
110.46 , 37.0370368957 , 18.41033
110.50 , 37.0370368957 , 18.41633
110.54 , 37.0370368957 , 18.42250
110.57 , 37.0370368957 , 18.42850
110.61 , 37.0370368957 , 18.43467
110.64 , 37.0370368957 , 18.44067
110.68 , 37.1456489562 , 18.44684
110.72 , 37.1456489562 , 18.45267
110.75 , 37.1456489562 , 18.45883
110.79 , 37.1456489562 , 18.46500
110.83 , 37.1456489562 , 18.47100
110.86 , 37.1456489562 , 18.47717
110.90 , 37.1456489562 , 18.48317
110.94 , 37.1456489562 , 18.48933
110.97 , 37.1456489562 , 18.49517
111.01 , 37.1456489562 , 18.50134
111.04 , 37.2542648315 , 18.50733
111.08 , 37.2542648315 , 18.51350
111.12 , 37.2542648315 , 18.51950
111.15 , 37.2542648315 , 18.52567
111.19 , 37.2542648315 , 18.53183
111.23 , 37.3628768920 , 18.53767
111.26 , 37.2542648315 , 18.54384
111.30 , 37.2542648315 , 18.54984
111.34 , 37.3628768920 , 18.55600
111.37 , 37.3628768920 , 18.56200
111.41 , 37.3628768920 , 18.56817
111.44 , 37.3628768920 , 18.57400
111.48 , 37.3628768920 , 18.58017
111.52 , 37.4714889526 , 18.58617
111.55 , 37.3628768920 , 18.59234
111.59 , 37.3628768920 , 18.59850
111.63 , 37.4714889526 , 18.60450
111.66 , 37.4714889526 , 18.61067
111.70 , 37.3628768920 , 18.61650
111.74 , 37.4714889526 , 18.62267
111.77 , 37.4714889526 , 18.62867
111.81 , 37.4714889526 , 18.63484
111.84 , 37.5801010131 , 18.64084
111.88 , 37.4714889526 , 18.64700
111.92 , 37.4714889526 , 18.65300
111.95 , 37.5801010131 , 18.65900
111.99 , 37.5801010131 , 18.66517
112.03 , 37.5801010131 , 18.67117
112.06 , 37.5801010131 , 18.67733
112.10 , 37.4714889526 , 18.68334
112.14 , 37.4714889526 , 18.68950
112.17 , 37.5801010131 , 18.69550
112.21 , 37.5801010131 , 18.70150
112.25 , 37.5801010131 , 18.70750
112.28 , 37.5801010131 , 18.71367
112.32 , 37.5801010131 , 18.71967
112.36 , 37.6887130737 , 18.72583
112.39 , 37.6887130737 , 18.73200
112.43 , 37.6887130737 , 18.73800
112.46 , 37.5801010131 , 18.74400
112.50 , 37.6887130737 , 18.75000
112.54 , 37.6887130737 , 18.75617
112.57 , 37.6887130737 , 18.76217
112.61 , 37.6887130737 , 18.76833
112.65 , 37.6887130737 , 18.77433
112.68 , 37.6887130737 , 18.78050
112.72 , 37.6887130737 , 18.78650
112.75 , 37.6887130737 , 18.79250
112.79 , 37.7973289489 , 18.79867
112.83 , 37.7973289489 , 18.80467
112.86 , 37.7973289489 , 18.81083
112.90 , 37.7973289489 , 18.81683
112.94 , 37.7973289489 , 18.82283
112.97 , 37.7973289489 , 18.82884
113.01 , 37.7973289489 , 18.83500
113.05 , 37.7973289489 , 18.84100
113.08 , 37.9059410095 , 18.84717
113.12 , 37.7973289489 , 18.85334
113.16 , 37.9059410095 , 18.85933
113.19 , 37.9059410095 , 18.86533
113.23 , 37.9059410095 , 18.87133
113.26 , 37.9059410095 , 18.87750
113.30 , 37.9059410095 , 18.88350
113.34 , 37.9059410095 , 18.88967
113.37 , 38.0145530700 , 18.89567
113.41 , 38.0145530700 , 18.90184
113.45 , 38.0145530700 , 18.90767
113.48 , 37.9059410095 , 18.91383
113.52 , 38.0145530700 , 18.92000
113.56 , 38.0145530700 , 18.92600
113.59 , 38.0145530700 , 18.93217
113.63 , 38.0145530700 , 18.93817
113.67 , 38.0145530700 , 18.94433
113.70 , 38.0145530700 , 18.95017
113.74 , 38.1231651306 , 18.95633
113.77 , 38.1231651306 , 18.96233
113.81 , 38.1231651306 , 18.96850
113.85 , 38.1231651306 , 18.97450
113.88 , 38.1231651306 , 18.98067
113.92 , 38.1231651306 , 18.98683
113.96 , 38.1231651306 , 18.99267
113.99 , 38.1231651306 , 18.99883
114.03 , 38.2317810058 , 19.00483
114.07 , 38.1231651306 , 19.01100
114.10 , 38.2317810058 , 19.01700
114.14 , 38.2317810058 , 19.02317
114.17 , 38.1231651306 , 19.02900
114.21 , 38.1231651306 , 19.03517
114.25 , 38.2317810058 , 19.04117
114.28 , 38.2317810058 , 19.04733
114.32 , 38.2317810058 , 19.05350
114.36 , 38.3403930664 , 19.05950
114.39 , 38.2317810058 , 19.06567
114.43 , 38.2317810058 , 19.07150
114.47 , 38.2317810058 , 19.07767
114.50 , 38.3403930664 , 19.08367
114.54 , 38.3403930664 , 19.08983
114.57 , 38.2317810058 , 19.09583
114.61 , 38.2317810058 , 19.10200
114.65 , 38.3403930664 , 19.10800
114.68 , 38.2317810058 , 19.11400
114.72 , 38.4490051269 , 19.12017
114.76 , 38.3403930664 , 19.12617
114.79 , 38.3403930664 , 19.13233
114.83 , 38.3403930664 , 19.13833
114.87 , 38.3403930664 , 19.14450
114.90 , 38.4490051269 , 19.15050
114.94 , 38.4490051269 , 19.15650
114.97 , 38.4490051269 , 19.16250
115.01 , 38.3403930664 , 19.16867
115.05 , 38.4490051269 , 19.17484
115.08 , 38.4490051269 , 19.18083
115.12 , 38.4490051269 , 19.18700
115.16 , 38.4490051269 , 19.19300
115.19 , 38.4490051269 , 19.19900
115.23 , 38.5576171875 , 19.20500
115.27 , 38.5576171875 , 19.21117
115.30 , 38.4490051269 , 19.21717
115.34 , 38.5576171875 , 19.22333
115.38 , 38.5576171875 , 19.22933
115.41 , 38.5576171875 , 19.23534
115.45 , 38.4490051269 , 19.24150
115.48 , 38.5576171875 , 19.24750
115.52 , 38.6662292480 , 19.25367
115.56 , 38.6662292480 , 19.25967
115.59 , 38.6662292480 , 19.26584
115.63 , 38.5576171875 , 19.27183
115.67 , 38.6662292480 , 19.27783
115.70 , 38.5576171875 , 19.28384
115.74 , 38.6662292480 , 19.29000
115.78 , 38.6662292480 , 19.29600
115.81 , 38.6662292480 , 19.30217
115.85 , 38.6662292480 , 19.30834
115.89 , 38.6662292480 , 19.31434
115.92 , 38.6662292480 , 19.32033
115.96 , 38.6662292480 , 19.32633
116.00 , 38.7748451232 , 19.33250
116.03 , 38.6662292480 , 19.33850
116.07 , 38.7748451232 , 19.34467
116.10 , 38.8834571838 , 19.35067
116.14 , 38.7748451232 , 19.35684
116.18 , 38.7748451232 , 19.36267
116.21 , 38.7748451232 , 19.36883
116.25 , 38.8834571838 , 19.37500
116.29 , 38.8834571838 , 19.38100
116.32 , 38.8834571838 , 19.38717
116.36 , 38.8834571838 , 19.39317
116.40 , 38.8834571838 , 19.39933
116.43 , 38.8834571838 , 19.40517
116.47 , 38.9920692443 , 19.41134
116.50 , 38.8834571838 , 19.41733
116.54 , 38.8834571838 , 19.42350
116.58 , 38.8834571838 , 19.42950
116.61 , 38.8834571838 , 19.43567
116.65 , 38.8834571838 , 19.44183
116.69 , 38.9920692443 , 19.44767
116.72 , 38.9920692443 , 19.45384
116.76 , 38.9920692443 , 19.45984
116.80 , 38.8834571838 , 19.46600
116.83 , 38.9920692443 , 19.47200
116.87 , 38.9920692443 , 19.47817
116.90 , 38.9920692443 , 19.48400
116.94 , 38.9920692443 , 19.49017
116.98 , 38.9920692443 , 19.49617
117.01 , 38.9920692443 , 19.50234
117.05 , 39.1006813049 , 19.50850
117.09 , 39.1006813049 , 19.51450
117.12 , 38.9920692443 , 19.52067
117.16 , 39.1006813049 , 19.52650
117.20 , 39.1006813049 , 19.53267
117.23 , 39.1006813049 , 19.53867
117.27 , 39.1006813049 , 19.54483
117.30 , 39.1006813049 , 19.55084
117.34 , 39.1006813049 , 19.55700
117.38 , 39.2092971801 , 19.56317
117.41 , 39.1006813049 , 19.56900
117.45 , 39.1006813049 , 19.57517
117.49 , 39.1006813049 , 19.58117
117.52 , 39.1006813049 , 19.58733
117.56 , 39.2092971801 , 19.59333
117.60 , 39.2092971801 , 19.59950
117.63 , 39.2092971801 , 19.60550
117.67 , 39.2092971801 , 19.61150
117.70 , 39.2092971801 , 19.61750
117.74 , 39.2092971801 , 19.62367
117.78 , 39.2092971801 , 19.62983
117.81 , 39.2092971801 , 19.63583
117.85 , 39.2092971801 , 19.64200
117.89 , 39.2092971801 , 19.64800
117.92 , 39.2092971801 , 19.65400
117.96 , 39.2092971801 , 19.66000
118.00 , 39.2092971801 , 19.66617
118.03 , 39.2092971801 , 19.67217
118.07 , 39.3179092407 , 19.67833
118.11 , 39.3179092407 , 19.68433
118.14 , 39.3179092407 , 19.69034
118.18 , 39.3179092407 , 19.69650
118.21 , 39.3179092407 , 19.70250
118.25 , 39.4265213012 , 19.70867
118.29 , 39.4265213012 , 19.71467
118.32 , 39.4265213012 , 19.72083
118.36 , 39.3179092407 , 19.72683
118.40 , 39.4265213012 , 19.73283
118.43 , 39.4265213012 , 19.73884
118.47 , 39.4265213012 , 19.74500
118.51 , 39.4265213012 , 19.75100
118.54 , 39.4265213012 , 19.75717
118.58 , 39.4265213012 , 19.76333
118.62 , 39.5351333618 , 19.76933
118.65 , 39.5351333618 , 19.77533
118.69 , 39.4265213012 , 19.78133
118.72 , 39.5351333618 , 19.78750
118.76 , 39.5351333618 , 19.79350
118.80 , 39.5351333618 , 19.79967
118.83 , 39.5351333618 , 19.80567
118.87 , 39.5351333618 , 19.81184
118.91 , 39.4265213012 , 19.81767
118.94 , 39.5351333618 , 19.82383
118.98 , 39.6437454223 , 19.83000
119.02 , 39.6437454223 , 19.83600
119.05 , 39.6437454223 , 19.84217
119.09 , 39.5351333618 , 19.84817
119.13 , 39.6437454223 , 19.85433
119.16 , 39.6437454223 , 19.86017
119.20 , 39.5351333618 , 19.86633
119.23 , 39.6437454223 , 19.87233
119.27 , 39.6437454223 , 19.87850
119.31 , 39.6437454223 , 19.88450
119.34 , 39.6437454223 , 19.89067
119.38 , 39.6437454223 , 19.89667
119.42 , 39.6437454223 , 19.90267
119.45 , 39.7523612976 , 19.90884
119.49 , 39.6437454223 , 19.91483
119.53 , 39.7523612976 , 19.92100
119.56 , 39.7523612976 , 19.92700
119.60 , 39.7523612976 , 19.93317
119.63 , 39.7523612976 , 19.93900
119.67 , 39.7523612976 , 19.94517
119.71 , 39.7523612976 , 19.95133
119.74 , 39.7523612976 , 19.95734
119.78 , 39.8609771728 , 19.96350
119.82 , 39.7523612976 , 19.96950
119.85 , 39.7523612976 , 19.97567
119.89 , 39.7523612976 , 19.98150
119.93 , 39.8609771728 , 19.98767
119.96 , 39.8609771728 , 19.99367
120.00 , 39.8609771728 , 19.99983
120.04 , 39.8609771728 , 20.00584
120.07 , 39.8609771728 , 20.01200
120.11 , 39.8609771728 , 20.01817
120.14 , 39.8609771728 , 20.02400
120.18 , 39.8609771728 , 20.03017
120.22 , 39.8609771728 , 20.03617
120.25 , 39.9695892333 , 20.04233
120.29 , 39.8609771728 , 20.04833
120.33 , 39.8609771728 , 20.05450
120.36 , 39.8609771728 , 20.06050
120.40 , 39.9695892333 , 20.06650
120.43 , 39.9695892333 , 20.07250
120.47 , 39.9695892333 , 20.07867
120.51 , 39.9695892333 , 20.08484
120.54 , 39.9695892333 , 20.09083
120.58 , 39.9695892333 , 20.09700
120.62 , 39.9695892333 , 20.10283
120.65 , 39.9695892333 , 20.10900
120.69 , 39.9695892333 , 20.11500
120.73 , 39.9695892333 , 20.12117
120.76 , 40.0782051086 , 20.12717
120.80 , 40.0782051086 , 20.13334
120.84 , 39.9695892333 , 20.13933
120.87 , 40.0782051086 , 20.14533
120.91 , 40.0782051086 , 20.15150
120.94 , 40.0782051086 , 20.15750
120.98 , 40.1868171691 , 20.16367
121.02 , 40.1868171691 , 20.16967
121.05 , 40.0782051086 , 20.17584
121.09 , 40.1868171691 , 20.18184
121.13 , 40.1868171691 , 20.18783
121.16 , 40.1868171691 , 20.19384
121.20 , 40.0782051086 , 20.20000
121.24 , 40.2954292297 , 20.20600
121.27 , 40.1868171691 , 20.21217
121.31 , 40.1868171691 , 20.21833
121.35 , 40.2954292297 , 20.22434
121.38 , 40.1868171691 , 20.23034
121.42 , 40.1868171691 , 20.23633
121.45 , 40.2954292297 , 20.24250
121.49 , 40.2954292297 , 20.24850
121.53 , 40.2954292297 , 20.25467
121.56 , 40.2954292297 , 20.26067
121.60 , 40.2954292297 , 20.26683
121.64 , 40.2954292297 , 20.27267
121.67 , 40.2954292297 , 20.27883
121.71 , 40.2954292297 , 20.28500
121.75 , 40.2954292297 , 20.29100
121.78 , 40.2954292297 , 20.29717
121.82 , 40.2954292297 , 20.30317
121.86 , 40.2954292297 , 20.30933
121.89 , 40.4040412902 , 20.31517
121.93 , 40.4040412902 , 20.32134
121.96 , 40.4040412902 , 20.32733
122.00 , 40.4040412902 , 20.33350
122.04 , 40.4040412902 , 20.33967
122.07 , 40.4040412902 , 20.34567
122.11 , 40.4040412902 , 20.35167
122.15 , 40.4040412902 , 20.35767
122.18 , 40.4040412902 , 20.36384
122.22 , 40.4040412902 , 20.36984
122.26 , 40.5126571655 , 20.37600
122.29 , 40.4040412902 , 20.38200
122.33 , 40.5126571655 , 20.38817
122.36 , 40.4040412902 , 20.39400
122.40 , 40.5126571655 , 20.40017
122.44 , 40.5126571655 , 20.40633
122.47 , 40.5126571655 , 20.41234
122.51 , 40.6212692260 , 20.41850
122.55 , 40.6212692260 , 20.42450
122.58 , 40.6212692260 , 20.43067
122.62 , 40.5126571655 , 20.43650
122.66 , 40.6212692260 , 20.44267
122.69 , 40.6212692260 , 20.44867
122.73 , 40.6212692260 , 20.45483
122.76 , 40.6212692260 , 20.46084
122.80 , 40.7298812866 , 20.46700
122.84 , 40.6212692260 , 20.47317
122.87 , 40.7298812866 , 20.47900
122.91 , 40.7298812866 , 20.48517
122.95 , 40.7298812866 , 20.49117
122.98 , 40.7298812866 , 20.49733
123.02 , 40.7298812866 , 20.50333
123.06 , 40.7298812866 , 20.50950
123.09 , 40.7298812866 , 20.51534
123.13 , 40.7298812866 , 20.52150
123.16 , 40.7298812866 , 20.52750
123.20 , 40.7298812866 , 20.53367
123.24 , 40.7298812866 , 20.53983
123.27 , 40.8384933471 , 20.54583
123.31 , 40.8384933471 , 20.55200
123.35 , 40.7298812866 , 20.55784
123.38 , 40.8384933471 , 20.56400
123.42 , 40.8384933471 , 20.57000
123.46 , 40.8384933471 , 20.57617
123.49 , 40.8384933471 , 20.58217
123.53 , 40.9471054077 , 20.58833
123.57 , 40.8384933471 , 20.59433
123.60 , 40.8384933471 , 20.60033
123.64 , 40.9471054077 , 20.60650
123.68 , 40.9471054077 , 20.61250
123.71 , 40.8384933471 , 20.61867
123.75 , 40.9471054077 , 20.62467
123.79 , 40.9471054077 , 20.63084
123.82 , 40.9471054077 , 20.63683
123.86 , 40.9471054077 , 20.64283
123.89 , 40.9471054077 , 20.64883
123.93 , 40.9471054077 , 20.65500
123.97 , 40.9471054077 , 20.66100
124.00 , 41.0557212829 , 20.66717
124.04 , 40.9471054077 , 20.67333
124.08 , 41.0557212829 , 20.67933
124.11 , 41.0557212829 , 20.68533
124.15 , 41.0557212829 , 20.69133
124.18 , 41.0557212829 , 20.69750
124.22 , 41.0557212829 , 20.70350
124.26 , 41.0557212829 , 20.70967
124.29 , 41.0557212829 , 20.71567
124.33 , 41.0557212829 , 20.72183
124.37 , 41.0557212829 , 20.72783
124.40 , 41.1643333435 , 20.73383
124.44 , 41.0557212829 , 20.74000
124.48 , 41.1643333435 , 20.74600
124.51 , 41.0557212829 , 20.75217
124.55 , 41.0557212829 , 20.75817
124.58 , 41.1643333435 , 20.76417
124.62 , 41.1643333435 , 20.77017
124.66 , 41.0557212829 , 20.77633
124.69 , 41.0557212829 , 20.78233
124.73 , 41.1643333435 , 20.78850
124.77 , 41.1643333435 , 20.79467
124.80 , 41.1643333435 , 20.80067
124.84 , 41.1643333435 , 20.80667
124.88 , 41.1643333435 , 20.81267
124.91 , 41.1643333435 , 20.81884
124.95 , 41.2729454040 , 20.82483
124.99 , 41.1643333435 , 20.83100
125.02 , 41.2729454040 , 20.83700
125.06 , 41.2729454040 , 20.84317
125.09 , 41.2729454040 , 20.84900
125.13 , 41.2729454040 , 20.85517
125.17 , 41.2729454040 , 20.86133
125.20 , 41.2729454040 , 20.86734
125.24 , 41.2729454040 , 20.87350
125.28 , 41.2729454040 , 20.87950
125.31 , 41.2729454040 , 20.88567
125.35 , 41.3815574645 , 20.89150
125.39 , 41.2729454040 , 20.89767
125.42 , 41.3815574645 , 20.90367
125.46 , 41.3815574645 , 20.90983
125.50 , 41.4901733398 , 20.91584
125.53 , 41.3815574645 , 20.92200
125.57 , 41.4901733398 , 20.92817
125.60 , 41.3815574645 , 20.93400
125.64 , 41.4901733398 , 20.94017
125.68 , 41.4901733398 , 20.94617
125.71 , 41.3815574645 , 20.95233
125.75 , 41.4901733398 , 20.95833
125.79 , 41.4901733398 , 20.96450
125.82 , 41.4901733398 , 20.97033
125.86 , 41.5987854003 , 20.97650
125.89 , 41.4901733398 , 20.98250
125.93 , 41.4901733398 , 20.98867
125.97 , 41.4901733398 , 20.99484
126.00 , 41.4901733398 , 21.00083
126.04 , 41.5987854003 , 21.00700
126.08 , 41.5987854003 , 21.01284
126.11 , 41.4901733398 , 21.01900
126.15 , 41.5987854003 , 21.02500
126.19 , 41.5987854003 , 21.03117
126.22 , 41.5987854003 , 21.03717
126.26 , 41.5987854003 , 21.04334
126.30 , 41.7073974609 , 21.04933
126.33 , 41.7073974609 , 21.05533
126.37 , 41.5987854003 , 21.06150
126.40 , 41.5987854003 , 21.06750
126.44 , 41.7073974609 , 21.07367
126.48 , 41.7073974609 , 21.07967
126.51 , 41.7073974609 , 21.08584
126.55 , 41.7073974609 , 21.09184
126.59 , 41.7073974609 , 21.09783
126.62 , 41.7073974609 , 21.10383
126.66 , 41.5987854003 , 21.11000
126.70 , 41.7073974609 , 21.11617
126.73 , 41.7073974609 , 21.12217
126.77 , 41.8160095214 , 21.12833
126.81 , 41.7073974609 , 21.13434
126.84 , 41.7073974609 , 21.14034
126.88 , 41.7073974609 , 21.14633
126.91 , 41.8160095214 , 21.15250
126.95 , 41.8160095214 , 21.15850
126.99 , 41.8160095214 , 21.16467
127.02 , 41.8160095214 , 21.17067
127.06 , 41.8160095214 , 21.17667
127.10 , 41.8160095214 , 21.18284
127.13 , 41.8160095214 , 21.18884
127.17 , 41.8160095214 , 21.19500
127.21 , 41.8160095214 , 21.20100
127.24 , 41.8160095214 , 21.20717
127.28 , 41.8160095214 , 21.21317
127.31 , 41.9246215820 , 21.21917
127.35 , 41.9246215820 , 21.22517
127.39 , 41.9246215820 , 21.23134
127.42 , 41.9246215820 , 21.23734
127.46 , 41.9246215820 , 21.24350
127.50 , 41.9246215820 , 21.24967
127.53 , 41.9246215820 , 21.25567
127.57 , 41.9246215820 , 21.26167
127.61 , 41.9246215820 , 21.26767
127.64 , 41.9246215820 , 21.27383
127.68 , 41.9246215820 , 21.27984
127.72 , 42.0332374572 , 21.28600
127.75 , 42.0332374572 , 21.29200
127.79 , 41.9246215820 , 21.29817
127.82 , 42.0332374572 , 21.30400
127.86 , 42.0332374572 , 21.31017
127.90 , 42.0332374572 , 21.31633
127.93 , 42.0332374572 , 21.32234
127.97 , 42.0332374572 , 21.32850
128.01 , 42.0332374572 , 21.33450
128.04 , 42.0332374572 , 21.34067
128.08 , 42.1418495178 , 21.34650
128.12 , 42.1418495178 , 21.35267
128.15 , 42.0332374572 , 21.35867
128.19 , 42.1418495178 , 21.36483
128.23 , 42.1418495178 , 21.37084