2.75 , 0.0000000000 , 0.45817
2.78 , 0.1086135625 , 0.46367
2.81 , 0.0000000000 , 0.46883
2.85 , 0.0000000000 , 0.47433
2.88 , 0.1086135625 , 0.47967
2.91 , 0.0000000000 , 0.48517
2.94 , 0.1086135625 , 0.49033
2.98 , 0.1086135625 , 0.49583
3.01 , 0.1086135625 , 0.50117
3.04 , 0.2172264814 , 0.50667
3.07 , 0.2172264814 , 0.51200
3.10 , 0.2172264814 , 0.51733
3.14 , 0.1086135625 , 0.52267
3.17 , 0.2172264814 , 0.52817
3.20 , 0.2172264814 , 0.53350
3.23 , 0.2172264814 , 0.53883
3.27 , 0.3258393764 , 0.54417
3.30 , 0.2172264814 , 0.54967
3.33 , 0.2172264814 , 0.55500
3.36 , 0.2172264814 , 0.56033
3.39 , 0.3258393764 , 0.56567
3.43 , 0.3258393764 , 0.57117
3.46 , 0.2172264814 , 0.57650
3.49 , 0.3258393764 , 0.58167
3.52 , 0.3258393764 , 0.58717
3.56 , 0.3258393764 , 0.59250
3.59 , 0.3258393764 , 0.59800
3.62 , 0.2172264814 , 0.60317
3.65 , 0.4344522476 , 0.60867
3.68 , 0.3258393764 , 0.61400
3.72 , 0.3258393764 , 0.61950
3.75 , 0.4344522476 , 0.62467
3.78 , 0.4344522476 , 0.63017
3.81 , 0.4344522476 , 0.63550
3.85 , 0.4344522476 , 0.64100
3.88 , 0.4344522476 , 0.64617
3.91 , 0.4344522476 , 0.65167
3.94 , 0.4344522476 , 0.65700
3.98 , 0.4344522476 , 0.66250
4.01 , 0.5430651664 , 0.66767
4.04 , 0.5430651664 , 0.67317
4.07 , 0.5430651664 , 0.67850
4.10 , 0.5430651664 , 0.68400
4.14 , 0.5430651664 , 0.68917
4.17 , 0.5430651664 , 0.69467
4.20 , 0.5430651664 , 0.70000
4.23 , 0.5430651664 , 0.70550
4.26 , 0.6516780853 , 0.71067
4.30 , 0.6516780853 , 0.71617
4.33 , 0.5430651664 , 0.72150
4.36 , 0.6516780853 , 0.72700
4.39 , 0.7602916240 , 0.73217
4.43 , 0.7602916240 , 0.73767
4.46 , 0.7602916240 , 0.74300
4.49 , 0.6516780853 , 0.74850
4.52 , 0.6516780853 , 0.75383
4.55 , 0.6516780853 , 0.75900
4.59 , 0.6516780853 , 0.76450
4.62 , 0.6516780853 , 0.76983
4.65 , 0.7602916240 , 0.77533
4.68 , 0.6516780853 , 0.78050
4.72 , 0.6516780853 , 0.78600
4.75 , 0.6516780853 , 0.79133
4.78 , 0.7602916240 , 0.79683
4.81 , 0.7602916240 , 0.80200
4.84 , 0.7602916240 , 0.80750
4.88 , 0.7602916240 , 0.81283
4.91 , 0.8689044952 , 0.81833
4.94 , 0.8689044952 , 0.82350
4.97 , 0.8689044952 , 0.82900
5.01 , 0.8689044952 , 0.83433
5.04 , 0.8689044952 , 0.83983
5.07 , 0.8689044952 , 0.84500
5.10 , 0.8689044952 , 0.85050
5.14 , 0.8689044952 , 0.85583
5.17 , 0.8689044952 , 0.86133
5.20 , 0.9775175094 , 0.86650
5.23 , 0.9775175094 , 0.87200
5.26 , 0.9775175094 , 0.87733
5.30 , 0.9775175094 , 0.88283
5.33 , 0.9775175094 , 0.88800
5.36 , 0.9775175094 , 0.89350
5.39 , 0.9775175094 , 0.89883
5.43 , 0.9775175094 , 0.90433
5.46 , 0.9775175094 , 0.90950
5.49 , 0.9775175094 , 0.91500
5.52 , 1.0861303806 , 0.92033
5.55 , 1.0861303806 , 0.92567
5.59 , 1.0861303806 , 0.93100
5.62 , 1.0861303806 , 0.93633
5.65 , 1.0861303806 , 0.94183
5.68 , 1.0861303806 , 0.94717
5.72 , 1.1947432708 , 0.95250
5.75 , 1.1947432708 , 0.95783
5.78 , 1.0861303806 , 0.96333
5.81 , 1.0861303806 , 0.96867
5.84 , 1.0861303806 , 0.97400
5.88 , 1.1947432708 , 0.97933
5.91 , 1.1947432708 , 0.98483
5.94 , 1.1947432708 , 0.99017
5.97 , 1.1947432708 , 0.99567
6.01 , 1.3033561706 , 1.00083
6.04 , 1.1947432708 , 1.00633
6.07 , 1.3033561706 , 1.01167
6.10 , 1.1947432708 , 1.01717
6.13 , 1.3033561706 , 1.02233
6.17 , 1.1947432708 , 1.02783
6.20 , 1.3033561706 , 1.03317
6.23 , 1.3033561706 , 1.03867
6.26 , 1.3033561706 , 1.04383
6.30 , 1.3033561706 , 1.04933
6.33 , 1.4119690895 , 1.05467
6.36 , 1.4119690895 , 1.06017
6.39 , 1.4119690895 , 1.06533
6.43 , 1.4119690895 , 1.07083
6.46 , 1.4119690895 , 1.07617
6.49 , 1.4119690895 , 1.08167
6.52 , 1.4119690895 , 1.08683
6.55 , 1.4119690895 , 1.09233
6.59 , 1.4119690895 , 1.09767
6.62 , 1.5205826759 , 1.10300
6.65 , 1.5205826759 , 1.10833
6.68 , 1.4119690895 , 1.11367
6.72 , 1.5205826759 , 1.11917
6.75 , 1.5205826759 , 1.12450
6.78 , 1.5205826759 , 1.12983
6.81 , 1.4119690895 , 1.13517
6.84 , 1.4119690895 , 1.14067
6.88 , 1.5205826759 , 1.14600
6.91 , 1.5205826759 , 1.15133
6.94 , 1.5205826759 , 1.15667
6.97 , 1.5205826759 , 1.16217
7.01 , 1.5205826759 , 1.16750
7.04 , 1.5205826759 , 1.17283
7.07 , 1.5205826759 , 1.17817
7.10 , 1.5205826759 , 1.18367
7.13 , 1.6291955947 , 1.18900
7.17 , 1.6291955947 , 1.19433
7.20 , 1.6291955947 , 1.19967
7.23 , 1.6291955947 , 1.20517
7.26 , 1.7378084659 , 1.21050
7.30 , 1.6291955947 , 1.21600
7.33 , 1.7378084659 , 1.22117
7.36 , 1.7378084659 , 1.22667
7.39 , 1.7378084659 , 1.23200
7.43 , 1.7378084659 , 1.23750
7.46 , 1.7378084659 , 1.24267
7.49 , 1.7378084659 , 1.24817
7.52 , 1.8464213371 , 1.25350
7.55 , 1.8464213371 , 1.25900
7.59 , 1.7378084659 , 1.26417
7.62 , 1.7378084659 , 1.26950
7.65 , 1.7378084659 , 1.27500
7.68 , 1.8464213371 , 1.28033
7.71 , 1.8464213371 , 1.28567
7.75 , 1.8464213371 , 1.29100
7.78 , 1.8464213371 , 1.29650
7.81 , 1.9550342559 , 1.30183
7.84 , 1.9550342559 , 1.30717
7.88 , 1.8464213371 , 1.31250
7.91 , 1.9550342559 , 1.31800
7.94 , 1.9550342559 , 1.32333
7.97 , 1.9550342559 , 1.32867
8.00 , 1.9550342559 , 1.33400
8.04 , 1.9550342559 , 1.33950
8.07 , 1.9550342559 , 1.34483
8.10 , 1.9550342559 , 1.35017
8.13 , 2.0636472702 , 1.35550
8.17 , 2.0636472702 , 1.36100
8.20 , 2.0636472702 , 1.36633
8.23 , 2.0636472702 , 1.37167
8.26 , 2.1722607612 , 1.37700
8.30 , 2.0636472702 , 1.38250
8.33 , 2.1722607612 , 1.38783
8.36 , 2.0636472702 , 1.39317
8.39 , 2.1722607612 , 1.39850
8.42 , 2.0636472702 , 1.40400
8.46 , 2.1722607612 , 1.40933
8.49 , 2.1722607612 , 1.41467
8.52 , 2.1722607612 , 1.42000
8.55 , 2.1722607612 , 1.42550
8.59 , 2.1722607612 , 1.43083
8.62 , 2.1722607612 , 1.43617
8.65 , 2.2808735370 , 1.44150
8.68 , 2.2808735370 , 1.44683
8.71 , 2.2808735370 , 1.45233
8.75 , 2.2808735370 , 1.45750
8.78 , 2.3894865512 , 1.46300
8.81 , 2.2808735370 , 1.46833
8.84 , 2.2808735370 , 1.47383
8.88 , 2.2808735370 , 1.47917
8.91 , 2.2808735370 , 1.48450
8.94 , 2.3894865512 , 1.48983
8.97 , 2.3894865512 , 1.49533
9.00 , 2.3894865512 , 1.50067
9.04 , 2.3894865512 , 1.50600
9.07 , 2.3894865512 , 1.51133
9.10 , 2.4980993270 , 1.51683
9.13 , 2.4980993270 , 1.52217
9.17 , 2.3894865512 , 1.52750
9.20 , 2.3894865512 , 1.53283
9.23 , 2.4980993270 , 1.53833
9.26 , 2.4980993270 , 1.54367
9.29 , 2.4980993270 , 1.54900
9.33 , 2.4980993270 , 1.55433
9.36 , 2.4980993270 , 1.55983
9.39 , 2.6067123413 , 1.56517
9.42 , 2.4980993270 , 1.57050
9.46 , 2.7153253555 , 1.57583
9.49 , 2.4980993270 , 1.58133
9.52 , 2.4980993270 , 1.58667
9.55 , 2.6067123413 , 1.59200
9.58 , 2.6067123413 , 1.59733
9.62 , 2.4980993270 , 1.60283
9.65 , 2.6067123413 , 1.60817
9.68 , 2.6067123413 , 1.61333
9.71 , 2.7153253555 , 1.61883
9.75 , 2.6067123413 , 1.62417
9.78 , 2.6067123413 , 1.62967
9.81 , 2.7153253555 , 1.63483
9.84 , 2.6067123413 , 1.64033
9.87 , 2.7153253555 , 1.64567
9.91 , 2.7153253555 , 1.65117
9.94 , 2.7153253555 , 1.65633
9.97 , 2.7153253555 , 1.66183
10.00 , 2.7153253555 , 1.66717
10.04 , 2.7153253555 , 1.67283
10.07 , 2.7153253555 , 1.67833
10.10 , 2.8239381790 , 1.68383
10.14 , 2.8239381790 , 1.68933
10.17 , 2.7153253555 , 1.69500
10.20 , 2.8239381790 , 1.70050
10.24 , 2.8239381790 , 1.70600
10.27 , 2.8239381790 , 1.71150
10.30 , 2.8239381790 , 1.71717
10.34 , 2.8239381790 , 1.72267
10.37 , 2.8239381790 , 1.72833
10.40 , 2.9325515747 , 1.73367
10.44 , 2.9325515747 , 1.73933
10.47 , 2.9325515747 , 1.74483
10.50 , 2.9325515747 , 1.75050
10.53 , 2.9325515747 , 1.75583
10.57 , 2.9325515747 , 1.76150
10.60 , 2.8239381790 , 1.76700
10.64 , 2.9325515747 , 1.77267
10.67 , 3.0411646366 , 1.77817
10.70 , 3.0411646366 , 1.78367
10.73 , 3.0411646366 , 1.78917
10.77 , 3.0411646366 , 1.79483
10.80 , 3.1497774124 , 1.80033
10.84 , 3.0411646366 , 1.80583
10.87 , 3.0411646366 , 1.81133
10.90 , 3.0411646366 , 1.81700
10.94 , 3.1497774124 , 1.82250
10.97 , 3.1497774124 , 1.82817
11.00 , 3.1497774124 , 1.83350
11.03 , 3.1497774124 , 1.83917
11.07 , 3.1497774124 , 1.84467
11.10 , 3.1497774124 , 1.85033
11.13 , 3.1497774124 , 1.85567
11.17 , 3.1497774124 , 1.86133
11.20 , 3.1497774124 , 1.86683
11.23 , 3.2583904266 , 1.87250
11.27 , 3.1497774124 , 1.87800
11.30 , 3.1497774124 , 1.88350
11.33 , 3.2583904266 , 1.88900
11.37 , 3.2583904266 , 1.89467
11.40 , 3.2583904266 , 1.90017
11.44 , 3.3670034408 , 1.90583
11.47 , 3.3670034408 , 1.91117
11.50 , 3.3670034408 , 1.91683
11.53 , 3.2583904266 , 1.92233
11.57 , 3.3670034408 , 1.92800
11.60 , 3.3670034408 , 1.93333
11.63 , 3.3670034408 , 1.93900
11.67 , 3.3670034408 , 1.94450
11.70 , 3.4756162166 , 1.95017
11.73 , 3.3670034408 , 1.95567
11.77 , 3.4756162166 , 1.96117
11.80 , 3.3670034408 , 1.96667
11.83 , 3.3670034408 , 1.97233
11.87 , 3.4756162166 , 1.97783
11.90 , 3.5842297077 , 1.98333
11.93 , 3.4756162166 , 1.98883
11.97 , 3.4756162166 , 1.99450
12.00 , 3.4756162166 , 2.00000
12.03 , 3.5842297077 , 2.00567
12.07 , 3.4756162166 , 2.01100
12.10 , 3.5842297077 , 2.01667
12.13 , 3.5842297077 , 2.02217
12.17 , 3.5842297077 , 2.02783
12.20 , 3.5842297077 , 2.03317
12.23 , 3.5842297077 , 2.03883
12.27 , 3.6928427219 , 2.04433
12.30 , 3.5842297077 , 2.05000
12.33 , 3.5842297077 , 2.05550
12.37 , 3.6928427219 , 2.06100
12.40 , 3.6928427219 , 2.06650
12.43 , 3.6928427219 , 2.07217
12.47 , 3.5842297077 , 2.07767
12.50 , 3.5842297077 , 2.08317
12.53 , 3.5842297077 , 2.08867
12.57 , 3.6928427219 , 2.09433
12.60 , 3.8014554977 , 2.09983
12.63 , 3.6928427219 , 2.10550
12.67 , 3.8014554977 , 2.11083
12.70 , 3.6928427219 , 2.11650
12.73 , 3.6928427219 , 2.12200
12.77 , 3.8014554977 , 2.12767
12.80 , 3.8014554977 , 2.13300
12.83 , 3.8014554977 , 2.13867
12.86 , 3.9100685119 , 2.14417
12.90 , 3.8014554977 , 2.14983
12.93 , 3.9100685119 , 2.15533
12.97 , 3.9100685119 , 2.16083
13.00 , 3.9100685119 , 2.16633
13.03 , 3.9100685119 , 2.17200
13.06 , 3.9100685119 , 2.17750
13.10 , 3.9100685119 , 2.18317
13.13 , 4.0186815261 , 2.18850
13.17 , 3.9100685119 , 2.19417
13.20 , 3.9100685119 , 2.19967
13.23 , 4.0186815261 , 2.20533
13.26 , 4.0186815261 , 2.21067
13.30 , 4.0186815261 , 2.21633
13.33 , 4.1272945404 , 2.22183
13.36 , 4.0186815261 , 2.22750
13.40 , 4.0186815261 , 2.23300
13.43 , 4.1272945404 , 2.23850
13.46 , 4.1272945404 , 2.24400
13.50 , 4.0186815261 , 2.24967
13.53 , 4.1272945404 , 2.25517
13.56 , 4.2359080314 , 2.26067
13.60 , 4.2359080314 , 2.26617
13.63 , 4.1272945404 , 2.27183
13.66 , 4.1272945404 , 2.27733
13.70 , 4.2359080314 , 2.28300
13.73 , 4.2359080314 , 2.28833
13.76 , 4.2359080314 , 2.29400
13.80 , 4.2359080314 , 2.29950
13.83 , 4.2359080314 , 2.30517
13.86 , 4.2359080314 , 2.31050
13.90 , 4.3445205688 , 2.31617
13.93 , 4.2359080314 , 2.32167
13.96 , 4.2359080314 , 2.32733
14.00 , 4.3445205688 , 2.33283
14.03 , 4.3445205688 , 2.33833
14.06 , 4.3445205688 , 2.34383
14.10 , 4.3445205688 , 2.34950
14.13 , 4.2359080314 , 2.35500
14.16 , 4.3445205688 , 2.36050
14.20 , 4.3445205688 , 2.36600
14.23 , 4.4531335830 , 2.37167
14.26 , 4.4531335830 , 2.37717
14.30 , 4.3445205688 , 2.38283
14.33 , 4.4531335830 , 2.38817
14.36 , 4.4531335830 , 2.39383
14.40 , 4.3445205688 , 2.39933
14.43 , 4.4531335830 , 2.40500
14.46 , 4.4531335830 , 2.41033
14.50 , 4.5617465972 , 2.41600
14.53 , 4.4531335830 , 2.42150
14.56 , 4.4531335830 , 2.42717
14.60 , 4.5617465972 , 2.43267
14.63 , 4.5617465972 , 2.43817
14.66 , 4.5617465972 , 2.44367
14.70 , 4.5617465972 , 2.44933
14.73 , 4.5617465972 , 2.45483
14.76 , 4.6703596115 , 2.46050
14.80 , 4.6703596115 , 2.46583
14.83 , 4.6703596115 , 2.47150
14.86 , 4.6703596115 , 2.47700
14.90 , 4.6703596115 , 2.48267
14.93 , 4.6703596115 , 2.48800
14.96 , 4.6703596115 , 2.49367
15.00 , 4.6703596115 , 2.49917
15.03 , 4.7789726257 , 2.50483
15.06 , 4.6703596115 , 2.51033
15.10 , 4.6703596115 , 2.51583
15.13 , 4.7789726257 , 2.52133
15.16 , 4.6703596115 , 2.52700
15.19 , 4.8875851631 , 2.53250
15.23 , 4.7789726257 , 2.53800
15.26 , 4.7789726257 , 2.54350
15.30 , 4.7789726257 , 2.54917
15.33 , 4.7789726257 , 2.55467
15.36 , 4.7789726257 , 2.56033
15.39 , 4.7789726257 , 2.56567
15.43 , 4.8875851631 , 2.57133
15.46 , 4.8875851631 , 2.57683
15.50 , 4.8875851631 , 2.58250
15.53 , 4.8875851631 , 2.58783
15.56 , 4.8875851631 , 2.59350
15.59 , 4.9961986541 , 2.59900
15.63 , 4.9961986541 , 2.60467
15.66 , 4.8875851631 , 2.61017
15.69 , 4.8875851631 , 2.61567
15.73 , 4.9961986541 , 2.62117
15.76 , 4.8875851631 , 2.62683
15.79 , 4.9961986541 , 2.63233
15.83 , 4.9961986541 , 2.63783
15.86 , 4.9961986541 , 2.64333
15.89 , 5.1048116683 , 2.64900
15.93 , 5.1048116683 , 2.65450
15.96 , 4.9961986541 , 2.66017
15.99 , 4.9961986541 , 2.66550
16.03 , 5.1048116683 , 2.67117
16.06 , 5.2134246826 , 2.67667
16.09 , 5.1048116683 , 2.68233
16.13 , 5.2134246826 , 2.68767
16.16 , 5.2134246826 , 2.69333
16.19 , 5.2134246826 , 2.69883
16.23 , 5.2134246826 , 2.70450
16.26 , 5.2134246826 , 2.71000
16.29 , 5.2134246826 , 2.71550
16.33 , 5.2134246826 , 2.72100
16.36 , 5.2134246826 , 2.72667
16.39 , 5.3220376968 , 2.73217
16.43 , 5.2134246826 , 2.73783
16.46 , 5.3220376968 , 2.74317
16.49 , 5.3220376968 , 2.74883
16.53 , 5.4306507110 , 2.75433
16.56 , 5.3220376968 , 2.76000
16.59 , 5.3220376968 , 2.76533
16.63 , 5.3220376968 , 2.77100
16.66 , 5.3220376968 , 2.77650
16.69 , 5.4306507110 , 2.78217
16.73 , 5.3220376968 , 2.78767
16.76 , 5.4306507110 , 2.79317
16.79 , 5.3220376968 , 2.79867
16.83 , 5.3220376968 , 2.80433
16.86 , 5.4306507110 , 2.80983
16.89 , 5.3220376968 , 2.81533
16.92 , 5.4306507110 , 2.82083
16.96 , 5.4306507110 , 2.82650
16.99 , 5.4306507110 , 2.83200
17.03 , 5.5392632484 , 2.83767
17.06 , 5.5392632484 , 2.84300
17.09 , 5.5392632484 , 2.84867
17.12 , 5.5392632484 , 2.85417
17.16 , 5.5392632484 , 2.85983
17.19 , 5.6478762626 , 2.86517
17.22 , 5.5392632484 , 2.87083
17.26 , 5.6478762626 , 2.87633
17.29 , 5.6478762626 , 2.88200
17.32 , 5.6478762626 , 2.88750
17.36 , 5.6478762626 , 2.89300
17.39 , 5.6478762626 , 2.89850
17.42 , 5.7564892768 , 2.90417
17.46 , 5.6478762626 , 2.90967
17.49 , 5.7564892768 , 2.91517
17.52 , 5.6478762626 , 2.92067
17.56 , 5.7564892768 , 2.92633
17.59 , 5.7564892768 , 2.93183
17.62 , 5.7564892768 , 2.93750
17.66 , 5.7564892768 , 2.94283
17.69 , 5.7564892768 , 2.94850
17.72 , 5.7564892768 , 2.95400
17.76 , 5.6478762626 , 2.95967
17.79 , 5.7564892768 , 2.96500
17.82 , 5.9737162590 , 2.97067
17.86 , 5.8651022911 , 2.97617
17.89 , 5.8651022911 , 2.98183
17.92 , 5.8651022911 , 2.98733
17.96 , 5.8651022911 , 2.99283
17.99 , 5.8651022911 , 2.99833
18.02 , 5.8651022911 , 3.00400
18.06 , 5.9737162590 , 3.00950
18.09 , 5.9737162590 , 3.01517
18.12 , 5.9737162590 , 3.02050
18.16 , 5.9737162590 , 3.02617
18.19 , 5.9737162590 , 3.03167
18.22 , 5.9737162590 , 3.03733
18.26 , 5.9737162590 , 3.04267
18.29 , 5.9737162590 , 3.04833
18.32 , 6.0823292732 , 3.05383
18.36 , 6.0823292732 , 3.05950
18.39 , 5.9737162590 , 3.06500
18.42 , 6.0823292732 , 3.07050
18.46 , 6.1909422874 , 3.07600
18.49 , 6.1909422874 , 3.08167
18.52 , 6.1909422874 , 3.08717
18.56 , 6.0823292732 , 3.09267
18.59 , 6.0823292732 , 3.09817
18.62 , 6.2995548248 , 3.10383
18.66 , 6.1909422874 , 3.10933
18.69 , 6.1909422874 , 3.11500
18.72 , 6.1909422874 , 3.12033
18.76 , 6.1909422874 , 3.12600
18.79 , 6.4081678390 , 3.13150
18.82 , 6.1909422874 , 3.13717
18.85 , 6.1909422874 , 3.14250
18.89 , 6.2995548248 , 3.14817
18.92 , 6.1909422874 , 3.15367
18.96 , 6.4081678390 , 3.15933
18.99 , 6.2995548248 , 3.16483
19.02 , 6.2995548248 , 3.17033
19.05 , 6.2995548248 , 3.17583
19.09 , 6.4081678390 , 3.18150
19.12 , 6.2995548248 , 3.18700
19.15 , 6.4081678390 , 3.19250
19.19 , 6.4081678390 , 3.19800
19.22 , 6.4081678390 , 3.20367
19.25 , 6.5167808532 , 3.20917
19.29 , 6.4081678390 , 3.21483
19.32 , 6.5167808532 , 3.22017
19.35 , 6.4081678390 , 3.22583
19.39 , 6.4081678390 , 3.23133
19.42 , 6.5167808532 , 3.23700
19.45 , 6.5167808532 , 3.24233
19.49 , 6.5167808532 , 3.24800
19.52 , 6.6253938674 , 3.25350
19.55 , 6.5167808532 , 3.25917
19.59 , 6.6253938674 , 3.26467
19.62 , 6.5167808532 , 3.27017
19.65 , 6.5167808532 , 3.27567
19.69 , 6.5167808532 , 3.28133
19.72 , 6.7340068817 , 3.28683
19.75 , 6.6253938674 , 3.29250
19.79 , 6.7340068817 , 3.29783
19.82 , 6.6253938674 , 3.30350
19.85 , 6.6253938674 , 3.30900
19.89 , 6.7340068817 , 3.31467
19.92 , 6.6253938674 , 3.32000
19.95 , 6.7340068817 , 3.32567
19.99 , 6.7340068817 , 3.33117
20.02 , 6.7340068817 , 3.33683
20.05 , 6.7340068817 , 3.34233
20.09 , 6.7340068817 , 3.34783
20.12 , 6.7340068817 , 3.35333
20.15 , 6.7340068817 , 3.35900
20.19 , 6.7340068817 , 3.36450
20.22 , 6.9512324333 , 3.37000
20.25 , 6.8426194190 , 3.37550
20.29 , 6.8426194190 , 3.38117
20.32 , 6.8426194190 , 3.38667
20.35 , 6.9512324333 , 3.39233
20.39 , 6.9512324333 , 3.39767
20.42 , 6.9512324333 , 3.40333
20.45 , 6.9512324333 , 3.40883
20.49 , 6.9512324333 , 3.41450
20.52 , 6.9512324333 , 3.41983
20.55 , 6.9512324333 , 3.42550
20.59 , 7.0598454475 , 3.43100
20.62 , 7.0598454475 , 3.43667
20.65 , 7.0598454475 , 3.44217
20.69 , 7.0598454475 , 3.44767
20.72 , 7.0598454475 , 3.45317
20.75 , 7.0598454475 , 3.45883
20.79 , 7.1684584617 , 3.46433
20.82 , 7.1684584617 , 3.46983
20.85 , 7.0598454475 , 3.47533
20.89 , 7.1684584617 , 3.48100
20.92 , 7.0598454475 , 3.48650
20.95 , 7.1684584617 , 3.49217
20.98 , 7.1684584617 , 3.49750
21.02 , 7.1684584617 , 3.50317
21.05 , 7.1684584617 , 3.50867
21.09 , 7.0598454475 , 3.51433
21.12 , 7.1684584617 , 3.51967
21.15 , 7.2770709991 , 3.52533
21.18 , 7.1684584617 , 3.53083
21.22 , 7.1684584617 , 3.53650
21.25 , 7.1684584617 , 3.54200
21.28 , 7.2770709991 , 3.54750
21.32 , 7.2770709991 , 3.55300
21.35 , 7.1684584617 , 3.55867
21.38 , 7.2770709991 , 3.56417
21.42 , 7.3856854438 , 3.56983
21.45 , 7.2770709991 , 3.57517
21.48 , 7.3856854438 , 3.58083
21.52 , 7.2770709991 , 3.58633
21.55 , 7.3856854438 , 3.59200
21.58 , 7.3856854438 , 3.59733
21.62 , 7.3856854438 , 3.60300
21.65 , 7.3856854438 , 3.60850
21.68 , 7.3856854438 , 3.61417
21.72 , 7.3856854438 , 3.61967
21.75 , 7.4942984580 , 3.62517
21.78 , 7.6029109954 , 3.63067
21.82 , 7.4942984580 , 3.63633
21.85 , 7.4942984580 , 3.64183
21.88 , 7.3856854438 , 3.64733
21.92 , 7.4942984580 , 3.65283
21.95 , 7.4942984580 , 3.65850
21.98 , 7.4942984580 , 3.66400
22.02 , 7.6029109954 , 3.66967
22.05 , 7.6029109954 , 3.67500
22.08 , 7.7115240097 , 3.68067
22.12 , 7.6029109954 , 3.68617
22.15 , 7.6029109954 , 3.69183
22.18 , 7.6029109954 , 3.69717
22.22 , 7.6029109954 , 3.70283
22.25 , 7.7115240097 , 3.70833
22.28 , 7.7115240097 , 3.71400
22.32 , 7.7115240097 , 3.71950
22.35 , 7.7115240097 , 3.72500
22.38 , 7.7115240097 , 3.73050
22.42 , 7.8201370239 , 3.73617
22.45 , 7.6029109954 , 3.74167
22.48 , 7.8201370239 , 3.74717
22.52 , 7.7115240097 , 3.75267
22.55 , 7.7115240097 , 3.75833
22.58 , 7.8201370239 , 3.76383
22.62 , 7.8201370239 , 3.76950
22.65 , 7.8201370239 , 3.77483
22.68 , 7.8201370239 , 3.78050
22.72 , 7.9287500381 , 3.78600
22.75 , 7.8201370239 , 3.79167
22.78 , 7.8201370239 , 3.79700
22.82 , 7.9287500381 , 3.80267
22.85 , 7.9287500381 , 3.80817
22.88 , 7.9287500381 , 3.81383
22.92 , 7.9287500381 , 3.81933
22.95 , 8.0373630523 , 3.82483
22.98 , 8.0373630523 , 3.83033
23.02 , 7.9287500381 , 3.83600
23.05 , 7.9287500381 , 3.84150
23.08 , 8.0373630523 , 3.84717
23.11 , 8.0373630523 , 3.85250
23.15 , 8.0373630523 , 3.85817
23.18 , 8.0373630523 , 3.86367
23.22 , 8.0373630523 , 3.86933
23.25 , 8.1459760665 , 3.87467
23.28 , 8.0373630523 , 3.88033
23.31 , 8.1459760665 , 3.88583
23.35 , 8.1459760665 , 3.89150
23.38 , 8.1459760665 , 3.89700
23.42 , 8.1459760665 , 3.90250
23.45 , 8.2545890808 , 3.90800
23.48 , 8.2545890808 , 3.91367
23.51 , 8.1459760665 , 3.91917
23.55 , 8.1459760665 , 3.92467
23.58 , 8.1459760665 , 3.93017
23.61 , 8.1459760665 , 3.93583
23.65 , 8.2545890808 , 3.94133
23.68 , 8.2545890808 , 3.94700
23.71 , 8.2545890808 , 3.95233
23.75 , 8.2545890808 , 3.95800
23.78 , 8.2545890808 , 3.96350
23.81 , 8.2545890808 , 3.96917
23.85 , 8.2545890808 , 3.97450
23.88 , 8.3632011413 , 3.98017
23.91 , 8.3632011413 , 3.98567
23.95 , 8.3632011413 , 3.99133
23.98 , 8.3632011413 , 3.99683
24.01 , 8.3632011413 , 4.00233
24.05 , 8.3632011413 , 4.00783
24.08 , 8.4718141555 , 4.01350
24.11 , 8.4718141555 , 4.01900
24.15 , 8.3632011413 , 4.02450
24.18 , 8.4718141555 , 4.03000
24.21 , 8.4718141555 , 4.03567
24.25 , 8.4718141555 , 4.04117
24.28 , 8.4718141555 , 4.04683
24.31 , 8.4718141555 , 4.05217
24.35 , 8.5804271697 , 4.05783
24.38 , 8.5804271697 , 4.06333
24.41 , 8.5804271697 , 4.06900
24.45 , 8.5804271697 , 4.07433
24.48 , 8.5804271697 , 4.08000
24.51 , 8.5804271697 , 4.08550
24.55 , 8.6890401840 , 4.09117
24.58 , 8.6890401840 , 4.09667
24.61 , 8.6890401840 , 4.10217
24.65 , 8.6890401840 , 4.10767
24.68 , 8.5804271697 , 4.11333
24.71 , 8.6890401840 , 4.11883
24.75 , 8.6890401840 , 4.12450
24.78 , 8.6890401840 , 4.12983
24.81 , 8.6890401840 , 4.13550
24.85 , 8.7976541519 , 4.14100
24.88 , 8.7976541519 , 4.14667
24.91 , 8.7976541519 , 4.15200
24.95 , 8.6890401840 , 4.15767
24.98 , 8.7976541519 , 4.16317
25.01 , 8.7976541519 , 4.16883
25.05 , 8.7976541519 , 4.17433
25.08 , 8.9062671661 , 4.17983
25.11 , 8.7976541519 , 4.18533
25.15 , 8.7976541519 , 4.19100
25.18 , 8.9062671661 , 4.19650
25.21 , 8.7976541519 , 4.20200
25.25 , 8.9062671661 , 4.20750
25.28 , 8.9062671661 , 4.21317
25.31 , 8.9062671661 , 4.21867
25.35 , 9.0148801803 , 4.22433
25.38 , 9.0148801803 , 4.22967
25.41 , 8.9062671661 , 4.23533
25.44 , 9.0148801803 , 4.24083
25.48 , 8.9062671661 , 4.24650
25.51 , 9.0148801803 , 4.25183
25.54 , 9.1234931945 , 4.25750
25.58 , 9.0148801803 , 4.26300
25.61 , 9.0148801803 , 4.26867
25.64 , 9.1234931945 , 4.27417
25.68 , 9.0148801803 , 4.27967
25.71 , 9.0148801803 , 4.28517
25.75 , 9.2321062088 , 4.29083
25.78 , 9.1234931945 , 4.29633
25.81 , 9.1234931945 , 4.30183
25.84 , 9.1234931945 , 4.30733
25.88 , 9.1234931945 , 4.31300
25.91 , 9.1234931945 , 4.31850
25.94 , 9.2321062088 , 4.32417
25.98 , 9.2321062088 , 4.32950
26.01 , 9.2321062088 , 4.33517
26.04 , 9.2321062088 , 4.34067
26.08 , 9.2321062088 , 4.34633
26.11 , 9.2321062088 , 4.35167
26.14 , 9.2321062088 , 4.35733
26.18 , 9.2321062088 , 4.36283
26.21 , 9.3407192230 , 4.36850
26.24 , 9.3407192230 , 4.37400
26.28 , 9.3407192230 , 4.37950
26.31 , 9.3407192230 , 4.38500
26.34 , 9.3407192230 , 4.39067
26.38 , 9.3407192230 , 4.39617
26.41 , 9.4493322372 , 4.40183
26.44 , 9.4493322372 , 4.40717
26.48 , 9.4493322372 , 4.41283
26.51 , 9.4493322372 , 4.41833
26.54 , 9.4493322372 , 4.42400
26.58 , 9.3407192230 , 4.42933
26.61 , 9.4493322372 , 4.43500
26.64 , 9.4493322372 , 4.44050
26.68 , 9.5579452514 , 4.44617
26.71 , 9.5579452514 , 4.45167
26.74 , 9.5579452514 , 4.45717
26.78 , 9.4493322372 , 4.46267
26.81 , 9.5579452514 , 4.46833
26.84 , 9.5579452514 , 4.47383
26.88 , 9.5579452514 , 4.47933
26.91 , 9.5579452514 , 4.48483
26.94 , 9.6665573120 , 4.49050
26.98 , 9.5579452514 , 4.49600
27.01 , 9.6665573120 , 4.50167
27.04 , 9.5579452514 , 4.50700
27.08 , 9.6665573120 , 4.51267
27.11 , 9.6665573120 , 4.51817
27.14 , 9.6665573120 , 4.52383
27.17 , 9.7751703262 , 4.52917
27.21 , 9.7751703262 , 4.53483
27.24 , 9.6665573120 , 4.54033
27.28 , 9.7751703262 , 4.54600
27.31 , 9.7751703262 , 4.55150
27.34 , 9.7751703262 , 4.55700
27.37 , 9.7751703262 , 4.56250
27.41 , 9.8837833404 , 4.56817
27.44 , 9.7751703262 , 4.57367
27.47 , 9.7751703262 , 4.57917
27.51 , 9.9923963546 , 4.58467
27.54 , 9.9923963546 , 4.59033
27.57 , 9.8837833404 , 4.59583
27.61 , 9.9923963546 , 4.60150
27.64 , 9.8837833404 , 4.60683
27.67 , 9.8837833404 , 4.61250
27.71 , 9.9923963546 , 4.61800
27.74 , 9.9923963546 , 4.62367
27.77 , 9.9923963546 , 4.62900
27.81 , 10.1010093688 , 4.63467
27.84 , 9.9923963546 , 4.64033
27.88 , 10.1010093688 , 4.64600
27.91 , 10.2096233367 , 4.65167
27.94 , 9.9923963546 , 4.65733
27.98 , 10.1010093688 , 4.66283
28.01 , 10.2096233367 , 4.66867
28.05 , 9.9923963546 , 4.67433
28.08 , 10.1010093688 , 4.68000
28.11 , 10.2096233367 , 4.68550
28.15 , 10.1010093688 , 4.69133
28.18 , 10.1010093688 , 4.69700
28.22 , 10.2096233367 , 4.70283
28.25 , 10.1010093688 , 4.70850
28.28 , 10.2096233367 , 4.71417
28.32 , 10.2096233367 , 4.72000
28.35 , 10.2096233367 , 4.72567
28.39 , 10.1010093688 , 4.73150
28.42 , 10.2096233367 , 4.73717
28.46 , 10.2096233367 , 4.74283
28.49 , 10.3182363510 , 4.74850
28.53 , 10.2096233367 , 4.75433
28.56 , 10.3182363510 , 4.76000
28.59 , 10.3182363510 , 4.76583
28.63 , 10.3182363510 , 4.77133
28.66 , 10.3182363510 , 4.77717
28.70 , 10.3182363510 , 4.78283
28.73 , 10.3182363510 , 4.78867
28.77 , 10.3182363510 , 4.79433
28.80 , 10.4268493652 , 4.80017
28.83 , 10.4268493652 , 4.80567
28.87 , 10.4268493652 , 4.81150
28.90 , 10.4268493652 , 4.81717
28.94 , 10.4268493652 , 4.82300
28.97 , 10.4268493652 , 4.82867
29.01 , 10.4268493652 , 4.83433
29.04 , 10.5354623794 , 4.84000
29.07 , 10.4268493652 , 4.84583
29.11 , 10.5354623794 , 4.85150
29.14 , 10.4268493652 , 4.85733
29.18 , 10.5354623794 , 4.86283
29.21 , 10.5354623794 , 4.86867
29.25 , 10.5354623794 , 4.87433
29.28 , 10.5354623794 , 4.88017
29.31 , 10.6440753936 , 4.88583
29.35 , 10.5354623794 , 4.89150
29.38 , 10.6440753936 , 4.89733
29.42 , 10.6440753936 , 4.90300
29.45 , 10.7526884078 , 4.90883
29.49 , 10.7526884078 , 4.91450
29.52 , 10.6440753936 , 4.92017
29.55 , 10.7526884078 , 4.92583
29.59 , 10.7526884078 , 4.93167
29.62 , 10.7526884078 , 4.93733
29.66 , 10.7526884078 , 4.94317
29.69 , 10.8613014221 , 4.94867
29.73 , 10.7526884078 , 4.95450
29.76 , 10.7526884078 , 4.96017
29.80 , 10.8613014221 , 4.96600
29.83 , 10.8613014221 , 4.97167
29.86 , 10.8613014221 , 4.97733
29.90 , 10.8613014221 , 4.98300
29.93 , 10.8613014221 , 4.98883
29.97 , 10.9699134826 , 4.99450
30.00 , 10.8613014221 , 5.00033
30.03 , 10.9699134826 , 5.00583
30.07 , 10.9699134826 , 5.01167
30.10 , 10.9699134826 , 5.01733
30.14 , 11.0785264968 , 5.02317
30.17 , 10.9699134826 , 5.02883
30.21 , 10.9699134826 , 5.03467
30.24 , 10.9699134826 , 5.04017
30.28 , 11.0785264968 , 5.04600
30.31 , 11.1871395111 , 5.05167
30.34 , 11.0785264968 , 5.05750
30.38 , 11.1871395111 , 5.06317
30.41 , 11.0785264968 , 5.06883
30.45 , 11.1871395111 , 5.07450
30.48 , 11.0785264968 , 5.08033
30.52 , 11.0785264968 , 5.08617
30.55 , 11.1871395111 , 5.09183
30.58 , 11.1871395111 , 5.09750
30.62 , 11.2957525253 , 5.10317
30.65 , 11.1871395111 , 5.10900
30.69 , 11.1871395111 , 5.11467
30.72 , 11.1871395111 , 5.12050
30.76 , 11.1871395111 , 5.12600
30.79 , 11.2957525253 , 5.13183
30.82 , 11.1871395111 , 5.13750
30.86 , 11.1871395111 , 5.14333
30.89 , 11.2957525253 , 5.14900
30.93 , 11.4043655395 , 5.15467
30.96 , 11.2957525253 , 5.16033
31.00 , 11.2957525253 , 5.16617
31.03 , 11.4043655395 , 5.17183
31.07 , 11.2957525253 , 5.17767
31.10 , 11.2957525253 , 5.18317
31.13 , 11.2957525253 , 5.18900
31.17 , 11.4043655395 , 5.19467
31.20 , 11.4043655395 , 5.20050
31.24 , 11.4043655395 , 5.20617
31.27 , 11.5129785537 , 5.21183
31.30 , 11.4043655395 , 5.21750
31.34 , 11.4043655395 , 5.22333
31.37 , 11.5129785537 , 5.22900
31.41 , 11.6215925216 , 5.23483
31.44 , 11.5129785537 , 5.24033
31.48 , 11.5129785537 , 5.24617
31.51 , 11.5129785537 , 5.25183
31.55 , 11.5129785537 , 5.25767
31.58 , 11.5129785537 , 5.26350
31.61 , 11.6215925216 , 5.26900
31.65 , 11.6215925216 , 5.27483
31.68 , 11.6215925216 , 5.28050
31.72 , 11.6215925216 , 5.28633
31.75 , 11.6215925216 , 5.29200
31.79 , 11.7302055358 , 5.29783
31.82 , 11.6215925216 , 5.30333
31.85 , 11.6215925216 , 5.30917
31.89 , 11.7302055358 , 5.31483
31.92 , 11.8388185501 , 5.32067
31.96 , 11.7302055358 , 5.32633
31.99 , 11.7302055358 , 5.33200
32.03 , 11.8388185501 , 5.33767
32.06 , 11.7302055358 , 5.34350
32.10 , 11.8388185501 , 5.34917
32.13 , 11.8388185501 , 5.35500
32.16 , 11.7302055358 , 5.36050
32.20 , 11.8388185501 , 5.36633
32.23 , 11.8388185501 , 5.37200
32.27 , 11.8388185501 , 5.37783
32.30 , 11.9474315643 , 5.38350
32.34 , 11.9474315643 , 5.38917
32.37 , 12.0560445785 , 5.39483
32.40 , 11.9474315643 , 5.40067
32.44 , 11.9474315643 , 5.40633
32.47 , 12.0560445785 , 5.41217
32.51 , 12.0560445785 , 5.41767
32.54 , 12.0560445785 , 5.42350
32.58 , 12.0560445785 , 5.42917
32.61 , 12.0560445785 , 5.43500
32.64 , 12.0560445785 , 5.44067
32.68 , 12.0560445785 , 5.44633
32.71 , 12.0560445785 , 5.45217
32.75 , 12.1646575927 , 5.45783
32.78 , 12.1646575927 , 5.46367
32.82 , 12.0560445785 , 5.46933
32.85 , 12.0560445785 , 5.47500
32.88 , 12.1646575927 , 5.48067
32.92 , 12.1646575927 , 5.48650
32.95 , 12.1646575927 , 5.49217
32.99 , 12.2732696533 , 5.49800
33.02 , 12.1646575927 , 5.50350
33.06 , 12.1646575927 , 5.50933
33.09 , 12.1646575927 , 5.51500
33.13 , 12.2732696533 , 5.52083
33.16 , 12.2732696533 , 5.52650
33.19 , 12.2732696533 , 5.53217
33.23 , 12.2732696533 , 5.53783
33.26 , 12.2732696533 , 5.54367
33.30 , 12.2732696533 , 5.54933
33.33 , 12.2732696533 , 5.55517
33.36 , 12.2732696533 , 5.56067
33.40 , 12.3818826675 , 5.56650
33.43 , 12.2732696533 , 5.57217
33.47 , 12.3818826675 , 5.57800
33.50 , 12.3818826675 , 5.58367
33.54 , 12.3818826675 , 5.58950
33.57 , 12.3818826675 , 5.59500
33.61 , 12.3818826675 , 5.60083
33.64 , 12.3818826675 , 5.60650
33.67 , 12.4904956817 , 5.61233
33.71 , 12.4904956817 , 5.61800
33.74 , 12.5991086959 , 5.62367
33.78 , 12.5991086959 , 5.62950
33.81 , 12.4904956817 , 5.63517
33.85 , 12.5991086959 , 5.64100
33.88 , 12.5991086959 , 5.64667
33.91 , 12.5991086959 , 5.65233
33.95 , 12.5991086959 , 5.65800
33.98 , 12.5991086959 , 5.66383
34.02 , 12.5991086959 , 5.66950
34.05 , 12.7077217102 , 5.67533
34.09 , 12.5991086959 , 5.68083
34.12 , 12.7077217102 , 5.68667
34.15 , 12.7077217102 , 5.69233
34.19 , 12.7077217102 , 5.69817
34.22 , 12.7077217102 , 5.70383
34.26 , 12.7077217102 , 5.70950
34.29 , 12.7077217102 , 5.71517
34.33 , 12.8163347244 , 5.72100
34.36 , 12.7077217102 , 5.72667
34.40 , 12.8163347244 , 5.73250
34.43 , 12.8163347244 , 5.73800
34.46 , 12.8163347244 , 5.74383
34.50 , 12.8163347244 , 5.74950
34.53 , 12.9249486923 , 5.75533
34.57 , 12.9249486923 , 5.76100
34.60 , 13.0335617065 , 5.76667
34.63 , 12.9249486923 , 5.77233
34.67 , 12.8163347244 , 5.77817
34.70 , 12.9249486923 , 5.78383
34.74 , 12.9249486923 , 5.78967
34.77 , 13.1421747207 , 5.79517
34.81 , 13.0335617065 , 5.80100
34.84 , 13.0335617065 , 5.80667
34.88 , 13.0335617065 , 5.81250
34.91 , 13.1421747207 , 5.81833
34.94 , 13.1421747207 , 5.82400
34.98 , 13.0335617065 , 5.82967
35.01 , 13.1421747207 , 5.83533
35.05 , 13.1421747207 , 5.84117
35.08 , 13.1421747207 , 5.84683
35.12 , 13.2507877349 , 5.85267
35.15 , 13.1421747207 , 5.85817
35.18 , 13.1421747207 , 5.86400
35.22 , 13.2507877349 , 5.86967
35.25 , 13.2507877349 , 5.87550
35.29 , 13.2507877349 , 5.88117
35.32 , 13.2507877349 , 5.88683
35.36 , 13.2507877349 , 5.89250
35.39 , 13.2507877349 , 5.89833
35.42 , 13.1421747207 , 5.90400
35.46 , 13.2507877349 , 5.90983
35.49 , 13.2507877349 , 5.91533
35.53 , 13.2507877349 , 5.92117
35.56 , 13.2507877349 , 5.92683
35.60 , 13.3594007492 , 5.93267
35.63 , 13.3594007492 , 5.93833
35.66 , 13.3594007492 , 5.94400
35.70 , 13.3594007492 , 5.94967
35.73 , 13.3594007492 , 5.95550
35.77 , 13.4680137634 , 5.96117
35.80 , 13.3594007492 , 5.96700
35.84 , 13.4680137634 , 5.97250
35.87 , 13.4680137634 , 5.97833
35.90 , 13.4680137634 , 5.98400
35.94 , 13.4680137634 , 5.98983
35.97 , 13.4680137634 , 5.99567
36.01 , 13.4680137634 , 6.00117
36.04 , 13.4680137634 , 6.00700
36.08 , 13.4680137634 , 6.01267
36.11 , 13.5766258239 , 6.01850
36.15 , 13.4680137634 , 6.02417
36.18 , 13.5766258239 , 6.02983
36.21 , 13.4680137634 , 6.03550
36.25 , 13.6852388381 , 6.04133
36.28 , 13.5766258239 , 6.04700
36.32 , 13.5766258239 , 6.05283
36.35 , 13.6852388381 , 6.05833
36.38 , 13.5766258239 , 6.06417
36.42 , 13.6852388381 , 6.06983
36.45 , 13.7938518524 , 6.07567
36.49 , 13.7938518524 , 6.08133
36.52 , 13.6852388381 , 6.08717
36.56 , 13.6852388381 , 6.09267
36.59 , 13.7938518524 , 6.09850
36.63 , 13.7938518524 , 6.10417
36.66 , 13.7938518524 , 6.11000
36.69 , 13.6852388381 , 6.11567
36.73 , 13.9024648666 , 6.12133
36.76 , 13.9024648666 , 6.12700
36.80 , 13.9024648666 , 6.13283
36.83 , 13.7938518524 , 6.13850
36.87 , 13.9024648666 , 6.14433
36.90 , 13.9024648666 , 6.14983
36.93 , 13.9024648666 , 6.15567
36.97 , 14.0110778808 , 6.16133
37.00 , 14.0110778808 , 6.16717
37.04 , 14.0110778808 , 6.17283
37.07 , 13.9024648666 , 6.17850
37.11 , 14.0110778808 , 6.18433
37.14 , 14.0110778808 , 6.19000
37.18 , 14.0110778808 , 6.19583
37.21 , 14.1196908950 , 6.20150
37.24 , 14.1196908950 , 6.20717
37.28 , 14.1196908950 , 6.21283
37.31 , 14.0110778808 , 6.21867
37.35 , 14.1196908950 , 6.22433
37.38 , 14.1196908950 , 6.23017
37.41 , 14.2283039093 , 6.23567
37.45 , 14.1196908950 , 6.24150
37.48 , 14.2283039093 , 6.24717
37.52 , 14.2283039093 , 6.25300
37.55 , 14.2283039093 , 6.25867
37.59 , 14.2283039093 , 6.26433
37.62 , 14.2283039093 , 6.27000
37.65 , 14.3369178771 , 6.27583
37.69 , 14.1196908950 , 6.28150
37.72 , 14.2283039093 , 6.28733
37.76 , 14.2283039093 , 6.29283
37.79 , 14.2283039093 , 6.29867
37.83 , 14.3369178771 , 6.30433
37.86 , 14.2283039093 , 6.31017
37.90 , 14.4455308914 , 6.31583
37.93 , 14.3369178771 , 6.32150
37.96 , 14.3369178771 , 6.32717
38.00 , 14.3369178771 , 6.33300
38.03 , 14.4455308914 , 6.33867
38.07 , 14.3369178771 , 6.34450
38.10 , 14.4455308914 , 6.35000
38.13 , 14.3369178771 , 6.35583
38.17 , 14.4455308914 , 6.36167
38.20 , 14.4455308914 , 6.36733
38.24 , 14.5541439056 , 6.37317
38.27 , 14.5541439056 , 6.37883
38.31 , 14.4455308914 , 6.38450
38.34 , 14.4455308914 , 6.39017
38.38 , 14.5541439056 , 6.39600
38.41 , 14.5541439056 , 6.40167
38.45 , 14.5541439056 , 6.40750
38.48 , 14.5541439056 , 6.41300
38.51 , 14.5541439056 , 6.41883
38.55 , 14.5541439056 , 6.42450
38.58 , 14.5541439056 , 6.43033
38.62 , 14.5541439056 , 6.43600
38.65 , 14.5541439056 , 6.44167
38.68 , 14.6627569198 , 6.44733
38.72 , 14.6627569198 , 6.45317
38.75 , 14.6627569198 , 6.45883
38.79 , 14.6627569198 , 6.46467
38.82 , 14.6627569198 , 6.47017
38.86 , 14.7713699340 , 6.47600
38.89 , 14.7713699340 , 6.48167
38.93 , 14.8799819946 , 6.48750
38.96 , 14.8799819946 , 6.49317
38.99 , 14.8799819946 , 6.49883
39.03 , 14.7713699340 , 6.50450
39.06 , 14.8799819946 , 6.51033
39.10 , 14.8799819946 , 6.51600
39.13 , 14.8799819946 , 6.52183
39.16 , 14.9885950088 , 6.52733
39.20 , 14.9885950088 , 6.53317
39.23 , 14.8799819946 , 6.53883
39.27 , 14.9885950088 , 6.54467
39.30 , 14.9885950088 , 6.55050
39.34 , 15.0972080230 , 6.55600
39.37 , 14.9885950088 , 6.56183
39.40 , 15.0972080230 , 6.56750
39.44 , 15.0972080230 , 6.57333
39.47 , 14.9885950088 , 6.57900
39.51 , 15.0972080230 , 6.58467
39.54 , 15.0972080230 , 6.59033
39.58 , 15.0972080230 , 6.59617
39.61 , 15.0972080230 , 6.60183
39.65 , 15.2058210372 , 6.60767
39.68 , 15.0972080230 , 6.61333
39.71 , 15.2058210372 , 6.61900
39.75 , 15.0972080230 , 6.62467
39.78 , 15.2058210372 , 6.63050
39.82 , 15.3144340515 , 6.63617
39.85 , 15.2058210372 , 6.64200
39.88 , 15.2058210372 , 6.64750
39.92 , 15.2058210372 , 6.65333
39.95 , 15.3144340515 , 6.65900
39.99 , 15.2058210372 , 6.66483
40.02 , 15.3144340515 , 6.67050
40.06 , 15.3144340515 , 6.67617
40.09 , 15.2058210372 , 6.68183
40.13 , 15.3144340515 , 6.68767
40.16 , 15.4230470657 , 6.69333
40.20 , 15.3144340515 , 6.69917
40.23 , 15.4230470657 , 6.70467
40.26 , 15.4230470657 , 6.71050
40.30 , 15.4230470657 , 6.71617
40.33 , 15.4230470657 , 6.72200
40.37 , 15.4230470657 , 6.72783
40.40 , 15.3144340515 , 6.73333
40.44 , 15.4230470657 , 6.73917
40.47 , 15.4230470657 , 6.74483
40.50 , 15.5316600799 , 6.75067
40.54 , 15.4230470657 , 6.75633
40.57 , 15.5316600799 , 6.76200
40.61 , 15.5316600799 , 6.76767
40.64 , 15.5316600799 , 6.77350
40.68 , 15.6402730941 , 6.77917
40.71 , 15.6402730941 , 6.78500
40.74 , 15.5316600799 , 6.79050
40.78 , 15.6402730941 , 6.79633
40.81 , 15.5316600799 , 6.80200
40.85 , 15.6402730941 , 6.80783
40.88 , 15.6402730941 , 6.81350
40.92 , 15.6402730941 , 6.81917
40.95 , 15.7488870620 , 6.82483
40.98 , 15.6402730941 , 6.83067
41.02 , 15.7488870620 , 6.83633
41.05 , 15.6402730941 , 6.84217
41.09 , 15.8575000762 , 6.84767
41.12 , 15.7488870620 , 6.85350
41.15 , 15.7488870620 , 6.85917
41.19 , 15.7488870620 , 6.86500
41.22 , 15.7488870620 , 6.87067
41.26 , 15.8575000762 , 6.87650
41.29 , 15.9661130905 , 6.88200
41.33 , 15.8575000762 , 6.88783
41.36 , 15.9661130905 , 6.89350
41.40 , 15.8575000762 , 6.89933
41.43 , 15.8575000762 , 6.90500
41.46 , 15.9661130905 , 6.91067
41.50 , 15.9661130905 , 6.91650
41.53 , 15.9661130905 , 6.92217
41.57 , 15.9661130905 , 6.92800
41.60 , 15.9661130905 , 6.93367
41.64 , 16.0747261047 , 6.93933
41.67 , 16.0747261047 , 6.94500
41.71 , 16.0747261047 , 6.95083
41.74 , 16.0747261047 , 6.95650
41.77 , 16.1833381652 , 6.96233
41.81 , 15.9661130905 , 6.96783
41.84 , 16.0747261047 , 6.97367
41.88 , 16.0747261047 , 6.97933
41.91 , 16.1833381652 , 6.98517
41.95 , 16.0747261047 , 6.99083
41.98 , 16.1833381652 , 6.99650
42.01 , 16.1833381652 , 7.00217
42.05 , 16.1833381652 , 7.00800
42.08 , 16.2919521331 , 7.01367
42.12 , 16.2919521331 , 7.01950
42.15 , 16.1833381652 , 7.02500
42.19 , 16.4005641937 , 7.03083
42.22 , 16.2919521331 , 7.03650
42.25 , 16.4005641937 , 7.04233
42.29 , 16.4005641937 , 7.04800
42.32 , 16.2919521331 , 7.05367
42.36 , 16.2919521331 , 7.05933
42.39 , 16.2919521331 , 7.06517
42.43 , 16.4005641937 , 7.07083
42.46 , 16.4005641937 , 7.07667
42.49 , 16.4005641937 , 7.08217
42.53 , 16.5091781616 , 7.08800
42.56 , 16.4005641937 , 7.09383
42.60 , 16.4005641937 , 7.09950
42.63 , 16.4005641937 , 7.10533
42.67 , 16.4005641937 , 7.11083
42.70 , 16.5091781616 , 7.11667
42.73 , 16.5091781616 , 7.12233
42.77 , 16.4005641937 , 7.12817
42.80 , 16.6177902221 , 7.13383
42.84 , 16.6177902221 , 7.13967
42.87 , 16.6177902221 , 7.14517
42.91 , 16.6177902221 , 7.15100
42.94 , 16.5091781616 , 7.15667
42.97 , 16.6177902221 , 7.16250
43.01 , 16.6177902221 , 7.16817
43.04 , 16.6177902221 , 7.17383
43.08 , 16.6177902221 , 7.17950
43.11 , 16.6177902221 , 7.18533
43.15 , 16.7264022827 , 7.19100
43.18 , 16.6177902221 , 7.19683
43.21 , 16.7264022827 , 7.20233
43.25 , 16.6177902221 , 7.20817
43.28 , 16.7264022827 , 7.21383
43.32 , 16.7264022827 , 7.21967
43.35 , 16.7264022827 , 7.22533
43.39 , 16.7264022827 , 7.23100
43.42 , 16.7264022827 , 7.23667
43.46 , 16.8350162506 , 7.24250
43.49 , 16.8350162506 , 7.24817
43.52 , 16.9436283111 , 7.25400
43.56 , 16.8350162506 , 7.25950
43.59 , 16.9436283111 , 7.26533
43.63 , 16.8350162506 , 7.27100
43.66 , 16.9436283111 , 7.27683
43.70 , 16.8350162506 , 7.28267
43.73 , 16.9436283111 , 7.28817
43.76 , 16.9436283111 , 7.29400
43.80 , 16.9436283111 , 7.29967
43.83 , 16.9436283111 , 7.30550
43.87 , 17.0522422790 , 7.31117
43.90 , 17.0522422790 , 7.31683
43.94 , 17.1608543395 , 7.32250
43.97 , 17.1608543395 , 7.32833
44.00 , 17.0522422790 , 7.33400
44.04 , 17.0522422790 , 7.33983
44.07 , 17.1608543395 , 7.34533
44.11 , 17.1608543395 , 7.35117
44.14 , 17.1608543395 , 7.35683
44.18 , 17.1608543395 , 7.36267
44.21 , 17.1608543395 , 7.36833
44.24 , 17.2694683074 , 7.37400
44.28 , 17.2694683074 , 7.37967
44.31 , 17.2694683074 , 7.38550
44.35 , 17.1608543395 , 7.39117
44.38 , 17.2694683074 , 7.39700
44.42 , 17.3780803680 , 7.40267
44.45 , 17.3780803680 , 7.40833
44.48 , 17.2694683074 , 7.41400
44.52 , 17.3780803680 , 7.41983
44.55 , 17.3780803680 , 7.42550
44.59 , 17.3780803680 , 7.43133
44.62 , 17.3780803680 , 7.43683
44.66 , 17.3780803680 , 7.44267
44.69 , 17.2694683074 , 7.44833
44.72 , 17.3780803680 , 7.45417
44.76 , 17.3780803680 , 7.46000
44.79 , 17.4866943359 , 7.46550
44.83 , 17.4866943359 , 7.47133
44.86 , 17.4866943359 , 7.47700
44.90 , 17.4866943359 , 7.48283
44.93 , 17.4866943359 , 7.48850
44.97 , 17.4866943359 , 7.49417
45.00 , 17.5953063964 , 7.49983
45.03 , 17.5953063964 , 7.50567
45.07 , 17.5953063964 , 7.51133
45.10 , 17.4866943359 , 7.51717
45.14 , 17.4866943359 , 7.52267
45.17 , 17.7039184570 , 7.52850
45.21 , 17.5953063964 , 7.53417
45.24 , 17.5953063964 , 7.54000
45.27 , 17.7039184570 , 7.54567
45.31 , 17.7039184570 , 7.55133
45.34 , 17.5953063964 , 7.55700
45.38 , 17.5953063964 , 7.56283
45.41 , 17.7039184570 , 7.56850
45.45 , 17.7039184570 , 7.57433
45.48 , 17.7039184570 , 7.57983
45.51 , 17.8125343322 , 7.58567
45.55 , 17.8125343322 , 7.59133
45.58 , 17.7039184570 , 7.59717
45.62 , 17.8125343322 , 7.60283
45.65 , 17.9211483001 , 7.60850
45.69 , 17.8125343322 , 7.61417
45.72 , 17.8125343322 , 7.62000
45.75 , 17.8125343322 , 7.62567
45.79 , 17.8125343322 , 7.63150
45.82 , 17.9211483001 , 7.63700
45.86 , 17.9211483001 , 7.64283
45.89 , 17.9211483001 , 7.64867
45.93 , 17.9211483001 , 7.65433
45.96 , 18.0297603607 , 7.66017
46.00 , 18.0297603607 , 7.66583
46.03 , 18.0297603607 , 7.67150
46.06 , 18.0297603607 , 7.67717
46.10 , 18.0297603607 , 7.68300
46.13 , 18.1383743286 , 7.68867
46.17 , 18.1383743286 , 7.69450
46.20 , 18.0297603607 , 7.70000
46.24 , 18.0297603607 , 7.70583
46.27 , 18.1383743286 , 7.71150
46.30 , 18.1383743286 , 7.71733
46.34 , 18.1383743286 , 7.72300
46.37 , 18.2469863891 , 7.72867
46.41 , 18.2469863891 , 7.73433
46.44 , 18.2469863891 , 7.74017
46.47 , 18.1383743286 , 7.74583
46.51 , 18.3555984497 , 7.75167
46.54 , 18.3555984497 , 7.75717
46.58 , 18.2469863891 , 7.76300
46.61 , 18.2469863891 , 7.76867
46.65 , 18.3555984497 , 7.77450
46.68 , 18.3555984497 , 7.78017
46.72 , 18.3555984497 , 7.78583
46.75 , 18.3555984497 , 7.79150
46.78 , 18.4642124176 , 7.79733
46.82 , 18.3555984497 , 7.80300
46.85 , 18.4642124176 , 7.80883
46.89 , 18.4642124176 , 7.81433
46.92 , 18.4642124176 , 7.82017
46.96 , 18.4642124176 , 7.82600
46.99 , 18.4642124176 , 7.83167
47.03 , 18.3555984497 , 7.83750
47.06 , 18.4642124176 , 7.84300
47.09 , 18.5728244781 , 7.84883
47.13 , 18.5728244781 , 7.85450
47.16 , 18.5728244781 , 7.86033
47.20 , 18.5728244781 , 7.86600
47.23 , 18.5728244781 , 7.87167
47.26 , 18.5728244781 , 7.87733
47.30 , 18.5728244781 , 7.88317
47.33 , 18.5728244781 , 7.88883
47.37 , 18.5728244781 , 7.89467
47.40 , 18.6814384460 , 7.90017
47.44 , 18.6814384460 , 7.90600
47.47 , 18.6814384460 , 7.91167
47.51 , 18.7900505065 , 7.91750
47.54 , 18.6814384460 , 7.92317
47.57 , 18.7900505065 , 7.92900
47.61 , 18.6814384460 , 7.93450
47.64 , 18.7900505065 , 7.94033
47.68 , 18.6814384460 , 7.94600
47.71 , 18.7900505065 , 7.95183
47.75 , 18.7900505065 , 7.95750
47.78 , 18.7900505065 , 7.96317
47.81 , 18.7900505065 , 7.96883
47.85 , 18.7900505065 , 7.97467
47.88 , 18.8986644744 , 7.98033
47.92 , 18.8986644744 , 7.98617
47.95 , 18.7900505065 , 7.99167
47.99 , 18.7900505065 , 7.99750
48.02 , 18.8986644744 , 8.00317
48.05 , 18.8986644744 , 8.00900
48.09 , 18.8986644744 , 8.01483
48.12 , 18.8986644744 , 8.02033
48.16 , 19.0072765350 , 8.02617
48.19 , 18.8986644744 , 8.03183
48.23 , 19.0072765350 , 8.03767
48.26 , 19.1158905029 , 8.04333
48.29 , 19.0072765350 , 8.04900
48.33 , 19.0072765350 , 8.05467
48.36 , 19.0072765350 , 8.06050
48.40 , 19.1158905029 , 8.06617
48.43 , 19.1158905029 , 8.07200
48.47 , 19.1158905029 , 8.07750
48.50 , 19.1158905029 , 8.08333
48.53 , 19.1158905029 , 8.08900
48.57 , 19.1158905029 , 8.09483
48.60 , 19.2245025634 , 8.10050
48.64 , 19.2245025634 , 8.10617
48.67 , 19.2245025634 , 8.11183
48.71 , 19.2245025634 , 8.11767
48.74 , 19.2245025634 , 8.12333
48.78 , 19.2245025634 , 8.12917
48.81 , 19.3331146240 , 8.13467
48.84 , 19.3331146240 , 8.14050
48.88 , 19.3331146240 , 8.14617
48.91 , 19.4417285919 , 8.15200
48.95 , 19.4417285919 , 8.15767
48.98 , 19.3331146240 , 8.16333
49.01 , 19.4417285919 , 8.16900
49.05 , 19.3331146240 , 8.17483
49.08 , 19.4417285919 , 8.18050
49.12 , 19.4417285919 , 8.18633
49.15 , 19.4417285919 , 8.19217
49.19 , 19.4417285919 , 8.19767
49.22 , 19.4417285919 , 8.20350
49.26 , 19.5503406524 , 8.20917
49.29 , 19.4417285919 , 8.21500
49.32 , 19.4417285919 , 8.22067
49.36 , 19.6589546203 , 8.22633
49.39 , 19.5503406524 , 8.23200
49.43 , 19.5503406524 , 8.23783
49.46 , 19.5503406524 , 8.24350
49.50 , 19.6589546203 , 8.24933
49.53 , 19.6589546203 , 8.25483
49.56 , 19.7675666809 , 8.26067
49.60 , 19.7675666809 , 8.26633
49.63 , 19.6589546203 , 8.27217
49.67 , 19.7675666809 , 8.27783
49.70 , 19.7675666809 , 8.28350
49.74 , 19.7675666809 , 8.28917
49.77 , 19.6589546203 , 8.29500
49.80 , 19.7675666809 , 8.30067
49.84 , 19.8761806488 , 8.30650
49.87 , 19.7675666809 , 8.31200
49.91 , 19.7675666809 , 8.31783
49.94 , 19.7675666809 , 8.32350
49.98 , 19.7675666809 , 8.32933
50.01 , 19.8761806488 , 8.33500
50.04 , 19.8761806488 , 8.34067
50.08 , 19.7675666809 , 8.34633
50.11 , 19.8761806488 , 8.35217
50.15 , 19.8761806488 , 8.35783
50.18 , 19.8761806488 , 8.36367
50.22 , 19.8761806488 , 8.36917
50.25 , 19.9847927093 , 8.37500
50.29 , 19.9847927093 , 8.38083
50.32 , 19.8761806488 , 8.38650
50.35 , 19.9847927093 , 8.39233
50.39 , 19.9847927093 , 8.39783
50.42 , 19.9847927093 , 8.40367
50.46 , 19.9847927093 , 8.40933
50.49 , 19.9847927093 , 8.41517
50.53 , 20.0934066772 , 8.42083
50.56 , 19.9847927093 , 8.42667
50.59 , 20.0934066772 , 8.43217
50.63 , 20.0934066772 , 8.43800
50.66 , 20.0934066772 , 8.44367
50.70 , 20.0934066772 , 8.44950
50.73 , 20.2020187377 , 8.45517
50.77 , 20.2020187377 , 8.46083
50.80 , 20.2020187377 , 8.46650
50.83 , 20.0934066772 , 8.47233
50.87 , 20.2020187377 , 8.47800
50.90 , 20.3106307983 , 8.48383
50.94 , 20.2020187377 , 8.48933
50.97 , 20.4192447662 , 8.49517
51.01 , 20.3106307983 , 8.50083
51.04 , 20.3106307983 , 8.50667
51.07 , 20.3106307983 , 8.51233
51.11 , 20.3106307983 , 8.51800
51.14 , 20.3106307983 , 8.52367
51.18 , 20.4192447662 , 8.52950
51.21 , 20.4192447662 , 8.53517
51.25 , 20.4192447662 , 8.54100
51.28 , 20.3106307983 , 8.54650
51.31 , 20.5278568267 , 8.55233
51.35 , 20.5278568267 , 8.55817
51.38 , 20.5278568267 , 8.56383
51.42 , 20.5278568267 , 8.56967
51.45 , 20.5278568267 , 8.57517
51.49 , 20.5278568267 , 8.58100
51.52 , 20.6364727020 , 8.58667
51.56 , 20.5278568267 , 8.59250
51.59 , 20.6364727020 , 8.59817
51.62 , 20.6364727020 , 8.60383
51.66 , 20.5278568267 , 8.60950
51.69 , 20.6364727020 , 8.61533
51.73 , 20.6364727020 , 8.62100
51.76 , 20.5278568267 , 8.62683
51.79 , 20.7450866699 , 8.63233
51.83 , 20.6364727020 , 8.63817
51.86 , 20.7450866699 , 8.64383
51.90 , 20.7450866699 , 8.64967
51.93 , 20.7450866699 , 8.65533
51.97 , 20.7450866699 , 8.66100
52.00 , 20.7450866699 , 8.66667
52.04 , 20.7450866699 , 8.67250
52.07 , 20.7450866699 , 8.67817
52.10 , 20.7450866699 , 8.68400
52.14 , 20.7450866699 , 8.68950
52.17 , 20.8536987304 , 8.69533
52.21 , 20.7450866699 , 8.70100
52.24 , 20.8536987304 , 8.70683
52.28 , 20.7450866699 , 8.71250
52.31 , 20.8536987304 , 8.71833
52.34 , 20.8536987304 , 8.72383
52.38 , 20.8536987304 , 8.72967
52.41 , 20.9623107910 , 8.73533
52.45 , 20.9623107910 , 8.74117
52.48 , 20.8536987304 , 8.74700
52.52 , 20.8536987304 , 8.75250
52.55 , 20.9623107910 , 8.75833
52.58 , 20.9623107910 , 8.76400
52.62 , 20.9623107910 , 8.76983
52.65 , 20.9623107910 , 8.77550
52.69 , 21.0709247589 , 8.78117
52.72 , 20.9623107910 , 8.78683
52.76 , 21.0709247589 , 8.79267
52.79 , 21.0709247589 , 8.79833
52.83 , 21.0709247589 , 8.80417
52.86 , 21.0709247589 , 8.80967
52.89 , 21.0709247589 , 8.81550
52.93 , 21.1795368194 , 8.82117
52.96 , 21.0709247589 , 8.82700
53.00 , 21.1795368194 , 8.83267
53.03 , 21.1795368194 , 8.83833
53.06 , 21.1795368194 , 8.84400
53.10 , 21.1795368194 , 8.84983
53.13 , 21.2881507873 , 8.85550
53.17 , 21.2881507873 , 8.86133
53.20 , 21.2881507873 , 8.86683
53.24 , 21.2881507873 , 8.87267
53.27 , 21.2881507873 , 8.87833
53.31 , 21.2881507873 , 8.88417
53.34 , 21.3967628479 , 8.88983
53.37 , 21.2881507873 , 8.89550
53.41 , 21.3967628479 , 8.90117
53.44 , 21.3967628479 , 8.90700
53.48 , 21.3967628479 , 8.91267
53.51 , 21.3967628479 , 8.91850
53.54 , 21.5053768157 , 8.92417
53.58 , 21.5053768157 , 8.92983
53.61 , 21.5053768157 , 8.93567
53.65 , 21.6139888763 , 8.94133
53.68 , 21.6139888763 , 8.94717
53.72 , 21.6139888763 , 8.95267
53.75 , 21.5053768157 , 8.95850
53.79 , 21.6139888763 , 8.96417
53.82 , 21.6139888763 , 8.97000
53.85 , 21.5053768157 , 8.97567
53.89 , 21.7226028442 , 8.98150
53.92 , 21.7226028442 , 8.98700
53.96 , 21.6139888763 , 8.99283
53.99 , 21.7226028442 , 8.99850
54.03 , 21.7226028442 , 9.00433
54.06 , 21.7226028442 , 9.01000
54.09 , 21.7226028442 , 9.01567
54.13 , 21.7226028442 , 9.02133
54.16 , 21.8312149047 , 9.02717
54.20 , 21.8312149047 , 9.03283
54.23 , 21.8312149047 , 9.03867
54.27 , 21.8312149047 , 9.04417
54.30 , 21.8312149047 , 9.05000
54.33 , 21.9398269653 , 9.05567
54.37 , 21.8312149047 , 9.06150
54.40 , 21.9398269653 , 9.06717
54.44 , 21.8312149047 , 9.07283
54.47 , 21.8312149047 , 9.07850
54.51 , 21.9398269653 , 9.08433
54.54 , 21.8312149047 , 9.09000
54.58 , 21.8312149047 , 9.09583
54.61 , 21.9398269653 , 9.10133
54.64 , 21.9398269653 , 9.10717
54.68 , 21.9398269653 , 9.11300
54.71 , 21.9398269653 , 9.11867
54.75 , 21.9398269653 , 9.12450
54.78 , 21.9398269653 , 9.13000
54.81 , 21.9398269653 , 9.13583
54.85 , 21.9398269653 , 9.14150
54.88 , 21.9398269653 , 9.14733
54.92 , 22.0484409332 , 9.15300
54.95 , 22.0484409332 , 9.15867
54.99 , 22.0484409332 , 9.16433
55.02 , 22.0484409332 , 9.17017
55.06 , 22.1570529937 , 9.17583
55.09 , 22.1570529937 , 9.18167
55.12 , 22.1570529937 , 9.18717
55.16 , 22.1570529937 , 9.19300
55.19 , 22.1570529937 , 9.19867
55.23 , 22.2656669616 , 9.20450
55.26 , 22.1570529937 , 9.21017
55.30 , 22.1570529937 , 9.21600
55.33 , 22.2656669616 , 9.22150
55.36 , 22.2656669616 , 9.22733
55.40 , 22.2656669616 , 9.23300
55.43 , 22.3742790222 , 9.23883
55.47 , 22.2656669616 , 9.24450
55.50 , 22.3742790222 , 9.25017
55.54 , 22.3742790222 , 9.25583
55.57 , 22.2656669616 , 9.26167
55.60 , 22.3742790222 , 9.26733
55.64 , 22.3742790222 , 9.27317
55.67 , 22.3742790222 , 9.27867
55.71 , 22.4828929901 , 9.28450
55.74 , 22.4828929901 , 9.29033
55.78 , 22.3742790222 , 9.29600
55.81 , 22.4828929901 , 9.30183
55.84 , 22.4828929901 , 9.30733
55.88 , 22.5915050506 , 9.31317
55.91 , 22.4828929901 , 9.31883
55.95 , 22.5915050506 , 9.32467
55.98 , 22.7001190185 , 9.33033
56.02 , 22.4828929901 , 9.33600
56.05 , 22.5915050506 , 9.34167
56.09 , 22.7001190185 , 9.34750
56.12 , 22.7001190185 , 9.35317
56.15 , 22.7001190185 , 9.35900
56.19 , 22.7001190185 , 9.36450
56.22 , 22.7001190185 , 9.37033
56.26 , 22.7001190185 , 9.37600
56.29 , 22.8087310791 , 9.38183
56.33 , 22.7001190185 , 9.38750
56.36 , 22.7001190185 , 9.39317
56.39 , 22.7001190185 , 9.39883
56.43 , 22.7001190185 , 9.40467
56.46 , 22.8087310791 , 9.41033
56.50 , 22.8087310791 , 9.41617
56.53 , 22.9173431396 , 9.42167
56.56 , 22.8087310791 , 9.42750
56.60 , 22.8087310791 , 9.43317
56.63 , 22.9173431396 , 9.43900
56.67 , 22.9173431396 , 9.44467
56.70 , 22.9173431396 , 9.45033
56.74 , 23.0259571075 , 9.45600
56.77 , 22.9173431396 , 9.46183
56.81 , 22.9173431396 , 9.46750
56.84 , 22.9173431396 , 9.47333
56.88 , 22.9173431396 , 9.47917
56.91 , 23.0259571075 , 9.48467
56.94 , 23.0259571075 , 9.49050
56.98 , 23.0259571075 , 9.49617
57.01 , 23.0259571075 , 9.50200
57.05 , 23.1345691680 , 9.50767
57.08 , 23.0259571075 , 9.51333
57.11 , 23.1345691680 , 9.51900
57.15 , 23.0259571075 , 9.52483
57.18 , 23.1345691680 , 9.53050
57.22 , 23.1345691680 , 9.53633
57.25 , 23.1345691680 , 9.54183
57.29 , 23.1345691680 , 9.54767
57.32 , 23.1345691680 , 9.55333
57.36 , 23.1345691680 , 9.55917
57.39 , 23.1345691680 , 9.56483
57.42 , 23.1345691680 , 9.57050
57.46 , 23.1345691680 , 9.57617
57.49 , 23.2431831359 , 9.58200
57.53 , 23.3517990112 , 9.58767
57.56 , 23.3517990112 , 9.59350
57.59 , 23.3517990112 , 9.59900
57.63 , 23.3517990112 , 9.60483
57.66 , 23.2431831359 , 9.61050
57.70 , 23.4604110717 , 9.61633
57.73 , 23.3517990112 , 9.62200
57.77 , 23.3517990112 , 9.62767
57.80 , 23.4604110717 , 9.63333
57.84 , 23.3517990112 , 9.63917
57.87 , 23.4604110717 , 9.64483
57.90 , 23.5690231323 , 9.65067
57.94 , 23.4604110717 , 9.65633
57.97 , 23.4604110717 , 9.66200
58.01 , 23.5690231323 , 9.66783
58.04 , 23.5690231323 , 9.67350
58.08 , 23.5690231323 , 9.67933
58.11 , 23.4604110717 , 9.68483
58.14 , 23.5690231323 , 9.69067
58.18 , 23.5690231323 , 9.69633
58.21 , 23.5690231323 , 9.70217
58.25 , 23.6776371002 , 9.70783
58.28 , 23.5690231323 , 9.71350
58.31 , 23.6776371002 , 9.71917
58.35 , 23.6776371002 , 9.72500
58.38 , 23.6776371002 , 9.73067
58.42 , 23.6776371002 , 9.73650
58.45 , 23.6776371002 , 9.74200
58.49 , 23.7862491607 , 9.74783
58.52 , 23.7862491607 , 9.75350
58.56 , 23.6776371002 , 9.75933
58.59 , 23.7862491607 , 9.76500
58.63 , 23.7862491607 , 9.77083
58.66 , 23.8948631286 , 9.77633
58.69 , 23.8948631286 , 9.78217
58.73 , 23.8948631286 , 9.78783
58.76 , 23.7862491607 , 9.79367
58.80 , 23.8948631286 , 9.79933
58.83 , 23.8948631286 , 9.80500
58.86 , 23.8948631286 , 9.81067
58.90 , 24.0034751892 , 9.81650
58.93 , 24.0034751892 , 9.82217
58.97 , 24.0034751892 , 9.82800
59.00 , 24.0034751892 , 9.83350
59.04 , 24.0034751892 , 9.83933
59.07 , 24.0034751892 , 9.84517
59.11 , 24.0034751892 , 9.85083
59.14 , 24.0034751892 , 9.85667
59.17 , 24.1120891571 , 9.86217
59.21 , 24.1120891571 , 9.86800
59.24 , 24.0034751892 , 9.87367
59.28 , 24.1120891571 , 9.87950
59.31 , 24.1120891571 , 9.88517
59.35 , 24.2207012176 , 9.89083
59.38 , 24.1120891571 , 9.89650
59.41 , 24.1120891571 , 9.90233
59.45 , 24.2207012176 , 9.90800
59.48 , 24.1120891571 , 9.91383
59.52 , 24.2207012176 , 9.91933
59.55 , 24.2207012176 , 9.92517
59.59 , 24.2207012176 , 9.93083
59.62 , 24.2207012176 , 9.93667
59.65 , 24.2207012176 , 9.94233
59.69 , 24.2207012176 , 9.94800
59.72 , 24.2207012176 , 9.95367
59.76 , 24.2207012176 , 9.95950
59.79 , 24.3293151855 , 9.96517
59.83 , 24.2207012176 , 9.97100
59.86 , 24.3293151855 , 9.97650
59.89 , 24.3293151855 , 9.98233
59.93 , 24.3293151855 , 9.98800
59.96 , 24.4379272460 , 9.99383
60.00 , 24.3293151855 , 9.99950
60.03 , 24.4379272460 , 10.00533
60.07 , 24.4379272460 , 10.01100
60.10 , 24.4379272460 , 10.01700
60.14 , 24.4379272460 , 10.02300
60.17 , 24.4379272460 , 10.02883
60.21 , 24.5465393066 , 10.03483
60.24 , 24.5465393066 , 10.04050
60.28 , 24.5465393066 , 10.04650
60.31 , 24.4379272460 , 10.05233
60.35 , 24.5465393066 , 10.05833
60.38 , 24.5465393066 , 10.06417
60.42 , 24.5465393066 , 10.07017
60.46 , 24.6551532745 , 10.07583
60.49 , 24.5465393066 , 10.08183
60.53 , 24.7637653350 , 10.08767
60.56 , 24.6551532745 , 10.09367
60.60 , 24.6551532745 , 10.09950
60.63 , 24.7637653350 , 10.10550
60.67 , 24.6551532745 , 10.11133
60.70 , 24.6551532745 , 10.11717
60.74 , 24.7637653350 , 10.12317
60.77 , 24.7637653350 , 10.12900
60.81 , 24.7637653350 , 10.13500
60.85 , 24.8723793029 , 10.14083
60.88 , 24.8723793029 , 10.14667
60.92 , 24.8723793029 , 10.15250
60.95 , 24.8723793029 , 10.15850
60.99 , 24.8723793029 , 10.16433
61.02 , 24.8723793029 , 10.17033
61.06 , 24.8723793029 , 10.17617
61.09 , 24.8723793029 , 10.18200
61.13 , 24.9809913635 , 10.18783
61.16 , 24.9809913635 , 10.19383
61.20 , 24.9809913635 , 10.19967
61.23 , 24.9809913635 , 10.20567
61.27 , 24.9809913635 , 10.21167
61.30 , 24.9809913635 , 10.21733
61.34 , 24.9809913635 , 10.22333
61.38 , 25.0896053314 , 10.22917
61.41 , 25.0896053314 , 10.23517
61.45 , 25.0896053314 , 10.24100
61.48 , 25.0896053314 , 10.24683
61.52 , 25.0896053314 , 10.25267
61.55 , 25.0896053314 , 10.25867
61.59 , 25.1982173919 , 10.26450
61.62 , 25.1982173919 , 10.27050
61.66 , 25.1982173919 , 10.27633
61.69 , 25.1982173919 , 10.28217
61.73 , 25.1982173919 , 10.28800
61.76 , 25.3068313598 , 10.29400
61.80 , 25.1982173919 , 10.30000
61.84 , 25.3068313598 , 10.30583
61.87 , 25.3068313598 , 10.31183
61.90 , 25.1982173919 , 10.31750
61.94 , 25.3068313598 , 10.32350
61.98 , 25.1982173919 , 10.32933
62.01 , 25.3068313598 , 10.33533
62.05 , 25.3068313598 , 10.34117
62.08 , 25.3068313598 , 10.34717
62.12 , 25.3068313598 , 10.35283
62.15 , 25.4154434204 , 10.35883
62.19 , 25.5240554809 , 10.36467
62.22 , 25.4154434204 , 10.37067
62.26 , 25.4154434204 , 10.37650
62.29 , 25.4154434204 , 10.38250
62.33 , 25.4154434204 , 10.38817
62.37 , 25.5240554809 , 10.39417
62.40 , 25.4154434204 , 10.40017
62.44 , 25.5240554809 , 10.40600
62.47 , 25.4154434204 , 10.41200
62.51 , 25.5240554809 , 10.41783
62.54 , 25.5240554809 , 10.42367
62.58 , 25.5240554809 , 10.42950
62.61 , 25.6326694488 , 10.43550
62.65 , 25.5240554809 , 10.44133
62.68 , 25.6326694488 , 10.44733
62.72 , 25.6326694488 , 10.45300
62.75 , 25.7412815093 , 10.45900
62.79 , 25.6326694488 , 10.46483
62.83 , 25.6326694488 , 10.47083
62.86 , 25.7412815093 , 10.47667
62.90 , 25.7412815093 , 10.48267
62.93 , 25.7412815093 , 10.48850
62.97 , 25.7412815093 , 10.49433
63.00 , 25.7412815093 , 10.50033
63.04 , 25.7412815093 , 10.50617
63.07 , 25.8498954772 , 10.51217
63.11 , 25.8498954772 , 10.51800
63.14 , 25.8498954772 , 10.52383
63.18 , 25.8498954772 , 10.52967
63.21 , 25.9585075378 , 10.53567
63.25 , 25.8498954772 , 10.54150
63.29 , 26.0671215057 , 10.54750
63.32 , 26.0671215057 , 10.55333
63.36 , 25.9585075378 , 10.55917
63.39 , 25.9585075378 , 10.56500
63.43 , 25.9585075378 , 10.57100
63.46 , 25.9585075378 , 10.57683
63.50 , 26.1757354736 , 10.58283
63.53 , 25.9585075378 , 10.58883
63.57 , 26.0671215057 , 10.59450
63.60 , 26.0671215057 , 10.60050
63.64 , 26.0671215057 , 10.60633
63.67 , 26.0671215057 , 10.61233
63.71 , 26.1757354736 , 10.61817
63.75 , 26.1757354736 , 10.62417
63.78 , 26.0671215057 , 10.62983
63.81 , 26.1757354736 , 10.63583
63.85 , 26.1757354736 , 10.64167
63.89 , 26.1757354736 , 10.64767
63.92 , 26.2843494415 , 10.65350
63.96 , 26.2843494415 , 10.65933
63.99 , 26.1757354736 , 10.66517
64.03 , 26.1757354736 , 10.67117
64.06 , 26.2843494415 , 10.67717
64.10 , 26.2843494415 , 10.68300
64.13 , 26.2843494415 , 10.68900
64.17 , 26.2843494415 , 10.69467
64.20 , 26.2843494415 , 10.70067
64.24 , 26.2843494415 , 10.70650
64.27 , 26.3929615020 , 10.71250
64.31 , 26.3929615020 , 10.71833
64.35 , 26.3929615020 , 10.72433
64.38 , 26.3929615020 , 10.73000
64.42 , 26.3929615020 , 10.73600
64.45 , 26.3929615020 , 10.74183
64.49 , 26.5015754699 , 10.74783
64.52 , 26.3929615020 , 10.75367
64.56 , 26.5015754699 , 10.75967
64.59 , 26.3929615020 , 10.76533
64.63 , 26.5015754699 , 10.77133
64.66 , 26.5015754699 , 10.77733
64.70 , 26.5015754699 , 10.78317
64.73 , 26.6101875305 , 10.78917
64.77 , 26.5015754699 , 10.79500
64.80 , 26.6101875305 , 10.80083
64.84 , 26.5015754699 , 10.80667
64.88 , 26.6101875305 , 10.81267
64.91 , 26.6101875305 , 10.81850
64.95 , 26.6101875305 , 10.82450
64.98 , 26.7188014984 , 10.83033
65.02 , 26.6101875305 , 10.83617
65.05 , 26.8274135589 , 10.84200
65.09 , 26.6101875305 , 10.84800
65.12 , 26.8274135589 , 10.85383
65.16 , 26.8274135589 , 10.85983
65.19 , 26.7188014984 , 10.86583
65.23 , 26.8274135589 , 10.87150
65.26 , 26.8274135589 , 10.87750
65.30 , 26.8274135589 , 10.88333
65.34 , 26.8274135589 , 10.88933
65.37 , 26.8274135589 , 10.89517
65.41 , 26.9360275268 , 10.90100
65.44 , 26.9360275268 , 10.90683
65.48 , 26.9360275268 , 10.91283
65.51 , 26.9360275268 , 10.91867
65.55 , 26.9360275268 , 10.92467
65.58 , 27.0446395874 , 10.93050
65.62 , 26.9360275268 , 10.93633
65.65 , 26.9360275268 , 10.94217
65.69 , 26.9360275268 , 10.94817
65.72 , 26.9360275268 , 10.95400
65.76 , 27.0446395874 , 10.96000
65.80 , 27.0446395874 , 10.96600
65.83 , 27.0446395874 , 10.97167
65.87 , 27.0446395874 , 10.97767
65.90 , 27.1532516479 , 10.98350
65.94 , 27.1532516479 , 10.98950
65.97 , 27.1532516479 , 10.99533
66.01 , 27.1532516479 , 11.00133
66.04 , 27.1532516479 , 11.00700
66.08 , 27.1532516479 , 11.01300
66.11 , 27.1532516479 , 11.01883
66.15 , 27.2618656158 , 11.02483
66.18 , 27.2618656158 , 11.03067
66.22 , 27.2618656158 , 11.03667
66.25 , 27.2618656158 , 11.04233
66.29 , 27.2618656158 , 11.04833
66.33 , 27.3704776763 , 11.05433
66.36 , 27.2618656158 , 11.06017
66.40 , 27.2618656158 , 11.06617
66.43 , 27.3704776763 , 11.07200
66.47 , 27.2618656158 , 11.07783
66.50 , 27.3704776763 , 11.08367
66.54 , 27.3704776763 , 11.08967
66.57 , 27.3704776763 , 11.09550
66.61 , 27.3704776763 , 11.10150
66.64 , 27.3704776763 , 11.10717
66.68 , 27.4790916442 , 11.11317
66.71 , 27.3704776763 , 11.11900
66.75 , 27.3704776763 , 11.12500
66.79 , 27.4790916442 , 11.13083
66.82 , 27.4790916442 , 11.13683
66.86 , 27.4790916442 , 11.14250
66.89 , 27.5877037048 , 11.14850
66.93 , 27.5877037048 , 11.15450
66.96 , 27.4790916442 , 11.16033
67.00 , 27.5877037048 , 11.16633
67.03 , 27.4790916442 , 11.17217
67.07 , 27.5877037048 , 11.17800
67.10 , 27.5877037048 , 11.18383
67.14 , 27.5877037048 , 11.18983
67.17 , 27.5877037048 , 11.19567
67.21 , 27.6963176727 , 11.20167
67.25 , 27.6963176727 , 11.20750
67.28 , 27.6963176727 , 11.21333
67.31 , 27.8049297332 , 11.21917
67.35 , 27.6963176727 , 11.22517
67.39 , 27.6963176727 , 11.23100
67.42 , 27.6963176727 , 11.23700
67.46 , 27.8049297332 , 11.24300
67.49 , 27.8049297332 , 11.24867
67.53 , 27.8049297332 , 11.25467
67.56 , 27.9135437011 , 11.26050
67.60 , 27.8049297332 , 11.26650
67.63 , 27.9135437011 , 11.27233
67.67 , 27.9135437011 , 11.27833
67.70 , 27.9135437011 , 11.28400
67.74 , 28.0221557617 , 11.29000
67.77 , 27.9135437011 , 11.29583
67.81 , 28.0221557617 , 11.30183
67.85 , 27.9135437011 , 11.30767
67.88 , 28.0221557617 , 11.31350
67.92 , 27.9135437011 , 11.31933
67.95 , 27.9135437011 , 11.32533
67.99 , 28.0221557617 , 11.33117
68.02 , 28.0221557617 , 11.33717
68.06 , 28.0221557617 , 11.34317
68.09 , 28.0221557617 , 11.34883
68.13 , 28.1307678222 , 11.35483
68.16 , 28.1307678222 , 11.36067
68.20 , 28.2393817901 , 11.36667
68.23 , 28.1307678222 , 11.37250
68.27 , 28.1307678222 , 11.37850
68.30 , 28.1307678222 , 11.38417
68.34 , 28.1307678222 , 11.39017
68.38 , 28.2393817901 , 11.39600
68.41 , 28.2393817901 , 11.40200
68.45 , 28.2393817901 , 11.40783
68.48 , 28.2393817901 , 11.41383
68.52 , 28.2393817901 , 11.41950
68.55 , 28.2393817901 , 11.42550
68.59 , 28.2393817901 , 11.43150
68.62 , 28.3479938507 , 11.43733
68.66 , 28.3479938507 , 11.44333
68.69 , 28.3479938507 , 11.44917
68.73 , 28.3479938507 , 11.45500
68.76 , 28.3479938507 , 11.46083
68.80 , 28.3479938507 , 11.46683
68.84 , 28.3479938507 , 11.47267
68.87 , 28.4566078186 , 11.47867
68.91 , 28.4566078186 , 11.48450
68.94 , 28.4566078186 , 11.49033
68.98 , 28.4566078186 , 11.49617
69.01 , 28.4566078186 , 11.50217
69.05 , 28.4566078186 , 11.50800
69.08 , 28.5652198791 , 11.51400
69.12 , 28.4566078186 , 11.51967
69.15 , 28.5652198791 , 11.52567
69.19 , 28.5652198791 , 11.53167
69.22 , 28.5652198791 , 11.53750
69.26 , 28.5652198791 , 11.54350
69.30 , 28.5652198791 , 11.54933
69.33 , 28.6738338470 , 11.55517
69.37 , 28.6738338470 , 11.56100
69.40 , 28.5652198791 , 11.56700
69.44 , 28.5652198791 , 11.57283
69.47 , 28.6738338470 , 11.57883
69.51 , 28.6738338470 , 11.58467
69.54 , 28.6738338470 , 11.59050
69.58 , 28.6738338470 , 11.59633
69.61 , 28.7824459075 , 11.60233
69.65 , 28.7824459075 , 11.60817
69.68 , 28.6738338470 , 11.61417
69.72 , 28.7824459075 , 11.62017
69.75 , 28.7824459075 , 11.62583
69.79 , 28.7824459075 , 11.63183
69.83 , 28.7824459075 , 11.63767
69.86 , 28.8910598754 , 11.64367
69.90 , 28.8910598754 , 11.64950
69.93 , 28.8910598754 , 11.65550
69.97 , 28.8910598754 , 11.66117
70.00 , 28.9996738433 , 11.66717
70.04 , 28.8910598754 , 11.67300
70.07 , 28.8910598754 , 11.67900
70.11 , 28.9996738433 , 11.68483
70.14 , 28.9996738433 , 11.69083
70.18 , 28.9996738433 , 11.69650
70.21 , 28.9996738433 , 11.70250
70.25 , 28.9996738433 , 11.70833
70.29 , 28.9996738433 , 11.71433
70.32 , 28.9996738433 , 11.72033
70.36 , 29.2168998718 , 11.72600
70.39 , 28.9996738433 , 11.73200
70.43 , 29.1082878112 , 11.73783
70.46 , 29.1082878112 , 11.74383
70.50 , 29.2168998718 , 11.74967
70.53 , 29.2168998718 , 11.75567
70.57 , 29.1082878112 , 11.76133
70.60 , 29.2168998718 , 11.76733
70.64 , 29.2168998718 , 11.77317
70.68 , 29.2168998718 , 11.77917
70.71 , 29.2168998718 , 11.78500
70.75 , 29.2168998718 , 11.79100
70.78 , 29.3255138397 , 11.79667
70.82 , 29.3255138397 , 11.80267
70.85 , 29.2168998718 , 11.80867
70.89 , 29.3255138397 , 11.81450
70.92 , 29.3255138397 , 11.82050
70.96 , 29.4341259002 , 11.82633
70.99 , 29.3255138397 , 11.83217
71.03 , 29.3255138397 , 11.83800
71.06 , 29.4341259002 , 11.84400
71.10 , 29.4341259002 , 11.84983
71.13 , 29.4341259002 , 11.85583
71.17 , 29.4341259002 , 11.86167
71.20 , 29.4341259002 , 11.86750
71.24 , 29.4341259002 , 11.87333
71.28 , 29.4341259002 , 11.87933
71.31 , 29.5427398681 , 11.88517
71.35 , 29.4341259002 , 11.89117
71.38 , 29.4341259002 , 11.89700
71.42 , 29.5427398681 , 11.90283
71.45 , 29.5427398681 , 11.90883
71.49 , 29.5427398681 , 11.91467
71.52 , 29.5427398681 , 11.92067
71.56 , 29.5427398681 , 11.92650
71.59 , 29.5427398681 , 11.93250
71.63 , 29.6513519287 , 11.93817
71.66 , 29.5427398681 , 11.94417
71.70 , 29.6513519287 , 11.95000
71.74 , 29.6513519287 , 11.95600
71.77 , 29.6513519287 , 11.96183
71.81 , 29.7599639892 , 11.96767
71.84 , 29.7599639892 , 11.97350
71.88 , 29.6513519287 , 11.97950
71.91 , 29.6513519287 , 11.98533
71.95 , 29.7599639892 , 11.99133
71.98 , 29.6513519287 , 11.99733
72.02 , 29.7599639892 , 12.00300
72.05 , 29.7599639892 , 12.00900
72.09 , 29.8685779571 , 12.01483
72.12 , 29.8685779571 , 12.02083
72.16 , 29.8685779571 , 12.02667
72.20 , 29.7599639892 , 12.03267
72.23 , 29.8685779571 , 12.03833
72.27 , 29.8685779571 , 12.04433
72.30 , 29.8685779571 , 12.05017
72.34 , 29.9771900177 , 12.05617
72.37 , 29.9771900177 , 12.06200
72.41 , 29.9771900177 , 12.06800
72.44 , 29.9771900177 , 12.07367
72.48 , 30.0858039855 , 12.07967
72.51 , 29.9771900177 , 12.08550
72.55 , 29.9771900177 , 12.09150
72.58 , 30.0858039855 , 12.09750
72.62 , 30.0858039855 , 12.10333
72.65 , 30.0858039855 , 12.10917
72.69 , 30.1944160461 , 12.11500
72.73 , 30.1944160461 , 12.12100
72.76 , 30.1944160461 , 12.12683
72.80 , 30.0858039855 , 12.13283
72.83 , 30.1944160461 , 12.13867
72.87 , 30.1944160461 , 12.14450
72.90 , 30.1944160461 , 12.15033
72.94 , 30.3030300140 , 12.15633
72.97 , 30.3030300140 , 12.16217
73.01 , 30.3030300140 , 12.16817
73.04 , 30.3030300140 , 12.17383
73.08 , 30.3030300140 , 12.17983
73.11 , 30.1944160461 , 12.18583
73.15 , 30.3030300140 , 12.19167
73.19 , 30.4116420745 , 12.19767
73.22 , 30.3030300140 , 12.20350
73.26 , 30.3030300140 , 12.20933
73.29 , 30.3030300140 , 12.21517
73.33 , 30.4116420745 , 12.22117
73.36 , 30.4116420745 , 12.22700
73.40 , 30.4116420745 , 12.23300
73.43 , 30.4116420745 , 12.23883
73.47 , 30.4116420745 , 12.24467
73.50 , 30.5202560424 , 12.25050
73.54 , 30.5202560424 , 12.25650
73.57 , 30.5202560424 , 12.26233
73.61 , 30.5202560424 , 12.26833
73.64 , 30.5202560424 , 12.27417
73.68 , 30.6288681030 , 12.28000
73.72 , 30.6288681030 , 12.28600
73.75 , 30.5202560424 , 12.29183
73.79 , 30.6288681030 , 12.29783
73.82 , 30.6288681030 , 12.30367
73.86 , 30.5202560424 , 12.30967
73.89 , 30.6288681030 , 12.31533
73.93 , 30.6288681030 , 12.32133
73.96 , 30.6288681030 , 12.32717
74.00 , 30.6288681030 , 12.33317
74.03 , 30.6288681030 , 12.33900
74.07 , 30.7374801635 , 12.34500
74.10 , 30.7374801635 , 12.35067
74.14 , 30.7374801635 , 12.35667
74.18 , 30.7374801635 , 12.36250
74.21 , 30.6288681030 , 12.36850
74.25 , 30.7374801635 , 12.37450
74.28 , 30.7374801635 , 12.38017
74.32 , 30.8460941314 , 12.38617
74.35 , 30.8460941314 , 12.39200
74.39 , 30.8460941314 , 12.39800
74.42 , 30.8460941314 , 12.40383
74.46 , 30.8460941314 , 12.40983
74.49 , 30.8460941314 , 12.41550
74.53 , 30.7374801635 , 12.42150
74.56 , 30.9547061920 , 12.42733
74.60 , 30.9547061920 , 12.43333
74.63 , 30.9547061920 , 12.43917
74.67 , 30.9547061920 , 12.44517
74.70 , 30.9547061920 , 12.45083
74.74 , 30.9547061920 , 12.45683
74.78 , 31.0633201599 , 12.46267
74.81 , 30.9547061920 , 12.46867
74.85 , 30.9547061920 , 12.47467
74.88 , 31.0633201599 , 12.48050
74.92 , 31.0633201599 , 12.48633
74.95 , 31.0633201599 , 12.49217
74.99 , 31.0633201599 , 12.49817
75.02 , 31.1719322204 , 12.50400
75.06 , 31.1719322204 , 12.51000
75.09 , 31.2805461883 , 12.51583
75.13 , 31.1719322204 , 12.52167
75.16 , 31.1719322204 , 12.52750
75.20 , 31.1719322204 , 12.53350
75.24 , 31.2805461883 , 12.53933
75.27 , 31.2805461883 , 12.54533
75.31 , 31.2805461883 , 12.55117
75.34 , 31.3891582489 , 12.55700
75.38 , 31.2805461883 , 12.56300
75.41 , 31.2805461883 , 12.56883
75.45 , 31.2805461883 , 12.57483
75.48 , 31.3891582489 , 12.58067
75.52 , 31.3891582489 , 12.58667
75.55 , 31.3891582489 , 12.59233
75.59 , 31.3891582489 , 12.59833
75.62 , 31.3891582489 , 12.60417
75.66 , 31.3891582489 , 12.61017
75.70 , 31.3891582489 , 12.61600
75.73 , 31.3891582489 , 12.62183
75.77 , 31.3891582489 , 12.62767
75.80 , 31.4977722167 , 12.63367
75.84 , 31.4977722167 , 12.63950
75.87 , 31.4977722167 , 12.64550
75.91 , 31.4977722167 , 12.65133
75.94 , 31.4977722167 , 12.65717
75.98 , 31.4977722167 , 12.66317
76.01 , 31.6063842773 , 12.66900
76.05 , 31.4977722167 , 12.67500
76.08 , 31.4977722167 , 12.68083
76.12 , 31.6063842773 , 12.68683
76.15 , 31.6063842773 , 12.69250
76.19 , 31.6063842773 , 12.69850
76.23 , 31.6063842773 , 12.70433
76.26 , 31.7150001525 , 12.71033
76.30 , 31.7150001525 , 12.71617
76.33 , 31.7150001525 , 12.72217
76.37 , 31.7150001525 , 12.72783
76.40 , 31.7150001525 , 12.73383
76.44 , 31.8236122131 , 12.73967
76.47 , 31.6063842773 , 12.74567
76.51 , 31.7150001525 , 12.75167
76.54 , 31.7150001525 , 12.75750
76.58 , 31.7150001525 , 12.76333
76.61 , 31.7150001525 , 12.76917
76.65 , 31.8236122131 , 12.77517
76.69 , 31.8236122131 , 12.78100
76.72 , 31.8236122131 , 12.78700
76.76 , 31.9322261810 , 12.79267
76.79 , 31.8236122131 , 12.79867
76.83 , 31.8236122131 , 12.80450
76.86 , 31.9322261810 , 12.81050
76.90 , 31.8236122131 , 12.81633
76.93 , 31.9322261810 , 12.82233
76.97 , 31.9322261810 , 12.82800
77.00 , 31.9322261810 , 12.83400
77.04 , 32.0408401489 , 12.83983
77.07 , 32.0408401489 , 12.84583
77.11 , 31.9322261810 , 12.85183
77.15 , 32.0408401489 , 12.85767
77.18 , 32.0408401489 , 12.86350
77.22 , 32.0408401489 , 12.86933
77.25 , 32.0408401489 , 12.87533
77.29 , 32.0408401489 , 12.88117
77.32 , 32.1494522094 , 12.88717
77.36 , 32.1494522094 , 12.89300
77.39 , 32.2580642700 , 12.89883
77.43 , 32.0408401489 , 12.90467
77.46 , 32.1494522094 , 12.91067
77.50 , 32.1494522094 , 12.91650
77.54 , 32.2580642700 , 12.92250
77.57 , 32.2580642700 , 12.92833
77.61 , 32.2580642700 , 12.93417
77.64 , 32.2580642700 , 12.94017
77.68 , 32.2580642700 , 12.94600
77.71 , 32.2580642700 , 12.95200
77.75 , 32.3666763305 , 12.95783
77.78 , 32.2580642700 , 12.96383
77.82 , 32.3666763305 , 12.96950
77.85 , 32.3666763305 , 12.97550
77.89 , 32.3666763305 , 12.98133
77.92 , 32.3666763305 , 12.98733
77.96 , 32.3666763305 , 12.99317
78.00 , 32.4752883911 , 12.99917
78.03 , 32.3666763305 , 13.00483
78.06 , 32.4752883911 , 13.01083
78.10 , 32.4752883911 , 13.01667
78.14 , 32.4752883911 , 13.02267
78.17 , 32.4752883911 , 13.02850
78.21 , 32.3666763305 , 13.03433
78.24 , 32.4752883911 , 13.04033
78.28 , 32.4752883911 , 13.04617
78.31 , 32.4752883911 , 13.05217
78.35 , 32.4752883911 , 13.05800
78.38 , 32.4752883911 , 13.06400
78.42 , 32.5839042663 , 13.06967
78.45 , 32.4752883911 , 13.07567
78.49 , 32.5839042663 , 13.08150
78.52 , 32.4752883911 , 13.08750
78.56 , 32.5839042663 , 13.09333
78.60 , 32.5839042663 , 13.09933
78.63 , 32.5839042663 , 13.10500
78.67 , 32.5839042663 , 13.11100
78.70 , 32.6925163269 , 13.11683
78.74 , 32.6925163269 , 13.12283
78.77 , 32.6925163269 , 13.12883
78.81 , 32.5839042663 , 13.13467
78.84 , 32.6925163269 , 13.14050
78.88 , 32.8011283874 , 13.14633
78.91 , 32.8011283874 , 13.15233
78.95 , 32.8011283874 , 13.15817
78.98 , 32.8011283874 , 13.16417
79.02 , 32.8011283874 , 13.17000
79.05 , 32.8011283874 , 13.17583
79.09 , 32.8011283874 , 13.18167
79.13 , 32.8011283874 , 13.18767
79.16 , 32.8011283874 , 13.19350
79.20 , 32.9097404479 , 13.19950
79.23 , 32.9097404479 , 13.20533
79.27 , 32.9097404479 , 13.21117
79.30 , 32.8011283874 , 13.21700
79.34 , 32.9097404479 , 13.22300
79.37 , 32.9097404479 , 13.22900
79.41 , 32.9097404479 , 13.23483
79.44 , 33.0183563232 , 13.24067
79.48 , 33.0183563232 , 13.24650
79.51 , 32.9097404479 , 13.25250
79.55 , 33.1269683837 , 13.25833
79.59 , 33.1269683837 , 13.26433
79.62 , 33.1269683837 , 13.27017
79.66 , 33.0183563232 , 13.27600
79.69 , 33.1269683837 , 13.28183
79.73 , 33.1269683837 , 13.28783
79.76 , 33.1269683837 , 13.29367
79.80 , 33.1269683837 , 13.29967
79.83 , 33.1269683837 , 13.30550
79.87 , 33.1269683837 , 13.31133
79.90 , 33.2355804443 , 13.31733
79.94 , 33.2355804443 , 13.32317
79.97 , 33.2355804443 , 13.32917
80.01 , 33.2355804443 , 13.33500
80.05 , 33.2355804443 , 13.34100
80.08 , 33.2355804443 , 13.34667
80.12 , 33.3441925048 , 13.35267
80.15 , 33.3441925048 , 13.35850
80.19 , 33.2355804443 , 13.36450
80.22 , 33.3441925048 , 13.37033
80.26 , 33.3441925048 , 13.37633
80.29 , 33.3441925048 , 13.38200
80.33 , 33.3441925048 , 13.38800
80.36 , 33.3441925048 , 13.39383
80.40 , 33.4528045654 , 13.39983
80.43 , 33.3441925048 , 13.40567
80.47 , 33.4528045654 , 13.41167
80.50 , 33.4528045654 , 13.41750
80.54 , 33.4528045654 , 13.42333
80.58 , 33.5614204406 , 13.42933
80.61 , 33.4528045654 , 13.43517
80.65 , 33.5614204406 , 13.44117
80.68 , 33.5614204406 , 13.44683
80.72 , 33.5614204406 , 13.45283
80.75 , 33.5614204406 , 13.45867
80.79 , 33.5614204406 , 13.46467
80.82 , 33.5614204406 , 13.47050
80.86 , 33.5614204406 , 13.47650
80.89 , 33.5614204406 , 13.48217
80.93 , 33.5614204406 , 13.48817
80.96 , 33.6700325012 , 13.49400
81.00 , 33.6700325012 , 13.50000
81.04 , 33.6700325012 , 13.50600
81.07 , 33.5614204406 , 13.51183
81.11 , 33.5614204406 , 13.51767
81.14 , 33.7786445617 , 13.52350
81.18 , 33.7786445617 , 13.52950
81.21 , 33.7786445617 , 13.53533
81.25 , 33.6700325012 , 13.54133
81.28 , 33.6700325012 , 13.54717
81.32 , 33.7786445617 , 13.55300
81.35 , 33.7786445617 , 13.55883
81.39 , 33.7786445617 , 13.56483
81.42 , 33.8872566223 , 13.57067
81.46 , 33.7786445617 , 13.57667
81.50 , 33.7786445617 , 13.58250
81.53 , 33.8872566223 , 13.58833
81.56 , 33.9958724975 , 13.59417
81.60 , 33.8872566223 , 13.60017
81.64 , 33.8872566223 , 13.60617
81.67 , 33.8872566223 , 13.61200
81.71 , 33.8872566223 , 13.61800
81.74 , 33.9958724975 , 13.62367
81.78 , 33.9958724975 , 13.62967
81.81 , 33.8872566223 , 13.63550
81.85 , 33.9958724975 , 13.64150
81.88 , 33.9958724975 , 13.64733
81.92 , 33.9958724975 , 13.65333
81.95 , 34.1044845581 , 13.65900
81.99 , 33.9958724975 , 13.66500
82.02 , 33.9958724975 , 13.67083
82.06 , 34.1044845581 , 13.67683
82.10 , 34.1044845581 , 13.68267
82.13 , 34.1044845581 , 13.68850
82.17 , 34.1044845581 , 13.69450
82.20 , 34.1044845581 , 13.70033
82.24 , 34.1044845581 , 13.70633
82.27 , 34.2130966186 , 13.71217
82.31 , 34.2130966186 , 13.71817
82.34 , 34.2130966186 , 13.72383
82.38 , 34.2130966186 , 13.72983
82.41 , 34.3217086791 , 13.73567
82.45 , 34.2130966186 , 13.74167
82.48 , 34.3217086791 , 13.74750
82.52 , 34.2130966186 , 13.75350
82.55 , 34.4303207397 , 13.75917
82.59 , 34.3217086791 , 13.76517
82.63 , 34.3217086791 , 13.77100
82.66 , 34.3217086791 , 13.77700
82.70 , 34.3217086791 , 13.78283
82.73 , 34.3217086791 , 13.78883
82.77 , 34.3217086791 , 13.79467
82.80 , 34.4303207397 , 13.80050
82.84 , 34.4303207397 , 13.80650
82.87 , 34.4303207397 , 13.81233
82.91 , 34.4303207397 , 13.81833
82.94 , 34.4303207397 , 13.82417
82.98 , 34.4303207397 , 13.83000
83.01 , 34.4303207397 , 13.83583
83.05 , 34.5389366149 , 13.84183
83.09 , 34.4303207397 , 13.84767
83.12 , 34.5389366149 , 13.85367
83.16 , 34.5389366149 , 13.85933
83.19 , 34.4303207397 , 13.86533
83.23 , 34.5389366149 , 13.87117
83.26 , 34.5389366149 , 13.87717
83.30 , 34.5389366149 , 13.88317
83.33 , 34.6475524902 , 13.88900
83.37 , 34.6475524902 , 13.89483
83.40 , 34.6475524902 , 13.90067
83.44 , 34.6475524902 , 13.90667
83.47 , 34.6475524902 , 13.91250
83.51 , 34.6475524902 , 13.91850
83.55 , 34.7561645507 , 13.92433
83.58 , 34.6475524902 , 13.93017
83.62 , 34.6475524902 , 13.93600
83.65 , 34.7561645507 , 13.94200
83.69 , 34.6475524902 , 13.94783
83.72 , 34.7561645507 , 13.95383
83.76 , 34.7561645507 , 13.95967
83.79 , 34.7561645507 , 13.96550
83.83 , 34.7561645507 , 13.97133
83.86 , 34.7561645507 , 13.97733
83.90 , 34.8647766113 , 13.98333
83.93 , 34.8647766113 , 13.98917
83.97 , 34.8647766113 , 13.99517
84.00 , 34.7561645507 , 14.00083
84.04 , 34.8647766113 , 14.00683
84.08 , 34.8647766113 , 14.01267
84.11 , 34.8647766113 , 14.01867
84.15 , 34.8647766113 , 14.02450
84.18 , 34.8647766113 , 14.03050
84.22 , 34.9733886718 , 14.03617
84.25 , 34.9733886718 , 14.04217
84.29 , 34.9733886718 , 14.04800
84.32 , 34.9733886718 , 14.05400
84.36 , 34.9733886718 , 14.05983
84.39 , 35.0820007324 , 14.06583
84.43 , 35.0820007324 , 14.07167
84.46 , 35.0820007324 , 14.07750
84.50 , 34.9733886718 , 14.08350
84.54 , 35.0820007324 , 14.08933
84.57 , 35.0820007324 , 14.09533
84.61 , 35.0820007324 , 14.10100
84.64 , 35.1906166076 , 14.10700
84.68 , 35.1906166076 , 14.11283
84.71 , 35.1906166076 , 14.11883
84.75 , 35.1906166076 , 14.12467
84.78 , 35.1906166076 , 14.13067
84.82 , 35.1906166076 , 14.13633
84.85 , 35.2992286682 , 14.14233
84.89 , 35.1906166076 , 14.14817
84.93 , 35.2992286682 , 14.15417
84.96 , 35.1906166076 , 14.16000
85.00 , 35.2992286682 , 14.16600
85.03 , 35.2992286682 , 14.17183
85.07 , 35.2992286682 , 14.17767
85.10 , 35.4078407287 , 14.18367
85.14 , 35.2992286682 , 14.18950
85.17 , 35.2992286682 , 14.19550
85.21 , 35.4078407287 , 14.20133
85.24 , 35.4078407287 , 14.20717
85.28 , 35.2992286682 , 14.21300
85.31 , 35.4078407287 , 14.21900
85.35 , 35.4078407287 , 14.22483
85.38 , 35.4078407287 , 14.23083
85.42 , 35.5164527893 , 14.23667
85.45 , 35.5164527893 , 14.24250
85.49 , 35.5164527893 , 14.24833
85.53 , 35.4078407287 , 14.25433
85.56 , 35.5164527893 , 14.26033
85.60 , 35.5164527893 , 14.26617
85.63 , 35.5164527893 , 14.27217
85.67 , 35.5164527893 , 14.27783
85.70 , 35.4078407287 , 14.28383
85.74 , 35.5164527893 , 14.28967
85.77 , 35.5164527893 , 14.29567
85.81 , 35.6250686645 , 14.30150
85.84 , 35.6250686645 , 14.30733
85.88 , 35.6250686645 , 14.31317
85.91 , 35.6250686645 , 14.31917
85.95 , 35.6250686645 , 14.32500
85.99 , 35.6250686645 , 14.33100
86.02 , 35.7336807250 , 14.33683
86.06 , 35.6250686645 , 14.34267
86.09 , 35.6250686645 , 14.34850
86.13 , 35.7336807250 , 14.35450
86.16 , 35.7336807250 , 14.36050
86.20 , 35.7336807250 , 14.36633
86.23 , 35.7336807250 , 14.37233
86.27 , 35.7336807250 , 14.37800
86.30 , 35.8422927856 , 14.38400
86.34 , 35.7336807250 , 14.38983
86.37 , 35.8422927856 , 14.39583
86.41 , 35.8422927856 , 14.40167
86.45 , 35.8422927856 , 14.40767
86.48 , 35.8422927856 , 14.41333
86.52 , 35.8422927856 , 14.41933
86.55 , 35.8422927856 , 14.42517
86.59 , 35.8422927856 , 14.43117
86.62 , 35.9509048461 , 14.43700
86.66 , 35.8422927856 , 14.44300
86.69 , 35.9509048461 , 14.44883
86.73 , 35.9509048461 , 14.45467
86.76 , 35.9509048461 , 14.46067
86.80 , 35.9509048461 , 14.46650
86.83 , 36.0595169067 , 14.47250
86.87 , 36.0595169067 , 14.47833
86.90 , 36.0595169067 , 14.48417
86.94 , 35.9509048461 , 14.49000
86.98 , 35.9509048461 , 14.49600
87.01 , 36.0595169067 , 14.50183
87.05 , 36.0595169067 , 14.50783
87.08 , 36.1681327819 , 14.51350
87.12 , 36.1681327819 , 14.51950
87.15 , 36.1681327819 , 14.52533
87.19 , 36.1681327819 , 14.53133
87.22 , 36.1681327819 , 14.53717
87.26 , 36.1681327819 , 14.54317
87.29 , 36.1681327819 , 14.54900
87.33 , 36.1681327819 , 14.55483
87.36 , 36.1681327819 , 14.56083
87.40 , 36.2767448425 , 14.56667
87.44 , 36.2767448425 , 14.57267
87.47 , 36.2767448425 , 14.57850
87.51 , 36.2767448425 , 14.58433
87.54 , 36.2767448425 , 14.59017
87.58 , 36.2767448425 , 14.59617
87.61 , 36.3853569030 , 14.60200
87.65 , 36.2767448425 , 14.60800
87.68 , 36.2767448425 , 14.61383
87.72 , 36.3853569030 , 14.61967
87.75 , 36.3853569030 , 14.62550
87.79 , 36.3853569030 , 14.63150
87.82 , 36.3853569030 , 14.63750
87.86 , 36.4939689636 , 14.64333
87.90 , 36.3853569030 , 14.64933
87.93 , 36.4939689636 , 14.65500
87.97 , 36.3853569030 , 14.66100
88.00 , 36.3853569030 , 14.66683
88.04 , 36.4939689636 , 14.67283
88.07 , 36.4939689636 , 14.67867
88.11 , 36.4939689636 , 14.68467
88.14 , 36.4939689636 , 14.69033
88.18 , 36.4939689636 , 14.69633
88.21 , 36.4939689636 , 14.70217
88.25 , 36.4939689636 , 14.70817
88.28 , 36.6025848388 , 14.71400
88.32 , 36.6025848388 , 14.72000
88.35 , 36.6025848388 , 14.72567
88.39 , 36.6025848388 , 14.73167
88.43 , 36.6025848388 , 14.73767
88.46 , 36.6025848388 , 14.74350
88.50 , 36.6025848388 , 14.74950
88.53 , 36.7111968994 , 14.75517
88.57 , 36.7111968994 , 14.76117
88.60 , 36.6025848388 , 14.76700
88.64 , 36.7111968994 , 14.77300
88.67 , 36.7111968994 , 14.77883
88.71 , 36.7111968994 , 14.78483
88.74 , 36.7111968994 , 14.79050
88.78 , 36.7111968994 , 14.79650
88.81 , 36.8198089599 , 14.80233
88.85 , 36.8198089599 , 14.80833
88.88 , 36.8198089599 , 14.81417
88.92 , 36.8198089599 , 14.82017
88.96 , 36.8198089599 , 14.82600
88.99 , 36.9284210205 , 14.83183
89.03 , 36.9284210205 , 14.83783
89.06 , 36.9284210205 , 14.84367
89.10 , 36.9284210205 , 14.84967
89.13 , 36.9284210205 , 14.85550
89.17 , 36.9284210205 , 14.86133
89.20 , 36.9284210205 , 14.86717
89.24 , 37.0370330810 , 14.87317
89.27 , 37.0370330810 , 14.87900
89.31 , 37.0370330810 , 14.88500
89.34 , 37.0370330810 , 14.89083
89.38 , 37.0370330810 , 14.89667
89.41 , 37.1456489562 , 14.90250
89.45 , 37.1456489562 , 14.90850
89.49 , 37.1456489562 , 14.91433
89.52 , 37.1456489562 , 14.92033
89.56 , 37.1456489562 , 14.92633
89.59 , 37.1456489562 , 14.93200
89.63 , 37.1456489562 , 14.93800
89.66 , 37.2542648315 , 14.94383
89.70 , 37.2542648315 , 14.94983
89.73 , 37.2542648315 , 14.95567
89.77 , 37.2542648315 , 14.96150
89.80 , 37.2542648315 , 14.96733
89.84 , 37.2542648315 , 14.97333
89.87 , 37.2542648315 , 14.97917
89.91 , 37.2542648315 , 14.98517
89.95 , 37.2542648315 , 14.99100
89.98 , 37.4714889526 , 14.99683
90.02 , 37.3628768920 , 15.00267
90.05 , 37.3628768920 , 15.00867
90.09 , 37.4714889526 , 15.01467
90.12 , 37.4714889526 , 15.02050
90.16 , 37.4714889526 , 15.02650
90.19 , 37.3628768920 , 15.03217
90.23 , 37.4714889526 , 15.03817
90.26 , 37.4714889526 , 15.04400
90.30 , 37.4714889526 , 15.05000
90.33 , 37.5801010131 , 15.05583
90.37 , 37.4714889526 , 15.06183
90.40 , 37.5801010131 , 15.06750
90.44 , 37.4714889526 , 15.07350
90.48 , 37.5801010131 , 15.07933
90.51 , 37.5801010131 , 15.08533
90.55 , 37.5801010131 , 15.09117
90.58 , 37.4714889526 , 15.09717
90.62 , 37.5801010131 , 15.10283
90.65 , 37.5801010131 , 15.10883
90.69 , 37.5801010131 , 15.11483
90.72 , 37.5801010131 , 15.12067
90.76 , 37.6887130737 , 15.12667
90.79 , 37.5801010131 , 15.13250
90.83 , 37.5801010131 , 15.13833
90.86 , 37.6887130737 , 15.14417
90.90 , 37.6887130737 , 15.15017
90.94 , 37.6887130737 , 15.15600
90.97 , 37.7973289489 , 15.16200
91.01 , 37.6887130737 , 15.16767
91.04 , 37.6887130737 , 15.17367
91.08 , 37.6887130737 , 15.17950
91.11 , 37.7973289489 , 15.18550
91.15 , 37.7973289489 , 15.19133
91.18 , 37.7973289489 , 15.19733
91.22 , 37.9059410095 , 15.20317
91.25 , 37.9059410095 , 15.20900
91.29 , 37.9059410095 , 15.21500
91.32 , 37.9059410095 , 15.22083
91.36 , 37.9059410095 , 15.22683
91.40 , 37.7973289489 , 15.23267
91.43 , 37.9059410095 , 15.23850
91.47 , 38.0145530700 , 15.24433
91.50 , 38.0145530700 , 15.25033
91.54 , 38.0145530700 , 15.25617
91.57 , 38.0145530700 , 15.26217
91.61 , 38.0145530700 , 15.26800
91.64 , 38.0145530700 , 15.27383
91.68 , 38.1231651306 , 15.27967
91.71 , 38.0145530700 , 15.28567
91.75 , 38.1231651306 , 15.29150
91.79 , 38.1231651306 , 15.29750
91.82 , 38.1231651306 , 15.30350
91.86 , 38.2317810058 , 15.30917
91.89 , 38.1231651306 , 15.31517
91.93 , 38.1231651306 , 15.32100
91.96 , 38.1231651306 , 15.32700
92.00 , 38.2317810058 , 15.33283
92.03 , 38.2317810058 , 15.33883
92.07 , 38.2317810058 , 15.34450
92.10 , 38.2317810058 , 15.35050
92.14 , 38.3403930664 , 15.35633
92.17 , 38.3403930664 , 15.36233
92.21 , 38.2317810058 , 15.36817
92.24 , 38.2317810058 , 15.37400
92.28 , 38.3403930664 , 15.37983
92.31 , 38.3403930664 , 15.38583
92.35 , 38.3403930664 , 15.39183
92.39 , 38.3403930664 , 15.39767
92.42 , 38.3403930664 , 15.40367
92.46 , 38.4490051269 , 15.40933
92.49 , 38.4490051269 , 15.41533
92.53 , 38.4490051269 , 15.42117
92.56 , 38.4490051269 , 15.42717
92.60 , 38.4490051269 , 15.43300
92.63 , 38.4490051269 , 15.43900
92.67 , 38.4490051269 , 15.44467
92.70 , 38.4490051269 , 15.45067
92.74 , 38.5576171875 , 15.45650
92.77 , 38.5576171875 , 15.46250
92.81 , 38.4490051269 , 15.46833
92.85 , 38.5576171875 , 15.47433
92.88 , 38.5576171875 , 15.48000
92.92 , 38.5576171875 , 15.48600
92.95 , 38.5576171875 , 15.49200
92.99 , 38.6662292480 , 15.49783
93.02 , 38.5576171875 , 15.50383
93.06 , 38.6662292480 , 15.50967
93.09 , 38.6662292480 , 15.51550
93.13 , 38.6662292480 , 15.52133
93.16 , 38.6662292480 , 15.52733
93.20 , 38.6662292480 , 15.53317
93.23 , 38.6662292480 , 15.53917
93.27 , 38.6662292480 , 15.54500
93.30 , 38.6662292480 , 15.55083
93.34 , 38.6662292480 , 15.55667
93.38 , 38.7748451232 , 15.56267
93.41 , 38.7748451232 , 15.56850
93.45 , 38.7748451232 , 15.57450
93.48 , 38.8834571838 , 15.58050
93.52 , 38.8834571838 , 15.58617
93.55 , 38.7748451232 , 15.59217
93.59 , 38.7748451232 , 15.59800
93.62 , 38.8834571838 , 15.60400
93.66 , 38.7748451232 , 15.60983
93.69 , 38.8834571838 , 15.61567
93.73 , 38.8834571838 , 15.62150
93.76 , 38.9920692443 , 15.62750
93.80 , 38.8834571838 , 15.63333
93.84 , 38.9920692443 , 15.63933
93.87 , 39.1006813049 , 15.64517
93.91 , 38.9920692443 , 15.65100
93.94 , 38.9920692443 , 15.65683
93.98 , 39.1006813049 , 15.66283
94.01 , 38.9920692443 , 15.66867
94.05 , 39.1006813049 , 15.67467
94.08 , 39.1006813049 , 15.68067
94.12 , 39.1006813049 , 15.68633
94.15 , 39.1006813049 , 15.69233
94.19 , 39.1006813049 , 15.69817
94.22 , 39.1006813049 , 15.70417
94.26 , 39.2092971801 , 15.71000
94.30 , 39.2092971801 , 15.71600
94.33 , 39.2092971801 , 15.72167
94.37 , 39.2092971801 , 15.72767
94.40 , 39.2092971801 , 15.73350
94.44 , 39.2092971801 , 15.73950
94.47 , 39.3179092407 , 15.74533
94.51 , 39.3179092407 , 15.75133
94.54 , 39.3179092407 , 15.75700
94.58 , 39.3179092407 , 15.76300
94.61 , 39.3179092407 , 15.76900
94.65 , 39.3179092407 , 15.77483
94.68 , 39.3179092407 , 15.78083
94.72 , 39.3179092407 , 15.78667
94.75 , 39.3179092407 , 15.79250
94.79 , 39.4265213012 , 15.79833
94.83 , 39.4265213012 , 15.80433
94.86 , 39.3179092407 , 15.81017
94.90 , 39.4265213012 , 15.81617
94.93 , 39.4265213012 , 15.82183
94.97 , 39.4265213012 , 15.82783
95.00 , 39.4265213012 , 15.83367
95.04 , 39.5351333618 , 15.83967
95.07 , 39.5351333618 , 15.84550
95.11 , 39.4265213012 , 15.85150
95.14 , 39.5351333618 , 15.85717
95.18 , 39.5351333618 , 15.86317
95.21 , 39.5351333618 , 15.86917
95.25 , 39.5351333618 , 15.87500
95.29 , 39.5351333618 , 15.88100
95.32 , 39.5351333618 , 15.88683
95.36 , 39.6437454223 , 15.89267
95.39 , 39.5351333618 , 15.89850
95.43 , 39.5351333618 , 15.90450
95.46 , 39.6437454223 , 15.91033
95.50 , 39.6437454223 , 15.91633
95.53 , 39.6437454223 , 15.92217
95.57 , 39.7523612976 , 15.92800
95.60 , 39.6437454223 , 15.93383
95.64 , 39.6437454223 , 15.93983
95.67 , 39.7523612976 , 15.94567
95.71 , 39.7523612976 , 15.95167
95.75 , 39.7523612976 , 15.95767
95.78 , 39.7523612976 , 15.96333
95.82 , 39.8609733581 , 15.96933
95.85 , 39.8609733581 , 15.97517
95.89 , 39.8609733581 , 15.98117
95.92 , 39.7523612976 , 15.98700
95.96 , 39.8609733581 , 15.99300
95.99 , 39.8609733581 , 15.99867
96.03 , 39.8609733581 , 16.00467
96.06 , 39.8609733581 , 16.01050
96.10 , 39.8609733581 , 16.01650
96.13 , 39.8609733581 , 16.02234
96.17 , 39.9695854187 , 16.02817
96.20 , 39.8609733581 , 16.03400
96.24 , 39.9695854187 , 16.04000
96.27 , 39.9695854187 , 16.04583
96.31 , 39.9695854187 , 16.05183
96.35 , 40.0781974792 , 16.05784
96.38 , 39.9695854187 , 16.06350
96.42 , 39.9695854187 , 16.06950
96.45 , 40.0781974792 , 16.07534
96.49 , 40.0781974792 , 16.08133
96.52 , 40.0781974792 , 16.08717
96.56 , 40.0781974792 , 16.09317
96.59 , 40.0781974792 , 16.09884
96.63 , 40.0781974792 , 16.10483
96.66 , 40.0781974792 , 16.11067
96.70 , 40.1868133544 , 16.11667
96.73 , 40.1868133544 , 16.12250
96.77 , 40.0781974792 , 16.12850
96.80 , 40.1868133544 , 16.13417
96.84 , 40.1868133544 , 16.14017
96.88 , 40.2954254150 , 16.14617
96.91 , 40.1868133544 , 16.15200
96.95 , 40.2954254150 , 16.15800
96.98 , 40.1868133544 , 16.16383
97.02 , 40.2954254150 , 16.16967
97.05 , 40.2954254150 , 16.17550
97.09 , 40.4040374755 , 16.18150
97.12 , 40.2954254150 , 16.18733
97.16 , 40.2954254150 , 16.19334
97.19 , 40.4040374755 , 16.19917
97.23 , 40.4040374755 , 16.20500
97.26 , 40.4040374755 , 16.21084
97.30 , 40.4040374755 , 16.21684
97.34 , 40.4040374755 , 16.22267
97.37 , 40.4040374755 , 16.22867
97.41 , 40.4040374755 , 16.23433
97.44 , 40.4040374755 , 16.24033
97.48 , 40.5126495361 , 16.24633
97.51 , 40.5126495361 , 16.25217
97.55 , 40.5126495361 , 16.25817
97.58 , 40.4040374755 , 16.26400
97.62 , 40.4040374755 , 16.26984
97.65 , 40.5126495361 , 16.27567
97.69 , 40.5126495361 , 16.28167
97.72 , 40.5126495361 , 16.28750
97.76 , 40.6212615966 , 16.29350
97.80 , 40.6212615966 , 16.29933
97.83 , 40.5126495361 , 16.30517
97.87 , 40.6212615966 , 16.31100
97.90 , 40.6212615966 , 16.31700
97.94 , 40.5126495361 , 16.32283
97.97 , 40.6212615966 , 16.32884
98.01 , 40.6212615966 , 16.33484
98.04 , 40.7298774719 , 16.34050
98.08 , 40.7298774719 , 16.34650
98.11 , 40.7298774719 , 16.35233
98.15 , 40.7298774719 , 16.35833
98.18 , 40.7298774719 , 16.36417
98.22 , 40.7298774719 , 16.37017
98.25 , 40.7298774719 , 16.37583
98.29 , 40.7298774719 , 16.38183
98.33 , 40.7298774719 , 16.38767
98.36 , 40.8384895324 , 16.39367
98.40 , 40.7298774719 , 16.39950
98.43 , 40.8384895324 , 16.40550
98.47 , 40.8384895324 , 16.41117
98.50 , 40.8384895324 , 16.41717
98.54 , 40.8384895324 , 16.42300
98.57 , 40.8384895324 , 16.42900
98.61 , 40.9471015930 , 16.43500
98.64 , 40.9471015930 , 16.44067
98.68 , 40.9471015930 , 16.44667
98.71 , 40.9471015930 , 16.45250
98.75 , 41.0557136535 , 16.45850
98.79 , 41.0557136535 , 16.46434
98.82 , 41.0557136535 , 16.47033
98.86 , 41.0557136535 , 16.47600
98.89 , 41.0557136535 , 16.48200
98.93 , 41.0557136535 , 16.48784
98.96 , 41.0557136535 , 16.49383
99.00 , 41.0557136535 , 16.49967
99.03 , 41.0557136535 , 16.50567
99.07 , 41.1643295288 , 16.51133
99.10 , 41.1643295288 , 16.51733
99.14 , 41.1643295288 , 16.52334
99.18 , 41.1643295288 , 16.52917
99.21 , 41.1643295288 , 16.53517
99.25 , 41.1643295288 , 16.54100
99.28 , 41.1643295288 , 16.54683
99.32 , 41.1643295288 , 16.55267
99.35 , 41.1643295288 , 16.55867
99.39 , 41.2729415893 , 16.56450
99.42 , 41.2729415893 , 16.57050
99.46 , 41.2729415893 , 16.57633
99.49 , 41.2729415893 , 16.58217
99.53 , 41.2729415893 , 16.58800
99.56 , 41.3815536499 , 16.59400
99.60 , 41.2729415893 , 16.59984
99.63 , 41.3815536499 , 16.60584
99.67 , 41.3815536499 , 16.61167
99.70 , 41.3815536499 , 16.61750
99.74 , 41.3815536499 , 16.62350
99.78 , 41.3815536499 , 16.62933
99.81 , 41.3815536499 , 16.63533
99.85 , 41.4901733398 , 16.64117
99.88 , 41.3815536499 , 16.64717
99.92 , 41.4901733398 , 16.65283
99.95 , 41.4901733398 , 16.65884
99.99 , 41.4901733398 , 16.66467
100.02 , 41.4901733398 , 16.67067
100.06 , 41.4901733398 , 16.67667
100.10 , 41.4901733398 , 16.68284
100.13 , 41.4901733398 , 16.68867
100.17 , 41.4901733398 , 16.69483
100.21 , 41.4901733398 , 16.70100
100.24 , 41.4901733398 , 16.70700
100.28 , 41.5987854003 , 16.71317
100.31 , 41.5987854003 , 16.71917
100.35 , 41.5987854003 , 16.72533
100.39 , 41.5987854003 , 16.73117
100.42 , 41.5987854003 , 16.73734
100.46 , 41.7073974609 , 16.74333
100.50 , 41.5987854003 , 16.74950
100.53 , 41.7073974609 , 16.75550
100.57 , 41.5987854003 , 16.76167
100.61 , 41.7073974609 , 16.76767
100.64 , 41.7073974609 , 16.77367
100.68 , 41.7073974609 , 16.77984
100.71 , 41.7073974609 , 16.78583
100.75 , 41.7073974609 , 16.79200
100.79 , 41.8160095214 , 16.79800
100.82 , 41.7073974609 , 16.80417
100.86 , 41.8160095214 , 16.81000
100.90 , 41.8160095214 , 16.81617
100.93 , 41.8160095214 , 16.82217
100.97 , 41.8160095214 , 16.82834
101.01 , 41.8160095214 , 16.83450
101.04 , 41.8160095214 , 16.84050
101.08 , 41.9246215820 , 16.84667
101.11 , 41.9246215820 , 16.85250
101.15 , 41.9246215820 , 16.85867
101.19 , 42.0332374572 , 16.86467
101.22 , 42.0332374572 , 16.87084
101.26 , 42.0332374572 , 16.87684
101.30 , 42.0332374572 , 16.88300
101.33 , 41.9246215820 , 16.88900
101.37 , 42.0332374572 , 16.89500
101.41 , 42.0332374572 , 16.90117
101.44 , 42.0332374572 , 16.90717
101.48 , 42.1418495178 , 16.91333
101.52 , 42.1418495178 , 16.91934
101.55 , 42.1418495178 , 16.92550
101.59 , 42.1418495178 , 16.93133
101.62 , 42.0332374572 , 16.93750
101.66 , 42.1418495178 , 16.94350
101.70 , 42.2504615783 , 16.94967
101.73 , 42.1418495178 , 16.95583
101.77 , 42.1418495178 , 16.96183
101.81 , 42.2504615783 , 16.96800
101.84 , 42.1418495178 , 16.97384
101.88 , 42.2504615783 , 16.98000
101.92 , 42.2504615783 , 16.98600
101.95 , 42.3590736389 , 16.99217
101.99 , 42.2504615783 , 16.99817
102.03 , 42.2504615783 , 17.00433
102.06 , 42.3590736389 , 17.01033
102.10 , 42.3590736389 , 17.01634
102.13 , 42.2504615783 , 17.02250
102.17 , 42.3590736389 , 17.02850
102.21 , 42.3590736389 , 17.03467
102.24 , 42.3590736389 , 17.04067
102.28 , 42.3590736389 , 17.04683
102.32 , 42.4676895141 , 17.05283
102.35 , 42.3590736389 , 17.05883
102.39 , 42.4676895141 , 17.06484
102.43 , 42.4676895141 , 17.07100
102.46 , 42.3590736389 , 17.07700
102.50 , 42.4676895141 , 17.08317
102.54 , 42.4676895141 , 17.08934
102.57 , 42.4676895141 , 17.09533
102.61 , 42.4676895141 , 17.10133
102.64 , 42.4676895141 , 17.10733
102.68 , 42.4676895141 , 17.11350
102.72 , 42.5763015747 , 17.11950
102.75 , 42.4676895141 , 17.12567
102.79 , 42.5763015747 , 17.13167
102.83 , 42.5763015747 , 17.13784
102.86 , 42.5763015747 , 17.14367
102.90 , 42.5763015747 , 17.14983
102.94 , 42.5763015747 , 17.15600
102.97 , 42.5763015747 , 17.16200
103.01 , 42.5763015747 , 17.16817
103.04 , 42.5763015747 , 17.17417
103.08 , 42.6849136352 , 17.18017
103.12 , 42.6849136352 , 17.18617
103.15 , 42.6849136352 , 17.19233
103.19 , 42.6849136352 , 17.19833
103.23 , 42.6849136352 , 17.20450
103.26 , 42.7935256958 , 17.21050
103.30 , 42.6849136352 , 17.21667
103.34 , 42.7935256958 , 17.22267
103.37 , 42.7935256958 , 17.22867
103.41 , 42.7935256958 , 17.23483
103.44 , 42.7935256958 , 17.24083
103.48 , 42.9021377563 , 17.24700
103.52 , 42.9021377563 , 17.25300
103.55 , 42.9021377563 , 17.25917
103.59 , 42.9021377563 , 17.26500
103.63 , 42.9021377563 , 17.27117
103.66 , 42.9021377563 , 17.27717
103.70 , 43.0107536315 , 17.28333
103.74 , 43.0107536315 , 17.28950
103.77 , 43.0107536315 , 17.29550
103.81 , 43.0107536315 , 17.30167
103.84 , 43.0107536315 , 17.30750
103.88 , 43.0107536315 , 17.31367
103.92 , 43.0107536315 , 17.31967
103.95 , 43.0107536315 , 17.32583
103.99 , 43.0107536315 , 17.33183
104.03 , 43.0107536315 , 17.33800
104.06 , 43.0107536315 , 17.34417
104.10 , 43.0107536315 , 17.35000
104.14 , 43.1193656921 , 17.35617
104.17 , 43.1193656921 , 17.36217
104.21 , 43.1193656921 , 17.36833
104.25 , 43.1193656921 , 17.37434
104.28 , 43.2279777526 , 17.38050
104.32 , 43.1193656921 , 17.38633
104.36 , 43.2279777526 , 17.39250
104.39 , 43.2279777526 , 17.39850
104.43 , 43.2279777526 , 17.40467
104.46 , 43.2279777526 , 17.41083
104.50 , 43.2279777526 , 17.41683
104.54 , 43.2279777526 , 17.42300
104.57 , 43.2279777526 , 17.42883
104.61 , 43.3365898132 , 17.43500
104.65 , 43.2279777526 , 17.44100
104.68 , 43.3365898132 , 17.44717
104.72 , 43.3365898132 , 17.45317
104.76 , 43.3365898132 , 17.45933
104.79 , 43.3365898132 , 17.46533
104.83 , 43.3365898132 , 17.47134
104.86 , 43.3365898132 , 17.47750
104.90 , 43.3365898132 , 17.48350
104.94 , 43.4452056884 , 17.48967
104.97 , 43.3365898132 , 17.49567
105.01 , 43.4452056884 , 17.50184
105.05 , 43.3365898132 , 17.50783
105.08 , 43.4452056884 , 17.51383
105.12 , 43.4452056884 , 17.51984
105.16 , 43.4452056884 , 17.52600
105.19 , 43.4452056884 , 17.53200
105.23 , 43.4452056884 , 17.53817
105.27 , 43.4452056884 , 17.54434
105.30 , 43.5538177490 , 17.55034
105.34 , 43.5538177490 , 17.55633
105.37 , 43.5538177490 , 17.56233
105.41 , 43.4452056884 , 17.56850
105.45 , 43.5538177490 , 17.57450
105.48 , 43.5538177490 , 17.58067
105.52 , 43.5538177490 , 17.58667
105.56 , 43.5538177490 , 17.59267
105.59 , 43.6624298095 , 17.59867
105.63 , 43.6624298095 , 17.60483
105.67 , 43.6624298095 , 17.61100
105.70 , 43.6624298095 , 17.61700
105.74 , 43.6624298095 , 17.62317
105.77 , 43.6624298095 , 17.62917
105.81 , 43.6624298095 , 17.63517
105.85 , 43.7710418701 , 17.64117
105.88 , 43.7710418701 , 17.64734
105.92 , 43.7710418701 , 17.65333
105.96 , 43.7710418701 , 17.65950
105.99 , 43.7710418701 , 17.66550
106.03 , 43.8796539306 , 17.67167
106.07 , 43.7710418701 , 17.67767
106.10 , 43.8796539306 , 17.68367
106.14 , 43.8796539306 , 17.68984
106.18 , 43.8796539306 , 17.69584
106.21 , 43.8796539306 , 17.70200
106.25 , 43.8796539306 , 17.70800
106.29 , 43.8796539306 , 17.71417
106.32 , 43.8796539306 , 17.72000
106.36 , 43.8796539306 , 17.72617
106.39 , 43.9882698059 , 17.73233
106.43 , 43.8796539306 , 17.73834
106.47 , 43.8796539306 , 17.74450
106.50 , 43.9882698059 , 17.75050
106.54 , 44.0968818664 , 17.75667
106.57 , 43.9882698059 , 17.76250
106.61 , 43.9882698059 , 17.76867
106.65 , 43.9882698059 , 17.77467
106.68 , 44.0968818664 , 17.78083
106.72 , 44.0968818664 , 17.78684
106.76 , 44.0968818664 , 17.79300
106.79 , 44.0968818664 , 17.79917
106.83 , 44.0968818664 , 17.80500
106.87 , 44.0968818664 , 17.81117
106.90 , 44.2054939270 , 17.81717
106.94 , 44.2054939270 , 17.82333
106.98 , 44.0968818664 , 17.82933
107.01 , 44.2054939270 , 17.83550
107.05 , 44.2054939270 , 17.84133
107.08 , 44.2054939270 , 17.84750
107.12 , 44.2054939270 , 17.85350
107.16 , 44.2054939270 , 17.85967
107.19 , 44.3141059875 , 17.86583
107.23 , 44.0968818664 , 17.87183
107.27 , 44.2054939270 , 17.87800
107.30 , 44.2054939270 , 17.88384
107.34 , 44.2054939270 , 17.89000
107.38 , 44.3141059875 , 17.89600
107.41 , 44.3141059875 , 17.90217
107.45 , 44.3141059875 , 17.90817
107.49 , 44.4227218627 , 17.91433
107.52 , 44.4227218627 , 17.92033
107.56 , 44.3141059875 , 17.92634
107.59 , 44.4227218627 , 17.93250
107.63 , 44.4227218627 , 17.93850
107.67 , 44.4227218627 , 17.94467
107.70 , 44.4227218627 , 17.95067
107.74 , 44.4227218627 , 17.95683
107.78 , 44.4227218627 , 17.96283
107.81 , 44.4227218627 , 17.96883
107.85 , 44.4227218627 , 17.97484
107.89 , 44.4227218627 , 17.98100
107.92 , 44.4227218627 , 17.98700
107.96 , 44.5313339233 , 17.99317
108.00 , 44.5313339233 , 17.99934
108.03 , 44.5313339233 , 18.00533
108.07 , 44.5313339233 , 18.01133
108.10 , 44.5313339233 , 18.01733
108.14 , 44.5313339233 , 18.02350
108.18 , 44.5313339233 , 18.02950
108.21 , 44.6399459838 , 18.03567
108.25 , 44.6399459838 , 18.04167
108.29 , 44.6399459838 , 18.04767
108.32 , 44.6399459838 , 18.05367
108.36 , 44.6399459838 , 18.05983
108.40 , 44.6399459838 , 18.06600
108.43 , 44.6399459838 , 18.07200
108.47 , 44.7485580444 , 18.07817
108.50 , 44.7485580444 , 18.08417
108.54 , 44.6399459838 , 18.09017
108.58 , 44.7485580444 , 18.09617
108.61 , 44.7485580444 , 18.10233
108.65 , 44.7485580444 , 18.10833
108.69 , 44.7485580444 , 18.11450
108.72 , 44.7485580444 , 18.12067
108.76 , 44.7485580444 , 18.12667
108.80 , 44.8571701049 , 18.13267
108.83 , 44.8571701049 , 18.13867
108.87 , 44.8571701049 , 18.14484
108.90 , 44.8571701049 , 18.15083
108.94 , 44.8571701049 , 18.15700
108.98 , 44.8571701049 , 18.16300
109.01 , 44.8571701049 , 18.16917
109.05 , 44.8571701049 , 18.17500
109.09 , 44.9657859802 , 18.18117
109.12 , 44.9657859802 , 18.18733
109.16 , 44.9657859802 , 18.19334
109.20 , 44.9657859802 , 18.19950
109.23 , 44.9657859802 , 18.20550
109.27 , 44.9657859802 , 18.21167
109.30 , 44.9657859802 , 18.21750
109.34 , 44.9657859802 , 18.22367
109.38 , 44.9657859802 , 18.22967
109.41 , 45.0743980407 , 18.23583
109.45 , 44.9657859802 , 18.24183
109.49 , 44.9657859802 , 18.24800
109.52 , 45.0743980407 , 18.25400
109.56 , 45.0743980407 , 18.26000
109.60 , 45.0743980407 , 18.26617
109.63 , 45.0743980407 , 18.27217
109.67 , 45.0743980407 , 18.27833
109.71 , 45.0743980407 , 18.28433
109.74 , 45.0743980407 , 18.29050
109.78 , 45.0743980407 , 18.29633
109.81 , 45.1830101013 , 18.30250
109.85 , 45.1830101013 , 18.30850
109.89 , 45.1830101013 , 18.31467
109.93 , 45.1830101013 , 18.32084
109.96 , 45.2916221618 , 18.32683
110.00 , 45.1830101013 , 18.33300
110.03 , 45.1830101013 , 18.33883
110.07 , 45.2916221618 , 18.34500
110.11 , 45.1830101013 , 18.35100
110.14 , 45.2916221618 , 18.35717
110.18 , 45.2916221618 , 18.36317
110.22 , 45.1830101013 , 18.36934
110.25 , 45.2916221618 , 18.37533
110.29 , 45.2916221618 , 18.38134
110.32 , 45.2916221618 , 18.38750
110.36 , 45.2916221618 , 18.39350
110.40 , 45.2916221618 , 18.39967
110.43 , 45.4002380371 , 18.40567
110.47 , 45.4002380371 , 18.41184
110.51 , 45.4002380371 , 18.41784
110.54 , 45.4002380371 , 18.42383
110.58 , 45.4002380371 , 18.42984
110.62 , 45.5088500976 , 18.43600
110.65 , 45.4002380371 , 18.44200
110.69 , 45.4002380371 , 18.44817
110.73 , 45.5088500976 , 18.45433
110.76 , 45.5088500976 , 18.46017
110.80 , 45.5088500976 , 18.46633
110.83 , 45.4002380371 , 18.47233
110.87 , 45.5088500976 , 18.47850
110.91 , 45.5088500976 , 18.48450
110.94 , 45.6174621582 , 18.49067
110.98 , 45.6174621582 , 18.49667
111.02 , 45.7260742187 , 18.50267
111.05 , 45.6174621582 , 18.50884
111.09 , 45.6174621582 , 18.51483
111.13 , 45.6174621582 , 18.52100
111.16 , 45.6174621582 , 18.52700
111.20 , 45.7260742187 , 18.53317
111.23 , 45.6174621582 , 18.53917
111.27 , 45.7260742187 , 18.54517
111.31 , 45.7260742187 , 18.55117
111.34 , 45.7260742187 , 18.55734
111.38 , 45.7260742187 , 18.56333
111.42 , 45.8346862792 , 18.56950
111.45 , 45.7260742187 , 18.57567
111.49 , 45.7260742187 , 18.58167
111.53 , 45.7260742187 , 18.58767
111.56 , 45.7260742187 , 18.59367
111.60 , 45.7260742187 , 18.59984
111.63 , 45.8346862792 , 18.60584
111.67 , 45.8346862792 , 18.61200
111.71 , 45.8346862792 , 18.61800
111.75 , 45.8346862792 , 18.62417
111.78 , 45.7260742187 , 18.63000
111.82 , 45.9433021545 , 18.63617
111.85 , 45.9433021545 , 18.64233
111.89 , 45.9433021545 , 18.64834
111.93 , 45.8346862792 , 18.65450
111.96 , 45.9433021545 , 18.66050
112.00 , 45.8346862792 , 18.66667
112.04 , 45.8346862792 , 18.67250
112.07 , 45.9433021545 , 18.67867
112.11 , 45.9433021545 , 18.68467
112.14 , 45.9433021545 , 18.69083
112.18 , 46.0519142150 , 18.69684
112.22 , 45.9433021545 , 18.70300
112.25 , 45.9433021545 , 18.70900
112.29 , 46.0519142150 , 18.71500
112.33 , 45.9433021545 , 18.72117
112.36 , 46.0519142150 , 18.72717
112.40 , 46.0519142150 , 18.73333
112.44 , 46.0519142150 , 18.73933
112.47 , 46.1605262756 , 18.74550
112.51 , 46.0519142150 , 18.75134
112.54 , 46.0519142150 , 18.75750
112.58 , 46.0519142150 , 18.76350
112.62 , 46.0519142150 , 18.76967
112.65 , 46.1605262756 , 18.77583
112.69 , 46.1605262756 , 18.78183
112.73 , 46.1605262756 , 18.78800
112.76 , 46.1605262756 , 18.79384
112.80 , 46.1605262756 , 18.80000
112.84 , 46.2691383361 , 18.80600
112.87 , 46.1605262756 , 18.81217
112.91 , 46.2691383361 , 18.81817
112.95 , 46.2691383361 , 18.82433
112.98 , 46.2691383361 , 18.83033
113.02 , 46.2691383361 , 18.83633
113.05 , 46.2691383361 , 18.84250
113.09 , 46.2691383361 , 18.84850
113.13 , 46.3777542114 , 18.85467
113.16 , 46.2691383361 , 18.86067
113.20 , 46.3777542114 , 18.86683
113.24 , 46.3777542114 , 18.87267
113.27 , 46.3777542114 , 18.87883
113.31 , 46.3777542114 , 18.88484
113.35 , 46.3777542114 , 18.89100
113.38 , 46.3777542114 , 18.89717
113.42 , 46.4863662719 , 18.90317
113.46 , 46.4863662719 , 18.90933
113.49 , 46.3777542114 , 18.91517
113.53 , 46.4863662719 , 18.92133
113.56 , 46.5949783325 , 18.92733
113.60 , 46.4863662719 , 18.93350
113.64 , 46.4863662719 , 18.93950
113.67 , 46.4863662719 , 18.94567
113.71 , 46.5949783325 , 18.95167
113.75 , 46.4863662719 , 18.95767
113.78 , 46.5949783325 , 18.96383
113.82 , 46.4863662719 , 18.96983
113.86 , 46.5949783325 , 18.97600
113.89 , 46.5949783325 , 18.98200
113.93 , 46.5949783325 , 18.98817
113.96 , 46.5949783325 , 18.99417
114.00 , 46.5949783325 , 19.00017
114.04 , 46.7035903930 , 19.00617
114.07 , 46.5949783325 , 19.01233
114.11 , 46.5949783325 , 19.01833
114.15 , 46.7035903930 , 19.02450
114.18 , 46.7035903930 , 19.03067
114.22 , 46.5949783325 , 19.03667
114.26 , 46.7035903930 , 19.04267
114.29 , 46.7035903930 , 19.04867
114.33 , 46.7035903930 , 19.05484
114.36 , 46.7035903930 , 19.06083
114.40 , 46.7035903930 , 19.06700
114.44 , 46.7035903930 , 19.07300
114.47 , 46.7035903930 , 19.07917
114.51 , 46.8122024536 , 19.08500
114.55 , 46.7035903930 , 19.09117
114.58 , 46.8122024536 , 19.09733
114.62 , 46.8122024536 , 19.10334
114.66 , 46.8122024536 , 19.10950
114.69 , 46.8122024536 , 19.11550
114.73 , 46.9208183288 , 19.12150
114.76 , 46.8122024536 , 19.12750
114.80 , 46.8122024536 , 19.13367
114.84 , 46.8122024536 , 19.13967
114.87 , 46.9208183288 , 19.14583
114.91 , 46.9208183288 , 19.15184
114.95 , 46.9208183288 , 19.15800
114.98 , 46.9208183288 , 19.16400
115.02 , 46.9208183288 , 19.17000
115.06 , 46.9208183288 , 19.17617
115.09 , 46.9208183288 , 19.18217
115.13 , 46.9208183288 , 19.18833
115.17 , 46.9208183288 , 19.19433
115.20 , 46.9208183288 , 19.20050
115.24 , 47.0294342041 , 19.20633
115.27 , 47.0294342041 , 19.21250
115.31 , 47.0294342041 , 19.21850
115.35 , 47.0294342041 , 19.22467
115.38 , 47.0294342041 , 19.23084
115.42 , 47.1380462646 , 19.23683
115.46 , 47.0294342041 , 19.24300
115.49 , 47.0294342041 , 19.24883
115.53 , 47.0294342041 , 19.25500
115.57 , 47.1380462646 , 19.26100
115.60 , 47.1380462646 , 19.26717
115.64 , 47.1380462646 , 19.27317
115.68 , 47.1380462646 , 19.27934
115.71 , 47.1380462646 , 19.28550
115.75 , 47.1380462646 , 19.29133
115.79 , 47.1380462646 , 19.29750
115.82 , 47.2466621398 , 19.30350
115.86 , 47.2466621398 , 19.30967
115.89 , 47.2466621398 , 19.31567
115.93 , 47.2466621398 , 19.32184
115.97 , 47.2466621398 , 19.32767
116.00 , 47.2466621398 , 19.33383
116.04 , 47.2466621398 , 19.33983
116.08 , 47.2466621398 , 19.34600
116.11 , 47.2466621398 , 19.35217
116.15 , 47.3552742004 , 19.35817
116.19 , 47.3552742004 , 19.36433
116.22 , 47.3552742004 , 19.37017
116.26 , 47.3552742004 , 19.37634
116.29 , 47.3552742004 , 19.38233
116.33 , 47.3552742004 , 19.38850
116.37 , 47.3552742004 , 19.39450
116.40 , 47.3552742004 , 19.40067
116.44 , 47.4638862609 , 19.40667
116.48 , 47.4638862609 , 19.41267
116.51 , 47.3552742004 , 19.41884
116.55 , 47.4638862609 , 19.42484
116.59 , 47.4638862609 , 19.43100
116.62 , 47.4638862609 , 19.43700
116.66 , 47.4638862609 , 19.44317
116.69 , 47.4638862609 , 19.44917
116.73 , 47.4638862609 , 19.45517
116.77 , 47.5724983215 , 19.46117
116.80 , 47.5724983215 , 19.46734
116.84 , 47.5724983215 , 19.47333
116.88 , 47.5724983215 , 19.47950
116.91 , 47.5724983215 , 19.48567
116.95 , 47.5724983215 , 19.49167
116.99 , 47.5724983215 , 19.49767
117.02 , 47.6811141967 , 19.50367
117.06 , 47.5724983215 , 19.50984
117.09 , 47.5724983215 , 19.51584
117.13 , 47.5724983215 , 19.52200
117.17 , 47.6811141967 , 19.52800
117.20 , 47.6811141967 , 19.53400
117.24 , 47.5724983215 , 19.54000
117.28 , 47.5724983215 , 19.54617
117.31 , 47.7897262573 , 19.55233
117.35 , 47.6811141967 , 19.55834
117.39 , 47.6811141967 , 19.56450
117.42 , 47.6811141967 , 19.57050
117.46 , 47.6811141967 , 19.57650
117.50 , 47.6811141967 , 19.58250
117.53 , 47.7897262573 , 19.58867
117.57 , 47.6811141967 , 19.59467
117.61 , 47.7897262573 , 19.60083
117.64 , 47.7897262573 , 19.60684
117.68 , 47.7897262573 , 19.61300
117.71 , 47.7897262573 , 19.61900
117.75 , 47.8983383178 , 19.62500
117.79 , 47.7897262573 , 19.63117
117.82 , 47.8983383178 , 19.63717
117.86 , 47.7897262573 , 19.64333
117.90 , 47.7897262573 , 19.64933
117.93 , 47.8983383178 , 19.65550
117.97 , 47.8983383178 , 19.66134
118.00 , 48.0069503784 , 19.66750
118.04 , 47.8983383178 , 19.67367
118.08 , 48.0069503784 , 19.67967
118.11 , 47.8983383178 , 19.68583
118.15 , 48.0069503784 , 19.69183
118.19 , 48.0069503784 , 19.69800
118.22 , 48.1155624389 , 19.70384
118.26 , 48.0069503784 , 19.71000
118.30 , 48.0069503784 , 19.71600
118.33 , 48.0069503784 , 19.72217
118.37 , 48.0069503784 , 19.72817
118.41 , 48.1155624389 , 19.73433
118.44 , 48.0069503784 , 19.74050
118.48 , 48.1155624389 , 19.74633
118.51 , 48.0069503784 , 19.75250
118.55 , 48.1155624389 , 19.75850
118.59 , 48.1155624389 , 19.76467
118.62 , 48.1155624389 , 19.77067
118.66 , 48.1155624389 , 19.77684
118.70 , 48.2241783142 , 19.78267
118.73 , 48.2241783142 , 19.78883
118.77 , 48.1155624389 , 19.79483
118.81 , 48.1155624389 , 19.80100
118.84 , 48.2241783142 , 19.80717
118.88 , 48.1155624389 , 19.81317
118.92 , 48.1155624389 , 19.81933
118.95 , 48.2241783142 , 19.82517
118.99 , 48.2241783142 , 19.83133
119.02 , 48.2241783142 , 19.83733
119.06 , 48.2241783142 , 19.84350
119.10 , 48.2241783142 , 19.84950
119.13 , 48.2241783142 , 19.85567
119.17 , 48.3327903747 , 19.86167
119.21 , 48.3327903747 , 19.86767
119.24 , 48.3327903747 , 19.87383
119.28 , 48.2241783142 , 19.87983
119.32 , 48.3327903747 , 19.88600
119.35 , 48.3327903747 , 19.89200
119.39 , 48.3327903747 , 19.89817
119.43 , 48.3327903747 , 19.90417
119.46 , 48.4414024353 , 19.91017
119.50 , 48.3327903747 , 19.91617
119.53 , 48.4414024353 , 19.92233
119.57 , 48.3327903747 , 19.92833
119.61 , 48.3327903747 , 19.93450
119.64 , 48.4414024353 , 19.94067
119.68 , 48.3327903747 , 19.94667
119.72 , 48.4414024353 , 19.95267
119.75 , 48.4414024353 , 19.95867
119.79 , 48.4414024353 , 19.96483
119.82 , 48.4414024353 , 19.97083
119.86 , 48.4414024353 , 19.97700
119.90 , 48.5500144958 , 19.98300
119.93 , 48.4414024353 , 19.98900
119.97 , 48.5500144958 , 19.99500
120.01 , 48.5500144958 , 20.00117
120.04 , 48.5500144958 , 20.00733
120.08 , 48.5500144958 , 20.01333
120.12 , 48.5500144958 , 20.01950
120.15 , 48.5500144958 , 20.02550
120.19 , 48.5500144958 , 20.03150
120.22 , 48.5500144958 , 20.03750
120.26 , 48.6586303710 , 20.04367
120.30 , 48.6586303710 , 20.04967
120.33 , 48.6586303710 , 20.05583
120.37 , 48.6586303710 , 20.06200
120.41 , 48.6586303710 , 20.06800
120.44 , 48.6586303710 , 20.07400
120.48 , 48.7672424316 , 20.08000
120.52 , 48.6586303710 , 20.08617
120.55 , 48.6586303710 , 20.09217
120.59 , 48.7672424316 , 20.09833
120.63 , 48.7672424316 , 20.10433
120.66 , 48.7672424316 , 20.11050
120.70 , 48.7672424316 , 20.11633
120.73 , 48.7672424316 , 20.12250
120.77 , 48.7672424316 , 20.12867
120.81 , 48.8758544921 , 20.13467
120.84 , 48.8758544921 , 20.14084
120.88 , 48.8758544921 , 20.14683
120.92 , 48.8758544921 , 20.15300
120.95 , 48.8758544921 , 20.15884
120.99 , 48.8758544921 , 20.16500
121.03 , 48.8758544921 , 20.17100
121.06 , 48.8758544921 , 20.17717
121.10 , 48.8758544921 , 20.18317
121.14 , 48.9844665527 , 20.18934
121.17 , 48.9844665527 , 20.19533
121.21 , 48.8758544921 , 20.20133
121.25 , 48.8758544921 , 20.20750
121.28 , 48.9844665527 , 20.21350
121.32 , 48.9844665527 , 20.21967
121.35 , 48.9844665527 , 20.22567
121.39 , 48.9844665527 , 20.23184
121.43 , 48.9844665527 , 20.23767
121.46 , 48.9844665527 , 20.24383
121.50 , 48.9844665527 , 20.24983
121.54 , 48.9844665527 , 20.25600
121.57 , 48.9844665527 , 20.26217
121.61 , 49.0930786132 , 20.26817
121.65 , 48.9844665527 , 20.27433
121.68 , 48.9844665527 , 20.28017
121.72 , 49.0930786132 , 20.28634
121.75 , 49.0930786132 , 20.29233
121.79 , 49.0930786132 , 20.29850
121.83 , 49.0930786132 , 20.30450
121.86 , 49.0930786132 , 20.31067
121.90 , 49.0930786132 , 20.31667
121.94 , 49.0930786132 , 20.32267
121.97 , 49.0930786132 , 20.32884
122.01 , 49.2016944885 , 20.33484
122.05 , 49.0930786132 , 20.34100
122.08 , 49.0930786132 , 20.34700
122.12 , 49.2016944885 , 20.35317
122.15 , 49.2016944885 , 20.35917
122.19 , 49.2016944885 , 20.36517
122.23 , 49.2016944885 , 20.37117
122.26 , 49.2016944885 , 20.37734
122.30 , 49.3103065490 , 20.38334
122.34 , 49.2016944885 , 20.38950
122.37 , 49.2016944885 , 20.39567
122.41 , 49.2016944885 , 20.40150
122.45 , 49.3103065490 , 20.40767
122.48 , 49.3103065490 , 20.41367
122.52 , 49.3103065490 , 20.41983
122.55 , 49.4189186096 , 20.42584
122.59 , 49.3103065490 , 20.43200
122.63 , 49.4189186096 , 20.43800
122.66 , 49.4189186096 , 20.44400
122.70 , 49.4189186096 , 20.45017
122.74 , 49.4189186096 , 20.45617
122.77 , 49.4189186096 , 20.46233
122.81 , 49.4189186096 , 20.46833
122.85 , 49.4189186096 , 20.47450
122.88 , 49.4189186096 , 20.48050
122.92 , 49.4189186096 , 20.48650
122.95 , 49.4189186096 , 20.49250
122.99 , 49.4189186096 , 20.49867
123.03 , 49.5275306701 , 20.50467
123.06 , 49.4189186096 , 20.51083
123.10 , 49.5275306701 , 20.51700
123.14 , 49.5275306701 , 20.52300
123.17 , 49.5275306701 , 20.52900
123.21 , 49.5275306701 , 20.53500
123.25 , 49.5275306701 , 20.54117
123.28 , 49.5275306701 , 20.54717
123.32 , 49.6361465454 , 20.55333
123.36 , 49.5275306701 , 20.55933
123.39 , 49.6361465454 , 20.56550
123.43 , 49.6361465454 , 20.57134
123.46 , 49.6361465454 , 20.57750
123.50 , 49.6361465454 , 20.58367
123.54 , 49.6361465454 , 20.58967
123.57 , 49.6361465454 , 20.59583
123.61 , 49.6361465454 , 20.60183
123.65 , 49.6361465454 , 20.60800
123.68 , 49.6361465454 , 20.61384
123.72 , 49.6361465454 , 20.62000
123.76 , 49.6361465454 , 20.62600
123.79 , 49.7447586059 , 20.63217
123.83 , 49.7447586059 , 20.63817
123.87 , 49.6361465454 , 20.64433
123.90 , 49.7447586059 , 20.65033
123.94 , 49.7447586059 , 20.65633
123.97 , 49.6361465454 , 20.66250
124.01 , 49.8533706665 , 20.66850
124.05 , 49.7447586059 , 20.67467
124.08 , 49.8533706665 , 20.68067
124.12 , 49.7447586059 , 20.68684
124.16 , 49.7447586059 , 20.69267
124.19 , 49.8533706665 , 20.69883
124.23 , 49.8533706665 , 20.70483
124.27 , 49.8533706665 , 20.71100
124.30 , 49.8533706665 , 20.71717
124.34 , 49.8533706665 , 20.72317
124.38 , 49.8533706665 , 20.72933
124.41 , 49.8533706665 , 20.73517
124.45 , 49.9619827270 , 20.74133
124.48 , 49.9619827270 , 20.74733
124.52 , 49.8533706665 , 20.75350
124.56 , 49.8533706665 , 20.75950
124.59 , 49.8533706665 , 20.76567
124.63 , 49.9619827270 , 20.77167
124.67 , 49.9619827270 , 20.77767
124.70 , 49.9619827270 , 20.78384
124.74 , 49.9619827270 , 20.78983
124.78 , 49.8533706665 , 20.79600
124.81 , 50.0705947875 , 20.80200
124.85 , 49.9619827270 , 20.80817
124.88 , 49.9619827270 , 20.81400
124.92 , 50.0705947875 , 20.82017
124.96 , 49.9619827270 , 20.82617
124.99 , 50.0705947875 , 20.83234
125.03 , 49.9619827270 , 20.83850
125.07 , 50.0705947875 , 20.84450
125.10 , 50.0705947875 , 20.85067
125.14 , 50.0705947875 , 20.85650
125.18 , 50.0705947875 , 20.86267
125.21 , 50.0705947875 , 20.86867
125.25 , 50.0705947875 , 20.87483
125.29 , 50.1792106628 , 20.88084
125.32 , 50.1792106628 , 20.88700
125.36 , 50.1792106628 , 20.89300
125.39 , 50.1792106628 , 20.89900
125.43 , 50.1792106628 , 20.90517
125.47 , 50.1792106628 , 20.91117
125.50 , 50.1792106628 , 20.91733
125.54 , 50.2878227233 , 20.92333
125.58 , 50.1792106628 , 20.92950
125.61 , 50.2878227233 , 20.93550
125.65 , 50.2878227233 , 20.94150
125.68 , 50.2878227233 , 20.94750
125.72 , 50.2878227233 , 20.95367
125.76 , 50.2878227233 , 20.95967
125.79 , 50.2878227233 , 20.96583
125.83 , 50.2878227233 , 20.97200
125.87 , 50.2878227233 , 20.97800
125.90 , 50.3964347839 , 20.98400
125.94 , 50.3964347839 , 20.99000
125.98 , 50.3964347839 , 20.99617
126.01 , 50.3964347839 , 21.00217
126.05 , 50.2878227233 , 21.00834
126.09 , 50.3964347839 , 21.01433
126.12 , 50.3964347839 , 21.02050
126.16 , 50.3964347839 , 21.02633
126.19 , 50.3964347839 , 21.03250
126.23 , 50.3964347839 , 21.03867
126.27 , 50.3964347839 , 21.04467
126.30 , 50.3964347839 , 21.05084
126.34 , 50.3964347839 , 21.05684
126.38 , 50.3964347839 , 21.06283
126.41 , 50.5050468444 , 21.06884
126.45 , 50.5050468444 , 21.07500
126.49 , 50.5050468444 , 21.08100
126.52 , 50.5050468444 , 21.08717
126.56 , 50.5050468444 , 21.09317
126.60 , 50.5050468444 , 21.09934
126.63 , 50.5050468444 , 21.10534
126.67 , 50.5050468444 , 21.11133
126.70 , 50.5050468444 , 21.11750
126.74 , 50.6136627197 , 21.12350
126.78 , 50.5050468444 , 21.12967
126.81 , 50.5050468444 , 21.13567
126.85 , 50.6136627197 , 21.14183
126.89 , 50.6136627197 , 21.14767
126.92 , 50.6136627197 , 21.15383
126.96 , 50.6136627197 , 21.15983
127.00 , 50.6136627197 , 21.16600
127.03 , 50.6136627197 , 21.17217
127.07 , 50.6136627197 , 21.17817
127.11 , 50.7222747802 , 21.18433
127.14 , 50.6136627197 , 21.19017
127.18 , 50.7222747802 , 21.19634
127.21 , 50.7222747802 , 21.20233
127.25 , 50.7222747802 , 21.20850
127.29 , 50.7222747802 , 21.21450
127.32 , 50.7222747802 , 21.22067
127.36 , 50.7222747802 , 21.22683
127.40 , 50.7222747802 , 21.23267
127.43 , 50.7222747802 , 21.23884
127.47 , 50.8308868408 , 21.24484
127.51 , 50.8308868408 , 21.25100
127.54 , 50.8308868408 , 21.25700
127.58 , 50.8308868408 , 21.26317
127.61 , 50.8308868408 , 21.26900
127.65 , 50.7222747802 , 21.27517
127.69 , 50.8308868408 , 21.28117
127.72 , 50.8308868408 , 21.28734
127.76 , 50.9394989013 , 21.29350
127.80 , 50.8308868408 , 21.29950
127.83 , 50.9394989013 , 21.30567
127.87 , 50.9394989013 , 21.31150
127.91 , 50.9394989013 , 21.31767
127.94 , 50.9394989013 , 21.32367
127.98 , 50.9394989013 , 21.32983
128.02 , 50.9394989013 , 21.33584
128.05 , 50.9394989013 , 21.34200
128.09 , 50.9394989013 , 21.34800
128.12 , 50.9394989013 , 21.35400
128.16 , 50.9394989013 , 21.36017
128.20 , 50.9394989013 , 21.36617
128.23 , 51.0481109619 , 21.37233
128.27 , 51.0481109619 , 21.37833
128.31 , 50.9394989013 , 21.38450
128.34 , 51.0481109619 , 21.39050
128.38 , 51.0481109619 , 21.39650
128.41 , 51.0481109619 , 21.40250
128.45 , 51.1567268371 , 21.40867
128.49 , 51.1567268371 , 21.41467
128.52 , 51.1567268371 , 21.42083
128.56 , 51.1567268371 , 21.42700
128.60 , 51.0481109619 , 21.43300
128.63 , 51.1567268371 , 21.43900
128.67 , 51.0481109619 , 21.44500
128.71 , 51.1567268371 , 21.45117
128.74 , 51.0481109619 , 21.45717
128.78 , 51.1567268371 , 21.46333
128.82 , 51.1567268371 , 21.46933
128.85 , 51.1567268371 , 21.47533
128.89 , 51.1567268371 , 21.48134
128.93 , 51.2653388977 , 21.48750
128.96 , 51.2653388977 , 21.49367
129.00 , 51.1567268371 , 21.49967
129.04 , 51.2653388977 , 21.50584
129.07 , 51.1567268371 , 21.51183
129.11 , 51.2653388977 , 21.51783
129.14 , 51.2653388977 , 21.52383
129.18 , 51.3739509582 , 21.53000
129.22 , 51.2653388977 , 21.53600
129.25 , 51.2653388977 , 21.54217
129.29 , 51.3739509582 , 21.54817
129.33 , 51.3739509582 , 21.55434
129.36 , 51.3739509582 , 21.56033
129.40 , 51.2653388977 , 21.56633
129.44 , 51.3739509582 , 21.57250
129.47 , 51.3739509582 , 21.57850
129.51 , 51.3739509582 , 21.58467
129.54 , 51.2653388977 , 21.59067
129.58 , 51.3739509582 , 21.59683
129.62 , 51.3739509582 , 21.60267
129.65 , 51.3739509582 , 21.60883
129.69 , 51.3739509582 , 21.61500
129.73 , 51.4825630187 , 21.62100
129.76 , 51.3739509582 , 21.62717
129.80 , 51.4825630187 , 21.63317
129.84 , 51.4825630187 , 21.63933
129.87 , 51.4825630187 , 21.64517
129.91 , 51.4825630187 , 21.65134
129.94 , 51.4825630187 , 21.65733
129.98 , 51.4825630187 , 21.66350
130.02 , 51.4825630187 , 21.66950
130.05 , 51.5911788940 , 21.67567
130.09 , 51.4825630187 , 21.68184
130.13 , 51.5911788940 , 21.68767
130.16 , 51.5911788940 , 21.69383
130.20 , 51.5911788940 , 21.69984
130.24 , 51.5911788940 , 21.70600
130.27 , 51.5911788940 , 21.71200
130.31 , 51.5911788940 , 21.71817