2.38 , 0.0000000000 , 0.39583
2.41 , 0.0000000000 , 0.40117
2.44 , 0.0000000000 , 0.40667
2.47 , 0.1086129074 , 0.41183
2.50 , 0.1086129074 , 0.41733
2.54 , 0.1086129074 , 0.42267
2.57 , 0.1086129074 , 0.42817
2.60 , 0.2172258138 , 0.43333
2.63 , 0.1086129074 , 0.43883
2.67 , 0.1086129074 , 0.44417
2.70 , 0.2172258138 , 0.44967
2.73 , 0.1086129074 , 0.45483
2.76 , 0.2172258138 , 0.46033
2.79 , 0.1086129074 , 0.46567
2.83 , 0.2172258138 , 0.47117
2.86 , 0.1086129074 , 0.47650
2.89 , 0.2172258138 , 0.48167
2.92 , 0.1086129074 , 0.48717
2.96 , 0.2172258138 , 0.49250
2.99 , 0.2172258138 , 0.49800
3.02 , 0.2172258138 , 0.50317
3.05 , 0.2172258138 , 0.50867
3.08 , 0.1086129074 , 0.51400
3.12 , 0.2172258138 , 0.51950
3.15 , 0.3258387088 , 0.52467
3.18 , 0.2172258138 , 0.53017
3.21 , 0.3258387088 , 0.53550
3.25 , 0.3258387088 , 0.54100
3.28 , 0.3258387088 , 0.54617
3.31 , 0.2172258138 , 0.55167
3.34 , 0.3258387088 , 0.55700
3.38 , 0.3258387088 , 0.56250
3.41 , 0.2172258138 , 0.56767
3.44 , 0.3258387088 , 0.57317
3.47 , 0.3258387088 , 0.57850
3.50 , 0.3258387088 , 0.58400
3.54 , 0.3258387088 , 0.58917
3.57 , 0.4344516277 , 0.59467
3.60 , 0.4344516277 , 0.60000
3.63 , 0.4344516277 , 0.60550
3.66 , 0.4344516277 , 0.61067
3.70 , 0.4344516277 , 0.61617
3.73 , 0.4344516277 , 0.62150
3.76 , 0.4344516277 , 0.62700
3.79 , 0.4344516277 , 0.63217
3.83 , 0.4344516277 , 0.63767
3.86 , 0.5430645465 , 0.64300
3.89 , 0.4344516277 , 0.64850
3.92 , 0.4344516277 , 0.65367
3.95 , 0.5430645465 , 0.65900
3.99 , 0.5430645465 , 0.66450
4.02 , 0.5430645465 , 0.66983
4.05 , 0.4344516277 , 0.67517
4.08 , 0.5430645465 , 0.68050
4.12 , 0.5430645465 , 0.68600
4.15 , 0.5430645465 , 0.69133
4.18 , 0.5430645465 , 0.69667
4.21 , 0.6516774177 , 0.70200
4.25 , 0.6516774177 , 0.70750
4.28 , 0.6516774177 , 0.71283
4.31 , 0.5430645465 , 0.71833
4.34 , 0.6516774177 , 0.72350
4.37 , 0.6516774177 , 0.72900
4.41 , 0.6516774177 , 0.73433
4.44 , 0.6516774177 , 0.73983
4.47 , 0.6516774177 , 0.74500
4.50 , 0.6516774177 , 0.75050
4.53 , 0.6516774177 , 0.75583
4.57 , 0.6516774177 , 0.76133
4.60 , 0.6516774177 , 0.76650
4.63 , 0.7602903366 , 0.77200
4.66 , 0.7602903366 , 0.77733
4.70 , 0.6516774177 , 0.78283
4.73 , 0.6516774177 , 0.78800
4.76 , 0.6516774177 , 0.79350
4.79 , 0.6516774177 , 0.79883
4.83 , 0.6516774177 , 0.80433
4.86 , 0.6516774177 , 0.80950
4.89 , 0.7602903366 , 0.81500
4.92 , 0.6516774177 , 0.82033
4.95 , 0.7602903366 , 0.82567
4.99 , 0.8689032554 , 0.83100
5.02 , 0.7602903366 , 0.83633
5.05 , 0.8689032554 , 0.84183
5.08 , 0.7602903366 , 0.84717
5.11 , 0.8689032554 , 0.85250
5.15 , 0.7602903366 , 0.85783
5.18 , 0.7602903366 , 0.86333
5.21 , 0.8689032554 , 0.86867
5.24 , 0.8689032554 , 0.87400
5.28 , 0.8689032554 , 0.87933
5.31 , 0.8689032554 , 0.88483
5.34 , 0.9775160789 , 0.89017
5.37 , 0.8689032554 , 0.89550
5.41 , 0.8689032554 , 0.90083
5.44 , 0.8689032554 , 0.90633
5.47 , 0.9775160789 , 0.91167
5.50 , 0.9775160789 , 0.91700
5.53 , 0.9775160789 , 0.92233
5.57 , 1.0861290740 , 0.92783
5.60 , 1.0861290740 , 0.93317
5.63 , 1.0861290740 , 0.93867
5.66 , 1.0861290740 , 0.94383
5.70 , 0.9775160789 , 0.94933
5.73 , 1.0861290740 , 0.95467
5.76 , 1.0861290740 , 0.96017
5.79 , 1.0861290740 , 0.96533
5.82 , 1.1947419643 , 0.97083
5.86 , 1.0861290740 , 0.97617
5.89 , 1.0861290740 , 0.98167
5.92 , 1.0861290740 , 0.98683
5.95 , 1.0861290740 , 0.99233
5.99 , 1.0861290740 , 0.99767
6.02 , 1.0861290740 , 1.00300
6.05 , 1.0861290740 , 1.00833
6.08 , 1.0861290740 , 1.01367
6.11 , 1.1947419643 , 1.01917
6.15 , 1.1947419643 , 1.02450
6.18 , 1.0861290740 , 1.02983
6.21 , 1.1947419643 , 1.03517
6.24 , 1.1947419643 , 1.04067
6.28 , 1.1947419643 , 1.04600
6.31 , 1.3033561706 , 1.05133
6.34 , 1.3033561706 , 1.05667
6.37 , 1.3033561706 , 1.06217
6.41 , 1.3033561706 , 1.06750
6.44 , 1.3033561706 , 1.07283
6.47 , 1.3033561706 , 1.07817
6.50 , 1.3033561706 , 1.08367
6.53 , 1.3033561706 , 1.08900
6.57 , 1.3033561706 , 1.09433
6.60 , 1.3033561706 , 1.09967
6.63 , 1.3033561706 , 1.10517
6.66 , 1.4119690895 , 1.11050
6.70 , 1.3033561706 , 1.11583
6.73 , 1.3033561706 , 1.12117
6.76 , 1.4119690895 , 1.12667
6.79 , 1.4119690895 , 1.13200
6.82 , 1.4119690895 , 1.13733
6.86 , 1.4119690895 , 1.14267
6.89 , 1.4119690895 , 1.14817
6.92 , 1.5205819606 , 1.15350
6.95 , 1.5205819606 , 1.15883
6.99 , 1.3033561706 , 1.16417
7.02 , 1.4119690895 , 1.16950
7.05 , 1.4119690895 , 1.17500
7.08 , 1.5205819606 , 1.18017
7.11 , 1.5205819606 , 1.18567
7.15 , 1.5205819606 , 1.19100
7.18 , 1.4119690895 , 1.19650
7.21 , 1.5205819606 , 1.20183
7.24 , 1.5205819606 , 1.20717
7.28 , 1.5205819606 , 1.21250
7.31 , 1.5205819606 , 1.21800
7.34 , 1.5205819606 , 1.22333
7.37 , 1.6291948318 , 1.22867
7.40 , 1.6291948318 , 1.23400
7.44 , 1.6291948318 , 1.23950
7.47 , 1.6291948318 , 1.24483
7.50 , 1.6291948318 , 1.25017
7.53 , 1.6291948318 , 1.25550
7.57 , 1.6291948318 , 1.26100
7.60 , 1.6291948318 , 1.26633
7.63 , 1.6291948318 , 1.27167
7.66 , 1.6291948318 , 1.27700
7.70 , 1.6291948318 , 1.28250
7.73 , 1.6291948318 , 1.28783
7.76 , 1.7378077507 , 1.29317
7.79 , 1.7378077507 , 1.29850
7.82 , 1.7378077507 , 1.30400
7.86 , 1.7378077507 , 1.30933
7.89 , 1.7378077507 , 1.31467
7.92 , 1.7378077507 , 1.32000
7.95 , 1.6291948318 , 1.32550
7.99 , 1.7378077507 , 1.33083
8.02 , 1.8464206695 , 1.33617
8.05 , 1.7378077507 , 1.34150
8.08 , 1.7378077507 , 1.34683
8.11 , 1.9550334930 , 1.35233
8.15 , 1.8464206695 , 1.35750
8.18 , 1.8464206695 , 1.36300
8.21 , 1.7378077507 , 1.36833
8.24 , 1.8464206695 , 1.37383
8.27 , 1.8464206695 , 1.37900
8.31 , 1.8464206695 , 1.38450
8.34 , 1.8464206695 , 1.38983
8.37 , 1.9550334930 , 1.39533
8.40 , 1.9550334930 , 1.40050
8.44 , 1.9550334930 , 1.40600
8.47 , 1.9550334930 , 1.41133
8.50 , 1.9550334930 , 1.41683
8.53 , 1.9550334930 , 1.42200
8.56 , 2.0636465549 , 1.42750
8.60 , 2.0636465549 , 1.43283
8.63 , 1.9550334930 , 1.43833
8.66 , 2.0636465549 , 1.44367
8.69 , 2.0636465549 , 1.44900
8.73 , 2.0636465549 , 1.45433
8.76 , 2.0636465549 , 1.45983
8.79 , 2.1722593307 , 1.46517
8.82 , 2.0636465549 , 1.47050
8.85 , 2.0636465549 , 1.47583
8.89 , 2.0636465549 , 1.48133
8.92 , 2.1722593307 , 1.48667
8.95 , 2.0636465549 , 1.49200
8.98 , 2.0636465549 , 1.49733
9.02 , 2.1722593307 , 1.50283
9.05 , 2.2808723449 , 1.50817
9.08 , 2.1722593307 , 1.51333
9.11 , 2.1722593307 , 1.51883
9.15 , 2.1722593307 , 1.52417
9.18 , 2.2808723449 , 1.52967
9.21 , 2.1722593307 , 1.53483
9.24 , 2.1722593307 , 1.54033
9.27 , 2.2808723449 , 1.54567
9.31 , 2.2808723449 , 1.55117
9.34 , 2.2808723449 , 1.55633
9.37 , 2.2808723449 , 1.56183
9.40 , 2.3894851207 , 1.56717
9.44 , 2.3894851207 , 1.57267
9.47 , 2.2808723449 , 1.57783
9.50 , 2.3894851207 , 1.58333
9.53 , 2.3894851207 , 1.58867
9.56 , 2.2808723449 , 1.59417
9.60 , 2.4980981349 , 1.59933
9.63 , 2.3894851207 , 1.60483
9.66 , 2.3894851207 , 1.61017
9.69 , 2.3894851207 , 1.61567
9.73 , 2.4980981349 , 1.62083
9.76 , 2.3894851207 , 1.62633
9.79 , 2.4980981349 , 1.63167
9.82 , 2.4980981349 , 1.63717
9.85 , 2.4980981349 , 1.64233
9.89 , 2.4980981349 , 1.64783
9.92 , 2.4980981349 , 1.65317
9.95 , 2.4980981349 , 1.65867
9.98 , 2.4980981349 , 1.66400
10.02 , 2.4980981349 , 1.66933
10.05 , 2.4980981349 , 1.67483
10.08 , 2.6067123413 , 1.68050
10.12 , 2.4980981349 , 1.68600
10.15 , 2.6067123413 , 1.69150
10.18 , 2.6067123413 , 1.69700
10.22 , 2.6067123413 , 1.70267
10.25 , 2.7153253555 , 1.70817
10.28 , 2.7153253555 , 1.71383
10.31 , 2.6067123413 , 1.71917
10.35 , 2.7153253555 , 1.72483
10.38 , 2.7153253555 , 1.73033
10.42 , 2.7153253555 , 1.73600
10.45 , 2.7153253555 , 1.74133
10.48 , 2.7153253555 , 1.74700
10.52 , 2.7153253555 , 1.75250
10.55 , 2.7153253555 , 1.75817
10.58 , 2.7153253555 , 1.76367
10.61 , 2.7153253555 , 1.76917
10.65 , 2.8239381790 , 1.77467
10.68 , 2.8239381790 , 1.78033
10.72 , 2.7153253555 , 1.78583
10.75 , 2.8239381790 , 1.79133
10.78 , 2.8239381790 , 1.79683
10.81 , 2.7153253555 , 1.80250
10.85 , 2.8239381790 , 1.80800
10.88 , 2.8239381790 , 1.81367
10.91 , 2.8239381790 , 1.81900
10.95 , 2.8239381790 , 1.82467
10.98 , 2.9325511932 , 1.83017
11.02 , 2.8239381790 , 1.83583
11.05 , 2.9325511932 , 1.84117
11.08 , 2.9325511932 , 1.84683
11.11 , 2.9325511932 , 1.85233
11.15 , 2.9325511932 , 1.85800
11.18 , 2.9325511932 , 1.86350
11.21 , 3.0411639213 , 1.86900
11.25 , 3.0411639213 , 1.87450
11.28 , 2.9325511932 , 1.88017
11.31 , 3.0411639213 , 1.88567
11.35 , 3.0411639213 , 1.89117
11.38 , 3.1497769355 , 1.89667
11.41 , 3.0411639213 , 1.90233
11.45 , 3.1497769355 , 1.90783
11.48 , 3.1497769355 , 1.91350
11.51 , 3.1497769355 , 1.91883
11.55 , 3.1497769355 , 1.92450
11.58 , 3.1497769355 , 1.93000
11.61 , 3.2583897113 , 1.93567
11.65 , 3.1497769355 , 1.94100
11.68 , 3.2583897113 , 1.94667
11.71 , 3.3670027256 , 1.95217
11.75 , 3.2583897113 , 1.95783
11.78 , 3.3670027256 , 1.96333
11.81 , 3.2583897113 , 1.96883
11.85 , 3.3670027256 , 1.97433
11.88 , 3.2583897113 , 1.98000
11.91 , 3.2583897113 , 1.98550
11.95 , 3.2583897113 , 1.99117
11.98 , 3.3670027256 , 1.99650
12.01 , 3.3670027256 , 2.00217
12.05 , 3.2583897113 , 2.00767
12.08 , 3.3670027256 , 2.01333
12.11 , 3.3670027256 , 2.01867
12.15 , 3.3670027256 , 2.02433
12.18 , 3.3670027256 , 2.02983
12.21 , 3.4756155014 , 2.03550
12.25 , 3.3670027256 , 2.04100
12.28 , 3.3670027256 , 2.04650
12.31 , 3.4756155014 , 2.05200
12.35 , 3.4756155014 , 2.05767
12.38 , 3.4756155014 , 2.06317
12.41 , 3.4756155014 , 2.06867
12.44 , 3.4756155014 , 2.07417
12.48 , 3.5842285156 , 2.07983
12.51 , 3.5842285156 , 2.08533
12.55 , 3.4756155014 , 2.09100
12.58 , 3.4756155014 , 2.09633
12.61 , 3.4756155014 , 2.10200
12.65 , 3.5842285156 , 2.10750
12.68 , 3.5842285156 , 2.11317
12.71 , 3.5842285156 , 2.11850
12.75 , 3.6928412914 , 2.12417
12.78 , 3.5842285156 , 2.12967
12.81 , 3.6928412914 , 2.13533
12.85 , 3.6928412914 , 2.14083
12.88 , 3.6928412914 , 2.14633
12.91 , 3.6928412914 , 2.15183
12.94 , 3.8014543533 , 2.15750
12.98 , 3.8014543533 , 2.16300
13.01 , 3.8014543533 , 2.16850
13.04 , 3.8014543533 , 2.17400
13.08 , 3.8014543533 , 2.17967
13.11 , 3.9100670814 , 2.18517
13.15 , 3.9100670814 , 2.19083
13.18 , 3.9100670814 , 2.19617
13.21 , 3.8014543533 , 2.20183
13.24 , 3.9100670814 , 2.20733
13.28 , 3.9100670814 , 2.21300
13.31 , 3.8014543533 , 2.21833
13.34 , 4.0186815261 , 2.22400
13.38 , 4.0186815261 , 2.22950
13.41 , 4.0186815261 , 2.23517
13.44 , 4.1272945404 , 2.24067
13.48 , 4.1272945404 , 2.24617
13.51 , 4.1272945404 , 2.25167
13.54 , 4.1272945404 , 2.25733
13.58 , 4.1272945404 , 2.26283
13.61 , 4.2359070777 , 2.26850
13.64 , 4.2359070777 , 2.27383
13.68 , 4.1272945404 , 2.27950
13.71 , 4.1272945404 , 2.28500
13.74 , 4.0186815261 , 2.29067
13.78 , 4.1272945404 , 2.29600
13.81 , 4.1272945404 , 2.30167
13.84 , 4.0186815261 , 2.30717
13.88 , 4.1272945404 , 2.31283
13.91 , 4.1272945404 , 2.31833
13.94 , 4.1272945404 , 2.32383
13.98 , 4.2359070777 , 2.32933
14.01 , 4.3445200920 , 2.33500
14.04 , 4.2359070777 , 2.34050
14.08 , 4.3445200920 , 2.34600
14.11 , 4.3445200920 , 2.35150
14.14 , 4.3445200920 , 2.35717
14.18 , 4.3445200920 , 2.36267
14.21 , 4.3445200920 , 2.36833
14.24 , 4.3445200920 , 2.37367
14.28 , 4.3445200920 , 2.37933
14.31 , 4.4531331062 , 2.38483
14.34 , 4.4531331062 , 2.39050
14.38 , 4.5617461204 , 2.39583
14.41 , 4.4531331062 , 2.40150
14.44 , 4.4531331062 , 2.40700
14.48 , 4.4531331062 , 2.41267
14.51 , 4.4531331062 , 2.41817
14.54 , 4.4531331062 , 2.42367
14.57 , 4.3445200920 , 2.42917
14.61 , 4.4531331062 , 2.43483
14.64 , 4.3445200920 , 2.44033
14.68 , 4.3445200920 , 2.44583
14.71 , 4.4531331062 , 2.45133
14.74 , 4.3445200920 , 2.45700
14.77 , 4.4531331062 , 2.46250
14.81 , 4.4531331062 , 2.46817
14.84 , 4.4531331062 , 2.47350
14.88 , 4.4531331062 , 2.47917
14.91 , 4.4531331062 , 2.48467
14.94 , 4.5617461204 , 2.49033
14.97 , 4.6703586578 , 2.49567
15.01 , 4.5617461204 , 2.50133
15.04 , 4.5617461204 , 2.50683
15.07 , 4.5617461204 , 2.51250
15.11 , 4.6703586578 , 2.51800
15.14 , 4.6703586578 , 2.52350
15.17 , 4.5617461204 , 2.52900
15.21 , 4.5617461204 , 2.53467
15.24 , 4.6703586578 , 2.54017
15.27 , 4.5617461204 , 2.54583
15.31 , 4.5617461204 , 2.55117
15.34 , 4.6703586578 , 2.55683
15.37 , 4.5617461204 , 2.56233
15.41 , 4.6703586578 , 2.56800
15.44 , 4.6703586578 , 2.57333
15.47 , 4.6703586578 , 2.57900
15.51 , 4.6703586578 , 2.58450
15.54 , 4.6703586578 , 2.59017
15.57 , 4.6703586578 , 2.59567
15.61 , 4.7789716720 , 2.60117
15.64 , 4.6703586578 , 2.60667
15.67 , 4.7789716720 , 2.61233
15.71 , 4.7789716720 , 2.61783
15.74 , 4.6703586578 , 2.62333
15.77 , 4.7789716720 , 2.62883
15.81 , 4.8875846862 , 2.63450
15.84 , 4.7789716720 , 2.64000
15.87 , 4.8875846862 , 2.64567
15.91 , 4.8875846862 , 2.65100
15.94 , 4.8875846862 , 2.65667
15.97 , 4.8875846862 , 2.66217
16.01 , 4.9961977005 , 2.66783
16.04 , 4.8875846862 , 2.67317
16.07 , 4.9961977005 , 2.67883
16.11 , 4.9961977005 , 2.68433
16.14 , 4.9961977005 , 2.69000
16.17 , 4.9961977005 , 2.69550
16.21 , 4.9961977005 , 2.70100
16.24 , 5.1048102378 , 2.70650
16.27 , 5.2134232521 , 2.71217
16.31 , 5.2134232521 , 2.71767
16.34 , 5.2134232521 , 2.72317
16.37 , 5.3220362663 , 2.72867
16.41 , 5.2134232521 , 2.73433
16.44 , 5.3220362663 , 2.73983
16.47 , 5.1048102378 , 2.74550
16.50 , 5.3220362663 , 2.75083
16.54 , 5.3220362663 , 2.75650
16.57 , 5.2134232521 , 2.76200
16.61 , 5.3220362663 , 2.76767
16.64 , 5.4306507110 , 2.77300
16.67 , 5.5392632484 , 2.77867
16.70 , 5.3220362663 , 2.78417
16.74 , 5.4306507110 , 2.78983
16.77 , 5.5392632484 , 2.79533
16.80 , 5.4306507110 , 2.80083
16.84 , 5.4306507110 , 2.80633
16.87 , 5.3220362663 , 2.81200
16.90 , 5.3220362663 , 2.81750
16.94 , 5.5392632484 , 2.82317
16.97 , 5.5392632484 , 2.82850
17.00 , 5.4306507110 , 2.83417
17.04 , 5.4306507110 , 2.83967
17.07 , 5.5392632484 , 2.84533
17.10 , 5.5392632484 , 2.85067
17.14 , 5.5392632484 , 2.85633
17.17 , 5.6478762626 , 2.86183
17.20 , 5.5392632484 , 2.86750
17.24 , 5.6478762626 , 2.87300
17.27 , 5.6478762626 , 2.87850
17.30 , 5.6478762626 , 2.88400
17.34 , 5.6478762626 , 2.88967
17.37 , 5.5392632484 , 2.89517
17.40 , 5.7564892768 , 2.90067
17.44 , 5.6478762626 , 2.90617
17.47 , 5.6478762626 , 2.91183
17.50 , 5.6478762626 , 2.91733
17.54 , 5.7564892768 , 2.92300
17.57 , 5.6478762626 , 2.92833
17.60 , 5.7564892768 , 2.93400
17.64 , 5.7564892768 , 2.93950
17.67 , 5.7564892768 , 2.94517
17.70 , 5.7564892768 , 2.95050
17.74 , 5.8651022911 , 2.95617
17.77 , 5.9737148284 , 2.96167
17.80 , 5.8651022911 , 2.96733
17.84 , 5.8651022911 , 2.97283
17.87 , 5.8651022911 , 2.97833
17.90 , 5.9737148284 , 2.98383
17.94 , 6.0823278427 , 2.98950
17.97 , 5.9737148284 , 2.99500
18.00 , 6.0823278427 , 3.00050
18.04 , 6.1909408569 , 3.00600
18.07 , 6.0823278427 , 3.01167
18.10 , 5.9737148284 , 3.01717
18.14 , 6.0823278427 , 3.02283
18.17 , 6.2995538711 , 3.02817
18.20 , 6.2995538711 , 3.03383
18.24 , 6.5167794227 , 3.03933
18.27 , 6.5167794227 , 3.04500
18.30 , 6.4081664085 , 3.05033
18.34 , 6.4081664085 , 3.05600
18.37 , 6.2995538711 , 3.06150
18.40 , 6.1909408569 , 3.06717
18.44 , 6.2995538711 , 3.07267
18.47 , 6.5167794227 , 3.07817
18.50 , 6.5167794227 , 3.08367
18.54 , 6.1909408569 , 3.08933
18.57 , 6.2995538711 , 3.09483
18.60 , 6.4081664085 , 3.10050
18.63 , 6.2995538711 , 3.10583
18.67 , 6.2995538711 , 3.11150
18.70 , 6.2995538711 , 3.11700
18.74 , 6.4081664085 , 3.12267
18.77 , 6.1909408569 , 3.12800
18.80 , 6.1909408569 , 3.13367
18.83 , 6.2995538711 , 3.13917
18.87 , 6.2995538711 , 3.14483
18.90 , 6.2995538711 , 3.15033
18.93 , 6.2995538711 , 3.15583
18.97 , 6.2995538711 , 3.16133
19.00 , 6.1909408569 , 3.16700
19.03 , 6.2995538711 , 3.17250
19.07 , 6.2995538711 , 3.17800
19.10 , 6.2995538711 , 3.18350
19.13 , 6.2995538711 , 3.18917
19.17 , 6.2995538711 , 3.19467
19.20 , 6.1909408569 , 3.20033
19.23 , 6.2995538711 , 3.20567
19.27 , 6.2995538711 , 3.21133
19.30 , 6.1909408569 , 3.21683
19.33 , 6.4081664085 , 3.22250
19.37 , 6.2995538711 , 3.22783
19.40 , 6.1909408569 , 3.23350
19.43 , 6.2995538711 , 3.23900
19.47 , 6.4081664085 , 3.24467
19.50 , 6.4081664085 , 3.25017
19.53 , 6.4081664085 , 3.25567
19.57 , 6.4081664085 , 3.26117
19.60 , 6.4081664085 , 3.26683
19.63 , 6.4081664085 , 3.27233
19.67 , 6.5167794227 , 3.27783
19.70 , 6.4081664085 , 3.28333
19.73 , 6.4081664085 , 3.28900
19.77 , 6.5167794227 , 3.29450
19.80 , 6.4081664085 , 3.30017
19.83 , 6.4081664085 , 3.30550
19.87 , 6.5167794227 , 3.31117
19.90 , 6.5167794227 , 3.31667
19.93 , 6.5167794227 , 3.32233
19.97 , 6.5167794227 , 3.32767
20.00 , 6.2995538711 , 3.33333
20.03 , 6.4081664085 , 3.33883
20.07 , 6.5167794227 , 3.34450
20.10 , 6.4081664085 , 3.35000
20.13 , 6.6253924369 , 3.35550
20.17 , 6.5167794227 , 3.36100
20.20 , 6.5167794227 , 3.36667
20.23 , 6.6253924369 , 3.37217
20.27 , 6.5167794227 , 3.37783
20.30 , 6.7340054512 , 3.38317
20.33 , 6.5167794227 , 3.38883
20.37 , 6.6253924369 , 3.39433
20.40 , 6.6253924369 , 3.40000
20.43 , 6.6253924369 , 3.40533
20.47 , 6.7340054512 , 3.41100
20.50 , 6.6253924369 , 3.41650
20.53 , 6.8426184654 , 3.42217
20.57 , 6.7340054512 , 3.42767
20.60 , 6.8426184654 , 3.43317
20.63 , 6.9512310028 , 3.43867
20.67 , 6.8426184654 , 3.44433
20.70 , 6.8426184654 , 3.44983
20.73 , 6.8426184654 , 3.45533
20.76 , 6.9512310028 , 3.46083
20.80 , 6.8426184654 , 3.46650
20.83 , 6.9512310028 , 3.47200
20.87 , 6.9512310028 , 3.47767
20.90 , 6.9512310028 , 3.48300
20.93 , 6.9512310028 , 3.48867
20.96 , 6.8426184654 , 3.49417
21.00 , 6.9512310028 , 3.49983
21.03 , 6.9512310028 , 3.50517
21.06 , 6.8426184654 , 3.51083
21.10 , 6.9512310028 , 3.51633
21.13 , 6.9512310028 , 3.52200
21.17 , 6.9512310028 , 3.52750
21.20 , 6.8426184654 , 3.53300
21.23 , 6.9512310028 , 3.53850
21.26 , 6.9512310028 , 3.54417
21.30 , 7.0598440170 , 3.54967
21.33 , 6.9512310028 , 3.55517
21.36 , 7.1684570312 , 3.56067
21.40 , 7.1684570312 , 3.56633
21.43 , 7.1684570312 , 3.57183
21.46 , 7.1684570312 , 3.57750
21.50 , 7.1684570312 , 3.58283
21.53 , 7.1684570312 , 3.58850
21.56 , 7.1684570312 , 3.59400
21.60 , 7.2770700454 , 3.59967
21.63 , 7.0598440170 , 3.60500
21.66 , 7.1684570312 , 3.61067
21.70 , 7.1684570312 , 3.61617
21.73 , 7.2770700454 , 3.62183
21.76 , 7.2770700454 , 3.62733
21.80 , 7.2770700454 , 3.63283
21.83 , 7.2770700454 , 3.63833
21.86 , 7.2770700454 , 3.64400
21.90 , 7.2770700454 , 3.64950
21.93 , 7.2770700454 , 3.65517
21.96 , 7.4942984580 , 3.66050
22.00 , 7.4942984580 , 3.66617
22.03 , 7.4942984580 , 3.67167
22.06 , 7.4942984580 , 3.67733
22.10 , 7.6029109954 , 3.68267
22.13 , 7.6029109954 , 3.68833
22.16 , 7.7115240097 , 3.69383
22.20 , 7.7115240097 , 3.69950
22.23 , 7.7115240097 , 3.70500
22.26 , 7.7115240097 , 3.71050
22.30 , 7.6029109954 , 3.71600
22.33 , 7.9287500381 , 3.72167
22.36 , 8.6890401840 , 3.72717
22.40 , 8.6890401840 , 3.73267
22.43 , 9.6665563583 , 3.73817
22.46 , 9.6665563583 , 3.74383
22.50 , 9.5579433441 , 3.74933
22.53 , 9.8837823867 , 3.75500
22.56 , 9.9923954010 , 3.76033
22.60 , 10.3182363510 , 3.76600
22.63 , 10.3182363510 , 3.77167
22.67 , 10.2096204757 , 3.77750
22.70 , 10.2096204757 , 3.78317
22.73 , 10.3182363510 , 3.78883
22.77 , 9.8837823867 , 3.79450
22.80 , 10.1010084152 , 3.80017
22.83 , 10.2096204757 , 3.80583
22.87 , 10.1010084152 , 3.81167
22.90 , 10.1010084152 , 3.81717
22.94 , 10.2096204757 , 3.82300
22.97 , 10.2096204757 , 3.82867
23.01 , 10.2096204757 , 3.83450
23.04 , 10.3182363510 , 3.84017
23.07 , 10.3182363510 , 3.84583
23.11 , 10.3182363510 , 3.85150
23.14 , 10.2096204757 , 3.85733
23.18 , 10.1010084152 , 3.86300
23.21 , 10.3182363510 , 3.86883
23.25 , 10.3182363510 , 3.87433
23.28 , 10.2096204757 , 3.88017
23.31 , 10.3182363510 , 3.88583
23.35 , 10.3182363510 , 3.89167
23.38 , 10.3182363510 , 3.89733
23.42 , 10.1010084152 , 3.90300
23.45 , 10.3182363510 , 3.90867
23.49 , 10.4268493652 , 3.91450
23.52 , 10.4268493652 , 3.92017
23.56 , 10.4268493652 , 3.92600
23.59 , 10.4268493652 , 3.93150
23.62 , 10.4268493652 , 3.93733
23.66 , 10.5354623794 , 3.94317
23.69 , 10.4268493652 , 3.94883
23.73 , 10.4268493652 , 3.95467
23.76 , 10.4268493652 , 3.96017
23.80 , 10.5354623794 , 3.96600
23.83 , 10.6440753936 , 3.97167
23.86 , 10.6440753936 , 3.97750
23.90 , 10.7526884078 , 3.98317
23.93 , 10.7526884078 , 3.98883
23.97 , 10.7526884078 , 3.99450
24.00 , 10.6440753936 , 4.00033
24.04 , 10.6440753936 , 4.00600
24.07 , 10.6440753936 , 4.01183
24.10 , 10.6440753936 , 4.01733
24.14 , 10.6440753936 , 4.02317
24.17 , 10.7526884078 , 4.02883
24.21 , 10.7526884078 , 4.03467
24.24 , 10.7526884078 , 4.04033
24.28 , 10.8613014221 , 4.04600
24.31 , 10.7526884078 , 4.05167
24.34 , 10.8613014221 , 4.05750
24.38 , 10.8613014221 , 4.06317
24.41 , 10.7526884078 , 4.06900
24.45 , 10.8613014221 , 4.07467
24.48 , 10.8613014221 , 4.08033
24.52 , 10.8613014221 , 4.08600
24.55 , 10.8613014221 , 4.09183
24.58 , 10.9699134826 , 4.09750
24.62 , 10.8613014221 , 4.10333
24.65 , 10.8613014221 , 4.10883
24.69 , 10.8613014221 , 4.11467
24.72 , 10.9699134826 , 4.12033
24.76 , 10.9699134826 , 4.12617
24.79 , 10.9699134826 , 4.13200
24.82 , 10.9699134826 , 4.13750
24.86 , 10.9699134826 , 4.14333
24.89 , 11.0785264968 , 4.14900
24.93 , 11.0785264968 , 4.15483
24.96 , 11.0785264968 , 4.16050
25.00 , 11.0785264968 , 4.16617
25.03 , 11.0785264968 , 4.17183
25.07 , 10.9699134826 , 4.17767
25.10 , 10.9699134826 , 4.18333
25.13 , 11.0785264968 , 4.18917
25.17 , 11.2957525253 , 4.19467
25.20 , 11.1871395111 , 4.20050
25.24 , 11.0785264968 , 4.20617
25.27 , 11.1871395111 , 4.21200
25.31 , 11.0785264968 , 4.21767
25.34 , 11.0785264968 , 4.22333
25.37 , 11.1871395111 , 4.22900
25.41 , 11.1871395111 , 4.23483
25.44 , 11.1871395111 , 4.24050
25.48 , 11.1871395111 , 4.24633
25.51 , 11.1871395111 , 4.25183
25.55 , 11.2957525253 , 4.25767
25.58 , 11.2957525253 , 4.26333
25.61 , 11.2957525253 , 4.26917
25.65 , 11.2957525253 , 4.27483
25.68 , 11.2957525253 , 4.28050
25.72 , 11.2957525253 , 4.28617
25.75 , 11.2957525253 , 4.29200
25.79 , 11.2957525253 , 4.29767
25.82 , 11.2957525253 , 4.30350
25.86 , 11.2957525253 , 4.30933
25.89 , 11.4043655395 , 4.31483
25.92 , 11.2957525253 , 4.32067
25.96 , 11.4043655395 , 4.32633
25.99 , 11.5129785537 , 4.33217
26.03 , 11.4043655395 , 4.33783
26.06 , 11.4043655395 , 4.34350
26.09 , 11.5129785537 , 4.34917
26.13 , 11.5129785537 , 4.35500
26.16 , 11.5129785537 , 4.36067
26.20 , 11.5129785537 , 4.36650
26.23 , 11.5129785537 , 4.37200
26.27 , 11.5129785537 , 4.37783
26.30 , 11.5129785537 , 4.38350
26.34 , 11.6215915679 , 4.38933
26.37 , 11.6215915679 , 4.39500
26.40 , 11.6215915679 , 4.40067
26.44 , 11.6215915679 , 4.40633
26.47 , 11.7302045822 , 4.41217
26.51 , 11.6215915679 , 4.41783
26.54 , 11.7302045822 , 4.42367
26.57 , 11.7302045822 , 4.42917
26.61 , 11.7302045822 , 4.43500
26.64 , 11.6215915679 , 4.44067
26.68 , 11.7302045822 , 4.44650
26.71 , 11.7302045822 , 4.45217
26.75 , 11.7302045822 , 4.45783
26.78 , 11.7302045822 , 4.46350
26.82 , 11.7302045822 , 4.46933
26.85 , 11.7302045822 , 4.47500
26.88 , 11.8388175964 , 4.48083
26.92 , 11.7302045822 , 4.48633
26.95 , 11.8388175964 , 4.49217
26.99 , 11.7302045822 , 4.49800
27.02 , 11.8388175964 , 4.50367
27.06 , 11.8388175964 , 4.50950
27.09 , 11.8388175964 , 4.51500
27.12 , 11.8388175964 , 4.52083
27.16 , 11.8388175964 , 4.52650
27.19 , 11.8388175964 , 4.53233
27.23 , 11.8388175964 , 4.53800
27.26 , 11.8388175964 , 4.54367
27.30 , 11.9474296569 , 4.54933
27.33 , 11.9474296569 , 4.55517
27.36 , 12.0560426712 , 4.56083
27.40 , 12.0560426712 , 4.56667
27.43 , 11.9474296569 , 4.57217
27.47 , 11.8388175964 , 4.57800
27.50 , 11.9474296569 , 4.58367
27.54 , 12.0560426712 , 4.58950
27.57 , 11.9474296569 , 4.59517
27.61 , 11.9474296569 , 4.60100
27.64 , 12.0560426712 , 4.60650
27.67 , 11.9474296569 , 4.61233
27.71 , 12.0560426712 , 4.61800
27.74 , 12.1646556854 , 4.62383
27.78 , 12.0560426712 , 4.62950
27.81 , 12.0560426712 , 4.63517
27.84 , 12.1646556854 , 4.64083
27.88 , 12.1646556854 , 4.64667
27.91 , 12.0560426712 , 4.65233
27.95 , 12.1646556854 , 4.65817
27.98 , 12.1646556854 , 4.66367
28.02 , 12.1646556854 , 4.66950
28.05 , 12.0560426712 , 4.67533
28.09 , 12.1646556854 , 4.68100
28.12 , 12.2732686996 , 4.68683
28.15 , 12.2732686996 , 4.69233
28.19 , 12.0560426712 , 4.69817
28.22 , 12.0560426712 , 4.70383
28.26 , 12.1646556854 , 4.70967
28.29 , 12.2732686996 , 4.71533
28.33 , 12.2732686996 , 4.72100
28.36 , 12.3818817138 , 4.72667
28.39 , 12.2732686996 , 4.73250
28.43 , 12.2732686996 , 4.73817
28.46 , 12.2732686996 , 4.74400
28.50 , 12.3818817138 , 4.74950
28.53 , 12.2732686996 , 4.75533
28.57 , 12.2732686996 , 4.76100
28.60 , 12.3818817138 , 4.76683
28.63 , 12.3818817138 , 4.77250
28.67 , 12.4904947280 , 4.77817
28.70 , 12.3818817138 , 4.78383
28.74 , 12.4904947280 , 4.78967
28.77 , 12.3818817138 , 4.79533
28.81 , 12.4904947280 , 4.80117
28.84 , 12.4904947280 , 4.80667
28.87 , 12.4904947280 , 4.81250
28.91 , 12.3818817138 , 4.81817
28.94 , 12.4904947280 , 4.82400
28.98 , 12.5991077423 , 4.82967
29.01 , 12.5991077423 , 4.83533
29.05 , 12.4904947280 , 4.84100
29.08 , 12.5991077423 , 4.84683
29.11 , 12.5991077423 , 4.85250
29.15 , 12.7077207565 , 4.85833
29.18 , 12.5991077423 , 4.86417
29.22 , 12.5991077423 , 4.86967
29.25 , 12.5991077423 , 4.87550
29.29 , 12.5991077423 , 4.88117
29.32 , 12.7077207565 , 4.88700
29.36 , 12.7077207565 , 4.89267
29.39 , 12.8163328170 , 4.89833
29.42 , 12.7077207565 , 4.90400
29.46 , 12.8163328170 , 4.90983
29.49 , 12.7077207565 , 4.91550
29.53 , 12.7077207565 , 4.92133
29.56 , 12.8163328170 , 4.92683
29.60 , 12.9249458312 , 4.93267
29.63 , 12.8163328170 , 4.93833
29.67 , 12.7077207565 , 4.94417
29.70 , 12.3818817138 , 4.94983
29.73 , 10.8613014221 , 4.95550
29.77 , 10.6440753936 , 4.96117
29.80 , 10.6440753936 , 4.96700
29.84 , 10.6440753936 , 4.97267
29.87 , 10.7526884078 , 4.97850
29.90 , 10.8613014221 , 4.98400
29.94 , 10.7526884078 , 4.98983
29.97 , 10.8613014221 , 4.99550
30.01 , 10.8613014221 , 5.00133
30.04 , 10.7526884078 , 5.00700
30.08 , 10.9699134826 , 5.01267
30.11 , 10.7526884078 , 5.01833
30.14 , 10.8613014221 , 5.02417
30.18 , 10.8613014221 , 5.02983
30.21 , 10.7526884078 , 5.03567
30.25 , 10.7526884078 , 5.04133
30.28 , 10.8613014221 , 5.04700
30.32 , 10.8613014221 , 5.05283
30.35 , 10.8613014221 , 5.05850
30.39 , 10.8613014221 , 5.06433
30.42 , 10.7526884078 , 5.06983
30.45 , 10.8613014221 , 5.07567
30.49 , 10.9699134826 , 5.08133
30.52 , 10.9699134826 , 5.08717
30.56 , 10.8613014221 , 5.09283
30.59 , 10.9699134826 , 5.09867
30.62 , 10.9699134826 , 5.10417
30.66 , 10.8613014221 , 5.11000
30.69 , 11.0785264968 , 5.11567
30.73 , 11.0785264968 , 5.12150
30.76 , 10.9699134826 , 5.12717
30.80 , 10.9699134826 , 5.13283
30.83 , 10.9699134826 , 5.13850
30.87 , 11.0785264968 , 5.14433
30.90 , 11.1871395111 , 5.15000
30.93 , 10.9699134826 , 5.15583
30.97 , 10.8613014221 , 5.16133
31.00 , 10.9699134826 , 5.16717
31.04 , 10.9699134826 , 5.17283
31.07 , 10.8613014221 , 5.17867
31.11 , 11.0785264968 , 5.18433
31.14 , 10.9699134826 , 5.19000
31.17 , 11.0785264968 , 5.19567
31.21 , 11.0785264968 , 5.20150
31.24 , 11.1871395111 , 5.20717
31.28 , 11.1871395111 , 5.21300
31.31 , 11.0785264968 , 5.21850
31.35 , 11.1871395111 , 5.22433
31.38 , 11.1871395111 , 5.23017
31.42 , 11.1871395111 , 5.23583
31.45 , 11.1871395111 , 5.24167
31.48 , 11.1871395111 , 5.24717
31.52 , 11.2957525253 , 5.25300
31.55 , 11.0785264968 , 5.25867
31.59 , 11.1871395111 , 5.26450
31.62 , 11.1871395111 , 5.27017
31.65 , 11.1871395111 , 5.27583
31.69 , 11.0785264968 , 5.28150
31.72 , 11.0785264968 , 5.28733
31.76 , 11.0785264968 , 5.29300
31.79 , 11.0785264968 , 5.29883
31.83 , 11.1871395111 , 5.30433
31.86 , 11.1871395111 , 5.31017
31.89 , 11.1871395111 , 5.31583
31.93 , 11.2957525253 , 5.32167
31.96 , 11.1871395111 , 5.32733
32.00 , 11.2957525253 , 5.33300
32.03 , 11.2957525253 , 5.33867
32.07 , 11.1871395111 , 5.34450
32.10 , 11.2957525253 , 5.35017
32.14 , 11.2957525253 , 5.35600
32.17 , 11.2957525253 , 5.36150
32.20 , 11.2957525253 , 5.36733
32.24 , 11.2957525253 , 5.37300
32.27 , 11.4043655395 , 5.37883
32.31 , 11.4043655395 , 5.38450
32.34 , 11.2957525253 , 5.39033
32.38 , 11.4043655395 , 5.39583
32.41 , 11.4043655395 , 5.40167
32.45 , 11.4043655395 , 5.40750
32.48 , 11.4043655395 , 5.41317
32.51 , 11.5129785537 , 5.41900
32.55 , 11.4043655395 , 5.42450
32.58 , 11.5129785537 , 5.43033
32.62 , 11.4043655395 , 5.43600
32.65 , 11.4043655395 , 5.44183
32.69 , 11.4043655395 , 5.44750
32.72 , 11.4043655395 , 5.45317
32.75 , 11.4043655395 , 5.45883
32.79 , 11.4043655395 , 5.46467
32.82 , 11.2957525253 , 5.47033
32.86 , 11.4043655395 , 5.47617
32.89 , 11.4043655395 , 5.48167
32.93 , 11.4043655395 , 5.48750
32.96 , 11.2957525253 , 5.49317
32.99 , 11.4043655395 , 5.49900
33.03 , 11.4043655395 , 5.50467
33.06 , 11.4043655395 , 5.51033
33.10 , 11.4043655395 , 5.51600
33.13 , 11.4043655395 , 5.52183
33.17 , 11.4043655395 , 5.52750
33.20 , 11.4043655395 , 5.53333
33.23 , 11.4043655395 , 5.53883
33.27 , 11.4043655395 , 5.54467
33.30 , 11.4043655395 , 5.55033
33.34 , 11.5129785537 , 5.55617
33.37 , 11.5129785537 , 5.56183
33.40 , 11.5129785537 , 5.56750
33.44 , 11.5129785537 , 5.57317
33.47 , 11.4043655395 , 5.57900
33.51 , 11.5129785537 , 5.58467
33.54 , 11.4043655395 , 5.59050
33.58 , 11.5129785537 , 5.59617
33.61 , 11.5129785537 , 5.60183
33.65 , 11.6215915679 , 5.60767
33.68 , 11.5129785537 , 5.61333
33.72 , 11.5129785537 , 5.61917
33.75 , 11.5129785537 , 5.62467
33.78 , 11.5129785537 , 5.63050
33.82 , 11.6215915679 , 5.63617
33.85 , 11.6215915679 , 5.64200
33.89 , 11.5129785537 , 5.64767
33.92 , 11.6215915679 , 5.65350
33.95 , 11.6215915679 , 5.65900
33.99 , 11.7302045822 , 5.66483
34.02 , 11.7302045822 , 5.67050
34.06 , 11.7302045822 , 5.67633
34.09 , 11.7302045822 , 5.68200
34.13 , 11.8388175964 , 5.68767
34.16 , 11.7302045822 , 5.69333
34.20 , 11.7302045822 , 5.69917
34.23 , 11.7302045822 , 5.70483
34.26 , 11.7302045822 , 5.71067
34.30 , 11.8388175964 , 5.71617
34.33 , 11.8388175964 , 5.72200
34.37 , 11.7302045822 , 5.72767
34.40 , 11.8388175964 , 5.73350
34.44 , 11.9474296569 , 5.73917
34.47 , 11.8388175964 , 5.74483
34.50 , 11.9474296569 , 5.75050
34.54 , 11.9474296569 , 5.75633
34.57 , 11.9474296569 , 5.76200
34.61 , 11.9474296569 , 5.76783
34.64 , 11.9474296569 , 5.77350
34.68 , 11.9474296569 , 5.77917
34.71 , 11.9474296569 , 5.78500
34.74 , 11.9474296569 , 5.79067
34.78 , 12.0560426712 , 5.79650
34.81 , 12.0560426712 , 5.80200
34.85 , 12.0560426712 , 5.80783
34.88 , 12.0560426712 , 5.81350
34.92 , 12.0560426712 , 5.81933
34.95 , 12.0560426712 , 5.82500
34.98 , 12.1646556854 , 5.83067
35.02 , 12.1646556854 , 5.83633
35.05 , 12.0560426712 , 5.84217
35.09 , 12.1646556854 , 5.84783
35.12 , 12.1646556854 , 5.85367
35.15 , 12.0560426712 , 5.85917
35.19 , 12.1646556854 , 5.86500
35.22 , 12.1646556854 , 5.87067
35.26 , 12.1646556854 , 5.87650
35.29 , 12.1646556854 , 5.88217
35.33 , 12.2732686996 , 5.88800
35.36 , 12.2732686996 , 5.89350
35.40 , 12.1646556854 , 5.89933
35.43 , 12.2732686996 , 5.90500
35.47 , 12.2732686996 , 5.91083
35.50 , 12.2732686996 , 5.91650
35.53 , 12.2732686996 , 5.92217
35.57 , 12.3818817138 , 5.92783
35.60 , 12.2732686996 , 5.93367
35.64 , 12.3818817138 , 5.93933
35.67 , 12.3818817138 , 5.94517
35.70 , 12.2732686996 , 5.95067
35.74 , 12.3818817138 , 5.95650
35.77 , 12.3818817138 , 5.96233
35.81 , 12.3818817138 , 5.96800
35.84 , 12.3818817138 , 5.97383
35.88 , 12.3818817138 , 5.97933
35.91 , 12.3818817138 , 5.98517
35.95 , 12.3818817138 , 5.99083
35.98 , 12.4904947280 , 5.99667
36.01 , 12.3818817138 , 6.00233
36.05 , 12.4904947280 , 6.00800
36.08 , 12.4904947280 , 6.01367
36.12 , 12.4904947280 , 6.01950
36.15 , 12.4904947280 , 6.02517
36.19 , 12.5991077423 , 6.03100
36.22 , 12.4904947280 , 6.03650
36.25 , 12.3818817138 , 6.04233
36.29 , 12.5991077423 , 6.04800
36.32 , 12.5991077423 , 6.05383
36.36 , 12.5991077423 , 6.05950
36.39 , 12.5991077423 , 6.06517
36.43 , 12.5991077423 , 6.07083
36.46 , 12.5991077423 , 6.07667
36.49 , 12.5991077423 , 6.08233
36.53 , 12.5991077423 , 6.08817
36.56 , 12.5991077423 , 6.09367
36.60 , 12.7077207565 , 6.09950
36.63 , 12.7077207565 , 6.10517
36.67 , 12.8163328170 , 6.11100
36.70 , 12.8163328170 , 6.11667
36.73 , 12.7077207565 , 6.12233
36.77 , 12.8163328170 , 6.12800
36.80 , 12.7077207565 , 6.13383
36.84 , 12.8163328170 , 6.13967
36.87 , 12.8163328170 , 6.14533
36.91 , 12.8163328170 , 6.15117
36.94 , 12.8163328170 , 6.15667
36.97 , 12.8163328170 , 6.16250
37.01 , 13.0335617065 , 6.16817
37.04 , 12.9249458312 , 6.17400
37.08 , 12.9249458312 , 6.17967
37.11 , 12.9249458312 , 6.18533
37.15 , 12.9249458312 , 6.19100
37.18 , 12.9249458312 , 6.19683
37.22 , 13.0335617065 , 6.20250
37.25 , 12.9249458312 , 6.20833
37.28 , 13.0335617065 , 6.21383
37.32 , 13.0335617065 , 6.21967
37.35 , 13.0335617065 , 6.22533
37.39 , 13.0335617065 , 6.23117
37.42 , 13.0335617065 , 6.23683
37.46 , 13.1421747207 , 6.24250
37.49 , 13.0335617065 , 6.24817
37.52 , 13.0335617065 , 6.25400
37.56 , 13.0335617065 , 6.25967
37.59 , 13.1421747207 , 6.26550
37.63 , 13.1421747207 , 6.27100
37.66 , 13.1421747207 , 6.27683
37.70 , 13.1421747207 , 6.28250
37.73 , 13.2507877349 , 6.28833
37.76 , 13.2507877349 , 6.29400
37.80 , 13.2507877349 , 6.29967
37.83 , 13.2507877349 , 6.30533
37.87 , 13.2507877349 , 6.31117
37.90 , 13.2507877349 , 6.31683
37.94 , 13.2507877349 , 6.32267
37.97 , 13.2507877349 , 6.32833
38.00 , 13.2507877349 , 6.33400
38.04 , 13.3594007492 , 6.33983
38.07 , 13.3594007492 , 6.34550
38.11 , 13.2507877349 , 6.35133
38.14 , 13.4680137634 , 6.35683
38.18 , 13.3594007492 , 6.36267
38.21 , 13.4680137634 , 6.36833
38.25 , 13.4680137634 , 6.37417
38.28 , 13.3594007492 , 6.37983
38.31 , 13.4680137634 , 6.38550
38.35 , 13.4680137634 , 6.39117
38.38 , 13.4680137634 , 6.39700
38.42 , 13.4680137634 , 6.40267
38.45 , 13.4680137634 , 6.40850
38.48 , 13.4680137634 , 6.41400
38.52 , 13.5766258239 , 6.41983
38.55 , 13.4680137634 , 6.42550
38.59 , 13.4680137634 , 6.43133
38.62 , 13.6852388381 , 6.43700
38.66 , 13.5766258239 , 6.44283
38.69 , 13.5766258239 , 6.44833
38.72 , 13.5766258239 , 6.45417
38.76 , 13.6852388381 , 6.45983
38.79 , 13.6852388381 , 6.46567
38.83 , 13.6852388381 , 6.47133
38.86 , 13.5766258239 , 6.47700
38.90 , 13.6852388381 , 6.48267
38.93 , 13.6852388381 , 6.48850
38.97 , 13.6852388381 , 6.49417
39.00 , 13.6852388381 , 6.50000
39.03 , 13.6852388381 , 6.50567
39.07 , 13.7938518524 , 6.51133
39.10 , 13.7938518524 , 6.51717
39.14 , 13.7938518524 , 6.52283
39.17 , 13.7938518524 , 6.52867
39.21 , 13.9024648666 , 6.53417
39.24 , 13.7938518524 , 6.54000
39.27 , 13.9024648666 , 6.54567
39.31 , 13.9024648666 , 6.55150
39.34 , 13.9024648666 , 6.55717
39.38 , 14.0110778808 , 6.56283
39.41 , 13.9024648666 , 6.56850
39.45 , 13.9024648666 , 6.57433
39.48 , 14.0110778808 , 6.58000
39.52 , 14.0110778808 , 6.58583
39.55 , 14.0110778808 , 6.59133
39.58 , 14.0110778808 , 6.59717
39.62 , 14.0110778808 , 6.60283
39.65 , 14.0110778808 , 6.60867
39.69 , 14.0110778808 , 6.61433
39.72 , 14.0110778808 , 6.62000
39.75 , 14.0110778808 , 6.62567
39.79 , 14.1196908950 , 6.63150
39.82 , 14.1196908950 , 6.63717
39.86 , 14.1196908950 , 6.64300
39.89 , 14.1196908950 , 6.64850
39.93 , 14.2283039093 , 6.65433
39.96 , 14.1196908950 , 6.66000
40.00 , 14.1196908950 , 6.66583
40.03 , 14.1196908950 , 6.67150
40.06 , 14.1196908950 , 6.67733
40.10 , 14.1196908950 , 6.68283
40.13 , 14.2283039093 , 6.68867
40.17 , 14.2283039093 , 6.69450
40.20 , 14.2283039093 , 6.70017
40.24 , 14.1196908950 , 6.70600
40.27 , 14.2283039093 , 6.71150
40.30 , 14.2283039093 , 6.71733
40.34 , 14.3369169235 , 6.72300
40.37 , 14.3369169235 , 6.72883
40.41 , 14.2283039093 , 6.73450
40.44 , 14.3369169235 , 6.74017
40.47 , 14.3369169235 , 6.74583
40.51 , 14.4455299377 , 6.75167
40.54 , 14.3369169235 , 6.75733
40.58 , 14.3369169235 , 6.76317
40.61 , 14.3369169235 , 6.76867
40.65 , 14.4455299377 , 6.77450
40.68 , 14.3369169235 , 6.78017
40.72 , 14.4455299377 , 6.78600
40.75 , 14.4455299377 , 6.79167
40.78 , 14.4455299377 , 6.79733
40.82 , 14.5541419982 , 6.80300
40.85 , 14.5541419982 , 6.80883
40.89 , 14.4455299377 , 6.81450
40.92 , 14.4455299377 , 6.82033
40.96 , 14.5541419982 , 6.82583
40.99 , 14.5541419982 , 6.83167
41.02 , 14.5541419982 , 6.83733
41.06 , 14.5541419982 , 6.84317
41.09 , 14.5541419982 , 6.84883
41.13 , 14.6627550125 , 6.85450
41.16 , 14.6627550125 , 6.86017
41.20 , 14.6627550125 , 6.86600
41.23 , 14.7713680267 , 6.87183
41.27 , 14.6627550125 , 6.87750
41.30 , 14.7713680267 , 6.88317
41.33 , 14.6627550125 , 6.88883
41.37 , 14.7713680267 , 6.89467
41.40 , 14.6627550125 , 6.90033
41.44 , 14.7713680267 , 6.90617
41.47 , 14.7713680267 , 6.91167
41.51 , 14.8799810409 , 6.91750
41.54 , 14.7713680267 , 6.92317
41.57 , 14.7713680267 , 6.92900
41.61 , 14.8799810409 , 6.93467
41.64 , 14.7713680267 , 6.94050
41.68 , 14.8799810409 , 6.94600
41.71 , 14.8799810409 , 6.95183
41.75 , 14.9885940551 , 6.95750
41.78 , 14.9885940551 , 6.96333
41.81 , 14.9885940551 , 6.96900
41.85 , 14.9885940551 , 6.97467
41.88 , 14.9885940551 , 6.98033
41.92 , 15.0972070693 , 6.98617
41.95 , 15.0972070693 , 6.99183
41.99 , 14.8799810409 , 6.99767
42.02 , 14.9885940551 , 7.00317
42.05 , 14.9885940551 , 7.00900
42.09 , 14.9885940551 , 7.01467
42.12 , 15.0972070693 , 7.02050
42.16 , 15.0972070693 , 7.02617
42.19 , 15.0972070693 , 7.03183
42.22 , 14.8799810409 , 7.03750
42.26 , 15.0972070693 , 7.04333
42.29 , 15.0972070693 , 7.04900
42.33 , 15.0972070693 , 7.05483
42.36 , 15.0972070693 , 7.06050
42.40 , 15.0972070693 , 7.06617
42.43 , 15.0972070693 , 7.07200
42.47 , 15.0972070693 , 7.07767
42.50 , 15.2058200836 , 7.08350
42.53 , 15.0972070693 , 7.08900
42.57 , 15.0972070693 , 7.09483
42.60 , 15.0972070693 , 7.10050
42.64 , 15.0972070693 , 7.10633
42.67 , 15.2058200836 , 7.11200
42.71 , 15.2058200836 , 7.11767
42.74 , 15.2058200836 , 7.12333
42.78 , 15.2058200836 , 7.12917
42.81 , 15.3144330978 , 7.13483
42.84 , 15.3144330978 , 7.14067
42.88 , 15.2058200836 , 7.14617
42.91 , 15.3144330978 , 7.15200
42.95 , 15.4230451583 , 7.15767
42.98 , 15.3144330978 , 7.16350
43.02 , 15.3144330978 , 7.16917
43.05 , 15.3144330978 , 7.17483
43.08 , 15.3144330978 , 7.18050
43.12 , 15.3144330978 , 7.18633
43.15 , 15.4230451583 , 7.19200
43.19 , 15.4230451583 , 7.19783
43.22 , 15.4230451583 , 7.20333
43.26 , 15.5316581726 , 7.20917
43.29 , 15.5316581726 , 7.21483
43.32 , 15.4230451583 , 7.22067
43.36 , 15.5316581726 , 7.22633
43.39 , 15.6402711868 , 7.23217
43.43 , 15.6402711868 , 7.23783
43.46 , 15.6402711868 , 7.24350
43.50 , 15.6402711868 , 7.24933
43.53 , 15.6402711868 , 7.25500
43.56 , 15.7488842010 , 7.26083
43.60 , 15.7488842010 , 7.26633
43.63 , 15.7488842010 , 7.27217
43.67 , 15.7488842010 , 7.27783
43.70 , 15.7488842010 , 7.28367
43.74 , 15.7488842010 , 7.28933
43.77 , 15.7488842010 , 7.29500
43.80 , 15.8575000762 , 7.30067
43.84 , 15.7488842010 , 7.30650
43.87 , 15.8575000762 , 7.31217
43.91 , 15.7488842010 , 7.31800
43.94 , 15.9661130905 , 7.32350
43.98 , 15.8575000762 , 7.32933
44.01 , 15.8575000762 , 7.33500
44.04 , 15.9661130905 , 7.34083
44.08 , 15.8575000762 , 7.34650
44.11 , 15.9661130905 , 7.35217
44.15 , 15.9661130905 , 7.35783
44.18 , 15.8575000762 , 7.36367
44.22 , 15.9661130905 , 7.36933
44.25 , 15.9661130905 , 7.37517
44.28 , 15.9661130905 , 7.38067
44.32 , 16.0747261047 , 7.38650
44.35 , 16.0747261047 , 7.39217
44.39 , 15.9661130905 , 7.39800
44.42 , 15.8575000762 , 7.40367
44.46 , 15.9661130905 , 7.40933
44.49 , 15.9661130905 , 7.41500
44.53 , 15.9661130905 , 7.42083
44.56 , 15.8575000762 , 7.42667
44.59 , 15.8575000762 , 7.43233
44.63 , 16.0747261047 , 7.43800
44.66 , 15.9661130905 , 7.44367
44.70 , 15.9661130905 , 7.44950
44.73 , 15.9661130905 , 7.45517
44.77 , 16.0747261047 , 7.46100
44.80 , 15.9661130905 , 7.46667
44.83 , 15.9661130905 , 7.47233
44.87 , 15.9661130905 , 7.47800
44.90 , 15.9661130905 , 7.48383
44.94 , 16.0747261047 , 7.48950
44.97 , 15.9661130905 , 7.49533
45.01 , 16.0747261047 , 7.50083
45.04 , 16.0747261047 , 7.50667
45.07 , 15.9661130905 , 7.51233
45.11 , 16.0747261047 , 7.51817
45.14 , 16.0747261047 , 7.52383
45.18 , 15.9661130905 , 7.52950
45.21 , 16.0747261047 , 7.53517
45.25 , 16.0747261047 , 7.54100
45.28 , 16.0747261047 , 7.54667
45.31 , 16.0747261047 , 7.55250
45.35 , 16.0747261047 , 7.55800
45.38 , 16.0747261047 , 7.56383
45.42 , 16.1833381652 , 7.56950
45.45 , 16.1833381652 , 7.57533
45.49 , 16.0747261047 , 7.58100
45.52 , 16.2919521331 , 7.58667
45.55 , 16.1833381652 , 7.59233
45.59 , 16.1833381652 , 7.59817
45.62 , 16.2919521331 , 7.60400
45.66 , 16.2919521331 , 7.60967
45.69 , 16.2919521331 , 7.61533
45.73 , 16.2919521331 , 7.62100
45.76 , 16.4005641937 , 7.62683
45.79 , 16.4005641937 , 7.63250
45.83 , 16.2919521331 , 7.63833
45.86 , 16.2919521331 , 7.64383
45.90 , 16.2919521331 , 7.64967
45.93 , 16.4005641937 , 7.65533
45.97 , 16.5091781616 , 7.66117
46.00 , 16.4005641937 , 7.66683
46.04 , 16.4005641937 , 7.67250
46.07 , 16.4005641937 , 7.67817
46.10 , 16.5091781616 , 7.68400
46.14 , 16.4005641937 , 7.68967
46.17 , 16.5091781616 , 7.69550
46.21 , 16.5091781616 , 7.70100
46.24 , 16.5091781616 , 7.70683
46.28 , 16.6177902221 , 7.71250
46.31 , 16.5091781616 , 7.71833
46.34 , 16.6177902221 , 7.72400
46.38 , 16.5091781616 , 7.72983
46.41 , 16.6177902221 , 7.73533
46.45 , 16.6177902221 , 7.74117
46.48 , 16.5091781616 , 7.74683
46.52 , 16.7264022827 , 7.75267
46.55 , 16.6177902221 , 7.75833
46.58 , 16.6177902221 , 7.76400
46.62 , 16.6177902221 , 7.76967
46.65 , 16.6177902221 , 7.77550
46.69 , 16.6177902221 , 7.78117
46.72 , 16.7264022827 , 7.78700
46.76 , 16.7264022827 , 7.79267
46.79 , 16.7264022827 , 7.79833
46.83 , 16.7264022827 , 7.80417
46.86 , 16.8350162506 , 7.80983
46.89 , 16.8350162506 , 7.81567
46.93 , 16.8350162506 , 7.82117
46.96 , 16.8350162506 , 7.82700
47.00 , 16.8350162506 , 7.83267
47.03 , 16.8350162506 , 7.83850
47.06 , 16.8350162506 , 7.84417
47.10 , 16.8350162506 , 7.84983
47.13 , 16.8350162506 , 7.85550
47.17 , 16.8350162506 , 7.86133
47.20 , 16.8350162506 , 7.86700
47.24 , 16.8350162506 , 7.87283
47.27 , 16.8350162506 , 7.87833
47.31 , 16.8350162506 , 7.88417
47.34 , 16.9436283111 , 7.88983
47.37 , 16.9436283111 , 7.89567
47.41 , 16.9436283111 , 7.90133
47.44 , 16.8350162506 , 7.90700
47.48 , 17.0522422790 , 7.91267
47.51 , 17.0522422790 , 7.91850
47.54 , 16.9436283111 , 7.92417
47.58 , 17.0522422790 , 7.93000
47.61 , 17.0522422790 , 7.93550
47.65 , 17.0522422790 , 7.94133
47.68 , 17.0522422790 , 7.94700
47.72 , 17.0522422790 , 7.95283
47.75 , 17.1608543395 , 7.95850
47.79 , 17.0522422790 , 7.96417
47.82 , 17.0522422790 , 7.97000
47.85 , 17.1608543395 , 7.97567
47.89 , 17.1608543395 , 7.98150
47.92 , 17.2694683074 , 7.98717
47.96 , 17.1608543395 , 7.99300
47.99 , 17.1608543395 , 7.99850
48.03 , 17.1608543395 , 8.00433
48.06 , 17.2694683074 , 8.01000
48.10 , 17.2694683074 , 8.01583
48.13 , 17.2694683074 , 8.02150
48.16 , 17.2694683074 , 8.02717
48.20 , 17.2694683074 , 8.03283
48.23 , 17.3780803680 , 8.03867
48.27 , 17.3780803680 , 8.04433
48.30 , 17.2694683074 , 8.05017
48.33 , 17.3780803680 , 8.05567
48.37 , 17.3780803680 , 8.06150
48.40 , 17.3780803680 , 8.06717
48.44 , 17.3780803680 , 8.07300
48.47 , 17.3780803680 , 8.07867
48.51 , 17.4866943359 , 8.08433
48.54 , 17.4866943359 , 8.09000
48.58 , 17.3780803680 , 8.09583
48.61 , 17.4866943359 , 8.10150
48.64 , 17.4866943359 , 8.10733
48.68 , 17.5953063964 , 8.11283
48.71 , 17.4866943359 , 8.11867
48.75 , 17.4866943359 , 8.12433
48.78 , 17.5953063964 , 8.13017
48.81 , 17.4866943359 , 8.13583
48.85 , 17.4866943359 , 8.14150
48.88 , 17.5953063964 , 8.14717
48.92 , 17.5953063964 , 8.15300
48.95 , 17.5953063964 , 8.15883
48.99 , 17.5953063964 , 8.16450
49.02 , 17.5953063964 , 8.17017
49.06 , 17.7039184570 , 8.17583
49.09 , 17.5953063964 , 8.18167
49.12 , 17.7039184570 , 8.18733
49.16 , 17.7039184570 , 8.19317
49.19 , 17.7039184570 , 8.19867
49.23 , 17.5953063964 , 8.20450
49.26 , 17.7039184570 , 8.21017
49.30 , 17.7039184570 , 8.21600
49.33 , 17.5953063964 , 8.22167
49.36 , 17.7039184570 , 8.22733
49.40 , 17.7039184570 , 8.23300
49.43 , 17.7039184570 , 8.23883
49.47 , 17.8125324249 , 8.24450
49.50 , 17.7039184570 , 8.25033
49.54 , 17.7039184570 , 8.25600
49.57 , 17.7039184570 , 8.26167
49.60 , 17.7039184570 , 8.26733
49.64 , 17.8125324249 , 8.27317
49.67 , 17.8125324249 , 8.27883
49.71 , 17.7039184570 , 8.28467
49.74 , 17.8125324249 , 8.29017
49.78 , 17.8125324249 , 8.29600
49.81 , 17.9211444854 , 8.30167
49.85 , 17.9211444854 , 8.30750
49.88 , 17.9211444854 , 8.31317
49.91 , 17.9211444854 , 8.31883
49.95 , 17.9211444854 , 8.32450
49.98 , 17.9211444854 , 8.33033
50.02 , 17.9211444854 , 8.33617
50.05 , 18.0297584533 , 8.34183
50.09 , 18.0297584533 , 8.34750
50.12 , 18.0297584533 , 8.35317
50.15 , 18.0297584533 , 8.35900
50.19 , 18.0297584533 , 8.36467
50.22 , 18.0297584533 , 8.37050
50.26 , 18.0297584533 , 8.37600
50.29 , 18.0297584533 , 8.38183
50.33 , 18.1383705139 , 8.38750
50.36 , 18.0297584533 , 8.39333
50.39 , 18.1383705139 , 8.39900
50.43 , 18.1383705139 , 8.40467
50.46 , 18.1383705139 , 8.41033
50.50 , 18.1383705139 , 8.41617
50.53 , 18.1383705139 , 8.42183
50.57 , 18.2469844818 , 8.42767
50.60 , 18.2469844818 , 8.43317
50.63 , 18.2469844818 , 8.43900
50.67 , 18.2469844818 , 8.44467
50.70 , 18.2469844818 , 8.45050
50.74 , 18.3555965423 , 8.45617
50.77 , 18.2469844818 , 8.46183
50.81 , 18.2469844818 , 8.46750
50.84 , 18.2469844818 , 8.47333
50.87 , 18.3555965423 , 8.47900
50.91 , 18.3555965423 , 8.48483
50.94 , 18.3555965423 , 8.49033
50.98 , 18.3555965423 , 8.49617
51.01 , 18.3555965423 , 8.50183
51.05 , 18.4642105102 , 8.50767
51.08 , 18.3555965423 , 8.51333
51.12 , 18.4642105102 , 8.51917
51.15 , 18.4642105102 , 8.52483
51.18 , 18.4642105102 , 8.53050
51.22 , 18.4642105102 , 8.53633
51.25 , 18.5728225708 , 8.54200
51.29 , 18.6814384460 , 8.54783
51.32 , 18.5728225708 , 8.55333
51.36 , 18.4642105102 , 8.55917
51.39 , 18.5728225708 , 8.56483
51.42 , 18.5728225708 , 8.57067
51.46 , 18.5728225708 , 8.57633
51.49 , 18.5728225708 , 8.58200
51.53 , 18.6814384460 , 8.58767
51.56 , 18.7900505065 , 8.59350
51.60 , 18.5728225708 , 8.59917
51.63 , 18.6814384460 , 8.60500
51.66 , 18.6814384460 , 8.61050
51.70 , 18.6814384460 , 8.61633
51.73 , 18.6814384460 , 8.62200
51.77 , 18.6814384460 , 8.62783
51.80 , 18.7900505065 , 8.63350
51.84 , 18.6814384460 , 8.63917
51.87 , 18.6814384460 , 8.64483
51.90 , 18.6814384460 , 8.65067
51.94 , 18.6814384460 , 8.65633
51.97 , 18.6814384460 , 8.66217
52.01 , 18.6814384460 , 8.66767
52.04 , 18.6814384460 , 8.67350
52.08 , 18.6814384460 , 8.67917
52.11 , 18.7900505065 , 8.68500
52.14 , 18.7900505065 , 8.69067
52.18 , 18.7900505065 , 8.69633
52.21 , 18.7900505065 , 8.70217
52.25 , 18.8986644744 , 8.70783
52.28 , 18.8986644744 , 8.71367
52.32 , 18.8986644744 , 8.71933
52.35 , 18.7900505065 , 8.72500
52.38 , 18.8986644744 , 8.73067
52.42 , 18.8986644744 , 8.73650
52.45 , 18.8986644744 , 8.74217
52.49 , 18.8986644744 , 8.74800
52.52 , 18.8986644744 , 8.75350
52.56 , 18.8986644744 , 8.75933
52.59 , 19.0072765350 , 8.76500
52.63 , 18.8986644744 , 8.77083
52.66 , 19.0072765350 , 8.77650
52.69 , 19.0072765350 , 8.78233
52.73 , 19.0072765350 , 8.78783
52.76 , 19.0072765350 , 8.79367
52.80 , 19.0072765350 , 8.79933
52.83 , 19.0072765350 , 8.80517
52.87 , 19.1158905029 , 8.81083
52.90 , 19.0072765350 , 8.81650
52.93 , 19.1158905029 , 8.82217
52.97 , 19.1158905029 , 8.82800
53.00 , 19.1158905029 , 8.83367
53.04 , 19.1158905029 , 8.83950
53.07 , 19.2245025634 , 8.84500
53.11 , 19.2245025634 , 8.85083
53.14 , 19.2245025634 , 8.85650
53.17 , 19.2245025634 , 8.86233
53.21 , 19.2245025634 , 8.86800
53.24 , 19.2245025634 , 8.87367
53.28 , 19.2245025634 , 8.87933
53.31 , 19.1158905029 , 8.88517
53.35 , 19.2245025634 , 8.89100
53.38 , 19.2245025634 , 8.89667
53.41 , 19.3331146240 , 8.90233
53.45 , 19.3331146240 , 8.90800
53.48 , 19.3331146240 , 8.91383
53.52 , 19.3331146240 , 8.91950
53.55 , 19.3331146240 , 8.92533
53.59 , 19.3331146240 , 8.93083
53.62 , 19.4417285919 , 8.93667
53.65 , 19.4417285919 , 8.94233
53.69 , 19.4417285919 , 8.94817
53.72 , 19.4417285919 , 8.95383
53.76 , 19.5503406524 , 8.95950
53.79 , 19.5503406524 , 8.96517
53.83 , 19.5503406524 , 8.97100
53.86 , 19.4417285919 , 8.97667
53.90 , 19.4417285919 , 8.98250
53.93 , 19.5503406524 , 8.98800
53.96 , 19.4417285919 , 8.99383
54.00 , 19.5503406524 , 8.99950
54.03 , 19.5503406524 , 9.00533
54.07 , 19.5503406524 , 9.01100
54.10 , 19.4417285919 , 9.01667
54.13 , 19.5503406524 , 9.02233
54.17 , 19.5503406524 , 9.02817
54.20 , 19.6589546203 , 9.03383
54.24 , 19.5503406524 , 9.03967
54.27 , 19.5503406524 , 9.04533
54.31 , 19.6589546203 , 9.05100
54.34 , 19.6589546203 , 9.05667
54.38 , 19.5503406524 , 9.06250
54.41 , 19.6589546203 , 9.06833
54.44 , 19.6589546203 , 9.07400
54.48 , 19.6589546203 , 9.07967
54.51 , 19.6589546203 , 9.08533
54.55 , 19.6589546203 , 9.09117
54.58 , 19.7675666809 , 9.09683
54.62 , 19.6589546203 , 9.10267
54.65 , 19.7675666809 , 9.10817
54.68 , 19.7675666809 , 9.11400
54.72 , 19.7675666809 , 9.11967
54.75 , 19.7675666809 , 9.12550
54.79 , 19.7675666809 , 9.13117
54.82 , 19.7675666809 , 9.13683
54.86 , 19.7675666809 , 9.14250
54.89 , 19.8761806488 , 9.14833
54.92 , 19.7675666809 , 9.15400
54.96 , 19.9847927093 , 9.15983
54.99 , 19.9847927093 , 9.16533
55.03 , 19.8761806488 , 9.17117
55.06 , 19.8761806488 , 9.17683
55.10 , 19.8761806488 , 9.18267
55.13 , 19.9847927093 , 9.18833
55.16 , 19.9847927093 , 9.19400
55.20 , 20.0934066772 , 9.19967
55.23 , 19.9847927093 , 9.20550
55.27 , 19.9847927093 , 9.21117
55.30 , 19.9847927093 , 9.21700
55.34 , 19.9847927093 , 9.22250
55.37 , 19.9847927093 , 9.22833
55.40 , 19.9847927093 , 9.23400
55.44 , 20.2020187377 , 9.23983
55.47 , 20.2020187377 , 9.24550
55.51 , 20.0934066772 , 9.25117
55.54 , 20.0934066772 , 9.25700
55.58 , 20.2020187377 , 9.26267
55.61 , 20.2020187377 , 9.26850
55.65 , 20.2020187377 , 9.27417
55.68 , 20.2020187377 , 9.28000
55.71 , 20.2020187377 , 9.28550
55.75 , 20.2020187377 , 9.29133
55.78 , 20.0934066772 , 9.29700
55.82 , 20.2020187377 , 9.30283
55.85 , 20.2020187377 , 9.30850
55.88 , 20.2020187377 , 9.31417
55.92 , 20.3106307983 , 9.31983
55.95 , 20.2020187377 , 9.32567
55.99 , 20.2020187377 , 9.33133
56.02 , 20.3106307983 , 9.33717
56.06 , 20.3106307983 , 9.34267
56.09 , 20.3106307983 , 9.34850
56.13 , 20.3106307983 , 9.35417
56.16 , 20.3106307983 , 9.36000
56.19 , 20.3106307983 , 9.36567
56.23 , 20.4192447662 , 9.37133
56.26 , 20.3106307983 , 9.37700
56.30 , 20.3106307983 , 9.38283
56.33 , 20.4192447662 , 9.38850
56.37 , 20.5278568267 , 9.39433
56.40 , 20.4192447662 , 9.39983
56.43 , 20.4192447662 , 9.40567
56.47 , 20.4192447662 , 9.41133
56.50 , 20.5278568267 , 9.41717
56.54 , 20.5278568267 , 9.42283
56.57 , 20.5278568267 , 9.42850
56.61 , 20.5278568267 , 9.43433
56.64 , 20.4192447662 , 9.44000
56.68 , 20.5278568267 , 9.44583
56.71 , 20.5278568267 , 9.45150
56.74 , 20.5278568267 , 9.45717
56.78 , 20.5278568267 , 9.46283
56.81 , 20.5278568267 , 9.46867
56.85 , 20.5278568267 , 9.47433
56.88 , 20.5278568267 , 9.48017
56.91 , 20.5278568267 , 9.48567
56.95 , 20.5278568267 , 9.49150
56.98 , 20.6364707946 , 9.49717
57.02 , 20.7450828552 , 9.50300
57.05 , 20.7450828552 , 9.50867
57.09 , 20.6364707946 , 9.51433
57.12 , 20.6364707946 , 9.52000
57.15 , 20.6364707946 , 9.52583
57.19 , 20.6364707946 , 9.53150
57.22 , 20.7450828552 , 9.53733
57.26 , 20.7450828552 , 9.54283
57.29 , 20.8536968231 , 9.54867
57.33 , 20.7450828552 , 9.55433
57.36 , 20.7450828552 , 9.56017
57.40 , 20.8536968231 , 9.56583
57.43 , 20.7450828552 , 9.57167
57.46 , 20.8536968231 , 9.57717
57.50 , 20.7450828552 , 9.58300
57.53 , 20.9623088836 , 9.58867
57.57 , 20.8536968231 , 9.59450
57.60 , 20.8536968231 , 9.60017
57.63 , 20.8536968231 , 9.60583
57.67 , 20.8536968231 , 9.61150
57.70 , 20.9623088836 , 9.61733
57.74 , 20.9623088836 , 9.62317
57.77 , 21.0709228515 , 9.62883
57.81 , 21.0709228515 , 9.63450
57.84 , 20.9623088836 , 9.64017
57.88 , 20.9623088836 , 9.64600
57.91 , 21.0709228515 , 9.65167
57.95 , 21.0709228515 , 9.65750
57.98 , 21.0709228515 , 9.66300
58.01 , 21.0709228515 , 9.66883
58.05 , 21.0709228515 , 9.67450
58.08 , 21.0709228515 , 9.68033
58.12 , 21.0709228515 , 9.68600
58.15 , 21.0709228515 , 9.69167
58.18 , 21.1795349121 , 9.69733
58.22 , 21.1795349121 , 9.70317
58.25 , 21.1795349121 , 9.70883
58.29 , 21.1795349121 , 9.71467
58.32 , 21.1795349121 , 9.72017
58.36 , 21.2881469726 , 9.72600
58.39 , 21.2881469726 , 9.73167
58.43 , 21.2881469726 , 9.73750
58.46 , 21.2881469726 , 9.74317
58.49 , 21.2881469726 , 9.74883
58.53 , 21.2881469726 , 9.75450
58.56 , 21.2881469726 , 9.76033
58.60 , 21.2881469726 , 9.76600
58.63 , 21.2881469726 , 9.77183
58.66 , 21.3967628479 , 9.77733
58.70 , 21.2881469726 , 9.78317
58.73 , 21.3967628479 , 9.78883
58.77 , 21.3967628479 , 9.79467
58.80 , 21.3967628479 , 9.80050
58.84 , 21.3967628479 , 9.80600
58.87 , 21.3967628479 , 9.81183
58.90 , 21.3967628479 , 9.81750
58.94 , 21.3967628479 , 9.82333
58.97 , 21.3967628479 , 9.82900
59.01 , 21.5053768157 , 9.83483
59.04 , 21.5053768157 , 9.84033
59.08 , 21.5053768157 , 9.84617
59.11 , 21.3967628479 , 9.85183
59.15 , 21.5053768157 , 9.85767
59.18 , 21.5053768157 , 9.86333
59.21 , 21.5053768157 , 9.86900
59.25 , 21.5053768157 , 9.87467
59.28 , 21.6139888763 , 9.88050
59.32 , 21.5053768157 , 9.88617
59.35 , 21.5053768157 , 9.89200
59.38 , 21.5053768157 , 9.89750
59.42 , 21.5053768157 , 9.90333
59.45 , 21.6139888763 , 9.90900
59.49 , 21.6139888763 , 9.91483
59.52 , 21.6139888763 , 9.92050
59.56 , 21.7226028442 , 9.92617
59.59 , 21.6139888763 , 9.93183
59.63 , 21.7226028442 , 9.93767
59.66 , 21.7226028442 , 9.94333
59.70 , 21.7226028442 , 9.94917
59.73 , 21.7226028442 , 9.95467
59.76 , 21.7226028442 , 9.96050
59.80 , 21.7226028442 , 9.96617
59.83 , 21.7226028442 , 9.97200
59.87 , 21.8312149047 , 9.97767
59.90 , 21.7226028442 , 9.98333
59.94 , 21.8312149047 , 9.98917
59.97 , 21.8312149047 , 9.99483
60.00 , 21.8312149047 , 10.00067
60.04 , 21.8312149047 , 10.00650
60.08 , 21.8312149047 , 10.01250
60.11 , 21.8312149047 , 10.01817
60.15 , 21.8312149047 , 10.02417
60.18 , 21.9398269653 , 10.03000
60.22 , 21.8312149047 , 10.03600
60.25 , 21.9398269653 , 10.04183
60.29 , 21.9398269653 , 10.04767
60.32 , 22.0484409332 , 10.05350
60.36 , 22.0484409332 , 10.05950
60.39 , 21.9398269653 , 10.06533
60.43 , 22.0484409332 , 10.07133
60.46 , 22.1570529937 , 10.07717
60.50 , 22.0484409332 , 10.08300
60.53 , 22.1570529937 , 10.08900
60.57 , 22.0484409332 , 10.09483
60.61 , 22.0484409332 , 10.10083
60.64 , 22.0484409332 , 10.10667
60.68 , 22.0484409332 , 10.11267
60.71 , 22.1570529937 , 10.11833
60.75 , 22.2656669616 , 10.12433
60.78 , 22.1570529937 , 10.13017
60.82 , 22.1570529937 , 10.13617
60.85 , 22.1570529937 , 10.14200
60.89 , 22.2656669616 , 10.14800
60.92 , 22.1570529937 , 10.15367
60.96 , 22.2656669616 , 10.15967
60.99 , 22.3742790222 , 10.16550
61.03 , 22.2656669616 , 10.17150
61.06 , 22.2656669616 , 10.17733
61.10 , 22.1570529937 , 10.18333
61.13 , 22.2656669616 , 10.18917
61.17 , 22.3742790222 , 10.19500
61.21 , 22.2656669616 , 10.20100
61.24 , 22.3742790222 , 10.20683
61.28 , 22.3742790222 , 10.21283
61.31 , 22.3742790222 , 10.21867
61.35 , 22.3742790222 , 10.22450
61.38 , 22.3742790222 , 10.23033
61.42 , 22.3742790222 , 10.23633
61.45 , 22.3742790222 , 10.24217
61.49 , 22.3742790222 , 10.24817
61.52 , 22.3742790222 , 10.25383
61.56 , 22.4828929901 , 10.25983
61.59 , 22.4828929901 , 10.26567
61.63 , 22.4828929901 , 10.27167
61.67 , 22.3742790222 , 10.27767
61.70 , 22.4828929901 , 10.28350
61.74 , 22.4828929901 , 10.28933
61.77 , 22.4828929901 , 10.29517
61.81 , 22.4828929901 , 10.30117
61.84 , 22.4828929901 , 10.30700
61.88 , 22.4828929901 , 10.31300
61.91 , 22.4828929901 , 10.31883
61.95 , 22.5915050506 , 10.32467
61.98 , 22.5915050506 , 10.33050
62.02 , 22.5915050506 , 10.33650
62.05 , 22.5915050506 , 10.34233
62.09 , 22.5915050506 , 10.34833
62.13 , 22.5915050506 , 10.35417
62.16 , 22.7001190185 , 10.36000
62.20 , 22.5915050506 , 10.36583
62.23 , 22.7001190185 , 10.37183
62.27 , 22.5915050506 , 10.37783
62.30 , 22.7001190185 , 10.38367
62.34 , 22.8087310791 , 10.38967
62.37 , 22.7001190185 , 10.39533
62.41 , 22.8087310791 , 10.40133
62.44 , 22.8087310791 , 10.40717
62.48 , 22.8087310791 , 10.41317
62.51 , 22.8087310791 , 10.41900
62.55 , 22.8087310791 , 10.42500
62.58 , 22.9173431396 , 10.43067
62.62 , 22.8087310791 , 10.43667
62.65 , 22.8087310791 , 10.44250
62.69 , 22.9173431396 , 10.44850
62.73 , 23.0259571075 , 10.45433
62.76 , 22.9173431396 , 10.46017
62.80 , 23.0259571075 , 10.46617
62.83 , 22.9173431396 , 10.47200
62.87 , 23.0259571075 , 10.47800
62.90 , 22.9173431396 , 10.48383
62.94 , 22.9173431396 , 10.48983
62.97 , 23.0259571075 , 10.49550
63.01 , 23.0259571075 , 10.50150
63.04 , 23.0259571075 , 10.50733
63.08 , 23.0259571075 , 10.51333
63.12 , 23.0259571075 , 10.51917
63.15 , 23.1345691680 , 10.52517
63.19 , 23.0259571075 , 10.53083
63.22 , 23.0259571075 , 10.53683
63.26 , 23.1345691680 , 10.54267
63.29 , 23.1345691680 , 10.54867
63.33 , 23.1345691680 , 10.55450
63.36 , 23.1345691680 , 10.56050
63.40 , 23.1345691680 , 10.56633
63.43 , 23.2431831359 , 10.57217
63.47 , 23.2431831359 , 10.57817
63.50 , 23.2431831359 , 10.58400
63.54 , 23.2431831359 , 10.59000
63.58 , 23.2431831359 , 10.59583
63.61 , 23.2431831359 , 10.60167
63.65 , 23.2431831359 , 10.60750
63.68 , 23.2431831359 , 10.61350
63.72 , 23.2431831359 , 10.61933
63.75 , 23.3517951965 , 10.62533
63.79 , 23.3517951965 , 10.63117
63.82 , 23.3517951965 , 10.63700
63.86 , 23.3517951965 , 10.64283
63.89 , 23.3517951965 , 10.64883
63.93 , 23.3517951965 , 10.65483
63.96 , 23.3517951965 , 10.66067
64.00 , 23.3517951965 , 10.66667
64.03 , 23.3517951965 , 10.67233
64.07 , 23.3517951965 , 10.67833
64.11 , 23.4604091644 , 10.68417
64.14 , 23.4604091644 , 10.69017
64.18 , 23.3517951965 , 10.69600
64.21 , 23.4604091644 , 10.70183
64.25 , 23.5690212249 , 10.70767
64.28 , 23.4604091644 , 10.71367
64.32 , 23.4604091644 , 10.71950
64.35 , 23.5690212249 , 10.72550
64.39 , 23.4604091644 , 10.73133
64.42 , 23.5690212249 , 10.73717
64.46 , 23.6776351928 , 10.74300
64.49 , 23.5690212249 , 10.74900
64.53 , 23.5690212249 , 10.75500
64.56 , 23.5690212249 , 10.76083
64.60 , 23.6776351928 , 10.76683
64.63 , 23.6776351928 , 10.77250
64.67 , 23.5690212249 , 10.77850
64.71 , 23.7862472534 , 10.78433
64.74 , 23.6776351928 , 10.79033
64.78 , 23.6776351928 , 10.79617
64.81 , 23.6776351928 , 10.80217
64.85 , 23.7862472534 , 10.80783
64.88 , 23.7862472534 , 10.81383
64.92 , 23.7862472534 , 10.81967
64.95 , 23.6776351928 , 10.82567
64.99 , 23.7862472534 , 10.83150
65.02 , 23.7862472534 , 10.83750
65.06 , 23.7862472534 , 10.84333
65.09 , 23.7862472534 , 10.84917
65.13 , 23.8948593139 , 10.85517
65.17 , 23.7862472534 , 10.86100
65.20 , 24.0034732818 , 10.86700
65.24 , 23.7862472534 , 10.87267
65.27 , 23.8948593139 , 10.87867
65.31 , 23.8948593139 , 10.88450
65.34 , 23.8948593139 , 10.89050
65.38 , 23.8948593139 , 10.89633
65.41 , 23.8948593139 , 10.90233
65.45 , 24.0034732818 , 10.90800
65.48 , 24.0034732818 , 10.91400
65.52 , 24.0034732818 , 10.91983
65.55 , 24.0034732818 , 10.92583
65.59 , 23.8948593139 , 10.93167
65.63 , 24.0034732818 , 10.93767
65.66 , 24.0034732818 , 10.94350
65.70 , 24.0034732818 , 10.94933
65.73 , 24.0034732818 , 10.95533
65.77 , 24.0034732818 , 10.96117
65.80 , 24.0034732818 , 10.96717
65.84 , 24.0034732818 , 10.97300
65.87 , 24.0034732818 , 10.97883
65.91 , 24.1120853424 , 10.98467
65.94 , 24.1120853424 , 10.99067
65.98 , 24.2207012176 , 10.99650
66.01 , 24.1120853424 , 11.00250
66.05 , 24.1120853424 , 11.00833
66.08 , 24.1120853424 , 11.01417
66.12 , 24.2207012176 , 11.02000
66.16 , 24.2207012176 , 11.02600
66.19 , 24.2207012176 , 11.03200
66.23 , 24.2207012176 , 11.03783
66.26 , 24.2207012176 , 11.04383
66.30 , 24.2207012176 , 11.04950
66.33 , 24.1120853424 , 11.05550
66.37 , 24.2207012176 , 11.06133
66.40 , 24.3293151855 , 11.06733
66.44 , 24.2207012176 , 11.07317
66.47 , 24.2207012176 , 11.07917
66.51 , 24.2207012176 , 11.08483
66.54 , 24.3293151855 , 11.09083
66.58 , 24.3293151855 , 11.09667
66.62 , 24.2207012176 , 11.10267
66.65 , 24.3293151855 , 11.10850
66.69 , 24.3293151855 , 11.11433
66.72 , 24.3293151855 , 11.12017
66.76 , 24.3293151855 , 11.12617
66.79 , 24.4379272460 , 11.13217
66.83 , 24.4379272460 , 11.13800
66.86 , 24.4379272460 , 11.14400
66.90 , 24.4379272460 , 11.14967
66.93 , 24.4379272460 , 11.15567
66.97 , 24.4379272460 , 11.16150
67.00 , 24.4379272460 , 11.16750
67.04 , 24.5465393066 , 11.17333
67.08 , 24.4379272460 , 11.17933
67.11 , 24.4379272460 , 11.18500
67.15 , 24.5465393066 , 11.19100
67.18 , 24.5465393066 , 11.19683
67.22 , 24.5465393066 , 11.20283
67.25 , 24.5465393066 , 11.20867
67.29 , 24.6551532745 , 11.21467
67.32 , 24.6551532745 , 11.22050
67.36 , 24.6551532745 , 11.22633
67.39 , 24.6551532745 , 11.23233
67.43 , 24.6551532745 , 11.23817
67.46 , 24.6551532745 , 11.24417
67.50 , 24.6551532745 , 11.25000
67.54 , 24.7637653350 , 11.25583
67.57 , 24.6551532745 , 11.26167
67.61 , 24.6551532745 , 11.26767
67.64 , 24.8723793029 , 11.27350
67.68 , 24.7637653350 , 11.27950
67.71 , 24.7637653350 , 11.28533
67.75 , 24.7637653350 , 11.29117
67.78 , 24.7637653350 , 11.29700
67.82 , 24.7637653350 , 11.30300
67.85 , 24.7637653350 , 11.30883
67.89 , 24.7637653350 , 11.31483
67.92 , 24.8723793029 , 11.32067
67.96 , 24.8723793029 , 11.32650
68.00 , 24.9809913635 , 11.33250
68.03 , 24.8723793029 , 11.33833
68.07 , 24.8723793029 , 11.34433
68.10 , 24.9809913635 , 11.35017
68.14 , 24.9809913635 , 11.35600
68.17 , 24.8723793029 , 11.36183
68.21 , 24.9809913635 , 11.36783
68.24 , 24.9809913635 , 11.37367
68.28 , 24.9809913635 , 11.37967
68.31 , 24.9809913635 , 11.38550
68.35 , 25.0896053314 , 11.39133
68.38 , 24.9809913635 , 11.39717
68.42 , 25.0896053314 , 11.40317
68.45 , 25.0896053314 , 11.40917
68.49 , 25.0896053314 , 11.41500
68.53 , 25.0896053314 , 11.42100
68.56 , 25.0896053314 , 11.42667
68.60 , 25.0896053314 , 11.43267
68.63 , 25.0896053314 , 11.43850
68.67 , 24.9809913635 , 11.44450
68.70 , 25.0896053314 , 11.45033
68.74 , 25.0896053314 , 11.45633
68.77 , 25.1982173919 , 11.46200
68.81 , 25.0896053314 , 11.46800
68.84 , 25.1982173919 , 11.47383
68.88 , 25.1982173919 , 11.47983
68.91 , 25.0896053314 , 11.48567
68.95 , 25.1982173919 , 11.49167
68.98 , 25.1982173919 , 11.49733
69.02 , 25.1982173919 , 11.50333
69.06 , 25.1982173919 , 11.50933
69.09 , 25.1982173919 , 11.51517
69.13 , 25.0896053314 , 11.52117
69.16 , 25.1982173919 , 11.52683
69.20 , 25.3068313598 , 11.53283
69.23 , 25.3068313598 , 11.53867
69.27 , 25.3068313598 , 11.54467
69.30 , 25.1982173919 , 11.55050
69.34 , 25.3068313598 , 11.55650
69.37 , 25.3068313598 , 11.56217
69.41 , 25.1982173919 , 11.56817
69.44 , 25.4154434204 , 11.57400
69.48 , 25.3068313598 , 11.58000
69.51 , 25.4154434204 , 11.58583
69.55 , 25.4154434204 , 11.59183
69.59 , 25.4154434204 , 11.59767
69.62 , 25.4154434204 , 11.60350
69.66 , 25.4154434204 , 11.60950
69.69 , 25.5240554809 , 11.61533
69.73 , 25.4154434204 , 11.62133
69.76 , 25.5240554809 , 11.62717
69.80 , 25.5240554809 , 11.63300
69.83 , 25.5240554809 , 11.63883
69.87 , 25.5240554809 , 11.64483
69.90 , 25.5240554809 , 11.65067
69.94 , 25.5240554809 , 11.65667
69.97 , 25.5240554809 , 11.66250
70.01 , 25.5240554809 , 11.66833
70.04 , 25.6326694488 , 11.67417
70.08 , 25.6326694488 , 11.68017
70.12 , 25.6326694488 , 11.68600
70.15 , 25.6326694488 , 11.69200
70.19 , 25.7412815093 , 11.69800
70.22 , 25.6326694488 , 11.70367
70.26 , 25.6326694488 , 11.70967
70.29 , 25.6326694488 , 11.71550
70.33 , 25.6326694488 , 11.72150
70.36 , 25.7412815093 , 11.72733
70.40 , 25.7412815093 , 11.73333
70.43 , 25.7412815093 , 11.73900
70.47 , 25.7412815093 , 11.74500
70.50 , 25.7412815093 , 11.75083
70.54 , 25.7412815093 , 11.75683
70.58 , 25.8498954772 , 11.76267
70.61 , 25.7412815093 , 11.76850
70.65 , 25.8498954772 , 11.77433
70.68 , 25.7412815093 , 11.78033
70.72 , 25.8498954772 , 11.78633
70.75 , 25.8498954772 , 11.79217
70.79 , 25.8498954772 , 11.79817
70.82 , 25.8498954772 , 11.80383
70.86 , 25.8498954772 , 11.80983
70.89 , 25.8498954772 , 11.81567
70.93 , 25.8498954772 , 11.82167
70.96 , 25.9585075378 , 11.82750
71.00 , 25.9585075378 , 11.83350
71.04 , 25.8498954772 , 11.83917
71.07 , 25.9585075378 , 11.84517
71.11 , 25.9585075378 , 11.85100
71.14 , 25.9585075378 , 11.85700
71.18 , 25.9585075378 , 11.86283
71.21 , 25.9585075378 , 11.86883
71.25 , 26.0671215057 , 11.87450
71.28 , 26.0671215057 , 11.88050
71.32 , 26.0671215057 , 11.88650
71.35 , 26.1757335662 , 11.89233
71.39 , 25.9585075378 , 11.89833
71.43 , 26.0671215057 , 11.90417
71.46 , 26.0671215057 , 11.91000
71.50 , 26.1757335662 , 11.91583
71.53 , 26.1757335662 , 11.92183
71.57 , 26.1757335662 , 11.92767
71.60 , 26.1757335662 , 11.93367
71.64 , 26.1757335662 , 11.93933
71.67 , 26.1757335662 , 11.94533
71.71 , 26.1757335662 , 11.95117
71.74 , 26.1757335662 , 11.95717
71.78 , 26.2843475341 , 11.96300
71.81 , 26.1757335662 , 11.96900
71.85 , 26.2843475341 , 11.97483
71.88 , 26.2843475341 , 11.98067
71.92 , 26.2843475341 , 11.98667
71.95 , 26.2843475341 , 11.99250
71.99 , 26.2843475341 , 11.99850
72.03 , 26.2843475341 , 12.00433
72.06 , 26.2843475341 , 12.01017
72.10 , 26.3929595947 , 12.01600
72.13 , 26.2843475341 , 12.02200
72.17 , 26.2843475341 , 12.02783
72.20 , 26.3929595947 , 12.03383
72.24 , 26.3929595947 , 12.03967
72.27 , 26.5015716552 , 12.04550
72.31 , 26.3929595947 , 12.05133
72.34 , 26.3929595947 , 12.05733
72.38 , 26.5015716552 , 12.06317
72.41 , 26.3929595947 , 12.06917
72.45 , 26.5015716552 , 12.07517
72.48 , 26.5015716552 , 12.08083
72.52 , 26.5015716552 , 12.08683
72.56 , 26.6101856231 , 12.09267
72.59 , 26.5015716552 , 12.09867
72.63 , 26.6101856231 , 12.10450
72.66 , 26.6101856231 , 12.11050
72.70 , 26.5015716552 , 12.11617
72.73 , 26.6101856231 , 12.12217
72.77 , 26.6101856231 , 12.12800
72.80 , 26.6101856231 , 12.13400
72.84 , 26.7187976837 , 12.13983
72.87 , 26.6101856231 , 12.14583
72.91 , 26.7187976837 , 12.15150
72.94 , 26.6101856231 , 12.15750
72.98 , 26.7187976837 , 12.16350
73.02 , 26.7187976837 , 12.16933
73.05 , 26.7187976837 , 12.17533
73.09 , 26.7187976837 , 12.18100
73.12 , 26.7187976837 , 12.18700
73.16 , 26.7187976837 , 12.19283
73.19 , 26.7187976837 , 12.19883
73.23 , 26.7187976837 , 12.20467
73.26 , 26.7187976837 , 12.21067
73.30 , 26.8274116516 , 12.21633
73.33 , 26.8274116516 , 12.22233
73.37 , 26.8274116516 , 12.22817
73.40 , 26.8274116516 , 12.23417
73.44 , 26.8274116516 , 12.24000
73.48 , 26.9360275268 , 12.24600
73.51 , 26.8274116516 , 12.25167
73.55 , 26.8274116516 , 12.25767
73.58 , 26.8274116516 , 12.26367
73.62 , 26.8274116516 , 12.26950
73.65 , 26.8274116516 , 12.27550
73.69 , 26.8274116516 , 12.28133
73.72 , 26.8274116516 , 12.28717
73.76 , 26.9360275268 , 12.29300
73.79 , 26.9360275268 , 12.29900
73.83 , 26.9360275268 , 12.30483
73.86 , 26.9360275268 , 12.31083
73.90 , 26.9360275268 , 12.31667
73.93 , 27.0446395874 , 12.32250
73.97 , 27.0446395874 , 12.32833
74.01 , 27.0446395874 , 12.33433
74.04 , 27.0446395874 , 12.34017
74.08 , 27.0446395874 , 12.34617
74.11 , 27.0446395874 , 12.35217
74.15 , 27.0446395874 , 12.35783
74.18 , 27.1532516479 , 12.36383
74.22 , 27.1532516479 , 12.36967
74.25 , 27.0446395874 , 12.37567
74.29 , 27.1532516479 , 12.38150
74.32 , 27.2618656158 , 12.38733
74.36 , 27.1532516479 , 12.39317
74.39 , 27.1532516479 , 12.39917
74.43 , 27.1532516479 , 12.40500
74.47 , 27.1532516479 , 12.41100
74.50 , 27.2618656158 , 12.41683
74.54 , 27.2618656158 , 12.42267
74.57 , 27.2618656158 , 12.42850
74.61 , 27.2618656158 , 12.43450
74.64 , 27.2618656158 , 12.44033
74.68 , 27.2618656158 , 12.44633
74.71 , 27.2618656158 , 12.45233
74.75 , 27.3704776763 , 12.45800
74.78 , 27.3704776763 , 12.46400
74.82 , 27.2618656158 , 12.46983
74.86 , 27.3704776763 , 12.47583
74.89 , 27.3704776763 , 12.48167
74.93 , 27.3704776763 , 12.48767
74.96 , 27.4790916442 , 12.49333
75.00 , 27.3704776763 , 12.49933
75.03 , 27.3704776763 , 12.50517
75.07 , 27.3704776763 , 12.51117
75.10 , 27.4790916442 , 12.51700
75.14 , 27.4790916442 , 12.52300
75.17 , 27.4790916442 , 12.52867
75.21 , 27.4790916442 , 12.53467
75.24 , 27.4790916442 , 12.54067
75.28 , 27.4790916442 , 12.54650
75.31 , 27.5877037048 , 12.55250
75.35 , 27.4790916442 , 12.55833
75.38 , 27.4790916442 , 12.56417
75.42 , 27.5877037048 , 12.57000
75.46 , 27.4790916442 , 12.57600
75.49 , 27.5877037048 , 12.58183
75.53 , 27.5877037048 , 12.58783
75.56 , 27.5877037048 , 12.59350
75.60 , 27.5877037048 , 12.59950
75.63 , 27.5877037048 , 12.60533
75.67 , 27.6963176727 , 12.61133
75.70 , 27.6963176727 , 12.61717
75.74 , 27.5877037048 , 12.62317
75.77 , 27.5877037048 , 12.62883
75.81 , 27.6963176727 , 12.63483
75.84 , 27.5877037048 , 12.64083
75.88 , 27.6963176727 , 12.64667
75.92 , 27.6963176727 , 12.65267
75.95 , 27.5877037048 , 12.65850
75.99 , 27.6963176727 , 12.66433
76.02 , 27.6963176727 , 12.67017
76.06 , 27.6963176727 , 12.67617
76.09 , 27.6963176727 , 12.68200
76.13 , 27.6963176727 , 12.68800
76.16 , 27.6963176727 , 12.69383
76.20 , 27.6963176727 , 12.69967
76.23 , 27.6963176727 , 12.70550
76.27 , 27.8049297332 , 12.71150
76.30 , 27.8049297332 , 12.71733
76.34 , 27.8049297332 , 12.72333
76.38 , 27.9135437011 , 12.72933
76.41 , 27.9135437011 , 12.73500
76.45 , 27.8049297332 , 12.74100
76.48 , 27.8049297332 , 12.74683
76.52 , 27.9135437011 , 12.75283
76.55 , 27.9135437011 , 12.75867
76.59 , 27.9135437011 , 12.76467
76.62 , 27.9135437011 , 12.77033
76.66 , 27.9135437011 , 12.77633
76.69 , 27.9135437011 , 12.78217
76.73 , 27.9135437011 , 12.78817
76.76 , 27.9135437011 , 12.79400
76.80 , 28.0221557617 , 12.80000
76.83 , 28.0221557617 , 12.80567
76.87 , 28.0221557617 , 12.81167
76.90 , 28.0221557617 , 12.81750
76.94 , 28.0221557617 , 12.82350
76.98 , 28.0221557617 , 12.82950
77.01 , 28.0221557617 , 12.83517
77.05 , 28.1307678222 , 12.84117
77.08 , 28.1307678222 , 12.84700
77.12 , 28.1307678222 , 12.85300
77.15 , 28.1307678222 , 12.85883
77.19 , 28.1307678222 , 12.86483
77.22 , 28.1307678222 , 12.87050
77.26 , 28.1307678222 , 12.87650
77.29 , 28.2393817901 , 12.88233
77.33 , 28.2393817901 , 12.88833
77.36 , 28.2393817901 , 12.89417
77.40 , 28.2393817901 , 12.90017
77.43 , 28.2393817901 , 12.90583
77.47 , 28.2393817901 , 12.91183
77.51 , 28.3479938507 , 12.91783
77.54 , 28.2393817901 , 12.92367
77.58 , 28.2393817901 , 12.92967
77.61 , 28.2393817901 , 12.93550
77.65 , 28.2393817901 , 12.94133
77.68 , 28.3479938507 , 12.94717
77.72 , 28.3479938507 , 12.95317
77.75 , 28.4566078186 , 12.95900
77.79 , 28.3479938507 , 12.96500
77.82 , 28.3479938507 , 12.97083
77.86 , 28.3479938507 , 12.97667
77.89 , 28.3479938507 , 12.98250
77.93 , 28.3479938507 , 12.98850
77.97 , 28.3479938507 , 12.99433
78.00 , 28.3479938507 , 13.00033
78.04 , 28.4566078186 , 13.00600
78.07 , 28.4566078186 , 13.01200
78.11 , 28.3479938507 , 13.01800
78.14 , 28.4566078186 , 13.02383
78.18 , 28.4566078186 , 13.02983
78.21 , 28.4566078186 , 13.03567
78.25 , 28.5652198791 , 13.04150
78.28 , 28.4566078186 , 13.04733
78.32 , 28.5652198791 , 13.05333
78.36 , 28.5652198791 , 13.05917
78.39 , 28.5652198791 , 13.06517
78.43 , 28.4566078186 , 13.07100
78.46 , 28.4566078186 , 13.07683
78.50 , 28.5652198791 , 13.08267
78.53 , 28.5652198791 , 13.08867
78.57 , 28.5652198791 , 13.09450
78.60 , 28.5652198791 , 13.10050
78.64 , 28.5652198791 , 13.10650
78.67 , 28.5652198791 , 13.11217
78.71 , 28.5652198791 , 13.11817
78.74 , 28.5652198791 , 13.12400
78.78 , 28.6738338470 , 13.13000
78.81 , 28.6738338470 , 13.13583
78.85 , 28.6738338470 , 13.14183
78.88 , 28.6738338470 , 13.14750
78.92 , 28.7824459075 , 13.15350
78.96 , 28.7824459075 , 13.15933
78.99 , 28.7824459075 , 13.16533
79.03 , 28.7824459075 , 13.17117
79.06 , 28.7824459075 , 13.17717
79.10 , 28.7824459075 , 13.18283
79.13 , 28.7824459075 , 13.18883
79.17 , 28.7824459075 , 13.19467
79.20 , 28.8910598754 , 13.20067
79.24 , 28.8910598754 , 13.20667
79.27 , 28.8910598754 , 13.21250
79.31 , 28.8910598754 , 13.21833
79.34 , 28.8910598754 , 13.22417
79.38 , 28.7824459075 , 13.23017
79.42 , 28.8910598754 , 13.23600
79.45 , 28.8910598754 , 13.24200
79.49 , 28.8910598754 , 13.24767
79.52 , 28.8910598754 , 13.25367
79.56 , 28.8910598754 , 13.25950
79.59 , 28.9996719360 , 13.26550
79.63 , 28.9996719360 , 13.27133
79.66 , 28.9996719360 , 13.27733
79.70 , 28.9996719360 , 13.28300
79.73 , 29.1082839965 , 13.28900
79.77 , 28.9996719360 , 13.29500
79.80 , 28.9996719360 , 13.30083
79.84 , 28.9996719360 , 13.30683
79.88 , 28.9996719360 , 13.31267
79.91 , 29.1082839965 , 13.31850
79.95 , 29.1082839965 , 13.32433
79.98 , 29.1082839965 , 13.33033
80.02 , 28.9996719360 , 13.33617
80.05 , 29.1082839965 , 13.34217
80.09 , 29.1082839965 , 13.34800
80.12 , 29.2168979644 , 13.35383
80.16 , 29.1082839965 , 13.35967
80.19 , 29.1082839965 , 13.36567
80.23 , 29.2168979644 , 13.37150
80.26 , 29.2168979644 , 13.37750
80.30 , 29.2168979644 , 13.38333
80.33 , 29.1082839965 , 13.38917
80.37 , 29.2168979644 , 13.39517
80.41 , 29.2168979644 , 13.40100
80.44 , 29.2168979644 , 13.40700
80.48 , 29.3255100250 , 13.41283
80.51 , 29.2168979644 , 13.41883
80.55 , 29.2168979644 , 13.42450
80.58 , 29.3255100250 , 13.43050
80.62 , 29.2168979644 , 13.43633
80.65 , 29.3255100250 , 13.44233
80.69 , 29.3255100250 , 13.44817
80.72 , 29.2168979644 , 13.45400
80.76 , 29.3255100250 , 13.45983
80.79 , 29.3255100250 , 13.46583
80.83 , 29.4341239929 , 13.47167
80.87 , 29.4341239929 , 13.47767
80.90 , 29.3255100250 , 13.48367
80.94 , 29.4341239929 , 13.48933
80.97 , 29.3255100250 , 13.49533
81.01 , 29.3255100250 , 13.50117
81.04 , 29.4341239929 , 13.50717
81.08 , 29.4341239929 , 13.51300
81.11 , 29.3255100250 , 13.51900
81.15 , 29.4341239929 , 13.52467
81.18 , 29.4341239929 , 13.53067
81.22 , 29.4341239929 , 13.53650
81.25 , 29.4341239929 , 13.54250
81.29 , 29.4341239929 , 13.54833
81.33 , 29.5427360534 , 13.55433
81.36 , 29.4341239929 , 13.56000
81.40 , 29.5427360534 , 13.56600
81.43 , 29.5427360534 , 13.57183
81.47 , 29.4341239929 , 13.57783
81.50 , 29.5427360534 , 13.58383
81.54 , 29.4341239929 , 13.58967
81.57 , 29.5427360534 , 13.59550
81.61 , 29.5427360534 , 13.60133
81.64 , 29.5427360534 , 13.60733
81.68 , 29.5427360534 , 13.61317
81.71 , 29.5427360534 , 13.61917
81.75 , 29.7599620819 , 13.62500
81.79 , 29.6513500213 , 13.63083
81.82 , 29.6513500213 , 13.63667
81.86 , 29.6513500213 , 13.64267
81.89 , 29.7599620819 , 13.64850
81.93 , 29.6513500213 , 13.65450
81.96 , 29.6513500213 , 13.66017
82.00 , 29.7599620819 , 13.66617
82.03 , 29.7599620819 , 13.67217
82.07 , 29.7599620819 , 13.67800
82.10 , 29.7599620819 , 13.68400
82.14 , 29.7599620819 , 13.68983
82.17 , 29.7599620819 , 13.69567
82.21 , 29.7599620819 , 13.70150
82.25 , 29.7599620819 , 13.70750
82.28 , 29.8685741424 , 13.71333
82.32 , 29.7599620819 , 13.71933
82.35 , 29.8685741424 , 13.72517
82.39 , 29.8685741424 , 13.73100
82.42 , 29.9771881103 , 13.73683
82.46 , 29.9771881103 , 13.74283
82.49 , 29.9771881103 , 13.74867
82.53 , 29.9771881103 , 13.75467
82.56 , 29.8685741424 , 13.76050
82.60 , 29.9771881103 , 13.76633
82.63 , 29.9771881103 , 13.77233
82.67 , 29.9771881103 , 13.77817
82.70 , 29.9771881103 , 13.78417
82.74 , 29.9771881103 , 13.79000
82.78 , 29.9771881103 , 13.79600
82.81 , 29.9771881103 , 13.80167
82.85 , 30.0858001708 , 13.80767
82.88 , 30.0858001708 , 13.81350
82.92 , 29.9771881103 , 13.81950
82.95 , 30.0858001708 , 13.82533
82.99 , 30.0858001708 , 13.83133
83.02 , 29.9771881103 , 13.83700
83.06 , 30.0858001708 , 13.84300
83.09 , 30.0858001708 , 13.84883
83.13 , 30.0858001708 , 13.85483
83.16 , 30.0858001708 , 13.86083
83.20 , 30.0858001708 , 13.86667
83.23 , 30.1944141387 , 13.87250
83.27 , 30.0858001708 , 13.87833
83.31 , 30.1944141387 , 13.88433
83.34 , 30.1944141387 , 13.89017
83.38 , 30.1944141387 , 13.89617
83.41 , 30.1944141387 , 13.90183
83.45 , 30.1944141387 , 13.90783
83.48 , 30.3030261993 , 13.91367
83.52 , 30.3030261993 , 13.91967
83.55 , 30.1944141387 , 13.92550
83.59 , 30.1944141387 , 13.93150
83.62 , 30.3030261993 , 13.93717
83.66 , 30.1944141387 , 13.94317
83.69 , 30.3030261993 , 13.94900
83.73 , 30.3030261993 , 13.95500
83.77 , 30.3030261993 , 13.96100
83.80 , 30.3030261993 , 13.96683
83.84 , 30.3030261993 , 13.97267
83.87 , 30.4116401672 , 13.97850
83.91 , 30.4116401672 , 13.98450
83.94 , 30.4116401672 , 13.99033
83.98 , 30.4116401672 , 13.99633
84.01 , 30.4116401672 , 14.00217
84.05 , 30.4116401672 , 14.00800
84.08 , 30.4116401672 , 14.01383
84.12 , 30.4116401672 , 14.01983
84.15 , 30.4116401672 , 14.02567
84.19 , 30.4116401672 , 14.03167
84.22 , 30.5202522277 , 14.03750
84.26 , 30.5202522277 , 14.04333
84.30 , 30.5202522277 , 14.04933
84.33 , 30.5202522277 , 14.05517
84.37 , 30.5202522277 , 14.06117
84.40 , 30.5202522277 , 14.06700
84.44 , 30.5202522277 , 14.07300
84.47 , 30.5202522277 , 14.07867
84.51 , 30.6288661956 , 14.08467
84.54 , 30.6288661956 , 14.09050
84.58 , 30.6288661956 , 14.09650
84.61 , 30.6288661956 , 14.10233
84.65 , 30.6288661956 , 14.10817
84.68 , 30.6288661956 , 14.11400
84.72 , 30.6288661956 , 14.12000
84.75 , 30.6288661956 , 14.12583
84.79 , 30.6288661956 , 14.13183
84.83 , 30.6288661956 , 14.13767
84.86 , 30.7374782562 , 14.14350
84.90 , 30.7374782562 , 14.14950
84.93 , 30.7374782562 , 14.15533
84.97 , 30.7374782562 , 14.16133
85.00 , 30.7374782562 , 14.16717
85.04 , 30.7374782562 , 14.17317
85.07 , 30.7374782562 , 14.17883
85.11 , 30.7374782562 , 14.18483
85.14 , 30.7374782562 , 14.19067
85.18 , 30.7374782562 , 14.19667
85.21 , 30.7374782562 , 14.20250
85.25 , 30.7374782562 , 14.20850
85.29 , 30.7374782562 , 14.21417
85.32 , 30.7374782562 , 14.22017
85.36 , 30.7374782562 , 14.22600
85.39 , 30.8460903167 , 14.23200
85.43 , 30.7374782562 , 14.23800
85.46 , 30.8460903167 , 14.24383
85.50 , 30.8460903167 , 14.24967
85.53 , 30.8460903167 , 14.25550
85.57 , 30.8460903167 , 14.26150
85.60 , 30.8460903167 , 14.26733
85.64 , 30.8460903167 , 14.27333
85.68 , 30.8460903167 , 14.27917
85.71 , 30.9547042846 , 14.28500
85.75 , 30.8460903167 , 14.29083
85.78 , 30.9547042846 , 14.29683
85.82 , 30.9547042846 , 14.30267
85.85 , 30.9547042846 , 14.30867
85.89 , 30.9547042846 , 14.31433
85.92 , 30.9547042846 , 14.32033
85.96 , 30.9547042846 , 14.32617
85.99 , 31.0633163452 , 14.33217
86.03 , 31.0633163452 , 14.33817
86.06 , 30.9547042846 , 14.34400
86.10 , 30.9547042846 , 14.34983
86.13 , 30.9547042846 , 14.35567
86.17 , 31.0633163452 , 14.36167
86.20 , 31.0633163452 , 14.36750
86.24 , 31.0633163452 , 14.37350
86.28 , 31.0633163452 , 14.37933
86.31 , 31.1719360351 , 14.38517
86.35 , 31.0633163452 , 14.39100
86.38 , 31.0633163452 , 14.39700
86.42 , 31.1719360351 , 14.40283
86.45 , 31.1719360351 , 14.40883
86.49 , 31.1719360351 , 14.41467
86.52 , 31.1719360351 , 14.42050
86.56 , 31.1719360351 , 14.42650
86.59 , 31.1719360351 , 14.43233
86.63 , 31.1719360351 , 14.43833
86.66 , 31.2805480957 , 14.44417
86.70 , 31.2805480957 , 14.45017
86.73 , 31.2805480957 , 14.45583
86.77 , 31.1719360351 , 14.46183
86.81 , 31.2805480957 , 14.46767
86.84 , 31.2805480957 , 14.47367
86.88 , 31.2805480957 , 14.47950
86.91 , 31.3891601562 , 14.48550
86.95 , 31.3891601562 , 14.49117
86.98 , 31.2805480957 , 14.49717
87.02 , 31.3891601562 , 14.50300
87.05 , 31.3891601562 , 14.50900
87.09 , 31.3891601562 , 14.51483
87.12 , 31.3891601562 , 14.52067
87.16 , 31.3891601562 , 14.52667
87.19 , 31.3891601562 , 14.53250
87.23 , 31.3891601562 , 14.53850
87.27 , 31.3891601562 , 14.54433
87.30 , 31.4977741241 , 14.55033
87.34 , 31.4977741241 , 14.55600
87.37 , 31.3891601562 , 14.56200
87.41 , 31.3891601562 , 14.56783
87.44 , 31.4977741241 , 14.57383
87.48 , 31.6063861846 , 14.57967
87.51 , 31.4977741241 , 14.58567
87.55 , 31.4977741241 , 14.59133
87.58 , 31.4977741241 , 14.59733
87.62 , 31.6063861846 , 14.60317
87.65 , 31.4977741241 , 14.60917
87.69 , 31.4977741241 , 14.61517
87.73 , 31.6063861846 , 14.62100
87.76 , 31.4977741241 , 14.62683
87.80 , 31.4977741241 , 14.63267
87.83 , 31.4977741241 , 14.63867
87.87 , 31.6063861846 , 14.64450
87.90 , 31.6063861846 , 14.65050
87.94 , 31.6063861846 , 14.65633
87.97 , 31.6063861846 , 14.66217
88.01 , 31.6063861846 , 14.66800
88.04 , 31.6063861846 , 14.67400
88.08 , 31.6063861846 , 14.67983
88.11 , 31.6063861846 , 14.68583
88.15 , 31.6063861846 , 14.69167
88.18 , 31.6063861846 , 14.69750
88.22 , 31.7150001525 , 14.70333
88.26 , 31.6063861846 , 14.70933
88.29 , 31.7150001525 , 14.71533
88.33 , 31.7150001525 , 14.72117
88.36 , 31.7150001525 , 14.72717
88.40 , 31.7150001525 , 14.73283
88.43 , 31.7150001525 , 14.73883
88.47 , 31.8236122131 , 14.74467
88.50 , 31.8236122131 , 14.75067
88.54 , 31.8236122131 , 14.75650
88.57 , 31.7150001525 , 14.76233
88.61 , 31.7150001525 , 14.76817
88.64 , 31.8236122131 , 14.77417
88.68 , 31.8236122131 , 14.78000
88.72 , 31.7150001525 , 14.78600
88.75 , 31.8236122131 , 14.79183
88.79 , 31.8236122131 , 14.79767
88.82 , 31.9322261810 , 14.80367
88.86 , 31.9322261810 , 14.80950
88.89 , 31.9322261810 , 14.81550
88.93 , 31.9322261810 , 14.82133
88.96 , 31.9322261810 , 14.82733
89.00 , 32.0408401489 , 14.83300
89.03 , 31.9322261810 , 14.83900
89.07 , 32.0408401489 , 14.84483
89.11 , 32.0408401489 , 14.85083
89.14 , 31.9322261810 , 14.85667
89.18 , 31.9322261810 , 14.86267
89.21 , 32.0408401489 , 14.86833
89.25 , 32.0408401489 , 14.87433
89.28 , 32.0408401489 , 14.88017
89.32 , 32.0408401489 , 14.88617
89.35 , 32.0408401489 , 14.89200
89.39 , 32.0408401489 , 14.89800
89.42 , 32.0408401489 , 14.90383
89.46 , 32.1494522094 , 14.90967
89.49 , 32.1494522094 , 14.91567
89.53 , 32.1494522094 , 14.92150
89.56 , 32.0408401489 , 14.92750
89.60 , 32.1494522094 , 14.93333
89.63 , 32.1494522094 , 14.93917
89.67 , 32.1494522094 , 14.94500
89.71 , 32.1494522094 , 14.95100
89.74 , 32.1494522094 , 14.95683
89.78 , 32.1494522094 , 14.96283
89.81 , 32.1494522094 , 14.96850
89.85 , 32.1494522094 , 14.97450
89.88 , 32.2580642700 , 14.98033
89.92 , 32.1494522094 , 14.98633
89.95 , 32.2580642700 , 14.99233
89.99 , 32.2580642700 , 14.99817
90.02 , 32.2580642700 , 15.00400
90.06 , 32.3666763305 , 15.00983
90.09 , 32.3666763305 , 15.01583
90.13 , 32.3666763305 , 15.02167
90.17 , 32.2580642700 , 15.02767
90.20 , 32.2580642700 , 15.03350
90.24 , 32.3666763305 , 15.03933
90.27 , 32.2580642700 , 15.04517
90.31 , 32.3666763305 , 15.05117
90.34 , 32.2580642700 , 15.05700
90.38 , 32.3666763305 , 15.06300
90.41 , 32.3666763305 , 15.06883
90.45 , 32.3666763305 , 15.07467
90.48 , 32.2580642700 , 15.08050
90.52 , 32.3666763305 , 15.08650
90.55 , 32.3666763305 , 15.09250
90.59 , 32.3666763305 , 15.09833
90.63 , 32.3666763305 , 15.10433
90.66 , 32.3666763305 , 15.11000
90.70 , 32.4752883911 , 15.11600
90.73 , 32.4752883911 , 15.12183
90.77 , 32.4752883911 , 15.12783
90.80 , 32.3666763305 , 15.13367
90.84 , 32.4752883911 , 15.13967
90.87 , 32.3666763305 , 15.14533
90.91 , 32.4752883911 , 15.15133
90.94 , 32.4752883911 , 15.15717
90.98 , 32.4752883911 , 15.16317
91.01 , 32.4752883911 , 15.16900
91.05 , 32.5839042663 , 15.17483
91.08 , 32.6925163269 , 15.18083
91.12 , 32.4752883911 , 15.18667
91.16 , 32.5839042663 , 15.19267
91.19 , 32.5839042663 , 15.19850
91.23 , 32.5839042663 , 15.20450
91.26 , 32.5839042663 , 15.21017
91.30 , 32.5839042663 , 15.21617
91.33 , 32.5839042663 , 15.22200
91.37 , 32.5839042663 , 15.22800
91.40 , 32.6925163269 , 15.23383
91.44 , 32.6925163269 , 15.23983
91.47 , 32.6925163269 , 15.24550
91.51 , 32.6925163269 , 15.25150
91.54 , 32.6925163269 , 15.25733
91.58 , 32.6925163269 , 15.26333
91.61 , 32.8011283874 , 15.26917
91.65 , 32.6925163269 , 15.27517
91.69 , 32.8011283874 , 15.28100
91.72 , 32.6925163269 , 15.28683
91.76 , 32.8011283874 , 15.29283
91.79 , 32.8011283874 , 15.29867
91.83 , 32.8011283874 , 15.30467
91.86 , 32.8011283874 , 15.31050
91.90 , 32.8011283874 , 15.31633
91.93 , 32.8011283874 , 15.32217
91.97 , 32.8011283874 , 15.32817
92.00 , 32.8011283874 , 15.33400
92.04 , 32.8011283874 , 15.34000
92.07 , 32.9097404479 , 15.34583
92.11 , 32.8011283874 , 15.35167
92.14 , 32.9097404479 , 15.35750
92.18 , 32.9097404479 , 15.36350
92.22 , 32.9097404479 , 15.36950
92.25 , 32.9097404479 , 15.37533
92.29 , 32.9097404479 , 15.38133
92.32 , 32.9097404479 , 15.38700
92.36 , 32.9097404479 , 15.39300
92.39 , 32.9097404479 , 15.39883
92.43 , 32.9097404479 , 15.40483
92.46 , 32.9097404479 , 15.41067
92.50 , 32.9097404479 , 15.41650
92.53 , 32.9097404479 , 15.42233
92.57 , 32.9097404479 , 15.42833
92.61 , 32.9097404479 , 15.43417
92.64 , 33.1269683837 , 15.44017
92.68 , 33.0183563232 , 15.44600
92.71 , 33.0183563232 , 15.45183
92.75 , 33.0183563232 , 15.45767
92.78 , 33.0183563232 , 15.46367
92.82 , 33.0183563232 , 15.46967
92.85 , 33.0183563232 , 15.47550
92.89 , 33.0183563232 , 15.48150
92.92 , 33.0183563232 , 15.48717
92.96 , 33.0183563232 , 15.49317
92.99 , 33.0183563232 , 15.49900
93.03 , 33.0183563232 , 15.50500
93.06 , 33.1269683837 , 15.51083
93.10 , 33.1269683837 , 15.51683
93.13 , 33.1269683837 , 15.52250
93.17 , 33.1269683837 , 15.52850
93.21 , 33.1269683837 , 15.53433
93.24 , 33.1269683837 , 15.54033
93.28 , 33.1269683837 , 15.54617
93.31 , 33.2355804443 , 15.55217
93.35 , 33.1269683837 , 15.55800
93.38 , 33.2355804443 , 15.56383
93.42 , 33.2355804443 , 15.56983
93.45 , 33.2355804443 , 15.57567
93.49 , 33.2355804443 , 15.58167
93.52 , 33.2355804443 , 15.58733
93.56 , 33.2355804443 , 15.59333
93.59 , 33.2355804443 , 15.59917
93.63 , 33.3441925048 , 15.60517
93.67 , 33.2355804443 , 15.61100
93.70 , 33.3441925048 , 15.61700
93.74 , 33.2355804443 , 15.62267
93.77 , 33.3441925048 , 15.62867
93.81 , 33.3441925048 , 15.63450
93.84 , 33.3441925048 , 15.64050
93.88 , 33.3441925048 , 15.64633
93.91 , 33.4528045654 , 15.65233
93.95 , 33.4528045654 , 15.65817
93.98 , 33.3441925048 , 15.66400
94.02 , 33.3441925048 , 15.67000
94.05 , 33.4528045654 , 15.67583
94.09 , 33.4528045654 , 15.68183
94.13 , 33.4528045654 , 15.68767
94.16 , 33.4528045654 , 15.69350
94.20 , 33.4528045654 , 15.69933
94.23 , 33.5614204406 , 15.70533
94.27 , 33.5614204406 , 15.71117
94.30 , 33.4528045654 , 15.71717
94.34 , 33.5614204406 , 15.72300
94.37 , 33.4528045654 , 15.72883
94.41 , 33.5614204406 , 15.73467
94.44 , 33.5614204406 , 15.74067
94.48 , 33.4528045654 , 15.74667
94.51 , 33.5614204406 , 15.75250
94.55 , 33.5614204406 , 15.75850
94.58 , 33.5614204406 , 15.76417
94.62 , 33.6700325012 , 15.77017
94.66 , 33.5614204406 , 15.77600
94.69 , 33.5614204406 , 15.78200
94.73 , 33.6700325012 , 15.78783
94.76 , 33.5614204406 , 15.79383
94.80 , 33.6700325012 , 15.79950
94.83 , 33.6700325012 , 15.80550
94.87 , 33.6700325012 , 15.81133
94.90 , 33.6700325012 , 15.81733
94.94 , 33.6700325012 , 15.82317
94.97 , 33.5614204406 , 15.82900
95.01 , 33.7786445617 , 15.83483
95.04 , 33.6700325012 , 15.84083
95.08 , 33.6700325012 , 15.84683
95.12 , 33.6700325012 , 15.85267
95.15 , 33.6700325012 , 15.85867
95.19 , 33.6700325012 , 15.86433
95.22 , 33.6700325012 , 15.87033
95.26 , 33.6700325012 , 15.87617
95.29 , 33.7786445617 , 15.88217
95.33 , 33.7786445617 , 15.88800
95.36 , 33.7786445617 , 15.89400
95.40 , 33.7786445617 , 15.89967
95.43 , 33.7786445617 , 15.90567
95.47 , 33.7786445617 , 15.91150
95.50 , 33.8872566223 , 15.91750
95.54 , 33.7786445617 , 15.92333
95.58 , 33.7786445617 , 15.92933
95.61 , 33.7786445617 , 15.93517
95.65 , 33.7786445617 , 15.94100
95.68 , 33.7786445617 , 15.94700
95.72 , 33.8872566223 , 15.95283
95.75 , 33.8872566223 , 15.95883
95.79 , 33.8872566223 , 15.96467
95.82 , 33.8872566223 , 15.97050
95.86 , 33.9958724975 , 15.97633
95.89 , 33.8872566223 , 15.98233
95.93 , 33.8872566223 , 15.98817
95.96 , 33.8872566223 , 15.99417
96.00 , 33.8872566223 , 16.00000
96.04 , 33.9958724975 , 16.00584
96.07 , 33.9958724975 , 16.01167
96.11 , 33.9958724975 , 16.01767
96.14 , 33.9958724975 , 16.02350
96.18 , 33.9958724975 , 16.02950
96.21 , 33.9958724975 , 16.03533
96.25 , 34.1044845581 , 16.04117
96.28 , 34.1044845581 , 16.04717
96.32 , 34.1044845581 , 16.05300
96.35 , 34.1044845581 , 16.05900
96.39 , 34.1044845581 , 16.06484
96.42 , 34.1044845581 , 16.07067
96.46 , 34.1044845581 , 16.07650
96.50 , 34.1044845581 , 16.08250
96.53 , 34.1044845581 , 16.08833
96.57 , 34.2130966186 , 16.09433
96.60 , 34.1044845581 , 16.10017
96.64 , 34.1044845581 , 16.10600
96.67 , 34.1044845581 , 16.11183
96.71 , 34.2130966186 , 16.11783
96.74 , 34.2130966186 , 16.12383
96.78 , 34.2130966186 , 16.12967
96.81 , 34.2130966186 , 16.13567
96.85 , 34.2130966186 , 16.14134
96.88 , 34.2130966186 , 16.14734
96.92 , 34.2130966186 , 16.15317
96.95 , 34.2130966186 , 16.15917
96.99 , 34.3217086791 , 16.16500
97.03 , 34.3217086791 , 16.17100
97.06 , 34.2130966186 , 16.17667
97.10 , 34.3217086791 , 16.18267
97.13 , 34.2130966186 , 16.18850
97.17 , 34.2130966186 , 16.19450
97.20 , 34.2130966186 , 16.20034
97.24 , 34.3217086791 , 16.20633
97.27 , 34.3217086791 , 16.21200
97.31 , 34.3217086791 , 16.21800
97.34 , 34.3217086791 , 16.22400
97.38 , 34.3217086791 , 16.22983
97.41 , 34.2130966186 , 16.23583
97.45 , 34.3217086791 , 16.24150
97.48 , 34.4303207397 , 16.24750
97.52 , 34.4303207397 , 16.25333
97.56 , 34.3217086791 , 16.25934
97.59 , 34.4303207397 , 16.26517
97.63 , 34.3217086791 , 16.27117
97.66 , 34.4303207397 , 16.27684
97.70 , 34.4303207397 , 16.28283
97.73 , 34.4303207397 , 16.28867
97.77 , 34.4303207397 , 16.29467
97.80 , 34.4303207397 , 16.30050
97.84 , 34.5389366149 , 16.30650
97.87 , 34.4303207397 , 16.31233
97.91 , 34.5389366149 , 16.31817
97.94 , 34.5389366149 , 16.32417
97.98 , 34.5389366149 , 16.33000
98.02 , 34.5389366149 , 16.33600
98.05 , 34.4303207397 , 16.34184
98.09 , 34.5389366149 , 16.34767
98.12 , 34.5389366149 , 16.35350
98.16 , 34.5389366149 , 16.35950
98.19 , 34.5389366149 , 16.36533
98.23 , 34.5389366149 , 16.37133
98.26 , 34.5389366149 , 16.37717
98.30 , 34.5389366149 , 16.38300
98.33 , 34.5389366149 , 16.38883
98.37 , 34.5389366149 , 16.39484
98.40 , 34.6475486755 , 16.40067
98.44 , 34.5389366149 , 16.40667
98.48 , 34.6475486755 , 16.41267
98.51 , 34.6475486755 , 16.41834
98.55 , 34.6475486755 , 16.42433
98.58 , 34.7561607360 , 16.43017
98.62 , 34.6475486755 , 16.43617
98.65 , 34.6475486755 , 16.44200
98.69 , 34.7561607360 , 16.44800
98.72 , 34.6475486755 , 16.45367
98.76 , 34.6475486755 , 16.45967
98.79 , 34.7561607360 , 16.46550
98.83 , 34.7561607360 , 16.47150
98.86 , 34.7561607360 , 16.47733
98.90 , 34.7561607360 , 16.48317
98.93 , 34.7561607360 , 16.48900
98.97 , 34.7561607360 , 16.49500
99.01 , 34.7561607360 , 16.50100
99.04 , 34.7561607360 , 16.50683
99.08 , 34.8647727966 , 16.51284
99.11 , 34.7561607360 , 16.51850
99.15 , 34.8647727966 , 16.52450
99.18 , 34.9733886718 , 16.53034
99.22 , 34.8647727966 , 16.53634
99.25 , 34.8647727966 , 16.54217
99.29 , 34.8647727966 , 16.54817
99.32 , 34.9733886718 , 16.55383
99.36 , 34.9733886718 , 16.55983
99.39 , 34.9733886718 , 16.56567
99.43 , 34.9733886718 , 16.57167
99.46 , 34.9733886718 , 16.57750
99.50 , 34.9733886718 , 16.58350
99.54 , 34.9733886718 , 16.58917
99.57 , 34.9733886718 , 16.59517
99.61 , 34.9733886718 , 16.60117
99.64 , 34.8647727966 , 16.60700
99.68 , 34.9733886718 , 16.61300
99.71 , 34.9733886718 , 16.61883
99.75 , 34.9733886718 , 16.62467
99.78 , 34.9733886718 , 16.63050
99.82 , 34.9733886718 , 16.63650
99.85 , 34.9733886718 , 16.64233
99.89 , 34.9733886718 , 16.64834
99.92 , 34.9733886718 , 16.65400
99.96 , 35.0820007324 , 16.66000
100.00 , 35.0820007324 , 16.66584
100.03 , 35.0820007324 , 16.67200
100.07 , 35.0820007324 , 16.67800
100.11 , 35.0820007324 , 16.68417
100.14 , 34.9733886718 , 16.69034
100.18 , 35.0820007324 , 16.69617
100.21 , 35.0820007324 , 16.70233
100.25 , 35.0820007324 , 16.70833
100.29 , 35.0820007324 , 16.71450
100.32 , 35.0820007324 , 16.72050
100.36 , 35.0820007324 , 16.72667
100.40 , 35.1906127929 , 16.73267
100.43 , 35.1906127929 , 16.73867
100.47 , 35.0820007324 , 16.74484
100.50 , 35.1906127929 , 16.75083
100.54 , 35.1906127929 , 16.75700
100.58 , 35.0820007324 , 16.76300
100.61 , 35.1906127929 , 16.76917
100.65 , 35.0820007324 , 16.77517
100.69 , 35.2992248535 , 16.78117
100.72 , 35.1906127929 , 16.78717
100.76 , 35.1906127929 , 16.79334
100.80 , 35.1906127929 , 16.79933
100.83 , 35.2992248535 , 16.80550
100.87 , 35.2992248535 , 16.81167
100.90 , 35.2992248535 , 16.81750
100.94 , 35.2992248535 , 16.82367
100.98 , 35.2992248535 , 16.82967
101.01 , 35.2992248535 , 16.83584
101.05 , 35.2992248535 , 16.84184
101.09 , 35.2992248535 , 16.84800
101.12 , 35.4078369140 , 16.85400
101.16 , 35.4078369140 , 16.86000
101.20 , 35.4078369140 , 16.86600
101.23 , 35.4078369140 , 16.87217
101.27 , 35.4078369140 , 16.87833
101.31 , 35.4078369140 , 16.88434
101.34 , 35.4078369140 , 16.89050
101.38 , 35.4078369140 , 16.89650
101.41 , 35.5164527893 , 16.90250
101.45 , 35.4078369140 , 16.90850
101.49 , 35.5164527893 , 16.91467
101.52 , 35.5164527893 , 16.92067
101.56 , 35.5164527893 , 16.92683
101.60 , 35.5164527893 , 16.93284
101.63 , 35.5164527893 , 16.93900
101.67 , 35.6250648498 , 16.94500
101.71 , 35.5164527893 , 16.95100
101.74 , 35.6250648498 , 16.95717
101.78 , 35.5164527893 , 16.96317
101.82 , 35.6250648498 , 16.96933
101.85 , 35.6250648498 , 16.97533
101.89 , 35.6250648498 , 16.98150
101.92 , 35.5164527893 , 16.98734
101.96 , 35.6250648498 , 16.99350
102.00 , 35.6250648498 , 16.99950
102.03 , 35.6250648498 , 17.00567
102.07 , 35.6250648498 , 17.01183
102.11 , 35.6250648498 , 17.01783
102.14 , 35.6250648498 , 17.02400
102.18 , 35.6250648498 , 17.02984
102.22 , 35.6250648498 , 17.03600
102.25 , 35.6250648498 , 17.04200
102.29 , 35.6250648498 , 17.04817
102.32 , 35.7336769104 , 17.05417
102.36 , 35.6250648498 , 17.06033
102.40 , 35.7336769104 , 17.06617
102.43 , 35.6250648498 , 17.07234
102.47 , 35.7336769104 , 17.07850
102.51 , 35.6250648498 , 17.08450
102.54 , 35.6250648498 , 17.09067
102.58 , 35.7336769104 , 17.09667
102.62 , 35.8422889709 , 17.10283
102.65 , 35.8422889709 , 17.10867
102.69 , 35.7336769104 , 17.11483
102.72 , 35.7336769104 , 17.12084
102.76 , 35.8422889709 , 17.12700
102.80 , 35.8422889709 , 17.13317
102.83 , 35.7336769104 , 17.13917
102.87 , 35.7336769104 , 17.14533
102.91 , 35.7336769104 , 17.15117
102.94 , 35.8422889709 , 17.15733
102.98 , 35.8422889709 , 17.16333
103.02 , 35.8422889709 , 17.16950
103.05 , 35.8422889709 , 17.17550
103.09 , 35.8422889709 , 17.18167
103.13 , 35.8422889709 , 17.18767
103.16 , 35.8422889709 , 17.19367
103.20 , 35.8422889709 , 17.19983
103.23 , 35.8422889709 , 17.20583
103.27 , 35.9509048461 , 17.21200
103.31 , 35.9509048461 , 17.21800
103.34 , 35.9509048461 , 17.22417
103.38 , 35.9509048461 , 17.23000
103.42 , 35.9509048461 , 17.23617
103.45 , 35.9509048461 , 17.24217
103.49 , 35.9509048461 , 17.24833
103.53 , 35.9509048461 , 17.25433
103.56 , 35.9509048461 , 17.26050
103.60 , 35.9509048461 , 17.26667
103.63 , 36.0595169067 , 17.27250
103.67 , 35.9509048461 , 17.27867
103.71 , 36.0595169067 , 17.28467
103.75 , 35.9509048461 , 17.29084
103.78 , 36.0595169067 , 17.29683
103.82 , 36.1681289672 , 17.30300
103.85 , 36.1681289672 , 17.30900
103.89 , 36.0595169067 , 17.31500
103.93 , 36.1681289672 , 17.32100
103.96 , 36.1681289672 , 17.32717
104.00 , 36.1681289672 , 17.33333
104.04 , 36.0595169067 , 17.33934
104.07 , 36.0595169067 , 17.34550
104.11 , 36.1681289672 , 17.35150
104.14 , 36.1681289672 , 17.35750
104.18 , 36.1681289672 , 17.36350
104.22 , 36.1681289672 , 17.36967
104.25 , 36.1681289672 , 17.37567
104.29 , 36.1681289672 , 17.38183
104.33 , 36.1681289672 , 17.38784
104.36 , 36.1681289672 , 17.39400
104.40 , 36.1681289672 , 17.40000
104.44 , 36.1681289672 , 17.40600
104.47 , 36.1681289672 , 17.41217
104.51 , 36.2767410278 , 17.41817
104.55 , 36.2767410278 , 17.42433
104.58 , 36.1681289672 , 17.43033
104.62 , 36.2767410278 , 17.43650
104.65 , 36.2767410278 , 17.44233
104.69 , 36.2767410278 , 17.44850
104.73 , 36.2767410278 , 17.45450
104.76 , 36.2767410278 , 17.46067
104.80 , 36.2767410278 , 17.46684
104.84 , 36.3853530883 , 17.47283
104.87 , 36.3853530883 , 17.47883
104.91 , 36.3853530883 , 17.48483
104.95 , 36.3853530883 , 17.49100
104.98 , 36.3853530883 , 17.49700
105.02 , 36.2767410278 , 17.50317
105.05 , 36.3853530883 , 17.50917
105.09 , 36.3853530883 , 17.51534
105.13 , 36.3853530883 , 17.52133
105.16 , 36.3853530883 , 17.52733
105.20 , 36.3853530883 , 17.53350
105.24 , 36.3853530883 , 17.53950
105.27 , 36.3853530883 , 17.54567
105.31 , 36.3853530883 , 17.55167
105.35 , 36.4939689636 , 17.55784
105.38 , 36.4939689636 , 17.56367
105.42 , 36.4939689636 , 17.56983
105.45 , 36.4939689636 , 17.57583
105.49 , 36.4939689636 , 17.58200
105.53 , 36.4939689636 , 17.58817
105.56 , 36.6025810241 , 17.59417
105.60 , 36.6025810241 , 17.60033
105.64 , 36.4939689636 , 17.60617
105.67 , 36.6025810241 , 17.61234
105.71 , 36.6025810241 , 17.61833
105.75 , 36.6025810241 , 17.62450
105.78 , 36.6025810241 , 17.63050
105.82 , 36.6025810241 , 17.63667
105.86 , 36.7111968994 , 17.64267
105.89 , 36.6025810241 , 17.64867
105.93 , 36.7111968994 , 17.65484
105.96 , 36.7111968994 , 17.66083
106.00 , 36.7111968994 , 17.66700
106.04 , 36.6025810241 , 17.67300
106.07 , 36.7111968994 , 17.67917
106.11 , 36.7111968994 , 17.68500
106.15 , 36.8198127746 , 17.69117
106.18 , 36.7111968994 , 17.69717
106.22 , 36.8198127746 , 17.70334
106.26 , 36.8198127746 , 17.70933
106.29 , 36.7111968994 , 17.71550
106.33 , 36.8198127746 , 17.72167
106.36 , 36.7111968994 , 17.72750
106.40 , 36.8198127746 , 17.73367
106.44 , 36.8198127746 , 17.73967
106.47 , 36.8198127746 , 17.74584
106.51 , 36.8198127746 , 17.75184
106.55 , 36.9284248352 , 17.75800
106.58 , 36.8198127746 , 17.76400
106.62 , 36.8198127746 , 17.77000
106.66 , 36.8198127746 , 17.77600
106.69 , 36.8198127746 , 17.78217
106.73 , 36.9284248352 , 17.78833
106.77 , 36.9284248352 , 17.79434
106.80 , 36.9284248352 , 17.80050
106.84 , 36.9284248352 , 17.80650
106.87 , 36.9284248352 , 17.81250
106.91 , 36.8198127746 , 17.81850
106.95 , 36.9284248352 , 17.82467
106.98 , 36.9284248352 , 17.83067
107.02 , 36.9284248352 , 17.83683
107.06 , 36.9284248352 , 17.84284
107.09 , 37.0370368957 , 17.84900
107.13 , 36.9284248352 , 17.85500
107.17 , 36.9284248352 , 17.86100
107.20 , 37.0370368957 , 17.86717
107.24 , 37.0370368957 , 17.87317
107.28 , 36.9284248352 , 17.87933
107.31 , 37.0370368957 , 17.88533
107.35 , 36.9284248352 , 17.89134
107.38 , 36.9284248352 , 17.89734
107.42 , 37.1456489562 , 17.90350
107.46 , 37.0370368957 , 17.90967
107.49 , 37.0370368957 , 17.91567
107.53 , 37.0370368957 , 17.92183
107.57 , 37.0370368957 , 17.92783
107.60 , 37.0370368957 , 17.93383
107.64 , 37.0370368957 , 17.93984
107.68 , 37.0370368957 , 17.94600
107.71 , 37.0370368957 , 17.95200
107.75 , 37.0370368957 , 17.95817
107.79 , 37.1456489562 , 17.96417
107.82 , 37.0370368957 , 17.97033
107.86 , 37.0370368957 , 17.97633
107.89 , 37.1456489562 , 17.98233
107.93 , 37.1456489562 , 17.98850
107.97 , 37.1456489562 , 17.99450
108.00 , 37.2542648315 , 18.00067
108.04 , 37.1456489562 , 18.00667
108.08 , 37.1456489562 , 18.01284
108.11 , 37.2542648315 , 18.01867
108.15 , 37.2542648315 , 18.02483
108.18 , 37.2542648315 , 18.03083
108.22 , 37.2542648315 , 18.03700
108.26 , 37.2542648315 , 18.04317
108.29 , 37.2542648315 , 18.04917
108.33 , 37.3628768920 , 18.05533
108.37 , 37.3628768920 , 18.06117
108.40 , 37.3628768920 , 18.06733
108.44 , 37.3628768920 , 18.07333
108.48 , 37.2542648315 , 18.07950
108.51 , 37.3628768920 , 18.08550
108.55 , 37.3628768920 , 18.09167
108.58 , 37.3628768920 , 18.09750
108.62 , 37.4714889526 , 18.10367
108.66 , 37.3628768920 , 18.10983
108.69 , 37.3628768920 , 18.11583
108.73 , 37.4714889526 , 18.12200
108.77 , 37.3628768920 , 18.12800
108.80 , 37.4714889526 , 18.13417
108.84 , 37.4714889526 , 18.14000
108.88 , 37.3628768920 , 18.14617
108.91 , 37.4714889526 , 18.15217
108.95 , 37.5801010131 , 18.15833
108.99 , 37.4714889526 , 18.16433
109.02 , 37.4714889526 , 18.17050
109.06 , 37.4714889526 , 18.17667
109.09 , 37.4714889526 , 18.18250
109.13 , 37.4714889526 , 18.18867
109.17 , 37.5801010131 , 18.19467
109.20 , 37.5801010131 , 18.20083
109.24 , 37.4714889526 , 18.20683
109.28 , 37.5801010131 , 18.21300
109.31 , 37.5801010131 , 18.21900
109.35 , 37.5801010131 , 18.22500
109.39 , 37.5801010131 , 18.23100
109.42 , 37.6887130737 , 18.23717
109.46 , 37.5801010131 , 18.24333
109.50 , 37.5801010131 , 18.24934
109.53 , 37.5801010131 , 18.25550
109.57 , 37.5801010131 , 18.26150
109.61 , 37.6887130737 , 18.26750
109.64 , 37.5801010131 , 18.27350
109.68 , 37.5801010131 , 18.27967
109.71 , 37.5801010131 , 18.28567
109.75 , 37.6887130737 , 18.29183
109.79 , 37.6887130737 , 18.29800
109.82 , 37.6887130737 , 18.30400
109.86 , 37.7973289489 , 18.31000
109.90 , 37.6887130737 , 18.31600
109.93 , 37.6887130737 , 18.32217
109.97 , 37.6887130737 , 18.32817
110.01 , 37.6887130737 , 18.33433
110.04 , 37.6887130737 , 18.34033
110.08 , 37.7973289489 , 18.34634
110.11 , 37.7973289489 , 18.35233
110.15 , 37.6887130737 , 18.35850
110.19 , 37.7973289489 , 18.36467
110.22 , 37.7973289489 , 18.37067
110.26 , 37.7973289489 , 18.37684
110.30 , 37.9059410095 , 18.38283
110.33 , 37.7973289489 , 18.38883
110.37 , 37.7973289489 , 18.39484
110.41 , 37.7973289489 , 18.40100
110.44 , 37.9059410095 , 18.40700
110.48 , 37.9059410095 , 18.41317
110.51 , 37.9059410095 , 18.41917
110.55 , 37.9059410095 , 18.42534
110.59 , 38.0145530700 , 18.43133
110.62 , 37.9059410095 , 18.43733
110.66 , 38.0145530700 , 18.44350
110.70 , 38.0145530700 , 18.44950
110.73 , 38.0145530700 , 18.45567
110.77 , 37.9059410095 , 18.46167
110.81 , 37.9059410095 , 18.46784
110.84 , 37.9059410095 , 18.47367
110.88 , 38.0145530700 , 18.47983
110.91 , 37.9059410095 , 18.48583
110.95 , 38.0145530700 , 18.49200
110.99 , 38.0145530700 , 18.49817
111.02 , 38.1231651306 , 18.50417
111.06 , 38.1231651306 , 18.51033
111.10 , 38.1231651306 , 18.51617
111.13 , 38.0145530700 , 18.52234
111.17 , 38.0145530700 , 18.52833
111.21 , 38.1231651306 , 18.53450
111.24 , 38.1231651306 , 18.54050
111.28 , 38.1231651306 , 18.54667
111.31 , 38.1231651306 , 18.55250
111.35 , 38.1231651306 , 18.55867
111.39 , 38.1231651306 , 18.56484
111.43 , 38.1231651306 , 18.57084
111.46 , 38.1231651306 , 18.57700
111.50 , 38.1231651306 , 18.58300
111.54 , 38.1231651306 , 18.58917
111.57 , 38.1231651306 , 18.59500
111.61 , 38.1231651306 , 18.60117
111.64 , 38.2317810058 , 18.60717
111.68 , 38.2317810058 , 18.61334
111.72 , 38.2317810058 , 18.61934
111.75 , 38.2317810058 , 18.62550
111.79 , 38.2317810058 , 18.63167
111.82 , 38.2317810058 , 18.63750
111.86 , 38.2317810058 , 18.64367
111.90 , 38.2317810058 , 18.64967
111.93 , 38.2317810058 , 18.65583
111.97 , 38.2317810058 , 18.66184
112.01 , 38.2317810058 , 18.66800
112.04 , 38.3403930664 , 18.67400
112.08 , 38.2317810058 , 18.68000
112.12 , 38.2317810058 , 18.68617
112.15 , 38.2317810058 , 18.69217
112.19 , 38.3403930664 , 18.69833
112.23 , 38.3403930664 , 18.70433
112.26 , 38.2317810058 , 18.71050
112.30 , 38.3403930664 , 18.71650
112.33 , 38.3403930664 , 18.72250
112.37 , 38.3403930664 , 18.72850
112.41 , 38.3403930664 , 18.73467
112.44 , 38.4490051269 , 18.74067
112.48 , 38.4490051269 , 18.74683
112.52 , 38.3403930664 , 18.75300
112.55 , 38.3403930664 , 18.75884
112.59 , 38.4490051269 , 18.76500
112.63 , 38.4490051269 , 18.77100
112.66 , 38.4490051269 , 18.77717
112.70 , 38.5576171875 , 18.78317
112.74 , 38.4490051269 , 18.78933
112.77 , 38.4490051269 , 18.79533
112.81 , 38.4490051269 , 18.80134
112.84 , 38.4490051269 , 18.80734
112.88 , 38.5576171875 , 18.81350
112.92 , 38.5576171875 , 18.81967
112.95 , 38.4490051269 , 18.82567
112.99 , 38.5576171875 , 18.83183
113.03 , 38.5576171875 , 18.83783
113.06 , 38.5576171875 , 18.84383
113.10 , 38.6662292480 , 18.84984
113.14 , 38.5576171875 , 18.85600
113.17 , 38.5576171875 , 18.86200
113.21 , 38.5576171875 , 18.86817
113.25 , 38.5576171875 , 18.87417
113.28 , 38.6662292480 , 18.88033
113.32 , 38.6662292480 , 18.88633
113.35 , 38.6662292480 , 18.89233
113.39 , 38.6662292480 , 18.89850
113.43 , 38.6662292480 , 18.90450
113.46 , 38.7748451232 , 18.91067
113.50 , 38.7748451232 , 18.91667
113.54 , 38.7748451232 , 18.92284
113.57 , 38.7748451232 , 18.92867
113.61 , 38.7748451232 , 18.93483
113.64 , 38.6662292480 , 18.94083
113.68 , 38.7748451232 , 18.94700
113.72 , 38.7748451232 , 18.95317
113.75 , 38.7748451232 , 18.95917
113.79 , 38.7748451232 , 18.96533
113.83 , 38.7748451232 , 18.97117
113.86 , 38.7748451232 , 18.97733
113.90 , 38.7748451232 , 18.98333
113.94 , 38.7748451232 , 18.98950
113.97 , 38.8834571838 , 18.99550
114.01 , 38.7748451232 , 19.00167
114.04 , 38.8834571838 , 19.00750
114.08 , 38.7748451232 , 19.01367
114.12 , 38.7748451232 , 19.01984
114.15 , 38.7748451232 , 19.02583
114.19 , 38.7748451232 , 19.03200
114.23 , 38.8834571838 , 19.03800
114.26 , 38.8834571838 , 19.04417
114.30 , 38.8834571838 , 19.05000
114.34 , 38.8834571838 , 19.05617
114.37 , 38.8834571838 , 19.06217
114.41 , 38.8834571838 , 19.06834
114.45 , 38.8834571838 , 19.07450
114.48 , 38.8834571838 , 19.08050
114.52 , 38.8834571838 , 19.08667
114.55 , 38.9920692443 , 19.09250
114.59 , 38.9920692443 , 19.09867
114.63 , 38.8834571838 , 19.10467
114.66 , 38.8834571838 , 19.11083
114.70 , 38.8834571838 , 19.11683
114.74 , 38.9920692443 , 19.12300
114.77 , 38.9920692443 , 19.12900
114.81 , 38.9920692443 , 19.13500
114.85 , 39.1006813049 , 19.14117
114.88 , 38.9920692443 , 19.14717
114.92 , 39.1006813049 , 19.15333
114.96 , 39.1006813049 , 19.15933
114.99 , 39.1006813049 , 19.16550
115.03 , 39.1006813049 , 19.17133
115.06 , 38.9920692443 , 19.17750
115.10 , 39.1006813049 , 19.18350
115.14 , 39.1006813049 , 19.18967
115.17 , 39.2092971801 , 19.19567
115.21 , 39.1006813049 , 19.20183
115.25 , 39.1006813049 , 19.20800
115.28 , 39.1006813049 , 19.21383
115.32 , 39.1006813049 , 19.22000
115.36 , 39.2092971801 , 19.22600
115.39 , 39.2092971801 , 19.23217
115.43 , 39.2092971801 , 19.23817
115.47 , 39.2092971801 , 19.24434
115.50 , 39.2092971801 , 19.25033
115.54 , 39.2092971801 , 19.25634
115.57 , 39.2092971801 , 19.26233
115.61 , 39.2092971801 , 19.26850
115.65 , 39.2092971801 , 19.27467
115.68 , 39.2092971801 , 19.28067
115.72 , 39.3179092407 , 19.28684
115.76 , 39.3179092407 , 19.29284
115.79 , 39.3179092407 , 19.29883
115.83 , 39.3179092407 , 19.30484
115.87 , 39.3179092407 , 19.31100
115.90 , 39.3179092407 , 19.31700
115.94 , 39.4265213012 , 19.32317
115.97 , 39.2092971801 , 19.32917
116.01 , 39.3179092407 , 19.33534
116.05 , 39.3179092407 , 19.34133
116.08 , 39.3179092407 , 19.34733
116.12 , 39.4265213012 , 19.35350
116.16 , 39.4265213012 , 19.35950
116.19 , 39.4265213012 , 19.36567
116.23 , 39.4265213012 , 19.37167
116.27 , 39.4265213012 , 19.37784
116.30 , 39.4265213012 , 19.38367
116.34 , 39.4265213012 , 19.38983
116.37 , 39.4265213012 , 19.39583
116.41 , 39.4265213012 , 19.40200
116.45 , 39.4265213012 , 19.40817
116.48 , 39.4265213012 , 19.41417
116.52 , 39.4265213012 , 19.42017
116.56 , 39.5351333618 , 19.42617
116.59 , 39.5351333618 , 19.43234
116.63 , 39.5351333618 , 19.43833
116.67 , 39.4265213012 , 19.44450
116.70 , 39.5351333618 , 19.45050
116.74 , 39.5351333618 , 19.45667
116.78 , 39.4265213012 , 19.46267
116.81 , 39.5351333618 , 19.46867
116.85 , 39.4265213012 , 19.47484
116.88 , 39.5351333618 , 19.48084
116.92 , 39.5351333618 , 19.48700
116.96 , 39.5351333618 , 19.49300
117.00 , 39.6437454223 , 19.49917
117.03 , 39.5351333618 , 19.50500
117.07 , 39.6437454223 , 19.51117
117.10 , 39.6437454223 , 19.51717
117.14 , 39.6437454223 , 19.52334
117.18 , 39.6437454223 , 19.52950
117.21 , 39.6437454223 , 19.53550
117.25 , 39.6437454223 , 19.54167
117.29 , 39.6437454223 , 19.54750
117.32 , 39.6437454223 , 19.55367
117.36 , 39.6437454223 , 19.55967
117.39 , 39.7523612976 , 19.56583
117.43 , 39.7523612976 , 19.57184
117.47 , 39.7523612976 , 19.57800
117.50 , 39.7523612976 , 19.58400
117.54 , 39.7523612976 , 19.59000
117.58 , 39.7523612976 , 19.59617
117.61 , 39.6437454223 , 19.60217
117.65 , 39.8609733581 , 19.60833
117.69 , 39.7523612976 , 19.61433
117.72 , 39.7523612976 , 19.62050
117.76 , 39.7523612976 , 19.62634
117.79 , 39.8609733581 , 19.63250
117.83 , 39.8609733581 , 19.63850
117.87 , 39.8609733581 , 19.64467
117.90 , 39.8609733581 , 19.65067
117.94 , 39.8609733581 , 19.65683
117.98 , 39.8609733581 , 19.66300
118.01 , 39.8609733581 , 19.66884
118.05 , 39.8609733581 , 19.67500
118.09 , 39.8609733581 , 19.68100
118.12 , 39.8609733581 , 19.68717
118.16 , 39.9695854187 , 19.69317
118.20 , 39.9695854187 , 19.69933
118.23 , 39.9695854187 , 19.70533
118.27 , 39.9695854187 , 19.71133
118.30 , 39.9695854187 , 19.71734
118.34 , 39.9695854187 , 19.72350
118.38 , 39.9695854187 , 19.72967
118.41 , 39.9695854187 , 19.73567
118.45 , 39.9695854187 , 19.74183
118.49 , 40.0781974792 , 19.74783
118.52 , 39.9695854187 , 19.75383
118.56 , 40.0781974792 , 19.75984
118.60 , 39.9695854187 , 19.76600
118.63 , 39.9695854187 , 19.77200
118.67 , 40.0781974792 , 19.77817
118.70 , 40.0781974792 , 19.78417
118.74 , 40.0781974792 , 19.79033
118.78 , 39.9695854187 , 19.79633
118.81 , 40.0781974792 , 19.80233
118.85 , 40.0781974792 , 19.80850
118.89 , 40.0781974792 , 19.81450
118.92 , 39.9695854187 , 19.82067
118.96 , 40.0781974792 , 19.82667
119.00 , 40.1868133544 , 19.83267
119.03 , 40.0781974792 , 19.83867
119.07 , 40.1868133544 , 19.84483
119.11 , 40.0781974792 , 19.85100
119.14 , 40.0781974792 , 19.85700
119.18 , 40.1868133544 , 19.86317
119.21 , 40.1868133544 , 19.86917
119.25 , 40.1868133544 , 19.87517
119.29 , 40.1868133544 , 19.88117
119.32 , 40.1868133544 , 19.88733
119.36 , 40.1868133544 , 19.89333
119.40 , 40.1868133544 , 19.89950
119.43 , 40.1868133544 , 19.90550
119.47 , 40.1868133544 , 19.91167
119.51 , 40.2954254150 , 19.91767
119.54 , 40.1868133544 , 19.92367
119.58 , 40.1868133544 , 19.92984
119.61 , 40.1868133544 , 19.93583
119.65 , 40.2954254150 , 19.94200
119.69 , 40.1868133544 , 19.94800
119.72 , 40.1868133544 , 19.95417
119.76 , 40.2954254150 , 19.96000
119.80 , 40.1868133544 , 19.96617
119.83 , 40.2954254150 , 19.97217
119.87 , 40.2954254150 , 19.97834
119.91 , 40.2954254150 , 19.98450
119.94 , 40.4040374755 , 19.99050
119.98 , 40.2954254150 , 19.99667
120.01 , 40.2954254150 , 20.00250
120.05 , 40.4040374755 , 20.00867
120.09 , 40.4040374755 , 20.01467
120.12 , 40.4040374755 , 20.02083
120.16 , 40.5126495361 , 20.02684
120.20 , 40.4040374755 , 20.03300
120.23 , 40.4040374755 , 20.03883
120.27 , 40.5126495361 , 20.04500
120.31 , 40.5126495361 , 20.05117
120.34 , 40.4040374755 , 20.05717
120.38 , 40.4040374755 , 20.06333
120.42 , 40.5126495361 , 20.06933
120.45 , 40.5126495361 , 20.07550
120.49 , 40.5126495361 , 20.08133
120.52 , 40.5126495361 , 20.08750
120.56 , 40.5126495361 , 20.09350
120.60 , 40.5126495361 , 20.09967
120.63 , 40.6212615966 , 20.10567
120.67 , 40.5126495361 , 20.11183
120.71 , 40.6212615966 , 20.11800
120.74 , 40.5126495361 , 20.12383
120.78 , 40.5126495361 , 20.13000
120.82 , 40.6212615966 , 20.13600
120.85 , 40.5126495361 , 20.14217
120.89 , 40.5126495361 , 20.14817
120.93 , 40.5126495361 , 20.15434
120.96 , 40.6212615966 , 20.16033
121.00 , 40.6212615966 , 20.16633
121.03 , 40.6212615966 , 20.17233
121.07 , 40.6212615966 , 20.17850
121.11 , 40.6212615966 , 20.18467
121.14 , 40.6212615966 , 20.19067
121.18 , 40.6212615966 , 20.19684
121.22 , 40.7298774719 , 20.20284
121.25 , 40.6212615966 , 20.20883
121.29 , 40.6212615966 , 20.21483
121.33 , 40.7298774719 , 20.22100
121.36 , 40.7298774719 , 20.22700
121.40 , 40.6212615966 , 20.23317
121.44 , 40.7298774719 , 20.23933
121.47 , 40.6212615966 , 20.24534
121.51 , 40.7298774719 , 20.25134
121.54 , 40.6212615966 , 20.25733
121.58 , 40.7298774719 , 20.26350
121.62 , 40.7298774719 , 20.26950
121.65 , 40.8384895324 , 20.27567
121.69 , 40.7298774719 , 20.28167
121.73 , 40.7298774719 , 20.28767
121.76 , 40.7298774719 , 20.29367
121.80 , 40.8384895324 , 20.29984
121.84 , 40.8384895324 , 20.30600
121.87 , 40.8384895324 , 20.31200
121.91 , 40.8384895324 , 20.31817
121.94 , 40.8384895324 , 20.32417
121.98 , 40.8384895324 , 20.33017
122.02 , 40.7298774719 , 20.33617
122.05 , 40.7298774719 , 20.34234
122.09 , 40.8384895324 , 20.34833
122.13 , 40.9471015930 , 20.35450
122.16 , 40.8384895324 , 20.36050
122.20 , 40.8384895324 , 20.36667
122.24 , 40.9471015930 , 20.37267
122.27 , 40.8384895324 , 20.37867
122.31 , 40.9471015930 , 20.38484
122.34 , 41.0557136535 , 20.39084
122.38 , 40.9471015930 , 20.39700
122.42 , 40.9471015930 , 20.40300
122.45 , 40.9471015930 , 20.40917
122.49 , 40.9471015930 , 20.41500
122.53 , 40.9471015930 , 20.42117
122.56 , 41.0557136535 , 20.42717
122.60 , 41.0557136535 , 20.43334
122.64 , 40.9471015930 , 20.43950
122.67 , 41.0557136535 , 20.44550
122.71 , 41.0557136535 , 20.45167
122.75 , 41.1643295288 , 20.45750
122.78 , 41.0557136535 , 20.46367
122.82 , 41.0557136535 , 20.46967
122.86 , 41.0557136535 , 20.47583
122.89 , 41.0557136535 , 20.48184
122.93 , 41.0557136535 , 20.48800
122.96 , 41.0557136535 , 20.49383
123.00 , 41.1643295288 , 20.50000
123.04 , 41.0557136535 , 20.50617
123.07 , 41.1643295288 , 20.51217
123.11 , 41.1643295288 , 20.51833
123.15 , 41.1643295288 , 20.52433
123.18 , 41.1643295288 , 20.53050
123.22 , 41.1643295288 , 20.53634
123.25 , 41.1643295288 , 20.54250
123.29 , 41.1643295288 , 20.54850
123.33 , 41.1643295288 , 20.55467
123.36 , 41.1643295288 , 20.56067
123.40 , 41.1643295288 , 20.56683
123.44 , 41.1643295288 , 20.57300
123.47 , 41.1643295288 , 20.57884
123.51 , 41.1643295288 , 20.58500
123.55 , 41.1643295288 , 20.59100
123.58 , 41.2729415893 , 20.59717
123.62 , 41.1643295288 , 20.60317
123.66 , 41.1643295288 , 20.60933
123.69 , 41.1643295288 , 20.61533
123.73 , 41.2729415893 , 20.62133
123.76 , 41.2729415893 , 20.62750
123.80 , 41.2729415893 , 20.63350
123.84 , 41.2729415893 , 20.63967
123.87 , 41.3815536499 , 20.64567
123.91 , 41.2729415893 , 20.65184
123.95 , 41.2729415893 , 20.65783
123.98 , 41.2729415893 , 20.66383
124.02 , 41.2729415893 , 20.66983
124.06 , 41.2729415893 , 20.67600
124.09 , 41.2729415893 , 20.68200
124.13 , 41.2729415893 , 20.68817
124.17 , 41.3815536499 , 20.69433
124.20 , 41.3815536499 , 20.70017
124.24 , 41.2729415893 , 20.70633
124.27 , 41.3815536499 , 20.71233
124.31 , 41.3815536499 , 20.71850
124.35 , 41.3815536499 , 20.72450
124.38 , 41.3815536499 , 20.73067
124.42 , 41.3815536499 , 20.73667
124.46 , 41.3815536499 , 20.74267
124.49 , 41.3815536499 , 20.74867
124.53 , 41.4901657104 , 20.75483
124.57 , 41.3815536499 , 20.76100
124.60 , 41.3815536499 , 20.76700
124.64 , 41.4901657104 , 20.77317
124.68 , 41.4901657104 , 20.77917
124.71 , 41.4901657104 , 20.78517
124.75 , 41.4901657104 , 20.79117
124.78 , 41.4901657104 , 20.79733
124.82 , 41.4901657104 , 20.80333
124.86 , 41.4901657104 , 20.80950
124.89 , 41.5987777709 , 20.81550
124.93 , 41.5987777709 , 20.82167
124.97 , 41.5987777709 , 20.82767
125.00 , 41.5987777709 , 20.83367
125.04 , 41.4901657104 , 20.83983
125.07 , 41.5987777709 , 20.84583
125.11 , 41.5987777709 , 20.85200
125.15 , 41.5987777709 , 20.85800
125.18 , 41.5987777709 , 20.86417
125.22 , 41.5987777709 , 20.87000
125.26 , 41.7073936462 , 20.87617
125.29 , 41.5987777709 , 20.88217
125.33 , 41.7073936462 , 20.88833
125.37 , 41.7073936462 , 20.89450
125.40 , 41.5987777709 , 20.90050
125.44 , 41.7073936462 , 20.90667
125.47 , 41.7073936462 , 20.91250
125.51 , 41.7073936462 , 20.91867
125.55 , 41.7073936462 , 20.92467
125.58 , 41.7073936462 , 20.93083
125.62 , 41.7073936462 , 20.93684
125.66 , 41.7073936462 , 20.94300
125.69 , 41.7073936462 , 20.94883
125.73 , 41.8160057067 , 20.95500
125.77 , 41.7073936462 , 20.96117
125.80 , 41.7073936462 , 20.96717
125.84 , 41.7073936462 , 20.97333
125.88 , 41.7073936462 , 20.97933
125.91 , 41.8160057067 , 20.98550
125.95 , 41.8160057067 , 20.99133
125.98 , 41.8160057067 , 20.99750
126.02 , 41.8160057067 , 21.00350
126.06 , 41.8160057067 , 21.00967
126.09 , 41.8160057067 , 21.01584
126.13 , 41.8160057067 , 21.02183
126.17 , 41.9246177673 , 21.02800
126.20 , 41.8160057067 , 21.03384
126.24 , 41.8160057067 , 21.04000
126.28 , 41.8160057067 , 21.04600
126.31 , 41.9246177673 , 21.05217
126.35 , 41.9246177673 , 21.05817
126.39 , 41.9246177673 , 21.06434
126.42 , 41.9246177673 , 21.07033
126.46 , 41.9246177673 , 21.07633
126.50 , 41.9246177673 , 21.08250
126.53 , 41.9246177673 , 21.08850
126.57 , 41.8160057067 , 21.09467
126.60 , 41.9246177673 , 21.10067
126.64 , 41.9246177673 , 21.10684
126.68 , 41.9246177673 , 21.11267
126.71 , 41.9246177673 , 21.11883
126.75 , 41.9246177673 , 21.12483
126.79 , 41.9246177673 , 21.13100
126.82 , 42.0332298278 , 21.13700
126.86 , 42.0332298278 , 21.14317
126.90 , 42.0332298278 , 21.14933
126.93 , 42.0332298278 , 21.15517
126.97 , 42.0332298278 , 21.16134
127.00 , 42.0332298278 , 21.16733
127.04 , 42.0332298278 , 21.17350
127.08 , 42.0332298278 , 21.17950
127.11 , 42.0332298278 , 21.18567
127.15 , 42.0332298278 , 21.19167
127.19 , 42.1418457031 , 21.19767
127.22 , 42.1418457031 , 21.20367
127.26 , 42.1418457031 , 21.20984
127.30 , 42.0332298278 , 21.21600
127.33 , 42.1418457031 , 21.22200
127.37 , 42.0332298278 , 21.22817
127.40 , 42.0332298278 , 21.23417
127.44 , 42.1418457031 , 21.24017
127.48 , 42.1418457031 , 21.24617
127.51 , 42.1418457031 , 21.25234
127.55 , 42.1418457031 , 21.25834
127.59 , 42.1418457031 , 21.26450
127.62 , 42.1418457031 , 21.27050
127.66 , 42.1418457031 , 21.27667
127.70 , 42.2504615783 , 21.28267
127.73 , 42.2504615783 , 21.28867
127.77 , 42.2504615783 , 21.29483
127.80 , 42.2504615783 , 21.30084
127.84 , 42.2504615783 , 21.30700
127.88 , 42.2504615783 , 21.31300
127.91 , 42.2504615783 , 21.31917
127.95 , 42.2504615783 , 21.32500
127.99 , 42.2504615783 , 21.33117
128.02 , 42.3590736389 , 21.33717
128.06 , 42.3590736389 , 21.34333
128.10 , 42.2504615783 , 21.34950
128.13 , 42.3590736389 , 21.35550
128.17 , 42.2504615783 , 21.36150
128.21 , 42.3590736389 , 21.36750
128.24 , 42.3590736389 , 21.37367
128.28 , 42.3590736389 , 21.37967
128.32 , 42.3590736389 , 21.38583
128.35 , 42.3590736389 , 21.39183
128.39 , 42.3590736389 , 21.39800
128.42 , 42.3590736389 , 21.40400
128.46 , 42.3590736389 , 21.41000
128.50 , 42.3590736389 , 21.41617
128.53 , 42.4676895141 , 21.42217
128.57 , 42.4676895141 , 21.42834
128.61 , 42.3590736389 , 21.43433
128.64 , 42.3590736389 , 21.44050
128.68 , 42.4676895141 , 21.44633
128.72 , 42.3590736389 , 21.45250
128.75 , 42.4676895141 , 21.45850
128.79 , 42.4676895141 , 21.46467
128.83 , 42.4676895141 , 21.47083
128.86 , 42.4676895141 , 21.47683
128.90 , 42.4676895141 , 21.48300
128.93 , 42.4676895141 , 21.48884
128.97 , 42.4676895141 , 21.49500
129.01 , 42.5763015747 , 21.50100
129.04 , 42.4676895141 , 21.50717
129.08 , 42.4676895141 , 21.51317
129.12 , 42.4676895141 , 21.51933
129.15 , 42.5763015747 , 21.52533
129.19 , 42.4676895141 , 21.53133
129.23 , 42.5763015747 , 21.53750
129.26 , 42.4676895141 , 21.54350
129.30 , 42.5763015747 , 21.54967
129.33 , 42.5763015747 , 21.55567
129.37 , 42.5763015747 , 21.56184
129.41 , 42.6849136352 , 21.56767