2.67 , 0.0000000000 , 0.44533
2.71 , 0.0000000000 , 0.45083
2.74 , 0.0000000000 , 0.45617
2.77 , 0.1086129074 , 0.46150
2.80 , 0.1086129074 , 0.46683
2.83 , 0.1086129074 , 0.47233
2.87 , 0.1086129074 , 0.47767
2.90 , 0.1086129074 , 0.48300
2.93 , 0.2172258138 , 0.48833
2.96 , 0.2172258138 , 0.49383
3.00 , 0.2172258138 , 0.49917
3.03 , 0.2172258138 , 0.50450
3.06 , 0.2172258138 , 0.50983
3.09 , 0.2172258138 , 0.51517
3.12 , 0.2172258138 , 0.52067
3.16 , 0.2172258138 , 0.52583
3.19 , 0.3258387088 , 0.53133
3.22 , 0.2172258138 , 0.53667
3.25 , 0.3258387088 , 0.54217
3.28 , 0.3258387088 , 0.54733
3.32 , 0.4344516277 , 0.55283
3.35 , 0.5430645465 , 0.55817
3.38 , 0.5430645465 , 0.56367
3.41 , 0.5430645465 , 0.56900
3.45 , 0.4344516277 , 0.57433
3.48 , 0.4344516277 , 0.57967
3.51 , 0.5430645465 , 0.58517
3.54 , 0.5430645465 , 0.59050
3.58 , 0.5430645465 , 0.59583
3.61 , 0.5430645465 , 0.60117
3.64 , 0.5430645465 , 0.60667
3.67 , 0.6516774177 , 0.61200
3.70 , 0.5430645465 , 0.61733
3.74 , 0.4344516277 , 0.62267
3.77 , 0.4344516277 , 0.62817
3.80 , 0.5430645465 , 0.63350
3.83 , 0.5430645465 , 0.63883
3.87 , 0.6516774177 , 0.64417
3.90 , 0.6516774177 , 0.64967
3.93 , 0.6516774177 , 0.65500
3.96 , 0.6516774177 , 0.66033
3.99 , 0.6516774177 , 0.66567
4.03 , 0.7602903366 , 0.67117
4.06 , 0.6516774177 , 0.67650
4.09 , 0.8689032554 , 0.68183
4.12 , 0.7602903366 , 0.68717
4.16 , 0.7602903366 , 0.69250
4.19 , 0.7602903366 , 0.69800
4.22 , 0.7602903366 , 0.70317
4.25 , 0.5430645465 , 0.70867
4.28 , 0.6516774177 , 0.71400
4.32 , 0.7602903366 , 0.71950
4.35 , 0.6516774177 , 0.72467
4.38 , 0.7602903366 , 0.73017
4.41 , 0.8689032554 , 0.73550
4.45 , 0.8689032554 , 0.74100
4.48 , 0.8689032554 , 0.74617
4.51 , 0.8689032554 , 0.75167
4.54 , 0.9775160789 , 0.75700
4.57 , 0.8689032554 , 0.76250
4.61 , 0.8689032554 , 0.76767
4.64 , 0.9775160789 , 0.77317
4.67 , 0.9775160789 , 0.77850
4.70 , 0.9775160789 , 0.78400
4.74 , 0.9775160789 , 0.78933
4.77 , 0.9775160789 , 0.79467
4.80 , 0.9775160789 , 0.80000
4.83 , 1.0861290740 , 0.80550
4.86 , 0.9775160789 , 0.81083
4.90 , 0.9775160789 , 0.81617
4.93 , 0.9775160789 , 0.82150
4.96 , 0.9775160789 , 0.82700
4.99 , 0.9775160789 , 0.83233
5.03 , 1.0861290740 , 0.83767
5.06 , 0.8689032554 , 0.84300
5.09 , 1.0861290740 , 0.84850
5.12 , 1.0861290740 , 0.85383
5.15 , 1.0861290740 , 0.85900
5.19 , 1.1947419643 , 0.86450
5.22 , 1.0861290740 , 0.86983
5.25 , 1.1947419643 , 0.87533
5.28 , 1.1947419643 , 0.88050
5.32 , 1.1947419643 , 0.88600
5.35 , 1.1947419643 , 0.89133
5.38 , 1.3033561706 , 0.89683
5.41 , 1.1947419643 , 0.90200
5.45 , 1.1947419643 , 0.90750
5.48 , 1.1947419643 , 0.91283
5.51 , 1.3033561706 , 0.91833
5.54 , 1.3033561706 , 0.92350
5.57 , 1.3033561706 , 0.92900
5.61 , 1.3033561706 , 0.93433
5.64 , 1.3033561706 , 0.93983
5.67 , 1.3033561706 , 0.94500
5.70 , 1.3033561706 , 0.95050
5.74 , 1.3033561706 , 0.95583
5.77 , 1.4119690895 , 0.96133
5.80 , 1.4119690895 , 0.96650
5.83 , 1.4119690895 , 0.97200
5.86 , 1.4119690895 , 0.97733
5.90 , 1.4119690895 , 0.98283
5.93 , 1.4119690895 , 0.98800
5.96 , 1.4119690895 , 0.99350
5.99 , 1.4119690895 , 0.99883
6.03 , 1.5205819606 , 1.00433
6.06 , 1.5205819606 , 1.00950
6.09 , 1.5205819606 , 1.01500
6.12 , 1.5205819606 , 1.02033
6.16 , 1.4119690895 , 1.02583
6.19 , 1.5205819606 , 1.03117
6.22 , 1.5205819606 , 1.03633
6.25 , 1.4119690895 , 1.04183
6.28 , 1.5205819606 , 1.04717
6.32 , 1.5205819606 , 1.05267
6.35 , 1.5205819606 , 1.05783
6.38 , 1.5205819606 , 1.06333
6.41 , 1.5205819606 , 1.06867
6.45 , 1.6291948318 , 1.07417
6.48 , 1.6291948318 , 1.07933
6.51 , 1.5205819606 , 1.08483
6.54 , 1.5205819606 , 1.09017
6.57 , 1.5205819606 , 1.09567
6.61 , 1.6291948318 , 1.10083
6.64 , 1.6291948318 , 1.10633
6.67 , 1.6291948318 , 1.11167
6.70 , 1.7378077507 , 1.11717
6.73 , 1.7378077507 , 1.12233
6.77 , 1.7378077507 , 1.12783
6.80 , 1.7378077507 , 1.13317
6.83 , 1.6291948318 , 1.13867
6.86 , 1.6291948318 , 1.14383
6.90 , 1.7378077507 , 1.14933
6.93 , 1.6291948318 , 1.15467
6.96 , 1.8464206695 , 1.16017
6.99 , 1.7378077507 , 1.16533
7.03 , 1.7378077507 , 1.17083
7.06 , 1.8464206695 , 1.17617
7.09 , 1.8464206695 , 1.18167
7.12 , 1.8464206695 , 1.18683
7.15 , 1.8464206695 , 1.19233
7.19 , 1.8464206695 , 1.19767
7.22 , 1.8464206695 , 1.20300
7.25 , 1.8464206695 , 1.20833
7.28 , 1.9550334930 , 1.21367
7.32 , 1.9550334930 , 1.21917
7.35 , 1.9550334930 , 1.22450
7.38 , 1.9550334930 , 1.22983
7.41 , 1.9550334930 , 1.23517
7.44 , 1.9550334930 , 1.24067
7.48 , 1.9550334930 , 1.24600
7.51 , 1.9550334930 , 1.25133
7.54 , 1.9550334930 , 1.25667
7.57 , 2.0636465549 , 1.26217
7.61 , 2.0636465549 , 1.26750
7.64 , 2.0636465549 , 1.27300
7.67 , 2.0636465549 , 1.27817
7.70 , 2.1722593307 , 1.28367
7.73 , 2.0636465549 , 1.28900
7.77 , 2.2808723449 , 1.29450
7.80 , 2.0636465549 , 1.29967
7.83 , 2.0636465549 , 1.30517
7.86 , 2.1722593307 , 1.31050
7.90 , 2.1722593307 , 1.31600
7.93 , 2.1722593307 , 1.32117
7.96 , 2.1722593307 , 1.32667
7.99 , 2.1722593307 , 1.33200
8.02 , 2.1722593307 , 1.33750
8.06 , 2.1722593307 , 1.34267
8.09 , 2.1722593307 , 1.34817
8.12 , 2.2808723449 , 1.35350
8.15 , 2.2808723449 , 1.35900
8.19 , 2.2808723449 , 1.36417
8.22 , 2.2808723449 , 1.36967
8.25 , 2.1722593307 , 1.37500
8.28 , 2.2808723449 , 1.38033
8.31 , 2.2808723449 , 1.38567
8.35 , 2.3894851207 , 1.39100
8.38 , 2.3894851207 , 1.39650
8.41 , 2.3894851207 , 1.40183
8.44 , 2.3894851207 , 1.40717
8.48 , 2.3894851207 , 1.41250
8.51 , 2.3894851207 , 1.41800
8.54 , 2.3894851207 , 1.42333
8.57 , 2.3894851207 , 1.42867
8.60 , 2.3894851207 , 1.43400
8.64 , 2.4980981349 , 1.43950
8.67 , 2.3894851207 , 1.44483
8.70 , 2.3894851207 , 1.45017
8.73 , 2.4980981349 , 1.45550
8.77 , 2.4980981349 , 1.46100
8.80 , 2.4980981349 , 1.46633
8.83 , 2.4980981349 , 1.47167
8.86 , 2.4980981349 , 1.47700
8.90 , 2.4980981349 , 1.48250
8.93 , 2.4980981349 , 1.48783
8.96 , 2.4980981349 , 1.49333
8.99 , 2.4980981349 , 1.49850
9.02 , 2.6067109107 , 1.50400
9.06 , 2.4980981349 , 1.50933
9.09 , 2.6067109107 , 1.51483
9.12 , 2.6067109107 , 1.52000
9.15 , 2.7153253555 , 1.52550
9.19 , 2.7153253555 , 1.53083
9.22 , 2.6067109107 , 1.53633
9.25 , 2.6067109107 , 1.54150
9.28 , 2.7153253555 , 1.54683
9.31 , 2.7153253555 , 1.55233
9.35 , 2.7153253555 , 1.55767
9.38 , 2.7153253555 , 1.56300
9.41 , 2.8239381790 , 1.56833
9.44 , 2.7153253555 , 1.57383
9.48 , 2.8239381790 , 1.57917
9.51 , 2.8239381790 , 1.58450
9.54 , 2.8239381790 , 1.58983
9.57 , 2.8239381790 , 1.59533
9.60 , 2.8239381790 , 1.60067
9.64 , 2.8239381790 , 1.60600
9.67 , 2.9325511932 , 1.61133
9.70 , 2.8239381790 , 1.61683
9.73 , 2.9325511932 , 1.62217
9.77 , 2.9325511932 , 1.62750
9.80 , 2.9325511932 , 1.63283
9.83 , 2.9325511932 , 1.63833
9.86 , 2.9325511932 , 1.64367
9.89 , 2.9325511932 , 1.64900
9.93 , 2.9325511932 , 1.65433
9.96 , 3.0411639213 , 1.65983
9.99 , 2.9325511932 , 1.66517
10.02 , 2.9325511932 , 1.67050
10.06 , 3.0411639213 , 1.67600
10.09 , 2.9325511932 , 1.68167
10.12 , 3.0411639213 , 1.68717
10.16 , 2.9325511932 , 1.69283
10.19 , 2.9325511932 , 1.69817
10.22 , 2.8239381790 , 1.70383
10.26 , 2.8239381790 , 1.70933
10.29 , 2.9325511932 , 1.71500
10.32 , 2.9325511932 , 1.72033
10.36 , 2.9325511932 , 1.72600
10.39 , 2.9325511932 , 1.73150
10.42 , 3.1497769355 , 1.73717
10.46 , 3.2583897113 , 1.74267
10.49 , 3.1497769355 , 1.74817
10.52 , 3.1497769355 , 1.75367
10.56 , 3.1497769355 , 1.75933
10.59 , 3.1497769355 , 1.76483
10.62 , 3.2583897113 , 1.77033
10.65 , 3.2583897113 , 1.77583
10.69 , 3.2583897113 , 1.78150
10.72 , 3.2583897113 , 1.78700
10.76 , 3.2583897113 , 1.79267
10.79 , 3.2583897113 , 1.79800
10.82 , 3.2583897113 , 1.80367
10.85 , 3.3670027256 , 1.80917
10.89 , 3.2583897113 , 1.81483
10.92 , 3.2583897113 , 1.82017
10.96 , 3.2583897113 , 1.82583
10.99 , 3.2583897113 , 1.83133
11.02 , 3.2583897113 , 1.83700
11.06 , 3.2583897113 , 1.84250
11.09 , 3.3670027256 , 1.84800
11.12 , 3.3670027256 , 1.85350
11.15 , 3.3670027256 , 1.85917
11.19 , 3.4756155014 , 1.86467
11.22 , 3.4756155014 , 1.87033
11.25 , 3.3670027256 , 1.87567
11.29 , 3.3670027256 , 1.88133
11.32 , 3.4756155014 , 1.88683
11.35 , 3.4756155014 , 1.89250
11.39 , 3.4756155014 , 1.89783
11.42 , 3.4756155014 , 1.90350
11.45 , 3.4756155014 , 1.90900
11.49 , 3.4756155014 , 1.91467
11.52 , 3.4756155014 , 1.92017
11.55 , 3.4756155014 , 1.92567
11.59 , 3.4756155014 , 1.93117
11.62 , 3.5842285156 , 1.93683
11.65 , 3.5842285156 , 1.94233
11.69 , 3.5842285156 , 1.94783
11.72 , 3.5842285156 , 1.95333
11.75 , 3.5842285156 , 1.95900
11.79 , 3.6928412914 , 1.96450
11.82 , 3.5842285156 , 1.97017
11.85 , 3.6928412914 , 1.97550
11.89 , 3.6928412914 , 1.98117
11.92 , 3.6928412914 , 1.98667
11.95 , 3.6928412914 , 1.99233
11.99 , 3.6928412914 , 1.99767
12.02 , 3.6928412914 , 2.00333
12.05 , 3.8014543533 , 2.00883
12.09 , 3.8014543533 , 2.01450
12.12 , 3.6928412914 , 2.02000
12.15 , 3.8014543533 , 2.02550
12.19 , 3.8014543533 , 2.03100
12.22 , 3.9100670814 , 2.03667
12.25 , 3.8014543533 , 2.04217
12.29 , 3.8014543533 , 2.04767
12.32 , 3.8014543533 , 2.05317
12.35 , 3.9100670814 , 2.05883
12.39 , 3.9100670814 , 2.06433
12.42 , 3.9100670814 , 2.07000
12.45 , 4.0186800956 , 2.07533
12.49 , 4.0186800956 , 2.08100
12.52 , 3.9100670814 , 2.08650
12.55 , 3.9100670814 , 2.09217
12.59 , 4.0186800956 , 2.09750
12.62 , 4.0186800956 , 2.10317
12.65 , 4.0186800956 , 2.10867
12.69 , 4.0186800956 , 2.11433
12.72 , 4.0186800956 , 2.11983
12.75 , 4.0186800956 , 2.12533
12.78 , 4.0186800956 , 2.13083
12.82 , 4.0186800956 , 2.13650
12.85 , 4.1272945404 , 2.14200
12.89 , 4.1272945404 , 2.14767
12.92 , 4.0186800956 , 2.15300
12.95 , 4.1272945404 , 2.15867
12.98 , 4.1272945404 , 2.16417
13.02 , 4.2359070777 , 2.16983
13.05 , 4.1272945404 , 2.17517
13.09 , 4.2359070777 , 2.18083
13.12 , 4.1272945404 , 2.18633
13.15 , 4.1272945404 , 2.19200
13.19 , 4.1272945404 , 2.19750
13.22 , 4.1272945404 , 2.20300
13.25 , 4.2359070777 , 2.20850
13.28 , 4.1272945404 , 2.21417
13.32 , 4.2359070777 , 2.21967
13.35 , 4.3445200920 , 2.22517
13.38 , 4.2359070777 , 2.23067
13.42 , 4.2359070777 , 2.23633
13.45 , 4.1272945404 , 2.24183
13.48 , 4.2359070777 , 2.24750
13.52 , 4.2359070777 , 2.25283
13.55 , 4.3445200920 , 2.25850
13.58 , 4.2359070777 , 2.26400
13.62 , 4.3445200920 , 2.26967
13.65 , 4.3445200920 , 2.27500
13.68 , 4.4531331062 , 2.28067
13.72 , 4.2359070777 , 2.28617
13.75 , 4.2359070777 , 2.29183
13.78 , 4.2359070777 , 2.29733
13.82 , 4.2359070777 , 2.30283
13.85 , 4.4531331062 , 2.30833
13.88 , 4.2359070777 , 2.31400
13.92 , 4.2359070777 , 2.31950
13.95 , 4.3445200920 , 2.32500
13.98 , 4.4531331062 , 2.33050
14.02 , 4.4531331062 , 2.33617
14.05 , 4.3445200920 , 2.34167
14.08 , 4.4531331062 , 2.34733
14.12 , 4.4531331062 , 2.35267
14.15 , 4.4531331062 , 2.35833
14.18 , 4.5617461204 , 2.36383
14.22 , 4.5617461204 , 2.36950
14.25 , 4.4531331062 , 2.37483
14.28 , 4.5617461204 , 2.38050
14.32 , 4.5617461204 , 2.38600
14.35 , 4.5617461204 , 2.39167
14.38 , 4.6703586578 , 2.39717
14.42 , 4.7789716720 , 2.40267
14.45 , 4.7789716720 , 2.40817
14.48 , 4.7789716720 , 2.41383
14.52 , 4.6703586578 , 2.41933
14.55 , 4.6703586578 , 2.42500
14.58 , 4.6703586578 , 2.43033
14.62 , 4.7789716720 , 2.43600
14.65 , 4.6703586578 , 2.44150
14.68 , 4.6703586578 , 2.44717
14.72 , 4.6703586578 , 2.45250
14.75 , 4.7789716720 , 2.45817
14.78 , 4.7789716720 , 2.46367
14.82 , 4.7789716720 , 2.46933
14.85 , 4.6703586578 , 2.47483
14.88 , 4.6703586578 , 2.48033
14.92 , 4.7789716720 , 2.48583
14.95 , 4.6703586578 , 2.49150
14.98 , 4.7789716720 , 2.49700
15.02 , 4.7789716720 , 2.50250
15.05 , 4.8875846862 , 2.50800
15.08 , 4.7789716720 , 2.51367
15.11 , 4.8875846862 , 2.51917
15.15 , 4.8875846862 , 2.52483
15.18 , 4.9961977005 , 2.53017
15.22 , 4.8875846862 , 2.53583
15.25 , 4.7789716720 , 2.54133
15.28 , 4.8875846862 , 2.54700
15.31 , 4.9961977005 , 2.55233
15.35 , 4.9961977005 , 2.55800
15.38 , 4.8875846862 , 2.56350
15.42 , 4.9961977005 , 2.56917
15.45 , 4.9961977005 , 2.57467
15.48 , 5.1048102378 , 2.58017
15.51 , 5.1048102378 , 2.58567
15.55 , 4.9961977005 , 2.59133
15.58 , 4.9961977005 , 2.59683
15.61 , 4.9961977005 , 2.60233
15.65 , 5.1048102378 , 2.60783
15.68 , 4.9961977005 , 2.61350
15.71 , 5.1048102378 , 2.61900
15.75 , 5.2134232521 , 2.62467
15.78 , 4.9961977005 , 2.63000
15.81 , 5.1048102378 , 2.63567
15.85 , 4.9961977005 , 2.64117
15.88 , 5.1048102378 , 2.64683
15.91 , 4.9961977005 , 2.65217
15.95 , 5.2134232521 , 2.65783
15.98 , 5.2134232521 , 2.66333
16.01 , 5.1048102378 , 2.66900
16.05 , 5.2134232521 , 2.67450
16.08 , 5.1048102378 , 2.68000
16.11 , 5.2134232521 , 2.68550
16.15 , 5.1048102378 , 2.69117
16.18 , 5.2134232521 , 2.69667
16.21 , 5.2134232521 , 2.70233
16.25 , 5.3220362663 , 2.70767
16.28 , 5.3220362663 , 2.71333
16.31 , 5.3220362663 , 2.71883
16.35 , 5.4306507110 , 2.72450
16.38 , 5.2134232521 , 2.72983
16.41 , 5.3220362663 , 2.73550
16.45 , 5.3220362663 , 2.74100
16.48 , 5.4306507110 , 2.74667
16.51 , 5.4306507110 , 2.75217
16.55 , 5.4306507110 , 2.75767
16.58 , 5.5392632484 , 2.76317
16.61 , 5.5392632484 , 2.76883
16.65 , 5.5392632484 , 2.77433
16.68 , 5.5392632484 , 2.77983
16.71 , 5.6478762626 , 2.78533
16.75 , 5.5392632484 , 2.79100
16.78 , 5.6478762626 , 2.79650
16.81 , 5.6478762626 , 2.80217
16.84 , 5.6478762626 , 2.80750
16.88 , 5.6478762626 , 2.81317
16.91 , 5.6478762626 , 2.81867
16.95 , 5.6478762626 , 2.82433
16.98 , 5.6478762626 , 2.82967
17.01 , 5.7564892768 , 2.83533
17.04 , 5.7564892768 , 2.84083
17.08 , 5.7564892768 , 2.84650
17.11 , 5.6478762626 , 2.85200
17.14 , 5.7564892768 , 2.85750
17.18 , 5.7564892768 , 2.86300
17.21 , 5.8651022911 , 2.86867
17.25 , 5.7564892768 , 2.87417
17.28 , 5.7564892768 , 2.87967
17.31 , 5.8651022911 , 2.88517
17.34 , 5.8651022911 , 2.89083
17.38 , 5.8651022911 , 2.89633
17.41 , 5.8651022911 , 2.90200
17.44 , 5.8651022911 , 2.90733
17.48 , 5.8651022911 , 2.91300
17.51 , 5.8651022911 , 2.91850
17.54 , 5.8651022911 , 2.92417
17.58 , 5.8651022911 , 2.92950
17.61 , 5.9737148284 , 2.93517
17.64 , 5.9737148284 , 2.94067
17.68 , 5.8651022911 , 2.94633
17.71 , 5.9737148284 , 2.95183
17.74 , 5.9737148284 , 2.95733
17.78 , 5.9737148284 , 2.96283
17.81 , 6.0823278427 , 2.96850
17.84 , 5.9737148284 , 2.97400
17.88 , 6.0823278427 , 2.97967
17.91 , 5.9737148284 , 2.98500
17.94 , 5.9737148284 , 2.99067
17.98 , 6.0823278427 , 2.99617
18.01 , 6.0823278427 , 3.00183
18.04 , 6.0823278427 , 3.00717
18.08 , 6.0823278427 , 3.01283
18.11 , 6.0823278427 , 3.01833
18.14 , 5.9737148284 , 3.02400
18.18 , 5.9737148284 , 3.02950
18.21 , 6.0823278427 , 3.03500
18.24 , 6.0823278427 , 3.04050
18.28 , 6.0823278427 , 3.04617
18.31 , 6.1909408569 , 3.05167
18.34 , 6.1909408569 , 3.05717
18.38 , 6.1909408569 , 3.06267
18.41 , 6.2995538711 , 3.06833
18.44 , 6.2995538711 , 3.07383
18.48 , 6.1909408569 , 3.07950
18.51 , 6.1909408569 , 3.08483
18.54 , 6.1909408569 , 3.09050
18.58 , 6.0823278427 , 3.09600
18.61 , 6.1909408569 , 3.10167
18.64 , 6.2995538711 , 3.10700
18.68 , 6.1909408569 , 3.11267
18.71 , 6.1909408569 , 3.11817
18.74 , 6.1909408569 , 3.12383
18.78 , 6.1909408569 , 3.12933
18.81 , 6.2995538711 , 3.13483
18.84 , 6.4081664085 , 3.14033
18.88 , 6.2995538711 , 3.14600
18.91 , 6.2995538711 , 3.15150
18.94 , 6.4081664085 , 3.15700
18.97 , 6.4081664085 , 3.16250
19.01 , 6.5167794227 , 3.16817
19.04 , 6.5167794227 , 3.17367
19.08 , 6.5167794227 , 3.17933
19.11 , 6.5167794227 , 3.18467
19.14 , 6.5167794227 , 3.19033
19.17 , 6.5167794227 , 3.19583
19.21 , 6.5167794227 , 3.20150
19.24 , 6.5167794227 , 3.20683
19.27 , 6.6253924369 , 3.21250
19.31 , 6.6253924369 , 3.21800
19.34 , 6.6253924369 , 3.22367
19.37 , 6.6253924369 , 3.22917
19.41 , 6.5167794227 , 3.23467
19.44 , 6.6253924369 , 3.24017
19.47 , 6.6253924369 , 3.24583
19.51 , 6.6253924369 , 3.25133
19.54 , 6.6253924369 , 3.25700
19.57 , 6.6253924369 , 3.26233
19.61 , 6.7340054512 , 3.26800
19.64 , 6.7340054512 , 3.27350
19.67 , 6.7340054512 , 3.27917
19.71 , 6.7340054512 , 3.28450
19.74 , 6.7340054512 , 3.29017
19.77 , 6.7340054512 , 3.29567
19.81 , 6.7340054512 , 3.30133
19.84 , 6.7340054512 , 3.30683
19.87 , 6.8426194190 , 3.31233
19.91 , 6.8426194190 , 3.31783
19.94 , 6.8426194190 , 3.32350
19.97 , 6.8426194190 , 3.32900
20.01 , 6.8426194190 , 3.33450
20.04 , 6.8426194190 , 3.34000
20.07 , 6.8426194190 , 3.34567
20.11 , 6.8426194190 , 3.35117
20.14 , 6.8426194190 , 3.35683
20.17 , 6.9512324333 , 3.36217
20.21 , 6.8426194190 , 3.36783
20.24 , 6.9512324333 , 3.37333
20.27 , 6.9512324333 , 3.37900
20.31 , 6.9512324333 , 3.38433
20.34 , 6.9512324333 , 3.39000
20.37 , 6.9512324333 , 3.39550
20.41 , 6.9512324333 , 3.40117
20.44 , 6.9512324333 , 3.40667
20.47 , 6.8426194190 , 3.41217
20.51 , 6.9512324333 , 3.41767
20.54 , 6.9512324333 , 3.42333
20.57 , 6.8426194190 , 3.42883
20.61 , 7.0598454475 , 3.43433
20.64 , 7.0598454475 , 3.43983
20.67 , 7.0598454475 , 3.44550
20.71 , 7.0598454475 , 3.45100
20.74 , 7.0598454475 , 3.45667
20.77 , 6.9512324333 , 3.46200
20.81 , 7.1684584617 , 3.46767
20.84 , 7.1684584617 , 3.47317
20.87 , 7.0598454475 , 3.47883
20.90 , 7.0598454475 , 3.48417
20.94 , 7.1684584617 , 3.48983
20.97 , 7.1684584617 , 3.49533
21.01 , 7.2770709991 , 3.50100
21.04 , 7.1684584617 , 3.50650
21.07 , 7.2770709991 , 3.51200
21.10 , 7.1684584617 , 3.51750
21.14 , 7.2770709991 , 3.52317
21.17 , 7.1684584617 , 3.52867
21.21 , 7.1684584617 , 3.53433
21.24 , 7.2770709991 , 3.53967
21.27 , 7.2770709991 , 3.54533
21.30 , 7.2770709991 , 3.55083
21.34 , 7.2770709991 , 3.55650
21.37 , 7.2770709991 , 3.56183
21.40 , 7.3856840133 , 3.56750
21.44 , 7.1684584617 , 3.57300
21.47 , 7.3856840133 , 3.57867
21.50 , 7.3856840133 , 3.58417
21.54 , 7.3856840133 , 3.58967
21.57 , 7.3856840133 , 3.59517
21.60 , 7.3856840133 , 3.60083
21.64 , 7.2770709991 , 3.60633
21.67 , 7.4942970275 , 3.61183
21.70 , 7.4942970275 , 3.61733
21.74 , 7.4942970275 , 3.62300
21.77 , 7.4942970275 , 3.62850
21.80 , 7.3856840133 , 3.63417
21.84 , 7.6029100418 , 3.63950
21.87 , 7.6029100418 , 3.64517
21.90 , 7.6029100418 , 3.65067
21.94 , 7.6029100418 , 3.65633
21.97 , 7.7115225791 , 3.66167
22.00 , 7.6029100418 , 3.66733
22.04 , 7.6029100418 , 3.67283
22.07 , 7.6029100418 , 3.67850
22.10 , 7.7115225791 , 3.68400
22.14 , 7.7115225791 , 3.68950
22.17 , 7.7115225791 , 3.69500
22.20 , 7.7115225791 , 3.70067
22.24 , 7.8201355934 , 3.70617
22.27 , 7.7115225791 , 3.71167
22.30 , 7.8201355934 , 3.71717
22.34 , 7.7115225791 , 3.72283
22.37 , 7.8201355934 , 3.72833
22.40 , 7.9287486076 , 3.73400
22.44 , 7.8201355934 , 3.73933
22.47 , 7.8201355934 , 3.74500
22.50 , 7.9287486076 , 3.75050
22.54 , 7.8201355934 , 3.75617
22.57 , 7.9287486076 , 3.76150
22.60 , 7.8201355934 , 3.76717
22.64 , 7.8201355934 , 3.77267
22.67 , 7.8201355934 , 3.77833
22.70 , 7.9287486076 , 3.78383
22.74 , 7.9287486076 , 3.78933
22.77 , 7.9287486076 , 3.79483
22.80 , 8.0373611450 , 3.80050
22.84 , 7.9287486076 , 3.80600
22.87 , 8.0373611450 , 3.81167
22.90 , 7.9287486076 , 3.81700
22.94 , 7.9287486076 , 3.82267
22.97 , 8.0373611450 , 3.82817
23.00 , 7.9287486076 , 3.83383
23.03 , 8.0373611450 , 3.83917
23.07 , 8.1459741592 , 3.84483
23.10 , 8.0373611450 , 3.85033
23.14 , 8.0373611450 , 3.85600
23.17 , 8.0373611450 , 3.86150
23.20 , 8.0373611450 , 3.86700
23.23 , 8.1459741592 , 3.87250
23.27 , 8.1459741592 , 3.87817
23.30 , 8.1459741592 , 3.88367
23.33 , 8.1459741592 , 3.88917
23.37 , 8.0373611450 , 3.89467
23.40 , 8.1459741592 , 3.90033
23.43 , 8.1459741592 , 3.90583
23.47 , 8.1459741592 , 3.91150
23.50 , 8.1459741592 , 3.91683
23.53 , 8.2545890808 , 3.92250
23.57 , 8.2545890808 , 3.92800
23.60 , 8.3632011413 , 3.93367
23.63 , 8.3632011413 , 3.93900
23.67 , 8.2545890808 , 3.94467
23.70 , 8.2545890808 , 3.95017
23.73 , 8.2545890808 , 3.95583
23.77 , 8.2545890808 , 3.96133
23.80 , 8.3632011413 , 3.96683
23.83 , 8.3632011413 , 3.97233
23.87 , 8.2545890808 , 3.97800
23.90 , 8.3632011413 , 3.98350
23.93 , 8.3632011413 , 3.98900
23.97 , 8.4718141555 , 3.99450
24.00 , 8.3632011413 , 4.00017
24.03 , 8.4718141555 , 4.00567
24.07 , 8.5804271697 , 4.01133
24.10 , 8.4718141555 , 4.01667
24.13 , 8.5804271697 , 4.02233
24.17 , 8.4718141555 , 4.02783
24.20 , 8.4718141555 , 4.03350
24.23 , 8.5804271697 , 4.03883
24.27 , 8.6890401840 , 4.04450
24.30 , 8.4718141555 , 4.05000
24.33 , 8.5804271697 , 4.05567
24.37 , 8.5804271697 , 4.06117
24.40 , 8.5804271697 , 4.06667
24.43 , 8.5804271697 , 4.07217
24.47 , 8.6890401840 , 4.07783
24.50 , 8.6890401840 , 4.08333
24.53 , 8.6890401840 , 4.08900
24.57 , 8.6890401840 , 4.09433
24.60 , 8.6890401840 , 4.10000
24.63 , 8.7976531982 , 4.10550
24.67 , 8.7976531982 , 4.11117
24.70 , 8.7976531982 , 4.11650
24.73 , 8.7976531982 , 4.12217
24.77 , 8.7976531982 , 4.12767
24.80 , 8.7976531982 , 4.13333
24.83 , 8.7976531982 , 4.13883
24.87 , 8.9062662124 , 4.14433
24.90 , 8.7976531982 , 4.14983
24.93 , 8.9062662124 , 4.15550
24.97 , 8.9062662124 , 4.16100
25.00 , 8.7976531982 , 4.16650
25.03 , 8.7976531982 , 4.17200
25.07 , 8.9062662124 , 4.17767
25.10 , 8.9062662124 , 4.18317
25.13 , 8.9062662124 , 4.18883
25.17 , 8.9062662124 , 4.19417
25.20 , 8.9062662124 , 4.19983
25.23 , 9.0148792266 , 4.20533
25.27 , 8.9062662124 , 4.21100
25.30 , 8.9062662124 , 4.21633
25.33 , 9.0148792266 , 4.22200
25.36 , 9.0148792266 , 4.22750
25.40 , 8.9062662124 , 4.23317
25.43 , 9.1234922409 , 4.23867
25.46 , 9.1234922409 , 4.24417
25.50 , 9.0148792266 , 4.24967
25.53 , 9.0148792266 , 4.25533
25.56 , 9.1234922409 , 4.26083
25.60 , 9.1234922409 , 4.26633
25.63 , 9.1234922409 , 4.27183
25.67 , 9.1234922409 , 4.27750
25.70 , 9.1234922409 , 4.28300
25.73 , 9.1234922409 , 4.28867
25.76 , 9.2321052551 , 4.29400
25.80 , 9.1234922409 , 4.29967
25.83 , 9.1234922409 , 4.30517
25.86 , 9.1234922409 , 4.31083
25.90 , 9.2321052551 , 4.31617
25.93 , 9.1234922409 , 4.32183
25.96 , 9.3407173156 , 4.32733
26.00 , 9.2321052551 , 4.33300
26.03 , 9.3407173156 , 4.33850
26.06 , 9.2321052551 , 4.34400
26.10 , 9.2321052551 , 4.34950
26.13 , 9.3407173156 , 4.35517
26.16 , 9.3407173156 , 4.36067
26.20 , 9.4493303298 , 4.36633
26.23 , 9.3407173156 , 4.37167
26.26 , 9.3407173156 , 4.37733
26.30 , 9.3407173156 , 4.38283
26.33 , 9.2321052551 , 4.38850
26.36 , 9.4493303298 , 4.39383
26.40 , 9.4493303298 , 4.39950
26.43 , 9.4493303298 , 4.40500
26.46 , 9.4493303298 , 4.41067
26.50 , 9.4493303298 , 4.41617
26.53 , 9.5579433441 , 4.42167
26.56 , 9.5579433441 , 4.42717
26.60 , 9.5579433441 , 4.43283
26.63 , 9.5579433441 , 4.43833
26.66 , 9.4493303298 , 4.44383
26.70 , 9.5579433441 , 4.44933
26.73 , 9.6665563583 , 4.45500
26.76 , 9.5579433441 , 4.46050
26.80 , 9.6665563583 , 4.46617
26.83 , 9.5579433441 , 4.47150
26.86 , 9.7751693725 , 4.47717
26.90 , 9.6665563583 , 4.48267
26.93 , 9.6665563583 , 4.48833
26.96 , 9.6665563583 , 4.49367
27.00 , 9.7751693725 , 4.49933
27.03 , 9.6665563583 , 4.50483
27.06 , 9.6665563583 , 4.51050
27.10 , 9.7751693725 , 4.51600
27.13 , 9.7751693725 , 4.52150
27.16 , 9.8837823867 , 4.52700
27.20 , 9.7751693725 , 4.53267
27.23 , 9.8837823867 , 4.53817
27.26 , 9.7751693725 , 4.54367
27.29 , 9.8837823867 , 4.54917
27.33 , 9.8837823867 , 4.55483
27.36 , 9.8837823867 , 4.56033
27.40 , 9.8837823867 , 4.56600
27.43 , 9.8837823867 , 4.57133
27.46 , 9.9923954010 , 4.57700
27.50 , 9.8837823867 , 4.58250
27.53 , 9.9923954010 , 4.58817
27.56 , 9.9923954010 , 4.59350
27.59 , 9.9923954010 , 4.59917
27.63 , 9.9923954010 , 4.60467
27.66 , 9.9923954010 , 4.61033
27.69 , 9.8837823867 , 4.61583
27.73 , 9.9923954010 , 4.62133
27.76 , 10.1010084152 , 4.62683
27.80 , 9.9923954010 , 4.63267
27.83 , 9.9923954010 , 4.63817
27.86 , 9.9923954010 , 4.64383
27.89 , 9.9923954010 , 4.64917
27.93 , 9.9923954010 , 4.65483
27.96 , 10.1010084152 , 4.66033
28.00 , 10.1010084152 , 4.66617
28.03 , 9.9923954010 , 4.67167
28.06 , 10.1010084152 , 4.67733
28.10 , 10.1010084152 , 4.68300
28.13 , 10.1010084152 , 4.68883
28.17 , 10.1010084152 , 4.69450
28.20 , 10.2096204757 , 4.70017
28.23 , 10.1010084152 , 4.70583
28.27 , 10.1010084152 , 4.71167
28.30 , 10.2096204757 , 4.71733
28.34 , 10.2096204757 , 4.72317
28.37 , 10.3182363510 , 4.72867
28.41 , 10.2096204757 , 4.73450
28.44 , 10.2096204757 , 4.74017
28.48 , 10.2096204757 , 4.74600
28.51 , 10.3182363510 , 4.75167
28.54 , 10.3182363510 , 4.75750
28.58 , 10.3182363510 , 4.76300
28.61 , 10.3182363510 , 4.76883
28.65 , 10.3182363510 , 4.77450
28.68 , 10.3182363510 , 4.78033
28.72 , 10.4268493652 , 4.78600
28.75 , 10.4268493652 , 4.79167
28.78 , 10.4268493652 , 4.79750
28.82 , 10.4268493652 , 4.80317
28.85 , 10.5354623794 , 4.80900
28.89 , 10.5354623794 , 4.81467
28.92 , 10.4268493652 , 4.82033
28.96 , 10.5354623794 , 4.82600
28.99 , 10.5354623794 , 4.83183
29.02 , 10.5354623794 , 4.83750
29.06 , 10.6440753936 , 4.84333
29.09 , 10.5354623794 , 4.84883
29.13 , 10.6440753936 , 4.85467
29.16 , 10.6440753936 , 4.86033
29.20 , 10.5354623794 , 4.86617
29.23 , 10.7526884078 , 4.87183
29.26 , 10.6440753936 , 4.87750
29.30 , 10.6440753936 , 4.88317
29.33 , 10.7526884078 , 4.88900
29.37 , 10.7526884078 , 4.89467
29.40 , 10.6440753936 , 4.90050
29.44 , 10.7526884078 , 4.90600
29.47 , 10.6440753936 , 4.91183
29.50 , 10.7526884078 , 4.91750
29.54 , 10.7526884078 , 4.92333
29.57 , 10.7526884078 , 4.92900
29.61 , 10.8613014221 , 4.93467
29.64 , 10.7526884078 , 4.94033
29.68 , 10.8613014221 , 4.94617
29.71 , 10.8613014221 , 4.95183
29.75 , 10.8613014221 , 4.95767
29.78 , 10.8613014221 , 4.96317
29.81 , 10.8613014221 , 4.96900
29.85 , 10.8613014221 , 4.97467
29.88 , 10.8613014221 , 4.98050
29.92 , 10.9699134826 , 4.98633
29.95 , 10.9699134826 , 4.99200
29.99 , 10.9699134826 , 4.99767
30.02 , 10.9699134826 , 5.00333
30.05 , 10.9699134826 , 5.00917
30.09 , 10.9699134826 , 5.01483
30.12 , 10.9699134826 , 5.02067
30.16 , 11.0785264968 , 5.02617
30.19 , 11.0785264968 , 5.03200
30.23 , 10.9699134826 , 5.03767
30.26 , 11.0785264968 , 5.04350
30.29 , 10.9699134826 , 5.04917
30.33 , 11.0785264968 , 5.05483
30.36 , 11.1871395111 , 5.06050
30.40 , 11.0785264968 , 5.06633
30.43 , 11.1871395111 , 5.07200
30.47 , 11.1871395111 , 5.07783
30.50 , 11.0785264968 , 5.08333
30.53 , 11.1871395111 , 5.08917
30.57 , 11.2957525253 , 5.09483
30.60 , 11.2957525253 , 5.10067
30.64 , 11.1871395111 , 5.10633
30.67 , 11.1871395111 , 5.11200
30.71 , 11.2957525253 , 5.11767
30.74 , 11.1871395111 , 5.12350
30.77 , 11.2957525253 , 5.12917
30.81 , 11.2957525253 , 5.13500
30.84 , 11.2957525253 , 5.14050
30.88 , 11.2957525253 , 5.14633
30.91 , 11.2957525253 , 5.15200
30.95 , 11.4043655395 , 5.15783
30.98 , 11.4043655395 , 5.16367
31.01 , 11.2957525253 , 5.16917
31.05 , 11.2957525253 , 5.17500
31.08 , 11.5129785537 , 5.18067
31.12 , 11.5129785537 , 5.18650
31.15 , 11.4043655395 , 5.19217
31.19 , 11.4043655395 , 5.19783
31.22 , 11.5129785537 , 5.20350
31.26 , 11.5129785537 , 5.20933
31.29 , 11.5129785537 , 5.21500
31.32 , 11.5129785537 , 5.22083
31.36 , 11.5129785537 , 5.22633
31.39 , 11.5129785537 , 5.23217
31.43 , 11.6215915679 , 5.23783
31.46 , 11.6215915679 , 5.24367
31.50 , 11.6215915679 , 5.24933
31.53 , 11.6215915679 , 5.25517
31.56 , 11.6215915679 , 5.26067
31.60 , 11.6215915679 , 5.26650
31.63 , 11.6215915679 , 5.27217
31.67 , 11.6215915679 , 5.27800
31.70 , 11.7302045822 , 5.28367
31.74 , 11.7302045822 , 5.28933
31.77 , 11.7302045822 , 5.29500
31.80 , 11.7302045822 , 5.30083
31.84 , 11.7302045822 , 5.30650
31.87 , 11.8388175964 , 5.31233
31.91 , 11.8388175964 , 5.31783
31.94 , 11.8388175964 , 5.32367
31.98 , 11.7302045822 , 5.32933
32.01 , 11.7302045822 , 5.33517
32.04 , 11.8388175964 , 5.34083
32.08 , 11.8388175964 , 5.34650
32.11 , 11.9474296569 , 5.35233
32.15 , 11.8388175964 , 5.35800
32.18 , 11.9474296569 , 5.36383
32.22 , 11.9474296569 , 5.36950
32.25 , 11.7302045822 , 5.37517
32.29 , 11.8388175964 , 5.38083
32.32 , 11.9474296569 , 5.38667
32.35 , 11.9474296569 , 5.39233
32.39 , 11.9474296569 , 5.39817
32.42 , 11.9474296569 , 5.40367
32.46 , 12.0560426712 , 5.40950
32.49 , 11.8388175964 , 5.41517
32.53 , 11.9474296569 , 5.42100
32.56 , 11.9474296569 , 5.42667
32.59 , 12.0560426712 , 5.43233
32.63 , 11.9474296569 , 5.43800
32.66 , 12.0560426712 , 5.44383
32.70 , 12.1646556854 , 5.44950
32.73 , 12.0560426712 , 5.45533
32.77 , 12.0560426712 , 5.46083
32.80 , 12.1646556854 , 5.46667
32.83 , 12.0560426712 , 5.47233
32.87 , 12.1646556854 , 5.47817
32.90 , 12.0560426712 , 5.48383
32.94 , 12.1646556854 , 5.48950
32.97 , 12.0560426712 , 5.49517
33.01 , 12.1646556854 , 5.50100
33.04 , 12.2732686996 , 5.50667
33.08 , 12.2732686996 , 5.51250
33.11 , 12.1646556854 , 5.51800
33.14 , 12.1646556854 , 5.52383
33.18 , 12.1646556854 , 5.52967
33.21 , 12.1646556854 , 5.53533
33.25 , 12.2732686996 , 5.54117
33.28 , 12.3818817138 , 5.54683
33.31 , 12.2732686996 , 5.55250
33.35 , 12.3818817138 , 5.55817
33.38 , 12.2732686996 , 5.56400
33.42 , 12.3818817138 , 5.56967
33.45 , 12.3818817138 , 5.57550
33.49 , 12.3818817138 , 5.58100
33.52 , 12.4904947280 , 5.58683
33.56 , 12.3818817138 , 5.59250
33.59 , 12.4904947280 , 5.59833
33.62 , 12.4904947280 , 5.60400
33.66 , 12.4904947280 , 5.60967
33.69 , 12.4904947280 , 5.61533
33.73 , 12.4904947280 , 5.62117
33.76 , 12.4904947280 , 5.62683
33.80 , 12.4904947280 , 5.63267
33.83 , 12.4904947280 , 5.63817
33.86 , 12.3818817138 , 5.64400
33.90 , 12.5991077423 , 5.64967
33.93 , 12.5991077423 , 5.65550
33.97 , 12.7077207565 , 5.66117
34.00 , 12.5991077423 , 5.66683
34.04 , 12.5991077423 , 5.67250
34.07 , 12.5991077423 , 5.67833
34.10 , 12.7077207565 , 5.68400
34.14 , 12.7077207565 , 5.68983
34.17 , 12.5991077423 , 5.69533
34.21 , 12.7077207565 , 5.70117
34.24 , 12.7077207565 , 5.70683
34.28 , 12.8163328170 , 5.71267
34.31 , 12.8163328170 , 5.71850
34.34 , 12.8163328170 , 5.72400
34.38 , 12.8163328170 , 5.72983
34.41 , 12.8163328170 , 5.73550
34.45 , 12.8163328170 , 5.74133
34.48 , 12.8163328170 , 5.74700
34.52 , 12.9249458312 , 5.75267
34.55 , 12.8163328170 , 5.75833
34.59 , 12.9249458312 , 5.76417
34.62 , 12.9249458312 , 5.76983
34.65 , 12.9249458312 , 5.77567
34.69 , 12.9249458312 , 5.78133
34.72 , 12.9249458312 , 5.78700
34.76 , 12.9249458312 , 5.79267
34.79 , 13.0335588455 , 5.79850
34.83 , 12.8163328170 , 5.80417
34.86 , 12.9249458312 , 5.81000
34.89 , 12.9249458312 , 5.81550
34.93 , 12.9249458312 , 5.82133
34.96 , 12.9249458312 , 5.82700
35.00 , 13.0335588455 , 5.83283
35.03 , 13.0335588455 , 5.83850
35.06 , 13.0335588455 , 5.84417
35.10 , 13.0335588455 , 5.84983
35.13 , 12.9249458312 , 5.85567
35.17 , 13.0335588455 , 5.86133
35.20 , 13.1421747207 , 5.86717
35.24 , 13.0335588455 , 5.87267
35.27 , 13.0335588455 , 5.87850
35.31 , 13.0335588455 , 5.88417
35.34 , 13.1421747207 , 5.89000
35.38 , 13.2507877349 , 5.89583
35.41 , 13.1421747207 , 5.90133
35.44 , 13.1421747207 , 5.90717
35.48 , 13.2507877349 , 5.91283
35.51 , 13.1421747207 , 5.91867
35.55 , 13.2507877349 , 5.92433
35.58 , 13.1421747207 , 5.93000
35.61 , 13.2507877349 , 5.93567
35.65 , 13.1421747207 , 5.94150
35.68 , 13.3594007492 , 5.94717
35.72 , 13.2507877349 , 5.95300
35.75 , 13.2507877349 , 5.95850
35.79 , 13.3594007492 , 5.96433
35.82 , 13.3594007492 , 5.97000
35.86 , 13.4680137634 , 5.97583
35.89 , 13.3594007492 , 5.98150
35.92 , 13.3594007492 , 5.98717
35.96 , 13.5766258239 , 5.99283
35.99 , 13.2507877349 , 5.99867
36.03 , 13.4680137634 , 6.00433
36.06 , 13.4680137634 , 6.01017
36.09 , 13.4680137634 , 6.01567
36.13 , 13.5766258239 , 6.02150
36.16 , 13.5766258239 , 6.02717
36.20 , 13.4680137634 , 6.03300
36.23 , 13.5766258239 , 6.03867
36.27 , 13.5766258239 , 6.04450
36.30 , 13.5766258239 , 6.05000
36.34 , 13.5766258239 , 6.05583
36.37 , 13.5766258239 , 6.06150
36.40 , 13.6852388381 , 6.06733
36.44 , 13.6852388381 , 6.07300
36.47 , 13.6852388381 , 6.07867
36.51 , 13.4680137634 , 6.08450
36.54 , 13.6852388381 , 6.09017
36.58 , 13.6852388381 , 6.09600
36.61 , 13.5766258239 , 6.10167
36.64 , 13.7938518524 , 6.10733
36.68 , 13.7938518524 , 6.11300
36.71 , 13.7938518524 , 6.11883
36.75 , 13.7938518524 , 6.12450
36.78 , 13.7938518524 , 6.13033
36.81 , 13.7938518524 , 6.13583
36.85 , 13.7938518524 , 6.14167
36.88 , 13.7938518524 , 6.14733
36.92 , 13.9024648666 , 6.15317
36.95 , 13.9024648666 , 6.15883
36.99 , 13.9024648666 , 6.16450
37.02 , 13.7938518524 , 6.17017
37.06 , 13.9024648666 , 6.17600
37.09 , 14.0110778808 , 6.18167
37.13 , 13.9024648666 , 6.18750
37.16 , 13.9024648666 , 6.19300
37.19 , 14.0110778808 , 6.19883
37.23 , 14.0110778808 , 6.20450
37.26 , 13.9024648666 , 6.21033
37.30 , 14.0110778808 , 6.21600
37.33 , 14.0110778808 , 6.22167
37.36 , 14.0110778808 , 6.22733
37.40 , 14.0110778808 , 6.23317
37.43 , 14.0110778808 , 6.23883
37.47 , 14.1196908950 , 6.24467
37.50 , 14.0110778808 , 6.25017
37.54 , 14.0110778808 , 6.25600
37.57 , 14.0110778808 , 6.26183
37.61 , 14.0110778808 , 6.26750
37.64 , 14.1196908950 , 6.27333
37.67 , 14.1196908950 , 6.27883
37.71 , 14.1196908950 , 6.28467
37.74 , 14.1196908950 , 6.29033
37.78 , 14.1196908950 , 6.29617
37.81 , 14.1196908950 , 6.30183
37.85 , 14.2283039093 , 6.30767
37.88 , 14.2283039093 , 6.31317
37.91 , 14.2283039093 , 6.31900
37.95 , 14.2283039093 , 6.32467
37.98 , 14.2283039093 , 6.33050
38.02 , 14.2283039093 , 6.33617
38.05 , 14.2283039093 , 6.34183
38.09 , 14.3369169235 , 6.34750
38.12 , 14.3369169235 , 6.35333
38.15 , 14.3369169235 , 6.35900
38.19 , 14.3369169235 , 6.36483
38.22 , 14.4455299377 , 6.37033
38.26 , 14.3369169235 , 6.37617
38.29 , 14.3369169235 , 6.38183
38.33 , 14.4455299377 , 6.38767
38.36 , 14.4455299377 , 6.39333
38.39 , 14.4455299377 , 6.39900
38.43 , 14.5541419982 , 6.40467
38.46 , 14.4455299377 , 6.41050
38.50 , 14.4455299377 , 6.41617
38.53 , 14.5541419982 , 6.42200
38.56 , 14.5541419982 , 6.42750
38.60 , 14.5541419982 , 6.43333
38.63 , 14.6627550125 , 6.43900
38.67 , 14.5541419982 , 6.44483
38.70 , 14.5541419982 , 6.45067
38.74 , 14.5541419982 , 6.45617
38.77 , 14.5541419982 , 6.46200
38.81 , 14.6627550125 , 6.46767
38.84 , 14.6627550125 , 6.47350
38.88 , 14.6627550125 , 6.47917
38.91 , 14.7713680267 , 6.48483
38.94 , 14.7713680267 , 6.49050
38.98 , 14.6627550125 , 6.49633
39.01 , 14.6627550125 , 6.50200
39.05 , 14.7713680267 , 6.50783
39.08 , 14.7713680267 , 6.51333
39.12 , 14.7713680267 , 6.51917
39.15 , 14.6627550125 , 6.52483
39.18 , 14.7713680267 , 6.53067
39.22 , 14.8799810409 , 6.53633
39.25 , 14.7713680267 , 6.54200
39.29 , 14.8799810409 , 6.54767
39.32 , 14.8799810409 , 6.55350
39.36 , 14.8799810409 , 6.55917
39.39 , 14.8799810409 , 6.56500
39.42 , 14.8799810409 , 6.57067
39.46 , 14.8799810409 , 6.57633
39.49 , 14.9885940551 , 6.58200
39.53 , 14.9885940551 , 6.58783
39.56 , 14.9885940551 , 6.59350
39.60 , 14.9885940551 , 6.59933
39.63 , 14.9885940551 , 6.60483
39.66 , 14.9885940551 , 6.61067
39.70 , 14.9885940551 , 6.61633
39.73 , 14.9885940551 , 6.62217
39.77 , 14.9885940551 , 6.62800
39.80 , 14.9885940551 , 6.63350
39.84 , 14.9885940551 , 6.63933
39.87 , 15.0972070693 , 6.64500
39.90 , 15.0972070693 , 6.65083
39.94 , 15.0972070693 , 6.65650
39.97 , 15.2058200836 , 6.66217
40.01 , 15.0972070693 , 6.66783
40.04 , 15.2058200836 , 6.67367
40.08 , 15.2058200836 , 6.67933
40.11 , 15.0972070693 , 6.68517
40.14 , 15.2058200836 , 6.69067
40.18 , 15.0972070693 , 6.69650
40.21 , 15.2058200836 , 6.70217
40.25 , 15.2058200836 , 6.70800
40.28 , 15.2058200836 , 6.71367
40.32 , 15.2058200836 , 6.71933
40.35 , 15.2058200836 , 6.72500
40.38 , 15.2058200836 , 6.73083
40.42 , 15.3144330978 , 6.73650
40.45 , 15.3144330978 , 6.74233
40.49 , 15.3144330978 , 6.74783
40.52 , 15.4230451583 , 6.75367
40.56 , 15.4230451583 , 6.75933
40.59 , 15.4230451583 , 6.76517
40.63 , 15.4230451583 , 6.77083
40.66 , 15.3144330978 , 6.77650
40.69 , 15.4230451583 , 6.78217
40.73 , 15.5316581726 , 6.78800
40.76 , 15.4230451583 , 6.79367
40.80 , 15.5316581726 , 6.79950
40.83 , 15.5316581726 , 6.80500
40.87 , 15.5316581726 , 6.81083
40.90 , 15.6402711868 , 6.81667
40.93 , 15.6402711868 , 6.82233
40.97 , 15.6402711868 , 6.82817
41.00 , 15.6402711868 , 6.83383
41.04 , 15.7488842010 , 6.83950
41.07 , 15.6402711868 , 6.84517
41.11 , 15.6402711868 , 6.85100
41.14 , 15.6402711868 , 6.85667
41.18 , 15.6402711868 , 6.86250
41.21 , 15.7488842010 , 6.86800
41.24 , 15.7488842010 , 6.87383
41.28 , 15.7488842010 , 6.87950
41.31 , 15.8575000762 , 6.88533
41.35 , 15.6402711868 , 6.89100
41.38 , 15.7488842010 , 6.89667
41.41 , 15.8575000762 , 6.90233
41.45 , 15.7488842010 , 6.90817
41.48 , 15.7488842010 , 6.91383
41.52 , 15.8575000762 , 6.91967
41.55 , 15.9661130905 , 6.92517
41.59 , 15.8575000762 , 6.93100
41.62 , 15.8575000762 , 6.93667
41.65 , 15.9661130905 , 6.94250
41.69 , 15.8575000762 , 6.94817
41.72 , 15.9661130905 , 6.95383
41.76 , 15.9661130905 , 6.95950
41.79 , 15.9661130905 , 6.96533
41.83 , 15.9661130905 , 6.97100
41.86 , 15.9661130905 , 6.97683
41.89 , 16.0747261047 , 6.98233
41.93 , 16.0747261047 , 6.98817
41.96 , 16.0747261047 , 6.99400
42.00 , 16.0747261047 , 6.99967
42.03 , 16.0747261047 , 7.00550
42.07 , 16.0747261047 , 7.01100
42.10 , 16.0747261047 , 7.01683
42.13 , 16.0747261047 , 7.02250
42.17 , 16.0747261047 , 7.02833
42.20 , 16.0747261047 , 7.03400
42.24 , 16.1833381652 , 7.03967
42.27 , 16.0747261047 , 7.04533
42.31 , 16.1833381652 , 7.05117
42.34 , 16.1833381652 , 7.05683
42.38 , 16.1833381652 , 7.06267
42.41 , 16.2919521331 , 7.06817
42.44 , 16.1833381652 , 7.07400
42.48 , 16.1833381652 , 7.07967
42.51 , 16.1833381652 , 7.08550
42.55 , 16.2919521331 , 7.09117
42.58 , 16.2919521331 , 7.09700
42.62 , 16.4005641937 , 7.10250
42.65 , 16.4005641937 , 7.10833
42.68 , 16.4005641937 , 7.11400
42.72 , 16.2919521331 , 7.11983
42.75 , 16.4005641937 , 7.12550
42.79 , 16.4005641937 , 7.13117
42.82 , 16.4005641937 , 7.13683
42.86 , 16.4005641937 , 7.14267
42.89 , 16.4005641937 , 7.14833
42.93 , 16.4005641937 , 7.15417
42.96 , 16.5091781616 , 7.15967
42.99 , 16.5091781616 , 7.16550
43.03 , 16.5091781616 , 7.17117
43.06 , 16.5091781616 , 7.17700
43.10 , 16.5091781616 , 7.18283
43.13 , 16.5091781616 , 7.18833
43.17 , 16.5091781616 , 7.19417
43.20 , 16.5091781616 , 7.19983
43.23 , 16.6177902221 , 7.20567
43.27 , 16.6177902221 , 7.21133
43.30 , 16.6177902221 , 7.21700
43.34 , 16.6177902221 , 7.22267
43.37 , 16.6177902221 , 7.22850
43.40 , 16.7264022827 , 7.23417
43.44 , 16.7264022827 , 7.24000
43.47 , 16.7264022827 , 7.24550
43.51 , 16.7264022827 , 7.25133
43.54 , 16.7264022827 , 7.25700
43.58 , 16.7264022827 , 7.26283
43.61 , 16.8350162506 , 7.26850
43.65 , 16.8350162506 , 7.27417
43.68 , 16.8350162506 , 7.27983
43.71 , 16.8350162506 , 7.28567
43.75 , 16.9436283111 , 7.29133
43.78 , 16.8350162506 , 7.29717
43.82 , 16.8350162506 , 7.30267
43.85 , 16.8350162506 , 7.30850
43.88 , 16.9436283111 , 7.31417
43.92 , 16.9436283111 , 7.32000
43.95 , 16.9436283111 , 7.32567
43.99 , 17.0522422790 , 7.33133
44.02 , 16.9436283111 , 7.33700
44.06 , 17.0522422790 , 7.34283
44.09 , 17.0522422790 , 7.34850
44.13 , 17.0522422790 , 7.35433
44.16 , 17.0522422790 , 7.36017
44.19 , 17.1608543395 , 7.36567
44.23 , 17.0522422790 , 7.37150
44.26 , 17.0522422790 , 7.37717
44.30 , 17.0522422790 , 7.38300
44.33 , 17.0522422790 , 7.38867
44.37 , 17.2694683074 , 7.39433
44.40 , 17.0522422790 , 7.40000
44.44 , 17.2694683074 , 7.40583
44.47 , 17.1608543395 , 7.41150
44.50 , 17.2694683074 , 7.41733
44.54 , 17.3780803680 , 7.42283
44.57 , 17.1608543395 , 7.42867
44.61 , 17.2694683074 , 7.43433
44.64 , 17.1608543395 , 7.44017
44.68 , 17.2694683074 , 7.44583
44.71 , 17.2694683074 , 7.45150
44.74 , 17.2694683074 , 7.45717
44.78 , 17.2694683074 , 7.46300
44.81 , 17.2694683074 , 7.46867
44.85 , 17.2694683074 , 7.47450
44.88 , 17.3780803680 , 7.48000
44.92 , 17.3780803680 , 7.48583
44.95 , 17.3780803680 , 7.49150
44.98 , 17.2694683074 , 7.49733
45.02 , 17.4866943359 , 7.50300
45.05 , 17.2694683074 , 7.50867
45.09 , 17.3780803680 , 7.51433
45.12 , 17.3780803680 , 7.52017
45.15 , 17.2694683074 , 7.52583
45.19 , 17.3780803680 , 7.53167
45.22 , 17.4866943359 , 7.53717
45.26 , 17.4866943359 , 7.54300
45.29 , 17.4866943359 , 7.54883
45.33 , 17.4866943359 , 7.55450
45.36 , 17.4866943359 , 7.56033
45.40 , 17.4866943359 , 7.56583
45.43 , 17.4866943359 , 7.57167
45.46 , 17.5953063964 , 7.57733
45.50 , 17.5953063964 , 7.58317
45.53 , 17.5953063964 , 7.58883
45.57 , 17.7039184570 , 7.59467
45.60 , 17.5953063964 , 7.60017
45.64 , 17.5953063964 , 7.60600
45.67 , 17.7039184570 , 7.61167
45.71 , 17.7039184570 , 7.61750
45.74 , 17.7039184570 , 7.62317
45.77 , 17.7039184570 , 7.62883
45.81 , 17.5953063964 , 7.63450
45.84 , 17.7039184570 , 7.64033
45.88 , 17.7039184570 , 7.64600
45.91 , 17.8125324249 , 7.65183
45.94 , 17.7039184570 , 7.65733
45.98 , 17.7039184570 , 7.66317
46.01 , 17.9211444854 , 7.66883
46.05 , 17.8125324249 , 7.67467
46.08 , 17.9211444854 , 7.68033
46.12 , 17.8125324249 , 7.68600
46.15 , 17.8125324249 , 7.69167
46.19 , 17.8125324249 , 7.69750
46.22 , 17.9211444854 , 7.70317
46.25 , 17.9211444854 , 7.70900
46.29 , 17.9211444854 , 7.71450
46.32 , 17.9211444854 , 7.72033
46.36 , 17.9211444854 , 7.72617
46.39 , 17.9211444854 , 7.73183
46.43 , 17.9211444854 , 7.73767
46.46 , 18.0297584533 , 7.74317
46.49 , 18.0297584533 , 7.74900
46.53 , 17.9211444854 , 7.75467
46.56 , 18.0297584533 , 7.76050
46.60 , 18.0297584533 , 7.76617
46.63 , 18.0297584533 , 7.77183
46.67 , 18.0297584533 , 7.77750
46.70 , 18.0297584533 , 7.78333
46.73 , 18.0297584533 , 7.78900
46.77 , 18.1383705139 , 7.79483
46.80 , 18.1383705139 , 7.80033
46.84 , 18.0297584533 , 7.80617
46.87 , 18.1383705139 , 7.81183
46.91 , 18.1383705139 , 7.81767
46.94 , 18.1383705139 , 7.82333
46.97 , 18.1383705139 , 7.82900
47.01 , 18.2469844818 , 7.83467
47.04 , 18.2469844818 , 7.84050
47.08 , 18.2469844818 , 7.84617
47.11 , 18.1383705139 , 7.85200
47.15 , 18.2469844818 , 7.85750
47.18 , 18.2469844818 , 7.86333
47.21 , 18.2469844818 , 7.86900
47.25 , 18.3555965423 , 7.87483
47.28 , 18.3555965423 , 7.88050
47.32 , 18.3555965423 , 7.88633
47.35 , 18.3555965423 , 7.89183
47.39 , 18.3555965423 , 7.89767
47.42 , 18.3555965423 , 7.90333
47.46 , 18.3555965423 , 7.90917
47.49 , 18.4642105102 , 7.91500
47.52 , 18.4642105102 , 7.92050
47.56 , 18.3555965423 , 7.92633
47.59 , 18.4642105102 , 7.93200
47.63 , 18.3555965423 , 7.93783
47.66 , 18.4642105102 , 7.94350
47.70 , 18.5728225708 , 7.94917
47.73 , 18.4642105102 , 7.95483
47.76 , 18.4642105102 , 7.96067
47.80 , 18.4642105102 , 7.96633
47.83 , 18.4642105102 , 7.97217
47.87 , 18.5728225708 , 7.97767
47.90 , 18.5728225708 , 7.98350
47.94 , 18.6814384460 , 7.98917
47.97 , 18.5728225708 , 7.99500
48.00 , 18.6814384460 , 8.00067
48.04 , 18.5728225708 , 8.00633
48.07 , 18.5728225708 , 8.01200
48.11 , 18.6814384460 , 8.01783
48.14 , 18.6814384460 , 8.02350
48.18 , 18.6814384460 , 8.02933
48.21 , 18.6814384460 , 8.03483
48.24 , 18.6814384460 , 8.04067
48.28 , 18.6814384460 , 8.04633
48.31 , 18.7900505065 , 8.05217
48.35 , 18.8986644744 , 8.05783
48.38 , 18.7900505065 , 8.06350
48.42 , 18.7900505065 , 8.06917
48.45 , 18.8986644744 , 8.07500
48.48 , 18.8986644744 , 8.08067
48.52 , 18.8986644744 , 8.08650
48.55 , 18.7900505065 , 8.09217
48.59 , 18.8986644744 , 8.09783
48.62 , 18.8986644744 , 8.10367
48.66 , 18.8986644744 , 8.10933
48.69 , 18.8986644744 , 8.11517
48.72 , 19.0072765350 , 8.12067
48.76 , 18.8986644744 , 8.12650
48.79 , 19.0072765350 , 8.13217
48.83 , 19.1158905029 , 8.13800
48.86 , 19.0072765350 , 8.14367
48.90 , 19.0072765350 , 8.14950
48.93 , 19.0072765350 , 8.15500
48.97 , 19.0072765350 , 8.16083
49.00 , 19.1158905029 , 8.16650
49.03 , 19.1158905029 , 8.17233
49.07 , 19.2245025634 , 8.17800
49.10 , 19.1158905029 , 8.18367
49.14 , 19.1158905029 , 8.18933
49.17 , 19.1158905029 , 8.19517
49.21 , 19.2245025634 , 8.20083
49.24 , 19.1158905029 , 8.20667
49.27 , 19.2245025634 , 8.21217
49.31 , 19.2245025634 , 8.21800
49.34 , 19.2245025634 , 8.22367
49.38 , 19.2245025634 , 8.22950
49.41 , 19.2245025634 , 8.23517
49.45 , 19.2245025634 , 8.24083
49.48 , 19.3331146240 , 8.24650
49.51 , 19.2245025634 , 8.25233
49.55 , 19.3331146240 , 8.25800
49.58 , 19.3331146240 , 8.26383
49.62 , 19.4417285919 , 8.26933
49.65 , 19.3331146240 , 8.27517
49.69 , 19.3331146240 , 8.28100
49.72 , 19.4417285919 , 8.28667
49.76 , 19.3331146240 , 8.29250
49.79 , 19.3331146240 , 8.29800
49.82 , 19.4417285919 , 8.30383
49.86 , 19.4417285919 , 8.30950
49.89 , 19.4417285919 , 8.31533
49.93 , 19.4417285919 , 8.32100
49.96 , 19.4417285919 , 8.32667
49.99 , 19.5503406524 , 8.33233
50.03 , 19.4417285919 , 8.33817
50.06 , 19.5503406524 , 8.34383
50.10 , 19.5503406524 , 8.34967
50.13 , 19.5503406524 , 8.35517
50.17 , 19.5503406524 , 8.36100
50.20 , 19.6589546203 , 8.36667
50.24 , 19.5503406524 , 8.37250
50.27 , 19.6589546203 , 8.37817
50.30 , 19.5503406524 , 8.38400
50.34 , 19.6589546203 , 8.38950
50.37 , 19.6589546203 , 8.39533
50.41 , 19.6589546203 , 8.40100
50.44 , 19.6589546203 , 8.40683
50.47 , 19.7675666809 , 8.41250
50.51 , 19.6589546203 , 8.41817
50.54 , 19.6589546203 , 8.42383
50.58 , 19.7675666809 , 8.42967
50.61 , 19.7675666809 , 8.43533
50.65 , 19.6589546203 , 8.44117
50.68 , 19.6589546203 , 8.44667
50.72 , 19.8761806488 , 8.45250
50.75 , 19.7675666809 , 8.45833
50.78 , 19.8761806488 , 8.46400
50.82 , 19.8761806488 , 8.46983
50.85 , 19.8761806488 , 8.47533
50.89 , 19.8761806488 , 8.48117
50.92 , 19.8761806488 , 8.48683
50.96 , 19.9847927093 , 8.49267
50.99 , 19.9847927093 , 8.49833
51.02 , 19.8761806488 , 8.50400
51.06 , 19.9847927093 , 8.50967
51.09 , 20.0934066772 , 8.51550
51.13 , 19.9847927093 , 8.52117
51.16 , 20.0934066772 , 8.52700
51.20 , 20.0934066772 , 8.53250
51.23 , 20.0934066772 , 8.53833
51.26 , 19.9847927093 , 8.54400
51.30 , 20.0934066772 , 8.54983
51.33 , 20.0934066772 , 8.55550
51.37 , 20.2020187377 , 8.56117
51.40 , 20.2020187377 , 8.56683
51.44 , 20.2020187377 , 8.57267
51.47 , 20.2020187377 , 8.57833
51.51 , 20.2020187377 , 8.58417
51.54 , 20.2020187377 , 8.58967
51.57 , 20.3106307983 , 8.59550
51.61 , 20.2020187377 , 8.60117
51.64 , 20.2020187377 , 8.60700
51.68 , 20.2020187377 , 8.61267
51.71 , 20.2020187377 , 8.61833
51.74 , 20.3106307983 , 8.62400
51.78 , 20.2020187377 , 8.62983
51.81 , 20.3106307983 , 8.63550
51.85 , 20.3106307983 , 8.64133
51.88 , 20.4192447662 , 8.64717
51.92 , 20.4192447662 , 8.65267
51.95 , 20.4192447662 , 8.65850
51.99 , 20.3106307983 , 8.66417
52.02 , 20.4192447662 , 8.67000
52.05 , 20.3106307983 , 8.67567
52.09 , 20.4192447662 , 8.68133
52.12 , 20.4192447662 , 8.68700
52.16 , 20.4192447662 , 8.69283
52.19 , 20.4192447662 , 8.69850
52.23 , 20.4192447662 , 8.70433
52.26 , 20.5278568267 , 8.70983
52.29 , 20.5278568267 , 8.71567
52.33 , 20.5278568267 , 8.72133
52.36 , 20.5278568267 , 8.72717
52.40 , 20.5278568267 , 8.73283
52.43 , 20.6364707946 , 8.73850
52.47 , 20.6364707946 , 8.74417
52.50 , 20.6364707946 , 8.75000
52.53 , 20.7450828552 , 8.75567
52.57 , 20.7450828552 , 8.76150
52.60 , 20.6364707946 , 8.76700
52.64 , 20.6364707946 , 8.77283
52.67 , 20.7450828552 , 8.77850
52.71 , 20.7450828552 , 8.78433
52.74 , 20.7450828552 , 8.79000
52.77 , 20.6364707946 , 8.79567
52.81 , 20.8536968231 , 8.80133
52.84 , 20.7450828552 , 8.80717
52.88 , 20.8536968231 , 8.81283
52.91 , 20.7450828552 , 8.81867
52.95 , 20.8536968231 , 8.82433
52.98 , 20.8536968231 , 8.83000
53.02 , 20.9623088836 , 8.83583
53.05 , 20.8536968231 , 8.84150
53.08 , 20.8536968231 , 8.84733
53.12 , 20.9623088836 , 8.85283
53.15 , 20.8536968231 , 8.85867
53.19 , 20.9623088836 , 8.86433
53.22 , 20.9623088836 , 8.87017
53.26 , 20.9623088836 , 8.87583
53.29 , 21.0709228515 , 8.88150
53.32 , 20.9623088836 , 8.88717
53.36 , 21.0709228515 , 8.89300
53.39 , 21.0709228515 , 8.89867
53.43 , 21.0709228515 , 8.90450
53.46 , 21.0709228515 , 8.91000
53.50 , 21.0709228515 , 8.91583
53.53 , 21.0709228515 , 8.92150
53.56 , 21.1795349121 , 8.92733
53.60 , 21.1795349121 , 8.93300
53.63 , 21.1795349121 , 8.93883
53.67 , 21.1795349121 , 8.94433
53.70 , 21.2881469726 , 8.95017
53.74 , 21.2881469726 , 8.95583
53.77 , 21.1795349121 , 8.96167
53.80 , 21.2881469726 , 8.96733
53.84 , 21.2881469726 , 8.97300
53.87 , 21.2881469726 , 8.97867
53.91 , 21.2881469726 , 8.98450
53.94 , 21.2881469726 , 8.99017
53.98 , 21.1795349121 , 8.99600
54.01 , 21.1795349121 , 9.00150
54.04 , 21.2881469726 , 9.00733
54.08 , 21.3967609405 , 9.01317
54.11 , 21.3967609405 , 9.01883
54.15 , 21.3967609405 , 9.02467
54.18 , 21.3967609405 , 9.03017
54.22 , 21.3967609405 , 9.03600
54.25 , 21.3967609405 , 9.04167
54.29 , 21.5053768157 , 9.04750
54.32 , 21.3967609405 , 9.05317
54.35 , 21.5053768157 , 9.05883
54.39 , 21.5053768157 , 9.06450
54.42 , 21.3967609405 , 9.07033
54.46 , 21.5053768157 , 9.07600
54.49 , 21.5053768157 , 9.08183
54.52 , 21.5053768157 , 9.08733
54.56 , 21.5053768157 , 9.09317
54.59 , 21.5053768157 , 9.09883
54.63 , 21.6139888763 , 9.10467
54.66 , 21.6139888763 , 9.11033
54.70 , 21.6139888763 , 9.11600
54.73 , 21.5053768157 , 9.12167
54.77 , 21.6139888763 , 9.12750
54.80 , 21.7226028442 , 9.13317
54.83 , 21.7226028442 , 9.13900
54.87 , 21.7226028442 , 9.14450
54.90 , 21.6139888763 , 9.15033
54.94 , 21.6139888763 , 9.15600
54.97 , 21.7226028442 , 9.16183
55.01 , 21.7226028442 , 9.16750
55.04 , 21.7226028442 , 9.17333
55.07 , 21.8312149047 , 9.17883
55.11 , 21.7226028442 , 9.18467
55.14 , 21.8312149047 , 9.19050
55.18 , 21.7226028442 , 9.19617
55.21 , 21.8312149047 , 9.20200
55.25 , 21.8312149047 , 9.20750
55.28 , 21.8312149047 , 9.21333
55.31 , 21.9398269653 , 9.21900
55.35 , 21.9398269653 , 9.22483
55.38 , 22.0484409332 , 9.23050
55.42 , 21.9398269653 , 9.23617
55.45 , 22.0484409332 , 9.24183
55.49 , 21.9398269653 , 9.24767
55.52 , 21.9398269653 , 9.25333
55.56 , 21.9398269653 , 9.25917
55.59 , 22.0484409332 , 9.26467
55.62 , 22.0484409332 , 9.27050
55.66 , 22.1570529937 , 9.27617
55.69 , 22.0484409332 , 9.28200
55.73 , 22.1570529937 , 9.28767
55.76 , 22.0484409332 , 9.29333
55.79 , 22.0484409332 , 9.29900
55.83 , 22.0484409332 , 9.30483
55.86 , 22.1570529937 , 9.31050
55.90 , 22.1570529937 , 9.31633
55.93 , 22.2656669616 , 9.32183
55.97 , 22.1570529937 , 9.32767
56.00 , 22.1570529937 , 9.33333
56.04 , 22.1570529937 , 9.33917
56.07 , 22.2656669616 , 9.34483
56.10 , 22.3742790222 , 9.35050
56.14 , 22.1570529937 , 9.35617
56.17 , 22.2656669616 , 9.36200
56.21 , 22.2656669616 , 9.36767
56.24 , 22.3742790222 , 9.37350
56.28 , 22.2656669616 , 9.37917
56.31 , 22.2656669616 , 9.38483
56.34 , 22.2656669616 , 9.39067
56.38 , 22.2656669616 , 9.39633
56.41 , 22.3742790222 , 9.40217
56.45 , 22.3742790222 , 9.40767
56.48 , 22.3742790222 , 9.41350
56.52 , 22.3742790222 , 9.41917
56.55 , 22.3742790222 , 9.42500
56.58 , 22.3742790222 , 9.43067
56.62 , 22.4828929901 , 9.43650
56.65 , 22.4828929901 , 9.44200
56.69 , 22.4828929901 , 9.44783
56.72 , 22.4828929901 , 9.45350
56.76 , 22.4828929901 , 9.45933
56.79 , 22.4828929901 , 9.46500
56.82 , 22.5915050506 , 9.47067
56.86 , 22.4828929901 , 9.47633
56.89 , 22.4828929901 , 9.48217
56.93 , 22.5915050506 , 9.48783
56.96 , 22.5915050506 , 9.49367
57.00 , 22.5915050506 , 9.49917
57.03 , 22.5915050506 , 9.50500
57.06 , 22.5915050506 , 9.51067
57.10 , 22.5915050506 , 9.51650
57.13 , 22.7001190185 , 9.52217
57.17 , 22.7001190185 , 9.52783
57.20 , 22.7001190185 , 9.53350
57.24 , 22.7001190185 , 9.53933
57.27 , 22.8087310791 , 9.54500
57.31 , 22.8087310791 , 9.55083
57.34 , 22.8087310791 , 9.55650
57.37 , 22.8087310791 , 9.56217
57.41 , 22.7001190185 , 9.56800
57.44 , 22.8087310791 , 9.57367
57.48 , 22.9173431396 , 9.57950
57.51 , 22.8087310791 , 9.58500
57.54 , 22.8087310791 , 9.59083
57.58 , 22.9173431396 , 9.59650
57.61 , 22.9173431396 , 9.60233
57.65 , 22.9173431396 , 9.60800
57.68 , 22.9173431396 , 9.61367
57.72 , 22.9173431396 , 9.61933
57.75 , 23.0259571075 , 9.62517
57.79 , 23.0259571075 , 9.63083
57.82 , 22.9173431396 , 9.63667
57.85 , 23.0259571075 , 9.64217
57.89 , 23.0259571075 , 9.64800
57.92 , 23.0259571075 , 9.65367
57.96 , 23.1345691680 , 9.65950
57.99 , 23.1345691680 , 9.66517
58.03 , 23.0259571075 , 9.67083
58.06 , 23.1345691680 , 9.67650
58.09 , 23.1345691680 , 9.68233
58.13 , 23.1345691680 , 9.68800
58.16 , 23.2431831359 , 9.69383
58.20 , 23.2431831359 , 9.69933
58.23 , 23.2431831359 , 9.70517
58.27 , 23.2431831359 , 9.71083
58.30 , 23.2431831359 , 9.71667
58.33 , 23.2431831359 , 9.72233
58.37 , 23.1345691680 , 9.72817
58.40 , 23.3517951965 , 9.73367
58.44 , 23.3517951965 , 9.73950
58.47 , 23.3517951965 , 9.74533
58.51 , 23.2431831359 , 9.75100
58.54 , 23.3517951965 , 9.75683
58.57 , 23.4604091644 , 9.76233
58.61 , 23.4604091644 , 9.76817
58.64 , 23.3517951965 , 9.77383
58.68 , 23.4604091644 , 9.77967
58.71 , 23.3517951965 , 9.78533
58.75 , 23.4604091644 , 9.79100
58.78 , 23.3517951965 , 9.79667
58.81 , 23.3517951965 , 9.80250
58.85 , 23.4604091644 , 9.80817
58.88 , 23.4604091644 , 9.81400
58.92 , 23.5690212249 , 9.81950
58.95 , 23.4604091644 , 9.82533
58.99 , 23.4604091644 , 9.83100
59.02 , 23.5690212249 , 9.83683
59.06 , 23.5690212249 , 9.84250
59.09 , 23.5690212249 , 9.84817
59.12 , 23.5690212249 , 9.85383
59.16 , 23.5690212249 , 9.85967
59.19 , 23.5690212249 , 9.86533
59.23 , 23.6776351928 , 9.87117
59.26 , 23.5690212249 , 9.87667
59.29 , 23.5690212249 , 9.88250
59.33 , 23.6776351928 , 9.88817
59.36 , 23.7862472534 , 9.89400
59.40 , 23.6776351928 , 9.89967
59.43 , 23.7862472534 , 9.90533
59.47 , 23.6776351928 , 9.91100
59.50 , 23.7862472534 , 9.91683
59.54 , 23.7862472534 , 9.92267
59.57 , 23.7862472534 , 9.92833
59.60 , 23.7862472534 , 9.93400
59.64 , 23.8948593139 , 9.93967
59.67 , 23.8948593139 , 9.94550
59.71 , 23.7862472534 , 9.95117
59.74 , 23.8948593139 , 9.95700
59.78 , 23.8948593139 , 9.96267
59.81 , 23.8948593139 , 9.96833
59.84 , 23.8948593139 , 9.97400
59.88 , 23.8948593139 , 9.97983
59.91 , 24.0034732818 , 9.98550
59.95 , 23.8948593139 , 9.99133
59.98 , 24.0034732818 , 9.99683
60.02 , 24.0034732818 , 10.00267
60.05 , 24.0034732818 , 10.00850
60.09 , 24.1120853424 , 10.01450
60.12 , 24.1120853424 , 10.02033
60.16 , 24.0034732818 , 10.02617
60.19 , 24.0034732818 , 10.03200
60.23 , 24.1120853424 , 10.03800
60.26 , 24.1120853424 , 10.04383
60.30 , 24.2207012176 , 10.04983
60.34 , 24.1120853424 , 10.05583
60.37 , 24.2207012176 , 10.06150
60.40 , 24.2207012176 , 10.06750
60.44 , 24.2207012176 , 10.07333
60.48 , 24.1120853424 , 10.07933
60.51 , 24.2207012176 , 10.08517
60.55 , 24.2207012176 , 10.09117
60.58 , 24.2207012176 , 10.09683
60.62 , 24.2207012176 , 10.10283
60.65 , 24.3293151855 , 10.10867
60.69 , 24.3293151855 , 10.11467
60.72 , 24.3293151855 , 10.12050
60.76 , 24.4379272460 , 10.12650
60.79 , 24.3293151855 , 10.13217
60.83 , 24.3293151855 , 10.13817
60.86 , 24.4379272460 , 10.14400
60.90 , 24.4379272460 , 10.15000
60.94 , 24.4379272460 , 10.15600
60.97 , 24.4379272460 , 10.16183
61.01 , 24.3293151855 , 10.16767
61.04 , 24.4379272460 , 10.17350
61.08 , 24.4379272460 , 10.17950
61.11 , 24.5465393066 , 10.18533
61.15 , 24.5465393066 , 10.19133
61.18 , 24.5465393066 , 10.19700
61.22 , 24.5465393066 , 10.20300
61.25 , 24.5465393066 , 10.20883
61.29 , 24.5465393066 , 10.21483
61.32 , 24.5465393066 , 10.22067
61.36 , 24.5465393066 , 10.22667
61.39 , 24.5465393066 , 10.23233
61.43 , 24.5465393066 , 10.23833
61.47 , 24.6551532745 , 10.24433
61.50 , 24.5465393066 , 10.25017
61.54 , 24.6551532745 , 10.25617
61.57 , 24.6551532745 , 10.26200
61.61 , 24.7637653350 , 10.26783
61.64 , 24.6551532745 , 10.27367
61.68 , 24.6551532745 , 10.27967
61.71 , 24.7637653350 , 10.28550
61.75 , 24.7637653350 , 10.29150
61.78 , 24.6551532745 , 10.29733
61.82 , 24.7637653350 , 10.30317
61.85 , 24.7637653350 , 10.30900
61.89 , 24.7637653350 , 10.31500
61.93 , 24.8723793029 , 10.32083
61.96 , 24.8723793029 , 10.32683
62.00 , 24.8723793029 , 10.33267
62.03 , 24.9809913635 , 10.33850
62.07 , 24.8723793029 , 10.34450
62.10 , 24.9809913635 , 10.35033
62.14 , 24.9809913635 , 10.35633
62.17 , 24.9809913635 , 10.36217
62.21 , 24.9809913635 , 10.36817
62.24 , 24.9809913635 , 10.37383
62.28 , 25.0896053314 , 10.37983
62.31 , 25.0896053314 , 10.38567
62.35 , 25.1982173919 , 10.39167
62.38 , 25.0896053314 , 10.39750
62.42 , 25.0896053314 , 10.40333
62.46 , 25.0896053314 , 10.40917
62.49 , 25.1982173919 , 10.41517
62.53 , 25.1982173919 , 10.42100
62.56 , 25.0896053314 , 10.42700
62.60 , 25.3068313598 , 10.43300
62.63 , 25.1982173919 , 10.43867
62.67 , 25.3068313598 , 10.44467
62.70 , 25.1982173919 , 10.45050
62.74 , 25.3068313598 , 10.45650
62.77 , 25.3068313598 , 10.46233
62.81 , 25.3068313598 , 10.46833
62.84 , 25.3068313598 , 10.47400
62.88 , 25.3068313598 , 10.48000
62.92 , 25.4154434204 , 10.48583
62.95 , 25.4154434204 , 10.49183
62.99 , 25.4154434204 , 10.49767
63.02 , 25.4154434204 , 10.50367
63.06 , 25.4154434204 , 10.50933
63.09 , 25.4154434204 , 10.51533
63.13 , 25.5240554809 , 10.52117
63.16 , 25.4154434204 , 10.52717
63.20 , 25.5240554809 , 10.53317
63.23 , 25.5240554809 , 10.53900
63.27 , 25.5240554809 , 10.54483
63.30 , 25.6326694488 , 10.55067
63.34 , 25.5240554809 , 10.55667
63.38 , 25.6326694488 , 10.56250
63.41 , 25.5240554809 , 10.56850
63.45 , 25.6326694488 , 10.57433
63.48 , 25.6326694488 , 10.58017
63.52 , 25.6326694488 , 10.58600
63.55 , 25.6326694488 , 10.59200
63.59 , 25.6326694488 , 10.59783
63.62 , 25.6326694488 , 10.60383
63.66 , 25.6326694488 , 10.60950
63.69 , 25.7412815093 , 10.61550
63.73 , 25.7412815093 , 10.62150
63.76 , 25.7412815093 , 10.62733
63.80 , 25.7412815093 , 10.63333
63.84 , 25.7412815093 , 10.63917
63.87 , 25.8498954772 , 10.64500
63.90 , 25.7412815093 , 10.65083
63.94 , 25.8498954772 , 10.65683
63.98 , 25.9585075378 , 10.66267
64.01 , 25.8498954772 , 10.66867
64.05 , 25.8498954772 , 10.67450
64.08 , 25.8498954772 , 10.68033
64.12 , 25.8498954772 , 10.68617
64.15 , 25.8498954772 , 10.69217
64.19 , 25.9585075378 , 10.69800
64.22 , 25.8498954772 , 10.70400
64.26 , 25.8498954772 , 10.70983
64.29 , 25.9585075378 , 10.71567
64.33 , 25.9585075378 , 10.72167
64.36 , 25.9585075378 , 10.72750
64.40 , 25.9585075378 , 10.73350
64.44 , 26.0671215057 , 10.73933
64.47 , 25.9585075378 , 10.74533
64.51 , 25.9585075378 , 10.75100
64.54 , 25.9585075378 , 10.75700
64.58 , 26.0671215057 , 10.76283
64.61 , 25.9585075378 , 10.76883
64.65 , 26.1757335662 , 10.77467
64.68 , 26.1757335662 , 10.78067
64.72 , 26.1757335662 , 10.78633
64.75 , 26.1757335662 , 10.79233
64.79 , 26.1757335662 , 10.79817
64.82 , 26.1757335662 , 10.80417
64.86 , 26.1757335662 , 10.81017
64.90 , 26.1757335662 , 10.81600
64.93 , 26.2843475341 , 10.82183
64.97 , 26.2843475341 , 10.82767
65.00 , 26.3929595947 , 10.83367
65.04 , 26.2843475341 , 10.83950
65.07 , 26.2843475341 , 10.84550
65.11 , 26.2843475341 , 10.85117
65.14 , 26.2843475341 , 10.85717
65.18 , 26.3929595947 , 10.86300
65.21 , 26.3929595947 , 10.86900
65.25 , 26.3929595947 , 10.87483
65.29 , 26.5015716552 , 10.88083
65.32 , 26.3929595947 , 10.88650
65.36 , 26.3929595947 , 10.89250
65.39 , 26.5015716552 , 10.89833
65.43 , 26.5015716552 , 10.90433
65.46 , 26.5015716552 , 10.91033
65.50 , 26.5015716552 , 10.91617
65.53 , 26.6101856231 , 10.92200
65.57 , 26.5015716552 , 10.92783
65.60 , 26.6101856231 , 10.93383
65.64 , 26.6101856231 , 10.93967
65.67 , 26.6101856231 , 10.94567
65.71 , 26.6101856231 , 10.95150
65.74 , 26.6101856231 , 10.95733
65.78 , 26.6101856231 , 10.96317
65.81 , 26.7187976837 , 10.96917
65.85 , 26.6101856231 , 10.97500
65.89 , 26.6101856231 , 10.98100
65.92 , 26.7187976837 , 10.98683
65.96 , 26.7187976837 , 10.99267
65.99 , 26.7187976837 , 10.99867
66.03 , 26.7187976837 , 11.00450
66.06 , 26.7187976837 , 11.01050
66.10 , 26.7187976837 , 11.01633
66.13 , 26.7187976837 , 11.02233
66.17 , 26.7187976837 , 11.02800
66.20 , 26.8274116516 , 11.03400
66.24 , 26.8274116516 , 11.03983
66.27 , 26.8274116516 , 11.04583
66.31 , 26.8274116516 , 11.05167
66.34 , 26.8274116516 , 11.05750
66.38 , 26.8274116516 , 11.06333
66.42 , 26.8274116516 , 11.06933
66.45 , 26.9360237121 , 11.07517
66.49 , 26.9360237121 , 11.08117
66.52 , 26.9360237121 , 11.08700
66.56 , 26.9360237121 , 11.09283
66.59 , 26.9360237121 , 11.09883
66.63 , 26.9360237121 , 11.10467
66.66 , 26.9360237121 , 11.11067
66.70 , 27.0446395874 , 11.11650
66.73 , 27.0446395874 , 11.12250
66.77 , 27.0446395874 , 11.12817
66.80 , 27.0446395874 , 11.13417
66.84 , 27.0446395874 , 11.14000
66.88 , 27.1532516479 , 11.14600
66.91 , 27.1532516479 , 11.15183
66.95 , 27.1532516479 , 11.15783
66.98 , 27.1532516479 , 11.16350
67.02 , 27.2618656158 , 11.16950
67.05 , 27.1532516479 , 11.17533
67.09 , 27.1532516479 , 11.18133
67.12 , 27.2618656158 , 11.18733
67.16 , 27.2618656158 , 11.19317
67.19 , 27.2618656158 , 11.19900
67.23 , 27.3704776763 , 11.20483
67.26 , 27.3704776763 , 11.21083
67.30 , 27.3704776763 , 11.21667
67.34 , 27.3704776763 , 11.22267
67.37 , 27.4790916442 , 11.22850
67.41 , 27.3704776763 , 11.23433
67.44 , 27.3704776763 , 11.24017
67.48 , 27.3704776763 , 11.24617
67.51 , 27.4790916442 , 11.25200
67.55 , 27.4790916442 , 11.25800
67.58 , 27.3704776763 , 11.26367
67.62 , 27.4790916442 , 11.26967
67.65 , 27.4790916442 , 11.27550
67.69 , 27.4790916442 , 11.28150
67.72 , 27.4790916442 , 11.28750
67.76 , 27.4790916442 , 11.29333
67.79 , 27.4790916442 , 11.29917
67.83 , 27.5877037048 , 11.30500
67.87 , 27.5877037048 , 11.31100
67.90 , 27.5877037048 , 11.31683
67.94 , 27.5877037048 , 11.32283
67.97 , 27.6963176727 , 11.32867
68.01 , 27.5877037048 , 11.33450
68.04 , 27.6963176727 , 11.34033
68.08 , 27.6963176727 , 11.34633
68.11 , 27.6963176727 , 11.35217
68.15 , 27.6963176727 , 11.35817
68.18 , 27.6963176727 , 11.36400
68.22 , 27.6963176727 , 11.36983
68.25 , 27.6963176727 , 11.37583
68.29 , 27.6963176727 , 11.38167
68.33 , 27.8049297332 , 11.38767
68.36 , 27.8049297332 , 11.39350
68.40 , 27.8049297332 , 11.39950
68.43 , 27.6963176727 , 11.40517
68.47 , 27.6963176727 , 11.41117
68.50 , 27.8049297332 , 11.41700
68.54 , 27.9135437011 , 11.42300
68.57 , 27.9135437011 , 11.42883
68.61 , 27.9135437011 , 11.43483
68.64 , 27.9135437011 , 11.44050
68.68 , 27.9135437011 , 11.44650
68.71 , 27.9135437011 , 11.45233
68.75 , 27.9135437011 , 11.45833
68.79 , 27.9135437011 , 11.46417
68.82 , 27.9135437011 , 11.47000
68.86 , 28.0221557617 , 11.47600
68.89 , 28.0221557617 , 11.48183
68.93 , 28.0221557617 , 11.48783
68.96 , 28.0221557617 , 11.49367
69.00 , 28.0221557617 , 11.49967
69.03 , 28.0221557617 , 11.50533
69.07 , 28.1307678222 , 11.51133
69.10 , 28.1307678222 , 11.51717
69.14 , 28.1307678222 , 11.52317
69.17 , 28.1307678222 , 11.52900
69.21 , 28.1307678222 , 11.53500
69.24 , 28.2393817901 , 11.54067
69.28 , 28.1307678222 , 11.54667
69.31 , 28.2393817901 , 11.55250
69.35 , 28.2393817901 , 11.55850
69.39 , 28.2393817901 , 11.56450
69.42 , 28.2393817901 , 11.57033
69.46 , 28.3479938507 , 11.57617
69.49 , 28.2393817901 , 11.58200
69.53 , 28.2393817901 , 11.58800
69.56 , 28.3479938507 , 11.59383
69.60 , 28.3479938507 , 11.59983
69.63 , 28.3479938507 , 11.60567
69.67 , 28.3479938507 , 11.61150
69.70 , 28.3479938507 , 11.61733
69.74 , 28.3479938507 , 11.62333
69.77 , 28.4566078186 , 11.62917
69.81 , 28.4566078186 , 11.63517
69.85 , 28.4566078186 , 11.64100
69.88 , 28.4566078186 , 11.64683
69.92 , 28.4566078186 , 11.65267
69.95 , 28.5652198791 , 11.65867
69.99 , 28.5652198791 , 11.66467
70.02 , 28.5652198791 , 11.67050
70.06 , 28.5652198791 , 11.67650
70.09 , 28.5652198791 , 11.68217
70.13 , 28.5652198791 , 11.68817
70.16 , 28.5652198791 , 11.69400
70.20 , 28.6738338470 , 11.70000
70.23 , 28.5652198791 , 11.70583
70.27 , 28.6738338470 , 11.71167
70.30 , 28.6738338470 , 11.71750
70.34 , 28.7824459075 , 11.72350
70.38 , 28.6738338470 , 11.72933
70.41 , 28.6738338470 , 11.73533
70.45 , 28.6738338470 , 11.74117
70.48 , 28.7824459075 , 11.74700
70.52 , 28.7824459075 , 11.75300
70.55 , 28.7824459075 , 11.75883
70.59 , 28.7824459075 , 11.76483
70.62 , 28.7824459075 , 11.77067
70.66 , 28.7824459075 , 11.77667
70.69 , 28.7824459075 , 11.78233
70.73 , 28.7824459075 , 11.78833
70.76 , 28.7824459075 , 11.79417
70.80 , 28.7824459075 , 11.80017
70.84 , 28.7824459075 , 11.80600
70.87 , 28.8910598754 , 11.81200
70.91 , 28.8910598754 , 11.81767
70.94 , 28.8910598754 , 11.82367
70.98 , 28.9996719360 , 11.82950
71.01 , 28.9996719360 , 11.83550
71.05 , 28.9996719360 , 11.84133
71.08 , 28.9996719360 , 11.84733
71.12 , 28.9996719360 , 11.85317
71.15 , 28.9996719360 , 11.85900
71.19 , 28.9996719360 , 11.86500
71.22 , 28.9996719360 , 11.87083
71.26 , 28.8910598754 , 11.87683
71.30 , 28.9996719360 , 11.88267
71.33 , 29.1082839965 , 11.88850
71.37 , 29.1082839965 , 11.89433
71.40 , 29.1082839965 , 11.90033
71.44 , 29.1082839965 , 11.90617
71.47 , 29.1082839965 , 11.91217
71.51 , 29.1082839965 , 11.91783
71.54 , 29.1082839965 , 11.92383
71.58 , 29.2168979644 , 11.92967
71.61 , 29.2168979644 , 11.93567
71.65 , 29.2168979644 , 11.94167
71.68 , 29.2168979644 , 11.94750
71.72 , 29.2168979644 , 11.95333
71.75 , 29.3255100250 , 11.95917
71.79 , 29.3255100250 , 11.96517
71.83 , 29.3255100250 , 11.97100
71.86 , 29.3255100250 , 11.97700
71.90 , 29.3255100250 , 11.98283
71.93 , 29.3255100250 , 11.98867
71.97 , 29.3255100250 , 11.99450
72.00 , 29.4341239929 , 12.00050
72.04 , 29.4341239929 , 12.00633
72.07 , 29.4341239929 , 12.01233
72.11 , 29.4341239929 , 12.01817
72.14 , 29.5427360534 , 12.02400
72.18 , 29.5427360534 , 12.02983
72.21 , 29.4341239929 , 12.03583
72.25 , 29.5427360534 , 12.04183
72.29 , 29.5427360534 , 12.04767
72.32 , 29.5427360534 , 12.05367
72.36 , 29.5427360534 , 12.05933
72.39 , 29.5427360534 , 12.06533
72.43 , 29.5427360534 , 12.07117
72.46 , 29.6513500213 , 12.07717
72.50 , 29.6513500213 , 12.08300
72.53 , 29.5427360534 , 12.08900
72.57 , 29.6513500213 , 12.09467
72.60 , 29.6513500213 , 12.10067
72.64 , 29.6513500213 , 12.10650
72.68 , 29.6513500213 , 12.11250
72.71 , 29.6513500213 , 12.11833
72.75 , 29.7599639892 , 12.12417
72.78 , 29.7599639892 , 12.13017
72.82 , 29.6513500213 , 12.13600
72.85 , 29.6513500213 , 12.14200
72.89 , 29.6513500213 , 12.14783
72.92 , 29.7599639892 , 12.15383
72.96 , 29.7599639892 , 12.15950
72.99 , 29.7599639892 , 12.16550
73.03 , 29.8685779571 , 12.17133
73.06 , 29.8685779571 , 12.17733
73.10 , 29.7599639892 , 12.18317
73.13 , 29.8685779571 , 12.18917
73.17 , 29.8685779571 , 12.19483
73.20 , 29.8685779571 , 12.20083
73.24 , 29.9771900177 , 12.20667
73.28 , 29.9771900177 , 12.21267
73.31 , 29.8685779571 , 12.21850
73.35 , 29.9771900177 , 12.22450
73.38 , 29.9771900177 , 12.23033
73.42 , 29.9771900177 , 12.23617
73.45 , 29.9771900177 , 12.24217
73.49 , 29.9771900177 , 12.24800
73.52 , 29.9771900177 , 12.25400
73.56 , 30.0858039855 , 12.25983
73.59 , 30.0858039855 , 12.26567
73.63 , 30.0858039855 , 12.27150
73.66 , 29.9771900177 , 12.27750
73.70 , 30.0858039855 , 12.28333
73.74 , 30.0858039855 , 12.28933
73.77 , 30.1944160461 , 12.29517
73.81 , 30.0858039855 , 12.30100
73.84 , 30.0858039855 , 12.30683
73.88 , 30.1944160461 , 12.31283
73.91 , 30.0858039855 , 12.31883
73.95 , 30.1944160461 , 12.32467
73.98 , 30.1944160461 , 12.33067
74.02 , 30.1944160461 , 12.33633
74.05 , 30.1944160461 , 12.34233
74.09 , 30.3030300140 , 12.34817
74.12 , 30.1944160461 , 12.35417
74.16 , 30.1944160461 , 12.36000
74.19 , 30.3030300140 , 12.36583
74.23 , 30.1944160461 , 12.37167
74.27 , 30.3030300140 , 12.37767
74.30 , 30.3030300140 , 12.38350
74.34 , 30.4116420745 , 12.38950
74.37 , 30.3030300140 , 12.39533
74.41 , 30.4116420745 , 12.40117
74.44 , 30.4116420745 , 12.40700
74.48 , 30.4116420745 , 12.41300
74.51 , 30.5202560424 , 12.41900
74.55 , 30.4116420745 , 12.42483
74.58 , 30.5202560424 , 12.43083
74.62 , 30.5202560424 , 12.43650
74.65 , 30.5202560424 , 12.44250
74.69 , 30.5202560424 , 12.44833
74.73 , 30.5202560424 , 12.45433
74.76 , 30.5202560424 , 12.46017
74.80 , 30.6288681030 , 12.46617
74.83 , 30.6288681030 , 12.47183
74.87 , 30.6288681030 , 12.47783
74.90 , 30.6288681030 , 12.48367
74.94 , 30.6288681030 , 12.48967
74.97 , 30.7374801635 , 12.49550
75.01 , 30.7374801635 , 12.50150
75.04 , 30.7374801635 , 12.50733
75.08 , 30.7374801635 , 12.51317
75.11 , 30.7374801635 , 12.51917
75.15 , 30.7374801635 , 12.52500
75.19 , 30.7374801635 , 12.53100
75.22 , 30.7374801635 , 12.53667
75.26 , 30.7374801635 , 12.54267
75.29 , 30.7374801635 , 12.54850
75.33 , 30.7374801635 , 12.55450
75.36 , 30.6288681030 , 12.56033
75.40 , 30.6288681030 , 12.56633
75.43 , 30.7374801635 , 12.57200
75.47 , 30.7374801635 , 12.57800
75.50 , 30.7374801635 , 12.58383
75.54 , 30.6288681030 , 12.58983
75.57 , 30.9547061920 , 12.59567
75.61 , 30.7374801635 , 12.60167
75.64 , 30.8460941314 , 12.60750
75.68 , 30.9547061920 , 12.61333
75.72 , 30.9547061920 , 12.61933
75.75 , 30.9547061920 , 12.62517
75.79 , 30.9547061920 , 12.63117
75.82 , 30.9547061920 , 12.63700
75.86 , 31.0633201599 , 12.64283
75.89 , 30.9547061920 , 12.64867
75.93 , 31.0633201599 , 12.65467
75.96 , 31.0633201599 , 12.66050
76.00 , 31.0633201599 , 12.66650
76.03 , 31.0633201599 , 12.67233
76.07 , 31.0633201599 , 12.67817
76.10 , 31.0633201599 , 12.68400
76.14 , 31.1719322204 , 12.69000
76.18 , 31.1719322204 , 12.69600
76.21 , 31.1719322204 , 12.70183
76.25 , 31.0633201599 , 12.70783
76.28 , 30.9547061920 , 12.71350
76.32 , 31.0633201599 , 12.71950
76.35 , 31.1719322204 , 12.72533
76.39 , 31.1719322204 , 12.73133
76.42 , 31.1719322204 , 12.73717
76.46 , 31.2805461883 , 12.74317
76.49 , 31.1719322204 , 12.74883
76.53 , 31.1719322204 , 12.75483
76.56 , 31.2805461883 , 12.76067
76.60 , 31.2805461883 , 12.76667
76.63 , 31.2805461883 , 12.77250
76.67 , 31.3891582489 , 12.77833
76.70 , 31.3891582489 , 12.78417
76.74 , 31.3891582489 , 12.79017
76.78 , 31.3891582489 , 12.79617
76.81 , 31.3891582489 , 12.80200
76.85 , 31.3891582489 , 12.80800
76.88 , 31.4977722167 , 12.81367
76.92 , 31.4977722167 , 12.81967
76.95 , 31.4977722167 , 12.82550
76.99 , 31.3891582489 , 12.83150
77.02 , 31.4977722167 , 12.83733
77.06 , 31.4977722167 , 12.84333
77.09 , 31.6063842773 , 12.84900
77.13 , 31.4977722167 , 12.85500
77.16 , 31.6063842773 , 12.86083
77.20 , 31.6063842773 , 12.86683
77.24 , 31.6063842773 , 12.87267
77.27 , 31.6063842773 , 12.87867
77.31 , 31.6063842773 , 12.88450
77.34 , 31.7149963378 , 12.89033
77.38 , 31.7149963378 , 12.89633
77.41 , 31.7149963378 , 12.90217
77.45 , 31.7149963378 , 12.90817
77.48 , 31.7149963378 , 12.91400
77.52 , 31.7149963378 , 12.91983
77.55 , 31.7149963378 , 12.92567
77.59 , 31.8236103057 , 12.93167
77.62 , 31.8236103057 , 12.93750
77.66 , 31.8236103057 , 12.94350
77.70 , 31.8236103057 , 12.94933
77.73 , 31.8236103057 , 12.95517
77.77 , 31.8236103057 , 12.96100
77.80 , 31.8236103057 , 12.96700
77.84 , 31.8236103057 , 12.97283
77.87 , 31.8236103057 , 12.97883
77.91 , 31.8236103057 , 12.98467
77.94 , 31.8236103057 , 12.99050
77.98 , 31.8236103057 , 12.99650
78.01 , 31.9322223663 , 13.00233
78.05 , 31.9322223663 , 13.00833
78.08 , 31.9322223663 , 13.01417
78.12 , 31.9322223663 , 13.02000
78.15 , 31.9322223663 , 13.02583
78.19 , 32.0408363342 , 13.03183
78.23 , 31.9322223663 , 13.03767
78.26 , 31.9322223663 , 13.04367
78.30 , 32.0408363342 , 13.04950
78.33 , 31.9322223663 , 13.05533
78.37 , 32.0408363342 , 13.06117
78.40 , 32.0408363342 , 13.06717
78.44 , 32.0408363342 , 13.07317
78.47 , 32.1494483947 , 13.07900
78.51 , 32.1494483947 , 13.08500
78.54 , 32.1494483947 , 13.09067
78.58 , 32.1494483947 , 13.09667
78.61 , 32.1494483947 , 13.10250
78.65 , 32.1494483947 , 13.10850
78.69 , 32.2580604553 , 13.11433
78.72 , 32.1494483947 , 13.12033
78.76 , 32.2580604553 , 13.12600
78.79 , 32.2580604553 , 13.13200
78.83 , 32.2580604553 , 13.13783
78.86 , 32.3666763305 , 13.14383
78.90 , 32.3666763305 , 13.14967
78.93 , 32.3666763305 , 13.15567
78.97 , 32.3666763305 , 13.16133
79.00 , 32.3666763305 , 13.16733
79.04 , 32.3666763305 , 13.17333
79.07 , 32.3666763305 , 13.17917
79.11 , 32.3666763305 , 13.18517
79.14 , 32.4752883911 , 13.19083
79.18 , 32.4752883911 , 13.19683
79.22 , 32.4752883911 , 13.20267
79.25 , 32.4752883911 , 13.20867
79.29 , 32.5839004516 , 13.21450
79.32 , 32.5839004516 , 13.22050
79.36 , 32.4752883911 , 13.22617
79.39 , 32.5839004516 , 13.23217
79.43 , 32.4752883911 , 13.23800
79.46 , 32.5839004516 , 13.24400
79.50 , 32.5839004516 , 13.24983
79.54 , 32.5839004516 , 13.25583
79.57 , 32.6925125122 , 13.26167
79.61 , 32.5839004516 , 13.26750
79.64 , 32.6925125122 , 13.27350
79.68 , 32.6925125122 , 13.27933
79.71 , 32.6925125122 , 13.28533
79.75 , 32.6925125122 , 13.29117
79.78 , 32.8011245727 , 13.29700
79.82 , 32.6925125122 , 13.30283
79.85 , 32.8011245727 , 13.30883
79.89 , 32.8011245727 , 13.31467
79.92 , 32.6925125122 , 13.32067
79.96 , 32.6925125122 , 13.32650
79.99 , 32.8011245727 , 13.33233
80.03 , 32.8011245727 , 13.33817
80.06 , 32.8011245727 , 13.34417
80.10 , 32.9097404479 , 13.35000
80.14 , 32.8011245727 , 13.35600
80.17 , 32.8011245727 , 13.36200
80.21 , 32.9097404479 , 13.36767
80.24 , 32.9097404479 , 13.37367
80.28 , 32.8011245727 , 13.37950
80.31 , 32.9097404479 , 13.38550
80.35 , 32.9097404479 , 13.39133
80.38 , 33.0183525085 , 13.39733
80.42 , 32.9097404479 , 13.40300
80.45 , 32.9097404479 , 13.40900
80.49 , 33.0183525085 , 13.41483
80.52 , 33.0183525085 , 13.42083
80.56 , 33.0183525085 , 13.42667
80.59 , 33.0183525085 , 13.43250
80.63 , 33.0183525085 , 13.43833
80.67 , 33.1269645690 , 13.44433
80.70 , 33.0183525085 , 13.45033
80.74 , 33.1269645690 , 13.45617
80.77 , 33.1269645690 , 13.46217
80.81 , 33.1269645690 , 13.46783
80.84 , 33.1269645690 , 13.47383
80.88 , 33.1269645690 , 13.47967
80.91 , 33.1269645690 , 13.48567
80.95 , 33.1269645690 , 13.49150
80.98 , 33.1269645690 , 13.49750
81.02 , 33.1269645690 , 13.50317
81.05 , 33.1269645690 , 13.50917
81.09 , 33.2355766296 , 13.51500
81.13 , 33.2355766296 , 13.52100
81.16 , 33.2355766296 , 13.52683
81.20 , 33.2355766296 , 13.53283
81.23 , 33.3441925048 , 13.53850
81.27 , 33.2355766296 , 13.54450
81.30 , 33.3441925048 , 13.55050
81.34 , 33.3441925048 , 13.55633
81.37 , 33.2355766296 , 13.56233
81.41 , 33.3441925048 , 13.56817
81.44 , 33.3441925048 , 13.57400
81.48 , 33.4528045654 , 13.57983
81.51 , 33.3441925048 , 13.58583
81.55 , 33.4528045654 , 13.59167
81.59 , 33.5614166259 , 13.59767
81.62 , 33.4528045654 , 13.60333
81.66 , 33.5614166259 , 13.60933
81.69 , 33.5614166259 , 13.61517
81.73 , 33.4528045654 , 13.62117
81.76 , 33.5614166259 , 13.62700
81.80 , 33.5614166259 , 13.63300
81.83 , 33.5614166259 , 13.63883
81.87 , 33.5614166259 , 13.64467
81.90 , 33.5614166259 , 13.65067
81.94 , 33.6700286865 , 13.65650
81.97 , 33.6700286865 , 13.66250
82.01 , 33.5614166259 , 13.66833
82.04 , 33.6700286865 , 13.67417
82.08 , 33.6700286865 , 13.68000
82.12 , 33.7786407470 , 13.68600
82.15 , 33.6700286865 , 13.69183
82.19 , 33.7786407470 , 13.69783
82.22 , 33.5614166259 , 13.70367
82.26 , 33.7786407470 , 13.70950
82.29 , 33.7786407470 , 13.71533
82.33 , 33.7786407470 , 13.72133
82.36 , 33.7786407470 , 13.72717
82.40 , 33.7786407470 , 13.73317
82.43 , 33.7786407470 , 13.73917
82.47 , 33.8872566223 , 13.74483
82.50 , 33.8872566223 , 13.75083
82.54 , 33.7786407470 , 13.75667
82.58 , 33.8872566223 , 13.76267
82.61 , 33.7786407470 , 13.76850
82.65 , 33.8872566223 , 13.77450
82.68 , 33.9958724975 , 13.78017
82.72 , 33.8872566223 , 13.78617
82.75 , 33.8872566223 , 13.79200
82.79 , 33.8872566223 , 13.79800
82.82 , 33.9958724975 , 13.80383
82.86 , 33.9958724975 , 13.80983
82.89 , 33.9958724975 , 13.81550
82.93 , 34.1044845581 , 13.82150
82.96 , 33.9958724975 , 13.82750
83.00 , 33.9958724975 , 13.83333
83.04 , 34.1044845581 , 13.83933
83.07 , 33.9958724975 , 13.84500
83.11 , 33.9958724975 , 13.85100
83.14 , 34.1044845581 , 13.85683
83.18 , 34.1044845581 , 13.86283
83.21 , 34.1044845581 , 13.86867
83.25 , 34.1044845581 , 13.87467
83.28 , 34.1044845581 , 13.88033
83.32 , 33.9958724975 , 13.88633
83.35 , 34.2131004333 , 13.89217
83.39 , 34.1044845581 , 13.89817
83.42 , 34.1044845581 , 13.90400
83.46 , 34.2131004333 , 13.91000
83.49 , 34.2131004333 , 13.91567
83.53 , 34.3217124938 , 13.92167
83.57 , 34.2131004333 , 13.92767
83.60 , 34.3217124938 , 13.93350
83.64 , 34.3217124938 , 13.93950
83.67 , 34.3217124938 , 13.94533
83.71 , 34.3217124938 , 13.95117
83.74 , 34.3217124938 , 13.95700
83.78 , 34.3217124938 , 13.96300
83.81 , 34.4303245544 , 13.96883
83.85 , 34.4303245544 , 13.97483
83.88 , 34.3217124938 , 13.98067
83.92 , 34.4303245544 , 13.98650
83.95 , 34.4303245544 , 13.99233
83.99 , 34.4303245544 , 13.99833
84.02 , 34.4303245544 , 14.00417
84.06 , 34.4303245544 , 14.01017
84.10 , 34.5389366149 , 14.01617
84.13 , 34.5389366149 , 14.02183
84.17 , 34.5389366149 , 14.02783
84.20 , 34.5389366149 , 14.03367
84.24 , 34.6475524902 , 14.03967
84.27 , 34.6475524902 , 14.04550
84.31 , 34.5389366149 , 14.05133
84.34 , 34.6475524902 , 14.05717
84.38 , 34.5389366149 , 14.06317
84.41 , 34.6475524902 , 14.06900
84.45 , 34.6475524902 , 14.07500
84.48 , 34.6475524902 , 14.08083
84.52 , 34.6475524902 , 14.08667
84.55 , 34.7561645507 , 14.09250
84.59 , 34.6475524902 , 14.09850
84.63 , 34.7561645507 , 14.10433
84.66 , 34.7561645507 , 14.11033
84.70 , 34.8647766113 , 14.11633
84.73 , 34.7561645507 , 14.12200
84.77 , 34.7561645507 , 14.12800
84.80 , 34.7561645507 , 14.13383
84.84 , 34.8647766113 , 14.13983
84.87 , 34.7561645507 , 14.14567
84.91 , 34.8647766113 , 14.15167
84.94 , 34.7561645507 , 14.15733
84.98 , 34.8647766113 , 14.16333
85.01 , 34.7561645507 , 14.16917
85.05 , 34.8647766113 , 14.17517
85.09 , 34.7561645507 , 14.18100
85.12 , 34.9733886718 , 14.18700
85.16 , 34.8647766113 , 14.19267
85.19 , 34.9733886718 , 14.19867
85.23 , 34.8647766113 , 14.20467
85.26 , 34.8647766113 , 14.21050
85.30 , 34.9733886718 , 14.21650
85.33 , 35.0820007324 , 14.22233
85.37 , 34.9733886718 , 14.22817
85.40 , 34.9733886718 , 14.23400
85.44 , 35.0820007324 , 14.24000
85.47 , 34.9733886718 , 14.24583
85.51 , 35.0820007324 , 14.25183
85.54 , 34.9733886718 , 14.25750
85.58 , 35.0820007324 , 14.26350
85.62 , 35.0820007324 , 14.26933
85.65 , 35.0820007324 , 14.27533
85.69 , 35.0820007324 , 14.28117
85.72 , 35.1906166076 , 14.28717
85.76 , 35.0820007324 , 14.29283
85.79 , 35.0820007324 , 14.29883
85.83 , 35.1906166076 , 14.30483
85.86 , 35.0820007324 , 14.31067
85.90 , 35.1906166076 , 14.31667
85.93 , 35.1906166076 , 14.32250
85.97 , 35.1906166076 , 14.32833
86.00 , 35.2992286682 , 14.33417
86.04 , 35.2992286682 , 14.34017
86.08 , 35.2992286682 , 14.34600
86.11 , 35.2992286682 , 14.35200
86.15 , 35.2992286682 , 14.35783
86.18 , 35.2992286682 , 14.36367
86.22 , 35.2992286682 , 14.36950
86.25 , 35.4078407287 , 14.37550
86.29 , 35.2992286682 , 14.38133
86.32 , 35.4078407287 , 14.38733
86.36 , 35.4078407287 , 14.39333
86.39 , 35.4078407287 , 14.39900
86.43 , 35.2992286682 , 14.40500
86.46 , 35.4078407287 , 14.41083
86.50 , 35.4078407287 , 14.41683
86.54 , 35.4078407287 , 14.42267
86.57 , 35.5164527893 , 14.42867
86.61 , 35.4078407287 , 14.43433
86.64 , 35.5164527893 , 14.44033
86.68 , 35.5164527893 , 14.44617
86.71 , 35.5164527893 , 14.45217
86.75 , 35.5164527893 , 14.45800
86.78 , 35.5164527893 , 14.46400
86.82 , 35.6250686645 , 14.46967
86.85 , 35.6250686645 , 14.47567
86.89 , 35.6250686645 , 14.48150
86.93 , 35.6250686645 , 14.48750
86.96 , 35.7336807250 , 14.49350
87.00 , 35.6250686645 , 14.49917
87.03 , 35.7336807250 , 14.50517
87.07 , 35.8422927856 , 14.51100
87.10 , 35.7336807250 , 14.51700
87.14 , 35.7336807250 , 14.52283
87.17 , 35.7336807250 , 14.52883
87.21 , 35.7336807250 , 14.53450
87.24 , 35.7336807250 , 14.54050
87.28 , 35.7336807250 , 14.54633
87.31 , 35.7336807250 , 14.55233
87.35 , 35.8422927856 , 14.55817
87.38 , 35.7336807250 , 14.56417
87.42 , 35.8422927856 , 14.56983
87.45 , 35.8422927856 , 14.57583
87.49 , 35.7336807250 , 14.58183
87.53 , 35.7336807250 , 14.58767
87.56 , 35.8422927856 , 14.59367
87.60 , 35.8422927856 , 14.59950
87.63 , 35.8422927856 , 14.60533
87.67 , 35.9509048461 , 14.61117
87.70 , 35.9509048461 , 14.61717
87.74 , 35.9509048461 , 14.62300
87.77 , 35.9509048461 , 14.62900
87.81 , 36.0595169067 , 14.63483
87.84 , 35.9509048461 , 14.64067
87.88 , 35.9509048461 , 14.64650
87.91 , 35.9509048461 , 14.65250
87.95 , 35.9509048461 , 14.65833
87.99 , 36.0595169067 , 14.66433
88.02 , 36.0595169067 , 14.67000
88.06 , 36.1681327819 , 14.67600
88.09 , 36.0595169067 , 14.68200
88.13 , 36.0595169067 , 14.68783
88.16 , 36.0595169067 , 14.69383
88.20 , 36.0595169067 , 14.69967
88.23 , 36.0595169067 , 14.70550
88.27 , 36.1681327819 , 14.71133
88.30 , 36.1681327819 , 14.71733
88.34 , 36.1681327819 , 14.72317
88.37 , 36.1681327819 , 14.72917
88.41 , 36.1681327819 , 14.73500
88.44 , 36.1681327819 , 14.74083
88.48 , 36.1681327819 , 14.74667
88.52 , 36.2767448425 , 14.75267
88.55 , 36.2767448425 , 14.75850
88.59 , 36.2767448425 , 14.76450
88.62 , 36.1681327819 , 14.77050
88.66 , 36.3853569030 , 14.77617
88.69 , 36.2767448425 , 14.78217
88.73 , 36.2767448425 , 14.78800
88.76 , 36.3853569030 , 14.79400
88.80 , 36.3853569030 , 14.79983
88.83 , 36.4939689636 , 14.80583
88.87 , 36.3853569030 , 14.81150
88.90 , 36.3853569030 , 14.81750
88.94 , 36.3853569030 , 14.82333
88.98 , 36.3853569030 , 14.82933
89.01 , 36.4939689636 , 14.83517
89.05 , 36.4939689636 , 14.84117
89.08 , 36.4939689636 , 14.84683
89.12 , 36.4939689636 , 14.85283
89.15 , 36.4939689636 , 14.85867
89.19 , 36.6025848388 , 14.86467
89.22 , 36.6025848388 , 14.87067
89.26 , 36.4939689636 , 14.87650
89.29 , 36.4939689636 , 14.88233
89.33 , 36.6025848388 , 14.88817
89.36 , 36.6025848388 , 14.89417
89.40 , 36.6025848388 , 14.90000
89.44 , 36.6025848388 , 14.90600
89.47 , 36.6025848388 , 14.91167
89.51 , 36.6025848388 , 14.91767
89.54 , 36.6025848388 , 14.92350
89.58 , 36.7111968994 , 14.92950
89.61 , 36.6025848388 , 14.93533
89.65 , 36.7111968994 , 14.94133
89.68 , 36.7111968994 , 14.94700
89.72 , 36.7111968994 , 14.95300
89.75 , 36.7111968994 , 14.95900
89.79 , 36.7111968994 , 14.96483
89.82 , 36.7111968994 , 14.97083
89.86 , 36.7111968994 , 14.97667
89.89 , 36.8198089599 , 14.98250
89.93 , 36.8198089599 , 14.98833
89.97 , 36.8198089599 , 14.99433
90.00 , 36.8198089599 , 15.00017
90.04 , 36.9284210205 , 15.00617
90.07 , 36.9284210205 , 15.01200
90.11 , 36.8198089599 , 15.01783
90.14 , 36.8198089599 , 15.02367
90.18 , 36.8198089599 , 15.02967
90.21 , 36.8198089599 , 15.03550
90.25 , 36.8198089599 , 15.04150
90.28 , 36.8198089599 , 15.04733
90.32 , 36.9284210205 , 15.05317
90.36 , 36.9284210205 , 15.05917
90.39 , 36.9284210205 , 15.06500
90.43 , 36.9284210205 , 15.07100
90.46 , 36.9284210205 , 15.07683
90.50 , 37.0370330810 , 15.08283
90.53 , 36.9284210205 , 15.08850
90.57 , 36.9284210205 , 15.09450
90.60 , 36.9284210205 , 15.10033
90.64 , 36.9284210205 , 15.10633
90.67 , 37.0370330810 , 15.11217
90.71 , 37.0370330810 , 15.11800
90.74 , 37.0370330810 , 15.12383
90.78 , 37.0370330810 , 15.12983
90.81 , 37.1456489562 , 15.13567
90.85 , 37.1456489562 , 15.14167
90.89 , 37.1456489562 , 15.14767
90.92 , 37.0370330810 , 15.15333
90.96 , 37.1456489562 , 15.15933
90.99 , 37.1456489562 , 15.16517
91.03 , 37.1456489562 , 15.17117
91.06 , 37.2542610168 , 15.17700
91.10 , 37.1456489562 , 15.18300
91.13 , 37.2542610168 , 15.18867
91.17 , 37.2542610168 , 15.19467
91.20 , 37.2542610168 , 15.20050
91.24 , 37.2542610168 , 15.20650
91.27 , 37.2542610168 , 15.21233
91.31 , 37.2542610168 , 15.21833
91.34 , 37.3628730773 , 15.22400
91.38 , 37.3628730773 , 15.23000
91.41 , 37.3628730773 , 15.23583
91.45 , 37.3628730773 , 15.24183
91.49 , 37.3628730773 , 15.24783
91.52 , 37.3628730773 , 15.25367
91.56 , 37.3628730773 , 15.25950
91.59 , 37.3628730773 , 15.26533
91.63 , 37.4714851379 , 15.27133
91.66 , 37.4714851379 , 15.27717
91.70 , 37.4714851379 , 15.28317
91.73 , 37.4714851379 , 15.28900
91.77 , 37.5801010131 , 15.29483
91.80 , 37.4714851379 , 15.30067
91.84 , 37.5801010131 , 15.30667
91.87 , 37.5801010131 , 15.31250
91.91 , 37.6887130737 , 15.31850
91.94 , 37.5801010131 , 15.32417
91.98 , 37.4714851379 , 15.33017
92.02 , 37.5801010131 , 15.33617
92.05 , 37.5801010131 , 15.34200
92.09 , 37.6887130737 , 15.34800
92.12 , 37.6887130737 , 15.35383
92.16 , 37.5801010131 , 15.35967
92.19 , 37.5801010131 , 15.36550
92.23 , 37.5801010131 , 15.37150
92.26 , 37.5801010131 , 15.37733
92.30 , 37.5801010131 , 15.38333
92.33 , 37.6887130737 , 15.38917
92.37 , 37.6887130737 , 15.39500
92.40 , 37.6887130737 , 15.40083
92.44 , 37.7973251342 , 15.40683
92.48 , 37.6887130737 , 15.41267
92.51 , 37.6887130737 , 15.41867
92.55 , 37.7973251342 , 15.42450
92.58 , 37.7973251342 , 15.43033
92.62 , 37.7973251342 , 15.43633
92.65 , 37.7973251342 , 15.44217
92.69 , 37.7973251342 , 15.44817
92.72 , 37.7973251342 , 15.45400
92.76 , 37.7973251342 , 15.46000
92.79 , 37.9059371948 , 15.46567
92.83 , 37.7973251342 , 15.47167
92.86 , 37.7973251342 , 15.47750
92.90 , 37.9059371948 , 15.48350
92.94 , 37.9059371948 , 15.48933
92.97 , 37.9059371948 , 15.49533
93.01 , 37.9059371948 , 15.50100
93.04 , 37.9059371948 , 15.50700
93.08 , 37.9059371948 , 15.51283
93.11 , 37.9059371948 , 15.51883
93.15 , 37.9059371948 , 15.52483
93.18 , 38.0145492553 , 15.53067
93.22 , 38.0145492553 , 15.53650
93.25 , 38.0145492553 , 15.54233
93.29 , 38.1231651306 , 15.54833
93.32 , 38.1231651306 , 15.55417
93.36 , 38.0145492553 , 15.56017
93.39 , 38.1231651306 , 15.56583
93.43 , 38.1231651306 , 15.57183
93.47 , 38.1231651306 , 15.57767
93.50 , 38.1231651306 , 15.58367
93.54 , 38.1231651306 , 15.58950
93.57 , 38.1231651306 , 15.59550
93.61 , 38.2317771911 , 15.60117
93.64 , 38.2317771911 , 15.60717
93.68 , 38.1231651306 , 15.61300
93.71 , 38.2317771911 , 15.61900
93.75 , 38.2317771911 , 15.62500
93.79 , 38.2317771911 , 15.63083
93.82 , 38.3403892517 , 15.63667
93.86 , 38.2317771911 , 15.64250
93.89 , 38.2317771911 , 15.64850
93.93 , 38.2317771911 , 15.65433
93.96 , 38.3403892517 , 15.66033
94.00 , 38.3403892517 , 15.66617
94.03 , 38.3403892517 , 15.67200
94.07 , 38.3403892517 , 15.67783
94.10 , 38.4490013122 , 15.68383
94.14 , 38.4490013122 , 15.68967
94.17 , 38.3403892517 , 15.69567
94.21 , 38.4490013122 , 15.70150
94.24 , 38.4490013122 , 15.70733
94.28 , 38.4490013122 , 15.71333
94.31 , 38.4490013122 , 15.71917
94.35 , 38.4490013122 , 15.72517
94.39 , 38.5576171875 , 15.73100
94.42 , 38.5576171875 , 15.73700
94.46 , 38.5576171875 , 15.74267
94.49 , 38.5576171875 , 15.74867
94.53 , 38.5576171875 , 15.75450
94.56 , 38.5576171875 , 15.76050
94.60 , 38.4490013122 , 15.76633
94.63 , 38.6662292480 , 15.77217
94.67 , 38.5576171875 , 15.77800
94.70 , 38.6662292480 , 15.78400
94.74 , 38.5576171875 , 15.78983
94.77 , 38.5576171875 , 15.79583
94.81 , 38.6662292480 , 15.80167
94.84 , 38.6662292480 , 15.80750
94.88 , 38.6662292480 , 15.81350
94.92 , 38.5576171875 , 15.81933
94.95 , 38.7748413085 , 15.82533
94.99 , 38.5576171875 , 15.83117
95.02 , 38.6662292480 , 15.83717
95.06 , 38.7748413085 , 15.84283
95.09 , 38.7748413085 , 15.84883
95.13 , 38.6662292480 , 15.85467
95.16 , 38.7748413085 , 15.86067
95.20 , 38.6662292480 , 15.86650
95.23 , 38.6662292480 , 15.87250
95.27 , 38.7748413085 , 15.87817
95.30 , 38.7748413085 , 15.88417
95.34 , 38.7748413085 , 15.89000
95.38 , 38.7748413085 , 15.89600
95.41 , 38.8834533691 , 15.90200
95.45 , 38.9920654296 , 15.90783
95.48 , 38.7748413085 , 15.91367
95.52 , 38.8834533691 , 15.91950
95.55 , 38.8834533691 , 15.92550
95.59 , 38.8834533691 , 15.93133
95.62 , 38.8834533691 , 15.93733
95.66 , 38.8834533691 , 15.94317
95.69 , 38.8834533691 , 15.94900
95.73 , 38.8834533691 , 15.95483
95.76 , 38.9920654296 , 15.96083
95.80 , 38.9920654296 , 15.96667
95.84 , 38.9920654296 , 15.97267
95.87 , 38.9920654296 , 15.97833
95.91 , 38.9920654296 , 15.98433
95.94 , 39.1006813049 , 15.99017
95.98 , 38.9920654296 , 15.99617
96.01 , 39.1006813049 , 16.00217
96.05 , 38.9920654296 , 16.00800
96.08 , 39.1006813049 , 16.01383
96.12 , 39.1006813049 , 16.01967
96.15 , 39.1006813049 , 16.02567
96.19 , 39.1006813049 , 16.03150
96.22 , 39.1006813049 , 16.03750
96.26 , 39.1006813049 , 16.04334
96.29 , 39.1006813049 , 16.04917
96.33 , 39.2092933654 , 16.05500
96.37 , 39.1006813049 , 16.06100
96.40 , 39.2092933654 , 16.06683
96.44 , 39.2092933654 , 16.07283
96.47 , 39.2092933654 , 16.07867
96.51 , 39.2092933654 , 16.08450
96.54 , 39.2092933654 , 16.09050
96.58 , 39.2092933654 , 16.09634
96.61 , 39.2092933654 , 16.10233
96.65 , 39.2092933654 , 16.10817
96.68 , 39.3179054260 , 16.11417
96.72 , 39.3179054260 , 16.11984
96.75 , 39.3179054260 , 16.12583
96.79 , 39.3179054260 , 16.13167
96.83 , 39.3179054260 , 16.13767
96.86 , 39.3179054260 , 16.14350
96.90 , 39.3179054260 , 16.14950
96.93 , 39.4265174865 , 16.15517
96.97 , 39.3179054260 , 16.16117
97.00 , 39.4265174865 , 16.16700
97.04 , 39.4265174865 , 16.17300
97.07 , 39.4265174865 , 16.17883
97.11 , 39.5351371765 , 16.18467
97.14 , 39.4265174865 , 16.19067
97.18 , 39.4265174865 , 16.19650
97.21 , 39.4265174865 , 16.20250
97.25 , 39.5351371765 , 16.20833
97.29 , 39.5351371765 , 16.21434
97.32 , 39.5351371765 , 16.22000
97.36 , 39.5351371765 , 16.22600
97.39 , 39.5351371765 , 16.23184
97.43 , 39.5351371765 , 16.23784
97.46 , 39.5351371765 , 16.24367
97.50 , 39.5351371765 , 16.24967
97.53 , 39.5351371765 , 16.25533
97.57 , 39.5351371765 , 16.26133
97.60 , 39.5351371765 , 16.26717
97.64 , 39.6437492370 , 16.27317
97.68 , 39.6437492370 , 16.27917
97.71 , 39.7523612976 , 16.28500
97.75 , 39.6437492370 , 16.29084
97.78 , 39.7523612976 , 16.29667
97.82 , 39.6437492370 , 16.30267
97.85 , 39.7523612976 , 16.30850
97.89 , 39.6437492370 , 16.31450
97.92 , 39.7523612976 , 16.32033
97.96 , 39.7523612976 , 16.32617
97.99 , 39.7523612976 , 16.33200
98.03 , 39.8609771728 , 16.33800
98.06 , 39.8609771728 , 16.34383
98.10 , 39.8609771728 , 16.34984
98.13 , 39.9695892333 , 16.35567
98.17 , 39.8609771728 , 16.36150
98.20 , 39.8609771728 , 16.36734
98.24 , 39.9695892333 , 16.37333
98.28 , 39.9695892333 , 16.37933
98.31 , 39.8609771728 , 16.38517
98.35 , 39.9695892333 , 16.39117
98.38 , 39.9695892333 , 16.39683
98.42 , 40.0782012939 , 16.40283
98.45 , 39.9695892333 , 16.40867
98.49 , 40.0782012939 , 16.41467
98.52 , 40.0782012939 , 16.42050
98.56 , 39.9695892333 , 16.42634
98.59 , 39.9695892333 , 16.43217
98.63 , 40.0782012939 , 16.43817
98.66 , 40.0782012939 , 16.44400
98.70 , 40.0782012939 , 16.45000
98.73 , 40.0782012939 , 16.45583
98.77 , 40.0782012939 , 16.46167
98.81 , 40.1868133544 , 16.46767
98.84 , 40.1868133544 , 16.47350
98.88 , 40.1868133544 , 16.47950
98.91 , 40.1868133544 , 16.48534
98.95 , 40.2954254150 , 16.49133
98.98 , 40.1868133544 , 16.49700
99.02 , 40.1868133544 , 16.50300
99.05 , 40.2954254150 , 16.50884
99.09 , 40.2954254150 , 16.51483
99.12 , 40.2954254150 , 16.52067
99.16 , 40.4040412902 , 16.52667
99.19 , 40.4040412902 , 16.53233
99.23 , 40.4040412902 , 16.53833
99.26 , 40.2954254150 , 16.54417
99.30 , 40.4040412902 , 16.55017
99.34 , 40.4040412902 , 16.55600
99.37 , 40.2954254150 , 16.56200
99.41 , 40.4040412902 , 16.56783
99.44 , 40.4040412902 , 16.57367
99.48 , 40.4040412902 , 16.57967
99.51 , 40.4040412902 , 16.58550
99.55 , 40.4040412902 , 16.59150
99.58 , 40.4040412902 , 16.59733
99.62 , 40.5126533508 , 16.60317
99.65 , 40.5126533508 , 16.60900
99.69 , 40.4040412902 , 16.61500
99.72 , 40.5126533508 , 16.62084
99.76 , 40.5126533508 , 16.62684
99.79 , 40.5126533508 , 16.63250
99.83 , 40.5126533508 , 16.63850
99.87 , 40.5126533508 , 16.64433
99.90 , 40.6212654113 , 16.65033
99.94 , 40.5126533508 , 16.65633
99.97 , 40.6212654113 , 16.66217
100.01 , 40.5126533508 , 16.66800
100.04 , 40.6212654113 , 16.67400
100.08 , 40.6212654113 , 16.68017
100.12 , 40.6212654113 , 16.68617
100.15 , 40.6212654113 , 16.69233
100.19 , 40.7298774719 , 16.69833
100.23 , 40.6212654113 , 16.70450
100.26 , 40.7298774719 , 16.71034
100.30 , 40.7298774719 , 16.71650
100.33 , 40.7298774719 , 16.72250
100.37 , 40.7298774719 , 16.72867
100.41 , 40.8384933471 , 16.73483
100.44 , 40.7298774719 , 16.74083
100.48 , 40.7298774719 , 16.74700
100.52 , 40.8384933471 , 16.75284
100.55 , 40.8384933471 , 16.75900
100.59 , 40.8384933471 , 16.76500
100.63 , 40.7298774719 , 16.77117
100.66 , 40.9471054077 , 16.77717
100.70 , 40.8384933471 , 16.78333
100.74 , 40.8384933471 , 16.78950
100.77 , 40.9471054077 , 16.79533
100.81 , 40.9471054077 , 16.80150
100.84 , 40.8384933471 , 16.80750
100.88 , 40.9471054077 , 16.81367
100.92 , 40.9471054077 , 16.81967
100.95 , 40.9471054077 , 16.82583
100.99 , 40.9471054077 , 16.83167
101.03 , 41.0557174682 , 16.83783
101.06 , 41.0557174682 , 16.84383
101.10 , 41.0557174682 , 16.85000
101.14 , 40.9471054077 , 16.85617
101.17 , 41.0557174682 , 16.86217
101.21 , 41.0557174682 , 16.86833
101.25 , 41.1643295288 , 16.87417
101.28 , 41.1643295288 , 16.88033
101.32 , 41.1643295288 , 16.88633
101.36 , 41.1643295288 , 16.89250
101.39 , 41.1643295288 , 16.89850
101.43 , 41.1643295288 , 16.90467
101.46 , 41.1643295288 , 16.91067
101.50 , 41.1643295288 , 16.91667
101.54 , 41.1643295288 , 16.92284
101.57 , 41.2729415893 , 16.92883
101.61 , 41.2729415893 , 16.93500
101.65 , 41.2729415893 , 16.94100
101.68 , 41.1643295288 , 16.94717
101.72 , 41.1643295288 , 16.95317
101.75 , 41.2729415893 , 16.95917
101.79 , 41.2729415893 , 16.96517
101.83 , 41.2729415893 , 16.97134
101.86 , 41.3815574645 , 16.97733
101.90 , 41.2729415893 , 16.98350
101.94 , 41.3815574645 , 16.98967
101.97 , 41.2729415893 , 16.99567
102.01 , 41.2729415893 , 17.00167
102.05 , 41.3815574645 , 17.00767
102.08 , 41.3815574645 , 17.01383
102.12 , 41.3815574645 , 17.01984
102.16 , 41.3815574645 , 17.02600
102.19 , 41.4901695251 , 17.03200
102.23 , 41.4901695251 , 17.03800
102.26 , 41.3815574645 , 17.04400
102.30 , 41.4901695251 , 17.05017
102.34 , 41.4901695251 , 17.05633
102.37 , 41.4901695251 , 17.06233
102.41 , 41.5987815856 , 17.06850
102.45 , 41.5987815856 , 17.07450
102.48 , 41.4901695251 , 17.08050
102.52 , 41.4901695251 , 17.08650
102.56 , 41.5987815856 , 17.09267
102.59 , 41.4901695251 , 17.09867
102.63 , 41.5987815856 , 17.10483
102.66 , 41.5987815856 , 17.11083
102.70 , 41.5987815856 , 17.11700
102.74 , 41.5987815856 , 17.12300
102.77 , 41.5987815856 , 17.12900
102.81 , 41.7073936462 , 17.13517
102.85 , 41.5987815856 , 17.14117
102.88 , 41.8160095214 , 17.14734
102.92 , 41.8160095214 , 17.15333
102.96 , 41.7073936462 , 17.15950
102.99 , 41.8160095214 , 17.16533
103.03 , 41.8160095214 , 17.17150
103.07 , 41.8160095214 , 17.17767
103.10 , 41.7073936462 , 17.18367
103.14 , 41.8160095214 , 17.18984
103.18 , 41.8160095214 , 17.19584
103.21 , 41.8160095214 , 17.20200
103.25 , 41.8160095214 , 17.20783
103.28 , 41.9246215820 , 17.21400
103.32 , 41.9246215820 , 17.22000
103.36 , 41.9246215820 , 17.22617
103.39 , 41.9246215820 , 17.23217
103.43 , 41.9246215820 , 17.23834
103.47 , 41.9246215820 , 17.24450
103.50 , 41.9246215820 , 17.25033
103.54 , 41.9246215820 , 17.25650
103.57 , 42.0332336425 , 17.26250
103.61 , 42.0332336425 , 17.26867
103.65 , 42.0332336425 , 17.27467
103.68 , 42.0332336425 , 17.28083
103.72 , 42.0332336425 , 17.28667
103.76 , 42.1418457031 , 17.29284
103.79 , 42.0332336425 , 17.29883
103.83 , 42.1418457031 , 17.30500
103.87 , 42.0332336425 , 17.31117
103.90 , 42.1418457031 , 17.31717
103.94 , 42.1418457031 , 17.32333
103.97 , 42.1418457031 , 17.32917
104.01 , 42.1418457031 , 17.33534
104.05 , 42.1418457031 , 17.34133
104.08 , 42.1418457031 , 17.34750
104.12 , 42.1418457031 , 17.35350
104.16 , 42.1418457031 , 17.35967
104.19 , 42.1418457031 , 17.36567
104.23 , 42.2504577636 , 17.37167
104.27 , 42.2504577636 , 17.37784
104.30 , 42.1418457031 , 17.38384
104.34 , 42.2504577636 , 17.39000
104.38 , 42.2504577636 , 17.39600
104.41 , 42.2504577636 , 17.40217
104.45 , 42.2504577636 , 17.40817
104.48 , 42.2504577636 , 17.41417
104.52 , 42.2504577636 , 17.42017
104.56 , 42.3590736389 , 17.42634
104.59 , 42.3590736389 , 17.43234
104.63 , 42.3590736389 , 17.43850
104.67 , 42.3590736389 , 17.44467
104.70 , 42.2504577636 , 17.45067
104.74 , 42.3590736389 , 17.45667
104.78 , 42.3590736389 , 17.46267
104.81 , 42.4676856994 , 17.46883
104.85 , 42.4676856994 , 17.47484
104.89 , 42.4676856994 , 17.48100
104.92 , 42.4676856994 , 17.48700
104.96 , 42.4676856994 , 17.49300
104.99 , 42.4676856994 , 17.49900
105.03 , 42.4676856994 , 17.50517
105.07 , 42.4676856994 , 17.51133
105.10 , 42.5762977600 , 17.51733
105.14 , 42.5762977600 , 17.52350
105.18 , 42.5762977600 , 17.52950
105.21 , 42.5762977600 , 17.53550
105.25 , 42.5762977600 , 17.54150
105.29 , 42.5762977600 , 17.54767
105.32 , 42.5762977600 , 17.55367
105.36 , 42.5762977600 , 17.55983
105.40 , 42.5762977600 , 17.56600
105.43 , 42.6849098205 , 17.57200
105.47 , 42.6849098205 , 17.57800
105.50 , 42.6849098205 , 17.58400
105.54 , 42.6849098205 , 17.59017
105.58 , 42.7935256958 , 17.59617
105.61 , 42.6849098205 , 17.60233
105.65 , 42.7935256958 , 17.60833
105.69 , 42.7935256958 , 17.61450
105.72 , 42.7935256958 , 17.62034
105.76 , 42.9021377563 , 17.62650
105.80 , 42.7935256958 , 17.63267
105.83 , 42.7935256958 , 17.63867
105.87 , 42.9021377563 , 17.64484
105.90 , 42.9021377563 , 17.65083
105.94 , 42.9021377563 , 17.65700
105.98 , 42.9021377563 , 17.66283
106.01 , 42.9021377563 , 17.66900
106.05 , 42.9021377563 , 17.67500
106.09 , 42.9021377563 , 17.68117
106.12 , 42.9021377563 , 17.68717
106.16 , 42.9021377563 , 17.69334
106.20 , 43.0107498168 , 17.69933
106.23 , 42.9021377563 , 17.70533
106.27 , 42.9021377563 , 17.71150
106.30 , 43.0107498168 , 17.71750
106.34 , 43.1193618774 , 17.72367
106.38 , 43.0107498168 , 17.72967
106.41 , 43.0107498168 , 17.73583
106.45 , 43.0107498168 , 17.74167
106.49 , 43.0107498168 , 17.74783
106.52 , 43.0107498168 , 17.75383
106.56 , 43.1193618774 , 17.76000
106.60 , 43.0107498168 , 17.76617
106.63 , 43.1193618774 , 17.77217
106.67 , 43.1193618774 , 17.77833
106.70 , 43.1193618774 , 17.78417
106.74 , 43.1193618774 , 17.79033
106.78 , 43.1193618774 , 17.79633
106.81 , 43.1193618774 , 17.80250
106.85 , 43.2279739379 , 17.80850
106.89 , 43.2279739379 , 17.81467
106.92 , 43.2279739379 , 17.82067
106.96 , 43.1193618774 , 17.82667
107.00 , 43.2279739379 , 17.83283
107.03 , 43.2279739379 , 17.83883
107.07 , 43.2279739379 , 17.84500
107.11 , 43.2279739379 , 17.85100
107.14 , 43.2279739379 , 17.85717
107.18 , 43.3365898132 , 17.86317
107.21 , 43.3365898132 , 17.86917
107.25 , 43.3365898132 , 17.87517
107.29 , 43.2279739379 , 17.88134
107.32 , 43.3365898132 , 17.88733
107.36 , 43.3365898132 , 17.89350
107.40 , 43.3365898132 , 17.89967
107.43 , 43.3365898132 , 17.90550
107.47 , 43.4452018737 , 17.91167
107.51 , 43.4452018737 , 17.91767
107.54 , 43.4452018737 , 17.92383
107.58 , 43.5538139343 , 17.92984
107.62 , 43.4452018737 , 17.93600
107.65 , 43.4452018737 , 17.94200
107.69 , 43.5538139343 , 17.94800
107.72 , 43.4452018737 , 17.95417
107.76 , 43.5538139343 , 17.96017
107.80 , 43.5538139343 , 17.96633
107.83 , 43.5538139343 , 17.97233
107.87 , 43.5538139343 , 17.97850
107.91 , 43.6624259948 , 17.98450
107.94 , 43.6624259948 , 17.99050
107.98 , 43.5538139343 , 17.99650
108.02 , 43.6624259948 , 18.00267
108.05 , 43.6624259948 , 18.00867
108.09 , 43.6624259948 , 18.01483
108.13 , 43.6624259948 , 18.02100
108.16 , 43.6624259948 , 18.02700
108.20 , 43.7710418701 , 18.03300
108.23 , 43.6624259948 , 18.03900
108.27 , 43.7710418701 , 18.04517
108.31 , 43.7710418701 , 18.05117
108.34 , 43.7710418701 , 18.05734
108.38 , 43.7710418701 , 18.06333
108.42 , 43.7710418701 , 18.06950
108.45 , 43.7710418701 , 18.07534
108.49 , 43.7710418701 , 18.08150
108.53 , 43.7710418701 , 18.08767
108.56 , 43.8796539306 , 18.09367
108.60 , 43.8796539306 , 18.09984
108.63 , 43.8796539306 , 18.10584
108.67 , 43.8796539306 , 18.11200
108.71 , 43.8796539306 , 18.11783
108.74 , 43.8796539306 , 18.12400
108.78 , 43.8796539306 , 18.13000
108.82 , 43.8796539306 , 18.13617
108.85 , 43.9882659912 , 18.14217
108.89 , 43.9882659912 , 18.14834
108.93 , 43.9882659912 , 18.15434
108.96 , 43.9882659912 , 18.16033
109.00 , 43.9882659912 , 18.16650
109.04 , 43.9882659912 , 18.17250
109.07 , 43.9882659912 , 18.17867
109.11 , 43.9882659912 , 18.18467
109.14 , 43.9882659912 , 18.19083
109.18 , 44.0968780517 , 18.19667
109.22 , 44.0968780517 , 18.20284
109.25 , 44.0968780517 , 18.20883
109.29 , 44.0968780517 , 18.21500
109.33 , 44.0968780517 , 18.22117
109.36 , 44.0968780517 , 18.22717
109.40 , 44.0968780517 , 18.23333
109.43 , 44.0968780517 , 18.23917
109.47 , 44.0968780517 , 18.24534
109.51 , 44.0968780517 , 18.25134
109.54 , 44.0968780517 , 18.25750
109.58 , 44.2054901123 , 18.26350
109.62 , 44.2054901123 , 18.26967
109.65 , 44.2054901123 , 18.27567
109.69 , 44.2054901123 , 18.28167
109.73 , 44.2054901123 , 18.28783
109.76 , 44.2054901123 , 18.29384
109.80 , 44.2054901123 , 18.30000
109.84 , 44.2054901123 , 18.30600
109.87 , 44.2054901123 , 18.31217
109.91 , 44.3141059875 , 18.31800
109.94 , 44.3141059875 , 18.32417
109.98 , 44.3141059875 , 18.33017
110.02 , 44.3141059875 , 18.33633
110.05 , 44.3141059875 , 18.34250
110.09 , 44.4227180480 , 18.34850
110.13 , 44.4227180480 , 18.35467
110.16 , 44.4227180480 , 18.36050
110.20 , 44.3141059875 , 18.36667
110.24 , 44.4227180480 , 18.37267
110.27 , 44.5313339233 , 18.37883
110.31 , 44.4227180480 , 18.38484
110.35 , 44.5313339233 , 18.39100
110.38 , 44.5313339233 , 18.39700
110.42 , 44.5313339233 , 18.40300
110.45 , 44.5313339233 , 18.40917
110.49 , 44.5313339233 , 18.41517
110.53 , 44.5313339233 , 18.42133
110.56 , 44.5313339233 , 18.42733
110.60 , 44.6399459838 , 18.43350
110.64 , 44.5313339233 , 18.43950
110.67 , 44.6399459838 , 18.44550
110.71 , 44.5313339233 , 18.45150
110.75 , 44.6399459838 , 18.45767
110.78 , 44.6399459838 , 18.46367
110.82 , 44.6399459838 , 18.46983
110.86 , 44.6399459838 , 18.47600
110.89 , 44.7485580444 , 18.48200
110.93 , 44.6399459838 , 18.48800
110.96 , 44.7485580444 , 18.49400
111.00 , 44.6399459838 , 18.50017
111.04 , 44.7485580444 , 18.50617
111.07 , 44.6399459838 , 18.51233
111.11 , 44.7485580444 , 18.51833
111.15 , 44.8571701049 , 18.52450
111.18 , 44.7485580444 , 18.53034
111.22 , 44.7485580444 , 18.53650
111.26 , 44.8571701049 , 18.54267
111.29 , 44.8571701049 , 18.54867
111.33 , 44.7485580444 , 18.55484
111.36 , 44.8571701049 , 18.56083
111.40 , 44.8571701049 , 18.56683
111.44 , 44.8571701049 , 18.57283
111.47 , 44.8571701049 , 18.57900
111.51 , 44.9657859802 , 18.58500
111.55 , 44.8571701049 , 18.59117
111.58 , 44.8571701049 , 18.59717
111.62 , 44.9657859802 , 18.60334
111.66 , 44.9657859802 , 18.60933
111.69 , 44.9657859802 , 18.61533
111.73 , 44.8571701049 , 18.62150
111.76 , 44.8571701049 , 18.62750
111.80 , 44.9657859802 , 18.63367
111.84 , 44.9657859802 , 18.63967
111.87 , 44.9657859802 , 18.64583
111.91 , 45.0743980407 , 18.65167
111.95 , 44.9657859802 , 18.65783
111.98 , 44.9657859802 , 18.66383
112.02 , 45.0743980407 , 18.67000
112.06 , 45.0743980407 , 18.67617
112.09 , 45.1830101013 , 18.68217
112.13 , 45.0743980407 , 18.68833
112.16 , 45.0743980407 , 18.69417
112.20 , 45.1830101013 , 18.70034
112.24 , 45.1830101013 , 18.70633
112.27 , 45.0743980407 , 18.71250
112.31 , 45.1830101013 , 18.71850
112.35 , 45.1830101013 , 18.72467
112.38 , 45.1830101013 , 18.73084
112.42 , 45.2916221618 , 18.73667
112.46 , 45.1830101013 , 18.74283
112.49 , 45.1830101013 , 18.74883
112.53 , 45.1830101013 , 18.75500
112.57 , 45.1830101013 , 18.76100
112.60 , 45.2916221618 , 18.76717
112.64 , 45.4002380371 , 18.77300
112.68 , 45.2916221618 , 18.77917
112.71 , 45.4002380371 , 18.78517
112.75 , 45.4002380371 , 18.79133
112.79 , 45.4002380371 , 18.79750
112.82 , 45.2916221618 , 18.80350
112.86 , 45.4002380371 , 18.80967
112.89 , 45.4002380371 , 18.81550
112.93 , 45.4002380371 , 18.82167
112.97 , 45.4002380371 , 18.82767
113.00 , 45.5088500976 , 18.83383
113.04 , 45.5088500976 , 18.83983
113.08 , 45.6174621582 , 18.84600
113.11 , 45.5088500976 , 18.85200
113.15 , 45.5088500976 , 18.85800
113.18 , 45.5088500976 , 18.86417
113.22 , 45.5088500976 , 18.87017
113.26 , 45.6174621582 , 18.87634
113.29 , 45.6174621582 , 18.88233
113.33 , 45.6174621582 , 18.88850
113.37 , 45.6174621582 , 18.89450
113.40 , 45.6174621582 , 18.90050
113.44 , 45.6174621582 , 18.90650
113.48 , 45.6174621582 , 18.91267
113.51 , 45.6174621582 , 18.91867
113.55 , 45.7260742187 , 18.92484
113.59 , 45.6174621582 , 18.93100
113.62 , 45.7260742187 , 18.93700
113.66 , 45.6174621582 , 18.94300
113.69 , 45.7260742187 , 18.94900
113.73 , 45.7260742187 , 18.95517
113.77 , 45.7260742187 , 18.96117
113.80 , 45.7260742187 , 18.96734
113.84 , 45.7260742187 , 18.97333
113.88 , 45.7260742187 , 18.97933
113.91 , 45.7260742187 , 18.98534
113.95 , 45.7260742187 , 18.99150
113.99 , 45.8346862792 , 18.99767
114.02 , 45.7260742187 , 19.00367
114.06 , 45.8346862792 , 19.00984
114.09 , 45.8346862792 , 19.01584
114.13 , 45.8346862792 , 19.02183
114.17 , 45.8346862792 , 19.02783
114.20 , 45.8346862792 , 19.03400
114.24 , 45.9433021545 , 19.04000
114.28 , 45.9433021545 , 19.04617
114.31 , 45.9433021545 , 19.05217
114.35 , 45.9433021545 , 19.05834
114.39 , 45.8346862792 , 19.06434
114.42 , 45.9433021545 , 19.07033
114.46 , 45.8346862792 , 19.07650
114.50 , 45.9433021545 , 19.08250
114.53 , 46.0519142150 , 19.08867
114.57 , 45.9433021545 , 19.09467
114.61 , 45.9433021545 , 19.10083
114.64 , 45.9433021545 , 19.10667
114.68 , 45.9433021545 , 19.11284
114.71 , 46.0519142150 , 19.11900
114.75 , 46.0519142150 , 19.12500
114.79 , 45.9433021545 , 19.13117
114.82 , 46.0519142150 , 19.13717
114.86 , 46.0519142150 , 19.14333
114.89 , 46.0519142150 , 19.14917
114.93 , 46.0519142150 , 19.15534
114.97 , 46.1605262756 , 19.16134
115.00 , 46.0519142150 , 19.16750
115.04 , 46.1605262756 , 19.17350
115.08 , 46.1605262756 , 19.17967
115.11 , 46.1605262756 , 19.18583
115.15 , 46.1605262756 , 19.19167
115.19 , 46.0519142150 , 19.19783
115.22 , 46.1605262756 , 19.20384
115.26 , 46.1605262756 , 19.21000
115.30 , 46.0519142150 , 19.21600
115.33 , 46.1605262756 , 19.22217
115.37 , 46.1605262756 , 19.22800
115.40 , 46.1605262756 , 19.23417
115.44 , 46.2691383361 , 19.24017
115.48 , 46.2691383361 , 19.24633
115.51 , 46.2691383361 , 19.25250
115.55 , 46.1605262756 , 19.25850
115.59 , 46.2691383361 , 19.26467
115.62 , 46.2691383361 , 19.27050
115.66 , 46.2691383361 , 19.27667
115.70 , 46.2691383361 , 19.28267
115.73 , 46.2691383361 , 19.28883
115.77 , 46.3777542114 , 19.29483
115.81 , 46.3777542114 , 19.30100
115.84 , 46.3777542114 , 19.30700
115.88 , 46.3777542114 , 19.31300
115.91 , 46.3777542114 , 19.31917
115.95 , 46.3777542114 , 19.32517
115.99 , 46.3777542114 , 19.33133
116.02 , 46.3777542114 , 19.33733
116.06 , 46.3777542114 , 19.34350
116.10 , 46.3777542114 , 19.34950
116.13 , 46.2691383361 , 19.35550
116.17 , 46.3777542114 , 19.36150
116.21 , 46.3777542114 , 19.36767
116.24 , 46.4863662719 , 19.37367
116.28 , 46.4863662719 , 19.37983
116.32 , 46.3777542114 , 19.38600
116.35 , 46.4863662719 , 19.39200
116.39 , 46.4863662719 , 19.39800
116.42 , 46.4863662719 , 19.40400
116.46 , 46.4863662719 , 19.41017
116.50 , 46.4863662719 , 19.41617
116.53 , 46.5949783325 , 19.42233
116.57 , 46.4863662719 , 19.42833
116.61 , 46.5949783325 , 19.43433
116.64 , 46.5949783325 , 19.44034
116.68 , 46.5949783325 , 19.44650
116.72 , 46.5949783325 , 19.45267
116.75 , 46.5949783325 , 19.45867
116.79 , 46.5949783325 , 19.46483
116.82 , 46.7035903930 , 19.47083
116.86 , 46.7035903930 , 19.47683
116.90 , 46.7035903930 , 19.48283
116.93 , 46.7035903930 , 19.48900
116.97 , 46.7035903930 , 19.49500
117.01 , 46.7035903930 , 19.50117
117.04 , 46.7035903930 , 19.50733
117.08 , 46.7035903930 , 19.51333
117.12 , 46.7035903930 , 19.51933
117.15 , 46.8122024536 , 19.52533
117.19 , 46.8122024536 , 19.53150
117.22 , 46.8122024536 , 19.53750
117.26 , 46.9208183288 , 19.54367
117.30 , 46.8122024536 , 19.54967
117.33 , 46.8122024536 , 19.55583
117.37 , 46.8122024536 , 19.56167
117.41 , 46.8122024536 , 19.56783
117.44 , 46.9208183288 , 19.57400
117.48 , 46.9208183288 , 19.58000
117.52 , 46.9208183288 , 19.58617
117.55 , 46.9208183288 , 19.59217
117.59 , 47.0294303894 , 19.59833
117.62 , 46.9208183288 , 19.60417
117.66 , 47.0294303894 , 19.61034
117.70 , 46.9208183288 , 19.61633
117.73 , 46.9208183288 , 19.62250
117.77 , 47.0294303894 , 19.62850
117.81 , 47.0294303894 , 19.63467
117.84 , 47.0294303894 , 19.64067
117.88 , 47.0294303894 , 19.64667
117.92 , 47.0294303894 , 19.65283
117.95 , 47.0294303894 , 19.65884
117.99 , 47.0294303894 , 19.66500
118.03 , 47.0294303894 , 19.67100
118.06 , 47.0294303894 , 19.67717
118.10 , 47.0294303894 , 19.68300
118.13 , 47.0294303894 , 19.68917
118.17 , 47.1380424499 , 19.69517
118.21 , 47.1380424499 , 19.70133
118.25 , 47.1380424499 , 19.70750
118.28 , 47.2466545104 , 19.71350
118.32 , 47.1380424499 , 19.71967
118.35 , 47.1380424499 , 19.72550
118.39 , 47.0294303894 , 19.73167
118.43 , 47.1380424499 , 19.73767
118.46 , 47.1380424499 , 19.74383
118.50 , 47.1380424499 , 19.74983
118.54 , 47.2466545104 , 19.75600
118.57 , 47.2466545104 , 19.76200
118.61 , 47.2466545104 , 19.76800
118.64 , 47.2466545104 , 19.77417
118.68 , 47.2466545104 , 19.78017
118.72 , 47.2466545104 , 19.78634
118.75 , 47.2466545104 , 19.79233
118.79 , 47.2466545104 , 19.79850
118.83 , 47.2466545104 , 19.80450
118.86 , 47.3552703857 , 19.81050
118.90 , 47.2466545104 , 19.81650
118.94 , 47.2466545104 , 19.82267
118.97 , 47.2466545104 , 19.82867
119.01 , 47.3552703857 , 19.83484
119.05 , 47.3552703857 , 19.84100
119.08 , 47.3552703857 , 19.84683
119.12 , 47.4638824462 , 19.85300
119.15 , 47.3552703857 , 19.85900
119.19 , 47.3552703857 , 19.86517
119.23 , 47.3552703857 , 19.87117
119.26 , 47.4638824462 , 19.87734
119.30 , 47.4638824462 , 19.88334
119.34 , 47.3552703857 , 19.88933
119.37 , 47.4638824462 , 19.89550
119.41 , 47.4638824462 , 19.90150
119.45 , 47.4638824462 , 19.90767
119.48 , 47.5724945068 , 19.91367
119.52 , 47.4638824462 , 19.91983
119.55 , 47.4638824462 , 19.92584
119.59 , 47.5724945068 , 19.93184
119.63 , 47.5724945068 , 19.93783
119.66 , 47.5724945068 , 19.94400
119.70 , 47.5724945068 , 19.95000
119.74 , 47.6811065673 , 19.95617
119.77 , 47.5724945068 , 19.96233
119.81 , 47.6811065673 , 19.96833
119.85 , 47.6811065673 , 19.97434
119.88 , 47.6811065673 , 19.98034
119.92 , 47.6811065673 , 19.98650
119.95 , 47.6811065673 , 19.99250
119.99 , 47.6811065673 , 19.99867
120.03 , 47.6811065673 , 20.00467
120.06 , 47.6811065673 , 20.01083
120.10 , 47.6811065673 , 20.01667
120.14 , 47.6811065673 , 20.02284
120.17 , 47.7897186279 , 20.02900
120.21 , 47.7897186279 , 20.03500
120.25 , 47.7897186279 , 20.04117
120.28 , 47.7897186279 , 20.04717
120.32 , 47.7897186279 , 20.05333
120.36 , 47.7897186279 , 20.05917
120.39 , 47.8983345031 , 20.06534
120.43 , 47.8983345031 , 20.07134
120.46 , 47.7897186279 , 20.07750
120.50 , 47.7897186279 , 20.08350
120.54 , 47.8983345031 , 20.08967
120.57 , 47.7897186279 , 20.09567
120.61 , 47.8983345031 , 20.10167
120.65 , 47.8983345031 , 20.10783
120.68 , 47.7897186279 , 20.11384
120.72 , 47.8983345031 , 20.12000
120.76 , 48.0069465637 , 20.12600
120.79 , 47.8983345031 , 20.13217
120.83 , 47.8983345031 , 20.13800
120.86 , 48.0069465637 , 20.14417
120.90 , 47.8983345031 , 20.15017
120.94 , 48.0069465637 , 20.15633
120.97 , 48.0069465637 , 20.16250
121.01 , 48.0069465637 , 20.16850
121.05 , 48.0069465637 , 20.17467
121.08 , 48.0069465637 , 20.18050
121.12 , 48.0069465637 , 20.18667
121.16 , 48.1155586242 , 20.19267
121.19 , 48.0069465637 , 20.19883
121.23 , 48.1155586242 , 20.20483
121.27 , 48.1155586242 , 20.21100
121.30 , 48.1155586242 , 20.21700
121.34 , 48.1155586242 , 20.22300
121.37 , 48.1155586242 , 20.22917
121.41 , 48.1155586242 , 20.23517
121.45 , 48.1155586242 , 20.24133
121.48 , 48.1155586242 , 20.24733
121.52 , 48.1155586242 , 20.25350
121.56 , 48.1155586242 , 20.25934
121.59 , 48.1155586242 , 20.26550
121.63 , 48.1155586242 , 20.27150
121.67 , 48.2241706848 , 20.27767
121.70 , 48.2241706848 , 20.28384
121.74 , 48.2241706848 , 20.28983
121.78 , 48.2241706848 , 20.29600
121.81 , 48.2241706848 , 20.30183
121.85 , 48.3327827453 , 20.30800
121.88 , 48.2241706848 , 20.31400
121.92 , 48.2241706848 , 20.32017
121.96 , 48.3327827453 , 20.32617
121.99 , 48.3327827453 , 20.33234
122.03 , 48.3327827453 , 20.33833
122.07 , 48.3327827453 , 20.34433
122.10 , 48.3327827453 , 20.35050
122.14 , 48.3327827453 , 20.35650
122.18 , 48.4413986206 , 20.36267
122.21 , 48.3327827453 , 20.36867
122.25 , 48.4413986206 , 20.37483
122.29 , 48.4413986206 , 20.38084
122.32 , 48.5500106811 , 20.38683
122.36 , 48.4413986206 , 20.39283
122.39 , 48.4413986206 , 20.39900
122.43 , 48.5500106811 , 20.40500
122.47 , 48.5500106811 , 20.41117
122.50 , 48.4413986206 , 20.41733
122.54 , 48.5500106811 , 20.42333
122.58 , 48.5500106811 , 20.42933
122.61 , 48.5500106811 , 20.43533
122.65 , 48.4413986206 , 20.44150
122.68 , 48.5500106811 , 20.44750
122.72 , 48.5500106811 , 20.45367
122.76 , 48.5500106811 , 20.45967
122.79 , 48.5500106811 , 20.46583
122.83 , 48.5500106811 , 20.47167
122.87 , 48.6586227416 , 20.47783
122.90 , 48.5500106811 , 20.48400
122.94 , 48.6586227416 , 20.49000
122.98 , 48.6586227416 , 20.49617
123.01 , 48.6586227416 , 20.50217
123.05 , 48.6586227416 , 20.50817
123.08 , 48.7672348022 , 20.51417
123.12 , 48.6586227416 , 20.52033
123.16 , 48.5500106811 , 20.52633
123.19 , 48.6586227416 , 20.53250
123.23 , 48.7672348022 , 20.53850
123.27 , 48.6586227416 , 20.54467
123.30 , 48.7672348022 , 20.55067
123.34 , 48.7672348022 , 20.55667
123.38 , 48.7672348022 , 20.56283
123.41 , 48.6586227416 , 20.56884
123.45 , 48.6586227416 , 20.57500
123.49 , 48.7672348022 , 20.58100
123.52 , 48.7672348022 , 20.58717
123.56 , 48.7672348022 , 20.59300
123.59 , 48.7672348022 , 20.59917
123.63 , 48.7672348022 , 20.60517
123.67 , 48.8758506774 , 20.61133
123.70 , 48.7672348022 , 20.61750
123.74 , 48.8758506774 , 20.62350
123.78 , 48.8758506774 , 20.62967
123.81 , 48.7672348022 , 20.63550
123.85 , 48.8758506774 , 20.64167
123.89 , 48.8758506774 , 20.64767
123.92 , 48.8758506774 , 20.65383
123.96 , 48.8758506774 , 20.65983
124.00 , 48.9844627380 , 20.66600
124.03 , 48.8758506774 , 20.67217
124.07 , 48.9844627380 , 20.67800
124.11 , 48.8758506774 , 20.68417
124.14 , 48.9844627380 , 20.69017
124.18 , 48.9844627380 , 20.69634
124.21 , 48.9844627380 , 20.70233
124.25 , 48.9844627380 , 20.70850
124.29 , 49.0930747985 , 20.71434
124.32 , 48.9844627380 , 20.72050
124.36 , 49.0930747985 , 20.72650
124.40 , 49.0930747985 , 20.73267
124.43 , 49.0930747985 , 20.73884
124.47 , 48.9844627380 , 20.74484
124.51 , 49.0930747985 , 20.75100
124.54 , 49.0930747985 , 20.75683
124.58 , 49.0930747985 , 20.76300
124.61 , 49.0930747985 , 20.76900
124.65 , 49.0930747985 , 20.77517
124.69 , 49.2016868591 , 20.78117
124.72 , 49.0930747985 , 20.78734
124.76 , 49.0930747985 , 20.79334
124.80 , 49.0930747985 , 20.79933
124.83 , 49.2016868591 , 20.80550
124.87 , 49.2016868591 , 20.81150
124.91 , 49.2016868591 , 20.81767
124.94 , 49.2016868591 , 20.82367
124.98 , 49.2016868591 , 20.82983
125.01 , 49.3102989196 , 20.83584
125.05 , 49.3102989196 , 20.84184
125.09 , 49.2016868591 , 20.84783
125.12 , 49.3102989196 , 20.85400
125.16 , 49.3102989196 , 20.86000
125.20 , 49.2016868591 , 20.86617
125.23 , 49.3102989196 , 20.87233
125.27 , 49.3102989196 , 20.87833
125.31 , 49.4189147949 , 20.88434
125.34 , 49.3102989196 , 20.89034
125.38 , 49.3102989196 , 20.89650
125.41 , 49.3102989196 , 20.90250
125.45 , 49.4189147949 , 20.90867
125.49 , 49.4189147949 , 20.91467
125.52 , 49.3102989196 , 20.92067
125.56 , 49.4189147949 , 20.92667
125.60 , 49.4189147949 , 20.93284
125.63 , 49.4189147949 , 20.93900
125.67 , 49.4189147949 , 20.94500
125.71 , 49.4189147949 , 20.95117
125.74 , 49.4189147949 , 20.95717
125.78 , 49.4189147949 , 20.96317
125.81 , 49.4189147949 , 20.96917
125.85 , 49.4189147949 , 20.97533
125.89 , 49.4189147949 , 20.98134
125.93 , 49.4189147949 , 20.98750
125.96 , 49.5275268554 , 20.99350
126.00 , 49.5275268554 , 20.99967
126.03 , 49.4189147949 , 21.00567
126.07 , 49.5275268554 , 21.01167
126.11 , 49.5275268554 , 21.01783
126.14 , 49.5275268554 , 21.02383
126.18 , 49.5275268554 , 21.03000
126.22 , 49.5275268554 , 21.03600
126.25 , 49.6361389160 , 21.04217
126.29 , 49.5275268554 , 21.04800
126.32 , 49.6361389160 , 21.05417
126.36 , 49.6361389160 , 21.06033
126.40 , 49.6361389160 , 21.06633
126.43 , 49.6361389160 , 21.07250
126.47 , 49.6361389160 , 21.07850
126.51 , 49.5275268554 , 21.08467
126.54 , 49.7447509765 , 21.09050
126.58 , 49.6361389160 , 21.09667
126.62 , 49.6361389160 , 21.10267
126.65 , 49.7447509765 , 21.10883
126.69 , 49.7447509765 , 21.11483
126.73 , 49.6361389160 , 21.12100
126.76 , 49.7447509765 , 21.12717
126.80 , 49.7447509765 , 21.13300
126.83 , 49.7447509765 , 21.13917
126.87 , 49.7447509765 , 21.14517
126.91 , 49.7447509765 , 21.15133
126.94 , 49.8533668518 , 21.15733
126.98 , 49.8533668518 , 21.16350
127.02 , 49.8533668518 , 21.16934
127.05 , 49.8533668518 , 21.17550
127.09 , 49.8533668518 , 21.18150
127.13 , 49.8533668518 , 21.18767
127.16 , 49.7447509765 , 21.19384
127.20 , 49.8533668518 , 21.19983
127.24 , 49.8533668518 , 21.20600
127.27 , 49.8533668518 , 21.21183
127.31 , 49.8533668518 , 21.21800
127.34 , 49.8533668518 , 21.22400
127.38 , 49.8533668518 , 21.23017
127.42 , 49.8533668518 , 21.23617
127.45 , 49.8533668518 , 21.24234
127.49 , 49.8533668518 , 21.24833
127.53 , 49.9619789123 , 21.25433
127.56 , 49.9619789123 , 21.26050
127.60 , 49.8533668518 , 21.26650
127.64 , 49.9619789123 , 21.27267
127.67 , 49.9619789123 , 21.27867
127.71 , 49.9619789123 , 21.28483
127.75 , 49.9619789123 , 21.29084
127.78 , 49.9619789123 , 21.29683
127.82 , 50.0705909729 , 21.30283
127.85 , 49.9619789123 , 21.30900
127.89 , 49.9619789123 , 21.31500
127.93 , 50.0705909729 , 21.32117
127.96 , 50.0705909729 , 21.32733
128.00 , 50.0705909729 , 21.33333
128.04 , 50.0705909729 , 21.33933
128.07 , 49.9619789123 , 21.34534
128.11 , 49.9619789123 , 21.35150
128.15 , 50.0705909729 , 21.35750
128.18 , 50.0705909729 , 21.36367
128.22 , 50.1792030334 , 21.36967
128.25 , 50.0705909729 , 21.37567
128.29 , 50.0705909729 , 21.38167
128.33 , 50.1792030334 , 21.38783
128.36 , 50.1792030334 , 21.39400
128.40 , 50.0705909729 , 21.40000
128.44 , 50.1792030334 , 21.40617
128.47 , 50.2878150939 , 21.41217
128.51 , 50.1792030334 , 21.41817
128.55 , 50.1792030334 , 21.42417
128.58 , 50.1792030334 , 21.43033
128.62 , 50.1792030334 , 21.43633
128.66 , 50.2878150939 , 21.44250
128.69 , 50.1792030334 , 21.44867
128.73 , 50.2878150939 , 21.45467
128.76 , 50.1792030334 , 21.46067
128.80 , 50.1792030334 , 21.46667
128.84 , 50.2878150939 , 21.47284
128.87 , 50.2878150939 , 21.47883
128.91 , 50.1792030334 , 21.48500
128.95 , 50.2878150939 , 21.49100
128.98 , 50.2878150939 , 21.49717
129.02 , 50.2878150939 , 21.50300
129.05 , 50.3964309692 , 21.50917
129.09 , 50.3964309692 , 21.51533
129.13 , 50.3964309692 , 21.52134
129.16 , 50.3964309692 , 21.52750
129.20 , 50.3964309692 , 21.53350
129.24 , 50.3964309692 , 21.53967
129.27 , 50.5050430297 , 21.54550