2.54 , 0.0000000000 , 0.42283
2.57 , 0.0000000000 , 0.42833
2.60 , 0.0000000000 , 0.43350
2.63 , 0.1086129074 , 0.43900
2.67 , 0.1086129074 , 0.44433
2.70 , 0.1086129074 , 0.44983
2.73 , 0.1086129074 , 0.45517
2.76 , 0.1086129074 , 0.46050
2.80 , 0.2172261238 , 0.46583
2.83 , 0.2172261238 , 0.47117
2.86 , 0.1086129074 , 0.47667
2.89 , 0.1086129074 , 0.48183
2.92 , 0.2172261238 , 0.48733
2.96 , 0.2172261238 , 0.49267
2.99 , 0.2172261238 , 0.49817
3.02 , 0.2172261238 , 0.50333
3.05 , 0.2172261238 , 0.50883
3.09 , 0.3258390426 , 0.51417
3.12 , 0.3258390426 , 0.51967
3.15 , 0.3258390426 , 0.52483
3.18 , 0.3258390426 , 0.53033
3.21 , 0.2172261238 , 0.53567
3.25 , 0.3258390426 , 0.54117
3.28 , 0.3258390426 , 0.54633
3.31 , 0.3258390426 , 0.55183
3.34 , 0.3258390426 , 0.55717
3.38 , 0.3258390426 , 0.56267
3.41 , 0.3258390426 , 0.56783
3.44 , 0.4344519615 , 0.57333
3.47 , 0.3258390426 , 0.57867
3.51 , 0.4344519615 , 0.58417
3.54 , 0.4344519615 , 0.58933
3.57 , 0.4344519615 , 0.59483
3.60 , 0.4344519615 , 0.60017
3.63 , 0.4344519615 , 0.60567
3.67 , 0.4344519615 , 0.61083
3.70 , 0.4344519615 , 0.61633
3.73 , 0.5430648326 , 0.62167
3.76 , 0.5430648326 , 0.62717
3.79 , 0.4344519615 , 0.63233
3.83 , 0.5430648326 , 0.63783
3.86 , 0.5430648326 , 0.64317
3.89 , 0.5430648326 , 0.64850
3.92 , 0.5430648326 , 0.65383
3.96 , 0.5430648326 , 0.65917
3.99 , 0.5430648326 , 0.66467
4.02 , 0.5430648326 , 0.67000
4.05 , 0.6516777038 , 0.67533
4.08 , 0.6516777038 , 0.68067
4.12 , 0.5430648326 , 0.68617
4.15 , 0.6516777038 , 0.69150
4.18 , 0.6516777038 , 0.69700
4.21 , 0.6516777038 , 0.70217
4.25 , 0.6516777038 , 0.70767
4.28 , 0.6516777038 , 0.71300
4.31 , 0.6516777038 , 0.71850
4.34 , 0.6516777038 , 0.72367
4.38 , 0.6516777038 , 0.72917
4.41 , 0.6516777038 , 0.73450
4.44 , 0.7602913379 , 0.74000
4.47 , 0.6516777038 , 0.74517
4.50 , 0.6516777038 , 0.75067
4.54 , 0.7602913379 , 0.75600
4.57 , 0.7602913379 , 0.76150
4.60 , 0.8689042091 , 0.76667
4.63 , 0.7602913379 , 0.77217
4.67 , 0.8689042091 , 0.77750
4.70 , 0.8689042091 , 0.78300
4.73 , 0.8689042091 , 0.78817
4.76 , 0.8689042091 , 0.79367
4.79 , 0.8689042091 , 0.79900
4.83 , 0.7602913379 , 0.80450
4.86 , 0.8689042091 , 0.80967
4.89 , 0.8689042091 , 0.81500
4.92 , 0.8689042091 , 0.82050
4.96 , 0.9775171279 , 0.82583
4.99 , 0.9775171279 , 0.83117
5.02 , 0.9775171279 , 0.83650
5.05 , 0.8689042091 , 0.84200
5.08 , 0.9775171279 , 0.84733
5.12 , 0.9775171279 , 0.85267
5.15 , 0.9775171279 , 0.85800
5.18 , 0.9775171279 , 0.86350
5.21 , 0.9775171279 , 0.86883
5.25 , 1.0861300277 , 0.87417
5.28 , 0.9775171279 , 0.87950
5.31 , 1.0861300277 , 0.88500
5.34 , 1.0861300277 , 0.89033
5.37 , 1.0861300277 , 0.89567
5.41 , 0.9775171279 , 0.90100
5.44 , 1.1947429180 , 0.90650
5.47 , 1.0861300277 , 0.91183
5.50 , 0.9775171279 , 0.91733
5.53 , 1.0861300277 , 0.92250
5.57 , 1.1947429180 , 0.92800
5.60 , 1.0861300277 , 0.93333
5.63 , 1.0861300277 , 0.93883
5.66 , 1.1947429180 , 0.94400
5.70 , 1.1947429180 , 0.94950
5.73 , 1.1947429180 , 0.95483
5.76 , 1.1947429180 , 0.96033
5.79 , 1.1947429180 , 0.96550
5.83 , 1.1947429180 , 0.97100
5.86 , 1.1947429180 , 0.97633
5.89 , 1.3033558130 , 0.98183
5.92 , 1.3033558130 , 0.98700
5.95 , 1.1947429180 , 0.99233
5.99 , 1.3033558130 , 0.99783
6.02 , 1.3033558130 , 1.00317
6.05 , 1.3033558130 , 1.00850
6.08 , 1.4119694232 , 1.01383
6.12 , 1.4119694232 , 1.01933
6.15 , 1.3033558130 , 1.02467
6.18 , 1.3033558130 , 1.03000
6.21 , 1.3033558130 , 1.03533
6.25 , 1.3033558130 , 1.04083
6.28 , 1.4119694232 , 1.04617
6.31 , 1.4119694232 , 1.05150
6.34 , 1.4119694232 , 1.05683
6.37 , 1.4119694232 , 1.06233
6.41 , 1.4119694232 , 1.06767
6.44 , 1.4119694232 , 1.07300
6.47 , 1.4119694232 , 1.07833
6.50 , 1.4119694232 , 1.08383
6.53 , 1.5205822944 , 1.08917
6.57 , 1.5205822944 , 1.09450
6.60 , 1.5205822944 , 1.09983
6.63 , 1.4119694232 , 1.10533
6.66 , 1.5205822944 , 1.11067
6.70 , 1.5205822944 , 1.11600
6.73 , 1.5205822944 , 1.12133
6.76 , 1.5205822944 , 1.12683
6.79 , 1.5205822944 , 1.13217
6.82 , 1.5205822944 , 1.13750
6.86 , 1.6291952133 , 1.14283
6.89 , 1.6291952133 , 1.14833
6.92 , 1.7378081321 , 1.15367
6.95 , 1.5205822944 , 1.15883
6.99 , 1.6291952133 , 1.16433
7.02 , 1.7378081321 , 1.16967
7.05 , 1.6291952133 , 1.17517
7.08 , 1.7378081321 , 1.18050
7.11 , 1.7378081321 , 1.18583
7.15 , 1.7378081321 , 1.19117
7.18 , 1.6291952133 , 1.19667
7.21 , 1.6291952133 , 1.20200
7.24 , 1.6291952133 , 1.20733
7.28 , 1.7378081321 , 1.21267
7.31 , 1.7378081321 , 1.21817
7.34 , 1.7378081321 , 1.22350
7.37 , 1.8464210510 , 1.22883
7.41 , 1.7378081321 , 1.23417
7.44 , 1.8464210510 , 1.23967
7.47 , 1.7378081321 , 1.24500
7.50 , 1.8464210510 , 1.25033
7.53 , 1.8464210510 , 1.25567
7.57 , 1.8464210510 , 1.26117
7.60 , 1.9550338745 , 1.26650
7.63 , 1.8464210510 , 1.27183
7.66 , 1.8464210510 , 1.27717
7.70 , 1.8464210510 , 1.28267
7.73 , 1.8464210510 , 1.28800
7.76 , 1.7378081321 , 1.29333
7.79 , 1.9550338745 , 1.29867
7.82 , 1.9550338745 , 1.30417
7.86 , 1.9550338745 , 1.30950
7.89 , 1.9550338745 , 1.31483
7.92 , 1.9550338745 , 1.32017
7.95 , 1.9550338745 , 1.32567
7.99 , 1.9550338745 , 1.33100
8.02 , 1.9550338745 , 1.33617
8.05 , 1.9550338745 , 1.34167
8.08 , 1.9550338745 , 1.34700
8.11 , 2.0636467933 , 1.35250
8.15 , 2.0636467933 , 1.35767
8.18 , 1.9550338745 , 1.36317
8.21 , 2.0636467933 , 1.36850
8.24 , 2.0636467933 , 1.37400
8.27 , 2.0636467933 , 1.37917
8.31 , 2.1722602844 , 1.38467
8.34 , 1.9550338745 , 1.39000
8.37 , 2.1722602844 , 1.39550
8.40 , 2.0636467933 , 1.40067
8.44 , 2.1722602844 , 1.40617
8.47 , 2.0636467933 , 1.41150
8.50 , 2.1722602844 , 1.41700
8.53 , 2.1722602844 , 1.42233
8.57 , 2.1722602844 , 1.42767
8.60 , 2.1722602844 , 1.43300
8.63 , 2.1722602844 , 1.43850
8.66 , 2.1722602844 , 1.44383
8.69 , 2.2808732986 , 1.44917
8.73 , 2.1722602844 , 1.45450
8.76 , 2.2808732986 , 1.46000
8.79 , 2.2808732986 , 1.46533
8.82 , 2.2808732986 , 1.47067
8.86 , 2.2808732986 , 1.47600
8.89 , 2.2808732986 , 1.48150
8.92 , 2.3894863128 , 1.48683
8.95 , 2.3894863128 , 1.49217
8.98 , 2.3894863128 , 1.49750
9.02 , 2.3894863128 , 1.50283
9.05 , 2.3894863128 , 1.50833
9.08 , 2.3894863128 , 1.51350
9.11 , 2.3894863128 , 1.51900
9.15 , 2.3894863128 , 1.52433
9.18 , 2.3894863128 , 1.52983
9.21 , 2.4980990886 , 1.53500
9.24 , 2.4980990886 , 1.54050
9.27 , 2.4980990886 , 1.54583
9.31 , 2.4980990886 , 1.55133
9.34 , 2.4980990886 , 1.55650
9.37 , 2.4980990886 , 1.56200
9.40 , 2.4980990886 , 1.56733
9.44 , 2.4980990886 , 1.57283
9.47 , 2.4980990886 , 1.57800
9.50 , 2.6067121028 , 1.58350
9.53 , 2.4980990886 , 1.58883
9.57 , 2.4980990886 , 1.59433
9.60 , 2.3894863128 , 1.59950
9.63 , 2.6067121028 , 1.60500
9.66 , 2.6067121028 , 1.61033
9.69 , 2.6067121028 , 1.61583
9.73 , 2.6067121028 , 1.62100
9.76 , 2.7153248786 , 1.62650
9.79 , 2.7153248786 , 1.63183
9.82 , 2.7153248786 , 1.63733
9.86 , 2.6067121028 , 1.64267
9.89 , 2.7153248786 , 1.64800
9.92 , 2.7153248786 , 1.65333
9.95 , 2.7153248786 , 1.65883
9.98 , 2.7153248786 , 1.66417
10.02 , 2.7153248786 , 1.66950
10.05 , 2.7153248786 , 1.67500
10.08 , 2.8239383697 , 1.68067
10.12 , 2.7153248786 , 1.68617
10.15 , 2.8239383697 , 1.69167
10.18 , 2.8239383697 , 1.69717
10.22 , 2.8239383697 , 1.70283
10.25 , 2.7153248786 , 1.70833
10.28 , 2.8239383697 , 1.71400
10.32 , 2.9325513839 , 1.71933
10.35 , 2.8239383697 , 1.72500
10.38 , 2.8239383697 , 1.73050
10.42 , 2.8239383697 , 1.73617
10.45 , 2.8239383697 , 1.74150
10.48 , 2.8239383697 , 1.74717
10.52 , 2.9325513839 , 1.75267
10.55 , 2.9325513839 , 1.75833
10.58 , 2.9325513839 , 1.76383
10.62 , 2.9325513839 , 1.76933
10.65 , 2.9325513839 , 1.77483
10.68 , 3.0411643981 , 1.78050
10.72 , 2.9325513839 , 1.78600
10.75 , 2.9325513839 , 1.79150
10.78 , 3.0411643981 , 1.79700
10.82 , 3.0411643981 , 1.80267
10.85 , 3.0411643981 , 1.80817
10.88 , 3.0411643981 , 1.81383
10.92 , 3.0411643981 , 1.81917
10.95 , 3.0411643981 , 1.82483
10.98 , 3.0411643981 , 1.83033
11.02 , 3.1497771739 , 1.83600
11.05 , 3.1497771739 , 1.84133
11.08 , 3.0411643981 , 1.84700
11.11 , 3.1497771739 , 1.85250
11.15 , 3.1497771739 , 1.85817
11.18 , 3.0411643981 , 1.86367
11.22 , 3.0411643981 , 1.86917
11.25 , 3.1497771739 , 1.87467
11.28 , 3.1497771739 , 1.88033
11.31 , 3.1497771739 , 1.88583
11.35 , 3.1497771739 , 1.89133
11.38 , 3.1497771739 , 1.89683
11.42 , 3.2583901882 , 1.90250
11.45 , 3.2583901882 , 1.90800
11.48 , 3.2583901882 , 1.91367
11.51 , 3.2583901882 , 1.91900
11.55 , 3.2583901882 , 1.92467
11.58 , 3.2583901882 , 1.93017
11.61 , 3.3670029640 , 1.93583
11.65 , 3.3670029640 , 1.94133
11.68 , 3.3670029640 , 1.94683
11.71 , 3.3670029640 , 1.95233
11.75 , 3.2583901882 , 1.95800
11.78 , 3.3670029640 , 1.96350
11.81 , 3.2583901882 , 1.96900
11.85 , 3.3670029640 , 1.97450
11.88 , 3.3670029640 , 1.98017
11.91 , 3.3670029640 , 1.98567
11.95 , 3.3670029640 , 1.99133
11.98 , 3.3670029640 , 1.99667
12.01 , 3.4756159782 , 2.00233
12.05 , 3.4756159782 , 2.00783
12.08 , 3.4756159782 , 2.01350
12.11 , 3.4756159782 , 2.01883
12.15 , 3.4756159782 , 2.02450
12.18 , 3.4756159782 , 2.03000
12.21 , 3.4756159782 , 2.03567
12.25 , 3.5842294692 , 2.04117
12.28 , 3.4756159782 , 2.04667
12.31 , 3.4756159782 , 2.05217
12.35 , 3.5842294692 , 2.05783
12.38 , 3.5842294692 , 2.06333
12.41 , 3.4756159782 , 2.06883
12.45 , 3.6928424835 , 2.07433
12.48 , 3.5842294692 , 2.08000
12.51 , 3.5842294692 , 2.08550
12.55 , 3.5842294692 , 2.09117
12.58 , 3.5842294692 , 2.09650
12.61 , 3.6928424835 , 2.10217
12.65 , 3.5842294692 , 2.10767
12.68 , 3.6928424835 , 2.11333
12.71 , 3.6928424835 , 2.11867
12.75 , 3.6928424835 , 2.12433
12.78 , 3.6928424835 , 2.12983
12.81 , 3.6928424835 , 2.13550
12.85 , 3.6928424835 , 2.14100
12.88 , 3.8014553070 , 2.14650
12.91 , 3.8014553070 , 2.15200
12.95 , 3.6928424835 , 2.15767
12.98 , 3.6928424835 , 2.16317
13.01 , 3.8014553070 , 2.16867
13.05 , 3.8014553070 , 2.17417
13.08 , 3.8014553070 , 2.17983
13.11 , 3.8014553070 , 2.18533
13.15 , 3.8014553070 , 2.19100
13.18 , 3.8014553070 , 2.19633
13.21 , 3.9100683212 , 2.20200
13.25 , 3.9100683212 , 2.20750
13.28 , 3.9100683212 , 2.21317
13.31 , 3.9100683212 , 2.21867
13.35 , 3.9100683212 , 2.22417
13.38 , 3.9100683212 , 2.22967
13.41 , 3.9100683212 , 2.23533
13.44 , 4.0186810493 , 2.24083
13.48 , 4.0186810493 , 2.24633
13.51 , 3.9100683212 , 2.25183
13.55 , 4.0186810493 , 2.25750
13.58 , 4.0186810493 , 2.26300
13.61 , 4.0186810493 , 2.26867
13.64 , 4.0186810493 , 2.27400
13.68 , 4.0186810493 , 2.27967
13.71 , 4.0186810493 , 2.28517
13.75 , 4.0186810493 , 2.29083
13.78 , 3.9100683212 , 2.29617
13.81 , 4.1272940635 , 2.30183
13.84 , 4.1272940635 , 2.30733
13.88 , 4.1272940635 , 2.31300
13.91 , 4.0186810493 , 2.31850
13.94 , 4.1272940635 , 2.32400
13.98 , 4.0186810493 , 2.32950
14.01 , 4.1272940635 , 2.33517
14.04 , 4.1272940635 , 2.34067
14.08 , 4.1272940635 , 2.34617
14.11 , 4.1272940635 , 2.35167
14.14 , 4.1272940635 , 2.35733
14.18 , 4.3445205688 , 2.36283
14.21 , 4.2359075546 , 2.36850
14.24 , 4.2359075546 , 2.37383
14.28 , 4.2359075546 , 2.37950
14.31 , 4.3445205688 , 2.38500
14.34 , 4.2359075546 , 2.39067
14.38 , 4.2359075546 , 2.39600
14.41 , 4.2359075546 , 2.40167
14.44 , 4.3445205688 , 2.40717
14.48 , 4.3445205688 , 2.41283
14.51 , 4.3445205688 , 2.41833
14.54 , 4.3445205688 , 2.42383
14.58 , 4.3445205688 , 2.42933
14.61 , 4.4531335830 , 2.43500
14.64 , 4.3445205688 , 2.44050
14.68 , 4.4531335830 , 2.44600
14.71 , 4.5617461204 , 2.45150
14.74 , 4.3445205688 , 2.45717
14.78 , 4.4531335830 , 2.46267
14.81 , 4.4531335830 , 2.46833
14.84 , 4.4531335830 , 2.47367
14.88 , 4.5617461204 , 2.47933
14.91 , 4.5617461204 , 2.48483
14.94 , 4.4531335830 , 2.49050
14.98 , 4.5617461204 , 2.49600
15.01 , 4.4531335830 , 2.50150
15.04 , 4.5617461204 , 2.50700
15.08 , 4.4531335830 , 2.51267
15.11 , 4.5617461204 , 2.51817
15.14 , 4.5617461204 , 2.52367
15.18 , 4.5617461204 , 2.52917
15.21 , 4.6703591346 , 2.53483
15.24 , 4.5617461204 , 2.54033
15.28 , 4.6703591346 , 2.54600
15.31 , 4.6703591346 , 2.55133
15.34 , 4.6703591346 , 2.55700
15.38 , 4.6703591346 , 2.56250
15.41 , 4.6703591346 , 2.56817
15.44 , 4.6703591346 , 2.57350
15.48 , 4.6703591346 , 2.57917
15.51 , 4.6703591346 , 2.58467
15.54 , 4.6703591346 , 2.59033
15.57 , 4.6703591346 , 2.59583
15.61 , 4.6703591346 , 2.60133
15.64 , 4.6703591346 , 2.60683
15.68 , 4.6703591346 , 2.61250
15.71 , 4.7789721488 , 2.61800
15.74 , 4.7789721488 , 2.62350
15.77 , 4.7789721488 , 2.62900
15.81 , 4.7789721488 , 2.63467
15.84 , 4.8875856399 , 2.64017
15.88 , 4.7789721488 , 2.64583
15.91 , 4.8875856399 , 2.65117
15.94 , 4.8875856399 , 2.65683
15.97 , 4.8875856399 , 2.66233
16.01 , 4.8875856399 , 2.66800
16.04 , 4.8875856399 , 2.67333
16.07 , 4.9961986541 , 2.67900
16.11 , 4.9961986541 , 2.68450
16.14 , 4.8875856399 , 2.69017
16.17 , 4.9961986541 , 2.69567
16.21 , 4.8875856399 , 2.70117
16.24 , 4.9961986541 , 2.70667
16.27 , 4.9961986541 , 2.71233
16.31 , 5.1048116683 , 2.71783
16.34 , 4.9961986541 , 2.72333
16.37 , 4.9961986541 , 2.72883
16.41 , 4.9961986541 , 2.73450
16.44 , 4.9961986541 , 2.74000
16.47 , 4.9961986541 , 2.74567
16.51 , 4.9961986541 , 2.75100
16.54 , 5.1048116683 , 2.75667
16.57 , 5.1048116683 , 2.76217
16.61 , 5.1048116683 , 2.76783
16.64 , 5.1048116683 , 2.77333
16.67 , 5.2134242057 , 2.77883
16.71 , 5.2134242057 , 2.78433
16.74 , 5.2134242057 , 2.79000
16.77 , 5.1048116683 , 2.79550
16.81 , 5.2134242057 , 2.80100
16.84 , 5.1048116683 , 2.80650
16.87 , 5.2134242057 , 2.81217
16.91 , 5.3220372200 , 2.81767
16.94 , 5.3220372200 , 2.82333
16.97 , 5.2134242057 , 2.82867
17.01 , 5.3220372200 , 2.83433
17.04 , 5.2134242057 , 2.83983
17.07 , 5.2134242057 , 2.84550
17.10 , 5.3220372200 , 2.85083
17.14 , 5.3220372200 , 2.85650
17.17 , 5.2134242057 , 2.86200
17.21 , 5.4306502342 , 2.86767
17.24 , 5.4306502342 , 2.87317
17.27 , 5.4306502342 , 2.87867
17.30 , 5.4306502342 , 2.88417
17.34 , 5.3220372200 , 2.88983
17.37 , 5.4306502342 , 2.89533
17.40 , 5.4306502342 , 2.90083
17.44 , 5.4306502342 , 2.90633
17.47 , 5.4306502342 , 2.91200
17.50 , 5.4306502342 , 2.91750
17.54 , 5.4306502342 , 2.92317
17.57 , 5.5392632484 , 2.92850
17.60 , 5.4306502342 , 2.93417
17.64 , 5.4306502342 , 2.93967
17.67 , 5.5392632484 , 2.94533
17.70 , 5.5392632484 , 2.95067
17.74 , 5.5392632484 , 2.95633
17.77 , 5.5392632484 , 2.96183
17.80 , 5.5392632484 , 2.96750
17.84 , 5.6478762626 , 2.97300
17.87 , 5.4306502342 , 2.97850
17.90 , 5.5392632484 , 2.98400
17.94 , 5.6478762626 , 2.98967
17.97 , 5.6478762626 , 2.99517
18.00 , 5.6478762626 , 3.00067
18.04 , 5.6478762626 , 3.00617
18.07 , 5.6478762626 , 3.01183
18.10 , 5.7564892768 , 3.01733
18.14 , 5.7564892768 , 3.02300
18.17 , 5.6478762626 , 3.02833
18.20 , 5.7564892768 , 3.03400
18.24 , 5.7564892768 , 3.03950
18.27 , 5.7564892768 , 3.04517
18.30 , 5.8651022911 , 3.05067
18.34 , 5.7564892768 , 3.05617
18.37 , 5.6478762626 , 3.06167
18.40 , 5.7564892768 , 3.06733
18.44 , 5.8651022911 , 3.07283
18.47 , 5.8651022911 , 3.07833
18.50 , 5.7564892768 , 3.08383
18.54 , 5.8651022911 , 3.08950
18.57 , 5.8651022911 , 3.09500
18.60 , 5.7564892768 , 3.10067
18.64 , 5.8651022911 , 3.10600
18.67 , 5.9737148284 , 3.11167
18.70 , 5.8651022911 , 3.11717
18.74 , 5.9737148284 , 3.12283
18.77 , 5.9737148284 , 3.12817
18.80 , 5.8651022911 , 3.13383
18.84 , 5.9737148284 , 3.13933
18.87 , 5.8651022911 , 3.14500
18.90 , 5.9737148284 , 3.15050
18.94 , 5.8651022911 , 3.15600
18.97 , 5.9737148284 , 3.16150
19.00 , 6.0823278427 , 3.16717
19.04 , 5.9737148284 , 3.17267
19.07 , 5.9737148284 , 3.17817
19.10 , 6.0823278427 , 3.18367
19.14 , 6.0823278427 , 3.18933
19.17 , 6.0823278427 , 3.19483
19.20 , 6.0823278427 , 3.20050
19.23 , 6.1909408569 , 3.20583
19.27 , 6.0823278427 , 3.21150
19.30 , 6.1909408569 , 3.21700
19.34 , 6.1909408569 , 3.22267
19.37 , 6.0823278427 , 3.22800
19.40 , 6.1909408569 , 3.23367
19.43 , 6.1909408569 , 3.23917
19.47 , 6.1909408569 , 3.24483
19.50 , 6.1909408569 , 3.25033
19.53 , 6.2995538711 , 3.25583
19.57 , 6.1909408569 , 3.26133
19.60 , 6.2995538711 , 3.26700
19.63 , 6.1909408569 , 3.27250
19.67 , 6.2995538711 , 3.27800
19.70 , 6.2995538711 , 3.28350
19.73 , 6.4081664085 , 3.28917
19.77 , 6.1909408569 , 3.29467
19.80 , 6.4081664085 , 3.30033
19.83 , 6.4081664085 , 3.30567
19.87 , 6.2995538711 , 3.31133
19.90 , 6.2995538711 , 3.31683
19.93 , 6.4081664085 , 3.32250
19.97 , 6.2995538711 , 3.32800
20.00 , 6.2995538711 , 3.33350
20.03 , 6.5167794227 , 3.33900
20.07 , 6.4081664085 , 3.34467
20.10 , 6.4081664085 , 3.35017
20.13 , 6.5167794227 , 3.35567
20.17 , 6.4081664085 , 3.36117
20.20 , 6.5167794227 , 3.36683
20.23 , 6.4081664085 , 3.37233
20.27 , 6.5167794227 , 3.37800
20.30 , 6.4081664085 , 3.38333
20.33 , 6.5167794227 , 3.38900
20.37 , 6.6253938674 , 3.39450
20.40 , 6.5167794227 , 3.40017
20.43 , 6.5167794227 , 3.40550
20.47 , 6.6253938674 , 3.41117
20.50 , 6.6253938674 , 3.41667
20.53 , 6.6253938674 , 3.42233
20.57 , 6.6253938674 , 3.42783
20.60 , 6.5167794227 , 3.43333
20.63 , 6.6253938674 , 3.43883
20.67 , 6.7340068817 , 3.44450
20.70 , 6.6253938674 , 3.45000
20.73 , 6.6253938674 , 3.45550
20.77 , 6.6253938674 , 3.46100
20.80 , 6.7340068817 , 3.46667
20.83 , 6.7340068817 , 3.47217
20.87 , 6.7340068817 , 3.47783
20.90 , 6.7340068817 , 3.48317
20.93 , 6.8426194190 , 3.48883
20.97 , 6.7340068817 , 3.49433
21.00 , 6.8426194190 , 3.50000
21.03 , 6.8426194190 , 3.50533
21.07 , 6.8426194190 , 3.51100
21.10 , 6.8426194190 , 3.51650
21.13 , 6.8426194190 , 3.52217
21.17 , 6.8426194190 , 3.52767
21.20 , 6.8426194190 , 3.53317
21.23 , 6.8426194190 , 3.53867
21.27 , 6.9512324333 , 3.54433
21.30 , 6.9512324333 , 3.54983
21.33 , 6.9512324333 , 3.55533
21.36 , 6.8426194190 , 3.56083
21.40 , 6.9512324333 , 3.56650
21.43 , 6.9512324333 , 3.57200
21.47 , 7.0598454475 , 3.57767
21.50 , 6.9512324333 , 3.58300
21.53 , 7.0598454475 , 3.58867
21.56 , 7.0598454475 , 3.59417
21.60 , 7.0598454475 , 3.59983
21.63 , 7.0598454475 , 3.60533
21.67 , 7.0598454475 , 3.61083
21.70 , 6.9512324333 , 3.61633
21.73 , 7.0598454475 , 3.62200
21.76 , 7.0598454475 , 3.62750
21.80 , 7.1684584617 , 3.63300
21.83 , 7.1684584617 , 3.63850
21.86 , 7.1684584617 , 3.64417
21.90 , 7.1684584617 , 3.64967
21.93 , 7.0598454475 , 3.65533
21.96 , 7.1684584617 , 3.66067
22.00 , 7.1684584617 , 3.66633
22.03 , 7.1684584617 , 3.67183
22.06 , 7.1684584617 , 3.67750
22.10 , 7.1684584617 , 3.68283
22.13 , 7.1684584617 , 3.68850
22.16 , 7.2770709991 , 3.69400
22.20 , 7.2770709991 , 3.69967
22.23 , 7.1684584617 , 3.70517
22.26 , 7.2770709991 , 3.71067
22.30 , 7.2770709991 , 3.71617
22.33 , 7.2770709991 , 3.72183
22.36 , 7.2770709991 , 3.72733
22.40 , 7.3856840133 , 3.73283
22.43 , 7.2770709991 , 3.73833
22.46 , 7.2770709991 , 3.74400
22.50 , 7.2770709991 , 3.74950
22.53 , 7.3856840133 , 3.75517
22.56 , 7.3856840133 , 3.76050
22.60 , 7.3856840133 , 3.76617
22.63 , 7.3856840133 , 3.77167
22.66 , 7.4942970275 , 3.77733
22.70 , 7.4942970275 , 3.78267
22.73 , 7.3856840133 , 3.78833
22.76 , 7.3856840133 , 3.79383
22.80 , 7.4942970275 , 3.79950
22.83 , 7.4942970275 , 3.80500
22.86 , 7.4942970275 , 3.81050
22.90 , 7.4942970275 , 3.81600
22.93 , 7.4942970275 , 3.82167
22.96 , 7.4942970275 , 3.82717
23.00 , 7.4942970275 , 3.83267
23.03 , 7.6029100418 , 3.83817
23.06 , 7.6029100418 , 3.84383
23.10 , 7.6029100418 , 3.84933
23.13 , 7.6029100418 , 3.85500
23.16 , 7.6029100418 , 3.86033
23.20 , 7.6029100418 , 3.86600
23.23 , 7.6029100418 , 3.87150
23.26 , 7.6029100418 , 3.87717
23.30 , 7.7115225791 , 3.88267
23.33 , 7.7115225791 , 3.88817
23.36 , 7.7115225791 , 3.89367
23.40 , 7.7115225791 , 3.89933
23.43 , 7.7115225791 , 3.90483
23.46 , 7.7115225791 , 3.91033
23.50 , 7.7115225791 , 3.91583
23.53 , 7.7115225791 , 3.92150
23.56 , 7.8201355934 , 3.92700
23.60 , 7.8201355934 , 3.93267
23.63 , 7.7115225791 , 3.93800
23.66 , 7.8201355934 , 3.94367
23.69 , 7.8201355934 , 3.94917
23.73 , 7.9287486076 , 3.95483
23.76 , 7.8201355934 , 3.96017
23.79 , 7.8201355934 , 3.96583
23.83 , 7.8201355934 , 3.97133
23.86 , 7.8201355934 , 3.97700
23.89 , 7.8201355934 , 3.98250
23.93 , 7.8201355934 , 3.98800
23.96 , 7.9287486076 , 3.99350
24.00 , 7.9287486076 , 3.99917
24.03 , 7.9287486076 , 4.00467
24.06 , 8.0373630523 , 4.01017
24.09 , 8.0373630523 , 4.01567
24.13 , 8.0373630523 , 4.02133
24.16 , 8.0373630523 , 4.02683
24.19 , 8.0373630523 , 4.03250
24.23 , 8.0373630523 , 4.03783
24.26 , 8.0373630523 , 4.04350
24.29 , 8.1459760665 , 4.04900
24.33 , 8.0373630523 , 4.05467
24.36 , 8.0373630523 , 4.06000
24.39 , 8.0373630523 , 4.06567
24.43 , 8.0373630523 , 4.07117
24.46 , 8.1459760665 , 4.07683
24.49 , 8.1459760665 , 4.08233
24.53 , 8.1459760665 , 4.08783
24.56 , 8.1459760665 , 4.09333
24.59 , 8.2545890808 , 4.09900
24.63 , 8.1459760665 , 4.10450
24.66 , 8.2545890808 , 4.11000
24.69 , 8.2545890808 , 4.11550
24.73 , 8.1459760665 , 4.12117
24.76 , 8.2545890808 , 4.12667
24.79 , 8.1459760665 , 4.13233
24.83 , 8.2545890808 , 4.13767
24.86 , 8.2545890808 , 4.14333
24.89 , 8.2545890808 , 4.14883
24.93 , 8.2545890808 , 4.15450
24.96 , 8.2545890808 , 4.16000
24.99 , 8.3632011413 , 4.16550
25.03 , 8.3632011413 , 4.17100
25.06 , 8.2545890808 , 4.17667
25.09 , 8.3632011413 , 4.18217
25.13 , 8.3632011413 , 4.18767
25.16 , 8.3632011413 , 4.19317
25.19 , 8.4718141555 , 4.19883
25.23 , 8.3632011413 , 4.20433
25.26 , 8.4718141555 , 4.21000
25.29 , 8.4718141555 , 4.21533
25.33 , 8.4718141555 , 4.22100
25.36 , 8.3632011413 , 4.22650
25.39 , 8.4718141555 , 4.23217
25.42 , 8.4718141555 , 4.23750
25.46 , 8.4718141555 , 4.24317
25.49 , 8.5804271697 , 4.24867
25.53 , 8.5804271697 , 4.25433
25.56 , 8.4718141555 , 4.25983
25.59 , 8.5804271697 , 4.26533
25.62 , 8.5804271697 , 4.27083
25.66 , 8.5804271697 , 4.27650
25.69 , 8.5804271697 , 4.28200
25.72 , 8.5804271697 , 4.28750
25.76 , 8.5804271697 , 4.29300
25.79 , 8.5804271697 , 4.29867
25.82 , 8.6890401840 , 4.30417
25.86 , 8.5804271697 , 4.30983
25.89 , 8.6890401840 , 4.31517
25.92 , 8.5804271697 , 4.32083
25.96 , 8.5804271697 , 4.32633
25.99 , 8.6890401840 , 4.33200
26.02 , 8.6890401840 , 4.33733
26.06 , 8.6890401840 , 4.34300
26.09 , 8.6890401840 , 4.34850
26.12 , 8.7976531982 , 4.35417
26.16 , 8.7976531982 , 4.35967
26.19 , 8.9062662124 , 4.36517
26.22 , 8.7976531982 , 4.37067
26.26 , 8.7976531982 , 4.37633
26.29 , 8.7976531982 , 4.38183
26.32 , 8.7976531982 , 4.38733
26.36 , 8.7976531982 , 4.39283
26.39 , 8.9062662124 , 4.39850
26.42 , 8.9062662124 , 4.40400
26.46 , 8.9062662124 , 4.40967
26.49 , 8.9062662124 , 4.41500
26.52 , 8.9062662124 , 4.42067
26.56 , 8.9062662124 , 4.42617
26.59 , 9.0148792266 , 4.43183
26.62 , 9.0148792266 , 4.43733
26.66 , 8.9062662124 , 4.44283
26.69 , 9.0148792266 , 4.44833
26.72 , 9.0148792266 , 4.45400
26.76 , 9.0148792266 , 4.45950
26.79 , 8.9062662124 , 4.46500
26.82 , 9.0148792266 , 4.47050
26.86 , 9.0148792266 , 4.47617
26.89 , 9.0148792266 , 4.48167
26.92 , 9.1234922409 , 4.48733
26.96 , 9.1234922409 , 4.49267
26.99 , 9.1234922409 , 4.49833
27.02 , 9.1234922409 , 4.50383
27.06 , 9.1234922409 , 4.50950
27.09 , 9.2321052551 , 4.51483
27.12 , 9.1234922409 , 4.52050
27.16 , 9.1234922409 , 4.52600
27.19 , 9.1234922409 , 4.53167
27.22 , 9.1234922409 , 4.53717
27.26 , 9.2321052551 , 4.54267
27.29 , 9.1234922409 , 4.54817
27.32 , 9.2321052551 , 4.55383
27.36 , 9.2321052551 , 4.55933
27.39 , 9.2321052551 , 4.56483
27.42 , 9.2321052551 , 4.57033
27.46 , 9.2321052551 , 4.57600
27.49 , 9.3407173156 , 4.58150
27.52 , 9.2321052551 , 4.58717
27.55 , 9.3407173156 , 4.59250
27.59 , 9.3407173156 , 4.59817
27.62 , 9.3407173156 , 4.60367
27.66 , 9.3407173156 , 4.60933
27.69 , 9.3407173156 , 4.61467
27.72 , 9.3407173156 , 4.62033
27.75 , 9.3407173156 , 4.62583
27.79 , 9.4493322372 , 4.63150
27.82 , 9.3407173156 , 4.63700
27.85 , 9.4493322372 , 4.64250
27.89 , 9.4493322372 , 4.64800
27.92 , 9.4493322372 , 4.65367
27.95 , 9.5579452514 , 4.65917
27.99 , 9.4493322372 , 4.66467
28.02 , 9.4493322372 , 4.67017
28.05 , 9.4493322372 , 4.67583
28.09 , 9.4493322372 , 4.68133
28.12 , 9.4493322372 , 4.68700
28.15 , 9.5579452514 , 4.69233
28.19 , 9.4493322372 , 4.69800
28.22 , 9.5579452514 , 4.70350
28.25 , 9.5579452514 , 4.70917
28.29 , 9.5579452514 , 4.71467
28.32 , 9.5579452514 , 4.72017
28.35 , 9.5579452514 , 4.72567
28.39 , 9.5579452514 , 4.73133
28.42 , 9.6665573120 , 4.73683
28.45 , 9.6665573120 , 4.74233
28.49 , 9.6665573120 , 4.74783
28.52 , 9.6665573120 , 4.75350
28.55 , 9.6665573120 , 4.75900
28.59 , 9.7751703262 , 4.76467
28.62 , 9.7751703262 , 4.77000
28.65 , 9.6665573120 , 4.77567
28.69 , 9.7751703262 , 4.78117
28.72 , 9.7751703262 , 4.78683
28.75 , 9.7751703262 , 4.79217
28.79 , 9.7751703262 , 4.79783
28.82 , 9.7751703262 , 4.80333
28.85 , 9.7751703262 , 4.80900
28.89 , 9.8837833404 , 4.81450
28.92 , 9.8837833404 , 4.82000
28.95 , 9.8837833404 , 4.82550
28.99 , 9.8837833404 , 4.83117
29.02 , 9.9923963546 , 4.83667
29.05 , 9.8837833404 , 4.84217
29.09 , 9.8837833404 , 4.84767
29.12 , 9.8837833404 , 4.85333
29.15 , 9.8837833404 , 4.85883
29.19 , 9.8837833404 , 4.86450
29.22 , 9.9923963546 , 4.86983
29.25 , 9.9923963546 , 4.87550
29.29 , 9.9923963546 , 4.88100
29.32 , 9.8837833404 , 4.88667
29.35 , 9.9923963546 , 4.89200
29.39 , 10.1010093688 , 4.89767
29.42 , 10.1010093688 , 4.90333
29.45 , 10.1010093688 , 4.90917
29.49 , 10.1010093688 , 4.91483
29.52 , 10.1010093688 , 4.92050
29.56 , 10.1010093688 , 4.92617
29.59 , 10.1010093688 , 4.93200
29.63 , 10.1010093688 , 4.93767
29.66 , 10.2096223831 , 4.94350
29.69 , 10.1010093688 , 4.94900
29.73 , 10.1010093688 , 4.95483
29.76 , 10.2096223831 , 4.96050
29.80 , 10.2096223831 , 4.96633
29.83 , 10.2096223831 , 4.97200
29.87 , 10.2096223831 , 4.97783
29.90 , 10.2096223831 , 4.98333
29.93 , 10.3182353973 , 4.98917
29.97 , 10.2096223831 , 4.99483
30.00 , 10.2096223831 , 5.00067
30.04 , 10.3182353973 , 5.00633
30.07 , 10.3182353973 , 5.01200
30.11 , 10.3182353973 , 5.01767
30.14 , 10.3182353973 , 5.02350
30.17 , 10.3182353973 , 5.02917
30.21 , 10.3182353973 , 5.03500
30.24 , 10.4268484115 , 5.04050
30.28 , 10.4268484115 , 5.04633
30.31 , 10.4268484115 , 5.05200
30.35 , 10.4268484115 , 5.05783
30.38 , 10.4268484115 , 5.06350
30.42 , 10.4268484115 , 5.06917
30.45 , 10.5354614257 , 5.07483
30.48 , 10.4268484115 , 5.08067
30.52 , 10.5354614257 , 5.08650
30.55 , 10.4268484115 , 5.09217
30.59 , 10.5354614257 , 5.09783
30.62 , 10.6440734863 , 5.10350
30.66 , 10.5354614257 , 5.10933
30.69 , 10.5354614257 , 5.11500
30.72 , 10.5354614257 , 5.12083
30.76 , 10.6440734863 , 5.12633
30.79 , 10.6440734863 , 5.13217
30.83 , 10.6440734863 , 5.13783
30.86 , 10.6440734863 , 5.14367
30.90 , 10.6440734863 , 5.14933
30.93 , 10.6440734863 , 5.15500
30.96 , 10.7526865005 , 5.16067
31.00 , 10.6440734863 , 5.16650
31.03 , 10.6440734863 , 5.17217
31.07 , 10.7526865005 , 5.17800
31.10 , 10.7526865005 , 5.18350
31.14 , 10.7526865005 , 5.18933
31.17 , 10.7526865005 , 5.19500
31.20 , 10.7526865005 , 5.20083
31.24 , 10.7526865005 , 5.20650
31.27 , 10.7526865005 , 5.21217
31.31 , 10.8613014221 , 5.21783
31.34 , 10.7526865005 , 5.22367
31.38 , 10.8613014221 , 5.22933
31.41 , 10.8613014221 , 5.23517
31.44 , 10.8613014221 , 5.24067
31.48 , 10.8613014221 , 5.24650
31.51 , 10.8613014221 , 5.25217
31.55 , 10.8613014221 , 5.25800
31.58 , 10.8613014221 , 5.26383
31.62 , 10.9699134826 , 5.26950
31.65 , 10.8613014221 , 5.27517
31.68 , 10.9699134826 , 5.28083
31.72 , 10.9699134826 , 5.28667
31.75 , 10.9699134826 , 5.29233
31.79 , 11.0785264968 , 5.29817
31.82 , 10.9699134826 , 5.30367
31.86 , 11.0785264968 , 5.30950
31.89 , 11.0785264968 , 5.31517
31.93 , 11.0785264968 , 5.32100
31.96 , 11.0785264968 , 5.32667
31.99 , 10.9699134826 , 5.33233
32.03 , 11.0785264968 , 5.33800
32.06 , 11.0785264968 , 5.34383
32.10 , 11.0785264968 , 5.34950
32.13 , 11.0785264968 , 5.35533
32.17 , 11.1871395111 , 5.36083
32.20 , 11.1871395111 , 5.36667
32.23 , 11.0785264968 , 5.37233
32.27 , 11.1871395111 , 5.37817
32.30 , 11.1871395111 , 5.38383
32.34 , 11.1871395111 , 5.38950
32.37 , 11.2957525253 , 5.39517
32.41 , 11.1871395111 , 5.40100
32.44 , 11.1871395111 , 5.40667
32.47 , 11.1871395111 , 5.41250
32.51 , 11.2957525253 , 5.41800
32.54 , 11.2957525253 , 5.42383
32.58 , 11.2957525253 , 5.42950
32.61 , 11.2957525253 , 5.43533
32.65 , 11.4043655395 , 5.44100
32.68 , 11.4043655395 , 5.44667
32.72 , 11.4043655395 , 5.45250
32.75 , 11.4043655395 , 5.45817
32.78 , 11.5129785537 , 5.46400
32.82 , 11.4043655395 , 5.46967
32.85 , 11.4043655395 , 5.47533
32.89 , 11.4043655395 , 5.48100
32.92 , 11.5129785537 , 5.48683
32.96 , 11.5129785537 , 5.49250
32.99 , 11.5129785537 , 5.49833
33.02 , 11.5129785537 , 5.50400
33.06 , 11.6215915679 , 5.50967
33.09 , 11.5129785537 , 5.51533
33.13 , 11.5129785537 , 5.52117
33.16 , 11.6215915679 , 5.52683
33.20 , 11.6215915679 , 5.53267
33.23 , 11.5129785537 , 5.53817
33.26 , 11.6215915679 , 5.54400
33.30 , 11.6215915679 , 5.54967
33.33 , 11.6215915679 , 5.55550
33.37 , 11.6215915679 , 5.56117
33.40 , 11.7302045822 , 5.56683
33.44 , 11.6215915679 , 5.57250
33.47 , 11.6215915679 , 5.57833
33.50 , 11.7302045822 , 5.58400
33.54 , 11.7302045822 , 5.58983
33.57 , 11.7302045822 , 5.59533
33.61 , 11.7302045822 , 5.60117
33.64 , 11.7302045822 , 5.60683
33.68 , 11.7302045822 , 5.61267
33.71 , 11.8388175964 , 5.61833
33.74 , 11.8388175964 , 5.62400
33.78 , 11.8388175964 , 5.62983
33.81 , 11.8388175964 , 5.63550
33.85 , 11.8388175964 , 5.64133
33.88 , 11.8388175964 , 5.64700
33.92 , 11.8388175964 , 5.65267
33.95 , 11.8388175964 , 5.65833
33.99 , 11.8388175964 , 5.66417
34.02 , 11.8388175964 , 5.66983
34.05 , 11.9474296569 , 5.67567
34.09 , 11.9474296569 , 5.68117
34.12 , 11.9474296569 , 5.68700
34.16 , 11.9474296569 , 5.69267
34.19 , 12.0560426712 , 5.69850
34.22 , 11.9474296569 , 5.70417
34.26 , 12.0560426712 , 5.70983
34.29 , 11.9474296569 , 5.71550
34.33 , 11.9474296569 , 5.72133
34.36 , 12.0560426712 , 5.72700
34.40 , 12.0560426712 , 5.73283
34.43 , 12.0560426712 , 5.73833
34.47 , 12.0560426712 , 5.74417
34.50 , 12.0560426712 , 5.74983
34.53 , 12.0560426712 , 5.75567
34.57 , 12.0560426712 , 5.76133
34.60 , 12.1646556854 , 5.76717
34.64 , 12.1646556854 , 5.77267
34.67 , 12.1646556854 , 5.77850
34.71 , 12.1646556854 , 5.78417
34.74 , 12.1646556854 , 5.79000
34.77 , 12.1646556854 , 5.79567
34.81 , 12.1646556854 , 5.80133
34.84 , 12.2732696533 , 5.80700
34.88 , 12.1646556854 , 5.81283
34.91 , 12.2732696533 , 5.81867
34.95 , 12.2732696533 , 5.82433
34.98 , 12.2732696533 , 5.83000
35.01 , 12.2732696533 , 5.83567
35.05 , 12.3818826675 , 5.84150
35.08 , 12.2732696533 , 5.84717
35.12 , 12.3818826675 , 5.85300
35.15 , 12.3818826675 , 5.85850
35.19 , 12.3818826675 , 5.86433
35.22 , 12.3818826675 , 5.87000
35.26 , 12.4904956817 , 5.87583
35.29 , 12.4904956817 , 5.88150
35.32 , 12.4904956817 , 5.88717
35.36 , 12.5991086959 , 5.89283
35.39 , 12.4904956817 , 5.89867
35.43 , 12.4904956817 , 5.90433
35.46 , 12.4904956817 , 5.91017
35.49 , 12.4904956817 , 5.91567
35.53 , 12.5991086959 , 5.92150
35.56 , 12.5991086959 , 5.92717
35.60 , 12.5991086959 , 5.93300
35.63 , 12.5991086959 , 5.93867
35.67 , 12.5991086959 , 5.94433
35.70 , 12.5991086959 , 5.95000
35.74 , 12.5991086959 , 5.95583
35.77 , 12.5991086959 , 5.96150
35.80 , 12.7077217102 , 5.96733
35.84 , 12.7077217102 , 5.97283
35.87 , 12.7077217102 , 5.97867
35.91 , 12.5991086959 , 5.98433
35.94 , 12.7077217102 , 5.99017
35.98 , 12.7077217102 , 5.99600
36.01 , 12.7077217102 , 6.00150
36.04 , 12.8163347244 , 6.00733
36.08 , 12.8163347244 , 6.01300
36.11 , 12.8163347244 , 6.01883
36.15 , 12.8163347244 , 6.02450
36.18 , 12.8163347244 , 6.03033
36.22 , 12.8163347244 , 6.03583
36.25 , 12.9249477386 , 6.04167
36.28 , 12.9249477386 , 6.04733
36.32 , 12.8163347244 , 6.05317
36.35 , 12.8163347244 , 6.05883
36.39 , 12.9249477386 , 6.06450
36.42 , 12.9249477386 , 6.07017
36.46 , 12.9249477386 , 6.07600
36.49 , 12.9249477386 , 6.08167
36.53 , 13.0335607528 , 6.08750
36.56 , 13.0335607528 , 6.09300
36.59 , 12.9249477386 , 6.09883
36.63 , 12.9249477386 , 6.10450
36.66 , 12.9249477386 , 6.11033
36.70 , 13.0335607528 , 6.11600
36.73 , 12.9249477386 , 6.12167
36.76 , 13.0335607528 , 6.12733
36.80 , 13.0335607528 , 6.13317
36.83 , 13.0335607528 , 6.13883
36.87 , 13.0335607528 , 6.14467
36.90 , 13.0335607528 , 6.15017
36.94 , 13.1421737670 , 6.15600
36.97 , 13.1421737670 , 6.16167
37.01 , 13.1421737670 , 6.16750
37.04 , 13.0335607528 , 6.17317
37.07 , 13.2507858276 , 6.17883
37.11 , 13.1421737670 , 6.18467
37.14 , 13.1421737670 , 6.19033
37.18 , 13.1421737670 , 6.19617
37.21 , 13.2507858276 , 6.20183
37.25 , 13.1421737670 , 6.20750
37.28 , 13.3593988418 , 6.21317
37.31 , 13.2507858276 , 6.21900
37.35 , 13.1421737670 , 6.22467
37.38 , 13.2507858276 , 6.23050
37.42 , 13.3593988418 , 6.23600
37.45 , 13.2507858276 , 6.24183
37.49 , 13.3593988418 , 6.24750
37.52 , 13.3593988418 , 6.25333
37.55 , 13.3593988418 , 6.25900
37.59 , 13.2507858276 , 6.26467
37.62 , 13.3593988418 , 6.27033
37.66 , 13.4680118560 , 6.27617
37.69 , 13.3593988418 , 6.28183
37.73 , 13.3593988418 , 6.28767
37.76 , 13.3593988418 , 6.29333
37.79 , 13.4680118560 , 6.29900
37.83 , 13.4680118560 , 6.30467
37.86 , 13.4680118560 , 6.31050
37.90 , 13.4680118560 , 6.31617
37.93 , 13.6852388381 , 6.32200
37.97 , 13.4680118560 , 6.32750
38.00 , 13.4680118560 , 6.33333
38.03 , 13.5766258239 , 6.33900
38.07 , 13.5766258239 , 6.34483
38.10 , 13.6852388381 , 6.35050
38.14 , 13.5766258239 , 6.35617
38.17 , 13.5766258239 , 6.36200
38.21 , 13.6852388381 , 6.36767
38.24 , 13.6852388381 , 6.37350
38.28 , 13.6852388381 , 6.37917
38.31 , 13.6852388381 , 6.38483
38.34 , 13.6852388381 , 6.39050
38.38 , 13.6852388381 , 6.39633
38.41 , 13.6852388381 , 6.40200
38.45 , 13.6852388381 , 6.40783
38.48 , 13.6852388381 , 6.41333
38.52 , 13.6852388381 , 6.41917
38.55 , 13.7938518524 , 6.42483
38.58 , 13.7938518524 , 6.43067
38.62 , 13.7938518524 , 6.43633
38.65 , 13.9024648666 , 6.44200
38.69 , 13.7938518524 , 6.44767
38.72 , 13.9024648666 , 6.45350
38.76 , 13.7938518524 , 6.45917
38.79 , 13.7938518524 , 6.46500
38.82 , 13.7938518524 , 6.47050
38.86 , 13.9024648666 , 6.47633
38.89 , 14.0110778808 , 6.48200
38.93 , 14.0110778808 , 6.48783
38.96 , 14.0110778808 , 6.49350
39.00 , 13.9024648666 , 6.49917
39.03 , 14.0110778808 , 6.50483
39.06 , 14.0110778808 , 6.51067
39.10 , 14.1196908950 , 6.51633
39.13 , 14.0110778808 , 6.52217
39.17 , 14.0110778808 , 6.52767
39.20 , 14.0110778808 , 6.53350
39.24 , 14.1196908950 , 6.53917
39.27 , 14.1196908950 , 6.54500
39.31 , 14.1196908950 , 6.55083
39.34 , 14.1196908950 , 6.55650
39.37 , 14.1196908950 , 6.56217
39.41 , 14.3369169235 , 6.56783
39.44 , 14.1196908950 , 6.57367
39.48 , 14.1196908950 , 6.57933
39.51 , 14.2283039093 , 6.58517
39.54 , 14.3369169235 , 6.59067
39.58 , 14.2283039093 , 6.59650
39.61 , 14.2283039093 , 6.60217
39.65 , 14.2283039093 , 6.60800
39.68 , 14.3369169235 , 6.61367
39.72 , 14.2283039093 , 6.61933
39.75 , 14.2283039093 , 6.62500
39.79 , 14.2283039093 , 6.63083
39.82 , 14.3369169235 , 6.63650
39.85 , 14.3369169235 , 6.64233
39.89 , 14.3369169235 , 6.64783
39.92 , 14.4455299377 , 6.65367
39.96 , 14.3369169235 , 6.65933
39.99 , 14.3369169235 , 6.66517
40.03 , 14.4455299377 , 6.67083
40.06 , 14.4455299377 , 6.67650
40.09 , 14.4455299377 , 6.68217
40.13 , 14.4455299377 , 6.68800
40.16 , 14.5541419982 , 6.69367
40.20 , 14.5541419982 , 6.69950
40.23 , 14.5541419982 , 6.70500
40.27 , 14.5541419982 , 6.71083
40.30 , 14.5541419982 , 6.71650
40.33 , 14.4455299377 , 6.72233
40.37 , 14.5541419982 , 6.72817
40.40 , 14.5541419982 , 6.73367
40.44 , 14.5541419982 , 6.73950
40.47 , 14.5541419982 , 6.74517
40.51 , 14.6627550125 , 6.75100
40.54 , 14.6627550125 , 6.75667
40.57 , 14.5541419982 , 6.76233
40.61 , 14.6627550125 , 6.76800
40.64 , 14.6627550125 , 6.77383
40.68 , 14.6627550125 , 6.77950
40.71 , 14.5541419982 , 6.78533
40.75 , 14.7713680267 , 6.79083
40.78 , 14.6627550125 , 6.79667
40.81 , 14.7713680267 , 6.80233
40.85 , 14.7713680267 , 6.80817
40.88 , 14.6627550125 , 6.81383
40.92 , 14.7713680267 , 6.81967
40.95 , 14.7713680267 , 6.82517
40.99 , 14.8799810409 , 6.83100
41.02 , 14.7713680267 , 6.83667
41.06 , 14.7713680267 , 6.84250
41.09 , 14.7713680267 , 6.84817
41.12 , 14.7713680267 , 6.85383
41.16 , 14.7713680267 , 6.85950
41.19 , 14.8799810409 , 6.86533
41.23 , 14.9885950088 , 6.87100
41.26 , 14.8799810409 , 6.87683
41.29 , 14.9885950088 , 6.88233
41.33 , 14.9885950088 , 6.88817
41.36 , 14.8799810409 , 6.89383
41.40 , 14.9885950088 , 6.89967
41.43 , 14.9885950088 , 6.90533
41.47 , 14.9885950088 , 6.91100
41.50 , 14.9885950088 , 6.91683
41.54 , 14.9885950088 , 6.92250
41.57 , 15.0972080230 , 6.92833
41.60 , 14.9885950088 , 6.93400
41.64 , 14.9885950088 , 6.93967
41.67 , 15.0972080230 , 6.94533
41.71 , 15.0972080230 , 6.95117
41.74 , 15.0972080230 , 6.95683
41.78 , 15.0972080230 , 6.96267
41.81 , 15.2058210372 , 6.96817
41.84 , 15.2058210372 , 6.97400
41.88 , 15.0972080230 , 6.97967
41.91 , 15.2058210372 , 6.98550
41.95 , 15.2058210372 , 6.99117
41.98 , 15.2058210372 , 6.99683
42.02 , 15.2058210372 , 7.00250
42.05 , 15.3144340515 , 7.00833
42.08 , 15.3144340515 , 7.01400
42.12 , 15.2058210372 , 7.01983
42.15 , 15.3144340515 , 7.02533
42.19 , 15.4230470657 , 7.03117
42.22 , 15.2058210372 , 7.03683
42.26 , 15.4230470657 , 7.04267
42.29 , 15.4230470657 , 7.04833
42.32 , 15.3144340515 , 7.05400
42.36 , 15.3144340515 , 7.05967
42.39 , 15.5316600799 , 7.06550
42.43 , 15.4230470657 , 7.07117
42.46 , 15.4230470657 , 7.07700
42.50 , 15.5316600799 , 7.08267
42.53 , 15.4230470657 , 7.08833
42.56 , 15.5316600799 , 7.09417
42.60 , 15.5316600799 , 7.09983
42.63 , 15.5316600799 , 7.10567
42.67 , 15.4230470657 , 7.11133
42.70 , 15.5316600799 , 7.11700
42.74 , 15.6402730941 , 7.12267
42.77 , 15.5316600799 , 7.12850
42.81 , 15.5316600799 , 7.13417
42.84 , 15.6402730941 , 7.14000
42.87 , 15.6402730941 , 7.14550
42.91 , 15.6402730941 , 7.15133
42.94 , 15.6402730941 , 7.15700
42.98 , 15.6402730941 , 7.16283
43.01 , 15.7488861083 , 7.16850
43.04 , 15.7488861083 , 7.17417
43.08 , 15.6402730941 , 7.17983
43.11 , 15.7488861083 , 7.18567
43.15 , 15.7488861083 , 7.19133
43.18 , 15.6402730941 , 7.19717
43.22 , 15.7488861083 , 7.20267
43.25 , 15.6402730941 , 7.20850
43.29 , 15.7488861083 , 7.21417
43.32 , 15.7488861083 , 7.22000
43.35 , 15.7488861083 , 7.22567
43.39 , 15.7488861083 , 7.23133
43.42 , 15.7488861083 , 7.23700
43.46 , 15.7488861083 , 7.24283
43.49 , 15.8574981689 , 7.24850
43.53 , 15.8574981689 , 7.25433
43.56 , 15.9661111831 , 7.25983
43.59 , 15.8574981689 , 7.26567
43.63 , 15.8574981689 , 7.27133
43.66 , 15.8574981689 , 7.27717
43.70 , 15.8574981689 , 7.28300
43.73 , 15.8574981689 , 7.28850
43.77 , 15.8574981689 , 7.29433
43.80 , 15.9661111831 , 7.30000
43.84 , 15.9661111831 , 7.30583
43.87 , 16.0747241973 , 7.31150
43.90 , 15.9661111831 , 7.31733
43.94 , 16.0747241973 , 7.32283
43.97 , 16.0747241973 , 7.32867
44.01 , 16.0747241973 , 7.33433
44.04 , 16.0747241973 , 7.34017
44.08 , 16.1833381652 , 7.34583
44.11 , 16.0747241973 , 7.35150
44.14 , 16.1833381652 , 7.35717
44.18 , 16.1833381652 , 7.36300
44.21 , 16.0747241973 , 7.36867
44.25 , 16.2919502258 , 7.37450
44.28 , 16.0747241973 , 7.38000
44.31 , 16.1833381652 , 7.38583
44.35 , 16.1833381652 , 7.39150
44.38 , 16.2919502258 , 7.39733
44.42 , 16.2919502258 , 7.40300
44.45 , 16.2919502258 , 7.40867
44.49 , 16.4005641937 , 7.41433
44.52 , 16.2919502258 , 7.42017
44.56 , 16.2919502258 , 7.42583
44.59 , 16.2919502258 , 7.43167
44.62 , 16.1833381652 , 7.43717
44.66 , 16.4005641937 , 7.44300
44.69 , 16.4005641937 , 7.44867
44.73 , 16.4005641937 , 7.45450
44.76 , 16.4005641937 , 7.46033
44.79 , 16.4005641937 , 7.46583
44.83 , 16.5091781616 , 7.47167
44.86 , 16.4005641937 , 7.47733
44.90 , 16.4005641937 , 7.48317
44.93 , 16.5091781616 , 7.48883
44.97 , 16.6177902221 , 7.49450
45.00 , 16.6177902221 , 7.50017
45.04 , 16.5091781616 , 7.50600
45.07 , 16.6177902221 , 7.51167
45.11 , 16.5091781616 , 7.51750
45.14 , 16.6177902221 , 7.52300
45.17 , 16.6177902221 , 7.52883
45.21 , 16.6177902221 , 7.53450
45.24 , 16.6177902221 , 7.54033
45.28 , 16.6177902221 , 7.54600
45.31 , 16.6177902221 , 7.55167
45.34 , 16.6177902221 , 7.55733
45.38 , 16.6177902221 , 7.56317
45.41 , 16.7264022827 , 7.56883
45.45 , 16.7264022827 , 7.57467
45.48 , 16.7264022827 , 7.58017
45.52 , 16.7264022827 , 7.58600
45.55 , 16.7264022827 , 7.59167
45.59 , 16.7264022827 , 7.59750
45.62 , 16.7264022827 , 7.60317
45.65 , 16.8350162506 , 7.60900
45.69 , 16.7264022827 , 7.61450
45.72 , 16.8350162506 , 7.62033
45.76 , 16.8350162506 , 7.62600
45.79 , 16.8350162506 , 7.63183
45.83 , 16.8350162506 , 7.63750
45.86 , 16.8350162506 , 7.64317
45.89 , 16.8350162506 , 7.64900
45.93 , 16.9436283111 , 7.65467
45.96 , 16.8350162506 , 7.66050
46.00 , 16.8350162506 , 7.66617
46.03 , 16.9436283111 , 7.67183
46.06 , 16.9436283111 , 7.67750
46.10 , 16.9436283111 , 7.68333
46.13 , 17.0522422790 , 7.68900
46.17 , 16.8350162506 , 7.69483
46.20 , 16.9436283111 , 7.70033
46.24 , 17.0522422790 , 7.70617
46.27 , 17.0522422790 , 7.71183
46.31 , 16.9436283111 , 7.71767
46.34 , 17.0522422790 , 7.72333
46.37 , 17.0522422790 , 7.72900
46.41 , 17.0522422790 , 7.73467
46.44 , 17.0522422790 , 7.74050
46.48 , 17.1608543395 , 7.74617
46.51 , 17.1608543395 , 7.75200
46.54 , 17.2694683074 , 7.75750
46.58 , 17.1608543395 , 7.76333
46.61 , 17.1608543395 , 7.76900
46.65 , 17.2694683074 , 7.77483
46.68 , 17.2694683074 , 7.78050
46.72 , 17.2694683074 , 7.78617
46.75 , 17.3780803680 , 7.79183
46.79 , 17.2694683074 , 7.79767
46.82 , 17.2694683074 , 7.80333
46.86 , 17.2694683074 , 7.80917
46.89 , 17.2694683074 , 7.81467
46.92 , 17.3780803680 , 7.82050
46.96 , 17.2694683074 , 7.82633
46.99 , 17.2694683074 , 7.83200
47.03 , 17.3780803680 , 7.83783
47.06 , 17.3780803680 , 7.84333
47.10 , 17.3780803680 , 7.84917
47.13 , 17.4866943359 , 7.85483
47.16 , 17.4866943359 , 7.86067
47.20 , 17.4866943359 , 7.86633
47.23 , 17.4866943359 , 7.87217
47.27 , 17.5953063964 , 7.87767
47.30 , 17.4866943359 , 7.88350
47.34 , 17.4866943359 , 7.88917
47.37 , 17.4866943359 , 7.89500
47.40 , 17.5953063964 , 7.90067
47.44 , 17.5953063964 , 7.90633
47.47 , 17.5953063964 , 7.91200
47.51 , 17.7039184570 , 7.91783
47.54 , 17.5953063964 , 7.92350
47.58 , 17.5953063964 , 7.92933
47.61 , 17.5953063964 , 7.93483
47.64 , 17.7039184570 , 7.94067
47.68 , 17.7039184570 , 7.94633
47.71 , 17.7039184570 , 7.95217
47.75 , 17.7039184570 , 7.95783
47.78 , 17.7039184570 , 7.96350
47.81 , 17.8125324249 , 7.96917
47.85 , 17.8125324249 , 7.97500
47.88 , 17.7039184570 , 7.98067
47.92 , 17.7039184570 , 7.98650
47.95 , 17.8125324249 , 7.99200
47.99 , 17.8125324249 , 7.99783
48.02 , 17.7039184570 , 8.00350
48.06 , 17.7039184570 , 8.00933
48.09 , 17.8125324249 , 8.01517
48.12 , 17.8125324249 , 8.02067
48.16 , 17.8125324249 , 8.02650
48.19 , 17.8125324249 , 8.03217
48.23 , 17.9211444854 , 8.03800
48.26 , 17.9211444854 , 8.04367
48.30 , 17.9211444854 , 8.04933
48.33 , 17.9211444854 , 8.05500
48.37 , 17.9211444854 , 8.06083
48.40 , 17.9211444854 , 8.06650
48.43 , 17.9211444854 , 8.07233
48.47 , 18.0297584533 , 8.07783
48.50 , 18.0297584533 , 8.08367
48.54 , 18.0297584533 , 8.08933
48.57 , 18.0297584533 , 8.09517
48.61 , 18.0297584533 , 8.10083
48.64 , 18.1383705139 , 8.10667
48.67 , 18.0297584533 , 8.11217
48.71 , 18.0297584533 , 8.11800
48.74 , 18.1383705139 , 8.12367
48.78 , 18.1383705139 , 8.12950
48.81 , 18.1383705139 , 8.13517
48.85 , 18.1383705139 , 8.14083
48.88 , 18.1383705139 , 8.14650
48.91 , 18.2469844818 , 8.15233
48.95 , 18.1383705139 , 8.15800
48.98 , 18.2469844818 , 8.16383
49.02 , 18.1383705139 , 8.16933
49.05 , 18.2469844818 , 8.17517
49.09 , 18.2469844818 , 8.18083
49.12 , 18.2469844818 , 8.18667
49.15 , 18.3555965423 , 8.19250
49.19 , 18.4642124176 , 8.19800
49.22 , 18.2469844818 , 8.20383
49.26 , 18.3555965423 , 8.20950
49.29 , 18.3555965423 , 8.21533
49.33 , 18.3555965423 , 8.22100
49.36 , 18.3555965423 , 8.22667
49.39 , 18.4642124176 , 8.23233
49.43 , 18.4642124176 , 8.23817
49.46 , 18.3555965423 , 8.24383
49.50 , 18.3555965423 , 8.24967
49.53 , 18.5728244781 , 8.25517
49.57 , 18.4642124176 , 8.26100
49.60 , 18.5728244781 , 8.26667
49.63 , 18.5728244781 , 8.27250
49.67 , 18.4642124176 , 8.27817
49.70 , 18.5728244781 , 8.28383
49.74 , 18.5728244781 , 8.28950
49.77 , 18.5728244781 , 8.29533
49.81 , 18.5728244781 , 8.30100
49.84 , 18.6814384460 , 8.30683
49.87 , 18.6814384460 , 8.31233
49.91 , 18.6814384460 , 8.31817
49.94 , 18.6814384460 , 8.32383
49.98 , 18.6814384460 , 8.32967
50.01 , 18.6814384460 , 8.33533
50.05 , 18.6814384460 , 8.34100
50.08 , 18.6814384460 , 8.34667
50.12 , 18.7900505065 , 8.35250
50.15 , 18.6814384460 , 8.35817
50.18 , 18.6814384460 , 8.36400
50.22 , 18.7900505065 , 8.36950
50.25 , 18.6814384460 , 8.37533
50.29 , 18.7900505065 , 8.38117
50.32 , 18.7900505065 , 8.38683
50.36 , 18.7900505065 , 8.39267
50.39 , 18.7900505065 , 8.39833
50.42 , 18.7900505065 , 8.40400
50.46 , 18.7900505065 , 8.40967
50.49 , 18.7900505065 , 8.41550
50.53 , 18.7900505065 , 8.42117
50.56 , 18.8986644744 , 8.42700
50.60 , 18.8986644744 , 8.43250
50.63 , 18.8986644744 , 8.43833
50.66 , 18.8986644744 , 8.44400
50.70 , 18.8986644744 , 8.44983
50.73 , 19.0072765350 , 8.45550
50.77 , 19.0072765350 , 8.46117
50.80 , 19.0072765350 , 8.46683
50.84 , 18.8986644744 , 8.47267
50.87 , 19.0072765350 , 8.47833
50.90 , 19.0072765350 , 8.48417
50.94 , 19.0072765350 , 8.48967
50.97 , 19.1158905029 , 8.49550
51.01 , 19.1158905029 , 8.50117
51.04 , 19.1158905029 , 8.50700
51.08 , 19.1158905029 , 8.51267
51.11 , 19.1158905029 , 8.51833
51.14 , 19.1158905029 , 8.52400
51.18 , 19.1158905029 , 8.52983
51.21 , 19.1158905029 , 8.53550
51.25 , 19.2245025634 , 8.54133
51.28 , 19.2245025634 , 8.54683
51.32 , 19.2245025634 , 8.55267
51.35 , 19.2245025634 , 8.55850
51.38 , 19.3331146240 , 8.56417
51.42 , 19.3331146240 , 8.57000
51.45 , 19.2245025634 , 8.57550
51.49 , 19.2245025634 , 8.58133
51.52 , 19.3331146240 , 8.58700
51.56 , 19.3331146240 , 8.59283
51.59 , 19.3331146240 , 8.59850
51.63 , 19.4417285919 , 8.60417
51.66 , 19.3331146240 , 8.60983
51.69 , 19.3331146240 , 8.61567
51.73 , 19.4417285919 , 8.62133
51.76 , 19.4417285919 , 8.62717
51.80 , 19.4417285919 , 8.63267
51.83 , 19.4417285919 , 8.63850
51.87 , 19.5503406524 , 8.64417
51.90 , 19.5503406524 , 8.65000
51.93 , 19.4417285919 , 8.65567
51.97 , 19.5503406524 , 8.66150
52.00 , 19.5503406524 , 8.66700
52.04 , 19.5503406524 , 8.67283
52.07 , 19.5503406524 , 8.67850
52.11 , 19.5503406524 , 8.68433
52.14 , 19.5503406524 , 8.69000
52.17 , 19.6589546203 , 8.69567
52.21 , 19.6589546203 , 8.70133
52.24 , 19.6589546203 , 8.70717
52.28 , 19.6589546203 , 8.71283
52.31 , 19.7675666809 , 8.71867
52.35 , 19.7675666809 , 8.72417
52.38 , 19.6589546203 , 8.73000
52.41 , 19.7675666809 , 8.73567
52.45 , 19.7675666809 , 8.74150
52.48 , 19.6589546203 , 8.74733
52.52 , 19.7675666809 , 8.75283
52.55 , 19.7675666809 , 8.75867
52.59 , 19.6589546203 , 8.76433
52.62 , 19.7675666809 , 8.77017
52.65 , 19.8761806488 , 8.77583
52.69 , 19.7675666809 , 8.78150
52.72 , 19.8761806488 , 8.78717
52.76 , 19.8761806488 , 8.79300
52.79 , 19.8761806488 , 8.79867
52.83 , 19.8761806488 , 8.80450
52.86 , 19.7675666809 , 8.81000
52.90 , 19.8761806488 , 8.81583
52.93 , 19.8761806488 , 8.82150
52.96 , 19.8761806488 , 8.82733
53.00 , 19.8761806488 , 8.83300
53.03 , 19.8761806488 , 8.83867
53.07 , 19.9847927093 , 8.84433
53.10 , 19.8761806488 , 8.85017
53.13 , 19.8761806488 , 8.85583
53.17 , 19.9847927093 , 8.86167
53.20 , 19.9847927093 , 8.86717
53.24 , 19.9847927093 , 8.87300
53.27 , 20.0934066772 , 8.87867
53.31 , 20.0934066772 , 8.88450
53.34 , 19.9847927093 , 8.89017
53.38 , 19.9847927093 , 8.89600
53.41 , 20.0934066772 , 8.90150
53.44 , 20.0934066772 , 8.90733
53.48 , 20.0934066772 , 8.91300
53.51 , 20.2020187377 , 8.91883
53.55 , 20.0934066772 , 8.92467
53.58 , 20.2020187377 , 8.93017
53.62 , 20.2020187377 , 8.93600
53.65 , 20.2020187377 , 8.94167
53.69 , 20.2020187377 , 8.94750
53.72 , 20.2020187377 , 8.95317
53.75 , 20.3106307983 , 8.95883
53.79 , 20.3106307983 , 8.96450
53.82 , 20.2020187377 , 8.97033
53.86 , 20.3106307983 , 8.97600
53.89 , 20.3106307983 , 8.98183
53.92 , 20.3106307983 , 8.98733
53.96 , 20.4192447662 , 8.99317
53.99 , 20.4192447662 , 8.99883
54.03 , 20.3106307983 , 9.00467
54.06 , 20.4192447662 , 9.01033
54.10 , 20.4192447662 , 9.01600
54.13 , 20.5278568267 , 9.02167
54.17 , 20.5278568267 , 9.02750
54.20 , 20.4192447662 , 9.03317
54.23 , 20.5278568267 , 9.03900
54.27 , 20.5278568267 , 9.04450
54.30 , 20.5278568267 , 9.05033
54.34 , 20.5278568267 , 9.05600
54.37 , 20.5278568267 , 9.06183
54.40 , 20.5278568267 , 9.06750
54.44 , 20.6364707946 , 9.07317
54.47 , 20.6364707946 , 9.07883
54.51 , 20.6364707946 , 9.08467
54.54 , 20.6364707946 , 9.09033
54.58 , 20.6364707946 , 9.09617
54.61 , 20.6364707946 , 9.10167
54.65 , 20.6364707946 , 9.10750
54.68 , 20.7450828552 , 9.11333
54.71 , 20.7450828552 , 9.11900
54.75 , 20.7450828552 , 9.12483
54.78 , 20.7450828552 , 9.13033
54.82 , 20.7450828552 , 9.13617
54.85 , 20.7450828552 , 9.14183
54.89 , 20.7450828552 , 9.14767
54.92 , 20.8536968231 , 9.15333
54.96 , 20.7450828552 , 9.15917
54.99 , 20.8536968231 , 9.16467
55.02 , 20.8536968231 , 9.17050
55.06 , 20.8536968231 , 9.17617
55.09 , 20.8536968231 , 9.18200
55.13 , 20.8536968231 , 9.18767
55.16 , 20.7450828552 , 9.19333
55.19 , 20.8536968231 , 9.19900
55.23 , 20.8536968231 , 9.20483
55.26 , 20.8536968231 , 9.21050
55.30 , 20.8536968231 , 9.21633
55.33 , 20.9623088836 , 9.22183
55.37 , 20.9623088836 , 9.22767
55.40 , 20.9623088836 , 9.23333
55.44 , 20.9623088836 , 9.23917
55.47 , 20.9623088836 , 9.24483
55.50 , 21.0709228515 , 9.25050
55.54 , 20.9623088836 , 9.25617
55.57 , 21.0709228515 , 9.26200
55.61 , 20.9623088836 , 9.26767
55.64 , 21.0709228515 , 9.27350
55.67 , 21.0709228515 , 9.27900
55.71 , 21.0709228515 , 9.28483
55.74 , 21.0709228515 , 9.29067
55.78 , 21.1795349121 , 9.29633
55.81 , 21.1795349121 , 9.30217
55.85 , 21.1795349121 , 9.30767
55.88 , 21.1795349121 , 9.31350
55.92 , 21.1795349121 , 9.31917
55.95 , 21.1795349121 , 9.32500
55.98 , 21.1795349121 , 9.33067
56.02 , 21.1795349121 , 9.33633
56.05 , 21.2881507873 , 9.34200
56.09 , 21.1795349121 , 9.34783
56.12 , 21.2881507873 , 9.35350
56.16 , 21.2881507873 , 9.35933
56.19 , 21.2881507873 , 9.36483
56.22 , 21.2881507873 , 9.37067
56.26 , 21.3967628479 , 9.37633
56.29 , 21.3967628479 , 9.38217
56.33 , 21.3967628479 , 9.38783
56.36 , 21.3967628479 , 9.39350
56.40 , 21.5053768157 , 9.39917
56.43 , 21.3967628479 , 9.40500
56.46 , 21.3967628479 , 9.41067
56.50 , 21.6139888763 , 9.41650
56.53 , 21.5053768157 , 9.42200
56.57 , 21.5053768157 , 9.42783
56.60 , 21.5053768157 , 9.43350
56.64 , 21.5053768157 , 9.43933
56.67 , 21.5053768157 , 9.44500
56.71 , 21.6139888763 , 9.45083
56.74 , 21.6139888763 , 9.45633
56.77 , 21.6139888763 , 9.46217
56.81 , 21.6139888763 , 9.46783
56.84 , 21.6139888763 , 9.47367
56.88 , 21.6139888763 , 9.47950
56.91 , 21.6139888763 , 9.48500
56.95 , 21.6139888763 , 9.49083
56.98 , 21.6139888763 , 9.49650
57.01 , 21.6139888763 , 9.50233
57.05 , 21.7226028442 , 9.50800
57.08 , 21.7226028442 , 9.51367
57.12 , 21.7226028442 , 9.51933
57.15 , 21.7226028442 , 9.52517
57.19 , 21.8312149047 , 9.53083
57.22 , 21.8312149047 , 9.53667
57.25 , 21.8312149047 , 9.54217
57.29 , 21.8312149047 , 9.54800
57.32 , 21.8312149047 , 9.55367
57.36 , 21.8312149047 , 9.55950
57.39 , 21.8312149047 , 9.56517
57.43 , 21.8312149047 , 9.57083
57.46 , 21.8312149047 , 9.57650
57.49 , 21.8312149047 , 9.58233
57.53 , 21.9398269653 , 9.58800
57.56 , 21.9398269653 , 9.59383
57.60 , 21.8312149047 , 9.59933
57.63 , 21.9398269653 , 9.60517
57.67 , 21.9398269653 , 9.61083
57.70 , 21.9398269653 , 9.61667
57.73 , 21.9398269653 , 9.62233
57.77 , 22.0484409332 , 9.62800
57.80 , 22.0484409332 , 9.63367
57.84 , 22.0484409332 , 9.63950
57.87 , 22.0484409332 , 9.64517
57.91 , 22.0484409332 , 9.65100
57.94 , 22.0484409332 , 9.65667
57.97 , 22.0484409332 , 9.66233
58.01 , 22.1570529937 , 9.66817
58.04 , 22.1570529937 , 9.67383
58.08 , 22.0484409332 , 9.67967
58.11 , 22.0484409332 , 9.68533
58.15 , 22.0484409332 , 9.69100
58.18 , 22.1570529937 , 9.69667
58.22 , 22.2656669616 , 9.70250
58.25 , 22.1570529937 , 9.70817
58.28 , 22.2656669616 , 9.71400
58.32 , 22.1570529937 , 9.71950
58.35 , 22.2656669616 , 9.72533
58.39 , 22.2656669616 , 9.73100
58.42 , 22.2656669616 , 9.73683
58.46 , 22.2656669616 , 9.74250
58.49 , 22.3742790222 , 9.74817
58.52 , 22.3742790222 , 9.75383
58.56 , 22.3742790222 , 9.75967
58.59 , 22.3742790222 , 9.76533
58.63 , 22.3742790222 , 9.77117
58.66 , 22.3742790222 , 9.77667
58.70 , 22.4828929901 , 9.78250
58.73 , 22.3742790222 , 9.78817
58.76 , 22.3742790222 , 9.79400
58.80 , 22.4828929901 , 9.79967
58.83 , 22.3742790222 , 9.80533
58.87 , 22.4828929901 , 9.81100
58.90 , 22.4828929901 , 9.81683
58.94 , 22.4828929901 , 9.82250
58.97 , 22.4828929901 , 9.82833
59.00 , 22.5915050506 , 9.83383
59.04 , 22.5915050506 , 9.83967
59.07 , 22.5915050506 , 9.84550
59.11 , 22.5915050506 , 9.85117
59.14 , 22.7001190185 , 9.85700
59.18 , 22.5915050506 , 9.86250
59.21 , 22.7001190185 , 9.86833
59.24 , 22.7001190185 , 9.87400
59.28 , 22.7001190185 , 9.87983
59.31 , 22.5915050506 , 9.88550
59.35 , 22.8087310791 , 9.89117
59.38 , 22.7001190185 , 9.89683
59.42 , 22.7001190185 , 9.90267
59.45 , 22.8087310791 , 9.90833
59.49 , 22.8087310791 , 9.91417
59.52 , 22.8087310791 , 9.91967
59.55 , 22.8087310791 , 9.92550
59.59 , 22.8087310791 , 9.93117
59.62 , 22.8087310791 , 9.93700
59.66 , 22.8087310791 , 9.94267
59.69 , 22.8087310791 , 9.94850
59.72 , 22.9173431396 , 9.95400
59.76 , 22.9173431396 , 9.95983
59.79 , 22.9173431396 , 9.96550
59.83 , 22.8087310791 , 9.97133
59.86 , 22.9173431396 , 9.97700
59.90 , 22.9173431396 , 9.98267
59.93 , 23.0259571075 , 9.98833
59.97 , 22.9173431396 , 9.99417
60.00 , 22.9173431396 , 9.99983
60.03 , 22.9173431396 , 10.00567
60.07 , 23.0259571075 , 10.01133
60.10 , 23.0259571075 , 10.01733
60.14 , 23.0259571075 , 10.02333
60.18 , 23.0259571075 , 10.02917
60.21 , 23.0259571075 , 10.03517
60.25 , 23.0259571075 , 10.04100
60.28 , 23.0259571075 , 10.04683
60.32 , 23.1345691680 , 10.05267
60.35 , 23.1345691680 , 10.05867
60.39 , 23.0259571075 , 10.06450
60.42 , 23.1345691680 , 10.07050
60.46 , 23.1345691680 , 10.07617
60.49 , 23.2431831359 , 10.08217
60.53 , 23.2431831359 , 10.08800
60.56 , 23.1345691680 , 10.09400
60.60 , 23.2431831359 , 10.09983
60.63 , 23.2431831359 , 10.10583
60.67 , 23.2431831359 , 10.11167
60.71 , 23.2431831359 , 10.11750
60.74 , 23.2431831359 , 10.12350
60.78 , 23.3517951965 , 10.12933
60.81 , 23.3517951965 , 10.13533
60.85 , 23.2431831359 , 10.14117
60.88 , 23.3517951965 , 10.14700
60.92 , 23.4604091644 , 10.15283
60.95 , 23.3517951965 , 10.15883
60.99 , 23.4604091644 , 10.16467
61.02 , 23.3517951965 , 10.17067
61.06 , 23.4604091644 , 10.17650
61.09 , 23.4604091644 , 10.18233
61.13 , 23.4604091644 , 10.18817
61.17 , 23.4604091644 , 10.19417
61.20 , 23.5690212249 , 10.20000
61.24 , 23.5690212249 , 10.20600
61.27 , 23.4604091644 , 10.21200
61.31 , 23.5690212249 , 10.21767
61.34 , 23.5690212249 , 10.22367
61.38 , 23.5690212249 , 10.22950
61.41 , 23.5690212249 , 10.23550
61.45 , 23.5690212249 , 10.24133
61.48 , 23.5690212249 , 10.24733
61.52 , 23.6776351928 , 10.25300
61.55 , 23.6776351928 , 10.25900
61.59 , 23.5690212249 , 10.26483
61.63 , 23.6776351928 , 10.27083
61.66 , 23.7862472534 , 10.27667
61.70 , 23.7862472534 , 10.28267
61.73 , 23.7862472534 , 10.28833
61.77 , 23.7862472534 , 10.29433
61.80 , 23.7862472534 , 10.30033
61.84 , 23.8948593139 , 10.30617
61.87 , 23.7862472534 , 10.31217
61.91 , 23.8948593139 , 10.31783
61.94 , 23.7862472534 , 10.32383
61.98 , 23.8948593139 , 10.32967
62.01 , 23.7862472534 , 10.33567
62.05 , 23.8948593139 , 10.34150
62.09 , 23.7862472534 , 10.34750
62.12 , 23.8948593139 , 10.35317
62.15 , 23.8948593139 , 10.35917
62.19 , 23.8948593139 , 10.36500
62.23 , 23.8948593139 , 10.37100
62.26 , 24.0034751892 , 10.37683
62.30 , 24.0034751892 , 10.38283
62.33 , 24.0034751892 , 10.38850
62.37 , 23.8948593139 , 10.39450
62.40 , 24.0034751892 , 10.40050
62.44 , 24.1120891571 , 10.40633
62.47 , 24.1120891571 , 10.41233
62.51 , 24.0034751892 , 10.41817
62.54 , 24.0034751892 , 10.42400
62.58 , 24.1120891571 , 10.42983
62.62 , 24.1120891571 , 10.43583
62.65 , 24.1120891571 , 10.44167
62.69 , 24.0034751892 , 10.44767
62.72 , 24.1120891571 , 10.45350
62.76 , 24.1120891571 , 10.45933
62.79 , 24.1120891571 , 10.46517
62.83 , 24.1120891571 , 10.47117
62.86 , 24.2207012176 , 10.47700
62.90 , 24.2207012176 , 10.48300
62.93 , 24.2207012176 , 10.48900
62.97 , 24.2207012176 , 10.49467
63.00 , 24.2207012176 , 10.50067
63.04 , 24.2207012176 , 10.50650
63.08 , 24.3293151855 , 10.51250
63.11 , 24.2207012176 , 10.51833
63.15 , 24.3293151855 , 10.52417
63.18 , 24.3293151855 , 10.53000
63.22 , 24.3293151855 , 10.53600
63.25 , 24.3293151855 , 10.54183
63.29 , 24.3293151855 , 10.54783
63.32 , 24.4379272460 , 10.55367
63.36 , 24.4379272460 , 10.55950
63.39 , 24.4379272460 , 10.56533
63.43 , 24.4379272460 , 10.57133
63.46 , 24.4379272460 , 10.57717
63.50 , 24.4379272460 , 10.58317
63.54 , 24.5465393066 , 10.58917
63.57 , 24.4379272460 , 10.59483
63.61 , 24.5465393066 , 10.60083
63.64 , 24.5465393066 , 10.60667
63.68 , 24.5465393066 , 10.61267
63.71 , 24.6551532745 , 10.61850
63.75 , 24.5465393066 , 10.62450
63.78 , 24.5465393066 , 10.63017
63.82 , 24.5465393066 , 10.63617
63.85 , 24.5465393066 , 10.64200
63.89 , 24.6551532745 , 10.64800
63.92 , 24.6551532745 , 10.65383
63.96 , 24.7637653350 , 10.65983
63.99 , 24.6551532745 , 10.66550
64.03 , 24.6551532745 , 10.67150
64.06 , 24.7637653350 , 10.67750
64.10 , 24.7637653350 , 10.68333
64.14 , 24.6551532745 , 10.68933
64.17 , 24.6551532745 , 10.69517
64.21 , 24.8723793029 , 10.70100
64.24 , 24.7637653350 , 10.70683
64.28 , 24.8723793029 , 10.71283
64.31 , 24.8723793029 , 10.71867
64.35 , 24.9809913635 , 10.72467
64.38 , 24.8723793029 , 10.73033
64.42 , 24.8723793029 , 10.73633
64.45 , 24.8723793029 , 10.74217
64.49 , 24.8723793029 , 10.74817
64.52 , 24.8723793029 , 10.75400
64.56 , 24.9809913635 , 10.76000
64.59 , 24.9809913635 , 10.76567
64.63 , 24.8723793029 , 10.77167
64.67 , 24.8723793029 , 10.77767
64.70 , 24.9809913635 , 10.78350
64.74 , 24.9809913635 , 10.78950
64.77 , 25.0896053314 , 10.79533
64.81 , 25.0896053314 , 10.80117
64.84 , 25.0896053314 , 10.80700
64.88 , 25.0896053314 , 10.81300
64.91 , 25.0896053314 , 10.81883
64.95 , 25.0896053314 , 10.82483
64.98 , 24.9809913635 , 10.83067
65.02 , 25.0896053314 , 10.83650
65.05 , 25.0896053314 , 10.84233
65.09 , 25.0896053314 , 10.84833
65.12 , 25.0896053314 , 10.85417
65.16 , 25.1982173919 , 10.86017
65.20 , 25.1982173919 , 10.86617
65.23 , 25.0896053314 , 10.87183
65.27 , 25.1982173919 , 10.87783
65.30 , 25.1982173919 , 10.88367
65.34 , 25.1982173919 , 10.88967
65.37 , 25.1982173919 , 10.89550
65.41 , 25.3068313598 , 10.90150
65.44 , 25.3068313598 , 10.90717
65.48 , 25.3068313598 , 10.91317
65.51 , 25.3068313598 , 10.91900
65.55 , 25.3068313598 , 10.92500
65.58 , 25.4154434204 , 10.93083
65.62 , 25.3068313598 , 10.93667
65.65 , 25.3068313598 , 10.94250
65.69 , 25.3068313598 , 10.94850
65.73 , 25.4154434204 , 10.95433
65.76 , 25.4154434204 , 10.96033
65.80 , 25.4154434204 , 10.96633
65.83 , 25.5240554809 , 10.97200
65.87 , 25.5240554809 , 10.97800
65.90 , 25.4154434204 , 10.98383
65.94 , 25.5240554809 , 10.98983
65.97 , 25.6326694488 , 10.99567
66.01 , 25.5240554809 , 11.00167
66.04 , 25.5240554809 , 11.00733
66.08 , 25.6326694488 , 11.01333
66.11 , 25.6326694488 , 11.01917
66.15 , 25.6326694488 , 11.02517
66.19 , 25.6326694488 , 11.03100
66.22 , 25.6326694488 , 11.03700
66.26 , 25.6326694488 , 11.04267
66.29 , 25.7412815093 , 11.04867
66.33 , 25.6326694488 , 11.05467
66.36 , 25.6326694488 , 11.06050
66.40 , 25.7412815093 , 11.06650
66.43 , 25.6326694488 , 11.07233
66.47 , 25.7412815093 , 11.07817
66.50 , 25.8498954772 , 11.08400
66.54 , 25.8498954772 , 11.09000
66.57 , 25.8498954772 , 11.09583
66.61 , 25.8498954772 , 11.10183
66.65 , 25.8498954772 , 11.10767
66.68 , 25.8498954772 , 11.11350
66.72 , 25.8498954772 , 11.11933
66.75 , 25.8498954772 , 11.12533
66.79 , 25.9585075378 , 11.13117
66.82 , 26.0671215057 , 11.13717
66.86 , 25.8498954772 , 11.14283
66.89 , 25.9585075378 , 11.14883
66.93 , 25.9585075378 , 11.15483
66.96 , 25.8498954772 , 11.16067
67.00 , 25.9585075378 , 11.16667
67.04 , 25.9585075378 , 11.17250
67.07 , 25.9585075378 , 11.17833
67.11 , 25.8498954772 , 11.18417
67.14 , 25.9585075378 , 11.19017
67.18 , 25.9585075378 , 11.19600
67.21 , 26.0671215057 , 11.20200
67.25 , 25.9585075378 , 11.20783
67.28 , 26.0671215057 , 11.21367
67.32 , 26.0671215057 , 11.21950
67.35 , 26.0671215057 , 11.22550
67.39 , 26.0671215057 , 11.23133
67.42 , 26.0671215057 , 11.23733
67.46 , 26.1757335662 , 11.24333
67.49 , 26.1757335662 , 11.24900
67.53 , 26.1757335662 , 11.25500
67.56 , 26.0671215057 , 11.26083
67.60 , 26.1757335662 , 11.26683
67.64 , 26.2843475341 , 11.27267
67.67 , 26.2843475341 , 11.27867
67.71 , 26.2843475341 , 11.28433
67.74 , 26.2843475341 , 11.29033
67.78 , 26.2843475341 , 11.29617
67.81 , 26.2843475341 , 11.30217
67.85 , 26.2843475341 , 11.30800
67.88 , 26.2843475341 , 11.31400
67.92 , 26.2843475341 , 11.31967
67.95 , 26.2843475341 , 11.32567
67.99 , 26.2843475341 , 11.33150
68.02 , 26.3929595947 , 11.33750
68.06 , 26.3929595947 , 11.34350
68.10 , 26.5015716552 , 11.34933
68.13 , 26.3929595947 , 11.35517
68.17 , 26.3929595947 , 11.36100
68.20 , 26.5015716552 , 11.36700
68.24 , 26.5015716552 , 11.37283
68.27 , 26.5015716552 , 11.37883
68.31 , 26.6101856231 , 11.38450
68.34 , 26.5015716552 , 11.39050
68.38 , 26.6101856231 , 11.39633
68.41 , 26.5015716552 , 11.40233
68.45 , 26.6101856231 , 11.40817
68.48 , 26.5015716552 , 11.41417
68.52 , 26.6101856231 , 11.41983
68.55 , 26.6101856231 , 11.42583
68.59 , 26.6101856231 , 11.43183
68.63 , 26.6101856231 , 11.43767
68.66 , 26.7187976837 , 11.44367
68.70 , 26.7187976837 , 11.44950
68.73 , 26.6101856231 , 11.45533
68.77 , 26.7187976837 , 11.46117
68.80 , 26.7187976837 , 11.46717
68.84 , 26.7187976837 , 11.47300
68.87 , 26.8274135589 , 11.47900
68.91 , 26.7187976837 , 11.48483
68.94 , 26.8274135589 , 11.49067
68.98 , 26.8274135589 , 11.49650
69.01 , 26.8274135589 , 11.50250
69.05 , 26.8274135589 , 11.50833
69.09 , 26.9360275268 , 11.51433
69.12 , 26.8274135589 , 11.52017
69.16 , 26.9360275268 , 11.52600
69.19 , 26.9360275268 , 11.53200
69.23 , 26.9360275268 , 11.53783
69.26 , 26.9360275268 , 11.54383
69.30 , 26.9360275268 , 11.54967
69.33 , 26.9360275268 , 11.55567
69.37 , 26.9360275268 , 11.56133
69.40 , 26.9360275268 , 11.56733
69.44 , 27.0446395874 , 11.57317
69.47 , 26.9360275268 , 11.57917
69.51 , 26.9360275268 , 11.58500
69.54 , 27.0446395874 , 11.59083
69.58 , 27.0446395874 , 11.59667
69.62 , 27.0446395874 , 11.60267
69.65 , 27.0446395874 , 11.60850
69.69 , 27.1532516479 , 11.61450
69.72 , 27.0446395874 , 11.62050
69.76 , 27.0446395874 , 11.62617
69.79 , 27.1532516479 , 11.63217
69.83 , 27.0446395874 , 11.63800
69.86 , 27.1532516479 , 11.64400
69.90 , 27.0446395874 , 11.64983
69.93 , 27.1532516479 , 11.65583
69.97 , 27.1532516479 , 11.66150
70.00 , 27.2618656158 , 11.66750
70.04 , 27.2618656158 , 11.67333
70.08 , 27.1532516479 , 11.67933
70.11 , 27.2618656158 , 11.68517
70.15 , 27.3704776763 , 11.69117
70.18 , 27.3704776763 , 11.69683
70.22 , 27.3704776763 , 11.70283
70.25 , 27.2618656158 , 11.70867
70.29 , 27.2618656158 , 11.71467
70.32 , 27.3704776763 , 11.72067
70.36 , 27.3704776763 , 11.72650
70.39 , 27.2618656158 , 11.73233
70.43 , 27.3704776763 , 11.73817
70.46 , 27.3704776763 , 11.74417
70.50 , 27.4790916442 , 11.75000
70.54 , 27.4790916442 , 11.75600
70.57 , 27.4790916442 , 11.76183
70.61 , 27.4790916442 , 11.76767
70.64 , 27.4790916442 , 11.77350
70.68 , 27.4790916442 , 11.77950
70.71 , 27.4790916442 , 11.78533
70.75 , 27.5877037048 , 11.79133
70.78 , 27.5877037048 , 11.79700
70.82 , 27.6963176727 , 11.80300
70.85 , 27.5877037048 , 11.80900
70.89 , 27.5877037048 , 11.81483
70.93 , 27.6963176727 , 11.82083
70.96 , 27.5877037048 , 11.82667
71.00 , 27.6963176727 , 11.83250
71.03 , 27.6963176727 , 11.83833
71.07 , 27.6963176727 , 11.84433
71.10 , 27.6963176727 , 11.85017
71.14 , 27.6963176727 , 11.85617
71.17 , 27.8049297332 , 11.86200
71.21 , 27.6963176727 , 11.86783
71.24 , 27.8049297332 , 11.87367
71.28 , 27.8049297332 , 11.87967
71.31 , 27.8049297332 , 11.88550
71.35 , 27.9135437011 , 11.89150
71.38 , 27.8049297332 , 11.89733
71.42 , 27.8049297332 , 11.90317
71.45 , 27.8049297332 , 11.90917
71.49 , 27.8049297332 , 11.91500
71.53 , 27.9135437011 , 11.92100
71.56 , 27.8049297332 , 11.92683
71.60 , 27.9135437011 , 11.93283
71.63 , 27.9135437011 , 11.93850
71.67 , 27.9135437011 , 11.94450
71.70 , 27.9135437011 , 11.95033
71.74 , 27.9135437011 , 11.95633
71.77 , 28.0221557617 , 11.96217
71.81 , 28.0221557617 , 11.96817
71.84 , 27.9135437011 , 11.97383
71.88 , 28.0221557617 , 11.97983
71.91 , 28.0221557617 , 11.98567
71.95 , 28.0221557617 , 11.99167
71.99 , 28.0221557617 , 11.99767
72.02 , 28.0221557617 , 12.00333
72.06 , 28.0221557617 , 12.00933
72.09 , 28.1307678222 , 12.01517
72.13 , 28.1307678222 , 12.02117
72.16 , 28.0221557617 , 12.02700
72.20 , 28.1307678222 , 12.03300
72.23 , 28.1307678222 , 12.03867
72.27 , 28.2393817901 , 12.04467
72.30 , 28.1307678222 , 12.05050
72.34 , 28.1307678222 , 12.05650
72.37 , 28.1307678222 , 12.06233
72.41 , 28.2393817901 , 12.06833
72.44 , 28.2393817901 , 12.07400
72.48 , 28.2393817901 , 12.08000
72.51 , 28.2393817901 , 12.08583
72.55 , 28.3479938507 , 12.09183
72.59 , 28.2393817901 , 12.09783
72.62 , 28.2393817901 , 12.10367
72.66 , 28.3479938507 , 12.10950
72.69 , 28.2393817901 , 12.11533
72.73 , 28.4566078186 , 12.12133
72.76 , 28.3479938507 , 12.12717
72.80 , 28.3479938507 , 12.13317
72.83 , 28.4566078186 , 12.13900
72.87 , 28.4566078186 , 12.14483
72.90 , 28.4566078186 , 12.15067
72.94 , 28.3479938507 , 12.15667
72.97 , 28.4566078186 , 12.16250
73.01 , 28.4566078186 , 12.16850
73.05 , 28.5652198791 , 12.17433
73.08 , 28.4566078186 , 12.18017
73.12 , 28.5652198791 , 12.18617
73.15 , 28.5652198791 , 12.19200
73.19 , 28.4566078186 , 12.19800
73.22 , 28.5652198791 , 12.20383
73.26 , 28.5652198791 , 12.20983
73.29 , 28.6738338470 , 12.21550
73.33 , 28.6738338470 , 12.22150
73.36 , 28.6738338470 , 12.22733
73.40 , 28.7824459075 , 12.23333
73.43 , 28.6738338470 , 12.23917
73.47 , 28.7824459075 , 12.24500
73.50 , 28.6738338470 , 12.25083
73.54 , 28.7824459075 , 12.25683
73.58 , 28.7824459075 , 12.26267
73.61 , 28.7824459075 , 12.26867
73.65 , 28.7824459075 , 12.27450
73.68 , 28.7824459075 , 12.28033
73.72 , 28.7824459075 , 12.28633
73.75 , 28.7824459075 , 12.29217
73.79 , 28.8910598754 , 12.29817
73.82 , 28.7824459075 , 12.30400
73.86 , 28.8910598754 , 12.31000
73.89 , 28.8910598754 , 12.31567
73.93 , 28.8910598754 , 12.32167
73.96 , 28.8910598754 , 12.32750
74.00 , 28.8910598754 , 12.33350
74.04 , 28.8910598754 , 12.33933
74.07 , 28.9996719360 , 12.34533
74.11 , 28.9996719360 , 12.35100
74.14 , 28.8910598754 , 12.35700
74.18 , 28.9996719360 , 12.36283
74.21 , 28.8910598754 , 12.36883
74.25 , 28.9996719360 , 12.37483
74.28 , 28.9996719360 , 12.38067
74.32 , 28.9996719360 , 12.38650
74.35 , 28.9996719360 , 12.39233
74.39 , 28.9996719360 , 12.39833
74.43 , 29.1082839965 , 12.40417
74.46 , 28.9996719360 , 12.41017
74.50 , 28.9996719360 , 12.41600
74.53 , 29.1082839965 , 12.42183
74.57 , 29.1082839965 , 12.42767
74.60 , 29.1082839965 , 12.43367
74.64 , 29.2168979644 , 12.43950
74.67 , 29.1082839965 , 12.44550
74.71 , 29.1082839965 , 12.45117
74.74 , 29.2168979644 , 12.45717
74.78 , 29.1082839965 , 12.46300
74.81 , 29.2168979644 , 12.46900
74.85 , 29.2168979644 , 12.47500
74.88 , 29.2168979644 , 12.48083
74.92 , 29.2168979644 , 12.48667
74.95 , 29.2168979644 , 12.49250
74.99 , 29.3255100250 , 12.49850
75.03 , 29.3255100250 , 12.50433
75.06 , 29.3255100250 , 12.51033
75.10 , 29.3255100250 , 12.51617
75.13 , 29.3255100250 , 12.52200
75.17 , 29.3255100250 , 12.52783
75.20 , 29.4341239929 , 12.53383
75.24 , 29.4341239929 , 12.53967
75.27 , 29.4341239929 , 12.54567
75.31 , 29.4341239929 , 12.55150
75.34 , 29.4341239929 , 12.55733
75.38 , 29.4341239929 , 12.56333
75.41 , 29.4341239929 , 12.56917
75.45 , 29.5427360534 , 12.57517
75.49 , 29.5427360534 , 12.58100
75.52 , 29.5427360534 , 12.58700
75.56 , 29.5427360534 , 12.59267
75.59 , 29.5427360534 , 12.59867
75.63 , 29.5427360534 , 12.60450
75.66 , 29.5427360534 , 12.61050
75.70 , 29.6513519287 , 12.61633
75.73 , 29.6513519287 , 12.62233
75.77 , 29.6513519287 , 12.62800
75.80 , 29.6513519287 , 12.63400
75.84 , 29.6513519287 , 12.63983
75.87 , 29.6513519287 , 12.64583
75.91 , 29.6513519287 , 12.65167
75.94 , 29.7599639892 , 12.65750
75.98 , 29.7599639892 , 12.66350
76.02 , 29.7599639892 , 12.66933
76.05 , 29.7599639892 , 12.67533
76.09 , 29.7599639892 , 12.68117
76.12 , 29.7599639892 , 12.68717
76.16 , 29.7599639892 , 12.69283
76.19 , 29.8685779571 , 12.69883
76.23 , 29.8685779571 , 12.70467
76.26 , 29.8685779571 , 12.71067
76.30 , 29.8685779571 , 12.71650
76.33 , 29.8685779571 , 12.72250
76.37 , 29.9771900177 , 12.72817
76.40 , 29.8685779571 , 12.73417
76.44 , 29.8685779571 , 12.74000
76.48 , 29.8685779571 , 12.74600
76.51 , 29.8685779571 , 12.75200
76.55 , 29.9771900177 , 12.75783
76.58 , 29.9771900177 , 12.76367
76.62 , 29.8685779571 , 12.76950
76.65 , 30.0858039855 , 12.77550
76.69 , 29.9771900177 , 12.78133
76.72 , 29.9771900177 , 12.78733
76.76 , 29.9771900177 , 12.79317
76.79 , 29.9771900177 , 12.79900
76.83 , 29.9771900177 , 12.80483
76.86 , 30.0858039855 , 12.81083
76.90 , 29.9771900177 , 12.81667
76.94 , 30.0858039855 , 12.82267
76.97 , 30.1944160461 , 12.82850
77.01 , 30.0858039855 , 12.83433
77.04 , 30.0858039855 , 12.84017
77.08 , 30.1944160461 , 12.84617
77.11 , 30.1944160461 , 12.85217
77.15 , 30.1944160461 , 12.85800
77.18 , 30.0858039855 , 12.86400
77.22 , 30.1944160461 , 12.86967
77.25 , 30.1944160461 , 12.87567
77.29 , 30.1944160461 , 12.88150
77.32 , 30.3030300140 , 12.88750
77.36 , 30.3030300140 , 12.89333
77.39 , 30.3030300140 , 12.89917
77.43 , 30.3030300140 , 12.90500
77.47 , 30.3030300140 , 12.91100
77.50 , 30.3030300140 , 12.91683
77.54 , 30.3030300140 , 12.92283
77.57 , 30.3030300140 , 12.92867
77.61 , 30.4116420745 , 12.93450
77.64 , 30.4116420745 , 12.94050
77.68 , 30.3030300140 , 12.94633
77.71 , 30.4116420745 , 12.95233
77.75 , 30.4116420745 , 12.95817
77.79 , 30.4116420745 , 12.96417
77.82 , 30.5202560424 , 12.96983
77.86 , 30.5202560424 , 12.97583
77.89 , 30.5202560424 , 12.98167
77.93 , 30.5202560424 , 12.98767
77.96 , 30.5202560424 , 12.99350
78.00 , 30.5202560424 , 12.99950
78.03 , 30.6288681030 , 13.00517
78.07 , 30.5202560424 , 13.01117
78.10 , 30.5202560424 , 13.01700
78.14 , 30.5202560424 , 13.02300
78.17 , 30.6288681030 , 13.02883
78.21 , 30.6288681030 , 13.03483
78.24 , 30.6288681030 , 13.04067
78.28 , 30.7374801635 , 13.04650
78.31 , 30.7374801635 , 13.05250
78.35 , 30.7374801635 , 13.05833
78.39 , 30.8460941314 , 13.06433
78.42 , 30.7374801635 , 13.07000
78.46 , 30.7374801635 , 13.07600
78.49 , 30.8460941314 , 13.08183
78.53 , 30.7374801635 , 13.08783
78.56 , 30.8460941314 , 13.09367
78.60 , 30.7374801635 , 13.09967
78.63 , 30.8460941314 , 13.10533
78.67 , 30.7374801635 , 13.11133
78.70 , 30.8460941314 , 13.11717
78.74 , 30.7374801635 , 13.12317
78.77 , 30.8460941314 , 13.12917
78.81 , 30.8460941314 , 13.13500
78.84 , 30.8460941314 , 13.14083
78.88 , 30.9547061920 , 13.14667
78.92 , 30.9547061920 , 13.15267
78.95 , 30.9547061920 , 13.15850
78.99 , 30.8460941314 , 13.16450
79.02 , 30.9547061920 , 13.17033
79.06 , 30.9547061920 , 13.17617
79.09 , 30.9547061920 , 13.18200
79.13 , 30.9547061920 , 13.18800
79.16 , 30.9547061920 , 13.19383
79.20 , 31.0633201599 , 13.19983
79.23 , 30.9547061920 , 13.20567
79.27 , 30.9547061920 , 13.21150
79.30 , 31.0633201599 , 13.21733
79.34 , 31.0633201599 , 13.22333
79.38 , 30.9547061920 , 13.22933
79.41 , 31.0633201599 , 13.23517
79.45 , 31.0633201599 , 13.24117
79.48 , 31.1719322204 , 13.24683
79.52 , 31.1719322204 , 13.25283
79.55 , 31.0633201599 , 13.25867
79.59 , 31.1719322204 , 13.26467
79.62 , 31.1719322204 , 13.27050
79.66 , 31.1719322204 , 13.27650
79.69 , 31.1719322204 , 13.28217
79.73 , 31.1719322204 , 13.28817
79.76 , 31.1719322204 , 13.29400
79.80 , 31.1719322204 , 13.30000
79.83 , 31.2805461883 , 13.30583
79.87 , 31.2805461883 , 13.31167
79.91 , 31.2805461883 , 13.31767
79.94 , 31.2805461883 , 13.32350
79.98 , 31.2805461883 , 13.32950
80.01 , 31.3891582489 , 13.33533
80.05 , 31.3891582489 , 13.34133
80.08 , 31.3891582489 , 13.34700
80.12 , 31.3891582489 , 13.35300
80.15 , 31.3891582489 , 13.35883
80.19 , 31.3891582489 , 13.36483
80.22 , 31.4977722167 , 13.37067
80.26 , 31.3891582489 , 13.37667
80.29 , 31.3891582489 , 13.38233
80.33 , 31.4977722167 , 13.38833
80.36 , 31.4977722167 , 13.39417
80.40 , 31.4977722167 , 13.40017
80.44 , 31.6063842773 , 13.40600
80.47 , 31.4977722167 , 13.41200
80.51 , 31.4977722167 , 13.41783
80.54 , 31.4977722167 , 13.42367
80.58 , 31.6063842773 , 13.42967
80.61 , 31.6063842773 , 13.43550
80.65 , 31.6063842773 , 13.44150
80.68 , 31.6063842773 , 13.44733
80.72 , 31.6063842773 , 13.45317
80.75 , 31.6063842773 , 13.45900
80.79 , 31.6063842773 , 13.46500
80.82 , 31.7149963378 , 13.47083
80.86 , 31.7149963378 , 13.47683
80.90 , 31.8236103057 , 13.48267
80.93 , 31.7149963378 , 13.48850
80.97 , 31.7149963378 , 13.49433
81.00 , 31.6063842773 , 13.50033
81.04 , 31.7149963378 , 13.50633
81.07 , 31.7149963378 , 13.51217
81.11 , 31.8236103057 , 13.51800
81.14 , 31.7149963378 , 13.52383
81.18 , 31.8236103057 , 13.52983
81.21 , 31.8236103057 , 13.53567
81.25 , 31.8236103057 , 13.54167
81.29 , 31.8236103057 , 13.54750
81.32 , 31.8236103057 , 13.55333
81.36 , 31.8236103057 , 13.55917
81.39 , 31.8236103057 , 13.56517
81.43 , 31.8236103057 , 13.57100
81.46 , 31.9322223663 , 13.57700
81.50 , 31.8236103057 , 13.58283
81.53 , 31.9322223663 , 13.58867
81.57 , 31.9322223663 , 13.59450
81.60 , 31.9322223663 , 13.60050
81.64 , 31.9322223663 , 13.60650
81.67 , 31.9322223663 , 13.61233
81.71 , 31.9322223663 , 13.61833
81.74 , 32.0408363342 , 13.62400
81.78 , 32.0408363342 , 13.63000
81.81 , 32.0408363342 , 13.63583
81.85 , 32.0408363342 , 13.64183
81.89 , 32.0408363342 , 13.64767
81.92 , 32.0408363342 , 13.65367
81.96 , 32.1494483947 , 13.65933
81.99 , 32.0408363342 , 13.66533
82.03 , 32.1494483947 , 13.67117
82.06 , 32.1494483947 , 13.67717
82.10 , 32.1494483947 , 13.68300
82.13 , 32.2580604553 , 13.68900
82.17 , 32.1494483947 , 13.69483
82.20 , 32.2580604553 , 13.70067
82.24 , 32.2580604553 , 13.70667
82.27 , 32.2580604553 , 13.71250
82.31 , 32.2580604553 , 13.71850
82.34 , 32.2580604553 , 13.72417
82.38 , 32.2580604553 , 13.73017
82.42 , 32.2580604553 , 13.73600
82.45 , 32.2580604553 , 13.74200
82.49 , 32.3666763305 , 13.74783
82.52 , 32.2580604553 , 13.75383
82.56 , 32.3666763305 , 13.75950
82.59 , 32.3666763305 , 13.76550
82.63 , 32.3666763305 , 13.77133
82.66 , 32.3666763305 , 13.77733
82.70 , 32.3666763305 , 13.78317
82.73 , 32.3666763305 , 13.78917
82.77 , 32.4752883911 , 13.79500
82.80 , 32.4752883911 , 13.80083
82.84 , 32.4752883911 , 13.80683
82.88 , 32.4752883911 , 13.81267
82.91 , 32.4752883911 , 13.81867
82.95 , 32.4752883911 , 13.82450
82.98 , 32.4752883911 , 13.83033
83.02 , 32.5839042663 , 13.83617
83.05 , 32.4752883911 , 13.84217
83.09 , 32.5839042663 , 13.84800
83.12 , 32.5839042663 , 13.85400
83.16 , 32.6925163269 , 13.85983
83.19 , 32.5839042663 , 13.86567
83.23 , 32.6925163269 , 13.87150
83.26 , 32.6925163269 , 13.87750
83.30 , 32.6925163269 , 13.88350
83.34 , 32.6925163269 , 13.88933
83.37 , 32.6925163269 , 13.89533
83.41 , 32.6925163269 , 13.90100
83.44 , 32.6925163269 , 13.90700
83.48 , 32.6925163269 , 13.91283
83.51 , 32.6925163269 , 13.91883
83.55 , 32.6925163269 , 13.92467
83.58 , 32.8011283874 , 13.93067
83.62 , 32.8011283874 , 13.93633
83.65 , 32.8011283874 , 13.94233
83.69 , 32.8011283874 , 13.94817
83.72 , 32.8011283874 , 13.95417
83.76 , 32.8011283874 , 13.96000
83.79 , 32.8011283874 , 13.96583
83.83 , 32.9097404479 , 13.97167
83.87 , 32.9097404479 , 13.97767
83.90 , 32.9097404479 , 13.98367
83.94 , 32.9097404479 , 13.98950
83.97 , 32.9097404479 , 13.99550
84.01 , 32.9097404479 , 14.00117
84.04 , 32.9097404479 , 14.00717
84.08 , 32.9097404479 , 14.01300
84.11 , 32.9097404479 , 14.01900
84.15 , 32.9097404479 , 14.02483
84.18 , 33.0183563232 , 14.03083
84.22 , 32.9097404479 , 14.03650
84.25 , 33.0183563232 , 14.04250
84.29 , 32.9097404479 , 14.04833
84.33 , 33.0183563232 , 14.05433
84.36 , 33.0183563232 , 14.06017
84.40 , 33.0183563232 , 14.06617
84.43 , 33.0183563232 , 14.07200
84.47 , 33.1269683837 , 14.07783
84.50 , 33.1269683837 , 14.08383
84.54 , 33.1269683837 , 14.08967
84.57 , 33.1269683837 , 14.09567
84.61 , 33.1269683837 , 14.10150
84.64 , 33.2355804443 , 14.10733
84.68 , 33.2355804443 , 14.11317
84.71 , 33.2355804443 , 14.11917
84.75 , 33.2355804443 , 14.12500
84.79 , 33.2355804443 , 14.13100
84.82 , 33.1269683837 , 14.13667
84.86 , 33.2355804443 , 14.14267
84.89 , 33.2355804443 , 14.14850
84.93 , 33.3441925048 , 14.15450
84.96 , 33.2355804443 , 14.16033
85.00 , 33.3441925048 , 14.16633
85.03 , 33.3441925048 , 14.17217
85.07 , 33.3441925048 , 14.17800
85.10 , 33.3441925048 , 14.18400
85.14 , 33.3441925048 , 14.18983
85.18 , 33.3441925048 , 14.19583
85.21 , 33.3441925048 , 14.20167
85.25 , 33.4528045654 , 14.20750
85.28 , 33.4528045654 , 14.21333
85.32 , 33.4528045654 , 14.21933
85.35 , 33.4528045654 , 14.22517
85.39 , 33.5614204406 , 14.23117
85.42 , 33.5614204406 , 14.23700
85.46 , 33.5614204406 , 14.24283
85.49 , 33.5614204406 , 14.24867
85.53 , 33.4528045654 , 14.25467
85.56 , 33.5614204406 , 14.26067
85.60 , 33.6700325012 , 14.26650
85.63 , 33.5614204406 , 14.27250
85.67 , 33.5614204406 , 14.27817
85.70 , 33.5614204406 , 14.28417
85.74 , 33.5614204406 , 14.29000
85.78 , 33.5614204406 , 14.29600
85.81 , 33.6700325012 , 14.30183
85.85 , 33.6700325012 , 14.30783
85.88 , 33.6700325012 , 14.31350
85.92 , 33.6700325012 , 14.31950
85.95 , 33.6700325012 , 14.32533
85.99 , 33.6700325012 , 14.33133
86.02 , 33.6700325012 , 14.33717
86.06 , 33.7786445617 , 14.34317
86.09 , 33.7786445617 , 14.34883
86.13 , 33.7786445617 , 14.35483
86.16 , 33.7786445617 , 14.36083
86.20 , 33.7786445617 , 14.36667
86.24 , 33.7786445617 , 14.37267
86.27 , 33.7786445617 , 14.37833
86.31 , 33.7786445617 , 14.38433
86.34 , 33.8872566223 , 14.39017
86.38 , 33.7786445617 , 14.39617
86.41 , 33.7786445617 , 14.40200
86.45 , 33.8872566223 , 14.40800
86.48 , 33.7786445617 , 14.41367
86.52 , 33.8872566223 , 14.41967
86.55 , 33.7786445617 , 14.42550
86.59 , 33.8872566223 , 14.43150
86.62 , 33.8872566223 , 14.43733
86.66 , 33.8872566223 , 14.44333
86.69 , 33.8872566223 , 14.44917
86.73 , 33.8872566223 , 14.45500
86.77 , 33.9958724975 , 14.46100
86.80 , 33.9958724975 , 14.46683
86.84 , 33.9958724975 , 14.47283
86.87 , 33.9958724975 , 14.47867
86.91 , 33.9958724975 , 14.48450
86.94 , 33.9958724975 , 14.49033
86.98 , 34.1044845581 , 14.49633
87.01 , 33.9958724975 , 14.50217
87.05 , 34.1044845581 , 14.50817
87.08 , 34.1044845581 , 14.51400
87.12 , 34.1044845581 , 14.51983
87.15 , 34.1044845581 , 14.52567
87.19 , 34.2130966186 , 14.53167
87.22 , 34.2130966186 , 14.53750
87.26 , 34.2130966186 , 14.54350
87.30 , 34.2130966186 , 14.54950
87.33 , 34.2130966186 , 14.55517
87.37 , 34.2130966186 , 14.56117
87.40 , 34.3217086791 , 14.56700
87.44 , 34.2130966186 , 14.57300
87.47 , 34.3217086791 , 14.57883
87.51 , 34.2130966186 , 14.58467
87.54 , 34.3217086791 , 14.59050
87.58 , 34.2130966186 , 14.59650
87.61 , 34.4303207397 , 14.60233
87.65 , 34.3217086791 , 14.60833
87.68 , 34.3217086791 , 14.61417
87.72 , 34.4303207397 , 14.62000
87.75 , 34.3217086791 , 14.62583
87.79 , 34.4303207397 , 14.63183
87.83 , 34.4303207397 , 14.63783
87.86 , 34.4303207397 , 14.64367
87.90 , 34.5389366149 , 14.64967
87.93 , 34.5389366149 , 14.65533
87.97 , 34.5389366149 , 14.66133
88.00 , 34.5389366149 , 14.66717
88.04 , 34.5389366149 , 14.67317
88.07 , 34.4303207397 , 14.67900
88.11 , 34.5389366149 , 14.68500
88.14 , 34.5389366149 , 14.69067
88.18 , 34.5389366149 , 14.69667
88.21 , 34.5389366149 , 14.70250
88.25 , 34.5389366149 , 14.70850
88.29 , 34.6475486755 , 14.71433
88.32 , 34.6475486755 , 14.72033
88.36 , 34.5389366149 , 14.72600
88.39 , 34.6475486755 , 14.73200
88.43 , 34.6475486755 , 14.73800
88.46 , 34.5389366149 , 14.74383
88.50 , 34.7561607360 , 14.74983
88.53 , 34.6475486755 , 14.75567
88.57 , 34.6475486755 , 14.76150
88.60 , 34.7561607360 , 14.76733
88.64 , 34.6475486755 , 14.77333
88.68 , 34.7561607360 , 14.77917
88.71 , 34.7561607360 , 14.78517
88.75 , 34.7561607360 , 14.79083
88.78 , 34.7561607360 , 14.79683
88.82 , 34.7561607360 , 14.80267
88.85 , 34.7561607360 , 14.80867
88.89 , 34.7561607360 , 14.81450
88.92 , 34.7561607360 , 14.82050
88.96 , 34.7561607360 , 14.82633
88.99 , 34.7561607360 , 14.83217
89.03 , 34.8647727966 , 14.83817
89.06 , 34.7561607360 , 14.84400
89.10 , 34.8647727966 , 14.85000
89.13 , 34.8647727966 , 14.85583
89.17 , 34.8647727966 , 14.86167
89.20 , 34.8647727966 , 14.86750
89.24 , 34.8647727966 , 14.87350
89.28 , 34.9733886718 , 14.87933
89.31 , 34.9733886718 , 14.88533
89.35 , 34.9733886718 , 14.89117
89.38 , 34.9733886718 , 14.89700
89.42 , 35.0820007324 , 14.90283
89.45 , 34.9733886718 , 14.90883
89.49 , 34.9733886718 , 14.91467
89.52 , 35.0820007324 , 14.92067
89.56 , 35.0820007324 , 14.92667
89.59 , 35.0820007324 , 14.93233
89.63 , 35.0820007324 , 14.93833
89.66 , 35.1906166076 , 14.94417
89.70 , 35.0820007324 , 14.95017
89.74 , 35.0820007324 , 14.95600
89.77 , 35.1906166076 , 14.96200
89.81 , 35.1906166076 , 14.96767
89.84 , 35.1906166076 , 14.97367
89.88 , 35.1906166076 , 14.97950
89.91 , 35.1906166076 , 14.98550
89.95 , 35.1906166076 , 14.99133
89.98 , 35.1906166076 , 14.99733
90.02 , 35.1906166076 , 15.00300
90.05 , 35.2992286682 , 15.00900
90.09 , 35.2992286682 , 15.01500
90.12 , 35.2992286682 , 15.02083
90.16 , 35.2992286682 , 15.02683
90.19 , 35.2992286682 , 15.03250
90.23 , 35.4078407287 , 15.03850
90.27 , 35.4078407287 , 15.04433
90.30 , 35.4078407287 , 15.05033
90.34 , 35.4078407287 , 15.05617
90.37 , 35.4078407287 , 15.06217
90.41 , 35.4078407287 , 15.06783
90.44 , 35.4078407287 , 15.07383
90.48 , 35.4078407287 , 15.07967
90.51 , 35.4078407287 , 15.08567
90.55 , 35.4078407287 , 15.09150
90.58 , 35.5164527893 , 15.09750
90.62 , 35.5164527893 , 15.10317
90.65 , 35.5164527893 , 15.10917
90.69 , 35.5164527893 , 15.11517
90.73 , 35.5164527893 , 15.12100
90.76 , 35.5164527893 , 15.12700
90.80 , 35.5164527893 , 15.13283
90.83 , 35.5164527893 , 15.13867
90.87 , 35.5164527893 , 15.14450
90.90 , 35.5164527893 , 15.15050
90.94 , 35.6250686645 , 15.15633
90.97 , 35.6250686645 , 15.16233
91.01 , 35.6250686645 , 15.16817
91.04 , 35.6250686645 , 15.17400
91.08 , 35.6250686645 , 15.17983
91.11 , 35.6250686645 , 15.18583
91.15 , 35.6250686645 , 15.19167
91.19 , 35.7336807250 , 15.19767
91.22 , 35.7336807250 , 15.20367
91.26 , 35.7336807250 , 15.20933
91.29 , 35.7336807250 , 15.21533
91.33 , 35.8422927856 , 15.22117
91.36 , 35.8422927856 , 15.22717
91.40 , 35.8422927856 , 15.23300
91.43 , 35.7336807250 , 15.23883
91.47 , 35.8422927856 , 15.24467
91.50 , 35.8422927856 , 15.25067
91.54 , 35.8422927856 , 15.25650
91.57 , 35.8422927856 , 15.26250
91.61 , 35.8422927856 , 15.26833
91.64 , 35.8422927856 , 15.27417
91.68 , 35.9509048461 , 15.28000
91.72 , 35.9509048461 , 15.28600
91.75 , 35.9509048461 , 15.29183
91.79 , 35.9509048461 , 15.29783
91.82 , 35.9509048461 , 15.30383
91.86 , 35.9509048461 , 15.30950
91.89 , 35.9509048461 , 15.31550
91.93 , 36.0595169067 , 15.32133
91.96 , 36.0595169067 , 15.32733
92.00 , 36.0595169067 , 15.33317
92.04 , 36.0595169067 , 15.33917
92.07 , 36.0595169067 , 15.34483
92.11 , 36.1681327819 , 15.35083
92.14 , 36.1681327819 , 15.35667
92.18 , 36.1681327819 , 15.36267
92.21 , 36.1681327819 , 15.36850
92.25 , 36.2767448425 , 15.37450
92.28 , 36.1681327819 , 15.38017
92.32 , 36.2767448425 , 15.38617
92.35 , 36.1681327819 , 15.39217
92.39 , 36.1681327819 , 15.39800
92.42 , 36.2767448425 , 15.40400
92.46 , 36.2767448425 , 15.40983
92.49 , 36.2767448425 , 15.41567
92.53 , 36.2767448425 , 15.42150
92.56 , 36.2767448425 , 15.42750
92.60 , 36.4939689636 , 15.43333
92.64 , 36.3853569030 , 15.43933
92.67 , 36.3853569030 , 15.44500
92.71 , 36.3853569030 , 15.45100
92.74 , 36.3853569030 , 15.45683
92.78 , 36.4939689636 , 15.46283
92.81 , 36.3853569030 , 15.46867
92.85 , 36.4939689636 , 15.47467
92.88 , 36.4939689636 , 15.48033
92.92 , 36.4939689636 , 15.48633
92.95 , 36.4939689636 , 15.49233
92.99 , 36.4939689636 , 15.49817
93.02 , 36.4939689636 , 15.50417
93.06 , 36.4939689636 , 15.51000
93.09 , 36.4939689636 , 15.51583
93.13 , 36.6025848388 , 15.52167
93.17 , 36.6025848388 , 15.52767
93.20 , 36.6025848388 , 15.53350
93.24 , 36.6025848388 , 15.53950
93.27 , 36.6025848388 , 15.54533
93.31 , 36.6025848388 , 15.55117
93.34 , 36.6025848388 , 15.55700
93.38 , 36.6025848388 , 15.56300
93.41 , 36.6025848388 , 15.56883
93.45 , 36.6025848388 , 15.57483
93.48 , 36.6025848388 , 15.58083
93.52 , 36.6025848388 , 15.58650
93.55 , 36.6025848388 , 15.59250
93.59 , 36.7111968994 , 15.59833
93.63 , 36.7111968994 , 15.60433
93.66 , 36.6025848388 , 15.61017
93.70 , 36.8198089599 , 15.61617
93.73 , 36.7111968994 , 15.62183
93.77 , 36.7111968994 , 15.62783
93.80 , 36.8198089599 , 15.63367
93.84 , 36.8198089599 , 15.63967
93.87 , 36.8198089599 , 15.64550
93.91 , 36.9284210205 , 15.65133
93.94 , 36.8198089599 , 15.65717
93.98 , 36.8198089599 , 15.66317
94.01 , 36.8198089599 , 15.66900
94.05 , 36.9284210205 , 15.67500
94.09 , 36.8198089599 , 15.68100
94.12 , 36.9284210205 , 15.68667
94.16 , 36.9284210205 , 15.69267
94.19 , 37.0370330810 , 15.69850
94.23 , 36.9284210205 , 15.70450
94.26 , 36.9284210205 , 15.71033
94.30 , 37.0370330810 , 15.71633
94.33 , 37.0370330810 , 15.72200
94.37 , 37.0370330810 , 15.72800
94.40 , 37.1456489562 , 15.73383
94.44 , 37.0370330810 , 15.73983
94.47 , 37.0370330810 , 15.74567
94.51 , 37.1456489562 , 15.75167
94.54 , 37.1456489562 , 15.75733
94.58 , 37.1456489562 , 15.76333
94.62 , 37.1456489562 , 15.76933
94.65 , 37.1456489562 , 15.77517
94.69 , 37.1456489562 , 15.78117
94.72 , 37.2542610168 , 15.78700
94.76 , 37.2542610168 , 15.79283
94.79 , 37.2542610168 , 15.79867
94.83 , 37.2542610168 , 15.80467
94.86 , 37.2542610168 , 15.81050
94.90 , 37.2542610168 , 15.81650
94.93 , 37.2542610168 , 15.82233
94.97 , 37.2542610168 , 15.82817
95.00 , 37.3628730773 , 15.83400
95.04 , 37.3628730773 , 15.84000
95.07 , 37.3628730773 , 15.84583
95.11 , 37.3628730773 , 15.85183
95.14 , 37.3628730773 , 15.85750
95.18 , 37.3628730773 , 15.86350
95.22 , 37.4714851379 , 15.86950
95.25 , 37.3628730773 , 15.87533
95.29 , 37.4714851379 , 15.88133
95.32 , 37.4714851379 , 15.88717
95.36 , 37.4714851379 , 15.89300
95.39 , 37.4714851379 , 15.89883
95.43 , 37.4714851379 , 15.90483
95.46 , 37.5801010131 , 15.91067
95.50 , 37.4714851379 , 15.91667
95.54 , 37.4714851379 , 15.92250
95.57 , 37.5801010131 , 15.92833
95.61 , 37.5801010131 , 15.93417
95.64 , 37.4714851379 , 15.94017
95.68 , 37.5801010131 , 15.94600
95.71 , 37.5801010131 , 15.95200
95.75 , 37.5801010131 , 15.95800
95.78 , 37.5801010131 , 15.96367
95.82 , 37.5801010131 , 15.96967
95.85 , 37.5801010131 , 15.97550
95.89 , 37.5801010131 , 15.98150
95.92 , 37.6887130737 , 15.98733
95.96 , 37.6887130737 , 15.99333
95.99 , 37.6887130737 , 15.99900
96.03 , 37.6887130737 , 16.00500
96.06 , 37.7973251342 , 16.01083
96.10 , 37.6887130737 , 16.01683
96.14 , 37.6887130737 , 16.02267
96.17 , 37.7973251342 , 16.02867
96.21 , 37.7973251342 , 16.03433
96.24 , 37.7973251342 , 16.04033
96.28 , 37.7973251342 , 16.04617
96.31 , 37.7973251342 , 16.05217
96.35 , 37.7973251342 , 16.05817
96.38 , 37.7973251342 , 16.06400
96.42 , 37.7973251342 , 16.06983
96.45 , 37.7973251342 , 16.07567
96.49 , 37.7973251342 , 16.08167
96.52 , 37.9059410095 , 16.08750
96.56 , 37.9059410095 , 16.09350
96.59 , 38.0145530700 , 16.09917
96.63 , 37.9059410095 , 16.10517
96.67 , 37.9059410095 , 16.11100
96.70 , 38.0145530700 , 16.11700
96.74 , 37.9059410095 , 16.12283
96.77 , 38.0145530700 , 16.12883
96.81 , 38.0145530700 , 16.13450
96.84 , 38.0145530700 , 16.14050
96.88 , 38.0145530700 , 16.14650
96.91 , 38.0145530700 , 16.15233
96.95 , 38.0145530700 , 16.15833
96.98 , 38.1231651306 , 16.16417
97.02 , 38.1231651306 , 16.17000
97.05 , 38.1231651306 , 16.17584
97.09 , 38.1231651306 , 16.18184
97.13 , 38.1231651306 , 16.18767
97.16 , 38.1231651306 , 16.19367
97.20 , 38.2317810058 , 16.19950
97.23 , 38.2317810058 , 16.20533
97.27 , 38.2317810058 , 16.21117
97.30 , 38.2317810058 , 16.21717
97.34 , 38.2317810058 , 16.22300
97.37 , 38.3403930664 , 16.22900
97.41 , 38.3403930664 , 16.23483
97.44 , 38.2317810058 , 16.24067
97.48 , 38.3403930664 , 16.24667
97.51 , 38.3403930664 , 16.25250
97.55 , 38.3403930664 , 16.25850
97.59 , 38.3403930664 , 16.26433
97.62 , 38.3403930664 , 16.27033
97.66 , 38.4490051269 , 16.27600
97.69 , 38.3403930664 , 16.28200
97.73 , 38.3403930664 , 16.28783
97.76 , 38.4490051269 , 16.29384
97.80 , 38.4490051269 , 16.29967
97.83 , 38.4490051269 , 16.30550
97.87 , 38.5576171875 , 16.31133
97.90 , 38.5576171875 , 16.31733
97.94 , 38.4490051269 , 16.32317
97.97 , 38.4490051269 , 16.32917
98.01 , 38.5576171875 , 16.33517
98.04 , 38.5576171875 , 16.34083
98.08 , 38.4490051269 , 16.34683
98.12 , 38.5576171875 , 16.35267
98.15 , 38.4490051269 , 16.35867
98.19 , 38.5576171875 , 16.36450
98.22 , 38.6662292480 , 16.37050
98.26 , 38.5576171875 , 16.37617
98.29 , 38.6662292480 , 16.38217
98.33 , 38.5576171875 , 16.38800
98.36 , 38.6662292480 , 16.39400
98.40 , 38.6662292480 , 16.39983
98.43 , 38.6662292480 , 16.40583
98.47 , 38.6662292480 , 16.41150
98.50 , 38.6662292480 , 16.41750
98.54 , 38.6662292480 , 16.42333
98.58 , 38.6662292480 , 16.42933
98.61 , 38.7748451232 , 16.43533
98.65 , 38.7748451232 , 16.44117
98.68 , 38.7748451232 , 16.44700
98.72 , 38.7748451232 , 16.45284
98.75 , 38.7748451232 , 16.45883
98.79 , 38.8834571838 , 16.46467
98.82 , 38.7748451232 , 16.47067
98.86 , 38.7748451232 , 16.47650
98.89 , 38.8834571838 , 16.48233
98.93 , 38.8834571838 , 16.48817
98.96 , 38.8834571838 , 16.49417
99.00 , 38.8834571838 , 16.50000
99.04 , 38.8834571838 , 16.50600
99.07 , 38.9920692443 , 16.51167
99.11 , 38.9920692443 , 16.51767
99.14 , 38.9920692443 , 16.52367
99.18 , 38.9920692443 , 16.52950
99.21 , 38.8834571838 , 16.53550
99.25 , 38.9920692443 , 16.54133
99.28 , 38.9920692443 , 16.54717
99.32 , 39.1006813049 , 16.55300
99.35 , 38.9920692443 , 16.55900
99.39 , 39.1006813049 , 16.56484
99.43 , 39.1006813049 , 16.57084
99.46 , 39.1006813049 , 16.57667
99.50 , 39.1006813049 , 16.58250
99.53 , 39.1006813049 , 16.58833
99.57 , 39.1006813049 , 16.59433
99.60 , 39.1006813049 , 16.60017
99.64 , 39.1006813049 , 16.60617
99.67 , 39.2092971801 , 16.61200
99.71 , 39.3179092407 , 16.61783
99.74 , 39.3179092407 , 16.62383
99.78 , 39.2092971801 , 16.62967
99.81 , 39.3179092407 , 16.63567
99.85 , 39.2092971801 , 16.64150
99.88 , 39.3179092407 , 16.64750
99.92 , 39.2092971801 , 16.65317
99.95 , 39.3179092407 , 16.65917
99.99 , 39.3179092407 , 16.66500
100.03 , 39.4265213012 , 16.67100
100.06 , 39.3179092407 , 16.67700
100.10 , 39.3179092407 , 16.68317
100.13 , 39.4265213012 , 16.68900
100.17 , 39.4265213012 , 16.69517
100.21 , 39.4265213012 , 16.70133
100.24 , 39.4265213012 , 16.70734
100.28 , 39.4265213012 , 16.71350
100.32 , 39.4265213012 , 16.71950
100.35 , 39.4265213012 , 16.72567
100.39 , 39.4265213012 , 16.73150
100.43 , 39.4265213012 , 16.73767
100.46 , 39.5351333618 , 16.74367
100.50 , 39.5351333618 , 16.74983
100.54 , 39.4265213012 , 16.75584
100.57 , 39.5351333618 , 16.76200
100.61 , 39.5351333618 , 16.76817
100.64 , 39.5351333618 , 16.77400
100.68 , 39.5351333618 , 16.78017
100.72 , 39.5351333618 , 16.78617
100.75 , 39.5351333618 , 16.79233
100.79 , 39.6437454223 , 16.79833
100.83 , 39.5351333618 , 16.80450
100.86 , 39.5351333618 , 16.81033
100.90 , 39.5351333618 , 16.81650
100.93 , 39.6437454223 , 16.82250
100.97 , 39.6437454223 , 16.82867
101.01 , 39.6437454223 , 16.83484
101.04 , 39.6437454223 , 16.84083
101.08 , 39.7523612976 , 16.84700
101.12 , 39.6437454223 , 16.85283
101.15 , 39.6437454223 , 16.85900
101.19 , 39.7523612976 , 16.86500
101.23 , 39.7523612976 , 16.87117
101.26 , 39.7523612976 , 16.87717
101.30 , 39.7523612976 , 16.88334
101.34 , 39.8609733581 , 16.88933
101.37 , 39.7523612976 , 16.89533
101.41 , 39.7523612976 , 16.90150
101.44 , 39.7523612976 , 16.90750
101.48 , 39.8609733581 , 16.91367
101.52 , 39.8609733581 , 16.91967
101.55 , 39.8609733581 , 16.92584
101.59 , 39.8609733581 , 16.93184
101.63 , 39.8609733581 , 16.93783
101.66 , 39.9695854187 , 16.94384
101.70 , 39.9695854187 , 16.95000
101.74 , 39.9695854187 , 16.95617
101.77 , 40.0781974792 , 16.96217
101.81 , 40.0781974792 , 16.96833
101.85 , 40.0781974792 , 16.97434
101.88 , 40.0781974792 , 16.98034
101.92 , 40.0781974792 , 16.98633
101.95 , 40.0781974792 , 16.99250
101.99 , 40.0781974792 , 16.99850
102.03 , 40.1868133544 , 17.00467
102.06 , 40.0781974792 , 17.01067
102.10 , 40.0781974792 , 17.01667
102.14 , 40.1868133544 , 17.02284
102.17 , 40.1868133544 , 17.02883
102.21 , 40.1868133544 , 17.03500
102.25 , 40.1868133544 , 17.04100
102.28 , 40.1868133544 , 17.04717
102.32 , 40.1868133544 , 17.05317
102.36 , 40.1868133544 , 17.05917
102.39 , 40.2954254150 , 17.06517
102.43 , 40.1868133544 , 17.07134
102.46 , 40.1868133544 , 17.07733
102.50 , 40.2954254150 , 17.08350
102.54 , 40.2954254150 , 17.08967
102.57 , 40.2954254150 , 17.09567
102.61 , 40.2954254150 , 17.10167
102.65 , 40.4040374755 , 17.10767
102.68 , 40.2954254150 , 17.11384
102.72 , 40.4040374755 , 17.11984
102.76 , 40.4040374755 , 17.12600
102.79 , 40.2954254150 , 17.13200
102.83 , 40.4040374755 , 17.13817
102.86 , 40.2954254150 , 17.14400
102.90 , 40.4040374755 , 17.15017
102.94 , 40.4040374755 , 17.15633
102.97 , 40.4040374755 , 17.16234
103.01 , 40.4040374755 , 17.16850
103.05 , 40.4040374755 , 17.17450
103.08 , 40.5126495361 , 17.18067
103.12 , 40.4040374755 , 17.18650
103.16 , 40.4040374755 , 17.19267
103.19 , 40.5126495361 , 17.19867
103.23 , 40.4040374755 , 17.20483
103.26 , 40.5126495361 , 17.21084
103.30 , 40.5126495361 , 17.21700
103.34 , 40.5126495361 , 17.22317
103.37 , 40.6212615966 , 17.22900
103.41 , 40.6212615966 , 17.23517
103.45 , 40.6212615966 , 17.24117
103.48 , 40.5126495361 , 17.24733
103.52 , 40.6212615966 , 17.25333
103.56 , 40.6212615966 , 17.25950
103.59 , 40.6212615966 , 17.26534
103.63 , 40.7298774719 , 17.27150
103.66 , 40.7298774719 , 17.27750
103.70 , 40.6212615966 , 17.28367
103.74 , 40.7298774719 , 17.28983
103.77 , 40.7298774719 , 17.29583
103.81 , 40.7298774719 , 17.30200
103.85 , 40.7298774719 , 17.30784
103.88 , 40.7298774719 , 17.31400
103.92 , 40.7298774719 , 17.32000
103.96 , 40.8384895324 , 17.32617
103.99 , 40.8384895324 , 17.33217
104.03 , 40.8384895324 , 17.33833
104.07 , 40.8384895324 , 17.34450
104.10 , 40.9471015930 , 17.35033
104.14 , 40.8384895324 , 17.35650
104.18 , 40.9471015930 , 17.36250
104.21 , 40.8384895324 , 17.36867
104.25 , 40.9471015930 , 17.37467
104.29 , 40.9471015930 , 17.38084
104.32 , 41.0557136535 , 17.38683
104.36 , 40.9471015930 , 17.39283
104.39 , 41.0557136535 , 17.39883
104.43 , 41.0557136535 , 17.40500
104.47 , 41.0557136535 , 17.41117
104.50 , 41.0557136535 , 17.41717
104.54 , 41.0557136535 , 17.42333
104.58 , 41.0557136535 , 17.42933
104.61 , 41.0557136535 , 17.43533
104.65 , 41.0557136535 , 17.44133
104.68 , 41.1643295288 , 17.44750
104.72 , 41.1643295288 , 17.45350
104.76 , 41.1643295288 , 17.45967
104.79 , 41.1643295288 , 17.46567
104.83 , 41.1643295288 , 17.47167
104.87 , 41.1643295288 , 17.47783
104.90 , 41.1643295288 , 17.48383
104.94 , 41.1643295288 , 17.49000
104.98 , 41.1643295288 , 17.49600
105.01 , 41.1643295288 , 17.50217
105.05 , 41.2729415893 , 17.50817
105.08 , 41.2729415893 , 17.51417
105.12 , 41.2729415893 , 17.52017
105.16 , 41.2729415893 , 17.52633
105.19 , 41.2729415893 , 17.53233
105.23 , 41.2729415893 , 17.53850
105.27 , 41.2729415893 , 17.54467
105.30 , 41.2729415893 , 17.55067
105.34 , 41.3815536499 , 17.55667
105.38 , 41.3815536499 , 17.56267
105.41 , 41.2729415893 , 17.56884
105.45 , 41.3815536499 , 17.57483
105.49 , 41.3815536499 , 17.58100
105.52 , 41.2729415893 , 17.58700
105.56 , 41.3815536499 , 17.59317
105.59 , 41.3815536499 , 17.59900
105.63 , 41.3815536499 , 17.60517
105.67 , 41.4901657104 , 17.61133
105.70 , 41.3815536499 , 17.61734
105.74 , 41.4901657104 , 17.62350
105.78 , 41.4901657104 , 17.62950
105.81 , 41.4901657104 , 17.63567
105.85 , 41.3815536499 , 17.64150
105.89 , 41.4901657104 , 17.64767
105.92 , 41.4901657104 , 17.65367
105.96 , 41.5987777709 , 17.65983
106.00 , 41.4901657104 , 17.66584
106.03 , 41.5987777709 , 17.67200
106.07 , 41.5987777709 , 17.67800
106.10 , 41.5987777709 , 17.68400
106.14 , 41.7073936462 , 17.69017
106.18 , 41.7073936462 , 17.69617
106.21 , 41.7073936462 , 17.70233
106.25 , 41.5987777709 , 17.70833
106.29 , 41.7073936462 , 17.71450
106.32 , 41.7073936462 , 17.72033
106.36 , 41.5987777709 , 17.72650
106.40 , 41.7073936462 , 17.73267
106.43 , 41.7073936462 , 17.73867
106.47 , 41.7073936462 , 17.74484
106.50 , 41.8160057067 , 17.75083
106.54 , 41.8160057067 , 17.75700
106.58 , 41.8160057067 , 17.76284
106.61 , 41.8160057067 , 17.76900
106.65 , 41.8160057067 , 17.77500
106.69 , 41.8160057067 , 17.78117
106.72 , 41.8160057067 , 17.78717
106.76 , 41.9246177673 , 17.79334
106.80 , 41.8160057067 , 17.79950
106.83 , 41.8160057067 , 17.80533
106.87 , 41.9246177673 , 17.81150
106.90 , 41.9246177673 , 17.81750
106.94 , 42.0332298278 , 17.82367
106.98 , 41.9246177673 , 17.82967
107.01 , 41.9246177673 , 17.83584
107.05 , 41.9246177673 , 17.84184
107.09 , 42.0332298278 , 17.84783
107.12 , 41.9246177673 , 17.85383
107.16 , 41.9246177673 , 17.86000
107.20 , 42.0332298278 , 17.86617
107.23 , 42.0332298278 , 17.87217
107.27 , 42.0332298278 , 17.87833
107.30 , 42.0332298278 , 17.88417
107.34 , 42.0332298278 , 17.89034
107.38 , 42.0332298278 , 17.89633
107.41 , 42.1418495178 , 17.90250
107.45 , 42.1418495178 , 17.90850
107.49 , 42.1418495178 , 17.91467
107.52 , 42.1418495178 , 17.92067
107.56 , 42.1418495178 , 17.92667
107.60 , 42.2504615783 , 17.93284
107.63 , 42.1418495178 , 17.93884
107.67 , 42.1418495178 , 17.94500
107.71 , 42.1418495178 , 17.95100
107.74 , 42.1418495178 , 17.95717
107.78 , 42.2504615783 , 17.96317
107.81 , 42.1418495178 , 17.96917
107.85 , 42.2504615783 , 17.97517
107.89 , 42.3590736389 , 17.98134
107.92 , 42.1418495178 , 17.98734
107.96 , 42.2504615783 , 17.99350
108.00 , 42.2504615783 , 17.99967
108.03 , 42.2504615783 , 18.00567
108.07 , 42.3590736389 , 18.01167
108.11 , 42.3590736389 , 18.01767
108.14 , 42.3590736389 , 18.02383
108.18 , 42.3590736389 , 18.02984
108.22 , 42.3590736389 , 18.03600
108.25 , 42.3590736389 , 18.04200
108.29 , 42.3590736389 , 18.04817
108.32 , 42.4676895141 , 18.05400
108.36 , 42.4676895141 , 18.06017
108.40 , 42.3590736389 , 18.06633
108.43 , 42.4676895141 , 18.07234
108.47 , 42.4676895141 , 18.07850
108.51 , 42.4676895141 , 18.08450
108.54 , 42.4676895141 , 18.09067
108.58 , 42.4676895141 , 18.09650
108.62 , 42.4676895141 , 18.10267
108.65 , 42.5763015747 , 18.10867
108.69 , 42.4676895141 , 18.11483
108.73 , 42.5763015747 , 18.12100
108.76 , 42.5763015747 , 18.12700
108.80 , 42.5763015747 , 18.13300
108.83 , 42.5763015747 , 18.13900
108.87 , 42.5763015747 , 18.14517
108.91 , 42.6849136352 , 18.15117
108.94 , 42.6849136352 , 18.15733
108.98 , 42.6849136352 , 18.16333
109.02 , 42.5763015747 , 18.16950
109.05 , 42.5763015747 , 18.17534
109.09 , 42.6849136352 , 18.18150
109.13 , 42.6849136352 , 18.18767
109.16 , 42.7935256958 , 18.19367
109.20 , 42.6849136352 , 18.19983
109.23 , 42.7935256958 , 18.20583
109.27 , 42.7935256958 , 18.21200
109.31 , 42.7935256958 , 18.21784
109.34 , 42.7935256958 , 18.22400
109.38 , 42.7935256958 , 18.23000
109.42 , 42.7935256958 , 18.23617
109.45 , 42.7935256958 , 18.24217
109.49 , 43.0107536315 , 18.24833
109.53 , 42.9021377563 , 18.25450
109.56 , 42.9021377563 , 18.26033
109.60 , 42.9021377563 , 18.26650
109.63 , 42.9021377563 , 18.27250
109.67 , 42.9021377563 , 18.27867
109.71 , 42.9021377563 , 18.28467
109.75 , 43.0107536315 , 18.29084
109.78 , 43.0107536315 , 18.29667
109.82 , 43.0107536315 , 18.30283
109.85 , 43.0107536315 , 18.30883
109.89 , 42.9021377563 , 18.31500
109.93 , 43.0107536315 , 18.32117
109.96 , 43.0107536315 , 18.32717
110.00 , 43.0107536315 , 18.33333
110.04 , 43.0107536315 , 18.33917
110.07 , 43.0107536315 , 18.34533
110.11 , 43.0107536315 , 18.35133
110.14 , 43.1193656921 , 18.35750
110.18 , 43.1193656921 , 18.36350
110.22 , 43.1193656921 , 18.36967
110.25 , 43.1193656921 , 18.37567
110.29 , 43.1193656921 , 18.38167
110.33 , 43.1193656921 , 18.38784
110.36 , 43.1193656921 , 18.39383
110.40 , 43.1193656921 , 18.40000
110.44 , 43.1193656921 , 18.40600
110.47 , 43.2279777526 , 18.41217
110.51 , 43.2279777526 , 18.41817
110.54 , 43.2279777526 , 18.42417
110.58 , 43.2279777526 , 18.43017
110.62 , 43.2279777526 , 18.43633
110.65 , 43.2279777526 , 18.44233
110.69 , 43.3365898132 , 18.44850
110.73 , 43.2279777526 , 18.45467
110.76 , 43.2279777526 , 18.46067
110.80 , 43.2279777526 , 18.46667
110.84 , 43.2279777526 , 18.47267
110.87 , 43.3365898132 , 18.47883
110.91 , 43.3365898132 , 18.48483
110.95 , 43.3365898132 , 18.49100
110.98 , 43.3365898132 , 18.49700
111.02 , 43.3365898132 , 18.50317
111.05 , 43.4452056884 , 18.50917
111.09 , 43.3365898132 , 18.51517
111.13 , 43.3365898132 , 18.52133
111.16 , 43.4452056884 , 18.52733
111.20 , 43.4452056884 , 18.53350
111.24 , 43.4452056884 , 18.53950
111.27 , 43.4452056884 , 18.54550
111.31 , 43.4452056884 , 18.55150
111.35 , 43.4452056884 , 18.55767
111.38 , 43.5538177490 , 18.56367
111.42 , 43.6624298095 , 18.56983
111.46 , 43.5538177490 , 18.57600
111.49 , 43.6624298095 , 18.58200
111.53 , 43.6624298095 , 18.58800
111.56 , 43.5538177490 , 18.59400
111.60 , 43.5538177490 , 18.60017
111.64 , 43.5538177490 , 18.60617
111.67 , 43.6624298095 , 18.61234
111.71 , 43.6624298095 , 18.61833
111.75 , 43.5538177490 , 18.62450
111.78 , 43.6624298095 , 18.63033
111.82 , 43.7710418701 , 18.63650
111.86 , 43.6624298095 , 18.64267
111.89 , 43.6624298095 , 18.64867
111.93 , 43.7710418701 , 18.65484
111.96 , 43.6624298095 , 18.66083
112.00 , 43.7710418701 , 18.66700
112.04 , 43.7710418701 , 18.67284
112.07 , 43.7710418701 , 18.67900
112.11 , 43.7710418701 , 18.68500
112.15 , 43.7710418701 , 18.69117
112.18 , 43.8796539306 , 18.69717
112.22 , 43.8796539306 , 18.70334
112.26 , 43.7710418701 , 18.70950
112.29 , 43.8796539306 , 18.71533
112.33 , 43.7710418701 , 18.72150
112.36 , 43.8796539306 , 18.72750
112.40 , 43.8796539306 , 18.73367
112.44 , 43.8796539306 , 18.73967
112.47 , 43.8796539306 , 18.74584
112.51 , 43.8796539306 , 18.75167
112.55 , 43.9882698059 , 18.75783
112.58 , 43.9882698059 , 18.76383
112.62 , 43.9882698059 , 18.77000
112.66 , 43.9882698059 , 18.77617
112.69 , 43.9882698059 , 18.78217
112.73 , 43.9882698059 , 18.78833
112.76 , 43.9882698059 , 18.79417
112.80 , 43.9882698059 , 18.80034
112.84 , 43.9882698059 , 18.80633
112.87 , 43.9882698059 , 18.81250
112.91 , 43.9882698059 , 18.81850
112.95 , 43.9882698059 , 18.82467
112.98 , 44.0968818664 , 18.83067
113.02 , 44.0968818664 , 18.83667
113.06 , 44.0968818664 , 18.84284
113.09 , 44.0968818664 , 18.84884
113.13 , 44.0968818664 , 18.85500
113.17 , 44.2054939270 , 18.86100
113.20 , 44.0968818664 , 18.86717
113.24 , 44.0968818664 , 18.87317
113.27 , 44.2054939270 , 18.87917
113.31 , 44.2054939270 , 18.88517
113.35 , 44.3141059875 , 18.89134
113.38 , 44.2054939270 , 18.89750
113.42 , 44.3141059875 , 18.90350
113.46 , 44.3141059875 , 18.90967
113.49 , 44.2054939270 , 18.91567
113.53 , 44.3141059875 , 18.92167
113.57 , 44.3141059875 , 18.92767
113.60 , 44.3141059875 , 18.93383
113.64 , 44.3141059875 , 18.93984
113.68 , 44.3141059875 , 18.94600
113.71 , 44.3141059875 , 18.95200
113.75 , 44.3141059875 , 18.95800
113.79 , 44.4227218627 , 18.96417
113.82 , 44.4227218627 , 18.97017
113.86 , 44.4227218627 , 18.97633
113.89 , 44.4227218627 , 18.98233
113.93 , 44.4227218627 , 18.98850
113.97 , 44.4227218627 , 18.99450
114.00 , 44.4227218627 , 19.00050
114.04 , 44.5313339233 , 19.00650
114.08 , 44.4227218627 , 19.01267
114.11 , 44.5313339233 , 19.01867
114.15 , 44.5313339233 , 19.02483
114.19 , 44.5313339233 , 19.03100
114.22 , 44.5313339233 , 19.03700
114.26 , 44.5313339233 , 19.04300
114.29 , 44.5313339233 , 19.04900
114.33 , 44.6399459838 , 19.05517
114.37 , 44.5313339233 , 19.06117
114.40 , 44.6399459838 , 19.06733
114.44 , 44.5313339233 , 19.07333
114.48 , 44.6399459838 , 19.07950
114.51 , 44.6399459838 , 19.08534
114.55 , 44.6399459838 , 19.09150
114.59 , 44.6399459838 , 19.09767
114.62 , 44.7485580444 , 19.10367
114.66 , 44.7485580444 , 19.10983
114.69 , 44.7485580444 , 19.11583
114.73 , 44.7485580444 , 19.12200
114.77 , 44.7485580444 , 19.12784
114.80 , 44.7485580444 , 19.13400
114.84 , 44.7485580444 , 19.14000
114.88 , 44.7485580444 , 19.14617
114.91 , 44.7485580444 , 19.15217
114.95 , 44.7485580444 , 19.15833
114.99 , 44.7485580444 , 19.16450
115.02 , 44.8571701049 , 19.17033
115.06 , 44.8571701049 , 19.17650
115.09 , 44.8571701049 , 19.18250
115.13 , 44.8571701049 , 19.18867
115.17 , 44.9657859802 , 19.19467
115.20 , 44.8571701049 , 19.20083
115.24 , 44.8571701049 , 19.20667
115.28 , 44.7485580444 , 19.21283
115.31 , 44.8571701049 , 19.21883
115.35 , 44.8571701049 , 19.22500
115.39 , 44.8571701049 , 19.23117
115.42 , 44.9657859802 , 19.23717
115.46 , 44.9657859802 , 19.24333
115.50 , 45.0743980407 , 19.24917
115.53 , 44.9657859802 , 19.25533
115.57 , 44.9657859802 , 19.26133
115.61 , 44.9657859802 , 19.26750
115.64 , 44.9657859802 , 19.27350
115.68 , 44.9657859802 , 19.27967
115.71 , 44.9657859802 , 19.28583
115.75 , 45.0743980407 , 19.29167
115.79 , 44.9657859802 , 19.29784
115.82 , 45.0743980407 , 19.30383
115.86 , 45.0743980407 , 19.31000
115.90 , 45.0743980407 , 19.31600
115.93 , 45.1830101013 , 19.32217
115.97 , 45.1830101013 , 19.32817
116.00 , 45.1830101013 , 19.33417
116.04 , 45.1830101013 , 19.34017
116.08 , 45.1830101013 , 19.34634
116.11 , 45.1830101013 , 19.35250
116.15 , 45.1830101013 , 19.35850
116.19 , 45.1830101013 , 19.36467
116.22 , 45.1830101013 , 19.37067
116.26 , 45.1830101013 , 19.37667
116.30 , 45.2916221618 , 19.38267
116.33 , 45.2916221618 , 19.38883
116.37 , 45.2916221618 , 19.39484
116.41 , 45.2916221618 , 19.40100
116.44 , 45.2916221618 , 19.40700
116.48 , 45.2916221618 , 19.41300
116.51 , 45.2916221618 , 19.41917
116.55 , 45.2916221618 , 19.42517
116.59 , 45.2916221618 , 19.43133
116.62 , 45.2916221618 , 19.43733
116.66 , 45.4002380371 , 19.44350
116.70 , 45.4002380371 , 19.44950
116.73 , 45.5088500976 , 19.45550
116.77 , 45.4002380371 , 19.46150
116.81 , 45.4002380371 , 19.46767
116.84 , 45.4002380371 , 19.47367
116.88 , 45.4002380371 , 19.47983
116.92 , 45.5088500976 , 19.48600
116.95 , 45.5088500976 , 19.49200
116.99 , 45.4002380371 , 19.49800
117.02 , 45.5088500976 , 19.50400
117.06 , 45.5088500976 , 19.51017
117.10 , 45.5088500976 , 19.51617
117.13 , 45.5088500976 , 19.52234
117.17 , 45.5088500976 , 19.52833
117.21 , 45.5088500976 , 19.53450
117.24 , 45.6174621582 , 19.54033
117.28 , 45.5088500976 , 19.54650
117.32 , 45.5088500976 , 19.55267
117.35 , 45.5088500976 , 19.55867
117.39 , 45.6174621582 , 19.56484
117.43 , 45.6174621582 , 19.57084
117.46 , 45.6174621582 , 19.57700
117.50 , 45.6174621582 , 19.58283
117.53 , 45.6174621582 , 19.58900
117.57 , 45.7260742187 , 19.59500
117.61 , 45.7260742187 , 19.60117
117.64 , 45.7260742187 , 19.60717
117.68 , 45.7260742187 , 19.61334
117.72 , 45.6174621582 , 19.61934
117.75 , 45.7260742187 , 19.62533
117.79 , 45.7260742187 , 19.63150
117.82 , 45.7260742187 , 19.63750
117.86 , 45.7260742187 , 19.64367
117.90 , 45.7260742187 , 19.64967
117.93 , 45.7260742187 , 19.65583
117.97 , 45.8346862792 , 19.66167
118.01 , 45.8346862792 , 19.66784
118.04 , 45.8346862792 , 19.67400
118.08 , 45.7260742187 , 19.68000
118.12 , 45.8346862792 , 19.68617
118.15 , 45.8346862792 , 19.69217
118.19 , 45.8346862792 , 19.69833
118.22 , 45.9433021545 , 19.70417
118.26 , 45.9433021545 , 19.71034
118.30 , 45.8346862792 , 19.71633
118.33 , 45.9433021545 , 19.72250
118.37 , 45.9433021545 , 19.72850
118.41 , 45.9433021545 , 19.73467
118.44 , 45.9433021545 , 19.74083
118.48 , 46.0519142150 , 19.74667
118.52 , 45.9433021545 , 19.75284
118.55 , 46.0519142150 , 19.75884
118.59 , 45.9433021545 , 19.76500
118.63 , 45.9433021545 , 19.77100
118.66 , 45.9433021545 , 19.77717
118.70 , 46.0519142150 , 19.78317
118.73 , 46.1605262756 , 19.78917
118.77 , 46.0519142150 , 19.79517
118.81 , 46.1605262756 , 19.80134
118.84 , 46.1605262756 , 19.80750
118.88 , 46.1605262756 , 19.81350
118.92 , 46.1605262756 , 19.81967
118.95 , 46.1605262756 , 19.82550
118.99 , 46.0519142150 , 19.83167
119.03 , 46.1605262756 , 19.83767
119.06 , 46.1605262756 , 19.84383
119.10 , 46.1605262756 , 19.84984
119.14 , 46.1605262756 , 19.85600
119.17 , 46.2691383361 , 19.86200
119.21 , 46.2691383361 , 19.86800
119.25 , 46.2691383361 , 19.87417
119.28 , 46.2691383361 , 19.88017
119.32 , 46.2691383361 , 19.88633
119.35 , 46.2691383361 , 19.89233
119.39 , 46.3777542114 , 19.89850
119.43 , 46.2691383361 , 19.90450
119.46 , 46.3777542114 , 19.91050
119.50 , 46.2691383361 , 19.91650
119.54 , 46.2691383361 , 19.92267
119.57 , 46.3777542114 , 19.92867
119.61 , 46.3777542114 , 19.93483
119.65 , 46.3777542114 , 19.94100
119.68 , 46.3777542114 , 19.94700
119.72 , 46.3777542114 , 19.95300
119.75 , 46.3777542114 , 19.95900
119.79 , 46.3777542114 , 19.96517
119.83 , 46.4863662719 , 19.97117
119.86 , 46.3777542114 , 19.97733
119.90 , 46.4863662719 , 19.98333
119.94 , 46.4863662719 , 19.98950
119.97 , 46.4863662719 , 19.99534
120.01 , 46.4863662719 , 20.00150
120.05 , 46.4863662719 , 20.00767
120.08 , 46.5949783325 , 20.01367
120.12 , 46.4863662719 , 20.01984
120.15 , 46.4863662719 , 20.02583
120.19 , 46.4863662719 , 20.03200
120.23 , 46.5949783325 , 20.03783
120.26 , 46.5949783325 , 20.04400
120.30 , 46.5949783325 , 20.05000
120.34 , 46.5949783325 , 20.05617
120.37 , 46.5949783325 , 20.06233
120.41 , 46.5949783325 , 20.06834
120.45 , 46.5949783325 , 20.07433
120.48 , 46.5949783325 , 20.08033
120.52 , 46.7035903930 , 20.08650
120.55 , 46.5949783325 , 20.09250
120.59 , 46.7035903930 , 20.09867
120.63 , 46.7035903930 , 20.10467
120.66 , 46.7035903930 , 20.11083
120.70 , 46.7035903930 , 20.11667
120.74 , 46.7035903930 , 20.12283
120.77 , 46.8122024536 , 20.12900
120.81 , 46.8122024536 , 20.13500
120.85 , 46.7035903930 , 20.14117
120.88 , 46.8122024536 , 20.14717
120.92 , 46.8122024536 , 20.15333
120.95 , 46.8122024536 , 20.15917
120.99 , 46.8122024536 , 20.16533
121.03 , 46.8122024536 , 20.17133
121.06 , 46.9208183288 , 20.17750
121.10 , 46.9208183288 , 20.18350
121.14 , 46.9208183288 , 20.18967
121.18 , 46.9208183288 , 20.19584
121.21 , 46.9208183288 , 20.20167
121.25 , 46.9208183288 , 20.20783
121.28 , 46.9208183288 , 20.21383
121.32 , 46.9208183288 , 20.22000
121.36 , 46.9208183288 , 20.22600
121.39 , 46.9208183288 , 20.23217
121.43 , 46.9208183288 , 20.23800
121.46 , 46.9208183288 , 20.24417
121.50 , 46.9208183288 , 20.25017
121.54 , 46.9208183288 , 20.25634
121.57 , 47.0294303894 , 20.26250
121.61 , 47.0294303894 , 20.26850
121.65 , 47.0294303894 , 20.27467
121.68 , 47.0294303894 , 20.28050
121.72 , 47.0294303894 , 20.28667
121.76 , 47.0294303894 , 20.29267
121.79 , 47.1380424499 , 20.29883
121.83 , 47.1380424499 , 20.30484
121.87 , 47.1380424499 , 20.31100
121.90 , 47.1380424499 , 20.31700
121.94 , 47.1380424499 , 20.32300
121.97 , 47.1380424499 , 20.32917
122.01 , 47.1380424499 , 20.33517
122.05 , 47.1380424499 , 20.34133
122.08 , 47.1380424499 , 20.34733
122.12 , 47.1380424499 , 20.35350
122.16 , 47.1380424499 , 20.35950
122.19 , 47.1380424499 , 20.36550
122.23 , 47.2466545104 , 20.37150
122.27 , 47.2466545104 , 20.37767
122.30 , 47.2466545104 , 20.38367
122.34 , 47.2466545104 , 20.38983
122.38 , 47.2466545104 , 20.39600
122.41 , 47.2466545104 , 20.40200
122.45 , 47.2466545104 , 20.40800
122.48 , 47.2466545104 , 20.41400
122.52 , 47.2466545104 , 20.42017
122.56 , 47.2466545104 , 20.42617
122.59 , 47.3552703857 , 20.43234
122.63 , 47.3552703857 , 20.43833
122.67 , 47.3552703857 , 20.44450
122.70 , 47.3552703857 , 20.45050
122.74 , 47.3552703857 , 20.45650
122.78 , 47.3552703857 , 20.46267
122.81 , 47.3552703857 , 20.46867
122.85 , 47.4638824462 , 20.47484
122.88 , 47.3552703857 , 20.48084
122.92 , 47.4638824462 , 20.48683
122.96 , 47.4638824462 , 20.49283
122.99 , 47.4638824462 , 20.49900
123.03 , 47.4638824462 , 20.50500
123.07 , 47.4638824462 , 20.51117
123.10 , 47.4638824462 , 20.51733
123.14 , 47.5724945068 , 20.52334
123.18 , 47.4638824462 , 20.52934
123.21 , 47.5724945068 , 20.53533
123.25 , 47.5724945068 , 20.54150
123.29 , 47.4638824462 , 20.54750
123.32 , 47.5724945068 , 20.55367
123.36 , 47.5724945068 , 20.55967
123.39 , 47.5724945068 , 20.56583
123.43 , 47.5724945068 , 20.57167
123.47 , 47.5724945068 , 20.57784
123.50 , 47.5724945068 , 20.58400
123.54 , 47.6811141967 , 20.59000
123.58 , 47.6811141967 , 20.59617
123.61 , 47.6811141967 , 20.60217
123.65 , 47.6811141967 , 20.60833
123.68 , 47.6811141967 , 20.61417
123.72 , 47.6811141967 , 20.62034
123.76 , 47.6811141967 , 20.62634
123.79 , 47.7897262573 , 20.63250
123.83 , 47.7897262573 , 20.63850
123.87 , 47.6811141967 , 20.64467
123.90 , 47.7897262573 , 20.65083
123.94 , 47.7897262573 , 20.65667
123.98 , 47.7897262573 , 20.66283
124.01 , 47.7897262573 , 20.66884
124.05 , 47.7897262573 , 20.67500
124.09 , 47.8983383178 , 20.68100
124.12 , 47.8983383178 , 20.68717
124.16 , 47.7897262573 , 20.69300
124.19 , 47.8983383178 , 20.69917
124.23 , 47.8983383178 , 20.70517
124.27 , 47.8983383178 , 20.71133
124.30 , 47.8983383178 , 20.71750
124.34 , 47.8983383178 , 20.72350
124.38 , 47.8983383178 , 20.72967
124.41 , 47.8983383178 , 20.73550
124.45 , 47.8983383178 , 20.74167
124.49 , 48.0069503784 , 20.74767
124.52 , 47.8983383178 , 20.75383
124.56 , 48.0069503784 , 20.75984
124.60 , 48.0069503784 , 20.76600
124.63 , 48.0069503784 , 20.77200
124.67 , 48.0069503784 , 20.77800
124.70 , 48.0069503784 , 20.78417
124.74 , 48.0069503784 , 20.79017
124.78 , 48.0069503784 , 20.79633
124.81 , 48.0069503784 , 20.80233
124.85 , 48.0069503784 , 20.80850
124.89 , 48.0069503784 , 20.81450
124.92 , 48.1155624389 , 20.82050
124.96 , 48.1155624389 , 20.82650
125.00 , 48.1155624389 , 20.83267
125.03 , 48.1155624389 , 20.83883
125.07 , 48.0069503784 , 20.84483
125.11 , 48.1155624389 , 20.85100
125.14 , 48.1155624389 , 20.85700
125.18 , 48.1155624389 , 20.86300
125.21 , 48.1155624389 , 20.86900
125.25 , 48.1155624389 , 20.87517
125.29 , 48.2241783142 , 20.88117
125.32 , 48.1155624389 , 20.88733
125.36 , 48.2241783142 , 20.89333
125.40 , 48.2241783142 , 20.89933
125.43 , 48.2241783142 , 20.90550
125.47 , 48.2241783142 , 20.91150
125.51 , 48.3327903747 , 20.91767
125.54 , 48.3327903747 , 20.92367
125.58 , 48.3327903747 , 20.92984
125.61 , 48.3327903747 , 20.93583
125.65 , 48.3327903747 , 20.94183
125.69 , 48.3327903747 , 20.94783
125.72 , 48.4414024353 , 20.95400
125.76 , 48.3327903747 , 20.96000
125.80 , 48.4414024353 , 20.96617
125.83 , 48.3327903747 , 20.97233
125.87 , 48.4414024353 , 20.97834
125.91 , 48.4414024353 , 20.98433
125.94 , 48.4414024353 , 20.99033
125.98 , 48.4414024353 , 20.99650
126.01 , 48.4414024353 , 21.00250
126.05 , 48.4414024353 , 21.00867
126.09 , 48.4414024353 , 21.01467
126.12 , 48.5500144958 , 21.02083
126.16 , 48.4414024353 , 21.02667
126.20 , 48.5500144958 , 21.03283
126.23 , 48.5500144958 , 21.03900
126.27 , 48.5500144958 , 21.04500
126.31 , 48.5500144958 , 21.05117
126.34 , 48.5500144958 , 21.05717
126.38 , 48.5500144958 , 21.06333
126.41 , 48.6586303710 , 21.06917
126.45 , 48.5500144958 , 21.07534
126.49 , 48.5500144958 , 21.08133
126.52 , 48.5500144958 , 21.08750
126.56 , 48.6586303710 , 21.09350
126.60 , 48.6586303710 , 21.09967
126.63 , 48.5500144958 , 21.10584
126.67 , 48.6586303710 , 21.11167
126.71 , 48.6586303710 , 21.11783
126.74 , 48.6586303710 , 21.12383
126.78 , 48.7672424316 , 21.13000
126.82 , 48.6586303710 , 21.13600
126.85 , 48.6586303710 , 21.14217
126.89 , 48.6586303710 , 21.14800
126.93 , 48.6586303710 , 21.15417
126.96 , 48.6586303710 , 21.16017
127.00 , 48.7672424316 , 21.16633
127.04 , 48.7672424316 , 21.17250
127.07 , 48.7672424316 , 21.17850
127.11 , 48.7672424316 , 21.18467
127.14 , 48.7672424316 , 21.19050
127.18 , 48.7672424316 , 21.19667
127.22 , 48.8758544921 , 21.20267
127.25 , 48.8758544921 , 21.20883
127.29 , 48.7672424316 , 21.21483
127.33 , 48.7672424316 , 21.22100
127.36 , 48.8758544921 , 21.22717
127.40 , 48.8758544921 , 21.23300
127.43 , 48.8758544921 , 21.23917
127.47 , 48.8758544921 , 21.24517
127.51 , 48.9844665527 , 21.25134
127.54 , 48.8758544921 , 21.25733
127.58 , 48.9844665527 , 21.26350
127.62 , 48.9844665527 , 21.26950
127.65 , 48.8758544921 , 21.27550
127.69 , 48.9844665527 , 21.28150
127.73 , 48.9844665527 , 21.28767
127.76 , 48.9844665527 , 21.29384
127.80 , 48.9844665527 , 21.29984
127.84 , 48.9844665527 , 21.30600
127.87 , 49.0930786132 , 21.31200
127.91 , 48.9844665527 , 21.31800
127.94 , 49.0930786132 , 21.32400
127.98 , 49.0930786132 , 21.33017
128.02 , 49.0930786132 , 21.33617
128.05 , 49.0930786132 , 21.34234
128.09 , 49.0930786132 , 21.34833
128.13 , 49.2016944885 , 21.35434
128.16 , 49.0930786132 , 21.36050
128.20 , 49.0930786132 , 21.36650
128.24 , 49.0930786132 , 21.37267
128.27 , 49.2016944885 , 21.37867
128.31 , 49.2016944885 , 21.38484
128.35 , 49.2016944885 , 21.39084
128.38 , 49.2016944885 , 21.39683
128.42 , 49.2016944885 , 21.40284
128.45 , 49.3103065490 , 21.40900
128.49 , 49.2016944885 , 21.41500
128.53 , 49.2016944885 , 21.42117
128.56 , 49.3103065490 , 21.42733
128.60 , 49.3103065490 , 21.43334
128.64 , 49.3103065490 , 21.43934
128.67 , 49.3103065490 , 21.44533
128.71 , 49.3103065490 , 21.45150
128.75 , 49.3103065490 , 21.45750
128.78 , 49.3103065490 , 21.46367
128.82 , 49.3103065490 , 21.46967
128.86 , 49.3103065490 , 21.47583
128.89 , 49.4189186096 , 21.48167
128.93 , 49.3103065490 , 21.48784
128.96 , 49.4189186096 , 21.49400
129.00 , 49.4189186096 , 21.50000