1.58 , 0.0000000000 , 0.26283
1.61 , 0.1086129074 , 0.26817
1.64 , 0.0000000000 , 0.27367
1.67 , 0.1086129074 , 0.27900
1.71 , 0.1086129074 , 0.28450
1.74 , 0.0000000000 , 0.28967
1.77 , 0.1086129074 , 0.29517
1.80 , 0.1086129074 , 0.30050
1.84 , 0.0000000000 , 0.30600
1.87 , 0.1086129074 , 0.31117
1.90 , 0.0000000000 , 0.31667
1.93 , 0.1086129074 , 0.32200
1.97 , 0.1086129074 , 0.32750
2.00 , 0.1086129074 , 0.33267
2.03 , 0.1086129074 , 0.33800
2.06 , 0.1086129074 , 0.34350
2.09 , 0.1086129074 , 0.34883
2.13 , 0.1086129074 , 0.35417
2.16 , 0.1086129074 , 0.35950
2.19 , 0.1086129074 , 0.36500
2.22 , 0.1086129074 , 0.37033
2.25 , 0.1086129074 , 0.37567
2.29 , 0.1086129074 , 0.38100
2.32 , 0.1086129074 , 0.38650
2.35 , 0.1086129074 , 0.39183
2.38 , 0.1086129074 , 0.39717
2.42 , 0.0000000000 , 0.40250
2.45 , 0.1086129074 , 0.40800
2.48 , 0.1086129074 , 0.41333
2.51 , 0.0000000000 , 0.41867
2.54 , 0.2172258138 , 0.42400
2.58 , 0.1086129074 , 0.42950
2.61 , 0.2172258138 , 0.43483
2.64 , 0.2172258138 , 0.44017
2.67 , 0.1086129074 , 0.44550
2.71 , 0.2172258138 , 0.45100
2.74 , 0.1086129074 , 0.45633
2.77 , 0.2172258138 , 0.46167
2.80 , 0.2172258138 , 0.46700
2.84 , 0.2172258138 , 0.47250
2.87 , 0.2172258138 , 0.47783
2.90 , 0.2172258138 , 0.48317
2.93 , 0.2172258138 , 0.48850
2.96 , 0.2172258138 , 0.49400
3.00 , 0.1086129074 , 0.49933
3.03 , 0.2172258138 , 0.50467
3.06 , 0.2172258138 , 0.51000
3.09 , 0.2172258138 , 0.51533
3.13 , 0.3258387088 , 0.52083
3.16 , 0.2172258138 , 0.52600
3.19 , 0.3258387088 , 0.53150
3.22 , 0.3258387088 , 0.53683
3.25 , 0.3258387088 , 0.54233
3.29 , 0.2172258138 , 0.54767
3.32 , 0.3258387088 , 0.55300
3.35 , 0.3258387088 , 0.55833
3.38 , 0.3258387088 , 0.56383
3.42 , 0.4344529628 , 0.56917
3.45 , 0.4344529628 , 0.57450
3.48 , 0.4344529628 , 0.57983
3.51 , 0.4344529628 , 0.58533
3.54 , 0.4344529628 , 0.59067
3.58 , 0.4344529628 , 0.59600
3.61 , 0.4344529628 , 0.60133
3.64 , 0.5430658340 , 0.60683
3.67 , 0.4344529628 , 0.61217
3.71 , 0.5430658340 , 0.61750
3.74 , 0.5430658340 , 0.62283
3.77 , 0.5430658340 , 0.62833
3.80 , 0.5430658340 , 0.63367
3.83 , 0.5430658340 , 0.63900
3.87 , 0.5430658340 , 0.64433
3.90 , 0.6516787528 , 0.64983
3.93 , 0.6516787528 , 0.65517
3.96 , 0.6516787528 , 0.66050
4.00 , 0.5430658340 , 0.66583
4.03 , 0.6516787528 , 0.67133
4.06 , 0.7602916240 , 0.67667
4.09 , 0.7602916240 , 0.68183
4.12 , 0.6516787528 , 0.68733
4.16 , 0.7602916240 , 0.69267
4.19 , 0.7602916240 , 0.69817
4.22 , 0.7602916240 , 0.70333
4.25 , 0.8689044952 , 0.70883
4.28 , 0.7602916240 , 0.71417
4.32 , 0.7602916240 , 0.71967
4.35 , 0.8689044952 , 0.72483
4.38 , 0.8689044952 , 0.73033
4.41 , 0.7602916240 , 0.73567
4.45 , 0.8689044952 , 0.74117
4.48 , 0.8689044952 , 0.74633
4.51 , 0.9775175094 , 0.75183
4.54 , 0.8689044952 , 0.75717
4.58 , 0.9775175094 , 0.76267
4.61 , 0.9775175094 , 0.76800
4.64 , 0.9775175094 , 0.77333
4.67 , 0.9775175094 , 0.77867
4.71 , 0.9775175094 , 0.78417
4.74 , 0.9775175094 , 0.78950
4.77 , 0.9775175094 , 0.79483
4.80 , 1.0861303806 , 0.80017
4.83 , 1.0861303806 , 0.80567
4.87 , 1.0861303806 , 0.81100
4.90 , 1.0861303806 , 0.81633
4.93 , 1.0861303806 , 0.82167
4.96 , 1.0861303806 , 0.82717
5.00 , 1.0861303806 , 0.83250
5.03 , 1.0861303806 , 0.83783
5.06 , 1.0861303806 , 0.84317
5.09 , 1.0861303806 , 0.84867
5.12 , 1.1947432708 , 0.85400
5.16 , 1.1947432708 , 0.85917
5.19 , 1.1947432708 , 0.86467
5.22 , 1.1947432708 , 0.87000
5.25 , 1.1947432708 , 0.87550
5.28 , 1.1947432708 , 0.88067
5.32 , 1.1947432708 , 0.88617
5.35 , 1.3033561706 , 0.89150
5.38 , 1.3033561706 , 0.89700
5.41 , 1.3033561706 , 0.90217
5.45 , 1.3033561706 , 0.90767
5.48 , 1.3033561706 , 0.91300
5.51 , 1.4119690895 , 0.91850
5.54 , 1.3033561706 , 0.92367
5.57 , 1.3033561706 , 0.92917
5.61 , 1.4119690895 , 0.93450
5.64 , 1.3033561706 , 0.94000
5.67 , 1.4119690895 , 0.94517
5.70 , 1.4119690895 , 0.95067
5.74 , 1.4119690895 , 0.95600
5.77 , 1.4119690895 , 0.96150
5.80 , 1.4119690895 , 0.96667
5.83 , 1.4119690895 , 0.97217
5.86 , 1.4119690895 , 0.97750
5.90 , 1.5205819606 , 0.98300
5.93 , 1.4119690895 , 0.98817
5.96 , 1.5205819606 , 0.99367
5.99 , 1.5205819606 , 0.99900
6.03 , 1.5205819606 , 1.00450
6.06 , 1.5205819606 , 1.00983
6.09 , 1.5205819606 , 1.01517
6.12 , 1.5205819606 , 1.02050
6.16 , 1.5205819606 , 1.02583
6.19 , 1.6291948318 , 1.03133
6.22 , 1.6291948318 , 1.03650
6.25 , 1.6291948318 , 1.04200
6.28 , 1.7378077507 , 1.04733
6.32 , 1.6291948318 , 1.05283
6.35 , 1.7378077507 , 1.05800
6.38 , 1.7378077507 , 1.06350
6.41 , 1.7378077507 , 1.06883
6.45 , 1.7378077507 , 1.07433
6.48 , 1.7378077507 , 1.07950
6.51 , 1.7378077507 , 1.08500
6.54 , 1.8464220046 , 1.09033
6.57 , 1.7378077507 , 1.09583
6.61 , 1.8464220046 , 1.10100
6.64 , 1.7378077507 , 1.10650
6.67 , 1.8464220046 , 1.11183
6.70 , 1.8464220046 , 1.11733
6.74 , 1.8464220046 , 1.12250
6.77 , 1.9550350189 , 1.12800
6.80 , 1.8464220046 , 1.13333
6.83 , 1.8464220046 , 1.13883
6.86 , 1.9550350189 , 1.14400
6.90 , 1.9550350189 , 1.14950
6.93 , 1.8464220046 , 1.15483
6.96 , 1.9550350189 , 1.16033
6.99 , 1.9550350189 , 1.16550
7.03 , 1.9550350189 , 1.17100
7.06 , 2.0636477470 , 1.17633
7.09 , 2.0636477470 , 1.18183
7.12 , 2.0636477470 , 1.18700
7.16 , 2.0636477470 , 1.19250
7.19 , 2.0636477470 , 1.19783
7.22 , 2.0636477470 , 1.20317
7.25 , 2.1722607612 , 1.20850
7.28 , 2.1722607612 , 1.21383
7.32 , 2.0636477470 , 1.21933
7.35 , 2.1722607612 , 1.22467
7.38 , 2.1722607612 , 1.23000
7.41 , 2.1722607612 , 1.23533
7.45 , 2.2808735370 , 1.24083
7.48 , 2.2808735370 , 1.24617
7.51 , 2.2808735370 , 1.25167
7.54 , 2.2808735370 , 1.25683
7.57 , 2.2808735370 , 1.26233
7.61 , 2.2808735370 , 1.26767
7.64 , 2.3894865512 , 1.27317
7.67 , 2.2808735370 , 1.27833
7.70 , 2.2808735370 , 1.28383
7.74 , 2.2808735370 , 1.28917
7.77 , 2.3894865512 , 1.29467
7.80 , 2.3894865512 , 1.29983
7.83 , 2.3894865512 , 1.30533
7.86 , 2.3894865512 , 1.31067
7.90 , 2.4980993270 , 1.31617
7.93 , 2.3894865512 , 1.32133
7.96 , 2.4980993270 , 1.32683
7.99 , 2.4980993270 , 1.33217
8.03 , 2.4980993270 , 1.33767
8.06 , 2.4980993270 , 1.34283
8.09 , 2.4980993270 , 1.34833
8.12 , 2.4980993270 , 1.35367
8.15 , 2.4980993270 , 1.35917
8.19 , 2.4980993270 , 1.36433
8.22 , 2.6067123413 , 1.36967
8.25 , 2.6067123413 , 1.37517
8.28 , 2.6067123413 , 1.38050
8.31 , 2.7153253555 , 1.38583
8.35 , 2.7153253555 , 1.39117
8.38 , 2.7153253555 , 1.39667
8.41 , 2.8239381790 , 1.40200
8.44 , 2.7153253555 , 1.40733
8.48 , 2.7153253555 , 1.41267
8.51 , 2.8239381790 , 1.41817
8.54 , 2.8239381790 , 1.42350
8.57 , 2.8239381790 , 1.42883
8.60 , 2.7153253555 , 1.43417
8.64 , 2.8239381790 , 1.43967
8.67 , 2.7153253555 , 1.44500
8.70 , 2.8239381790 , 1.45033
8.73 , 2.8239381790 , 1.45567
8.77 , 2.8239381790 , 1.46117
8.80 , 2.8239381790 , 1.46650
8.83 , 2.8239381790 , 1.47200
8.86 , 2.8239381790 , 1.47717
8.90 , 2.8239381790 , 1.48267
8.93 , 2.8239381790 , 1.48800
8.96 , 2.8239381790 , 1.49350
8.99 , 2.9325511932 , 1.49867
9.02 , 2.8239381790 , 1.50417
9.06 , 2.8239381790 , 1.50950
9.09 , 2.9325511932 , 1.51500
9.12 , 2.9325511932 , 1.52017
9.15 , 2.9325511932 , 1.52567
9.19 , 2.9325511932 , 1.53100
9.22 , 2.9325511932 , 1.53650
9.25 , 2.9325511932 , 1.54167
9.28 , 3.0411639213 , 1.54700
9.31 , 3.0411639213 , 1.55250
9.35 , 3.0411639213 , 1.55783
9.38 , 3.0411639213 , 1.56317
9.41 , 3.1497769355 , 1.56850
9.44 , 3.0411639213 , 1.57400
9.48 , 3.1497769355 , 1.57933
9.51 , 3.0411639213 , 1.58467
9.54 , 3.0411639213 , 1.59000
9.57 , 3.1497769355 , 1.59550
9.60 , 3.1497769355 , 1.60083
9.64 , 3.0411639213 , 1.60617
9.67 , 3.0411639213 , 1.61150
9.70 , 3.0411639213 , 1.61700
9.73 , 3.0411639213 , 1.62233
9.77 , 3.1497769355 , 1.62767
9.80 , 3.0411639213 , 1.63300
9.83 , 3.0411639213 , 1.63850
9.86 , 3.1497769355 , 1.64383
9.90 , 3.1497769355 , 1.64917
9.93 , 3.0411639213 , 1.65450
9.96 , 3.1497769355 , 1.66000
9.99 , 3.1497769355 , 1.66533
10.02 , 3.1497769355 , 1.67067
10.06 , 3.0411639213 , 1.67617
10.09 , 3.1497769355 , 1.68183
10.12 , 3.1497769355 , 1.68733
10.16 , 3.1497769355 , 1.69300
10.19 , 3.2583911418 , 1.69833
10.22 , 3.2583911418 , 1.70400
10.26 , 3.2583911418 , 1.70950
10.29 , 3.1497769355 , 1.71517
10.32 , 3.2583911418 , 1.72050
10.36 , 3.2583911418 , 1.72617
10.39 , 3.4756169319 , 1.73167
10.42 , 3.2583911418 , 1.73733
10.46 , 3.2583911418 , 1.74283
10.49 , 3.1497769355 , 1.74833
10.52 , 3.2583911418 , 1.75383
10.56 , 3.3670039176 , 1.75950
10.59 , 3.3670039176 , 1.76500
10.62 , 3.3670039176 , 1.77067
10.66 , 3.3670039176 , 1.77600
10.69 , 3.3670039176 , 1.78167
10.72 , 3.3670039176 , 1.78717
10.76 , 3.4756169319 , 1.79283
10.79 , 3.3670039176 , 1.79817
10.82 , 3.4756169319 , 1.80383
10.86 , 3.3670039176 , 1.80933
10.89 , 3.4756169319 , 1.81500
10.92 , 3.4756169319 , 1.82050
10.96 , 3.4756169319 , 1.82600
10.99 , 3.4756169319 , 1.83150
11.02 , 3.4756169319 , 1.83717
11.06 , 3.4756169319 , 1.84267
11.09 , 3.5842297077 , 1.84817
11.12 , 3.6928427219 , 1.85367
11.16 , 3.4756169319 , 1.85933
11.19 , 3.5842297077 , 1.86483
11.22 , 3.5842297077 , 1.87050
11.26 , 3.5842297077 , 1.87583
11.29 , 3.6928427219 , 1.88150
11.32 , 3.6928427219 , 1.88700
11.36 , 3.6928427219 , 1.89267
11.39 , 3.6928427219 , 1.89800
11.42 , 3.6928427219 , 1.90367
11.46 , 3.6928427219 , 1.90917
11.49 , 3.6928427219 , 1.91483
11.52 , 3.8014554977 , 1.92033
11.56 , 3.6928427219 , 1.92583
11.59 , 3.8014554977 , 1.93133
11.62 , 3.8014554977 , 1.93700
11.65 , 3.8014554977 , 1.94250
11.69 , 3.9100685119 , 1.94800
11.72 , 3.9100685119 , 1.95350
11.76 , 3.8014554977 , 1.95917
11.79 , 3.8014554977 , 1.96467
11.82 , 3.9100685119 , 1.97033
11.85 , 3.9100685119 , 1.97567
11.89 , 3.9100685119 , 1.98133
11.92 , 3.9100685119 , 1.98683
11.96 , 3.9100685119 , 1.99250
11.99 , 3.9100685119 , 1.99783
12.02 , 3.9100685119 , 2.00350
12.05 , 4.0186815261 , 2.00900
12.09 , 4.0186815261 , 2.01467
12.12 , 4.0186815261 , 2.02017
12.15 , 4.0186815261 , 2.02567
12.19 , 4.0186815261 , 2.03117
12.22 , 4.0186815261 , 2.03683
12.25 , 4.0186815261 , 2.04233
12.29 , 4.1272945404 , 2.04800
12.32 , 4.0186815261 , 2.05333
12.35 , 4.1272945404 , 2.05900
12.39 , 4.1272945404 , 2.06450
12.42 , 4.1272945404 , 2.07017
12.45 , 4.2359070777 , 2.07550
12.49 , 4.2359070777 , 2.08117
12.52 , 4.1272945404 , 2.08667
12.55 , 4.2359070777 , 2.09233
12.59 , 4.2359070777 , 2.09783
12.62 , 4.2359070777 , 2.10333
12.65 , 4.2359070777 , 2.10883
12.69 , 4.2359070777 , 2.11450
12.72 , 4.2359070777 , 2.12000
12.75 , 4.2359070777 , 2.12550
12.79 , 4.2359070777 , 2.13100
12.82 , 4.2359070777 , 2.13667
12.85 , 4.2359070777 , 2.14217
12.89 , 4.2359070777 , 2.14783
12.92 , 4.2359070777 , 2.15317
12.95 , 4.3445200920 , 2.15883
12.99 , 4.2359070777 , 2.16433
13.02 , 4.3445200920 , 2.17000
13.05 , 4.3445200920 , 2.17533
13.09 , 4.3445200920 , 2.18100
13.12 , 4.4531331062 , 2.18650
13.15 , 4.4531331062 , 2.19217
13.19 , 4.4531331062 , 2.19767
13.22 , 4.4531331062 , 2.20317
13.25 , 4.4531331062 , 2.20867
13.29 , 4.5617461204 , 2.21433
13.32 , 4.4531331062 , 2.21983
13.35 , 4.4531331062 , 2.22533
13.39 , 4.5617461204 , 2.23083
13.42 , 4.4531331062 , 2.23650
13.45 , 4.5617461204 , 2.24200
13.49 , 4.5617461204 , 2.24767
13.52 , 4.5617461204 , 2.25300
13.55 , 4.5617461204 , 2.25867
13.59 , 4.5617461204 , 2.26417
13.62 , 4.5617461204 , 2.26983
13.65 , 4.6703600883 , 2.27517
13.69 , 4.6703600883 , 2.28083
13.72 , 4.6703600883 , 2.28633
13.75 , 4.8875861167 , 2.29200
13.78 , 4.6703600883 , 2.29750
13.82 , 4.6703600883 , 2.30300
13.85 , 4.6703600883 , 2.30850
13.89 , 4.8875861167 , 2.31417
13.92 , 4.7789731025 , 2.31967
13.95 , 4.7789731025 , 2.32533
13.98 , 4.6703600883 , 2.33067
14.02 , 4.8875861167 , 2.33633
14.05 , 4.7789731025 , 2.34183
14.09 , 4.7789731025 , 2.34750
14.12 , 4.8875861167 , 2.35283
14.15 , 4.8875861167 , 2.35850
14.18 , 4.8875861167 , 2.36400
14.22 , 4.7789731025 , 2.36967
14.25 , 4.9961986541 , 2.37517
14.28 , 4.8875861167 , 2.38067
14.32 , 4.8875861167 , 2.38617
14.35 , 4.9961986541 , 2.39183
14.38 , 4.8875861167 , 2.39733
14.42 , 5.1048116683 , 2.40283
14.45 , 4.9961986541 , 2.40833
14.48 , 4.9961986541 , 2.41400
14.52 , 4.9961986541 , 2.41950
14.55 , 4.9961986541 , 2.42517
14.58 , 5.1048116683 , 2.43050
14.62 , 4.9961986541 , 2.43617
14.65 , 4.9961986541 , 2.44167
14.68 , 5.1048116683 , 2.44733
14.72 , 5.1048116683 , 2.45267
14.75 , 5.2134246826 , 2.45833
14.78 , 5.2134246826 , 2.46383
14.82 , 5.1048116683 , 2.46950
14.85 , 5.1048116683 , 2.47500
14.88 , 5.1048116683 , 2.48050
14.92 , 5.2134246826 , 2.48600
14.95 , 5.1048116683 , 2.49167
14.98 , 5.2134246826 , 2.49717
15.02 , 5.3220376968 , 2.50267
15.05 , 5.2134246826 , 2.50817
15.08 , 5.2134246826 , 2.51383
15.12 , 5.2134246826 , 2.51933
15.15 , 5.2134246826 , 2.52500
15.18 , 5.3220376968 , 2.53033
15.22 , 5.3220376968 , 2.53600
15.25 , 5.3220376968 , 2.54150
15.28 , 5.3220376968 , 2.54717
15.31 , 5.3220376968 , 2.55250
15.35 , 5.4306507110 , 2.55817
15.38 , 5.3220376968 , 2.56367
15.42 , 5.3220376968 , 2.56933
15.45 , 5.3220376968 , 2.57483
15.48 , 5.4306507110 , 2.58033
15.52 , 5.4306507110 , 2.58583
15.55 , 5.4306507110 , 2.59150
15.58 , 5.5392632484 , 2.59700
15.62 , 5.4306507110 , 2.60267
15.65 , 5.5392632484 , 2.60800
15.68 , 5.5392632484 , 2.61367
15.72 , 5.5392632484 , 2.61917
15.75 , 5.5392632484 , 2.62483
15.78 , 5.5392632484 , 2.63017
15.81 , 5.6478762626 , 2.63583
15.85 , 5.6478762626 , 2.64133
15.88 , 5.6478762626 , 2.64700
15.92 , 5.5392632484 , 2.65250
15.95 , 5.6478762626 , 2.65800
15.98 , 5.6478762626 , 2.66350
16.01 , 5.6478762626 , 2.66917
16.05 , 5.7564892768 , 2.67467
16.08 , 5.6478762626 , 2.68017
16.11 , 5.6478762626 , 2.68567
16.15 , 5.8651022911 , 2.69133
16.18 , 5.7564892768 , 2.69683
16.21 , 5.8651022911 , 2.70250
16.25 , 5.7564892768 , 2.70783
16.28 , 5.7564892768 , 2.71350
16.31 , 5.7564892768 , 2.71900
16.35 , 5.8651022911 , 2.72467
16.38 , 5.8651022911 , 2.73000
16.41 , 5.8651022911 , 2.73567
16.45 , 5.8651022911 , 2.74117
16.48 , 5.8651022911 , 2.74683
16.51 , 5.8651022911 , 2.75233
16.55 , 5.8651022911 , 2.75783
16.58 , 5.9737148284 , 2.76333
16.61 , 5.9737148284 , 2.76900
16.65 , 5.9737148284 , 2.77450
16.68 , 5.9737148284 , 2.78000
16.71 , 5.9737148284 , 2.78550
16.75 , 6.0823292732 , 2.79117
16.78 , 6.0823292732 , 2.79667
16.81 , 6.0823292732 , 2.80233
16.85 , 5.9737148284 , 2.80767
16.88 , 6.0823292732 , 2.81333
16.91 , 6.0823292732 , 2.81883
16.95 , 6.0823292732 , 2.82450
16.98 , 6.1909422874 , 2.82983
17.01 , 6.0823292732 , 2.83550
17.05 , 6.0823292732 , 2.84100
17.08 , 6.1909422874 , 2.84667
17.11 , 6.1909422874 , 2.85217
17.15 , 6.1909422874 , 2.85767
17.18 , 6.1909422874 , 2.86317
17.21 , 6.2995548248 , 2.86883
17.25 , 6.1909422874 , 2.87433
17.28 , 6.2995548248 , 2.88000
17.31 , 6.4081678390 , 2.88533
17.35 , 6.2995548248 , 2.89100
17.38 , 6.2995548248 , 2.89650
17.41 , 6.2995548248 , 2.90217
17.44 , 6.2995548248 , 2.90750
17.48 , 6.2995548248 , 2.91317
17.51 , 6.2995548248 , 2.91867
17.55 , 6.4081678390 , 2.92433
17.58 , 6.4081678390 , 2.92983
17.61 , 6.4081678390 , 2.93533
17.64 , 6.4081678390 , 2.94083
17.68 , 6.4081678390 , 2.94650
17.71 , 6.4081678390 , 2.95200
17.75 , 6.4081678390 , 2.95750
17.78 , 6.4081678390 , 2.96300
17.81 , 6.4081678390 , 2.96867
17.84 , 6.4081678390 , 2.97417
17.88 , 6.4081678390 , 2.97983
17.91 , 6.4081678390 , 2.98517
17.94 , 6.5167808532 , 2.99083
17.98 , 6.5167808532 , 2.99633
18.01 , 6.5167808532 , 3.00200
18.04 , 6.5167808532 , 3.00733
18.08 , 6.5167808532 , 3.01300
18.11 , 6.6253938674 , 3.01850
18.14 , 6.6253938674 , 3.02417
18.18 , 6.6253938674 , 3.02967
18.21 , 6.6253938674 , 3.03517
18.24 , 6.7340068817 , 3.04067
18.28 , 6.6253938674 , 3.04633
18.31 , 6.6253938674 , 3.05183
18.34 , 6.7340068817 , 3.05733
18.38 , 6.7340068817 , 3.06283
18.41 , 6.7340068817 , 3.06850
18.44 , 6.6253938674 , 3.07400
18.48 , 6.7340068817 , 3.07967
18.51 , 6.7340068817 , 3.08500
18.54 , 6.8426194190 , 3.09067
18.58 , 6.7340068817 , 3.09617
18.61 , 6.8426194190 , 3.10183
18.64 , 6.8426194190 , 3.10717
18.68 , 6.8426194190 , 3.11283
18.71 , 6.7340068817 , 3.11833
18.74 , 6.9512324333 , 3.12400
18.78 , 6.9512324333 , 3.12950
18.81 , 6.9512324333 , 3.13500
18.84 , 6.9512324333 , 3.14050
18.88 , 6.9512324333 , 3.14617
18.91 , 6.9512324333 , 3.15167
18.94 , 7.0598454475 , 3.15733
18.98 , 6.9512324333 , 3.16267
19.01 , 7.0598454475 , 3.16833
19.04 , 7.0598454475 , 3.17383
19.08 , 7.0598454475 , 3.17950
19.11 , 7.0598454475 , 3.18483
19.14 , 7.1684584617 , 3.19050
19.18 , 7.2770709991 , 3.19600
19.21 , 7.1684584617 , 3.20167
19.24 , 7.1684584617 , 3.20717
19.28 , 7.1684584617 , 3.21267
19.31 , 7.2770709991 , 3.21817
19.34 , 7.2770709991 , 3.22383
19.38 , 7.2770709991 , 3.22933
19.41 , 7.2770709991 , 3.23483
19.44 , 7.2770709991 , 3.24033
19.48 , 7.2770709991 , 3.24600
19.51 , 7.1684584617 , 3.25150
19.54 , 7.2770709991 , 3.25717
19.57 , 7.2770709991 , 3.26250
19.61 , 7.2770709991 , 3.26817
19.64 , 7.2770709991 , 3.27367
19.68 , 7.2770709991 , 3.27933
19.71 , 7.2770709991 , 3.28467
19.74 , 7.2770709991 , 3.29033
19.77 , 7.2770709991 , 3.29583
19.81 , 7.3856854438 , 3.30150
19.84 , 7.4942984580 , 3.30700
19.87 , 7.3856854438 , 3.31250
19.91 , 7.3856854438 , 3.31800
19.94 , 7.3856854438 , 3.32367
19.97 , 7.4942984580 , 3.32917
20.01 , 7.4942984580 , 3.33467
20.04 , 7.4942984580 , 3.34017
20.07 , 7.3856854438 , 3.34583
20.11 , 7.3856854438 , 3.35133
20.14 , 7.3856854438 , 3.35700
20.17 , 7.4942984580 , 3.36233
20.21 , 7.6029109954 , 3.36800
20.24 , 7.4942984580 , 3.37350
20.27 , 7.4942984580 , 3.37917
20.31 , 7.6029109954 , 3.38450
20.34 , 7.6029109954 , 3.39017
20.37 , 7.6029109954 , 3.39567
20.41 , 7.6029109954 , 3.40133
20.44 , 7.6029109954 , 3.40683
20.47 , 7.6029109954 , 3.41233
20.51 , 7.4942984580 , 3.41783
20.54 , 7.6029109954 , 3.42350
20.57 , 7.6029109954 , 3.42900
20.61 , 7.6029109954 , 3.43467
20.64 , 7.7115240097 , 3.44000
20.67 , 7.7115240097 , 3.44567
20.71 , 7.8201370239 , 3.45117
20.74 , 7.6029109954 , 3.45683
20.77 , 7.8201370239 , 3.46217
20.81 , 7.7115240097 , 3.46783
20.84 , 7.8201370239 , 3.47333
20.87 , 7.8201370239 , 3.47900
20.91 , 7.8201370239 , 3.48450
20.94 , 7.8201370239 , 3.49000
20.97 , 7.8201370239 , 3.49550
21.01 , 7.8201370239 , 3.50117
21.04 , 7.9287500381 , 3.50667
21.07 , 7.8201370239 , 3.51217
21.11 , 7.9287500381 , 3.51767
21.14 , 7.9287500381 , 3.52333
21.17 , 7.9287500381 , 3.52883
21.21 , 7.9287500381 , 3.53450
21.24 , 7.9287500381 , 3.53983
21.27 , 8.0373630523 , 3.54550
21.31 , 7.9287500381 , 3.55100
21.34 , 8.0373630523 , 3.55667
21.37 , 8.0373630523 , 3.56200
21.41 , 8.0373630523 , 3.56767
21.44 , 7.9287500381 , 3.57317
21.47 , 8.0373630523 , 3.57883
21.51 , 8.1459760665 , 3.58433
21.54 , 8.1459760665 , 3.58983
21.57 , 8.0373630523 , 3.59533
21.61 , 8.1459760665 , 3.60100
21.64 , 8.1459760665 , 3.60650
21.67 , 8.2545890808 , 3.61200
21.70 , 8.2545890808 , 3.61750
21.74 , 8.2545890808 , 3.62317
21.77 , 8.2545890808 , 3.62867
21.81 , 8.2545890808 , 3.63433
21.84 , 8.2545890808 , 3.63967
21.87 , 8.2545890808 , 3.64533
21.90 , 8.2545890808 , 3.65083
21.94 , 8.2545890808 , 3.65650
21.97 , 8.2545890808 , 3.66183
22.00 , 8.3632011413 , 3.66750
22.04 , 8.2545890808 , 3.67300
22.07 , 8.3632011413 , 3.67867
22.10 , 8.3632011413 , 3.68417
22.14 , 8.3632011413 , 3.68967
22.17 , 8.4718141555 , 3.69517
22.20 , 8.3632011413 , 3.70083
22.24 , 8.4718141555 , 3.70633
22.27 , 8.4718141555 , 3.71200
22.30 , 8.3632011413 , 3.71733
22.34 , 8.3632011413 , 3.72300
22.37 , 8.4718141555 , 3.72850
22.40 , 8.5804271697 , 3.73417
22.44 , 8.4718141555 , 3.73950
22.47 , 8.4718141555 , 3.74517
22.50 , 8.4718141555 , 3.75067
22.54 , 8.4718141555 , 3.75633
22.57 , 8.4718141555 , 3.76183
22.60 , 8.4718141555 , 3.76733
22.64 , 8.5804271697 , 3.77283
22.67 , 8.5804271697 , 3.77850
22.70 , 8.6890401840 , 3.78400
22.74 , 8.5804271697 , 3.78950
22.77 , 8.5804271697 , 3.79500
22.80 , 8.5804271697 , 3.80067
22.84 , 8.5804271697 , 3.80617
22.87 , 8.6890401840 , 3.81183
22.90 , 8.6890401840 , 3.81717
22.94 , 8.6890401840 , 3.82283
22.97 , 8.6890401840 , 3.82833
23.00 , 8.6890401840 , 3.83400
23.04 , 8.6890401840 , 3.83933
23.07 , 8.7976541519 , 3.84500
23.10 , 8.7976541519 , 3.85050
23.14 , 8.6890401840 , 3.85617
23.17 , 8.7976541519 , 3.86167
23.20 , 8.7976541519 , 3.86717
23.24 , 8.7976541519 , 3.87267
23.27 , 8.9062671661 , 3.87833
23.30 , 8.7976541519 , 3.88383
23.34 , 8.7976541519 , 3.88933
23.37 , 8.9062671661 , 3.89483
23.40 , 8.7976541519 , 3.90050
23.44 , 9.0148801803 , 3.90600
23.47 , 9.0148801803 , 3.91167
23.50 , 8.9062671661 , 3.91700
23.54 , 9.0148801803 , 3.92267
23.57 , 9.0148801803 , 3.92817
23.60 , 8.9062671661 , 3.93383
23.63 , 9.0148801803 , 3.93917
23.67 , 9.0148801803 , 3.94483
23.70 , 9.0148801803 , 3.95033
23.74 , 9.0148801803 , 3.95600
23.77 , 9.1234931945 , 3.96150
23.80 , 9.1234931945 , 3.96700
23.83 , 9.1234931945 , 3.97250
23.87 , 9.2321062088 , 3.97817
23.90 , 9.2321062088 , 3.98367
23.94 , 9.1234931945 , 3.98933
23.97 , 9.2321062088 , 3.99467
24.00 , 9.2321062088 , 4.00033
24.03 , 9.2321062088 , 4.00583
24.07 , 9.2321062088 , 4.01150
24.10 , 9.2321062088 , 4.01683
24.13 , 9.3407192230 , 4.02250
24.17 , 9.3407192230 , 4.02800
24.20 , 9.3407192230 , 4.03367
24.23 , 9.3407192230 , 4.03917
24.27 , 9.4493322372 , 4.04467
24.30 , 9.3407192230 , 4.05017
24.33 , 9.4493322372 , 4.05583
24.37 , 9.3407192230 , 4.06133
24.40 , 9.4493322372 , 4.06683
24.43 , 9.4493322372 , 4.07233
24.47 , 9.3407192230 , 4.07800
24.50 , 9.3407192230 , 4.08350
24.53 , 9.4493322372 , 4.08917
24.57 , 9.4493322372 , 4.09450
24.60 , 9.4493322372 , 4.10017
24.63 , 9.4493322372 , 4.10567
24.67 , 9.4493322372 , 4.11133
24.70 , 9.4493322372 , 4.11667
24.73 , 9.5579452514 , 4.12233
24.77 , 9.4493322372 , 4.12783
24.80 , 9.5579452514 , 4.13350
24.83 , 9.5579452514 , 4.13900
24.87 , 9.4493322372 , 4.14450
24.90 , 9.5579452514 , 4.15000
24.93 , 9.4493322372 , 4.15567
24.97 , 9.5579452514 , 4.16117
25.00 , 9.6665573120 , 4.16667
25.03 , 9.4493322372 , 4.17217
25.07 , 9.5579452514 , 4.17783
25.10 , 9.5579452514 , 4.18333
25.13 , 9.6665573120 , 4.18900
25.17 , 9.6665573120 , 4.19433
25.20 , 9.7751703262 , 4.20000
25.23 , 9.5579452514 , 4.20550
25.27 , 9.6665573120 , 4.21117
25.30 , 9.7751703262 , 4.21650
25.33 , 9.6665573120 , 4.22217
25.37 , 9.7751703262 , 4.22767
25.40 , 9.8837833404 , 4.23333
25.43 , 9.8837833404 , 4.23883
25.47 , 9.7751703262 , 4.24433
25.50 , 9.8837833404 , 4.24983
25.53 , 9.8837833404 , 4.25550
25.57 , 9.7751703262 , 4.26100
25.60 , 9.6665573120 , 4.26667
25.63 , 9.9923963546 , 4.27200
25.67 , 9.9923963546 , 4.27767
25.70 , 9.9923963546 , 4.28317
25.73 , 9.8837833404 , 4.28883
25.76 , 9.8837833404 , 4.29417
25.80 , 9.9923963546 , 4.29983
25.83 , 9.9923963546 , 4.30533
25.87 , 10.1010093688 , 4.31100
25.90 , 10.1010093688 , 4.31667
25.93 , 10.1010093688 , 4.32233
25.97 , 10.1010093688 , 4.32800
26.00 , 10.2096233367 , 4.33383
26.04 , 10.1010093688 , 4.33950
26.07 , 10.2096233367 , 4.34533
26.10 , 10.1010093688 , 4.35083
26.14 , 10.2096233367 , 4.35667
26.17 , 10.2096233367 , 4.36233
26.21 , 10.2096233367 , 4.36817
26.24 , 10.2096233367 , 4.37383
26.28 , 10.2096233367 , 4.37950
26.31 , 10.2096233367 , 4.38517
26.35 , 10.3182363510 , 4.39100
26.38 , 10.2096233367 , 4.39667
26.42 , 10.2096233367 , 4.40250
26.45 , 10.3182363510 , 4.40800
26.48 , 10.3182363510 , 4.41383
26.52 , 10.3182363510 , 4.41950
26.55 , 10.2096233367 , 4.42533
26.59 , 10.3182363510 , 4.43100
26.62 , 10.3182363510 , 4.43667
26.65 , 10.3182363510 , 4.44233
26.69 , 10.4268493652 , 4.44817
26.72 , 10.4268493652 , 4.45400
26.76 , 10.4268493652 , 4.45967
26.79 , 10.5354623794 , 4.46533
26.83 , 10.4268493652 , 4.47100
26.86 , 10.4268493652 , 4.47683
26.89 , 10.5354623794 , 4.48250
26.93 , 10.5354623794 , 4.48833
26.96 , 10.5354623794 , 4.49383
27.00 , 10.5354623794 , 4.49967
27.03 , 10.5354623794 , 4.50533
27.07 , 10.5354623794 , 4.51117
27.10 , 10.5354623794 , 4.51683
27.14 , 10.5354623794 , 4.52267
27.17 , 10.5354623794 , 4.52817
27.20 , 10.6440753936 , 4.53400
27.24 , 10.6440753936 , 4.53967
27.27 , 10.5354623794 , 4.54550
27.31 , 10.6440753936 , 4.55117
27.34 , 10.5354623794 , 4.55683
27.37 , 10.7526884078 , 4.56250
27.41 , 10.6440753936 , 4.56833
27.44 , 10.6440753936 , 4.57400
27.48 , 10.7526884078 , 4.57983
27.51 , 10.7526884078 , 4.58533
27.55 , 10.7526884078 , 4.59117
27.58 , 10.6440753936 , 4.59683
27.62 , 10.7526884078 , 4.60267
27.65 , 10.7526884078 , 4.60833
27.68 , 10.8613014221 , 4.61400
27.72 , 10.7526884078 , 4.61967
27.75 , 10.8613014221 , 4.62550
27.79 , 10.8613014221 , 4.63117
27.82 , 10.8613014221 , 4.63700
27.86 , 10.8613014221 , 4.64267
27.89 , 10.8613014221 , 4.64833
27.92 , 10.8613014221 , 4.65417
27.96 , 10.8613014221 , 4.65983
27.99 , 10.9699134826 , 4.66567
28.03 , 10.9699134826 , 4.67117
28.06 , 10.9699134826 , 4.67700
28.10 , 10.9699134826 , 4.68267
28.13 , 10.9699134826 , 4.68850
28.17 , 10.8613014221 , 4.69417
28.20 , 11.0785264968 , 4.69983
28.23 , 11.0785264968 , 4.70550
28.27 , 11.0785264968 , 4.71133
28.30 , 11.0785264968 , 4.71700
28.34 , 11.1871395111 , 4.72283
28.37 , 11.0785264968 , 4.72833
28.40 , 11.0785264968 , 4.73417
28.44 , 11.1871395111 , 4.73983
28.47 , 11.1871395111 , 4.74567
28.51 , 11.1871395111 , 4.75133
28.54 , 11.1871395111 , 4.75700
28.58 , 11.1871395111 , 4.76267
28.61 , 11.2957525253 , 4.76850
28.64 , 11.1871395111 , 4.77417
28.68 , 11.1871395111 , 4.78000
28.71 , 11.2957525253 , 4.78550
28.75 , 11.2957525253 , 4.79133
28.78 , 11.2957525253 , 4.79700
28.82 , 11.2957525253 , 4.80283
28.85 , 11.4043655395 , 4.80850
28.89 , 11.2957525253 , 4.81433
28.92 , 11.4043655395 , 4.82000
28.95 , 11.4043655395 , 4.82567
28.99 , 11.5129785537 , 4.83150
29.02 , 11.4043655395 , 4.83717
29.06 , 11.4043655395 , 4.84300
29.09 , 11.5129785537 , 4.84850
29.13 , 11.5129785537 , 4.85433
29.16 , 11.5129785537 , 4.86000
29.19 , 11.5129785537 , 4.86583
29.23 , 11.5129785537 , 4.87150
29.26 , 11.4043655395 , 4.87717
29.30 , 11.5129785537 , 4.88283
29.33 , 11.5129785537 , 4.88867
29.37 , 11.5129785537 , 4.89433
29.40 , 11.6215915679 , 4.90017
29.43 , 11.6215915679 , 4.90567
29.47 , 11.5129785537 , 4.91150
29.50 , 11.5129785537 , 4.91717
29.54 , 11.6215915679 , 4.92300
29.57 , 11.6215915679 , 4.92867
29.61 , 11.6215915679 , 4.93433
29.64 , 11.6215915679 , 4.94000
29.67 , 11.7302045822 , 4.94583
29.71 , 11.7302045822 , 4.95150
29.74 , 11.7302045822 , 4.95733
29.78 , 11.7302045822 , 4.96283
29.81 , 11.7302045822 , 4.96867
29.85 , 11.7302045822 , 4.97433
29.88 , 11.7302045822 , 4.98017
29.92 , 11.8388175964 , 4.98583
29.95 , 11.8388175964 , 4.99150
29.98 , 11.8388175964 , 4.99717
30.02 , 11.8388175964 , 5.00300
30.05 , 11.8388175964 , 5.00883
30.09 , 11.8388175964 , 5.01450
30.12 , 11.8388175964 , 5.02017
30.15 , 11.8388175964 , 5.02583
30.19 , 11.8388175964 , 5.03167
30.22 , 11.9474296569 , 5.03733
30.26 , 11.9474296569 , 5.04317
30.29 , 11.9474296569 , 5.04867
30.33 , 11.9474296569 , 5.05450
30.36 , 11.9474296569 , 5.06017
30.40 , 11.9474296569 , 5.06600
30.43 , 12.0560426712 , 5.07167
30.46 , 12.0560426712 , 5.07750
30.50 , 12.1646556854 , 5.08300
30.53 , 12.0560426712 , 5.08883
30.57 , 12.1646556854 , 5.09450
30.60 , 12.0560426712 , 5.10033
30.64 , 12.1646556854 , 5.10600
30.67 , 12.1646556854 , 5.11167
30.70 , 12.2732715606 , 5.11733
30.74 , 12.0560426712 , 5.12317
30.77 , 12.1646556854 , 5.12883
30.81 , 12.1646556854 , 5.13467
30.84 , 12.1646556854 , 5.14017
30.88 , 12.2732715606 , 5.14600
30.91 , 12.2732715606 , 5.15167
30.94 , 12.2732715606 , 5.15750
30.98 , 12.2732715606 , 5.16317
31.01 , 12.2732715606 , 5.16883
31.05 , 12.2732715606 , 5.17450
31.08 , 12.3818845748 , 5.18033
31.12 , 12.3818845748 , 5.18617
31.15 , 12.3818845748 , 5.19183
31.18 , 12.3818845748 , 5.19750
31.22 , 12.3818845748 , 5.20317
31.25 , 12.4904975891 , 5.20900
31.29 , 12.3818845748 , 5.21467
31.32 , 12.4904975891 , 5.22050
31.36 , 12.4904975891 , 5.22600
31.39 , 12.5991096496 , 5.23183
31.42 , 12.4904975891 , 5.23750
31.46 , 12.4904975891 , 5.24333
31.49 , 12.5991096496 , 5.24900
31.53 , 12.4904975891 , 5.25467
31.56 , 12.5991096496 , 5.26033
31.60 , 12.5991096496 , 5.26617
31.63 , 12.5991096496 , 5.27183
31.67 , 12.5991096496 , 5.27767
31.70 , 12.5991096496 , 5.28317
31.73 , 12.5991096496 , 5.28900
31.77 , 12.7077226638 , 5.29467
31.80 , 12.7077226638 , 5.30050
31.84 , 12.7077226638 , 5.30617
31.87 , 12.7077226638 , 5.31200
31.90 , 12.7077226638 , 5.31750
31.94 , 12.7077226638 , 5.32333
31.97 , 12.8163356781 , 5.32900
32.01 , 12.7077226638 , 5.33483
32.04 , 12.8163356781 , 5.34050
32.08 , 12.8163356781 , 5.34617
32.11 , 12.7077226638 , 5.35183
32.15 , 12.7077226638 , 5.35767
32.18 , 12.8163356781 , 5.36333
32.22 , 12.8163356781 , 5.36917
32.25 , 12.8163356781 , 5.37483
32.28 , 12.8163356781 , 5.38050
32.32 , 12.8163356781 , 5.38633
32.35 , 12.9249486923 , 5.39200
32.39 , 12.9249486923 , 5.39783
32.42 , 12.9249486923 , 5.40333
32.46 , 12.9249486923 , 5.40917
32.49 , 12.9249486923 , 5.41483
32.52 , 12.9249486923 , 5.42067
32.56 , 12.9249486923 , 5.42633
32.59 , 13.0335617065 , 5.43200
32.63 , 13.0335617065 , 5.43767
32.66 , 13.0335617065 , 5.44350
32.70 , 13.0335617065 , 5.44917
32.73 , 13.1421747207 , 5.45500
32.76 , 13.0335617065 , 5.46050
32.80 , 13.1421747207 , 5.46633
32.83 , 13.1421747207 , 5.47200
32.87 , 13.1421747207 , 5.47783
32.90 , 13.1421747207 , 5.48350
32.94 , 13.1421747207 , 5.48917
32.97 , 13.1421747207 , 5.49483
33.00 , 13.1421747207 , 5.50067
33.04 , 13.2507877349 , 5.50633
33.07 , 13.2507877349 , 5.51217
33.11 , 13.2507877349 , 5.51767
33.14 , 13.2507877349 , 5.52350
33.18 , 13.3594007492 , 5.52917
33.21 , 13.2507877349 , 5.53500
33.24 , 13.2507877349 , 5.54067
33.28 , 13.2507877349 , 5.54633
33.31 , 13.2507877349 , 5.55217
33.35 , 13.3594007492 , 5.55783
33.38 , 13.3594007492 , 5.56367
33.42 , 13.3594007492 , 5.56933
33.45 , 13.3594007492 , 5.57517
33.48 , 13.3594007492 , 5.58067
33.52 , 13.4680137634 , 5.58650
33.55 , 13.4680137634 , 5.59217
33.59 , 13.4680137634 , 5.59800
33.62 , 13.5766258239 , 5.60367
33.66 , 13.4680137634 , 5.60933
33.69 , 13.4680137634 , 5.61500
33.72 , 13.5766258239 , 5.62083
33.76 , 13.5766258239 , 5.62650
33.79 , 13.4680137634 , 5.63233
33.83 , 13.5766258239 , 5.63783
33.86 , 13.5766258239 , 5.64367
33.90 , 13.5766258239 , 5.64933
33.93 , 13.6852388381 , 5.65517
33.97 , 13.5766258239 , 5.66083
34.00 , 13.6852388381 , 5.66650
34.03 , 13.6852388381 , 5.67217
34.07 , 13.6852388381 , 5.67800
34.10 , 13.6852388381 , 5.68367
34.14 , 13.6852388381 , 5.68950
34.17 , 13.6852388381 , 5.69500
34.21 , 13.7938518524 , 5.70083
34.24 , 13.6852388381 , 5.70650
34.27 , 13.6852388381 , 5.71233
34.31 , 13.7938518524 , 5.71800
34.34 , 13.7938518524 , 5.72367
34.38 , 13.7938518524 , 5.72933
34.41 , 13.7938518524 , 5.73517
34.45 , 13.9024648666 , 5.74100
34.48 , 13.7938518524 , 5.74667
34.51 , 13.7938518524 , 5.75233
34.55 , 13.7938518524 , 5.75800
34.58 , 13.9024648666 , 5.76383
34.62 , 13.9024648666 , 5.76950
34.65 , 13.9024648666 , 5.77533
34.69 , 13.9024648666 , 5.78083
34.72 , 14.0110778808 , 5.78667
34.75 , 14.0110778808 , 5.79233
34.79 , 13.9024648666 , 5.79817
34.82 , 14.0110778808 , 5.80383
34.86 , 14.0110778808 , 5.80950
34.89 , 14.0110778808 , 5.81517
34.93 , 14.0110778808 , 5.82100
34.96 , 14.1196908950 , 5.82667
35.00 , 14.0110778808 , 5.83250
35.03 , 14.1196908950 , 5.83800
35.06 , 14.0110778808 , 5.84383
35.10 , 14.1196908950 , 5.84950
35.13 , 14.1196908950 , 5.85533
35.17 , 14.1196908950 , 5.86100
35.20 , 14.1196908950 , 5.86683
35.23 , 14.2283039093 , 5.87233
35.27 , 14.2283039093 , 5.87817
35.30 , 14.2283039093 , 5.88383
35.34 , 14.2283039093 , 5.88967
35.37 , 14.3369169235 , 5.89533
35.41 , 14.3369169235 , 5.90100
35.44 , 14.3369169235 , 5.90667
35.47 , 14.2283039093 , 5.91250
35.51 , 14.3369169235 , 5.91833
35.54 , 14.3369169235 , 5.92400
35.58 , 14.3369169235 , 5.92967
35.61 , 14.4455299377 , 5.93533
35.65 , 14.4455299377 , 5.94117
35.68 , 14.4455299377 , 5.94683
35.72 , 14.4455299377 , 5.95267
35.75 , 14.4455299377 , 5.95817
35.78 , 14.4455299377 , 5.96400
35.82 , 14.4455299377 , 5.96967
35.85 , 14.5541419982 , 5.97550
35.89 , 14.5541419982 , 5.98117
35.92 , 14.5541419982 , 5.98683
35.96 , 14.5541419982 , 5.99250
35.99 , 14.5541419982 , 5.99833
36.02 , 14.6627550125 , 6.00400
36.06 , 14.6627550125 , 6.00983
36.09 , 14.6627550125 , 6.01533
36.13 , 14.5541419982 , 6.02117
36.16 , 14.6627550125 , 6.02683
36.20 , 14.7713680267 , 6.03267
36.23 , 14.6627550125 , 6.03833
36.26 , 14.7713680267 , 6.04400
36.30 , 14.6627550125 , 6.04967
36.33 , 14.6627550125 , 6.05550
36.37 , 14.6627550125 , 6.06117
36.40 , 14.7713680267 , 6.06700
36.44 , 14.7713680267 , 6.07250
36.47 , 14.7713680267 , 6.07833
36.50 , 14.7713680267 , 6.08400
36.54 , 14.7713680267 , 6.08983
36.57 , 14.8799810409 , 6.09550
36.61 , 14.7713680267 , 6.10133
36.64 , 14.8799810409 , 6.10700
36.68 , 14.8799810409 , 6.11267
36.71 , 14.8799810409 , 6.11850
36.75 , 14.8799810409 , 6.12417
36.78 , 14.9885940551 , 6.13000
36.81 , 14.8799810409 , 6.13550
36.85 , 14.9885940551 , 6.14133
36.88 , 14.8799810409 , 6.14700
36.92 , 14.8799810409 , 6.15283
36.95 , 14.9885940551 , 6.15850
36.99 , 14.9885940551 , 6.16417
37.02 , 14.9885940551 , 6.16983
37.05 , 15.0972099304 , 6.17567
37.09 , 15.0972099304 , 6.18133
37.12 , 14.9885940551 , 6.18717
37.16 , 15.0972099304 , 6.19267
37.19 , 15.0972099304 , 6.19850
37.22 , 15.0972099304 , 6.20417
37.26 , 15.0972099304 , 6.21000
37.29 , 15.2058219909 , 6.21567
37.33 , 15.0972099304 , 6.22133
37.36 , 15.0972099304 , 6.22700
37.40 , 15.0972099304 , 6.23283
37.43 , 15.2058219909 , 6.23850
37.47 , 15.3144350051 , 6.24433
37.50 , 15.2058219909 , 6.24983
37.53 , 15.2058219909 , 6.25567
37.57 , 15.2058219909 , 6.26133
37.60 , 15.2058219909 , 6.26717
37.64 , 15.3144350051 , 6.27283
37.67 , 15.3144350051 , 6.27850
37.71 , 15.3144350051 , 6.28433
37.74 , 15.4230480194 , 6.29000
37.78 , 15.4230480194 , 6.29583
37.81 , 15.3144350051 , 6.30150
37.84 , 15.4230480194 , 6.30717
37.88 , 15.4230480194 , 6.31283
37.91 , 15.4230480194 , 6.31867
37.95 , 15.4230480194 , 6.32433
37.98 , 15.4230480194 , 6.33017
38.01 , 15.4230480194 , 6.33567
38.05 , 15.4230480194 , 6.34150
38.08 , 15.5316610336 , 6.34717
38.12 , 15.5316610336 , 6.35300
38.15 , 15.4230480194 , 6.35867
38.19 , 15.5316610336 , 6.36450
38.22 , 15.6402740478 , 6.37000
38.26 , 15.5316610336 , 6.37583
38.29 , 15.6402740478 , 6.38150
38.32 , 15.6402740478 , 6.38733
38.36 , 15.6402740478 , 6.39300
38.39 , 15.6402740478 , 6.39867
38.43 , 15.6402740478 , 6.40433
38.46 , 15.6402740478 , 6.41017
38.50 , 15.7488870620 , 6.41583
38.53 , 15.7488870620 , 6.42167
38.56 , 15.7488870620 , 6.42717
38.60 , 15.7488870620 , 6.43300
38.63 , 15.7488870620 , 6.43867
38.67 , 15.8575000762 , 6.44450
38.70 , 15.8575000762 , 6.45017
38.74 , 15.8575000762 , 6.45583
38.77 , 15.8575000762 , 6.46150
38.80 , 15.8575000762 , 6.46733
38.84 , 15.8575000762 , 6.47317
38.87 , 15.9661130905 , 6.47883
38.91 , 15.8575000762 , 6.48450
38.94 , 15.9661130905 , 6.49017
38.98 , 16.0747261047 , 6.49600
39.01 , 15.8575000762 , 6.50167
39.04 , 15.9661130905 , 6.50750
39.08 , 15.9661130905 , 6.51300
39.11 , 16.0747261047 , 6.51883
39.15 , 15.9661130905 , 6.52450
39.18 , 16.0747261047 , 6.53033
39.22 , 16.0747261047 , 6.53600
39.25 , 16.0747261047 , 6.54167
39.28 , 16.0747261047 , 6.54733
39.32 , 16.0747261047 , 6.55317
39.35 , 16.0747261047 , 6.55883
39.39 , 16.0747261047 , 6.56467
39.42 , 16.1833381652 , 6.57017
39.46 , 16.1833381652 , 6.57600
39.49 , 16.1833381652 , 6.58167
39.53 , 16.1833381652 , 6.58750
39.56 , 16.1833381652 , 6.59317
39.59 , 16.1833381652 , 6.59883
39.63 , 16.1833381652 , 6.60450
39.66 , 16.2919521331 , 6.61033
39.70 , 16.1833381652 , 6.61600
39.73 , 16.4005641937 , 6.62183
39.76 , 16.4005641937 , 6.62733
39.80 , 16.2919521331 , 6.63317
39.83 , 16.2919521331 , 6.63883
39.87 , 16.4005641937 , 6.64467
39.90 , 16.2919521331 , 6.65050
39.94 , 16.4005641937 , 6.65617
39.97 , 16.4005641937 , 6.66183
40.01 , 16.4005641937 , 6.66750
40.04 , 16.4005641937 , 6.67333
40.07 , 16.4005641937 , 6.67900
40.11 , 16.5091781616 , 6.68483
40.14 , 16.5091781616 , 6.69033
40.18 , 16.5091781616 , 6.69617
40.21 , 16.6177902221 , 6.70183
40.25 , 16.5091781616 , 6.70767
40.28 , 16.5091781616 , 6.71333
40.31 , 16.6177902221 , 6.71900
40.35 , 16.7264022827 , 6.72467
40.38 , 16.6177902221 , 6.73050
40.42 , 16.6177902221 , 6.73617
40.45 , 16.6177902221 , 6.74200
40.49 , 16.7264022827 , 6.74750
40.52 , 16.6177902221 , 6.75333
40.55 , 16.7264022827 , 6.75900
40.59 , 16.7264022827 , 6.76483
40.62 , 16.7264022827 , 6.77050
40.66 , 16.7264022827 , 6.77617
40.69 , 16.7264022827 , 6.78183
40.73 , 16.7264022827 , 6.78767
40.76 , 16.8350162506 , 6.79333
40.79 , 16.8350162506 , 6.79917
40.83 , 16.8350162506 , 6.80467
40.86 , 16.8350162506 , 6.81050
40.90 , 16.8350162506 , 6.81617
40.93 , 16.9436283111 , 6.82200
40.97 , 16.8350162506 , 6.82767
41.00 , 16.8350162506 , 6.83333
41.04 , 16.9436283111 , 6.83917
41.07 , 16.9436283111 , 6.84483
41.10 , 16.9436283111 , 6.85067
41.14 , 17.0522422790 , 6.85633
41.17 , 17.0522422790 , 6.86200
41.21 , 16.9436283111 , 6.86767
41.24 , 16.9436283111 , 6.87350
41.28 , 16.9436283111 , 6.87917
41.31 , 17.0522422790 , 6.88500
41.34 , 17.1608543395 , 6.89067
41.38 , 17.0522422790 , 6.89633
41.41 , 17.1608543395 , 6.90200
41.45 , 17.1608543395 , 6.90783
41.48 , 17.0522422790 , 6.91350
41.52 , 17.0522422790 , 6.91933
41.55 , 17.1608543395 , 6.92483
41.58 , 17.1608543395 , 6.93067
41.62 , 17.1608543395 , 6.93633
41.65 , 17.0522422790 , 6.94217
41.69 , 17.1608543395 , 6.94783
41.72 , 17.2694683074 , 6.95350
41.76 , 17.1608543395 , 6.95917
41.79 , 17.1608543395 , 6.96500
41.82 , 17.2694683074 , 6.97067
41.86 , 17.2694683074 , 6.97650
41.89 , 17.3780803680 , 6.98200
41.93 , 17.3780803680 , 6.98783
41.96 , 17.2694683074 , 6.99350
42.00 , 17.3780803680 , 6.99933
42.03 , 17.3780803680 , 7.00500
42.06 , 17.3780803680 , 7.01067
42.10 , 17.3780803680 , 7.01650
42.13 , 17.3780803680 , 7.02217
42.17 , 17.4866943359 , 7.02800
42.20 , 17.3780803680 , 7.03367
42.24 , 17.4866943359 , 7.03933
42.27 , 17.4866943359 , 7.04500
42.31 , 17.4866943359 , 7.05083
42.34 , 17.4866943359 , 7.05650
42.37 , 17.4866943359 , 7.06233
42.41 , 17.4866943359 , 7.06783
42.44 , 17.5953063964 , 7.07367
42.48 , 17.5953063964 , 7.07933
42.51 , 17.5953063964 , 7.08517
42.54 , 17.5953063964 , 7.09083
42.58 , 17.5953063964 , 7.09650
42.61 , 17.7039184570 , 7.10217
42.65 , 17.5953063964 , 7.10800
42.68 , 17.5953063964 , 7.11367
42.72 , 17.5953063964 , 7.11950
42.75 , 17.7039184570 , 7.12500
42.79 , 17.7039184570 , 7.13083
42.82 , 17.7039184570 , 7.13650
42.85 , 17.8125343322 , 7.14233
42.89 , 17.7039184570 , 7.14800
42.92 , 17.8125343322 , 7.15383
42.96 , 17.8125343322 , 7.15933
42.99 , 17.8125343322 , 7.16517
43.03 , 17.8125343322 , 7.17083
43.06 , 17.8125343322 , 7.17667
43.09 , 17.8125343322 , 7.18233
43.13 , 17.9211483001 , 7.18800
43.16 , 17.9211483001 , 7.19367
43.20 , 17.9211483001 , 7.19950
43.23 , 17.9211483001 , 7.20533
43.27 , 17.9211483001 , 7.21100
43.30 , 18.0297603607 , 7.21667
43.33 , 18.0297603607 , 7.22233
43.37 , 17.9211483001 , 7.22817
43.40 , 18.0297603607 , 7.23383
43.44 , 18.1383743286 , 7.23967
43.47 , 18.0297603607 , 7.24517
43.51 , 18.0297603607 , 7.25100
43.54 , 18.0297603607 , 7.25667
43.58 , 18.0297603607 , 7.26250
43.61 , 18.1383743286 , 7.26817
43.64 , 18.1383743286 , 7.27383
43.68 , 18.0297603607 , 7.27950
43.71 , 18.1383743286 , 7.28533
43.75 , 18.1383743286 , 7.29100
43.78 , 18.1383743286 , 7.29683
43.81 , 18.1383743286 , 7.30233
43.85 , 18.1383743286 , 7.30817
43.88 , 18.2469863891 , 7.31383
43.92 , 18.2469863891 , 7.31967
43.95 , 18.2469863891 , 7.32533
43.99 , 18.2469863891 , 7.33100
44.02 , 18.2469863891 , 7.33667
44.06 , 18.2469863891 , 7.34250
44.09 , 18.2469863891 , 7.34817
44.12 , 18.3555984497 , 7.35400
44.16 , 18.3555984497 , 7.35950
44.19 , 18.3555984497 , 7.36533
44.23 , 18.3555984497 , 7.37100
44.26 , 18.3555984497 , 7.37683
44.30 , 18.4642124176 , 7.38267
44.33 , 18.4642124176 , 7.38817
44.36 , 18.3555984497 , 7.39400
44.40 , 18.4642124176 , 7.39967
44.43 , 18.4642124176 , 7.40550
44.47 , 18.4642124176 , 7.41117
44.50 , 18.3555984497 , 7.41700
44.54 , 18.4642124176 , 7.42250
44.57 , 18.5728244781 , 7.42833
44.60 , 18.5728244781 , 7.43400
44.64 , 18.5728244781 , 7.43983
44.67 , 18.5728244781 , 7.44550
44.71 , 18.5728244781 , 7.45117
44.74 , 18.5728244781 , 7.45683
44.78 , 18.6814384460 , 7.46267
44.81 , 18.5728244781 , 7.46833
44.85 , 18.6814384460 , 7.47417
44.88 , 18.5728244781 , 7.47967
44.91 , 18.5728244781 , 7.48550
44.95 , 18.6814384460 , 7.49117
44.98 , 18.5728244781 , 7.49700
45.02 , 18.6814384460 , 7.50267
45.05 , 18.6814384460 , 7.50833
45.08 , 18.6814384460 , 7.51400
45.12 , 18.7900505065 , 7.51983
45.15 , 18.6814384460 , 7.52550
45.19 , 18.6814384460 , 7.53133
45.22 , 18.7900505065 , 7.53683
45.26 , 18.7900505065 , 7.54267
45.29 , 18.7900505065 , 7.54833
45.33 , 18.7900505065 , 7.55417
45.36 , 18.8986644744 , 7.55983
45.39 , 18.7900505065 , 7.56550
45.43 , 18.8986644744 , 7.57133
45.46 , 18.8986644744 , 7.57700
45.50 , 18.8986644744 , 7.58283
45.53 , 18.8986644744 , 7.58850
45.56 , 19.0072765350 , 7.59417
45.60 , 18.8986644744 , 7.59983
45.63 , 19.0072765350 , 7.60567
45.67 , 19.0072765350 , 7.61133
45.70 , 19.0072765350 , 7.61717
45.74 , 19.0072765350 , 7.62267
45.77 , 19.0072765350 , 7.62850
45.81 , 19.1158905029 , 7.63417
45.84 , 19.0072765350 , 7.64000
45.87 , 19.1158905029 , 7.64567
45.91 , 19.1158905029 , 7.65133
45.94 , 19.1158905029 , 7.65700
45.98 , 19.1158905029 , 7.66283
46.01 , 19.2245025634 , 7.66850
46.05 , 19.2245025634 , 7.67433
46.08 , 19.2245025634 , 7.68000
46.11 , 19.2245025634 , 7.68567
46.15 , 19.2245025634 , 7.69133
46.18 , 19.2245025634 , 7.69717
46.22 , 19.2245025634 , 7.70283
46.25 , 19.3331146240 , 7.70867
46.29 , 19.3331146240 , 7.71417
46.32 , 19.2245025634 , 7.72000
46.35 , 19.2245025634 , 7.72567
46.39 , 19.3331146240 , 7.73150
46.42 , 19.2245025634 , 7.73717
46.46 , 19.3331146240 , 7.74283
46.49 , 19.3331146240 , 7.74867
46.53 , 19.3331146240 , 7.75433
46.56 , 19.3331146240 , 7.76017
46.60 , 19.4417285919 , 7.76583
46.63 , 19.3331146240 , 7.77150
46.66 , 19.4417285919 , 7.77717
46.70 , 19.4417285919 , 7.78300
46.73 , 19.5503406524 , 7.78867
46.77 , 19.5503406524 , 7.79450
46.80 , 19.4417285919 , 7.80000
46.84 , 19.5503406524 , 7.80583
46.87 , 19.5503406524 , 7.81150
46.90 , 19.4417285919 , 7.81733
46.94 , 19.5503406524 , 7.82300
46.97 , 19.5503406524 , 7.82867
47.01 , 19.5503406524 , 7.83433
47.04 , 19.6589546203 , 7.84017
47.08 , 19.6589546203 , 7.84583
47.11 , 19.6589546203 , 7.85167
47.14 , 19.6589546203 , 7.85717
47.18 , 19.6589546203 , 7.86300
47.21 , 19.6589546203 , 7.86867
47.25 , 19.6589546203 , 7.87450
47.28 , 19.7675666809 , 7.88017
47.31 , 19.7675666809 , 7.88583
47.35 , 19.7675666809 , 7.89150
47.38 , 19.7675666809 , 7.89733
47.42 , 19.7675666809 , 7.90300
47.45 , 19.8761806488 , 7.90883
47.49 , 19.8761806488 , 7.91433
47.52 , 19.8761806488 , 7.92017
47.56 , 19.8761806488 , 7.92583
47.59 , 19.8761806488 , 7.93167
47.63 , 19.8761806488 , 7.93750
47.66 , 19.9847927093 , 7.94317
47.69 , 19.9847927093 , 7.94883
47.73 , 19.9847927093 , 7.95450
47.76 , 20.0934066772 , 7.96033
47.80 , 20.0934066772 , 7.96600
47.83 , 20.0934066772 , 7.97183
47.86 , 20.0934066772 , 7.97733
47.90 , 19.9847927093 , 7.98317
47.93 , 20.0934066772 , 7.98883
47.97 , 20.0934066772 , 7.99467
48.00 , 20.2020187377 , 8.00033
48.04 , 20.0934066772 , 8.00600
48.07 , 20.0934066772 , 8.01167
48.11 , 20.0934066772 , 8.01750
48.14 , 20.2020187377 , 8.02317
48.17 , 20.2020187377 , 8.02900
48.21 , 20.2020187377 , 8.03450
48.24 , 20.2020187377 , 8.04033
48.28 , 20.2020187377 , 8.04600
48.31 , 20.2020187377 , 8.05183
48.35 , 20.3106307983 , 8.05750
48.38 , 20.3106307983 , 8.06317
48.41 , 20.3106307983 , 8.06883
48.45 , 20.3106307983 , 8.07467
48.48 , 20.3106307983 , 8.08033
48.52 , 20.4192447662 , 8.08617
48.55 , 20.4192447662 , 8.09167
48.59 , 20.3106307983 , 8.09750
48.62 , 20.3106307983 , 8.10317
48.65 , 20.4192447662 , 8.10900
48.69 , 20.3106307983 , 8.11483
48.72 , 20.3106307983 , 8.12033
48.76 , 20.4192447662 , 8.12617
48.79 , 20.5278568267 , 8.13183
48.83 , 20.5278568267 , 8.13767
48.86 , 20.4192447662 , 8.14333
48.89 , 20.5278568267 , 8.14900
48.93 , 20.5278568267 , 8.15467
48.96 , 20.5278568267 , 8.16050
49.00 , 20.6364727020 , 8.16617
49.03 , 20.6364727020 , 8.17200
49.06 , 20.6364727020 , 8.17750
49.10 , 20.6364727020 , 8.18333
49.13 , 20.6364727020 , 8.18900
49.17 , 20.6364727020 , 8.19483
49.20 , 20.6364727020 , 8.20050
49.24 , 20.6364727020 , 8.20633
49.27 , 20.7450866699 , 8.21183
49.31 , 20.6364727020 , 8.21767
49.34 , 20.6364727020 , 8.22333
49.38 , 20.7450866699 , 8.22917
49.41 , 20.7450866699 , 8.23483
49.44 , 20.7450866699 , 8.24050
49.48 , 20.7450866699 , 8.24617
49.51 , 20.7450866699 , 8.25200
49.55 , 20.8536987304 , 8.25767
49.58 , 20.8536987304 , 8.26350
49.61 , 20.9623107910 , 8.26900
49.65 , 20.8536987304 , 8.27483
49.68 , 20.8536987304 , 8.28050
49.72 , 20.9623107910 , 8.28633
49.75 , 20.9623107910 , 8.29200
49.79 , 20.8536987304 , 8.29767
49.82 , 20.9623107910 , 8.30350
49.86 , 20.9623107910 , 8.30917
49.89 , 20.9623107910 , 8.31500
49.92 , 21.0709247589 , 8.32067
49.96 , 20.9623107910 , 8.32633
49.99 , 21.0709247589 , 8.33200
50.03 , 21.0709247589 , 8.33783
50.06 , 21.0709247589 , 8.34350
50.10 , 21.1795368194 , 8.34933
50.13 , 21.1795368194 , 8.35483
50.16 , 21.1795368194 , 8.36067
50.20 , 21.1795368194 , 8.36633
50.23 , 21.1795368194 , 8.37217
50.27 , 21.1795368194 , 8.37783
50.30 , 21.2881507873 , 8.38350
50.34 , 21.1795368194 , 8.38917
50.37 , 21.2881507873 , 8.39500
50.40 , 21.1795368194 , 8.40067
50.44 , 21.2881507873 , 8.40650
50.47 , 21.2881507873 , 8.41200
50.51 , 21.2881507873 , 8.41783
50.54 , 21.2881507873 , 8.42350
50.58 , 21.2881507873 , 8.42933
50.61 , 21.3967628479 , 8.43500
50.64 , 21.3967628479 , 8.44067
50.68 , 21.2881507873 , 8.44633
50.71 , 21.3967628479 , 8.45217
50.75 , 21.5053768157 , 8.45783
50.78 , 21.3967628479 , 8.46367
50.82 , 21.5053768157 , 8.46933
50.85 , 21.3967628479 , 8.47500
50.88 , 21.5053768157 , 8.48083
50.92 , 21.5053768157 , 8.48650
50.95 , 21.5053768157 , 8.49233
50.99 , 21.6139888763 , 8.49800
51.02 , 21.5053768157 , 8.50367
51.06 , 21.6139888763 , 8.50933
51.09 , 21.5053768157 , 8.51517
51.13 , 21.5053768157 , 8.52083
51.16 , 21.6139888763 , 8.52667
51.19 , 21.6139888763 , 8.53217
51.23 , 21.6139888763 , 8.53800
51.26 , 21.6139888763 , 8.54367
51.30 , 21.6139888763 , 8.54950
51.33 , 21.6139888763 , 8.55517
51.37 , 21.7226028442 , 8.56083
51.40 , 21.7226028442 , 8.56650
51.43 , 21.7226028442 , 8.57233
51.47 , 21.6139888763 , 8.57800
51.50 , 21.7226028442 , 8.58383
51.54 , 21.7226028442 , 8.58933
51.57 , 21.7226028442 , 8.59517
51.61 , 21.8312149047 , 8.60083
51.64 , 21.8312149047 , 8.60667
51.67 , 21.7226028442 , 8.61233
51.71 , 21.8312149047 , 8.61800
51.74 , 21.8312149047 , 8.62367
51.78 , 21.8312149047 , 8.62950
51.81 , 21.8312149047 , 8.63517
51.85 , 21.8312149047 , 8.64100
51.88 , 21.8312149047 , 8.64650
51.91 , 21.9398269653 , 8.65233
51.95 , 21.9398269653 , 8.65800
51.98 , 21.9398269653 , 8.66383
52.02 , 21.9398269653 , 8.66967
52.05 , 22.0484409332 , 8.67517
52.09 , 22.0484409332 , 8.68100
52.12 , 21.9398269653 , 8.68667
52.15 , 22.0484409332 , 8.69250
52.19 , 22.0484409332 , 8.69817
52.22 , 22.1570529937 , 8.70400
52.26 , 22.1570529937 , 8.70950
52.29 , 22.2656669616 , 8.71533
52.33 , 22.1570529937 , 8.72100
52.36 , 22.1570529937 , 8.72683
52.40 , 22.1570529937 , 8.73250
52.43 , 22.2656669616 , 8.73817
52.46 , 22.2656669616 , 8.74383
52.50 , 22.2656669616 , 8.74967
52.53 , 22.3742790222 , 8.75533
52.57 , 22.2656669616 , 8.76117
52.60 , 22.2656669616 , 8.76667
52.63 , 22.2656669616 , 8.77250
52.67 , 22.3742790222 , 8.77817
52.70 , 22.3742790222 , 8.78400
52.74 , 22.3742790222 , 8.78967
52.77 , 22.3742790222 , 8.79533
52.81 , 22.4828929901 , 8.80100
52.84 , 22.3742790222 , 8.80683
52.88 , 22.4828929901 , 8.81250
52.91 , 22.4828929901 , 8.81833
52.94 , 22.4828929901 , 8.82383
52.98 , 22.4828929901 , 8.82967
53.01 , 22.4828929901 , 8.83533
53.05 , 22.4828929901 , 8.84117
53.08 , 22.4828929901 , 8.84700
53.12 , 22.4828929901 , 8.85250
53.15 , 22.5915050506 , 8.85833
53.18 , 22.5915050506 , 8.86400
53.22 , 22.5915050506 , 8.86983
53.25 , 22.5915050506 , 8.87550
53.29 , 22.5915050506 , 8.88117
53.32 , 22.7001190185 , 8.88683
53.36 , 22.5915050506 , 8.89267
53.39 , 22.7001190185 , 8.89833
53.43 , 22.5915050506 , 8.90417
53.46 , 22.7001190185 , 8.90967
53.49 , 22.5915050506 , 8.91550
53.53 , 22.8087310791 , 8.92117
53.56 , 22.8087310791 , 8.92700
53.60 , 22.8087310791 , 8.93267
53.63 , 22.7001190185 , 8.93833
53.66 , 22.8087310791 , 8.94400
53.70 , 22.8087310791 , 8.94983
53.73 , 22.8087310791 , 8.95550
53.77 , 22.8087310791 , 8.96133
53.80 , 22.8087310791 , 8.96683
53.84 , 22.8087310791 , 8.97267
53.87 , 22.9173431396 , 8.97833
53.90 , 22.9173431396 , 8.98417
53.94 , 22.9173431396 , 8.98983
53.97 , 22.9173431396 , 8.99567
54.01 , 22.9173431396 , 9.00117
54.04 , 22.9173431396 , 9.00700
54.08 , 22.9173431396 , 9.01267
54.11 , 22.9173431396 , 9.01850
54.15 , 23.0259571075 , 9.02417
54.18 , 22.9173431396 , 9.02983
54.21 , 23.1345691680 , 9.03567
54.25 , 23.0259571075 , 9.04133
54.28 , 23.1345691680 , 9.04717
54.32 , 23.0259571075 , 9.05283
54.35 , 23.0259571075 , 9.05850
54.38 , 23.1345691680 , 9.06417
54.42 , 23.1345691680 , 9.07000
54.45 , 23.1345691680 , 9.07567
54.49 , 23.2431831359 , 9.08150
54.52 , 23.2431831359 , 9.08700
54.56 , 23.2431831359 , 9.09283
54.59 , 23.2431831359 , 9.09850
54.63 , 23.2431831359 , 9.10433
54.66 , 23.2431831359 , 9.11000
54.69 , 23.3517951965 , 9.11567
54.73 , 23.3517951965 , 9.12133
54.76 , 23.3517951965 , 9.12717
54.80 , 23.3517951965 , 9.13283
54.83 , 23.3517951965 , 9.13867
54.87 , 23.3517951965 , 9.14417
54.90 , 23.3517951965 , 9.15000
54.93 , 23.4604110717 , 9.15567
54.97 , 23.4604110717 , 9.16150
55.00 , 23.4604110717 , 9.16717
55.04 , 23.4604110717 , 9.17283
55.07 , 23.5690231323 , 9.17850
55.11 , 23.5690231323 , 9.18433
55.14 , 23.4604110717 , 9.19000
55.18 , 23.5690231323 , 9.19583
55.21 , 23.5690231323 , 9.20133
55.24 , 23.5690231323 , 9.20717
55.28 , 23.5690231323 , 9.21300
55.31 , 23.6776371002 , 9.21867
55.35 , 23.5690231323 , 9.22450
55.38 , 23.5690231323 , 9.23000
55.42 , 23.6776371002 , 9.23583
55.45 , 23.6776371002 , 9.24150
55.48 , 23.6776371002 , 9.24733
55.52 , 23.6776371002 , 9.25300
55.55 , 23.6776371002 , 9.25883
55.59 , 23.6776371002 , 9.26433
55.62 , 23.7862491607 , 9.27017
55.65 , 23.7862491607 , 9.27583
55.69 , 23.7862491607 , 9.28167
55.72 , 23.8948631286 , 9.28733
55.76 , 23.7862491607 , 9.29300
55.79 , 23.7862491607 , 9.29867
55.83 , 23.7862491607 , 9.30450
55.86 , 23.8948631286 , 9.31017
55.90 , 23.8948631286 , 9.31600
55.93 , 23.7862491607 , 9.32150
55.96 , 23.8948631286 , 9.32733
56.00 , 24.0034751892 , 9.33300
56.03 , 24.0034751892 , 9.33883
56.07 , 23.8948631286 , 9.34450
56.10 , 24.0034751892 , 9.35017
56.13 , 24.0034751892 , 9.35583
56.17 , 24.0034751892 , 9.36167
56.20 , 24.0034751892 , 9.36733
56.24 , 24.0034751892 , 9.37317
56.27 , 24.0034751892 , 9.37867
56.31 , 24.0034751892 , 9.38450
56.34 , 24.2207012176 , 9.39017
56.38 , 24.0034751892 , 9.39600
56.41 , 24.0034751892 , 9.40183
56.44 , 24.1120891571 , 9.40733
56.48 , 24.1120891571 , 9.41317
56.51 , 24.1120891571 , 9.41883
56.55 , 24.1120891571 , 9.42467
56.58 , 24.2207012176 , 9.43033
56.62 , 24.1120891571 , 9.43600
56.65 , 24.2207012176 , 9.44167
56.69 , 24.2207012176 , 9.44750
56.72 , 24.2207012176 , 9.45317
56.75 , 24.3293151855 , 9.45900
56.79 , 24.2207012176 , 9.46450
56.82 , 24.2207012176 , 9.47033
56.86 , 24.3293151855 , 9.47600
56.89 , 24.4379272460 , 9.48183
56.93 , 24.3293151855 , 9.48750
56.96 , 24.4379272460 , 9.49333
56.99 , 24.4379272460 , 9.49883
57.03 , 24.4379272460 , 9.50467
57.06 , 24.4379272460 , 9.51033
57.10 , 24.4379272460 , 9.51617
57.13 , 24.4379272460 , 9.52183
57.17 , 24.4379272460 , 9.52750
57.20 , 24.5465393066 , 9.53317
57.23 , 24.5465393066 , 9.53900
57.27 , 24.5465393066 , 9.54467
57.30 , 24.6551532745 , 9.55050
57.34 , 24.5465393066 , 9.55600
57.37 , 24.5465393066 , 9.56183
57.40 , 24.6551532745 , 9.56750
57.44 , 24.6551532745 , 9.57333
57.47 , 24.7637653350 , 9.57917
57.51 , 24.6551532745 , 9.58467
57.54 , 24.6551532745 , 9.59050
57.58 , 24.7637653350 , 9.59617
57.61 , 24.6551532745 , 9.60200
57.65 , 24.7637653350 , 9.60767
57.68 , 24.7637653350 , 9.61333
57.71 , 24.7637653350 , 9.61900
57.75 , 24.7637653350 , 9.62483
57.78 , 24.8723793029 , 9.63050
57.82 , 24.8723793029 , 9.63633
57.85 , 24.7637653350 , 9.64183
57.89 , 24.8723793029 , 9.64767
57.92 , 24.8723793029 , 9.65333
57.96 , 24.8723793029 , 9.65917
57.99 , 24.8723793029 , 9.66483
58.02 , 24.8723793029 , 9.67050
58.06 , 24.9809913635 , 9.67617
58.09 , 24.9809913635 , 9.68200
58.13 , 24.8723793029 , 9.68767
58.16 , 24.9809913635 , 9.69350
58.19 , 25.0896053314 , 9.69900
58.23 , 24.9809913635 , 9.70483
58.26 , 24.9809913635 , 9.71050
58.30 , 25.0896053314 , 9.71633
58.33 , 24.9809913635 , 9.72200
58.37 , 25.0896053314 , 9.72767
58.40 , 25.0896053314 , 9.73333
58.44 , 25.1982173919 , 9.73917
58.47 , 25.0896053314 , 9.74483
58.50 , 25.0896053314 , 9.75067
58.54 , 25.0896053314 , 9.75617
58.57 , 25.1982173919 , 9.76200
58.61 , 25.1982173919 , 9.76783
58.64 , 25.0896053314 , 9.77350
58.68 , 25.1982173919 , 9.77933
58.71 , 25.1982173919 , 9.78500
58.74 , 25.1982173919 , 9.79067
58.78 , 25.3068313598 , 9.79633
58.81 , 25.1982173919 , 9.80217
58.85 , 25.3068313598 , 9.80783
58.88 , 25.1982173919 , 9.81367
58.92 , 25.3068313598 , 9.81917
58.95 , 25.3068313598 , 9.82500
58.98 , 25.3068313598 , 9.83067
59.02 , 25.3068313598 , 9.83650
59.05 , 25.4154434204 , 9.84217
59.09 , 25.3068313598 , 9.84783
59.12 , 25.3068313598 , 9.85350
59.16 , 25.5240554809 , 9.85933
59.19 , 25.4154434204 , 9.86500
59.22 , 25.4154434204 , 9.87083
59.26 , 25.5240554809 , 9.87633
59.29 , 25.4154434204 , 9.88217
59.33 , 25.5240554809 , 9.88783
59.36 , 25.5240554809 , 9.89367
59.40 , 25.5240554809 , 9.89933
59.43 , 25.5240554809 , 9.90500
59.46 , 25.6326694488 , 9.91067
59.50 , 25.6326694488 , 9.91650
59.53 , 25.6326694488 , 9.92217
59.57 , 25.6326694488 , 9.92800
59.60 , 25.6326694488 , 9.93350
59.64 , 25.7412815093 , 9.93933
59.67 , 25.7412815093 , 9.94517
59.71 , 25.7412815093 , 9.95083
59.74 , 25.7412815093 , 9.95667
59.77 , 25.7412815093 , 9.96217
59.81 , 25.7412815093 , 9.96800
59.84 , 25.7412815093 , 9.97367
59.88 , 25.7412815093 , 9.97950
59.91 , 25.8498954772 , 9.98517
59.95 , 25.8498954772 , 9.99083
59.98 , 25.8498954772 , 9.99650
60.01 , 25.8498954772 , 10.00233
60.05 , 25.8498954772 , 10.00817
60.09 , 25.8498954772 , 10.01417
60.12 , 25.9585075378 , 10.02000
60.15 , 25.9585075378 , 10.02583
60.19 , 25.9585075378 , 10.03167
60.23 , 25.9585075378 , 10.03767
60.26 , 25.9585075378 , 10.04350
60.30 , 25.9585075378 , 10.04950
60.33 , 25.9585075378 , 10.05533
60.37 , 26.0671215057 , 10.06117
60.40 , 26.0671215057 , 10.06717
60.44 , 26.0671215057 , 10.07300
60.47 , 26.0671215057 , 10.07900
60.51 , 26.0671215057 , 10.08483
60.54 , 26.0671215057 , 10.09083
60.58 , 26.0671215057 , 10.09650
60.62 , 26.0671215057 , 10.10250
60.65 , 26.2843494415 , 10.10833
60.69 , 26.1757354736 , 10.11433
60.72 , 26.1757354736 , 10.12017
60.76 , 26.2843494415 , 10.12600
60.79 , 26.2843494415 , 10.13183
60.83 , 26.1757354736 , 10.13783
60.86 , 26.2843494415 , 10.14367
60.90 , 26.1757354736 , 10.14967
60.93 , 26.2843494415 , 10.15550
60.97 , 26.2843494415 , 10.16133
61.00 , 26.2843494415 , 10.16733
61.04 , 26.2843494415 , 10.17317
61.08 , 26.3929615020 , 10.17917
61.11 , 26.3929615020 , 10.18500
61.15 , 26.3929615020 , 10.19100
61.18 , 26.3929615020 , 10.19667
61.22 , 26.5015754699 , 10.20267
61.25 , 26.5015754699 , 10.20850
61.29 , 26.5015754699 , 10.21450
61.32 , 26.5015754699 , 10.22033
61.36 , 26.6101875305 , 10.22633
61.39 , 26.5015754699 , 10.23200
61.43 , 26.5015754699 , 10.23800
61.46 , 26.5015754699 , 10.24383
61.50 , 26.6101875305 , 10.24983
61.54 , 26.5015754699 , 10.25583
61.57 , 26.6101875305 , 10.26167
61.61 , 26.7188014984 , 10.26750
61.64 , 26.6101875305 , 10.27333
61.68 , 26.7188014984 , 10.27933
61.71 , 26.6101875305 , 10.28517
61.75 , 26.7188014984 , 10.29117
61.78 , 26.6101875305 , 10.29700
61.82 , 26.7188014984 , 10.30283
61.85 , 26.7188014984 , 10.30867
61.89 , 26.7188014984 , 10.31467
61.92 , 26.7188014984 , 10.32050
61.96 , 26.8274135589 , 10.32650
61.99 , 26.7188014984 , 10.33217
62.03 , 26.8274135589 , 10.33817
62.06 , 26.8274135589 , 10.34400
62.10 , 26.9360275268 , 10.35000
62.14 , 26.9360275268 , 10.35600
62.17 , 26.9360275268 , 10.36183
62.21 , 26.9360275268 , 10.36767
62.24 , 26.8274135589 , 10.37350
62.28 , 26.9360275268 , 10.37950
62.31 , 27.0446395874 , 10.38533
62.35 , 27.0446395874 , 10.39133
62.38 , 26.9360275268 , 10.39717
62.42 , 27.0446395874 , 10.40300
62.45 , 27.1532516479 , 10.40883
62.49 , 27.1532516479 , 10.41483
62.52 , 27.0446395874 , 10.42067
62.56 , 27.1532516479 , 10.42667
62.60 , 27.0446395874 , 10.43250
62.63 , 27.1532516479 , 10.43833
62.67 , 27.1532516479 , 10.44433
62.70 , 27.1532516479 , 10.45017
62.74 , 27.1532516479 , 10.45617
62.77 , 27.1532516479 , 10.46200
62.81 , 27.2618656158 , 10.46800
62.84 , 27.2618656158 , 10.47367
62.88 , 27.2618656158 , 10.47967
62.91 , 27.2618656158 , 10.48550
62.95 , 27.3704776763 , 10.49150
62.98 , 27.3704776763 , 10.49733
63.02 , 27.2618656158 , 10.50333
63.05 , 27.2618656158 , 10.50900
63.09 , 27.3704776763 , 10.51500
63.13 , 27.2618656158 , 10.52083
63.16 , 27.3704776763 , 10.52683
63.20 , 27.3704776763 , 10.53267
63.23 , 27.3704776763 , 10.53867
63.27 , 27.3704776763 , 10.54450
63.30 , 27.3704776763 , 10.55033
63.34 , 27.4790916442 , 10.55633
63.37 , 27.4790916442 , 10.56217
63.41 , 27.4790916442 , 10.56817
63.44 , 27.4790916442 , 10.57383
63.48 , 27.4790916442 , 10.57983
63.51 , 27.5877037048 , 10.58567
63.55 , 27.5877037048 , 10.59167
63.59 , 27.5877037048 , 10.59750
63.62 , 27.5877037048 , 10.60350
63.65 , 27.5877037048 , 10.60917
63.69 , 27.6963176727 , 10.61517
63.73 , 27.5877037048 , 10.62100
63.76 , 27.6963176727 , 10.62700
63.80 , 27.6963176727 , 10.63300
63.83 , 27.6963176727 , 10.63883
63.87 , 27.6963176727 , 10.64467
63.90 , 27.6963176727 , 10.65050
63.94 , 27.6963176727 , 10.65650
63.97 , 27.8049297332 , 10.66233
64.01 , 27.8049297332 , 10.66833
64.04 , 27.8049297332 , 10.67417
64.08 , 27.8049297332 , 10.68000
64.11 , 27.9135437011 , 10.68583
64.15 , 27.8049297332 , 10.69183
64.19 , 27.9135437011 , 10.69767
64.22 , 27.9135437011 , 10.70367
64.26 , 27.9135437011 , 10.70950
64.29 , 27.9135437011 , 10.71533
64.33 , 27.9135437011 , 10.72117
64.36 , 27.9135437011 , 10.72717
64.40 , 27.9135437011 , 10.73317
64.43 , 28.0221557617 , 10.73900
64.47 , 28.0221557617 , 10.74500
64.50 , 28.0221557617 , 10.75067
64.54 , 28.0221557617 , 10.75667
64.57 , 28.0221557617 , 10.76250
64.61 , 28.1307678222 , 10.76850
64.65 , 28.1307678222 , 10.77433
64.68 , 28.1307678222 , 10.78017
64.72 , 28.1307678222 , 10.78600
64.75 , 28.2393817901 , 10.79200
64.79 , 28.1307678222 , 10.79783
64.82 , 28.1307678222 , 10.80383
64.86 , 28.2393817901 , 10.80967
64.89 , 28.2393817901 , 10.81550
64.93 , 28.2393817901 , 10.82150
64.96 , 28.2393817901 , 10.82733
65.00 , 28.3479938507 , 10.83333
65.04 , 28.3479938507 , 10.83917
65.07 , 28.3479938507 , 10.84517
65.11 , 28.3479938507 , 10.85083
65.14 , 28.3479938507 , 10.85683
65.18 , 28.4566078186 , 10.86267
65.21 , 28.3479938507 , 10.86867
65.25 , 28.4566078186 , 10.87450
65.28 , 28.3479938507 , 10.88050
65.32 , 28.4566078186 , 10.88617
65.35 , 28.4566078186 , 10.89217
65.39 , 28.4566078186 , 10.89800
65.42 , 28.5652198791 , 10.90400
65.46 , 28.5652198791 , 10.90983
65.50 , 28.4566078186 , 10.91583
65.53 , 28.4566078186 , 10.92167
65.56 , 28.5652198791 , 10.92750
65.60 , 28.4566078186 , 10.93350
65.64 , 28.5652198791 , 10.93933
65.67 , 28.5652198791 , 10.94533
65.71 , 28.5652198791 , 10.95117
65.74 , 28.5652198791 , 10.95700
65.78 , 28.5652198791 , 10.96283
65.81 , 28.5652198791 , 10.96883
65.85 , 28.6738338470 , 10.97467
65.88 , 28.6738338470 , 10.98067
65.92 , 28.5652198791 , 10.98633
65.95 , 28.6738338470 , 10.99233
65.99 , 28.6738338470 , 10.99817
66.02 , 28.6738338470 , 11.00417
66.06 , 28.7824459075 , 11.01017
66.10 , 28.7824459075 , 11.01600
66.13 , 28.8910598754 , 11.02183
66.17 , 28.9996738433 , 11.02767
66.20 , 28.7824459075 , 11.03367
66.24 , 28.7824459075 , 11.03950
66.27 , 28.8910598754 , 11.04550
66.31 , 28.8910598754 , 11.05133
66.34 , 28.8910598754 , 11.05717
66.38 , 28.8910598754 , 11.06300
66.41 , 28.8910598754 , 11.06900
66.45 , 28.9996738433 , 11.07483
66.48 , 28.8910598754 , 11.08083
66.52 , 28.9996738433 , 11.08667
66.55 , 28.9996738433 , 11.09250
66.59 , 28.9996738433 , 11.09833
66.63 , 28.9996738433 , 11.10433
66.66 , 29.1082878112 , 11.11033
66.70 , 29.1082878112 , 11.11617
66.73 , 29.2168998718 , 11.12217
66.77 , 29.1082878112 , 11.12783
66.80 , 29.2168998718 , 11.13383
66.84 , 29.2168998718 , 11.13967
66.87 , 29.1082878112 , 11.14567
66.91 , 29.2168998718 , 11.15150
66.94 , 29.2168998718 , 11.15750
66.98 , 29.2168998718 , 11.16317
67.01 , 29.3255138397 , 11.16917
67.05 , 29.3255138397 , 11.17500
67.09 , 29.3255138397 , 11.18100
67.12 , 29.3255138397 , 11.18683
67.16 , 29.3255138397 , 11.19267
67.19 , 29.3255138397 , 11.19867
67.23 , 29.3255138397 , 11.20450
67.26 , 29.3255138397 , 11.21050
67.30 , 29.4341259002 , 11.21633
67.33 , 29.4341259002 , 11.22233
67.37 , 29.4341259002 , 11.22800
67.40 , 29.4341259002 , 11.23400
67.44 , 29.4341259002 , 11.23983
67.47 , 29.4341259002 , 11.24583
67.51 , 29.5427398681 , 11.25167
67.55 , 29.4341259002 , 11.25767
67.58 , 29.5427398681 , 11.26333
67.62 , 29.5427398681 , 11.26933
67.65 , 29.5427398681 , 11.27517
67.69 , 29.5427398681 , 11.28117
67.72 , 29.5427398681 , 11.28700
67.76 , 29.5427398681 , 11.29300
67.79 , 29.6513519287 , 11.29883
67.83 , 29.6513519287 , 11.30467
67.86 , 29.5427398681 , 11.31067
67.90 , 29.6513519287 , 11.31650
67.93 , 29.6513519287 , 11.32250
67.97 , 29.6513519287 , 11.32833
68.00 , 29.6513519287 , 11.33417
68.04 , 29.6513519287 , 11.34000
68.08 , 29.7599639892 , 11.34600
68.11 , 29.7599639892 , 11.35183
68.15 , 29.7599639892 , 11.35783
68.18 , 29.7599639892 , 11.36367
68.22 , 29.7599639892 , 11.36950
68.25 , 29.7599639892 , 11.37533
68.29 , 29.7599639892 , 11.38133
68.32 , 29.8685779571 , 11.38733
68.36 , 29.8685779571 , 11.39317
68.39 , 29.8685779571 , 11.39917
68.43 , 29.8685779571 , 11.40483
68.46 , 29.9771900177 , 11.41083
68.50 , 29.8685779571 , 11.41667
68.54 , 29.8685779571 , 11.42267
68.57 , 29.9771900177 , 11.42850
68.61 , 29.9771900177 , 11.43433
68.64 , 30.0858039855 , 11.44017
68.68 , 29.9771900177 , 11.44617
68.71 , 29.9771900177 , 11.45200
68.75 , 30.0858039855 , 11.45800
68.78 , 30.0858039855 , 11.46383
68.82 , 30.0858039855 , 11.46967
68.85 , 30.1944160461 , 11.47550
68.89 , 30.1944160461 , 11.48150
68.93 , 30.1944160461 , 11.48750
68.96 , 30.1944160461 , 11.49333
69.00 , 30.1944160461 , 11.49933
69.03 , 30.1944160461 , 11.50500
69.07 , 30.1944160461 , 11.51100
69.10 , 30.1944160461 , 11.51683
69.14 , 30.3030300140 , 11.52283
69.17 , 30.3030300140 , 11.52867
69.21 , 30.3030300140 , 11.53467
69.24 , 30.4116420745 , 11.54033
69.28 , 30.3030300140 , 11.54633
69.31 , 30.3030300140 , 11.55217
69.35 , 30.4116420745 , 11.55817
69.38 , 30.3030300140 , 11.56400
69.42 , 30.4116420745 , 11.57000
69.45 , 30.4116420745 , 11.57583
69.49 , 30.5202560424 , 11.58167
69.53 , 30.5202560424 , 11.58767
69.56 , 30.5202560424 , 11.59350
69.60 , 30.5202560424 , 11.59950
69.63 , 30.5202560424 , 11.60533
69.67 , 30.5202560424 , 11.61117
69.70 , 30.5202560424 , 11.61700
69.74 , 30.6288681030 , 11.62300
69.77 , 30.5202560424 , 11.62883
69.81 , 30.6288681030 , 11.63483
69.84 , 30.6288681030 , 11.64050
69.88 , 30.6288681030 , 11.64650
69.91 , 30.6288681030 , 11.65233
69.95 , 30.6288681030 , 11.65833
69.98 , 30.6288681030 , 11.66417
70.02 , 30.6288681030 , 11.67017
70.06 , 30.6288681030 , 11.67600
70.09 , 30.7374801635 , 11.68183
70.13 , 30.7374801635 , 11.68783
70.16 , 30.7374801635 , 11.69367
70.20 , 30.7374801635 , 11.69967
70.23 , 30.7374801635 , 11.70550
70.27 , 30.7374801635 , 11.71133
70.30 , 30.8460941314 , 11.71717
70.34 , 30.8460941314 , 11.72317
70.37 , 30.8460941314 , 11.72900
70.41 , 30.8460941314 , 11.73500
70.44 , 30.8460941314 , 11.74083
70.48 , 30.9547061920 , 11.74667
70.51 , 30.8460941314 , 11.75250
70.55 , 30.9547061920 , 11.75850
70.59 , 30.8460941314 , 11.76450
70.62 , 30.9547061920 , 11.77033
70.66 , 30.9547061920 , 11.77633
70.69 , 30.9547061920 , 11.78200
70.73 , 30.9547061920 , 11.78800
70.76 , 30.9547061920 , 11.79383
70.80 , 31.0633201599 , 11.79983
70.83 , 31.0633201599 , 11.80567
70.87 , 31.0633201599 , 11.81167
70.90 , 30.9547061920 , 11.81733
70.94 , 31.1719322204 , 11.82333
70.97 , 31.0633201599 , 11.82917
71.01 , 31.0633201599 , 11.83517
71.05 , 31.1719322204 , 11.84100
71.08 , 31.1719322204 , 11.84683
71.12 , 31.1719322204 , 11.85267
71.15 , 31.1719322204 , 11.85867
71.19 , 31.1719322204 , 11.86467
71.22 , 31.1719322204 , 11.87050
71.26 , 31.2805461883 , 11.87650
71.29 , 31.2805461883 , 11.88217
71.33 , 31.2805461883 , 11.88817
71.36 , 31.2805461883 , 11.89400
71.40 , 31.2805461883 , 11.90000
71.43 , 31.3891582489 , 11.90583
71.47 , 31.3891582489 , 11.91183
71.50 , 31.3891582489 , 11.91750
71.54 , 31.4977722167 , 11.92350
71.58 , 31.3891582489 , 11.92933
71.61 , 31.4977722167 , 11.93533
71.65 , 31.3891582489 , 11.94117
71.68 , 31.4977722167 , 11.94717
71.72 , 31.6063842773 , 11.95300
71.75 , 31.3891582489 , 11.95883
71.79 , 31.6063842773 , 11.96483
71.82 , 31.4977722167 , 11.97067
71.86 , 31.4977722167 , 11.97667
71.89 , 31.6063842773 , 11.98250
71.93 , 31.6063842773 , 11.98833
71.96 , 31.6063842773 , 11.99417
72.00 , 31.6063842773 , 12.00017
72.04 , 31.6063842773 , 12.00600
72.07 , 31.7150001525 , 12.01200
72.11 , 31.7150001525 , 12.01783
72.14 , 31.6063842773 , 12.02367
72.18 , 31.7150001525 , 12.02950
72.21 , 31.7150001525 , 12.03550
72.25 , 31.7150001525 , 12.04133
72.28 , 31.7150001525 , 12.04733
72.32 , 31.8236122131 , 12.05333
72.35 , 31.8236122131 , 12.05900
72.39 , 31.8236122131 , 12.06500
72.43 , 31.9322261810 , 12.07083
72.46 , 31.8236122131 , 12.07683
72.50 , 31.8236122131 , 12.08267
72.53 , 31.9322261810 , 12.08850
72.57 , 31.8236122131 , 12.09433
72.60 , 31.8236122131 , 12.10033
72.64 , 31.9322261810 , 12.10617
72.67 , 31.9322261810 , 12.11217
72.71 , 32.0408401489 , 12.11800
72.74 , 31.9322261810 , 12.12383
72.78 , 32.0408401489 , 12.12967
72.81 , 32.0408401489 , 12.13567
72.85 , 32.0408401489 , 12.14167
72.88 , 32.0408401489 , 12.14750
72.92 , 32.1494522094 , 12.15350
72.95 , 32.1494522094 , 12.15917
72.99 , 32.0408401489 , 12.16517
73.03 , 32.0408401489 , 12.17100
73.06 , 32.0408401489 , 12.17700
73.10 , 32.1494522094 , 12.18283
73.13 , 32.1494522094 , 12.18883
73.17 , 32.1494522094 , 12.19450
73.20 , 32.1494522094 , 12.20050
73.24 , 32.1494522094 , 12.20633
73.27 , 32.2580642700 , 12.21233
73.31 , 32.1494522094 , 12.21817
73.34 , 32.2580642700 , 12.22417
73.38 , 32.1494522094 , 12.22983
73.41 , 32.2580642700 , 12.23583
73.45 , 32.2580642700 , 12.24183
73.49 , 32.2580642700 , 12.24767
73.52 , 32.2580642700 , 12.25367
73.56 , 32.3666763305 , 12.25933
73.59 , 32.3666763305 , 12.26533
73.63 , 32.3666763305 , 12.27117
73.66 , 32.3666763305 , 12.27717
73.70 , 32.4752883911 , 12.28300
73.73 , 32.3666763305 , 12.28900
73.77 , 32.3666763305 , 12.29467
73.80 , 32.4752883911 , 12.30067
73.84 , 32.4752883911 , 12.30650
73.87 , 32.4752883911 , 12.31250
73.91 , 32.4752883911 , 12.31833
73.95 , 32.5839042663 , 12.32433
73.98 , 32.5839042663 , 12.33017
74.02 , 32.5839042663 , 12.33600
74.05 , 32.5839042663 , 12.34200
74.09 , 32.5839042663 , 12.34783
74.12 , 32.5839042663 , 12.35383
74.16 , 32.5839042663 , 12.35967
74.19 , 32.6925163269 , 12.36550
74.23 , 32.6925163269 , 12.37133
74.26 , 32.5839042663 , 12.37733
74.30 , 32.6925163269 , 12.38317
74.33 , 32.6925163269 , 12.38917
74.37 , 32.6925163269 , 12.39500
74.40 , 32.8011283874 , 12.40083
74.44 , 32.6925163269 , 12.40667
74.48 , 32.6925163269 , 12.41267
74.51 , 32.6925163269 , 12.41850
74.55 , 32.8011283874 , 12.42450
74.58 , 32.6925163269 , 12.43050
74.62 , 32.8011283874 , 12.43617
74.65 , 32.8011283874 , 12.44217
74.69 , 32.8011283874 , 12.44800
74.72 , 32.8011283874 , 12.45400
74.76 , 32.8011283874 , 12.45983
74.79 , 32.8011283874 , 12.46583
74.83 , 32.9097404479 , 12.47150
74.86 , 32.9097404479 , 12.47750
74.90 , 32.9097404479 , 12.48333
74.94 , 32.9097404479 , 12.48933
74.97 , 32.9097404479 , 12.49517
75.01 , 32.9097404479 , 12.50100
75.04 , 32.9097404479 , 12.50683
75.08 , 32.9097404479 , 12.51283
75.11 , 32.9097404479 , 12.51883
75.15 , 33.0183563232 , 12.52467
75.18 , 33.0183563232 , 12.53067
75.22 , 33.0183563232 , 12.53633
75.25 , 33.0183563232 , 12.54233
75.29 , 33.0183563232 , 12.54817
75.32 , 33.0183563232 , 12.55417
75.36 , 33.0183563232 , 12.56000
75.40 , 33.1269683837 , 12.56600
75.43 , 33.1269683837 , 12.57167
75.47 , 33.0183563232 , 12.57767
75.50 , 33.1269683837 , 12.58350
75.54 , 33.1269683837 , 12.58950
75.57 , 33.1269683837 , 12.59533
75.61 , 33.2355804443 , 12.60133
75.64 , 33.2355804443 , 12.60700
75.68 , 33.2355804443 , 12.61300
75.71 , 33.2355804443 , 12.61900
75.75 , 33.2355804443 , 12.62483
75.79 , 33.2355804443 , 12.63083
75.82 , 33.2355804443 , 12.63667
75.86 , 33.2355804443 , 12.64250
75.89 , 33.3441925048 , 12.64833
75.93 , 33.3441925048 , 12.65433
75.96 , 33.3441925048 , 12.66017
76.00 , 33.3441925048 , 12.66617
76.03 , 33.3441925048 , 12.67200
76.07 , 33.3441925048 , 12.67783
76.10 , 33.4528045654 , 12.68367
76.14 , 33.3441925048 , 12.68967
76.17 , 33.4528045654 , 12.69550
76.21 , 33.4528045654 , 12.70150
76.24 , 33.4528045654 , 12.70733
76.28 , 33.4528045654 , 12.71317
76.31 , 33.4528045654 , 12.71917
76.35 , 33.4528045654 , 12.72500
76.39 , 33.5614204406 , 12.73100
76.42 , 33.5614204406 , 12.73683
76.46 , 33.6700325012 , 12.74267
76.49 , 33.5614204406 , 12.74850
76.53 , 33.5614204406 , 12.75450
76.56 , 33.5614204406 , 12.76033
76.60 , 33.5614204406 , 12.76633
76.63 , 33.6700325012 , 12.77217
76.67 , 33.6700325012 , 12.77800
76.70 , 33.6700325012 , 12.78383
76.74 , 33.6700325012 , 12.78983
76.77 , 33.6700325012 , 12.79567
76.81 , 33.7786445617 , 12.80167
76.85 , 33.7786445617 , 12.80767
76.88 , 33.8872566223 , 12.81333
76.92 , 33.7786445617 , 12.81933
76.95 , 33.6700325012 , 12.82517
76.99 , 33.7786445617 , 12.83117
77.02 , 33.7786445617 , 12.83700
77.06 , 33.8872566223 , 12.84300
77.09 , 33.8872566223 , 12.84867
77.13 , 33.7786445617 , 12.85467
77.16 , 33.7786445617 , 12.86050
77.20 , 33.8872566223 , 12.86650
77.23 , 33.9958724975 , 12.87233
77.27 , 33.8872566223 , 12.87833
77.30 , 33.8872566223 , 12.88400
77.34 , 33.9958724975 , 12.89000
77.38 , 33.9958724975 , 12.89600
77.41 , 33.9958724975 , 12.90183
77.45 , 33.8872566223 , 12.90783
77.48 , 34.1044845581 , 12.91350
77.52 , 33.9958724975 , 12.91950
77.55 , 33.9958724975 , 12.92533
77.59 , 33.9958724975 , 12.93133
77.62 , 34.1044845581 , 12.93717
77.66 , 34.1044845581 , 12.94317
77.69 , 34.1044845581 , 12.94883
77.73 , 34.1044845581 , 12.95483
77.76 , 34.1044845581 , 12.96067
77.80 , 34.2130966186 , 12.96667
77.83 , 34.1044845581 , 12.97250
77.87 , 34.1044845581 , 12.97850
77.90 , 34.1044845581 , 12.98417
77.94 , 34.2130966186 , 12.99017
77.98 , 34.2130966186 , 12.99617
78.01 , 34.2130966186 , 13.00200
78.05 , 34.3217086791 , 13.00800
78.08 , 34.3217086791 , 13.01383
78.12 , 34.3217086791 , 13.01967
78.15 , 34.3217086791 , 13.02550
78.19 , 34.3217086791 , 13.03150
78.22 , 34.2130966186 , 13.03733
78.26 , 34.3217086791 , 13.04333
78.29 , 34.3217086791 , 13.04917
78.33 , 34.4303207397 , 13.05500
78.36 , 34.4303207397 , 13.06083
78.40 , 34.4303207397 , 13.06683
78.44 , 34.4303207397 , 13.07267
78.47 , 34.4303207397 , 13.07867
78.51 , 34.5389366149 , 13.08467
78.54 , 34.4303207397 , 13.09033
78.58 , 34.4303207397 , 13.09633
78.61 , 34.5389366149 , 13.10217
78.65 , 34.5389366149 , 13.10817
78.68 , 34.5389366149 , 13.11400
78.72 , 34.5389366149 , 13.12000
78.75 , 34.5389366149 , 13.12567
78.79 , 34.5389366149 , 13.13167
78.82 , 34.6475486755 , 13.13750
78.86 , 34.5389366149 , 13.14350
78.90 , 34.6475486755 , 13.14933
78.93 , 34.6475486755 , 13.15517
78.97 , 34.7561607360 , 13.16100
79.00 , 34.7561607360 , 13.16700
79.04 , 34.6475486755 , 13.17283
79.07 , 34.7561607360 , 13.17883
79.11 , 34.7561607360 , 13.18483
79.14 , 34.7561607360 , 13.19050
79.18 , 34.7561607360 , 13.19650
79.21 , 34.8647727966 , 13.20233
79.25 , 34.8647727966 , 13.20833
79.29 , 34.8647727966 , 13.21417
79.32 , 34.8647727966 , 13.22017
79.36 , 34.8647727966 , 13.22583
79.39 , 34.8647727966 , 13.23183
79.43 , 34.8647727966 , 13.23767
79.46 , 34.9733886718 , 13.24367
79.50 , 34.8647727966 , 13.24950
79.53 , 34.9733886718 , 13.25550
79.57 , 34.9733886718 , 13.26117
79.60 , 34.9733886718 , 13.26717
79.64 , 34.9733886718 , 13.27317
79.67 , 34.9733886718 , 13.27900
79.71 , 35.0820007324 , 13.28500
79.75 , 34.9733886718 , 13.29083
79.78 , 34.9733886718 , 13.29667
79.81 , 35.1906127929 , 13.30250
79.85 , 35.0820007324 , 13.30850
79.89 , 35.1906127929 , 13.31433
79.92 , 35.1906127929 , 13.32033
79.96 , 35.0820007324 , 13.32600
79.99 , 35.0820007324 , 13.33200
80.03 , 35.0820007324 , 13.33783
80.06 , 35.1906127929 , 13.34383
80.10 , 35.1906127929 , 13.34967
80.13 , 35.1906127929 , 13.35567
80.17 , 35.1906127929 , 13.36133
80.20 , 35.1906127929 , 13.36733
80.24 , 35.1906127929 , 13.37333
80.27 , 35.1906127929 , 13.37917
80.31 , 35.1906127929 , 13.38517
80.35 , 35.2992248535 , 13.39100
80.38 , 35.2992248535 , 13.39683
80.42 , 35.2992248535 , 13.40267
80.45 , 35.2992248535 , 13.40867
80.49 , 35.4078369140 , 13.41450
80.52 , 35.4078369140 , 13.42050
80.56 , 35.4078369140 , 13.42633
80.59 , 35.4078369140 , 13.43217
80.63 , 35.4078369140 , 13.43800
80.66 , 35.4078369140 , 13.44400
80.70 , 35.4078369140 , 13.44983
80.73 , 35.5164527893 , 13.45583
80.77 , 35.5164527893 , 13.46183
80.80 , 35.5164527893 , 13.46750
80.84 , 35.5164527893 , 13.47350
80.88 , 35.5164527893 , 13.47933
80.91 , 35.5164527893 , 13.48533
80.95 , 35.5164527893 , 13.49117
80.98 , 35.5164527893 , 13.49717
81.02 , 35.6250648498 , 13.50283
81.05 , 35.6250648498 , 13.50883
81.09 , 35.6250648498 , 13.51467
81.12 , 35.7336769104 , 13.52067
81.16 , 35.7336769104 , 13.52650
81.19 , 35.7336769104 , 13.53250
81.23 , 35.6250648498 , 13.53817
81.26 , 35.7336769104 , 13.54417
81.30 , 35.6250648498 , 13.55000
81.34 , 35.7336769104 , 13.55600
81.37 , 35.8422889709 , 13.56200
81.41 , 35.7336769104 , 13.56767
81.44 , 35.8422889709 , 13.57367
81.48 , 35.9509086608 , 13.57950
81.51 , 35.7336769104 , 13.58550
81.55 , 35.8422889709 , 13.59133
81.58 , 35.8422889709 , 13.59733
81.62 , 35.8422889709 , 13.60300
81.65 , 35.8422889709 , 13.60900
81.69 , 35.9509086608 , 13.61483
81.72 , 35.9509086608 , 13.62083
81.76 , 35.9509086608 , 13.62667
81.80 , 35.9509086608 , 13.63267
81.83 , 35.9509086608 , 13.63833
81.87 , 35.9509086608 , 13.64433
81.90 , 36.0595207214 , 13.65033
81.94 , 36.0595207214 , 13.65617
81.97 , 36.0595207214 , 13.66217
82.01 , 35.9509086608 , 13.66800
82.04 , 36.1681327819 , 13.67383
82.08 , 36.0595207214 , 13.67967
82.11 , 36.0595207214 , 13.68567
82.15 , 36.0595207214 , 13.69150
82.18 , 36.1681327819 , 13.69750
82.22 , 36.1681327819 , 13.70333
82.25 , 36.1681327819 , 13.70917
82.29 , 36.1681327819 , 13.71500
82.33 , 36.2767486572 , 13.72100
82.36 , 36.1681327819 , 13.72683
82.40 , 36.2767486572 , 13.73283
82.43 , 36.1681327819 , 13.73867
82.47 , 36.2767486572 , 13.74450
82.50 , 36.2767486572 , 13.75050
82.54 , 36.2767486572 , 13.75633
82.57 , 36.2767486572 , 13.76233
82.61 , 36.3853607177 , 13.76817
82.64 , 36.2767486572 , 13.77400
82.68 , 36.2767486572 , 13.77983
82.71 , 36.3853607177 , 13.78583
82.75 , 36.3853607177 , 13.79167
82.79 , 36.3853607177 , 13.79767
82.82 , 36.3853607177 , 13.80350
82.86 , 36.4939727783 , 13.80933
82.89 , 36.3853607177 , 13.81517
82.93 , 36.4939727783 , 13.82117
82.96 , 36.4939727783 , 13.82700
83.00 , 36.4939727783 , 13.83300
83.03 , 36.4939727783 , 13.83900
83.07 , 36.4939727783 , 13.84467
83.10 , 36.4939727783 , 13.85067
83.14 , 36.6025848388 , 13.85650
83.18 , 36.4939727783 , 13.86250
83.21 , 36.6025848388 , 13.86833
83.25 , 36.6025848388 , 13.87433
83.28 , 36.6025848388 , 13.88000
83.32 , 36.6025848388 , 13.88600
83.35 , 36.6025848388 , 13.89183
83.39 , 36.7111968994 , 13.89783
83.42 , 36.6025848388 , 13.90367
83.46 , 36.7111968994 , 13.90967
83.49 , 36.8198127746 , 13.91533
83.53 , 36.7111968994 , 13.92133
83.56 , 36.8198127746 , 13.92717
83.60 , 36.8198127746 , 13.93317
83.63 , 36.8198127746 , 13.93917
83.67 , 36.8198127746 , 13.94500
83.70 , 36.8198127746 , 13.95083
83.74 , 36.8198127746 , 13.95667
83.78 , 36.9284248352 , 13.96267
83.81 , 36.9284248352 , 13.96850
83.85 , 36.9284248352 , 13.97450
83.88 , 36.9284248352 , 13.98017
83.92 , 37.0370368957 , 13.98617
83.95 , 36.9284248352 , 13.99200
83.99 , 36.9284248352 , 13.99800
84.02 , 37.0370368957 , 14.00383
84.06 , 36.9284248352 , 14.00983
84.09 , 37.0370368957 , 14.01550
84.13 , 37.0370368957 , 14.02150
84.16 , 37.0370368957 , 14.02750
84.20 , 37.0370368957 , 14.03333
84.24 , 37.0370368957 , 14.03933
84.27 , 37.1456489562 , 14.04517
84.31 , 37.0370368957 , 14.05100
84.34 , 37.1456489562 , 14.05683
84.38 , 37.0370368957 , 14.06283
84.41 , 37.1456489562 , 14.06867
84.45 , 37.1456489562 , 14.07467
84.48 , 37.1456489562 , 14.08050
84.52 , 37.2542648315 , 14.08633
84.55 , 37.2542648315 , 14.09217
84.59 , 37.2542648315 , 14.09817
84.62 , 37.2542648315 , 14.10400
84.66 , 37.2542648315 , 14.11000
84.69 , 37.2542648315 , 14.11583
84.73 , 37.2542648315 , 14.12167
84.77 , 37.2542648315 , 14.12767
84.80 , 37.2542648315 , 14.13350
84.84 , 37.2542648315 , 14.13950
84.87 , 37.3628768920 , 14.14533
84.91 , 37.3628768920 , 14.15133
84.94 , 37.3628768920 , 14.15700
84.98 , 37.3628768920 , 14.16300
85.01 , 37.4714889526 , 14.16883
85.05 , 37.3628768920 , 14.17483
85.08 , 37.3628768920 , 14.18067
85.12 , 37.4714889526 , 14.18667
85.15 , 37.4714889526 , 14.19233
85.19 , 37.4714889526 , 14.19833
85.22 , 37.4714889526 , 14.20417
85.26 , 37.4714889526 , 14.21017
85.30 , 37.4714889526 , 14.21617
85.33 , 37.5801010131 , 14.22183
85.37 , 37.5801010131 , 14.22783
85.40 , 37.5801010131 , 14.23367
85.44 , 37.5801010131 , 14.23967
85.47 , 37.5801010131 , 14.24550
85.51 , 37.5801010131 , 14.25150
85.54 , 37.6887130737 , 14.25717
85.58 , 37.6887130737 , 14.26317
85.61 , 37.6887130737 , 14.26900
85.65 , 37.6887130737 , 14.27500
85.68 , 37.6887130737 , 14.28083
85.72 , 37.6887130737 , 14.28683
85.75 , 37.7973289489 , 14.29250
85.79 , 37.6887130737 , 14.29850
85.83 , 37.7973289489 , 14.30433
85.86 , 37.7973289489 , 14.31033
85.90 , 37.9059410095 , 14.31633
85.93 , 37.7973289489 , 14.32217
85.97 , 37.9059410095 , 14.32800
86.00 , 37.9059410095 , 14.33383
86.04 , 37.9059410095 , 14.33983
86.07 , 37.9059410095 , 14.34567
86.11 , 37.9059410095 , 14.35167
86.14 , 38.0145530700 , 14.35750
86.18 , 38.0145530700 , 14.36333
86.21 , 38.0145530700 , 14.36917
86.25 , 38.0145530700 , 14.37517
86.29 , 38.0145530700 , 14.38100
86.32 , 38.0145530700 , 14.38700
86.36 , 38.1231651306 , 14.39267
86.39 , 38.0145530700 , 14.39867
86.43 , 38.1231651306 , 14.40467
86.46 , 38.1231651306 , 14.41050
86.50 , 38.1231651306 , 14.41650
86.53 , 38.1231651306 , 14.42233
86.57 , 38.2317810058 , 14.42817
86.60 , 38.1231651306 , 14.43400
86.64 , 38.1231651306 , 14.44000
86.68 , 38.2317810058 , 14.44583
86.71 , 38.2317810058 , 14.45183
86.75 , 38.2317810058 , 14.45767
86.78 , 38.2317810058 , 14.46350
86.82 , 38.2317810058 , 14.46933
86.85 , 38.2317810058 , 14.47533
86.89 , 38.3403930664 , 14.48117
86.92 , 38.2317810058 , 14.48717
86.96 , 38.3403930664 , 14.49300
86.99 , 38.3403930664 , 14.49883
87.03 , 38.3403930664 , 14.50483
87.06 , 38.2317810058 , 14.51067
87.10 , 38.3403930664 , 14.51667
87.13 , 38.4490051269 , 14.52250
87.17 , 38.3403930664 , 14.52850
87.20 , 38.3403930664 , 14.53417
87.24 , 38.4490051269 , 14.54017
87.28 , 38.4490051269 , 14.54600
87.31 , 38.4490051269 , 14.55200
87.35 , 38.4490051269 , 14.55783
87.38 , 38.4490051269 , 14.56383
87.42 , 38.4490051269 , 14.56950
87.45 , 38.5576171875 , 14.57550
87.49 , 38.4490051269 , 14.58133
87.52 , 38.5576171875 , 14.58733
87.56 , 38.5576171875 , 14.59333
87.59 , 38.5576171875 , 14.59917
87.63 , 38.5576171875 , 14.60500
87.66 , 38.5576171875 , 14.61083
87.70 , 38.6662292480 , 14.61683
87.74 , 38.6662292480 , 14.62267
87.77 , 38.6662292480 , 14.62867
87.81 , 38.6662292480 , 14.63433
87.84 , 38.6662292480 , 14.64033
87.88 , 38.6662292480 , 14.64617
87.91 , 38.7748451232 , 14.65217
87.95 , 38.7748451232 , 14.65800
87.98 , 38.7748451232 , 14.66400
88.02 , 38.7748451232 , 14.66967
88.05 , 38.8834571838 , 14.67567
88.09 , 38.7748451232 , 14.68150
88.12 , 38.7748451232 , 14.68750
88.16 , 38.8834571838 , 14.69350
88.20 , 38.8834571838 , 14.69933
88.23 , 38.8834571838 , 14.70517
88.27 , 38.8834571838 , 14.71100
88.30 , 38.9920692443 , 14.71700
88.34 , 38.8834571838 , 14.72283
88.37 , 38.8834571838 , 14.72883
88.41 , 38.9920692443 , 14.73467
88.44 , 38.9920692443 , 14.74050
88.48 , 39.1006813049 , 14.74633
88.51 , 38.9920692443 , 14.75233
88.55 , 38.9920692443 , 14.75817
88.58 , 39.1006813049 , 14.76417
88.62 , 38.9920692443 , 14.77000
88.65 , 39.1006813049 , 14.77583
88.69 , 39.1006813049 , 14.78183
88.73 , 39.1006813049 , 14.78767
88.76 , 39.1006813049 , 14.79367
88.80 , 39.1006813049 , 14.79950
88.83 , 39.1006813049 , 14.80550
88.87 , 39.2092971801 , 14.81117
88.90 , 39.2092971801 , 14.81717
88.94 , 39.2092971801 , 14.82300
88.97 , 39.3179092407 , 14.82900
89.01 , 39.2092971801 , 14.83483
89.04 , 39.3179092407 , 14.84067
89.08 , 39.2092971801 , 14.84650
89.11 , 39.3179092407 , 14.85250
89.15 , 39.3179092407 , 14.85833
89.19 , 39.3179092407 , 14.86433
89.22 , 39.3179092407 , 14.87017
89.26 , 39.3179092407 , 14.87600
89.29 , 39.3179092407 , 14.88200
89.33 , 39.3179092407 , 14.88783
89.36 , 39.3179092407 , 14.89383
89.40 , 39.4265213012 , 14.89967
89.43 , 39.4265213012 , 14.90567
89.47 , 39.3179092407 , 14.91133
89.50 , 39.4265213012 , 14.91733
89.54 , 39.4265213012 , 14.92317
89.57 , 39.4265213012 , 14.92917
89.61 , 39.4265213012 , 14.93500
89.65 , 39.4265213012 , 14.94100
89.68 , 39.4265213012 , 14.94667
89.72 , 39.4265213012 , 14.95267
89.75 , 39.5351333618 , 14.95850
89.79 , 39.5351333618 , 14.96450
89.82 , 39.6437454223 , 14.97050
89.86 , 39.5351333618 , 14.97633
89.89 , 39.5351333618 , 14.98217
89.93 , 39.6437454223 , 14.98800
89.96 , 39.6437454223 , 14.99400
90.00 , 39.6437454223 , 14.99983
90.04 , 39.6437454223 , 15.00583
90.07 , 39.6437454223 , 15.01167
90.11 , 39.6437454223 , 15.01750
90.14 , 39.6437454223 , 15.02333
90.18 , 39.7523612976 , 15.02933
90.21 , 39.7523612976 , 15.03517
90.25 , 39.7523612976 , 15.04117
90.28 , 39.7523612976 , 15.04683
90.32 , 39.7523612976 , 15.05283
90.35 , 39.7523612976 , 15.05867
90.39 , 39.8609733581 , 15.06467
90.42 , 39.8609733581 , 15.07067
90.46 , 39.8609733581 , 15.07650
90.49 , 39.8609733581 , 15.08233
90.53 , 39.8609733581 , 15.08817
90.56 , 39.8609733581 , 15.09417
90.60 , 39.8609733581 , 15.10000
90.64 , 39.9695854187 , 15.10600
90.67 , 39.9695854187 , 15.11183
90.71 , 39.9695854187 , 15.11767
90.74 , 39.9695854187 , 15.12350
90.78 , 39.9695854187 , 15.12950
90.81 , 39.9695854187 , 15.13533
90.85 , 40.0781974792 , 15.14133
90.88 , 40.0781974792 , 15.14717
90.92 , 40.0781974792 , 15.15300
90.95 , 40.0781974792 , 15.15900
90.99 , 40.0781974792 , 15.16483
91.02 , 40.0781974792 , 15.17083
91.06 , 40.1868133544 , 15.17667
91.10 , 40.1868133544 , 15.18267
91.13 , 40.1868133544 , 15.18833
91.17 , 40.1868133544 , 15.19433
91.20 , 40.1868133544 , 15.20017
91.24 , 40.1868133544 , 15.20617
91.27 , 40.2954254150 , 15.21200
91.31 , 40.2954254150 , 15.21800
91.34 , 40.1868133544 , 15.22367
91.38 , 40.2954254150 , 15.22967
91.41 , 40.2954254150 , 15.23550
91.45 , 40.2954254150 , 15.24150
91.48 , 40.2954254150 , 15.24733
91.52 , 40.4040374755 , 15.25333
91.55 , 40.4040374755 , 15.25917
91.59 , 40.4040374755 , 15.26500
91.63 , 40.2954254150 , 15.27100
91.66 , 40.2954254150 , 15.27683
91.70 , 40.4040374755 , 15.28283
91.73 , 40.4040374755 , 15.28850
91.77 , 40.4040374755 , 15.29450
91.80 , 40.4040374755 , 15.30033
91.84 , 40.4040374755 , 15.30633
91.87 , 40.5126495361 , 15.31217
91.91 , 40.5126495361 , 15.31817
91.94 , 40.4040374755 , 15.32383
91.98 , 40.5126495361 , 15.32983
92.01 , 40.5126495361 , 15.33567
92.05 , 40.5126495361 , 15.34167
92.09 , 40.5126495361 , 15.34767
92.12 , 40.5126495361 , 15.35350
92.16 , 40.6212615966 , 15.35933
92.19 , 40.6212615966 , 15.36517
92.23 , 40.5126495361 , 15.37117
92.26 , 40.7298774719 , 15.37700
92.30 , 40.6212615966 , 15.38300
92.33 , 40.6212615966 , 15.38883
92.37 , 40.7298774719 , 15.39467
92.40 , 40.7298774719 , 15.40050
92.44 , 40.7298774719 , 15.40650
92.47 , 40.7298774719 , 15.41233
92.51 , 40.7298774719 , 15.41833
92.54 , 40.7298774719 , 15.42417
92.58 , 40.7298774719 , 15.43000
92.61 , 40.7298774719 , 15.43583
92.65 , 40.8384895324 , 15.44183
92.69 , 40.8384895324 , 15.44783
92.72 , 40.8384895324 , 15.45367
92.76 , 40.8384895324 , 15.45967
92.79 , 40.8384895324 , 15.46533
92.83 , 40.9471015930 , 15.47133
92.86 , 40.9471015930 , 15.47717
92.90 , 40.9471015930 , 15.48317
92.93 , 40.9471015930 , 15.48900
92.97 , 40.9471015930 , 15.49483
93.00 , 41.0557136535 , 15.50067
93.04 , 40.9471015930 , 15.50667
93.07 , 41.0557136535 , 15.51250
93.11 , 41.0557136535 , 15.51850
93.15 , 41.0557136535 , 15.52433
93.18 , 41.0557136535 , 15.53017
93.22 , 41.0557136535 , 15.53617
93.25 , 41.0557136535 , 15.54200
93.29 , 41.0557136535 , 15.54800
93.32 , 41.0557136535 , 15.55383
93.36 , 41.1643295288 , 15.55983
93.39 , 41.1643295288 , 15.56550
93.43 , 41.1643295288 , 15.57150
93.46 , 41.1643295288 , 15.57733
93.50 , 41.2729415893 , 15.58333
93.54 , 41.1643295288 , 15.58917
93.57 , 41.1643295288 , 15.59517
93.61 , 41.2729415893 , 15.60083
93.64 , 41.2729415893 , 15.60683
93.68 , 41.2729415893 , 15.61267
93.71 , 41.2729415893 , 15.61867
93.75 , 41.3815536499 , 15.62450
93.78 , 41.2729415893 , 15.63050
93.82 , 41.2729415893 , 15.63633
93.85 , 41.3815536499 , 15.64217
93.89 , 41.3815536499 , 15.64817
93.92 , 41.3815536499 , 15.65400
93.96 , 41.3815536499 , 15.66000
94.00 , 41.3815536499 , 15.66583
94.03 , 41.3815536499 , 15.67167
94.06 , 41.3815536499 , 15.67750
94.10 , 41.3815536499 , 15.68350
94.14 , 41.3815536499 , 15.68933
94.17 , 41.3815536499 , 15.69533
94.21 , 41.4901733398 , 15.70100
94.24 , 41.4901733398 , 15.70700
94.28 , 41.4901733398 , 15.71283
94.31 , 41.4901733398 , 15.71883
94.35 , 41.4901733398 , 15.72483
94.38 , 41.4901733398 , 15.73067
94.42 , 41.5987854003 , 15.73650
94.45 , 41.5987854003 , 15.74233
94.49 , 41.5987854003 , 15.74833
94.52 , 41.5987854003 , 15.75417
94.56 , 41.5987854003 , 15.76017
94.60 , 41.5987854003 , 15.76600
94.63 , 41.5987854003 , 15.77183
94.67 , 41.5987854003 , 15.77767
94.70 , 41.7073974609 , 15.78367
94.74 , 41.7073974609 , 15.78950
94.77 , 41.7073974609 , 15.79550
94.81 , 41.7073974609 , 15.80133
94.84 , 41.7073974609 , 15.80717
94.88 , 41.7073974609 , 15.81300
94.91 , 41.7073974609 , 15.81900
94.95 , 41.7073974609 , 15.82500
94.98 , 41.8160095214 , 15.83083
95.02 , 41.8160095214 , 15.83683
95.05 , 41.8160095214 , 15.84250
95.09 , 41.8160095214 , 15.84850
95.13 , 41.9246215820 , 15.85433
95.16 , 41.9246215820 , 15.86033
95.20 , 41.9246215820 , 15.86617
95.23 , 41.9246215820 , 15.87217
95.27 , 41.9246215820 , 15.87783
95.30 , 41.9246215820 , 15.88383
95.34 , 41.9246215820 , 15.88967
95.37 , 41.9246215820 , 15.89567
95.41 , 41.9246215820 , 15.90150
95.44 , 42.0332374572 , 15.90733
95.48 , 42.0332374572 , 15.91333
95.51 , 42.1418495178 , 15.91917
95.55 , 42.0332374572 , 15.92517
95.59 , 42.1418495178 , 15.93100
95.62 , 42.1418495178 , 15.93700
95.66 , 42.0332374572 , 15.94267
95.69 , 42.0332374572 , 15.94867
95.73 , 42.1418495178 , 15.95450
95.76 , 42.1418495178 , 15.96050
95.80 , 42.2504615783 , 15.96633
95.83 , 42.1418495178 , 15.97233
95.87 , 42.1418495178 , 15.97800
95.90 , 42.1418495178 , 15.98400
95.94 , 42.2504615783 , 15.98983
95.97 , 42.2504615783 , 15.99583
96.01 , 42.2504615783 , 16.00167
96.05 , 42.2504615783 , 16.00767
96.08 , 42.3590736389 , 16.01350
96.12 , 42.3590736389 , 16.01933
96.15 , 42.2504615783 , 16.02533
96.19 , 42.2504615783 , 16.03117
96.22 , 42.4676895141 , 16.03717
96.26 , 42.3590736389 , 16.04300
96.29 , 42.3590736389 , 16.04883
96.33 , 42.3590736389 , 16.05467
96.36 , 42.3590736389 , 16.06067
96.40 , 42.3590736389 , 16.06650
96.43 , 42.3590736389 , 16.07250
96.47 , 42.4676895141 , 16.07834
96.50 , 42.4676895141 , 16.08417
96.54 , 42.4676895141 , 16.09000
96.58 , 42.4676895141 , 16.09600
96.61 , 42.4676895141 , 16.10200
96.65 , 42.4676895141 , 16.10783
96.68 , 42.4676895141 , 16.11384
96.72 , 42.4676895141 , 16.11950
96.75 , 42.5763015747 , 16.12550
96.79 , 42.5763015747 , 16.13134
96.82 , 42.5763015747 , 16.13733
96.86 , 42.5763015747 , 16.14317
96.89 , 42.5763015747 , 16.14900
96.93 , 42.5763015747 , 16.15484
96.96 , 42.6849136352 , 16.16083
97.00 , 42.5763015747 , 16.16667
97.04 , 42.6849136352 , 16.17267
97.07 , 42.6849136352 , 16.17850
97.11 , 42.7935256958 , 16.18433
97.14 , 42.6849136352 , 16.19017
97.18 , 42.6849136352 , 16.19617
97.21 , 42.6849136352 , 16.20217
97.25 , 42.6849136352 , 16.20800
97.28 , 42.6849136352 , 16.21400
97.32 , 42.7935256958 , 16.21967
97.35 , 42.6849136352 , 16.22567
97.39 , 42.7935256958 , 16.23150
97.43 , 42.7935256958 , 16.23750
97.46 , 42.7935256958 , 16.24333
97.50 , 42.9021377563 , 16.24934
97.53 , 42.9021377563 , 16.25500
97.57 , 42.7935256958 , 16.26100
97.60 , 42.9021377563 , 16.26683
97.64 , 42.9021377563 , 16.27284
97.67 , 42.9021377563 , 16.27867
97.71 , 43.0107536315 , 16.28467
97.74 , 42.9021377563 , 16.29050
97.78 , 43.0107536315 , 16.29633
97.81 , 43.0107536315 , 16.30233
97.85 , 43.1193656921 , 16.30817
97.88 , 43.0107536315 , 16.31417
97.92 , 43.0107536315 , 16.32000
97.95 , 43.0107536315 , 16.32583
97.99 , 43.0107536315 , 16.33167
98.03 , 43.1193656921 , 16.33767
98.06 , 43.0107536315 , 16.34350
98.10 , 43.1193656921 , 16.34950
98.13 , 43.1193656921 , 16.35517
98.17 , 43.2279777526 , 16.36117
98.20 , 43.1193656921 , 16.36700
98.24 , 43.1193656921 , 16.37300
98.27 , 43.2279777526 , 16.37883
98.31 , 43.2279777526 , 16.38484
98.34 , 43.2279777526 , 16.39067
98.38 , 43.1193656921 , 16.39650
98.41 , 43.2279777526 , 16.40250
98.45 , 43.2279777526 , 16.40833
98.49 , 43.2279777526 , 16.41433
98.52 , 43.2279777526 , 16.42017
98.56 , 43.3365898132 , 16.42600
98.59 , 43.2279777526 , 16.43184
98.63 , 43.3365898132 , 16.43783
98.66 , 43.3365898132 , 16.44367
98.70 , 43.3365898132 , 16.44967
98.73 , 43.3365898132 , 16.45550
98.77 , 43.4452056884 , 16.46133
98.80 , 43.4452056884 , 16.46717
98.84 , 43.4452056884 , 16.47317
98.87 , 43.4452056884 , 16.47917
98.91 , 43.4452056884 , 16.48500
98.95 , 43.5538177490 , 16.49100
98.98 , 43.4452056884 , 16.49667
99.02 , 43.5538177490 , 16.50267
99.05 , 43.4452056884 , 16.50850
99.09 , 43.4452056884 , 16.51450
99.12 , 43.5538177490 , 16.52033
99.16 , 43.5538177490 , 16.52633
99.19 , 43.4452056884 , 16.53200
99.23 , 43.5538177490 , 16.53800
99.26 , 43.5538177490 , 16.54384
99.30 , 43.6624298095 , 16.54984
99.33 , 43.5538177490 , 16.55567
99.37 , 43.6624298095 , 16.56150
99.40 , 43.6624298095 , 16.56733
99.44 , 43.5538177490 , 16.57333
99.48 , 43.6624298095 , 16.57933
99.51 , 43.6624298095 , 16.58517
99.55 , 43.6624298095 , 16.59117
99.58 , 43.6624298095 , 16.59683
99.62 , 43.6624298095 , 16.60283
99.65 , 43.6624298095 , 16.60867
99.69 , 43.7710418701 , 16.61467
99.72 , 43.7710418701 , 16.62050
99.76 , 43.7710418701 , 16.62650
99.79 , 43.7710418701 , 16.63217
99.83 , 43.7710418701 , 16.63817
99.86 , 43.7710418701 , 16.64400
99.90 , 43.8796539306 , 16.65000
99.93 , 43.8796539306 , 16.65583
99.97 , 43.8796539306 , 16.66184
100.01 , 43.8796539306 , 16.66767
100.04 , 43.8796539306 , 16.67367
100.08 , 43.8796539306 , 16.67984
100.11 , 43.9882698059 , 16.68583
100.15 , 43.9882698059 , 16.69200
100.19 , 43.8796539306 , 16.69800
100.22 , 43.9882698059 , 16.70417
100.26 , 43.9882698059 , 16.71000
100.30 , 43.9882698059 , 16.71617
100.33 , 43.9882698059 , 16.72217
100.37 , 44.0968818664 , 16.72834
100.41 , 44.0968818664 , 16.73450
100.44 , 44.0968818664 , 16.74050
100.48 , 44.0968818664 , 16.74667
100.51 , 44.0968818664 , 16.75250
100.55 , 44.0968818664 , 16.75867
100.59 , 44.0968818664 , 16.76467
100.62 , 44.0968818664 , 16.77083
100.66 , 44.0968818664 , 16.77684
100.70 , 44.2054939270 , 16.78300
100.73 , 44.2054939270 , 16.78883
100.77 , 44.3141059875 , 16.79500
100.81 , 44.3141059875 , 16.80117
100.84 , 44.2054939270 , 16.80717
100.88 , 44.3141059875 , 16.81333
100.92 , 44.3141059875 , 16.81933
100.95 , 44.3141059875 , 16.82550
100.99 , 44.3141059875 , 16.83133
101.02 , 44.3141059875 , 16.83750
101.06 , 44.3141059875 , 16.84350
101.10 , 44.3141059875 , 16.84967
101.13 , 44.3141059875 , 16.85567
101.17 , 44.4227218627 , 16.86183
101.21 , 44.4227218627 , 16.86800
101.24 , 44.4227218627 , 16.87383
101.28 , 44.4227218627 , 16.88000
101.32 , 44.4227218627 , 16.88600
101.35 , 44.5313339233 , 16.89217
101.39 , 44.4227218627 , 16.89817
101.43 , 44.4227218627 , 16.90434
101.46 , 44.4227218627 , 16.91033
101.50 , 44.5313339233 , 16.91633
101.53 , 44.4227218627 , 16.92233
101.57 , 44.5313339233 , 16.92850
101.61 , 44.5313339233 , 16.93467
101.64 , 44.5313339233 , 16.94067
101.68 , 44.5313339233 , 16.94684
101.72 , 44.4227218627 , 16.95267
101.75 , 44.6399459838 , 16.95883
101.79 , 44.5313339233 , 16.96483
101.83 , 44.5313339233 , 16.97100
101.86 , 44.6399459838 , 16.97700
101.90 , 44.6399459838 , 16.98317
101.93 , 44.6399459838 , 16.98917
101.97 , 44.7485580444 , 16.99517
102.01 , 44.6399459838 , 17.00134
102.04 , 44.7485580444 , 17.00733
102.08 , 44.7485580444 , 17.01350
102.12 , 44.7485580444 , 17.01950
102.15 , 44.7485580444 , 17.02567
102.19 , 44.7485580444 , 17.03167
102.23 , 44.7485580444 , 17.03767
102.26 , 44.7485580444 , 17.04367
102.30 , 44.7485580444 , 17.04984
102.34 , 44.7485580444 , 17.05600
102.37 , 44.7485580444 , 17.06200
102.41 , 44.8571701049 , 17.06817
102.44 , 44.8571701049 , 17.07417
102.48 , 44.8571701049 , 17.08017
102.52 , 44.8571701049 , 17.08617
102.55 , 44.8571701049 , 17.09234
102.59 , 44.9657859802 , 17.09833
102.63 , 44.9657859802 , 17.10450
102.66 , 44.9657859802 , 17.11050
102.70 , 44.9657859802 , 17.11667
102.74 , 44.9657859802 , 17.12267
102.77 , 44.9657859802 , 17.12867
102.81 , 44.9657859802 , 17.13484
102.84 , 45.0743980407 , 17.14084
102.88 , 45.0743980407 , 17.14700
102.92 , 45.0743980407 , 17.15300
102.95 , 45.0743980407 , 17.15917
102.99 , 45.0743980407 , 17.16500
103.03 , 45.1830101013 , 17.17117
103.06 , 45.1830101013 , 17.17717
103.10 , 45.0743980407 , 17.18334
103.14 , 45.1830101013 , 17.18950
103.17 , 45.1830101013 , 17.19550
103.21 , 45.1830101013 , 17.20150
103.25 , 45.2916221618 , 17.20750
103.28 , 45.1830101013 , 17.21367
103.32 , 45.1830101013 , 17.21967
103.36 , 45.1830101013 , 17.22583
103.39 , 45.2916221618 , 17.23184
103.43 , 45.2916221618 , 17.23800
103.46 , 45.2916221618 , 17.24383
103.50 , 45.2916221618 , 17.25000
103.54 , 45.2916221618 , 17.25617
103.57 , 45.2916221618 , 17.26217
103.61 , 45.2916221618 , 17.26833
103.65 , 45.2916221618 , 17.27433
103.68 , 45.4002380371 , 17.28050
103.72 , 45.2916221618 , 17.28634
103.75 , 45.4002380371 , 17.29250
103.79 , 45.4002380371 , 17.29850
103.83 , 45.4002380371 , 17.30467
103.86 , 45.4002380371 , 17.31067
103.90 , 45.5088500976 , 17.31683
103.94 , 45.4002380371 , 17.32300
103.97 , 45.5088500976 , 17.32884
104.01 , 45.4002380371 , 17.33500
104.05 , 45.5088500976 , 17.34100
104.08 , 45.6174621582 , 17.34717
104.12 , 45.5088500976 , 17.35317
104.16 , 45.5088500976 , 17.35933
104.19 , 45.5088500976 , 17.36533
104.23 , 45.5088500976 , 17.37133
104.26 , 45.6174621582 , 17.37734
104.30 , 45.6174621582 , 17.38350
104.34 , 45.6174621582 , 17.38967
104.37 , 45.6174621582 , 17.39567
104.41 , 45.6174621582 , 17.40184
104.45 , 45.7260742187 , 17.40767
104.48 , 45.6174621582 , 17.41383
104.52 , 45.6174621582 , 17.41983
104.56 , 45.7260742187 , 17.42600
104.59 , 45.7260742187 , 17.43200
104.63 , 45.7260742187 , 17.43817
104.67 , 45.7260742187 , 17.44433
104.70 , 45.8346862792 , 17.45017
104.74 , 45.7260742187 , 17.45633
104.77 , 45.8346862792 , 17.46233
104.81 , 45.7260742187 , 17.46850
104.85 , 45.8346862792 , 17.47450
104.88 , 45.9433021545 , 17.48067
104.92 , 45.9433021545 , 17.48667
104.96 , 45.8346862792 , 17.49267
104.99 , 45.9433021545 , 17.49867
105.03 , 45.8346862792 , 17.50483
105.07 , 45.9433021545 , 17.51100
105.10 , 45.9433021545 , 17.51700
105.14 , 45.9433021545 , 17.52317
105.18 , 45.9433021545 , 17.52917
105.21 , 45.9433021545 , 17.53517
105.25 , 46.0519142150 , 17.54117
105.28 , 46.0519142150 , 17.54733
105.32 , 46.1605262756 , 17.55333
105.36 , 45.9433021545 , 17.55950
105.39 , 46.0519142150 , 17.56550
105.43 , 46.0519142150 , 17.57167
105.47 , 46.0519142150 , 17.57767
105.50 , 46.1605262756 , 17.58367
105.54 , 46.1605262756 , 17.58983
105.57 , 46.1605262756 , 17.59583
105.61 , 46.1605262756 , 17.60200
105.65 , 46.1605262756 , 17.60800
105.68 , 46.2691383361 , 17.61400
105.72 , 46.1605262756 , 17.62000
105.76 , 46.1605262756 , 17.62617
105.79 , 46.1605262756 , 17.63217
105.83 , 46.1605262756 , 17.63833
105.87 , 46.2691383361 , 17.64450
105.90 , 46.1605262756 , 17.65050
105.94 , 46.1605262756 , 17.65650
105.97 , 46.2691383361 , 17.66250
106.01 , 46.2691383361 , 17.66867
106.05 , 46.3777542114 , 17.67467
106.08 , 46.2691383361 , 17.68083
106.12 , 46.3777542114 , 17.68684
106.16 , 46.2691383361 , 17.69300
106.19 , 46.3777542114 , 17.69883
106.23 , 46.3777542114 , 17.70500
106.27 , 46.3777542114 , 17.71117
106.30 , 46.3777542114 , 17.71717
106.34 , 46.3777542114 , 17.72333
106.38 , 46.4863662719 , 17.72933
106.41 , 46.3777542114 , 17.73550
106.45 , 46.3777542114 , 17.74133
106.48 , 46.3777542114 , 17.74750
106.52 , 46.4863662719 , 17.75350
106.56 , 46.4863662719 , 17.75967
106.59 , 46.4863662719 , 17.76567
106.63 , 46.5949783325 , 17.77183
106.67 , 46.4863662719 , 17.77800
106.70 , 46.4863662719 , 17.78384
106.74 , 46.5949783325 , 17.79000
106.78 , 46.5949783325 , 17.79600
106.81 , 46.5949783325 , 17.80217
106.85 , 46.5949783325 , 17.80817
106.89 , 46.5949783325 , 17.81434
106.92 , 46.5949783325 , 17.82017
106.96 , 46.5949783325 , 17.82633
107.00 , 46.5949783325 , 17.83250
107.03 , 46.5949783325 , 17.83850
107.07 , 46.7035903930 , 17.84467
107.10 , 46.7035903930 , 17.85067
107.14 , 46.7035903930 , 17.85684
107.18 , 46.8122024536 , 17.86267
107.21 , 46.7035903930 , 17.86883
107.25 , 46.8122024536 , 17.87483
107.29 , 46.8122024536 , 17.88100
107.32 , 46.8122024536 , 17.88700
107.36 , 46.8122024536 , 17.89317
107.40 , 46.8122024536 , 17.89933
107.43 , 46.8122024536 , 17.90517
107.47 , 46.9208183288 , 17.91134
107.50 , 46.8122024536 , 17.91733
107.54 , 46.8122024536 , 17.92350
107.58 , 46.9208183288 , 17.92950
107.61 , 46.9208183288 , 17.93567
107.65 , 46.9208183288 , 17.94167
107.69 , 46.9208183288 , 17.94767
107.72 , 46.9208183288 , 17.95367
107.76 , 46.9208183288 , 17.95984
107.80 , 46.9208183288 , 17.96600
107.83 , 47.0294342041 , 17.97200
107.87 , 47.0294342041 , 17.97817
107.90 , 47.0294342041 , 17.98417
107.94 , 47.0294342041 , 17.99017
107.98 , 47.1380462646 , 17.99617
108.01 , 47.1380462646 , 18.00234
108.05 , 47.0294342041 , 18.00834
108.09 , 47.1380462646 , 18.01450
108.12 , 47.1380462646 , 18.02050
108.16 , 47.1380462646 , 18.02667
108.20 , 47.1380462646 , 18.03267
108.23 , 47.1380462646 , 18.03867
108.27 , 47.1380462646 , 18.04483
108.30 , 47.1380462646 , 18.05084
108.34 , 47.1380462646 , 18.05700
108.38 , 47.2466621398 , 18.06300
108.41 , 47.2466621398 , 18.06900
108.45 , 47.2466621398 , 18.07500
108.49 , 47.1380462646 , 18.08117
108.52 , 47.2466621398 , 18.08717
108.56 , 47.3552742004 , 18.09333
108.60 , 47.2466621398 , 18.09950
108.63 , 47.2466621398 , 18.10550
108.67 , 47.2466621398 , 18.11150
108.70 , 47.2466621398 , 18.11750
108.74 , 47.3552742004 , 18.12367
108.78 , 47.3552742004 , 18.12967
108.81 , 47.3552742004 , 18.13583
108.85 , 47.2466621398 , 18.14183
108.89 , 47.3552742004 , 18.14800
108.92 , 47.3552742004 , 18.15383
108.96 , 47.3552742004 , 18.16000
109.00 , 47.4638862609 , 18.16617
109.03 , 47.4638862609 , 18.17217
109.07 , 47.4638862609 , 18.17833
109.11 , 47.4638862609 , 18.18433
109.14 , 47.5724983215 , 18.19050
109.18 , 47.4638862609 , 18.19634
109.21 , 47.4638862609 , 18.20250
109.25 , 47.5724983215 , 18.20850
109.29 , 47.5724983215 , 18.21467
109.32 , 47.4638862609 , 18.22083
109.36 , 47.5724983215 , 18.22683
109.40 , 47.5724983215 , 18.23300
109.43 , 47.5724983215 , 18.23884
109.47 , 47.5724983215 , 18.24500
109.51 , 47.5724983215 , 18.25100
109.54 , 47.6811141967 , 18.25717
109.58 , 47.6811141967 , 18.26317
109.62 , 47.6811141967 , 18.26933
109.65 , 47.6811141967 , 18.27517
109.69 , 47.6811141967 , 18.28133
109.72 , 47.6811141967 , 18.28750
109.76 , 47.6811141967 , 18.29350
109.80 , 47.6811141967 , 18.29967
109.83 , 47.6811141967 , 18.30567
109.87 , 47.6811141967 , 18.31184
109.91 , 47.7897262573 , 18.31767
109.94 , 47.7897262573 , 18.32383
109.98 , 47.7897262573 , 18.32983
110.02 , 47.8983383178 , 18.33600
110.05 , 47.8983383178 , 18.34200
110.09 , 47.7897262573 , 18.34817
110.13 , 47.8983383178 , 18.35433
110.16 , 47.7897262573 , 18.36017
110.20 , 47.8983383178 , 18.36633
110.23 , 47.8983383178 , 18.37233
110.27 , 47.8983383178 , 18.37850
110.31 , 48.0069503784 , 18.38450
110.34 , 48.0069503784 , 18.39067
110.38 , 48.0069503784 , 18.39667
110.42 , 48.0069503784 , 18.40267
110.45 , 48.0069503784 , 18.40867
110.49 , 48.0069503784 , 18.41483
110.53 , 48.0069503784 , 18.42100
110.56 , 48.0069503784 , 18.42700
110.60 , 48.0069503784 , 18.43317
110.63 , 48.1155624389 , 18.43917
110.67 , 48.1155624389 , 18.44517
110.71 , 48.0069503784 , 18.45117
110.74 , 48.1155624389 , 18.45734
110.78 , 48.1155624389 , 18.46333
110.82 , 48.1155624389 , 18.46950
110.85 , 48.1155624389 , 18.47550
110.89 , 48.1155624389 , 18.48150
110.93 , 48.2241783142 , 18.48767
110.96 , 48.2241783142 , 18.49367
111.00 , 48.2241783142 , 18.49983
111.04 , 48.2241783142 , 18.50584
111.07 , 48.1155624389 , 18.51200
111.11 , 48.2241783142 , 18.51800
111.14 , 48.2241783142 , 18.52400
111.18 , 48.2241783142 , 18.53000
111.22 , 48.3327903747 , 18.53617
111.25 , 48.2241783142 , 18.54217
111.29 , 48.3327903747 , 18.54833
111.33 , 48.3327903747 , 18.55450
111.36 , 48.3327903747 , 18.56050
111.40 , 48.3327903747 , 18.56650
111.43 , 48.3327903747 , 18.57250
111.47 , 48.4414024353 , 18.57867
111.51 , 48.4414024353 , 18.58467
111.54 , 48.3327903747 , 18.59083
111.58 , 48.4414024353 , 18.59683
111.62 , 48.4414024353 , 18.60300
111.65 , 48.5500144958 , 18.60900
111.69 , 48.4414024353 , 18.61500
111.73 , 48.4414024353 , 18.62117
111.76 , 48.4414024353 , 18.62717
111.80 , 48.4414024353 , 18.63334
111.84 , 48.5500144958 , 18.63933
111.87 , 48.5500144958 , 18.64550
111.91 , 48.5500144958 , 18.65133
111.94 , 48.5500144958 , 18.65750
111.98 , 48.6586303710 , 18.66350
112.02 , 48.5500144958 , 18.66967
112.05 , 48.5500144958 , 18.67584
112.09 , 48.6586303710 , 18.68184
112.13 , 48.6586303710 , 18.68800
112.16 , 48.6586303710 , 18.69384
112.20 , 48.6586303710 , 18.70000
112.24 , 48.6586303710 , 18.70600
112.27 , 48.6586303710 , 18.71217
112.31 , 48.7672424316 , 18.71817
112.35 , 48.6586303710 , 18.72434
112.38 , 48.7672424316 , 18.73017
112.42 , 48.7672424316 , 18.73633
112.45 , 48.7672424316 , 18.74250
112.49 , 48.7672424316 , 18.74850
112.53 , 48.7672424316 , 18.75467
112.56 , 48.7672424316 , 18.76067
112.60 , 48.8758544921 , 18.76683
112.64 , 48.8758544921 , 18.77267
112.67 , 48.8758544921 , 18.77883
112.71 , 48.8758544921 , 18.78483
112.75 , 48.8758544921 , 18.79100
112.78 , 48.8758544921 , 18.79700
112.82 , 48.9844665527 , 18.80317
112.86 , 48.8758544921 , 18.80933
112.89 , 48.8758544921 , 18.81517
112.93 , 48.9844665527 , 18.82134
112.96 , 48.9844665527 , 18.82733
113.00 , 48.9844665527 , 18.83350
113.04 , 48.9844665527 , 18.83950
113.07 , 48.9844665527 , 18.84567
113.11 , 48.9844665527 , 18.85167
113.15 , 48.9844665527 , 18.85767
113.18 , 48.9844665527 , 18.86367
113.22 , 49.0930786132 , 18.86984
113.26 , 49.0930786132 , 18.87600
113.29 , 49.0930786132 , 18.88200
113.33 , 49.0930786132 , 18.88817
113.36 , 49.2016944885 , 18.89400
113.40 , 49.0930786132 , 18.90017
113.44 , 49.2016944885 , 18.90617
113.47 , 49.2016944885 , 18.91234
113.51 , 49.0930786132 , 18.91834
113.55 , 49.2016944885 , 18.92450
113.58 , 49.2016944885 , 18.93050
113.62 , 49.2016944885 , 18.93650
113.66 , 49.2016944885 , 18.94267
113.69 , 49.3103065490 , 18.94867
113.73 , 49.3103065490 , 18.95483
113.76 , 49.3103065490 , 18.96084
113.80 , 49.2016944885 , 18.96700
113.84 , 49.3103065490 , 18.97300
113.87 , 49.3103065490 , 18.97900
113.91 , 49.3103065490 , 18.98500
113.95 , 49.3103065490 , 18.99117
113.98 , 49.3103065490 , 18.99733
114.02 , 49.3103065490 , 19.00333
114.06 , 49.4189186096 , 19.00950
114.09 , 49.3103065490 , 19.01550
114.13 , 49.4189186096 , 19.02150
114.16 , 49.3103065490 , 19.02750
114.20 , 49.4189186096 , 19.03367
114.24 , 49.5275306701 , 19.03967
114.27 , 49.4189186096 , 19.04583
114.31 , 49.4189186096 , 19.05183
114.35 , 49.5275306701 , 19.05800
114.38 , 49.6361465454 , 19.06400
114.42 , 49.6361465454 , 19.07000
114.46 , 49.5275306701 , 19.07617
114.49 , 49.5275306701 , 19.08217
114.53 , 49.6361465454 , 19.08833
114.57 , 49.6361465454 , 19.09433
114.60 , 49.6361465454 , 19.10050
114.64 , 49.6361465454 , 19.10634
114.68 , 49.6361465454 , 19.11250
114.71 , 49.7447586059 , 19.11850
114.75 , 49.6361465454 , 19.12467
114.79 , 49.7447586059 , 19.13084
114.82 , 49.7447586059 , 19.13683
114.86 , 49.7447586059 , 19.14283
114.89 , 49.7447586059 , 19.14883
114.93 , 49.7447586059 , 19.15500
114.97 , 49.7447586059 , 19.16100
115.00 , 49.7447586059 , 19.16717
115.04 , 49.8533706665 , 19.17317
115.08 , 49.7447586059 , 19.17933
115.11 , 49.8533706665 , 19.18517
115.15 , 49.8533706665 , 19.19133
115.18 , 49.8533706665 , 19.19750
115.22 , 49.9619827270 , 19.20350
115.26 , 49.9619827270 , 19.20967
115.29 , 49.9619827270 , 19.21567
115.33 , 49.9619827270 , 19.22183
115.37 , 49.8533706665 , 19.22767
115.40 , 49.9619827270 , 19.23383
115.44 , 49.9619827270 , 19.23983
115.48 , 50.0705947875 , 19.24600
115.51 , 49.9619827270 , 19.25200
115.55 , 50.0705947875 , 19.25817
115.59 , 50.0705947875 , 19.26433
115.62 , 49.9619827270 , 19.27017
115.66 , 49.9619827270 , 19.27633
115.69 , 50.0705947875 , 19.28233
115.73 , 50.0705947875 , 19.28850
115.77 , 50.0705947875 , 19.29450
115.80 , 50.0705947875 , 19.30067
115.84 , 50.0705947875 , 19.30667
115.88 , 50.0705947875 , 19.31267
115.91 , 50.0705947875 , 19.31867
115.95 , 50.0705947875 , 19.32483
115.99 , 50.0705947875 , 19.33100
116.02 , 50.1792106628 , 19.33700
116.06 , 50.1792106628 , 19.34317
116.09 , 50.1792106628 , 19.34900
116.13 , 50.2878227233 , 19.35517
116.17 , 50.1792106628 , 19.36117
116.20 , 50.1792106628 , 19.36734
116.24 , 50.2878227233 , 19.37333
116.28 , 50.1792106628 , 19.37950
116.31 , 50.1792106628 , 19.38567
116.35 , 50.2878227233 , 19.39150
116.39 , 50.2878227233 , 19.39767
116.42 , 50.3964347839 , 19.40367
116.46 , 50.3964347839 , 19.40983
116.50 , 50.3964347839 , 19.41584
116.53 , 50.3964347839 , 19.42200
116.57 , 50.3964347839 , 19.42800
116.60 , 50.3964347839 , 19.43400
116.64 , 50.3964347839 , 19.44000
116.68 , 50.3964347839 , 19.44617
116.71 , 50.3964347839 , 19.45233
116.75 , 50.5050468444 , 19.45833
116.79 , 50.3964347839 , 19.46450
116.82 , 50.5050468444 , 19.47050
116.86 , 50.3964347839 , 19.47650
116.89 , 50.5050468444 , 19.48250
116.93 , 50.5050468444 , 19.48867
116.97 , 50.6136627197 , 19.49467
117.00 , 50.6136627197 , 19.50083
117.04 , 50.5050468444 , 19.50683
117.08 , 50.5050468444 , 19.51300
117.11 , 50.5050468444 , 19.51900
117.15 , 50.6136627197 , 19.52500
117.19 , 50.6136627197 , 19.53117
117.22 , 50.6136627197 , 19.53717
117.26 , 50.6136627197 , 19.54334
117.30 , 50.7222747802 , 19.54933
117.33 , 50.6136627197 , 19.55533
117.37 , 50.7222747802 , 19.56133
117.40 , 50.6136627197 , 19.56750
117.44 , 50.7222747802 , 19.57350
117.48 , 50.7222747802 , 19.57967
117.51 , 50.7222747802 , 19.58584
117.55 , 50.8308868408 , 19.59184
117.59 , 50.7222747802 , 19.59783
117.62 , 50.8308868408 , 19.60383
117.66 , 50.7222747802 , 19.61000
117.70 , 50.8308868408 , 19.61600
117.73 , 50.8308868408 , 19.62217
117.77 , 50.8308868408 , 19.62817
117.81 , 50.8308868408 , 19.63434
117.84 , 50.9394989013 , 19.64017
117.88 , 50.8308868408 , 19.64633
117.91 , 50.9394989013 , 19.65250
117.95 , 50.9394989013 , 19.65850
117.99 , 50.9394989013 , 19.66467
118.02 , 50.9394989013 , 19.67067
118.06 , 50.9394989013 , 19.67683
118.10 , 50.9394989013 , 19.68267
118.13 , 50.9394989013 , 19.68884
118.17 , 51.0481109619 , 19.69483
118.21 , 51.0481109619 , 19.70100
118.24 , 51.0481109619 , 19.70700
118.28 , 51.0481109619 , 19.71317
118.32 , 51.0481109619 , 19.71933
118.35 , 51.0481109619 , 19.72517
118.39 , 51.0481109619 , 19.73134
118.42 , 51.0481109619 , 19.73734
118.46 , 51.1567268371 , 19.74350
118.50 , 51.0481109619 , 19.74950
118.53 , 51.0481109619 , 19.75567
118.57 , 51.1567268371 , 19.76150
118.61 , 51.1567268371 , 19.76767
118.64 , 51.0481109619 , 19.77383
118.68 , 51.1567268371 , 19.77984
118.72 , 51.1567268371 , 19.78600
118.75 , 51.1567268371 , 19.79200
118.79 , 51.1567268371 , 19.79817
118.82 , 51.2653388977 , 19.80400
118.86 , 51.2653388977 , 19.81017
118.90 , 51.2653388977 , 19.81617
118.93 , 51.1567268371 , 19.82234
118.97 , 51.1567268371 , 19.82834
119.01 , 51.2653388977 , 19.83450
119.04 , 51.2653388977 , 19.84067
119.08 , 51.2653388977 , 19.84650
119.12 , 51.2653388977 , 19.85267
119.15 , 51.3739509582 , 19.85867
119.19 , 51.3739509582 , 19.86483
119.22 , 51.3739509582 , 19.87084
119.26 , 51.3739509582 , 19.87700
119.30 , 51.3739509582 , 19.88300
119.33 , 51.4825630187 , 19.88900
119.37 , 51.4825630187 , 19.89500
119.41 , 51.3739509582 , 19.90117
119.44 , 51.4825630187 , 19.90733
119.48 , 51.4825630187 , 19.91333
119.52 , 51.4825630187 , 19.91950
119.55 , 51.4825630187 , 19.92550
119.59 , 51.4825630187 , 19.93150
119.62 , 51.4825630187 , 19.93750
119.66 , 51.4825630187 , 19.94367
119.70 , 51.5911788940 , 19.94967
119.73 , 51.5911788940 , 19.95583
119.77 , 51.5911788940 , 19.96183
119.81 , 51.5911788940 , 19.96800
119.84 , 51.6997909545 , 19.97400
119.88 , 51.5911788940 , 19.98000
119.92 , 51.5911788940 , 19.98617
119.95 , 51.6997909545 , 19.99217
119.99 , 51.6997909545 , 19.99833
120.03 , 51.6997909545 , 20.00433
120.06 , 51.8084030151 , 20.01033
120.10 , 51.6997909545 , 20.01634
120.13 , 51.5911788940 , 20.02250
120.17 , 51.6997909545 , 20.02850
120.21 , 51.8084030151 , 20.03467
120.25 , 51.8084030151 , 20.04084
120.28 , 51.8084030151 , 20.04683
120.32 , 51.8084030151 , 20.05283
120.35 , 51.8084030151 , 20.05883
120.39 , 51.8084030151 , 20.06500
120.43 , 51.8084030151 , 20.07100
120.46 , 51.8084030151 , 20.07717
120.50 , 51.8084030151 , 20.08317
120.54 , 51.8084030151 , 20.08934
120.57 , 51.8084030151 , 20.09517
120.61 , 51.9170150756 , 20.10133
120.64 , 51.9170150756 , 20.10750
120.68 , 51.9170150756 , 20.11350
120.72 , 51.9170150756 , 20.11967
120.75 , 51.9170150756 , 20.12567
120.79 , 51.9170150756 , 20.13183
120.83 , 51.9170150756 , 20.13767
120.86 , 52.0256271362 , 20.14383
120.90 , 52.0256271362 , 20.14983
120.94 , 52.0256271362 , 20.15600
120.97 , 52.0256271362 , 20.16217
121.01 , 52.0256271362 , 20.16817
121.05 , 51.9170150756 , 20.17433
121.08 , 52.0256271362 , 20.18017
121.12 , 52.0256271362 , 20.18633
121.15 , 52.1342430114 , 20.19233
121.19 , 52.0256271362 , 20.19850
121.23 , 52.1342430114 , 20.20450
121.26 , 52.1342430114 , 20.21067
121.30 , 52.1342430114 , 20.21650
121.34 , 52.1342430114 , 20.22267
121.37 , 52.2428550720 , 20.22883
121.41 , 52.1342430114 , 20.23483
121.45 , 52.2428550720 , 20.24100
121.48 , 52.1342430114 , 20.24700
121.52 , 52.2428550720 , 20.25317
121.55 , 52.2428550720 , 20.25900
121.59 , 52.2428550720 , 20.26517
121.63 , 52.3514671325 , 20.27117
121.66 , 52.3514671325 , 20.27733
121.70 , 52.2428550720 , 20.28333
121.74 , 52.3514671325 , 20.28950
121.77 , 52.2428550720 , 20.29567
121.81 , 52.3514671325 , 20.30150
121.85 , 52.3514671325 , 20.30767
121.88 , 52.3514671325 , 20.31367
121.92 , 52.3514671325 , 20.31983
121.95 , 52.4600791931 , 20.32583
121.99 , 52.3514671325 , 20.33200
122.03 , 52.3514671325 , 20.33800
122.06 , 52.4600791931 , 20.34400
122.10 , 52.4600791931 , 20.35000
122.14 , 52.4600791931 , 20.35617
122.17 , 52.4600791931 , 20.36234
122.21 , 52.4600791931 , 20.36833
122.25 , 52.4600791931 , 20.37450
122.28 , 52.5686988830 , 20.38050
122.32 , 52.5686988830 , 20.38650
122.36 , 52.5686988830 , 20.39250
122.39 , 52.5686988830 , 20.39867
122.43 , 52.5686988830 , 20.40467
122.46 , 52.5686988830 , 20.41083
122.50 , 52.5686988830 , 20.41683
122.54 , 52.5686988830 , 20.42284
122.57 , 52.6773109436 , 20.42900
122.61 , 52.6773109436 , 20.43500
122.65 , 52.6773109436 , 20.44117
122.68 , 52.6773109436 , 20.44717
122.72 , 52.5686988830 , 20.45334
122.76 , 52.6773109436 , 20.45933
122.79 , 52.6773109436 , 20.46533
122.83 , 52.7859230041 , 20.47134
122.86 , 52.7859230041 , 20.47750
122.90 , 52.6773109436 , 20.48350
122.94 , 52.6773109436 , 20.48967
122.97 , 52.6773109436 , 20.49584
123.01 , 52.6773109436 , 20.50184
123.05 , 52.7859230041 , 20.50783
123.08 , 52.6773109436 , 20.51383
123.12 , 52.7859230041 , 20.52000
123.16 , 52.7859230041 , 20.52600
123.19 , 52.7859230041 , 20.53217
123.23 , 52.7859230041 , 20.53817
123.27 , 52.8945388793 , 20.54434
123.30 , 52.8945388793 , 20.55034
123.34 , 52.8945388793 , 20.55633
123.37 , 52.8945388793 , 20.56250
123.41 , 52.8945388793 , 20.56850
123.45 , 52.8945388793 , 20.57467
123.48 , 52.8945388793 , 20.58067
123.52 , 53.0031509399 , 20.58683
123.56 , 52.8945388793 , 20.59267
123.59 , 53.0031509399 , 20.59884
123.63 , 53.0031509399 , 20.60483
123.67 , 53.0031509399 , 20.61100
123.70 , 53.0031509399 , 20.61717
123.74 , 53.0031509399 , 20.62317
123.78 , 53.1117630004 , 20.62933
123.81 , 53.0031509399 , 20.63517
123.85 , 53.0031509399 , 20.64134
123.88 , 53.0031509399 , 20.64734
123.92 , 53.1117630004 , 20.65350
123.96 , 53.1117630004 , 20.65950
123.99 , 53.1117630004 , 20.66567
124.03 , 53.1117630004 , 20.67150
124.07 , 53.1117630004 , 20.67767
124.10 , 53.1117630004 , 20.68383
124.14 , 53.2203750610 , 20.68984
124.18 , 53.1117630004 , 20.69600
124.21 , 53.2203750610 , 20.70200
124.25 , 53.2203750610 , 20.70817
124.28 , 53.2203750610 , 20.71400
124.32 , 53.2203750610 , 20.72017
124.36 , 53.2203750610 , 20.72617
124.39 , 53.3289871215 , 20.73233
124.43 , 53.2203750610 , 20.73834
124.47 , 53.2203750610 , 20.74450
124.50 , 53.2203750610 , 20.75067
124.54 , 53.2203750610 , 20.75650
124.58 , 53.3289871215 , 20.76267
124.61 , 53.4376029968 , 20.76867
124.65 , 53.3289871215 , 20.77483
124.68 , 53.4376029968 , 20.78083
124.72 , 53.2203750610 , 20.78700
124.76 , 53.4376029968 , 20.79300
124.79 , 53.3289871215 , 20.79900
124.83 , 53.4376029968 , 20.80500
124.87 , 53.4376029968 , 20.81117
124.90 , 53.4376029968 , 20.81733
124.94 , 53.4376029968 , 20.82333
124.98 , 53.4376029968 , 20.82950
125.01 , 53.4376029968 , 20.83534
125.05 , 53.5462150573 , 20.84150
125.08 , 53.4376029968 , 20.84750
125.12 , 53.4376029968 , 20.85367
125.16 , 53.4376029968 , 20.85967
125.19 , 53.5462150573 , 20.86583
125.23 , 53.5462150573 , 20.87183
125.27 , 53.6548271179 , 20.87784
125.30 , 53.5462150573 , 20.88400
125.34 , 53.5462150573 , 20.89000
125.38 , 53.5462150573 , 20.89617
125.41 , 53.6548271179 , 20.90217
125.45 , 53.6548271179 , 20.90833
125.49 , 53.6548271179 , 20.91433
125.52 , 53.6548271179 , 20.92033
125.56 , 53.6548271179 , 20.92634
125.59 , 53.6548271179 , 20.93250
125.63 , 53.6548271179 , 20.93867
125.67 , 53.6548271179 , 20.94467
125.70 , 53.7634391784 , 20.95083
125.74 , 53.6548271179 , 20.95683
125.78 , 53.7634391784 , 20.96283
125.81 , 53.7634391784 , 20.96883
125.85 , 53.7634391784 , 20.97500
125.89 , 53.7634391784 , 20.98100
125.92 , 53.7634391784 , 20.98717
125.96 , 53.7634391784 , 20.99317
126.00 , 53.8720550537 , 20.99934
126.03 , 53.7634391784 , 21.00533
126.07 , 53.7634391784 , 21.01133
126.11 , 53.8720550537 , 21.01750
126.14 , 53.8720550537 , 21.02350
126.18 , 53.8720550537 , 21.02967
126.21 , 53.8720550537 , 21.03567
126.25 , 53.8720550537 , 21.04183
126.29 , 53.9806671142 , 21.04767
126.32 , 53.9806671142 , 21.05383
126.36 , 53.8720550537 , 21.05983
126.40 , 53.9806671142 , 21.06600
126.43 , 53.8720550537 , 21.07217
126.47 , 53.9806671142 , 21.07817
126.50 , 54.0892791748 , 21.08417
126.54 , 53.9806671142 , 21.09017
126.58 , 53.9806671142 , 21.09634
126.61 , 53.9806671142 , 21.10233
126.65 , 54.0892791748 , 21.10850
126.69 , 54.0892791748 , 21.11450
126.72 , 54.0892791748 , 21.12067
126.76 , 54.0892791748 , 21.12650
126.80 , 54.0892791748 , 21.13267
126.83 , 54.0892791748 , 21.13883
126.87 , 54.0892791748 , 21.14484
126.91 , 54.1978912353 , 21.15100
126.94 , 54.1978912353 , 21.15700
126.98 , 54.1978912353 , 21.16317
127.01 , 54.1978912353 , 21.16900
127.05 , 54.1978912353 , 21.17517
127.09 , 54.3065032958 , 21.18117
127.12 , 54.1978912353 , 21.18733
127.16 , 54.1978912353 , 21.19334
127.20 , 54.1978912353 , 21.19950
127.23 , 54.3065032958 , 21.20567
127.27 , 54.3065032958 , 21.21150
127.31 , 54.3065032958 , 21.21767
127.34 , 54.1978912353 , 21.22367
127.38 , 54.3065032958 , 21.22983
127.41 , 54.3065032958 , 21.23583
127.45 , 54.3065032958 , 21.24200
127.49 , 54.3065032958 , 21.24800
127.52 , 54.3065032958 , 21.25400
127.56 , 54.4151191711 , 21.26000
127.60 , 54.4151191711 , 21.26617
127.63 , 54.4151191711 , 21.27234
127.67 , 54.4151191711 , 21.27833
127.71 , 54.4151191711 , 21.28450
127.74 , 54.4151191711 , 21.29033
127.78 , 54.4151191711 , 21.29650
127.81 , 54.3065032958 , 21.30250
127.85 , 54.4151191711 , 21.30867
127.89 , 54.5237312316 , 21.31467
127.93 , 54.5237312316 , 21.32084
127.96 , 54.4151191711 , 21.32700
128.00 , 54.5237312316 , 21.33283
128.03 , 54.5237312316 , 21.33900
128.07 , 54.5237312316 , 21.34500
128.11 , 54.5237312316 , 21.35117
128.14 , 54.5237312316 , 21.35717
128.18 , 54.5237312316 , 21.36333
128.22 , 54.6323432922 , 21.36934
128.25 , 54.6323432922 , 21.37533
128.29 , 54.5237312316 , 21.38133
128.33 , 54.5237312316 , 21.38750
128.36 , 54.6323432922 , 21.39367
128.40 , 54.6323432922 , 21.39967
128.44 , 54.6323432922 , 21.40583
128.47 , 54.6323432922 , 21.41183
128.51 , 54.6323432922 , 21.41784
128.54 , 54.6323432922 , 21.42383
128.58 , 54.5237312316 , 21.43000
128.62 , 54.7409553527 , 21.43600
128.65 , 54.6323432922 , 21.44217
128.69 , 54.7409553527 , 21.44817
128.73 , 54.7409553527 , 21.45433
128.76 , 54.7409553527 , 21.46033
128.80 , 54.8495712280 , 21.46634
128.84 , 54.7409553527 , 21.47250
128.87 , 54.8495712280 , 21.47850
128.91 , 54.8495712280 , 21.48467
128.94 , 54.8495712280 , 21.49067
128.98 , 54.8495712280 , 21.49667
129.02 , 54.8495712280 , 21.50267
129.05 , 54.8495712280 , 21.50883
129.09 , 54.8495712280 , 21.51484
129.13 , 54.8495712280 , 21.52100
129.16 , 54.9581832885 , 21.52717
129.20 , 54.9581832885 , 21.53317
129.24 , 54.9581832885 , 21.53917
129.27 , 54.8495712280 , 21.54517
129.31 , 54.8495712280 , 21.55134
129.34 , 54.9581832885 , 21.55733
129.38 , 54.9581832885 , 21.56350
129.42 , 54.9581832885 , 21.56950
129.45 , 55.0667953491 , 21.57567
129.49 , 55.0667953491 , 21.58150
129.53 , 54.9581832885 , 21.58767
129.56 , 55.0667953491 , 21.59383
129.60 , 54.9581832885 , 21.59984
129.64 , 55.0667953491 , 21.60600
129.67 , 55.0667953491 , 21.61200
129.71 , 55.0667953491 , 21.61817
129.74 , 55.0667953491 , 21.62400
129.78 , 55.0667953491 , 21.63017
129.82 , 55.1754074096 , 21.63617