3.08 , -0.8689044952 , 0.51367
3.12 , -0.7602916240 , 0.51933
3.15 , -0.7602916240 , 0.52467
3.18 , -0.7602916240 , 0.53033
3.22 , -0.7602916240 , 0.53583
3.25 , -0.7602916240 , 0.54150
3.28 , -0.7602916240 , 0.54683
3.32 , -0.7602916240 , 0.55250
3.35 , -0.7602916240 , 0.55800
3.38 , -0.7602916240 , 0.56367
3.42 , -0.7602916240 , 0.56917
3.45 , -0.7602916240 , 0.57467
3.48 , -0.7602916240 , 0.58017
3.52 , -0.7602916240 , 0.58583
3.55 , -0.7602916240 , 0.59133
3.58 , -0.7602916240 , 0.59683
3.61 , -0.7602916240 , 0.60233
3.65 , -0.8689044952 , 0.60800
3.68 , -0.7602916240 , 0.61350
3.72 , -0.6516787528 , 0.61917
3.75 , -0.7602916240 , 0.62450
3.78 , -0.7602916240 , 0.63017
3.81 , -0.7602916240 , 0.63567
3.85 , -0.7602916240 , 0.64133
3.88 , -0.7602916240 , 0.64667
3.91 , -0.7602916240 , 0.65233
3.95 , -0.7602916240 , 0.65783
3.98 , -0.7602916240 , 0.66350
4.01 , -0.6516787528 , 0.66900
4.05 , -0.7602916240 , 0.67450
4.08 , -0.7602916240 , 0.68000
4.11 , -0.7602916240 , 0.68567
4.15 , -0.7602916240 , 0.69117
4.18 , -0.7602916240 , 0.69667
4.21 , -0.6516787528 , 0.70217
4.25 , -0.7602916240 , 0.70783
4.28 , -0.7602916240 , 0.71333
4.31 , -0.7602916240 , 0.71900
4.35 , -0.7602916240 , 0.72433
4.38 , -0.7602916240 , 0.73000
4.41 , -0.7602916240 , 0.73550
4.45 , -0.7602916240 , 0.74117
4.48 , -0.8689044952 , 0.74667
4.51 , -0.7602916240 , 0.75217
4.55 , -0.7602916240 , 0.75767
4.58 , -0.7602916240 , 0.76333
4.61 , -0.7602916240 , 0.76883
4.65 , -0.7602916240 , 0.77433
4.68 , -0.6516787528 , 0.77983
4.71 , -0.7602916240 , 0.78550
4.75 , -0.8689044952 , 0.79100
4.78 , -0.7602916240 , 0.79667
4.81 , -0.6516787528 , 0.80200
4.85 , -0.7602916240 , 0.80767
4.88 , -0.7602916240 , 0.81317
4.91 , -0.7602916240 , 0.81883
4.95 , -0.7602916240 , 0.82417
4.98 , -0.7602916240 , 0.82983
5.01 , -0.7602916240 , 0.83533
5.05 , -0.7602916240 , 0.84100
5.08 , -0.7602916240 , 0.84650
5.11 , -0.7602916240 , 0.85200
5.15 , -0.7602916240 , 0.85750
5.18 , -0.7602916240 , 0.86317
5.21 , -0.7602916240 , 0.86867
5.25 , -0.6516787528 , 0.87417
5.28 , -0.7602916240 , 0.87967
5.31 , -0.7602916240 , 0.88533
5.34 , -0.7602916240 , 0.89083
5.38 , -0.7602916240 , 0.89650
5.41 , -0.7602916240 , 0.90183
5.45 , -0.6516787528 , 0.90750
5.48 , -0.7602916240 , 0.91300
5.51 , -0.7602916240 , 0.91867
5.54 , -0.7602916240 , 0.92400
5.58 , -0.7602916240 , 0.92967
5.61 , -0.7602916240 , 0.93517
5.65 , -0.8689044952 , 0.94083
5.68 , -0.8689044952 , 0.94633
5.71 , -0.7602916240 , 0.95183
5.74 , -0.8689044952 , 0.95733
5.78 , -0.9775175094 , 0.96300
5.81 , -0.8689044952 , 0.96850
5.84 , -0.8689044952 , 0.97400
5.88 , -0.8689044952 , 0.97950
5.91 , -0.8689044952 , 0.98517
5.94 , -0.9775175094 , 0.99067
5.98 , -0.8689044952 , 0.99633
6.01 , -0.8689044952 , 1.00167
6.04 , -0.8689044952 , 1.00733
6.08 , -0.7602916240 , 1.01283
6.11 , -0.8689044952 , 1.01850
6.14 , -0.8689044952 , 1.02400
6.18 , -0.8689044952 , 1.02950
6.21 , -0.7602916240 , 1.03500
6.24 , -0.8689044952 , 1.04067
6.28 , -0.8689044952 , 1.04617
6.31 , -0.8689044952 , 1.05167
6.34 , -0.8689044952 , 1.05717
6.38 , -0.8689044952 , 1.06283
6.41 , -0.8689044952 , 1.06833
6.44 , -0.8689044952 , 1.07400
6.48 , -0.7602916240 , 1.07933
6.51 , -0.7602916240 , 1.08500
6.54 , -0.7602916240 , 1.09050
6.58 , -0.8689044952 , 1.09617
6.61 , -0.7602916240 , 1.10150
6.64 , -0.7602916240 , 1.10717
6.68 , -0.7602916240 , 1.11267
6.71 , -0.8689044952 , 1.11833
6.74 , -0.7602916240 , 1.12383
6.78 , -0.8689044952 , 1.12933
6.81 , -0.8689044952 , 1.13483
6.84 , -0.7602916240 , 1.14050
6.88 , -0.7602916240 , 1.14600
6.91 , -0.7602916240 , 1.15150
6.94 , -0.7602916240 , 1.15700
6.98 , -0.7602916240 , 1.16267
7.01 , -0.7602916240 , 1.16817
7.04 , -0.7602916240 , 1.17383
7.07 , -0.7602916240 , 1.17917
7.11 , -0.7602916240 , 1.18483
7.14 , -0.7602916240 , 1.19033
7.18 , -0.7602916240 , 1.19600
7.21 , -0.7602916240 , 1.20133
7.24 , -0.7602916240 , 1.20700
7.28 , -0.7602916240 , 1.21250
7.31 , -0.7602916240 , 1.21817
7.34 , -0.7602916240 , 1.22367
7.38 , -0.6516787528 , 1.22917
7.41 , -0.6516787528 , 1.23467
7.44 , -0.5430658340 , 1.24033
7.48 , -0.6516787528 , 1.24583
7.51 , -0.5430658340 , 1.25133
7.54 , -0.6516787528 , 1.25683
7.57 , -0.6516787528 , 1.26250
7.61 , -0.6516787528 , 1.26800
7.64 , -0.6516787528 , 1.27367
7.67 , -0.5430658340 , 1.27900
7.71 , -0.5430658340 , 1.28467
7.74 , -0.5430658340 , 1.29017
7.78 , -0.5430658340 , 1.29583
7.81 , -0.5430658340 , 1.30133
7.84 , -0.6516787528 , 1.30683
7.87 , -0.5430658340 , 1.31233
7.91 , -0.5430658340 , 1.31800
7.94 , -0.5430658340 , 1.32350
7.97 , -0.4344529628 , 1.32900
8.01 , -0.4344529628 , 1.33450
8.04 , -0.5430658340 , 1.34017
8.07 , -0.4344529628 , 1.34567
8.11 , -0.4344529628 , 1.35133
8.14 , -0.4344529628 , 1.35667
8.17 , -0.4344529628 , 1.36233
8.21 , -0.3258400201 , 1.36783
8.24 , -0.4344529628 , 1.37350
8.27 , -0.4344529628 , 1.37883
8.31 , -0.3258400201 , 1.38450
8.34 , -0.3258400201 , 1.39000
8.37 , -0.3258400201 , 1.39567
8.41 , -0.3258400201 , 1.40117
8.44 , -0.2172271251 , 1.40667
8.47 , -0.2172271251 , 1.41217
8.51 , -0.2172271251 , 1.41783
8.54 , -0.2172271251 , 1.42333
8.57 , -0.2172271251 , 1.42883
8.61 , -0.2172271251 , 1.43433
8.64 , -0.2172271251 , 1.44000
8.67 , -0.2172271251 , 1.44550
8.71 , -0.2172271251 , 1.45117
8.74 , -0.2172271251 , 1.45650
8.77 , -0.2172271251 , 1.46217
8.81 , -0.2172271251 , 1.46767
8.84 , -0.2172271251 , 1.47333
8.87 , -0.1086129074 , 1.47867
8.91 , -0.2172271251 , 1.48433
8.94 , -0.1086129074 , 1.48983
8.97 , -0.1086129074 , 1.49550
9.01 , -0.1086129074 , 1.50100
9.04 , -0.1086129074 , 1.50650
9.07 , -0.1086129074 , 1.51200
9.11 , 0.1086129074 , 1.51767
9.14 , -0.1086129074 , 1.52300
9.17 , 0.0000000000 , 1.52850
9.20 , -0.1086129074 , 1.53383
9.24 , 0.0000000000 , 1.53950
9.27 , 0.0000000000 , 1.54483
9.30 , 0.1086129074 , 1.55033
9.33 , 0.0000000000 , 1.55550
9.37 , 0.2172258138 , 1.56100
9.40 , 0.1086129074 , 1.56633
9.43 , 0.1086129074 , 1.57183
9.46 , 0.1086129074 , 1.57700
9.50 , 0.1086129074 , 1.58250
9.53 , 0.1086129074 , 1.58783
9.56 , 0.2172258138 , 1.59333
9.59 , 0.2172258138 , 1.59850
9.62 , 0.2172258138 , 1.60400
9.66 , 0.1086129074 , 1.60933
9.69 , 0.1086129074 , 1.61483
9.72 , 0.2172258138 , 1.62000
9.75 , 0.2172258138 , 1.62550
9.78 , 0.2172258138 , 1.63083
9.82 , 0.2172258138 , 1.63633
9.85 , 0.3258387088 , 1.64150
9.88 , 0.3258387088 , 1.64683
9.91 , 0.3258387088 , 1.65233
9.95 , 0.3258387088 , 1.65767
9.98 , 0.3258387088 , 1.66300
10.01 , 0.4344516277 , 1.66833
10.04 , 0.3258387088 , 1.67400
10.08 , 0.3258387088 , 1.67950
10.11 , 0.4344516277 , 1.68500
10.14 , 0.4344516277 , 1.69050
10.18 , 0.4344516277 , 1.69617
10.21 , 0.5430645465 , 1.70167
10.24 , 0.4344516277 , 1.70733
10.28 , 0.5430645465 , 1.71267
10.31 , 0.4344516277 , 1.71833
10.34 , 0.5430645465 , 1.72383
10.38 , 0.5430645465 , 1.72950
10.41 , 0.5430645465 , 1.73483
10.44 , 0.5430645465 , 1.74050
10.48 , 0.5430645465 , 1.74600
10.51 , 0.5430645465 , 1.75167
10.54 , 0.6516774177 , 1.75717
10.58 , 0.5430645465 , 1.76267
10.61 , 0.5430645465 , 1.76817
10.64 , 0.6516774177 , 1.77383
10.68 , 0.5430645465 , 1.77933
10.71 , 0.6516774177 , 1.78500
10.74 , 0.7602903366 , 1.79033
10.78 , 0.7602903366 , 1.79600
10.81 , 0.7602903366 , 1.80150
10.84 , 0.6516774177 , 1.80717
10.88 , 0.7602903366 , 1.81250
10.91 , 0.7602903366 , 1.81817
10.94 , 0.7602903366 , 1.82367
10.98 , 0.6516774177 , 1.82933
11.01 , 0.7602903366 , 1.83483
11.04 , 0.7602903366 , 1.84033
11.07 , 0.7602903366 , 1.84583
11.11 , 0.7602903366 , 1.85150
11.14 , 0.8689032554 , 1.85700
11.18 , 0.8689032554 , 1.86250
11.21 , 0.7602903366 , 1.86800
11.24 , 0.8689032554 , 1.87367
11.27 , 0.8689032554 , 1.87917
11.31 , 0.7602903366 , 1.88483
11.34 , 0.8689032554 , 1.89017
11.38 , 0.9775160789 , 1.89583
11.41 , 0.9775160789 , 1.90133
11.44 , 0.8689032554 , 1.90700
11.47 , 0.9775160789 , 1.91233
11.51 , 0.9775160789 , 1.91800
11.54 , 0.9775160789 , 1.92350
11.57 , 0.9775160789 , 1.92917
11.61 , 1.0861290740 , 1.93467
11.64 , 0.9775160789 , 1.94017
11.67 , 0.9775160789 , 1.94567
11.71 , 0.9775160789 , 1.95133
11.74 , 0.9775160789 , 1.95683
11.77 , 1.0861290740 , 1.96233
11.81 , 1.0861290740 , 1.96783
11.84 , 1.0861290740 , 1.97350
11.87 , 1.1947419643 , 1.97900
11.91 , 1.0861290740 , 1.98467
11.94 , 1.1947419643 , 1.99000
11.97 , 1.1947419643 , 1.99567
12.01 , 1.3033561706 , 2.00117
12.04 , 1.3033561706 , 2.00683
12.07 , 1.3033561706 , 2.01217
12.11 , 1.3033561706 , 2.01783
12.14 , 1.3033561706 , 2.02333
12.17 , 1.3033561706 , 2.02900
12.21 , 1.3033561706 , 2.03450
12.24 , 1.4119690895 , 2.04000
12.27 , 1.4119690895 , 2.04550
12.31 , 1.4119690895 , 2.05117
12.34 , 1.5205819606 , 2.05667
12.37 , 1.5205819606 , 2.06233
12.41 , 1.5205819606 , 2.06767
12.44 , 1.4119690895 , 2.07333
12.47 , 1.5205819606 , 2.07883
12.51 , 1.6291948318 , 2.08450
12.54 , 1.5205819606 , 2.08983
12.57 , 1.5205819606 , 2.09550
12.61 , 1.6291948318 , 2.10100
12.64 , 1.5205819606 , 2.10667
12.67 , 1.6291948318 , 2.11217
12.71 , 1.6291948318 , 2.11767
12.74 , 1.7378077507 , 2.12317
12.77 , 1.7378077507 , 2.12883
12.81 , 1.7378077507 , 2.13433
12.84 , 1.7378077507 , 2.13983
12.87 , 1.7378077507 , 2.14533
12.91 , 1.7378077507 , 2.15100
12.94 , 1.7378077507 , 2.15650
12.97 , 1.7378077507 , 2.16217
13.01 , 1.8464206695 , 2.16750
13.04 , 1.8464206695 , 2.17317
13.07 , 1.8464206695 , 2.17867
13.11 , 1.8464206695 , 2.18433
13.14 , 1.9550334930 , 2.18967
13.17 , 1.8464206695 , 2.19533
13.21 , 1.8464206695 , 2.20083
13.24 , 1.8464206695 , 2.20650
13.27 , 1.9550334930 , 2.21200
13.31 , 1.9550334930 , 2.21750
13.34 , 1.9550334930 , 2.22300
13.37 , 1.9550334930 , 2.22867
13.40 , 2.0636465549 , 2.23417
13.44 , 1.9550334930 , 2.23967
13.47 , 1.9550334930 , 2.24517
13.51 , 2.0636465549 , 2.25083
13.54 , 2.0636465549 , 2.25633
13.57 , 2.0636465549 , 2.26200
13.60 , 2.0636465549 , 2.26733
13.64 , 2.0636465549 , 2.27300
13.67 , 2.0636465549 , 2.27850
13.71 , 2.0636465549 , 2.28417
13.74 , 2.0636465549 , 2.28950
13.77 , 2.0636465549 , 2.29517
13.80 , 2.1722593307 , 2.30067
13.84 , 2.1722593307 , 2.30633
13.87 , 2.1722593307 , 2.31183
13.90 , 2.1722593307 , 2.31733
13.94 , 2.1722593307 , 2.32283
13.97 , 2.1722593307 , 2.32850
14.00 , 2.2808723449 , 2.33400
14.04 , 2.2808723449 , 2.33967
14.07 , 2.1722593307 , 2.34500
14.10 , 2.2808723449 , 2.35067
14.14 , 2.1722593307 , 2.35617
14.17 , 2.2808723449 , 2.36183
14.20 , 2.2808723449 , 2.36717
14.24 , 2.2808723449 , 2.37283
14.27 , 2.3894851207 , 2.37833
14.30 , 2.2808723449 , 2.38400
14.34 , 2.3894851207 , 2.38950
14.37 , 2.3894851207 , 2.39500
14.40 , 2.3894851207 , 2.40050
14.44 , 2.3894851207 , 2.40617
14.47 , 2.2808723449 , 2.41167
14.50 , 2.4980981349 , 2.41717
14.54 , 2.3894851207 , 2.42267
14.57 , 2.4980981349 , 2.42833
14.60 , 2.6067109107 , 2.43383
14.64 , 2.4980981349 , 2.43950
14.67 , 2.4980981349 , 2.44483
14.70 , 2.4980981349 , 2.45050
14.74 , 2.4980981349 , 2.45600
14.77 , 2.3894851207 , 2.46167
14.80 , 2.4980981349 , 2.46700
14.84 , 2.4980981349 , 2.47267
14.87 , 2.6067109107 , 2.47817
14.90 , 2.7153253555 , 2.48383
14.94 , 2.7153253555 , 2.48933
14.97 , 2.6067109107 , 2.49483
15.00 , 2.6067109107 , 2.50033
15.04 , 2.7153253555 , 2.50600
15.07 , 2.6067109107 , 2.51150
15.10 , 2.7153253555 , 2.51700
15.14 , 2.6067109107 , 2.52250
15.17 , 2.7153253555 , 2.52817
15.20 , 2.7153253555 , 2.53367
15.24 , 2.7153253555 , 2.53933
15.27 , 2.7153253555 , 2.54467
15.30 , 2.8239381790 , 2.55033
15.34 , 2.8239381790 , 2.55583
15.37 , 2.8239381790 , 2.56150
15.40 , 2.8239381790 , 2.56683
15.44 , 2.9325511932 , 2.57250
15.47 , 2.8239381790 , 2.57800
15.50 , 2.8239381790 , 2.58367
15.53 , 2.8239381790 , 2.58917
15.57 , 2.9325511932 , 2.59467
15.60 , 2.9325511932 , 2.60017
15.64 , 3.0411639213 , 2.60583
15.67 , 2.9325511932 , 2.61133
15.70 , 2.9325511932 , 2.61700
15.73 , 3.0411639213 , 2.62233
15.77 , 3.0411639213 , 2.62800
15.80 , 3.0411639213 , 2.63350
15.84 , 2.9325511932 , 2.63917
15.87 , 3.0411639213 , 2.64450
15.90 , 3.0411639213 , 2.65017
15.93 , 2.9325511932 , 2.65567
15.97 , 3.0411639213 , 2.66133
16.00 , 3.0411639213 , 2.66683
16.03 , 3.0411639213 , 2.67233
16.07 , 3.1497769355 , 2.67783
16.10 , 3.1497769355 , 2.68350
16.13 , 3.1497769355 , 2.68900
16.17 , 3.1497769355 , 2.69450
16.20 , 3.1497769355 , 2.70000
16.23 , 3.1497769355 , 2.70567
16.27 , 3.1497769355 , 2.71117
16.30 , 3.2583897113 , 2.71683
16.33 , 3.1497769355 , 2.72217
16.37 , 3.2583897113 , 2.72783
16.40 , 3.2583897113 , 2.73333
16.43 , 3.2583897113 , 2.73900
16.47 , 3.3670027256 , 2.74433
16.50 , 3.3670027256 , 2.75000
16.53 , 3.3670027256 , 2.75550
16.57 , 3.3670027256 , 2.76117
16.60 , 3.3670027256 , 2.76667
16.63 , 3.4756155014 , 2.77217
16.67 , 3.3670027256 , 2.77767
16.70 , 3.3670027256 , 2.78333
16.73 , 3.4756155014 , 2.78883
16.77 , 3.3670027256 , 2.79433
16.80 , 3.4756155014 , 2.79983
16.83 , 3.4756155014 , 2.80550
16.87 , 3.4756155014 , 2.81100
16.90 , 3.5842285156 , 2.81667
16.93 , 3.4756155014 , 2.82200
16.97 , 3.4756155014 , 2.82767
17.00 , 3.5842285156 , 2.83317
17.03 , 3.6928412914 , 2.83883
17.06 , 3.5842285156 , 2.84417
17.10 , 3.6928412914 , 2.84983
17.13 , 3.5842285156 , 2.85533
17.17 , 3.5842285156 , 2.86100
17.20 , 3.6928412914 , 2.86650
17.23 , 3.8014543533 , 2.87200
17.26 , 3.8014543533 , 2.87750
17.30 , 3.8014543533 , 2.88317
17.33 , 3.8014543533 , 2.88867
17.37 , 3.8014543533 , 2.89433
17.40 , 3.9100670814 , 2.89967
17.43 , 3.9100670814 , 2.90533
17.46 , 3.8014543533 , 2.91083
17.50 , 3.9100670814 , 2.91650
17.53 , 3.9100670814 , 2.92183
17.56 , 3.9100670814 , 2.92750
17.60 , 3.9100670814 , 2.93300
17.63 , 3.8014543533 , 2.93867
17.67 , 4.0186800956 , 2.94417
17.70 , 3.9100670814 , 2.94967
17.73 , 4.0186800956 , 2.95517
17.76 , 4.0186800956 , 2.96083
17.80 , 3.9100670814 , 2.96633
17.83 , 4.0186800956 , 2.97183
17.86 , 4.0186800956 , 2.97733
17.90 , 3.9100670814 , 2.98300
17.93 , 4.0186800956 , 2.98850
17.96 , 4.0186800956 , 2.99417
18.00 , 4.0186800956 , 2.99950
18.03 , 4.0186800956 , 3.00517
18.06 , 4.1272945404 , 3.01067
18.10 , 4.1272945404 , 3.01633
18.13 , 4.0186800956 , 3.02167
18.16 , 4.0186800956 , 3.02733
18.20 , 4.0186800956 , 3.03283
18.23 , 4.1272945404 , 3.03850
18.26 , 4.1272945404 , 3.04400
18.30 , 4.1272945404 , 3.04950
18.33 , 4.1272945404 , 3.05500
18.36 , 4.2359070777 , 3.06067
18.40 , 4.2359070777 , 3.06617
18.43 , 4.2359070777 , 3.07167
18.46 , 4.1272945404 , 3.07717
18.50 , 4.1272945404 , 3.08283
18.53 , 4.2359070777 , 3.08833
18.56 , 4.2359070777 , 3.09400
18.60 , 4.2359070777 , 3.09933
18.63 , 4.2359070777 , 3.10500
18.66 , 4.3445200920 , 3.11050
18.70 , 4.2359070777 , 3.11617
18.73 , 4.3445200920 , 3.12150
18.76 , 4.3445200920 , 3.12717
18.80 , 4.3445200920 , 3.13267
18.83 , 4.3445200920 , 3.13833
18.86 , 4.3445200920 , 3.14383
18.90 , 4.3445200920 , 3.14933
18.93 , 4.4531331062 , 3.15483
18.96 , 4.3445200920 , 3.16050
19.00 , 4.4531331062 , 3.16600
19.03 , 4.4531331062 , 3.17167
19.06 , 4.4531331062 , 3.17700
19.10 , 4.4531331062 , 3.18267
19.13 , 4.5617461204 , 3.18817
19.16 , 4.4531331062 , 3.19383
19.19 , 4.5617461204 , 3.19917
19.23 , 4.4531331062 , 3.20483
19.26 , 4.5617461204 , 3.21033
19.30 , 4.5617461204 , 3.21600
19.33 , 4.5617461204 , 3.22150
19.36 , 4.6703586578 , 3.22700
19.39 , 4.5617461204 , 3.23250
19.43 , 4.6703586578 , 3.23817
19.46 , 4.6703586578 , 3.24367
19.50 , 4.6703586578 , 3.24917
19.53 , 4.6703586578 , 3.25467
19.56 , 4.6703586578 , 3.26033
19.59 , 4.6703586578 , 3.26583
19.63 , 4.6703586578 , 3.27150
19.66 , 4.6703586578 , 3.27683
19.69 , 4.6703586578 , 3.28250
19.73 , 4.6703586578 , 3.28800
19.76 , 4.7789716720 , 3.29367
19.79 , 4.7789716720 , 3.29900
19.83 , 4.8875846862 , 3.30467
19.86 , 4.7789716720 , 3.31017
19.89 , 4.8875846862 , 3.31583
19.93 , 4.7789716720 , 3.32133
19.96 , 4.7789716720 , 3.32683
19.99 , 4.8875846862 , 3.33233
20.03 , 4.8875846862 , 3.33800
20.06 , 4.8875846862 , 3.34350
20.09 , 4.8875846862 , 3.34900
20.13 , 4.7789716720 , 3.35450
20.16 , 4.9961977005 , 3.36017
20.19 , 4.8875846862 , 3.36567
20.23 , 4.9961977005 , 3.37133
20.26 , 4.8875846862 , 3.37667
20.29 , 4.9961977005 , 3.38233
20.33 , 4.9961977005 , 3.38783
20.36 , 5.1048102378 , 3.39350
20.39 , 4.8875846862 , 3.39883
20.43 , 4.9961977005 , 3.40450
20.46 , 4.9961977005 , 3.41000
20.49 , 4.9961977005 , 3.41567
20.53 , 4.9961977005 , 3.42117
20.56 , 4.9961977005 , 3.42667
20.59 , 5.1048102378 , 3.43217
20.63 , 4.9961977005 , 3.43783
20.66 , 4.9961977005 , 3.44333
20.69 , 5.1048102378 , 3.44900
20.73 , 4.9961977005 , 3.45433
20.76 , 5.1048102378 , 3.46000
20.79 , 5.1048102378 , 3.46550
20.83 , 5.1048102378 , 3.47117
20.86 , 5.1048102378 , 3.47650
20.89 , 5.2134232521 , 3.48217
20.93 , 5.2134232521 , 3.48767
20.96 , 5.2134232521 , 3.49333
20.99 , 5.2134232521 , 3.49883
21.03 , 5.2134232521 , 3.50433
21.06 , 5.3220362663 , 3.50983
21.09 , 5.2134232521 , 3.51550
21.13 , 5.3220362663 , 3.52100
21.16 , 5.2134232521 , 3.52650
21.19 , 5.3220362663 , 3.53200
21.23 , 5.3220362663 , 3.53767
21.26 , 5.2134232521 , 3.54317
21.29 , 5.3220362663 , 3.54883
21.32 , 5.3220362663 , 3.55417
21.36 , 5.4306492805 , 3.55983
21.39 , 5.3220362663 , 3.56533
21.43 , 5.3220362663 , 3.57100
21.46 , 5.3220362663 , 3.57633
21.49 , 5.4306492805 , 3.58200
21.52 , 5.4306492805 , 3.58750
21.56 , 5.4306492805 , 3.59317
21.59 , 5.4306492805 , 3.59867
21.62 , 5.4306492805 , 3.60417
21.66 , 5.5392632484 , 3.60967
21.69 , 5.5392632484 , 3.61533
21.72 , 5.4306492805 , 3.62083
21.76 , 5.5392632484 , 3.62633
21.79 , 5.5392632484 , 3.63183
21.82 , 5.5392632484 , 3.63750
21.86 , 5.5392632484 , 3.64300
21.89 , 5.5392632484 , 3.64867
21.92 , 5.6478762626 , 3.65400
21.96 , 5.6478762626 , 3.65967
21.99 , 5.5392632484 , 3.66517
22.02 , 5.6478762626 , 3.67083
22.06 , 5.6478762626 , 3.67617
22.09 , 5.6478762626 , 3.68183
22.12 , 5.6478762626 , 3.68733
22.16 , 5.6478762626 , 3.69300
22.19 , 5.6478762626 , 3.69850
22.22 , 5.7564892768 , 3.70400
22.26 , 5.8651022911 , 3.70950
22.29 , 5.7564892768 , 3.71517
22.32 , 5.8651022911 , 3.72067
22.36 , 5.8651022911 , 3.72633
22.39 , 5.8651022911 , 3.73167
22.42 , 5.7564892768 , 3.73733
22.46 , 5.8651022911 , 3.74283
22.49 , 5.8651022911 , 3.74850
22.52 , 5.7564892768 , 3.75383
22.56 , 5.8651022911 , 3.75950
22.59 , 5.8651022911 , 3.76500
22.62 , 5.8651022911 , 3.77067
22.66 , 5.9737148284 , 3.77617
22.69 , 5.8651022911 , 3.78167
22.72 , 5.8651022911 , 3.78717
22.76 , 5.8651022911 , 3.79283
22.79 , 5.9737148284 , 3.79833
22.82 , 5.9737148284 , 3.80383
22.86 , 5.8651022911 , 3.80933
22.89 , 5.9737148284 , 3.81500
22.92 , 5.9737148284 , 3.82050
22.96 , 6.0823278427 , 3.82617
22.99 , 5.9737148284 , 3.83150
23.02 , 5.9737148284 , 3.83717
23.06 , 6.0823278427 , 3.84267
23.09 , 6.0823278427 , 3.84833
23.12 , 6.0823278427 , 3.85367
23.16 , 6.0823278427 , 3.85933
23.19 , 5.9737148284 , 3.86483
23.22 , 6.0823278427 , 3.87050
23.26 , 6.0823278427 , 3.87600
23.29 , 6.1909408569 , 3.88150
23.32 , 6.0823278427 , 3.88700
23.36 , 6.1909408569 , 3.89267
23.39 , 6.1909408569 , 3.89817
23.42 , 6.0823278427 , 3.90367
23.45 , 6.1909408569 , 3.90917
23.49 , 6.1909408569 , 3.91483
23.52 , 6.1909408569 , 3.92033
23.56 , 6.1909408569 , 3.92600
23.59 , 6.0823278427 , 3.93133
23.62 , 6.1909408569 , 3.93700
23.65 , 6.1909408569 , 3.94250
23.69 , 6.1909408569 , 3.94817
23.72 , 6.2995538711 , 3.95350
23.75 , 6.2995538711 , 3.95917
23.79 , 6.2995538711 , 3.96467
23.82 , 6.2995538711 , 3.97033
23.85 , 6.2995538711 , 3.97583
23.89 , 6.4081664085 , 3.98133
23.92 , 6.4081664085 , 3.98683
23.95 , 6.4081664085 , 3.99250
23.99 , 6.4081664085 , 3.99800
24.02 , 6.4081664085 , 4.00367
24.05 , 6.4081664085 , 4.00900
24.09 , 6.4081664085 , 4.01467
24.12 , 6.5167794227 , 4.02017
24.15 , 6.5167794227 , 4.02583
24.19 , 6.5167794227 , 4.03117
24.22 , 6.5167794227 , 4.03683
24.25 , 6.6253924369 , 4.04233
24.29 , 6.5167794227 , 4.04800
24.32 , 6.5167794227 , 4.05350
24.35 , 6.6253924369 , 4.05900
24.39 , 6.6253924369 , 4.06450
24.42 , 6.6253924369 , 4.07017
24.45 , 6.5167794227 , 4.07567
24.49 , 6.5167794227 , 4.08117
24.52 , 6.6253924369 , 4.08667
24.55 , 6.6253924369 , 4.09233
24.59 , 6.6253924369 , 4.09783
24.62 , 6.7340054512 , 4.10350
24.65 , 6.7340054512 , 4.10883
24.69 , 6.7340054512 , 4.11450
24.72 , 6.7340054512 , 4.12000
24.75 , 6.7340054512 , 4.12567
24.79 , 6.7340054512 , 4.13100
24.82 , 6.6253924369 , 4.13667
24.85 , 6.7340054512 , 4.14217
24.89 , 6.8426194190 , 4.14783
24.92 , 6.7340054512 , 4.15333
24.95 , 6.7340054512 , 4.15883
24.99 , 6.8426194190 , 4.16433
25.02 , 6.7340054512 , 4.17000
25.05 , 6.8426194190 , 4.17550
25.09 , 6.9512324333 , 4.18100
25.12 , 6.8426194190 , 4.18650
25.15 , 6.9512324333 , 4.19217
25.19 , 6.9512324333 , 4.19767
25.22 , 6.8426194190 , 4.20333
25.25 , 6.9512324333 , 4.20867
25.29 , 6.8426194190 , 4.21433
25.32 , 6.9512324333 , 4.21983
25.35 , 6.9512324333 , 4.22550
25.38 , 6.9512324333 , 4.23083
25.42 , 6.8426194190 , 4.23650
25.45 , 6.9512324333 , 4.24200
25.49 , 6.9512324333 , 4.24767
25.52 , 6.9512324333 , 4.25317
25.55 , 6.9512324333 , 4.25867
25.58 , 6.9512324333 , 4.26417
25.62 , 6.9512324333 , 4.26983
25.65 , 6.9512324333 , 4.27533
25.69 , 7.0598454475 , 4.28100
25.72 , 7.0598454475 , 4.28633
25.75 , 7.1684584617 , 4.29200
25.78 , 7.0598454475 , 4.29750
25.82 , 6.9512324333 , 4.30317
25.85 , 7.0598454475 , 4.30850
25.88 , 7.0598454475 , 4.31417
25.92 , 7.1684584617 , 4.31967
25.95 , 7.1684584617 , 4.32533
25.98 , 7.1684584617 , 4.33083
26.02 , 7.1684584617 , 4.33633
26.05 , 7.1684584617 , 4.34183
26.08 , 7.1684584617 , 4.34750
26.12 , 7.1684584617 , 4.35300
26.15 , 7.1684584617 , 4.35850
26.18 , 7.1684584617 , 4.36400
26.22 , 7.2770709991 , 4.36967
26.25 , 7.2770709991 , 4.37517
26.28 , 7.1684584617 , 4.38083
26.32 , 7.2770709991 , 4.38617
26.35 , 7.2770709991 , 4.39183
26.38 , 7.3856840133 , 4.39733
26.42 , 7.1684584617 , 4.40300
26.45 , 7.4942970275 , 4.40833
26.48 , 7.3856840133 , 4.41400
26.52 , 7.4942970275 , 4.41950
26.55 , 7.2770709991 , 4.42517
26.58 , 7.2770709991 , 4.43067
26.62 , 7.4942970275 , 4.43617
26.65 , 7.3856840133 , 4.44167
26.68 , 7.3856840133 , 4.44733
26.72 , 7.4942970275 , 4.45283
26.75 , 7.4942970275 , 4.45833
26.78 , 7.4942970275 , 4.46383
26.82 , 7.3856840133 , 4.46950
26.85 , 7.4942970275 , 4.47500
26.88 , 7.4942970275 , 4.48067
26.92 , 7.4942970275 , 4.48600
26.95 , 7.4942970275 , 4.49167
26.98 , 7.4942970275 , 4.49717
27.02 , 7.6029100418 , 4.50283
27.05 , 7.6029100418 , 4.50817
27.08 , 7.6029100418 , 4.51383
27.12 , 7.6029100418 , 4.51933
27.15 , 7.6029100418 , 4.52500
27.18 , 7.6029100418 , 4.53050
27.22 , 7.6029100418 , 4.53600
27.25 , 7.7115225791 , 4.54150
27.28 , 7.6029100418 , 4.54717
27.32 , 7.7115225791 , 4.55267
27.35 , 7.7115225791 , 4.55833
27.38 , 7.7115225791 , 4.56367
27.42 , 7.6029100418 , 4.56933
27.45 , 7.7115225791 , 4.57483
27.48 , 7.7115225791 , 4.58050
27.51 , 7.7115225791 , 4.58583
27.55 , 7.7115225791 , 4.59150
27.58 , 7.8201355934 , 4.59700
27.62 , 7.7115225791 , 4.60267
27.65 , 7.7115225791 , 4.60817
27.68 , 7.7115225791 , 4.61367
27.71 , 7.8201355934 , 4.61917
27.75 , 7.8201355934 , 4.62483
27.78 , 7.8201355934 , 4.63033
27.81 , 7.8201355934 , 4.63583
27.85 , 7.9287486076 , 4.64133
27.88 , 7.8201355934 , 4.64700
27.92 , 7.8201355934 , 4.65250
27.95 , 7.9287486076 , 4.65817
27.98 , 7.9287486076 , 4.66350
28.01 , 7.9287486076 , 4.66917
28.05 , 7.9287486076 , 4.67467
28.08 , 7.9287486076 , 4.68033
28.11 , 7.9287486076 , 4.68567
28.15 , 7.9287486076 , 4.69133
28.18 , 7.9287486076 , 4.69683
28.21 , 7.9287486076 , 4.70250
28.25 , 8.1459741592 , 4.70800
28.28 , 8.0373611450 , 4.71350
28.31 , 8.0373611450 , 4.71900
28.35 , 8.0373611450 , 4.72467
28.38 , 8.0373611450 , 4.73017
28.41 , 8.1459741592 , 4.73567
28.45 , 8.1459741592 , 4.74117
28.48 , 8.0373611450 , 4.74683
28.51 , 8.0373611450 , 4.75233
28.55 , 8.1459741592 , 4.75800
28.58 , 8.1459741592 , 4.76333
28.61 , 8.0373611450 , 4.76900
28.65 , 8.1459741592 , 4.77450
28.68 , 8.1459741592 , 4.78017
28.71 , 8.2545890808 , 4.78550
28.75 , 8.2545890808 , 4.79117
28.78 , 8.2545890808 , 4.79667
28.81 , 8.2545890808 , 4.80233
28.85 , 8.2545890808 , 4.80783
28.88 , 8.2545890808 , 4.81333
28.91 , 8.2545890808 , 4.81883
28.95 , 8.3632011413 , 4.82450
28.98 , 8.3632011413 , 4.83000
29.01 , 8.3632011413 , 4.83567
29.05 , 8.3632011413 , 4.84100
29.08 , 8.3632011413 , 4.84667
29.11 , 8.3632011413 , 4.85217
29.15 , 8.3632011413 , 4.85783
29.18 , 8.3632011413 , 4.86317
29.21 , 8.3632011413 , 4.86883
29.25 , 8.4718141555 , 4.87433
29.28 , 8.4718141555 , 4.88000
29.31 , 8.4718141555 , 4.88550
29.35 , 8.4718141555 , 4.89100
29.38 , 8.5804271697 , 4.89650
29.41 , 8.4718141555 , 4.90217
29.45 , 8.4718141555 , 4.90767
29.48 , 8.4718141555 , 4.91317
29.51 , 8.5804271697 , 4.91867
29.55 , 8.4718141555 , 4.92433
29.58 , 8.4718141555 , 4.92983
29.61 , 8.5804271697 , 4.93550
29.64 , 8.5804271697 , 4.94083
29.68 , 8.5804271697 , 4.94650
29.71 , 8.5804271697 , 4.95200
29.75 , 8.5804271697 , 4.95767
29.78 , 8.6890401840 , 4.96300
29.81 , 8.6890401840 , 4.96867
29.84 , 8.6890401840 , 4.97417
29.88 , 8.6890401840 , 4.97983
29.91 , 8.6890401840 , 4.98533
29.94 , 8.6890401840 , 4.99083
29.98 , 8.5804271697 , 4.99633
30.01 , 8.7976531982 , 5.00200
30.04 , 8.6890401840 , 5.00750
30.08 , 8.7976531982 , 5.01300
30.11 , 8.6890401840 , 5.01850
30.14 , 8.6890401840 , 5.02417
30.18 , 8.7976531982 , 5.02967
30.21 , 8.7976531982 , 5.03533
30.24 , 8.7976531982 , 5.04067
30.28 , 8.7976531982 , 5.04633
30.31 , 8.7976531982 , 5.05183
30.34 , 8.7976531982 , 5.05750
30.38 , 8.7976531982 , 5.06283
30.41 , 8.7976531982 , 5.06850
30.44 , 8.7976531982 , 5.07400
30.48 , 8.9062662124 , 5.07967
30.51 , 8.7976531982 , 5.08517
30.54 , 8.7976531982 , 5.09067
30.58 , 8.7976531982 , 5.09617
30.61 , 8.9062662124 , 5.10183
30.64 , 8.9062662124 , 5.10733
30.68 , 8.9062662124 , 5.11300
30.71 , 8.9062662124 , 5.11833
30.74 , 9.0148792266 , 5.12400
30.78 , 8.9062662124 , 5.12950
30.81 , 8.9062662124 , 5.13517
30.84 , 9.0148792266 , 5.14050
30.88 , 9.0148792266 , 5.14617
30.91 , 9.0148792266 , 5.15167
30.94 , 9.0148792266 , 5.15733
30.98 , 8.9062662124 , 5.16283
31.01 , 9.0148792266 , 5.16833
31.04 , 9.0148792266 , 5.17383
31.08 , 9.0148792266 , 5.17950
31.11 , 9.0148792266 , 5.18500
31.14 , 9.1234922409 , 5.19050
31.18 , 9.1234922409 , 5.19600
31.21 , 9.1234922409 , 5.20167
31.24 , 9.1234922409 , 5.20717
31.28 , 9.1234922409 , 5.21283
31.31 , 9.2321052551 , 5.21817
31.34 , 9.2321052551 , 5.22383
31.38 , 9.1234922409 , 5.22933
31.41 , 9.2321052551 , 5.23500
31.44 , 9.3407173156 , 5.24033
31.48 , 9.2321052551 , 5.24600
31.51 , 9.2321052551 , 5.25150
31.54 , 9.3407173156 , 5.25717
31.58 , 9.3407173156 , 5.26267
31.61 , 9.3407173156 , 5.26817
31.64 , 9.2321052551 , 5.27367
31.68 , 9.3407173156 , 5.27933
31.71 , 8.9062662124 , 5.28483
31.74 , 8.7976531982 , 5.29033
31.77 , 8.7976531982 , 5.29583
31.81 , 8.7976531982 , 5.30150
31.84 , 8.9062662124 , 5.30700
31.88 , 8.9062662124 , 5.31267
31.91 , 8.9062662124 , 5.31800
31.94 , 8.7976531982 , 5.32367
31.97 , 8.9062662124 , 5.32917
32.01 , 8.9062662124 , 5.33483
32.04 , 8.9062662124 , 5.34017
32.08 , 8.9062662124 , 5.34583
32.11 , 9.0148792266 , 5.35133
32.14 , 8.9062662124 , 5.35700
32.18 , 9.0148792266 , 5.36250
32.21 , 8.9062662124 , 5.36800
32.24 , 8.9062662124 , 5.37350
32.28 , 9.0148792266 , 5.37917
32.31 , 9.0148792266 , 5.38467
32.34 , 8.9062662124 , 5.39033
32.37 , 9.0148792266 , 5.39567
32.41 , 9.0148792266 , 5.40133
32.44 , 9.0148792266 , 5.40683
32.47 , 8.9062662124 , 5.41250
32.51 , 9.0148792266 , 5.41783
32.54 , 9.0148792266 , 5.42350
32.57 , 9.1234922409 , 5.42900
32.61 , 9.0148792266 , 5.43467
32.64 , 9.1234922409 , 5.44017
32.67 , 9.1234922409 , 5.44567
32.71 , 9.0148792266 , 5.45117
32.74 , 9.1234922409 , 5.45683
32.77 , 9.1234922409 , 5.46233
32.81 , 9.1234922409 , 5.46783
32.84 , 9.1234922409 , 5.47333
32.87 , 9.2321052551 , 5.47900
32.91 , 9.2321052551 , 5.48450
32.94 , 9.2321052551 , 5.49017
32.97 , 9.1234922409 , 5.49550
33.01 , 9.2321052551 , 5.50117
33.04 , 9.1234922409 , 5.50667
33.07 , 9.2321052551 , 5.51233
33.11 , 9.2321052551 , 5.51767
33.14 , 9.2321052551 , 5.52333
33.17 , 9.2321052551 , 5.52883
33.21 , 9.3407173156 , 5.53450
33.24 , 9.2321052551 , 5.54000
33.27 , 9.3407173156 , 5.54550
33.31 , 9.2321052551 , 5.55100
33.34 , 9.3407173156 , 5.55667
33.37 , 9.3407173156 , 5.56217
33.41 , 9.3407173156 , 5.56767
33.44 , 9.3407173156 , 5.57317
33.47 , 9.3407173156 , 5.57883
33.51 , 9.3407173156 , 5.58433
33.54 , 9.4493303298 , 5.59000
33.57 , 9.4493303298 , 5.59533
33.61 , 9.4493303298 , 5.60100
33.64 , 9.4493303298 , 5.60650
33.67 , 9.4493303298 , 5.61217
33.71 , 9.4493303298 , 5.61750
33.74 , 9.5579433441 , 5.62317
33.77 , 9.4493303298 , 5.62867
33.81 , 9.5579433441 , 5.63433
33.84 , 9.5579433441 , 5.63983
33.87 , 9.5579433441 , 5.64533
33.90 , 9.5579433441 , 5.65083
33.94 , 9.5579433441 , 5.65650
33.97 , 9.5579433441 , 5.66200
34.01 , 9.5579433441 , 5.66767
34.04 , 9.5579433441 , 5.67300
34.07 , 9.6665573120 , 5.67867
34.11 , 9.6665573120 , 5.68417
34.14 , 9.6665573120 , 5.68983
34.17 , 9.6665573120 , 5.69517
34.21 , 9.6665573120 , 5.70083
34.24 , 9.6665573120 , 5.70633
34.27 , 9.7751703262 , 5.71200
34.31 , 9.7751703262 , 5.71750
34.34 , 9.7751703262 , 5.72300
34.37 , 9.7751703262 , 5.72850
34.40 , 9.7751703262 , 5.73417
34.44 , 9.7751703262 , 5.73967
34.47 , 9.7751703262 , 5.74517
34.50 , 9.8837833404 , 5.75067
34.54 , 9.7751703262 , 5.75633
34.57 , 9.8837833404 , 5.76183
34.61 , 9.8837833404 , 5.76750
34.64 , 9.7751703262 , 5.77283
34.67 , 9.8837833404 , 5.77850
34.70 , 9.8837833404 , 5.78400
34.74 , 9.7751703262 , 5.78967
34.77 , 9.8837833404 , 5.79500
34.80 , 9.8837833404 , 5.80067
34.84 , 9.8837833404 , 5.80617
34.87 , 9.7751703262 , 5.81183
34.90 , 9.8837833404 , 5.81733
34.94 , 9.8837833404 , 5.82283
34.97 , 9.8837833404 , 5.82833
35.00 , 9.9923963546 , 5.83400
35.04 , 9.8837833404 , 5.83950
35.07 , 9.8837833404 , 5.84500
35.10 , 9.9923963546 , 5.85050
35.14 , 9.9923963546 , 5.85617
35.17 , 9.9923963546 , 5.86167
35.20 , 9.9923963546 , 5.86733
35.24 , 10.1010093688 , 5.87267
35.27 , 9.9923963546 , 5.87850
35.30 , 9.9923963546 , 5.88400
35.34 , 9.9923963546 , 5.88967
35.37 , 10.1010093688 , 5.89517
35.40 , 10.1010093688 , 5.90083
35.44 , 10.1010093688 , 5.90650
35.47 , 10.2096223831 , 5.91233
35.51 , 10.1010093688 , 5.91800
35.54 , 10.2096223831 , 5.92383
35.58 , 10.1010093688 , 5.92950
35.61 , 10.1010093688 , 5.93517
35.65 , 10.3182353973 , 5.94100
35.68 , 10.3182353973 , 5.94667
35.72 , 10.2096223831 , 5.95250
35.75 , 10.4268484115 , 5.95800
35.78 , 10.2096223831 , 5.96383
35.82 , 10.3182353973 , 5.96950
35.85 , 10.3182353973 , 5.97533
35.89 , 10.3182353973 , 5.98100
35.92 , 10.3182353973 , 5.98667
35.95 , 10.4268484115 , 5.99233
35.99 , 10.4268484115 , 5.99817
36.02 , 10.3182353973 , 6.00383
36.06 , 10.5354614257 , 6.00967
36.09 , 10.3182353973 , 6.01517
36.13 , 10.3182353973 , 6.02100
36.16 , 10.4268484115 , 6.02667
36.20 , 10.4268484115 , 6.03250
36.23 , 10.4268484115 , 6.03817
36.26 , 10.5354614257 , 6.04383
36.30 , 10.4268484115 , 6.04950
36.33 , 10.5354614257 , 6.05533
36.37 , 10.5354614257 , 6.06100
36.40 , 10.5354614257 , 6.06683
36.43 , 10.5354614257 , 6.07233
36.47 , 10.5354614257 , 6.07817
36.50 , 10.5354614257 , 6.08383
36.54 , 10.5354614257 , 6.08967
36.57 , 10.5354614257 , 6.09533
36.61 , 10.6440734863 , 6.10100
36.64 , 10.5354614257 , 6.10683
36.68 , 10.6440734863 , 6.11250
36.71 , 10.6440734863 , 6.11833
36.74 , 10.6440734863 , 6.12400
36.78 , 10.6440734863 , 6.12983
36.81 , 10.6440734863 , 6.13533
36.85 , 10.6440734863 , 6.14117
36.88 , 10.7526865005 , 6.14683
36.92 , 10.7526865005 , 6.15267
36.95 , 10.7526865005 , 6.15833
36.98 , 10.7526865005 , 6.16400
37.02 , 10.7526865005 , 6.16967
37.05 , 10.7526865005 , 6.17550
37.09 , 10.7526865005 , 6.18117
37.12 , 10.7526865005 , 6.18700
37.15 , 10.7526865005 , 6.19250
37.19 , 10.7526865005 , 6.19833
37.22 , 10.7526865005 , 6.20400
37.26 , 10.8612995147 , 6.20983
37.29 , 10.8612995147 , 6.21550
37.33 , 10.7526865005 , 6.22117
37.36 , 10.8612995147 , 6.22683
37.40 , 10.9699125289 , 6.23267
37.43 , 10.8612995147 , 6.23833
37.47 , 10.8612995147 , 6.24417
37.50 , 10.8612995147 , 6.24967
37.53 , 10.8612995147 , 6.25550
37.57 , 10.8612995147 , 6.26117
37.60 , 10.8612995147 , 6.26700
37.64 , 10.8612995147 , 6.27267
37.67 , 10.9699125289 , 6.27833
37.70 , 10.9699125289 , 6.28400
37.74 , 10.9699125289 , 6.28983
37.77 , 10.9699125289 , 6.29567
37.81 , 11.0785255432 , 6.30133
37.84 , 11.0785255432 , 6.30700
37.88 , 11.0785255432 , 6.31267
37.91 , 11.0785255432 , 6.31850
37.95 , 11.0785255432 , 6.32417
37.98 , 11.0785255432 , 6.33000
38.01 , 11.0785255432 , 6.33550
38.05 , 11.0785255432 , 6.34133
38.08 , 11.1871385574 , 6.34700
38.12 , 11.0785255432 , 6.35283
38.15 , 11.2957515716 , 6.35850
38.19 , 11.1871385574 , 6.36417
38.22 , 11.1871385574 , 6.36983
38.25 , 11.1871385574 , 6.37567
38.29 , 11.1871385574 , 6.38133
38.32 , 11.2957515716 , 6.38717
38.36 , 11.1871385574 , 6.39267
38.39 , 11.1871385574 , 6.39850
38.43 , 11.2957515716 , 6.40417
38.46 , 11.1871385574 , 6.41000
38.49 , 11.2957515716 , 6.41567
38.53 , 11.2957515716 , 6.42150
38.56 , 11.2957515716 , 6.42700
38.60 , 11.4043645858 , 6.43283
38.63 , 11.2957515716 , 6.43850
38.67 , 11.4043645858 , 6.44433
38.70 , 11.4043645858 , 6.45000
38.73 , 11.4043645858 , 6.45567
38.77 , 11.4043645858 , 6.46133
38.80 , 11.5129766464 , 6.46717
38.84 , 11.4043645858 , 6.47300
38.87 , 11.4043645858 , 6.47867
38.91 , 11.4043645858 , 6.48433
38.94 , 11.5129766464 , 6.49000
38.97 , 11.5129766464 , 6.49583
39.01 , 11.5129766464 , 6.50150
39.04 , 11.6215896606 , 6.50733
39.08 , 11.6215896606 , 6.51283
39.11 , 11.6215896606 , 6.51867
39.15 , 11.5129766464 , 6.52433
39.18 , 11.6215896606 , 6.53017
39.22 , 11.6215896606 , 6.53583
39.25 , 11.6215896606 , 6.54150
39.28 , 11.6215896606 , 6.54717
39.32 , 11.7302055358 , 6.55300
39.35 , 11.6215896606 , 6.55867
39.39 , 11.7302055358 , 6.56450
39.42 , 11.6215896606 , 6.57000
39.46 , 11.7302055358 , 6.57583
39.49 , 11.7302055358 , 6.58150
39.52 , 11.7302055358 , 6.58733
39.56 , 11.6215896606 , 6.59300
39.59 , 11.7302055358 , 6.59867
39.63 , 11.7302055358 , 6.60433
39.66 , 11.8388185501 , 6.61017
39.70 , 11.8388185501 , 6.61583
39.73 , 11.8388185501 , 6.62167
39.76 , 11.8388185501 , 6.62717
39.80 , 11.8388185501 , 6.63300
39.83 , 11.8388185501 , 6.63867
39.87 , 11.8388185501 , 6.64450
39.90 , 11.8388185501 , 6.65017
39.94 , 11.8388185501 , 6.65600
39.97 , 11.8388185501 , 6.66167
40.00 , 11.8388185501 , 6.66733
40.04 , 11.7302055358 , 6.67317
40.07 , 11.9474315643 , 6.67883
40.11 , 11.8388185501 , 6.68467
40.14 , 11.9474315643 , 6.69017
40.18 , 11.9474315643 , 6.69600
40.21 , 11.9474315643 , 6.70167
40.25 , 12.0560445785 , 6.70750
40.28 , 11.9474315643 , 6.71317
40.31 , 12.0560445785 , 6.71883
40.35 , 11.9474315643 , 6.72450
40.38 , 12.0560445785 , 6.73033
40.42 , 12.0560445785 , 6.73600
40.45 , 12.0560445785 , 6.74183
40.48 , 12.0560445785 , 6.74733
40.52 , 12.0560445785 , 6.75317
40.55 , 12.0560445785 , 6.75883
40.59 , 12.0560445785 , 6.76467
40.62 , 12.0560445785 , 6.77033
40.66 , 12.1646575927 , 6.77600
40.69 , 12.1646575927 , 6.78167
40.72 , 12.1646575927 , 6.78750
40.76 , 12.1646575927 , 6.79317
40.79 , 12.1646575927 , 6.79900
40.83 , 12.1646575927 , 6.80450
40.86 , 12.2732696533 , 6.81033
40.90 , 12.2732696533 , 6.81600
40.93 , 12.2732696533 , 6.82183
40.97 , 12.2732696533 , 6.82750
41.00 , 12.2732696533 , 6.83317
41.03 , 12.2732696533 , 6.83900
41.07 , 12.2732696533 , 6.84467
41.10 , 12.2732696533 , 6.85050
41.14 , 12.2732696533 , 6.85617
41.17 , 12.2732696533 , 6.86183
41.21 , 12.3818826675 , 6.86750
41.24 , 12.3818826675 , 6.87333
41.27 , 12.3818826675 , 6.87900
41.31 , 12.3818826675 , 6.88483
41.34 , 12.3818826675 , 6.89033
41.38 , 12.4904956817 , 6.89617
41.41 , 12.3818826675 , 6.90183
41.45 , 12.4904956817 , 6.90767
41.48 , 12.4904956817 , 6.91333
41.52 , 12.4904956817 , 6.91917
41.55 , 12.4904956817 , 6.92467
41.58 , 12.4904956817 , 6.93050
41.62 , 12.5991086959 , 6.93617
41.65 , 12.5991086959 , 6.94200
41.69 , 12.5991086959 , 6.94767
41.72 , 12.7077217102 , 6.95333
41.75 , 12.5991086959 , 6.95900
41.79 , 12.5991086959 , 6.96483
41.82 , 12.5991086959 , 6.97050
41.86 , 12.5991086959 , 6.97633
41.89 , 12.5991086959 , 6.98183
41.93 , 12.7077217102 , 6.98767
41.96 , 12.5991086959 , 6.99333
42.00 , 12.5991086959 , 6.99917
42.03 , 12.7077217102 , 7.00483
42.06 , 12.7077217102 , 7.01050
42.10 , 12.7077217102 , 7.01617
42.13 , 12.5991086959 , 7.02200
42.17 , 12.7077217102 , 7.02783
42.20 , 12.8163347244 , 7.03350
42.24 , 12.7077217102 , 7.03917
42.27 , 12.8163347244 , 7.04483
42.30 , 12.7077217102 , 7.05067
42.34 , 12.8163347244 , 7.05633
42.37 , 12.7077217102 , 7.06217
42.41 , 12.8163347244 , 7.06767
42.44 , 12.8163347244 , 7.07350
42.47 , 12.8163347244 , 7.07917
42.51 , 12.8163347244 , 7.08500
42.54 , 12.9249477386 , 7.09067
42.58 , 12.9249477386 , 7.09633
42.61 , 12.9249477386 , 7.10200
42.65 , 12.9249477386 , 7.10783
42.68 , 12.8163347244 , 7.11350
42.72 , 12.9249477386 , 7.11933
42.75 , 12.9249477386 , 7.12483
42.78 , 12.9249477386 , 7.13067
42.82 , 13.0335607528 , 7.13633
42.85 , 12.9249477386 , 7.14217
42.89 , 13.0335607528 , 7.14783
42.92 , 13.0335607528 , 7.15350
42.96 , 13.0335607528 , 7.15917
42.99 , 13.1421737670 , 7.16500
43.02 , 13.0335607528 , 7.17067
43.06 , 13.0335607528 , 7.17650
43.09 , 13.0335607528 , 7.18200
43.13 , 13.0335607528 , 7.18783
43.16 , 13.1421737670 , 7.19350
43.20 , 13.1421737670 , 7.19933
43.23 , 13.2507858276 , 7.20517
43.27 , 13.2507858276 , 7.21083
43.30 , 13.2507858276 , 7.21650
43.33 , 13.1421737670 , 7.22217
43.37 , 13.2507858276 , 7.22800
43.40 , 13.2507858276 , 7.23367
43.44 , 13.3593988418 , 7.23950
43.47 , 13.3593988418 , 7.24500
43.51 , 13.2507858276 , 7.25083
43.54 , 13.2507858276 , 7.25650
43.57 , 13.2507858276 , 7.26233
43.61 , 13.3593988418 , 7.26800
43.64 , 13.3593988418 , 7.27367
43.68 , 13.3593988418 , 7.27933
43.71 , 13.3593988418 , 7.28517
43.75 , 13.3593988418 , 7.29083
43.78 , 13.3593988418 , 7.29667
43.81 , 13.4680118560 , 7.30217
43.85 , 13.3593988418 , 7.30800
43.88 , 13.4680118560 , 7.31367
43.92 , 13.4680118560 , 7.31950
43.95 , 13.4680118560 , 7.32517
43.99 , 13.4680118560 , 7.33083
44.02 , 13.4680118560 , 7.33650
44.05 , 13.5766248703 , 7.34233
44.09 , 13.5766248703 , 7.34800
44.12 , 13.6852378845 , 7.35383
44.16 , 13.5766248703 , 7.35933
44.19 , 13.5766248703 , 7.36517
44.22 , 13.5766248703 , 7.37083
44.26 , 13.5766248703 , 7.37667
44.29 , 13.6852378845 , 7.38233
44.33 , 13.6852378845 , 7.38800
44.36 , 13.5766248703 , 7.39383
44.40 , 13.5766248703 , 7.39950
44.43 , 13.5766248703 , 7.40533
44.47 , 13.5766248703 , 7.41100
44.50 , 13.6852378845 , 7.41667
44.53 , 13.6852378845 , 7.42233
44.57 , 13.7938508987 , 7.42817
44.60 , 13.6852378845 , 7.43383
44.64 , 13.6852378845 , 7.43967
44.67 , 13.6852378845 , 7.44533
44.71 , 13.6852378845 , 7.45100
44.74 , 13.6852378845 , 7.45667
44.78 , 13.7938508987 , 7.46250
44.81 , 13.7938508987 , 7.46817
44.84 , 13.7938508987 , 7.47400
44.88 , 13.7938508987 , 7.47950
44.91 , 13.7938508987 , 7.48533
44.95 , 13.9024639129 , 7.49100
44.98 , 13.7938508987 , 7.49683
45.02 , 13.9024639129 , 7.50250
45.05 , 13.9024639129 , 7.50817
45.08 , 13.7938508987 , 7.51383
45.12 , 14.0110769271 , 7.51967
45.15 , 13.9024639129 , 7.52533
45.19 , 13.9024639129 , 7.53117
45.22 , 13.9024639129 , 7.53667
45.26 , 14.0110769271 , 7.54250
45.29 , 14.0110769271 , 7.54817
45.32 , 14.0110769271 , 7.55400
45.36 , 14.0110769271 , 7.55967
45.39 , 14.0110769271 , 7.56533
45.43 , 14.0110769271 , 7.57117
45.46 , 14.0110769271 , 7.57683
45.50 , 14.1196889877 , 7.58267
45.53 , 14.0110769271 , 7.58833
45.56 , 14.1196889877 , 7.59400
45.60 , 14.1196889877 , 7.59967
45.63 , 14.1196889877 , 7.60550
45.67 , 14.1196889877 , 7.61117
45.70 , 14.1196889877 , 7.61700
45.74 , 14.2283020019 , 7.62250
45.77 , 14.1196889877 , 7.62833
45.80 , 14.2283020019 , 7.63400
45.84 , 14.2283020019 , 7.63983
45.87 , 14.2283020019 , 7.64550
45.91 , 14.3369150161 , 7.65117
45.94 , 14.3369150161 , 7.65683
45.98 , 14.3369150161 , 7.66267
46.01 , 14.3369150161 , 7.66833
46.04 , 14.3369150161 , 7.67417
46.08 , 14.2283020019 , 7.67967
46.11 , 14.4455280303 , 7.68550
46.15 , 14.3369150161 , 7.69117
46.18 , 14.4455280303 , 7.69700
46.22 , 14.3369150161 , 7.70267
46.25 , 14.4455280303 , 7.70850
46.28 , 14.4455280303 , 7.71400
46.32 , 14.4455280303 , 7.71983
46.35 , 14.4455280303 , 7.72550
46.39 , 14.5541439056 , 7.73133
46.42 , 14.4455280303 , 7.73700
46.46 , 14.5541439056 , 7.74267
46.49 , 14.4455280303 , 7.74833
46.53 , 14.5541439056 , 7.75417
46.56 , 14.5541439056 , 7.76000
46.59 , 14.5541439056 , 7.76567
46.63 , 14.5541439056 , 7.77133
46.66 , 14.5541439056 , 7.77700
46.70 , 14.5541439056 , 7.78283
46.73 , 14.5541439056 , 7.78850
46.77 , 14.5541439056 , 7.79433
46.80 , 14.5541439056 , 7.79983
46.83 , 14.5541439056 , 7.80567
46.87 , 14.5541439056 , 7.81133
46.90 , 14.5541439056 , 7.81717
46.94 , 14.6627569198 , 7.82283
46.97 , 14.6627569198 , 7.82850
47.01 , 14.5541439056 , 7.83417
47.04 , 14.6627569198 , 7.84000
47.07 , 14.6627569198 , 7.84567
47.11 , 14.6627569198 , 7.85150
47.14 , 14.6627569198 , 7.85700
47.18 , 14.7713699340 , 7.86283
47.21 , 14.7713699340 , 7.86850
47.25 , 14.7713699340 , 7.87433
47.28 , 14.7713699340 , 7.88000
47.31 , 14.7713699340 , 7.88567
47.35 , 14.8799819946 , 7.89133
47.38 , 14.8799819946 , 7.89717
47.42 , 14.8799819946 , 7.90283
47.45 , 14.8799819946 , 7.90867
47.49 , 14.8799819946 , 7.91417
47.52 , 14.8799819946 , 7.92000
47.55 , 14.9885950088 , 7.92567
47.59 , 14.9885950088 , 7.93150
47.62 , 14.8799819946 , 7.93733
47.66 , 14.9885950088 , 7.94283
47.69 , 14.8799819946 , 7.94867
47.73 , 14.9885950088 , 7.95433
47.76 , 14.9885950088 , 7.96017
47.79 , 14.9885950088 , 7.96583
47.83 , 15.0972080230 , 7.97167
47.86 , 14.9885950088 , 7.97717
47.90 , 14.9885950088 , 7.98300
47.93 , 14.9885950088 , 7.98867
47.97 , 15.0972080230 , 7.99450
48.00 , 15.0972080230 , 8.00017
48.04 , 15.0972080230 , 8.00583
48.07 , 15.0972080230 , 8.01150
48.10 , 15.2058210372 , 8.01733
48.14 , 15.0972080230 , 8.02300
48.17 , 15.0972080230 , 8.02883
48.21 , 15.2058210372 , 8.03433
48.24 , 15.0972080230 , 8.04017
48.28 , 15.2058210372 , 8.04583
48.31 , 15.2058210372 , 8.05167
48.34 , 15.3144340515 , 8.05733
48.38 , 15.2058210372 , 8.06300
48.41 , 15.3144340515 , 8.06867
48.45 , 15.2058210372 , 8.07450
48.48 , 15.2058210372 , 8.08017
48.52 , 15.3144340515 , 8.08600
48.55 , 15.3144340515 , 8.09150
48.58 , 15.4230470657 , 8.09733
48.62 , 15.4230470657 , 8.10300
48.65 , 15.3144340515 , 8.10883
48.69 , 15.4230470657 , 8.11450
48.72 , 15.4230470657 , 8.12017
48.76 , 15.4230470657 , 8.12600
48.79 , 15.3144340515 , 8.13167
48.83 , 15.4230470657 , 8.13750
48.86 , 15.3144340515 , 8.14317
48.89 , 15.5316600799 , 8.14883
48.93 , 15.5316600799 , 8.15450
48.96 , 15.5316600799 , 8.16033
49.00 , 15.5316600799 , 8.16600
49.03 , 15.5316600799 , 8.17183
49.06 , 15.5316600799 , 8.17733
49.10 , 15.5316600799 , 8.18317
49.13 , 15.5316600799 , 8.18883
49.17 , 15.5316600799 , 8.19467
49.20 , 15.5316600799 , 8.20033
49.24 , 15.5316600799 , 8.20600
49.27 , 15.6402730941 , 8.21167
49.31 , 15.5316600799 , 8.21750
49.34 , 15.5316600799 , 8.22317
49.37 , 15.6402730941 , 8.22900
49.41 , 15.5316600799 , 8.23467
49.44 , 15.6402730941 , 8.24033
49.48 , 15.6402730941 , 8.24600
49.51 , 15.7488861083 , 8.25183
49.54 , 15.6402730941 , 8.25750
49.58 , 15.7488861083 , 8.26333
49.61 , 15.7488861083 , 8.26883
49.65 , 15.6402730941 , 8.27467
49.68 , 15.6402730941 , 8.28033
49.72 , 15.7488861083 , 8.28617
49.75 , 15.7488861083 , 8.29183
49.79 , 15.7488861083 , 8.29750
49.82 , 15.7488861083 , 8.30333
49.85 , 15.6402730941 , 8.30900
49.89 , 15.7488861083 , 8.31483
49.92 , 15.8574981689 , 8.32050
49.96 , 15.8574981689 , 8.32617
49.99 , 15.8574981689 , 8.33183
50.03 , 15.8574981689 , 8.33767
50.06 , 15.8574981689 , 8.34333
50.10 , 15.9661111831 , 8.34917
50.13 , 15.8574981689 , 8.35467
50.16 , 15.9661111831 , 8.36050
50.20 , 15.9661111831 , 8.36617
50.23 , 15.9661111831 , 8.37200
50.27 , 15.9661111831 , 8.37767
50.30 , 16.0747241973 , 8.38333
50.33 , 15.9661111831 , 8.38900
50.37 , 16.0747241973 , 8.39483
50.40 , 16.0747241973 , 8.40050
50.44 , 16.0747241973 , 8.40633
50.47 , 16.0747241973 , 8.41183
50.51 , 16.0747241973 , 8.41767
50.54 , 16.0747241973 , 8.42333
50.58 , 16.0747241973 , 8.42917
50.61 , 16.0747241973 , 8.43483
50.64 , 16.0747241973 , 8.44050
50.68 , 16.1833381652 , 8.44617
50.71 , 16.1833381652 , 8.45200
50.75 , 16.1833381652 , 8.45767
50.78 , 16.2919502258 , 8.46350
50.81 , 16.1833381652 , 8.46900
50.85 , 16.1833381652 , 8.47483
50.88 , 16.2919502258 , 8.48050
50.92 , 16.1833381652 , 8.48633
50.95 , 16.2919502258 , 8.49217
50.99 , 16.2919502258 , 8.49783
51.02 , 16.2919502258 , 8.50350
51.06 , 16.2919502258 , 8.50917
51.09 , 16.2919502258 , 8.51500
51.12 , 16.2919502258 , 8.52067
51.16 , 16.4005622863 , 8.52650
51.19 , 16.2919502258 , 8.53200
51.23 , 16.4005622863 , 8.53783
51.26 , 16.4005622863 , 8.54350
51.30 , 16.4005622863 , 8.54933
51.33 , 16.4005622863 , 8.55500
51.36 , 16.4005622863 , 8.56067
51.40 , 16.4005622863 , 8.56633
51.43 , 16.5091762542 , 8.57217
51.47 , 16.5091762542 , 8.57783
51.50 , 16.5091762542 , 8.58367
51.54 , 16.6177883148 , 8.58917
51.57 , 16.5091762542 , 8.59500
51.60 , 16.5091762542 , 8.60067
51.64 , 16.5091762542 , 8.60650
51.67 , 16.6177883148 , 8.61217
51.71 , 16.5091762542 , 8.61783
51.74 , 16.5091762542 , 8.62350
51.78 , 16.5091762542 , 8.62933
51.81 , 16.5091762542 , 8.63500
51.85 , 16.6177883148 , 8.64083
51.88 , 16.6177883148 , 8.64633
51.91 , 16.6177883148 , 8.65217
51.95 , 16.6177883148 , 8.65783
51.98 , 16.6177883148 , 8.66367
52.02 , 16.6177883148 , 8.66950
52.05 , 16.7264022827 , 8.67500
52.09 , 16.6177883148 , 8.68083
52.12 , 16.7264022827 , 8.68650
52.15 , 16.7264022827 , 8.69233
52.19 , 16.7264022827 , 8.69800
52.22 , 16.7264022827 , 8.70367
52.26 , 16.7264022827 , 8.70933
52.29 , 16.8350143432 , 8.71517
52.33 , 16.7264022827 , 8.72083
52.36 , 16.8350143432 , 8.72667
52.39 , 16.7264022827 , 8.73217
52.43 , 16.8350143432 , 8.73800
52.46 , 16.8350143432 , 8.74367
52.50 , 16.8350143432 , 8.74950
52.53 , 16.8350143432 , 8.75517
52.57 , 16.8350143432 , 8.76100
52.60 , 16.8350143432 , 8.76650
52.63 , 16.9436283111 , 8.77233
52.67 , 16.9436283111 , 8.77800
52.70 , 16.9436283111 , 8.78383
52.74 , 16.9436283111 , 8.78950
52.77 , 17.0522403717 , 8.79517
52.81 , 17.0522403717 , 8.80083
52.84 , 17.0522403717 , 8.80667
52.87 , 16.9436283111 , 8.81233
52.91 , 17.0522403717 , 8.81817
52.94 , 17.0522403717 , 8.82367
52.98 , 17.0522403717 , 8.82950
53.01 , 17.1608543395 , 8.83517
53.05 , 17.0522403717 , 8.84100
53.08 , 17.0522403717 , 8.84667
53.11 , 17.2694683074 , 8.85233
53.15 , 17.1608543395 , 8.85817
53.18 , 17.1608543395 , 8.86383
53.22 , 17.1608543395 , 8.86967
53.25 , 17.1608543395 , 8.87533
53.29 , 17.1608543395 , 8.88100
53.32 , 17.2694683074 , 8.88667
53.36 , 17.2694683074 , 8.89250
53.39 , 17.2694683074 , 8.89817
53.42 , 17.2694683074 , 8.90400
53.46 , 17.2694683074 , 8.90950
53.49 , 17.2694683074 , 8.91533
53.53 , 17.3780822753 , 8.92100
53.56 , 17.2694683074 , 8.92683
53.60 , 17.2694683074 , 8.93250
53.63 , 17.3780822753 , 8.93817
53.66 , 17.2694683074 , 8.94383
53.70 , 17.3780822753 , 8.94967
53.73 , 17.3780822753 , 8.95533
53.77 , 17.3780822753 , 8.96117
53.80 , 17.3780822753 , 8.96667
53.84 , 17.3780822753 , 8.97250
53.87 , 17.4866943359 , 8.97817
53.90 , 17.4866943359 , 8.98400
53.94 , 17.4866943359 , 8.98967
53.97 , 17.4866943359 , 8.99533
54.01 , 17.4866943359 , 9.00100
54.04 , 17.4866943359 , 9.00683
54.08 , 17.4866943359 , 9.01250
54.11 , 17.4866943359 , 9.01833
54.14 , 17.4866943359 , 9.02400
54.18 , 17.4866943359 , 9.02967
54.21 , 17.5953083038 , 9.03550
54.25 , 17.5953083038 , 9.04117
54.28 , 17.5953083038 , 9.04700
54.32 , 17.5953083038 , 9.05267
54.35 , 17.5953083038 , 9.05833
54.38 , 17.5953083038 , 9.06400
54.42 , 17.5953083038 , 9.06983
54.45 , 17.5953083038 , 9.07550
54.49 , 17.5953083038 , 9.08133
54.52 , 17.7039203643 , 9.08683
54.56 , 17.7039203643 , 9.09267
54.59 , 17.7039203643 , 9.09833
54.63 , 17.7039203643 , 9.10417
54.66 , 17.8125343322 , 9.10983
54.69 , 17.8125343322 , 9.11550
54.73 , 17.7039203643 , 9.12117
54.76 , 17.7039203643 , 9.12700
54.80 , 17.7039203643 , 9.13267
54.83 , 17.8125343322 , 9.13850
54.86 , 17.8125343322 , 9.14400
54.90 , 17.8125343322 , 9.14983
54.93 , 17.8125343322 , 9.15550
54.97 , 17.9211463928 , 9.16133
55.00 , 17.8125343322 , 9.16700
55.04 , 17.8125343322 , 9.17267
55.07 , 17.9211463928 , 9.17833
55.11 , 17.9211463928 , 9.18417
55.14 , 17.9211463928 , 9.18983
55.17 , 17.9211463928 , 9.19567
55.21 , 18.0297584533 , 9.20117
55.24 , 17.9211463928 , 9.20700
55.28 , 17.9211463928 , 9.21267
55.31 , 18.0297584533 , 9.21850
55.35 , 17.9211463928 , 9.22433
55.38 , 18.0297584533 , 9.22983
55.41 , 18.0297584533 , 9.23567
55.45 , 18.0297584533 , 9.24133
55.48 , 18.1383724212 , 9.24717
55.52 , 18.1383724212 , 9.25283
55.55 , 18.1383724212 , 9.25867
55.59 , 18.1383724212 , 9.26417
55.62 , 18.1383724212 , 9.27000
55.65 , 18.2469844818 , 9.27567
55.69 , 18.2469844818 , 9.28150
55.72 , 18.1383724212 , 9.28717
55.76 , 18.1383724212 , 9.29283
55.79 , 18.2469844818 , 9.29850
55.83 , 18.2469844818 , 9.30433
55.86 , 18.2469844818 , 9.31000
55.90 , 18.2469844818 , 9.31583
55.93 , 18.2469844818 , 9.32133
55.96 , 18.2469844818 , 9.32717
56.00 , 18.3555984497 , 9.33283
56.03 , 18.3555984497 , 9.33867
56.07 , 18.3555984497 , 9.34433
56.10 , 18.3555984497 , 9.35000
56.13 , 18.3555984497 , 9.35567
56.17 , 18.4642105102 , 9.36150
56.20 , 18.3555984497 , 9.36717
56.24 , 18.3555984497 , 9.37300
56.27 , 18.3555984497 , 9.37850
56.31 , 18.3555984497 , 9.38433
56.34 , 18.3555984497 , 9.39000
56.38 , 18.3555984497 , 9.39583
56.41 , 18.3555984497 , 9.40167
56.44 , 18.4642105102 , 9.40717
56.48 , 18.4642105102 , 9.41300
56.51 , 18.5728244781 , 9.41867
56.55 , 18.4642105102 , 9.42450
56.58 , 18.5728244781 , 9.43017
56.62 , 18.4642105102 , 9.43583
56.65 , 18.4642105102 , 9.44150
56.68 , 18.5728244781 , 9.44733
56.72 , 18.5728244781 , 9.45300
56.75 , 18.5728244781 , 9.45883
56.79 , 18.5728244781 , 9.46433
56.82 , 18.6814365386 , 9.47017
56.86 , 18.5728244781 , 9.47583
56.89 , 18.5728244781 , 9.48167
56.92 , 18.6814365386 , 9.48733
56.96 , 18.5728244781 , 9.49300
56.99 , 18.6814365386 , 9.49867
57.03 , 18.6814365386 , 9.50450
57.06 , 18.6814365386 , 9.51017
57.10 , 18.6814365386 , 9.51600
57.13 , 18.7900505065 , 9.52150
57.16 , 18.6814365386 , 9.52733
57.20 , 18.6814365386 , 9.53300
57.23 , 18.7900505065 , 9.53883
57.27 , 18.7900505065 , 9.54450
57.30 , 18.6814365386 , 9.55033
57.34 , 18.7900505065 , 9.55583
57.37 , 18.8986625671 , 9.56167
57.40 , 18.7900505065 , 9.56733
57.44 , 18.8986625671 , 9.57317
57.47 , 18.8986625671 , 9.57883
57.51 , 18.8986625671 , 9.58450
57.54 , 18.8986625671 , 9.59033
57.58 , 18.8986625671 , 9.59600
57.61 , 18.8986625671 , 9.60183
57.65 , 18.8986625671 , 9.60750
57.68 , 18.8986625671 , 9.61317
57.71 , 18.8986625671 , 9.61883
57.75 , 19.0072746276 , 9.62467
57.78 , 19.1158885955 , 9.63033
57.82 , 19.0072746276 , 9.63617
57.85 , 19.0072746276 , 9.64167
57.88 , 19.0072746276 , 9.64750
57.92 , 19.1158885955 , 9.65317
57.95 , 19.1158885955 , 9.65900
57.99 , 19.1158885955 , 9.66467
58.02 , 19.1158885955 , 9.67033
58.06 , 19.1158885955 , 9.67600
58.09 , 19.2245006561 , 9.68183
58.13 , 19.2245006561 , 9.68750
58.16 , 19.1158885955 , 9.69333
58.19 , 19.1158885955 , 9.69883
58.23 , 19.2245006561 , 9.70467
58.26 , 19.2245006561 , 9.71033
58.30 , 19.3331146240 , 9.71617
58.33 , 19.2245006561 , 9.72183
58.37 , 19.3331146240 , 9.72750
58.40 , 19.2245006561 , 9.73317
58.43 , 19.3331146240 , 9.73900
58.47 , 19.3331146240 , 9.74467
58.50 , 19.3331146240 , 9.75050
58.54 , 19.3331146240 , 9.75600
58.57 , 19.3331146240 , 9.76183
58.61 , 19.2245006561 , 9.76767
58.64 , 19.4417266845 , 9.77333
58.68 , 19.3331146240 , 9.77917
58.71 , 19.4417266845 , 9.78467
58.74 , 19.4417266845 , 9.79050
58.78 , 19.3331146240 , 9.79617
58.81 , 19.4417266845 , 9.80200
58.85 , 19.4417266845 , 9.80767
58.88 , 19.4417266845 , 9.81350
58.91 , 19.4417266845 , 9.81900
58.95 , 19.3331146240 , 9.82483
58.98 , 19.5503406524 , 9.83050
59.02 , 19.4417266845 , 9.83633
59.05 , 19.4417266845 , 9.84200
59.09 , 19.5503406524 , 9.84767
59.12 , 19.5503406524 , 9.85333
59.15 , 19.5503406524 , 9.85917
59.19 , 19.4417266845 , 9.86483
59.22 , 19.5503406524 , 9.87067
59.26 , 19.5503406524 , 9.87617
59.29 , 19.6589527130 , 9.88200
59.33 , 19.5503406524 , 9.88767
59.36 , 19.6589527130 , 9.89350
59.40 , 19.5503406524 , 9.89917
59.43 , 19.6589527130 , 9.90483
59.46 , 19.6589527130 , 9.91050
59.50 , 19.5503406524 , 9.91633
59.53 , 19.6589527130 , 9.92200
59.57 , 19.7675666809 , 9.92783
59.60 , 19.6589527130 , 9.93333
59.63 , 19.7675666809 , 9.93917
59.67 , 19.8761787414 , 9.94483
59.70 , 19.7675666809 , 9.95067
59.74 , 19.7675666809 , 9.95650
59.77 , 19.7675666809 , 9.96200
59.81 , 19.7675666809 , 9.96783
59.84 , 19.8761787414 , 9.97350
59.88 , 19.6589527130 , 9.97933
59.91 , 19.8761787414 , 9.98500
59.94 , 19.8761787414 , 9.99067
59.98 , 19.8761787414 , 9.99633
60.01 , 19.9847908020 , 10.00217
60.05 , 19.8761787414 , 10.00800
60.08 , 19.9847908020 , 10.01400
60.12 , 19.9847908020 , 10.01983
60.15 , 19.9847908020 , 10.02567
60.19 , 19.9847908020 , 10.03150
60.22 , 19.9847908020 , 10.03750
60.26 , 19.9847908020 , 10.04333
60.30 , 20.0934066772 , 10.04933
60.33 , 19.9847908020 , 10.05517
60.37 , 19.9847908020 , 10.06100
60.40 , 20.0934066772 , 10.06683
60.44 , 20.0934066772 , 10.07283
60.47 , 20.0934066772 , 10.07883
60.51 , 20.2020206451 , 10.08467
60.54 , 20.2020206451 , 10.09067
60.58 , 20.2020206451 , 10.09633
60.61 , 20.2020206451 , 10.10233
60.65 , 20.2020206451 , 10.10817
60.69 , 20.0934066772 , 10.11417
60.72 , 20.2020206451 , 10.12000
60.76 , 20.2020206451 , 10.12583
60.79 , 20.3106327056 , 10.13167
60.83 , 20.2020206451 , 10.13767
60.86 , 20.2020206451 , 10.14350
60.90 , 20.3106327056 , 10.14950
60.93 , 20.3106327056 , 10.15533
60.97 , 20.3106327056 , 10.16117
61.00 , 20.4192466735 , 10.16717
61.04 , 20.3106327056 , 10.17300
61.07 , 20.4192466735 , 10.17900
61.11 , 20.3106327056 , 10.18483
61.15 , 20.3106327056 , 10.19083
61.18 , 20.3106327056 , 10.19650
61.22 , 20.3106327056 , 10.20250
61.25 , 20.4192466735 , 10.20833
61.29 , 20.3106327056 , 10.21433
61.32 , 20.4192466735 , 10.22017
61.36 , 20.4192466735 , 10.22617
61.39 , 20.5278587341 , 10.23183
61.43 , 20.4192466735 , 10.23783
61.46 , 20.5278587341 , 10.24367
61.50 , 20.5278587341 , 10.24967
61.53 , 20.5278587341 , 10.25550
61.57 , 20.5278587341 , 10.26150
61.60 , 20.5278587341 , 10.26733
61.64 , 20.5278587341 , 10.27317
61.68 , 20.5278587341 , 10.27917
61.71 , 20.5278587341 , 10.28500
61.75 , 20.6364707946 , 10.29100
61.78 , 20.6364707946 , 10.29667
61.82 , 20.6364707946 , 10.30267
61.85 , 20.6364707946 , 10.30850
61.89 , 20.7450847625 , 10.31450
61.92 , 20.6364707946 , 10.32033
61.96 , 20.6364707946 , 10.32633
61.99 , 20.7450847625 , 10.33200
62.03 , 20.7450847625 , 10.33800
62.06 , 20.7450847625 , 10.34383
62.10 , 20.7450847625 , 10.34983
62.13 , 20.6364707946 , 10.35583
62.17 , 20.7450847625 , 10.36167
62.21 , 20.7450847625 , 10.36750
62.24 , 20.7450847625 , 10.37333
62.28 , 20.8536968231 , 10.37933
62.31 , 20.8536968231 , 10.38517
62.35 , 20.8536968231 , 10.39117
62.38 , 20.7450847625 , 10.39700
62.42 , 20.8536968231 , 10.40283
62.45 , 20.9623107910 , 10.40867
62.49 , 20.9623107910 , 10.41467
62.52 , 21.0709228515 , 10.42050
62.56 , 20.9623107910 , 10.42650
62.59 , 20.9623107910 , 10.43233
62.63 , 20.9623107910 , 10.43817
62.66 , 20.9623107910 , 10.44400
62.70 , 21.0709228515 , 10.45000
62.74 , 20.9623107910 , 10.45600
62.77 , 20.9623107910 , 10.46183
62.81 , 21.0709228515 , 10.46783
62.84 , 21.0709228515 , 10.47350
62.88 , 21.0709228515 , 10.47950
62.91 , 21.0709228515 , 10.48533
62.95 , 21.0709228515 , 10.49133
62.98 , 21.1795368194 , 10.49717
63.02 , 21.0709228515 , 10.50317
63.05 , 21.1795368194 , 10.50883
63.09 , 21.1795368194 , 10.51483
63.12 , 21.1795368194 , 10.52067
63.16 , 21.1795368194 , 10.52667
63.20 , 21.1795368194 , 10.53250
63.23 , 21.1795368194 , 10.53833
63.27 , 21.1795368194 , 10.54433
63.30 , 21.1795368194 , 10.55017
63.34 , 21.2881488800 , 10.55617
63.37 , 21.2881488800 , 10.56200
63.41 , 21.2881488800 , 10.56800
63.44 , 21.2881488800 , 10.57367
63.48 , 21.1795368194 , 10.57967
63.51 , 21.2881488800 , 10.58550
63.55 , 21.3967628479 , 10.59150
63.58 , 21.3967628479 , 10.59733
63.62 , 21.3967628479 , 10.60333
63.65 , 21.2881488800 , 10.60900
63.69 , 21.3967628479 , 10.61500
63.72 , 21.2881488800 , 10.62083
63.76 , 21.3967628479 , 10.62683
63.80 , 21.3967628479 , 10.63267
63.83 , 21.3967628479 , 10.63867
63.87 , 21.3967628479 , 10.64450
63.90 , 21.3967628479 , 10.65033
63.94 , 21.3967628479 , 10.65633
63.97 , 21.5053749084 , 10.66217
64.01 , 21.6139869689 , 10.66817
64.04 , 21.5053749084 , 10.67400
64.08 , 21.5053749084 , 10.67983
64.11 , 21.5053749084 , 10.68567
64.15 , 21.6139869689 , 10.69167
64.18 , 21.5053749084 , 10.69750
64.22 , 21.5053749084 , 10.70350
64.26 , 21.5053749084 , 10.70933
64.29 , 21.7226009368 , 10.71517
64.33 , 21.6139869689 , 10.72100
64.36 , 21.6139869689 , 10.72700
64.40 , 21.7226009368 , 10.73300
64.43 , 21.6139869689 , 10.73883
64.47 , 21.6139869689 , 10.74467
64.50 , 21.7226009368 , 10.75050
64.54 , 21.7226009368 , 10.75650
64.57 , 21.7226009368 , 10.76233
64.61 , 21.7226009368 , 10.76833
64.64 , 21.8312129974 , 10.77417
64.68 , 21.7226009368 , 10.78000
64.71 , 21.8312129974 , 10.78583
64.75 , 21.8312129974 , 10.79183
64.79 , 21.8312129974 , 10.79767
64.82 , 21.9398269653 , 10.80367
64.86 , 21.8312129974 , 10.80950
64.89 , 21.8312129974 , 10.81533
64.93 , 21.9398269653 , 10.82117
64.96 , 21.9398269653 , 10.82717
65.00 , 21.8312129974 , 10.83317
65.03 , 21.9398269653 , 10.83900
65.07 , 21.9398269653 , 10.84500
65.10 , 21.9398269653 , 10.85067
65.14 , 22.0484390258 , 10.85667
65.18 , 21.9398269653 , 10.86250
65.21 , 22.0484390258 , 10.86850
65.25 , 22.0484390258 , 10.87433
65.28 , 22.0484390258 , 10.88033
65.32 , 22.0484390258 , 10.88600
65.35 , 22.0484390258 , 10.89200
65.39 , 22.0484390258 , 10.89783
65.42 , 22.0484390258 , 10.90383
65.46 , 22.1570529937 , 10.90967
65.49 , 22.0484390258 , 10.91567
65.53 , 22.1570529937 , 10.92150
65.56 , 22.1570529937 , 10.92733
65.60 , 22.1570529937 , 10.93333
65.63 , 22.2656669616 , 10.93917
65.67 , 22.1570529937 , 10.94517
65.70 , 22.2656669616 , 10.95083
65.74 , 22.2656669616 , 10.95683
65.78 , 22.1570529937 , 10.96267
65.81 , 22.2656669616 , 10.96867
65.85 , 22.2656669616 , 10.97450
65.88 , 22.2656669616 , 10.98050
65.92 , 22.3742790222 , 10.98617
65.95 , 22.2656669616 , 10.99217
65.99 , 22.2656669616 , 10.99800
66.02 , 22.2656669616 , 11.00400
66.06 , 22.2656669616 , 11.00983
66.09 , 22.3742790222 , 11.01583
66.13 , 22.2656669616 , 11.02167
66.16 , 22.3742790222 , 11.02750
66.20 , 22.3742790222 , 11.03350
66.24 , 22.3742790222 , 11.03933
66.27 , 22.4828929901 , 11.04533
66.31 , 22.3742790222 , 11.05117
66.34 , 22.4828929901 , 11.05700
66.38 , 22.3742790222 , 11.06283
66.41 , 22.3742790222 , 11.06883
66.45 , 22.4828929901 , 11.07467
66.48 , 22.4828929901 , 11.08067
66.52 , 22.4828929901 , 11.08650
66.55 , 22.4828929901 , 11.09233
66.59 , 22.5915050506 , 11.09817
66.62 , 22.5915050506 , 11.10417
66.66 , 22.5915050506 , 11.11017
66.70 , 22.5915050506 , 11.11600
66.73 , 22.5915050506 , 11.12200
66.77 , 22.5915050506 , 11.12767
66.80 , 22.5915050506 , 11.13367
66.84 , 22.7001190185 , 11.13950
66.87 , 22.5915050506 , 11.14550
66.91 , 22.7001190185 , 11.15133
66.94 , 22.8087310791 , 11.15733
66.98 , 22.5915050506 , 11.16300
67.01 , 22.5915050506 , 11.16900
67.05 , 22.7001190185 , 11.17483
67.08 , 22.8087310791 , 11.18083
67.12 , 22.7001190185 , 11.18667
67.15 , 22.8087310791 , 11.19250
67.19 , 22.8087310791 , 11.19833
67.23 , 22.9173431396 , 11.20433
67.26 , 22.8087310791 , 11.21033
67.30 , 22.9173431396 , 11.21617
67.33 , 22.8087310791 , 11.22217
67.37 , 22.8087310791 , 11.22783
67.40 , 22.9173431396 , 11.23383
67.44 , 22.9173431396 , 11.23967
67.47 , 22.9173431396 , 11.24567
67.51 , 22.9173431396 , 11.25150
67.54 , 22.9173431396 , 11.25750
67.58 , 22.9173431396 , 11.26317
67.61 , 23.0259571075 , 11.26917
67.65 , 23.0259571075 , 11.27500
67.69 , 22.9173431396 , 11.28100
67.72 , 22.9173431396 , 11.28683
67.76 , 23.0259571075 , 11.29283
67.79 , 23.0259571075 , 11.29867
67.83 , 23.0259571075 , 11.30450
67.86 , 23.1345691680 , 11.31050
67.90 , 23.1345691680 , 11.31633
67.93 , 23.0259571075 , 11.32233
67.97 , 23.0259571075 , 11.32817
68.00 , 23.1345691680 , 11.33400
68.04 , 23.2431831359 , 11.33983
68.07 , 23.1345691680 , 11.34583
68.11 , 23.2431831359 , 11.35167
68.15 , 23.1345691680 , 11.35767
68.18 , 23.2431831359 , 11.36333
68.22 , 23.1345691680 , 11.36933
68.25 , 23.2431831359 , 11.37517
68.29 , 23.2431831359 , 11.38117
68.32 , 23.2431831359 , 11.38700
68.36 , 23.2431831359 , 11.39300
68.39 , 23.2431831359 , 11.39883
68.43 , 23.3517951965 , 11.40467
68.46 , 23.3517951965 , 11.41067
68.50 , 23.2431831359 , 11.41650
68.54 , 23.2431831359 , 11.42250
68.57 , 23.2431831359 , 11.42833
68.61 , 23.2431831359 , 11.43417
68.64 , 23.2431831359 , 11.44000
68.68 , 23.3517951965 , 11.44600
68.71 , 23.3517951965 , 11.45183
68.75 , 23.3517951965 , 11.45783
68.78 , 23.4604091644 , 11.46367
68.82 , 23.4604091644 , 11.46950
68.85 , 23.4604091644 , 11.47533
68.89 , 23.4604091644 , 11.48133
68.92 , 23.4604091644 , 11.48733
68.96 , 23.4604091644 , 11.49317
69.00 , 23.4604091644 , 11.49917
69.03 , 23.5690212249 , 11.50483
69.06 , 23.5690212249 , 11.51083
69.10 , 23.5690212249 , 11.51667
69.14 , 23.5690212249 , 11.52267
69.17 , 23.5690212249 , 11.52850
69.21 , 23.5690212249 , 11.53450
69.24 , 23.5690212249 , 11.54017
69.28 , 23.5690212249 , 11.54617
69.31 , 23.5690212249 , 11.55200
69.35 , 23.6776351928 , 11.55800
69.38 , 23.6776351928 , 11.56383
69.42 , 23.6776351928 , 11.56983
69.45 , 23.6776351928 , 11.57550
69.49 , 23.5690212249 , 11.58150
69.52 , 23.7862472534 , 11.58750
69.56 , 23.6776351928 , 11.59333
69.60 , 23.6776351928 , 11.59933
69.63 , 23.7862472534 , 11.60500
69.67 , 23.7862472534 , 11.61100
69.70 , 23.7862472534 , 11.61683
69.74 , 23.6776351928 , 11.62283
69.77 , 23.7862472534 , 11.62867
69.81 , 23.8948593139 , 11.63467
69.84 , 23.8948593139 , 11.64033
69.88 , 23.8948593139 , 11.64633
69.91 , 23.8948593139 , 11.65217
69.95 , 23.8948593139 , 11.65817
69.98 , 23.8948593139 , 11.66400
70.02 , 23.8948593139 , 11.67000
70.05 , 23.8948593139 , 11.67583
70.09 , 24.0034732818 , 11.68167
70.13 , 24.0034732818 , 11.68767
70.16 , 24.0034732818 , 11.69350
70.20 , 24.0034732818 , 11.69950
70.23 , 24.0034732818 , 11.70533
70.27 , 24.1120853424 , 11.71117
70.30 , 24.0034732818 , 11.71700
70.34 , 24.0034732818 , 11.72300
70.37 , 24.1120853424 , 11.72883
70.41 , 24.1120853424 , 11.73483
70.44 , 24.1120853424 , 11.74067
70.48 , 24.1120853424 , 11.74650
70.51 , 24.1120853424 , 11.75233
70.55 , 24.1120853424 , 11.75833
70.58 , 24.2206993103 , 11.76417
70.62 , 24.1120853424 , 11.77017
70.66 , 24.2206993103 , 11.77617
70.69 , 24.2206993103 , 11.78183
70.73 , 24.1120853424 , 11.78783
70.76 , 24.2206993103 , 11.79367
70.80 , 24.2206993103 , 11.79967
70.83 , 24.1120853424 , 11.80550
70.87 , 24.2206993103 , 11.81133
70.90 , 24.2206993103 , 11.81717
70.94 , 24.3293113708 , 11.82317
70.97 , 24.3293113708 , 11.82900
71.01 , 24.2206993103 , 11.83500
71.04 , 24.3293113708 , 11.84083
71.08 , 24.3293113708 , 11.84667
71.11 , 24.3293113708 , 11.85250
71.15 , 24.4379253387 , 11.85850
71.19 , 24.4379253387 , 11.86450
71.22 , 24.4379253387 , 11.87033
71.26 , 24.3293113708 , 11.87633
71.29 , 24.3293113708 , 11.88200
71.33 , 24.4379253387 , 11.88800
71.36 , 24.4379253387 , 11.89383
71.40 , 24.4379253387 , 11.89983
71.43 , 24.4379253387 , 11.90567
71.47 , 24.4379253387 , 11.91167
71.50 , 24.4379253387 , 11.91733
71.54 , 24.5465373992 , 11.92333
71.57 , 24.4379253387 , 11.92917
71.61 , 24.4379253387 , 11.93517
71.65 , 24.6551494598 , 11.94100
71.68 , 24.5465373992 , 11.94700
71.72 , 24.6551494598 , 11.95267
71.75 , 24.6551494598 , 11.95867
71.79 , 24.5465373992 , 11.96467
71.82 , 24.5465373992 , 11.97050
71.86 , 24.6551494598 , 11.97650
71.89 , 24.6551494598 , 11.98233
71.93 , 24.6551494598 , 11.98817
71.96 , 24.7637634277 , 11.99400
72.00 , 24.7637634277 , 12.00000
72.04 , 24.6551494598 , 12.00583
72.07 , 24.7637634277 , 12.01183
72.11 , 24.7637634277 , 12.01750
72.14 , 24.7637634277 , 12.02350
72.18 , 24.7637634277 , 12.02933
72.21 , 24.7637634277 , 12.03533
72.25 , 24.8723754882 , 12.04117
72.28 , 24.7637634277 , 12.04717
72.32 , 24.8723754882 , 12.05300
72.35 , 24.8723754882 , 12.05883
72.39 , 24.8723754882 , 12.06483
72.42 , 24.8723754882 , 12.07067
72.46 , 24.8723754882 , 12.07667
72.50 , 24.8723754882 , 12.08250
72.53 , 24.8723754882 , 12.08833
72.56 , 24.9809894561 , 12.09417
72.60 , 24.9809894561 , 12.10017
72.64 , 24.9809894561 , 12.10600
72.67 , 24.9809894561 , 12.11200
72.71 , 24.9809894561 , 12.11783
72.74 , 24.9809894561 , 12.12367
72.78 , 25.0896015167 , 12.12950
72.81 , 24.9809894561 , 12.13550
72.85 , 24.9809894561 , 12.14133
72.88 , 24.9809894561 , 12.14733
72.92 , 25.0896015167 , 12.15333
72.95 , 24.9809894561 , 12.15900
72.99 , 25.0896015167 , 12.16500
73.02 , 25.0896015167 , 12.17083
73.06 , 25.0896015167 , 12.17683
73.10 , 25.1982154846 , 12.18267
73.13 , 25.1982154846 , 12.18867
73.17 , 25.0896015167 , 12.19433
73.20 , 25.1982154846 , 12.20033
73.24 , 25.1982154846 , 12.20617
73.27 , 25.1982154846 , 12.21217
73.31 , 25.1982154846 , 12.21800
73.34 , 25.1982154846 , 12.22400
73.38 , 25.1982154846 , 12.22967
73.41 , 25.1982154846 , 12.23567
73.45 , 25.3068275451 , 12.24167
73.48 , 25.3068275451 , 12.24750
73.52 , 25.3068275451 , 12.25350
73.55 , 25.3068275451 , 12.25917
73.59 , 25.3068275451 , 12.26517
73.63 , 25.3068275451 , 12.27100
73.66 , 25.3068275451 , 12.27700
73.70 , 25.3068275451 , 12.28283
73.73 , 25.3068275451 , 12.28883
73.77 , 25.3068275451 , 12.29450
73.80 , 25.4154415130 , 12.30050
73.84 , 25.4154415130 , 12.30633
73.87 , 25.4154415130 , 12.31233
73.91 , 25.4154415130 , 12.31817
73.94 , 25.4154415130 , 12.32417
73.98 , 25.5240535736 , 12.32983
74.01 , 25.4154415130 , 12.33583
74.05 , 25.5240535736 , 12.34183
74.09 , 25.5240535736 , 12.34767
74.12 , 25.5240535736 , 12.35367
74.16 , 25.5240535736 , 12.35950
74.19 , 25.5240535736 , 12.36533
74.23 , 25.6326713562 , 12.37117
74.26 , 25.6326713562 , 12.37717
74.30 , 25.7412853240 , 12.38300
74.33 , 25.6326713562 , 12.38900
74.37 , 25.6326713562 , 12.39483
74.40 , 25.6326713562 , 12.40067
74.44 , 25.7412853240 , 12.40650
74.47 , 25.7412853240 , 12.41250
74.51 , 25.7412853240 , 12.41833
74.55 , 25.8498973846 , 12.42433
74.58 , 25.8498973846 , 12.43033
74.62 , 25.7412853240 , 12.43600
74.65 , 25.7412853240 , 12.44200
74.69 , 25.7412853240 , 12.44783
74.72 , 25.8498973846 , 12.45383
74.76 , 25.8498973846 , 12.45967
74.79 , 25.8498973846 , 12.46550
74.83 , 25.8498973846 , 12.47133
74.86 , 25.8498973846 , 12.47733
74.90 , 25.8498973846 , 12.48317
74.93 , 25.9585113525 , 12.48917
74.97 , 25.9585113525 , 12.49500
75.00 , 25.9585113525 , 12.50083
75.04 , 25.9585113525 , 12.50667
75.08 , 25.9585113525 , 12.51267
75.11 , 25.9585113525 , 12.51850
75.15 , 25.9585113525 , 12.52450
75.18 , 25.9585113525 , 12.53050
75.22 , 26.0671234130 , 12.53617
75.25 , 26.0671234130 , 12.54217
75.29 , 25.9585113525 , 12.54800
75.32 , 26.0671234130 , 12.55400
75.36 , 26.0671234130 , 12.55983
75.39 , 26.0671234130 , 12.56583
75.43 , 26.0671234130 , 12.57150
75.46 , 26.0671234130 , 12.57750
75.50 , 26.0671234130 , 12.58333
75.54 , 26.0671234130 , 12.58933
75.57 , 26.0671234130 , 12.59517
75.61 , 26.1757354736 , 12.60117
75.64 , 26.0671234130 , 12.60683
75.68 , 26.0671234130 , 12.61283
75.71 , 26.2843494415 , 12.61883
75.75 , 26.1757354736 , 12.62467
75.78 , 26.1757354736 , 12.63067
75.82 , 26.1757354736 , 12.63650
75.85 , 26.1757354736 , 12.64233
75.89 , 26.2843494415 , 12.64817
75.93 , 26.2843494415 , 12.65417
75.96 , 26.2843494415 , 12.66000
76.00 , 26.2843494415 , 12.66600
76.03 , 26.2843494415 , 12.67167
76.07 , 26.2843494415 , 12.67767
76.10 , 26.2843494415 , 12.68350
76.14 , 26.2843494415 , 12.68950
76.17 , 26.3929615020 , 12.69533
76.21 , 26.3929615020 , 12.70133
76.24 , 26.3929615020 , 12.70700
76.28 , 26.3929615020 , 12.71300
76.31 , 26.3929615020 , 12.71900
76.35 , 26.3929615020 , 12.72483
76.38 , 26.5015754699 , 12.73083
76.42 , 26.5015754699 , 12.73667
76.45 , 26.5015754699 , 12.74250
76.49 , 26.5015754699 , 12.74833
76.53 , 26.5015754699 , 12.75433
76.56 , 26.5015754699 , 12.76017
76.60 , 26.5015754699 , 12.76617
76.63 , 26.6101875305 , 12.77200
76.67 , 26.5015754699 , 12.77783
76.70 , 26.6101875305 , 12.78367
76.74 , 26.6101875305 , 12.78967
76.77 , 26.6101875305 , 12.79550
76.81 , 26.6101875305 , 12.80150
76.84 , 26.6101875305 , 12.80750
76.88 , 26.6101875305 , 12.81317
76.91 , 26.6101875305 , 12.81917
76.95 , 26.6101875305 , 12.82500
76.99 , 26.7188014984 , 12.83100
77.02 , 26.7188014984 , 12.83683
77.06 , 26.7188014984 , 12.84283
77.09 , 26.8274135589 , 12.84850
77.13 , 26.7188014984 , 12.85450
77.16 , 26.7188014984 , 12.86033
77.20 , 26.8274135589 , 12.86633
77.23 , 26.8274135589 , 12.87217
77.27 , 26.8274135589 , 12.87800
77.30 , 26.8274135589 , 12.88383
77.34 , 26.8274135589 , 12.88983
77.37 , 26.8274135589 , 12.89567
77.41 , 26.8274135589 , 12.90167
77.45 , 26.9360275268 , 12.90767
77.48 , 26.9360275268 , 12.91333
77.52 , 26.9360275268 , 12.91933
77.55 , 27.0446395874 , 12.92517
77.59 , 26.9360275268 , 12.93117
77.62 , 26.9360275268 , 12.93700
77.66 , 26.9360275268 , 12.94300
77.69 , 26.9360275268 , 12.94867
77.73 , 26.9360275268 , 12.95467
77.76 , 27.0446395874 , 12.96050
77.80 , 27.0446395874 , 12.96650
77.83 , 27.0446395874 , 12.97233
77.87 , 27.0446395874 , 12.97833
77.90 , 27.0446395874 , 12.98400
77.94 , 27.0446395874 , 12.99000
77.98 , 27.0446395874 , 12.99600
78.01 , 27.0446395874 , 13.00183
78.05 , 27.1532516479 , 13.00783
78.08 , 27.1532516479 , 13.01367
78.12 , 27.0446395874 , 13.01950
78.15 , 27.1532516479 , 13.02533
78.19 , 27.1532516479 , 13.03133
78.22 , 27.1532516479 , 13.03717
78.26 , 27.1532516479 , 13.04317
78.29 , 27.1532516479 , 13.04900
78.33 , 27.1532516479 , 13.05483
78.36 , 27.2618656158 , 13.06067
78.40 , 27.2618656158 , 13.06667
78.43 , 27.2618656158 , 13.07250
78.47 , 27.2618656158 , 13.07850
78.50 , 27.2618656158 , 13.08417
78.54 , 27.2618656158 , 13.09017
78.58 , 27.2618656158 , 13.09617
78.61 , 27.2618656158 , 13.10200
78.65 , 27.3704776763 , 13.10800
78.68 , 27.2618656158 , 13.11383
78.72 , 27.3704776763 , 13.11967
78.75 , 27.3704776763 , 13.12550
78.79 , 27.3704776763 , 13.13150
78.82 , 27.3704776763 , 13.13733
78.86 , 27.4790916442 , 13.14333
78.89 , 27.4790916442 , 13.14917
78.93 , 27.4790916442 , 13.15500
78.96 , 27.3704776763 , 13.16083
79.00 , 27.4790916442 , 13.16683
79.04 , 27.4790916442 , 13.17267
79.07 , 27.4790916442 , 13.17867
79.11 , 27.5877037048 , 13.18467
79.14 , 27.5877037048 , 13.19033
79.18 , 27.5877037048 , 13.19633
79.21 , 27.6963176727 , 13.20217
79.25 , 27.5877037048 , 13.20817
79.28 , 27.5877037048 , 13.21400
79.32 , 27.5877037048 , 13.22000
79.35 , 27.5877037048 , 13.22567
79.39 , 27.6963176727 , 13.23167
79.43 , 27.6963176727 , 13.23750
79.46 , 27.6963176727 , 13.24350
79.50 , 27.6963176727 , 13.24933
79.53 , 27.8049297332 , 13.25533
79.57 , 27.6963176727 , 13.26100
79.60 , 27.8049297332 , 13.26700
79.64 , 27.6963176727 , 13.27283
79.67 , 27.8049297332 , 13.27883
79.71 , 27.8049297332 , 13.28483
79.74 , 27.8049297332 , 13.29067
79.78 , 27.8049297332 , 13.29650
79.81 , 27.8049297332 , 13.30233
79.85 , 27.9135437011 , 13.30833
79.88 , 27.9135437011 , 13.31417
79.92 , 27.9135437011 , 13.32017
79.95 , 27.9135437011 , 13.32583
79.99 , 27.9135437011 , 13.33183
80.03 , 27.9135437011 , 13.33767
80.06 , 27.9135437011 , 13.34367
80.10 , 27.9135437011 , 13.34950
80.13 , 27.9135437011 , 13.35550
80.17 , 28.0221557617 , 13.36117
80.20 , 28.0221557617 , 13.36717
80.24 , 27.9135437011 , 13.37317
80.27 , 28.0221557617 , 13.37900
80.31 , 28.0221557617 , 13.38500
80.34 , 28.0221557617 , 13.39083
80.38 , 28.0221557617 , 13.39667
80.41 , 28.0221557617 , 13.40250
80.45 , 28.0221557617 , 13.40850
80.49 , 28.0221557617 , 13.41433
80.52 , 28.0221557617 , 13.42033
80.56 , 28.0221557617 , 13.42617
80.59 , 28.1307678222 , 13.43200
80.63 , 28.1307678222 , 13.43783
80.66 , 28.1307678222 , 13.44383
80.70 , 28.0221557617 , 13.44967
80.73 , 28.0221557617 , 13.45567
80.77 , 28.1307678222 , 13.46150
80.80 , 28.1307678222 , 13.46733
80.84 , 28.2393817901 , 13.47333
80.87 , 28.1307678222 , 13.47917
80.91 , 28.1307678222 , 13.48517
80.95 , 28.2393817901 , 13.49100
80.98 , 28.2393817901 , 13.49700
81.02 , 28.2393817901 , 13.50267
81.05 , 28.2393817901 , 13.50867
81.09 , 28.2393817901 , 13.51450
81.12 , 28.2393817901 , 13.52050
81.16 , 28.2393817901 , 13.52633
81.19 , 28.3479938507 , 13.53217
81.23 , 28.3479938507 , 13.53800
81.26 , 28.3479938507 , 13.54400
81.30 , 28.3479938507 , 13.54983
81.33 , 28.3479938507 , 13.55583
81.37 , 28.3479938507 , 13.56183
81.40 , 28.3479938507 , 13.56750
81.44 , 28.3479938507 , 13.57350
81.48 , 28.4566078186 , 13.57933
81.51 , 28.4566078186 , 13.58533
81.55 , 28.5652198791 , 13.59117
81.58 , 28.5652198791 , 13.59717
81.62 , 28.4566078186 , 13.60283
81.65 , 28.5652198791 , 13.60883
81.69 , 28.5652198791 , 13.61467
81.72 , 28.5652198791 , 13.62067
81.76 , 28.5652198791 , 13.62650
81.79 , 28.5652198791 , 13.63250
81.83 , 28.5652198791 , 13.63817
81.86 , 28.5652198791 , 13.64417
81.90 , 28.6738338470 , 13.65000
81.94 , 28.6738338470 , 13.65600
81.97 , 28.5652198791 , 13.66200
82.01 , 28.6738338470 , 13.66783
82.04 , 28.6738338470 , 13.67367
82.08 , 28.6738338470 , 13.67950
82.11 , 28.6738338470 , 13.68550
82.15 , 28.7824459075 , 13.69133
82.18 , 28.7824459075 , 13.69733
82.22 , 28.7824459075 , 13.70317
82.25 , 28.7824459075 , 13.70900
82.29 , 28.7824459075 , 13.71483
82.32 , 28.7824459075 , 13.72083
82.36 , 28.7824459075 , 13.72667
82.40 , 28.8910598754 , 13.73267
82.43 , 28.7824459075 , 13.73833
82.47 , 28.7824459075 , 13.74433
82.50 , 28.8910598754 , 13.75033
82.54 , 28.8910598754 , 13.75617
82.57 , 28.8910598754 , 13.76217
82.61 , 28.8910598754 , 13.76800
82.64 , 28.8910598754 , 13.77383
82.68 , 28.8910598754 , 13.77967
82.71 , 28.8910598754 , 13.78567
82.75 , 28.8910598754 , 13.79150
82.79 , 28.8910598754 , 13.79750
82.82 , 28.8910598754 , 13.80333
82.86 , 28.8910598754 , 13.80917
82.89 , 28.9996719360 , 13.81500
82.93 , 28.9996719360 , 13.82100
82.96 , 28.9996719360 , 13.82683
83.00 , 28.9996719360 , 13.83283
83.03 , 28.9996719360 , 13.83867
83.07 , 29.1082839965 , 13.84450
83.10 , 28.9996719360 , 13.85050
83.14 , 28.9996719360 , 13.85633
83.17 , 29.1082839965 , 13.86233
83.21 , 29.1082839965 , 13.86817
83.25 , 29.1082839965 , 13.87417
83.28 , 29.1082839965 , 13.87983
83.31 , 29.1082839965 , 13.88583
83.35 , 29.2168979644 , 13.89167
83.39 , 29.2168979644 , 13.89767
83.42 , 29.2168979644 , 13.90350
83.46 , 29.2168979644 , 13.90950
83.49 , 29.2168979644 , 13.91517
83.53 , 29.2168979644 , 13.92117
83.56 , 29.2168979644 , 13.92700
83.60 , 29.2168979644 , 13.93300
83.63 , 29.2168979644 , 13.93900
83.67 , 29.3255100250 , 13.94467
83.70 , 29.3255100250 , 13.95067
83.74 , 29.2168979644 , 13.95650
83.77 , 29.3255100250 , 13.96250
83.81 , 29.4341239929 , 13.96833
83.85 , 29.4341239929 , 13.97433
83.88 , 29.3255100250 , 13.98000
83.92 , 29.3255100250 , 13.98600
83.95 , 29.4341239929 , 13.99183
83.99 , 29.3255100250 , 13.99783
84.02 , 29.3255100250 , 14.00367
84.06 , 29.5427360534 , 14.00967
84.09 , 29.4341239929 , 14.01533
84.13 , 29.4341239929 , 14.02133
84.16 , 29.5427360534 , 14.02717
84.20 , 29.5427360534 , 14.03317
84.23 , 29.5427360534 , 14.03917
84.27 , 29.4341239929 , 14.04500
84.30 , 29.5427360534 , 14.05083
84.34 , 29.5427360534 , 14.05667
84.38 , 29.5427360534 , 14.06267
84.41 , 29.6513500213 , 14.06850
84.45 , 29.5427360534 , 14.07450
84.48 , 29.6513500213 , 14.08033
84.52 , 29.6513500213 , 14.08617
84.55 , 29.6513500213 , 14.09200
84.59 , 29.6513500213 , 14.09800
84.62 , 29.6513500213 , 14.10383
84.66 , 29.7599620819 , 14.10983
84.69 , 29.6513500213 , 14.11567
84.73 , 29.7599620819 , 14.12150
84.76 , 29.7599620819 , 14.12750
84.80 , 29.8685741424 , 14.13333
84.84 , 29.6513500213 , 14.13933
84.87 , 29.7599620819 , 14.14517
84.91 , 29.7599620819 , 14.15117
84.94 , 29.7599620819 , 14.15683
84.98 , 29.7599620819 , 14.16283
85.01 , 29.7599620819 , 14.16867
85.05 , 29.7599620819 , 14.17467
85.08 , 29.8685741424 , 14.18050
85.12 , 29.8685741424 , 14.18633
85.15 , 29.8685741424 , 14.19217
85.19 , 29.8685741424 , 14.19817
85.22 , 29.7599620819 , 14.20400
85.26 , 29.7599620819 , 14.21000
85.29 , 29.9771881103 , 14.21583
85.33 , 29.8685741424 , 14.22167
85.37 , 29.8685741424 , 14.22767
85.40 , 29.8685741424 , 14.23350
85.44 , 29.9771881103 , 14.23950
85.47 , 29.9771881103 , 14.24533
85.51 , 29.9771881103 , 14.25133
85.54 , 29.9771881103 , 14.25700
85.58 , 29.9771881103 , 14.26300
85.61 , 29.9771881103 , 14.26883
85.65 , 29.9771881103 , 14.27483
85.68 , 29.9771881103 , 14.28067
85.72 , 29.9771881103 , 14.28667
85.75 , 30.0858001708 , 14.29233
85.79 , 30.0858001708 , 14.29833
85.82 , 30.0858001708 , 14.30417
85.86 , 30.0858001708 , 14.31017
85.90 , 30.0858001708 , 14.31617
85.93 , 30.0858001708 , 14.32200
85.97 , 30.0858001708 , 14.32783
86.00 , 30.0858001708 , 14.33367
86.04 , 30.0858001708 , 14.33967
86.07 , 30.1944141387 , 14.34550
86.11 , 30.1944141387 , 14.35150
86.14 , 30.0858001708 , 14.35733
86.18 , 30.1944141387 , 14.36317
86.21 , 30.3030261993 , 14.36900
86.25 , 30.1944141387 , 14.37500
86.29 , 30.3030261993 , 14.38083
86.32 , 30.3030261993 , 14.38683
86.36 , 30.3030261993 , 14.39250
86.39 , 30.4116401672 , 14.39850
86.43 , 30.3030261993 , 14.40433
86.46 , 30.4116401672 , 14.41033
86.50 , 30.3030261993 , 14.41633
86.53 , 30.4116401672 , 14.42217
86.57 , 30.3030261993 , 14.42800
86.60 , 30.4116401672 , 14.43383
86.64 , 30.3030261993 , 14.43983
86.67 , 30.4116401672 , 14.44567
86.71 , 30.4116401672 , 14.45167
86.75 , 30.4116401672 , 14.45750
86.78 , 30.5202522277 , 14.46333
86.81 , 30.5202522277 , 14.46917
86.85 , 30.5202522277 , 14.47517
86.89 , 30.5202522277 , 14.48100
86.92 , 30.5202522277 , 14.48700
86.96 , 30.6288661956 , 14.49283
86.99 , 30.5202522277 , 14.49867
87.03 , 30.5202522277 , 14.50467
87.06 , 30.6288661956 , 14.51050
87.10 , 30.5202522277 , 14.51650
87.13 , 30.6288661956 , 14.52233
87.17 , 30.6288661956 , 14.52833
87.20 , 30.6288661956 , 14.53400
87.24 , 30.6288661956 , 14.54000
87.27 , 30.7374782562 , 14.54583
87.31 , 30.6288661956 , 14.55183
87.35 , 30.6288661956 , 14.55767
87.38 , 30.7374782562 , 14.56367
87.42 , 30.6288661956 , 14.56933
87.45 , 30.7374782562 , 14.57533
87.49 , 30.7374782562 , 14.58117
87.52 , 30.8460903167 , 14.58717
87.56 , 30.7374782562 , 14.59300
87.59 , 30.8460903167 , 14.59883
87.63 , 30.7374782562 , 14.60483
87.66 , 30.7374782562 , 14.61067
87.70 , 30.7374782562 , 14.61667
87.73 , 30.7374782562 , 14.62250
87.77 , 30.7374782562 , 14.62850
87.80 , 30.7374782562 , 14.63417
87.84 , 30.8460903167 , 14.64017
87.88 , 30.8460903167 , 14.64600
87.91 , 30.9547042846 , 14.65200
87.95 , 30.8460903167 , 14.65783
87.98 , 30.9547042846 , 14.66383
88.02 , 30.8460903167 , 14.66950
88.05 , 30.9547042846 , 14.67550
88.09 , 30.9547042846 , 14.68133
88.12 , 30.9547042846 , 14.68733
88.16 , 30.9547042846 , 14.69333
88.19 , 30.9547042846 , 14.69917
88.23 , 30.9547042846 , 14.70500
88.26 , 31.0633163452 , 14.71083
88.30 , 30.9547042846 , 14.71683
88.34 , 30.9547042846 , 14.72267
88.37 , 31.0633163452 , 14.72867
88.41 , 31.0633163452 , 14.73450
88.44 , 31.0633163452 , 14.74033
88.48 , 31.0633163452 , 14.74617
88.51 , 31.0633163452 , 14.75217
88.55 , 31.1719360351 , 14.75800
88.58 , 31.1719360351 , 14.76400
88.62 , 31.1719360351 , 14.76983
88.65 , 31.1719360351 , 14.77567
88.69 , 31.1719360351 , 14.78150
88.72 , 31.1719360351 , 14.78750
88.76 , 31.1719360351 , 14.79350
88.80 , 31.1719360351 , 14.79933
88.83 , 31.1719360351 , 14.80533
88.87 , 31.2805480957 , 14.81100
88.90 , 31.2805480957 , 14.81700
88.94 , 31.3891601562 , 14.82283
88.97 , 31.2805480957 , 14.82883
89.01 , 31.3891601562 , 14.83467
89.04 , 31.2805480957 , 14.84050
89.08 , 31.2805480957 , 14.84633
89.11 , 31.3891601562 , 14.85233
89.15 , 31.3891601562 , 14.85817
89.18 , 31.3891601562 , 14.86417
89.22 , 31.4977741241 , 14.87000
89.25 , 31.3891601562 , 14.87583
89.29 , 31.3891601562 , 14.88183
89.33 , 31.3891601562 , 14.88767
89.36 , 31.3891601562 , 14.89367
89.40 , 31.4977741241 , 14.89950
89.43 , 31.3891601562 , 14.90550
89.47 , 31.4977741241 , 14.91117
89.50 , 31.3891601562 , 14.91717
89.54 , 31.3891601562 , 14.92300
89.57 , 31.4977741241 , 14.92900
89.61 , 31.4977741241 , 14.93483
89.64 , 31.4977741241 , 14.94083
89.68 , 31.4977741241 , 14.94650
89.71 , 31.6063861846 , 14.95250
89.75 , 31.6063861846 , 14.95833
89.79 , 31.6063861846 , 14.96433
89.82 , 31.6063861846 , 14.97017
89.86 , 31.4977741241 , 14.97617
89.89 , 31.6063861846 , 14.98200
89.93 , 31.6063861846 , 14.98783
89.96 , 31.6063861846 , 14.99383
90.00 , 31.6063861846 , 14.99967
90.03 , 31.7150001525 , 15.00567
90.07 , 31.6063861846 , 15.01133
90.10 , 31.7150001525 , 15.01733
90.14 , 31.7150001525 , 15.02317
90.18 , 31.7150001525 , 15.02917
90.21 , 31.7150001525 , 15.03500
90.25 , 31.8236122131 , 15.04100
90.28 , 31.7150001525 , 15.04667
90.32 , 31.8236122131 , 15.05267
90.35 , 31.7150001525 , 15.05850
90.39 , 31.8236122131 , 15.06450
90.42 , 31.8236122131 , 15.07050
90.46 , 31.8236122131 , 15.07633
90.49 , 31.8236122131 , 15.08217
90.53 , 31.8236122131 , 15.08800
90.56 , 31.9322261810 , 15.09400
90.60 , 31.9322261810 , 15.09983
90.63 , 31.9322261810 , 15.10583
90.67 , 31.8236122131 , 15.11167
90.70 , 31.9322261810 , 15.11750
90.74 , 31.9322261810 , 15.12333
90.78 , 31.9322261810 , 15.12933
90.81 , 31.9322261810 , 15.13517
90.85 , 31.9322261810 , 15.14117
90.88 , 31.9322261810 , 15.14700
90.92 , 31.9322261810 , 15.15283
90.95 , 32.0408401489 , 15.15867
90.99 , 32.0408401489 , 15.16467
91.02 , 31.9322261810 , 15.17067
91.06 , 31.9322261810 , 15.17650
91.09 , 32.1494522094 , 15.18250
91.13 , 32.0408401489 , 15.18817
91.16 , 32.1494522094 , 15.19417
91.20 , 32.1494522094 , 15.20000
91.24 , 32.0408401489 , 15.20600
91.27 , 32.1494522094 , 15.21183
91.31 , 32.1494522094 , 15.21783
91.34 , 32.1494522094 , 15.22350
91.38 , 32.1494522094 , 15.22950
91.41 , 32.1494522094 , 15.23533
91.45 , 32.2580642700 , 15.24133
91.48 , 32.1494522094 , 15.24717
91.52 , 32.2580642700 , 15.25300
91.55 , 32.2580642700 , 15.25900
91.59 , 32.2580642700 , 15.26483
91.62 , 32.2580642700 , 15.27083
91.66 , 32.3666763305 , 15.27667
91.70 , 32.3666763305 , 15.28267
91.73 , 32.3666763305 , 15.28833
91.77 , 32.3666763305 , 15.29433
91.80 , 32.3666763305 , 15.30017
91.84 , 32.3666763305 , 15.30617
91.87 , 32.3666763305 , 15.31200
91.91 , 32.3666763305 , 15.31800
91.94 , 32.3666763305 , 15.32367
91.98 , 32.4752883911 , 15.32967
92.01 , 32.3666763305 , 15.33550
92.05 , 32.3666763305 , 15.34150
92.08 , 32.4752883911 , 15.34733
92.12 , 32.5839042663 , 15.35333
92.15 , 32.3666763305 , 15.35917
92.19 , 32.3666763305 , 15.36500
92.23 , 32.4752883911 , 15.37100
92.26 , 32.4752883911 , 15.37683
92.30 , 32.4752883911 , 15.38283
92.33 , 32.5839042663 , 15.38867
92.37 , 32.4752883911 , 15.39450
92.40 , 32.4752883911 , 15.40033
92.44 , 32.5839042663 , 15.40633
92.47 , 32.5839042663 , 15.41217
92.51 , 32.4752883911 , 15.41817
92.54 , 32.5839042663 , 15.42400
92.58 , 32.5839042663 , 15.42983
92.61 , 32.5839042663 , 15.43567
92.65 , 32.5839042663 , 15.44167
92.69 , 32.5839042663 , 15.44767
92.72 , 32.6925163269 , 15.45350
92.76 , 32.6925163269 , 15.45933
92.79 , 32.6925163269 , 15.46517
92.83 , 32.6925163269 , 15.47117
92.86 , 32.6925163269 , 15.47700
92.90 , 32.6925163269 , 15.48300
92.93 , 32.6925163269 , 15.48883
92.97 , 32.6925163269 , 15.49467
93.00 , 32.6925163269 , 15.50050
93.04 , 32.8011283874 , 15.50650
93.07 , 32.8011283874 , 15.51233
93.11 , 32.8011283874 , 15.51833
93.14 , 32.8011283874 , 15.52417
93.18 , 32.8011283874 , 15.53000
93.21 , 32.8011283874 , 15.53583
93.25 , 32.9097404479 , 15.54183
93.29 , 32.8011283874 , 15.54783
93.32 , 32.9097404479 , 15.55367
93.36 , 33.0183563232 , 15.55967
93.39 , 32.9097404479 , 15.56533
93.43 , 32.9097404479 , 15.57133
93.46 , 33.0183563232 , 15.57717
93.50 , 32.9097404479 , 15.58317
93.53 , 32.9097404479 , 15.58900
93.57 , 33.0183563232 , 15.59500
93.60 , 33.0183563232 , 15.60067
93.64 , 33.0183563232 , 15.60667
93.68 , 32.9097404479 , 15.61250
93.71 , 33.0183563232 , 15.61850
93.75 , 33.0183563232 , 15.62433
93.78 , 33.0183563232 , 15.63033
93.82 , 33.1269683837 , 15.63617
93.85 , 33.1269683837 , 15.64200
93.89 , 33.1269683837 , 15.64800
93.92 , 33.1269683837 , 15.65383
93.96 , 33.1269683837 , 15.65983
93.99 , 33.1269683837 , 15.66550
94.03 , 33.1269683837 , 15.67150
94.06 , 33.2355804443 , 15.67733
94.10 , 33.1269683837 , 15.68333
94.13 , 33.1269683837 , 15.68917
94.17 , 33.2355804443 , 15.69517
94.20 , 33.2355804443 , 15.70083
94.24 , 33.2355804443 , 15.70683
94.28 , 33.2355804443 , 15.71267
94.31 , 33.2355804443 , 15.71867
94.35 , 33.2355804443 , 15.72450
94.38 , 33.2355804443 , 15.73050
94.42 , 33.2355804443 , 15.73633
94.45 , 33.2355804443 , 15.74217
94.49 , 33.2355804443 , 15.74817
94.52 , 33.2355804443 , 15.75400
94.56 , 33.3441925048 , 15.76000
94.59 , 33.3441925048 , 15.76583
94.63 , 33.3441925048 , 15.77167
94.66 , 33.3441925048 , 15.77750
94.70 , 33.3441925048 , 15.78350
94.74 , 33.3441925048 , 15.78933
94.77 , 33.3441925048 , 15.79533
94.81 , 33.3441925048 , 15.80117
94.84 , 33.3441925048 , 15.80700
94.88 , 33.4528045654 , 15.81283
94.91 , 33.3441925048 , 15.81883
94.95 , 33.3441925048 , 15.82483
94.98 , 33.4528045654 , 15.83067
95.02 , 33.4528045654 , 15.83667
95.05 , 33.5614204406 , 15.84233
95.09 , 33.4528045654 , 15.84833
95.12 , 33.4528045654 , 15.85417
95.16 , 33.5614204406 , 15.86017
95.20 , 33.4528045654 , 15.86600
95.23 , 33.5614204406 , 15.87200
95.27 , 33.5614204406 , 15.87767
95.30 , 33.5614204406 , 15.88367
95.34 , 33.5614204406 , 15.88950
95.37 , 33.5614204406 , 15.89550
95.41 , 33.5614204406 , 15.90133
95.44 , 33.6700325012 , 15.90717
95.48 , 33.6700325012 , 15.91300
95.51 , 33.6700325012 , 15.91900
95.55 , 33.5614204406 , 15.92500
95.58 , 33.6700325012 , 15.93083
95.62 , 33.6700325012 , 15.93683
95.65 , 33.6700325012 , 15.94250
95.69 , 33.6700325012 , 15.94850
95.73 , 33.6700325012 , 15.95433
95.76 , 33.6700325012 , 15.96033
95.80 , 33.7786445617 , 15.96617
95.83 , 33.7786445617 , 15.97217
95.87 , 33.7786445617 , 15.97783
95.90 , 33.7786445617 , 15.98383
95.94 , 33.7786445617 , 15.98967
95.97 , 33.7786445617 , 15.99567
96.01 , 33.7786445617 , 16.00150
96.04 , 33.8872566223 , 16.00750
96.08 , 33.7786445617 , 16.01333
96.11 , 33.7786445617 , 16.01917
96.15 , 33.8872566223 , 16.02517
96.19 , 33.8872566223 , 16.03100
96.22 , 33.8872566223 , 16.03700
96.26 , 33.8872566223 , 16.04284
96.29 , 33.8872566223 , 16.04867
96.33 , 33.8872566223 , 16.05450
96.36 , 33.9958724975 , 16.06050
96.40 , 33.8872566223 , 16.06633
96.43 , 33.9958724975 , 16.07234
96.47 , 33.9958724975 , 16.07800
96.50 , 33.9958724975 , 16.08400
96.54 , 33.9958724975 , 16.08983
96.57 , 33.9958724975 , 16.09583
96.61 , 34.1044845581 , 16.10167
96.65 , 33.9958724975 , 16.10767
96.68 , 34.1044845581 , 16.11350
96.72 , 34.1044845581 , 16.11934
96.75 , 34.1044845581 , 16.12533
96.79 , 34.2130966186 , 16.13117
96.82 , 34.1044845581 , 16.13717
96.86 , 34.1044845581 , 16.14300
96.89 , 34.1044845581 , 16.14883
96.93 , 34.1044845581 , 16.15467
96.96 , 34.2130966186 , 16.16067
97.00 , 34.1044845581 , 16.16650
97.04 , 34.1044845581 , 16.17250
97.07 , 34.3217086791 , 16.17833
97.11 , 34.2130966186 , 16.18417
97.14 , 34.2130966186 , 16.19000
97.18 , 34.2130966186 , 16.19600
97.21 , 34.2130966186 , 16.20200
97.25 , 34.3217086791 , 16.20783
97.28 , 34.2130966186 , 16.21383
97.32 , 34.2130966186 , 16.21950
97.35 , 34.3217086791 , 16.22550
97.39 , 34.2130966186 , 16.23134
97.42 , 34.2130966186 , 16.23734
97.46 , 34.3217086791 , 16.24317
97.50 , 34.3217086791 , 16.24917
97.53 , 34.3217086791 , 16.25483
97.56 , 34.4303207397 , 16.26083
97.60 , 34.3217086791 , 16.26667
97.64 , 34.3217086791 , 16.27267
97.67 , 34.4303207397 , 16.27850
97.71 , 34.4303207397 , 16.28450
97.74 , 34.4303207397 , 16.29017
97.78 , 34.4303207397 , 16.29617
97.81 , 34.4303207397 , 16.30217
97.85 , 34.4303207397 , 16.30800
97.88 , 34.4303207397 , 16.31400
97.92 , 34.5389366149 , 16.31967
97.95 , 34.4303207397 , 16.32567
97.99 , 34.5389366149 , 16.33150
98.02 , 34.5389366149 , 16.33750
98.06 , 34.4303207397 , 16.34333
98.10 , 34.5389366149 , 16.34934
98.13 , 34.6475486755 , 16.35500
98.17 , 34.6475486755 , 16.36100
98.20 , 34.5389366149 , 16.36683
98.24 , 34.5389366149 , 16.37283
98.27 , 34.6475486755 , 16.37867
98.31 , 34.6475486755 , 16.38467
98.34 , 34.6475486755 , 16.39050
98.38 , 34.6475486755 , 16.39633
98.41 , 34.6475486755 , 16.40233
98.45 , 34.6475486755 , 16.40817
98.48 , 34.6475486755 , 16.41417
98.52 , 34.6475486755 , 16.42000
98.55 , 34.7561607360 , 16.42584
98.59 , 34.7561607360 , 16.43167
98.63 , 34.7561607360 , 16.43767
98.66 , 34.7561607360 , 16.44350
98.70 , 34.7561607360 , 16.44950
98.73 , 34.7561607360 , 16.45533
98.77 , 34.7561607360 , 16.46117
98.80 , 34.8647727966 , 16.46700
98.84 , 34.8647727966 , 16.47300
98.87 , 34.7561607360 , 16.47883
98.91 , 34.8647727966 , 16.48483
98.94 , 34.8647727966 , 16.49083
98.98 , 34.8647727966 , 16.49650
99.01 , 34.8647727966 , 16.50250
99.05 , 34.8647727966 , 16.50834
99.09 , 34.9733886718 , 16.51433
99.12 , 34.9733886718 , 16.52017
99.16 , 34.8647727966 , 16.52600
99.19 , 34.9733886718 , 16.53183
99.23 , 34.9733886718 , 16.53783
99.26 , 34.8647727966 , 16.54367
99.30 , 34.9733886718 , 16.54967
99.33 , 34.9733886718 , 16.55550
99.37 , 34.9733886718 , 16.56133
99.40 , 35.0820007324 , 16.56717
99.44 , 34.9733886718 , 16.57317
99.47 , 35.0820007324 , 16.57917
99.51 , 34.9733886718 , 16.58500
99.55 , 34.9733886718 , 16.59100
99.58 , 35.0820007324 , 16.59667
99.62 , 35.0820007324 , 16.60267
99.65 , 35.0820007324 , 16.60850
99.69 , 35.0820007324 , 16.61450
99.72 , 35.0820007324 , 16.62034
99.76 , 35.0820007324 , 16.62634
99.79 , 35.0820007324 , 16.63200
99.83 , 35.0820007324 , 16.63800
99.86 , 35.1906127929 , 16.64383
99.90 , 35.1906127929 , 16.64983
99.93 , 35.1906127929 , 16.65567
99.97 , 35.1906127929 , 16.66167
100.00 , 35.1906127929 , 16.66733
100.04 , 35.1906127929 , 16.67350
100.08 , 35.1906127929 , 16.67967
100.11 , 35.1906127929 , 16.68567
100.15 , 35.2992248535 , 16.69183
100.19 , 35.2992248535 , 16.69783
100.22 , 35.2992248535 , 16.70400
100.26 , 35.1906127929 , 16.70984
100.30 , 35.2992248535 , 16.71600
100.33 , 35.1906127929 , 16.72200
100.37 , 35.2992248535 , 16.72817
100.41 , 35.2992248535 , 16.73433
100.44 , 35.4078445434 , 16.74033
100.48 , 35.2992248535 , 16.74633
100.51 , 35.4078445434 , 16.75234
100.55 , 35.4078445434 , 16.75850
100.59 , 35.4078445434 , 16.76450
100.62 , 35.5164566040 , 16.77067
100.66 , 35.4078445434 , 16.77667
100.70 , 35.4078445434 , 16.78283
100.73 , 35.5164566040 , 16.78867
100.77 , 35.5164566040 , 16.79483
100.81 , 35.5164566040 , 16.80100
100.84 , 35.5164566040 , 16.80700
100.88 , 35.5164566040 , 16.81317
100.91 , 35.5164566040 , 16.81917
100.95 , 35.5164566040 , 16.82534
100.99 , 35.5164566040 , 16.83117
101.02 , 35.6250686645 , 16.83733
101.06 , 35.6250686645 , 16.84333
101.10 , 35.6250686645 , 16.84950
101.13 , 35.6250686645 , 16.85550
101.17 , 35.6250686645 , 16.86167
101.21 , 35.7336807250 , 16.86783
101.24 , 35.7336807250 , 16.87367
101.28 , 35.6250686645 , 16.87983
101.31 , 35.7336807250 , 16.88583
101.35 , 35.6250686645 , 16.89200
101.39 , 35.6250686645 , 16.89800
101.43 , 35.7336807250 , 16.90417
101.46 , 35.7336807250 , 16.91000
101.50 , 35.7336807250 , 16.91617
101.53 , 35.7336807250 , 16.92217
101.57 , 35.7336807250 , 16.92833
101.61 , 35.7336807250 , 16.93450
101.64 , 35.7336807250 , 16.94050
101.68 , 35.7336807250 , 16.94667
101.71 , 35.7336807250 , 16.95250
101.75 , 35.8422966003 , 16.95867
101.79 , 35.8422966003 , 16.96467
101.82 , 35.8422966003 , 16.97083
101.86 , 35.7336807250 , 16.97683
101.90 , 35.8422966003 , 16.98300
101.93 , 35.8422966003 , 16.98900
101.97 , 35.8422966003 , 16.99500
102.01 , 35.8422966003 , 17.00117
102.04 , 35.9509086608 , 17.00717
102.08 , 35.9509086608 , 17.01333
102.12 , 35.8422966003 , 17.01933
102.15 , 35.9509086608 , 17.02550
102.19 , 35.9509086608 , 17.03150
102.22 , 35.9509086608 , 17.03750
102.26 , 35.9509086608 , 17.04350
102.30 , 35.9509086608 , 17.04967
102.33 , 35.9509086608 , 17.05567
102.37 , 35.9509086608 , 17.06184
102.41 , 36.0595207214 , 17.06800
102.44 , 36.0595207214 , 17.07400
102.48 , 36.0595207214 , 17.08000
102.52 , 36.0595207214 , 17.08600
102.55 , 36.1681327819 , 17.09217
102.59 , 36.0595207214 , 17.09817
102.63 , 36.1681327819 , 17.10433
102.66 , 36.0595207214 , 17.11034
102.70 , 36.0595207214 , 17.11650
102.73 , 36.1681327819 , 17.12250
102.77 , 36.0595207214 , 17.12850
102.81 , 36.1681327819 , 17.13467
102.84 , 36.1681327819 , 17.14067
102.88 , 36.1681327819 , 17.14683
102.92 , 36.2767486572 , 17.15283
102.95 , 36.2767486572 , 17.15884
102.99 , 36.1681327819 , 17.16483
103.03 , 36.2767486572 , 17.17100
103.06 , 36.1681327819 , 17.17700
103.10 , 36.2767486572 , 17.18317
103.14 , 36.2767486572 , 17.18934
103.17 , 36.2767486572 , 17.19533
103.21 , 36.2767486572 , 17.20133
103.24 , 36.2767486572 , 17.20734
103.28 , 36.2767486572 , 17.21350
103.32 , 36.3853607177 , 17.21950
103.35 , 36.3853607177 , 17.22567
103.39 , 36.3853607177 , 17.23167
103.43 , 36.3853607177 , 17.23784
103.46 , 36.3853607177 , 17.24367
103.50 , 36.4939727783 , 17.24983
103.54 , 36.3853607177 , 17.25600
103.57 , 36.3853607177 , 17.26200
103.61 , 36.4939727783 , 17.26817
103.64 , 36.4939727783 , 17.27417
103.68 , 36.4939727783 , 17.28034
103.72 , 36.4939727783 , 17.28617
103.75 , 36.4939727783 , 17.29233
103.79 , 36.4939727783 , 17.29833
103.83 , 36.6025848388 , 17.30450
103.86 , 36.6025848388 , 17.31050
103.90 , 36.6025848388 , 17.31667
103.94 , 36.6025848388 , 17.32283
103.97 , 36.4939727783 , 17.32867
104.01 , 36.6025848388 , 17.33484
104.04 , 36.6025848388 , 17.34083
104.08 , 36.6025848388 , 17.34700
104.12 , 36.6025848388 , 17.35300
104.15 , 36.6025848388 , 17.35917
104.19 , 36.7111968994 , 17.36500
104.23 , 36.7111968994 , 17.37117
104.26 , 36.7111968994 , 17.37717
104.30 , 36.6025848388 , 17.38334
104.34 , 36.7111968994 , 17.38950
104.37 , 36.6025848388 , 17.39550
104.41 , 36.6025848388 , 17.40167
104.44 , 36.7111968994 , 17.40750
104.48 , 36.7111968994 , 17.41367
104.52 , 36.7111968994 , 17.41967
104.55 , 36.7111968994 , 17.42584
104.59 , 36.7111968994 , 17.43184
104.63 , 36.8198127746 , 17.43800
104.66 , 36.7111968994 , 17.44400
104.70 , 36.8198127746 , 17.45000
104.74 , 36.8198127746 , 17.45617
104.77 , 36.8198127746 , 17.46217
104.81 , 36.8198127746 , 17.46833
104.85 , 36.8198127746 , 17.47434
104.88 , 36.9284248352 , 17.48050
104.92 , 36.8198127746 , 17.48650
104.95 , 36.8198127746 , 17.49250
104.99 , 36.8198127746 , 17.49850
105.03 , 36.9284248352 , 17.50467
105.06 , 36.9284248352 , 17.51083
105.10 , 36.9284248352 , 17.51683
105.14 , 37.0370368957 , 17.52300
105.17 , 37.0370368957 , 17.52900
105.21 , 36.9284248352 , 17.53500
105.25 , 37.0370368957 , 17.54100
105.28 , 37.0370368957 , 17.54717
105.32 , 36.9284248352 , 17.55317
105.36 , 37.0370368957 , 17.55933
105.39 , 37.1456489562 , 17.56534
105.43 , 37.0370368957 , 17.57134
105.46 , 37.0370368957 , 17.57750
105.50 , 37.1456489562 , 17.58350
105.54 , 37.0370368957 , 17.58967
105.57 , 37.0370368957 , 17.59567
105.61 , 37.1456489562 , 17.60183
105.65 , 37.0370368957 , 17.60783
105.68 , 37.1456489562 , 17.61384
105.72 , 37.2542648315 , 17.61984
105.76 , 37.2542648315 , 17.62600
105.79 , 37.2542648315 , 17.63200
105.83 , 37.1456489562 , 17.63817
105.87 , 37.2542648315 , 17.64433
105.90 , 37.2542648315 , 17.65033
105.94 , 37.2542648315 , 17.65633
105.97 , 37.2542648315 , 17.66234
106.01 , 37.2542648315 , 17.66850
106.05 , 37.3628768920 , 17.67450
106.08 , 37.2542648315 , 17.68067
106.12 , 37.3628768920 , 17.68667
106.16 , 37.2542648315 , 17.69283
106.19 , 37.3628768920 , 17.69867
106.23 , 37.2542648315 , 17.70483
106.27 , 37.3628768920 , 17.71100
106.30 , 37.3628768920 , 17.71700
106.34 , 37.3628768920 , 17.72317
106.37 , 37.3628768920 , 17.72917
106.41 , 37.3628768920 , 17.73534
106.45 , 37.3628768920 , 17.74117
106.48 , 37.4714889526 , 17.74733
106.52 , 37.4714889526 , 17.75333
106.56 , 37.4714889526 , 17.75950
106.59 , 37.3628768920 , 17.76550
106.63 , 37.4714889526 , 17.77167
106.67 , 37.4714889526 , 17.77783
106.70 , 37.4714889526 , 17.78367
106.74 , 37.4714889526 , 17.78983
106.77 , 37.4714889526 , 17.79583
106.81 , 37.4714889526 , 17.80200
106.85 , 37.4714889526 , 17.80800
106.88 , 37.4714889526 , 17.81417
106.92 , 37.4714889526 , 17.82000
106.96 , 37.4714889526 , 17.82617
106.99 , 37.5801010131 , 17.83217
107.03 , 37.5801010131 , 17.83833
107.07 , 37.4714889526 , 17.84450
107.10 , 37.5801010131 , 17.85050
107.14 , 37.6887130737 , 17.85667
107.18 , 37.6887130737 , 17.86250
107.21 , 37.6887130737 , 17.86867
107.25 , 37.5801010131 , 17.87467
107.29 , 37.6887130737 , 17.88084
107.32 , 37.6887130737 , 17.88683
107.36 , 37.6887130737 , 17.89300
107.39 , 37.7973289489 , 17.89917
107.43 , 37.6887130737 , 17.90500
107.47 , 37.6887130737 , 17.91117
107.50 , 37.6887130737 , 17.91717
107.54 , 37.6887130737 , 17.92333
107.58 , 37.6887130737 , 17.92933
107.61 , 37.6887130737 , 17.93550
107.65 , 37.6887130737 , 17.94150
107.68 , 37.7973289489 , 17.94750
107.72 , 37.7973289489 , 17.95350
107.76 , 37.7973289489 , 17.95967
107.79 , 37.9059410095 , 17.96583
107.83 , 37.7973289489 , 17.97183
107.87 , 37.7973289489 , 17.97800
107.90 , 37.7973289489 , 17.98400
107.94 , 37.9059410095 , 17.99000
107.98 , 37.7973289489 , 17.99600
108.01 , 37.9059410095 , 18.00217
108.05 , 37.9059410095 , 18.00817
108.09 , 37.9059410095 , 18.01433
108.12 , 37.9059410095 , 18.02033
108.16 , 37.9059410095 , 18.02633
108.19 , 38.0145530700 , 18.03250
108.23 , 37.9059410095 , 18.03850
108.27 , 38.0145530700 , 18.04467
108.30 , 38.0145530700 , 18.05067
108.34 , 38.0145530700 , 18.05684
108.38 , 38.0145530700 , 18.06283
108.41 , 38.0145530700 , 18.06884
108.45 , 38.0145530700 , 18.07483
108.49 , 38.1231651306 , 18.08100
108.52 , 38.0145530700 , 18.08700
108.56 , 38.1231651306 , 18.09317
108.60 , 38.1231651306 , 18.09934
108.63 , 38.1231651306 , 18.10534
108.67 , 38.1231651306 , 18.11133
108.70 , 38.1231651306 , 18.11734
108.74 , 38.2317810058 , 18.12350
108.78 , 38.2317810058 , 18.12950
108.81 , 38.1231651306 , 18.13567
108.85 , 38.1231651306 , 18.14167
108.89 , 38.2317810058 , 18.14784
108.92 , 38.2317810058 , 18.15367
108.96 , 38.1231651306 , 18.15983
109.00 , 38.2317810058 , 18.16600
109.03 , 38.2317810058 , 18.17200
109.07 , 38.2317810058 , 18.17817
109.11 , 38.2317810058 , 18.18417
109.14 , 38.2317810058 , 18.19034
109.18 , 38.2317810058 , 18.19617
109.21 , 38.3403930664 , 18.20233
109.25 , 38.2317810058 , 18.20833
109.29 , 38.2317810058 , 18.21450
109.32 , 38.2317810058 , 18.22050
109.36 , 38.3403930664 , 18.22667
109.40 , 38.3403930664 , 18.23267
109.43 , 38.3403930664 , 18.23867
109.47 , 38.3403930664 , 18.24484
109.50 , 38.3403930664 , 18.25083
109.54 , 38.4490051269 , 18.25700
109.58 , 38.4490051269 , 18.26300
109.61 , 38.3403930664 , 18.26917
109.65 , 38.4490051269 , 18.27500
109.69 , 38.4490051269 , 18.28117
109.72 , 38.4490051269 , 18.28734
109.76 , 38.4490051269 , 18.29334
109.80 , 38.4490051269 , 18.29950
109.83 , 38.4490051269 , 18.30550
109.87 , 38.4490051269 , 18.31167
109.90 , 38.4490051269 , 18.31750
109.94 , 38.5576171875 , 18.32367
109.98 , 38.5576171875 , 18.32967
110.01 , 38.5576171875 , 18.33584
110.05 , 38.4490051269 , 18.34184
110.09 , 38.5576171875 , 18.34800
110.12 , 38.5576171875 , 18.35417
110.16 , 38.6662292480 , 18.36000
110.20 , 38.5576171875 , 18.36617
110.23 , 38.6662292480 , 18.37217
110.27 , 38.6662292480 , 18.37833
110.31 , 38.6662292480 , 18.38434
110.34 , 38.6662292480 , 18.39050
110.38 , 38.6662292480 , 18.39650
110.41 , 38.7748451232 , 18.40250
110.45 , 38.6662292480 , 18.40850
110.49 , 38.6662292480 , 18.41467
110.52 , 38.6662292480 , 18.42083
110.56 , 38.7748451232 , 18.42683
110.60 , 38.7748451232 , 18.43300
110.63 , 38.7748451232 , 18.43884
110.67 , 38.6662292480 , 18.44500
110.71 , 38.7748451232 , 18.45100
110.74 , 38.7748451232 , 18.45717
110.78 , 38.7748451232 , 18.46317
110.82 , 38.8834571838 , 18.46933
110.85 , 38.8834571838 , 18.47533
110.89 , 38.8834571838 , 18.48134
110.93 , 38.8834571838 , 18.48750
110.96 , 38.8834571838 , 18.49350
111.00 , 38.8834571838 , 18.49967
111.03 , 38.9920692443 , 18.50567
111.07 , 38.8834571838 , 18.51183
111.11 , 38.8834571838 , 18.51783
111.14 , 38.9920692443 , 18.52383
111.18 , 38.8834571838 , 18.52984
111.22 , 38.8834571838 , 18.53600
111.25 , 38.8834571838 , 18.54200
111.29 , 38.8834571838 , 18.54817
111.33 , 38.9920692443 , 18.55433
111.36 , 38.9920692443 , 18.56033
111.40 , 38.9920692443 , 18.56633
111.43 , 38.9920692443 , 18.57234
111.47 , 38.9920692443 , 18.57850
111.51 , 38.9920692443 , 18.58450
111.54 , 38.9920692443 , 18.59067
111.58 , 38.9920692443 , 18.59667
111.62 , 39.1006813049 , 18.60283
111.65 , 38.9920692443 , 18.60867
111.69 , 38.9920692443 , 18.61483
111.73 , 39.1006813049 , 18.62100
111.76 , 39.1006813049 , 18.62700
111.80 , 39.2092971801 , 18.63317
111.83 , 39.1006813049 , 18.63917
111.87 , 39.1006813049 , 18.64533
111.91 , 39.1006813049 , 18.65117
111.94 , 39.1006813049 , 18.65733
111.98 , 39.1006813049 , 18.66333
112.02 , 39.1006813049 , 18.66950
112.05 , 39.2092971801 , 18.67567
112.09 , 39.2092971801 , 18.68167
112.13 , 39.2092971801 , 18.68767
112.16 , 39.2092971801 , 18.69367
112.20 , 39.2092971801 , 18.69983
112.23 , 39.2092971801 , 18.70583
112.27 , 39.3179092407 , 18.71200
112.31 , 39.2092971801 , 18.71800
112.34 , 39.3179092407 , 18.72417
112.38 , 39.3179092407 , 18.73000
112.42 , 39.3179092407 , 18.73617
112.45 , 39.3179092407 , 18.74234
112.49 , 39.3179092407 , 18.74833
112.53 , 39.3179092407 , 18.75450
112.56 , 39.3179092407 , 18.76050
112.60 , 39.3179092407 , 18.76667
112.63 , 39.4265213012 , 18.77250
112.67 , 39.4265213012 , 18.77867
112.71 , 39.4265213012 , 18.78467
112.75 , 39.4265213012 , 18.79084
112.78 , 39.3179092407 , 18.79683
112.82 , 39.4265213012 , 18.80300
112.86 , 39.4265213012 , 18.80917
112.89 , 39.4265213012 , 18.81500
112.93 , 39.4265213012 , 18.82117
112.96 , 39.5351333618 , 18.82717
113.00 , 39.4265213012 , 18.83333
113.04 , 39.4265213012 , 18.83934
113.07 , 39.5351333618 , 18.84550
113.11 , 39.5351333618 , 18.85133
113.14 , 39.5351333618 , 18.85750
113.18 , 39.5351333618 , 18.86350
113.22 , 39.5351333618 , 18.86967
113.25 , 39.5351333618 , 18.87583
113.29 , 39.5351333618 , 18.88183
113.33 , 39.5351333618 , 18.88800
113.36 , 39.5351333618 , 18.89383
113.40 , 39.6437454223 , 18.90000
113.44 , 39.6437454223 , 18.90600
113.47 , 39.6437454223 , 18.91217
113.51 , 39.6437454223 , 18.91817
113.55 , 39.6437454223 , 18.92433
113.58 , 39.6437454223 , 18.93033
113.62 , 39.6437454223 , 18.93633
113.65 , 39.6437454223 , 18.94250
113.69 , 39.6437454223 , 18.94850
113.73 , 39.7523612976 , 18.95467
113.76 , 39.7523612976 , 18.96067
113.80 , 39.7523612976 , 18.96684
113.84 , 39.7523612976 , 18.97283
113.87 , 39.7523612976 , 18.97883
113.91 , 39.6437454223 , 18.98483
113.95 , 39.7523612976 , 18.99100
113.98 , 39.7523612976 , 18.99700
114.02 , 39.7523612976 , 19.00317
114.06 , 39.8609733581 , 19.00934
114.09 , 39.8609733581 , 19.01534
114.13 , 39.7523612976 , 19.02133
114.16 , 39.8609733581 , 19.02733
114.20 , 39.8609733581 , 19.03350
114.24 , 39.8609733581 , 19.03950
114.27 , 39.8609733581 , 19.04567
114.31 , 39.8609733581 , 19.05167
114.35 , 39.8609733581 , 19.05784
114.38 , 39.8609733581 , 19.06384
114.42 , 39.9695854187 , 19.06983
114.46 , 39.8609733581 , 19.07600
114.49 , 39.9695854187 , 19.08200
114.53 , 39.9695854187 , 19.08817
114.56 , 39.9695854187 , 19.09417
114.60 , 39.9695854187 , 19.10017
114.64 , 40.0781974792 , 19.10617
114.67 , 39.9695854187 , 19.11234
114.71 , 39.9695854187 , 19.11833
114.75 , 40.0781974792 , 19.12450
114.78 , 40.0781974792 , 19.13067
114.82 , 40.0781974792 , 19.13667
114.86 , 40.0781974792 , 19.14267
114.89 , 39.9695854187 , 19.14867
114.93 , 40.0781974792 , 19.15484
114.96 , 40.0781974792 , 19.16083
115.00 , 40.1868133544 , 19.16700
115.04 , 40.1868133544 , 19.17300
115.07 , 40.1868133544 , 19.17917
115.11 , 40.1868133544 , 19.18500
115.15 , 40.0781974792 , 19.19117
115.18 , 40.1868133544 , 19.19734
115.22 , 40.1868133544 , 19.20334
115.26 , 40.1868133544 , 19.20950
115.29 , 40.1868133544 , 19.21550
115.33 , 40.1868133544 , 19.22167
115.36 , 40.1868133544 , 19.22750
115.40 , 40.1868133544 , 19.23367
115.44 , 40.1868133544 , 19.23967
115.47 , 40.2954254150 , 19.24584
115.51 , 40.2954254150 , 19.25184
115.55 , 40.2954254150 , 19.25800
115.58 , 40.1868133544 , 19.26417
115.62 , 40.2954254150 , 19.27000
115.66 , 40.4040374755 , 19.27617
115.69 , 40.4040374755 , 19.28217
115.73 , 40.2954254150 , 19.28833
115.77 , 40.2954254150 , 19.29434
115.80 , 40.2954254150 , 19.30050
115.84 , 40.4040374755 , 19.30633
115.87 , 40.4040374755 , 19.31250
115.91 , 40.4040374755 , 19.31850
115.95 , 40.2954254150 , 19.32467
115.98 , 40.4040374755 , 19.33083
116.02 , 40.2954254150 , 19.33683
116.06 , 40.4040374755 , 19.34300
116.09 , 40.4040374755 , 19.34884
116.13 , 40.5126495361 , 19.35500
116.17 , 40.5126495361 , 19.36100
116.20 , 40.5126495361 , 19.36717
116.24 , 40.5126495361 , 19.37317
116.28 , 40.5126495361 , 19.37933
116.31 , 40.5126495361 , 19.38533
116.35 , 40.5126495361 , 19.39134
116.38 , 40.5126495361 , 19.39750
116.42 , 40.5126495361 , 19.40350
116.46 , 40.5126495361 , 19.40967
116.49 , 40.5126495361 , 19.41567
116.53 , 40.6212615966 , 19.42183
116.57 , 40.6212615966 , 19.42783
116.60 , 40.6212615966 , 19.43383
116.64 , 40.6212615966 , 19.43984
116.68 , 40.6212615966 , 19.44600
116.71 , 40.6212615966 , 19.45217
116.75 , 40.6212615966 , 19.45817
116.79 , 40.6212615966 , 19.46434
116.82 , 40.6212615966 , 19.47033
116.86 , 40.6212615966 , 19.47633
116.89 , 40.6212615966 , 19.48233
116.93 , 40.6212615966 , 19.48850
116.97 , 40.7298774719 , 19.49450
117.00 , 40.7298774719 , 19.50067
117.04 , 40.7298774719 , 19.50667
117.08 , 40.7298774719 , 19.51267
117.11 , 40.7298774719 , 19.51883
117.15 , 40.7298774719 , 19.52483
117.19 , 40.7298774719 , 19.53100
117.22 , 40.8384895324 , 19.53700
117.26 , 40.8384895324 , 19.54317
117.29 , 40.7298774719 , 19.54917
117.33 , 40.8384895324 , 19.55517
117.37 , 40.8384895324 , 19.56117
117.40 , 40.8384895324 , 19.56733
117.44 , 40.8384895324 , 19.57333
117.48 , 40.8384895324 , 19.57950
117.51 , 40.8384895324 , 19.58567
117.55 , 40.9471054077 , 19.59167
117.59 , 40.8384895324 , 19.59767
117.62 , 40.9471054077 , 19.60367
117.66 , 40.9471054077 , 19.60983
117.69 , 40.9471054077 , 19.61583
117.73 , 40.9471054077 , 19.62200
117.77 , 40.9471054077 , 19.62800
117.80 , 40.9471054077 , 19.63417
117.84 , 40.9471054077 , 19.64000
117.88 , 40.9471054077 , 19.64617
117.91 , 40.9471054077 , 19.65233
117.95 , 40.9471054077 , 19.65833
117.99 , 40.9471054077 , 19.66450
118.02 , 41.0557212829 , 19.67050
118.06 , 41.0557212829 , 19.67667
118.09 , 41.0557212829 , 19.68250
118.13 , 41.0557212829 , 19.68867
118.17 , 41.0557212829 , 19.69467
118.20 , 41.0557212829 , 19.70083
118.24 , 41.0557212829 , 19.70683
118.28 , 41.0557212829 , 19.71300
118.31 , 41.0557212829 , 19.71917
118.35 , 41.1643333435 , 19.72500
118.39 , 41.0557212829 , 19.73117
118.42 , 41.1643333435 , 19.73717
118.46 , 41.1643333435 , 19.74333
118.50 , 41.0557212829 , 19.74934
118.53 , 41.1643333435 , 19.75550
118.57 , 41.1643333435 , 19.76133
118.61 , 41.1643333435 , 19.76750
118.64 , 41.1643333435 , 19.77350
118.68 , 41.1643333435 , 19.77967
118.71 , 41.1643333435 , 19.78583
118.75 , 41.2729454040 , 19.79183
118.79 , 41.2729454040 , 19.79800
118.82 , 41.1643333435 , 19.80383
118.86 , 41.2729454040 , 19.81000
118.90 , 41.2729454040 , 19.81600
118.93 , 41.3815574645 , 19.82217
118.97 , 41.2729454040 , 19.82817
119.01 , 41.2729454040 , 19.83433
119.04 , 41.2729454040 , 19.84050
119.08 , 41.2729454040 , 19.84634
119.11 , 41.2729454040 , 19.85250
119.15 , 41.2729454040 , 19.85850
119.19 , 41.3815574645 , 19.86467
119.22 , 41.3815574645 , 19.87067
119.26 , 41.3815574645 , 19.87684
119.30 , 41.3815574645 , 19.88283
119.33 , 41.3815574645 , 19.88883
119.37 , 41.3815574645 , 19.89484
119.41 , 41.4901733398 , 19.90100
119.44 , 41.3815574645 , 19.90717
119.48 , 41.3815574645 , 19.91317
119.52 , 41.3815574645 , 19.91934
119.55 , 41.4901733398 , 19.92534
119.59 , 41.4901733398 , 19.93133
119.62 , 41.4901733398 , 19.93733
119.66 , 41.4901733398 , 19.94350
119.70 , 41.4901733398 , 19.94950
119.73 , 41.4901733398 , 19.95567
119.77 , 41.5987854003 , 19.96167
119.81 , 41.4901733398 , 19.96767
119.84 , 41.5987854003 , 19.97384
119.88 , 41.5987854003 , 19.97983
119.92 , 41.7073974609 , 19.98600
119.95 , 41.5987854003 , 19.99200
119.99 , 41.5987854003 , 19.99817
120.02 , 41.5987854003 , 20.00417
120.06 , 41.5987854003 , 20.01017
120.10 , 41.7073974609 , 20.01617
120.13 , 41.5987854003 , 20.02234
120.17 , 41.7073974609 , 20.02833
120.21 , 41.5987854003 , 20.03450
120.24 , 41.5987854003 , 20.04067
120.28 , 41.7073974609 , 20.04667
120.32 , 41.7073974609 , 20.05267
120.35 , 41.7073974609 , 20.05867
120.39 , 41.8160095214 , 20.06484
120.43 , 41.7073974609 , 20.07084
120.46 , 41.7073974609 , 20.07700
120.50 , 41.8160095214 , 20.08300
120.54 , 41.8160095214 , 20.08917
120.57 , 41.7073974609 , 20.09500
120.61 , 41.8160095214 , 20.10117
120.64 , 41.7073974609 , 20.10733
120.68 , 41.8160095214 , 20.11334
120.72 , 41.8160095214 , 20.11950
120.75 , 41.8160095214 , 20.12550
120.79 , 41.9246215820 , 20.13167
120.82 , 41.8160095214 , 20.13750
120.86 , 41.8160095214 , 20.14367
120.90 , 41.8160095214 , 20.14967
120.93 , 41.8160095214 , 20.15583
120.97 , 41.9246215820 , 20.16184
121.01 , 41.9246215820 , 20.16800
121.04 , 41.9246215820 , 20.17400
121.08 , 41.9246215820 , 20.18000
121.12 , 41.9246215820 , 20.18617
121.15 , 41.9246215820 , 20.19217
121.19 , 41.9246215820 , 20.19833
121.23 , 41.9246215820 , 20.20433
121.26 , 42.0332374572 , 20.21050
121.30 , 41.9246215820 , 20.21633
121.33 , 41.9246215820 , 20.22250
121.37 , 41.9246215820 , 20.22867
121.41 , 41.9246215820 , 20.23467
121.44 , 42.0332374572 , 20.24083
121.48 , 42.0332374572 , 20.24683
121.52 , 42.0332374572 , 20.25300
121.55 , 42.0332374572 , 20.25884
121.59 , 42.0332374572 , 20.26500
121.63 , 42.0332374572 , 20.27100
121.66 , 42.0332374572 , 20.27717
121.70 , 42.1418495178 , 20.28317
121.74 , 42.0332374572 , 20.28933
121.77 , 42.1418495178 , 20.29550
121.81 , 42.1418495178 , 20.30134
121.84 , 42.1418495178 , 20.30750
121.88 , 42.1418495178 , 20.31350
121.92 , 42.1418495178 , 20.31967
121.95 , 42.1418495178 , 20.32567
121.99 , 42.1418495178 , 20.33183
122.03 , 42.1418495178 , 20.33783
122.06 , 42.1418495178 , 20.34383
122.10 , 42.1418495178 , 20.34984
122.14 , 42.1418495178 , 20.35600
122.17 , 42.2504615783 , 20.36217
122.21 , 42.2504615783 , 20.36817
122.25 , 42.2504615783 , 20.37434
122.28 , 42.2504615783 , 20.38017
122.32 , 42.3590736389 , 20.38633
122.35 , 42.2504615783 , 20.39233
122.39 , 42.2504615783 , 20.39850
122.43 , 42.3590736389 , 20.40450
122.46 , 42.3590736389 , 20.41067
122.50 , 42.2504615783 , 20.41667
122.54 , 42.3590736389 , 20.42267
122.57 , 42.3590736389 , 20.42883
122.61 , 42.3590736389 , 20.43483
122.65 , 42.4676895141 , 20.44100
122.68 , 42.3590736389 , 20.44700
122.72 , 42.3590736389 , 20.45317
122.75 , 42.4676895141 , 20.45917
122.79 , 42.4676895141 , 20.46517
122.83 , 42.3590736389 , 20.47117
122.86 , 42.3590736389 , 20.47733
122.90 , 42.3590736389 , 20.48333
122.94 , 42.4676895141 , 20.48950
122.97 , 42.4676895141 , 20.49567
123.01 , 42.4676895141 , 20.50167
123.05 , 42.3590736389 , 20.50767
123.08 , 42.4676895141 , 20.51367
123.12 , 42.4676895141 , 20.51984
123.15 , 42.4676895141 , 20.52583
123.19 , 42.4676895141 , 20.53200
123.23 , 42.5763015747 , 20.53800
123.26 , 42.4676895141 , 20.54417
123.30 , 42.5763015747 , 20.55000
123.34 , 42.5763015747 , 20.55617
123.37 , 42.5763015747 , 20.56233
123.41 , 42.4676895141 , 20.56834
123.45 , 42.5763015747 , 20.57450
123.48 , 42.4676895141 , 20.58050
123.52 , 42.5763015747 , 20.58667
123.55 , 42.5763015747 , 20.59250
123.59 , 42.5763015747 , 20.59867
123.63 , 42.5763015747 , 20.60467
123.66 , 42.6849136352 , 20.61083
123.70 , 42.6849136352 , 20.61700
123.74 , 42.6849136352 , 20.62300
123.77 , 42.6849136352 , 20.62900
123.81 , 42.6849136352 , 20.63500
123.85 , 42.5763015747 , 20.64117
123.88 , 42.6849136352 , 20.64717
123.92 , 42.6849136352 , 20.65333
123.96 , 42.7935256958 , 20.65933
123.99 , 42.6849136352 , 20.66550
124.03 , 42.6849136352 , 20.67133
124.06 , 42.7935256958 , 20.67750
124.10 , 42.7935256958 , 20.68367
124.14 , 42.7935256958 , 20.68967
124.18 , 42.7935256958 , 20.69584
124.21 , 42.7935256958 , 20.70183
124.25 , 42.7935256958 , 20.70800
124.28 , 42.7935256958 , 20.71383
124.32 , 42.9021377563 , 20.72000
124.36 , 42.7935256958 , 20.72600
124.39 , 42.9021377563 , 20.73217
124.43 , 42.9021377563 , 20.73817
124.47 , 42.9021377563 , 20.74434
124.50 , 42.9021377563 , 20.75050
124.54 , 42.9021377563 , 20.75634
124.57 , 42.9021377563 , 20.76250
124.61 , 42.9021377563 , 20.76850
124.65 , 43.0107536315 , 20.77467
124.68 , 42.9021377563 , 20.78067
124.72 , 42.9021377563 , 20.78684
124.76 , 43.0107536315 , 20.79267
124.79 , 42.9021377563 , 20.79883
124.83 , 43.0107536315 , 20.80484
