7.67 , 0.1086129074 , 1.27833
7.70 , 0.1086129074 , 1.28383
7.74 , 0.1086129074 , 1.28917
7.77 , 0.1086129074 , 1.29467
7.80 , 0.1086129074 , 1.29983
7.83 , 0.1086129074 , 1.30533
7.86 , 0.1086129074 , 1.31067
7.90 , 0.1086129074 , 1.31617
7.93 , 0.1086129074 , 1.32133
7.96 , 0.1086129074 , 1.32683
7.99 , 0.1086129074 , 1.33217
8.03 , 0.1086129074 , 1.33767
8.06 , 0.1086129074 , 1.34283
8.09 , 0.1086129074 , 1.34833
8.12 , 0.1086129074 , 1.35367
8.15 , 0.1086129074 , 1.35917
8.19 , 0.1086129074 , 1.36433
8.22 , 0.1086129074 , 1.36983
8.25 , 0.1086129074 , 1.37517
8.28 , 0.1086129074 , 1.38050
8.31 , 0.1086129074 , 1.38583
8.35 , 0.1086129074 , 1.39117
8.38 , 0.1086129074 , 1.39667
8.41 , 0.1086129074 , 1.40200
8.44 , 0.1086129074 , 1.40733
8.48 , 0.1086129074 , 1.41267
8.51 , 0.1086129074 , 1.41817
8.54 , 0.1086129074 , 1.42350
8.57 , 0.1086129074 , 1.42883
8.60 , 0.1086129074 , 1.43417
8.64 , 0.1086129074 , 1.43967
8.67 , 0.1086129074 , 1.44500
8.70 , 0.1086129074 , 1.45033
8.73 , 0.1086129074 , 1.45567
8.77 , 0.1086129074 , 1.46117
8.80 , 0.1086129074 , 1.46650
8.83 , 0.1086129074 , 1.47200
8.86 , 0.2172271251 , 1.47717
8.90 , 0.1086129074 , 1.48267
8.93 , 0.1086129074 , 1.48800
8.96 , 0.1086129074 , 1.49350
8.99 , 0.1086129074 , 1.49867
9.02 , 0.2172271251 , 1.50417
9.06 , 0.1086129074 , 1.50950
9.09 , 0.2172271251 , 1.51500
9.12 , 0.1086129074 , 1.52017
9.15 , 0.2172271251 , 1.52567
9.19 , 0.1086129074 , 1.53100
9.22 , 0.2172271251 , 1.53650
9.25 , 0.2172271251 , 1.54167
9.28 , 0.1086129074 , 1.54717
9.31 , 0.2172271251 , 1.55250
9.35 , 0.1086129074 , 1.55783
9.38 , 0.2172271251 , 1.56317
9.41 , 0.2172271251 , 1.56850
9.44 , 0.2172271251 , 1.57400
9.48 , 0.2172271251 , 1.57933
9.51 , 0.2172271251 , 1.58467
9.54 , 0.2172271251 , 1.59000
9.57 , 0.2172271251 , 1.59550
9.60 , 0.2172271251 , 1.60083
9.64 , 0.2172271251 , 1.60617
9.67 , 0.3258400201 , 1.61150
9.70 , 0.3258400201 , 1.61700
9.73 , 0.2172271251 , 1.62233
9.77 , 0.3258400201 , 1.62767
9.80 , 0.3258400201 , 1.63300
9.83 , 0.3258400201 , 1.63850
9.86 , 0.3258400201 , 1.64383
9.90 , 0.3258400201 , 1.64917
9.93 , 0.3258400201 , 1.65450
9.96 , 0.3258400201 , 1.66000
9.99 , 0.4344529628 , 1.66533
10.02 , 0.4344529628 , 1.67067
10.06 , 0.4344529628 , 1.67617
10.09 , 0.4344529628 , 1.68183
10.12 , 0.4344529628 , 1.68733
10.16 , 0.4344529628 , 1.69300
10.19 , 0.4344529628 , 1.69833
10.22 , 0.4344529628 , 1.70400
10.26 , 0.5430658340 , 1.70950
10.29 , 0.4344529628 , 1.71517
10.32 , 0.5430658340 , 1.72050
10.36 , 0.5430658340 , 1.72617
10.39 , 0.5430658340 , 1.73167
10.42 , 0.5430658340 , 1.73733
10.46 , 0.5430658340 , 1.74283
10.49 , 0.5430658340 , 1.74833
10.52 , 0.5430658340 , 1.75383
10.56 , 0.5430658340 , 1.75950
10.59 , 0.6516787528 , 1.76500
10.62 , 0.5430658340 , 1.77067
10.66 , 0.6516787528 , 1.77600
10.69 , 0.6516787528 , 1.78167
10.72 , 0.6516787528 , 1.78717
10.76 , 0.6516787528 , 1.79283
10.79 , 0.6516787528 , 1.79817
10.82 , 0.6516787528 , 1.80383
10.86 , 0.7602916240 , 1.80933
10.89 , 0.7602916240 , 1.81500
10.92 , 0.7602916240 , 1.82050
10.96 , 0.7602916240 , 1.82600
10.99 , 0.8689044952 , 1.83150
11.02 , 0.8689044952 , 1.83717
11.06 , 0.8689044952 , 1.84267
11.09 , 0.8689044952 , 1.84817
11.12 , 0.8689044952 , 1.85367
11.16 , 0.9775175094 , 1.85933
11.19 , 0.9775175094 , 1.86483
11.22 , 0.8689044952 , 1.87050
11.26 , 1.0861303806 , 1.87583
11.29 , 0.9775175094 , 1.88150
11.32 , 0.9775175094 , 1.88700
11.36 , 0.9775175094 , 1.89267
11.39 , 0.9775175094 , 1.89800
11.42 , 0.9775175094 , 1.90367
11.46 , 0.9775175094 , 1.90917
11.49 , 0.9775175094 , 1.91483
11.52 , 1.0861303806 , 1.92033
11.56 , 0.9775175094 , 1.92583
11.59 , 0.9775175094 , 1.93133
11.62 , 1.0861303806 , 1.93700
11.65 , 0.9775175094 , 1.94250
11.69 , 1.0861303806 , 1.94800
11.72 , 1.0861303806 , 1.95350
11.76 , 1.0861303806 , 1.95917
11.79 , 1.0861303806 , 1.96467
11.82 , 1.0861303806 , 1.97033
11.85 , 1.0861303806 , 1.97567
11.89 , 1.1947432708 , 1.98133
11.92 , 1.0861303806 , 1.98683
11.96 , 1.1947432708 , 1.99250
11.99 , 1.0861303806 , 1.99783
12.02 , 1.1947432708 , 2.00350
12.05 , 1.3033561706 , 2.00900
12.09 , 1.3033561706 , 2.01467
12.12 , 1.3033561706 , 2.02017
12.15 , 1.3033561706 , 2.02567
12.19 , 1.1947432708 , 2.03117
12.22 , 1.3033561706 , 2.03683
12.25 , 1.3033561706 , 2.04233
12.29 , 1.3033561706 , 2.04800
12.32 , 1.4119690895 , 2.05333
12.35 , 1.4119690895 , 2.05900
12.39 , 1.3033561706 , 2.06450
12.42 , 1.4119690895 , 2.07017
12.45 , 1.4119690895 , 2.07550
12.49 , 1.4119690895 , 2.08117
12.52 , 1.5205819606 , 2.08667
12.55 , 1.5205819606 , 2.09233
12.59 , 1.5205819606 , 2.09783
12.62 , 1.4119690895 , 2.10333
12.65 , 1.5205819606 , 2.10883
12.69 , 1.5205819606 , 2.11450
12.72 , 1.5205819606 , 2.12000
12.75 , 1.4119690895 , 2.12550
12.79 , 1.5205819606 , 2.13100
12.82 , 1.6291961669 , 2.13667
12.85 , 1.6291961669 , 2.14217
12.89 , 1.5205819606 , 2.14783
12.92 , 1.5205819606 , 2.15317
12.95 , 1.5205819606 , 2.15883
12.99 , 1.7378090858 , 2.16433
13.02 , 1.6291961669 , 2.17000
13.05 , 1.6291961669 , 2.17533
13.09 , 1.5205819606 , 2.18100
13.12 , 1.6291961669 , 2.18650
13.15 , 1.7378090858 , 2.19217
13.19 , 1.6291961669 , 2.19767
13.22 , 1.6291961669 , 2.20317
13.25 , 1.7378090858 , 2.20867
13.29 , 1.8464220046 , 2.21433
13.32 , 1.6291961669 , 2.21983
13.35 , 1.7378090858 , 2.22533
13.39 , 1.6291961669 , 2.23083
13.42 , 1.7378090858 , 2.23650
13.45 , 1.7378090858 , 2.24200
13.49 , 1.7378090858 , 2.24767
13.52 , 1.8464220046 , 2.25300
13.55 , 1.8464220046 , 2.25867
13.59 , 1.7378090858 , 2.26417
13.62 , 1.8464220046 , 2.26983
13.65 , 1.8464220046 , 2.27517
13.69 , 1.8464220046 , 2.28083
13.72 , 1.8464220046 , 2.28633
13.75 , 1.9550350189 , 2.29200
13.78 , 1.8464220046 , 2.29750
13.82 , 1.9550350189 , 2.30300
13.85 , 2.0636477470 , 2.30850
13.89 , 2.0636477470 , 2.31417
13.92 , 1.9550350189 , 2.31967
13.95 , 1.9550350189 , 2.32533
13.98 , 2.0636477470 , 2.33067
14.02 , 2.0636477470 , 2.33633
14.05 , 2.0636477470 , 2.34183
14.09 , 2.0636477470 , 2.34750
14.12 , 2.0636477470 , 2.35283
14.15 , 2.0636477470 , 2.35850
14.18 , 2.1722607612 , 2.36400
14.22 , 2.0636477470 , 2.36967
14.25 , 2.0636477470 , 2.37517
14.28 , 2.1722607612 , 2.38067
14.32 , 2.1722607612 , 2.38617
14.35 , 2.1722607612 , 2.39183
14.38 , 2.1722607612 , 2.39733
14.42 , 2.1722607612 , 2.40283
14.45 , 2.1722607612 , 2.40833
14.48 , 2.1722607612 , 2.41400
14.52 , 2.2808735370 , 2.41950
14.55 , 2.1722607612 , 2.42517
14.58 , 2.2808735370 , 2.43050
14.62 , 2.2808735370 , 2.43617
14.65 , 2.2808735370 , 2.44167
14.68 , 2.2808735370 , 2.44733
14.72 , 2.1722607612 , 2.45267
14.75 , 2.2808735370 , 2.45833
14.78 , 2.3894865512 , 2.46383
14.82 , 2.2808735370 , 2.46950
14.85 , 2.2808735370 , 2.47500
14.88 , 2.2808735370 , 2.48050
14.92 , 2.3894865512 , 2.48600
14.95 , 2.3894865512 , 2.49167
14.98 , 2.4980993270 , 2.49717
15.02 , 2.3894865512 , 2.50267
15.05 , 2.4980993270 , 2.50817
15.08 , 2.6067123413 , 2.51383
15.12 , 2.3894865512 , 2.51933
15.15 , 2.6067123413 , 2.52500
15.18 , 2.4980993270 , 2.53033
15.22 , 2.6067123413 , 2.53600
15.25 , 2.4980993270 , 2.54150
15.28 , 2.6067123413 , 2.54717
15.31 , 2.6067123413 , 2.55250
15.35 , 2.6067123413 , 2.55817
15.38 , 2.7153253555 , 2.56367
15.42 , 2.6067123413 , 2.56933
15.45 , 2.7153253555 , 2.57483
15.48 , 2.7153253555 , 2.58033
15.52 , 2.7153253555 , 2.58583
15.55 , 2.7153253555 , 2.59150
15.58 , 2.7153253555 , 2.59700
15.62 , 2.7153253555 , 2.60267
15.65 , 2.8239381790 , 2.60800
15.68 , 2.7153253555 , 2.61367
15.72 , 2.8239381790 , 2.61917
15.75 , 2.7153253555 , 2.62483
15.78 , 2.8239381790 , 2.63017
15.81 , 2.7153253555 , 2.63583
15.85 , 2.7153253555 , 2.64133
15.88 , 2.7153253555 , 2.64700
15.92 , 2.8239381790 , 2.65250
15.95 , 2.7153253555 , 2.65800
15.98 , 2.7153253555 , 2.66350
16.01 , 2.7153253555 , 2.66917
16.05 , 2.8239381790 , 2.67467
16.08 , 2.9325511932 , 2.68017
16.11 , 2.9325511932 , 2.68567
16.15 , 2.9325511932 , 2.69133
16.18 , 2.9325511932 , 2.69683
16.21 , 2.9325511932 , 2.70250
16.25 , 3.0411653518 , 2.70783
16.28 , 2.9325511932 , 2.71350
16.31 , 3.0411653518 , 2.71900
16.35 , 3.0411653518 , 2.72467
16.38 , 3.0411653518 , 2.73000
16.41 , 3.0411653518 , 2.73567
16.45 , 3.0411653518 , 2.74117
16.48 , 3.0411653518 , 2.74683
16.51 , 3.0411653518 , 2.75233
16.55 , 3.0411653518 , 2.75783
16.58 , 3.1497781276 , 2.76333
16.61 , 3.1497781276 , 2.76900
16.65 , 3.1497781276 , 2.77450
16.68 , 3.2583911418 , 2.78000
16.71 , 3.1497781276 , 2.78550
16.75 , 3.1497781276 , 2.79117
16.78 , 3.1497781276 , 2.79667
16.81 , 3.2583911418 , 2.80233
16.85 , 3.2583911418 , 2.80767
16.88 , 3.1497781276 , 2.81333
16.91 , 3.2583911418 , 2.81883
16.95 , 3.2583911418 , 2.82450
16.98 , 3.2583911418 , 2.82983
17.01 , 3.3670039176 , 2.83550
17.05 , 3.2583911418 , 2.84100
17.08 , 3.3670039176 , 2.84667
17.11 , 3.3670039176 , 2.85217
17.15 , 3.4756169319 , 2.85767
17.18 , 3.4756169319 , 2.86317
17.21 , 3.3670039176 , 2.86883
17.25 , 3.4756169319 , 2.87433
17.28 , 3.4756169319 , 2.88000
17.31 , 3.4756169319 , 2.88533
17.35 , 3.4756169319 , 2.89100
17.38 , 3.4756169319 , 2.89650
17.41 , 3.4756169319 , 2.90217
17.44 , 3.4756169319 , 2.90750
17.48 , 3.3670039176 , 2.91317
17.51 , 3.4756169319 , 2.91867
17.55 , 3.4756169319 , 2.92433
17.58 , 3.4756169319 , 2.92983
17.61 , 3.5842297077 , 2.93533
17.64 , 3.4756169319 , 2.94083
17.68 , 3.5842297077 , 2.94650
17.71 , 3.6928427219 , 2.95200
17.75 , 3.6928427219 , 2.95750
17.78 , 3.5842297077 , 2.96300
17.81 , 3.5842297077 , 2.96867
17.84 , 3.5842297077 , 2.97417
17.88 , 3.6928427219 , 2.97983
17.91 , 3.5842297077 , 2.98517
17.94 , 3.6928427219 , 2.99083
17.98 , 3.6928427219 , 2.99633
18.01 , 3.6928427219 , 3.00200
18.04 , 3.6928427219 , 3.00733
18.08 , 3.6928427219 , 3.01300
18.11 , 3.6928427219 , 3.01850
18.14 , 3.8014554977 , 3.02417
18.18 , 3.6928427219 , 3.02967
18.21 , 3.6928427219 , 3.03517
18.24 , 3.6928427219 , 3.04067
18.28 , 3.8014554977 , 3.04633
18.31 , 3.8014554977 , 3.05183
18.34 , 3.6928427219 , 3.05733
18.38 , 3.8014554977 , 3.06283
18.41 , 3.8014554977 , 3.06850
18.44 , 3.8014554977 , 3.07400
18.48 , 3.8014554977 , 3.07967
18.51 , 3.9100685119 , 3.08500
18.54 , 3.9100685119 , 3.09067
18.58 , 3.8014554977 , 3.09617
18.61 , 3.9100685119 , 3.10183
18.64 , 4.0186815261 , 3.10717
18.68 , 3.9100685119 , 3.11283
18.71 , 4.0186815261 , 3.11833
18.74 , 3.9100685119 , 3.12400
18.78 , 4.0186815261 , 3.12950
18.81 , 4.0186815261 , 3.13500
18.84 , 4.1272945404 , 3.14050
18.88 , 4.1272945404 , 3.14617
18.91 , 4.1272945404 , 3.15167
18.94 , 4.0186815261 , 3.15733
18.98 , 4.0186815261 , 3.16267
19.01 , 4.0186815261 , 3.16833
19.04 , 4.2359070777 , 3.17383
19.08 , 4.1272945404 , 3.17950
19.11 , 4.2359070777 , 3.18483
19.14 , 4.1272945404 , 3.19050
19.18 , 4.1272945404 , 3.19600
19.21 , 4.1272945404 , 3.20167
19.24 , 4.1272945404 , 3.20717
19.28 , 4.2359070777 , 3.21267
19.31 , 4.3445200920 , 3.21817
19.34 , 4.2359070777 , 3.22383
19.38 , 4.2359070777 , 3.22933
19.41 , 4.2359070777 , 3.23483
19.44 , 4.3445200920 , 3.24033
19.48 , 4.2359070777 , 3.24600
19.51 , 4.2359070777 , 3.25150
19.54 , 4.2359070777 , 3.25717
19.57 , 4.3445200920 , 3.26250
19.61 , 4.3445200920 , 3.26817
19.64 , 4.2359070777 , 3.27367
19.68 , 4.3445200920 , 3.27933
19.71 , 4.4531345367 , 3.28467
19.74 , 4.4531345367 , 3.29033
19.77 , 4.3445200920 , 3.29583
19.81 , 4.3445200920 , 3.30150
19.84 , 4.3445200920 , 3.30700
19.87 , 4.3445200920 , 3.31250
19.91 , 4.3445200920 , 3.31800
19.94 , 4.4531345367 , 3.32367
19.97 , 4.4531345367 , 3.32917
20.01 , 4.4531345367 , 3.33467
20.04 , 4.4531345367 , 3.34017
20.07 , 4.4531345367 , 3.34583
20.11 , 4.4531345367 , 3.35133
20.14 , 4.4531345367 , 3.35700
20.17 , 4.6703600883 , 3.36233
20.21 , 4.5617470741 , 3.36800
20.24 , 4.5617470741 , 3.37350
20.27 , 4.5617470741 , 3.37917
20.31 , 4.4531345367 , 3.38450
20.34 , 4.5617470741 , 3.39017
20.37 , 4.5617470741 , 3.39567
20.41 , 4.5617470741 , 3.40133
20.44 , 4.6703600883 , 3.40683
20.47 , 4.5617470741 , 3.41233
20.51 , 4.5617470741 , 3.41783
20.54 , 4.6703600883 , 3.42350
20.57 , 4.6703600883 , 3.42900
20.61 , 4.6703600883 , 3.43467
20.64 , 4.6703600883 , 3.44000
20.67 , 4.6703600883 , 3.44567
20.71 , 4.6703600883 , 3.45117
20.74 , 4.7789731025 , 3.45683
20.77 , 4.7789731025 , 3.46217
20.81 , 4.6703600883 , 3.46783
20.84 , 4.7789731025 , 3.47333
20.87 , 4.6703600883 , 3.47900
20.91 , 4.7789731025 , 3.48450
20.94 , 4.7789731025 , 3.49000
20.97 , 4.7789731025 , 3.49550
21.01 , 4.7789731025 , 3.50117
21.04 , 4.7789731025 , 3.50667
21.07 , 4.7789731025 , 3.51217
21.11 , 4.8875861167 , 3.51767
21.14 , 4.8875861167 , 3.52333
21.17 , 4.8875861167 , 3.52883
21.21 , 4.8875861167 , 3.53450
21.24 , 4.8875861167 , 3.53983
21.27 , 4.9961986541 , 3.54550
21.31 , 4.9961986541 , 3.55100
21.34 , 4.9961986541 , 3.55667
21.37 , 4.9961986541 , 3.56200
21.41 , 4.9961986541 , 3.56767
21.44 , 4.9961986541 , 3.57317
21.47 , 4.9961986541 , 3.57883
21.51 , 5.1048116683 , 3.58433
21.54 , 5.2134246826 , 3.58983
21.57 , 5.1048116683 , 3.59533
21.61 , 5.1048116683 , 3.60100
21.64 , 5.1048116683 , 3.60650
21.67 , 5.1048116683 , 3.61200
21.70 , 5.1048116683 , 3.61750
21.74 , 5.1048116683 , 3.62317
21.77 , 5.2134246826 , 3.62867
21.81 , 5.1048116683 , 3.63433
21.84 , 5.2134246826 , 3.63967
21.87 , 5.2134246826 , 3.64533
21.90 , 5.3220376968 , 3.65083
21.94 , 5.2134246826 , 3.65650
21.97 , 5.2134246826 , 3.66183
22.00 , 5.2134246826 , 3.66750
22.04 , 5.4306507110 , 3.67300
22.07 , 5.3220376968 , 3.67867
22.10 , 5.4306507110 , 3.68417
22.14 , 5.3220376968 , 3.68967
22.17 , 5.4306507110 , 3.69517
22.20 , 5.4306507110 , 3.70083
22.24 , 5.3220376968 , 3.70633
22.27 , 5.4306507110 , 3.71200
22.30 , 5.4306507110 , 3.71733
22.34 , 5.3220376968 , 3.72300
22.37 , 5.3220376968 , 3.72850
22.40 , 5.3220376968 , 3.73417
22.44 , 5.4306507110 , 3.73950
22.47 , 5.4306507110 , 3.74517
22.50 , 5.4306507110 , 3.75067
22.54 , 5.4306507110 , 3.75633
22.57 , 5.4306507110 , 3.76183
22.60 , 5.5392632484 , 3.76733
22.64 , 5.5392632484 , 3.77283
22.67 , 5.4306507110 , 3.77850
22.70 , 5.5392632484 , 3.78400
22.74 , 5.5392632484 , 3.78950
22.77 , 5.6478762626 , 3.79500
22.80 , 5.5392632484 , 3.80067
22.84 , 5.5392632484 , 3.80617
22.87 , 5.5392632484 , 3.81183
22.90 , 5.5392632484 , 3.81717
22.94 , 5.6478762626 , 3.82283
22.97 , 5.6478762626 , 3.82833
23.00 , 5.7564892768 , 3.83400
23.04 , 5.5392632484 , 3.83933
23.07 , 5.5392632484 , 3.84500
23.10 , 5.6478762626 , 3.85050
23.14 , 5.6478762626 , 3.85617
23.17 , 5.7564892768 , 3.86167
23.20 , 5.6478762626 , 3.86717
23.24 , 5.7564892768 , 3.87267
23.27 , 5.6478762626 , 3.87833
23.30 , 5.7564892768 , 3.88383
23.34 , 5.8651032447 , 3.88933
23.37 , 5.6478762626 , 3.89483
23.40 , 5.8651032447 , 3.90050
23.44 , 5.8651032447 , 3.90600
23.47 , 5.8651032447 , 3.91167
23.50 , 5.8651032447 , 3.91700
23.54 , 5.8651032447 , 3.92267
23.57 , 5.7564892768 , 3.92817
23.60 , 5.8651032447 , 3.93383
23.63 , 5.8651032447 , 3.93917
23.67 , 5.8651032447 , 3.94483
23.70 , 5.8651032447 , 3.95033
23.74 , 5.9737162590 , 3.95600
23.77 , 5.9737162590 , 3.96150
23.80 , 6.0823292732 , 3.96700
23.83 , 6.0823292732 , 3.97250
23.87 , 6.1909422874 , 3.97817
23.90 , 5.9737162590 , 3.98367
23.94 , 6.0823292732 , 3.98933
23.97 , 5.9737162590 , 3.99467
24.00 , 5.9737162590 , 4.00033
24.03 , 6.1909422874 , 4.00583
24.07 , 6.0823292732 , 4.01150
24.10 , 6.1909422874 , 4.01683
24.13 , 6.0823292732 , 4.02250
24.17 , 6.1909422874 , 4.02800
24.20 , 6.0823292732 , 4.03367
24.23 , 6.0823292732 , 4.03917
24.27 , 6.1909422874 , 4.04467
24.30 , 6.1909422874 , 4.05017
24.33 , 6.1909422874 , 4.05583
24.37 , 6.1909422874 , 4.06133
24.40 , 6.2995548248 , 4.06683
24.43 , 6.2995548248 , 4.07233
24.47 , 6.1909422874 , 4.07800
24.50 , 6.2995548248 , 4.08350
24.53 , 6.1909422874 , 4.08917
24.57 , 6.1909422874 , 4.09450
24.60 , 6.1909422874 , 4.10017
24.63 , 6.4081678390 , 4.10567
24.67 , 6.2995548248 , 4.11133
24.70 , 6.1909422874 , 4.11667
24.73 , 6.2995548248 , 4.12233
24.77 , 6.4081678390 , 4.12783
24.80 , 6.4081678390 , 4.13350
24.83 , 6.2995548248 , 4.13900
24.87 , 6.4081678390 , 4.14450
24.90 , 6.4081678390 , 4.15000
24.93 , 6.4081678390 , 4.15567
24.97 , 6.2995548248 , 4.16117
25.00 , 6.5167808532 , 4.16667
25.03 , 6.4081678390 , 4.17217
25.07 , 6.4081678390 , 4.17783
25.10 , 6.5167808532 , 4.18333
25.13 , 6.4081678390 , 4.18900
25.17 , 6.4081678390 , 4.19433
25.20 , 6.4081678390 , 4.20000
25.23 , 6.5167808532 , 4.20550
25.27 , 6.5167808532 , 4.21117
25.30 , 6.5167808532 , 4.21650
25.33 , 6.5167808532 , 4.22217
25.37 , 6.5167808532 , 4.22767
25.40 , 6.5167808532 , 4.23333
25.43 , 6.5167808532 , 4.23883
25.47 , 6.5167808532 , 4.24433
25.50 , 6.5167808532 , 4.24983
25.53 , 6.6253938674 , 4.25550
25.57 , 6.5167808532 , 4.26100
25.60 , 6.7340068817 , 4.26667
25.63 , 6.6253938674 , 4.27200
25.67 , 6.6253938674 , 4.27767
25.70 , 6.6253938674 , 4.28317
25.73 , 6.6253938674 , 4.28883
25.76 , 6.7340068817 , 4.29417
25.80 , 6.7340068817 , 4.29983
25.83 , 6.8426194190 , 4.30533
25.87 , 6.8426194190 , 4.31100
25.90 , 6.6253938674 , 4.31650
25.93 , 6.9512324333 , 4.32200
25.96 , 6.8426194190 , 4.32750
26.00 , 6.8426194190 , 4.33317
26.03 , 6.8426194190 , 4.33867
26.06 , 6.9512324333 , 4.34417
26.10 , 6.9512324333 , 4.34967
26.13 , 6.8426194190 , 4.35533
26.17 , 6.8426194190 , 4.36083
26.20 , 6.9512324333 , 4.36650
26.23 , 6.9512324333 , 4.37183
26.26 , 6.8426194190 , 4.37750
26.30 , 7.0598454475 , 4.38300
26.33 , 6.9512324333 , 4.38867
26.36 , 6.9512324333 , 4.39400
26.40 , 6.9512324333 , 4.39967
26.43 , 6.9512324333 , 4.40517
26.46 , 6.9512324333 , 4.41083
26.50 , 7.0598454475 , 4.41633
26.53 , 7.0598454475 , 4.42183
26.56 , 7.0598454475 , 4.42733
26.60 , 7.0598454475 , 4.43300
26.63 , 7.0598454475 , 4.43850
26.66 , 6.9512324333 , 4.44400
26.70 , 7.0598454475 , 4.44950
26.73 , 7.0598454475 , 4.45517
26.76 , 7.0598454475 , 4.46067
26.80 , 7.1684594154 , 4.46633
26.83 , 7.1684594154 , 4.47167
26.86 , 7.1684594154 , 4.47733
26.90 , 7.1684594154 , 4.48283
26.93 , 7.0598454475 , 4.48850
26.96 , 7.1684594154 , 4.49383
27.00 , 7.1684594154 , 4.49950
27.03 , 7.2770724296 , 4.50500
27.06 , 7.1684594154 , 4.51067
27.10 , 7.2770724296 , 4.51617
27.13 , 7.2770724296 , 4.52167
27.16 , 7.2770724296 , 4.52717
27.20 , 7.2770724296 , 4.53283
27.23 , 7.2770724296 , 4.53833
27.26 , 7.3856854438 , 4.54400
27.30 , 7.3856854438 , 4.54933
27.33 , 7.3856854438 , 4.55500
27.36 , 7.3856854438 , 4.56050
27.40 , 7.3856854438 , 4.56617
27.43 , 7.3856854438 , 4.57150
27.46 , 7.2770724296 , 4.57717
27.50 , 7.3856854438 , 4.58267
27.53 , 7.3856854438 , 4.58833
27.56 , 7.3856854438 , 4.59383
27.60 , 7.4942984580 , 4.59933
27.63 , 7.3856854438 , 4.60483
27.66 , 7.3856854438 , 4.61050
27.70 , 7.4942984580 , 4.61600
27.73 , 7.3856854438 , 4.62150
27.76 , 7.4942984580 , 4.62700
27.80 , 7.4942984580 , 4.63267
27.83 , 7.4942984580 , 4.63817
27.86 , 7.4942984580 , 4.64383
27.89 , 7.4942984580 , 4.64917
27.93 , 7.6029109954 , 4.65483
27.96 , 7.6029109954 , 4.66033
28.00 , 7.6029109954 , 4.66600
28.03 , 7.6029109954 , 4.67133
28.06 , 7.4942984580 , 4.67700
28.09 , 7.7115240097 , 4.68250
28.13 , 7.7115240097 , 4.68817
28.16 , 7.7115240097 , 4.69367
28.19 , 7.7115240097 , 4.69917
28.23 , 7.7115240097 , 4.70467
28.26 , 7.7115240097 , 4.71033
28.29 , 7.7115240097 , 4.71583
28.33 , 7.7115240097 , 4.72133
28.36 , 7.7115240097 , 4.72683
28.39 , 7.8201370239 , 4.73250
28.43 , 7.7115240097 , 4.73800
28.46 , 7.8201370239 , 4.74367
28.49 , 7.8201370239 , 4.74900
28.53 , 7.8201370239 , 4.75467
28.56 , 7.8201370239 , 4.76017
28.59 , 7.9287500381 , 4.76583
28.63 , 7.9287500381 , 4.77117
28.66 , 7.9287500381 , 4.77683
28.69 , 7.9287500381 , 4.78233
28.73 , 7.9287500381 , 4.78800
28.76 , 7.9287500381 , 4.79350
28.79 , 8.0373630523 , 4.79900
28.83 , 7.9287500381 , 4.80450
28.86 , 8.0373630523 , 4.81017
28.89 , 8.0373630523 , 4.81567
28.93 , 8.0373630523 , 4.82133
28.96 , 8.0373630523 , 4.82667
28.99 , 8.0373630523 , 4.83233
29.03 , 8.0373630523 , 4.83783
29.06 , 8.0373630523 , 4.84350
29.09 , 8.0373630523 , 4.84883
29.13 , 8.1459760665 , 4.85450
29.16 , 8.1459760665 , 4.86000
29.19 , 8.1459760665 , 4.86567
29.23 , 8.1459760665 , 4.87117
29.26 , 8.1459760665 , 4.87667
29.29 , 8.1459760665 , 4.88217
29.33 , 8.1459760665 , 4.88783
29.36 , 8.3632011413 , 4.89333
29.39 , 8.2545890808 , 4.89883
29.43 , 8.1459760665 , 4.90433
29.46 , 8.2545890808 , 4.91000
29.49 , 8.2545890808 , 4.91550
29.53 , 8.2545890808 , 4.92117
29.56 , 8.2545890808 , 4.92650
29.59 , 8.3632011413 , 4.93217
29.63 , 8.3632011413 , 4.93767
29.66 , 8.2545890808 , 4.94333
29.69 , 8.3632011413 , 4.94867
29.73 , 8.3632011413 , 4.95433
29.76 , 8.2545890808 , 4.95983
29.79 , 8.3632011413 , 4.96550
29.83 , 8.3632011413 , 4.97100
29.86 , 8.3632011413 , 4.97650
29.89 , 8.3632011413 , 4.98200
29.93 , 8.3632011413 , 4.98767
29.96 , 8.3632011413 , 4.99317
29.99 , 8.4718141555 , 4.99867
30.02 , 8.4718141555 , 5.00417
30.06 , 8.4718141555 , 5.00983
30.09 , 8.4718141555 , 5.01533
30.13 , 8.4718141555 , 5.02100
30.16 , 8.4718141555 , 5.02633
30.19 , 8.5804290771 , 5.03200
30.22 , 8.5804290771 , 5.03750
30.26 , 8.4718141555 , 5.04317
30.29 , 8.5804290771 , 5.04850
30.32 , 8.5804290771 , 5.05417
30.36 , 8.5804290771 , 5.05967
30.39 , 8.6890411376 , 5.06533
30.42 , 8.6890411376 , 5.07083
30.46 , 8.5804290771 , 5.07633
30.49 , 8.6890411376 , 5.08183
30.52 , 8.6890411376 , 5.08750
30.56 , 8.6890411376 , 5.09300
30.59 , 8.6890411376 , 5.09867
30.62 , 8.6890411376 , 5.10400
30.66 , 8.7976541519 , 5.10967
30.69 , 8.7976541519 , 5.11517
30.72 , 8.9062671661 , 5.12083
30.76 , 8.6890411376 , 5.12617
30.79 , 8.9062671661 , 5.13183
30.82 , 8.7976541519 , 5.13733
30.86 , 8.9062671661 , 5.14300
30.89 , 8.9062671661 , 5.14850
30.92 , 8.7976541519 , 5.15400
30.96 , 9.0148801803 , 5.15950
30.99 , 8.9062671661 , 5.16517
31.02 , 8.9062671661 , 5.17067
31.06 , 8.9062671661 , 5.17617
31.09 , 8.9062671661 , 5.18167
31.12 , 9.0148801803 , 5.18733
31.16 , 9.0148801803 , 5.19283
31.19 , 9.0148801803 , 5.19850
31.22 , 9.0148801803 , 5.20383
31.26 , 9.0148801803 , 5.20950
31.29 , 9.0148801803 , 5.21500
31.32 , 9.0148801803 , 5.22067
31.36 , 9.0148801803 , 5.22600
31.39 , 9.1234931945 , 5.23167
31.42 , 9.1234931945 , 5.23717
31.46 , 9.1234931945 , 5.24283
31.49 , 9.1234931945 , 5.24833
31.52 , 9.1234931945 , 5.25383
31.56 , 9.1234931945 , 5.25933
31.59 , 9.2321062088 , 5.26500
31.62 , 9.2321062088 , 5.27050
31.66 , 9.2321062088 , 5.27600
31.69 , 9.2321062088 , 5.28150
31.72 , 9.1234931945 , 5.28717
31.76 , 9.2321062088 , 5.29267
31.79 , 9.2321062088 , 5.29833
31.82 , 9.2321062088 , 5.30367
31.86 , 9.2321062088 , 5.30933
31.89 , 9.2321062088 , 5.31483
31.92 , 9.2321062088 , 5.32050
31.95 , 9.3407192230 , 5.32583
31.99 , 9.2321062088 , 5.33150
32.02 , 9.3407192230 , 5.33700
32.06 , 9.3407192230 , 5.34267
32.09 , 9.3407192230 , 5.34817
32.12 , 9.3407192230 , 5.35367
32.15 , 9.3407192230 , 5.35917
32.19 , 9.3407192230 , 5.36483
32.22 , 9.4493322372 , 5.37033
32.26 , 9.4493322372 , 5.37600
32.29 , 9.4493322372 , 5.38133
32.32 , 9.3407192230 , 5.38700
32.36 , 9.4493322372 , 5.39250
32.39 , 9.4493322372 , 5.39817
32.42 , 9.5579452514 , 5.40350
32.46 , 9.4493322372 , 5.40917
32.49 , 9.5579452514 , 5.41467
32.52 , 9.5579452514 , 5.42033
32.56 , 9.5579452514 , 5.42583
32.59 , 9.5579452514 , 5.43133
32.62 , 9.5579452514 , 5.43683
32.65 , 9.5579452514 , 5.44250
32.69 , 9.5579452514 , 5.44800
32.72 , 9.5579452514 , 5.45350
32.75 , 9.6665573120 , 5.45900
32.79 , 9.6665573120 , 5.46467
32.82 , 9.6665573120 , 5.47017
32.86 , 9.5579452514 , 5.47583
32.89 , 9.6665573120 , 5.48117
32.92 , 9.6665573120 , 5.48683
32.95 , 9.7751703262 , 5.49233
32.99 , 9.7751703262 , 5.49800
33.02 , 9.7751703262 , 5.50333
33.05 , 9.7751703262 , 5.50900
33.09 , 9.7751703262 , 5.51450
33.12 , 9.8837833404 , 5.52017
33.15 , 9.7751703262 , 5.52567
33.19 , 9.7751703262 , 5.53117
33.22 , 9.8837833404 , 5.53667
33.25 , 9.8837833404 , 5.54233
33.29 , 9.8837833404 , 5.54783
33.32 , 9.8837833404 , 5.55333
33.35 , 9.9923973083 , 5.55883
33.39 , 9.9923973083 , 5.56450
33.42 , 9.9923973083 , 5.57000
33.45 , 9.9923973083 , 5.57567
33.49 , 9.9923973083 , 5.58100
33.52 , 9.9923973083 , 5.58667
33.55 , 9.9923973083 , 5.59217
33.59 , 9.9923973083 , 5.59783
33.62 , 9.9923973083 , 5.60317
33.65 , 10.1010103225 , 5.60883
33.69 , 9.9923973083 , 5.61450
33.72 , 9.9923973083 , 5.62017
33.75 , 10.1010103225 , 5.62567
33.79 , 10.1010103225 , 5.63133
33.82 , 10.2096233367 , 5.63700
33.86 , 10.1010103225 , 5.64283
33.89 , 10.1010103225 , 5.64850
33.93 , 10.2096233367 , 5.65433
33.96 , 10.2096233367 , 5.65983
33.99 , 10.2096233367 , 5.66567
34.03 , 10.2096233367 , 5.67133
34.06 , 10.3182363510 , 5.67717
34.10 , 10.3182363510 , 5.68283
34.13 , 10.2096233367 , 5.68850
34.17 , 10.2096233367 , 5.69417
34.20 , 10.3182363510 , 5.70000
34.23 , 10.2096233367 , 5.70567
34.27 , 10.3182363510 , 5.71150
34.30 , 10.2096233367 , 5.71700
34.34 , 10.3182363510 , 5.72283
34.37 , 10.2096233367 , 5.72850
34.41 , 10.3182363510 , 5.73433
34.44 , 10.3182363510 , 5.74000
34.47 , 10.4268493652 , 5.74583
34.51 , 10.3182363510 , 5.75150
34.54 , 10.3182363510 , 5.75717
34.58 , 10.4268493652 , 5.76300
34.61 , 10.5354623794 , 5.76867
34.65 , 10.3182363510 , 5.77450
34.68 , 10.5354623794 , 5.78000
34.72 , 10.4268493652 , 5.78583
34.75 , 10.5354623794 , 5.79150
34.78 , 10.4268493652 , 5.79733
34.82 , 10.4268493652 , 5.80300
34.85 , 10.5354623794 , 5.80867
34.89 , 10.5354623794 , 5.81433
34.92 , 10.5354623794 , 5.82017
34.96 , 10.5354623794 , 5.82583
34.99 , 10.5354623794 , 5.83167
35.02 , 10.6440753936 , 5.83717
35.06 , 10.6440753936 , 5.84300
35.09 , 10.5354623794 , 5.84867
35.13 , 10.6440753936 , 5.85450
35.16 , 10.6440753936 , 5.86017
35.20 , 10.7526884078 , 5.86583
35.23 , 10.6440753936 , 5.87150
35.26 , 10.6440753936 , 5.87733
35.30 , 10.6440753936 , 5.88300
35.33 , 10.6440753936 , 5.88883
35.37 , 10.7526884078 , 5.89433
35.40 , 10.7526884078 , 5.90017
35.44 , 10.7526884078 , 5.90583
35.47 , 10.8613014221 , 5.91167
35.50 , 10.8613014221 , 5.91733
35.54 , 10.7526884078 , 5.92300
35.57 , 10.8613014221 , 5.92867
35.61 , 10.8613014221 , 5.93450
35.64 , 10.9699134826 , 5.94033
35.68 , 10.9699134826 , 5.94600
35.71 , 10.8613014221 , 5.95167
35.74 , 10.9699134826 , 5.95733
35.78 , 10.9699134826 , 5.96317
35.81 , 10.9699134826 , 5.96883
35.85 , 10.9699134826 , 5.97467
35.88 , 10.9699134826 , 5.98017
35.92 , 11.0785264968 , 5.98600
35.95 , 11.1871395111 , 5.99167
35.99 , 10.9699134826 , 5.99750
36.02 , 11.0785264968 , 6.00317
36.05 , 11.1871395111 , 6.00900
36.09 , 11.0785264968 , 6.01450
36.12 , 11.1871395111 , 6.02033
36.16 , 11.1871395111 , 6.02600
36.19 , 11.1871395111 , 6.03183
36.22 , 11.1871395111 , 6.03750
36.26 , 11.1871395111 , 6.04317
36.29 , 11.1871395111 , 6.04883
36.33 , 11.1871395111 , 6.05467
36.36 , 11.1871395111 , 6.06033
36.40 , 11.1871395111 , 6.06617
36.43 , 11.2957525253 , 6.07167
36.47 , 11.1871395111 , 6.07750
36.50 , 11.2957525253 , 6.08317
36.53 , 11.2957525253 , 6.08900
36.57 , 11.1871395111 , 6.09467
36.60 , 11.2957525253 , 6.10033
36.64 , 11.2957525253 , 6.10600
36.67 , 11.2957525253 , 6.11183
36.71 , 11.4043655395 , 6.11767
36.74 , 11.4043655395 , 6.12333
36.77 , 11.4043655395 , 6.12900
36.81 , 11.2957525253 , 6.13467
36.84 , 11.4043655395 , 6.14050
36.88 , 11.2957525253 , 6.14617
36.91 , 11.5129785537 , 6.15200
36.95 , 11.4043655395 , 6.15750
36.98 , 11.5129785537 , 6.16333
37.01 , 11.4043655395 , 6.16900
37.05 , 11.6215915679 , 6.17483
37.08 , 11.5129785537 , 6.18050
37.12 , 11.6215915679 , 6.18617
37.15 , 11.5129785537 , 6.19183
37.19 , 11.5129785537 , 6.19767
37.22 , 11.6215915679 , 6.20333
37.26 , 11.4043655395 , 6.20917
37.29 , 11.5129785537 , 6.21467
37.32 , 11.5129785537 , 6.22050
37.36 , 11.6215915679 , 6.22617
37.39 , 11.6215915679 , 6.23200
37.43 , 11.6215915679 , 6.23767
37.46 , 11.6215915679 , 6.24333
37.49 , 11.6215915679 , 6.24900
37.53 , 11.6215915679 , 6.25483
37.56 , 11.7302045822 , 6.26050
37.60 , 11.7302045822 , 6.26633
37.63 , 11.6215915679 , 6.27200
37.67 , 11.7302045822 , 6.27767
37.70 , 11.7302045822 , 6.28333
37.74 , 11.7302045822 , 6.28917
37.77 , 11.7302045822 , 6.29483
37.80 , 11.8388175964 , 6.30067
37.84 , 11.8388175964 , 6.30633
37.87 , 11.7302045822 , 6.31200
37.91 , 11.9474296569 , 6.31783
37.94 , 11.8388175964 , 6.32350
37.98 , 11.8388175964 , 6.32933
38.01 , 11.9474296569 , 6.33483
38.04 , 11.8388175964 , 6.34067
38.08 , 11.9474296569 , 6.34633
38.11 , 11.9474296569 , 6.35217
38.15 , 12.0560455322 , 6.35783
38.18 , 11.9474296569 , 6.36350
38.22 , 12.0560455322 , 6.36917
38.25 , 12.0560455322 , 6.37500
38.28 , 12.0560455322 , 6.38067
38.32 , 12.0560455322 , 6.38650
38.35 , 12.0560455322 , 6.39200
38.39 , 12.1646585464 , 6.39783
38.42 , 12.0560455322 , 6.40350
38.46 , 12.0560455322 , 6.40933
38.49 , 12.2732715606 , 6.41500
38.52 , 12.1646585464 , 6.42067
38.56 , 12.1646585464 , 6.42633
38.59 , 12.2732715606 , 6.43217
38.63 , 12.2732715606 , 6.43783
38.66 , 12.2732715606 , 6.44367
38.70 , 12.2732715606 , 6.44917
38.73 , 12.2732715606 , 6.45500
38.76 , 12.3818845748 , 6.46067
38.80 , 12.2732715606 , 6.46650
38.83 , 12.2732715606 , 6.47217
38.87 , 12.3818845748 , 6.47783
38.90 , 12.2732715606 , 6.48367
38.94 , 12.3818845748 , 6.48933
38.97 , 12.3818845748 , 6.49517
39.01 , 12.3818845748 , 6.50083
39.04 , 12.3818845748 , 6.50667
39.07 , 12.3818845748 , 6.51217
39.11 , 12.3818845748 , 6.51800
39.14 , 12.3818845748 , 6.52367
39.18 , 12.3818845748 , 6.52950
39.21 , 12.3818845748 , 6.53517
39.25 , 12.3818845748 , 6.54083
39.28 , 12.3818845748 , 6.54650
39.31 , 12.4904975891 , 6.55233
39.35 , 12.4904975891 , 6.55800
39.38 , 12.4904975891 , 6.56383
39.42 , 12.4904975891 , 6.56933
39.45 , 12.4904975891 , 6.57517
39.49 , 12.4904975891 , 6.58083
39.52 , 12.4904975891 , 6.58667
39.55 , 12.5991096496 , 6.59233
39.59 , 12.5991096496 , 6.59800
39.62 , 12.5991096496 , 6.60367
39.66 , 12.5991096496 , 6.60950
39.69 , 12.5991096496 , 6.61517
39.73 , 12.5991096496 , 6.62100
39.76 , 12.7077226638 , 6.62650
39.79 , 12.5991096496 , 6.63233
39.83 , 12.7077226638 , 6.63800
39.86 , 12.7077226638 , 6.64383
39.90 , 12.7077226638 , 6.64950
39.93 , 12.7077226638 , 6.65517
39.97 , 12.7077226638 , 6.66083
40.00 , 12.7077226638 , 6.66667
40.04 , 12.7077226638 , 6.67250
40.07 , 12.8163356781 , 6.67817
40.10 , 12.7077226638 , 6.68383
40.14 , 12.7077226638 , 6.68950
40.17 , 12.8163356781 , 6.69533
40.21 , 12.8163356781 , 6.70100
40.24 , 13.0335617065 , 6.70683
40.27 , 12.9249486923 , 6.71233
40.31 , 12.9249486923 , 6.71817
40.34 , 12.8163356781 , 6.72383
40.38 , 12.9249486923 , 6.72967
40.41 , 12.9249486923 , 6.73533
40.45 , 12.9249486923 , 6.74100
40.48 , 13.0335617065 , 6.74667
40.52 , 12.9249486923 , 6.75250
40.55 , 12.9249486923 , 6.75817
40.58 , 13.0335617065 , 6.76400
40.62 , 13.0335617065 , 6.76950
40.65 , 13.0335617065 , 6.77533
40.69 , 13.0335617065 , 6.78100
40.72 , 13.0335617065 , 6.78683
40.76 , 13.1421747207 , 6.79250
40.79 , 13.0335617065 , 6.79833
40.82 , 13.1421747207 , 6.80383
40.86 , 13.1421747207 , 6.80967
40.89 , 13.2507877349 , 6.81533
40.93 , 13.2507877349 , 6.82117
40.96 , 13.1421747207 , 6.82683
41.00 , 13.1421747207 , 6.83250
41.03 , 13.2507877349 , 6.83817
41.06 , 13.1421747207 , 6.84400
41.10 , 13.2507877349 , 6.84983
41.13 , 13.3594007492 , 6.85550
41.17 , 13.3594007492 , 6.86117
41.20 , 13.2507877349 , 6.86683
41.24 , 13.2507877349 , 6.87267
41.27 , 13.3594007492 , 6.87833
41.31 , 13.3594007492 , 6.88417
41.34 , 13.3594007492 , 6.88967
41.37 , 13.3594007492 , 6.89550
41.41 , 13.3594007492 , 6.90117
41.44 , 13.3594007492 , 6.90700
41.48 , 13.3594007492 , 6.91267
41.51 , 13.4680137634 , 6.91833
41.54 , 13.3594007492 , 6.92400
41.58 , 13.4680137634 , 6.92983
41.61 , 13.4680137634 , 6.93550
41.65 , 13.3594007492 , 6.94133
41.68 , 13.4680137634 , 6.94683
41.72 , 13.4680137634 , 6.95267
41.75 , 13.4680137634 , 6.95833
41.79 , 13.5766258239 , 6.96417
41.82 , 13.5766258239 , 6.96983
41.85 , 13.5766258239 , 6.97550
41.89 , 13.5766258239 , 6.98117
41.92 , 13.5766258239 , 6.98700
41.96 , 13.5766258239 , 6.99267
41.99 , 13.5766258239 , 6.99850
42.02 , 13.5766258239 , 7.00400
42.06 , 13.5766258239 , 7.00983
42.09 , 13.6852388381 , 7.01550
42.13 , 13.6852388381 , 7.02133
42.16 , 13.6852388381 , 7.02700
42.20 , 13.6852388381 , 7.03267
42.23 , 13.6852388381 , 7.03850
42.27 , 13.6852388381 , 7.04417
42.30 , 13.6852388381 , 7.05000
42.33 , 13.6852388381 , 7.05567
42.37 , 13.7938518524 , 7.06150
42.40 , 13.7938518524 , 7.06700
42.44 , 13.7938518524 , 7.07283
42.47 , 13.7938518524 , 7.07850
42.51 , 13.7938518524 , 7.08433
42.54 , 13.7938518524 , 7.09000
42.57 , 13.9024648666 , 7.09567
42.61 , 13.7938518524 , 7.10133
42.64 , 13.7938518524 , 7.10717
42.68 , 13.9024648666 , 7.11283
42.71 , 13.9024648666 , 7.11867
42.75 , 13.9024648666 , 7.12417
42.78 , 14.0110778808 , 7.13000
42.81 , 14.0110778808 , 7.13567
42.85 , 14.0110778808 , 7.14150
42.88 , 14.0110778808 , 7.14717
42.92 , 14.0110778808 , 7.15283
42.95 , 14.0110778808 , 7.15850
42.99 , 14.1196908950 , 7.16433
43.02 , 14.0110778808 , 7.17000
43.06 , 14.0110778808 , 7.17583
43.09 , 14.1196908950 , 7.18133
43.12 , 14.1196908950 , 7.18717
43.16 , 14.1196908950 , 7.19283
43.19 , 14.1196908950 , 7.19867
43.23 , 14.1196908950 , 7.20433
43.26 , 14.2283039093 , 7.21000
43.29 , 14.2283039093 , 7.21583
43.33 , 14.2283039093 , 7.22150
43.36 , 14.3369169235 , 7.22733
43.40 , 14.2283039093 , 7.23300
43.43 , 14.2283039093 , 7.23867
43.47 , 14.2283039093 , 7.24433
43.50 , 14.2283039093 , 7.25017
43.54 , 14.3369169235 , 7.25583
43.57 , 14.3369169235 , 7.26167
43.60 , 14.3369169235 , 7.26717
43.64 , 14.2283039093 , 7.27300
43.67 , 14.3369169235 , 7.27867
43.71 , 14.3369169235 , 7.28450
43.74 , 14.3369169235 , 7.29017
43.78 , 14.3369169235 , 7.29600
43.81 , 14.3369169235 , 7.30150
43.84 , 14.3369169235 , 7.30733
43.88 , 14.4455299377 , 7.31300
43.91 , 14.3369169235 , 7.31883
43.95 , 14.4455299377 , 7.32450
43.98 , 14.4455299377 , 7.33017
44.02 , 14.4455299377 , 7.33583
44.05 , 14.4455299377 , 7.34167
44.08 , 14.4455299377 , 7.34733
44.12 , 14.4455299377 , 7.35317
44.15 , 14.4455299377 , 7.35867
44.19 , 14.4455299377 , 7.36450
44.22 , 14.5541419982 , 7.37017
44.26 , 14.5541419982 , 7.37600
44.29 , 14.5541419982 , 7.38167
44.32 , 14.4455299377 , 7.38733
44.36 , 14.5541419982 , 7.39300
44.39 , 14.6627550125 , 7.39883
44.43 , 14.6627550125 , 7.40467
44.46 , 14.5541419982 , 7.41033
44.50 , 14.6627550125 , 7.41600
44.53 , 14.6627550125 , 7.42167
44.56 , 14.6627550125 , 7.42750
44.60 , 14.6627550125 , 7.43317
44.63 , 14.7713680267 , 7.43900
44.67 , 14.6627550125 , 7.44450
44.70 , 14.6627550125 , 7.45033
44.74 , 14.7713680267 , 7.45600
44.77 , 14.7713680267 , 7.46183
44.81 , 14.7713680267 , 7.46750
44.84 , 14.7713680267 , 7.47317
44.87 , 14.7713680267 , 7.47883
44.91 , 14.9885969161 , 7.48467
44.94 , 14.8799839019 , 7.49033
44.98 , 14.8799839019 , 7.49617
45.01 , 14.8799839019 , 7.50167
45.04 , 14.8799839019 , 7.50750
45.08 , 14.8799839019 , 7.51317
45.11 , 14.9885969161 , 7.51900
45.15 , 14.9885969161 , 7.52467
45.18 , 14.9885969161 , 7.53033
45.22 , 14.9885969161 , 7.53600
45.25 , 14.9885969161 , 7.54183
45.29 , 14.9885969161 , 7.54750
45.32 , 15.0972099304 , 7.55333
45.35 , 15.0972099304 , 7.55883
45.39 , 15.0972099304 , 7.56467
45.42 , 15.2058219909 , 7.57033
45.46 , 15.0972099304 , 7.57617
45.49 , 15.2058219909 , 7.58200
45.53 , 15.2058219909 , 7.58767
45.56 , 15.0972099304 , 7.59333
45.59 , 15.2058219909 , 7.59900
45.63 , 15.2058219909 , 7.60483
45.66 , 15.2058219909 , 7.61050
45.70 , 15.2058219909 , 7.61633
45.73 , 15.2058219909 , 7.62183
45.77 , 15.2058219909 , 7.62767
45.80 , 15.3144350051 , 7.63333
45.84 , 15.3144350051 , 7.63917
45.87 , 15.2058219909 , 7.64483
45.90 , 15.2058219909 , 7.65050
45.94 , 15.3144350051 , 7.65617
45.97 , 15.4230480194 , 7.66200
46.01 , 15.3144350051 , 7.66767
46.04 , 15.3144350051 , 7.67350
46.07 , 15.4230480194 , 7.67900
46.11 , 15.3144350051 , 7.68483
46.14 , 15.3144350051 , 7.69050
46.18 , 15.4230480194 , 7.69633
46.21 , 15.4230480194 , 7.70200
46.25 , 15.4230480194 , 7.70767
46.28 , 15.4230480194 , 7.71333
46.31 , 15.4230480194 , 7.71917
46.35 , 15.3144350051 , 7.72483
46.38 , 15.5316610336 , 7.73067
46.42 , 15.4230480194 , 7.73617
46.45 , 15.5316610336 , 7.74200
46.49 , 15.5316610336 , 7.74767
46.52 , 15.5316610336 , 7.75350
46.56 , 15.5316610336 , 7.75917
46.59 , 15.5316610336 , 7.76483
46.62 , 15.6402740478 , 7.77067
46.66 , 15.5316610336 , 7.77633
46.69 , 15.5316610336 , 7.78217
46.73 , 15.6402740478 , 7.78783
46.76 , 15.6402740478 , 7.79350
46.79 , 15.6402740478 , 7.79917
46.83 , 15.6402740478 , 7.80500
46.86 , 15.6402740478 , 7.81067
46.90 , 15.6402740478 , 7.81650
46.93 , 15.7488870620 , 7.82200
46.97 , 15.7488870620 , 7.82783
47.00 , 15.6402740478 , 7.83350
47.04 , 15.7488870620 , 7.83933
47.07 , 15.8575000762 , 7.84500
47.11 , 15.8575000762 , 7.85083
47.14 , 15.7488870620 , 7.85633
47.17 , 15.8575000762 , 7.86217
47.21 , 15.8575000762 , 7.86783
47.24 , 15.8575000762 , 7.87367
47.28 , 15.8575000762 , 7.87933
47.31 , 15.8575000762 , 7.88500
47.34 , 15.9661130905 , 7.89067
47.38 , 15.9661130905 , 7.89650
47.41 , 15.9661130905 , 7.90217
47.45 , 15.9661130905 , 7.90800
47.48 , 15.9661130905 , 7.91350
47.52 , 15.9661130905 , 7.91933
47.55 , 15.9661130905 , 7.92500
47.59 , 16.0747261047 , 7.93083
47.62 , 16.0747261047 , 7.93650
47.65 , 16.0747261047 , 7.94217
47.69 , 16.0747261047 , 7.94800
47.72 , 16.0747261047 , 7.95367
47.76 , 16.1833381652 , 7.95950
47.79 , 16.0747261047 , 7.96517
47.83 , 16.0747261047 , 7.97083
47.86 , 16.1833381652 , 7.97650
47.89 , 16.0747261047 , 7.98233
47.93 , 16.1833381652 , 7.98800
47.96 , 16.1833381652 , 7.99383
48.00 , 16.1833381652 , 7.99933
48.03 , 16.2919521331 , 8.00517
48.06 , 16.1833381652 , 8.01083
48.10 , 16.1833381652 , 8.01667
48.13 , 16.2919521331 , 8.02233
48.17 , 16.2919521331 , 8.02800
48.20 , 16.2919521331 , 8.03367
48.24 , 16.2919521331 , 8.03950
48.27 , 16.2919521331 , 8.04517
48.31 , 16.4005641937 , 8.05100
48.34 , 16.2919521331 , 8.05650
48.37 , 16.4005641937 , 8.06233
48.41 , 16.4005641937 , 8.06800
48.44 , 16.4005641937 , 8.07383
48.48 , 16.4005641937 , 8.07950
48.51 , 16.4005641937 , 8.08533
48.54 , 16.4005641937 , 8.09083
48.58 , 16.4005641937 , 8.09667
48.61 , 16.4005641937 , 8.10233
48.65 , 16.5091781616 , 8.10817
48.68 , 16.5091781616 , 8.11383
48.72 , 16.5091781616 , 8.11950
48.75 , 16.5091781616 , 8.12517
48.79 , 16.5091781616 , 8.13100
48.82 , 16.5091781616 , 8.13683
48.86 , 16.4005641937 , 8.14250
48.89 , 16.5091781616 , 8.14817
48.92 , 16.5091781616 , 8.15383
48.96 , 16.6177902221 , 8.15967
48.99 , 16.5091781616 , 8.16533
49.03 , 16.5091781616 , 8.17117
49.06 , 16.6177902221 , 8.17667
49.10 , 16.6177902221 , 8.18250
49.13 , 16.7264022827 , 8.18817
49.16 , 16.7264022827 , 8.19400
49.20 , 16.5091781616 , 8.19967
49.23 , 16.6177902221 , 8.20533
49.27 , 16.6177902221 , 8.21100
49.30 , 16.7264022827 , 8.21683
49.34 , 16.8350162506 , 8.22250
49.37 , 16.7264022827 , 8.22833
49.40 , 16.7264022827 , 8.23383
49.44 , 16.7264022827 , 8.23967
49.47 , 16.7264022827 , 8.24533
49.51 , 16.8350162506 , 8.25117
49.54 , 16.9436283111 , 8.25683
49.58 , 16.8350162506 , 8.26250
49.61 , 16.7264022827 , 8.26817
49.64 , 16.9436283111 , 8.27400
49.68 , 16.9436283111 , 8.27967
49.71 , 16.9436283111 , 8.28550
49.75 , 16.8350162506 , 8.29100
49.78 , 16.8350162506 , 8.29683
49.81 , 16.9436283111 , 8.30250
49.85 , 16.9436283111 , 8.30833
49.88 , 17.0522422790 , 8.31417
49.92 , 17.1608543395 , 8.31967
49.95 , 16.9436283111 , 8.32550
49.99 , 17.0522422790 , 8.33117
50.02 , 17.0522422790 , 8.33700
50.06 , 17.1608543395 , 8.34267
50.09 , 17.0522422790 , 8.34850
50.12 , 17.0522422790 , 8.35400
50.16 , 17.0522422790 , 8.35983
50.19 , 17.1608543395 , 8.36550
50.23 , 17.1608543395 , 8.37133
50.26 , 17.0522422790 , 8.37700
50.30 , 17.1608543395 , 8.38267
50.33 , 17.1608543395 , 8.38833
50.37 , 17.2694683074 , 8.39417
50.40 , 17.1608543395 , 8.39983
50.43 , 17.1608543395 , 8.40567
50.47 , 17.2694683074 , 8.41117
50.50 , 17.1608543395 , 8.41700
50.54 , 17.2694683074 , 8.42267
50.57 , 17.3780803680 , 8.42850
50.61 , 17.2694683074 , 8.43417
50.64 , 17.2694683074 , 8.43983
50.67 , 17.2694683074 , 8.44550
50.71 , 17.2694683074 , 8.45133
50.74 , 17.2694683074 , 8.45700
50.78 , 17.2694683074 , 8.46283
50.81 , 17.3780803680 , 8.46833
50.85 , 17.2694683074 , 8.47417
50.88 , 17.3780803680 , 8.47983
50.91 , 17.3780803680 , 8.48567
50.95 , 17.4866943359 , 8.49133
50.98 , 17.3780803680 , 8.49700
51.02 , 17.4866943359 , 8.50283
51.05 , 17.3780803680 , 8.50850
51.09 , 17.3780803680 , 8.51433
51.12 , 17.4866943359 , 8.52000
51.15 , 17.4866943359 , 8.52567
51.19 , 17.4866943359 , 8.53133
51.22 , 17.4866943359 , 8.53717
51.26 , 17.4866943359 , 8.54283
51.29 , 17.4866943359 , 8.54867
51.33 , 17.5953083038 , 8.55417
51.36 , 17.5953083038 , 8.56000
51.39 , 17.4866943359 , 8.56567
51.43 , 17.5953083038 , 8.57150
51.46 , 17.5953083038 , 8.57717
51.50 , 17.5953083038 , 8.58283
51.53 , 17.5953083038 , 8.58850
51.57 , 17.7039222717 , 8.59433
51.60 , 17.7039222717 , 8.60000
51.63 , 17.7039222717 , 8.60583
51.67 , 17.7039222717 , 8.61133
51.70 , 17.7039222717 , 8.61717
51.74 , 17.7039222717 , 8.62283
51.77 , 17.8125343322 , 8.62867
51.81 , 17.8125343322 , 8.63433
51.84 , 17.7039222717 , 8.64017
51.87 , 17.8125343322 , 8.64567
51.91 , 17.9211483001 , 8.65150
51.94 , 17.8125343322 , 8.65717
51.98 , 17.9211483001 , 8.66300
52.01 , 17.9211483001 , 8.66867
52.05 , 17.9211483001 , 8.67433
52.08 , 17.9211483001 , 8.68017
52.12 , 17.9211483001 , 8.68583
52.15 , 17.9211483001 , 8.69167
52.18 , 17.9211483001 , 8.69733
52.22 , 17.9211483001 , 8.70300
52.25 , 17.9211483001 , 8.70867
52.29 , 18.0297603607 , 8.71450
52.32 , 18.0297603607 , 8.72017
52.36 , 18.0297603607 , 8.72600
52.39 , 18.0297603607 , 8.73150
52.42 , 18.0297603607 , 8.73733
52.46 , 18.0297603607 , 8.74300
52.49 , 18.0297603607 , 8.74883
52.53 , 17.9211483001 , 8.75450
52.56 , 18.0297603607 , 8.76017
52.60 , 18.0297603607 , 8.76583
52.63 , 18.0297603607 , 8.77167
52.66 , 18.1383743286 , 8.77733
52.70 , 18.1383743286 , 8.78317
52.73 , 18.1383743286 , 8.78867
52.77 , 18.1383743286 , 8.79450
52.80 , 18.1383743286 , 8.80017
52.84 , 18.1383743286 , 8.80600
52.87 , 18.1383743286 , 8.81167
52.90 , 18.1383743286 , 8.81733
52.94 , 18.2469863891 , 8.82300
52.97 , 18.2469863891 , 8.82883
53.01 , 18.2469863891 , 8.83450
53.04 , 18.2469863891 , 8.84033
53.08 , 18.2469863891 , 8.84583
53.11 , 18.1383743286 , 8.85167
53.14 , 18.3555984497 , 8.85733
53.18 , 18.2469863891 , 8.86317
53.21 , 18.2469863891 , 8.86900
53.25 , 18.2469863891 , 8.87467
53.28 , 18.3555984497 , 8.88033
53.32 , 18.2469863891 , 8.88600
53.35 , 18.3555984497 , 8.89183
53.38 , 18.3555984497 , 8.89750
53.42 , 18.2469863891 , 8.90333
53.45 , 18.3555984497 , 8.90883
53.49 , 18.3555984497 , 8.91467
53.52 , 18.3555984497 , 8.92033
53.56 , 18.3555984497 , 8.92617
53.59 , 18.3555984497 , 8.93183
53.63 , 18.3555984497 , 8.93750
53.66 , 18.4642124176 , 8.94317
53.69 , 18.4642124176 , 8.94900
53.73 , 18.4642124176 , 8.95467
53.76 , 18.4642124176 , 8.96050
53.80 , 18.5728244781 , 8.96600
53.83 , 18.4642124176 , 8.97183
53.87 , 18.5728244781 , 8.97750
53.90 , 18.5728244781 , 8.98333
53.93 , 18.6814384460 , 8.98900
53.97 , 18.5728244781 , 8.99467
54.00 , 18.5728244781 , 9.00033
54.04 , 18.5728244781 , 9.00617
54.07 , 18.6814384460 , 9.01183
54.11 , 18.6814384460 , 9.01767
54.14 , 18.6814384460 , 9.02317
54.17 , 18.6814384460 , 9.02900
54.21 , 18.6814384460 , 9.03467
54.24 , 18.6814384460 , 9.04050
54.28 , 18.7900505065 , 9.04633
54.31 , 18.7900505065 , 9.05183
54.35 , 18.7900505065 , 9.05767
54.38 , 18.7900505065 , 9.06333
54.42 , 18.7900505065 , 9.06917
54.45 , 18.7900505065 , 9.07483
54.48 , 18.7900505065 , 9.08050
54.52 , 18.7900505065 , 9.08617
54.55 , 18.7900505065 , 9.09200
54.59 , 18.7900505065 , 9.09767
54.62 , 18.8986644744 , 9.10350
54.65 , 19.0072765350 , 9.10900
54.69 , 18.8986644744 , 9.11483
54.72 , 19.0072765350 , 9.12050
54.76 , 19.0072765350 , 9.12633
54.79 , 19.0072765350 , 9.13200
54.83 , 19.0072765350 , 9.13783
54.86 , 19.0072765350 , 9.14333
54.90 , 19.1158905029 , 9.14917
54.93 , 19.1158905029 , 9.15483
54.96 , 19.0072765350 , 9.16067
55.00 , 19.1158905029 , 9.16633
55.03 , 19.1158905029 , 9.17200
55.07 , 19.1158905029 , 9.17767
55.10 , 19.1158905029 , 9.18350
55.13 , 19.1158905029 , 9.18917
55.17 , 19.1158905029 , 9.19500
55.20 , 19.2245025634 , 9.20050
55.24 , 19.2245025634 , 9.20633
55.27 , 19.1158905029 , 9.21200
55.31 , 19.2245025634 , 9.21783
55.34 , 19.2245025634 , 9.22350
55.38 , 19.2245025634 , 9.22917
55.41 , 19.2245025634 , 9.23500
55.44 , 19.2245025634 , 9.24067
55.48 , 19.2245025634 , 9.24650
55.51 , 19.3331146240 , 9.25217
55.55 , 19.3331146240 , 9.25783
55.58 , 19.3331146240 , 9.26350
55.62 , 19.3331146240 , 9.26933
55.65 , 19.3331146240 , 9.27500
55.69 , 19.4417285919 , 9.28083
55.72 , 19.4417285919 , 9.28633
55.75 , 19.4417285919 , 9.29217
55.79 , 19.4417285919 , 9.29783
55.82 , 19.4417285919 , 9.30367
55.86 , 19.4417285919 , 9.30933
55.89 , 19.4417285919 , 9.31500
55.92 , 19.4417285919 , 9.32067
55.96 , 19.4417285919 , 9.32650
55.99 , 19.5503406524 , 9.33217
56.03 , 19.4417285919 , 9.33800
56.06 , 19.4417285919 , 9.34350
56.10 , 19.5503406524 , 9.34933
56.13 , 19.4417285919 , 9.35500
56.17 , 19.4417285919 , 9.36083
56.20 , 19.5503406524 , 9.36650
56.23 , 19.5503406524 , 9.37217
56.27 , 19.4417285919 , 9.37783
56.30 , 19.6589546203 , 9.38367
56.34 , 19.5503406524 , 9.38933
56.37 , 19.6589546203 , 9.39517
56.40 , 19.6589546203 , 9.40067
56.44 , 19.7675666809 , 9.40650
56.47 , 19.6589546203 , 9.41233
56.51 , 19.6589546203 , 9.41800
56.54 , 19.6589546203 , 9.42383
56.58 , 19.7675666809 , 9.42950
56.61 , 19.7675666809 , 9.43517
56.65 , 19.7675666809 , 9.44083
56.68 , 19.7675666809 , 9.44667
56.71 , 19.8761806488 , 9.45233
56.75 , 19.7675666809 , 9.45817
56.78 , 19.7675666809 , 9.46367
56.82 , 19.8761806488 , 9.46950
56.85 , 19.8761806488 , 9.47517
56.89 , 19.8761806488 , 9.48100
56.92 , 19.8761806488 , 9.48667
56.95 , 19.9847927093 , 9.49233
56.99 , 19.9847927093 , 9.49800
57.02 , 19.9847927093 , 9.50383
57.06 , 19.9847927093 , 9.50950
57.09 , 19.9847927093 , 9.51533
57.13 , 19.9847927093 , 9.52083
57.16 , 20.0934066772 , 9.52667
57.19 , 20.0934066772 , 9.53233
57.23 , 20.0934066772 , 9.53817
57.26 , 19.9847927093 , 9.54383
57.30 , 20.0934066772 , 9.54950
57.33 , 20.0934066772 , 9.55517
57.37 , 20.0934066772 , 9.56100
57.40 , 20.0934066772 , 9.56667
57.44 , 20.2020187377 , 9.57250
57.47 , 20.2020187377 , 9.57800
57.50 , 20.0934066772 , 9.58383
57.54 , 20.2020187377 , 9.58950
57.57 , 20.2020187377 , 9.59533
57.61 , 20.2020187377 , 9.60117
57.64 , 20.3106307983 , 9.60667
57.68 , 20.0934066772 , 9.61250
57.71 , 20.3106307983 , 9.61817
57.74 , 20.3106307983 , 9.62400
57.78 , 20.3106307983 , 9.62967
57.81 , 20.3106307983 , 9.63533
57.85 , 20.3106307983 , 9.64100
57.88 , 20.3106307983 , 9.64683
57.92 , 20.3106307983 , 9.65250
57.95 , 20.3106307983 , 9.65833
57.98 , 20.3106307983 , 9.66400
58.02 , 20.3106307983 , 9.66967
58.05 , 20.4192466735 , 9.67533
58.09 , 20.4192466735 , 9.68117
58.12 , 20.4192466735 , 9.68683
58.16 , 20.4192466735 , 9.69267
58.19 , 20.4192466735 , 9.69817
58.22 , 20.4192466735 , 9.70400
58.26 , 20.5278606414 , 9.70967
58.29 , 20.5278606414 , 9.71550
58.33 , 20.4192466735 , 9.72117
58.36 , 20.4192466735 , 9.72683
58.40 , 20.5278606414 , 9.73250
58.43 , 20.6364727020 , 9.73833
58.46 , 20.6364727020 , 9.74400
58.50 , 20.5278606414 , 9.74983
58.53 , 20.6364727020 , 9.75533
58.57 , 20.6364727020 , 9.76117
58.60 , 20.5278606414 , 9.76683
58.64 , 20.6364727020 , 9.77267
58.67 , 20.7450866699 , 9.77850
58.70 , 20.6364727020 , 9.78400
58.74 , 20.6364727020 , 9.78983
58.77 , 20.7450866699 , 9.79550
58.81 , 20.7450866699 , 9.80133
58.84 , 20.7450866699 , 9.80700
58.88 , 20.7450866699 , 9.81267
58.91 , 20.7450866699 , 9.81833
58.95 , 20.7450866699 , 9.82417
58.98 , 20.7450866699 , 9.82983
59.01 , 20.8536987304 , 9.83567
59.05 , 20.8536987304 , 9.84117
59.08 , 20.8536987304 , 9.84700
59.12 , 20.8536987304 , 9.85267
59.15 , 20.8536987304 , 9.85850
59.19 , 20.8536987304 , 9.86417
59.22 , 20.9623107910 , 9.86983
59.25 , 20.9623107910 , 9.87550
59.29 , 20.9623107910 , 9.88133
59.32 , 20.9623107910 , 9.88700
59.36 , 20.9623107910 , 9.89283
59.39 , 20.9623107910 , 9.89833
59.43 , 21.0709247589 , 9.90417
59.46 , 20.9623107910 , 9.90983
59.49 , 20.9623107910 , 9.91567
59.53 , 20.9623107910 , 9.92133
59.56 , 20.9623107910 , 9.92717
59.60 , 21.0709247589 , 9.93267
59.63 , 21.1795368194 , 9.93850
59.67 , 21.1795368194 , 9.94417
59.70 , 21.0709247589 , 9.95000
59.73 , 21.1795368194 , 9.95567
59.77 , 21.1795368194 , 9.96133
59.80 , 21.1795368194 , 9.96717
59.84 , 21.1795368194 , 9.97283
59.87 , 21.2881507873 , 9.97867
59.91 , 21.2881507873 , 9.98433
59.94 , 21.2881507873 , 9.99000
59.97 , 21.1795368194 , 9.99567
60.01 , 21.2881507873 , 10.00150
60.04 , 21.3967628479 , 10.00733
60.08 , 21.1795368194 , 10.01333
60.11 , 21.3967628479 , 10.01900
60.15 , 21.2881507873 , 10.02500
60.19 , 21.3967628479 , 10.03083
60.22 , 21.3967628479 , 10.03683
60.26 , 21.3967628479 , 10.04267
60.29 , 21.2881507873 , 10.04867
60.33 , 21.3967628479 , 10.05433
60.36 , 21.3967628479 , 10.06033
60.40 , 21.5053768157 , 10.06617
60.43 , 21.5053768157 , 10.07217
60.47 , 21.5053768157 , 10.07817
60.50 , 21.5053768157 , 10.08400
60.54 , 21.3967628479 , 10.08983
60.57 , 21.6139888763 , 10.09567
60.61 , 21.5053768157 , 10.10167
60.65 , 21.5053768157 , 10.10750
60.68 , 21.5053768157 , 10.11350
60.72 , 21.5053768157 , 10.11933
60.75 , 21.5053768157 , 10.12517
60.79 , 21.5053768157 , 10.13100
60.82 , 21.6139888763 , 10.13700
60.86 , 21.6139888763 , 10.14283
60.89 , 21.6139888763 , 10.14883
60.93 , 21.6139888763 , 10.15467
60.96 , 21.7226028442 , 10.16050
61.00 , 21.6139888763 , 10.16633
61.03 , 21.8312149047 , 10.17233
61.07 , 21.6139888763 , 10.17833
61.11 , 21.7226028442 , 10.18417
61.14 , 21.6139888763 , 10.19000
61.18 , 21.7226028442 , 10.19583
61.21 , 21.8312149047 , 10.20183
61.25 , 21.8312149047 , 10.20767
61.28 , 21.7226028442 , 10.21367
61.32 , 21.8312149047 , 10.21950
61.35 , 21.8312149047 , 10.22533
61.39 , 21.9398269653 , 10.23117
61.42 , 21.8312149047 , 10.23717
61.46 , 21.9398269653 , 10.24300
61.49 , 21.8312149047 , 10.24900
61.53 , 21.9398269653 , 10.25483
61.56 , 21.9398269653 , 10.26067
61.60 , 21.9398269653 , 10.26667
61.63 , 21.9398269653 , 10.27250
61.67 , 22.0484409332 , 10.27850
61.71 , 21.9398269653 , 10.28433
61.74 , 22.0484409332 , 10.29033
61.78 , 21.9398269653 , 10.29600
61.81 , 22.0484409332 , 10.30200
61.85 , 22.0484409332 , 10.30783
61.88 , 22.0484409332 , 10.31383
61.92 , 22.1570529937 , 10.31967
61.95 , 22.1570529937 , 10.32567
61.99 , 22.0484409332 , 10.33133
62.02 , 22.2656669616 , 10.33733
62.06 , 22.1570529937 , 10.34317
62.10 , 22.1570529937 , 10.34917
62.13 , 22.1570529937 , 10.35500
62.17 , 22.1570529937 , 10.36100
62.20 , 22.2656669616 , 10.36683
62.24 , 22.2656669616 , 10.37267
62.27 , 22.2656669616 , 10.37867
62.31 , 22.2656669616 , 10.38450
62.34 , 22.2656669616 , 10.39050
62.38 , 22.2656669616 , 10.39617
62.41 , 22.3742790222 , 10.40217
62.45 , 22.2656669616 , 10.40800
62.48 , 22.3742790222 , 10.41400
62.52 , 22.4828929901 , 10.41983
62.56 , 22.3742790222 , 10.42583
62.59 , 22.3742790222 , 10.43150
62.63 , 22.3742790222 , 10.43750
62.66 , 22.3742790222 , 10.44333
62.70 , 22.4828929901 , 10.44933
62.73 , 22.4828929901 , 10.45533
62.77 , 22.4828929901 , 10.46117
62.80 , 22.4828929901 , 10.46700
62.84 , 22.4828929901 , 10.47283
62.87 , 22.4828929901 , 10.47883
62.91 , 22.4828929901 , 10.48467
62.94 , 22.5915050506 , 10.49067
62.98 , 22.4828929901 , 10.49650
63.01 , 22.5915050506 , 10.50233
63.05 , 22.4828929901 , 10.50817
63.09 , 22.4828929901 , 10.51417
63.12 , 22.4828929901 , 10.52000
63.16 , 22.5915050506 , 10.52600
63.19 , 22.5915050506 , 10.53183
63.23 , 22.5915050506 , 10.53767
63.26 , 22.7001190185 , 10.54350
63.30 , 22.7001190185 , 10.54950
63.33 , 22.7001190185 , 10.55550
63.37 , 22.7001190185 , 10.56133
63.40 , 22.7001190185 , 10.56733
63.44 , 22.7001190185 , 10.57300
63.47 , 22.7001190185 , 10.57900
63.51 , 22.8087310791 , 10.58483
63.54 , 22.7001190185 , 10.59083
63.58 , 22.8087310791 , 10.59667
63.62 , 22.7001190185 , 10.60267
63.65 , 22.8087310791 , 10.60833
63.69 , 22.8087310791 , 10.61433
63.72 , 22.9173431396 , 10.62017
63.76 , 22.8087310791 , 10.62617
63.79 , 22.8087310791 , 10.63200
63.83 , 22.9173431396 , 10.63783
63.86 , 22.9173431396 , 10.64383
63.90 , 22.8087310791 , 10.64967
63.93 , 22.9173431396 , 10.65567
63.97 , 22.9173431396 , 10.66150
64.00 , 22.9173431396 , 10.66750
64.04 , 22.9173431396 , 10.67317
64.07 , 23.0259571075 , 10.67917
64.11 , 22.9173431396 , 10.68500
64.15 , 23.0259571075 , 10.69100
64.18 , 23.0259571075 , 10.69683
64.22 , 23.0259571075 , 10.70283
64.25 , 23.1345691680 , 10.70850
64.29 , 23.1345691680 , 10.71450
64.32 , 23.1345691680 , 10.72033
64.36 , 23.1345691680 , 10.72633
64.39 , 23.1345691680 , 10.73217
64.43 , 23.1345691680 , 10.73817
64.46 , 23.2431850433 , 10.74400
64.50 , 23.2431850433 , 10.74983
64.54 , 23.2431850433 , 10.75583
64.57 , 23.2431850433 , 10.76167
64.61 , 23.2431850433 , 10.76767
64.64 , 23.2431850433 , 10.77350
64.68 , 23.2431850433 , 10.77933
64.71 , 23.3517990112 , 10.78517
64.75 , 23.3517990112 , 10.79117
64.78 , 23.3517990112 , 10.79700
64.82 , 23.3517990112 , 10.80300
64.85 , 23.4604110717 , 10.80867
64.89 , 23.4604110717 , 10.81467
64.92 , 23.3517990112 , 10.82050
64.96 , 23.3517990112 , 10.82650
65.00 , 23.4604110717 , 10.83250
65.03 , 23.4604110717 , 10.83833
65.06 , 23.4604110717 , 10.84417
65.10 , 23.4604110717 , 10.85000
65.14 , 23.5690231323 , 10.85600
65.17 , 23.4604110717 , 10.86183
65.21 , 23.4604110717 , 10.86783
65.24 , 23.4604110717 , 10.87367
65.28 , 23.4604110717 , 10.87950
65.31 , 23.5690231323 , 10.88533
65.35 , 23.5690231323 , 10.89133
65.38 , 23.5690231323 , 10.89717
65.42 , 23.6776371002 , 10.90317
65.45 , 23.5690231323 , 10.90900
65.49 , 23.5690231323 , 10.91483
65.52 , 23.5690231323 , 10.92067
65.56 , 23.6776371002 , 10.92667
65.60 , 23.5690231323 , 10.93267
65.63 , 23.6776371002 , 10.93850
65.67 , 23.6776371002 , 10.94450
65.70 , 23.5690231323 , 10.95017
65.74 , 23.7862491607 , 10.95617
65.77 , 23.6776371002 , 10.96200
65.81 , 23.7862491607 , 10.96800
65.84 , 23.6776371002 , 10.97383
65.88 , 23.7862491607 , 10.97983
65.91 , 23.8948631286 , 10.98550
65.95 , 23.7862491607 , 10.99150
65.98 , 23.7862491607 , 10.99733
66.02 , 23.7862491607 , 11.00333
66.05 , 23.8948631286 , 11.00917
66.09 , 23.7862491607 , 11.01517
66.13 , 23.8948631286 , 11.02100
66.16 , 23.8948631286 , 11.02683
66.20 , 23.8948631286 , 11.03283
66.23 , 24.0034751892 , 11.03867
66.27 , 23.8948631286 , 11.04467
66.30 , 24.0034751892 , 11.05033
66.34 , 23.8948631286 , 11.05633
66.37 , 24.0034751892 , 11.06217
66.41 , 24.0034751892 , 11.06817
66.44 , 24.0034751892 , 11.07400
66.48 , 24.1120891571 , 11.08000
66.51 , 24.0034751892 , 11.08567
66.55 , 24.1120891571 , 11.09167
66.58 , 24.1120891571 , 11.09750
66.62 , 24.1120891571 , 11.10350
66.66 , 24.1120891571 , 11.10933
66.69 , 24.2207012176 , 11.11533
66.73 , 24.1120891571 , 11.12117
66.76 , 24.2207012176 , 11.12700
66.80 , 24.2207012176 , 11.13300
66.83 , 24.2207012176 , 11.13883
66.87 , 24.2207012176 , 11.14483
66.90 , 24.2207012176 , 11.15067
66.94 , 24.3293151855 , 11.15650
66.97 , 24.3293151855 , 11.16233
67.01 , 24.3293151855 , 11.16833
67.04 , 24.3293151855 , 11.17417
67.08 , 24.3293151855 , 11.18017
67.12 , 24.3293151855 , 11.18600
67.15 , 24.3293151855 , 11.19183
67.19 , 24.3293151855 , 11.19767
67.22 , 24.3293151855 , 11.20367
67.26 , 24.4379272460 , 11.20967
67.29 , 24.4379272460 , 11.21550
67.33 , 24.4379272460 , 11.22150
67.36 , 24.4379272460 , 11.22717
67.40 , 24.4379272460 , 11.23317
67.43 , 24.4379272460 , 11.23900
67.47 , 24.5465393066 , 11.24500
67.50 , 24.5465393066 , 11.25083
67.54 , 24.5465393066 , 11.25667
67.57 , 24.5465393066 , 11.26250
67.61 , 24.5465393066 , 11.26850
67.65 , 24.5465393066 , 11.27433
67.68 , 24.5465393066 , 11.28033
67.72 , 24.5465393066 , 11.28617
67.75 , 24.5465393066 , 11.29200
67.79 , 24.5465393066 , 11.29783
67.82 , 24.6551532745 , 11.30383
67.86 , 24.6551532745 , 11.30983
67.89 , 24.6551532745 , 11.31567
67.93 , 24.6551532745 , 11.32167
67.96 , 24.6551532745 , 11.32733
68.00 , 24.6551532745 , 11.33333
68.04 , 24.7637653350 , 11.33917
68.07 , 24.7637653350 , 11.34517
68.11 , 24.6551532745 , 11.35100
68.14 , 24.7637653350 , 11.35700
68.18 , 24.7637653350 , 11.36267
68.21 , 24.7637653350 , 11.36867
68.25 , 24.7637653350 , 11.37450
68.28 , 24.7637653350 , 11.38050
68.32 , 24.7637653350 , 11.38633
68.35 , 24.8723793029 , 11.39233
68.39 , 24.8723793029 , 11.39817
68.42 , 24.8723793029 , 11.40400
68.46 , 24.8723793029 , 11.41000
68.50 , 24.9809913635 , 11.41583
68.53 , 24.9809913635 , 11.42183
68.57 , 24.9809913635 , 11.42767
68.60 , 24.8723793029 , 11.43350
68.64 , 24.9809913635 , 11.43933
68.67 , 24.9809913635 , 11.44533
68.71 , 24.9809913635 , 11.45117
68.74 , 24.9809913635 , 11.45717
68.78 , 24.9809913635 , 11.46283
68.81 , 25.0896053314 , 11.46883
68.85 , 25.1982173919 , 11.47467
68.88 , 25.0896053314 , 11.48067
68.92 , 25.0896053314 , 11.48650
68.95 , 25.0896053314 , 11.49250
68.99 , 25.0896053314 , 11.49833
69.02 , 25.1982173919 , 11.50417
69.06 , 25.1982173919 , 11.51017
69.10 , 25.1982173919 , 11.51600
69.13 , 25.3068313598 , 11.52200
69.17 , 25.3068313598 , 11.52783
69.20 , 25.1982173919 , 11.53367
69.24 , 25.3068313598 , 11.53950
69.27 , 25.3068313598 , 11.54550
69.31 , 25.3068313598 , 11.55133
69.34 , 25.3068313598 , 11.55733
69.38 , 25.3068313598 , 11.56317
69.41 , 25.3068313598 , 11.56900
69.45 , 25.4154434204 , 11.57483
69.48 , 25.4154434204 , 11.58083
69.52 , 25.4154434204 , 11.58683
69.56 , 25.4154434204 , 11.59267
69.59 , 25.4154434204 , 11.59867
69.63 , 25.5240554809 , 11.60433
69.66 , 25.4154434204 , 11.61033
69.70 , 25.5240554809 , 11.61617
69.73 , 25.5240554809 , 11.62217
69.77 , 25.5240554809 , 11.62800
69.80 , 25.5240554809 , 11.63400
69.84 , 25.5240554809 , 11.63967
69.87 , 25.5240554809 , 11.64567
69.91 , 25.5240554809 , 11.65150
69.94 , 25.6326694488 , 11.65750
69.98 , 25.5240554809 , 11.66333
70.02 , 25.5240554809 , 11.66933
70.05 , 25.6326694488 , 11.67500
70.09 , 25.6326694488 , 11.68100
70.12 , 25.6326694488 , 11.68700
70.16 , 25.6326694488 , 11.69283
70.19 , 25.7412815093 , 11.69883
70.23 , 25.6326694488 , 11.70450
70.26 , 25.7412815093 , 11.71050
70.30 , 25.6326694488 , 11.71633
70.33 , 25.7412815093 , 11.72233
70.37 , 25.7412815093 , 11.72817
70.40 , 25.7412815093 , 11.73417
70.44 , 25.7412815093 , 11.73983
70.47 , 25.7412815093 , 11.74583
70.51 , 25.7412815093 , 11.75167
70.55 , 25.8498954772 , 11.75767
70.58 , 25.8498954772 , 11.76350
70.62 , 25.7412815093 , 11.76950
70.65 , 25.8498954772 , 11.77533
70.69 , 25.8498954772 , 11.78117
70.72 , 25.9585113525 , 11.78717
70.76 , 25.8498954772 , 11.79300
70.79 , 25.8498954772 , 11.79900
70.83 , 25.9585113525 , 11.80483
70.86 , 25.9585113525 , 11.81067
70.90 , 25.9585113525 , 11.81650
70.93 , 25.9585113525 , 11.82250
70.97 , 25.9585113525 , 11.82833
71.01 , 25.9585113525 , 11.83433
71.04 , 26.0671234130 , 11.84017
71.08 , 26.0671234130 , 11.84600
71.11 , 26.0671234130 , 11.85183
71.15 , 26.0671234130 , 11.85783
71.18 , 26.1757354736 , 11.86367
71.22 , 26.0671234130 , 11.86967
71.25 , 26.1757354736 , 11.87567
71.29 , 26.0671234130 , 11.88133
71.32 , 26.1757354736 , 11.88733
71.36 , 26.1757354736 , 11.89317
71.39 , 26.2843494415 , 11.89917
71.43 , 26.1757354736 , 11.90500
71.46 , 26.2843494415 , 11.91083
71.50 , 26.2843494415 , 11.91667
71.54 , 26.1757354736 , 11.92267
71.57 , 26.2843494415 , 11.92850
71.61 , 26.3929615020 , 11.93450
71.64 , 26.3929615020 , 11.94033
71.68 , 26.3929615020 , 11.94617
71.71 , 26.2843494415 , 11.95200
71.75 , 26.3929615020 , 11.95800
71.78 , 26.3929615020 , 11.96400
71.82 , 26.3929615020 , 11.96983
71.86 , 26.5015754699 , 11.97583
71.89 , 26.3929615020 , 11.98150
71.93 , 26.5015754699 , 11.98750
71.96 , 26.5015754699 , 11.99333
72.00 , 26.5015754699 , 11.99933
72.03 , 26.5015754699 , 12.00517
72.07 , 26.3929615020 , 12.01117
72.10 , 26.5015754699 , 12.01683
72.14 , 26.5015754699 , 12.02283
72.17 , 26.6101875305 , 12.02867
72.21 , 26.5015754699 , 12.03467
72.24 , 26.6101875305 , 12.04050
72.28 , 26.6101875305 , 12.04650
72.31 , 26.6101875305 , 12.05217
72.35 , 26.6101875305 , 12.05817
72.38 , 26.6101875305 , 12.06417
72.42 , 26.6101875305 , 12.07000
72.46 , 26.6101875305 , 12.07600
72.49 , 26.6101875305 , 12.08183
72.53 , 26.7188014984 , 12.08767
72.56 , 26.7188014984 , 12.09350
72.60 , 26.7188014984 , 12.09950
72.63 , 26.7188014984 , 12.10533
72.67 , 26.7188014984 , 12.11133
72.70 , 26.7188014984 , 12.11700
72.74 , 26.7188014984 , 12.12300
72.77 , 26.8274135589 , 12.12883
72.81 , 26.8274135589 , 12.13483
72.84 , 26.8274135589 , 12.14067
72.88 , 26.8274135589 , 12.14667
72.91 , 26.8274135589 , 12.15250
72.95 , 26.8274135589 , 12.15833
72.99 , 26.8274135589 , 12.16433
73.02 , 26.8274135589 , 12.17017
73.06 , 26.9360275268 , 12.17617
73.09 , 26.9360275268 , 12.18200
73.13 , 26.9360275268 , 12.18783
73.16 , 26.9360275268 , 12.19367
73.20 , 26.9360275268 , 12.19967
73.23 , 26.9360275268 , 12.20550
73.27 , 27.0446395874 , 12.21150
73.30 , 27.0446395874 , 12.21733
73.34 , 26.9360275268 , 12.22317
73.37 , 27.0446395874 , 12.22900
73.41 , 27.0446395874 , 12.23500
73.44 , 27.0446395874 , 12.24083
73.48 , 27.0446395874 , 12.24683
73.52 , 27.0446395874 , 12.25283
73.55 , 27.0446395874 , 12.25850
73.59 , 27.1532516479 , 12.26450
73.62 , 27.1532516479 , 12.27033
73.66 , 27.1532516479 , 12.27633
73.69 , 27.1532516479 , 12.28217
73.73 , 27.1532516479 , 12.28817
73.76 , 27.1532516479 , 12.29383
73.80 , 27.2618656158 , 12.29983
73.83 , 27.2618656158 , 12.30567
73.87 , 27.2618656158 , 12.31167
73.90 , 27.2618656158 , 12.31750
73.94 , 27.2618656158 , 12.32333
73.97 , 27.3704776763 , 12.32917
74.01 , 27.3704776763 , 12.33517
74.05 , 27.3704776763 , 12.34117
74.08 , 27.3704776763 , 12.34700
74.12 , 27.3704776763 , 12.35300
74.15 , 27.3704776763 , 12.35867
74.19 , 27.4790916442 , 12.36467
74.22 , 27.4790916442 , 12.37050
74.26 , 27.4790916442 , 12.37650
74.29 , 27.3704776763 , 12.38233
74.33 , 27.4790916442 , 12.38833
74.36 , 27.4790916442 , 12.39400
74.40 , 27.4790916442 , 12.40000
74.43 , 27.4790916442 , 12.40583
74.47 , 27.5877037048 , 12.41183
74.51 , 27.4790916442 , 12.41767
74.54 , 27.5877037048 , 12.42367
74.58 , 27.5877037048 , 12.42933
74.61 , 27.5877037048 , 12.43533
74.65 , 27.5877037048 , 12.44133
74.68 , 27.4790916442 , 12.44717
74.72 , 27.6963176727 , 12.45317
74.75 , 27.6963176727 , 12.45900
74.79 , 27.5877037048 , 12.46483
74.82 , 27.6963176727 , 12.47067
74.86 , 27.6963176727 , 12.47667
74.89 , 27.8049297332 , 12.48250
74.93 , 27.6963176727 , 12.48850
74.97 , 27.6963176727 , 12.49433
75.00 , 27.6963176727 , 12.50017
75.04 , 27.8049297332 , 12.50600
75.07 , 27.6963176727 , 12.51200
75.11 , 27.6963176727 , 12.51783
75.14 , 27.6963176727 , 12.52383
75.18 , 27.8049297332 , 12.52983
75.21 , 27.8049297332 , 12.53550
75.25 , 27.8049297332 , 12.54150
75.28 , 27.9135437011 , 12.54733
75.32 , 27.9135437011 , 12.55333
75.36 , 27.8049297332 , 12.55917
75.39 , 27.9135437011 , 12.56500
75.43 , 27.9135437011 , 12.57083
75.46 , 27.9135437011 , 12.57683
75.50 , 27.9135437011 , 12.58267
75.53 , 27.9135437011 , 12.58867
75.57 , 28.0221557617 , 12.59450
75.60 , 28.0221557617 , 12.60033
75.64 , 27.9135437011 , 12.60617
75.67 , 28.0221557617 , 12.61217
75.71 , 28.0221557617 , 12.61800
75.74 , 28.0221557617 , 12.62400
75.78 , 28.1307678222 , 12.63000
75.81 , 28.0221557617 , 12.63567
75.85 , 28.1307678222 , 12.64167
75.88 , 28.1307678222 , 12.64750
75.92 , 28.1307678222 , 12.65350
75.96 , 28.1307678222 , 12.65933
75.99 , 28.1307678222 , 12.66533
76.03 , 28.2393817901 , 12.67100
76.06 , 28.2393817901 , 12.67700
76.10 , 28.2393817901 , 12.68283
76.13 , 28.2393817901 , 12.68883
76.17 , 28.2393817901 , 12.69467
76.20 , 28.3479938507 , 12.70067
76.24 , 28.3479938507 , 12.70633
76.27 , 28.3479938507 , 12.71233
76.31 , 28.3479938507 , 12.71833
76.34 , 28.3479938507 , 12.72417
76.38 , 28.3479938507 , 12.73017
76.42 , 28.4566078186 , 12.73600
76.45 , 28.4566078186 , 12.74183
76.49 , 28.4566078186 , 12.74767
76.52 , 28.4566078186 , 12.75367
76.56 , 28.4566078186 , 12.75950
76.59 , 28.4566078186 , 12.76550
76.63 , 28.4566078186 , 12.77117
76.66 , 28.4566078186 , 12.77717
76.70 , 28.5652198791 , 12.78300
76.73 , 28.5652198791 , 12.78900
76.77 , 28.4566078186 , 12.79483
76.80 , 28.4566078186 , 12.80083
76.84 , 28.5652198791 , 12.80650
76.87 , 28.5652198791 , 12.81250
76.91 , 28.5652198791 , 12.81850
76.95 , 28.6738338470 , 12.82433
76.98 , 28.6738338470 , 12.83033
77.02 , 28.6738338470 , 12.83617
77.05 , 28.6738338470 , 12.84200
77.09 , 28.6738338470 , 12.84783
77.12 , 28.6738338470 , 12.85383
77.16 , 28.5652198791 , 12.85967
77.19 , 28.6738338470 , 12.86567
77.23 , 28.7824478149 , 12.87150
77.26 , 28.6738338470 , 12.87733
77.30 , 28.7824478149 , 12.88317
77.33 , 28.7824478149 , 12.88917
77.37 , 28.7824478149 , 12.89500
77.41 , 28.7824478149 , 12.90100
77.44 , 28.7824478149 , 12.90700
77.48 , 28.7824478149 , 12.91267
77.51 , 28.7824478149 , 12.91867
77.55 , 28.7824478149 , 12.92450
77.58 , 28.8910617828 , 12.93050
77.62 , 28.8910617828 , 12.93633
77.65 , 28.8910617828 , 12.94233
77.69 , 28.8910617828 , 12.94800
77.72 , 28.8910617828 , 12.95400
77.76 , 28.8910617828 , 12.95983
77.79 , 28.9996738433 , 12.96583
77.83 , 28.8910617828 , 12.97167
77.86 , 28.9996738433 , 12.97750
77.90 , 28.8910617828 , 12.98333
77.94 , 28.9996738433 , 12.98933
77.97 , 28.9996738433 , 12.99517
78.01 , 29.1082878112 , 13.00117
78.04 , 28.9996738433 , 13.00717
78.08 , 29.1082878112 , 13.01283
78.11 , 28.9996738433 , 13.01883
78.15 , 29.1082878112 , 13.02467
78.18 , 29.1082878112 , 13.03067
78.22 , 29.1082878112 , 13.03650
78.25 , 29.1082878112 , 13.04250
78.29 , 29.2168998718 , 13.04817
78.32 , 29.1082878112 , 13.05417
78.36 , 29.2168998718 , 13.06000
78.40 , 29.2168998718 , 13.06600
78.43 , 29.2168998718 , 13.07183
78.47 , 29.2168998718 , 13.07783
78.50 , 29.2168998718 , 13.08350
78.54 , 29.3255138397 , 13.08950
78.57 , 29.3255138397 , 13.09550
78.61 , 29.3255138397 , 13.10133
78.64 , 29.3255138397 , 13.10733
78.68 , 29.3255138397 , 13.11317
78.71 , 29.3255138397 , 13.11900
78.75 , 29.3255138397 , 13.12483
78.79 , 29.4341259002 , 13.13083
78.82 , 29.4341259002 , 13.13667
78.86 , 29.4341259002 , 13.14267
78.89 , 29.4341259002 , 13.14850
78.93 , 29.5427398681 , 13.15433
78.96 , 29.4341259002 , 13.16017
79.00 , 29.4341259002 , 13.16617
79.03 , 29.4341259002 , 13.17200
79.07 , 29.5427398681 , 13.17800
79.10 , 29.5427398681 , 13.18367
79.14 , 29.5427398681 , 13.18967
79.17 , 29.5427398681 , 13.19567
79.21 , 29.5427398681 , 13.20150
79.25 , 29.6513519287 , 13.20750
79.28 , 29.6513519287 , 13.21333
79.31 , 29.5427398681 , 13.21917
79.35 , 29.6513519287 , 13.22500
79.39 , 29.7599639892 , 13.23100
79.42 , 29.6513519287 , 13.23683
79.46 , 29.6513519287 , 13.24283
79.49 , 29.7599639892 , 13.24867
79.53 , 29.6513519287 , 13.25450
79.56 , 29.7599639892 , 13.26033
79.60 , 29.7599639892 , 13.26633
79.63 , 29.7599639892 , 13.27217
79.67 , 29.7599639892 , 13.27817
79.70 , 29.7599639892 , 13.28417
79.74 , 29.8685779571 , 13.28983
79.77 , 29.8685779571 , 13.29583
79.81 , 29.7599639892 , 13.30167
79.85 , 29.7599639892 , 13.30767
79.88 , 29.8685779571 , 13.31350
79.92 , 29.8685779571 , 13.31950
79.95 , 29.8685779571 , 13.32517
79.99 , 29.8685779571 , 13.33117
80.02 , 29.8685779571 , 13.33700
80.06 , 29.8685779571 , 13.34300
80.09 , 30.0858039855 , 13.34883
80.13 , 29.9771900177 , 13.35483
80.16 , 29.8685779571 , 13.36050
80.20 , 29.9771900177 , 13.36650
80.23 , 29.9771900177 , 13.37233
80.27 , 29.9771900177 , 13.37833
80.31 , 29.9771900177 , 13.38433
80.34 , 30.0858039855 , 13.39000
80.38 , 29.9771900177 , 13.39600
80.41 , 30.0858039855 , 13.40183
80.45 , 30.0858039855 , 13.40783
80.48 , 30.0858039855 , 13.41367
80.52 , 30.0858039855 , 13.41967
80.55 , 30.0858039855 , 13.42533
80.59 , 30.1944160461 , 13.43133
80.62 , 30.1944160461 , 13.43717
80.66 , 30.3030300140 , 13.44317
80.69 , 30.1944160461 , 13.44900
80.73 , 30.1944160461 , 13.45500
80.76 , 30.3030300140 , 13.46067
80.80 , 30.1944160461 , 13.46667
80.84 , 30.3030300140 , 13.47267
80.87 , 30.3030300140 , 13.47850
80.91 , 30.3030300140 , 13.48450
80.94 , 30.3030300140 , 13.49033
80.98 , 30.3030300140 , 13.49617
81.01 , 30.4116420745 , 13.50200
81.05 , 30.4116420745 , 13.50800
81.08 , 30.4116420745 , 13.51383
81.12 , 30.4116420745 , 13.51983
81.15 , 30.5202560424 , 13.52567
81.19 , 30.5202560424 , 13.53150
81.22 , 30.4116420745 , 13.53733
81.26 , 30.4116420745 , 13.54333
81.29 , 30.4116420745 , 13.54917
81.33 , 30.4116420745 , 13.55517
81.37 , 30.5202560424 , 13.56100
81.40 , 30.5202560424 , 13.56683
81.44 , 30.5202560424 , 13.57283
81.47 , 30.5202560424 , 13.57867
81.51 , 30.6288681030 , 13.58467
81.54 , 30.6288681030 , 13.59050
81.58 , 30.6288681030 , 13.59650
81.61 , 30.6288681030 , 13.60217
81.65 , 30.6288681030 , 13.60817
81.68 , 30.6288681030 , 13.61400
81.72 , 30.7374801635 , 13.62000
81.75 , 30.6288681030 , 13.62583
81.79 , 30.6288681030 , 13.63167
81.82 , 30.6288681030 , 13.63750
81.86 , 30.7374801635 , 13.64350
81.90 , 30.7374801635 , 13.64933
81.93 , 30.7374801635 , 13.65533
81.97 , 30.8460941314 , 13.66133
82.00 , 30.8460941314 , 13.66700
82.04 , 30.7374801635 , 13.67300
82.07 , 30.7374801635 , 13.67883
82.11 , 30.8460941314 , 13.68483
82.14 , 30.8460941314 , 13.69067
82.18 , 30.8460941314 , 13.69667
82.21 , 30.8460941314 , 13.70233
82.25 , 30.8460941314 , 13.70833
82.29 , 30.9547061920 , 13.71417
82.32 , 30.8460941314 , 13.72017
82.36 , 30.8460941314 , 13.72600
82.39 , 30.9547061920 , 13.73200
82.43 , 30.9547061920 , 13.73767
82.46 , 30.9547061920 , 13.74367
82.50 , 30.8460941314 , 13.74950
82.53 , 30.9547061920 , 13.75550
82.57 , 31.0633201599 , 13.76150
82.60 , 30.9547061920 , 13.76733
82.64 , 30.9547061920 , 13.77317
82.67 , 30.9547061920 , 13.77900
82.71 , 30.9547061920 , 13.78500
82.75 , 31.0633201599 , 13.79083
82.78 , 31.1719322204 , 13.79683
82.82 , 31.0633201599 , 13.80267
82.85 , 31.1719322204 , 13.80850
82.89 , 31.1719322204 , 13.81433
82.92 , 31.0633201599 , 13.82033
82.96 , 31.1719322204 , 13.82617
82.99 , 31.1719322204 , 13.83217
83.03 , 31.1719322204 , 13.83783
83.06 , 31.1719322204 , 13.84383
83.10 , 31.1719322204 , 13.84983
83.13 , 31.2805461883 , 13.85567
83.17 , 31.3891582489 , 13.86167
83.20 , 31.3891582489 , 13.86750
83.24 , 31.2805461883 , 13.87333
83.27 , 31.2805461883 , 13.87917
83.31 , 31.3891582489 , 13.88517
83.35 , 31.2805461883 , 13.89100
83.38 , 31.3891582489 , 13.89700
83.42 , 31.3891582489 , 13.90283
83.45 , 31.2805461883 , 13.90867
83.49 , 31.3891582489 , 13.91450
83.52 , 31.4977741241 , 13.92050
83.56 , 31.3891582489 , 13.92633
83.59 , 31.3891582489 , 13.93233
83.63 , 31.4977741241 , 13.93817
83.66 , 31.4977741241 , 13.94400
83.70 , 31.4977741241 , 13.95000
83.73 , 31.3891582489 , 13.95583
83.77 , 31.4977741241 , 13.96183
83.81 , 31.4977741241 , 13.96767
83.84 , 31.4977741241 , 13.97367
83.88 , 31.6063861846 , 13.97933
83.91 , 31.4977741241 , 13.98533
83.95 , 31.6063861846 , 13.99117
83.98 , 31.6063861846 , 13.99717
84.02 , 31.7150001525 , 14.00300
84.05 , 31.6063861846 , 14.00900
84.09 , 31.6063861846 , 14.01467
84.12 , 31.7150001525 , 14.02067
84.16 , 31.6063861846 , 14.02650
84.19 , 31.6063861846 , 14.03250
84.23 , 31.7150001525 , 14.03850
84.26 , 31.7150001525 , 14.04417
84.30 , 31.7150001525 , 14.05017
84.34 , 31.7150001525 , 14.05600
84.37 , 31.7150001525 , 14.06200
84.41 , 31.8236122131 , 14.06783
84.44 , 31.7150001525 , 14.07383
84.48 , 31.8236122131 , 14.07950
84.51 , 31.8236122131 , 14.08550
84.55 , 31.8236122131 , 14.09133
84.58 , 31.8236122131 , 14.09733
84.62 , 31.9322261810 , 14.10317
84.65 , 31.8236122131 , 14.10917
84.69 , 31.9322261810 , 14.11483
84.72 , 31.9322261810 , 14.12083
84.76 , 31.9322261810 , 14.12667
84.80 , 31.9322261810 , 14.13267
84.83 , 31.9322261810 , 14.13867
84.87 , 31.9322261810 , 14.14450
84.90 , 31.9322261810 , 14.15033
84.94 , 31.9322261810 , 14.15617
84.97 , 31.9322261810 , 14.16217
85.01 , 31.9322261810 , 14.16800
85.04 , 32.0408401489 , 14.17400
85.08 , 31.9322261810 , 14.17983
85.11 , 32.0408401489 , 14.18567
85.15 , 31.9322261810 , 14.19150
85.18 , 32.0408401489 , 14.19750
85.22 , 32.0408401489 , 14.20333
85.26 , 32.0408401489 , 14.20933
85.29 , 32.1494522094 , 14.21517
85.33 , 32.1494522094 , 14.22100
85.36 , 32.1494522094 , 14.22700
85.40 , 32.1494522094 , 14.23283
85.43 , 32.2580642700 , 14.23883
85.47 , 32.1494522094 , 14.24467
85.50 , 32.1494522094 , 14.25067
85.54 , 32.2580642700 , 14.25633
85.57 , 32.2580642700 , 14.26233
85.61 , 32.2580642700 , 14.26817
85.64 , 32.2580642700 , 14.27417
85.68 , 32.2580642700 , 14.28000
85.71 , 32.2580642700 , 14.28583
85.75 , 32.2580642700 , 14.29167
85.79 , 32.3666763305 , 14.29767
85.82 , 32.3666763305 , 14.30350
85.86 , 32.3666763305 , 14.30950
85.89 , 32.3666763305 , 14.31533
85.93 , 32.3666763305 , 14.32117
85.96 , 32.3666763305 , 14.32717
86.00 , 32.4752883911 , 14.33300
86.03 , 32.4752883911 , 14.33900
86.07 , 32.3666763305 , 14.34483
86.11 , 32.4752883911 , 14.35083
86.14 , 32.5839042663 , 14.35650
86.18 , 32.5839042663 , 14.36250
86.21 , 32.4752883911 , 14.36833
86.25 , 32.5839042663 , 14.37433
86.28 , 32.5839042663 , 14.38017
86.32 , 32.5839042663 , 14.38617
86.35 , 32.5839042663 , 14.39183
86.39 , 32.6925163269 , 14.39783
86.42 , 32.5839042663 , 14.40367
86.46 , 32.6925163269 , 14.40967
86.49 , 32.6925163269 , 14.41567
86.53 , 32.6925163269 , 14.42150
86.56 , 32.6925163269 , 14.42733
86.60 , 32.6925163269 , 14.43317
86.63 , 32.8011283874 , 14.43917
86.67 , 32.6925163269 , 14.44500
86.71 , 32.8011283874 , 14.45100
86.74 , 32.8011283874 , 14.45667
86.78 , 32.8011283874 , 14.46267
86.81 , 32.8011283874 , 14.46850
86.85 , 32.8011283874 , 14.47450
86.88 , 32.8011283874 , 14.48033
86.92 , 32.8011283874 , 14.48633
86.95 , 32.8011283874 , 14.49200
86.99 , 32.8011283874 , 14.49800
87.02 , 32.8011283874 , 14.50383
87.06 , 32.8011283874 , 14.50983
87.09 , 32.9097404479 , 14.51583
87.13 , 32.9097404479 , 14.52167
87.16 , 32.9097404479 , 14.52750
87.20 , 33.0183563232 , 14.53333
87.24 , 32.9097404479 , 14.53933
87.27 , 33.0183563232 , 14.54517
87.31 , 33.0183563232 , 14.55117
87.34 , 33.0183563232 , 14.55700
87.38 , 33.0183563232 , 14.56283
87.41 , 33.0183563232 , 14.56867
87.45 , 33.0183563232 , 14.57467
87.48 , 33.0183563232 , 14.58050
87.52 , 33.1269683837 , 14.58650
87.55 , 33.0183563232 , 14.59233
87.59 , 33.0183563232 , 14.59817
87.62 , 33.1269683837 , 14.60417
87.66 , 33.0183563232 , 14.61000
87.70 , 33.1269683837 , 14.61600
87.73 , 33.1269683837 , 14.62183
87.77 , 33.1269683837 , 14.62783
87.80 , 33.1269683837 , 14.63350
87.84 , 33.2355804443 , 14.63950
87.87 , 33.2355804443 , 14.64533
87.91 , 33.2355804443 , 14.65133
87.94 , 33.2355804443 , 14.65717
87.98 , 33.2355804443 , 14.66317
88.01 , 33.3441925048 , 14.66883
88.05 , 33.2355804443 , 14.67483
88.08 , 33.2355804443 , 14.68067
88.12 , 33.3441925048 , 14.68667
88.15 , 33.2355804443 , 14.69250
88.19 , 33.4528045654 , 14.69833
88.23 , 33.3441925048 , 14.70433
88.26 , 33.3441925048 , 14.71017
88.30 , 33.3441925048 , 14.71617
88.33 , 33.3441925048 , 14.72200
88.37 , 33.4528045654 , 14.72800
88.40 , 33.5614204406 , 14.73367
88.44 , 33.4528045654 , 14.73967
88.47 , 33.4528045654 , 14.74550
88.51 , 33.5614204406 , 14.75150
88.54 , 33.4528045654 , 14.75733
88.58 , 33.5614204406 , 14.76333
88.61 , 33.5614204406 , 14.76900
88.65 , 33.4528045654 , 14.77500
88.68 , 33.5614204406 , 14.78083
88.72 , 33.5614204406 , 14.78683
88.76 , 33.5614204406 , 14.79283
88.79 , 33.6700325012 , 14.79867
88.83 , 33.5614204406 , 14.80450
88.86 , 33.6700325012 , 14.81033
88.90 , 33.6700325012 , 14.81633
88.93 , 33.6700325012 , 14.82217
88.97 , 33.6700325012 , 14.82817
89.00 , 33.6700325012 , 14.83400
89.04 , 33.6700325012 , 14.83983
89.07 , 33.6700325012 , 14.84567
89.11 , 33.6700325012 , 14.85167
89.14 , 33.7786445617 , 14.85750
89.18 , 33.7786445617 , 14.86350
89.22 , 33.6700325012 , 14.86933
89.25 , 33.6700325012 , 14.87517
89.29 , 33.7786445617 , 14.88100
89.32 , 33.8872566223 , 14.88700
89.36 , 33.7786445617 , 14.89300
89.39 , 33.7786445617 , 14.89883
89.43 , 33.8872566223 , 14.90467
89.46 , 33.8872566223 , 14.91050
89.50 , 33.8872566223 , 14.91650
89.53 , 33.8872566223 , 14.92233
89.57 , 33.8872566223 , 14.92833
89.61 , 33.8872566223 , 14.93417
89.64 , 33.8872566223 , 14.94000
89.68 , 33.8872566223 , 14.94583
89.71 , 33.9958724975 , 14.95183
89.75 , 33.9958724975 , 14.95767
89.78 , 33.9958724975 , 14.96367
89.82 , 33.9958724975 , 14.96950
89.85 , 33.9958724975 , 14.97533
89.89 , 34.1044845581 , 14.98133
89.92 , 33.9958724975 , 14.98717
89.96 , 34.1044845581 , 14.99317
89.99 , 34.1044845581 , 14.99900
90.03 , 34.1044845581 , 15.00500
90.06 , 34.1044845581 , 15.01067
90.10 , 34.1044845581 , 15.01667
90.13 , 34.2130966186 , 15.02250
90.17 , 34.1044845581 , 15.02850
90.21 , 34.1044845581 , 15.03433
90.24 , 34.1044845581 , 15.04033
90.28 , 34.3217086791 , 15.04600
90.31 , 34.2130966186 , 15.05200
90.35 , 34.1044845581 , 15.05783
90.38 , 34.2130966186 , 15.06383
90.42 , 34.2130966186 , 15.06967
90.45 , 34.3217086791 , 15.07567
90.49 , 34.2130966186 , 15.08150
90.52 , 34.3217086791 , 15.08733
90.56 , 34.3217086791 , 15.09333
90.59 , 34.3217086791 , 15.09917
90.63 , 34.4303207397 , 15.10517
90.66 , 34.4303207397 , 15.11083
90.70 , 34.4303207397 , 15.11683
90.74 , 34.4303207397 , 15.12267
90.77 , 34.4303207397 , 15.12867
90.81 , 34.4303207397 , 15.13450
90.84 , 34.4303207397 , 15.14050
90.88 , 34.5389366149 , 15.14617
90.91 , 34.5389366149 , 15.15217
90.95 , 34.4303207397 , 15.15800
90.98 , 34.4303207397 , 15.16400
91.02 , 34.5389366149 , 15.17000
91.05 , 34.4303207397 , 15.17583
91.09 , 34.5389366149 , 15.18167
91.12 , 34.5389366149 , 15.18750
91.16 , 34.5389366149 , 15.19350
91.20 , 34.5389366149 , 15.19933
91.23 , 34.6475486755 , 15.20533
91.27 , 34.6475486755 , 15.21117
91.30 , 34.6475486755 , 15.21700
91.34 , 34.6475486755 , 15.22283
91.37 , 34.6475486755 , 15.22883
91.41 , 34.7561607360 , 15.23467
91.44 , 34.7561607360 , 15.24067
91.48 , 34.7561607360 , 15.24650
91.51 , 34.6475486755 , 15.25233
91.55 , 34.7561607360 , 15.25817
91.58 , 34.7561607360 , 15.26417
91.62 , 34.7561607360 , 15.27017
91.66 , 34.7561607360 , 15.27600
91.69 , 34.7561607360 , 15.28200
91.73 , 34.8647727966 , 15.28767
91.76 , 34.7561607360 , 15.29367
91.80 , 34.8647727966 , 15.29950
91.83 , 34.8647727966 , 15.30550
91.87 , 34.7561607360 , 15.31133
91.90 , 34.8647727966 , 15.31733
91.94 , 34.7561607360 , 15.32300
91.97 , 34.7561607360 , 15.32900
92.01 , 34.8647727966 , 15.33483
92.04 , 34.8647727966 , 15.34083
92.08 , 34.9733886718 , 15.34667
92.11 , 34.8647727966 , 15.35250
92.15 , 34.9733886718 , 15.35850
92.19 , 34.9733886718 , 15.36433
92.22 , 35.0820007324 , 15.37033
92.26 , 34.9733886718 , 15.37617
92.29 , 34.9733886718 , 15.38217
92.33 , 34.8647727966 , 15.38783
92.36 , 35.0820007324 , 15.39383
92.40 , 34.9733886718 , 15.39967
92.43 , 34.9733886718 , 15.40567
92.47 , 35.0820007324 , 15.41150
92.50 , 35.0820007324 , 15.41750
92.54 , 35.1906127929 , 15.42317
92.57 , 35.1906127929 , 15.42917
92.61 , 35.1906127929 , 15.43500
92.65 , 35.1906127929 , 15.44100
92.68 , 35.0820007324 , 15.44683
92.72 , 35.1906127929 , 15.45283
92.75 , 35.1906127929 , 15.45867
92.79 , 35.2992248535 , 15.46450
92.82 , 35.1906127929 , 15.47050
92.86 , 35.1906127929 , 15.47633
92.89 , 35.2992248535 , 15.48233
92.93 , 35.2992248535 , 15.48817
92.96 , 35.2992248535 , 15.49400
93.00 , 35.2992248535 , 15.49983
93.04 , 35.2992248535 , 15.50583
93.07 , 35.2992248535 , 15.51167
93.11 , 35.2992248535 , 15.51767
93.14 , 35.4078369140 , 15.52333
93.18 , 35.4078369140 , 15.52933
93.21 , 35.4078369140 , 15.53517
93.25 , 35.4078369140 , 15.54117
93.28 , 35.4078369140 , 15.54717
93.32 , 35.4078369140 , 15.55300
93.35 , 35.5164527893 , 15.55883
93.39 , 35.5164527893 , 15.56467
93.42 , 35.5164527893 , 15.57067
93.46 , 35.5164527893 , 15.57650
93.50 , 35.5164527893 , 15.58250
93.53 , 35.5164527893 , 15.58833
93.56 , 35.5164527893 , 15.59417
93.60 , 35.6250648498 , 15.60000
93.64 , 35.6250648498 , 15.60600
93.67 , 35.6250648498 , 15.61183
93.71 , 35.6250648498 , 15.61783
93.74 , 35.6250648498 , 15.62367
93.78 , 35.6250648498 , 15.62950
93.81 , 35.6250648498 , 15.63533
93.85 , 35.6250648498 , 15.64133
93.88 , 35.6250648498 , 15.64733
93.92 , 35.7336807250 , 15.65317
93.95 , 35.7336807250 , 15.65917
93.99 , 35.7336807250 , 15.66483
94.02 , 35.8422966003 , 15.67083
94.06 , 35.7336807250 , 15.67667
94.10 , 35.7336807250 , 15.68267
94.13 , 35.7336807250 , 15.68850
94.17 , 35.7336807250 , 15.69450
94.20 , 35.7336807250 , 15.70017
94.24 , 35.7336807250 , 15.70617
94.27 , 35.7336807250 , 15.71200
94.31 , 35.8422966003 , 15.71800
94.34 , 35.8422966003 , 15.72383
94.38 , 35.8422966003 , 15.72983
94.41 , 35.8422966003 , 15.73567
94.45 , 35.8422966003 , 15.74150
94.48 , 35.8422966003 , 15.74750
94.52 , 35.9509086608 , 15.75333
94.56 , 35.9509086608 , 15.75933
94.59 , 35.9509086608 , 15.76500
94.63 , 35.9509086608 , 15.77100
94.66 , 35.9509086608 , 15.77683
94.70 , 36.0595207214 , 15.78283
94.73 , 35.9509086608 , 15.78867
94.77 , 35.9509086608 , 15.79467
94.80 , 35.9509086608 , 15.80033
94.84 , 36.0595207214 , 15.80633
94.87 , 35.9509086608 , 15.81217
94.91 , 36.0595207214 , 15.81817
94.94 , 36.0595207214 , 15.82400
94.98 , 36.0595207214 , 15.83000
95.01 , 36.0595207214 , 15.83583
95.05 , 36.0595207214 , 15.84167
95.09 , 36.0595207214 , 15.84767
95.12 , 36.1681327819 , 15.85350
95.16 , 36.2767486572 , 15.85950
95.19 , 36.1681327819 , 15.86533
95.23 , 36.1681327819 , 15.87117
95.26 , 36.1681327819 , 15.87700
95.30 , 36.1681327819 , 15.88300
95.33 , 36.2767486572 , 15.88883
95.37 , 36.2767486572 , 15.89483
95.40 , 36.2767486572 , 15.90067
95.44 , 36.3853607177 , 15.90650
95.47 , 36.2767486572 , 15.91233
95.51 , 36.3853607177 , 15.91833
95.55 , 36.2767486572 , 15.92433
95.58 , 36.3853607177 , 15.93017
95.62 , 36.3853607177 , 15.93617
95.65 , 36.3853607177 , 15.94183
95.69 , 36.3853607177 , 15.94783
95.72 , 36.3853607177 , 15.95367
95.76 , 36.4939727783 , 15.95967
95.79 , 36.4939727783 , 15.96550
95.83 , 36.4939727783 , 15.97133
95.86 , 36.4939727783 , 15.97717
95.90 , 36.4939727783 , 15.98317
95.93 , 36.4939727783 , 15.98900
95.97 , 36.4939727783 , 15.99500
96.00 , 36.4939727783 , 16.00083
96.04 , 36.4939727783 , 16.00667
96.07 , 36.4939727783 , 16.01250
96.11 , 36.6025848388 , 16.01850
96.15 , 36.6025848388 , 16.02450
96.18 , 36.4939727783 , 16.03034
96.22 , 36.7111968994 , 16.03634
96.25 , 36.4939727783 , 16.04200
96.29 , 36.6025848388 , 16.04800
96.32 , 36.6025848388 , 16.05383
96.36 , 36.7111968994 , 16.05983
96.39 , 36.7111968994 , 16.06567
96.43 , 36.7111968994 , 16.07167
96.46 , 36.7111968994 , 16.07733
96.50 , 36.8198127746 , 16.08333
96.54 , 36.7111968994 , 16.08917
96.57 , 36.8198127746 , 16.09517
96.61 , 36.7111968994 , 16.10100
96.64 , 36.8198127746 , 16.10700
96.68 , 36.8198127746 , 16.11284
96.71 , 36.8198127746 , 16.11867
96.75 , 36.8198127746 , 16.12467
96.78 , 36.7111968994 , 16.13050
96.82 , 36.8198127746 , 16.13650
96.85 , 36.8198127746 , 16.14233
96.89 , 36.8198127746 , 16.14817
96.92 , 36.9284248352 , 16.15400
96.96 , 36.8198127746 , 16.16000
97.00 , 36.9284248352 , 16.16584
97.03 , 36.8198127746 , 16.17183
97.06 , 36.9284248352 , 16.17750
97.10 , 37.0370368957 , 16.18350
97.14 , 36.9284248352 , 16.18934
97.17 , 36.9284248352 , 16.19533
97.21 , 36.9284248352 , 16.20117
97.24 , 36.9284248352 , 16.20717
97.28 , 37.0370368957 , 16.21300
97.31 , 37.0370368957 , 16.21883
97.35 , 37.0370368957 , 16.22484
97.38 , 37.1456489562 , 16.23067
97.42 , 37.0370368957 , 16.23667
97.45 , 37.1456489562 , 16.24250
97.49 , 37.0370368957 , 16.24833
97.52 , 37.1456489562 , 16.25417
97.56 , 37.1456489562 , 16.26017
97.60 , 37.1456489562 , 16.26600
97.63 , 37.1456489562 , 16.27200
97.67 , 37.1456489562 , 16.27783
97.70 , 37.2542648315 , 16.28367
97.74 , 37.2542648315 , 16.28950
97.77 , 37.1456489562 , 16.29550
97.81 , 37.2542648315 , 16.30150
97.84 , 37.2542648315 , 16.30734
97.88 , 37.3628768920 , 16.31333
97.91 , 37.2542648315 , 16.31900
97.95 , 37.3628768920 , 16.32500
97.98 , 37.3628768920 , 16.33083
98.02 , 37.3628768920 , 16.33683
98.06 , 37.3628768920 , 16.34267
98.09 , 37.3628768920 , 16.34867
98.13 , 37.3628768920 , 16.35433
98.16 , 37.4714889526 , 16.36034
98.20 , 37.3628768920 , 16.36617
98.23 , 37.4714889526 , 16.37217
98.27 , 37.3628768920 , 16.37800
98.30 , 37.4714889526 , 16.38400
98.34 , 37.4714889526 , 16.38967
98.37 , 37.4714889526 , 16.39567
98.41 , 37.4714889526 , 16.40167
98.44 , 37.5801010131 , 16.40750
98.48 , 37.4714889526 , 16.41350
98.51 , 37.5801010131 , 16.41917
98.55 , 37.5801010131 , 16.42517
98.59 , 37.5801010131 , 16.43100
98.62 , 37.5801010131 , 16.43700
98.66 , 37.5801010131 , 16.44283
98.69 , 37.5801010131 , 16.44883
98.73 , 37.5801010131 , 16.45450
98.76 , 37.5801010131 , 16.46050
98.80 , 37.5801010131 , 16.46633
98.83 , 37.5801010131 , 16.47233
98.87 , 37.7973289489 , 16.47817
98.90 , 37.6887130737 , 16.48417
98.94 , 37.6887130737 , 16.49000
98.97 , 37.6887130737 , 16.49584
99.01 , 37.6887130737 , 16.50184
99.05 , 37.6887130737 , 16.50767
99.08 , 37.7973289489 , 16.51367
99.12 , 37.6887130737 , 16.51950
99.15 , 37.6887130737 , 16.52533
99.19 , 37.7973289489 , 16.53117
99.22 , 37.7973289489 , 16.53717
99.26 , 37.7973289489 , 16.54300
99.29 , 37.7973289489 , 16.54900
99.33 , 37.7973289489 , 16.55484
99.36 , 37.9059410095 , 16.56067
99.40 , 37.9059410095 , 16.56650
99.43 , 37.9059410095 , 16.57250
99.47 , 37.9059410095 , 16.57834
99.51 , 37.9059410095 , 16.58433
99.54 , 37.7973289489 , 16.59033
99.58 , 37.9059410095 , 16.59600
99.61 , 37.9059410095 , 16.60200
99.65 , 37.9059410095 , 16.60783
99.68 , 38.0145530700 , 16.61384
99.72 , 38.0145530700 , 16.61967
99.75 , 37.9059410095 , 16.62550
99.79 , 38.0145530700 , 16.63134
99.82 , 38.0145530700 , 16.63733
99.86 , 38.1231651306 , 16.64317
99.89 , 38.0145530700 , 16.64917
99.93 , 38.1231651306 , 16.65500
99.96 , 38.1231651306 , 16.66083
100.00 , 38.1231651306 , 16.66667
100.04 , 38.1231651306 , 16.67284
100.07 , 38.2317810058 , 16.67900
100.11 , 38.2317810058 , 16.68500
100.15 , 38.2317810058 , 16.69117
100.18 , 38.2317810058 , 16.69717
100.22 , 38.2317810058 , 16.70317
100.25 , 38.2317810058 , 16.70917
100.29 , 38.2317810058 , 16.71533
100.33 , 38.3403930664 , 16.72134
100.36 , 38.2317810058 , 16.72750
100.40 , 38.3403930664 , 16.73350
100.44 , 38.3403930664 , 16.73967
100.47 , 38.3403930664 , 16.74567
100.51 , 38.3403930664 , 16.75167
100.55 , 38.3403930664 , 16.75783
100.58 , 38.4490051269 , 16.76383
100.62 , 38.4490051269 , 16.77000
100.66 , 38.3403930664 , 16.77600
100.69 , 38.4490051269 , 16.78200
100.73 , 38.5576171875 , 16.78800
100.76 , 38.4490051269 , 16.79417
100.80 , 38.4490051269 , 16.80017
100.84 , 38.5576171875 , 16.80633
100.87 , 38.4490051269 , 16.81250
100.91 , 38.4490051269 , 16.81850
100.95 , 38.5576171875 , 16.82450
100.98 , 38.5576171875 , 16.83050
101.02 , 38.5576171875 , 16.83667
101.06 , 38.4490051269 , 16.84267
101.09 , 38.5576171875 , 16.84884
101.13 , 38.5576171875 , 16.85483
101.17 , 38.5576171875 , 16.86100
101.20 , 38.5576171875 , 16.86700
101.24 , 38.6662292480 , 16.87300
101.27 , 38.6662292480 , 16.87917
101.31 , 38.6662292480 , 16.88517
101.35 , 38.6662292480 , 16.89134
101.38 , 38.6662292480 , 16.89734
101.42 , 38.6662292480 , 16.90350
101.46 , 38.7748451232 , 16.90933
101.49 , 38.6662292480 , 16.91550
101.53 , 38.6662292480 , 16.92150
101.57 , 38.7748451232 , 16.92767
101.60 , 38.7748451232 , 16.93383
101.64 , 38.7748451232 , 16.93984
101.68 , 38.7748451232 , 16.94600
101.71 , 38.7748451232 , 16.95183
101.75 , 38.7748451232 , 16.95800
101.78 , 38.7748451232 , 16.96400
101.82 , 38.7748451232 , 16.97017
101.86 , 38.7748451232 , 16.97617
101.89 , 38.8834571838 , 16.98233
101.93 , 38.8834571838 , 16.98817
101.97 , 38.8834571838 , 16.99434
102.00 , 38.9920692443 , 17.00050
102.04 , 38.8834571838 , 17.00650
102.08 , 38.9920692443 , 17.01267
102.11 , 38.9920692443 , 17.01867
102.15 , 38.9920692443 , 17.02483
102.18 , 38.8834571838 , 17.03067
102.22 , 38.9920692443 , 17.03684
102.26 , 39.1006813049 , 17.04284
102.29 , 38.9920692443 , 17.04900
102.33 , 38.9920692443 , 17.05500
102.37 , 39.1006813049 , 17.06117
102.40 , 39.1006813049 , 17.06733
102.44 , 39.1006813049 , 17.07317
102.48 , 39.1006813049 , 17.07933
102.51 , 39.1006813049 , 17.08534
102.55 , 39.1006813049 , 17.09150
102.58 , 39.2092971801 , 17.09750
102.62 , 39.1006813049 , 17.10367
102.66 , 39.1006813049 , 17.10967
102.69 , 39.2092971801 , 17.11567
102.73 , 39.2092971801 , 17.12167
102.77 , 39.2092971801 , 17.12784
102.80 , 39.3179092407 , 17.13400
102.84 , 39.2092971801 , 17.14000
102.88 , 39.3179092407 , 17.14617
102.91 , 39.3179092407 , 17.15217
102.95 , 39.3179092407 , 17.15817
102.98 , 39.3179092407 , 17.16417
103.02 , 39.2092971801 , 17.17033
103.06 , 39.3179092407 , 17.17634
103.09 , 39.3179092407 , 17.18250
103.13 , 39.4265213012 , 17.18850
103.17 , 39.4265213012 , 17.19467
103.20 , 39.4265213012 , 17.20067
103.24 , 39.4265213012 , 17.20667
103.28 , 39.4265213012 , 17.21283
103.31 , 39.3179092407 , 17.21883
103.35 , 39.4265213012 , 17.22500
103.39 , 39.4265213012 , 17.23100
103.42 , 39.5351333618 , 17.23700
103.46 , 39.5351333618 , 17.24300
103.50 , 39.5351333618 , 17.24917
103.53 , 39.5351333618 , 17.25533
103.57 , 39.5351333618 , 17.26133
103.61 , 39.5351333618 , 17.26750
103.64 , 39.5351333618 , 17.27350
103.68 , 39.6437454223 , 17.27950
103.71 , 39.5351333618 , 17.28550
103.75 , 39.6437454223 , 17.29167
103.79 , 39.6437454223 , 17.29767
103.82 , 39.6437454223 , 17.30383
103.86 , 39.6437454223 , 17.30983
103.90 , 39.6437454223 , 17.31600
103.93 , 39.6437454223 , 17.32200
103.97 , 39.6437454223 , 17.32800
104.00 , 39.6437454223 , 17.33417
104.04 , 39.6437454223 , 17.34017
104.08 , 39.7523612976 , 17.34634
104.11 , 39.7523612976 , 17.35233
104.15 , 39.7523612976 , 17.35850
104.19 , 39.7523612976 , 17.36433
104.22 , 39.7523612976 , 17.37050
104.26 , 39.7523612976 , 17.37650
104.30 , 39.7523612976 , 17.38267
104.33 , 39.7523612976 , 17.38883
104.37 , 39.8609733581 , 17.39484
104.41 , 39.8609733581 , 17.40100
104.44 , 39.8609733581 , 17.40683
104.48 , 39.8609733581 , 17.41300
104.51 , 39.9695854187 , 17.41900
104.55 , 39.8609733581 , 17.42517
104.59 , 39.9695854187 , 17.43117
104.62 , 39.9695854187 , 17.43733
104.66 , 39.9695854187 , 17.44317
104.70 , 39.9695854187 , 17.44933
104.73 , 39.9695854187 , 17.45550
104.77 , 39.9695854187 , 17.46150
104.81 , 39.9695854187 , 17.46767
104.84 , 40.0781974792 , 17.47367
104.88 , 40.0781974792 , 17.47983
104.91 , 39.9695854187 , 17.48567
104.95 , 39.9695854187 , 17.49183
104.99 , 40.0781974792 , 17.49783
105.02 , 40.0781974792 , 17.50400
105.06 , 40.0781974792 , 17.51000
105.10 , 40.1868133544 , 17.51617
105.13 , 40.1868133544 , 17.52234
105.17 , 40.1868133544 , 17.52817
105.21 , 40.1868133544 , 17.53433
105.24 , 40.1868133544 , 17.54033
105.28 , 40.0781974792 , 17.54650
105.31 , 40.1868133544 , 17.55250
105.35 , 40.1868133544 , 17.55867
105.39 , 40.1868133544 , 17.56467
105.42 , 40.2954254150 , 17.57067
105.46 , 40.2954254150 , 17.57667
105.50 , 40.2954254150 , 17.58283
105.53 , 40.2954254150 , 17.58900
105.57 , 40.2954254150 , 17.59500
105.61 , 40.2954254150 , 17.60117
105.64 , 40.4040374755 , 17.60717
105.68 , 40.2954254150 , 17.61317
105.71 , 40.4040374755 , 17.61917
105.75 , 40.4040374755 , 17.62533
105.79 , 40.4040374755 , 17.63134
105.82 , 40.4040374755 , 17.63750
105.86 , 40.4040374755 , 17.64367
105.90 , 40.5126495361 , 17.64950
105.93 , 40.5126495361 , 17.65567
105.97 , 40.4040374755 , 17.66167
106.01 , 40.4040374755 , 17.66784
106.04 , 40.4040374755 , 17.67383
106.08 , 40.4040374755 , 17.68000
106.12 , 40.5126495361 , 17.68600
106.15 , 40.5126495361 , 17.69200
106.19 , 40.5126495361 , 17.69800
106.22 , 40.5126495361 , 17.70417
106.26 , 40.5126495361 , 17.71034
106.30 , 40.5126495361 , 17.71633
106.33 , 40.5126495361 , 17.72250
106.37 , 40.6212615966 , 17.72850
106.41 , 40.6212615966 , 17.73450
106.44 , 40.6212615966 , 17.74050
106.48 , 40.6212615966 , 17.74667
106.52 , 40.6212615966 , 17.75267
106.55 , 40.6212615966 , 17.75884
106.59 , 40.6212615966 , 17.76483
106.63 , 40.7298774719 , 17.77100
106.66 , 40.7298774719 , 17.77700
106.70 , 40.7298774719 , 17.78300
106.73 , 40.7298774719 , 17.78917
106.77 , 40.7298774719 , 17.79517
106.81 , 40.7298774719 , 17.80134
106.84 , 40.7298774719 , 17.80734
106.88 , 40.8384895324 , 17.81350
106.92 , 40.7298774719 , 17.81933
106.95 , 40.8384895324 , 17.82550
106.99 , 40.8384895324 , 17.83150
107.03 , 40.8384895324 , 17.83767
107.06 , 40.8384895324 , 17.84383
107.10 , 40.9471015930 , 17.84984
107.14 , 40.8384895324 , 17.85600
107.17 , 40.8384895324 , 17.86183
107.21 , 40.9471015930 , 17.86800
107.24 , 40.9471015930 , 17.87400
107.28 , 40.9471015930 , 17.88017
107.32 , 40.9471015930 , 17.88617
107.35 , 40.9471015930 , 17.89233
107.39 , 40.9471015930 , 17.89817
107.43 , 40.9471015930 , 17.90434
107.46 , 40.9471015930 , 17.91050
107.50 , 40.9471015930 , 17.91650
107.54 , 40.9471015930 , 17.92267
107.57 , 41.0557136535 , 17.92867
107.61 , 41.0557136535 , 17.93483
107.64 , 41.0557136535 , 17.94067
107.68 , 41.0557136535 , 17.94684
107.72 , 41.0557136535 , 17.95284
107.75 , 41.0557136535 , 17.95900
107.79 , 41.1643295288 , 17.96500
107.83 , 41.1643295288 , 17.97117
107.86 , 41.1643295288 , 17.97733
107.90 , 41.1643295288 , 17.98317
107.94 , 41.1643295288 , 17.98933
107.97 , 41.1643295288 , 17.99534
108.01 , 41.1643295288 , 18.00150
108.04 , 41.2729454040 , 18.00750
108.08 , 41.2729454040 , 18.01367
108.12 , 41.2729454040 , 18.01967
108.15 , 41.2729454040 , 18.02567
108.19 , 41.2729454040 , 18.03183
108.23 , 41.2729454040 , 18.03783
108.26 , 41.2729454040 , 18.04400
108.30 , 41.2729454040 , 18.05000
108.34 , 41.2729454040 , 18.05617
108.37 , 41.2729454040 , 18.06200
108.41 , 41.3815574645 , 18.06817
108.44 , 41.3815574645 , 18.07417
108.48 , 41.3815574645 , 18.08033
108.52 , 41.3815574645 , 18.08633
108.55 , 41.3815574645 , 18.09250
108.59 , 41.3815574645 , 18.09867
108.63 , 41.3815574645 , 18.10450
108.66 , 41.3815574645 , 18.11067
108.70 , 41.4901733398 , 18.11667
108.74 , 41.4901733398 , 18.12283
108.77 , 41.3815574645 , 18.12883
108.81 , 41.4901733398 , 18.13500
108.85 , 41.4901733398 , 18.14100
108.88 , 41.4901733398 , 18.14700
108.92 , 41.4901733398 , 18.15300
108.95 , 41.5987854003 , 18.15917
108.99 , 41.4901733398 , 18.16533
109.03 , 41.5987854003 , 18.17133
109.06 , 41.5987854003 , 18.17750
109.10 , 41.5987854003 , 18.18350
109.14 , 41.5987854003 , 18.18950
109.17 , 41.5987854003 , 18.19550
109.21 , 41.5987854003 , 18.20167
109.25 , 41.7073974609 , 18.20767
109.28 , 41.7073974609 , 18.21383
109.32 , 41.7073974609 , 18.21983
109.36 , 41.7073974609 , 18.22600
109.39 , 41.8160095214 , 18.23200
109.43 , 41.7073974609 , 18.23800
109.46 , 41.7073974609 , 18.24417
109.50 , 41.8160095214 , 18.25017
109.54 , 41.8160095214 , 18.25634
109.57 , 41.8160095214 , 18.26233
109.61 , 41.8160095214 , 18.26850
109.65 , 41.8160095214 , 18.27433
109.68 , 41.8160095214 , 18.28050
109.72 , 41.8160095214 , 18.28650
109.76 , 41.8160095214 , 18.29267
109.79 , 41.9246215820 , 18.29883
109.83 , 41.9246215820 , 18.30484
109.86 , 41.8160095214 , 18.31083
109.90 , 41.9246215820 , 18.31683
109.94 , 41.9246215820 , 18.32300
109.97 , 41.9246215820 , 18.32900
110.01 , 41.9246215820 , 18.33517
110.05 , 41.9246215820 , 18.34117
110.08 , 42.0332374572 , 18.34733
110.12 , 41.9246215820 , 18.35317
110.16 , 42.0332374572 , 18.35933
110.19 , 42.0332374572 , 18.36550
110.23 , 42.1418495178 , 18.37150
110.27 , 42.1418495178 , 18.37767
110.30 , 42.0332374572 , 18.38367
110.34 , 42.0332374572 , 18.38983
110.37 , 42.1418495178 , 18.39567
110.41 , 42.0332374572 , 18.40184
110.45 , 42.1418495178 , 18.40783
110.48 , 42.1418495178 , 18.41400
110.52 , 42.1418495178 , 18.42017
110.56 , 42.1418495178 , 18.42617
110.59 , 42.1418495178 , 18.43234
110.63 , 42.1418495178 , 18.43817
110.67 , 42.1418495178 , 18.44433
110.70 , 42.2504615783 , 18.45034
110.74 , 42.1418495178 , 18.45650
110.77 , 42.2504615783 , 18.46250
110.81 , 42.1418495178 , 18.46867
110.85 , 42.2504615783 , 18.47467
110.88 , 42.2504615783 , 18.48067
110.92 , 42.2504615783 , 18.48683
110.96 , 42.2504615783 , 18.49283
110.99 , 42.2504615783 , 18.49900
111.03 , 42.3590736389 , 18.50500
111.07 , 42.2504615783 , 18.51117
111.10 , 42.2504615783 , 18.51700
111.14 , 42.2504615783 , 18.52317
111.18 , 42.2504615783 , 18.52917
111.21 , 42.3590736389 , 18.53533
111.25 , 42.3590736389 , 18.54133
111.29 , 42.3590736389 , 18.54750
111.32 , 42.3590736389 , 18.55367
111.36 , 42.3590736389 , 18.55950
111.39 , 42.3590736389 , 18.56567
111.43 , 42.3590736389 , 18.57167
111.47 , 42.5763015747 , 18.57784
111.50 , 42.4676895141 , 18.58383
111.54 , 42.4676895141 , 18.59000
111.58 , 42.4676895141 , 18.59600
111.61 , 42.4676895141 , 18.60200
111.65 , 42.5763015747 , 18.60800
111.68 , 42.4676895141 , 18.61417
111.72 , 42.4676895141 , 18.62034
111.76 , 42.4676895141 , 18.62634
111.79 , 42.5763015747 , 18.63250
111.83 , 42.5763015747 , 18.63850
111.87 , 42.5763015747 , 18.64450
111.90 , 42.5763015747 , 18.65050
111.94 , 42.6849136352 , 18.65667
111.98 , 42.6849136352 , 18.66267
112.01 , 42.6849136352 , 18.66884
112.05 , 42.6849136352 , 18.67484
112.09 , 42.6849136352 , 18.68100
112.12 , 42.6849136352 , 18.68700
112.16 , 42.6849136352 , 18.69300
112.19 , 42.7935256958 , 18.69917
112.23 , 42.7935256958 , 18.70517
112.27 , 42.7935256958 , 18.71133
112.30 , 42.7935256958 , 18.71734
112.34 , 42.7935256958 , 18.72333
112.38 , 42.7935256958 , 18.72933
112.41 , 42.7935256958 , 18.73550
112.45 , 42.7935256958 , 18.74150
112.49 , 42.7935256958 , 18.74767
112.52 , 42.7935256958 , 18.75383
112.56 , 42.9021377563 , 18.75984
112.59 , 42.9021377563 , 18.76584
112.63 , 42.9021377563 , 18.77183
112.67 , 42.7935256958 , 18.77800
112.70 , 42.9021377563 , 18.78400
112.74 , 42.9021377563 , 18.79017
112.78 , 42.9021377563 , 18.79617
112.81 , 42.9021377563 , 18.80233
112.85 , 43.0107536315 , 18.80834
112.89 , 43.0107536315 , 18.81434
112.92 , 43.0107536315 , 18.82050
112.96 , 42.9021377563 , 18.82650
113.00 , 43.0107536315 , 18.83267
113.03 , 43.0107536315 , 18.83867
113.07 , 43.1193656921 , 18.84483
113.10 , 43.0107536315 , 18.85067
113.14 , 43.0107536315 , 18.85684
113.18 , 43.1193656921 , 18.86284
113.21 , 43.1193656921 , 18.86900
113.25 , 43.0107536315 , 18.87517
113.29 , 43.1193656921 , 18.88117
113.32 , 43.1193656921 , 18.88733
113.36 , 43.1193656921 , 18.89317
113.40 , 43.2279777526 , 18.89933
113.43 , 43.1193656921 , 18.90534
113.47 , 43.1193656921 , 18.91150
113.50 , 43.1193656921 , 18.91750
113.54 , 43.1193656921 , 18.92367
113.58 , 43.2279777526 , 18.92950
113.61 , 43.2279777526 , 18.93567
113.65 , 43.2279777526 , 18.94183
113.69 , 43.2279777526 , 18.94783
113.72 , 43.2279777526 , 18.95400
113.76 , 43.2279777526 , 18.96000
113.80 , 43.3365898132 , 18.96617
113.83 , 43.2279777526 , 18.97200
113.87 , 43.2279777526 , 18.97817
113.90 , 43.2279777526 , 18.98417
113.94 , 43.3365898132 , 18.99033
113.98 , 43.3365898132 , 18.99633
114.01 , 43.4452056884 , 19.00250
114.05 , 43.3365898132 , 19.00867
114.09 , 43.4452056884 , 19.01450
114.12 , 43.4452056884 , 19.02067
114.16 , 43.3365898132 , 19.02667
114.20 , 43.3365898132 , 19.03283
114.23 , 43.4452056884 , 19.03883
114.27 , 43.4452056884 , 19.04500
114.31 , 43.4452056884 , 19.05100
114.34 , 43.4452056884 , 19.05700
114.38 , 43.5538177490 , 19.06300
114.41 , 43.5538177490 , 19.06917
114.45 , 43.5538177490 , 19.07534
114.49 , 43.4452056884 , 19.08133
114.52 , 43.5538177490 , 19.08750
114.56 , 43.6624298095 , 19.09350
114.60 , 43.5538177490 , 19.09950
114.63 , 43.7710418701 , 19.10550
114.67 , 43.5538177490 , 19.11167
114.71 , 43.6624298095 , 19.11767
114.74 , 43.6624298095 , 19.12383
114.78 , 43.6624298095 , 19.12983
114.82 , 43.6624298095 , 19.13600
114.85 , 43.7710418701 , 19.14200
114.89 , 43.6624298095 , 19.14800
114.93 , 43.6624298095 , 19.15417
114.96 , 43.6624298095 , 19.16017
115.00 , 43.7710418701 , 19.16633
115.03 , 43.7710418701 , 19.17233
115.07 , 43.7710418701 , 19.17833
115.11 , 43.7710418701 , 19.18433
115.14 , 43.7710418701 , 19.19050
115.18 , 43.7710418701 , 19.19667
115.22 , 43.7710418701 , 19.20267
115.25 , 43.7710418701 , 19.20883
115.29 , 43.8796539306 , 19.21483
115.32 , 43.8796539306 , 19.22083
115.36 , 43.8796539306 , 19.22683
115.40 , 43.8796539306 , 19.23300
115.43 , 43.8796539306 , 19.23900
115.47 , 43.8796539306 , 19.24517
115.51 , 43.8796539306 , 19.25117
115.54 , 43.8796539306 , 19.25733
115.58 , 43.8796539306 , 19.26333
115.62 , 43.9882698059 , 19.26933
115.65 , 43.8796539306 , 19.27550
115.69 , 43.9882698059 , 19.28150
115.73 , 43.9882698059 , 19.28767
115.76 , 43.9882698059 , 19.29367
115.80 , 43.9882698059 , 19.29984
115.83 , 43.8796539306 , 19.30567
115.87 , 43.9882698059 , 19.31184
115.91 , 43.9882698059 , 19.31783
115.94 , 43.9882698059 , 19.32400
115.98 , 43.9882698059 , 19.33017
116.02 , 43.9882698059 , 19.33617
116.05 , 44.0968818664 , 19.34234
116.09 , 43.9882698059 , 19.34817
116.13 , 44.0968818664 , 19.35433
116.16 , 44.0968818664 , 19.36034
116.20 , 44.0968818664 , 19.36650
116.23 , 44.2054939270 , 19.37250
116.27 , 44.0968818664 , 19.37867
116.31 , 44.2054939270 , 19.38450
116.34 , 44.2054939270 , 19.39067
116.38 , 44.2054939270 , 19.39683
116.42 , 44.2054939270 , 19.40283
116.45 , 44.3141059875 , 19.40900
116.49 , 44.3141059875 , 19.41500
116.53 , 44.2054939270 , 19.42117
116.56 , 44.2054939270 , 19.42700
116.60 , 44.3141059875 , 19.43317
116.63 , 44.2054939270 , 19.43917
116.67 , 44.3141059875 , 19.44533
116.71 , 44.3141059875 , 19.45133
116.75 , 44.3141059875 , 19.45750
116.78 , 44.3141059875 , 19.46367
116.82 , 44.3141059875 , 19.46950
116.85 , 44.3141059875 , 19.47567
116.89 , 44.4227218627 , 19.48167
116.93 , 44.4227218627 , 19.48784
116.96 , 44.4227218627 , 19.49383
117.00 , 44.4227218627 , 19.50000
117.04 , 44.5313339233 , 19.50600
117.07 , 44.4227218627 , 19.51200
117.11 , 44.4227218627 , 19.51800
117.14 , 44.5313339233 , 19.52417
117.18 , 44.4227218627 , 19.53034
117.22 , 44.5313339233 , 19.53634
117.25 , 44.5313339233 , 19.54250
117.29 , 44.5313339233 , 19.54850
117.33 , 44.5313339233 , 19.55450
117.36 , 44.5313339233 , 19.56050
117.40 , 44.5313339233 , 19.56667
117.44 , 44.6399459838 , 19.57267
117.47 , 44.5313339233 , 19.57884
117.51 , 44.6399459838 , 19.58500
117.54 , 44.7485580444 , 19.59083
117.58 , 44.6399459838 , 19.59700
117.62 , 44.7485580444 , 19.60300
117.65 , 44.7485580444 , 19.60917
117.69 , 44.6399459838 , 19.61517
117.73 , 44.7485580444 , 19.62133
117.76 , 44.7485580444 , 19.62734
117.80 , 44.6399459838 , 19.63334
117.84 , 44.7485580444 , 19.63933
117.87 , 44.6399459838 , 19.64550
117.91 , 44.7485580444 , 19.65167
117.95 , 44.7485580444 , 19.65767
117.98 , 44.7485580444 , 19.66383
118.02 , 44.7485580444 , 19.66983
118.05 , 44.6399459838 , 19.67584
118.09 , 44.7485580444 , 19.68184
118.13 , 44.7485580444 , 19.68800
118.16 , 44.8571701049 , 19.69400
118.20 , 44.8571701049 , 19.70017
118.24 , 44.8571701049 , 19.70617
118.27 , 44.8571701049 , 19.71233
118.31 , 44.8571701049 , 19.71833
118.35 , 44.8571701049 , 19.72434
118.38 , 44.9657859802 , 19.73050
118.42 , 44.8571701049 , 19.73650
118.46 , 44.9657859802 , 19.74267
118.49 , 44.9657859802 , 19.74867
118.53 , 44.9657859802 , 19.75483
118.56 , 44.9657859802 , 19.76067
118.60 , 44.9657859802 , 19.76683
118.64 , 44.9657859802 , 19.77284
118.67 , 44.9657859802 , 19.77900
118.71 , 45.0743980407 , 19.78517
118.75 , 45.0743980407 , 19.79117
118.78 , 45.0743980407 , 19.79733
118.82 , 45.0743980407 , 19.80317
118.86 , 45.0743980407 , 19.80933
118.89 , 45.0743980407 , 19.81534
118.93 , 45.1830101013 , 19.82150
118.96 , 45.1830101013 , 19.82750
119.00 , 45.1830101013 , 19.83367
119.04 , 45.1830101013 , 19.83950
119.07 , 45.1830101013 , 19.84567
119.11 , 45.1830101013 , 19.85183
119.15 , 45.1830101013 , 19.85783
119.18 , 45.2916221618 , 19.86400
119.22 , 45.2916221618 , 19.87000
119.26 , 45.1830101013 , 19.87617
119.29 , 45.2916221618 , 19.88200
119.33 , 45.2916221618 , 19.88817
119.36 , 45.2916221618 , 19.89417
119.40 , 45.2916221618 , 19.90033
119.44 , 45.4002380371 , 19.90633
119.47 , 45.2916221618 , 19.91250
119.51 , 45.2916221618 , 19.91867
119.55 , 45.4002380371 , 19.92450
119.58 , 45.4002380371 , 19.93067
119.62 , 45.4002380371 , 19.93667
119.66 , 45.4002380371 , 19.94283
119.69 , 45.5088500976 , 19.94883
119.73 , 45.4002380371 , 19.95500
119.77 , 45.4002380371 , 19.96100
119.80 , 45.5088500976 , 19.96700
119.84 , 45.5088500976 , 19.97317
119.87 , 45.5088500976 , 19.97917
119.91 , 45.5088500976 , 19.98534
119.95 , 45.5088500976 , 19.99133
119.98 , 45.5088500976 , 19.99750
120.02 , 45.5088500976 , 20.00333
120.06 , 45.6174621582 , 20.00950
120.09 , 45.6174621582 , 20.01550
120.13 , 45.6174621582 , 20.02167
120.17 , 45.6174621582 , 20.02767
120.20 , 45.6174621582 , 20.03384
120.24 , 45.6174621582 , 20.04000
120.27 , 45.6174621582 , 20.04583
120.31 , 45.6174621582 , 20.05200
120.35 , 45.6174621582 , 20.05800
120.38 , 45.6174621582 , 20.06417
120.42 , 45.6174621582 , 20.07017
120.46 , 45.6174621582 , 20.07633
120.49 , 45.7260742187 , 20.08234
120.53 , 45.7260742187 , 20.08833
120.57 , 45.7260742187 , 20.09433
120.60 , 45.7260742187 , 20.10050
120.64 , 45.8346862792 , 20.10667
120.68 , 45.8346862792 , 20.11267
120.71 , 45.7260742187 , 20.11883
120.75 , 45.8346862792 , 20.12483
120.79 , 45.8346862792 , 20.13084
120.82 , 45.8346862792 , 20.13683
120.86 , 45.8346862792 , 20.14300
120.89 , 45.8346862792 , 20.14900
120.93 , 45.9433021545 , 20.15517
120.97 , 45.8346862792 , 20.16117
121.00 , 45.8346862792 , 20.16733
121.04 , 45.9433021545 , 20.17333
121.08 , 45.8346862792 , 20.17933
121.11 , 45.9433021545 , 20.18550
121.15 , 45.8346862792 , 20.19150
121.19 , 45.9433021545 , 20.19767
121.22 , 45.9433021545 , 20.20367
121.26 , 45.9433021545 , 20.20984
121.29 , 46.0519142150 , 20.21567
121.33 , 46.0519142150 , 20.22183
121.37 , 46.0519142150 , 20.22783
121.40 , 46.0519142150 , 20.23400
121.44 , 46.0519142150 , 20.24017
121.48 , 46.0519142150 , 20.24617
121.51 , 46.0519142150 , 20.25217
121.55 , 46.0519142150 , 20.25817
121.59 , 46.1605262756 , 20.26433
121.62 , 46.0519142150 , 20.27033
121.66 , 46.1605262756 , 20.27650
121.69 , 46.1605262756 , 20.28250
121.73 , 46.1605262756 , 20.28867
121.77 , 46.1605262756 , 20.29450
121.80 , 46.2691383361 , 20.30067
121.84 , 46.2691383361 , 20.30684
121.88 , 46.3777542114 , 20.31283
121.91 , 46.2691383361 , 20.31900
121.95 , 46.3777542114 , 20.32500
121.99 , 46.2691383361 , 20.33117
122.02 , 46.3777542114 , 20.33700
122.06 , 46.3777542114 , 20.34317
122.09 , 46.3777542114 , 20.34917
122.13 , 46.3777542114 , 20.35534
122.17 , 46.3777542114 , 20.36150
122.20 , 46.3777542114 , 20.36750
122.24 , 46.3777542114 , 20.37367
122.28 , 46.3777542114 , 20.37950
122.31 , 46.4863662719 , 20.38567
122.35 , 46.4863662719 , 20.39167
122.39 , 46.4863662719 , 20.39784
122.42 , 46.4863662719 , 20.40383
122.46 , 46.4863662719 , 20.41000
122.50 , 46.5949783325 , 20.41600
122.53 , 46.4863662719 , 20.42200
122.57 , 46.5949783325 , 20.42817
122.61 , 46.4863662719 , 20.43417
122.64 , 46.5949783325 , 20.44034
122.68 , 46.5949783325 , 20.44634
122.71 , 46.5949783325 , 20.45250
122.75 , 46.5949783325 , 20.45833
122.79 , 46.5949783325 , 20.46450
122.82 , 46.7035903930 , 20.47050
122.86 , 46.5949783325 , 20.47667
122.90 , 46.7035903930 , 20.48267
122.93 , 46.7035903930 , 20.48884
122.97 , 46.7035903930 , 20.49500
123.00 , 46.7035903930 , 20.50083
123.04 , 46.7035903930 , 20.50700
123.08 , 46.8122100830 , 20.51300
123.11 , 46.7035903930 , 20.51917
123.15 , 46.8122100830 , 20.52517
123.19 , 46.8122100830 , 20.53133
123.22 , 46.8122100830 , 20.53734
123.26 , 46.8122100830 , 20.54334
123.30 , 46.8122100830 , 20.54933
123.33 , 46.8122100830 , 20.55550
123.37 , 46.9208221435 , 20.56167
123.41 , 46.8122100830 , 20.56767
123.44 , 46.8122100830 , 20.57383
123.48 , 46.8122100830 , 20.57983
123.51 , 46.8122100830 , 20.58584
123.55 , 46.9208221435 , 20.59184
123.59 , 46.9208221435 , 20.59800
123.62 , 46.9208221435 , 20.60400
123.66 , 47.0294342041 , 20.61017
123.70 , 46.9208221435 , 20.61617
123.73 , 47.0294342041 , 20.62233
123.77 , 46.9208221435 , 20.62833
123.81 , 47.0294342041 , 20.63434
123.84 , 47.0294342041 , 20.64050
123.88 , 47.0294342041 , 20.64650
123.92 , 47.0294342041 , 20.65267
123.95 , 47.1380462646 , 20.65867
123.99 , 47.1380462646 , 20.66467
124.02 , 47.0294342041 , 20.67067
124.06 , 47.1380462646 , 20.67683
124.10 , 47.1380462646 , 20.68284
124.13 , 47.1380462646 , 20.68900
124.17 , 47.1380462646 , 20.69517
124.21 , 47.1380462646 , 20.70117
124.24 , 47.2466621398 , 20.70717
124.28 , 47.2466621398 , 20.71317
124.32 , 47.2466621398 , 20.71933
124.35 , 47.2466621398 , 20.72533
124.39 , 47.2466621398 , 20.73150
124.43 , 47.3552742004 , 20.73750
124.46 , 47.2466621398 , 20.74367
124.50 , 47.2466621398 , 20.74967
124.53 , 47.2466621398 , 20.75567
124.57 , 47.2466621398 , 20.76183
124.61 , 47.3552742004 , 20.76783
124.64 , 47.3552742004 , 20.77400
124.68 , 47.3552742004 , 20.78000
124.72 , 47.2466621398 , 20.78617
124.75 , 47.4638862609 , 20.79200
124.79 , 47.3552742004 , 20.79817
124.82 , 47.3552742004 , 20.80417
124.86 , 47.4638862609 , 20.81033
124.90 , 47.4638862609 , 20.81650
124.93 , 47.4638862609 , 20.82250
124.97 , 47.4638862609 , 20.82867
125.01 , 47.4638862609 , 20.83450
125.04 , 47.4638862609 , 20.84067
125.08 , 47.4638862609 , 20.84667
125.12 , 47.4638862609 , 20.85283
125.15 , 47.5724983215 , 20.85883
125.19 , 47.4638862609 , 20.86500
125.22 , 47.4638862609 , 20.87084
125.26 , 47.5724983215 , 20.87700
125.30 , 47.4638862609 , 20.88317
125.33 , 47.6811141967 , 20.88917
125.37 , 47.5724983215 , 20.89533
125.41 , 47.5724983215 , 20.90133
125.44 , 47.5724983215 , 20.90750
125.48 , 47.5724983215 , 20.91333
125.52 , 47.5724983215 , 20.91950
125.55 , 47.6811141967 , 20.92550
125.59 , 47.6811141967 , 20.93167
125.63 , 47.6811141967 , 20.93767
125.66 , 47.6811141967 , 20.94384
125.70 , 47.5724983215 , 20.95000
125.73 , 47.6811141967 , 20.95583
125.77 , 47.6811141967 , 20.96200
125.81 , 47.7897262573 , 20.96800
125.84 , 47.6811141967 , 20.97417
125.88 , 47.7897262573 , 20.98017
125.92 , 47.7897262573 , 20.98633
125.95 , 47.7897262573 , 20.99234
125.99 , 47.7897262573 , 20.99833
126.03 , 47.7897262573 , 21.00433
126.06 , 47.8983383178 , 21.01050
126.10 , 47.8983383178 , 21.01667
126.14 , 47.8983383178 , 21.02267
126.17 , 47.7897262573 , 21.02883
126.21 , 47.8983383178 , 21.03483
126.25 , 47.8983383178 , 21.04084
126.28 , 47.8983383178 , 21.04683
126.32 , 47.7897262573 , 21.05300
126.35 , 47.8983383178 , 21.05900
126.39 , 47.8983383178 , 21.06517
126.43 , 47.8983383178 , 21.07117
126.46 , 48.0069503784 , 21.07733
126.50 , 48.0069503784 , 21.08333
126.54 , 48.0069503784 , 21.08934
126.57 , 48.0069503784 , 21.09550
126.61 , 48.1155624389 , 21.10150
126.65 , 48.1155624389 , 21.10767
126.68 , 48.0069503784 , 21.11367
126.72 , 48.0069503784 , 21.11967
126.75 , 48.1155624389 , 21.12567
126.79 , 48.1155624389 , 21.13183
126.83 , 48.1155624389 , 21.13800
126.86 , 48.1155624389 , 21.14400
126.90 , 48.1155624389 , 21.15017
126.94 , 48.1155624389 , 21.15617
126.97 , 48.1155624389 , 21.16217
127.01 , 48.2241783142 , 21.16817
127.05 , 48.2241783142 , 21.17433
127.08 , 48.2241783142 , 21.18033
127.12 , 48.2241783142 , 21.18650
127.15 , 48.3327903747 , 21.19250
127.19 , 48.2241783142 , 21.19867
127.23 , 48.3327903747 , 21.20467
127.26 , 48.3327903747 , 21.21067
127.30 , 48.3327903747 , 21.21684
127.34 , 48.3327903747 , 21.22283
127.37 , 48.2241783142 , 21.22900
127.41 , 48.2241783142 , 21.23500
127.45 , 48.3327903747 , 21.24117
127.48 , 48.3327903747 , 21.24700
127.52 , 48.3327903747 , 21.25317
127.55 , 48.3327903747 , 21.25917
127.59 , 48.3327903747 , 21.26534
127.63 , 48.4414024353 , 21.27150
127.66 , 48.4414024353 , 21.27750
127.70 , 48.4414024353 , 21.28367
127.74 , 48.4414024353 , 21.28950
127.77 , 48.4414024353 , 21.29567
127.81 , 48.4414024353 , 21.30167
127.85 , 48.4414024353 , 21.30784
127.88 , 48.4414024353 , 21.31384
127.92 , 48.5500144958 , 21.32000
127.95 , 48.5500144958 , 21.32583
127.99 , 48.5500144958 , 21.33200
128.03 , 48.5500144958 , 21.33817
128.07 , 48.5500144958 , 21.34417
128.10 , 48.5500144958 , 21.35033
128.14 , 48.5500144958 , 21.35634
128.18 , 48.5500144958 , 21.36250
128.21 , 48.5500144958 , 21.36834
128.25 , 48.6586303710 , 21.37450
128.28 , 48.5500144958 , 21.38050
128.32 , 48.6586303710 , 21.38667
128.36 , 48.6586303710 , 21.39267
128.39 , 48.6586303710 , 21.39883
128.43 , 48.6586303710 , 21.40500
128.47 , 48.6586303710 , 21.41083
128.50 , 48.7672424316 , 21.41700
128.54 , 48.7672424316 , 21.42300
128.58 , 48.7672424316 , 21.42917
128.61 , 48.7672424316 , 21.43517
128.65 , 48.7672424316 , 21.44133
128.68 , 48.7672424316 , 21.44734
128.72 , 48.7672424316 , 21.45334
128.76 , 48.8758544921 , 21.45933
128.79 , 48.8758544921 , 21.46550
128.83 , 48.8758544921 , 21.47167
128.87 , 48.8758544921 , 21.47767
128.90 , 48.8758544921 , 21.48383
128.94 , 48.8758544921 , 21.48983
128.98 , 48.8758544921 , 21.49584
129.01 , 48.8758544921 , 21.50184
129.05 , 48.8758544921 , 21.50800
129.08 , 48.9844665527 , 21.51400
129.12 , 48.8758544921 , 21.52017
129.16 , 48.8758544921 , 21.52634
129.19 , 48.9844665527 , 21.53217
129.23 , 48.9844665527 , 21.53833
129.27 , 48.9844665527 , 21.54434
129.30 , 48.9844665527 , 21.55050
129.34 , 48.9844665527 , 21.55650
129.38 , 48.9844665527 , 21.56267
129.41 , 49.0930786132 , 21.56867
129.45 , 49.0930786132 , 21.57467
129.48 , 49.0930786132 , 21.58067
129.52 , 49.0930786132 , 21.58683
129.56 , 49.0930786132 , 21.59300
129.59 , 49.0930786132 , 21.59900
129.63 , 49.0930786132 , 21.60517
129.67 , 49.0930786132 , 21.61117
129.70 , 49.2016944885 , 21.61717
129.74 , 49.0930786132 , 21.62317
129.78 , 49.2016944885 , 21.62933
129.81 , 49.2016944885 , 21.63533
129.85 , 49.0930786132 , 21.64150
129.88 , 49.2016944885 , 21.64750
129.92 , 49.2016944885 , 21.65367
129.96 , 49.2016944885 , 21.65967
129.99 , 49.3103065490 , 21.66567
130.03 , 49.3103065490 , 21.67184
130.07 , 49.3103065490 , 21.67783
130.10 , 49.4189186096 , 21.68400
130.14 , 49.3103065490 , 21.69000
130.18 , 49.3103065490 , 21.69617
130.21 , 49.3103065490 , 21.70200
130.25 , 49.3103065490 , 21.70817
130.29 , 49.3103065490 , 21.71417
130.32 , 49.4189186096 , 21.72034
130.36 , 49.3103065490 , 21.72650
130.40 , 49.4189186096 , 21.73250
130.43 , 49.4189186096 , 21.73867
130.47 , 49.4189186096 , 21.74450
130.50 , 49.4189186096 , 21.75067
130.54 , 49.4189186096 , 21.75667
130.58 , 49.5275306701 , 21.76283
130.61 , 49.4189186096 , 21.76884
130.65 , 49.4189186096 , 21.77500
130.69 , 49.5275306701 , 21.78083
130.72 , 49.5275306701 , 21.78700
130.76 , 49.5275306701 , 21.79317
130.80 , 49.5275306701 , 21.79917
130.83 , 49.5275306701 , 21.80533
130.87 , 49.5275306701 , 21.81133
130.91 , 49.5275306701 , 21.81750
130.94 , 49.6361465454 , 21.82333
130.98 , 49.6361465454 , 21.82950
131.01 , 49.6361465454 , 21.83550
131.05 , 49.5275306701 , 21.84167
131.09 , 49.6361465454 , 21.84767
131.12 , 49.6361465454 , 21.85383
131.16 , 49.7447586059 , 21.86000
131.20 , 49.6361465454 , 21.86584
131.23 , 49.6361465454 , 21.87200
131.27 , 49.7447586059 , 21.87800
131.30 , 49.6361465454 , 21.88417
131.34 , 49.7447586059 , 21.89017
131.38 , 49.7447586059 , 21.89634
131.41 , 49.7447586059 , 21.90233
131.45 , 49.7447586059 , 21.90833
131.49 , 49.7447586059 , 21.91450
131.52 , 49.7447586059 , 21.92050
131.56 , 49.8533706665 , 21.92667
131.60 , 49.8533706665 , 21.93267
131.63 , 49.8533706665 , 21.93883
131.67 , 49.8533706665 , 21.94467
131.71 , 49.9619827270 , 21.95083
131.74 , 49.9619827270 , 21.95683
131.78 , 49.8533706665 , 21.96300
131.81 , 49.8533706665 , 21.96900
131.85 , 49.8533706665 , 21.97517
131.89 , 49.8533706665 , 21.98134
131.92 , 49.9619827270 , 21.98717
131.96 , 49.9619827270 , 21.99334
132.00 , 49.9619827270 , 21.99934
132.03 , 49.9619827270 , 22.00550
132.07 , 49.9619827270 , 22.01150
132.11 , 50.0705947875 , 22.01767
132.14 , 50.0705947875 , 22.02367
132.18 , 50.0705947875 , 22.02967
132.21 , 49.9619827270 , 22.03567
132.25 , 50.0705947875 , 22.04184
132.29 , 50.0705947875 , 22.04800
132.32 , 50.0705947875 , 22.05400
132.36 , 50.0705947875 , 22.06017
132.40 , 50.0705947875 , 22.06617
132.43 , 50.0705947875 , 22.07217
132.47 , 50.1792106628 , 22.07817
132.51 , 50.0705947875 , 22.08433
132.54 , 50.0705947875 , 22.09034
132.58 , 50.1792106628 , 22.09650
132.62 , 50.0705947875 , 22.10250
132.65 , 50.1792106628 , 22.10867
132.69 , 50.1792106628 , 22.11467
132.72 , 50.1792106628 , 22.12067
132.76 , 50.1792106628 , 22.12684
132.80 , 50.1792106628 , 22.13283
132.83 , 50.1792106628 , 22.13900
132.87 , 50.2878227233 , 22.14500
132.91 , 50.2878227233 , 22.15117
132.94 , 50.2878227233 , 22.15700
132.98 , 50.2878227233 , 22.16317
133.02 , 50.2878227233 , 22.16917
133.05 , 50.2878227233 , 22.17534
133.09 , 50.2878227233 , 22.18150
133.13 , 50.2878227233 , 22.18750
133.16 , 50.2878227233 , 22.19350
133.20 , 50.2878227233 , 22.19950
133.23 , 50.3964347839 , 22.20567
133.27 , 50.3964347839 , 22.21167
133.31 , 50.3964347839 , 22.21784
133.34 , 50.3964347839 , 22.22384
133.38 , 50.3964347839 , 22.23000
133.41 , 50.3964347839 , 22.23583
133.45 , 50.5050468444 , 22.24200
133.49 , 50.5050468444 , 22.24817
133.52 , 50.3964347839 , 22.25417
133.56 , 50.3964347839 , 22.26033
133.60 , 50.5050468444 , 22.26634
133.63 , 50.5050468444 , 22.27250
133.67 , 50.5050468444 , 22.27833
133.71 , 50.5050468444 , 22.28450
133.74 , 50.5050468444 , 22.29050
133.78 , 50.6136627197 , 22.29667
133.82 , 50.6136627197 , 22.30283
133.85 , 50.6136627197 , 22.30883
133.89 , 50.6136627197 , 22.31500
133.93 , 50.6136627197 , 22.32084
133.96 , 50.7222747802 , 22.32700
134.00 , 50.7222747802 , 22.33300
134.04 , 50.7222747802 , 22.33917
134.07 , 50.7222747802 , 22.34517
134.11 , 50.7222747802 , 22.35133
134.14 , 50.7222747802 , 22.35733
134.18 , 50.6136627197 , 22.36333
134.22 , 50.8308868408 , 22.36950
134.25 , 50.7222747802 , 22.37550
134.29 , 50.7222747802 , 22.38167
134.33 , 50.7222747802 , 22.38767
134.36 , 50.7222747802 , 22.39384
134.40 , 50.8308868408 , 22.39967
134.44 , 50.8308868408 , 22.40583
134.47 , 50.8308868408 , 22.41183
134.51 , 50.8308868408 , 22.41800
134.54 , 50.8308868408 , 22.42400
134.58 , 50.8308868408 , 22.43017
134.62 , 50.8308868408 , 22.43633
134.65 , 50.8308868408 , 22.44217
134.69 , 50.8308868408 , 22.44833
134.73 , 50.9394989013 , 22.45433
134.76 , 50.9394989013 , 22.46050
134.80 , 50.9394989013 , 22.46650
134.84 , 50.9394989013 , 22.47267
134.87 , 50.9394989013 , 22.47867
134.91 , 50.9394989013 , 22.48467
134.94 , 51.0481109619 , 22.49067
134.98 , 51.0481109619 , 22.49683
135.02 , 50.9394989013 , 22.50300
135.05 , 51.0481109619 , 22.50900