3.35 , 0.0000000000 , 0.55883
3.39 , 0.1086129074 , 0.56433
3.42 , 0.1086129074 , 0.56967
3.45 , 0.1086129074 , 0.57500
3.48 , 0.1086129074 , 0.58033
3.52 , 0.1086129074 , 0.58583
3.55 , 0.1086129074 , 0.59117
3.58 , 0.1086129074 , 0.59650
3.61 , 0.1086129074 , 0.60183
3.64 , 0.1086129074 , 0.60733
3.68 , 0.1086129074 , 0.61267
3.71 , 0.1086129074 , 0.61800
3.74 , 0.1086129074 , 0.62333
3.77 , 0.2172258138 , 0.62883
3.81 , 0.1086129074 , 0.63417
3.84 , 0.1086129074 , 0.63950
3.87 , 0.2172258138 , 0.64483
3.90 , 0.2172258138 , 0.65033
3.93 , 0.2172258138 , 0.65567
3.97 , 0.1086129074 , 0.66100
4.00 , 0.2172258138 , 0.66633
4.03 , 0.2172258138 , 0.67183
4.06 , 0.1086129074 , 0.67717
4.10 , 0.3258387088 , 0.68267
4.13 , 0.2172258138 , 0.68783
4.16 , 0.2172258138 , 0.69333
4.19 , 0.2172258138 , 0.69867
4.22 , 0.3258387088 , 0.70400
4.26 , 0.3258387088 , 0.70933
4.29 , 0.2172258138 , 0.71467
4.32 , 0.2172258138 , 0.72017
4.35 , 0.4344516277 , 0.72550
4.39 , 0.3258387088 , 0.73083
4.42 , 0.4344516277 , 0.73617
4.45 , 0.3258387088 , 0.74167
4.48 , 0.3258387088 , 0.74700
4.51 , 0.3258387088 , 0.75233
4.55 , 0.3258387088 , 0.75767
4.58 , 0.4344516277 , 0.76317
4.61 , 0.4344516277 , 0.76850
4.64 , 0.4344516277 , 0.77383
4.68 , 0.4344516277 , 0.77917
4.71 , 0.4344516277 , 0.78467
4.74 , 0.4344516277 , 0.79000
4.77 , 0.4344516277 , 0.79533
4.80 , 0.5430645465 , 0.80067
4.84 , 0.5430645465 , 0.80617
4.87 , 0.5430645465 , 0.81150
4.90 , 0.5430645465 , 0.81683
4.93 , 0.5430645465 , 0.82217
4.97 , 0.5430645465 , 0.82767
5.00 , 0.5430645465 , 0.83300
5.03 , 0.6516774177 , 0.83833
5.06 , 0.5430645465 , 0.84367
5.09 , 0.5430645465 , 0.84917
5.13 , 0.6516774177 , 0.85450
5.16 , 0.6516774177 , 0.85983
5.19 , 0.6516774177 , 0.86517
5.22 , 0.6516774177 , 0.87050
5.26 , 0.6516774177 , 0.87600
5.29 , 0.6516774177 , 0.88117
5.32 , 0.6516774177 , 0.88667
5.35 , 0.7602903366 , 0.89200
5.39 , 0.6516774177 , 0.89750
5.42 , 0.8689032554 , 0.90267
5.45 , 0.6516774177 , 0.90817
5.48 , 0.7602903366 , 0.91350
5.51 , 0.7602903366 , 0.91900
5.55 , 0.8689032554 , 0.92417
5.58 , 0.7602903366 , 0.92967
5.61 , 0.8689032554 , 0.93500
5.64 , 0.8689032554 , 0.94050
5.68 , 0.7602903366 , 0.94583
5.71 , 0.8689032554 , 0.95117
5.74 , 0.8689032554 , 0.95650
5.77 , 0.9775160789 , 0.96200
5.80 , 0.8689032554 , 0.96733
5.84 , 0.8689032554 , 0.97267
5.87 , 0.9775160789 , 0.97800
5.90 , 1.0861290740 , 0.98350
5.93 , 0.9775160789 , 0.98883
5.97 , 1.0861290740 , 0.99417
6.00 , 0.9775160789 , 0.99950
6.03 , 0.9775160789 , 1.00500
6.06 , 1.0861290740 , 1.01033
6.09 , 1.0861290740 , 1.01567
6.13 , 0.9775160789 , 1.02100
6.16 , 1.1947419643 , 1.02650
6.19 , 1.0861290740 , 1.03183
6.22 , 1.0861290740 , 1.03717
6.26 , 1.1947419643 , 1.04250
6.29 , 1.0861290740 , 1.04783
6.32 , 1.0861290740 , 1.05333
6.35 , 1.1947419643 , 1.05850
6.38 , 1.1947419643 , 1.06400
6.42 , 1.1947419643 , 1.06933
6.45 , 1.1947419643 , 1.07483
6.48 , 1.1947419643 , 1.08000
6.51 , 1.1947419643 , 1.08550
6.55 , 1.1947419643 , 1.09083
6.58 , 1.3033561706 , 1.09633
6.61 , 1.3033561706 , 1.10150
6.64 , 1.3033561706 , 1.10700
6.67 , 1.3033561706 , 1.11233
6.71 , 1.3033561706 , 1.11783
6.74 , 1.4119690895 , 1.12300
6.77 , 1.3033561706 , 1.12850
6.80 , 1.4119690895 , 1.13383
6.84 , 1.3033561706 , 1.13933
6.87 , 1.4119690895 , 1.14450
6.90 , 1.4119690895 , 1.15000
6.93 , 1.4119690895 , 1.15533
6.97 , 1.4119690895 , 1.16083
7.00 , 1.4119690895 , 1.16600
7.03 , 1.4119690895 , 1.17150
7.06 , 1.4119690895 , 1.17683
7.09 , 1.4119690895 , 1.18233
7.13 , 1.4119690895 , 1.18767
7.16 , 1.4119690895 , 1.19300
7.19 , 1.4119690895 , 1.19833
7.22 , 1.5205819606 , 1.20383
7.26 , 1.5205819606 , 1.20917
7.29 , 1.5205819606 , 1.21433
7.32 , 1.5205819606 , 1.21983
7.35 , 1.5205819606 , 1.22517
7.38 , 1.6291948318 , 1.23067
7.42 , 1.5205819606 , 1.23583
7.45 , 1.6291948318 , 1.24133
7.48 , 1.6291948318 , 1.24667
7.51 , 1.5205819606 , 1.25217
7.54 , 1.5205819606 , 1.25733
7.58 , 1.7378077507 , 1.26283
7.61 , 1.6291948318 , 1.26817
7.64 , 1.7378077507 , 1.27367
7.67 , 1.6291948318 , 1.27883
7.71 , 1.6291948318 , 1.28433
7.74 , 1.6291948318 , 1.28967
7.77 , 1.7378077507 , 1.29517
7.80 , 1.7378077507 , 1.30033
7.84 , 1.7378077507 , 1.30583
7.87 , 1.7378077507 , 1.31117
7.90 , 1.8464206695 , 1.31667
7.93 , 1.7378077507 , 1.32183
7.96 , 1.8464206695 , 1.32733
8.00 , 1.8464206695 , 1.33267
8.03 , 1.9550334930 , 1.33817
8.06 , 1.8464206695 , 1.34333
8.09 , 1.9550334930 , 1.34883
8.13 , 1.8464206695 , 1.35417
8.16 , 1.8464206695 , 1.35967
8.19 , 1.9550334930 , 1.36483
8.22 , 1.9550334930 , 1.37033
8.25 , 2.0636465549 , 1.37567
8.29 , 1.9550334930 , 1.38117
8.32 , 1.9550334930 , 1.38633
8.35 , 1.9550334930 , 1.39167
8.38 , 2.0636465549 , 1.39717
8.42 , 1.9550334930 , 1.40250
8.45 , 2.0636465549 , 1.40800
8.48 , 2.0636465549 , 1.41317
8.51 , 2.0636465549 , 1.41867
8.54 , 2.0636465549 , 1.42400
8.58 , 2.0636465549 , 1.42950
8.61 , 2.1722593307 , 1.43467
8.64 , 2.0636465549 , 1.44017
8.67 , 2.1722593307 , 1.44550
8.71 , 2.1722593307 , 1.45100
8.74 , 2.1722593307 , 1.45617
8.77 , 2.1722593307 , 1.46167
8.80 , 2.1722593307 , 1.46700
8.84 , 2.1722593307 , 1.47250
8.87 , 2.2808723449 , 1.47767
8.90 , 2.2808723449 , 1.48317
8.93 , 2.1722593307 , 1.48850
8.96 , 2.1722593307 , 1.49400
9.00 , 2.1722593307 , 1.49917
9.03 , 2.2808723449 , 1.50467
9.06 , 2.2808723449 , 1.51000
9.09 , 2.2808723449 , 1.51550
9.12 , 2.3894851207 , 1.52067
9.16 , 2.2808723449 , 1.52617
9.19 , 2.2808723449 , 1.53150
9.22 , 2.3894851207 , 1.53700
9.25 , 2.4980981349 , 1.54217
9.29 , 2.3894851207 , 1.54767
9.32 , 2.4980981349 , 1.55300
9.35 , 2.3894851207 , 1.55833
9.38 , 2.4980981349 , 1.56367
9.41 , 2.4980981349 , 1.56900
9.45 , 2.4980981349 , 1.57450
9.48 , 2.4980981349 , 1.57983
9.51 , 2.3894851207 , 1.58517
9.54 , 2.4980981349 , 1.59050
9.58 , 2.4980981349 , 1.59600
9.61 , 2.4980981349 , 1.60133
9.64 , 2.4980981349 , 1.60667
9.67 , 2.4980981349 , 1.61200
9.71 , 2.6067109107 , 1.61750
9.74 , 2.6067109107 , 1.62283
9.77 , 2.6067109107 , 1.62817
9.80 , 2.6067109107 , 1.63350
9.83 , 2.6067109107 , 1.63900
9.87 , 2.6067109107 , 1.64433
9.90 , 2.6067109107 , 1.64983
9.93 , 2.7153253555 , 1.65500
9.96 , 2.7153253555 , 1.66050
10.00 , 2.7153253555 , 1.66583
10.03 , 2.6067109107 , 1.67150
10.06 , 2.7153253555 , 1.67683
10.10 , 2.7153253555 , 1.68250
10.13 , 2.8239381790 , 1.68800
10.16 , 2.7153253555 , 1.69367
10.19 , 2.7153253555 , 1.69900
10.23 , 2.7153253555 , 1.70467
10.26 , 2.7153253555 , 1.71017
10.30 , 2.8239381790 , 1.71583
10.33 , 2.8239381790 , 1.72133
10.36 , 2.8239381790 , 1.72683
10.39 , 2.8239381790 , 1.73233
10.43 , 2.8239381790 , 1.73800
10.46 , 2.8239381790 , 1.74350
10.49 , 2.8239381790 , 1.74900
10.53 , 2.9325511932 , 1.75450
10.56 , 2.9325511932 , 1.76017
10.59 , 2.9325511932 , 1.76567
10.63 , 2.9325511932 , 1.77133
10.66 , 2.9325511932 , 1.77667
10.69 , 2.9325511932 , 1.78233
10.73 , 3.0411639213 , 1.78783
10.76 , 3.0411639213 , 1.79350
10.79 , 2.9325511932 , 1.79883
10.83 , 3.0411639213 , 1.80450
10.86 , 3.0411639213 , 1.81000
10.89 , 3.0411639213 , 1.81567
10.93 , 3.0411639213 , 1.82117
10.96 , 3.1497769355 , 1.82667
10.99 , 3.0411639213 , 1.83217
11.03 , 3.1497769355 , 1.83783
11.06 , 3.1497769355 , 1.84333
11.09 , 3.1497769355 , 1.84900
11.13 , 3.1497769355 , 1.85433
11.16 , 3.1497769355 , 1.86000
11.19 , 3.2583897113 , 1.86550
11.23 , 3.2583897113 , 1.87117
11.26 , 3.2583897113 , 1.87650
11.29 , 3.2583897113 , 1.88217
11.33 , 3.1497769355 , 1.88767
11.36 , 3.3670027256 , 1.89333
11.39 , 3.3670027256 , 1.89883
11.43 , 3.3670027256 , 1.90433
11.46 , 3.3670027256 , 1.90983
11.49 , 3.3670027256 , 1.91550
11.53 , 3.3670027256 , 1.92100
11.56 , 3.4756155014 , 1.92650
11.59 , 3.4756155014 , 1.93200
11.63 , 3.3670027256 , 1.93767
11.66 , 3.4756155014 , 1.94317
11.69 , 3.4756155014 , 1.94883
11.73 , 3.3670027256 , 1.95417
11.76 , 3.4756155014 , 1.95983
11.79 , 3.5842285156 , 1.96533
11.83 , 3.4756155014 , 1.97100
11.86 , 3.4756155014 , 1.97633
11.89 , 3.5842285156 , 1.98200
11.93 , 3.4756155014 , 1.98750
11.96 , 3.5842285156 , 1.99317
11.99 , 3.5842285156 , 1.99867
12.02 , 3.5842285156 , 2.00417
12.06 , 3.4756155014 , 2.00967
12.09 , 3.5842285156 , 2.01533
12.13 , 3.5842285156 , 2.02083
12.16 , 3.5842285156 , 2.02633
12.19 , 3.5842285156 , 2.03183
12.23 , 3.4756155014 , 2.03750
12.26 , 3.6928412914 , 2.04300
12.29 , 3.6928412914 , 2.04867
12.32 , 3.5842285156 , 2.05400
12.36 , 3.6928412914 , 2.05967
12.39 , 3.6928412914 , 2.06517
12.43 , 3.5842285156 , 2.07083
12.46 , 3.8014543533 , 2.07617
12.49 , 3.6928412914 , 2.08183
12.52 , 3.8014543533 , 2.08733
12.56 , 3.6928412914 , 2.09300
12.59 , 3.8014543533 , 2.09850
12.62 , 3.8014543533 , 2.10400
12.66 , 3.6928412914 , 2.10950
12.69 , 3.8014543533 , 2.11517
12.72 , 3.6928412914 , 2.12067
12.76 , 3.8014543533 , 2.12633
12.79 , 3.9100670814 , 2.13167
12.82 , 3.9100670814 , 2.13733
12.86 , 3.9100670814 , 2.14283
12.89 , 3.9100670814 , 2.14850
12.92 , 3.9100670814 , 2.15383
12.96 , 4.0186800956 , 2.15950
12.99 , 3.9100670814 , 2.16500
13.02 , 3.9100670814 , 2.17067
13.06 , 4.0186800956 , 2.17617
13.09 , 4.0186800956 , 2.18167
13.12 , 4.1272945404 , 2.18717
13.16 , 4.0186800956 , 2.19283
13.19 , 4.0186800956 , 2.19833
13.22 , 4.0186800956 , 2.20383
13.26 , 4.0186800956 , 2.20933
13.29 , 4.1272945404 , 2.21500
13.32 , 4.1272945404 , 2.22050
13.36 , 4.1272945404 , 2.22617
13.39 , 4.2359070777 , 2.23150
13.42 , 4.1272945404 , 2.23717
13.46 , 4.1272945404 , 2.24267
13.49 , 4.1272945404 , 2.24833
13.52 , 4.2359070777 , 2.25367
13.56 , 4.2359070777 , 2.25933
13.59 , 4.2359070777 , 2.26483
13.62 , 4.3445200920 , 2.27050
13.66 , 4.2359070777 , 2.27600
13.69 , 4.2359070777 , 2.28150
13.72 , 4.3445200920 , 2.28700
13.76 , 4.2359070777 , 2.29267
13.79 , 4.2359070777 , 2.29817
13.82 , 4.3445200920 , 2.30367
13.85 , 4.4531331062 , 2.30917
13.89 , 4.3445200920 , 2.31483
13.92 , 4.3445200920 , 2.32033
13.96 , 4.4531331062 , 2.32600
13.99 , 4.4531331062 , 2.33133
14.02 , 4.3445200920 , 2.33700
14.06 , 4.4531331062 , 2.34250
14.09 , 4.4531331062 , 2.34817
14.12 , 4.4531331062 , 2.35350
14.15 , 4.4531331062 , 2.35917
14.19 , 4.4531331062 , 2.36467
14.22 , 4.4531331062 , 2.37033
14.26 , 4.4531331062 , 2.37583
14.29 , 4.4531331062 , 2.38133
14.32 , 4.4531331062 , 2.38683
14.35 , 4.5617461204 , 2.39250
14.39 , 4.4531331062 , 2.39800
14.42 , 4.5617461204 , 2.40367
14.45 , 4.5617461204 , 2.40900
14.49 , 4.5617461204 , 2.41467
14.52 , 4.5617461204 , 2.42017
14.56 , 4.5617461204 , 2.42583
14.59 , 4.6703586578 , 2.43117
14.62 , 4.5617461204 , 2.43683
14.65 , 4.5617461204 , 2.44233
14.69 , 4.6703586578 , 2.44800
14.72 , 4.6703586578 , 2.45350
14.75 , 4.6703586578 , 2.45900
14.79 , 4.6703586578 , 2.46450
14.82 , 4.6703586578 , 2.47017
14.85 , 4.6703586578 , 2.47567
14.89 , 4.7789716720 , 2.48117
14.92 , 4.7789716720 , 2.48667
14.95 , 4.7789716720 , 2.49233
14.99 , 4.7789716720 , 2.49783
15.02 , 4.8875846862 , 2.50350
15.05 , 4.7789716720 , 2.50883
15.09 , 4.7789716720 , 2.51450
15.12 , 4.8875846862 , 2.52000
15.15 , 4.7789716720 , 2.52567
15.19 , 4.7789716720 , 2.53100
15.22 , 4.8875846862 , 2.53667
15.25 , 4.8875846862 , 2.54217
15.29 , 4.8875846862 , 2.54783
15.32 , 4.8875846862 , 2.55333
15.35 , 4.9961977005 , 2.55883
15.39 , 4.8875846862 , 2.56433
15.42 , 4.9961977005 , 2.57000
15.45 , 4.9961977005 , 2.57550
15.49 , 5.1048102378 , 2.58100
15.52 , 5.1048102378 , 2.58650
15.55 , 4.9961977005 , 2.59217
15.59 , 5.1048102378 , 2.59767
15.62 , 5.1048102378 , 2.60333
15.65 , 5.1048102378 , 2.60867
15.69 , 5.1048102378 , 2.61433
15.72 , 5.2134232521 , 2.61983
15.75 , 5.1048102378 , 2.62550
15.78 , 5.2134232521 , 2.63083
15.82 , 5.1048102378 , 2.63650
15.85 , 5.2134232521 , 2.64200
15.89 , 5.2134232521 , 2.64767
15.92 , 5.2134232521 , 2.65317
15.95 , 5.3220362663 , 2.65867
15.98 , 5.2134232521 , 2.66417
16.02 , 5.3220362663 , 2.66983
16.05 , 5.3220362663 , 2.67533
16.09 , 5.2134232521 , 2.68100
16.12 , 5.3220362663 , 2.68633
16.15 , 5.4306492805 , 2.69200
16.18 , 5.3220362663 , 2.69750
16.22 , 5.3220362663 , 2.70317
16.25 , 5.4306492805 , 2.70850
16.28 , 5.4306492805 , 2.71417
16.32 , 5.4306492805 , 2.71967
16.35 , 5.3220362663 , 2.72533
16.38 , 5.3220362663 , 2.73083
16.42 , 5.4306492805 , 2.73633
16.45 , 5.4306492805 , 2.74183
16.48 , 5.4306492805 , 2.74750
16.52 , 5.4306492805 , 2.75300
16.55 , 5.5392632484 , 2.75850
16.58 , 5.4306492805 , 2.76400
16.62 , 5.4306492805 , 2.76967
16.65 , 5.4306492805 , 2.77517
16.68 , 5.5392632484 , 2.78083
16.72 , 5.5392632484 , 2.78617
16.75 , 5.6478762626 , 2.79183
16.78 , 5.6478762626 , 2.79733
16.82 , 5.5392632484 , 2.80300
16.85 , 5.6478762626 , 2.80833
16.88 , 5.5392632484 , 2.81400
16.92 , 5.6478762626 , 2.81950
16.95 , 5.6478762626 , 2.82517
16.98 , 5.6478762626 , 2.83067
17.02 , 5.5392632484 , 2.83617
17.05 , 5.6478762626 , 2.84167
17.08 , 5.6478762626 , 2.84733
17.12 , 5.7564892768 , 2.85283
17.15 , 5.6478762626 , 2.85833
17.18 , 5.7564892768 , 2.86383
17.22 , 5.6478762626 , 2.86950
17.25 , 5.7564892768 , 2.87500
17.28 , 5.7564892768 , 2.88067
17.32 , 5.7564892768 , 2.88600
17.35 , 5.6478762626 , 2.89167
17.38 , 5.6478762626 , 2.89717
17.42 , 5.7564892768 , 2.90283
17.45 , 5.8651022911 , 2.90817
17.48 , 5.8651022911 , 2.91383
17.52 , 5.7564892768 , 2.91933
17.55 , 5.8651022911 , 2.92500
17.58 , 5.8651022911 , 2.93050
17.62 , 5.8651022911 , 2.93600
17.65 , 5.8651022911 , 2.94150
17.68 , 5.9737148284 , 2.94717
17.72 , 5.9737148284 , 2.95267
17.75 , 5.9737148284 , 2.95833
17.78 , 5.9737148284 , 2.96367
17.82 , 5.9737148284 , 2.96933
17.85 , 5.9737148284 , 2.97483
17.88 , 6.0823278427 , 2.98050
17.92 , 6.0823278427 , 2.98583
17.95 , 6.0823278427 , 2.99150
17.98 , 6.0823278427 , 2.99700
18.02 , 6.0823278427 , 3.00267
18.05 , 6.0823278427 , 3.00817
18.08 , 6.0823278427 , 3.01367
18.11 , 6.1909408569 , 3.01917
18.15 , 6.1909408569 , 3.02483
18.18 , 6.0823278427 , 3.03033
18.21 , 6.1909408569 , 3.03583
18.25 , 6.2995538711 , 3.04133
18.28 , 6.2995538711 , 3.04700
18.31 , 6.1909408569 , 3.05250
18.35 , 6.1909408569 , 3.05817
18.38 , 6.2995538711 , 3.06350
18.42 , 6.1909408569 , 3.06917
18.45 , 6.2995538711 , 3.07467
18.48 , 6.2995538711 , 3.08033
18.51 , 6.2995538711 , 3.08567
18.55 , 6.2995538711 , 3.09133
18.58 , 6.4081664085 , 3.09683
18.61 , 6.2995538711 , 3.10250
18.65 , 6.4081664085 , 3.10800
18.68 , 6.4081664085 , 3.11350
18.71 , 6.5167794227 , 3.11900
18.75 , 6.4081664085 , 3.12467
18.78 , 6.5167794227 , 3.13017
18.81 , 6.5167794227 , 3.13567
18.85 , 6.5167794227 , 3.14117
18.88 , 6.4081664085 , 3.14683
18.91 , 6.5167794227 , 3.15233
18.95 , 6.5167794227 , 3.15800
18.98 , 6.5167794227 , 3.16333
19.01 , 6.5167794227 , 3.16900
19.05 , 6.5167794227 , 3.17450
19.08 , 6.5167794227 , 3.18017
19.11 , 6.5167794227 , 3.18550
19.15 , 6.6253924369 , 3.19117
19.18 , 6.6253924369 , 3.19667
19.21 , 6.5167794227 , 3.20233
19.25 , 6.5167794227 , 3.20783
19.28 , 6.6253924369 , 3.21333
19.31 , 6.6253924369 , 3.21883
19.35 , 6.6253924369 , 3.22450
19.38 , 6.6253924369 , 3.23000
19.41 , 6.7340054512 , 3.23567
19.45 , 6.7340054512 , 3.24100
19.48 , 6.6253924369 , 3.24667
19.51 , 6.6253924369 , 3.25217
19.55 , 6.7340054512 , 3.25783
19.58 , 6.7340054512 , 3.26317
19.61 , 6.7340054512 , 3.26883
19.65 , 6.7340054512 , 3.27433
19.68 , 6.7340054512 , 3.28000
19.71 , 6.8426194190 , 3.28550
19.75 , 6.8426194190 , 3.29100
19.78 , 6.8426194190 , 3.29650
19.81 , 6.7340054512 , 3.30217
19.85 , 6.8426194190 , 3.30767
19.88 , 6.8426194190 , 3.31317
19.91 , 6.9512324333 , 3.31867
19.95 , 7.0598454475 , 3.32433
19.98 , 6.8426194190 , 3.32983
20.01 , 7.0598454475 , 3.33550
20.04 , 6.9512324333 , 3.34083
20.08 , 6.9512324333 , 3.34650
20.11 , 6.9512324333 , 3.35200
20.15 , 6.9512324333 , 3.35767
20.18 , 6.9512324333 , 3.36300
20.21 , 7.0598454475 , 3.36867
20.25 , 7.0598454475 , 3.37417
20.28 , 7.0598454475 , 3.37983
20.31 , 7.1684584617 , 3.38533
20.34 , 7.1684584617 , 3.39083
20.38 , 7.1684584617 , 3.39633
20.41 , 7.1684584617 , 3.40200
20.44 , 7.1684584617 , 3.40750
20.48 , 7.1684584617 , 3.41300
20.51 , 7.1684584617 , 3.41850
20.54 , 7.1684584617 , 3.42417
20.58 , 7.1684584617 , 3.42967
20.61 , 7.2770709991 , 3.43533
20.64 , 7.1684584617 , 3.44067
20.68 , 7.1684584617 , 3.44633
20.71 , 7.2770709991 , 3.45183
20.75 , 7.1684584617 , 3.45750
20.78 , 7.1684584617 , 3.46283
20.81 , 7.2770709991 , 3.46850
20.84 , 7.2770709991 , 3.47400
20.88 , 7.2770709991 , 3.47967
20.91 , 7.2770709991 , 3.48517
20.94 , 7.3856840133 , 3.49067
20.98 , 7.3856840133 , 3.49617
21.01 , 7.2770709991 , 3.50183
21.04 , 7.3856840133 , 3.50733
21.08 , 7.4942970275 , 3.51300
21.11 , 7.3856840133 , 3.51833
21.14 , 7.3856840133 , 3.52400
21.18 , 7.4942970275 , 3.52950
21.21 , 7.4942970275 , 3.53517
21.24 , 7.4942970275 , 3.54050
21.28 , 7.4942970275 , 3.54617
21.31 , 7.6029100418 , 3.55167
21.34 , 7.4942970275 , 3.55733
21.38 , 7.4942970275 , 3.56283
21.41 , 7.6029100418 , 3.56833
21.44 , 7.6029100418 , 3.57383
21.48 , 7.4942970275 , 3.57950
21.51 , 7.4942970275 , 3.58500
21.54 , 7.4942970275 , 3.59050
21.58 , 7.6029100418 , 3.59600
21.61 , 7.4942970275 , 3.60167
21.64 , 7.6029100418 , 3.60717
21.68 , 7.6029100418 , 3.61283
21.71 , 7.7115225791 , 3.61817
21.74 , 7.6029100418 , 3.62383
21.78 , 7.7115225791 , 3.62933
21.81 , 7.7115225791 , 3.63500
21.84 , 7.7115225791 , 3.64033
21.88 , 7.8201355934 , 3.64600
21.91 , 7.6029100418 , 3.65150
21.94 , 7.7115225791 , 3.65717
21.98 , 7.7115225791 , 3.66267
22.01 , 7.7115225791 , 3.66817
22.04 , 7.8201355934 , 3.67367
22.08 , 7.8201355934 , 3.67933
22.11 , 7.8201355934 , 3.68483
22.14 , 7.8201355934 , 3.69033
22.17 , 7.8201355934 , 3.69583
22.21 , 7.9287486076 , 3.70150
22.24 , 7.9287486076 , 3.70700
22.28 , 7.9287486076 , 3.71267
22.31 , 7.9287486076 , 3.71800
22.34 , 8.0373611450 , 3.72367
22.37 , 7.9287486076 , 3.72917
22.41 , 8.0373611450 , 3.73483
22.44 , 7.9287486076 , 3.74017
22.47 , 8.0373611450 , 3.74583
22.51 , 8.0373611450 , 3.75133
22.54 , 8.0373611450 , 3.75700
22.57 , 8.0373611450 , 3.76250
22.61 , 8.0373611450 , 3.76800
22.64 , 8.0373611450 , 3.77350
22.67 , 8.1459741592 , 3.77917
22.71 , 8.1459741592 , 3.78467
22.74 , 8.1459741592 , 3.79033
22.77 , 8.0373611450 , 3.79567
22.81 , 8.1459741592 , 3.80133
22.84 , 8.1459741592 , 3.80683
22.87 , 8.1459741592 , 3.81250
22.91 , 8.2545890808 , 3.81783
22.94 , 8.1459741592 , 3.82350
22.97 , 8.2545890808 , 3.82900
23.01 , 8.2545890808 , 3.83467
23.04 , 8.1459741592 , 3.84017
23.07 , 8.3632011413 , 3.84567
23.11 , 8.3632011413 , 3.85117
23.14 , 8.3632011413 , 3.85683
23.17 , 8.2545890808 , 3.86233
23.21 , 8.3632011413 , 3.86783
23.24 , 8.3632011413 , 3.87333
23.27 , 8.3632011413 , 3.87900
23.31 , 8.3632011413 , 3.88450
23.34 , 8.4718141555 , 3.89017
23.37 , 8.3632011413 , 3.89550
23.41 , 8.4718141555 , 3.90117
23.44 , 8.4718141555 , 3.90667
23.47 , 8.4718141555 , 3.91233
23.51 , 8.4718141555 , 3.91767
23.54 , 8.4718141555 , 3.92333
23.57 , 8.5804271697 , 3.92883
23.61 , 8.4718141555 , 3.93450
23.64 , 8.4718141555 , 3.94000
23.67 , 8.5804271697 , 3.94550
23.71 , 8.4718141555 , 3.95100
23.74 , 8.5804271697 , 3.95667
23.77 , 8.5804271697 , 3.96217
23.81 , 8.5804271697 , 3.96767
23.84 , 8.5804271697 , 3.97317
23.87 , 8.5804271697 , 3.97883
23.91 , 8.5804271697 , 3.98433
23.94 , 8.6890401840 , 3.99000
23.97 , 8.5804271697 , 3.99533
24.01 , 8.5804271697 , 4.00100
24.04 , 8.6890401840 , 4.00650
24.07 , 8.6890401840 , 4.01217
24.10 , 8.6890401840 , 4.01750
24.14 , 8.6890401840 , 4.02317
24.17 , 8.6890401840 , 4.02867
24.21 , 8.7976531982 , 4.03433
24.24 , 8.7976531982 , 4.03983
24.27 , 8.6890401840 , 4.04533
24.30 , 8.9062662124 , 4.05083
24.34 , 8.7976531982 , 4.05650
24.37 , 8.6890401840 , 4.06200
24.41 , 8.7976531982 , 4.06767
24.44 , 8.7976531982 , 4.07300
24.47 , 8.7976531982 , 4.07867
24.50 , 8.7976531982 , 4.08417
24.54 , 8.9062662124 , 4.08983
24.57 , 8.9062662124 , 4.09517
24.60 , 9.0148792266 , 4.10083
24.64 , 8.9062662124 , 4.10633
24.67 , 8.9062662124 , 4.11200
24.70 , 8.9062662124 , 4.11750
24.74 , 9.0148792266 , 4.12300
24.77 , 9.0148792266 , 4.12850
24.80 , 9.0148792266 , 4.13417
24.84 , 9.0148792266 , 4.13967
24.87 , 9.1234922409 , 4.14517
24.90 , 9.0148792266 , 4.15067
24.94 , 9.2321052551 , 4.15633
24.97 , 9.1234922409 , 4.16183
25.00 , 9.1234922409 , 4.16750
25.04 , 9.1234922409 , 4.17283
25.07 , 9.1234922409 , 4.17850
25.10 , 9.1234922409 , 4.18400
25.14 , 9.1234922409 , 4.18967
25.17 , 9.1234922409 , 4.19500
25.20 , 9.2321052551 , 4.20067
25.24 , 9.2321052551 , 4.20617
25.27 , 9.2321052551 , 4.21183
25.30 , 9.2321052551 , 4.21733
25.34 , 9.3407173156 , 4.22283
25.37 , 9.3407173156 , 4.22833
25.40 , 9.3407173156 , 4.23400
25.44 , 9.3407173156 , 4.23950
25.47 , 9.3407173156 , 4.24500
25.50 , 9.4493303298 , 4.25050
25.54 , 9.3407173156 , 4.25617
25.57 , 9.2321052551 , 4.26167
25.60 , 9.4493303298 , 4.26733
25.64 , 9.3407173156 , 4.27267
25.67 , 9.4493303298 , 4.27833
25.70 , 9.3407173156 , 4.28383
25.74 , 9.4493303298 , 4.28950
25.77 , 9.5579433441 , 4.29483
25.80 , 9.5579433441 , 4.30050
25.84 , 9.4493303298 , 4.30600
25.87 , 9.4493303298 , 4.31167
25.90 , 9.5579433441 , 4.31717
25.94 , 9.5579433441 , 4.32267
25.97 , 9.5579433441 , 4.32817
26.00 , 9.5579433441 , 4.33383
26.04 , 9.5579433441 , 4.33933
26.07 , 9.5579433441 , 4.34500
26.10 , 9.5579433441 , 4.35033
26.14 , 9.5579433441 , 4.35600
26.17 , 9.5579433441 , 4.36150
26.20 , 9.5579433441 , 4.36717
26.23 , 9.5579433441 , 4.37250
26.27 , 9.6665573120 , 4.37817
26.30 , 9.6665573120 , 4.38367
26.34 , 9.5579433441 , 4.38933
26.37 , 9.6665573120 , 4.39483
26.40 , 9.6665573120 , 4.40033
26.43 , 9.6665573120 , 4.40583
26.47 , 9.7751703262 , 4.41150
26.50 , 9.6665573120 , 4.41700
26.53 , 9.7751703262 , 4.42250
26.57 , 9.7751703262 , 4.42800
26.60 , 9.7751703262 , 4.43367
26.63 , 9.7751703262 , 4.43917
26.67 , 9.7751703262 , 4.44483
26.70 , 9.8837833404 , 4.45017
26.73 , 9.7751703262 , 4.45583
26.77 , 9.8837833404 , 4.46133
26.80 , 9.8837833404 , 4.46700
26.83 , 9.9923963546 , 4.47233
26.87 , 9.9923963546 , 4.47800
26.90 , 9.9923963546 , 4.48350
26.93 , 9.9923963546 , 4.48917
26.97 , 9.8837833404 , 4.49467
27.00 , 9.9923963546 , 4.50017
27.03 , 9.9923963546 , 4.50567
27.07 , 10.1010093688 , 4.51133
27.10 , 9.9923963546 , 4.51700
27.14 , 10.1010093688 , 4.52267
27.17 , 9.9923963546 , 4.52817
27.20 , 10.1010093688 , 4.53383
27.24 , 10.1010093688 , 4.53950
27.27 , 10.1010093688 , 4.54533
27.30 , 10.1010093688 , 4.55083
27.34 , 10.1010093688 , 4.55667
27.37 , 10.2096223831 , 4.56233
27.41 , 10.1010093688 , 4.56817
27.44 , 10.2096223831 , 4.57383
27.48 , 10.2096223831 , 4.57967
27.51 , 10.2096223831 , 4.58517
27.55 , 10.3182353973 , 4.59100
27.58 , 10.2096223831 , 4.59667
27.61 , 10.2096223831 , 4.60250
27.65 , 10.3182353973 , 4.60817
27.68 , 10.3182353973 , 4.61383
27.72 , 10.3182353973 , 4.61950
27.75 , 10.4268484115 , 4.62533
27.79 , 10.4268484115 , 4.63100
27.82 , 10.4268484115 , 4.63683
27.85 , 10.3182353973 , 4.64250
27.89 , 10.4268484115 , 4.64817
27.92 , 10.4268484115 , 4.65400
27.96 , 10.5354614257 , 4.65967
27.99 , 10.4268484115 , 4.66550
28.03 , 10.5354614257 , 4.67100
28.06 , 10.5354614257 , 4.67683
28.09 , 10.5354614257 , 4.68250
28.13 , 10.5354614257 , 4.68833
28.16 , 10.5354614257 , 4.69400
28.20 , 10.5354614257 , 4.69967
28.23 , 10.6440734863 , 4.70533
28.27 , 10.5354614257 , 4.71117
28.30 , 10.5354614257 , 4.71683
28.34 , 10.6440734863 , 4.72267
28.37 , 10.6440734863 , 4.72817
28.40 , 10.6440734863 , 4.73400
28.44 , 10.6440734863 , 4.73967
28.47 , 10.7526865005 , 4.74550
28.51 , 10.6440734863 , 4.75117
28.54 , 10.6440734863 , 4.75683
28.57 , 10.7526865005 , 4.76250
28.61 , 10.6440734863 , 4.76833
28.64 , 10.7526865005 , 4.77400
28.68 , 10.7526865005 , 4.77983
28.71 , 10.8612995147 , 4.78533
28.75 , 10.6440734863 , 4.79117
28.78 , 10.7526865005 , 4.79683
28.82 , 10.7526865005 , 4.80267
28.85 , 10.8612995147 , 4.80833
28.88 , 10.7526865005 , 4.81400
28.92 , 10.7526865005 , 4.81967
28.95 , 10.8612995147 , 4.82550
28.99 , 10.8612995147 , 4.83133
29.02 , 10.9699125289 , 4.83700
29.06 , 10.8612995147 , 4.84283
29.09 , 10.8612995147 , 4.84833
29.12 , 10.8612995147 , 4.85417
29.16 , 10.9699125289 , 4.85983
29.19 , 10.9699125289 , 4.86567
29.23 , 10.9699125289 , 4.87133
29.26 , 10.9699125289 , 4.87700
29.30 , 10.9699125289 , 4.88267
29.33 , 11.0785255432 , 4.88850
29.36 , 11.0785255432 , 4.89417
29.40 , 11.0785255432 , 4.90000
29.43 , 10.9699125289 , 4.90550
29.47 , 11.1871385574 , 4.91133
29.50 , 11.0785255432 , 4.91700
29.54 , 11.0785255432 , 4.92283
29.57 , 11.0785255432 , 4.92850
29.60 , 11.1871385574 , 4.93417
29.64 , 11.1871385574 , 4.93983
29.67 , 11.1871385574 , 4.94567
29.71 , 11.1871385574 , 4.95133
29.74 , 11.1871385574 , 4.95717
29.78 , 11.2957515716 , 4.96267
29.81 , 11.1871385574 , 4.96850
29.84 , 11.2957515716 , 4.97417
29.88 , 11.2957515716 , 4.98000
29.91 , 11.2957515716 , 4.98567
29.95 , 11.4043645858 , 4.99133
29.98 , 11.4043645858 , 4.99700
30.02 , 11.5129766464 , 5.00283
30.05 , 11.4043645858 , 5.00867
30.09 , 11.4043645858 , 5.01433
30.12 , 11.4043645858 , 5.02000
30.15 , 11.4043645858 , 5.02567
30.19 , 11.5129766464 , 5.03150
30.22 , 11.4043645858 , 5.03717
30.26 , 11.5129766464 , 5.04300
30.29 , 11.5129766464 , 5.04850
30.33 , 11.5129766464 , 5.05433
30.36 , 11.5129766464 , 5.06000
30.39 , 11.5129766464 , 5.06583
30.43 , 11.5129766464 , 5.07150
30.46 , 11.6215896606 , 5.07733
30.50 , 11.6215896606 , 5.08283
30.53 , 11.6215896606 , 5.08867
30.57 , 11.6215896606 , 5.09433
30.60 , 11.6215896606 , 5.10017
30.63 , 11.7302055358 , 5.10583
30.67 , 11.6215896606 , 5.11150
30.70 , 11.6215896606 , 5.11717
30.74 , 11.6215896606 , 5.12300
30.77 , 11.6215896606 , 5.12867
30.81 , 11.7302055358 , 5.13450
30.84 , 11.6215896606 , 5.14000
30.87 , 11.7302055358 , 5.14583
30.91 , 11.7302055358 , 5.15150
30.94 , 11.8388185501 , 5.15733
30.98 , 11.8388185501 , 5.16300
31.01 , 11.7302055358 , 5.16867
31.05 , 11.8388185501 , 5.17433
31.08 , 11.8388185501 , 5.18017
31.11 , 11.7302055358 , 5.18583
31.15 , 11.8388185501 , 5.19167
31.18 , 11.9474315643 , 5.19733
31.22 , 11.9474315643 , 5.20300
31.25 , 11.8388185501 , 5.20883
31.29 , 11.9474315643 , 5.21450
31.32 , 11.9474315643 , 5.22033
31.35 , 11.9474315643 , 5.22583
31.39 , 11.9474315643 , 5.23167
31.42 , 12.0560445785 , 5.23733
31.46 , 12.0560445785 , 5.24317
31.49 , 12.0560445785 , 5.24883
31.53 , 12.0560445785 , 5.25450
31.56 , 11.9474315643 , 5.26017
31.60 , 12.0560445785 , 5.26600
31.63 , 12.0560445785 , 5.27167
31.67 , 12.0560445785 , 5.27750
31.70 , 12.1646575927 , 5.28300
31.73 , 12.1646575927 , 5.28883
31.77 , 12.1646575927 , 5.29450
31.80 , 12.1646575927 , 5.30033
31.84 , 12.1646575927 , 5.30600
31.87 , 12.1646575927 , 5.31167
31.90 , 12.2732696533 , 5.31733
31.94 , 12.1646575927 , 5.32317
31.97 , 12.1646575927 , 5.32883
32.01 , 12.2732696533 , 5.33467
32.04 , 12.2732696533 , 5.34017
32.08 , 12.2732696533 , 5.34600
32.11 , 12.2732696533 , 5.35167
32.15 , 12.2732696533 , 5.35750
32.18 , 12.3818826675 , 5.36317
32.21 , 12.3818826675 , 5.36900
32.25 , 12.3818826675 , 5.37467
32.28 , 12.3818826675 , 5.38033
32.32 , 12.4904956817 , 5.38617
32.35 , 12.3818826675 , 5.39183
32.39 , 12.3818826675 , 5.39767
32.42 , 12.4904956817 , 5.40317
32.45 , 12.4904956817 , 5.40900
32.49 , 12.4904956817 , 5.41467
32.52 , 12.4904956817 , 5.42050
32.56 , 12.4904956817 , 5.42617
32.59 , 12.5991086959 , 5.43183
32.63 , 12.4904956817 , 5.43750
32.66 , 12.5991086959 , 5.44333
32.69 , 12.5991086959 , 5.44900
32.73 , 12.5991086959 , 5.45483
32.76 , 12.5991086959 , 5.46033
32.80 , 12.5991086959 , 5.46617
32.83 , 12.5991086959 , 5.47183
32.87 , 12.7077217102 , 5.47767
32.90 , 12.7077217102 , 5.48333
32.93 , 12.7077217102 , 5.48900
32.97 , 12.7077217102 , 5.49467
33.00 , 12.8163347244 , 5.50050
33.04 , 12.7077217102 , 5.50617
33.07 , 12.8163347244 , 5.51200
33.11 , 12.8163347244 , 5.51750
33.14 , 12.7077217102 , 5.52333
33.17 , 12.8163347244 , 5.52900
33.21 , 12.8163347244 , 5.53483
33.24 , 12.8163347244 , 5.54050
33.28 , 12.8163347244 , 5.54617
33.31 , 12.8163347244 , 5.55183
33.35 , 12.8163347244 , 5.55767
33.38 , 12.9249477386 , 5.56350
33.42 , 12.9249477386 , 5.56917
33.45 , 12.8163347244 , 5.57483
33.48 , 12.9249477386 , 5.58050
33.52 , 12.9249477386 , 5.58633
33.55 , 12.9249477386 , 5.59200
33.59 , 12.9249477386 , 5.59783
33.62 , 12.9249477386 , 5.60333
33.65 , 13.0335607528 , 5.60917
33.69 , 13.1421737670 , 5.61483
33.72 , 13.0335607528 , 5.62067
33.76 , 12.9249477386 , 5.62633
33.79 , 13.0335607528 , 5.63217
33.83 , 13.1421737670 , 5.63767
33.86 , 13.0335607528 , 5.64350
33.90 , 13.1421737670 , 5.64917
33.93 , 13.0335607528 , 5.65500
33.96 , 13.0335607528 , 5.66067
34.00 , 13.2507858276 , 5.66633
34.03 , 13.1421737670 , 5.67200
34.07 , 13.1421737670 , 5.67783
34.10 , 13.2507858276 , 5.68350
34.14 , 13.2507858276 , 5.68933
34.17 , 13.2507858276 , 5.69483
34.20 , 13.2507858276 , 5.70067
34.24 , 13.2507858276 , 5.70633
34.27 , 13.1421737670 , 5.71217
34.31 , 13.3593988418 , 5.71783
34.34 , 13.2507858276 , 5.72350
34.38 , 13.3593988418 , 5.72917
34.41 , 13.3593988418 , 5.73500
34.45 , 13.4680118560 , 5.74083
34.48 , 13.3593988418 , 5.74650
34.51 , 13.3593988418 , 5.75217
34.55 , 13.3593988418 , 5.75783
34.58 , 13.3593988418 , 5.76367
34.62 , 13.4680118560 , 5.76933
34.65 , 13.4680118560 , 5.77517
34.68 , 13.4680118560 , 5.78067
34.72 , 13.4680118560 , 5.78650
34.75 , 13.4680118560 , 5.79217
34.79 , 13.5766248703 , 5.79800
34.82 , 13.5766248703 , 5.80367
34.86 , 13.5766248703 , 5.80933
34.89 , 13.6852378845 , 5.81500
34.93 , 13.6852378845 , 5.82083
34.96 , 13.5766248703 , 5.82650
34.99 , 13.5766248703 , 5.83233
35.03 , 13.6852378845 , 5.83783
35.06 , 13.6852378845 , 5.84367
35.10 , 13.6852378845 , 5.84933
35.13 , 13.7938508987 , 5.85517
35.17 , 13.7938508987 , 5.86083
35.20 , 13.6852378845 , 5.86667
35.23 , 13.7938508987 , 5.87217
35.27 , 13.7938508987 , 5.87800
35.30 , 14.0110769271 , 5.88367
35.34 , 13.7938508987 , 5.88950
35.37 , 13.7938508987 , 5.89517
35.40 , 13.9024639129 , 5.90083
35.44 , 13.9024639129 , 5.90650
35.47 , 13.7938508987 , 5.91233
35.51 , 13.9024639129 , 5.91800
35.54 , 13.9024639129 , 5.92383
35.58 , 13.9024639129 , 5.92950
35.61 , 14.0110769271 , 5.93517
35.65 , 13.9024639129 , 5.94100
35.68 , 14.0110769271 , 5.94667
35.72 , 14.0110769271 , 5.95250
35.75 , 14.0110769271 , 5.95800
35.78 , 14.0110769271 , 5.96383
35.82 , 14.0110769271 , 5.96950
35.85 , 14.0110769271 , 5.97533
35.89 , 14.0110769271 , 5.98100
35.92 , 14.0110769271 , 5.98667
35.95 , 14.1196889877 , 5.99233
35.99 , 14.1196889877 , 5.99817
36.02 , 14.1196889877 , 6.00383
36.06 , 14.1196889877 , 6.00967
36.09 , 14.1196889877 , 6.01517
36.13 , 14.1196889877 , 6.02100
36.16 , 14.2283020019 , 6.02667
36.20 , 14.1196889877 , 6.03250
36.23 , 14.2283020019 , 6.03817
36.26 , 14.1196889877 , 6.04383
36.30 , 14.2283020019 , 6.04950
36.33 , 14.2283020019 , 6.05533
36.37 , 14.2283020019 , 6.06100
36.40 , 14.2283020019 , 6.06683
36.43 , 14.3369150161 , 6.07233
36.47 , 14.3369150161 , 6.07817
36.50 , 14.3369150161 , 6.08383
36.54 , 14.4455280303 , 6.08967
36.57 , 14.3369150161 , 6.09533
36.61 , 14.4455280303 , 6.10100
36.64 , 14.4455280303 , 6.10683
36.68 , 14.4455280303 , 6.11250
36.71 , 14.4455280303 , 6.11833
36.74 , 14.4455280303 , 6.12400
36.78 , 14.4455280303 , 6.12983
36.81 , 14.4455280303 , 6.13533
36.85 , 14.5541439056 , 6.14117
36.88 , 14.5541439056 , 6.14683
36.92 , 14.5541439056 , 6.15267
36.95 , 14.5541439056 , 6.15833
36.98 , 14.5541439056 , 6.16400
37.02 , 14.6627569198 , 6.16967
37.05 , 14.5541439056 , 6.17550
37.09 , 14.6627569198 , 6.18117
37.12 , 14.6627569198 , 6.18700
37.15 , 14.6627569198 , 6.19250
37.19 , 14.6627569198 , 6.19833
37.22 , 14.6627569198 , 6.20400
37.26 , 14.7713699340 , 6.20983
37.29 , 14.7713699340 , 6.21550
37.33 , 14.8799819946 , 6.22117
37.36 , 14.7713699340 , 6.22683
37.40 , 14.8799819946 , 6.23267
37.43 , 14.8799819946 , 6.23833
37.47 , 14.7713699340 , 6.24417
37.50 , 14.7713699340 , 6.24967
37.53 , 14.8799819946 , 6.25550
37.57 , 14.8799819946 , 6.26117
37.60 , 14.9885950088 , 6.26700
37.64 , 14.8799819946 , 6.27267
37.67 , 14.9885950088 , 6.27833
37.70 , 14.8799819946 , 6.28400
37.74 , 14.9885950088 , 6.28983
37.77 , 14.9885950088 , 6.29567
37.81 , 14.8799819946 , 6.30133
37.84 , 14.9885950088 , 6.30700
37.88 , 15.0972080230 , 6.31267
37.91 , 14.9885950088 , 6.31850
37.95 , 14.9885950088 , 6.32417
37.98 , 15.0972080230 , 6.33000
38.01 , 14.9885950088 , 6.33550
38.05 , 15.0972080230 , 6.34133
38.08 , 14.9885950088 , 6.34700
38.12 , 15.0972080230 , 6.35283
38.15 , 15.0972080230 , 6.35850
38.19 , 15.0972080230 , 6.36417
38.22 , 15.0972080230 , 6.36983
38.25 , 15.2058210372 , 6.37567
38.29 , 15.0972080230 , 6.38133
38.32 , 15.2058210372 , 6.38717
38.36 , 15.2058210372 , 6.39267
38.39 , 15.2058210372 , 6.39850
38.43 , 15.2058210372 , 6.40417
38.46 , 15.2058210372 , 6.41000
38.49 , 15.2058210372 , 6.41567
38.53 , 15.3144340515 , 6.42150
38.56 , 15.3144340515 , 6.42700
38.60 , 15.3144340515 , 6.43283
38.63 , 15.3144340515 , 6.43850
38.67 , 15.3144340515 , 6.44433
38.70 , 15.3144340515 , 6.45000
38.73 , 15.3144340515 , 6.45567
38.77 , 15.4230470657 , 6.46133
38.80 , 15.4230470657 , 6.46717
38.84 , 15.4230470657 , 6.47300
38.87 , 15.3144340515 , 6.47867
38.91 , 15.4230470657 , 6.48433
38.94 , 15.4230470657 , 6.49000
38.97 , 15.5316600799 , 6.49583
39.01 , 15.5316600799 , 6.50150
39.04 , 15.5316600799 , 6.50733
39.08 , 15.4230470657 , 6.51283
39.11 , 15.5316600799 , 6.51867
39.15 , 15.7488861083 , 6.52433
39.18 , 15.6402730941 , 6.53017
39.22 , 15.6402730941 , 6.53583
39.25 , 15.5316600799 , 6.54150
39.28 , 15.5316600799 , 6.54717
39.32 , 15.6402730941 , 6.55300
39.35 , 15.7488861083 , 6.55867
39.39 , 15.7488861083 , 6.56450
39.42 , 15.7488861083 , 6.57000
39.46 , 15.7488861083 , 6.57583
39.49 , 15.6402730941 , 6.58150
39.52 , 15.8574981689 , 6.58733
39.56 , 15.7488861083 , 6.59300
39.59 , 15.7488861083 , 6.59867
39.63 , 15.7488861083 , 6.60433
39.66 , 15.8574981689 , 6.61017
39.70 , 15.8574981689 , 6.61583
39.73 , 15.8574981689 , 6.62167
39.76 , 15.8574981689 , 6.62717
39.80 , 15.9661111831 , 6.63300
39.83 , 15.8574981689 , 6.63867
39.87 , 15.9661111831 , 6.64450
39.90 , 15.8574981689 , 6.65017
39.94 , 15.8574981689 , 6.65600
39.97 , 15.8574981689 , 6.66167
40.00 , 15.8574981689 , 6.66733
40.04 , 15.9661111831 , 6.67317
40.07 , 15.9661111831 , 6.67883
40.11 , 15.9661111831 , 6.68467
40.14 , 15.9661111831 , 6.69017
40.18 , 15.9661111831 , 6.69600
40.21 , 15.9661111831 , 6.70167
40.25 , 15.9661111831 , 6.70750
40.28 , 15.9661111831 , 6.71317
40.31 , 15.9661111831 , 6.71883
40.35 , 15.9661111831 , 6.72450
40.38 , 16.0747241973 , 6.73033
40.42 , 16.0747241973 , 6.73600
40.45 , 16.0747241973 , 6.74183
40.48 , 16.0747241973 , 6.74733
40.52 , 16.1833381652 , 6.75317
40.55 , 16.0747241973 , 6.75883
40.59 , 16.0747241973 , 6.76467
40.62 , 16.1833381652 , 6.77033
40.66 , 16.1833381652 , 6.77600
40.69 , 16.1833381652 , 6.78167
40.72 , 16.1833381652 , 6.78750
40.76 , 16.1833381652 , 6.79317
40.79 , 16.1833381652 , 6.79900
40.83 , 16.2919502258 , 6.80450
40.86 , 16.1833381652 , 6.81033
40.90 , 16.1833381652 , 6.81600
40.93 , 16.2919502258 , 6.82183
40.97 , 16.1833381652 , 6.82750
41.00 , 16.2919502258 , 6.83317
41.03 , 16.1833381652 , 6.83900
41.07 , 16.2919502258 , 6.84467
41.10 , 16.2919502258 , 6.85050
41.14 , 16.2919502258 , 6.85617
41.17 , 16.4005622863 , 6.86183
41.21 , 16.2919502258 , 6.86750
41.24 , 16.4005622863 , 6.87333
41.27 , 16.4005622863 , 6.87900
41.31 , 16.4005622863 , 6.88483
41.34 , 16.4005622863 , 6.89033
41.38 , 16.5091762542 , 6.89617
41.41 , 16.5091762542 , 6.90183
41.45 , 16.5091762542 , 6.90767
41.48 , 16.5091762542 , 6.91333
41.52 , 16.6177883148 , 6.91917
41.55 , 16.6177883148 , 6.92467
41.58 , 16.6177883148 , 6.93050
41.62 , 16.6177883148 , 6.93617
41.65 , 16.7264022827 , 6.94200
41.69 , 16.6177883148 , 6.94767
41.72 , 16.7264022827 , 6.95333
41.75 , 16.7264022827 , 6.95900
41.79 , 16.7264022827 , 6.96483
41.82 , 16.8350143432 , 6.97050
41.86 , 16.7264022827 , 6.97633
41.89 , 16.8350143432 , 6.98183
41.93 , 16.8350143432 , 6.98767
41.96 , 16.8350143432 , 6.99333
42.00 , 16.8350143432 , 6.99917
42.03 , 16.9436283111 , 7.00483
42.06 , 16.9436283111 , 7.01050
42.10 , 16.8350143432 , 7.01617
42.13 , 16.8350143432 , 7.02200
42.17 , 16.9436283111 , 7.02783
42.20 , 16.9436283111 , 7.03350
42.24 , 16.9436283111 , 7.03917
42.27 , 17.0522403717 , 7.04483
42.30 , 17.0522403717 , 7.05067
42.34 , 17.0522403717 , 7.05633
42.37 , 17.0522403717 , 7.06217
42.41 , 17.0522403717 , 7.06767
42.44 , 17.0522403717 , 7.07350
42.47 , 17.1608543395 , 7.07917
42.51 , 17.1608543395 , 7.08500
42.54 , 17.1608543395 , 7.09067
42.58 , 17.0522403717 , 7.09633
42.61 , 17.1608543395 , 7.10200
42.65 , 17.1608543395 , 7.10783
42.68 , 17.1608543395 , 7.11350
42.72 , 17.1608543395 , 7.11933
42.75 , 17.1608543395 , 7.12483
42.78 , 17.1608543395 , 7.13067
42.82 , 17.2694683074 , 7.13633
42.85 , 17.1608543395 , 7.14217
42.89 , 17.2694683074 , 7.14783
42.92 , 17.2694683074 , 7.15350
42.96 , 17.2694683074 , 7.15917
42.99 , 17.2694683074 , 7.16500
43.02 , 17.2694683074 , 7.17067
43.06 , 17.3780822753 , 7.17650
43.09 , 17.2694683074 , 7.18200
43.13 , 17.3780822753 , 7.18783
43.16 , 17.3780822753 , 7.19350
43.20 , 17.3780822753 , 7.19933
43.23 , 17.3780822753 , 7.20517
43.27 , 17.3780822753 , 7.21083
43.30 , 17.4866943359 , 7.21650
43.33 , 17.4866943359 , 7.22217
43.37 , 17.4866943359 , 7.22800
43.40 , 17.4866943359 , 7.23367
43.44 , 17.4866943359 , 7.23950
43.47 , 17.4866943359 , 7.24500
43.51 , 17.5953083038 , 7.25083
43.54 , 17.4866943359 , 7.25650
43.57 , 17.4866943359 , 7.26233
43.61 , 17.5953083038 , 7.26800
43.64 , 17.5953083038 , 7.27367
43.68 , 17.5953083038 , 7.27933
43.71 , 17.5953083038 , 7.28517
43.75 , 17.5953083038 , 7.29083
43.78 , 17.5953083038 , 7.29667
43.81 , 17.7039203643 , 7.30217
43.85 , 17.7039203643 , 7.30800
43.88 , 17.7039203643 , 7.31367
43.92 , 17.8125343322 , 7.31950
43.95 , 17.7039203643 , 7.32517
43.99 , 17.8125343322 , 7.33083
44.02 , 17.7039203643 , 7.33650
44.05 , 17.7039203643 , 7.34233
44.09 , 17.8125343322 , 7.34800
44.12 , 17.8125343322 , 7.35383
44.16 , 17.8125343322 , 7.35933
44.19 , 17.8125343322 , 7.36517
44.22 , 17.9211463928 , 7.37083
44.26 , 17.8125343322 , 7.37667
44.29 , 17.9211463928 , 7.38233
44.33 , 17.9211463928 , 7.38800
44.36 , 17.9211463928 , 7.39383
44.40 , 18.0297584533 , 7.39950
44.43 , 17.9211463928 , 7.40533
44.47 , 18.0297584533 , 7.41100
44.50 , 18.0297584533 , 7.41667
44.53 , 18.0297584533 , 7.42233
44.57 , 18.1383724212 , 7.42817
44.60 , 18.0297584533 , 7.43383
44.64 , 18.0297584533 , 7.43967
44.67 , 18.0297584533 , 7.44533
44.71 , 18.1383724212 , 7.45100
44.74 , 18.1383724212 , 7.45667
44.78 , 18.1383724212 , 7.46250
44.81 , 18.2469844818 , 7.46817
44.84 , 18.1383724212 , 7.47400
44.88 , 18.2469844818 , 7.47950
44.91 , 18.1383724212 , 7.48533
44.95 , 18.2469844818 , 7.49100
44.98 , 18.2469844818 , 7.49683
45.02 , 18.2469844818 , 7.50250
45.05 , 18.2469844818 , 7.50817
45.08 , 18.2469844818 , 7.51383
45.12 , 18.2469844818 , 7.51967
45.15 , 18.2469844818 , 7.52533
45.19 , 18.3555984497 , 7.53117
45.22 , 18.3555984497 , 7.53667
45.26 , 18.2469844818 , 7.54250
45.29 , 18.2469844818 , 7.54817
45.32 , 18.3555984497 , 7.55400
45.36 , 18.3555984497 , 7.55967
45.39 , 18.4642105102 , 7.56533
45.43 , 18.3555984497 , 7.57117
45.46 , 18.4642105102 , 7.57683
45.50 , 18.4642105102 , 7.58267
45.53 , 18.4642105102 , 7.58833
45.56 , 18.5728244781 , 7.59400
45.60 , 18.4642105102 , 7.59967
45.63 , 18.4642105102 , 7.60550
45.67 , 18.4642105102 , 7.61117
45.70 , 18.5728244781 , 7.61700
45.74 , 18.5728244781 , 7.62250
45.77 , 18.5728244781 , 7.62833
45.80 , 18.5728244781 , 7.63400
45.84 , 18.5728244781 , 7.63983
45.87 , 18.5728244781 , 7.64550
45.91 , 18.5728244781 , 7.65117
45.94 , 18.5728244781 , 7.65683
45.98 , 18.5728244781 , 7.66267
46.01 , 18.6814365386 , 7.66833
46.04 , 18.6814365386 , 7.67417
46.08 , 18.6814365386 , 7.67967
46.11 , 18.7900505065 , 7.68550
46.15 , 18.7900505065 , 7.69117
46.18 , 18.6814365386 , 7.69700
46.22 , 18.7900505065 , 7.70267
46.25 , 18.7900505065 , 7.70850
46.28 , 18.7900505065 , 7.71400
46.32 , 18.7900505065 , 7.71983
46.35 , 18.8986625671 , 7.72550
46.39 , 18.8986625671 , 7.73133
46.42 , 19.0072746276 , 7.73700
46.46 , 18.7900505065 , 7.74267
46.49 , 19.0072746276 , 7.74833
46.53 , 19.0072746276 , 7.75417
46.56 , 18.8986625671 , 7.76000
46.59 , 19.0072746276 , 7.76567
46.63 , 19.0072746276 , 7.77133
46.66 , 19.1158885955 , 7.77700
46.70 , 19.1158885955 , 7.78283
46.73 , 19.1158885955 , 7.78850
46.77 , 19.1158885955 , 7.79433
46.80 , 19.1158885955 , 7.79983
46.83 , 19.1158885955 , 7.80567
46.87 , 19.2245006561 , 7.81133
46.90 , 19.1158885955 , 7.81717
46.94 , 19.2245006561 , 7.82283
46.97 , 19.2245006561 , 7.82850
47.01 , 19.2245006561 , 7.83417
47.04 , 19.2245006561 , 7.84000
47.07 , 19.3331146240 , 7.84567
47.11 , 19.3331146240 , 7.85150
47.14 , 19.2245006561 , 7.85700
47.18 , 19.3331146240 , 7.86283
47.21 , 19.3331146240 , 7.86850
47.25 , 19.2245006561 , 7.87433
47.28 , 19.3331146240 , 7.88000
47.31 , 19.3331146240 , 7.88567
47.35 , 19.4417266845 , 7.89133
47.38 , 19.4417266845 , 7.89717
47.42 , 19.3331146240 , 7.90283
47.45 , 19.4417266845 , 7.90867
47.49 , 19.3331146240 , 7.91417
47.52 , 19.4417266845 , 7.92000
47.55 , 19.5503406524 , 7.92567
47.59 , 19.4417266845 , 7.93150
47.62 , 19.4417266845 , 7.93733
47.66 , 19.4417266845 , 7.94283
47.69 , 19.5503406524 , 7.94867
47.73 , 19.5503406524 , 7.95433
47.76 , 19.4417266845 , 7.96017
47.79 , 19.5503406524 , 7.96583
47.83 , 19.5503406524 , 7.97167
47.86 , 19.5503406524 , 7.97717
47.90 , 19.5503406524 , 7.98300
47.93 , 19.5503406524 , 7.98867
47.97 , 19.5503406524 , 7.99450
48.00 , 19.6589527130 , 8.00017
48.04 , 19.6589527130 , 8.00583
48.07 , 19.6589527130 , 8.01150
48.10 , 19.6589527130 , 8.01733
48.14 , 19.7675666809 , 8.02300
48.17 , 19.7675666809 , 8.02883
48.21 , 19.7675666809 , 8.03433
48.24 , 19.6589527130 , 8.04017
48.28 , 19.8761787414 , 8.04583
48.31 , 19.8761787414 , 8.05167
48.34 , 19.8761787414 , 8.05733
48.38 , 19.7675666809 , 8.06300
48.41 , 19.7675666809 , 8.06867
48.45 , 19.7675666809 , 8.07450
48.48 , 19.7675666809 , 8.08017
48.52 , 19.9847908020 , 8.08600
48.55 , 19.8761787414 , 8.09150
48.58 , 19.8761787414 , 8.09733
48.62 , 19.8761787414 , 8.10300
48.65 , 19.8761787414 , 8.10883
48.69 , 19.8761787414 , 8.11450
48.72 , 20.0934066772 , 8.12017
48.76 , 19.9847908020 , 8.12600
48.79 , 19.9847908020 , 8.13167
48.83 , 20.0934066772 , 8.13750
48.86 , 20.0934066772 , 8.14317
48.89 , 19.9847908020 , 8.14883
48.93 , 20.0934066772 , 8.15450
48.96 , 20.0934066772 , 8.16033
49.00 , 20.0934066772 , 8.16600
49.03 , 20.0934066772 , 8.17183
49.06 , 20.2020206451 , 8.17733
49.10 , 20.2020206451 , 8.18317
49.13 , 20.2020206451 , 8.18883
49.17 , 20.3106327056 , 8.19467
49.20 , 20.2020206451 , 8.20033
49.24 , 20.2020206451 , 8.20600
49.27 , 20.3106327056 , 8.21167
49.31 , 20.2020206451 , 8.21750
49.34 , 20.3106327056 , 8.22317
49.37 , 20.3106327056 , 8.22900
49.41 , 20.3106327056 , 8.23467
49.44 , 20.3106327056 , 8.24033
49.48 , 20.3106327056 , 8.24600
49.51 , 20.4192466735 , 8.25183
49.54 , 20.4192466735 , 8.25750
49.58 , 20.5278587341 , 8.26333
49.61 , 20.4192466735 , 8.26883
49.65 , 20.4192466735 , 8.27467
49.68 , 20.4192466735 , 8.28033
49.72 , 20.5278587341 , 8.28617
49.75 , 20.5278587341 , 8.29183
49.79 , 20.5278587341 , 8.29750
49.82 , 20.5278587341 , 8.30333
49.85 , 20.5278587341 , 8.30900
49.89 , 20.6364707946 , 8.31483
49.92 , 20.5278587341 , 8.32050
49.96 , 20.5278587341 , 8.32617
49.99 , 20.5278587341 , 8.33183
50.03 , 20.6364707946 , 8.33767
50.06 , 20.6364707946 , 8.34333
50.10 , 20.6364707946 , 8.34917
50.13 , 20.6364707946 , 8.35467
50.16 , 20.6364707946 , 8.36050
50.20 , 20.6364707946 , 8.36617
50.23 , 20.7450847625 , 8.37200
50.27 , 20.7450847625 , 8.37767
50.30 , 20.7450847625 , 8.38333
50.33 , 20.7450847625 , 8.38900
50.37 , 20.7450847625 , 8.39483
50.40 , 20.7450847625 , 8.40050
50.44 , 20.7450847625 , 8.40633
50.47 , 20.7450847625 , 8.41183
50.51 , 20.8536968231 , 8.41767
50.54 , 20.8536968231 , 8.42333
50.58 , 20.7450847625 , 8.42917
50.61 , 20.8536968231 , 8.43483
50.64 , 20.9623107910 , 8.44050
50.68 , 20.9623107910 , 8.44617
50.71 , 20.8536968231 , 8.45200
50.75 , 20.8536968231 , 8.45767
50.78 , 20.9623107910 , 8.46350
50.81 , 20.9623107910 , 8.46900
50.85 , 20.9623107910 , 8.47483
50.88 , 20.9623107910 , 8.48050
50.92 , 20.9623107910 , 8.48633
50.95 , 20.9623107910 , 8.49217
50.99 , 21.0709228515 , 8.49783
51.02 , 21.0709228515 , 8.50350
51.06 , 21.0709228515 , 8.50917
51.09 , 21.1795368194 , 8.51500
51.12 , 21.1795368194 , 8.52067
51.16 , 21.0709228515 , 8.52650
51.19 , 21.1795368194 , 8.53200
51.23 , 21.1795368194 , 8.53783
51.26 , 21.1795368194 , 8.54350
51.30 , 21.1795368194 , 8.54933
51.33 , 21.2881488800 , 8.55500
51.36 , 21.1795368194 , 8.56067
51.40 , 21.2881488800 , 8.56633
51.43 , 21.2881488800 , 8.57217
51.47 , 21.2881488800 , 8.57783
51.50 , 21.2881488800 , 8.58367
51.54 , 21.2881488800 , 8.58917
51.57 , 21.2881488800 , 8.59500
51.60 , 21.3967628479 , 8.60067
51.64 , 21.3967628479 , 8.60650
51.67 , 21.3967628479 , 8.61217
51.71 , 21.5053749084 , 8.61783
51.74 , 21.3967628479 , 8.62350
51.78 , 21.5053749084 , 8.62933
51.81 , 21.5053749084 , 8.63500
51.85 , 21.5053749084 , 8.64083
51.88 , 21.5053749084 , 8.64633
51.91 , 21.6139869689 , 8.65217
51.95 , 21.6139869689 , 8.65783
51.98 , 21.6139869689 , 8.66367
52.02 , 21.6139869689 , 8.66950
52.05 , 21.5053749084 , 8.67500
52.09 , 21.6139869689 , 8.68083
52.12 , 21.6139869689 , 8.68650
52.15 , 21.6139869689 , 8.69233
52.19 , 21.6139869689 , 8.69800
52.22 , 21.7226009368 , 8.70367
52.26 , 21.6139869689 , 8.70933
52.29 , 21.7226009368 , 8.71517
52.33 , 21.8312129974 , 8.72083
52.36 , 21.7226009368 , 8.72667
52.39 , 21.7226009368 , 8.73217
52.43 , 21.7226009368 , 8.73800
52.46 , 21.8312129974 , 8.74367
52.50 , 21.8312129974 , 8.74950
52.53 , 21.8312129974 , 8.75517
52.57 , 21.8312129974 , 8.76100
52.60 , 21.8312129974 , 8.76650
52.63 , 21.8312129974 , 8.77233
52.67 , 21.8312129974 , 8.77800
52.70 , 21.8312129974 , 8.78383
52.74 , 21.8312129974 , 8.78950
52.77 , 21.9398269653 , 8.79517
52.81 , 21.9398269653 , 8.80083
52.84 , 21.9398269653 , 8.80667
52.87 , 21.9398269653 , 8.81233
52.91 , 21.9398269653 , 8.81817
52.94 , 22.0484390258 , 8.82367
52.98 , 22.0484390258 , 8.82950
53.01 , 22.0484390258 , 8.83517
53.05 , 22.0484390258 , 8.84100
53.08 , 22.0484390258 , 8.84667
53.11 , 22.1570529937 , 8.85233
53.15 , 22.0484390258 , 8.85817
53.18 , 22.1570529937 , 8.86383
53.22 , 22.0484390258 , 8.86967
53.25 , 22.2656669616 , 8.87533
53.29 , 22.1570529937 , 8.88100
53.32 , 22.2656669616 , 8.88667
53.36 , 22.1570529937 , 8.89250
53.39 , 22.2656669616 , 8.89817
53.42 , 22.2656669616 , 8.90400
53.46 , 22.1570529937 , 8.90950
53.49 , 22.3742790222 , 8.91533
53.53 , 22.2656669616 , 8.92100
53.56 , 22.2656669616 , 8.92683
53.60 , 22.3742790222 , 8.93250
53.63 , 22.3742790222 , 8.93817
53.66 , 22.3742790222 , 8.94383
53.70 , 22.3742790222 , 8.94967
53.73 , 22.4828929901 , 8.95533
53.77 , 22.4828929901 , 8.96117
53.80 , 22.4828929901 , 8.96667
53.84 , 22.3742790222 , 8.97250
53.87 , 22.4828929901 , 8.97817
53.90 , 22.4828929901 , 8.98400
53.94 , 22.5915050506 , 8.98967
53.97 , 22.4828929901 , 8.99533
54.01 , 22.4828929901 , 9.00100
54.04 , 22.4828929901 , 9.00683
54.08 , 22.5915050506 , 9.01250
54.11 , 22.5915050506 , 9.01833
54.14 , 22.5915050506 , 9.02400
54.18 , 22.7001190185 , 9.02967
54.21 , 22.7001190185 , 9.03550
54.25 , 22.7001190185 , 9.04117
54.28 , 22.7001190185 , 9.04700
54.32 , 22.7001190185 , 9.05267
54.35 , 22.7001190185 , 9.05833
54.38 , 22.7001190185 , 9.06400
54.42 , 22.7001190185 , 9.06983
54.45 , 22.7001190185 , 9.07550
54.49 , 22.8087310791 , 9.08133
54.52 , 22.8087310791 , 9.08683
54.56 , 22.8087310791 , 9.09267
54.59 , 22.8087310791 , 9.09833
54.63 , 22.8087310791 , 9.10417
54.66 , 22.9173431396 , 9.10983
54.69 , 22.9173431396 , 9.11550
54.73 , 22.9173431396 , 9.12117
54.76 , 22.9173431396 , 9.12700
54.80 , 22.8087310791 , 9.13267
54.83 , 22.9173431396 , 9.13850
54.86 , 22.9173431396 , 9.14400
54.90 , 22.9173431396 , 9.14983
54.93 , 22.9173431396 , 9.15550
54.97 , 23.0259571075 , 9.16133
55.00 , 22.9173431396 , 9.16700
55.04 , 23.0259571075 , 9.17267
55.07 , 23.0259571075 , 9.17833
55.11 , 23.0259571075 , 9.18417
55.14 , 23.0259571075 , 9.18983
55.17 , 23.1345691680 , 9.19567
55.21 , 23.0259571075 , 9.20117
55.24 , 23.1345691680 , 9.20700
55.28 , 23.1345691680 , 9.21267
55.31 , 23.2431831359 , 9.21850
55.35 , 23.1345691680 , 9.22433
55.38 , 23.1345691680 , 9.22983
55.41 , 23.1345691680 , 9.23567
55.45 , 23.1345691680 , 9.24133
55.48 , 23.2431831359 , 9.24717
55.52 , 23.2431831359 , 9.25283
55.55 , 23.2431831359 , 9.25867
55.59 , 23.3517951965 , 9.26417
55.62 , 23.2431831359 , 9.27000
55.65 , 23.2431831359 , 9.27567
55.69 , 23.3517951965 , 9.28150
55.72 , 23.3517951965 , 9.28717
55.76 , 23.3517951965 , 9.29283
55.79 , 23.3517951965 , 9.29850
55.83 , 23.3517951965 , 9.30433
55.86 , 23.3517951965 , 9.31000
55.90 , 23.3517951965 , 9.31583
55.93 , 23.4604091644 , 9.32133
55.96 , 23.4604091644 , 9.32717
56.00 , 23.4604091644 , 9.33283
56.03 , 23.4604091644 , 9.33867
56.07 , 23.4604091644 , 9.34433
56.10 , 23.5690212249 , 9.35000
56.13 , 23.5690212249 , 9.35567
56.17 , 23.6776351928 , 9.36150
56.20 , 23.5690212249 , 9.36717
56.24 , 23.5690212249 , 9.37300
56.27 , 23.5690212249 , 9.37850
56.31 , 23.6776351928 , 9.38433
56.34 , 23.6776351928 , 9.39000
56.38 , 23.6776351928 , 9.39583
56.41 , 23.6776351928 , 9.40167
56.44 , 23.6776351928 , 9.40717
56.48 , 23.6776351928 , 9.41300
56.51 , 23.7862472534 , 9.41867
56.55 , 23.6776351928 , 9.42450
56.58 , 23.6776351928 , 9.43017
56.62 , 23.6776351928 , 9.43583
56.65 , 23.7862472534 , 9.44150
56.68 , 23.7862472534 , 9.44733
56.72 , 23.8948593139 , 9.45300
56.75 , 23.8948593139 , 9.45883
56.79 , 23.8948593139 , 9.46433
56.82 , 24.0034732818 , 9.47017
56.86 , 24.0034732818 , 9.47583
56.89 , 23.8948593139 , 9.48167
56.92 , 23.8948593139 , 9.48733
56.96 , 24.0034732818 , 9.49300
56.99 , 24.0034732818 , 9.49867
57.03 , 24.0034732818 , 9.50450
57.06 , 24.0034732818 , 9.51017
57.10 , 24.0034732818 , 9.51600
57.13 , 24.0034732818 , 9.52150
57.16 , 24.1120853424 , 9.52733
57.20 , 24.1120853424 , 9.53300
57.23 , 24.1120853424 , 9.53883
57.27 , 24.1120853424 , 9.54450
57.30 , 24.0034732818 , 9.55033
57.34 , 24.1120853424 , 9.55583
57.37 , 24.1120853424 , 9.56167
57.40 , 24.1120853424 , 9.56733
57.44 , 24.1120853424 , 9.57317
57.47 , 24.1120853424 , 9.57883
57.51 , 24.2206993103 , 9.58450
57.54 , 24.1120853424 , 9.59033
57.58 , 24.2206993103 , 9.59600
57.61 , 24.2206993103 , 9.60183
57.65 , 24.3293113708 , 9.60750
57.68 , 24.3293113708 , 9.61317
57.71 , 24.3293113708 , 9.61883
57.75 , 24.2206993103 , 9.62467
57.78 , 24.3293113708 , 9.63033
57.82 , 24.3293113708 , 9.63617
57.85 , 24.3293113708 , 9.64167
57.88 , 24.3293113708 , 9.64750
57.92 , 24.3293113708 , 9.65317
57.95 , 24.4379253387 , 9.65900
57.99 , 24.4379253387 , 9.66467
58.02 , 24.4379253387 , 9.67033
58.06 , 24.5465373992 , 9.67600
58.09 , 24.5465373992 , 9.68183
58.13 , 24.5465373992 , 9.68750
58.16 , 24.5465373992 , 9.69333
58.19 , 24.4379253387 , 9.69883
58.23 , 24.5465373992 , 9.70467
58.26 , 24.5465373992 , 9.71033
58.30 , 24.5465373992 , 9.71617
58.33 , 24.6551494598 , 9.72183
58.37 , 24.6551494598 , 9.72750
58.40 , 24.6551494598 , 9.73317
58.43 , 24.6551494598 , 9.73900
58.47 , 24.6551494598 , 9.74467
58.50 , 24.7637634277 , 9.75050
58.54 , 24.6551494598 , 9.75600
58.57 , 24.7637634277 , 9.76183
58.61 , 24.7637634277 , 9.76767
58.64 , 24.7637634277 , 9.77333
58.68 , 24.7637634277 , 9.77917
58.71 , 24.7637634277 , 9.78467
58.74 , 24.8723754882 , 9.79050
58.78 , 24.8723754882 , 9.79617
58.81 , 24.8723754882 , 9.80200
58.85 , 24.8723754882 , 9.80767
58.88 , 24.8723754882 , 9.81350
58.91 , 24.8723754882 , 9.81900
58.95 , 24.8723754882 , 9.82483
58.98 , 24.9809894561 , 9.83050
59.02 , 24.9809894561 , 9.83633
59.05 , 24.9809894561 , 9.84200
59.09 , 24.9809894561 , 9.84767
59.12 , 24.9809894561 , 9.85333
59.15 , 25.0896015167 , 9.85917
59.19 , 24.9809894561 , 9.86483
59.22 , 24.9809894561 , 9.87067
59.26 , 25.0896015167 , 9.87617
59.29 , 25.0896015167 , 9.88200
59.33 , 25.0896015167 , 9.88767
59.36 , 25.0896015167 , 9.89350
59.40 , 25.0896015167 , 9.89917
59.43 , 25.0896015167 , 9.90483
59.46 , 25.3068275451 , 9.91050
59.50 , 25.1982154846 , 9.91633
59.53 , 25.0896015167 , 9.92200
59.57 , 25.3068275451 , 9.92783
59.60 , 25.1982154846 , 9.93333
59.63 , 25.1982154846 , 9.93917
59.67 , 25.3068275451 , 9.94483
59.70 , 25.1982154846 , 9.95067
59.74 , 25.3068275451 , 9.95650
59.77 , 25.3068275451 , 9.96200
59.81 , 25.3068275451 , 9.96783
59.84 , 25.3068275451 , 9.97350
59.88 , 25.3068275451 , 9.97933
59.91 , 25.3068275451 , 9.98500
59.94 , 25.4154415130 , 9.99067
59.98 , 25.4154415130 , 9.99633
60.01 , 25.4154415130 , 10.00217
60.05 , 25.4154415130 , 10.00800
60.08 , 25.4154415130 , 10.01400
60.12 , 25.4154415130 , 10.01983
60.15 , 25.4154415130 , 10.02567
60.19 , 25.4154415130 , 10.03150
60.22 , 25.5240535736 , 10.03750
60.26 , 25.5240535736 , 10.04333
60.30 , 25.5240535736 , 10.04933
60.33 , 25.5240535736 , 10.05517
60.37 , 25.5240535736 , 10.06100
60.40 , 25.6326713562 , 10.06683
60.44 , 25.6326713562 , 10.07283
60.47 , 25.6326713562 , 10.07883
60.51 , 25.6326713562 , 10.08467
60.54 , 25.6326713562 , 10.09067
60.58 , 25.6326713562 , 10.09633
60.61 , 25.7412853240 , 10.10233
60.65 , 25.7412853240 , 10.10817
60.69 , 25.7412853240 , 10.11417
60.72 , 25.8498973846 , 10.12000
60.76 , 25.7412853240 , 10.12583
60.79 , 25.8498973846 , 10.13167
60.83 , 25.8498973846 , 10.13767
60.86 , 25.9585113525 , 10.14350
60.90 , 25.8498973846 , 10.14950
60.93 , 25.9585113525 , 10.15533
60.97 , 25.9585113525 , 10.16117
61.00 , 25.9585113525 , 10.16717
61.04 , 25.9585113525 , 10.17300
61.07 , 25.9585113525 , 10.17900
61.11 , 25.9585113525 , 10.18483
61.15 , 25.9585113525 , 10.19083
61.18 , 25.9585113525 , 10.19650
61.22 , 25.9585113525 , 10.20250
61.25 , 26.0671234130 , 10.20833
61.29 , 26.0671234130 , 10.21433
61.32 , 26.0671234130 , 10.22017
61.36 , 26.0671234130 , 10.22617
61.39 , 26.0671234130 , 10.23183
61.43 , 26.1757354736 , 10.23783
61.46 , 26.1757354736 , 10.24367
61.50 , 26.1757354736 , 10.24967
61.53 , 26.1757354736 , 10.25550
61.57 , 26.2843494415 , 10.26150
61.60 , 26.1757354736 , 10.26733
61.64 , 26.1757354736 , 10.27317
61.68 , 26.2843494415 , 10.27917
61.71 , 26.2843494415 , 10.28500
61.75 , 26.2843494415 , 10.29100
61.78 , 26.2843494415 , 10.29667
61.82 , 26.2843494415 , 10.30267
61.85 , 26.2843494415 , 10.30850
61.89 , 26.2843494415 , 10.31450
61.92 , 26.3929615020 , 10.32033
61.96 , 26.3929615020 , 10.32633
61.99 , 26.3929615020 , 10.33200
62.03 , 26.3929615020 , 10.33800
62.06 , 26.3929615020 , 10.34383
62.10 , 26.3929615020 , 10.34983
62.13 , 26.5015754699 , 10.35583
62.17 , 26.3929615020 , 10.36167
62.21 , 26.5015754699 , 10.36750
62.24 , 26.5015754699 , 10.37333
62.28 , 26.3929615020 , 10.37933
62.31 , 26.5015754699 , 10.38517
62.35 , 26.5015754699 , 10.39117
62.38 , 26.7188014984 , 10.39700
62.42 , 26.5015754699 , 10.40283
62.45 , 26.6101875305 , 10.40867
62.49 , 26.6101875305 , 10.41467
62.52 , 26.6101875305 , 10.42050
62.56 , 26.7188014984 , 10.42650
62.59 , 26.6101875305 , 10.43233
62.63 , 26.7188014984 , 10.43817
62.66 , 26.6101875305 , 10.44400
62.70 , 26.7188014984 , 10.45000
62.74 , 26.6101875305 , 10.45600
62.77 , 26.7188014984 , 10.46183
62.81 , 26.8274135589 , 10.46783
62.84 , 26.7188014984 , 10.47350
62.88 , 26.8274135589 , 10.47950
62.91 , 26.8274135589 , 10.48533
62.95 , 26.8274135589 , 10.49133
62.98 , 26.8274135589 , 10.49717
63.02 , 26.8274135589 , 10.50317
63.05 , 26.9360275268 , 10.50883
63.09 , 26.9360275268 , 10.51483
63.12 , 26.9360275268 , 10.52067
63.16 , 26.9360275268 , 10.52667
63.20 , 26.9360275268 , 10.53250
63.23 , 26.9360275268 , 10.53833
63.27 , 26.9360275268 , 10.54433
63.30 , 27.0446395874 , 10.55017
63.34 , 27.0446395874 , 10.55617
63.37 , 27.0446395874 , 10.56200
63.41 , 27.1532516479 , 10.56800
63.44 , 27.1532516479 , 10.57367
63.48 , 27.1532516479 , 10.57967
63.51 , 27.1532516479 , 10.58550
63.55 , 27.0446395874 , 10.59150
63.58 , 27.1532516479 , 10.59733
63.62 , 27.1532516479 , 10.60333
63.65 , 27.2618656158 , 10.60900
63.69 , 27.2618656158 , 10.61500
63.72 , 27.2618656158 , 10.62083
63.76 , 27.2618656158 , 10.62683
63.80 , 27.3704776763 , 10.63267
63.83 , 27.3704776763 , 10.63867
63.87 , 27.3704776763 , 10.64450
63.90 , 27.3704776763 , 10.65033
63.94 , 27.2618656158 , 10.65633
63.97 , 27.3704776763 , 10.66217
64.01 , 27.3704776763 , 10.66817
64.04 , 27.5877037048 , 10.67400
64.08 , 27.3704776763 , 10.67983
64.11 , 27.4790916442 , 10.68567
64.15 , 27.4790916442 , 10.69167
64.18 , 27.3704776763 , 10.69750
64.22 , 27.4790916442 , 10.70350
64.26 , 27.5877037048 , 10.70933
64.29 , 27.4790916442 , 10.71517
64.33 , 27.4790916442 , 10.72100
64.36 , 27.5877037048 , 10.72700
64.40 , 27.5877037048 , 10.73300
64.43 , 27.5877037048 , 10.73883
64.47 , 27.5877037048 , 10.74467
64.50 , 27.5877037048 , 10.75050
64.54 , 27.6963176727 , 10.75650
64.57 , 27.5877037048 , 10.76233
64.61 , 27.5877037048 , 10.76833
64.64 , 27.6963176727 , 10.77417
64.68 , 27.6963176727 , 10.78000
64.71 , 27.6963176727 , 10.78583
64.75 , 27.6963176727 , 10.79183
64.79 , 27.6963176727 , 10.79767
64.82 , 27.6963176727 , 10.80367
64.86 , 27.8049297332 , 10.80950
64.89 , 27.8049297332 , 10.81533
64.93 , 27.8049297332 , 10.82117
64.96 , 27.8049297332 , 10.82717
65.00 , 27.9135437011 , 10.83317
65.03 , 27.9135437011 , 10.83900
65.07 , 27.9135437011 , 10.84500
65.10 , 27.9135437011 , 10.85067
65.14 , 27.9135437011 , 10.85667
65.18 , 27.9135437011 , 10.86250
65.21 , 27.9135437011 , 10.86850
65.25 , 28.0221557617 , 10.87433
65.28 , 27.9135437011 , 10.88033
65.32 , 28.0221557617 , 10.88600
65.35 , 28.0221557617 , 10.89200
65.39 , 28.0221557617 , 10.89783
65.42 , 28.1307678222 , 10.90383
65.46 , 28.1307678222 , 10.90967
65.49 , 28.1307678222 , 10.91567
65.53 , 28.1307678222 , 10.92150
65.56 , 28.1307678222 , 10.92733
65.60 , 28.1307678222 , 10.93333
65.63 , 28.1307678222 , 10.93917
65.67 , 28.1307678222 , 10.94517
65.70 , 28.2393817901 , 10.95083
65.74 , 28.2393817901 , 10.95683
65.78 , 28.2393817901 , 10.96267
65.81 , 28.2393817901 , 10.96867
65.85 , 28.3479938507 , 10.97450
65.88 , 28.3479938507 , 10.98050
65.92 , 28.3479938507 , 10.98617
65.95 , 28.3479938507 , 10.99217
65.99 , 28.4566078186 , 10.99800
66.02 , 28.3479938507 , 11.00400
66.06 , 28.4566078186 , 11.00983
66.09 , 28.4566078186 , 11.01583
66.13 , 28.4566078186 , 11.02167
66.16 , 28.4566078186 , 11.02750
66.20 , 28.5652198791 , 11.03350
66.24 , 28.5652198791 , 11.03933
66.27 , 28.4566078186 , 11.04533
66.31 , 28.5652198791 , 11.05117
66.34 , 28.5652198791 , 11.05700
66.38 , 28.5652198791 , 11.06283
66.41 , 28.5652198791 , 11.06883
66.45 , 28.5652198791 , 11.07467
66.48 , 28.5652198791 , 11.08067
66.52 , 28.5652198791 , 11.08650
66.55 , 28.6738338470 , 11.09233
66.59 , 28.6738338470 , 11.09817
66.62 , 28.6738338470 , 11.10417
66.66 , 28.6738338470 , 11.11017
66.70 , 28.7824459075 , 11.11600
66.73 , 28.6738338470 , 11.12200
66.77 , 28.7824459075 , 11.12767
66.80 , 28.7824459075 , 11.13367
66.84 , 28.7824459075 , 11.13950
66.87 , 28.7824459075 , 11.14550
66.91 , 28.7824459075 , 11.15133
66.94 , 28.7824459075 , 11.15733
66.98 , 28.8910598754 , 11.16300
67.01 , 28.8910598754 , 11.16900
67.05 , 28.8910598754 , 11.17483
67.08 , 28.8910598754 , 11.18083
67.12 , 28.8910598754 , 11.18667
67.15 , 28.8910598754 , 11.19250
67.19 , 28.8910598754 , 11.19833
67.23 , 28.8910598754 , 11.20433
67.26 , 28.9996719360 , 11.21033
67.30 , 28.9996719360 , 11.21617
67.33 , 28.9996719360 , 11.22217
67.37 , 28.9996719360 , 11.22783
67.40 , 29.1082839965 , 11.23383
67.44 , 28.9996719360 , 11.23967
67.47 , 29.1082839965 , 11.24567
67.51 , 28.9996719360 , 11.25150
67.54 , 29.1082839965 , 11.25750
67.58 , 29.1082839965 , 11.26317
67.61 , 29.1082839965 , 11.26917
67.65 , 29.2168979644 , 11.27500
67.69 , 29.1082839965 , 11.28100
67.72 , 29.1082839965 , 11.28683
67.76 , 29.2168979644 , 11.29283
67.79 , 29.2168979644 , 11.29867
67.83 , 29.2168979644 , 11.30450
67.86 , 29.2168979644 , 11.31050
67.90 , 29.3255100250 , 11.31633
67.93 , 29.3255100250 , 11.32233
67.97 , 29.3255100250 , 11.32817
68.00 , 29.3255100250 , 11.33400
68.04 , 29.3255100250 , 11.33983
68.07 , 29.4341239929 , 11.34583
68.11 , 29.4341239929 , 11.35167
68.15 , 29.4341239929 , 11.35767
68.18 , 29.4341239929 , 11.36333
68.22 , 29.4341239929 , 11.36933
68.25 , 29.4341239929 , 11.37517
68.29 , 29.4341239929 , 11.38117
68.32 , 29.4341239929 , 11.38700
68.36 , 29.5427360534 , 11.39300
68.39 , 29.5427360534 , 11.39883
68.43 , 29.5427360534 , 11.40467
68.46 , 29.5427360534 , 11.41067
68.50 , 29.5427360534 , 11.41650
68.54 , 29.7599620819 , 11.42250
68.57 , 29.6513500213 , 11.42833
68.61 , 29.6513500213 , 11.43417
68.64 , 29.7599620819 , 11.44000
68.68 , 29.6513500213 , 11.44600
68.71 , 29.6513500213 , 11.45183
68.75 , 29.6513500213 , 11.45783
68.78 , 29.6513500213 , 11.46367
68.82 , 29.7599620819 , 11.46950
68.85 , 29.7599620819 , 11.47533
68.89 , 29.7599620819 , 11.48133
68.92 , 29.7599620819 , 11.48733
68.96 , 29.8685741424 , 11.49317
69.00 , 29.8685741424 , 11.49917
69.03 , 29.7599620819 , 11.50483
69.06 , 29.8685741424 , 11.51083
69.10 , 29.8685741424 , 11.51667
69.14 , 29.8685741424 , 11.52267
69.17 , 29.8685741424 , 11.52850
69.21 , 29.9771881103 , 11.53450
69.24 , 29.8685741424 , 11.54017
69.28 , 29.9771881103 , 11.54617
69.31 , 29.9771881103 , 11.55200
69.35 , 30.0858001708 , 11.55800
69.38 , 30.0858001708 , 11.56383
69.42 , 29.9771881103 , 11.56983
69.45 , 29.9771881103 , 11.57550
69.49 , 30.0858001708 , 11.58150
69.52 , 29.9771881103 , 11.58750
69.56 , 30.0858001708 , 11.59333
69.60 , 30.0858001708 , 11.59933
69.63 , 30.0858001708 , 11.60500
69.67 , 30.0858001708 , 11.61100
69.70 , 30.1944141387 , 11.61683
69.74 , 30.1944141387 , 11.62283
69.77 , 30.1944141387 , 11.62867
69.81 , 30.1944141387 , 11.63467
69.84 , 30.3030261993 , 11.64033
69.88 , 30.1944141387 , 11.64633
69.91 , 30.1944141387 , 11.65217
69.95 , 30.3030261993 , 11.65817
69.98 , 30.3030261993 , 11.66400
70.02 , 30.3030261993 , 11.67000
70.05 , 30.3030261993 , 11.67583
70.09 , 30.4116401672 , 11.68167
70.13 , 30.5202522277 , 11.68767
70.16 , 30.3030261993 , 11.69350
70.20 , 30.4116401672 , 11.69950
70.23 , 30.5202522277 , 11.70533
70.27 , 30.5202522277 , 11.71117
70.30 , 30.4116401672 , 11.71700
70.34 , 30.5202522277 , 11.72300
70.37 , 30.4116401672 , 11.72883
70.41 , 30.4116401672 , 11.73483
70.44 , 30.5202522277 , 11.74067
70.48 , 30.5202522277 , 11.74650
70.51 , 30.5202522277 , 11.75233
70.55 , 30.6288661956 , 11.75833
70.58 , 30.6288661956 , 11.76417
70.62 , 30.5202522277 , 11.77017
70.66 , 30.6288661956 , 11.77617
70.69 , 30.7374782562 , 11.78183
70.73 , 30.6288661956 , 11.78783
70.76 , 30.7374782562 , 11.79367
70.80 , 30.7374782562 , 11.79967
70.83 , 30.7374782562 , 11.80550
70.87 , 30.7374782562 , 11.81133
70.90 , 30.7374782562 , 11.81717
70.94 , 30.8460903167 , 11.82317
70.97 , 30.7374782562 , 11.82900
71.01 , 30.8460903167 , 11.83500
71.04 , 30.8460903167 , 11.84083
71.08 , 30.8460903167 , 11.84667
71.11 , 30.8460903167 , 11.85250
71.15 , 30.9547042846 , 11.85850
71.19 , 30.9547042846 , 11.86450
71.22 , 30.9547042846 , 11.87033
71.26 , 31.0633163452 , 11.87633
71.29 , 30.9547042846 , 11.88200
71.33 , 31.0633163452 , 11.88800
71.36 , 30.9547042846 , 11.89383
71.40 , 31.0633163452 , 11.89983
71.43 , 30.9547042846 , 11.90567
71.47 , 31.0633163452 , 11.91167
71.50 , 31.0633163452 , 11.91733
71.54 , 31.0633163452 , 11.92333
71.57 , 31.0633163452 , 11.92917
71.61 , 31.0633163452 , 11.93517
71.65 , 31.1719360351 , 11.94100
71.68 , 31.1719360351 , 11.94700
71.72 , 31.1719360351 , 11.95267
71.75 , 31.1719360351 , 11.95867
71.79 , 31.1719360351 , 11.96467
71.82 , 31.1719360351 , 11.97050
71.86 , 31.1719360351 , 11.97650
71.89 , 31.2805480957 , 11.98233
71.93 , 31.2805480957 , 11.98817
71.96 , 31.2805480957 , 11.99400
72.00 , 31.1719360351 , 12.00000
72.04 , 31.1719360351 , 12.00583
72.07 , 31.2805480957 , 12.01183
72.11 , 31.2805480957 , 12.01750
72.14 , 31.2805480957 , 12.02350
72.18 , 31.2805480957 , 12.02933
72.21 , 31.2805480957 , 12.03533
72.25 , 31.3891601562 , 12.04117
72.28 , 31.3891601562 , 12.04717
72.32 , 31.3891601562 , 12.05300
72.35 , 31.4977741241 , 12.05883
72.39 , 31.4977741241 , 12.06483
72.42 , 31.3891601562 , 12.07067
72.46 , 31.3891601562 , 12.07667
72.50 , 31.4977741241 , 12.08250
72.53 , 31.4977741241 , 12.08833
72.56 , 31.4977741241 , 12.09417
72.60 , 31.6063861846 , 12.10017
72.64 , 31.6063861846 , 12.10600
72.67 , 31.6063861846 , 12.11200
72.71 , 31.6063861846 , 12.11783
72.74 , 31.4977741241 , 12.12367
72.78 , 31.6063861846 , 12.12950
72.81 , 31.7150001525 , 12.13550
72.85 , 31.6063861846 , 12.14133
72.88 , 31.7150001525 , 12.14733
72.92 , 31.7150001525 , 12.15333
72.95 , 31.7150001525 , 12.15900
72.99 , 31.8236122131 , 12.16500
73.02 , 31.7150001525 , 12.17083
73.06 , 31.7150001525 , 12.17683
73.10 , 31.8236122131 , 12.18267
73.13 , 31.7150001525 , 12.18867
73.17 , 31.8236122131 , 12.19433
73.20 , 31.9322261810 , 12.20033
73.24 , 31.8236122131 , 12.20617
73.27 , 31.9322261810 , 12.21217
73.31 , 31.9322261810 , 12.21800
73.34 , 31.9322261810 , 12.22400
73.38 , 31.9322261810 , 12.22967
73.41 , 32.0408401489 , 12.23567
73.45 , 32.0408401489 , 12.24167
73.48 , 32.0408401489 , 12.24750
73.52 , 32.1494522094 , 12.25350
73.55 , 32.0408401489 , 12.25917
73.59 , 32.0408401489 , 12.26517
73.63 , 32.1494522094 , 12.27100
73.66 , 32.0408401489 , 12.27700
73.70 , 32.1494522094 , 12.28283
73.73 , 32.1494522094 , 12.28883
73.77 , 32.1494522094 , 12.29450
73.80 , 32.1494522094 , 12.30050
73.84 , 32.1494522094 , 12.30633
73.87 , 32.1494522094 , 12.31233
73.91 , 32.1494522094 , 12.31817
73.94 , 32.2580642700 , 12.32417
73.98 , 32.2580642700 , 12.32983
74.01 , 32.2580642700 , 12.33583
74.05 , 32.2580642700 , 12.34183
74.09 , 32.2580642700 , 12.34767
74.12 , 32.2580642700 , 12.35367
74.16 , 32.2580642700 , 12.35950
74.19 , 32.2580642700 , 12.36533
74.23 , 32.3666763305 , 12.37117
74.26 , 32.3666763305 , 12.37717
74.30 , 32.3666763305 , 12.38300
74.33 , 32.2580642700 , 12.38900
74.37 , 32.3666763305 , 12.39483
74.40 , 32.3666763305 , 12.40067
74.44 , 32.3666763305 , 12.40650
74.47 , 32.4752883911 , 12.41250
74.51 , 32.5839042663 , 12.41833
74.55 , 32.4752883911 , 12.42433
74.58 , 32.4752883911 , 12.43033
74.62 , 32.4752883911 , 12.43600
74.65 , 32.4752883911 , 12.44200
74.69 , 32.5839042663 , 12.44783
74.72 , 32.5839042663 , 12.45383
74.76 , 32.5839042663 , 12.45967
74.79 , 32.5839042663 , 12.46550
74.83 , 32.5839042663 , 12.47133
74.86 , 32.6925163269 , 12.47733
74.90 , 32.6925163269 , 12.48317
74.93 , 32.6925163269 , 12.48917
74.97 , 32.6925163269 , 12.49500
75.00 , 32.6925163269 , 12.50083
75.04 , 32.8011283874 , 12.50667
75.08 , 32.6925163269 , 12.51267
75.11 , 32.8011283874 , 12.51850
75.15 , 32.8011283874 , 12.52450
75.18 , 32.8011283874 , 12.53050
75.22 , 32.8011283874 , 12.53617
75.25 , 32.8011283874 , 12.54217
75.29 , 32.8011283874 , 12.54800
75.32 , 32.9097404479 , 12.55400
75.36 , 32.9097404479 , 12.55983
75.39 , 32.9097404479 , 12.56583
75.43 , 32.9097404479 , 12.57150
75.46 , 33.0183563232 , 12.57750
75.50 , 33.0183563232 , 12.58333
75.54 , 33.1269683837 , 12.58933
75.57 , 33.0183563232 , 12.59517
75.61 , 33.0183563232 , 12.60117
75.64 , 33.0183563232 , 12.60683
75.68 , 33.1269683837 , 12.61283
75.71 , 33.1269683837 , 12.61883
75.75 , 33.1269683837 , 12.62467
75.78 , 33.1269683837 , 12.63067
75.82 , 33.1269683837 , 12.63650
75.85 , 33.1269683837 , 12.64233
75.89 , 33.1269683837 , 12.64817
75.93 , 33.2355804443 , 12.65417
75.96 , 33.2355804443 , 12.66000
76.00 , 33.2355804443 , 12.66600
76.03 , 33.3441925048 , 12.67167
76.07 , 33.2355804443 , 12.67767
76.10 , 33.2355804443 , 12.68350
76.14 , 33.2355804443 , 12.68950
76.17 , 33.3441925048 , 12.69533
76.21 , 33.3441925048 , 12.70133
76.24 , 33.3441925048 , 12.70700
76.28 , 33.2355804443 , 12.71300
76.31 , 33.3441925048 , 12.71900
76.35 , 33.3441925048 , 12.72483
76.38 , 33.4528045654 , 12.73083
76.42 , 33.4528045654 , 12.73667
76.45 , 33.3441925048 , 12.74250
76.49 , 33.4528045654 , 12.74833
76.53 , 33.4528045654 , 12.75433
76.56 , 33.4528045654 , 12.76017
76.60 , 33.4528045654 , 12.76617
76.63 , 33.4528045654 , 12.77200
76.67 , 33.4528045654 , 12.77783
76.70 , 33.5614204406 , 12.78367
76.74 , 33.4528045654 , 12.78967
76.77 , 33.5614204406 , 12.79550
76.81 , 33.5614204406 , 12.80150
76.84 , 33.5614204406 , 12.80750
76.88 , 33.6700325012 , 12.81317
76.91 , 33.6700325012 , 12.81917
76.95 , 33.6700325012 , 12.82500
76.99 , 33.5614204406 , 12.83100
77.02 , 33.6700325012 , 12.83683
77.06 , 33.6700325012 , 12.84283
77.09 , 33.7786445617 , 12.84850
77.13 , 33.6700325012 , 12.85450
77.16 , 33.7786445617 , 12.86033
77.20 , 33.7786445617 , 12.86633
77.23 , 33.7786445617 , 12.87217
77.27 , 33.7786445617 , 12.87800
77.30 , 33.7786445617 , 12.88383
77.34 , 33.8872566223 , 12.88983
77.37 , 33.7786445617 , 12.89567
77.41 , 33.8872566223 , 12.90167
77.45 , 33.8872566223 , 12.90767
77.48 , 33.9958724975 , 12.91333
77.52 , 33.8872566223 , 12.91933
77.55 , 33.8872566223 , 12.92517
77.59 , 33.8872566223 , 12.93117
77.62 , 33.9958724975 , 12.93700
77.66 , 33.9958724975 , 12.94300
77.69 , 33.9958724975 , 12.94867
77.73 , 33.9958724975 , 12.95467
77.76 , 33.9958724975 , 12.96050
77.80 , 34.1044845581 , 12.96650
77.83 , 33.9958724975 , 12.97233
77.87 , 34.1044845581 , 12.97833
77.90 , 34.1044845581 , 12.98400
77.94 , 34.1044845581 , 12.99000
77.98 , 34.1044845581 , 12.99600
78.01 , 34.1044845581 , 13.00183
78.05 , 34.2130966186 , 13.00783
78.08 , 34.1044845581 , 13.01367
78.12 , 34.2130966186 , 13.01950
78.15 , 34.2130966186 , 13.02533
78.19 , 34.2130966186 , 13.03133
78.22 , 34.3217086791 , 13.03717
78.26 , 34.3217086791 , 13.04317
78.29 , 34.3217086791 , 13.04900
78.33 , 34.3217086791 , 13.05483
78.36 , 34.4303207397 , 13.06067
78.40 , 34.4303207397 , 13.06667
78.43 , 34.3217086791 , 13.07250
78.47 , 34.3217086791 , 13.07850
78.50 , 34.4303207397 , 13.08417
78.54 , 34.4303207397 , 13.09017
78.58 , 34.4303207397 , 13.09617
78.61 , 34.4303207397 , 13.10200
78.65 , 34.4303207397 , 13.10800
78.68 , 34.5389366149 , 13.11383
78.72 , 34.4303207397 , 13.11967
78.75 , 34.4303207397 , 13.12550
78.79 , 34.4303207397 , 13.13150
78.82 , 34.5389366149 , 13.13733
78.86 , 34.4303207397 , 13.14333
78.89 , 34.5389366149 , 13.14917
78.93 , 34.5389366149 , 13.15500
78.96 , 34.4303207397 , 13.16083
79.00 , 34.6475486755 , 13.16683
79.04 , 34.6475486755 , 13.17267
79.07 , 34.6475486755 , 13.17867
79.11 , 34.6475486755 , 13.18467
79.14 , 34.6475486755 , 13.19033
79.18 , 34.6475486755 , 13.19633
79.21 , 34.6475486755 , 13.20217
79.25 , 34.6475486755 , 13.20817
79.28 , 34.6475486755 , 13.21400
79.32 , 34.7561607360 , 13.22000
79.35 , 34.7561607360 , 13.22567
79.39 , 34.7561607360 , 13.23167
79.43 , 34.7561607360 , 13.23750
79.46 , 34.7561607360 , 13.24350
79.50 , 34.8647727966 , 13.24933
79.53 , 34.8647727966 , 13.25533
79.57 , 34.8647727966 , 13.26100
79.60 , 34.8647727966 , 13.26700
79.64 , 34.8647727966 , 13.27283
79.67 , 34.8647727966 , 13.27883
79.71 , 34.8647727966 , 13.28483
79.74 , 34.9733886718 , 13.29067
79.78 , 34.8647727966 , 13.29650
79.81 , 34.9733886718 , 13.30233
79.85 , 34.9733886718 , 13.30833
79.88 , 34.9733886718 , 13.31417
79.92 , 34.9733886718 , 13.32017
79.95 , 35.0820007324 , 13.32583
79.99 , 35.0820007324 , 13.33183
80.03 , 35.0820007324 , 13.33767
80.06 , 35.0820007324 , 13.34367
80.10 , 35.0820007324 , 13.34950
80.13 , 35.0820007324 , 13.35550
80.17 , 35.1906127929 , 13.36117
80.20 , 35.1906127929 , 13.36717
80.24 , 35.0820007324 , 13.37317
80.27 , 35.0820007324 , 13.37900
80.31 , 35.1906127929 , 13.38500
80.34 , 35.1906127929 , 13.39083
80.38 , 35.1906127929 , 13.39667
80.41 , 35.1906127929 , 13.40250
80.45 , 35.2992248535 , 13.40850
80.49 , 35.2992248535 , 13.41433
80.52 , 35.2992248535 , 13.42033
80.56 , 35.2992248535 , 13.42617
80.59 , 35.4078445434 , 13.43200
80.63 , 35.4078445434 , 13.43783
80.66 , 35.4078445434 , 13.44383
80.70 , 35.4078445434 , 13.44967
80.73 , 35.2992248535 , 13.45567
80.77 , 35.4078445434 , 13.46150
80.80 , 35.4078445434 , 13.46733
80.84 , 35.4078445434 , 13.47333
80.87 , 35.4078445434 , 13.47917
80.91 , 35.4078445434 , 13.48517
80.95 , 35.5164566040 , 13.49100
80.98 , 35.5164566040 , 13.49700
81.02 , 35.5164566040 , 13.50267
81.05 , 35.5164566040 , 13.50867
81.09 , 35.5164566040 , 13.51450
81.12 , 35.6250686645 , 13.52050
81.16 , 35.5164566040 , 13.52633
81.19 , 35.5164566040 , 13.53217
81.23 , 35.5164566040 , 13.53800
81.26 , 35.6250686645 , 13.54400
81.30 , 35.6250686645 , 13.54983
81.33 , 35.6250686645 , 13.55583
81.37 , 35.6250686645 , 13.56183
81.40 , 35.7336807250 , 13.56750
81.44 , 35.7336807250 , 13.57350
81.48 , 35.6250686645 , 13.57933
81.51 , 35.7336807250 , 13.58533
81.55 , 35.7336807250 , 13.59117
81.58 , 35.7336807250 , 13.59717
81.62 , 35.7336807250 , 13.60283
81.65 , 35.7336807250 , 13.60883
81.69 , 35.8422966003 , 13.61467
81.72 , 35.7336807250 , 13.62067
81.76 , 35.8422966003 , 13.62650
81.79 , 35.8422966003 , 13.63250
81.83 , 35.8422966003 , 13.63817
81.86 , 35.7336807250 , 13.64417
81.90 , 35.9509086608 , 13.65000
81.94 , 35.8422966003 , 13.65600
81.97 , 35.9509086608 , 13.66200
82.01 , 35.9509086608 , 13.66783
82.04 , 35.9509086608 , 13.67367
82.08 , 35.9509086608 , 13.67950
82.11 , 35.9509086608 , 13.68550
82.15 , 36.0595207214 , 13.69133
82.18 , 36.0595207214 , 13.69733
82.22 , 36.0595207214 , 13.70317
82.25 , 36.0595207214 , 13.70900
82.29 , 36.0595207214 , 13.71483
82.32 , 36.0595207214 , 13.72083
82.36 , 36.0595207214 , 13.72667
82.40 , 36.1681327819 , 13.73267
82.43 , 36.1681327819 , 13.73833
82.47 , 36.1681327819 , 13.74433
82.50 , 36.2767486572 , 13.75033
82.54 , 36.2767486572 , 13.75617
82.57 , 36.1681327819 , 13.76217
82.61 , 36.2767486572 , 13.76800
82.64 , 36.2767486572 , 13.77383
82.68 , 36.3853607177 , 13.77967
82.71 , 36.2767486572 , 13.78567
82.75 , 36.2767486572 , 13.79150
82.79 , 36.2767486572 , 13.79750
82.82 , 36.3853607177 , 13.80333
82.86 , 36.3853607177 , 13.80917
82.89 , 36.3853607177 , 13.81500
82.93 , 36.3853607177 , 13.82100
82.96 , 36.3853607177 , 13.82683
83.00 , 36.3853607177 , 13.83283
83.03 , 36.4939727783 , 13.83867
83.07 , 36.4939727783 , 13.84450
83.10 , 36.4939727783 , 13.85050
83.14 , 36.4939727783 , 13.85633
83.17 , 36.4939727783 , 13.86233
83.21 , 36.6025848388 , 13.86817
83.25 , 36.6025848388 , 13.87417
83.28 , 36.4939727783 , 13.87983
83.31 , 36.6025848388 , 13.88583
83.35 , 36.6025848388 , 13.89167
83.39 , 36.6025848388 , 13.89767
83.42 , 36.7111968994 , 13.90350
83.46 , 36.6025848388 , 13.90950
83.49 , 36.6025848388 , 13.91517
83.53 , 36.6025848388 , 13.92117
83.56 , 36.7111968994 , 13.92700
83.60 , 36.8198127746 , 13.93300
83.63 , 36.7111968994 , 13.93900
83.67 , 36.8198127746 , 13.94467
83.70 , 36.7111968994 , 13.95067
83.74 , 36.8198127746 , 13.95650
83.77 , 36.7111968994 , 13.96250
83.81 , 36.8198127746 , 13.96833
83.85 , 36.8198127746 , 13.97433
83.88 , 36.8198127746 , 13.98000
83.92 , 36.9284248352 , 13.98600
83.95 , 36.8198127746 , 13.99183
83.99 , 36.8198127746 , 13.99783
84.02 , 36.9284248352 , 14.00367
84.06 , 36.8198127746 , 14.00967
84.09 , 36.9284248352 , 14.01533
84.13 , 36.9284248352 , 14.02133
84.16 , 36.9284248352 , 14.02717
84.20 , 36.9284248352 , 14.03317
84.23 , 37.0370368957 , 14.03917
84.27 , 36.9284248352 , 14.04500
84.30 , 37.0370368957 , 14.05083
84.34 , 37.0370368957 , 14.05667
84.38 , 37.0370368957 , 14.06267
84.41 , 37.1456489562 , 14.06850
84.45 , 37.0370368957 , 14.07450
84.48 , 37.0370368957 , 14.08033
84.52 , 37.0370368957 , 14.08617
84.55 , 37.0370368957 , 14.09200
84.59 , 37.0370368957 , 14.09800
84.62 , 37.1456489562 , 14.10383
84.66 , 37.1456489562 , 14.10983
84.69 , 37.1456489562 , 14.11567
84.73 , 37.1456489562 , 14.12150
84.76 , 37.2542648315 , 14.12750
84.80 , 37.2542648315 , 14.13333
84.84 , 37.2542648315 , 14.13933
84.87 , 37.2542648315 , 14.14517
84.91 , 37.3628768920 , 14.15117
84.94 , 37.2542648315 , 14.15683
84.98 , 37.3628768920 , 14.16283
85.01 , 37.3628768920 , 14.16867
85.05 , 37.3628768920 , 14.17467
85.08 , 37.3628768920 , 14.18050
85.12 , 37.3628768920 , 14.18633
85.15 , 37.3628768920 , 14.19217
85.19 , 37.3628768920 , 14.19817
85.22 , 37.4714889526 , 14.20400
85.26 , 37.4714889526 , 14.21000
85.29 , 37.4714889526 , 14.21583
85.33 , 37.4714889526 , 14.22167
85.37 , 37.4714889526 , 14.22767
85.40 , 37.5801010131 , 14.23350
85.44 , 37.5801010131 , 14.23950
85.47 , 37.5801010131 , 14.24533
85.51 , 37.5801010131 , 14.25133
85.54 , 37.5801010131 , 14.25700
85.58 , 37.6887130737 , 14.26300
85.61 , 37.5801010131 , 14.26883
85.65 , 37.6887130737 , 14.27483
85.68 , 37.5801010131 , 14.28067
85.72 , 37.6887130737 , 14.28667
85.75 , 37.7973289489 , 14.29233
85.79 , 37.6887130737 , 14.29833
85.82 , 37.7973289489 , 14.30417
85.86 , 37.6887130737 , 14.31017
85.90 , 37.6887130737 , 14.31617
85.93 , 37.7973289489 , 14.32200
85.97 , 37.6887130737 , 14.32783
86.00 , 37.7973289489 , 14.33367
86.04 , 37.7973289489 , 14.33967
86.07 , 37.7973289489 , 14.34550
86.11 , 37.7973289489 , 14.35150
86.14 , 37.7973289489 , 14.35733
86.18 , 37.9059410095 , 14.36317
86.21 , 37.7973289489 , 14.36900
86.25 , 37.9059410095 , 14.37500
86.29 , 37.9059410095 , 14.38083
86.32 , 37.9059410095 , 14.38683
86.36 , 37.9059410095 , 14.39250
86.39 , 37.9059410095 , 14.39850
86.43 , 37.9059410095 , 14.40433
86.46 , 38.0145530700 , 14.41033
86.50 , 38.0145530700 , 14.41633
86.53 , 37.9059410095 , 14.42217
86.57 , 38.0145530700 , 14.42800
86.60 , 38.0145530700 , 14.43383
86.64 , 38.0145530700 , 14.43983
86.67 , 38.0145530700 , 14.44567
86.71 , 38.1231651306 , 14.45167
86.75 , 38.0145530700 , 14.45750
86.78 , 38.1231651306 , 14.46333
86.81 , 38.1231651306 , 14.46917
86.85 , 38.1231651306 , 14.47517
86.89 , 38.1231651306 , 14.48100
86.92 , 38.2317810058 , 14.48700
86.96 , 38.2317810058 , 14.49283
86.99 , 38.2317810058 , 14.49867
87.03 , 38.2317810058 , 14.50467
87.06 , 38.3403930664 , 14.51050
87.10 , 38.3403930664 , 14.51650
87.13 , 38.3403930664 , 14.52233
87.17 , 38.3403930664 , 14.52833
87.20 , 38.3403930664 , 14.53400
87.24 , 38.2317810058 , 14.54000
87.27 , 38.4490051269 , 14.54583
87.31 , 38.3403930664 , 14.55183
87.35 , 38.3403930664 , 14.55767
87.38 , 38.3403930664 , 14.56367
87.42 , 38.4490051269 , 14.56933
87.45 , 38.4490051269 , 14.57533
87.49 , 38.4490051269 , 14.58117
87.52 , 38.4490051269 , 14.58717
87.56 , 38.4490051269 , 14.59300
87.59 , 38.4490051269 , 14.59883
87.63 , 38.4490051269 , 14.60483
87.66 , 38.4490051269 , 14.61067
87.70 , 38.5576171875 , 14.61667
87.73 , 38.5576171875 , 14.62250
87.77 , 38.5576171875 , 14.62850
87.80 , 38.5576171875 , 14.63417
87.84 , 38.5576171875 , 14.64017
87.88 , 38.6662292480 , 14.64600
87.91 , 38.6662292480 , 14.65200
87.95 , 38.6662292480 , 14.65783
87.98 , 38.6662292480 , 14.66383
88.02 , 38.6662292480 , 14.66950
88.05 , 38.6662292480 , 14.67550
88.09 , 38.7748451232 , 14.68133
88.12 , 38.6662292480 , 14.68733
88.16 , 38.7748451232 , 14.69333
88.19 , 38.6662292480 , 14.69917
88.23 , 38.7748451232 , 14.70500
88.26 , 38.6662292480 , 14.71083
88.30 , 38.7748451232 , 14.71683
88.34 , 38.7748451232 , 14.72267
88.37 , 38.8834571838 , 14.72867
88.41 , 38.8834571838 , 14.73450
88.44 , 38.8834571838 , 14.74033
88.48 , 38.7748451232 , 14.74617
88.51 , 38.8834571838 , 14.75217
88.55 , 38.7748451232 , 14.75800
88.58 , 38.7748451232 , 14.76400
88.62 , 38.8834571838 , 14.76983
88.65 , 38.8834571838 , 14.77567
88.69 , 38.9920692443 , 14.78150
88.72 , 38.8834571838 , 14.78750
88.76 , 38.9920692443 , 14.79350
88.80 , 38.9920692443 , 14.79933
88.83 , 38.9920692443 , 14.80533
88.87 , 38.9920692443 , 14.81100
88.90 , 38.9920692443 , 14.81700
88.94 , 38.8834571838 , 14.82283
88.97 , 39.1006813049 , 14.82883
89.01 , 38.9920692443 , 14.83467
89.04 , 39.1006813049 , 14.84050
89.08 , 39.1006813049 , 14.84633
89.11 , 39.1006813049 , 14.85233
89.15 , 39.1006813049 , 14.85817
89.18 , 39.1006813049 , 14.86417
89.22 , 39.1006813049 , 14.87000
89.25 , 39.2092971801 , 14.87583
89.29 , 39.2092971801 , 14.88183
89.33 , 39.2092971801 , 14.88767
89.36 , 39.2092971801 , 14.89367
89.40 , 39.2092971801 , 14.89950
89.43 , 39.3179092407 , 14.90550
89.47 , 39.2092971801 , 14.91117
89.50 , 39.3179092407 , 14.91717
89.54 , 39.3179092407 , 14.92300
89.57 , 39.3179092407 , 14.92900
89.61 , 39.3179092407 , 14.93483
89.64 , 39.3179092407 , 14.94083
89.68 , 39.3179092407 , 14.94650
89.71 , 39.4265213012 , 14.95250
89.75 , 39.4265213012 , 14.95833
89.79 , 39.4265213012 , 14.96433
89.82 , 39.4265213012 , 14.97017
89.86 , 39.5351333618 , 14.97617
89.89 , 39.5351333618 , 14.98200
89.93 , 39.5351333618 , 14.98783
89.96 , 39.5351333618 , 14.99383
90.00 , 39.5351333618 , 14.99967
90.03 , 39.6437454223 , 15.00567
90.07 , 39.5351333618 , 15.01133
90.10 , 39.5351333618 , 15.01733
90.14 , 39.5351333618 , 15.02317
90.18 , 39.5351333618 , 15.02917
90.21 , 39.6437454223 , 15.03500
90.25 , 39.6437454223 , 15.04100
90.28 , 39.6437454223 , 15.04667
90.32 , 39.6437454223 , 15.05267
90.35 , 39.6437454223 , 15.05850
90.39 , 39.6437454223 , 15.06450
90.42 , 39.7523612976 , 15.07050
90.46 , 39.7523612976 , 15.07633
90.49 , 39.6437454223 , 15.08217
90.53 , 39.7523612976 , 15.08800
90.56 , 39.7523612976 , 15.09400
90.60 , 39.7523612976 , 15.09983
90.63 , 39.8609733581 , 15.10583
90.67 , 39.8609733581 , 15.11167
90.70 , 39.7523612976 , 15.11750
90.74 , 39.8609733581 , 15.12333
90.78 , 39.8609733581 , 15.12933
90.81 , 39.8609733581 , 15.13517
90.85 , 39.8609733581 , 15.14117
90.88 , 39.8609733581 , 15.14700
90.92 , 39.8609733581 , 15.15283
90.95 , 39.8609733581 , 15.15867
90.99 , 39.8609733581 , 15.16467
91.02 , 39.8609733581 , 15.17067
91.06 , 39.9695854187 , 15.17650
91.09 , 40.0781974792 , 15.18250
91.13 , 39.9695854187 , 15.18817
91.16 , 39.9695854187 , 15.19417
91.20 , 39.9695854187 , 15.20000
91.24 , 40.0781974792 , 15.20600
91.27 , 40.0781974792 , 15.21183
91.31 , 39.9695854187 , 15.21783
91.34 , 40.0781974792 , 15.22350
91.38 , 40.0781974792 , 15.22950
91.41 , 40.0781974792 , 15.23533
91.45 , 40.0781974792 , 15.24133
91.48 , 40.0781974792 , 15.24717
91.52 , 40.1868133544 , 15.25300
91.55 , 40.1868133544 , 15.25900
91.59 , 40.0781974792 , 15.26483
91.62 , 40.0781974792 , 15.27083
91.66 , 40.1868133544 , 15.27667
91.70 , 40.0781974792 , 15.28267
91.73 , 40.1868133544 , 15.28833
91.77 , 40.1868133544 , 15.29433
91.80 , 40.2954254150 , 15.30017
91.84 , 40.1868133544 , 15.30617
91.87 , 40.2954254150 , 15.31200
91.91 , 40.2954254150 , 15.31800
91.94 , 40.2954254150 , 15.32367
91.98 , 40.2954254150 , 15.32967
92.01 , 40.2954254150 , 15.33550
92.05 , 40.4040374755 , 15.34150
92.08 , 40.4040374755 , 15.34733
92.12 , 40.4040374755 , 15.35333
92.15 , 40.4040374755 , 15.35917
92.19 , 40.4040374755 , 15.36500
92.23 , 40.5126495361 , 15.37100
92.26 , 40.4040374755 , 15.37683
92.30 , 40.4040374755 , 15.38283
92.33 , 40.5126495361 , 15.38867
92.37 , 40.5126495361 , 15.39450
92.40 , 40.4040374755 , 15.40033
92.44 , 40.5126495361 , 15.40633
92.47 , 40.6212615966 , 15.41217
92.51 , 40.5126495361 , 15.41817
92.54 , 40.6212615966 , 15.42400
92.58 , 40.6212615966 , 15.42983
92.61 , 40.5126495361 , 15.43567
92.65 , 40.6212615966 , 15.44167
92.69 , 40.6212615966 , 15.44767
92.72 , 40.6212615966 , 15.45350
92.76 , 40.6212615966 , 15.45933
92.79 , 40.6212615966 , 15.46517
92.83 , 40.6212615966 , 15.47117
92.86 , 40.7298774719 , 15.47700
92.90 , 40.7298774719 , 15.48300
92.93 , 40.7298774719 , 15.48883
92.97 , 40.7298774719 , 15.49467
93.00 , 40.6212615966 , 15.50050
93.04 , 40.7298774719 , 15.50650
93.07 , 40.8384895324 , 15.51233
93.11 , 40.7298774719 , 15.51833
93.14 , 40.7298774719 , 15.52417
93.18 , 40.7298774719 , 15.53000
93.21 , 40.8384895324 , 15.53583
93.25 , 40.8384895324 , 15.54183
93.29 , 40.8384895324 , 15.54783
93.32 , 40.9471054077 , 15.55367
93.36 , 40.8384895324 , 15.55967
93.39 , 40.8384895324 , 15.56533
93.43 , 40.9471054077 , 15.57133
93.46 , 40.9471054077 , 15.57717
93.50 , 40.9471054077 , 15.58317
93.53 , 40.9471054077 , 15.58900
93.57 , 40.9471054077 , 15.59500
93.60 , 40.9471054077 , 15.60067
93.64 , 40.9471054077 , 15.60667
93.68 , 40.9471054077 , 15.61250
93.71 , 40.9471054077 , 15.61850
93.75 , 40.9471054077 , 15.62433
93.78 , 41.0557212829 , 15.63033
93.82 , 41.0557212829 , 15.63617
93.85 , 41.0557212829 , 15.64200
93.89 , 41.0557212829 , 15.64800
93.92 , 41.0557212829 , 15.65383
93.96 , 41.0557212829 , 15.65983
93.99 , 41.1643333435 , 15.66550
94.03 , 41.1643333435 , 15.67150
94.06 , 41.1643333435 , 15.67733
94.10 , 41.1643333435 , 15.68333
94.13 , 41.1643333435 , 15.68917
94.17 , 41.1643333435 , 15.69517
94.20 , 41.1643333435 , 15.70083
94.24 , 41.1643333435 , 15.70683
94.28 , 41.1643333435 , 15.71267
94.31 , 41.2729454040 , 15.71867
94.35 , 41.2729454040 , 15.72450
94.38 , 41.2729454040 , 15.73050
94.42 , 41.2729454040 , 15.73633
94.45 , 41.2729454040 , 15.74217
94.49 , 41.2729454040 , 15.74817
94.52 , 41.2729454040 , 15.75400
94.56 , 41.2729454040 , 15.76000
94.59 , 41.3815574645 , 15.76583
94.63 , 41.3815574645 , 15.77167
94.66 , 41.4901733398 , 15.77750
94.70 , 41.3815574645 , 15.78350
94.74 , 41.3815574645 , 15.78933
94.77 , 41.3815574645 , 15.79533
94.81 , 41.4901733398 , 15.80117
94.84 , 41.4901733398 , 15.80700
94.88 , 41.4901733398 , 15.81283
94.91 , 41.4901733398 , 15.81883
94.95 , 41.4901733398 , 15.82483
94.98 , 41.4901733398 , 15.83067
95.02 , 41.4901733398 , 15.83667
95.05 , 41.4901733398 , 15.84233
95.09 , 41.4901733398 , 15.84833
95.12 , 41.5987854003 , 15.85417
95.16 , 41.5987854003 , 15.86017
95.20 , 41.5987854003 , 15.86600
95.23 , 41.7073974609 , 15.87200
95.27 , 41.7073974609 , 15.87767
95.30 , 41.5987854003 , 15.88367
95.34 , 41.7073974609 , 15.88950
95.37 , 41.7073974609 , 15.89550
95.41 , 41.7073974609 , 15.90133
95.44 , 41.5987854003 , 15.90717
95.48 , 41.7073974609 , 15.91300
95.51 , 41.7073974609 , 15.91900
95.55 , 41.7073974609 , 15.92500
95.58 , 41.7073974609 , 15.93083
95.62 , 41.8160095214 , 15.93683
95.65 , 41.7073974609 , 15.94250
95.69 , 41.8160095214 , 15.94850
95.73 , 41.8160095214 , 15.95433
95.76 , 41.8160095214 , 15.96033
95.80 , 41.8160095214 , 15.96617
95.83 , 41.8160095214 , 15.97217
95.87 , 41.8160095214 , 15.97783
95.90 , 41.9246215820 , 15.98383
95.94 , 41.9246215820 , 15.98967
95.97 , 41.8160095214 , 15.99567
96.01 , 41.9246215820 , 16.00150
96.04 , 41.8160095214 , 16.00750
96.08 , 42.0332374572 , 16.01333
96.11 , 41.9246215820 , 16.01917
96.15 , 42.0332374572 , 16.02517
96.19 , 41.9246215820 , 16.03100
96.22 , 41.9246215820 , 16.03700
96.26 , 41.9246215820 , 16.04284
96.29 , 42.0332374572 , 16.04867
96.33 , 41.9246215820 , 16.05450
96.36 , 42.0332374572 , 16.06050
96.40 , 42.0332374572 , 16.06633
96.43 , 42.0332374572 , 16.07234
96.47 , 42.0332374572 , 16.07800
96.50 , 42.0332374572 , 16.08400
96.54 , 42.0332374572 , 16.08983
96.57 , 42.0332374572 , 16.09583
96.61 , 42.1418495178 , 16.10167
96.65 , 42.1418495178 , 16.10767
96.68 , 42.1418495178 , 16.11350
96.72 , 42.1418495178 , 16.11934
96.75 , 42.1418495178 , 16.12533
96.79 , 42.1418495178 , 16.13117
96.82 , 42.1418495178 , 16.13717
96.86 , 42.1418495178 , 16.14300
96.89 , 42.2504615783 , 16.14883
96.93 , 42.2504615783 , 16.15467
96.96 , 42.2504615783 , 16.16067
97.00 , 42.3590736389 , 16.16650
97.04 , 42.3590736389 , 16.17250
97.07 , 42.3590736389 , 16.17833
97.11 , 42.3590736389 , 16.18417
97.14 , 42.3590736389 , 16.19000
97.18 , 42.4676895141 , 16.19600
97.21 , 42.3590736389 , 16.20200
97.25 , 42.4676895141 , 16.20783
97.28 , 42.4676895141 , 16.21383
97.32 , 42.4676895141 , 16.21950
97.35 , 42.4676895141 , 16.22550
97.39 , 42.4676895141 , 16.23134
97.42 , 42.4676895141 , 16.23734
97.46 , 42.4676895141 , 16.24317
97.50 , 42.4676895141 , 16.24917
97.53 , 42.5763015747 , 16.25483
97.56 , 42.4676895141 , 16.26083
97.60 , 42.4676895141 , 16.26667
97.64 , 42.5763015747 , 16.27267
97.67 , 42.5763015747 , 16.27850
97.71 , 42.5763015747 , 16.28450
97.74 , 42.5763015747 , 16.29017
97.78 , 42.5763015747 , 16.29617
97.81 , 42.5763015747 , 16.30217
97.85 , 42.6849136352 , 16.30800
97.88 , 42.6849136352 , 16.31400
97.92 , 42.6849136352 , 16.31967
97.95 , 42.5763015747 , 16.32567
97.99 , 42.6849136352 , 16.33150
98.02 , 42.6849136352 , 16.33750
98.06 , 42.5763015747 , 16.34333
98.10 , 42.6849136352 , 16.34934
98.13 , 42.7935256958 , 16.35500
98.17 , 42.6849136352 , 16.36100
98.20 , 42.7935256958 , 16.36683
98.24 , 42.6849136352 , 16.37283
98.27 , 42.6849136352 , 16.37867
98.31 , 42.7935256958 , 16.38467
98.34 , 42.7935256958 , 16.39050
98.38 , 42.7935256958 , 16.39633
98.41 , 42.7935256958 , 16.40233
98.45 , 42.7935256958 , 16.40817
98.48 , 42.9021377563 , 16.41417
98.52 , 42.7935256958 , 16.42000
98.55 , 42.9021377563 , 16.42584
98.59 , 42.7935256958 , 16.43167
98.63 , 42.9021377563 , 16.43767
98.66 , 42.9021377563 , 16.44350
98.70 , 42.9021377563 , 16.44950
98.73 , 42.9021377563 , 16.45533
98.77 , 43.0107536315 , 16.46117
98.80 , 42.9021377563 , 16.46700
98.84 , 43.0107536315 , 16.47300
98.87 , 43.0107536315 , 16.47883
98.91 , 43.0107536315 , 16.48483
98.94 , 43.0107536315 , 16.49083
98.98 , 43.0107536315 , 16.49650
99.01 , 43.0107536315 , 16.50250
99.05 , 43.0107536315 , 16.50834
99.09 , 43.1193656921 , 16.51433
99.12 , 43.1193656921 , 16.52017
99.16 , 43.1193656921 , 16.52600
99.19 , 43.1193656921 , 16.53183
99.23 , 43.1193656921 , 16.53783
99.26 , 43.1193656921 , 16.54367
99.30 , 43.2279777526 , 16.54967
99.33 , 43.1193656921 , 16.55550
99.37 , 43.2279777526 , 16.56133
99.40 , 43.3365898132 , 16.56717
99.44 , 43.2279777526 , 16.57317
99.47 , 43.2279777526 , 16.57917
99.51 , 43.2279777526 , 16.58500
99.55 , 43.2279777526 , 16.59100
99.58 , 43.3365898132 , 16.59667
99.62 , 43.3365898132 , 16.60267
99.65 , 43.3365898132 , 16.60850
99.69 , 43.3365898132 , 16.61450
99.72 , 43.3365898132 , 16.62034
99.76 , 43.3365898132 , 16.62634
99.79 , 43.4452056884 , 16.63200
99.83 , 43.3365898132 , 16.63800
99.86 , 43.3365898132 , 16.64383
99.90 , 43.3365898132 , 16.64983
99.93 , 43.3365898132 , 16.65567
99.97 , 43.3365898132 , 16.66167
100.00 , 43.4452056884 , 16.66733
100.04 , 43.4452056884 , 16.67350
100.08 , 43.5538177490 , 16.67967
100.11 , 43.4452056884 , 16.68567
100.15 , 43.4452056884 , 16.69183
100.19 , 43.5538177490 , 16.69783
100.22 , 43.5538177490 , 16.70400
100.26 , 43.4452056884 , 16.70984
100.30 , 43.4452056884 , 16.71600
100.33 , 43.5538177490 , 16.72200
100.37 , 43.5538177490 , 16.72817
100.41 , 43.5538177490 , 16.73433
100.44 , 43.5538177490 , 16.74033
100.48 , 43.5538177490 , 16.74633
100.51 , 43.5538177490 , 16.75234
100.55 , 43.6624298095 , 16.75850
100.59 , 43.5538177490 , 16.76450
100.62 , 43.6624298095 , 16.77067
100.66 , 43.6624298095 , 16.77667
100.70 , 43.6624298095 , 16.78283
100.73 , 43.6624298095 , 16.78867
100.77 , 43.6624298095 , 16.79483
100.81 , 43.6624298095 , 16.80100
100.84 , 43.6624298095 , 16.80700
100.88 , 43.6624298095 , 16.81317
100.91 , 43.7710418701 , 16.81917
100.95 , 43.6624298095 , 16.82534
100.99 , 43.7710418701 , 16.83117
101.02 , 43.7710418701 , 16.83733
101.06 , 43.7710418701 , 16.84333
101.10 , 43.7710418701 , 16.84950
101.13 , 43.7710418701 , 16.85550
101.17 , 43.7710418701 , 16.86167
101.21 , 43.8796539306 , 16.86783
101.24 , 43.8796539306 , 16.87367
101.28 , 43.7710418701 , 16.87983
101.31 , 43.8796539306 , 16.88583
101.35 , 43.8796539306 , 16.89200
101.39 , 43.8796539306 , 16.89800
101.43 , 43.9882698059 , 16.90417
101.46 , 43.9882698059 , 16.91000
101.50 , 43.9882698059 , 16.91617
101.53 , 43.9882698059 , 16.92217
101.57 , 43.9882698059 , 16.92833
101.61 , 43.9882698059 , 16.93450
101.64 , 43.9882698059 , 16.94050
101.68 , 44.0968818664 , 16.94667
101.71 , 43.9882698059 , 16.95250
101.75 , 44.0968818664 , 16.95867
101.79 , 44.0968818664 , 16.96467
101.82 , 44.0968818664 , 16.97083
101.86 , 44.0968818664 , 16.97683
101.90 , 44.2054939270 , 16.98300
101.93 , 44.0968818664 , 16.98900
101.97 , 44.0968818664 , 16.99500
102.01 , 44.2054939270 , 17.00117
102.04 , 44.2054939270 , 17.00717
102.08 , 44.0968818664 , 17.01333
102.12 , 44.2054939270 , 17.01933
102.15 , 44.2054939270 , 17.02550
102.19 , 44.2054939270 , 17.03150
102.22 , 44.3141059875 , 17.03750
102.26 , 44.2054939270 , 17.04350
102.30 , 44.3141059875 , 17.04967
102.33 , 44.3141059875 , 17.05567
102.37 , 44.3141059875 , 17.06184
102.41 , 44.4227218627 , 17.06800
102.44 , 44.3141059875 , 17.07400
102.48 , 44.3141059875 , 17.08000
102.52 , 44.3141059875 , 17.08600
102.55 , 44.3141059875 , 17.09217
102.59 , 44.4227218627 , 17.09817
102.63 , 44.3141059875 , 17.10433
102.66 , 44.4227218627 , 17.11034
102.70 , 44.4227218627 , 17.11650
102.73 , 44.4227218627 , 17.12250
102.77 , 44.4227218627 , 17.12850
102.81 , 44.4227218627 , 17.13467
102.84 , 44.5313339233 , 17.14067
102.88 , 44.5313339233 , 17.14683
102.92 , 44.4227218627 , 17.15283
102.95 , 44.4227218627 , 17.15884
102.99 , 44.5313339233 , 17.16483
103.03 , 44.5313339233 , 17.17100
103.06 , 44.5313339233 , 17.17700
103.10 , 44.5313339233 , 17.18317
103.14 , 44.5313339233 , 17.18934
103.17 , 44.6399459838 , 17.19533
103.21 , 44.5313339233 , 17.20133
103.24 , 44.4227218627 , 17.20734
103.28 , 44.5313339233 , 17.21350
103.32 , 44.6399459838 , 17.21950
103.35 , 44.6399459838 , 17.22567
103.39 , 44.6399459838 , 17.23167
103.43 , 44.6399459838 , 17.23784
103.46 , 44.5313339233 , 17.24367
103.50 , 44.7485580444 , 17.24983
103.54 , 44.6399459838 , 17.25600
103.57 , 44.7485580444 , 17.26200
103.61 , 44.7485580444 , 17.26817
103.64 , 44.7485580444 , 17.27417
103.68 , 44.8571701049 , 17.28034
103.72 , 44.7485580444 , 17.28617
103.75 , 44.7485580444 , 17.29233
103.79 , 44.7485580444 , 17.29833
103.83 , 44.8571701049 , 17.30450
103.86 , 44.8571701049 , 17.31050
103.90 , 44.7485580444 , 17.31667
103.94 , 44.8571701049 , 17.32283
103.97 , 44.8571701049 , 17.32867
104.01 , 44.8571701049 , 17.33484
104.04 , 44.8571701049 , 17.34083
104.08 , 44.8571701049 , 17.34700
104.12 , 44.8571701049 , 17.35300
104.15 , 44.9657859802 , 17.35917
104.19 , 44.9657859802 , 17.36500
104.23 , 44.9657859802 , 17.37117
104.26 , 44.9657859802 , 17.37717
104.30 , 44.9657859802 , 17.38334
104.34 , 44.9657859802 , 17.38950
104.37 , 45.0743980407 , 17.39550
104.41 , 45.0743980407 , 17.40167
104.44 , 45.0743980407 , 17.40750
104.48 , 45.0743980407 , 17.41367
104.52 , 45.0743980407 , 17.41967
104.55 , 45.0743980407 , 17.42584
104.59 , 45.0743980407 , 17.43184
104.63 , 45.0743980407 , 17.43800
104.66 , 45.0743980407 , 17.44400
104.70 , 45.1830101013 , 17.45000
104.74 , 45.1830101013 , 17.45617
104.77 , 45.0743980407 , 17.46217
104.81 , 45.1830101013 , 17.46833
104.85 , 45.1830101013 , 17.47434
104.88 , 45.2916221618 , 17.48050
104.92 , 45.2916221618 , 17.48650
104.95 , 45.1830101013 , 17.49250
104.99 , 45.1830101013 , 17.49850
105.03 , 45.2916221618 , 17.50467
105.06 , 45.2916221618 , 17.51083
105.10 , 45.1830101013 , 17.51683
105.14 , 45.2916221618 , 17.52300
105.17 , 45.2916221618 , 17.52900
105.21 , 45.2916221618 , 17.53500
105.25 , 45.2916221618 , 17.54100
105.28 , 45.4002380371 , 17.54717
105.32 , 45.4002380371 , 17.55317
105.36 , 45.2916221618 , 17.55933
105.39 , 45.4002380371 , 17.56534
105.43 , 45.4002380371 , 17.57134
105.46 , 45.4002380371 , 17.57750
105.50 , 45.4002380371 , 17.58350
105.54 , 45.4002380371 , 17.58967
105.57 , 45.4002380371 , 17.59567
105.61 , 45.4002380371 , 17.60183
105.65 , 45.4002380371 , 17.60783
105.68 , 45.4002380371 , 17.61384
105.72 , 45.5088500976 , 17.61984
105.76 , 45.4002380371 , 17.62600
105.79 , 45.4002380371 , 17.63200
105.83 , 45.4002380371 , 17.63817
105.87 , 45.5088500976 , 17.64433
105.90 , 45.5088500976 , 17.65033
105.94 , 45.5088500976 , 17.65633
105.97 , 45.5088500976 , 17.66234
106.01 , 45.6174621582 , 17.66850
106.05 , 45.6174621582 , 17.67450
106.08 , 45.6174621582 , 17.68067
106.12 , 45.5088500976 , 17.68667
106.16 , 45.7260742187 , 17.69283
106.19 , 45.6174621582 , 17.69867
106.23 , 45.6174621582 , 17.70483
106.27 , 45.6174621582 , 17.71100
106.30 , 45.6174621582 , 17.71700
106.34 , 45.7260742187 , 17.72317
106.37 , 45.7260742187 , 17.72917
106.41 , 45.6174621582 , 17.73534
106.45 , 45.7260742187 , 17.74117
106.48 , 45.7260742187 , 17.74733
106.52 , 45.7260742187 , 17.75333
106.56 , 45.7260742187 , 17.75950
106.59 , 45.8346862792 , 17.76550
106.63 , 45.8346862792 , 17.77167
106.67 , 45.7260742187 , 17.77783
106.70 , 45.8346862792 , 17.78367
106.74 , 45.8346862792 , 17.78983
106.77 , 45.8346862792 , 17.79583
106.81 , 45.8346862792 , 17.80200
106.85 , 45.9433021545 , 17.80800
106.88 , 45.9433021545 , 17.81417
106.92 , 45.9433021545 , 17.82000
106.96 , 45.9433021545 , 17.82617
106.99 , 45.9433021545 , 17.83217
107.03 , 45.9433021545 , 17.83833
107.07 , 45.9433021545 , 17.84450
107.10 , 45.9433021545 , 17.85050
107.14 , 45.9433021545 , 17.85667
107.18 , 46.0519142150 , 17.86250
107.21 , 46.0519142150 , 17.86867
107.25 , 46.0519142150 , 17.87467
107.29 , 46.0519142150 , 17.88084
107.32 , 45.9433021545 , 17.88683
107.36 , 46.0519142150 , 17.89300
107.39 , 46.0519142150 , 17.89917
107.43 , 45.9433021545 , 17.90500
107.47 , 46.0519142150 , 17.91117
107.50 , 46.1605262756 , 17.91717
107.54 , 46.0519142150 , 17.92333
107.58 , 46.1605262756 , 17.92933
107.61 , 46.1605262756 , 17.93550
107.65 , 46.0519142150 , 17.94150
107.68 , 46.1605262756 , 17.94750
107.72 , 46.1605262756 , 17.95350
107.76 , 46.1605262756 , 17.95967
107.79 , 46.1605262756 , 17.96583
107.83 , 46.2691383361 , 17.97183
107.87 , 46.1605262756 , 17.97800
107.90 , 46.1605262756 , 17.98400
107.94 , 46.2691383361 , 17.99000
107.98 , 46.1605262756 , 17.99600
108.01 , 46.1605262756 , 18.00217
108.05 , 46.2691383361 , 18.00817
108.09 , 46.2691383361 , 18.01433
108.12 , 46.2691383361 , 18.02033
108.16 , 46.2691383361 , 18.02633
108.19 , 46.3777542114 , 18.03250
108.23 , 46.2691383361 , 18.03850
108.27 , 46.2691383361 , 18.04467
108.30 , 46.3777542114 , 18.05067
108.34 , 46.3777542114 , 18.05684
108.38 , 46.3777542114 , 18.06283
108.41 , 46.3777542114 , 18.06884
108.45 , 46.3777542114 , 18.07483
108.49 , 46.3777542114 , 18.08100
108.52 , 46.3777542114 , 18.08700
108.56 , 46.4863700866 , 18.09317
108.60 , 46.4863700866 , 18.09934
108.63 , 46.4863700866 , 18.10534
108.67 , 46.4863700866 , 18.11133
108.70 , 46.4863700866 , 18.11734
108.74 , 46.5949821472 , 18.12350
108.78 , 46.5949821472 , 18.12950
108.81 , 46.5949821472 , 18.13567
108.85 , 46.5949821472 , 18.14167
108.89 , 46.5949821472 , 18.14784
108.92 , 46.5949821472 , 18.15367
108.96 , 46.5949821472 , 18.15983
109.00 , 46.5949821472 , 18.16600
109.03 , 46.5949821472 , 18.17200
109.07 , 46.7035980224 , 18.17817
109.11 , 46.5949821472 , 18.18417
109.14 , 46.7035980224 , 18.19034
109.18 , 46.7035980224 , 18.19617
109.21 , 46.7035980224 , 18.20233
109.25 , 46.7035980224 , 18.20833
109.29 , 46.7035980224 , 18.21450
109.32 , 46.7035980224 , 18.22050
109.36 , 46.7035980224 , 18.22667
109.40 , 46.8122100830 , 18.23267
109.43 , 46.7035980224 , 18.23867
109.47 , 46.8122100830 , 18.24484
109.50 , 46.8122100830 , 18.25083
109.54 , 46.9208221435 , 18.25700
109.58 , 46.8122100830 , 18.26300
109.61 , 46.8122100830 , 18.26917
109.65 , 46.8122100830 , 18.27500
109.69 , 46.9208221435 , 18.28117
109.72 , 46.8122100830 , 18.28734
109.76 , 46.9208221435 , 18.29334
109.80 , 46.8122100830 , 18.29950
109.83 , 46.9208221435 , 18.30550
109.87 , 46.9208221435 , 18.31167
109.90 , 46.8122100830 , 18.31750
109.94 , 46.9208221435 , 18.32367
109.98 , 46.9208221435 , 18.32967
110.01 , 46.9208221435 , 18.33584
110.05 , 46.9208221435 , 18.34184
110.09 , 46.9208221435 , 18.34800
110.12 , 47.0294342041 , 18.35417
110.16 , 46.9208221435 , 18.36000
110.20 , 47.0294342041 , 18.36617
110.23 , 46.9208221435 , 18.37217
110.27 , 47.0294342041 , 18.37833
110.31 , 46.9208221435 , 18.38434
110.34 , 47.0294342041 , 18.39050
110.38 , 47.1380462646 , 18.39650
110.41 , 47.0294342041 , 18.40250
110.45 , 47.0294342041 , 18.40850
110.49 , 47.1380462646 , 18.41467
110.52 , 47.1380462646 , 18.42083
110.56 , 47.1380462646 , 18.42683
110.60 , 47.0294342041 , 18.43300
110.63 , 47.1380462646 , 18.43884
110.67 , 47.1380462646 , 18.44500
110.71 , 47.1380462646 , 18.45100
110.74 , 47.1380462646 , 18.45717
110.78 , 47.1380462646 , 18.46317
110.82 , 47.2466621398 , 18.46933
110.85 , 47.2466621398 , 18.47533
110.89 , 47.2466621398 , 18.48134
110.93 , 47.2466621398 , 18.48750
110.96 , 47.2466621398 , 18.49350
111.00 , 47.2466621398 , 18.49967
111.03 , 47.2466621398 , 18.50567
111.07 , 47.3552742004 , 18.51183
111.11 , 47.2466621398 , 18.51783
111.14 , 47.3552742004 , 18.52383
111.18 , 47.2466621398 , 18.52984
111.22 , 47.3552742004 , 18.53600
111.25 , 47.3552742004 , 18.54200
111.29 , 47.2466621398 , 18.54817
111.33 , 47.3552742004 , 18.55433
111.36 , 47.3552742004 , 18.56033
111.40 , 47.4638862609 , 18.56633
111.43 , 47.3552742004 , 18.57234
111.47 , 47.4638862609 , 18.57850
111.51 , 47.4638862609 , 18.58450
111.54 , 47.4638862609 , 18.59067
111.58 , 47.5724983215 , 18.59667
111.62 , 47.4638862609 , 18.60283
111.65 , 47.5724983215 , 18.60867
111.69 , 47.4638862609 , 18.61483
111.73 , 47.4638862609 , 18.62100
111.76 , 47.4638862609 , 18.62700
111.80 , 47.5724983215 , 18.63317
111.83 , 47.5724983215 , 18.63917
111.87 , 47.4638862609 , 18.64533
111.91 , 47.5724983215 , 18.65117
111.94 , 47.5724983215 , 18.65733
111.98 , 47.5724983215 , 18.66333
112.02 , 47.5724983215 , 18.66950
112.05 , 47.5724983215 , 18.67567
112.09 , 47.5724983215 , 18.68167
112.13 , 47.5724983215 , 18.68767
112.16 , 47.5724983215 , 18.69367
112.20 , 47.6811141967 , 18.69983
112.23 , 47.6811141967 , 18.70583
112.27 , 47.5724983215 , 18.71200
112.31 , 47.6811141967 , 18.71800
112.34 , 47.7897262573 , 18.72417
112.38 , 47.7897262573 , 18.73000
112.42 , 47.8983383178 , 18.73617
112.45 , 47.8983383178 , 18.74234
112.49 , 47.8983383178 , 18.74833
112.53 , 47.8983383178 , 18.75450
112.56 , 48.0069503784 , 18.76050
112.60 , 48.0069503784 , 18.76667
112.63 , 48.1155624389 , 18.77250
112.67 , 48.0069503784 , 18.77867
112.71 , 48.0069503784 , 18.78467
112.75 , 48.0069503784 , 18.79084
112.78 , 48.0069503784 , 18.79683
112.82 , 48.0069503784 , 18.80300
112.86 , 48.0069503784 , 18.80917
112.89 , 48.1155624389 , 18.81500
112.93 , 48.1155624389 , 18.82117
112.96 , 48.0069503784 , 18.82717
113.00 , 48.0069503784 , 18.83333
113.04 , 48.0069503784 , 18.83934
113.07 , 48.1155624389 , 18.84550
113.11 , 48.1155624389 , 18.85133
113.14 , 49.0930786132 , 18.85750
113.18 , 49.0930786132 , 18.86350
113.22 , 49.2016944885 , 18.86967
113.25 , 49.3103065490 , 18.87583
113.29 , 49.2016944885 , 18.88183
113.33 , 49.3103065490 , 18.88800
113.36 , 49.4189186096 , 18.89383
113.40 , 49.4189186096 , 18.90000
113.44 , 49.5275306701 , 18.90600
113.47 , 49.5275306701 , 18.91217
113.51 , 49.6361465454 , 18.91817
113.55 , 49.6361465454 , 18.92433
113.58 , 49.3103065490 , 18.93033
113.62 , 49.5275306701 , 18.93633
113.65 , 50.1792106628 , 18.94250
113.69 , 49.3103065490 , 18.94850
113.73 , 48.7672424316 , 18.95467
113.76 , 48.8758544921 , 18.96067
113.80 , 48.8758544921 , 18.96684
113.84 , 48.7672424316 , 18.97283
113.87 , 48.8758544921 , 18.97883
113.91 , 48.8758544921 , 18.98483
113.95 , 48.8758544921 , 18.99100
113.98 , 48.9844665527 , 18.99700
114.02 , 48.9844665527 , 19.00317
114.06 , 48.8758544921 , 19.00934
114.09 , 48.8758544921 , 19.01534
114.13 , 48.9844665527 , 19.02133
114.16 , 48.9844665527 , 19.02733
114.20 , 48.9844665527 , 19.03350
114.24 , 48.9844665527 , 19.03950
114.27 , 49.0930786132 , 19.04567
114.31 , 49.0930786132 , 19.05167
114.35 , 48.9844665527 , 19.05784
114.38 , 48.9844665527 , 19.06384
114.42 , 48.9844665527 , 19.06983
114.46 , 49.2016944885 , 19.07600
114.49 , 48.9844665527 , 19.08200
114.53 , 49.0930786132 , 19.08817
114.56 , 49.3103065490 , 19.09417
114.60 , 48.9844665527 , 19.10017
114.64 , 49.0930786132 , 19.10617
114.67 , 49.0930786132 , 19.11234
114.71 , 49.0930786132 , 19.11833
114.75 , 49.0930786132 , 19.12450
114.78 , 49.0930786132 , 19.13067
114.82 , 49.0930786132 , 19.13667
114.86 , 49.2016944885 , 19.14267
114.89 , 48.9844665527 , 19.14867
114.93 , 49.0930786132 , 19.15484
114.96 , 49.0930786132 , 19.16083
115.00 , 49.3103065490 , 19.16700
115.04 , 49.2016944885 , 19.17300
115.07 , 49.0930786132 , 19.17917
115.11 , 49.3103065490 , 19.18500
115.15 , 49.2016944885 , 19.19117
115.18 , 49.2016944885 , 19.19734
115.22 , 49.3103065490 , 19.20334
115.26 , 49.2016944885 , 19.20950
115.29 , 49.2016944885 , 19.21550
115.33 , 49.2016944885 , 19.22167
115.36 , 49.3103065490 , 19.22750
115.40 , 49.2016944885 , 19.23367
115.44 , 49.3103065490 , 19.23967
115.47 , 49.4189186096 , 19.24584
115.51 , 49.4189186096 , 19.25184
115.55 , 49.3103065490 , 19.25800
115.58 , 49.3103065490 , 19.26417
115.62 , 49.3103065490 , 19.27000
115.66 , 49.4189186096 , 19.27617
115.69 , 49.4189186096 , 19.28217
115.73 , 49.9619827270 , 19.28833
115.77 , 49.6361465454 , 19.29434
115.80 , 49.4189186096 , 19.30050
115.84 , 49.3103065490 , 19.30633
115.87 , 49.4189186096 , 19.31250
115.91 , 49.7447586059 , 19.31850
115.95 , 50.1792106628 , 19.32467
115.98 , 50.1792106628 , 19.33083
116.02 , 49.8533706665 , 19.33683
116.06 , 50.3964347839 , 19.34300
116.09 , 50.0705947875 , 19.34884
116.13 , 49.9619827270 , 19.35500
116.17 , 49.9619827270 , 19.36100
116.20 , 49.9619827270 , 19.36717
116.24 , 49.6361465454 , 19.37317
116.28 , 49.7447586059 , 19.37933
116.31 , 49.7447586059 , 19.38533
116.35 , 49.7447586059 , 19.39134
116.38 , 49.6361465454 , 19.39750
116.42 , 49.7447586059 , 19.40350
116.46 , 49.7447586059 , 19.40967
116.49 , 49.7447586059 , 19.41567
116.53 , 49.8533706665 , 19.42183
116.57 , 49.8533706665 , 19.42783
116.60 , 49.8533706665 , 19.43383
116.64 , 49.9619827270 , 19.43984
116.68 , 49.9619827270 , 19.44600
116.71 , 49.9619827270 , 19.45217
116.75 , 49.8533706665 , 19.45817
116.79 , 49.8533706665 , 19.46434
116.82 , 49.6361465454 , 19.47033
116.86 , 49.8533706665 , 19.47633
116.89 , 49.8533706665 , 19.48233
116.93 , 49.8533706665 , 19.48850
116.97 , 49.7447586059 , 19.49450
117.00 , 49.8533706665 , 19.50067
117.04 , 49.8533706665 , 19.50667
117.08 , 49.9619827270 , 19.51267
117.11 , 49.8533706665 , 19.51883
117.15 , 49.8533706665 , 19.52483
117.19 , 50.0705947875 , 19.53100
117.22 , 49.9619827270 , 19.53700
117.26 , 50.0705947875 , 19.54317
117.29 , 50.0705947875 , 19.54917
117.33 , 50.0705947875 , 19.55517
117.37 , 50.1792106628 , 19.56117
117.40 , 50.2878227233 , 19.56733
117.44 , 50.1792106628 , 19.57333
117.48 , 50.1792106628 , 19.57950
117.51 , 50.1792106628 , 19.58567
117.55 , 50.1792106628 , 19.59167
117.59 , 50.0705947875 , 19.59767
117.62 , 50.1792106628 , 19.60367
117.66 , 50.2878227233 , 19.60983
117.69 , 50.1792106628 , 19.61583
117.73 , 50.0705947875 , 19.62200
117.77 , 50.0705947875 , 19.62800
117.80 , 50.1792106628 , 19.63417
117.84 , 50.1792106628 , 19.64000
117.88 , 50.0705947875 , 19.64617
117.91 , 50.0705947875 , 19.65233
117.95 , 50.1792106628 , 19.65833
117.99 , 50.1792106628 , 19.66450
118.02 , 50.1792106628 , 19.67050
118.06 , 50.0705947875 , 19.67667
118.09 , 50.0705947875 , 19.68250
118.13 , 50.1792106628 , 19.68867
118.17 , 50.1792106628 , 19.69467
118.20 , 50.0705947875 , 19.70083
118.24 , 50.1792106628 , 19.70683
118.28 , 50.1792106628 , 19.71300
118.31 , 50.1792106628 , 19.71917
118.35 , 50.1792106628 , 19.72500
118.39 , 50.1792106628 , 19.73117
118.42 , 50.2878227233 , 19.73717
118.46 , 50.1792106628 , 19.74333
118.50 , 50.2878227233 , 19.74934
118.53 , 50.2878227233 , 19.75550
118.57 , 50.3964347839 , 19.76133
118.61 , 50.3964347839 , 19.76750
118.64 , 50.1792106628 , 19.77350
118.68 , 50.2878227233 , 19.77967
118.71 , 50.2878227233 , 19.78583
118.75 , 50.2878227233 , 19.79183
118.79 , 50.2878227233 , 19.79800
118.82 , 50.2878227233 , 19.80383
118.86 , 50.2878227233 , 19.81000
118.90 , 50.3964347839 , 19.81600
118.93 , 50.2878227233 , 19.82217
118.97 , 50.2878227233 , 19.82817
119.01 , 50.2878227233 , 19.83433
119.04 , 50.3964347839 , 19.84050
119.08 , 50.2878227233 , 19.84634
119.11 , 50.3964347839 , 19.85250
119.15 , 50.3964347839 , 19.85850
119.19 , 50.5050468444 , 19.86467
119.22 , 50.5050468444 , 19.87067
119.26 , 50.5050468444 , 19.87684
119.30 , 50.6136627197 , 19.88283
119.33 , 50.5050468444 , 19.88883
119.37 , 50.5050468444 , 19.89484
119.41 , 50.5050468444 , 19.90100
119.44 , 50.5050468444 , 19.90717
119.48 , 50.5050468444 , 19.91317
119.52 , 50.6136627197 , 19.91934
119.55 , 50.7222747802 , 19.92534
119.59 , 50.6136627197 , 19.93133
119.62 , 50.8308868408 , 19.93733
119.66 , 50.7222747802 , 19.94350
119.70 , 50.6136627197 , 19.94950
119.73 , 50.7222747802 , 19.95567
119.77 , 50.8308868408 , 19.96167
119.81 , 50.7222747802 , 19.96767
119.84 , 50.7222747802 , 19.97384
119.88 , 50.7222747802 , 19.97983
119.92 , 50.8308868408 , 19.98600
119.95 , 50.8308868408 , 19.99200
119.99 , 50.8308868408 , 19.99817
120.02 , 50.8308868408 , 20.00417
120.06 , 50.8308868408 , 20.01017
120.10 , 50.8308868408 , 20.01617
120.13 , 50.8308868408 , 20.02234
120.17 , 50.8308868408 , 20.02833
120.21 , 50.8308868408 , 20.03450
120.24 , 50.8308868408 , 20.04067
120.28 , 50.8308868408 , 20.04667
120.32 , 50.8308868408 , 20.05267
120.35 , 50.8308868408 , 20.05867
120.39 , 50.8308868408 , 20.06484
120.43 , 50.8308868408 , 20.07084
120.46 , 50.9394989013 , 20.07700
120.50 , 50.8308868408 , 20.08300
120.54 , 50.9394989013 , 20.08917
120.57 , 50.9394989013 , 20.09500
120.61 , 50.9394989013 , 20.10117
120.64 , 50.9394989013 , 20.10733
120.68 , 50.9394989013 , 20.11334
120.72 , 50.9394989013 , 20.11950
120.75 , 51.0481109619 , 20.12550
120.79 , 51.0481109619 , 20.13167
120.82 , 51.0481109619 , 20.13750
120.86 , 51.1567268371 , 20.14367
120.90 , 51.1567268371 , 20.14967
120.93 , 51.1567268371 , 20.15583
120.97 , 51.1567268371 , 20.16184
121.01 , 51.1567268371 , 20.16800
121.04 , 51.1567268371 , 20.17400
121.08 , 51.2653388977 , 20.18000
121.12 , 51.1567268371 , 20.18617
121.15 , 51.1567268371 , 20.19217
121.19 , 51.1567268371 , 20.19833
121.23 , 51.1567268371 , 20.20433
121.26 , 52.2428588867 , 20.21050
121.30 , 52.0256347656 , 20.21633
121.33 , 52.1342468261 , 20.22250
121.37 , 52.0256347656 , 20.22867
121.41 , 52.0256347656 , 20.23467
121.44 , 52.1342468261 , 20.24083
121.48 , 51.9170150756 , 20.24683
121.52 , 52.0256347656 , 20.25300
121.55 , 52.0256347656 , 20.25884
121.59 , 52.3514709472 , 20.26500
121.63 , 51.8084030151 , 20.27100
121.66 , 52.3514709472 , 20.27717
121.70 , 51.9170150756 , 20.28317
121.74 , 52.1342468261 , 20.28933
121.77 , 52.3514709472 , 20.29550
121.81 , 52.0256347656 , 20.30134
121.84 , 52.0256347656 , 20.30750
121.88 , 53.1117630004 , 20.31350
121.92 , 52.8945388793 , 20.31967
121.95 , 52.5686988830 , 20.32567
121.99 , 52.6773109436 , 20.33183
122.03 , 52.5686988830 , 20.33783
122.06 , 52.6773109436 , 20.34383
122.10 , 52.5686988830 , 20.34984
122.14 , 52.6773109436 , 20.35600
122.17 , 52.6773109436 , 20.36217
122.21 , 52.5686988830 , 20.36817
122.25 , 52.5686988830 , 20.37434
122.28 , 52.0256347656 , 20.38017
122.32 , 52.4600868225 , 20.38633
122.35 , 52.5686988830 , 20.39233
122.39 , 52.5686988830 , 20.39850
122.43 , 52.6773109436 , 20.40450
122.46 , 52.2428588867 , 20.41067
122.50 , 51.9170150756 , 20.41667
122.54 , 51.6997909545 , 20.42267
122.57 , 51.6997909545 , 20.42883
122.61 , 51.6997909545 , 20.43483
122.65 , 51.6997909545 , 20.44100
122.68 , 51.6997909545 , 20.44700
122.72 , 51.6997909545 , 20.45317
122.75 , 51.6997909545 , 20.45917
122.79 , 51.6997909545 , 20.46517
122.83 , 51.6997909545 , 20.47117
122.86 , 51.8084030151 , 20.47733
122.90 , 51.8084030151 , 20.48333
122.94 , 51.8084030151 , 20.48950
122.97 , 51.8084030151 , 20.49567
123.01 , 51.6997909545 , 20.50167
123.05 , 51.8084030151 , 20.50767
123.08 , 51.6997909545 , 20.51367
123.12 , 51.8084030151 , 20.51984
123.15 , 51.6997909545 , 20.52583
123.19 , 51.8084030151 , 20.53200
123.23 , 51.6997909545 , 20.53800
123.26 , 51.8084030151 , 20.54417
123.30 , 51.8084030151 , 20.55000
123.34 , 51.8084030151 , 20.55617
123.37 , 51.8084030151 , 20.56233
123.41 , 51.9170150756 , 20.56834
123.45 , 51.9170150756 , 20.57450
123.48 , 51.9170150756 , 20.58050
123.52 , 52.0256347656 , 20.58667
123.55 , 51.9170150756 , 20.59250
123.59 , 51.9170150756 , 20.59867
123.63 , 51.9170150756 , 20.60467
123.66 , 52.0256347656 , 20.61083
123.70 , 51.9170150756 , 20.61700
123.74 , 52.0256347656 , 20.62300
123.77 , 52.0256347656 , 20.62900
123.81 , 52.0256347656 , 20.63500
123.85 , 52.0256347656 , 20.64117
123.88 , 52.1342468261 , 20.64717
123.92 , 52.0256347656 , 20.65333
123.96 , 52.0256347656 , 20.65933
123.99 , 52.1342468261 , 20.66550
124.03 , 52.1342468261 , 20.67133
124.06 , 52.1342468261 , 20.67750
124.10 , 52.1342468261 , 20.68367
124.14 , 52.1342468261 , 20.68967
124.18 , 52.1342468261 , 20.69584
124.21 , 52.1342468261 , 20.70183
124.25 , 52.2428588867 , 20.70800
124.28 , 52.2428588867 , 20.71383
124.32 , 52.2428588867 , 20.72000
124.36 , 52.2428588867 , 20.72600
124.39 , 52.3514709472 , 20.73217
124.43 , 52.2428588867 , 20.73817
124.47 , 52.4600868225 , 20.74434
124.50 , 52.5686988830 , 20.75050
124.54 , 53.3289871215 , 20.75634
124.57 , 53.3289871215 , 20.76250
124.61 , 53.3289871215 , 20.76850
124.65 , 53.1117630004 , 20.77467
124.68 , 53.3289871215 , 20.78067
124.72 , 53.0031509399 , 20.78684
124.76 , 52.8945388793 , 20.79267
124.79 , 52.5686988830 , 20.79883
124.83 , 52.4600868225 , 20.80484
124.87 , 52.4600868225 , 20.81100
124.90 , 52.6773109436 , 20.81717
124.94 , 52.5686988830 , 20.82317
124.98 , 52.5686988830 , 20.82933
125.01 , 52.4600868225 , 20.83517
125.05 , 52.4600868225 , 20.84133
125.08 , 52.4600868225 , 20.84733
125.12 , 52.4600868225 , 20.85350
125.16 , 52.4600868225 , 20.85950
125.19 , 52.4600868225 , 20.86567
125.23 , 52.4600868225 , 20.87167
125.27 , 52.5686988830 , 20.87767
125.30 , 52.4600868225 , 20.88384
125.34 , 52.5686988830 , 20.88983
125.38 , 52.5686988830 , 20.89600
125.41 , 52.5686988830 , 20.90200
125.45 , 52.5686988830 , 20.90817
125.48 , 52.6773109436 , 20.91417
125.52 , 52.6773109436 , 20.92017
125.56 , 52.6773109436 , 20.92617
125.59 , 52.6773109436 , 20.93234
125.63 , 52.6773109436 , 20.93833
125.67 , 52.6773109436 , 20.94450
125.70 , 52.7859230041 , 20.95067
125.74 , 52.6773109436 , 20.95667
125.78 , 52.6773109436 , 20.96267
125.81 , 52.6773109436 , 20.96867
125.85 , 52.7859230041 , 20.97484
125.88 , 52.6773109436 , 20.98084
125.92 , 52.6773109436 , 20.98700
125.96 , 52.6773109436 , 20.99300
126.00 , 52.7859230041 , 20.99917
126.03 , 52.8945388793 , 21.00517
126.07 , 52.8945388793 , 21.01117
126.10 , 52.7859230041 , 21.01733
126.14 , 52.8945388793 , 21.02334
126.18 , 52.8945388793 , 21.02950
126.21 , 52.8945388793 , 21.03550
126.25 , 52.8945388793 , 21.04150
126.29 , 52.8945388793 , 21.04750
126.32 , 53.0031509399 , 21.05367
126.36 , 53.0031509399 , 21.05967
126.39 , 53.0031509399 , 21.06583
126.43 , 53.9806671142 , 21.07200
126.47 , 53.8720550537 , 21.07800
126.50 , 53.7634391784 , 21.08400
126.54 , 53.8720550537 , 21.09000
126.58 , 53.8720550537 , 21.09617
126.61 , 53.7634391784 , 21.10217
126.65 , 53.9806671142 , 21.10833
126.69 , 53.9806671142 , 21.11433
126.72 , 53.8720550537 , 21.12050
126.76 , 53.9806671142 , 21.12634
126.79 , 53.4376029968 , 21.13250
126.83 , 53.4376029968 , 21.13867
126.87 , 53.5462150573 , 21.14467
126.90 , 54.0892791748 , 21.15083
126.94 , 53.3289871215 , 21.15683
126.98 , 53.1117630004 , 21.16300
127.01 , 53.2203750610 , 21.16884
127.05 , 53.1117630004 , 21.17500
127.09 , 53.1117630004 , 21.18100
127.12 , 53.1117630004 , 21.18717
127.16 , 53.1117630004 , 21.19317
127.20 , 53.1117630004 , 21.19933
127.23 , 53.1117630004 , 21.20550
127.27 , 53.1117630004 , 21.21133
127.30 , 53.1117630004 , 21.21750
127.34 , 53.1117630004 , 21.22350
127.38 , 53.1117630004 , 21.22967
127.41 , 53.1117630004 , 21.23567
127.45 , 53.0031509399 , 21.24183
127.49 , 53.1117630004 , 21.24767
127.52 , 53.1117630004 , 21.25383
127.56 , 53.1117630004 , 21.25984
127.60 , 53.1117630004 , 21.26600
127.63 , 53.1117630004 , 21.27217
127.67 , 53.1117630004 , 21.27817
127.71 , 53.2203750610 , 21.28433
127.74 , 53.2203750610 , 21.29017
127.78 , 53.2203750610 , 21.29633
127.81 , 53.2203750610 , 21.30233
127.85 , 53.1117630004 , 21.30850
127.89 , 53.2203750610 , 21.31450
127.92 , 53.2203750610 , 21.32067
127.96 , 53.2203750610 , 21.32667
128.00 , 53.2203750610 , 21.33267
128.03 , 53.2203750610 , 21.33884
128.07 , 53.2203750610 , 21.34483
128.11 , 53.2203750610 , 21.35100
128.14 , 53.3289871215 , 21.35700
128.18 , 53.3289871215 , 21.36317
128.22 , 53.3289871215 , 21.36917
128.25 , 53.3289871215 , 21.37517
128.29 , 53.3289871215 , 21.38117
128.32 , 53.3289871215 , 21.38734
128.36 , 53.3289871215 , 21.39350
128.40 , 53.3289871215 , 21.39950
128.43 , 53.3289871215 , 21.40567
128.47 , 53.3289871215 , 21.41167
128.51 , 53.3289871215 , 21.41767
128.54 , 53.3289871215 , 21.42367
128.58 , 53.3289871215 , 21.42983
128.62 , 53.4376029968 , 21.43584
128.65 , 53.4376029968 , 21.44200
128.69 , 53.4376029968 , 21.44800
128.72 , 53.5462150573 , 21.45400
128.76 , 53.4376029968 , 21.46017
128.80 , 53.5462150573 , 21.46617
128.83 , 53.4376029968 , 21.47233
128.87 , 53.4376029968 , 21.47833
128.91 , 53.4376029968 , 21.48450
128.94 , 53.5462150573 , 21.49050
128.98 , 53.5462150573 , 21.49650
129.02 , 53.5462150573 , 21.50250
129.05 , 53.5462150573 , 21.50867
129.09 , 53.5462150573 , 21.51467
129.13 , 53.5462150573 , 21.52083
129.16 , 53.6548271179 , 21.52700
129.20 , 53.5462150573 , 21.53300
129.23 , 53.5462150573 , 21.53900
129.27 , 53.5462150573 , 21.54500
129.31 , 53.6548271179 , 21.55117
129.34 , 53.5462150573 , 21.55717
129.38 , 53.6548271179 , 21.56334
129.42 , 53.6548271179 , 21.56933
129.45 , 53.6548271179 , 21.57550
129.49 , 53.7634391784 , 21.58134
129.52 , 53.6548271179 , 21.58750
129.56 , 53.6548271179 , 21.59367
129.60 , 53.7634391784 , 21.59967
129.63 , 53.7634391784 , 21.60583
129.67 , 53.7634391784 , 21.61184
129.71 , 53.7634391784 , 21.61800
129.74 , 53.7634391784 , 21.62383
129.78 , 53.7634391784 , 21.63000
129.82 , 53.7634391784 , 21.63600
129.85 , 53.7634391784 , 21.64217
129.89 , 53.7634391784 , 21.64817
129.93 , 53.7634391784 , 21.65433
129.96 , 53.7634391784 , 21.66050
130.00 , 53.7634391784 , 21.66633
130.04 , 53.8720550537 , 21.67250
130.07 , 53.8720550537 , 21.67850
130.11 , 53.7634391784 , 21.68467
130.14 , 53.8720550537 , 21.69067
130.18 , 53.8720550537 , 21.69684
130.22 , 53.9806671142 , 21.70267
130.25 , 53.9806671142 , 21.70884
130.29 , 53.9806671142 , 21.71483
130.33 , 53.8720550537 , 21.72100
130.36 , 53.9806671142 , 21.72717
130.40 , 53.9806671142 , 21.73317
130.44 , 53.9806671142 , 21.73933
130.47 , 53.9806671142 , 21.74517
130.51 , 53.9806671142 , 21.75133
130.54 , 53.9806671142 , 21.75734
130.58 , 53.9806671142 , 21.76350
130.62 , 54.0892791748 , 21.76950
130.65 , 53.9806671142 , 21.77567
130.69 , 54.0892791748 , 21.78183


