3.82 , -0.4344516277 , 0.63700
3.86 , -0.4344516277 , 0.64267
3.89 , -0.4344516277 , 0.64817
3.92 , -0.3258387088 , 0.65367
3.96 , -0.3258387088 , 0.65917
3.99 , -0.3258387088 , 0.66483
4.02 , -0.4344516277 , 0.67033
4.06 , -0.4344516277 , 0.67600
4.09 , -0.3258387088 , 0.68133
4.12 , -0.3258387088 , 0.68700
4.16 , -0.4344516277 , 0.69250
4.19 , -0.3258387088 , 0.69817
4.22 , -0.3258387088 , 0.70350
4.26 , -0.3258387088 , 0.70917
4.29 , -0.3258387088 , 0.71467
4.32 , -0.2172258138 , 0.72033
4.36 , -0.3258387088 , 0.72583
4.39 , -0.2172258138 , 0.73133
4.42 , -0.3258387088 , 0.73683
4.46 , -0.2172258138 , 0.74250
4.49 , -0.1086129074 , 0.74800
4.52 , -0.2172258138 , 0.75350
4.55 , -0.1086129074 , 0.75900
4.59 , -0.1086129074 , 0.76467
4.62 , -0.1086129074 , 0.77017
4.66 , -0.1086129074 , 0.77583
4.69 , -0.1086129074 , 0.78117
4.72 , 0.1086129074 , 0.78683
4.75 , 0.0000000000 , 0.79217
4.79 , 0.0000000000 , 0.79767
4.82 , 0.0000000000 , 0.80283
4.85 , 0.0000000000 , 0.80833
4.88 , 0.0000000000 , 0.81367
4.92 , 0.0000000000 , 0.81917
4.95 , 0.1086129074 , 0.82433
4.98 , 0.1086129074 , 0.82983
5.01 , 0.1086129074 , 0.83517
5.04 , 0.2172258138 , 0.84067
5.07 , 0.1086129074 , 0.84583
5.11 , 0.1086129074 , 0.85133
5.14 , -0.1086129074 , 0.85667
5.17 , 0.2172258138 , 0.86233
5.21 , 0.2172258138 , 0.86767
5.24 , 0.3258387088 , 0.87300
5.27 , 0.4344516277 , 0.87833
5.30 , 0.3258387088 , 0.88383
5.34 , 0.3258387088 , 0.88917
5.37 , 0.2172258138 , 0.89450
5.40 , 0.2172258138 , 0.89983
5.43 , 0.3258387088 , 0.90533
5.46 , 0.3258387088 , 0.91067
5.50 , 0.3258387088 , 0.91600
5.53 , 0.2172258138 , 0.92133
5.56 , 0.2172258138 , 0.92683
5.59 , 0.3258387088 , 0.93217
5.63 , 0.3258387088 , 0.93750
5.66 , 0.2172258138 , 0.94283
5.69 , 0.2172258138 , 0.94817
5.72 , 0.2172258138 , 0.95367
5.75 , 0.2172258138 , 0.95883
5.79 , 0.1086129074 , 0.96433
5.82 , 0.1086129074 , 0.96967
5.85 , 0.2172258138 , 0.97517
5.88 , 0.3258387088 , 0.98033
5.92 , 0.4344516277 , 0.98583
5.95 , 0.3258387088 , 0.99117
5.98 , 0.3258387088 , 0.99667
6.01 , 0.4344516277 , 1.00183
6.04 , 0.4344516277 , 1.00733
6.08 , 0.4344516277 , 1.01267
6.11 , 0.4344516277 , 1.01817
6.14 , 0.4344516277 , 1.02333
6.17 , 0.4344516277 , 1.02883
6.21 , 0.5430658340 , 1.03417
6.24 , 0.5430658340 , 1.03967
6.27 , 0.5430658340 , 1.04483
6.30 , 0.5430658340 , 1.05033
6.33 , 0.5430658340 , 1.05567
6.37 , 0.6516787528 , 1.06117
6.40 , 0.5430658340 , 1.06633
6.43 , 0.6516787528 , 1.07183
6.46 , 0.5430658340 , 1.07717
6.50 , 0.5430658340 , 1.08267
6.53 , 0.5430658340 , 1.08800
6.56 , 0.5430658340 , 1.09333
6.59 , 0.5430658340 , 1.09867
6.63 , 0.4344516277 , 1.10417
6.66 , 0.5430658340 , 1.10950
6.69 , 0.5430658340 , 1.11483
6.72 , 0.5430658340 , 1.12017
6.75 , 0.4344516277 , 1.12550
6.79 , 0.4344516277 , 1.13100
6.82 , 0.4344516277 , 1.13617
6.85 , 0.3258387088 , 1.14167
6.88 , 0.4344516277 , 1.14700
6.92 , 0.5430658340 , 1.15250
6.95 , 0.4344516277 , 1.15767
6.98 , 0.5430658340 , 1.16317
7.01 , 0.4344516277 , 1.16850
7.04 , 0.4344516277 , 1.17400
7.07 , 0.3258387088 , 1.17917
7.11 , 0.5430658340 , 1.18467
7.14 , 0.4344516277 , 1.19000
7.17 , 0.5430658340 , 1.19550
7.20 , 0.5430658340 , 1.20067
7.24 , 0.4344516277 , 1.20617
7.27 , 0.5430658340 , 1.21150
7.30 , 0.6516787528 , 1.21700
7.33 , 0.7602916240 , 1.22217
7.37 , 0.7602916240 , 1.22767
7.40 , 0.8689044952 , 1.23300
7.43 , 0.7602916240 , 1.23850
7.46 , 0.7602916240 , 1.24367
7.50 , 0.7602916240 , 1.24917
7.53 , 0.8689044952 , 1.25450
7.56 , 0.8689044952 , 1.26000
7.59 , 0.8689044952 , 1.26517
7.62 , 0.8689044952 , 1.27067
7.66 , 0.7602916240 , 1.27600
7.69 , 0.8689044952 , 1.28150
7.72 , 0.8689044952 , 1.28667
7.75 , 0.8689044952 , 1.29200
7.78 , 0.8689044952 , 1.29750
7.82 , 1.0861303806 , 1.30283
7.85 , 1.0861303806 , 1.30817
7.88 , 0.9775175094 , 1.31350
7.91 , 0.9775175094 , 1.31900
7.95 , 1.0861303806 , 1.32433
7.98 , 1.0861303806 , 1.32983
8.01 , 0.9775175094 , 1.33500
8.04 , 1.0861303806 , 1.34050
8.07 , 1.0861303806 , 1.34583
8.11 , 1.1947432708 , 1.35133
8.14 , 1.0861303806 , 1.35650
8.17 , 1.0861303806 , 1.36200
8.20 , 1.1947432708 , 1.36733
8.24 , 1.3033561706 , 1.37283
8.27 , 1.3033561706 , 1.37800
8.30 , 1.1947432708 , 1.38350
8.33 , 1.3033561706 , 1.38883
8.37 , 1.4119690895 , 1.39433
8.40 , 1.3033561706 , 1.39950
8.43 , 1.4119690895 , 1.40500
8.46 , 1.4119690895 , 1.41033
8.50 , 1.4119690895 , 1.41583
8.53 , 1.4119690895 , 1.42100
8.56 , 1.3033561706 , 1.42650
8.59 , 1.3033561706 , 1.43183
8.62 , 1.3033561706 , 1.43733
8.65 , 1.4119690895 , 1.44250
8.69 , 1.4119690895 , 1.44800
8.72 , 1.5205819606 , 1.45333
8.75 , 1.5205819606 , 1.45883
8.78 , 1.6291948318 , 1.46400
8.82 , 1.6291948318 , 1.46933
8.85 , 1.6291948318 , 1.47483
8.88 , 1.6291948318 , 1.48017
8.91 , 1.4119690895 , 1.48550
8.94 , 1.5205819606 , 1.49083
8.98 , 1.5205819606 , 1.49633
9.01 , 1.6291948318 , 1.50167
9.04 , 1.5205819606 , 1.50700
9.07 , 1.5205819606 , 1.51233
9.11 , 1.5205819606 , 1.51783
9.14 , 1.5205819606 , 1.52317
9.17 , 1.6291948318 , 1.52850
9.20 , 1.7378077507 , 1.53383
9.24 , 1.5205819606 , 1.53933
9.27 , 1.6291948318 , 1.54467
9.30 , 1.6291948318 , 1.55000
9.33 , 1.5205819606 , 1.55533
9.36 , 1.6291948318 , 1.56083
9.40 , 1.5205819606 , 1.56617
9.43 , 1.5205819606 , 1.57167
9.46 , 1.7378077507 , 1.57683
9.49 , 1.5205819606 , 1.58233
9.53 , 1.6291948318 , 1.58767
9.56 , 1.6291948318 , 1.59317
9.59 , 1.6291948318 , 1.59833
9.62 , 1.6291948318 , 1.60383
9.65 , 1.4119690895 , 1.60917
9.69 , 1.5205819606 , 1.61467
9.72 , 1.3033561706 , 1.61983
9.75 , 1.5205819606 , 1.62533
9.78 , 1.5205819606 , 1.63067
9.82 , 1.6291948318 , 1.63600
9.85 , 1.7378077507 , 1.64133
9.88 , 1.6291948318 , 1.64667
9.91 , 1.6291948318 , 1.65217
9.94 , 1.7378077507 , 1.65750
9.98 , 1.7378077507 , 1.66283
10.01 , 1.7378077507 , 1.66817
10.04 , 1.6291948318 , 1.67383
10.08 , 1.7378077507 , 1.67933
10.11 , 1.6291948318 , 1.68483
10.14 , 1.8464206695 , 1.69033
10.18 , 1.6291948318 , 1.69600
10.21 , 1.6291948318 , 1.70150
10.24 , 1.8464206695 , 1.70717
10.27 , 1.7378077507 , 1.71250
10.31 , 1.9550350189 , 1.71817
10.34 , 1.8464206695 , 1.72367
10.38 , 1.8464206695 , 1.72933
10.41 , 1.8464206695 , 1.73467
10.44 , 1.7378077507 , 1.74033
10.48 , 1.8464206695 , 1.74583
10.51 , 1.7378077507 , 1.75150
10.54 , 1.8464206695 , 1.75700
10.57 , 1.9550350189 , 1.76250
10.61 , 2.0636477470 , 1.76800
10.64 , 1.8464206695 , 1.77367
10.68 , 1.9550350189 , 1.77917
10.71 , 1.9550350189 , 1.78467
10.74 , 2.0636477470 , 1.79017
10.77 , 2.0636477470 , 1.79583
10.81 , 1.9550350189 , 1.80133
10.84 , 2.0636477470 , 1.80700
10.87 , 2.1722607612 , 1.81233
10.91 , 2.0636477470 , 1.81800
10.94 , 2.0636477470 , 1.82350
10.98 , 2.0636477470 , 1.82917
11.01 , 2.0636477470 , 1.83467
11.04 , 2.1722607612 , 1.84017
11.07 , 2.1722607612 , 1.84567
11.11 , 2.0636477470 , 1.85133
11.14 , 2.2808735370 , 1.85683
11.17 , 2.1722607612 , 1.86233
11.21 , 2.2808735370 , 1.86783
11.24 , 2.2808735370 , 1.87350
11.27 , 2.2808735370 , 1.87900
11.31 , 2.2808735370 , 1.88467
11.34 , 2.2808735370 , 1.89000
11.37 , 2.2808735370 , 1.89567
11.41 , 2.1722607612 , 1.90117
11.44 , 2.1722607612 , 1.90683
11.47 , 2.2808735370 , 1.91217
11.51 , 2.3894865512 , 1.91783
11.54 , 2.4980993270 , 1.92333
11.57 , 2.4980993270 , 1.92900
11.61 , 2.7153253555 , 1.93450
11.64 , 2.8239381790 , 1.94000
11.67 , 2.8239381790 , 1.94550
11.71 , 2.9325511932 , 1.95117
11.74 , 2.9325511932 , 1.95667
11.77 , 2.9325511932 , 1.96217
11.81 , 2.8239381790 , 1.96767
11.84 , 2.8239381790 , 1.97333
11.87 , 3.0411639213 , 1.97883
11.91 , 2.9325511932 , 1.98450
11.94 , 2.9325511932 , 1.98983
11.97 , 3.0411639213 , 1.99550
12.01 , 2.9325511932 , 2.00100
12.04 , 3.1497769355 , 2.00667
12.07 , 3.1497769355 , 2.01200
12.11 , 3.1497769355 , 2.01767
12.14 , 3.0411639213 , 2.02317
12.17 , 3.1497769355 , 2.02883
12.21 , 3.2583897113 , 2.03433
12.24 , 3.2583897113 , 2.03983
12.27 , 3.2583897113 , 2.04533
12.31 , 3.3670039176 , 2.05100
12.34 , 3.2583897113 , 2.05650
12.37 , 3.0411639213 , 2.06200
12.40 , 3.0411639213 , 2.06750
12.44 , 3.1497769355 , 2.07317
12.47 , 3.2583897113 , 2.07867
12.51 , 3.2583897113 , 2.08433
12.54 , 3.3670039176 , 2.08967
12.57 , 3.1497769355 , 2.09533
12.60 , 3.3670039176 , 2.10083
12.64 , 3.3670039176 , 2.10650
12.67 , 3.3670039176 , 2.11200
12.71 , 3.2583897113 , 2.11750
12.74 , 3.3670039176 , 2.12300
12.77 , 3.3670039176 , 2.12867
12.81 , 3.3670039176 , 2.13417
12.84 , 3.4756169319 , 2.13967
12.87 , 3.3670039176 , 2.14517
12.90 , 3.4756169319 , 2.15083
12.94 , 3.4756169319 , 2.15633
12.97 , 3.4756169319 , 2.16200
13.00 , 3.2583897113 , 2.16733
13.04 , 3.4756169319 , 2.17300
13.07 , 3.3670039176 , 2.17850
13.10 , 3.5842297077 , 2.18417
13.14 , 3.4756169319 , 2.18950
13.17 , 3.5842297077 , 2.19517
13.20 , 3.4756169319 , 2.20067
13.24 , 3.5842297077 , 2.20633
13.27 , 3.4756169319 , 2.21183
13.30 , 3.4756169319 , 2.21733
13.34 , 3.5842297077 , 2.22283
13.37 , 3.5842297077 , 2.22850
13.40 , 3.4756169319 , 2.23400
13.44 , 3.5842297077 , 2.23950
13.47 , 3.5842297077 , 2.24500
13.50 , 3.5842297077 , 2.25067
13.54 , 3.5842297077 , 2.25617
13.57 , 3.5842297077 , 2.26183
13.60 , 3.6928427219 , 2.26717
13.64 , 3.6928427219 , 2.27283
13.67 , 3.5842297077 , 2.27833
13.70 , 3.6928427219 , 2.28400
13.74 , 3.6928427219 , 2.28933
13.77 , 3.6928427219 , 2.29500
13.80 , 3.6928427219 , 2.30050
13.84 , 3.6928427219 , 2.30617
13.87 , 3.5842297077 , 2.31167
13.90 , 3.5842297077 , 2.31717
13.94 , 3.3670039176 , 2.32267
13.97 , 3.4756169319 , 2.32833
14.00 , 3.4756169319 , 2.33383
14.04 , 3.5842297077 , 2.33933
14.07 , 3.4756169319 , 2.34483
14.10 , 3.4756169319 , 2.35050
14.14 , 3.5842297077 , 2.35600
14.17 , 3.5842297077 , 2.36167
14.20 , 3.5842297077 , 2.36700
14.24 , 3.4756169319 , 2.37267
14.27 , 3.5842297077 , 2.37817
14.30 , 3.5842297077 , 2.38383
14.34 , 3.5842297077 , 2.38933
14.37 , 3.8014554977 , 2.39483
14.40 , 3.5842297077 , 2.40033
14.44 , 3.6928427219 , 2.40600
14.47 , 3.8014554977 , 2.41150
14.50 , 3.8014554977 , 2.41700
14.53 , 3.8014554977 , 2.42250
14.57 , 3.5842297077 , 2.42817
14.60 , 3.6928427219 , 2.43367
14.64 , 3.6928427219 , 2.43933
14.67 , 3.8014554977 , 2.44467
14.70 , 3.6928427219 , 2.45033
14.73 , 3.6928427219 , 2.45583
14.77 , 3.6928427219 , 2.46150
14.80 , 3.8014554977 , 2.46683
14.84 , 3.6928427219 , 2.47250
14.87 , 3.8014554977 , 2.47800
14.90 , 3.6928427219 , 2.48367
14.94 , 3.9100685119 , 2.48917
14.97 , 3.8014554977 , 2.49467
15.00 , 3.8014554977 , 2.50017
15.03 , 3.8014554977 , 2.50583
15.07 , 4.0186815261 , 2.51133
15.10 , 3.8014554977 , 2.51683
15.13 , 3.8014554977 , 2.52233
15.17 , 3.9100685119 , 2.52800
15.20 , 3.8014554977 , 2.53350
15.23 , 3.9100685119 , 2.53917
15.27 , 3.9100685119 , 2.54450
15.30 , 3.9100685119 , 2.55017
15.33 , 3.9100685119 , 2.55567
15.37 , 4.0186815261 , 2.56133
15.40 , 4.1272945404 , 2.56667
15.43 , 4.0186815261 , 2.57233
15.47 , 4.0186815261 , 2.57783
15.50 , 4.1272945404 , 2.58350
15.53 , 4.1272945404 , 2.58900
15.57 , 4.1272945404 , 2.59450
15.60 , 4.1272945404 , 2.60000
15.63 , 4.2359070777 , 2.60567
15.67 , 4.2359070777 , 2.61117
15.70 , 4.2359070777 , 2.61667
15.73 , 4.2359070777 , 2.62217
15.77 , 4.2359070777 , 2.62783
15.80 , 4.3445200920 , 2.63333
15.83 , 4.2359070777 , 2.63900
15.87 , 4.3445200920 , 2.64433
15.90 , 4.3445200920 , 2.65000
15.93 , 4.3445200920 , 2.65550
15.97 , 4.3445200920 , 2.66117
16.00 , 4.3445200920 , 2.66667
16.03 , 4.3445200920 , 2.67217
16.07 , 4.4531331062 , 2.67767
16.10 , 4.3445200920 , 2.68333
16.13 , 4.3445200920 , 2.68883
16.17 , 4.4531331062 , 2.69433
16.20 , 4.3445200920 , 2.69983
16.23 , 4.4531331062 , 2.70550
16.27 , 4.4531331062 , 2.71100
16.30 , 4.4531331062 , 2.71667
16.33 , 4.4531331062 , 2.72200
16.37 , 4.5617461204 , 2.72767
16.40 , 4.4531331062 , 2.73317
16.43 , 4.5617461204 , 2.73883
16.46 , 4.5617461204 , 2.74417
16.50 , 4.5617461204 , 2.74983
16.53 , 4.6703600883 , 2.75533
16.57 , 4.5617461204 , 2.76100
16.60 , 4.5617461204 , 2.76650
16.63 , 4.6703600883 , 2.77200
16.67 , 4.6703600883 , 2.77750
16.70 , 4.6703600883 , 2.78317
16.73 , 4.7789731025 , 2.78867
16.76 , 4.5617461204 , 2.79417
16.80 , 4.6703600883 , 2.79967
16.83 , 4.7789731025 , 2.80533
16.86 , 4.6703600883 , 2.81083
16.90 , 4.7789731025 , 2.81650
16.93 , 4.6703600883 , 2.82183
16.96 , 4.7789731025 , 2.82750
17.00 , 4.6703600883 , 2.83300
17.03 , 4.6703600883 , 2.83867
17.06 , 4.7789731025 , 2.84400
17.10 , 4.8875861167 , 2.84967
17.13 , 4.8875861167 , 2.85517
17.17 , 4.8875861167 , 2.86083
17.20 , 4.8875861167 , 2.86633
17.23 , 4.8875861167 , 2.87183
17.26 , 4.8875861167 , 2.87733
17.30 , 4.8875861167 , 2.88300
17.33 , 4.9961986541 , 2.88850
17.36 , 4.9961986541 , 2.89400
17.40 , 5.1048116683 , 2.89950
17.43 , 4.9961986541 , 2.90517
17.46 , 4.9961986541 , 2.91067
17.50 , 4.9961986541 , 2.91633
17.53 , 4.9961986541 , 2.92167
17.56 , 5.1048116683 , 2.92733
17.60 , 4.9961986541 , 2.93283
17.63 , 5.1048116683 , 2.93850
17.66 , 5.1048116683 , 2.94400
17.70 , 5.2134246826 , 2.94950
17.73 , 5.2134246826 , 2.95500
17.76 , 5.2134246826 , 2.96067
17.80 , 5.3220376968 , 2.96617
17.83 , 5.2134246826 , 2.97167
17.86 , 5.2134246826 , 2.97717
17.90 , 5.3220376968 , 2.98283
17.93 , 5.4306507110 , 2.98833
17.96 , 5.5392632484 , 2.99400
18.00 , 5.4306507110 , 2.99933
18.03 , 5.5392632484 , 3.00500
18.06 , 5.5392632484 , 3.01050
18.10 , 5.5392632484 , 3.01617
18.13 , 5.5392632484 , 3.02150
18.16 , 5.5392632484 , 3.02717
18.20 , 5.6478762626 , 3.03267
18.23 , 5.5392632484 , 3.03833
18.26 , 5.5392632484 , 3.04383
18.30 , 5.5392632484 , 3.04933
18.33 , 5.6478762626 , 3.05483
18.36 , 5.5392632484 , 3.06050
18.40 , 5.6478762626 , 3.06600
18.43 , 5.4306507110 , 3.07150
18.46 , 5.4306507110 , 3.07700
18.50 , 5.5392632484 , 3.08267
18.53 , 5.6478762626 , 3.08817
18.56 , 5.5392632484 , 3.09383
18.59 , 5.6478762626 , 3.09917
18.63 , 5.6478762626 , 3.10483
18.66 , 5.5392632484 , 3.11033
18.70 , 5.7564892768 , 3.11600
18.73 , 5.6478762626 , 3.12133
18.76 , 5.7564892768 , 3.12700
18.79 , 5.6478762626 , 3.13250
18.83 , 5.6478762626 , 3.13817
18.86 , 5.7564892768 , 3.14367
18.89 , 5.6478762626 , 3.14917
18.93 , 5.6478762626 , 3.15467
18.96 , 5.6478762626 , 3.16033
19.00 , 5.6478762626 , 3.16583
19.03 , 5.7564892768 , 3.17133
19.06 , 5.6478762626 , 3.17683
19.09 , 5.7564892768 , 3.18250
19.13 , 5.6478762626 , 3.18800
19.16 , 5.6478762626 , 3.19367
19.19 , 5.7564892768 , 3.19900
19.23 , 5.7564892768 , 3.20467
19.26 , 5.8651022911 , 3.21017
19.29 , 5.8651022911 , 3.21583
19.33 , 5.9737148284 , 3.22133
19.36 , 5.8651022911 , 3.22683
19.39 , 5.8651022911 , 3.23233
19.43 , 6.0823292732 , 3.23800
19.46 , 6.0823292732 , 3.24350
19.49 , 5.9737148284 , 3.24900
19.53 , 6.0823292732 , 3.25450
19.56 , 6.1909422874 , 3.26017
19.59 , 6.0823292732 , 3.26567
19.63 , 6.1909422874 , 3.27133
19.66 , 6.1909422874 , 3.27667
19.69 , 6.1909422874 , 3.28233
19.73 , 6.1909422874 , 3.28783
19.76 , 6.4081678390 , 3.29350
19.79 , 6.2995548248 , 3.29883
19.83 , 6.1909422874 , 3.30450
19.86 , 6.2995548248 , 3.31000
19.89 , 6.4081678390 , 3.31567
19.93 , 6.2995548248 , 3.32117
19.96 , 6.2995548248 , 3.32667
19.99 , 6.4081678390 , 3.33217
20.03 , 6.4081678390 , 3.33783
20.06 , 6.4081678390 , 3.34333
20.09 , 6.4081678390 , 3.34883
20.13 , 6.5167808532 , 3.35433
20.16 , 6.5167808532 , 3.36000
20.19 , 6.4081678390 , 3.36550
20.23 , 6.5167808532 , 3.37117
20.26 , 6.5167808532 , 3.37650
20.29 , 6.5167808532 , 3.38217
20.33 , 6.5167808532 , 3.38767
20.36 , 6.4081678390 , 3.39333
20.39 , 6.4081678390 , 3.39867
20.43 , 6.4081678390 , 3.40433
20.46 , 6.4081678390 , 3.40983
20.49 , 6.5167808532 , 3.41550
20.53 , 6.4081678390 , 3.42100
20.56 , 6.5167808532 , 3.42650
20.59 , 6.4081678390 , 3.43200
20.63 , 6.4081678390 , 3.43767
20.66 , 6.5167808532 , 3.44317
20.69 , 6.4081678390 , 3.44867
20.72 , 6.4081678390 , 3.45417
20.76 , 6.4081678390 , 3.45983
20.79 , 6.5167808532 , 3.46533
20.83 , 6.5167808532 , 3.47100
20.86 , 6.4081678390 , 3.47633
20.89 , 6.5167808532 , 3.48200
20.92 , 6.4081678390 , 3.48750
20.96 , 6.5167808532 , 3.49317
20.99 , 6.4081678390 , 3.49867
21.02 , 6.4081678390 , 3.50417
21.06 , 6.4081678390 , 3.50967
21.09 , 6.4081678390 , 3.51533
21.12 , 6.6253938674 , 3.52083
21.16 , 6.5167808532 , 3.52633
21.19 , 6.6253938674 , 3.53183
21.22 , 6.6253938674 , 3.53750
21.26 , 6.6253938674 , 3.54300
21.29 , 6.7340068817 , 3.54867
21.32 , 6.7340068817 , 3.55400
21.36 , 6.7340068817 , 3.55967
21.39 , 6.8426194190 , 3.56517
21.42 , 6.8426194190 , 3.57083
21.46 , 6.7340068817 , 3.57617
21.49 , 6.8426194190 , 3.58183
21.52 , 6.9512324333 , 3.58733
21.56 , 6.9512324333 , 3.59300
21.59 , 6.8426194190 , 3.59850
21.62 , 6.8426194190 , 3.60400
21.66 , 7.0598454475 , 3.60950
21.69 , 6.9512324333 , 3.61517
21.72 , 6.9512324333 , 3.62067
21.76 , 7.0598454475 , 3.62617
21.79 , 6.8426194190 , 3.63167
21.82 , 6.8426194190 , 3.63733
21.86 , 6.8426194190 , 3.64283
21.89 , 6.9512324333 , 3.64850
21.92 , 7.0598454475 , 3.65383
21.96 , 6.9512324333 , 3.65950
21.99 , 6.8426194190 , 3.66500
22.02 , 6.8426194190 , 3.67067
22.06 , 6.9512324333 , 3.67600
22.09 , 6.9512324333 , 3.68167
22.12 , 6.9512324333 , 3.68717
22.16 , 6.9512324333 , 3.69283
22.19 , 6.9512324333 , 3.69833
22.22 , 7.0598454475 , 3.70383
22.26 , 7.0598454475 , 3.70933
22.29 , 7.0598454475 , 3.71500
22.32 , 7.0598454475 , 3.72050
22.36 , 7.0598454475 , 3.72600
22.39 , 7.0598454475 , 3.73150
22.42 , 7.1684584617 , 3.73717
22.46 , 7.1684584617 , 3.74267
22.49 , 7.1684584617 , 3.74833
22.52 , 7.1684584617 , 3.75367
22.56 , 7.1684584617 , 3.75933
22.59 , 7.2770709991 , 3.76483
22.62 , 7.1684584617 , 3.77050
22.66 , 7.2770709991 , 3.77600
22.69 , 7.2770709991 , 3.78150
22.72 , 7.1684584617 , 3.78700
22.76 , 7.1684584617 , 3.79267
22.79 , 7.2770709991 , 3.79817
22.82 , 7.2770709991 , 3.80367
22.85 , 7.2770709991 , 3.80917
22.89 , 7.2770709991 , 3.81483
22.92 , 7.2770709991 , 3.82033
22.96 , 7.3856840133 , 3.82600
22.99 , 7.3856840133 , 3.83133
23.02 , 7.3856840133 , 3.83700
23.05 , 7.3856840133 , 3.84250
23.09 , 7.3856840133 , 3.84817
23.12 , 7.3856840133 , 3.85350
23.15 , 7.4942984580 , 3.85917
23.19 , 7.3856840133 , 3.86467
23.22 , 7.4942984580 , 3.87033
23.25 , 7.3856840133 , 3.87583
23.29 , 7.3856840133 , 3.88133
23.32 , 7.4942984580 , 3.88683
23.35 , 7.4942984580 , 3.89250
23.39 , 7.4942984580 , 3.89800
23.42 , 7.4942984580 , 3.90350
23.45 , 7.4942984580 , 3.90900
23.49 , 7.4942984580 , 3.91467
23.52 , 7.4942984580 , 3.92017
23.55 , 7.4942984580 , 3.92583
23.59 , 7.6029109954 , 3.93117
23.62 , 7.4942984580 , 3.93683
23.65 , 7.4942984580 , 3.94233
23.69 , 7.4942984580 , 3.94800
23.72 , 7.4942984580 , 3.95333
23.75 , 7.6029109954 , 3.95900
23.79 , 7.6029109954 , 3.96450
23.82 , 7.4942984580 , 3.97017
23.85 , 7.6029109954 , 3.97567
23.89 , 7.6029109954 , 3.98117
23.92 , 7.6029109954 , 3.98667
23.95 , 7.6029109954 , 3.99233
23.99 , 7.7115240097 , 3.99783
24.02 , 7.7115240097 , 4.00333
24.05 , 7.7115240097 , 4.00883
24.09 , 7.6029109954 , 4.01450
24.12 , 7.7115240097 , 4.02000
24.15 , 7.7115240097 , 4.02567
24.19 , 7.8201370239 , 4.03100
24.22 , 7.8201370239 , 4.03667
24.25 , 7.8201370239 , 4.04217
24.29 , 7.7115240097 , 4.04783
24.32 , 7.9287500381 , 4.05333
24.35 , 7.9287500381 , 4.05883
24.39 , 7.8201370239 , 4.06433
24.42 , 7.8201370239 , 4.07000
24.45 , 7.9287500381 , 4.07550
24.49 , 8.0373630523 , 4.08100
24.52 , 7.8201370239 , 4.08650
24.55 , 8.0373630523 , 4.09217
24.59 , 8.0373630523 , 4.09767
24.62 , 8.0373630523 , 4.10333
24.65 , 8.0373630523 , 4.10867
24.69 , 8.1459760665 , 4.11433
24.72 , 8.2545890808 , 4.11983
24.75 , 8.0373630523 , 4.12550
24.78 , 8.2545890808 , 4.13083
24.82 , 8.2545890808 , 4.13650
24.85 , 8.1459760665 , 4.14200
24.89 , 8.1459760665 , 4.14767
24.92 , 8.1459760665 , 4.15317
24.95 , 8.3632011413 , 4.15867
24.98 , 8.2545890808 , 4.16417
25.02 , 8.1459760665 , 4.16983
25.05 , 8.2545890808 , 4.17533
25.08 , 8.2545890808 , 4.18083
25.12 , 8.3632011413 , 4.18633
25.15 , 8.2545890808 , 4.19200
25.18 , 8.3632011413 , 4.19750
25.22 , 8.3632011413 , 4.20317
25.25 , 8.3632011413 , 4.20850
25.28 , 8.2545890808 , 4.21417
25.32 , 8.2545890808 , 4.21967
25.35 , 8.3632011413 , 4.22533
25.38 , 8.3632011413 , 4.23067
25.42 , 8.3632011413 , 4.23633
25.45 , 8.3632011413 , 4.24183
25.48 , 8.4718141555 , 4.24750
25.52 , 8.5804271697 , 4.25300
25.55 , 8.4718141555 , 4.25850
25.58 , 8.3632011413 , 4.26400
25.62 , 8.3632011413 , 4.26967
25.65 , 8.4718141555 , 4.27517
25.68 , 8.4718141555 , 4.28067
25.72 , 8.4718141555 , 4.28617
25.75 , 8.4718141555 , 4.29183
25.78 , 8.3632011413 , 4.29733
25.82 , 8.4718141555 , 4.30300
25.85 , 8.4718141555 , 4.30833
25.88 , 8.4718141555 , 4.31400
25.92 , 8.4718141555 , 4.31950
25.95 , 8.5804271697 , 4.32517
25.98 , 8.4718141555 , 4.33067
26.02 , 8.5804271697 , 4.33617
26.05 , 8.5804271697 , 4.34167
26.08 , 8.4718141555 , 4.34733
26.12 , 8.5804271697 , 4.35283
26.15 , 8.6890401840 , 4.35833
26.18 , 8.5804271697 , 4.36383
26.22 , 8.6890401840 , 4.36950
26.25 , 8.5804271697 , 4.37500
26.28 , 8.5804271697 , 4.38067
26.32 , 8.6890401840 , 4.38600
26.35 , 8.6890401840 , 4.39167
26.38 , 8.6890401840 , 4.39717
26.42 , 8.7976531982 , 4.40283
26.45 , 8.6890401840 , 4.40817
26.48 , 8.6890401840 , 4.41383
26.52 , 8.6890401840 , 4.41933
26.55 , 8.6890401840 , 4.42500
26.58 , 8.6890401840 , 4.43050
26.62 , 8.7976531982 , 4.43600
26.65 , 8.7976531982 , 4.44150
26.68 , 8.7976531982 , 4.44717
26.72 , 8.7976531982 , 4.45267
26.75 , 8.7976531982 , 4.45817
26.78 , 8.7976531982 , 4.46367
26.82 , 8.7976531982 , 4.46933
26.85 , 8.9062662124 , 4.47483
26.88 , 9.0148792266 , 4.48050
26.92 , 8.7976531982 , 4.48583
26.95 , 9.0148792266 , 4.49150
26.98 , 9.0148792266 , 4.49700
27.02 , 9.0148792266 , 4.50267
27.05 , 9.0148792266 , 4.50800
27.08 , 9.0148792266 , 4.51367
27.11 , 9.1234922409 , 4.51917
27.15 , 9.1234922409 , 4.52483
27.18 , 9.1234922409 , 4.53033
27.21 , 9.1234922409 , 4.53583
27.25 , 9.1234922409 , 4.54133
27.28 , 9.2321052551 , 4.54700
27.31 , 9.2321052551 , 4.55250
27.35 , 9.3407173156 , 4.55800
27.38 , 9.3407173156 , 4.56350
27.42 , 9.3407173156 , 4.56917
27.45 , 9.3407173156 , 4.57467
27.48 , 9.2321052551 , 4.58033
27.51 , 9.3407173156 , 4.58567
27.55 , 9.4493303298 , 4.59133
27.58 , 9.4493303298 , 4.59683
27.61 , 9.4493303298 , 4.60250
27.65 , 9.4493303298 , 4.60800
27.68 , 9.5579462051 , 4.61350
27.71 , 9.5579462051 , 4.61900
27.75 , 9.5579462051 , 4.62467
27.78 , 9.5579462051 , 4.63017
27.81 , 9.5579462051 , 4.63567
27.85 , 9.5579462051 , 4.64117
27.88 , 9.5579462051 , 4.64683
27.91 , 9.5579462051 , 4.65233
27.95 , 9.5579462051 , 4.65800
27.98 , 9.5579462051 , 4.66333
28.01 , 9.5579462051 , 4.66900
28.05 , 9.6665592193 , 4.67450
28.08 , 9.5579462051 , 4.68017
28.11 , 9.6665592193 , 4.68550
28.15 , 9.6665592193 , 4.69117
28.18 , 9.6665592193 , 4.69667
28.21 , 9.7751722335 , 4.70233
28.25 , 9.7751722335 , 4.70783
28.28 , 9.7751722335 , 4.71333
28.31 , 9.8837852478 , 4.71883
28.35 , 9.8837852478 , 4.72450
28.38 , 9.7751722335 , 4.73000
28.41 , 9.7751722335 , 4.73550
28.45 , 9.8837852478 , 4.74100
28.48 , 9.9923973083 , 4.74667
28.51 , 9.8837852478 , 4.75217
28.55 , 9.8837852478 , 4.75783
28.58 , 9.9923973083 , 4.76317
28.61 , 9.9923973083 , 4.76883
28.65 , 9.9923973083 , 4.77433
28.68 , 9.9923973083 , 4.78000
28.71 , 10.1010103225 , 4.78533
28.75 , 9.8837852478 , 4.79117
28.78 , 9.9923973083 , 4.79667
28.81 , 9.9923973083 , 4.80233
28.85 , 10.1010103225 , 4.80783
28.88 , 10.1010103225 , 4.81350
28.92 , 10.1010103225 , 4.81917
28.95 , 10.1010103225 , 4.82500
28.98 , 10.1010103225 , 4.83067
29.02 , 10.1010103225 , 4.83650
29.05 , 10.2096233367 , 4.84217
29.09 , 10.3182363510 , 4.84783
29.12 , 10.2096233367 , 4.85367
29.16 , 10.3182363510 , 4.85933
29.19 , 10.3182363510 , 4.86517
29.22 , 10.4268493652 , 4.87067
29.26 , 10.4268493652 , 4.87650
29.29 , 10.3182363510 , 4.88217
29.33 , 10.5354623794 , 4.88800
29.36 , 10.3182363510 , 4.89367
29.40 , 10.3182363510 , 4.89933
29.43 , 10.3182363510 , 4.90500
29.46 , 10.4268493652 , 4.91083
29.50 , 10.5354623794 , 4.91650
29.53 , 10.6440753936 , 4.92233
29.57 , 10.7526884078 , 4.92800
29.60 , 10.7526884078 , 4.93367
29.64 , 10.7526884078 , 4.93933
29.67 , 10.8613014221 , 4.94517
29.70 , 10.9699134826 , 4.95083
29.74 , 10.8613014221 , 4.95667
29.77 , 10.9699134826 , 4.96217
29.81 , 10.9699134826 , 4.96800
29.84 , 10.9699134826 , 4.97367
29.88 , 10.8613014221 , 4.97950
29.91 , 10.8613014221 , 4.98517
29.94 , 10.8613014221 , 4.99083
29.98 , 10.9699134826 , 4.99650
30.01 , 10.8613014221 , 5.00233
30.05 , 10.8613014221 , 5.00800
30.08 , 10.8613014221 , 5.01383
30.12 , 10.9699134826 , 5.01933
30.15 , 10.9699134826 , 5.02517
30.19 , 11.0785264968 , 5.03100
30.22 , 10.9699134826 , 5.03667
30.25 , 10.9699134826 , 5.04250
30.29 , 10.9699134826 , 5.04800
30.32 , 10.9699134826 , 5.05383
30.36 , 11.0785264968 , 5.05950
30.39 , 11.1871395111 , 5.06533
30.43 , 11.0785264968 , 5.07100
30.46 , 11.0785264968 , 5.07667
30.49 , 11.0785264968 , 5.08233
30.53 , 10.9699134826 , 5.08817
30.56 , 10.9699134826 , 5.09383
30.60 , 11.0785264968 , 5.09967
30.63 , 10.9699134826 , 5.10517
30.67 , 10.9699134826 , 5.11100
30.70 , 10.8613014221 , 5.11667
30.73 , 10.9699134826 , 5.12250
30.77 , 10.7526884078 , 5.12817
30.80 , 10.8613014221 , 5.13383
30.84 , 11.0785264968 , 5.13950
30.87 , 11.0785264968 , 5.14533
30.91 , 11.0785264968 , 5.15100
30.94 , 11.0785264968 , 5.15683
30.97 , 11.0785264968 , 5.16233
31.01 , 11.0785264968 , 5.16817
31.04 , 11.0785264968 , 5.17383
31.08 , 11.1871395111 , 5.17967
31.11 , 11.1871395111 , 5.18533
31.15 , 11.2957525253 , 5.19117
31.18 , 11.1871395111 , 5.19667
31.21 , 11.1871395111 , 5.20250
31.25 , 11.1871395111 , 5.20833
31.28 , 11.1871395111 , 5.21400
31.32 , 11.2957525253 , 5.21983
31.35 , 11.2957525253 , 5.22533
31.39 , 11.2957525253 , 5.23117
31.42 , 11.2957525253 , 5.23683
31.46 , 11.2957525253 , 5.24267
31.49 , 11.2957525253 , 5.24833
31.52 , 11.2957525253 , 5.25400
31.56 , 11.4043655395 , 5.25967
31.59 , 11.5129785537 , 5.26550
31.63 , 11.5129785537 , 5.27117
31.66 , 11.5129785537 , 5.27700
31.69 , 11.5129785537 , 5.28250
31.73 , 11.5129785537 , 5.28833
31.76 , 11.4043655395 , 5.29400
31.80 , 11.5129785537 , 5.29983
31.83 , 11.5129785537 , 5.30550
31.87 , 11.6215915679 , 5.31117
31.90 , 11.5129785537 , 5.31683
31.94 , 11.6215915679 , 5.32267
31.97 , 11.7302045822 , 5.32833
32.01 , 11.8388175964 , 5.33417
32.04 , 11.6215915679 , 5.33967
32.07 , 11.6215915679 , 5.34550
32.11 , 11.5129785537 , 5.35117
32.14 , 11.5129785537 , 5.35700
32.18 , 11.5129785537 , 5.36267
32.21 , 11.5129785537 , 5.36833
32.24 , 11.5129785537 , 5.37400
32.28 , 11.6215915679 , 5.37983
32.31 , 11.5129785537 , 5.38550
32.35 , 11.5129785537 , 5.39133
32.38 , 11.6215915679 , 5.39700
32.42 , 11.6215915679 , 5.40267
32.45 , 11.6215915679 , 5.40850
32.49 , 11.6215915679 , 5.41417
32.52 , 11.6215915679 , 5.42000
32.55 , 11.6215915679 , 5.42550
32.59 , 11.6215915679 , 5.43133
32.62 , 11.6215915679 , 5.43700
32.66 , 11.6215915679 , 5.44283
32.69 , 11.6215915679 , 5.44850
32.73 , 11.6215915679 , 5.45433
32.76 , 11.6215915679 , 5.45983
32.79 , 11.7302045822 , 5.46567
32.83 , 11.7302045822 , 5.47133
32.86 , 11.7302045822 , 5.47717
32.90 , 11.7302045822 , 5.48283
32.93 , 11.8388175964 , 5.48850
32.97 , 11.7302045822 , 5.49417
33.00 , 11.7302045822 , 5.50000
33.03 , 11.8388175964 , 5.50567
33.07 , 11.8388175964 , 5.51150
33.10 , 11.8388175964 , 5.51700
33.14 , 11.8388175964 , 5.52283
33.17 , 11.8388175964 , 5.52850
33.21 , 11.7302045822 , 5.53433
33.24 , 11.9474296569 , 5.54000
33.27 , 11.8388175964 , 5.54567
33.31 , 12.0560426712 , 5.55133
33.34 , 12.0560426712 , 5.55717
33.38 , 12.0560426712 , 5.56283
33.41 , 12.0560426712 , 5.56867
33.45 , 12.0560426712 , 5.57433
33.48 , 12.0560426712 , 5.58000
33.52 , 12.1646556854 , 5.58583
33.55 , 12.0560426712 , 5.59150
33.58 , 12.1646556854 , 5.59733
33.62 , 12.1646556854 , 5.60283
33.65 , 12.1646556854 , 5.60867
33.69 , 12.1646556854 , 5.61433
33.72 , 12.1646556854 , 5.62017
33.76 , 12.1646556854 , 5.62583
33.79 , 12.2732686996 , 5.63150
33.82 , 12.2732686996 , 5.63717
33.86 , 12.1646556854 , 5.64300
33.89 , 12.1646556854 , 5.64867
33.93 , 12.2732686996 , 5.65450
33.96 , 12.2732686996 , 5.66000
34.00 , 12.1646556854 , 5.66583
34.03 , 12.2732686996 , 5.67150
34.06 , 12.4904975891 , 5.67733
34.10 , 12.2732686996 , 5.68300
34.13 , 12.3818845748 , 5.68867
34.17 , 12.3818845748 , 5.69433
34.20 , 12.4904975891 , 5.70017
34.24 , 12.3818845748 , 5.70583
34.27 , 12.3818845748 , 5.71167
34.30 , 12.4904975891 , 5.71733
34.34 , 12.4904975891 , 5.72300
34.37 , 12.4904975891 , 5.72867
34.41 , 12.4904975891 , 5.73450
34.44 , 12.4904975891 , 5.74017
34.48 , 12.4904975891 , 5.74600
34.51 , 12.4904975891 , 5.75150
34.54 , 12.5991096496 , 5.75733
34.58 , 12.5991096496 , 5.76317
34.61 , 12.5991096496 , 5.76883
34.65 , 12.7077226638 , 5.77467
34.68 , 12.7077226638 , 5.78017
34.72 , 12.5991096496 , 5.78600
34.75 , 12.7077226638 , 5.79167
34.79 , 12.5991096496 , 5.79750
34.82 , 12.7077226638 , 5.80317
34.85 , 12.7077226638 , 5.80883
34.89 , 12.8163356781 , 5.81450
34.92 , 12.8163356781 , 5.82033
34.96 , 12.7077226638 , 5.82600
34.99 , 12.8163356781 , 5.83183
35.02 , 12.7077226638 , 5.83733
35.06 , 12.7077226638 , 5.84317
35.09 , 12.7077226638 , 5.84883
35.13 , 12.8163356781 , 5.85467
35.16 , 13.0335617065 , 5.86033
35.20 , 12.8163356781 , 5.86600
35.23 , 12.8163356781 , 5.87167
35.27 , 12.9249486923 , 5.87750
35.30 , 13.0335617065 , 5.88317
35.33 , 13.0335617065 , 5.88900
35.37 , 12.9249486923 , 5.89450
35.40 , 13.0335617065 , 5.90033
35.44 , 12.9249486923 , 5.90600
35.47 , 13.0335617065 , 5.91183
35.51 , 13.1421747207 , 5.91750
35.54 , 13.2507877349 , 5.92317
35.57 , 13.1421747207 , 5.92883
35.61 , 13.2507877349 , 5.93467
35.64 , 13.1421747207 , 5.94050
35.68 , 13.2507877349 , 5.94617
35.71 , 13.2507877349 , 5.95200
35.75 , 13.2507877349 , 5.95750
35.78 , 13.2507877349 , 5.96333
35.81 , 13.2507877349 , 5.96900
35.85 , 13.2507877349 , 5.97483
35.88 , 13.3594007492 , 5.98050
35.92 , 13.2507877349 , 5.98617
35.95 , 13.2507877349 , 5.99183
35.99 , 13.3594007492 , 5.99767
36.02 , 13.2507877349 , 6.00333
36.06 , 13.2507877349 , 6.00917
36.09 , 13.3594007492 , 6.01467
36.12 , 13.3594007492 , 6.02050
36.16 , 13.3594007492 , 6.02617
36.19 , 13.2507877349 , 6.03200
36.23 , 13.3594007492 , 6.03767
36.26 , 13.3594007492 , 6.04333
36.29 , 13.3594007492 , 6.04900
36.33 , 13.3594007492 , 6.05483
36.36 , 13.3594007492 , 6.06050
36.40 , 13.3594007492 , 6.06633
36.43 , 13.3594007492 , 6.07183
36.47 , 13.2507877349 , 6.07767
36.50 , 13.3594007492 , 6.08333
36.54 , 13.2507877349 , 6.08917
36.57 , 13.3594007492 , 6.09483
36.60 , 13.4680137634 , 6.10050
36.64 , 13.3594007492 , 6.10617
36.67 , 13.4680137634 , 6.11200
36.71 , 13.4680137634 , 6.11767
36.74 , 13.4680137634 , 6.12350
36.78 , 13.5766258239 , 6.12917
36.81 , 13.4680137634 , 6.13483
36.84 , 13.4680137634 , 6.14067
36.88 , 13.4680137634 , 6.14633
36.91 , 13.4680137634 , 6.15217
36.95 , 13.5766258239 , 6.15767
36.98 , 13.6852388381 , 6.16350
37.02 , 13.5766258239 , 6.16917
37.05 , 13.6852388381 , 6.17500
37.08 , 13.5766258239 , 6.18067
37.12 , 13.6852388381 , 6.18633
37.15 , 13.6852388381 , 6.19200
37.19 , 13.6852388381 , 6.19783
37.22 , 13.6852388381 , 6.20350
37.26 , 13.7938518524 , 6.20933
37.29 , 13.6852388381 , 6.21483
37.32 , 13.7938518524 , 6.22067
37.36 , 13.6852388381 , 6.22633
37.39 , 13.6852388381 , 6.23217
37.43 , 13.9024648666 , 6.23783
37.46 , 13.9024648666 , 6.24367
37.50 , 13.7938518524 , 6.24917
37.53 , 13.7938518524 , 6.25500
37.56 , 13.7938518524 , 6.26067
37.60 , 13.7938518524 , 6.26650
37.63 , 13.7938518524 , 6.27217
37.67 , 13.9024648666 , 6.27783
37.70 , 13.9024648666 , 6.28350
37.74 , 13.9024648666 , 6.28933
37.77 , 13.9024648666 , 6.29500
37.81 , 14.0110778808 , 6.30083
37.84 , 13.9024648666 , 6.30650
37.87 , 13.9024648666 , 6.31217
37.91 , 14.0110778808 , 6.31800
37.94 , 14.0110778808 , 6.32367
37.98 , 14.1196908950 , 6.32950
38.01 , 14.1196908950 , 6.33500
38.04 , 14.0110778808 , 6.34083
38.08 , 14.1196908950 , 6.34650
38.11 , 14.2283039093 , 6.35233
38.15 , 14.0110778808 , 6.35800
38.18 , 14.1196908950 , 6.36367
38.22 , 14.0110778808 , 6.36933
38.25 , 14.1196908950 , 6.37517
38.29 , 14.0110778808 , 6.38083
38.32 , 14.2283039093 , 6.38667
38.35 , 14.2283039093 , 6.39217
38.39 , 14.1196908950 , 6.39800
38.42 , 14.2283039093 , 6.40367
38.46 , 14.2283039093 , 6.40950
38.49 , 14.3369169235 , 6.41517
38.53 , 14.3369169235 , 6.42083
38.56 , 14.2283039093 , 6.42650
38.59 , 14.2283039093 , 6.43233
38.63 , 14.2283039093 , 6.43800
38.66 , 14.2283039093 , 6.44383
38.70 , 14.4455299377 , 6.44933
38.73 , 14.3369169235 , 6.45517
38.77 , 14.3369169235 , 6.46083
38.80 , 14.5541419982 , 6.46667
38.83 , 14.5541419982 , 6.47233
38.87 , 14.5541419982 , 6.47800
38.90 , 14.3369169235 , 6.48367
38.94 , 14.4455299377 , 6.48950
38.97 , 14.4455299377 , 6.49533
39.01 , 14.4455299377 , 6.50100
39.04 , 14.4455299377 , 6.50683
39.07 , 14.5541419982 , 6.51233
39.11 , 14.5541419982 , 6.51817
39.14 , 14.5541419982 , 6.52383
39.18 , 14.5541419982 , 6.52967
39.21 , 14.6627550125 , 6.53533
39.25 , 14.6627550125 , 6.54100
39.28 , 14.6627550125 , 6.54667
39.31 , 14.6627550125 , 6.55250
39.35 , 14.6627550125 , 6.55817
39.38 , 14.6627550125 , 6.56400
39.42 , 14.7713680267 , 6.56950
39.45 , 14.6627550125 , 6.57533
39.49 , 14.7713680267 , 6.58100
39.52 , 14.7713680267 , 6.58683
39.56 , 14.7713680267 , 6.59250
39.59 , 14.7713680267 , 6.59817
39.62 , 14.8799810409 , 6.60383
39.66 , 14.8799810409 , 6.60967
39.69 , 14.8799810409 , 6.61533
39.73 , 14.9885940551 , 6.62117
39.76 , 14.8799810409 , 6.62667
39.79 , 14.9885940551 , 6.63250
39.83 , 14.9885940551 , 6.63817
39.86 , 15.0972099304 , 6.64400
39.90 , 15.3144350051 , 6.64967
39.93 , 15.5316610336 , 6.65533
39.97 , 15.5316610336 , 6.66100
40.00 , 15.4230480194 , 6.66683
40.04 , 15.6402740478 , 6.67267
40.07 , 15.4230480194 , 6.67833
40.10 , 15.5316610336 , 6.68400
40.14 , 15.4230480194 , 6.68967
40.17 , 15.4230480194 , 6.69550
40.21 , 15.4230480194 , 6.70117
40.24 , 15.5316610336 , 6.70700
40.28 , 15.5316610336 , 6.71250
40.31 , 15.4230480194 , 6.71833
40.34 , 15.4230480194 , 6.72400
40.38 , 15.4230480194 , 6.72983
40.41 , 15.4230480194 , 6.73550
40.45 , 15.4230480194 , 6.74133
40.48 , 15.4230480194 , 6.74683
40.52 , 15.3144350051 , 6.75267
40.55 , 15.4230480194 , 6.75833
40.59 , 15.5316610336 , 6.76417
40.62 , 15.4230480194 , 6.76983
40.65 , 15.4230480194 , 6.77550
40.69 , 15.6402740478 , 6.78117
40.72 , 15.4230480194 , 6.78700
40.76 , 15.6402740478 , 6.79267
40.79 , 15.4230480194 , 6.79850
40.82 , 15.6402740478 , 6.80400
40.86 , 15.5316610336 , 6.80983
40.89 , 15.4230480194 , 6.81550
40.93 , 15.4230480194 , 6.82133
40.96 , 15.4230480194 , 6.82700
41.00 , 15.5316610336 , 6.83267
41.03 , 15.5316610336 , 6.83833
41.06 , 15.5316610336 , 6.84417
41.10 , 15.6402740478 , 6.84983
41.13 , 15.5316610336 , 6.85567
41.17 , 15.6402740478 , 6.86133
41.20 , 15.5316610336 , 6.86700
41.24 , 15.5316610336 , 6.87283
41.27 , 15.7488870620 , 6.87850
41.31 , 15.6402740478 , 6.88433
41.34 , 15.7488870620 , 6.88983
41.37 , 15.6402740478 , 6.89567
41.41 , 15.7488870620 , 6.90133
41.44 , 15.7488870620 , 6.90717
41.48 , 15.7488870620 , 6.91283
41.51 , 15.8575000762 , 6.91850
41.54 , 15.7488870620 , 6.92417
41.58 , 15.8575000762 , 6.93000
41.61 , 15.7488870620 , 6.93567
41.65 , 15.8575000762 , 6.94150
41.68 , 15.7488870620 , 6.94700
41.72 , 15.8575000762 , 6.95283
41.75 , 15.8575000762 , 6.95850
41.79 , 15.9661130905 , 6.96433
41.82 , 15.9661130905 , 6.97000
41.85 , 15.8575000762 , 6.97567
41.89 , 16.0747261047 , 6.98133
41.92 , 16.1833381652 , 6.98717
41.96 , 16.1833381652 , 6.99283
41.99 , 16.2919521331 , 6.99867
42.03 , 16.1833381652 , 7.00417
42.06 , 16.1833381652 , 7.01000
42.09 , 16.2919521331 , 7.01567
42.13 , 16.4005641937 , 7.02150
42.16 , 16.2919521331 , 7.02717
42.20 , 16.2919521331 , 7.03300
42.23 , 16.1833381652 , 7.03867
42.27 , 16.1833381652 , 7.04433
42.30 , 16.0747261047 , 7.05017
42.34 , 15.9661130905 , 7.05583
42.37 , 16.0747261047 , 7.06167
42.40 , 16.0747261047 , 7.06717
42.44 , 16.0747261047 , 7.07300
42.47 , 16.1833381652 , 7.07867
42.51 , 16.4005641937 , 7.08450
42.54 , 16.2919521331 , 7.09017
42.58 , 16.4005641937 , 7.09583
42.61 , 16.1833381652 , 7.10150
42.64 , 16.1833381652 , 7.10733
42.68 , 16.2919521331 , 7.11300
42.71 , 16.2919521331 , 7.11883
42.75 , 16.2919521331 , 7.12433
42.78 , 16.2919521331 , 7.13017
42.81 , 16.2919521331 , 7.13583
42.85 , 16.2919521331 , 7.14167
42.88 , 16.1833381652 , 7.14733
42.92 , 16.1833381652 , 7.15300
42.95 , 16.2919521331 , 7.15867
42.99 , 16.2919521331 , 7.16450
43.02 , 16.2919521331 , 7.17017
43.06 , 16.4005641937 , 7.17600
43.09 , 16.2919521331 , 7.18150
43.12 , 16.4005641937 , 7.18733
43.16 , 16.4005641937 , 7.19300
43.19 , 16.4005641937 , 7.19883
43.23 , 16.5091781616 , 7.20450
43.26 , 16.6177902221 , 7.21017
43.29 , 16.6177902221 , 7.21583
43.33 , 16.4005641937 , 7.22167
43.37 , 16.6177902221 , 7.22750
43.40 , 16.6177902221 , 7.23317
43.43 , 16.6177902221 , 7.23883
43.47 , 16.6177902221 , 7.24450
43.50 , 16.7264022827 , 7.25033
43.54 , 16.6177902221 , 7.25600
43.57 , 16.6177902221 , 7.26183
43.60 , 16.6177902221 , 7.26733
43.64 , 16.6177902221 , 7.27317
43.67 , 16.7264022827 , 7.27883
43.71 , 16.6177902221 , 7.28467
43.74 , 16.8350162506 , 7.29033
43.78 , 16.8350162506 , 7.29617
43.81 , 16.6177902221 , 7.30167
43.85 , 16.8350162506 , 7.30750
43.88 , 16.8350162506 , 7.31317
43.91 , 16.8350162506 , 7.31900
43.95 , 16.8350162506 , 7.32467
43.98 , 16.8350162506 , 7.33033
44.02 , 16.8350162506 , 7.33600
44.05 , 16.9436283111 , 7.34183
44.09 , 16.8350162506 , 7.34750
44.12 , 16.9436283111 , 7.35333
44.15 , 17.0522422790 , 7.35883
44.19 , 17.0522422790 , 7.36467
44.22 , 17.0522422790 , 7.37033
44.26 , 16.8350162506 , 7.37617
44.29 , 16.9436283111 , 7.38183
44.33 , 17.0522422790 , 7.38750
44.36 , 17.1608543395 , 7.39317
44.39 , 17.1608543395 , 7.39900
44.43 , 17.1608543395 , 7.40483
44.46 , 17.1608543395 , 7.41050
44.50 , 17.1608543395 , 7.41617
44.53 , 17.2694683074 , 7.42183
44.57 , 17.1608543395 , 7.42767
44.60 , 17.2694683074 , 7.43333
44.63 , 17.1608543395 , 7.43917
44.67 , 17.1608543395 , 7.44467
44.70 , 17.2694683074 , 7.45050
44.74 , 17.2694683074 , 7.45617
44.77 , 17.3780803680 , 7.46200
44.81 , 17.3780803680 , 7.46767
44.84 , 17.3780803680 , 7.47333
44.87 , 17.2694683074 , 7.47900
44.91 , 17.3780803680 , 7.48483
44.94 , 17.3780803680 , 7.49050
44.98 , 17.3780803680 , 7.49633
45.01 , 17.3780803680 , 7.50183
45.05 , 17.3780803680 , 7.50767
45.08 , 17.3780803680 , 7.51333
45.12 , 17.3780803680 , 7.51917
45.15 , 17.4866943359 , 7.52483
45.18 , 17.4866943359 , 7.53067
45.22 , 17.4866943359 , 7.53617
45.25 , 17.4866943359 , 7.54200
45.29 , 17.4866943359 , 7.54767
45.32 , 17.4866943359 , 7.55350
45.36 , 17.4866943359 , 7.55917
45.39 , 17.5953063964 , 7.56483
45.42 , 17.5953063964 , 7.57050
45.46 , 17.4866943359 , 7.57633
45.49 , 17.5953063964 , 7.58200
45.53 , 17.5953063964 , 7.58783
45.56 , 17.5953063964 , 7.59350
45.60 , 17.7039184570 , 7.59917
45.63 , 17.7039184570 , 7.60500
45.66 , 17.7039184570 , 7.61067
45.70 , 17.7039184570 , 7.61650
45.73 , 17.7039184570 , 7.62200
45.77 , 17.8125324249 , 7.62783
45.80 , 17.7039184570 , 7.63350
45.84 , 17.7039184570 , 7.63933
45.87 , 17.9211483001 , 7.64500
45.90 , 17.8125324249 , 7.65067
45.94 , 17.8125324249 , 7.65633
45.97 , 17.8125324249 , 7.66217
46.01 , 17.9211483001 , 7.66783
46.04 , 17.9211483001 , 7.67367
46.08 , 17.9211483001 , 7.67917
46.11 , 17.9211483001 , 7.68500
46.14 , 17.9211483001 , 7.69067
46.18 , 17.9211483001 , 7.69650
46.21 , 17.9211483001 , 7.70217
46.25 , 17.9211483001 , 7.70783
46.28 , 18.0297603607 , 7.71350
46.32 , 18.0297603607 , 7.71933
46.35 , 18.0297603607 , 7.72500
46.38 , 18.0297603607 , 7.73083
46.42 , 18.1383743286 , 7.73633
46.45 , 18.1383743286 , 7.74217
46.49 , 18.1383743286 , 7.74783
46.52 , 18.2469863891 , 7.75367
46.56 , 18.2469863891 , 7.75933
46.59 , 18.1383743286 , 7.76500
46.63 , 18.2469863891 , 7.77083
46.66 , 18.1383743286 , 7.77650
46.69 , 18.1383743286 , 7.78233
46.73 , 18.1383743286 , 7.78800
46.76 , 18.2469863891 , 7.79383
46.80 , 18.2469863891 , 7.79933
46.83 , 18.2469863891 , 7.80517
46.87 , 18.2469863891 , 7.81083
46.90 , 18.3555984497 , 7.81667
46.93 , 18.2469863891 , 7.82233
46.97 , 18.3555984497 , 7.82800
47.00 , 18.3555984497 , 7.83367
47.04 , 18.3555984497 , 7.83950
47.07 , 18.3555984497 , 7.84517
47.11 , 18.4642124176 , 7.85100
47.14 , 18.3555984497 , 7.85650
47.17 , 18.3555984497 , 7.86233
47.21 , 18.3555984497 , 7.86800
47.24 , 18.4642124176 , 7.87383
47.28 , 18.4642124176 , 7.87950
47.31 , 18.4642124176 , 7.88517
47.35 , 18.4642124176 , 7.89083
47.38 , 18.4642124176 , 7.89667
47.41 , 18.4642124176 , 7.90233
47.45 , 18.4642124176 , 7.90817
47.48 , 18.5728244781 , 7.91367
47.52 , 18.4642124176 , 7.91950
47.55 , 18.5728244781 , 7.92517
47.59 , 18.4642124176 , 7.93100
47.62 , 18.5728244781 , 7.93667
47.65 , 18.5728244781 , 7.94233
47.69 , 18.5728244781 , 7.94800
47.72 , 18.5728244781 , 7.95383
47.76 , 18.5728244781 , 7.95967
47.79 , 18.5728244781 , 7.96533
47.83 , 18.6814384460 , 7.97100
47.86 , 18.6814384460 , 7.97667
47.90 , 18.6814384460 , 7.98250
47.93 , 18.6814384460 , 7.98817
47.96 , 18.6814384460 , 7.99400
48.00 , 18.7900505065 , 7.99950
48.03 , 18.7900505065 , 8.00533
48.07 , 18.7900505065 , 8.01100
48.10 , 18.8986644744 , 8.01683
48.13 , 18.7900505065 , 8.02250
48.17 , 19.0072765350 , 8.02817
48.20 , 18.8986644744 , 8.03383
48.24 , 18.7900505065 , 8.03967
48.27 , 18.8986644744 , 8.04533
48.31 , 19.0072765350 , 8.05117
48.34 , 18.8986644744 , 8.05667
48.38 , 18.8986644744 , 8.06250
48.41 , 19.0072765350 , 8.06817
48.44 , 19.0072765350 , 8.07400
48.48 , 19.0072765350 , 8.07967
48.51 , 19.1158905029 , 8.08550
48.55 , 19.0072765350 , 8.09100
48.58 , 19.1158905029 , 8.09683
48.62 , 19.1158905029 , 8.10250
48.65 , 19.1158905029 , 8.10833
48.68 , 19.1158905029 , 8.11400
48.72 , 19.2245025634 , 8.11967
48.75 , 19.1158905029 , 8.12533
48.79 , 19.2245025634 , 8.13117
48.82 , 19.2245025634 , 8.13700
48.86 , 19.2245025634 , 8.14267
48.89 , 19.3331146240 , 8.14833
48.92 , 19.2245025634 , 8.15400
48.96 , 19.2245025634 , 8.15983
48.99 , 19.3331146240 , 8.16550
49.03 , 19.2245025634 , 8.17133
49.06 , 19.3331146240 , 8.17683
49.10 , 19.3331146240 , 8.18267
49.13 , 19.4417285919 , 8.18833
49.17 , 19.4417285919 , 8.19417
49.20 , 19.3331146240 , 8.19983
49.23 , 19.3331146240 , 8.20550
49.27 , 19.4417285919 , 8.21117
49.30 , 19.4417285919 , 8.21700
49.34 , 19.4417285919 , 8.22267
49.37 , 19.4417285919 , 8.22850
49.40 , 19.5503406524 , 8.23400
49.44 , 19.5503406524 , 8.23983
49.47 , 19.5503406524 , 8.24550
49.51 , 19.6589546203 , 8.25133
49.54 , 19.5503406524 , 8.25700
49.58 , 19.6589546203 , 8.26267
49.61 , 19.7675666809 , 8.26833
49.65 , 19.8761806488 , 8.27417
49.68 , 19.9847927093 , 8.27983
49.71 , 19.9847927093 , 8.28567
49.75 , 19.8761806488 , 8.29117
49.78 , 19.9847927093 , 8.29700
49.82 , 19.9847927093 , 8.30267
49.85 , 19.9847927093 , 8.30850
49.88 , 20.2020187377 , 8.31417
49.92 , 19.9847927093 , 8.32000
49.95 , 19.9847927093 , 8.32567
49.99 , 20.0934066772 , 8.33133
50.02 , 20.0934066772 , 8.33717
50.06 , 20.2020187377 , 8.34283
50.09 , 20.0934066772 , 8.34867
50.13 , 20.0934066772 , 8.35417
50.16 , 20.2020187377 , 8.36000
50.19 , 20.0934066772 , 8.36567
50.23 , 20.0934066772 , 8.37150
50.26 , 20.0934066772 , 8.37717
50.30 , 20.2020187377 , 8.38283
50.33 , 20.2020187377 , 8.38850
50.37 , 20.0934066772 , 8.39433
50.40 , 20.2020187377 , 8.40000
50.44 , 20.2020187377 , 8.40583
50.47 , 20.2020187377 , 8.41133
50.50 , 20.2020187377 , 8.41717
50.54 , 20.3106307983 , 8.42283
50.57 , 20.3106307983 , 8.42867
50.61 , 20.3106307983 , 8.43433
50.64 , 20.3106307983 , 8.44000
50.67 , 20.3106307983 , 8.44567
50.71 , 20.4192447662 , 8.45150
50.74 , 20.3106307983 , 8.45717
50.78 , 20.3106307983 , 8.46300
50.81 , 20.4192447662 , 8.46850
50.85 , 20.4192447662 , 8.47433
50.88 , 20.4192447662 , 8.48000
50.92 , 20.4192447662 , 8.48583
50.95 , 20.5278568267 , 8.49150
50.98 , 20.5278568267 , 8.49717
51.02 , 20.5278568267 , 8.50300
51.05 , 20.5278568267 , 8.50867
51.09 , 20.5278568267 , 8.51450
51.12 , 20.4192447662 , 8.52017
51.15 , 20.4192447662 , 8.52583
51.19 , 20.3106307983 , 8.53150
51.22 , 20.4192447662 , 8.53733
51.26 , 20.5278568267 , 8.54300
51.29 , 20.5278568267 , 8.54883
51.33 , 20.5278568267 , 8.55433
51.36 , 20.5278568267 , 8.56017
51.40 , 20.5278568267 , 8.56583
51.43 , 20.5278568267 , 8.57167
51.46 , 20.6364707946 , 8.57733
51.50 , 20.6364707946 , 8.58317
51.53 , 20.6364707946 , 8.58867
51.57 , 20.7450866699 , 8.59450
51.60 , 20.5278568267 , 8.60017
51.64 , 20.5278568267 , 8.60600
51.67 , 20.7450866699 , 8.61167
51.70 , 20.6364707946 , 8.61733
51.74 , 20.6364707946 , 8.62300
51.77 , 20.5278568267 , 8.62883
51.81 , 20.6364707946 , 8.63450
51.84 , 20.7450866699 , 8.64033
51.88 , 20.7450866699 , 8.64583
51.91 , 20.7450866699 , 8.65167
51.94 , 20.7450866699 , 8.65733
51.98 , 20.7450866699 , 8.66317
52.01 , 20.8536987304 , 8.66883
52.05 , 20.8536987304 , 8.67450
52.08 , 20.8536987304 , 8.68017
52.12 , 20.7450866699 , 8.68600
52.15 , 20.7450866699 , 8.69183
52.19 , 20.8536987304 , 8.69750
52.22 , 20.8536987304 , 8.70317
52.25 , 20.8536987304 , 8.70883
52.29 , 20.8536987304 , 8.71467
52.32 , 20.9623107910 , 8.72033
52.36 , 20.8536987304 , 8.72617
52.39 , 20.8536987304 , 8.73167
52.43 , 20.8536987304 , 8.73750
52.46 , 20.9623107910 , 8.74317
52.49 , 20.8536987304 , 8.74900
52.53 , 20.8536987304 , 8.75467
52.56 , 20.9623107910 , 8.76033
52.60 , 20.9623107910 , 8.76600
52.63 , 20.9623107910 , 8.77183
52.67 , 20.9623107910 , 8.77750
52.70 , 20.8536987304 , 8.78333
52.73 , 21.0709247589 , 8.78883
52.77 , 20.9623107910 , 8.79467
52.80 , 20.9623107910 , 8.80033
52.84 , 21.0709247589 , 8.80617
52.87 , 21.0709247589 , 8.81183
52.90 , 21.1795368194 , 8.81750
52.94 , 21.0709247589 , 8.82317
52.97 , 21.1795368194 , 8.82900
53.01 , 21.1795368194 , 8.83467
53.04 , 21.1795368194 , 8.84050
53.08 , 20.9623107910 , 8.84600
53.11 , 20.8536987304 , 8.85183
53.15 , 21.1795368194 , 8.85750
53.18 , 21.0709247589 , 8.86333
53.22 , 21.0709247589 , 8.86917
53.25 , 21.1795368194 , 8.87483
53.28 , 21.0709247589 , 8.88050
53.32 , 21.1795368194 , 8.88617
53.35 , 20.9623107910 , 8.89200
53.39 , 20.9623107910 , 8.89767
53.42 , 21.0709247589 , 8.90350
53.45 , 21.0709247589 , 8.90900
53.49 , 21.0709247589 , 8.91483
53.52 , 21.0709247589 , 8.92050
53.56 , 21.0709247589 , 8.92633
53.59 , 21.0709247589 , 8.93200
53.63 , 21.0709247589 , 8.93767
53.66 , 21.1795368194 , 8.94333
53.70 , 21.1795368194 , 8.94917
53.73 , 21.1795368194 , 8.95483
53.76 , 21.2881507873 , 8.96067
53.80 , 21.1795368194 , 8.96617
53.83 , 21.2881507873 , 8.97200
53.87 , 21.2881507873 , 8.97767
53.90 , 21.2881507873 , 8.98350
53.94 , 21.2881507873 , 8.98917
53.97 , 21.5053768157 , 8.99483
54.00 , 21.5053768157 , 9.00050
54.04 , 21.5053768157 , 9.00633
54.07 , 21.6139888763 , 9.01200
54.11 , 21.6139888763 , 9.01783
54.14 , 21.6139888763 , 9.02333
54.18 , 21.6139888763 , 9.02917
54.21 , 21.6139888763 , 9.03483
54.24 , 21.6139888763 , 9.04067
54.28 , 21.6139888763 , 9.04633
54.31 , 21.7226028442 , 9.05200
54.35 , 21.7226028442 , 9.05783
54.38 , 21.7226028442 , 9.06350
54.42 , 21.6139888763 , 9.06933
54.45 , 21.8312149047 , 9.07500
54.48 , 21.6139888763 , 9.08067
54.52 , 21.7226028442 , 9.08633
54.55 , 21.7226028442 , 9.09217
54.59 , 21.7226028442 , 9.09783
54.62 , 21.8312149047 , 9.10367
54.66 , 21.8312149047 , 9.10933
54.69 , 21.8312149047 , 9.11500
54.72 , 21.8312149047 , 9.12067
54.76 , 21.8312149047 , 9.12650
54.79 , 21.8312149047 , 9.13217
54.83 , 21.9398269653 , 9.13800
54.86 , 21.9398269653 , 9.14350
54.90 , 21.9398269653 , 9.14933
54.93 , 22.0484409332 , 9.15500
54.97 , 21.9398269653 , 9.16083
55.00 , 22.0484409332 , 9.16650
55.03 , 22.0484409332 , 9.17217
55.07 , 22.0484409332 , 9.17783
55.10 , 21.9398269653 , 9.18367
55.14 , 22.1570529937 , 9.18933
55.17 , 22.0484409332 , 9.19517
55.20 , 22.1570529937 , 9.20067
55.24 , 22.1570529937 , 9.20650
55.27 , 22.0484409332 , 9.21217
55.31 , 22.1570529937 , 9.21800
55.34 , 22.1570529937 , 9.22367
55.38 , 22.0484409332 , 9.22933
55.41 , 22.1570529937 , 9.23517
55.45 , 22.1570529937 , 9.24083
55.48 , 22.1570529937 , 9.24667
55.51 , 22.2656669616 , 9.25233
55.55 , 22.2656669616 , 9.25800
55.58 , 22.1570529937 , 9.26367
55.62 , 22.2656669616 , 9.26950
55.65 , 22.2656669616 , 9.27517
55.69 , 22.2656669616 , 9.28100
55.72 , 22.2656669616 , 9.28650
55.75 , 22.3742790222 , 9.29233
55.79 , 22.3742790222 , 9.29800
55.82 , 22.2656669616 , 9.30383
55.86 , 22.3742790222 , 9.30950
55.89 , 22.4828929901 , 9.31517
55.93 , 22.5915050506 , 9.32083
55.96 , 22.4828929901 , 9.32667
55.99 , 22.4828929901 , 9.33233
56.03 , 22.5915050506 , 9.33817
56.06 , 22.4828929901 , 9.34367
56.10 , 22.5915050506 , 9.34950
56.13 , 22.5915050506 , 9.35517
56.17 , 22.7001190185 , 9.36100
56.20 , 22.7001190185 , 9.36667
56.24 , 22.5915050506 , 9.37250
56.27 , 22.7001190185 , 9.37800
56.30 , 22.8087310791 , 9.38383
56.34 , 22.8087310791 , 9.38950
56.37 , 22.8087310791 , 9.39533
56.41 , 22.9173431396 , 9.40100
56.44 , 22.9173431396 , 9.40667
56.47 , 23.0259571075 , 9.41233
56.51 , 23.1345691680 , 9.41817
56.54 , 23.1345691680 , 9.42400
56.58 , 23.2431831359 , 9.42967
56.61 , 23.1345691680 , 9.43533
56.65 , 23.2431831359 , 9.44100
56.68 , 23.1345691680 , 9.44683
56.72 , 23.2431831359 , 9.45250
56.75 , 23.1345691680 , 9.45833
56.78 , 23.2431831359 , 9.46383
56.82 , 23.2431831359 , 9.46967
56.85 , 23.1345691680 , 9.47533
56.89 , 23.2431831359 , 9.48117
56.92 , 23.2431831359 , 9.48683
56.96 , 23.2431831359 , 9.49250
56.99 , 23.2431831359 , 9.49817
57.02 , 23.2431831359 , 9.50400
57.06 , 23.3517951965 , 9.50967
57.09 , 23.3517951965 , 9.51550
57.13 , 23.3517951965 , 9.52100
57.16 , 23.3517951965 , 9.52683
57.20 , 23.3517951965 , 9.53250
57.23 , 23.4604110717 , 9.53833
57.26 , 23.3517951965 , 9.54400
57.30 , 23.4604110717 , 9.54967
57.33 , 23.5690231323 , 9.55533
57.37 , 23.4604110717 , 9.56117
57.40 , 23.5690231323 , 9.56683
57.44 , 23.4604110717 , 9.57267
57.47 , 23.4604110717 , 9.57817
57.50 , 23.5690231323 , 9.58400
57.54 , 23.5690231323 , 9.58967
57.57 , 23.4604110717 , 9.59550
57.61 , 23.5690231323 , 9.60133
57.64 , 23.5690231323 , 9.60683
57.68 , 23.5690231323 , 9.61267
57.71 , 23.5690231323 , 9.61833
57.75 , 23.6776371002 , 9.62417
57.78 , 23.7862491607 , 9.62983
57.81 , 23.7862491607 , 9.63567
57.85 , 23.7862491607 , 9.64117
57.88 , 23.7862491607 , 9.64700
57.92 , 23.7862491607 , 9.65267
57.95 , 23.7862491607 , 9.65850
57.99 , 23.5690231323 , 9.66417
58.02 , 23.7862491607 , 9.66983
58.05 , 23.7862491607 , 9.67550
58.09 , 23.8948631286 , 9.68133
58.12 , 23.8948631286 , 9.68700
58.16 , 23.8948631286 , 9.69283
58.19 , 23.8948631286 , 9.69833
58.22 , 24.0034751892 , 9.70417
58.26 , 23.8948631286 , 9.70983
58.29 , 23.8948631286 , 9.71567
58.33 , 24.0034751892 , 9.72133
58.36 , 24.0034751892 , 9.72700
58.40 , 24.0034751892 , 9.73267
58.43 , 24.0034751892 , 9.73850
58.47 , 24.0034751892 , 9.74417
58.50 , 24.0034751892 , 9.75000
58.53 , 23.8948631286 , 9.75550
58.57 , 24.0034751892 , 9.76133
58.60 , 23.8948631286 , 9.76700
58.64 , 24.0034751892 , 9.77283
58.67 , 23.8948631286 , 9.77850
58.71 , 24.1120891571 , 9.78417
58.74 , 24.0034751892 , 9.79000
58.77 , 24.0034751892 , 9.79567
58.81 , 24.0034751892 , 9.80150
58.84 , 24.1120891571 , 9.80717
58.88 , 24.1120891571 , 9.81283
58.91 , 24.1120891571 , 9.81850
58.95 , 24.1120891571 , 9.82433
58.98 , 24.2207012176 , 9.83000
59.02 , 24.2207012176 , 9.83583
59.05 , 24.2207012176 , 9.84133
59.08 , 24.2207012176 , 9.84717
59.12 , 24.2207012176 , 9.85283
59.15 , 24.3293151855 , 9.85867
59.19 , 24.3293151855 , 9.86433
59.22 , 24.3293151855 , 9.87000
59.25 , 24.3293151855 , 9.87567
59.29 , 24.4379272460 , 9.88150
59.32 , 24.4379272460 , 9.88717
59.36 , 24.4379272460 , 9.89300
59.39 , 24.3293151855 , 9.89867
59.43 , 24.5465393066 , 9.90433
59.46 , 24.5465393066 , 9.91000
59.50 , 24.6551532745 , 9.91583
59.53 , 24.5465393066 , 9.92150
59.56 , 24.6551532745 , 9.92733
59.60 , 24.5465393066 , 9.93283
59.63 , 24.6551532745 , 9.93867
59.67 , 24.6551532745 , 9.94433
59.70 , 24.6551532745 , 9.95017
59.74 , 24.6551532745 , 9.95583
59.77 , 24.5465393066 , 9.96150
59.80 , 24.7637653350 , 9.96733
59.84 , 24.7637653350 , 9.97300
59.87 , 24.7637653350 , 9.97883
59.91 , 24.7637653350 , 9.98450
59.94 , 24.7637653350 , 9.99017
59.97 , 24.7637653350 , 9.99583
60.01 , 24.7637653350 , 10.00167
60.04 , 24.7637653350 , 10.00750
60.08 , 24.6551532745 , 10.01350
60.12 , 24.7637653350 , 10.01917
60.15 , 24.9809913635 , 10.02517
60.19 , 24.9809913635 , 10.03100
60.22 , 24.9809913635 , 10.03700
60.26 , 24.9809913635 , 10.04283
60.29 , 25.0896053314 , 10.04883
60.33 , 24.9809913635 , 10.05450
60.36 , 25.0896053314 , 10.06050
60.40 , 25.0896053314 , 10.06633
60.43 , 25.0896053314 , 10.07233
60.47 , 25.0896053314 , 10.07833
60.51 , 25.1982173919 , 10.08417
60.54 , 24.9809913635 , 10.09000
60.58 , 25.1982173919 , 10.09583
60.61 , 25.0896053314 , 10.10183
60.65 , 25.0896053314 , 10.10767
60.68 , 25.1982173919 , 10.11367
60.72 , 25.1982173919 , 10.11950
60.75 , 25.1982173919 , 10.12533
60.79 , 25.1982173919 , 10.13117
60.82 , 25.3068313598 , 10.13717
60.86 , 25.3068313598 , 10.14300
60.89 , 25.3068313598 , 10.14900
60.93 , 25.1982173919 , 10.15483
60.96 , 25.3068313598 , 10.16067
61.00 , 25.4154434204 , 10.16650
61.04 , 25.4154434204 , 10.17250
61.07 , 25.4154434204 , 10.17850
61.11 , 25.4154434204 , 10.18433
61.14 , 25.4154434204 , 10.19033
61.18 , 25.5240554809 , 10.19600
61.21 , 25.5240554809 , 10.20200
61.25 , 25.5240554809 , 10.20783
61.28 , 25.6326694488 , 10.21383
61.32 , 25.5240554809 , 10.21967
61.35 , 25.5240554809 , 10.22550
61.39 , 25.6326694488 , 10.23133
61.42 , 25.5240554809 , 10.23733
61.46 , 25.6326694488 , 10.24317
61.50 , 25.6326694488 , 10.24917
61.53 , 25.5240554809 , 10.25500
61.56 , 25.6326694488 , 10.26083
61.60 , 25.6326694488 , 10.26683
61.64 , 25.6326694488 , 10.27267
61.67 , 25.7412815093 , 10.27867
61.71 , 25.6326694488 , 10.28450
61.74 , 25.6326694488 , 10.29050
61.78 , 25.7412815093 , 10.29617
61.81 , 25.8498954772 , 10.30217
61.85 , 25.7412815093 , 10.30800
61.88 , 25.7412815093 , 10.31400
61.92 , 25.8498954772 , 10.31983
61.96 , 25.7412815093 , 10.32583
61.99 , 25.8498954772 , 10.33150
62.03 , 25.7412815093 , 10.33750
62.06 , 25.8498954772 , 10.34333
62.10 , 25.8498954772 , 10.34933
62.13 , 25.9585075378 , 10.35517
62.17 , 25.8498954772 , 10.36117
62.20 , 25.8498954772 , 10.36700
62.24 , 25.9585075378 , 10.37283
62.27 , 25.9585075378 , 10.37883
62.31 , 25.9585075378 , 10.38467
62.34 , 25.9585075378 , 10.39067
62.38 , 25.9585075378 , 10.39650
62.41 , 26.0671215057 , 10.40233
62.45 , 25.9585075378 , 10.40817
62.49 , 26.0671215057 , 10.41417
62.52 , 26.1757335662 , 10.42000
62.56 , 26.0671215057 , 10.42600
62.59 , 26.0671215057 , 10.43167
62.63 , 26.1757335662 , 10.43767
62.66 , 25.9585075378 , 10.44350
62.70 , 26.2843494415 , 10.44950
62.73 , 26.2843494415 , 10.45550
62.77 , 26.2843494415 , 10.46133
62.80 , 26.1757335662 , 10.46717
62.84 , 26.1757335662 , 10.47300
62.87 , 26.3929615020 , 10.47900
62.91 , 26.2843494415 , 10.48483
62.95 , 26.2843494415 , 10.49083
62.98 , 26.2843494415 , 10.49667
63.02 , 26.2843494415 , 10.50250
63.05 , 26.3929615020 , 10.50833
63.09 , 26.2843494415 , 10.51433
63.12 , 26.3929615020 , 10.52017
63.16 , 26.3929615020 , 10.52617
63.19 , 26.3929615020 , 10.53200
63.23 , 26.3929615020 , 10.53783
63.26 , 26.3929615020 , 10.54367
63.30 , 26.5015754699 , 10.54967
63.33 , 26.5015754699 , 10.55567
63.37 , 26.5015754699 , 10.56150
63.40 , 26.5015754699 , 10.56750
63.44 , 26.5015754699 , 10.57317
63.47 , 26.5015754699 , 10.57917
63.51 , 26.5015754699 , 10.58500
63.55 , 26.6101875305 , 10.59100
63.58 , 26.6101875305 , 10.59683
63.62 , 26.7188014984 , 10.60283
63.65 , 26.6101875305 , 10.60850
63.69 , 26.7188014984 , 10.61450
63.72 , 26.6101875305 , 10.62033
63.76 , 26.7188014984 , 10.62633
63.79 , 26.7188014984 , 10.63217
63.83 , 26.6101875305 , 10.63800
63.86 , 26.6101875305 , 10.64400
63.90 , 26.7188014984 , 10.64983
63.94 , 26.8274135589 , 10.65583
63.97 , 26.8274135589 , 10.66167
64.01 , 26.8274135589 , 10.66767
64.04 , 26.8274135589 , 10.67333
64.08 , 26.8274135589 , 10.67933
64.11 , 26.8274135589 , 10.68517
64.15 , 26.9360275268 , 10.69117
64.18 , 26.9360275268 , 10.69700
64.22 , 26.9360275268 , 10.70300
64.25 , 26.9360275268 , 10.70867
64.29 , 26.9360275268 , 10.71467
64.32 , 27.0446395874 , 10.72050
64.36 , 27.0446395874 , 10.72650
64.39 , 26.9360275268 , 10.73233
64.43 , 26.8274135589 , 10.73833
64.46 , 26.8274135589 , 10.74417
64.50 , 26.9360275268 , 10.75000
64.54 , 26.9360275268 , 10.75600
64.57 , 27.0446395874 , 10.76183
64.61 , 27.0446395874 , 10.76783
64.64 , 27.0446395874 , 10.77367
64.68 , 27.0446395874 , 10.77950
64.71 , 27.0446395874 , 10.78533
64.75 , 27.0446395874 , 10.79133
64.78 , 27.1532516479 , 10.79717
64.82 , 27.1532516479 , 10.80317
64.85 , 26.9360275268 , 10.80900
64.89 , 27.1532516479 , 10.81483
64.92 , 27.2618656158 , 10.82067
64.96 , 27.1532516479 , 10.82667
65.00 , 27.1532516479 , 10.83267
65.03 , 27.2618656158 , 10.83850
65.07 , 27.3704776763 , 10.84450
65.10 , 27.3704776763 , 10.85017
65.14 , 27.2618656158 , 10.85617
65.17 , 27.2618656158 , 10.86200
65.21 , 27.2618656158 , 10.86800
65.24 , 27.2618656158 , 10.87383
65.28 , 27.3704776763 , 10.87967
65.31 , 27.3704776763 , 10.88550
65.35 , 27.3704776763 , 10.89150
65.38 , 27.4790916442 , 10.89733
65.42 , 27.4790916442 , 10.90333
65.45 , 27.3704776763 , 10.90917
65.49 , 27.4790916442 , 10.91500
65.52 , 27.4790916442 , 10.92083
65.56 , 27.5877037048 , 10.92683
65.60 , 27.4790916442 , 10.93283
65.63 , 27.5877037048 , 10.93867
65.67 , 27.5877037048 , 10.94467
65.70 , 27.5877037048 , 10.95033
65.74 , 27.4790916442 , 10.95633
65.77 , 27.5877037048 , 10.96217
65.81 , 27.4790916442 , 10.96817
65.84 , 27.5877037048 , 10.97400
65.88 , 27.5877037048 , 10.98000
65.91 , 27.6963176727 , 10.98567
65.95 , 27.5877037048 , 10.99167
65.98 , 27.6963176727 , 10.99750
66.02 , 27.8049297332 , 11.00350
66.06 , 27.8049297332 , 11.00933
66.09 , 27.8049297332 , 11.01533
66.13 , 27.8049297332 , 11.02117
66.16 , 27.8049297332 , 11.02700
66.20 , 27.8049297332 , 11.03300
66.23 , 27.9135437011 , 11.03883
66.27 , 27.9135437011 , 11.04483
66.30 , 27.8049297332 , 11.05067
66.34 , 27.8049297332 , 11.05650
66.37 , 27.6963176727 , 11.06233
66.41 , 27.8049297332 , 11.06833
66.44 , 27.8049297332 , 11.07417
66.48 , 27.8049297332 , 11.08017
66.51 , 27.5877037048 , 11.08583
66.55 , 27.6963176727 , 11.09183
66.59 , 27.5877037048 , 11.09767
66.62 , 27.6963176727 , 11.10367
66.66 , 27.6963176727 , 11.10950
66.69 , 27.6963176727 , 11.11550
66.73 , 27.8049297332 , 11.12133
66.76 , 27.8049297332 , 11.12717
66.80 , 27.8049297332 , 11.13317
66.83 , 27.6963176727 , 11.13900
66.87 , 27.8049297332 , 11.14500
66.90 , 27.8049297332 , 11.15083
66.94 , 27.9135437011 , 11.15667
66.97 , 27.8049297332 , 11.16250
67.01 , 27.8049297332 , 11.16850
67.05 , 27.9135437011 , 11.17433
67.08 , 27.9135437011 , 11.18033
67.12 , 28.0221557617 , 11.18617
67.15 , 28.0221557617 , 11.19200
67.19 , 28.0221557617 , 11.19783
67.22 , 28.0221557617 , 11.20383
67.26 , 28.1307678222 , 11.20983
67.29 , 28.0221557617 , 11.21567
67.33 , 28.0221557617 , 11.22167
67.36 , 28.1307678222 , 11.22733
67.40 , 28.1307678222 , 11.23333
67.43 , 28.2393817901 , 11.23917
67.47 , 28.0221557617 , 11.24517
67.51 , 28.2393817901 , 11.25100
67.54 , 28.2393817901 , 11.25700
67.58 , 28.2393817901 , 11.26267
67.61 , 28.3479938507 , 11.26867
67.65 , 28.3479938507 , 11.27450
67.68 , 28.3479938507 , 11.28050
67.72 , 28.4566078186 , 11.28633
67.75 , 28.3479938507 , 11.29217
67.79 , 28.4566078186 , 11.29800
67.82 , 28.4566078186 , 11.30400
67.86 , 28.4566078186 , 11.31000
67.89 , 28.5652198791 , 11.31583
67.93 , 28.4566078186 , 11.32183
67.96 , 28.5652198791 , 11.32750
68.00 , 28.5652198791 , 11.33350
68.04 , 28.6738338470 , 11.33933
68.07 , 28.6738338470 , 11.34533
68.11 , 28.6738338470 , 11.35117
68.14 , 28.6738338470 , 11.35717
68.18 , 28.5652198791 , 11.36283
68.21 , 28.5652198791 , 11.36883
68.25 , 28.6738338470 , 11.37467
68.28 , 28.5652198791 , 11.38067
68.32 , 28.6738338470 , 11.38650
68.36 , 28.7824459075 , 11.39250
68.39 , 28.6738338470 , 11.39833
68.43 , 28.6738338470 , 11.40417
68.46 , 28.6738338470 , 11.41017
68.50 , 28.6738338470 , 11.41600
68.53 , 28.7824459075 , 11.42200
68.57 , 28.7824459075 , 11.42783
68.60 , 28.7824459075 , 11.43367
68.64 , 28.6738338470 , 11.43950
68.67 , 28.8910598754 , 11.44550
68.71 , 28.6738338470 , 11.45133
68.74 , 28.6738338470 , 11.45733
68.78 , 28.7824459075 , 11.46317
68.81 , 28.7824459075 , 11.46900
68.85 , 28.8910598754 , 11.47483
68.88 , 28.8910598754 , 11.48083
68.92 , 28.8910598754 , 11.48667
68.96 , 28.7824459075 , 11.49267
68.99 , 28.8910598754 , 11.49867
69.03 , 28.8910598754 , 11.50433
69.06 , 28.8910598754 , 11.51033
69.10 , 28.9996738433 , 11.51617
69.13 , 28.9996738433 , 11.52217
69.17 , 28.9996738433 , 11.52800
69.20 , 28.8910598754 , 11.53383
69.24 , 28.8910598754 , 11.53967
69.27 , 28.9996738433 , 11.54567
69.31 , 28.9996738433 , 11.55150
69.34 , 28.9996738433 , 11.55750
69.38 , 28.9996738433 , 11.56333
69.41 , 29.1082878112 , 11.56917
69.45 , 29.1082878112 , 11.57500
69.49 , 29.1082878112 , 11.58100
69.52 , 29.2168998718 , 11.58700
69.56 , 29.3255138397 , 11.59283
69.59 , 29.2168998718 , 11.59883
69.63 , 29.4341259002 , 11.60450
69.66 , 29.4341259002 , 11.61050
69.70 , 29.4341259002 , 11.61633
69.73 , 29.3255138397 , 11.62233
69.77 , 29.3255138397 , 11.62817
69.80 , 29.4341259002 , 11.63417
69.84 , 29.5427398681 , 11.63983
69.87 , 29.4341259002 , 11.64583
69.91 , 29.6513519287 , 11.65167
69.95 , 29.5427398681 , 11.65767
69.98 , 29.6513519287 , 11.66350
70.02 , 29.6513519287 , 11.66950
70.05 , 29.5427398681 , 11.67517
70.09 , 29.6513519287 , 11.68117
70.12 , 29.6513519287 , 11.68717
70.16 , 29.6513519287 , 11.69300
70.19 , 29.7599639892 , 11.69900
70.23 , 29.6513519287 , 11.70467
70.26 , 29.7599639892 , 11.71067
70.30 , 29.8685779571 , 11.71650
70.33 , 29.7599639892 , 11.72250
70.37 , 29.7599639892 , 11.72833
70.41 , 29.8685779571 , 11.73433
70.44 , 29.8685779571 , 11.74000
70.48 , 29.7599639892 , 11.74600
70.51 , 29.8685779571 , 11.75183
70.55 , 29.8685779571 , 11.75783
70.58 , 29.7599639892 , 11.76367
70.62 , 29.8685779571 , 11.76967
70.65 , 29.9771900177 , 11.77550
70.69 , 29.9771900177 , 11.78133
70.72 , 29.8685779571 , 11.78733
70.76 , 30.0858039855 , 11.79317
70.79 , 30.0858039855 , 11.79917
70.83 , 30.0858039855 , 11.80500
70.86 , 30.0858039855 , 11.81083
70.90 , 30.0858039855 , 11.81667
70.94 , 30.0858039855 , 11.82267
70.97 , 29.9771900177 , 11.82850
71.01 , 29.9771900177 , 11.83450
71.04 , 30.0858039855 , 11.84033
71.08 , 30.0858039855 , 11.84617
71.11 , 30.0858039855 , 11.85200
71.15 , 30.0858039855 , 11.85800
71.18 , 30.1944160461 , 11.86383
71.22 , 30.3030300140 , 11.86983
71.25 , 30.3030300140 , 11.87583
71.29 , 30.0858039855 , 11.88150
71.32 , 30.1944160461 , 11.88750
71.36 , 30.1944160461 , 11.89333
71.40 , 30.3030300140 , 11.89933
71.43 , 30.3030300140 , 11.90517
71.47 , 30.4116420745 , 11.91117
71.50 , 30.3030300140 , 11.91683
71.54 , 30.3030300140 , 11.92283
71.57 , 30.5202560424 , 11.92867
71.61 , 30.3030300140 , 11.93467
71.64 , 30.5202560424 , 11.94050
71.68 , 30.4116420745 , 11.94633
71.71 , 30.4116420745 , 11.95217
71.75 , 30.5202560424 , 11.95817
71.79 , 30.4116420745 , 11.96417
71.82 , 30.5202560424 , 11.97000
71.86 , 30.5202560424 , 11.97600
71.89 , 30.5202560424 , 11.98167
71.93 , 30.6288681030 , 11.98767
71.96 , 30.6288681030 , 11.99350
72.00 , 30.6288681030 , 11.99950
72.03 , 30.6288681030 , 12.00533
72.07 , 30.5202560424 , 12.01133
72.10 , 30.6288681030 , 12.01700
72.14 , 30.6288681030 , 12.02300
72.17 , 30.7374801635 , 12.02883
72.21 , 30.6288681030 , 12.03483
72.24 , 30.7374801635 , 12.04067
72.28 , 30.7374801635 , 12.04667
72.31 , 30.7374801635 , 12.05233
72.35 , 30.6288681030 , 12.05833
72.39 , 30.8460941314 , 12.06433
72.42 , 30.7374801635 , 12.07017
72.46 , 30.7374801635 , 12.07617
72.49 , 30.7374801635 , 12.08200
72.53 , 30.7374801635 , 12.08783
72.56 , 30.7374801635 , 12.09367
72.60 , 30.7374801635 , 12.09967
72.63 , 30.5202560424 , 12.10550
72.67 , 30.7374801635 , 12.11150
72.70 , 30.7374801635 , 12.11733
72.74 , 30.7374801635 , 12.12317
72.77 , 30.7374801635 , 12.12900
72.81 , 30.7374801635 , 12.13500
72.84 , 30.8460941314 , 12.14083
72.88 , 30.8460941314 , 12.14683
72.92 , 30.8460941314 , 12.15267
72.95 , 30.9547061920 , 12.15850
72.99 , 30.9547061920 , 12.16450
73.02 , 31.0633201599 , 12.17033
73.06 , 31.0633201599 , 12.17633
73.09 , 30.9547061920 , 12.18217
73.13 , 31.0633201599 , 12.18800
73.16 , 30.9547061920 , 12.19383
73.20 , 31.0633201599 , 12.19983
73.23 , 31.0633201599 , 12.20567
73.27 , 31.0633201599 , 12.21167
73.30 , 31.0633201599 , 12.21750
73.34 , 31.0633201599 , 12.22333
73.37 , 31.1719322204 , 12.22917
73.41 , 31.0633201599 , 12.23517
73.45 , 31.1719322204 , 12.24100
73.48 , 31.0633201599 , 12.24700
73.52 , 31.0633201599 , 12.25300
73.55 , 31.2805461883 , 12.25867
73.59 , 31.1719322204 , 12.26467
73.62 , 31.2805461883 , 12.27050
73.66 , 31.2805461883 , 12.27650
73.69 , 31.2805461883 , 12.28233
73.73 , 31.3891582489 , 12.28833
73.76 , 31.2805461883 , 12.29400
73.80 , 31.2805461883 , 12.30000
73.83 , 31.2805461883 , 12.30583
73.87 , 31.2805461883 , 12.31183
73.91 , 31.2805461883 , 12.31767
73.94 , 31.2805461883 , 12.32367
73.98 , 31.2805461883 , 12.32933
74.01 , 31.2805461883 , 12.33533
74.05 , 31.3891582489 , 12.34133
74.08 , 31.3891582489 , 12.34717
74.12 , 31.3891582489 , 12.35317
74.15 , 31.4977722167 , 12.35883
74.19 , 31.4977722167 , 12.36483
74.22 , 31.6063842773 , 12.37067
74.26 , 31.4977722167 , 12.37667
74.29 , 31.6063842773 , 12.38250
74.33 , 31.6063842773 , 12.38850
74.36 , 31.7149963378 , 12.39417
74.40 , 31.6063842773 , 12.40017
74.44 , 31.8236103057 , 12.40600
74.47 , 31.8236103057 , 12.41200
74.51 , 31.8236103057 , 12.41783
74.54 , 31.7149963378 , 12.42383
74.58 , 31.8236103057 , 12.42950
74.61 , 31.8236103057 , 12.43550
74.65 , 31.8236103057 , 12.44150
74.68 , 31.7149963378 , 12.44733
74.72 , 31.8236103057 , 12.45333
74.75 , 31.8236103057 , 12.45917
74.79 , 31.9322223663 , 12.46500
74.82 , 31.9322223663 , 12.47083
74.86 , 31.9322223663 , 12.47683
74.90 , 31.9322223663 , 12.48267
74.93 , 31.9322223663 , 12.48867
74.97 , 31.9322223663 , 12.49450
75.00 , 32.0408363342 , 12.50033
75.04 , 32.1494483947 , 12.50617
75.07 , 32.0408363342 , 12.51217
75.11 , 32.0408363342 , 12.51800
75.14 , 32.0408363342 , 12.52400
75.18 , 32.0408363342 , 12.53000
75.21 , 32.0408363342 , 12.53567
75.25 , 32.1494483947 , 12.54167
75.29 , 32.1494483947 , 12.54750
75.32 , 32.1494483947 , 12.55350
75.36 , 32.2580604553 , 12.55933
75.39 , 32.1494483947 , 12.56533
75.43 , 32.2580604553 , 12.57100
75.46 , 32.1494483947 , 12.57700
75.50 , 32.2580604553 , 12.58283
75.53 , 32.2580604553 , 12.58883
75.57 , 32.2580604553 , 12.59467
75.60 , 32.2580604553 , 12.60050
75.64 , 32.2580604553 , 12.60633
75.67 , 32.2580604553 , 12.61233
75.71 , 32.3666763305 , 12.61817
75.75 , 32.3666763305 , 12.62417
75.78 , 32.3666763305 , 12.63017
75.81 , 32.3666763305 , 12.63583
75.85 , 32.4752883911 , 12.64183
75.89 , 32.4752883911 , 12.64767
75.92 , 32.4752883911 , 12.65367
75.96 , 32.4752883911 , 12.65950
75.99 , 32.5839004516 , 12.66550
76.03 , 32.4752883911 , 12.67117
76.06 , 32.4752883911 , 12.67717
76.10 , 32.4752883911 , 12.68300
76.13 , 32.5839004516 , 12.68900
76.17 , 32.5839004516 , 12.69483
76.20 , 32.5839004516 , 12.70083
76.24 , 32.5839004516 , 12.70650
76.27 , 32.4752883911 , 12.71250
76.31 , 32.6925125122 , 12.71850
76.35 , 32.6925125122 , 12.72433
76.38 , 32.6925125122 , 12.73033
76.42 , 32.6925125122 , 12.73617
76.45 , 32.6925125122 , 12.74200
76.49 , 32.6925125122 , 12.74783
76.52 , 32.6925125122 , 12.75383
76.56 , 32.6925125122 , 12.75967
76.59 , 32.6925125122 , 12.76567
76.63 , 32.8011245727 , 12.77133
76.66 , 32.8011245727 , 12.77733
76.70 , 32.8011245727 , 12.78317
76.73 , 32.8011245727 , 12.78917
76.77 , 32.9097404479 , 12.79500
76.81 , 32.8011245727 , 12.80100
76.84 , 32.9097404479 , 12.80667
76.88 , 32.8011245727 , 12.81267
76.91 , 32.9097404479 , 12.81867
76.95 , 33.0183525085 , 12.82450
76.98 , 33.0183525085 , 12.83050
77.02 , 32.9097404479 , 12.83633
77.05 , 32.9097404479 , 12.84217
77.09 , 33.0183525085 , 12.84800
77.12 , 33.0183525085 , 12.85400
77.16 , 33.1269645690 , 12.85983
77.19 , 33.0183525085 , 12.86583
77.23 , 33.1269645690 , 12.87167
77.26 , 33.0183525085 , 12.87750
77.30 , 33.1269645690 , 12.88333
77.34 , 33.2355842590 , 12.88933
77.37 , 33.1269645690 , 12.89517
77.41 , 33.2355842590 , 12.90117
77.44 , 33.1269645690 , 12.90717
77.48 , 33.2355842590 , 12.91283
77.51 , 33.1269645690 , 12.91883
77.55 , 33.2355842590 , 12.92467
77.58 , 33.3441963195 , 12.93067
77.62 , 33.2355842590 , 12.93650
77.65 , 33.3441963195 , 12.94250
77.69 , 33.3441963195 , 12.94817
77.72 , 33.2355842590 , 12.95417
77.76 , 33.3441963195 , 12.96000
77.80 , 33.2355842590 , 12.96600
77.83 , 33.3441963195 , 12.97183
77.87 , 33.3441963195 , 12.97783
77.90 , 33.4528083801 , 12.98350
77.94 , 33.3441963195 , 12.98950
77.97 , 33.4528083801 , 12.99533
78.01 , 33.4528083801 , 13.00133
78.04 , 33.4528083801 , 13.00733
78.08 , 33.4528083801 , 13.01300
78.11 , 33.5614204406 , 13.01900
78.15 , 33.5614204406 , 13.02483
78.18 , 33.4528083801 , 13.03083
78.22 , 33.5614204406 , 13.03667
78.26 , 33.4528083801 , 13.04267
78.29 , 33.5614204406 , 13.04833
78.33 , 33.4528083801 , 13.05433
78.36 , 33.4528083801 , 13.06017
78.40 , 33.5614204406 , 13.06617
78.43 , 33.6700363159 , 13.07200
78.47 , 33.5614204406 , 13.07800
78.50 , 33.6700363159 , 13.08367
78.54 , 33.6700363159 , 13.08967
78.57 , 33.6700363159 , 13.09567
78.61 , 33.6700363159 , 13.10150
78.64 , 33.6700363159 , 13.10750
78.68 , 33.5614204406 , 13.11333
78.71 , 33.7786483764 , 13.11917
78.75 , 33.7786483764 , 13.12500
78.79 , 33.7786483764 , 13.13100
78.82 , 33.7786483764 , 13.13683
78.86 , 33.7786483764 , 13.14283
78.89 , 33.7786483764 , 13.14867
78.93 , 33.7786483764 , 13.15450
78.96 , 33.7786483764 , 13.16033
79.00 , 33.8872604370 , 13.16633
79.03 , 33.7786483764 , 13.17217
79.07 , 33.7786483764 , 13.17817
79.10 , 33.8872604370 , 13.18400
79.14 , 33.9958724975 , 13.18983
79.18 , 33.9958724975 , 13.19583
79.21 , 33.9958724975 , 13.20167
79.25 , 33.8872604370 , 13.20767
79.28 , 33.9958724975 , 13.21350
79.32 , 33.9958724975 , 13.21933
79.35 , 33.9958724975 , 13.22517
79.39 , 34.1044845581 , 13.23117
79.42 , 34.2131004333 , 13.23700
79.46 , 34.1044845581 , 13.24300
79.49 , 34.1044845581 , 13.24883
79.53 , 34.2131004333 , 13.25467
79.56 , 34.2131004333 , 13.26050
79.60 , 34.1044845581 , 13.26650
79.63 , 34.1044845581 , 13.27233
79.67 , 34.2131004333 , 13.27833
79.71 , 34.3217124938 , 13.28433
79.74 , 34.3217124938 , 13.29000
79.78 , 34.2131004333 , 13.29600
79.81 , 34.3217124938 , 13.30183
79.85 , 34.2131004333 , 13.30783
79.88 , 34.3217124938 , 13.31367
79.92 , 34.4303245544 , 13.31967
79.95 , 34.3217124938 , 13.32533
79.99 , 34.3217124938 , 13.33133
80.02 , 34.3217124938 , 13.33717
80.06 , 34.4303245544 , 13.34317
80.09 , 34.4303245544 , 13.34900
80.13 , 34.4303245544 , 13.35500
80.16 , 34.5389366149 , 13.36067
80.20 , 34.5389366149 , 13.36667
80.23 , 34.4303245544 , 13.37250
80.27 , 34.4303245544 , 13.37850
80.31 , 34.5389366149 , 13.38450
80.34 , 34.5389366149 , 13.39033
80.38 , 34.5389366149 , 13.39617
80.41 , 34.6475524902 , 13.40200
80.45 , 34.6475524902 , 13.40800
80.48 , 34.7561645507 , 13.41383
80.52 , 34.7561645507 , 13.41983
80.55 , 34.6475524902 , 13.42550
80.59 , 34.7561645507 , 13.43150
80.62 , 34.7561645507 , 13.43733
80.66 , 34.6475524902 , 13.44333
80.69 , 34.7561645507 , 13.44917
80.73 , 34.7561645507 , 13.45517
80.76 , 34.7561645507 , 13.46083
80.80 , 34.8647766113 , 13.46683
80.84 , 34.8647766113 , 13.47283
80.87 , 34.8647766113 , 13.47867
80.91 , 34.8647766113 , 13.48467
80.94 , 34.8647766113 , 13.49050
80.98 , 34.8647766113 , 13.49633
81.01 , 34.8647766113 , 13.50217
81.05 , 34.8647766113 , 13.50817
81.08 , 34.9733886718 , 13.51400
81.12 , 34.8647766113 , 13.52000
81.15 , 34.8647766113 , 13.52583
81.19 , 34.9733886718 , 13.53167
81.22 , 34.9733886718 , 13.53750
81.26 , 34.9733886718 , 13.54350
81.30 , 34.9733886718 , 13.54933
81.33 , 34.9733886718 , 13.55533
81.37 , 34.9733886718 , 13.56117
81.40 , 35.0820007324 , 13.56700
81.44 , 35.0820007324 , 13.57300
81.47 , 35.0820007324 , 13.57883
81.51 , 35.0820007324 , 13.58483
81.54 , 35.0820007324 , 13.59067
81.58 , 35.0820007324 , 13.59667
81.61 , 35.1906166076 , 13.60233
81.65 , 35.1906166076 , 13.60833
81.68 , 35.1906166076 , 13.61417
81.72 , 35.1906166076 , 13.62017
81.76 , 35.2992286682 , 13.62600
81.79 , 35.2992286682 , 13.63200
81.83 , 35.2992286682 , 13.63767
81.86 , 35.2992286682 , 13.64367
81.90 , 35.2992286682 , 13.64950
81.93 , 35.2992286682 , 13.65550
81.97 , 35.2992286682 , 13.66150
82.00 , 35.4078407287 , 13.66717
82.04 , 35.4078407287 , 13.67317
82.07 , 35.5164527893 , 13.67900
82.11 , 35.4078407287 , 13.68500
82.14 , 35.5164527893 , 13.69083
82.18 , 35.2992286682 , 13.69683
82.21 , 35.5164527893 , 13.70250
82.25 , 35.5164527893 , 13.70850
82.29 , 35.4078407287 , 13.71433
82.32 , 35.4078407287 , 13.72033
82.36 , 35.5164527893 , 13.72617
82.39 , 35.4078407287 , 13.73217
82.43 , 35.5164527893 , 13.73783
82.46 , 35.5164527893 , 13.74383
82.50 , 35.6250686645 , 13.74967
82.53 , 35.6250686645 , 13.75567
82.57 , 35.7336807250 , 13.76167
82.61 , 35.6250686645 , 13.76750
82.64 , 35.7336807250 , 13.77333
82.68 , 35.7336807250 , 13.77917
82.71 , 35.7336807250 , 13.78517
82.75 , 35.6250686645 , 13.79100
82.78 , 35.7336807250 , 13.79700
82.82 , 35.7336807250 , 13.80283
82.85 , 35.8422927856 , 13.80867
82.89 , 35.7336807250 , 13.81450
82.92 , 35.8422927856 , 13.82050
82.96 , 35.8422927856 , 13.82633
82.99 , 35.7336807250 , 13.83233
83.03 , 35.8422927856 , 13.83800
83.06 , 35.8422927856 , 13.84400
83.10 , 35.9509048461 , 13.85000
83.13 , 35.8422927856 , 13.85583
83.17 , 35.7336807250 , 13.86183
83.21 , 35.8422927856 , 13.86767
83.24 , 35.8422927856 , 13.87350
83.28 , 35.8422927856 , 13.87933
83.31 , 35.9509048461 , 13.88533
83.35 , 35.9509048461 , 13.89117
83.38 , 35.9509048461 , 13.89717
83.42 , 35.9509048461 , 13.90300
83.45 , 36.0595169067 , 13.90883
83.49 , 36.0595169067 , 13.91467
83.52 , 36.1681327819 , 13.92067
83.56 , 36.0595169067 , 13.92650
83.59 , 36.1681327819 , 13.93250
83.63 , 36.1681327819 , 13.93833
83.66 , 36.0595169067 , 13.94417
83.70 , 36.0595169067 , 13.95017
83.74 , 36.0595169067 , 13.95600
83.77 , 36.1681327819 , 13.96200
83.81 , 36.1681327819 , 13.96783
83.84 , 36.1681327819 , 13.97383
83.88 , 36.1681327819 , 13.97950
83.91 , 36.1681327819 , 13.98550
83.95 , 36.2767448425 , 13.99133
83.98 , 36.2767448425 , 13.99733
84.02 , 36.2767448425 , 14.00317
84.05 , 36.3853569030 , 14.00917
84.09 , 36.4939689636 , 14.01483
84.12 , 36.3853569030 , 14.02083
84.16 , 36.3853569030 , 14.02667
84.20 , 36.3853569030 , 14.03267
84.23 , 36.4939689636 , 14.03867
84.27 , 36.3853569030 , 14.04450
84.30 , 36.3853569030 , 14.05033
84.34 , 36.3853569030 , 14.05617
84.37 , 36.3853569030 , 14.06217
84.41 , 36.3853569030 , 14.06800
84.44 , 36.3853569030 , 14.07400
84.48 , 36.3853569030 , 14.07967
84.51 , 36.2767448425 , 14.08567
84.55 , 36.3853569030 , 14.09150
84.58 , 36.3853569030 , 14.09750
84.62 , 36.3853569030 , 14.10333
84.66 , 36.4939689636 , 14.10933
84.69 , 36.4939689636 , 14.11500
84.73 , 36.6025848388 , 14.12100
84.76 , 36.4939689636 , 14.12683
84.80 , 36.4939689636 , 14.13283
84.83 , 36.6025848388 , 14.13883
84.87 , 36.6025848388 , 14.14467
84.90 , 36.6025848388 , 14.15050
84.94 , 36.6025848388 , 14.15633
84.97 , 36.6025848388 , 14.16233
85.01 , 36.7111968994 , 14.16817
85.04 , 36.6025848388 , 14.17417
85.08 , 36.7111968994 , 14.18000
85.11 , 36.7111968994 , 14.18583
85.15 , 36.7111968994 , 14.19167
85.19 , 36.7111968994 , 14.19767
85.22 , 36.7111968994 , 14.20350
85.26 , 36.8198089599 , 14.20950
85.29 , 36.8198089599 , 14.21533
85.33 , 36.8198089599 , 14.22117
85.36 , 36.7111968994 , 14.22717
85.40 , 36.8198089599 , 14.23300
85.43 , 36.8198089599 , 14.23900
85.47 , 36.7111968994 , 14.24483
85.50 , 36.8198089599 , 14.25083
85.54 , 36.8198089599 , 14.25650
85.57 , 36.8198089599 , 14.26250
85.61 , 36.8198089599 , 14.26833
85.65 , 36.8198089599 , 14.27433
85.68 , 36.8198089599 , 14.28017
85.72 , 36.8198089599 , 14.28600
85.75 , 36.9284210205 , 14.29183
85.79 , 36.8198089599 , 14.29783
85.82 , 36.8198089599 , 14.30367
85.86 , 36.9284210205 , 14.30967
85.89 , 36.9284210205 , 14.31550
85.93 , 36.9284210205 , 14.32133
85.96 , 36.9284210205 , 14.32733
86.00 , 37.0370330810 , 14.33317
86.04 , 37.0370330810 , 14.33917
86.07 , 37.0370330810 , 14.34500
86.11 , 37.0370330810 , 14.35100
86.14 , 37.1456489562 , 14.35667
86.18 , 37.1456489562 , 14.36267
86.21 , 37.1456489562 , 14.36850
86.25 , 37.1456489562 , 14.37450
86.28 , 37.1456489562 , 14.38033
86.32 , 37.1456489562 , 14.38633
86.35 , 37.1456489562 , 14.39200
86.39 , 37.1456489562 , 14.39800
86.42 , 37.1456489562 , 14.40383
86.46 , 37.2542610168 , 14.40983
86.50 , 37.2542610168 , 14.41583
86.53 , 37.2542610168 , 14.42167
86.56 , 37.3628730773 , 14.42750
86.60 , 37.3628730773 , 14.43333
86.64 , 37.1456489562 , 14.43933
86.67 , 37.2542610168 , 14.44517
86.71 , 37.3628730773 , 14.45117
86.74 , 37.3628730773 , 14.45700
86.78 , 37.3628730773 , 14.46283
86.81 , 37.3628730773 , 14.46867
86.85 , 37.3628730773 , 14.47467
86.88 , 37.3628730773 , 14.48050
86.92 , 37.1456489562 , 14.48650
86.95 , 37.2542610168 , 14.49217
86.99 , 37.2542610168 , 14.49817
87.02 , 37.2542610168 , 14.50400
87.06 , 37.2542610168 , 14.51000
87.10 , 37.3628730773 , 14.51600
87.13 , 37.4714851379 , 14.52183
87.17 , 37.3628730773 , 14.52767
87.20 , 37.3628730773 , 14.53350
87.24 , 37.3628730773 , 14.53950
87.27 , 37.4714851379 , 14.54533
87.31 , 37.5801010131 , 14.55133
87.34 , 37.5801010131 , 14.55717
87.38 , 37.4714851379 , 14.56300
87.41 , 37.5801010131 , 14.56883
87.45 , 37.5801010131 , 14.57483
87.48 , 37.4714851379 , 14.58067
87.52 , 37.5801010131 , 14.58667
87.55 , 37.5801010131 , 14.59250
87.59 , 37.5801010131 , 14.59833
87.63 , 37.6887130737 , 14.60433
87.66 , 37.5801010131 , 14.61017
87.70 , 37.5801010131 , 14.61617
87.73 , 37.6887130737 , 14.62200
87.77 , 37.6887130737 , 14.62800
87.80 , 37.6887130737 , 14.63367
87.84 , 37.6887130737 , 14.63967
87.87 , 37.7973251342 , 14.64550
87.91 , 37.7973251342 , 14.65150
87.94 , 37.7973251342 , 14.65733
87.98 , 37.9059371948 , 14.66333
88.01 , 37.9059371948 , 14.66900
88.05 , 37.9059371948 , 14.67500
88.08 , 37.7973251342 , 14.68083
88.12 , 37.9059371948 , 14.68683
88.16 , 37.7973251342 , 14.69267
88.19 , 37.9059371948 , 14.69867
88.23 , 37.9059371948 , 14.70450
88.26 , 37.9059371948 , 14.71033
88.30 , 38.0145492553 , 14.71633
88.33 , 38.0145492553 , 14.72217
88.37 , 38.0145492553 , 14.72817
88.40 , 38.1231651306 , 14.73383
88.44 , 38.0145492553 , 14.73983
88.47 , 38.0145492553 , 14.74567
88.51 , 38.0145492553 , 14.75167
88.54 , 38.0145492553 , 14.75750
88.58 , 38.0145492553 , 14.76350
88.61 , 38.1231651306 , 14.76917
88.65 , 38.1231651306 , 14.77517
88.69 , 38.1231651306 , 14.78100
88.72 , 38.1231651306 , 14.78700
88.76 , 38.1231651306 , 14.79300
88.79 , 38.1231651306 , 14.79883
88.83 , 38.1231651306 , 14.80467
88.86 , 38.2317771911 , 14.81050
88.90 , 38.2317771911 , 14.81650
88.93 , 38.2317771911 , 14.82233
88.97 , 38.2317771911 , 14.82833
89.00 , 38.1231651306 , 14.83417
89.04 , 38.1231651306 , 14.84000
89.07 , 38.2317771911 , 14.84583
89.11 , 38.2317771911 , 14.85183
89.15 , 38.2317771911 , 14.85767
89.18 , 38.2317771911 , 14.86367
89.22 , 38.2317771911 , 14.86950
89.25 , 38.2317771911 , 14.87533
89.29 , 38.3403892517 , 14.88117
89.32 , 38.3403892517 , 14.88717
89.36 , 38.2317771911 , 14.89317
89.39 , 38.3403892517 , 14.89900
89.43 , 38.3403892517 , 14.90500
89.46 , 38.4490013122 , 14.91067
89.50 , 38.3403892517 , 14.91667
89.54 , 38.3403892517 , 14.92250
89.57 , 38.3403892517 , 14.92850
89.61 , 38.4490013122 , 14.93433
89.64 , 38.4490013122 , 14.94017
89.68 , 38.4490013122 , 14.94600
89.71 , 38.4490013122 , 14.95200
89.75 , 38.5576171875 , 14.95783
89.78 , 38.5576171875 , 14.96383
89.82 , 38.4490013122 , 14.96967
89.85 , 38.5576171875 , 14.97550
89.89 , 38.5576171875 , 14.98150
89.92 , 38.6662292480 , 14.98733
89.96 , 38.6662292480 , 14.99333
90.00 , 38.6662292480 , 14.99917
90.03 , 38.6662292480 , 15.00517
90.06 , 38.6662292480 , 15.01083
90.10 , 38.6662292480 , 15.01683
90.14 , 38.7748451232 , 15.02267
90.17 , 38.7748451232 , 15.02867
90.21 , 38.7748451232 , 15.03450
90.24 , 38.8834609985 , 15.04050
90.28 , 38.8834609985 , 15.04617
90.31 , 38.8834609985 , 15.05217
90.35 , 38.8834609985 , 15.05800
90.38 , 38.8834609985 , 15.06400
90.42 , 38.9920730590 , 15.06983
90.45 , 38.9920730590 , 15.07583
90.49 , 38.8834609985 , 15.08167
90.52 , 38.9920730590 , 15.08750
90.56 , 38.9920730590 , 15.09350
90.60 , 39.2092971801 , 15.09933
90.63 , 39.1006851196 , 15.10533
90.67 , 39.1006851196 , 15.11117
90.70 , 39.1006851196 , 15.11700
90.74 , 39.1006851196 , 15.12283
90.77 , 39.2092971801 , 15.12883
90.81 , 39.2092971801 , 15.13467
90.84 , 39.2092971801 , 15.14067
90.88 , 39.2092971801 , 15.14633
90.91 , 39.1006851196 , 15.15233
90.95 , 39.2092971801 , 15.15817
90.98 , 39.2092971801 , 15.16417
91.02 , 39.2092971801 , 15.17017
91.06 , 39.2092971801 , 15.17600
91.09 , 39.2092971801 , 15.18183
91.13 , 39.3179092407 , 15.18767
91.16 , 39.3179092407 , 15.19367
91.20 , 39.3179092407 , 15.19950
91.23 , 39.4265251159 , 15.20550
91.27 , 39.3179092407 , 15.21133
91.30 , 39.3179092407 , 15.21717
91.34 , 39.4265251159 , 15.22300
91.37 , 39.4265251159 , 15.22900
91.41 , 39.5351371765 , 15.23483
91.44 , 39.5351371765 , 15.24083
91.48 , 39.4265251159 , 15.24667
91.51 , 39.5351371765 , 15.25250
91.55 , 39.6437492370 , 15.25833
91.59 , 39.5351371765 , 15.26433
91.62 , 39.5351371765 , 15.27033
91.66 , 39.5351371765 , 15.27617
91.69 , 39.6437492370 , 15.28217
91.73 , 39.6437492370 , 15.28783
91.76 , 39.6437492370 , 15.29383
91.80 , 39.6437492370 , 15.29967
91.83 , 39.6437492370 , 15.30567
91.87 , 39.7523612976 , 15.31150
91.90 , 39.7523612976 , 15.31750
91.94 , 39.7523612976 , 15.32317
91.97 , 39.7523612976 , 15.32917
92.01 , 39.7523612976 , 15.33500
92.05 , 39.7523612976 , 15.34100
92.08 , 39.7523612976 , 15.34683
92.12 , 39.7523612976 , 15.35267
92.15 , 39.7523612976 , 15.35867
92.19 , 39.8609771728 , 15.36450
92.22 , 39.8609771728 , 15.37050
92.26 , 39.8609771728 , 15.37633
92.29 , 39.8609771728 , 15.38233
92.33 , 39.8609771728 , 15.38800
92.36 , 39.8609771728 , 15.39400
92.40 , 39.8609771728 , 15.39983
92.43 , 39.8609771728 , 15.40583
92.47 , 39.9695892333 , 15.41167
92.51 , 40.0782012939 , 15.41767
92.54 , 40.0782012939 , 15.42333
92.58 , 40.0782012939 , 15.42933
92.61 , 39.9695892333 , 15.43517
92.65 , 39.9695892333 , 15.44117
92.68 , 39.9695892333 , 15.44700
92.72 , 40.0782012939 , 15.45300
92.75 , 40.0782012939 , 15.45883
92.79 , 40.0782012939 , 15.46467
92.82 , 40.1868133544 , 15.47067
92.86 , 40.1868133544 , 15.47650
92.89 , 40.1868133544 , 15.48250
92.93 , 40.1868133544 , 15.48833
92.96 , 40.0782012939 , 15.49417
93.00 , 40.0782012939 , 15.50000
93.04 , 40.1868133544 , 15.50600
93.07 , 40.1868133544 , 15.51183
93.11 , 40.1868133544 , 15.51783
93.14 , 40.1868133544 , 15.52367
93.18 , 40.1868133544 , 15.52950
93.21 , 40.1868133544 , 15.53533
93.25 , 40.2954254150 , 15.54133
93.28 , 40.0782012939 , 15.54733
93.32 , 40.2954254150 , 15.55317
93.36 , 40.2954254150 , 15.55917
93.39 , 40.2954254150 , 15.56483
93.43 , 40.2954254150 , 15.57083
93.46 , 40.2954254150 , 15.57667
93.50 , 40.2954254150 , 15.58267
93.53 , 40.2954254150 , 15.58850
93.57 , 40.2954254150 , 15.59433
93.60 , 40.4040412902 , 15.60017
93.64 , 40.4040412902 , 15.60617
93.67 , 40.4040412902 , 15.61200
93.71 , 40.4040412902 , 15.61800
93.74 , 40.4040412902 , 15.62383
93.78 , 40.4040412902 , 15.62967
93.81 , 40.4040412902 , 15.63550
93.85 , 40.5126533508 , 15.64150
93.88 , 40.5126533508 , 15.64750
93.92 , 40.5126533508 , 15.65333
93.96 , 40.4040412902 , 15.65933
93.99 , 40.5126533508 , 15.66500
94.03 , 40.6212654113 , 15.67100
94.06 , 40.5126533508 , 15.67683
94.10 , 40.6212654113 , 15.68283
94.13 , 40.6212654113 , 15.68867
94.17 , 40.5126533508 , 15.69467
94.20 , 40.6212654113 , 15.70033
94.24 , 40.6212654113 , 15.70633
94.27 , 40.7298774719 , 15.71217
94.31 , 40.6212654113 , 15.71817
94.34 , 40.7298774719 , 15.72400
94.38 , 40.8384933471 , 15.73000
94.41 , 40.7298774719 , 15.73583
94.45 , 40.7298774719 , 15.74167
94.49 , 40.8384933471 , 15.74767
94.52 , 40.7298774719 , 15.75350
94.56 , 40.7298774719 , 15.75950
94.59 , 40.8384933471 , 15.76533
94.63 , 40.9471054077 , 15.77117
94.66 , 40.8384933471 , 15.77700
94.70 , 41.0557174682 , 15.78300
94.73 , 40.9471054077 , 15.78883
94.77 , 40.9471054077 , 15.79483
94.80 , 40.9471054077 , 15.80050
94.84 , 40.9471054077 , 15.80650
94.87 , 40.9471054077 , 15.81233
94.91 , 40.9471054077 , 15.81833
94.94 , 40.9471054077 , 15.82417
94.98 , 41.0557174682 , 15.83017
95.02 , 41.0557174682 , 15.83600
95.05 , 41.0557174682 , 15.84183
95.09 , 41.0557174682 , 15.84783
95.12 , 40.9471054077 , 15.85367
95.16 , 41.0557174682 , 15.85967
95.19 , 41.0557174682 , 15.86550
95.23 , 41.1643295288 , 15.87133
95.26 , 41.2729415893 , 15.87717
95.30 , 41.0557174682 , 15.88317
95.33 , 41.1643295288 , 15.88900
95.37 , 41.1643295288 , 15.89500
95.40 , 41.1643295288 , 15.90083
95.44 , 41.2729415893 , 15.90667
95.47 , 41.2729415893 , 15.91250
95.51 , 41.2729415893 , 15.91850
95.55 , 41.3815574645 , 15.92450
95.58 , 41.2729415893 , 15.93033
95.62 , 41.1643295288 , 15.93633
95.65 , 41.3815574645 , 15.94200
95.69 , 41.3815574645 , 15.94800
95.72 , 41.2729415893 , 15.95383
95.76 , 41.3815574645 , 15.95983
95.79 , 41.2729415893 , 15.96567
95.83 , 41.3815574645 , 15.97167
95.86 , 41.3815574645 , 15.97733
95.90 , 41.3815574645 , 15.98333
95.93 , 41.3815574645 , 15.98917
95.97 , 41.3815574645 , 15.99517
96.01 , 41.3815574645 , 16.00100
96.04 , 41.4901695251 , 16.00683
96.08 , 41.4901695251 , 16.01267
96.11 , 41.4901695251 , 16.01867
96.15 , 41.4901695251 , 16.02467
96.18 , 41.4901695251 , 16.03050
96.22 , 41.4901695251 , 16.03650
96.25 , 41.4901695251 , 16.04217
96.29 , 41.5987815856 , 16.04817
96.32 , 41.5987815856 , 16.05400
96.36 , 41.5987815856 , 16.06000
96.39 , 41.5987815856 , 16.06583
96.43 , 41.5987815856 , 16.07184
96.46 , 41.5987815856 , 16.07750
96.50 , 41.5987815856 , 16.08350
96.54 , 41.7073936462 , 16.08934
96.57 , 41.7073936462 , 16.09533
96.61 , 41.5987815856 , 16.10117
96.64 , 41.7073936462 , 16.10717
96.68 , 41.8160095214 , 16.11300
96.71 , 41.8160095214 , 16.11883
96.75 , 41.7073936462 , 16.12483
96.78 , 41.8160095214 , 16.13067
96.82 , 41.9246215820 , 16.13667
96.86 , 41.8160095214 , 16.14250
96.89 , 41.8160095214 , 16.14834
96.93 , 41.8160095214 , 16.15417
96.96 , 41.9246215820 , 16.16017
97.00 , 41.9246215820 , 16.16600
97.03 , 41.8160095214 , 16.17200
97.07 , 41.9246215820 , 16.17783
97.10 , 41.9246215820 , 16.18367
97.14 , 41.9246215820 , 16.18950
97.17 , 42.0332336425 , 16.19550
97.21 , 41.9246215820 , 16.20133
97.24 , 42.0332336425 , 16.20734
97.28 , 42.0332336425 , 16.21333
97.31 , 42.0332336425 , 16.21900
97.35 , 42.0332336425 , 16.22500
97.38 , 42.0332336425 , 16.23084
97.42 , 42.1418457031 , 16.23683
97.46 , 42.1418457031 , 16.24267
97.49 , 42.1418457031 , 16.24850
97.53 , 42.1418457031 , 16.25433
97.56 , 42.1418457031 , 16.26033
97.60 , 42.2504577636 , 16.26617
97.63 , 42.1418457031 , 16.27217
97.67 , 42.2504577636 , 16.27800
97.70 , 42.2504577636 , 16.28384
97.74 , 42.2504577636 , 16.28967
97.77 , 42.2504577636 , 16.29567
97.81 , 42.2504577636 , 16.30167
97.84 , 42.3590736389 , 16.30750
97.88 , 42.3590736389 , 16.31350
97.91 , 42.3590736389 , 16.31917
97.95 , 42.2504577636 , 16.32517
97.99 , 42.3590736389 , 16.33100
98.02 , 42.3590736389 , 16.33700
98.06 , 42.4676856994 , 16.34284
98.09 , 42.3590736389 , 16.34884
98.13 , 42.3590736389 , 16.35450
98.16 , 42.3590736389 , 16.36050
98.20 , 42.3590736389 , 16.36633
98.23 , 42.3590736389 , 16.37233
98.27 , 42.3590736389 , 16.37817
98.30 , 42.4676856994 , 16.38417
98.34 , 42.4676856994 , 16.38983
98.37 , 42.4676856994 , 16.39583
98.41 , 42.5762977600 , 16.40184
98.45 , 42.5762977600 , 16.40767
98.48 , 42.5762977600 , 16.41367
98.52 , 42.6849098205 , 16.41934
98.55 , 42.5762977600 , 16.42534
98.59 , 42.5762977600 , 16.43117
98.62 , 42.5762977600 , 16.43717
98.66 , 42.6849098205 , 16.44300
98.69 , 42.6849098205 , 16.44900
98.73 , 42.6849098205 , 16.45467
98.76 , 42.7935256958 , 16.46067
98.80 , 42.7935256958 , 16.46650
98.83 , 42.7935256958 , 16.47250
98.87 , 42.7935256958 , 16.47834
98.91 , 42.7935256958 , 16.48433
98.94 , 42.9021377563 , 16.49017
98.98 , 42.9021377563 , 16.49600
99.01 , 42.9021377563 , 16.50200
99.05 , 42.9021377563 , 16.50783
99.08 , 42.9021377563 , 16.51383
99.12 , 43.0107498168 , 16.51967
99.15 , 42.9021377563 , 16.52550
99.19 , 42.9021377563 , 16.53133
99.22 , 43.0107498168 , 16.53734
99.26 , 43.0107498168 , 16.54317
99.29 , 43.0107498168 , 16.54917
99.33 , 43.0107498168 , 16.55500
99.36 , 43.0107498168 , 16.56083
99.40 , 43.0107498168 , 16.56667
99.44 , 43.1193618774 , 16.57267
99.47 , 43.1193618774 , 16.57850
99.51 , 43.1193618774 , 16.58450
99.54 , 43.1193618774 , 16.59050
99.58 , 43.1193618774 , 16.59617
99.61 , 43.1193618774 , 16.60217
99.65 , 43.1193618774 , 16.60800
99.68 , 43.0107498168 , 16.61400
99.72 , 43.1193618774 , 16.61984
99.75 , 43.1193618774 , 16.62583
99.79 , 43.2279739379 , 16.63150
99.82 , 43.2279739379 , 16.63750
99.86 , 43.2279739379 , 16.64333
99.90 , 43.2279739379 , 16.64933
99.93 , 43.2279739379 , 16.65517
99.97 , 43.2279739379 , 16.66100
100.00 , 43.2279739379 , 16.66683
100.04 , 43.1193618774 , 16.67300
100.07 , 43.2279739379 , 16.67917
100.11 , 43.2279739379 , 16.68517
100.15 , 43.2279739379 , 16.69133
100.18 , 43.2279739379 , 16.69734
100.22 , 43.3365898132 , 16.70334
100.26 , 43.3365898132 , 16.70933
100.29 , 43.3365898132 , 16.71550
100.33 , 43.4452018737 , 16.72150
100.37 , 43.5538139343 , 16.72767
100.40 , 43.4452018737 , 16.73367
100.44 , 43.4452018737 , 16.73983
100.47 , 43.3365898132 , 16.74584
100.51 , 43.5538139343 , 16.75184
100.55 , 43.5538139343 , 16.75800
100.58 , 43.5538139343 , 16.76400
100.62 , 43.6624259948 , 16.77017
100.66 , 43.6624259948 , 16.77617
100.69 , 43.5538139343 , 16.78233
100.73 , 43.5538139343 , 16.78817
100.77 , 43.5538139343 , 16.79434
100.80 , 43.6624259948 , 16.80034
100.84 , 43.6624259948 , 16.80650
100.88 , 43.6624259948 , 16.81267
100.91 , 43.7710418701 , 16.81867
100.95 , 43.6624259948 , 16.82467
100.98 , 43.7710418701 , 16.83067
101.02 , 43.7710418701 , 16.83683
101.06 , 43.6624259948 , 16.84284
101.09 , 43.6624259948 , 16.84900
101.13 , 43.7710418701 , 16.85500
101.17 , 43.8796539306 , 16.86117
101.20 , 43.8796539306 , 16.86700
101.24 , 43.7710418701 , 16.87317
101.28 , 43.8796539306 , 16.87933
101.31 , 43.8796539306 , 16.88533
101.35 , 43.8796539306 , 16.89150
101.38 , 43.9882659912 , 16.89750
101.42 , 43.9882659912 , 16.90367
101.46 , 43.9882659912 , 16.90950
101.49 , 43.9882659912 , 16.91567
101.53 , 43.9882659912 , 16.92167
101.57 , 44.0968780517 , 16.92783
101.60 , 44.0968780517 , 16.93400
101.64 , 44.0968780517 , 16.94000
101.68 , 44.0968780517 , 16.94617
101.71 , 44.0968780517 , 16.95200
101.75 , 44.2054901123 , 16.95817
101.79 , 44.2054901123 , 16.96417
101.82 , 44.2054901123 , 16.97033
101.86 , 44.2054901123 , 16.97633
101.89 , 44.2054901123 , 16.98250
101.93 , 44.3141098022 , 16.98850
101.97 , 44.3141098022 , 16.99450
102.00 , 44.3141098022 , 17.00067
102.04 , 44.3141098022 , 17.00667
102.08 , 44.3141098022 , 17.01284
102.11 , 44.3141098022 , 17.01883
102.15 , 44.3141098022 , 17.02500
102.18 , 44.3141098022 , 17.03083
102.22 , 44.3141098022 , 17.03700
102.26 , 44.3141098022 , 17.04300
102.29 , 44.4227218627 , 17.04917
102.33 , 44.3141098022 , 17.05517
102.37 , 44.4227218627 , 17.06133
102.40 , 44.5313339233 , 17.06750
102.44 , 44.4227218627 , 17.07333
102.48 , 44.4227218627 , 17.07950
102.51 , 44.5313339233 , 17.08550
102.55 , 44.4227218627 , 17.09167
102.59 , 44.5313339233 , 17.09767
102.62 , 44.5313339233 , 17.10383
102.66 , 44.5313339233 , 17.10983
102.69 , 44.5313339233 , 17.11583
102.73 , 44.6399459838 , 17.12183
102.77 , 44.5313339233 , 17.12800
102.80 , 44.5313339233 , 17.13417
102.84 , 44.6399459838 , 17.14017
102.88 , 44.6399459838 , 17.14633
102.91 , 44.6399459838 , 17.15233
102.95 , 44.7485580444 , 17.15833
102.99 , 44.6399459838 , 17.16433
103.02 , 44.6399459838 , 17.17050
103.06 , 44.7485580444 , 17.17650
103.10 , 44.7485580444 , 17.18267
103.13 , 44.7485580444 , 17.18867
103.17 , 44.8571701049 , 17.19483
103.20 , 44.8571701049 , 17.20083
103.24 , 44.8571701049 , 17.20683
103.28 , 44.8571701049 , 17.21300
103.31 , 44.8571701049 , 17.21900
103.35 , 44.8571701049 , 17.22517
103.39 , 44.9657859802 , 17.23117
103.42 , 44.9657859802 , 17.23734
103.46 , 44.8571701049 , 17.24317
103.50 , 44.8571701049 , 17.24934
103.53 , 44.9657859802 , 17.25533
103.57 , 44.8571701049 , 17.26150
103.61 , 44.8571701049 , 17.26767
103.64 , 44.9657859802 , 17.27367
103.68 , 44.9657859802 , 17.27967
103.71 , 45.0743980407 , 17.28567
103.75 , 45.0743980407 , 17.29183
103.79 , 44.9657859802 , 17.29784
103.82 , 45.0743980407 , 17.30400
103.86 , 44.9657859802 , 17.31000
103.90 , 45.0743980407 , 17.31617
103.93 , 45.0743980407 , 17.32217
103.97 , 45.0743980407 , 17.32817
104.01 , 44.9657859802 , 17.33433
104.04 , 45.0743980407 , 17.34033
104.08 , 45.0743980407 , 17.34650
104.11 , 45.0743980407 , 17.35250
104.15 , 45.0743980407 , 17.35867
104.19 , 45.0743980407 , 17.36450
104.22 , 45.0743980407 , 17.37067
104.26 , 45.1830101013 , 17.37667
104.30 , 45.1830101013 , 17.38283
104.33 , 45.1830101013 , 17.38900
104.37 , 45.2916221618 , 17.39500
104.41 , 45.4002380371 , 17.40117
104.44 , 45.2916221618 , 17.40700
104.48 , 45.2916221618 , 17.41317
104.51 , 45.2916221618 , 17.41917
104.55 , 45.2916221618 , 17.42534
104.59 , 45.2916221618 , 17.43133
104.62 , 45.4002380371 , 17.43750
104.66 , 45.4002380371 , 17.44334
104.70 , 45.2916221618 , 17.44950
104.73 , 45.4002380371 , 17.45567
104.77 , 45.2916221618 , 17.46167
104.81 , 45.4002380371 , 17.46784
104.84 , 45.5088500976 , 17.47384
104.88 , 45.4002380371 , 17.48000
104.91 , 45.5088500976 , 17.48583
104.95 , 45.5088500976 , 17.49200
104.99 , 45.4002380371 , 17.49800
105.02 , 45.4002380371 , 17.50417
105.06 , 45.6174621582 , 17.51017
105.10 , 45.5088500976 , 17.51634
105.13 , 45.5088500976 , 17.52250
105.17 , 45.5088500976 , 17.52833
105.21 , 45.5088500976 , 17.53450
105.24 , 45.6174621582 , 17.54050
105.28 , 45.6174621582 , 17.54667
105.32 , 45.5088500976 , 17.55267
105.35 , 45.5088500976 , 17.55883
105.39 , 45.6174621582 , 17.56484
105.43 , 45.6174621582 , 17.57084
105.46 , 45.6174621582 , 17.57683
105.50 , 45.6174621582 , 17.58300
105.54 , 45.7260742187 , 17.58917
105.57 , 45.7260742187 , 17.59517
105.61 , 45.6174621582 , 17.60133
105.64 , 45.7260742187 , 17.60733
105.68 , 45.7260742187 , 17.61334
105.72 , 45.7260742187 , 17.61934
105.75 , 45.8346862792 , 17.62550
105.79 , 45.7260742187 , 17.63150
105.83 , 45.7260742187 , 17.63767
105.86 , 45.8346862792 , 17.64367
105.90 , 45.8346862792 , 17.64983
105.93 , 45.9433021545 , 17.65583
105.97 , 45.9433021545 , 17.66184
106.01 , 45.8346862792 , 17.66800
106.04 , 45.9433021545 , 17.67400
106.08 , 45.9433021545 , 17.68017
106.12 , 45.9433021545 , 17.68617
106.15 , 45.8346862792 , 17.69217
106.19 , 45.8346862792 , 17.69817
106.23 , 45.8346862792 , 17.70433
106.26 , 45.9433021545 , 17.71050
106.30 , 45.8346862792 , 17.71650
106.34 , 46.0519142150 , 17.72267
106.37 , 45.9433021545 , 17.72867
106.41 , 45.9433021545 , 17.73467
106.44 , 45.9433021545 , 17.74067
106.48 , 45.9433021545 , 17.74683
106.52 , 46.0519142150 , 17.75284
106.55 , 45.9433021545 , 17.75900
106.59 , 45.9433021545 , 17.76500
106.63 , 45.9433021545 , 17.77117
106.66 , 46.0519142150 , 17.77717
106.70 , 46.0519142150 , 17.78317
106.74 , 46.0519142150 , 17.78933
106.77 , 46.0519142150 , 17.79533
106.81 , 46.0519142150 , 17.80150
106.84 , 46.1605262756 , 17.80750
106.88 , 46.0519142150 , 17.81367
106.92 , 46.1605262756 , 17.81950
106.95 , 46.0519142150 , 17.82567
106.99 , 46.1605262756 , 17.83167
107.03 , 46.0519142150 , 17.83783
107.06 , 46.1605262756 , 17.84400
107.10 , 46.1605262756 , 17.85000
107.14 , 46.2691383361 , 17.85617
107.17 , 46.2691383361 , 17.86200
107.21 , 46.2691383361 , 17.86817
107.25 , 46.2691383361 , 17.87417
107.28 , 46.2691383361 , 17.88033
107.32 , 46.2691383361 , 17.88633
107.36 , 46.2691383361 , 17.89250
107.39 , 46.2691383361 , 17.89834
107.43 , 46.2691383361 , 17.90450
107.46 , 46.2691383361 , 17.91067
107.50 , 46.3777542114 , 17.91667
107.54 , 46.2691383361 , 17.92284
107.57 , 46.3777542114 , 17.92883
107.61 , 46.3777542114 , 17.93500
107.64 , 46.3777542114 , 17.94083
107.68 , 46.4863662719 , 17.94700
107.72 , 46.4863662719 , 17.95300
107.75 , 46.3777542114 , 17.95917
107.79 , 46.4863662719 , 17.96517
107.83 , 46.4863662719 , 17.97134
107.86 , 46.3777542114 , 17.97750
107.90 , 46.4863662719 , 17.98333
107.94 , 46.4863662719 , 17.98950
107.97 , 46.3777542114 , 17.99550
108.01 , 46.5949783325 , 18.00167
108.05 , 46.4863662719 , 18.00767
108.08 , 46.4863662719 , 18.01383
108.12 , 46.5949783325 , 18.01984
108.15 , 46.5949783325 , 18.02583
108.19 , 46.5949783325 , 18.03183
108.23 , 46.5949783325 , 18.03800
108.26 , 46.5949783325 , 18.04417
108.30 , 46.4863662719 , 18.05017
108.34 , 46.5949783325 , 18.05633
108.37 , 46.5949783325 , 18.06233
108.41 , 46.7035903930 , 18.06834
108.45 , 46.7035903930 , 18.07433
108.48 , 46.7035903930 , 18.08050
108.52 , 46.7035903930 , 18.08650
108.56 , 46.8122024536 , 18.09267
108.59 , 46.8122024536 , 18.09884
108.63 , 46.8122024536 , 18.10467
108.66 , 46.8122024536 , 18.11083
108.70 , 46.8122024536 , 18.11683
108.74 , 46.8122024536 , 18.12300
108.77 , 46.8122024536 , 18.12900
108.81 , 46.7035903930 , 18.13517
108.85 , 46.8122024536 , 18.14117
108.88 , 46.8122024536 , 18.14717
108.92 , 46.9208183288 , 18.15317
108.96 , 46.9208183288 , 18.15933
108.99 , 46.9208183288 , 18.16550
109.03 , 46.8122024536 , 18.17150
109.07 , 46.9208183288 , 18.17767
109.10 , 46.9208183288 , 18.18367
109.14 , 47.0294303894 , 18.18967
109.17 , 46.9208183288 , 18.19567
109.21 , 46.9208183288 , 18.20183
109.25 , 46.9208183288 , 18.20783
109.28 , 47.0294303894 , 18.21400
109.32 , 47.0294303894 , 18.22000
109.36 , 47.0294303894 , 18.22617
109.39 , 47.0294303894 , 18.23217
109.43 , 47.0294303894 , 18.23817
109.47 , 47.1380424499 , 18.24434
109.50 , 47.1380424499 , 18.25033
109.54 , 47.1380424499 , 18.25650
109.57 , 47.1380424499 , 18.26250
109.61 , 47.2466545104 , 18.26867
109.65 , 47.2466545104 , 18.27450
109.68 , 47.2466545104 , 18.28067
109.72 , 47.1380424499 , 18.28667
109.76 , 47.2466545104 , 18.29284
109.79 , 47.1380424499 , 18.29900
109.83 , 47.2466545104 , 18.30500
109.87 , 47.2466545104 , 18.31117
109.90 , 47.3552703857 , 18.31700
109.94 , 47.2466545104 , 18.32317
109.97 , 47.3552703857 , 18.32917
110.01 , 47.3552703857 , 18.33534
110.05 , 47.3552703857 , 18.34133
110.08 , 47.3552703857 , 18.34750
110.12 , 47.2466545104 , 18.35334
110.16 , 47.3552703857 , 18.35950
110.19 , 47.3552703857 , 18.36567
110.23 , 47.1380424499 , 18.37167
110.27 , 47.2466545104 , 18.37784
110.30 , 47.3552703857 , 18.38384
110.34 , 47.4638824462 , 18.39000
110.37 , 47.4638824462 , 18.39583
110.41 , 47.5724945068 , 18.40200
110.45 , 47.4638824462 , 18.40800
110.48 , 47.4638824462 , 18.41417
110.52 , 47.4638824462 , 18.42017
110.56 , 47.4638824462 , 18.42634
110.59 , 47.5724945068 , 18.43250
110.63 , 47.5724945068 , 18.43833
110.67 , 47.5724945068 , 18.44450
110.70 , 47.5724945068 , 18.45050
110.74 , 47.4638824462 , 18.45667
110.78 , 47.6811065673 , 18.46267
110.81 , 47.6811065673 , 18.46883
110.85 , 47.6811065673 , 18.47484
110.88 , 47.5724945068 , 18.48084
110.92 , 47.6811065673 , 18.48700
110.96 , 47.6811065673 , 18.49300
111.00 , 47.7897186279 , 18.49917
111.03 , 47.6811065673 , 18.50517
111.07 , 47.6811065673 , 18.51133
111.10 , 47.7897186279 , 18.51733
111.14 , 47.8983345031 , 18.52334
111.18 , 47.7897186279 , 18.52934
111.21 , 47.7897186279 , 18.53550
111.25 , 47.7897186279 , 18.54150
111.29 , 47.7897186279 , 18.54767
111.32 , 47.8983345031 , 18.55383
111.36 , 47.8983345031 , 18.55967
111.39 , 47.8983345031 , 18.56583
111.43 , 47.8983345031 , 18.57184
111.47 , 47.8983345031 , 18.57800
111.50 , 47.8983345031 , 18.58400
111.54 , 48.0069465637 , 18.59017
111.58 , 47.8983345031 , 18.59617
111.61 , 48.0069465637 , 18.60217
111.65 , 47.8983345031 , 18.60817
111.69 , 47.8983345031 , 18.61433
111.72 , 47.8983345031 , 18.62050
111.76 , 48.0069465637 , 18.62650
111.80 , 48.0069465637 , 18.63267
111.83 , 48.0069465637 , 18.63867
111.87 , 48.0069465637 , 18.64467
111.90 , 48.1155586242 , 18.65067
111.94 , 48.0069465637 , 18.65683
111.98 , 48.1155586242 , 18.66283
112.01 , 48.1155586242 , 18.66900
112.05 , 48.0069465637 , 18.67500
112.09 , 48.1155586242 , 18.68117
112.12 , 48.1155586242 , 18.68717
112.16 , 48.1155586242 , 18.69317
112.20 , 48.1155586242 , 18.69933
112.23 , 48.1155586242 , 18.70533
112.27 , 48.2241706848 , 18.71150
112.30 , 48.2241706848 , 18.71750
112.34 , 48.1155586242 , 18.72367
112.38 , 48.2241706848 , 18.72950
112.41 , 48.2241706848 , 18.73567
112.45 , 48.2241706848 , 18.74167
112.49 , 48.2241706848 , 18.74783
112.52 , 48.2241706848 , 18.75400
112.56 , 48.1155586242 , 18.76000
112.60 , 48.2241706848 , 18.76600
112.63 , 48.2241706848 , 18.77200
112.67 , 48.3327827453 , 18.77817
112.70 , 48.3327827453 , 18.78417
112.74 , 48.3327827453 , 18.79033
112.78 , 48.3327827453 , 18.79633
112.81 , 48.4413986206 , 18.80250
112.85 , 48.3327827453 , 18.80834
112.89 , 48.3327827453 , 18.81450
112.92 , 48.4413986206 , 18.82067
112.96 , 48.4413986206 , 18.82667
113.00 , 48.4413986206 , 18.83283
113.03 , 48.5500106811 , 18.83883
113.07 , 48.4413986206 , 18.84500
113.11 , 48.5500106811 , 18.85083
113.14 , 48.4413986206 , 18.85700
113.18 , 48.5500106811 , 18.86300
113.21 , 48.4413986206 , 18.86917
113.25 , 48.5500106811 , 18.87533
113.29 , 48.6586227416 , 18.88134
113.32 , 48.5500106811 , 18.88750
113.36 , 48.5500106811 , 18.89333
113.40 , 48.5500106811 , 18.89950
113.43 , 48.6586227416 , 18.90550
113.47 , 48.5500106811 , 18.91167
113.51 , 48.5500106811 , 18.91767
113.54 , 48.6586227416 , 18.92383
113.58 , 48.6586227416 , 18.92984
113.61 , 48.6586227416 , 18.93583
113.65 , 48.7672348022 , 18.94200
113.69 , 48.7672348022 , 18.94800
113.72 , 48.7672348022 , 18.95417
113.76 , 48.7672348022 , 18.96017
113.80 , 48.6586227416 , 18.96633
113.83 , 48.7672348022 , 18.97217
113.87 , 48.8758506774 , 18.97834
113.91 , 48.7672348022 , 18.98433
113.94 , 48.7672348022 , 18.99050
113.98 , 48.8758506774 , 18.99650
114.02 , 48.7672348022 , 19.00267
114.05 , 48.7672348022 , 19.00884
114.09 , 48.8758506774 , 19.01467
114.12 , 48.7672348022 , 19.02083
114.16 , 48.8758506774 , 19.02684
114.20 , 48.9844627380 , 19.03300
114.23 , 48.8758506774 , 19.03900
114.27 , 48.8758506774 , 19.04517
114.31 , 48.9844627380 , 19.05117
114.34 , 48.9844627380 , 19.05717
114.38 , 48.9844627380 , 19.06317
114.42 , 48.9844627380 , 19.06933
114.45 , 48.8758506774 , 19.07550
114.49 , 48.8758506774 , 19.08150
114.53 , 48.9844627380 , 19.08767
114.56 , 48.9844627380 , 19.09367
114.60 , 48.9844627380 , 19.09967
114.63 , 48.9844627380 , 19.10567
114.67 , 48.9844627380 , 19.11183
114.71 , 49.0930747985 , 19.11783
114.74 , 49.0930747985 , 19.12400
114.78 , 49.0930747985 , 19.13000
114.82 , 49.0930747985 , 19.13617
114.85 , 49.0930747985 , 19.14217
114.89 , 49.0930747985 , 19.14817
114.93 , 49.0930747985 , 19.15434
114.96 , 49.0930747985 , 19.16033
115.00 , 49.0930747985 , 19.16650
115.04 , 49.2016868591 , 19.17250
115.07 , 49.2016868591 , 19.17867
115.11 , 49.2016868591 , 19.18450
115.14 , 49.3102989196 , 19.19067
115.18 , 49.3102989196 , 19.19667
115.22 , 49.3102989196 , 19.20284
115.25 , 49.3102989196 , 19.20900
115.29 , 49.3102989196 , 19.21500
115.33 , 49.3102989196 , 19.22100
115.36 , 49.3102989196 , 19.22700
115.40 , 49.3102989196 , 19.23317
115.43 , 49.3102989196 , 19.23917
115.47 , 49.4189147949 , 19.24534
115.51 , 49.3102989196 , 19.25134
115.54 , 49.4189147949 , 19.25750
115.58 , 49.4189147949 , 19.26350
115.62 , 49.4189147949 , 19.26950
115.65 , 49.5275268554 , 19.27567
115.69 , 49.5275268554 , 19.28167
115.73 , 49.4189147949 , 19.28783
115.76 , 49.5275268554 , 19.29384
115.80 , 49.5275268554 , 19.30000
115.83 , 49.5275268554 , 19.30583
115.87 , 49.5275268554 , 19.31200
115.91 , 49.6361389160 , 19.31800
115.94 , 49.5275268554 , 19.32417
115.98 , 49.5275268554 , 19.33033
116.02 , 49.6361389160 , 19.33633
116.05 , 49.6361389160 , 19.34250
116.09 , 49.6361389160 , 19.34833
116.13 , 49.6361389160 , 19.35450
116.16 , 49.6361389160 , 19.36050
116.20 , 49.6361389160 , 19.36667
116.24 , 49.7447509765 , 19.37267
116.27 , 49.7447509765 , 19.37883
116.31 , 49.7447509765 , 19.38467
116.34 , 49.8533744812 , 19.39084
116.38 , 49.7447509765 , 19.39700
116.42 , 49.7447509765 , 19.40300
116.45 , 49.8533744812 , 19.40917
116.49 , 49.8533744812 , 19.41517
116.53 , 49.7447509765 , 19.42133
116.56 , 49.8533744812 , 19.42717
116.60 , 49.8533744812 , 19.43334
116.64 , 49.8533744812 , 19.43934
116.67 , 49.8533744812 , 19.44550
116.71 , 49.8533744812 , 19.45150
116.75 , 49.7447509765 , 19.45767
116.78 , 49.7447509765 , 19.46383
116.82 , 49.7447509765 , 19.46967
116.86 , 49.7447509765 , 19.47583
116.89 , 49.8533744812 , 19.48184
116.93 , 49.9619903564 , 19.48800
116.96 , 49.9619903564 , 19.49400
117.00 , 49.9619903564 , 19.50017
117.04 , 49.9619903564 , 19.50617
117.07 , 49.9619903564 , 19.51217
117.11 , 50.0706024169 , 19.51817
117.15 , 50.0706024169 , 19.52433
117.18 , 49.9619903564 , 19.53050
117.22 , 50.0706024169 , 19.53650
117.26 , 50.0706024169 , 19.54267
117.29 , 50.0706024169 , 19.54867
117.33 , 50.0706024169 , 19.55467
117.36 , 50.1792144775 , 19.56067
117.40 , 50.1792144775 , 19.56683
117.44 , 50.1792144775 , 19.57283
117.47 , 50.0706024169 , 19.57900
117.51 , 50.1792144775 , 19.58500
117.55 , 50.1792144775 , 19.59117
117.58 , 50.2878265380 , 19.59717
117.62 , 50.1792144775 , 19.60317
117.66 , 50.1792144775 , 19.60933
117.69 , 50.1792144775 , 19.61533
117.73 , 50.2878265380 , 19.62150
117.76 , 50.3964385986 , 19.62750
117.80 , 50.2878265380 , 19.63350
117.84 , 50.2878265380 , 19.63950
117.87 , 50.2878265380 , 19.64567
117.91 , 50.2878265380 , 19.65184
117.95 , 50.2878265380 , 19.65783
117.98 , 50.2878265380 , 19.66400
118.02 , 50.2878265380 , 19.67000
118.06 , 50.3964385986 , 19.67600
118.09 , 50.3964385986 , 19.68200
118.13 , 50.5050544738 , 19.68817
118.16 , 50.5050544738 , 19.69417
118.20 , 50.5050544738 , 19.70034
118.24 , 50.5050544738 , 19.70633
118.27 , 50.5050544738 , 19.71250
118.31 , 50.5050544738 , 19.71850
118.35 , 50.5050544738 , 19.72450
118.38 , 50.5050544738 , 19.73067
118.42 , 50.5050544738 , 19.73667
118.46 , 50.5050544738 , 19.74283
118.49 , 50.6136665344 , 19.74883
118.53 , 50.7222785949 , 19.75500
118.56 , 50.6136665344 , 19.76083
118.60 , 50.6136665344 , 19.76700
118.64 , 50.6136665344 , 19.77300
118.68 , 50.7222785949 , 19.77917
118.71 , 50.7222785949 , 19.78533
118.75 , 50.7222785949 , 19.79133
118.79 , 50.6136665344 , 19.79750
118.82 , 50.7222785949 , 19.80333
118.86 , 50.7222785949 , 19.80950
118.89 , 50.8308906555 , 19.81550
118.93 , 50.8308906555 , 19.82167
118.97 , 50.7222785949 , 19.82767
119.00 , 50.7222785949 , 19.83383
119.04 , 50.8308906555 , 19.83967
119.07 , 50.8308906555 , 19.84583
119.11 , 50.8308906555 , 19.85200
119.15 , 50.8308906555 , 19.85800
119.18 , 50.8308906555 , 19.86417
119.22 , 50.8308906555 , 19.87017
119.26 , 50.8308906555 , 19.87634
119.29 , 50.8308906555 , 19.88217
119.33 , 50.9395065307 , 19.88833
119.37 , 50.9395065307 , 19.89433
119.40 , 50.8308906555 , 19.90050
119.44 , 50.8308906555 , 19.90650
119.48 , 50.9395065307 , 19.91267
119.51 , 50.9395065307 , 19.91884
119.55 , 50.9395065307 , 19.92467
119.58 , 50.9395065307 , 19.93083
119.62 , 51.0481185913 , 19.93684
119.66 , 50.9395065307 , 19.94300
119.69 , 51.0481185913 , 19.94900
119.73 , 51.0481185913 , 19.95517
119.77 , 51.0481185913 , 19.96117
119.80 , 50.9395065307 , 19.96717
119.84 , 51.0481185913 , 19.97317
119.88 , 51.0481185913 , 19.97933
119.91 , 51.0481185913 , 19.98550
119.95 , 51.0481185913 , 19.99150
119.99 , 51.0481185913 , 19.99767
120.02 , 51.1567306518 , 20.00367
120.06 , 51.0481185913 , 20.00967
120.09 , 51.0481185913 , 20.01567
120.13 , 51.1567306518 , 20.02183
120.17 , 51.2653427124 , 20.02783
120.20 , 51.2653427124 , 20.03400
120.24 , 51.2653427124 , 20.04017
120.28 , 51.2653427124 , 20.04600
120.31 , 51.2653427124 , 20.05217
120.35 , 51.2653427124 , 20.05817
120.39 , 51.2653427124 , 20.06434
120.42 , 51.2653427124 , 20.07033
120.46 , 51.3739547729 , 20.07650
120.50 , 51.3739547729 , 20.08250
120.53 , 51.3739547729 , 20.08850
120.57 , 51.3739547729 , 20.09450
120.60 , 51.3739547729 , 20.10067
120.64 , 51.3739547729 , 20.10684
120.68 , 51.3739547729 , 20.11284
120.71 , 51.4825706481 , 20.11900
120.75 , 51.4825706481 , 20.12500
120.79 , 51.4825706481 , 20.13100
120.82 , 51.3739547729 , 20.13700
120.86 , 51.5911827087 , 20.14317
120.89 , 51.4825706481 , 20.14917
120.93 , 51.5911827087 , 20.15534
120.97 , 51.4825706481 , 20.16134
121.00 , 51.5911827087 , 20.16750
121.04 , 51.5911827087 , 20.17350
121.08 , 51.5911827087 , 20.17950
121.11 , 51.5911827087 , 20.18567
121.15 , 51.5911827087 , 20.19167
121.19 , 51.6997947692 , 20.19783
121.22 , 51.6997947692 , 20.20384
121.26 , 51.6997947692 , 20.21000
121.29 , 51.5911827087 , 20.21583
121.33 , 51.5911827087 , 20.22200
121.37 , 51.5911827087 , 20.22800
121.40 , 51.5911827087 , 20.23417
121.44 , 51.6997947692 , 20.24033
121.48 , 51.5911827087 , 20.24633
121.51 , 51.6997947692 , 20.25250
121.55 , 51.6997947692 , 20.25834
121.59 , 51.6997947692 , 20.26450
121.62 , 51.8084068298 , 20.27050
121.66 , 51.6997947692 , 20.27667
121.70 , 51.8084068298 , 20.28267
121.73 , 51.8084068298 , 20.28883
121.77 , 51.8084068298 , 20.29467
121.80 , 51.8084068298 , 20.30084
121.84 , 51.9170227050 , 20.30700
121.88 , 51.8084068298 , 20.31300
121.91 , 51.9170227050 , 20.31917
121.95 , 51.9170227050 , 20.32517
121.99 , 51.8084068298 , 20.33133
122.02 , 51.8084068298 , 20.33717
122.06 , 51.9170227050 , 20.34333
122.10 , 51.9170227050 , 20.34934
122.13 , 51.9170227050 , 20.35550
122.17 , 52.0256347656 , 20.36150
122.21 , 51.9170227050 , 20.36767
122.24 , 52.0256347656 , 20.37383
122.28 , 51.9170227050 , 20.37967
122.31 , 52.0256347656 , 20.38583
122.35 , 52.0256347656 , 20.39183
122.39 , 52.0256347656 , 20.39800
122.42 , 52.0256347656 , 20.40400
122.46 , 52.0256347656 , 20.41017
122.50 , 52.1342468261 , 20.41617
122.53 , 52.0256347656 , 20.42217
122.57 , 52.0256347656 , 20.42833
122.61 , 52.1342468261 , 20.43433
122.64 , 52.1342468261 , 20.44050
122.68 , 52.1342468261 , 20.44650
122.72 , 52.2428588867 , 20.45267
122.75 , 52.1342468261 , 20.45867
122.79 , 52.2428588867 , 20.46467
122.82 , 52.2428588867 , 20.47067
122.86 , 52.2428588867 , 20.47683
122.90 , 52.2428588867 , 20.48283
122.93 , 52.2428588867 , 20.48900
122.97 , 52.3514709472 , 20.49517
123.01 , 52.3514709472 , 20.50100
123.04 , 52.3514709472 , 20.50717
123.08 , 52.2428588867 , 20.51317
123.12 , 52.3514709472 , 20.51933
123.15 , 52.3514709472 , 20.52533
123.19 , 52.4600868225 , 20.53150
123.22 , 52.4600868225 , 20.53750
123.26 , 52.4600868225 , 20.54350
123.30 , 52.3514709472 , 20.54950
123.33 , 52.4600868225 , 20.55567
123.37 , 52.4600868225 , 20.56184
123.41 , 52.4600868225 , 20.56783
123.44 , 52.4600868225 , 20.57400
123.48 , 52.4600868225 , 20.58000
123.52 , 52.4600868225 , 20.58600
123.55 , 52.5686988830 , 20.59200
123.59 , 52.5686988830 , 20.59817
123.62 , 52.4600868225 , 20.60417
123.66 , 52.5686988830 , 20.61034
123.70 , 52.5686988830 , 20.61633
123.73 , 52.5686988830 , 20.62250
123.77 , 52.5686988830 , 20.62850
123.81 , 52.5686988830 , 20.63450
123.84 , 52.6773109436 , 20.64067
123.88 , 52.6773109436 , 20.64667
123.92 , 52.6773109436 , 20.65283
123.95 , 52.6773109436 , 20.65884
123.99 , 52.6773109436 , 20.66500
124.02 , 52.6773109436 , 20.67083
124.06 , 52.6773109436 , 20.67700
124.10 , 52.6773109436 , 20.68300
124.13 , 52.6773109436 , 20.68917
124.17 , 52.7859230041 , 20.69533
124.21 , 52.6773109436 , 20.70133
124.24 , 52.6773109436 , 20.70734
124.28 , 52.7859230041 , 20.71333
124.32 , 52.7859230041 , 20.71950
124.35 , 52.7859230041 , 20.72550
124.39 , 52.7859230041 , 20.73167
124.43 , 52.7859230041 , 20.73767
124.46 , 52.8945388793 , 20.74383
124.50 , 52.7859230041 , 20.74967
124.54 , 52.8945388793 , 20.75584
124.57 , 52.8945388793 , 20.76200
124.61 , 52.8945388793 , 20.76800
124.64 , 52.8945388793 , 20.77417
124.68 , 52.8945388793 , 20.78017
124.72 , 53.0031509399 , 20.78634
124.75 , 53.0031509399 , 20.79217
124.79 , 53.0031509399 , 20.79833
124.83 , 53.0031509399 , 20.80433
124.86 , 52.8945388793 , 20.81050
124.90 , 53.0031509399 , 20.81667
124.94 , 53.0031509399 , 20.82267
124.97 , 53.1117630004 , 20.82884
125.01 , 53.1117630004 , 20.83467
125.04 , 53.1117630004 , 20.84083
125.08 , 53.0031509399 , 20.84683
125.12 , 53.1117630004 , 20.85300
125.15 , 53.1117630004 , 20.85900
125.19 , 53.1117630004 , 20.86517
125.23 , 53.1117630004 , 20.87117
125.26 , 53.1117630004 , 20.87717
125.30 , 53.1117630004 , 20.88334
125.34 , 53.2203750610 , 20.88933
125.37 , 53.1117630004 , 20.89550
125.41 , 53.2203750610 , 20.90150
125.45 , 53.1117630004 , 20.90767
125.48 , 53.2203750610 , 20.91350
125.52 , 53.3289871215 , 20.91967
125.55 , 53.3289871215 , 20.92567
125.59 , 53.3289871215 , 20.93184
125.63 , 53.3289871215 , 20.93783
125.66 , 53.3289871215 , 20.94400
125.70 , 53.4376029968 , 20.95017
125.74 , 53.4376029968 , 20.95600
125.77 , 53.4376029968 , 20.96217
125.81 , 53.4376029968 , 20.96817
125.85 , 53.4376029968 , 20.97434
125.88 , 53.4376029968 , 20.98034
125.92 , 53.4376029968 , 20.98650
125.95 , 53.3289871215 , 20.99250
125.99 , 53.5462150573 , 20.99850
126.03 , 53.4376029968 , 21.00450
126.06 , 53.3289871215 , 21.01067
126.10 , 53.5462150573 , 21.01683
126.14 , 53.4376029968 , 21.02284
126.17 , 53.4376029968 , 21.02900
126.21 , 53.4376029968 , 21.03500
126.25 , 53.4376029968 , 21.04100
126.28 , 53.4376029968 , 21.04700
126.32 , 53.4376029968 , 21.05317
126.36 , 53.4376029968 , 21.05917
126.39 , 53.4376029968 , 21.06534
126.43 , 53.5462150573 , 21.07134
126.46 , 53.4376029968 , 21.07750
126.50 , 53.4376029968 , 21.08350
126.54 , 53.5462150573 , 21.08950
126.57 , 53.5462150573 , 21.09567
126.61 , 53.5462150573 , 21.10167
126.65 , 53.5462150573 , 21.10783
126.68 , 53.6548271179 , 21.11384
126.72 , 53.5462150573 , 21.12000
126.75 , 53.5462150573 , 21.12583
126.79 , 53.5462150573 , 21.13200
126.83 , 53.6548271179 , 21.13800
126.86 , 53.6548271179 , 21.14417
126.90 , 53.5462150573 , 21.15033
126.94 , 53.6548271179 , 21.15633
126.97 , 53.6548271179 , 21.16234
127.01 , 53.6548271179 , 21.16834
127.05 , 53.7634391784 , 21.17450
127.08 , 53.6548271179 , 21.18050
127.12 , 53.6548271179 , 21.18667
127.16 , 53.6548271179 , 21.19267
127.19 , 53.7634391784 , 21.19883
127.23 , 53.6548271179 , 21.20483
127.26 , 53.7634391784 , 21.21084
127.30 , 53.6548271179 , 21.21700
127.34 , 53.8720550537 , 21.22300
127.37 , 53.7634391784 , 21.22917
127.41 , 53.7634391784 , 21.23517
127.45 , 53.7634391784 , 21.24133
127.48 , 53.7634391784 , 21.24717
127.52 , 53.8720550537 , 21.25333
127.56 , 53.8720550537 , 21.25934
127.59 , 53.8720550537 , 21.26550
127.63 , 53.8720550537 , 21.27167
127.67 , 53.8720550537 , 21.27767
127.70 , 53.9806671142 , 21.28384
127.74 , 53.9806671142 , 21.28967
127.77 , 53.9806671142 , 21.29583
127.81 , 53.9806671142 , 21.30183
127.85 , 53.9806671142 , 21.30800
127.88 , 53.9806671142 , 21.31400
127.92 , 54.0892791748 , 21.32017
127.96 , 53.9806671142 , 21.32600
127.99 , 54.1978912353 , 21.33217
128.03 , 54.0892791748 , 21.33833
128.07 , 54.1978912353 , 21.34433
128.10 , 54.1978912353 , 21.35050
128.14 , 54.1978912353 , 21.35650
128.18 , 54.0892791748 , 21.36267
128.21 , 54.0892791748 , 21.36850
128.25 , 54.1978912353 , 21.37467
128.28 , 54.0892791748 , 21.38067
128.32 , 54.1978912353 , 21.38683
128.36 , 54.1978912353 , 21.39283
128.39 , 54.1978912353 , 21.39900
128.43 , 54.3065032958 , 21.40517
128.47 , 54.1978912353 , 21.41100
128.50 , 54.1978912353 , 21.41717
128.54 , 54.1978912353 , 21.42317
128.58 , 54.3065032958 , 21.42934
128.61 , 54.3065032958 , 21.43533
128.65 , 54.3065032958 , 21.44150
128.69 , 54.3065032958 , 21.44750
128.72 , 54.3065032958 , 21.45350
128.76 , 54.3065032958 , 21.45950
128.79 , 54.4151191711 , 21.46567
128.83 , 54.4151191711 , 21.47183
128.87 , 54.4151191711 , 21.47784
128.90 , 54.4151191711 , 21.48400
128.94 , 54.4151191711 , 21.49000
128.98 , 54.4151191711 , 21.49600
129.01 , 54.4151191711 , 21.50200
129.05 , 54.5237312316 , 21.50817
129.09 , 54.5237312316 , 21.51417
129.12 , 54.5237312316 , 21.52033
129.16 , 54.5237312316 , 21.52634
129.20 , 54.6323432922 , 21.53250
129.23 , 54.5237312316 , 21.53850
129.27 , 54.6323432922 , 21.54450
129.30 , 54.6323432922 , 21.55067
129.34 , 54.6323432922 , 21.55667
129.38 , 54.5237312316 , 21.56283
129.41 , 54.6323432922 , 21.56883
129.45 , 54.6323432922 , 21.57484
129.49 , 54.6323432922 , 21.58083
129.52 , 54.7409553527 , 21.58700
129.56 , 54.7409553527 , 21.59317
129.60 , 54.7409553527 , 21.59917
129.63 , 54.7409553527 , 21.60534
129.67 , 54.8495712280 , 21.61133
129.70 , 54.8495712280 , 21.61733
129.74 , 54.8495712280 , 21.62334
129.78 , 54.8495712280 , 21.62950
129.81 , 54.8495712280 , 21.63550
129.85 , 54.8495712280 , 21.64167
129.89 , 54.8495712280 , 21.64767
129.92 , 54.8495712280 , 21.65384
129.96 , 54.9581832885 , 21.65983
130.00 , 54.9581832885 , 21.66583
130.03 , 54.9581832885 , 21.67200
130.07 , 54.9581832885 , 21.67800
130.11 , 54.9581832885 , 21.68417
130.14 , 54.9581832885 , 21.69017
130.18 , 54.9581832885 , 21.69633
130.21 , 54.9581832885 , 21.70217
130.25 , 55.0667953491 , 21.70833
130.29 , 54.9581832885 , 21.71433
130.32 , 55.0667953491 , 21.72050
130.36 , 55.0667953491 , 21.72667
130.40 , 55.0667953491 , 21.73267
130.43 , 55.0667953491 , 21.73884
130.47 , 55.0667953491 , 21.74467
130.51 , 55.0667953491 , 21.75084
130.54 , 55.1754074096 , 21.75683
130.58 , 55.0667953491 , 21.76300
130.61 , 55.1754074096 , 21.76900
130.65 , 55.0667953491 , 21.77517
130.69 , 55.1754074096 , 21.78100
130.72 , 55.2840194702 , 21.78717