1.12 , 0.1086129074 , 0.18750
1.16 , 0.2172258138 , 0.19283
1.19 , 0.1086129074 , 0.19817
1.22 , 0.1086129074 , 0.20350
1.25 , 0.1086129074 , 0.20900
1.29 , 0.1086129074 , 0.21433
1.32 , 0.1086129074 , 0.21967
1.35 , 0.1086129074 , 0.22500
1.38 , 0.1086129074 , 0.23050
1.41 , 0.1086129074 , 0.23583
1.45 , 0.1086129074 , 0.24117
1.48 , 0.1086129074 , 0.24650
1.51 , 0.1086129074 , 0.25200
1.54 , 0.1086129074 , 0.25733
1.58 , 0.1086129074 , 0.26267
1.61 , 0.1086129074 , 0.26800
1.64 , 0.2172258138 , 0.27350
1.67 , 0.1086129074 , 0.27883
1.71 , 0.1086129074 , 0.28417
1.74 , 0.1086129074 , 0.28950
1.77 , 0.2172258138 , 0.29500
1.80 , 0.2172258138 , 0.30033
1.84 , 0.1086129074 , 0.30583
1.87 , 0.2172258138 , 0.31100
1.90 , 0.2172258138 , 0.31650
1.93 , 0.2172258138 , 0.32183
1.96 , 0.2172258138 , 0.32733
2.00 , 0.3258387088 , 0.33250
2.03 , 0.2172258138 , 0.33800
2.06 , 0.2172258138 , 0.34333
2.09 , 0.3258387088 , 0.34867
2.12 , 0.3258387088 , 0.35400
2.16 , 0.3258387088 , 0.35933
2.19 , 0.4344516277 , 0.36483
2.22 , 0.4344516277 , 0.37017
2.25 , 0.4344516277 , 0.37550
2.29 , 0.3258387088 , 0.38083
2.32 , 0.4344516277 , 0.38633
2.35 , 0.4344516277 , 0.39167
2.38 , 0.4344516277 , 0.39700
2.41 , 0.4344516277 , 0.40233
2.45 , 0.5430645465 , 0.40783
2.48 , 0.5430645465 , 0.41317
2.51 , 0.4344516277 , 0.41850
2.54 , 0.5430645465 , 0.42383
2.58 , 0.5430645465 , 0.42933
2.61 , 0.5430645465 , 0.43467
2.64 , 0.5430645465 , 0.44000
2.67 , 0.6516774177 , 0.44533
2.71 , 0.6516774177 , 0.45083
2.74 , 0.6516774177 , 0.45617
2.77 , 0.6516774177 , 0.46150
2.80 , 0.6516774177 , 0.46683
2.83 , 0.7602916240 , 0.47233
2.87 , 0.6516774177 , 0.47767
2.90 , 0.7602916240 , 0.48300
2.93 , 0.7602916240 , 0.48833
2.96 , 0.7602916240 , 0.49383
3.00 , 0.7602916240 , 0.49917
3.03 , 0.7602916240 , 0.50450
3.06 , 0.7602916240 , 0.50983
3.09 , 0.8689044952 , 0.51517
3.12 , 0.7602916240 , 0.52067
3.16 , 0.7602916240 , 0.52583
3.19 , 0.8689044952 , 0.53133
3.22 , 0.7602916240 , 0.53667
3.25 , 0.8689044952 , 0.54217
3.28 , 0.8689044952 , 0.54733
3.32 , 0.8689044952 , 0.55283
3.35 , 0.8689044952 , 0.55817
3.38 , 0.9775175094 , 0.56367
3.41 , 0.8689044952 , 0.56900
3.45 , 0.9775175094 , 0.57433
3.48 , 0.9775175094 , 0.57967
3.51 , 0.9775175094 , 0.58517
3.54 , 0.9775175094 , 0.59050
3.58 , 1.0861303806 , 0.59583
3.61 , 1.0861303806 , 0.60117
3.64 , 1.0861303806 , 0.60667
3.67 , 1.0861303806 , 0.61200
3.70 , 1.0861303806 , 0.61733
3.74 , 1.0861303806 , 0.62267
3.77 , 1.0861303806 , 0.62817
3.80 , 1.0861303806 , 0.63350
3.83 , 1.1947432708 , 0.63883
3.87 , 1.1947432708 , 0.64417
3.90 , 1.1947432708 , 0.64967
3.93 , 1.1947432708 , 0.65500
3.96 , 1.1947432708 , 0.66033
3.99 , 1.1947432708 , 0.66567
4.03 , 1.1947432708 , 0.67117
4.06 , 1.1947432708 , 0.67650
4.09 , 1.1947432708 , 0.68183
4.12 , 1.1947432708 , 0.68717
4.16 , 1.3033561706 , 0.69250
4.19 , 1.4119690895 , 0.69800
4.22 , 1.3033561706 , 0.70317
4.25 , 1.3033561706 , 0.70867
4.28 , 1.3033561706 , 0.71400
4.32 , 1.4119690895 , 0.71950
4.35 , 1.4119690895 , 0.72467
4.38 , 1.4119690895 , 0.73017
4.41 , 1.4119690895 , 0.73550
4.45 , 1.4119690895 , 0.74100
4.48 , 1.5205819606 , 0.74617
4.51 , 1.4119690895 , 0.75167
4.54 , 1.4119690895 , 0.75700
4.57 , 1.5205819606 , 0.76250
4.61 , 1.5205819606 , 0.76767
4.64 , 1.6291948318 , 0.77317
4.67 , 1.5205819606 , 0.77850
4.70 , 1.5205819606 , 0.78400
4.74 , 1.5205819606 , 0.78933
4.77 , 1.6291948318 , 0.79467
4.80 , 1.6291948318 , 0.80000
4.83 , 1.6291948318 , 0.80550
4.86 , 1.5205819606 , 0.81083
4.90 , 1.6291948318 , 0.81617
4.93 , 1.6291948318 , 0.82150
4.96 , 1.6291948318 , 0.82700
4.99 , 1.7378077507 , 0.83233
5.03 , 1.7378077507 , 0.83767
5.06 , 1.7378077507 , 0.84300
5.09 , 1.7378077507 , 0.84850
5.12 , 1.7378077507 , 0.85383
5.15 , 1.7378077507 , 0.85900
5.19 , 1.7378077507 , 0.86450
5.22 , 1.8464206695 , 0.86983
5.25 , 1.7378077507 , 0.87533
5.28 , 1.7378077507 , 0.88050
5.32 , 1.8464206695 , 0.88600
5.35 , 1.9550334930 , 0.89133
5.38 , 1.8464206695 , 0.89683
5.41 , 1.9550334930 , 0.90200
5.45 , 1.8464206695 , 0.90750
5.48 , 1.9550334930 , 0.91283
5.51 , 1.9550334930 , 0.91833
5.54 , 1.9550334930 , 0.92350
5.57 , 1.9550334930 , 0.92900
5.61 , 1.9550334930 , 0.93433
5.64 , 1.9550334930 , 0.93983
5.67 , 2.0636465549 , 0.94500
5.70 , 1.9550334930 , 0.95050
5.74 , 2.0636465549 , 0.95583
5.77 , 2.0636465549 , 0.96133
5.80 , 2.1722607612 , 0.96650
5.83 , 2.0636465549 , 0.97200
5.86 , 2.0636465549 , 0.97733
5.90 , 2.1722607612 , 0.98283
5.93 , 2.0636465549 , 0.98800
5.96 , 2.1722607612 , 0.99350
5.99 , 2.1722607612 , 0.99883
6.03 , 2.1722607612 , 1.00433
6.06 , 2.1722607612 , 1.00950
6.09 , 2.2808735370 , 1.01500
6.12 , 2.2808735370 , 1.02033
6.16 , 2.1722607612 , 1.02583
6.19 , 2.1722607612 , 1.03117
6.22 , 2.2808735370 , 1.03633
6.25 , 2.2808735370 , 1.04183
6.28 , 2.2808735370 , 1.04717
6.32 , 2.3894865512 , 1.05267
6.35 , 2.2808735370 , 1.05783
6.38 , 2.2808735370 , 1.06333
6.41 , 2.2808735370 , 1.06867
6.45 , 2.2808735370 , 1.07417
6.48 , 2.2808735370 , 1.07933
6.51 , 2.3894865512 , 1.08483
6.54 , 2.3894865512 , 1.09017
6.57 , 2.3894865512 , 1.09567
6.61 , 2.4980993270 , 1.10083
6.64 , 2.4980993270 , 1.10633
6.67 , 2.3894865512 , 1.11167
6.70 , 2.4980993270 , 1.11717
6.73 , 2.6067123413 , 1.12233
6.77 , 2.4980993270 , 1.12783
6.80 , 2.4980993270 , 1.13317
6.83 , 2.4980993270 , 1.13867
6.86 , 2.4980993270 , 1.14383
6.90 , 2.6067123413 , 1.14933
6.93 , 2.6067123413 , 1.15467
6.96 , 2.6067123413 , 1.16017
6.99 , 2.6067123413 , 1.16533
7.03 , 2.6067123413 , 1.17083
7.06 , 2.7153253555 , 1.17617
7.09 , 2.7153253555 , 1.18167
7.12 , 2.7153253555 , 1.18683
7.15 , 2.7153253555 , 1.19233
7.19 , 2.8239381790 , 1.19767
7.22 , 2.7153253555 , 1.20300
7.25 , 2.7153253555 , 1.20833
7.28 , 2.7153253555 , 1.21367
7.32 , 2.7153253555 , 1.21917
7.35 , 2.8239381790 , 1.22450
7.38 , 2.8239381790 , 1.22983
7.41 , 2.8239381790 , 1.23517
7.44 , 2.8239381790 , 1.24067
7.48 , 2.8239381790 , 1.24600
7.51 , 2.8239381790 , 1.25133
7.54 , 2.7153253555 , 1.25667
7.57 , 2.9325511932 , 1.26217
7.61 , 2.9325511932 , 1.26750
7.64 , 3.0411639213 , 1.27300
7.67 , 2.9325511932 , 1.27817
7.70 , 2.9325511932 , 1.28367
7.73 , 2.9325511932 , 1.28900
7.77 , 2.9325511932 , 1.29450
7.80 , 3.0411639213 , 1.29967
7.83 , 3.1497769355 , 1.30517
7.86 , 3.0411639213 , 1.31050
7.90 , 2.9325511932 , 1.31600
7.93 , 3.0411639213 , 1.32117
7.96 , 3.0411639213 , 1.32667
7.99 , 3.1497769355 , 1.33200
8.02 , 3.1497769355 , 1.33750
8.06 , 3.1497769355 , 1.34267
8.09 , 3.1497769355 , 1.34817
8.12 , 3.2583897113 , 1.35350
8.15 , 3.1497769355 , 1.35900
8.19 , 3.2583897113 , 1.36417
8.22 , 3.1497769355 , 1.36967
8.25 , 3.2583897113 , 1.37500
8.28 , 3.2583897113 , 1.38033
8.31 , 3.2583897113 , 1.38567
8.35 , 3.2583897113 , 1.39100
8.38 , 3.2583897113 , 1.39650
8.41 , 3.2583897113 , 1.40183
8.44 , 3.2583897113 , 1.40717
8.48 , 3.3670027256 , 1.41250
8.51 , 3.3670027256 , 1.41800
8.54 , 3.2583897113 , 1.42333
8.57 , 3.3670027256 , 1.42867
8.60 , 3.3670027256 , 1.43400
8.64 , 3.3670027256 , 1.43950
8.67 , 3.3670027256 , 1.44483
8.70 , 3.4756155014 , 1.45017
8.73 , 3.3670027256 , 1.45550
8.77 , 3.4756155014 , 1.46100
8.80 , 3.3670027256 , 1.46633
8.83 , 3.4756155014 , 1.47167
8.86 , 3.4756155014 , 1.47700
8.90 , 3.4756155014 , 1.48250
8.93 , 3.4756155014 , 1.48783
8.96 , 3.4756155014 , 1.49333
8.99 , 3.5842297077 , 1.49850
9.02 , 3.4756155014 , 1.50400
9.06 , 3.5842297077 , 1.50933
9.09 , 3.4756155014 , 1.51483
9.12 , 3.5842297077 , 1.52000
9.15 , 3.5842297077 , 1.52550
9.19 , 3.6928427219 , 1.53083
9.22 , 3.6928427219 , 1.53633
9.25 , 3.5842297077 , 1.54150
9.28 , 3.5842297077 , 1.54683
9.31 , 3.5842297077 , 1.55233
9.35 , 3.6928427219 , 1.55767
9.38 , 3.6928427219 , 1.56300
9.41 , 3.6928427219 , 1.56833
9.44 , 3.8014554977 , 1.57383
9.48 , 3.6928427219 , 1.57917
9.51 , 3.6928427219 , 1.58450
9.54 , 3.6928427219 , 1.58983
9.57 , 3.8014554977 , 1.59533
9.60 , 3.8014554977 , 1.60067
9.64 , 3.8014554977 , 1.60600
9.67 , 3.8014554977 , 1.61133
9.70 , 3.8014554977 , 1.61683
9.73 , 3.9100685119 , 1.62217
9.77 , 3.9100685119 , 1.62750
9.80 , 3.9100685119 , 1.63283
9.83 , 3.9100685119 , 1.63833
9.86 , 3.8014554977 , 1.64367
9.89 , 3.9100685119 , 1.64900
9.93 , 4.0186815261 , 1.65433
9.96 , 3.9100685119 , 1.65983
9.99 , 4.0186815261 , 1.66517
10.02 , 4.0186815261 , 1.67050
10.06 , 4.1272945404 , 1.67600
10.09 , 4.1272945404 , 1.68167
10.12 , 4.1272945404 , 1.68717
10.16 , 4.1272945404 , 1.69283
10.19 , 4.1272945404 , 1.69817
10.22 , 4.1272945404 , 1.70383
10.26 , 4.1272945404 , 1.70933
10.29 , 4.1272945404 , 1.71500
10.32 , 4.1272945404 , 1.72033
10.36 , 4.2359070777 , 1.72600
10.39 , 4.2359070777 , 1.73150
10.42 , 4.2359070777 , 1.73717
10.46 , 4.2359070777 , 1.74267
10.49 , 4.2359070777 , 1.74817
10.52 , 4.2359070777 , 1.75367
10.56 , 4.2359070777 , 1.75933
10.59 , 4.2359070777 , 1.76483
10.62 , 4.2359070777 , 1.77033
10.65 , 4.3445200920 , 1.77583
10.69 , 4.3445200920 , 1.78150
10.72 , 4.2359070777 , 1.78700
10.76 , 4.3445200920 , 1.79267
10.79 , 4.3445200920 , 1.79800
10.82 , 4.3445200920 , 1.80367
10.85 , 4.3445200920 , 1.80917
10.89 , 4.4531331062 , 1.81483
10.92 , 4.3445200920 , 1.82017
10.96 , 4.3445200920 , 1.82583
10.99 , 4.3445200920 , 1.83133
11.02 , 4.4531331062 , 1.83700
11.06 , 4.4531331062 , 1.84250
11.09 , 4.4531331062 , 1.84800
11.12 , 4.5617461204 , 1.85350
11.15 , 4.4531331062 , 1.85917
11.19 , 4.5617461204 , 1.86467
11.22 , 4.4531331062 , 1.87033
11.25 , 4.4531331062 , 1.87567
11.29 , 4.4531331062 , 1.88133
11.32 , 4.5617461204 , 1.88683
11.35 , 4.5617461204 , 1.89250
11.39 , 4.6703586578 , 1.89783
11.42 , 4.6703586578 , 1.90350
11.45 , 4.5617461204 , 1.90900
11.49 , 4.6703586578 , 1.91467
11.52 , 4.6703586578 , 1.92017
11.55 , 4.6703586578 , 1.92567
11.59 , 4.5617461204 , 1.93117
11.62 , 4.7789716720 , 1.93683
11.65 , 4.6703586578 , 1.94233
11.69 , 4.7789716720 , 1.94783
11.72 , 4.6703586578 , 1.95333
11.75 , 4.7789716720 , 1.95900
11.79 , 4.8875861167 , 1.96450
11.82 , 4.7789716720 , 1.97017
11.85 , 4.7789716720 , 1.97550
11.89 , 4.7789716720 , 1.98117
11.92 , 4.7789716720 , 1.98667
11.95 , 4.8875861167 , 1.99233
11.99 , 4.8875861167 , 1.99767
12.02 , 4.8875861167 , 2.00333
12.05 , 4.8875861167 , 2.00883
12.09 , 4.9961986541 , 2.01450
12.12 , 4.8875861167 , 2.02000
12.15 , 4.9961986541 , 2.02550
12.19 , 4.9961986541 , 2.03100
12.22 , 4.9961986541 , 2.03667
12.25 , 4.9961986541 , 2.04217
12.29 , 4.9961986541 , 2.04767
12.32 , 4.9961986541 , 2.05317
12.35 , 5.1048116683 , 2.05883
12.39 , 5.1048116683 , 2.06433
12.42 , 5.1048116683 , 2.07000
12.45 , 5.1048116683 , 2.07533
12.49 , 5.1048116683 , 2.08100
12.52 , 5.2134246826 , 2.08650
12.55 , 5.1048116683 , 2.09217
12.59 , 5.2134246826 , 2.09750
12.62 , 5.2134246826 , 2.10317
12.65 , 5.2134246826 , 2.10867
12.69 , 5.2134246826 , 2.11433
12.72 , 5.2134246826 , 2.11983
12.75 , 5.3220376968 , 2.12533
12.78 , 5.2134246826 , 2.13083
12.82 , 5.2134246826 , 2.13650
12.85 , 5.3220376968 , 2.14200
12.89 , 5.3220376968 , 2.14767
12.92 , 5.3220376968 , 2.15300
12.95 , 5.3220376968 , 2.15867
12.98 , 5.3220376968 , 2.16417
13.02 , 5.4306507110 , 2.16983
13.05 , 5.4306507110 , 2.17517
13.09 , 5.4306507110 , 2.18083
13.12 , 5.4306507110 , 2.18633
13.15 , 5.3220376968 , 2.19200
13.19 , 5.4306507110 , 2.19750
13.22 , 5.4306507110 , 2.20300
13.25 , 5.5392632484 , 2.20850
13.28 , 5.4306507110 , 2.21417
13.32 , 5.4306507110 , 2.21967
13.35 , 5.4306507110 , 2.22517
13.38 , 5.5392632484 , 2.23067
13.42 , 5.5392632484 , 2.23633
13.45 , 5.5392632484 , 2.24183
13.48 , 5.5392632484 , 2.24750
13.52 , 5.5392632484 , 2.25283
13.55 , 5.5392632484 , 2.25850
13.58 , 5.5392632484 , 2.26400
13.62 , 5.5392632484 , 2.26967
13.65 , 5.5392632484 , 2.27500
13.68 , 5.6478762626 , 2.28067
13.72 , 5.6478762626 , 2.28617
13.75 , 5.6478762626 , 2.29183
13.78 , 5.6478762626 , 2.29733
13.82 , 5.7564892768 , 2.30283
13.85 , 5.6478762626 , 2.30833
13.88 , 5.6478762626 , 2.31400
13.92 , 5.7564892768 , 2.31950
13.95 , 5.7564892768 , 2.32500
13.98 , 5.7564892768 , 2.33050
14.02 , 5.7564892768 , 2.33617
14.05 , 5.7564892768 , 2.34167
14.08 , 5.8651022911 , 2.34733
14.12 , 5.7564892768 , 2.35267
14.15 , 5.7564892768 , 2.35833
14.18 , 5.8651022911 , 2.36383
14.22 , 5.8651022911 , 2.36950
14.25 , 5.8651022911 , 2.37483
14.28 , 5.9737148284 , 2.38050
14.32 , 5.8651022911 , 2.38600
14.35 , 5.8651022911 , 2.39167
14.38 , 5.9737148284 , 2.39717
14.42 , 5.9737148284 , 2.40267
14.45 , 6.0823278427 , 2.40817
14.48 , 5.9737148284 , 2.41383
14.52 , 6.0823278427 , 2.41933
14.55 , 6.0823278427 , 2.42500
14.58 , 5.9737148284 , 2.43033
14.62 , 6.0823278427 , 2.43600
14.65 , 5.9737148284 , 2.44150
14.68 , 6.0823278427 , 2.44717
14.72 , 6.0823278427 , 2.45250
14.75 , 6.0823278427 , 2.45817
14.78 , 5.9737148284 , 2.46367
14.82 , 6.1909408569 , 2.46933
14.85 , 6.1909408569 , 2.47483
14.88 , 6.1909408569 , 2.48033
14.92 , 6.1909408569 , 2.48583
14.95 , 6.1909408569 , 2.49150
14.98 , 6.2995548248 , 2.49700
15.02 , 6.4081678390 , 2.50250
15.05 , 6.2995548248 , 2.50800
15.08 , 6.1909408569 , 2.51367
15.11 , 6.2995548248 , 2.51917
15.15 , 6.4081678390 , 2.52483
15.18 , 6.4081678390 , 2.53017
15.22 , 6.1909408569 , 2.53583
15.25 , 6.4081678390 , 2.54133
15.28 , 6.4081678390 , 2.54700
15.31 , 6.4081678390 , 2.55233
15.35 , 6.4081678390 , 2.55800
15.38 , 6.2995548248 , 2.56350
15.42 , 6.5167808532 , 2.56917
15.45 , 6.4081678390 , 2.57467
15.48 , 6.4081678390 , 2.58017
15.51 , 6.5167808532 , 2.58567
15.55 , 6.4081678390 , 2.59133
15.58 , 6.6253938674 , 2.59683
15.61 , 6.6253938674 , 2.60233
15.65 , 6.6253938674 , 2.60783
15.68 , 6.5167808532 , 2.61350
15.71 , 6.5167808532 , 2.61900
15.75 , 6.6253938674 , 2.62467
15.78 , 6.6253938674 , 2.63000
15.81 , 6.5167808532 , 2.63567
15.85 , 6.6253938674 , 2.64117
15.88 , 6.6253938674 , 2.64683
15.91 , 6.6253938674 , 2.65217
15.95 , 6.6253938674 , 2.65783
15.98 , 6.6253938674 , 2.66333
16.01 , 6.6253938674 , 2.66900
16.05 , 6.6253938674 , 2.67450
16.08 , 6.7340068817 , 2.68000
16.11 , 6.7340068817 , 2.68550
16.15 , 6.8426194190 , 2.69117
16.18 , 6.7340068817 , 2.69667
16.21 , 6.8426194190 , 2.70233
16.25 , 6.7340068817 , 2.70767
16.28 , 6.7340068817 , 2.71333
16.31 , 6.8426194190 , 2.71883
16.35 , 6.8426194190 , 2.72450
16.38 , 6.7340068817 , 2.72983
16.41 , 6.8426194190 , 2.73550
16.45 , 6.8426194190 , 2.74100
16.48 , 6.8426194190 , 2.74667
16.51 , 6.9512324333 , 2.75217
16.55 , 6.9512324333 , 2.75767
16.58 , 6.8426194190 , 2.76317
16.61 , 6.9512324333 , 2.76883
16.65 , 7.0598454475 , 2.77433
16.68 , 6.9512324333 , 2.77983
16.71 , 7.0598454475 , 2.78533
16.75 , 7.0598454475 , 2.79100
16.78 , 7.0598454475 , 2.79650
16.81 , 6.9512324333 , 2.80217
16.84 , 7.0598454475 , 2.80750
16.88 , 6.9512324333 , 2.81317
16.91 , 7.1684584617 , 2.81867
16.95 , 7.2770709991 , 2.82433
16.98 , 7.1684584617 , 2.82967
17.01 , 7.1684584617 , 2.83533
17.04 , 7.1684584617 , 2.84083
17.08 , 7.1684584617 , 2.84650
17.11 , 7.1684584617 , 2.85200
17.14 , 7.2770709991 , 2.85750
17.18 , 7.1684584617 , 2.86300
17.21 , 7.2770709991 , 2.86867
17.25 , 7.2770709991 , 2.87417
17.28 , 7.1684584617 , 2.87967
17.31 , 7.2770709991 , 2.88517
17.34 , 7.3856840133 , 2.89083
17.38 , 7.3856840133 , 2.89633
17.41 , 7.3856840133 , 2.90200
17.44 , 7.3856840133 , 2.90733
17.48 , 7.3856840133 , 2.91300
17.51 , 7.3856840133 , 2.91850
17.54 , 7.3856840133 , 2.92417
17.58 , 7.3856840133 , 2.92950
17.61 , 7.3856840133 , 2.93517
17.64 , 7.4942970275 , 2.94067
17.68 , 7.6029100418 , 2.94633
17.71 , 7.6029100418 , 2.95183
17.74 , 7.4942970275 , 2.95733
17.78 , 7.4942970275 , 2.96283
17.81 , 7.6029100418 , 2.96850
17.84 , 7.4942970275 , 2.97400
17.88 , 7.6029100418 , 2.97967
17.91 , 7.6029100418 , 2.98500
17.94 , 7.7115240097 , 2.99067
17.98 , 7.4942970275 , 2.99617
18.01 , 7.6029100418 , 3.00183
18.04 , 7.6029100418 , 3.00717
18.08 , 7.7115240097 , 3.01283
18.11 , 7.7115240097 , 3.01833
18.14 , 7.7115240097 , 3.02400
18.18 , 7.7115240097 , 3.02950
18.21 , 7.6029100418 , 3.03500
18.24 , 7.6029100418 , 3.04050
18.28 , 7.7115240097 , 3.04617
18.31 , 7.8201370239 , 3.05167
18.34 , 7.7115240097 , 3.05717
18.38 , 7.8201370239 , 3.06267
18.41 , 7.8201370239 , 3.06833
18.44 , 7.8201370239 , 3.07383
18.48 , 7.9287500381 , 3.07950
18.51 , 7.9287500381 , 3.08483
18.54 , 7.8201370239 , 3.09050
18.58 , 7.8201370239 , 3.09600
18.61 , 7.9287500381 , 3.10167
18.64 , 7.8201370239 , 3.10700
18.68 , 7.9287500381 , 3.11267
18.71 , 8.0373630523 , 3.11817
18.74 , 7.9287500381 , 3.12383
18.78 , 8.0373630523 , 3.12933
18.81 , 8.0373630523 , 3.13483
18.84 , 8.0373630523 , 3.14033
18.88 , 8.0373630523 , 3.14600
18.91 , 8.1459760665 , 3.15150
18.94 , 8.0373630523 , 3.15700
18.97 , 8.0373630523 , 3.16250
19.01 , 8.0373630523 , 3.16817
19.04 , 8.1459760665 , 3.17367
19.08 , 8.1459760665 , 3.17933
19.11 , 8.0373630523 , 3.18467
19.14 , 8.1459760665 , 3.19033
19.17 , 8.0373630523 , 3.19583
19.21 , 8.1459760665 , 3.20150
19.24 , 8.2545890808 , 3.20683
19.27 , 8.1459760665 , 3.21250
19.31 , 8.2545890808 , 3.21800
19.34 , 8.2545890808 , 3.22367
19.37 , 8.3632011413 , 3.22917
19.41 , 8.2545890808 , 3.23467
19.44 , 8.2545890808 , 3.24017
19.47 , 8.3632011413 , 3.24583
19.51 , 8.3632011413 , 3.25133
19.54 , 8.3632011413 , 3.25700
19.57 , 8.3632011413 , 3.26233
19.61 , 8.4718141555 , 3.26800
19.64 , 8.4718141555 , 3.27350
19.67 , 8.4718141555 , 3.27917
19.71 , 8.4718141555 , 3.28450
19.74 , 8.3632011413 , 3.29017
19.77 , 8.5804271697 , 3.29567
19.81 , 8.4718141555 , 3.30133
19.84 , 8.5804271697 , 3.30683
19.87 , 8.5804271697 , 3.31233
19.91 , 8.5804271697 , 3.31783
19.94 , 8.6890401840 , 3.32350
19.97 , 8.5804271697 , 3.32900
20.01 , 8.6890401840 , 3.33450
20.04 , 8.4718141555 , 3.34000
20.07 , 8.6890401840 , 3.34567
20.11 , 8.6890401840 , 3.35117
20.14 , 8.5804271697 , 3.35683
20.17 , 8.5804271697 , 3.36217
20.21 , 8.5804271697 , 3.36783
20.24 , 8.7976531982 , 3.37333
20.27 , 8.7976531982 , 3.37900
20.31 , 8.6890401840 , 3.38433
20.34 , 8.7976531982 , 3.39000
20.37 , 8.7976531982 , 3.39550
20.41 , 8.6890401840 , 3.40117
20.44 , 8.6890401840 , 3.40667
20.47 , 8.7976531982 , 3.41217
20.51 , 8.7976531982 , 3.41767
20.54 , 8.7976531982 , 3.42333
20.57 , 8.7976531982 , 3.42883
20.61 , 8.7976531982 , 3.43433
20.64 , 8.9062662124 , 3.43983
20.67 , 8.9062662124 , 3.44550
20.71 , 9.0148792266 , 3.45100
20.74 , 8.7976531982 , 3.45667
20.77 , 8.9062662124 , 3.46200
20.81 , 8.9062662124 , 3.46767
20.84 , 8.9062662124 , 3.47317
20.87 , 8.9062662124 , 3.47883
20.90 , 8.9062662124 , 3.48417
20.94 , 9.0148792266 , 3.48983
20.97 , 8.9062662124 , 3.49533
21.01 , 9.0148792266 , 3.50100
21.04 , 9.1234922409 , 3.50650
21.07 , 9.0148792266 , 3.51200
21.10 , 9.0148792266 , 3.51750
21.14 , 9.0148792266 , 3.52317
21.17 , 9.0148792266 , 3.52867
21.21 , 9.0148792266 , 3.53433
21.24 , 9.1234922409 , 3.53967
21.27 , 9.1234922409 , 3.54533
21.30 , 9.1234922409 , 3.55083
21.34 , 9.2321052551 , 3.55650
21.37 , 9.1234922409 , 3.56183
21.40 , 9.2321052551 , 3.56750
21.44 , 9.2321052551 , 3.57300
21.47 , 9.1234922409 , 3.57867
21.50 , 9.2321052551 , 3.58417
21.54 , 9.2321052551 , 3.58967
21.57 , 9.3407173156 , 3.59517
21.60 , 9.4493303298 , 3.60083
21.64 , 9.3407173156 , 3.60633
21.67 , 9.3407173156 , 3.61183
21.70 , 9.3407173156 , 3.61733
21.74 , 9.3407173156 , 3.62300
21.77 , 9.3407173156 , 3.62850
21.80 , 9.3407173156 , 3.63417
21.84 , 9.4493303298 , 3.63950
21.87 , 9.4493303298 , 3.64517
21.90 , 9.4493303298 , 3.65067
21.94 , 9.5579433441 , 3.65633
21.97 , 9.5579433441 , 3.66167
22.00 , 9.5579433441 , 3.66733
22.04 , 9.6665563583 , 3.67283
22.07 , 9.5579433441 , 3.67850
22.10 , 9.6665563583 , 3.68400
22.14 , 9.5579433441 , 3.68950
22.17 , 9.5579433441 , 3.69500
22.20 , 9.6665563583 , 3.70067
22.24 , 9.6665563583 , 3.70617
22.27 , 9.6665563583 , 3.71167
22.30 , 9.6665563583 , 3.71717
22.34 , 9.6665563583 , 3.72283
22.37 , 9.6665563583 , 3.72833
22.40 , 9.7751722335 , 3.73400
22.44 , 9.7751722335 , 3.73933
22.47 , 9.6665563583 , 3.74500
22.50 , 9.7751722335 , 3.75050
22.54 , 9.7751722335 , 3.75617
22.57 , 9.7751722335 , 3.76150
22.60 , 9.8837852478 , 3.76717
22.64 , 9.8837852478 , 3.77267
22.67 , 9.8837852478 , 3.77833
22.70 , 9.8837852478 , 3.78383
22.74 , 9.8837852478 , 3.78933
22.77 , 9.9923973083 , 3.79483
22.80 , 9.7751722335 , 3.80050
22.84 , 9.8837852478 , 3.80600
22.87 , 9.9923973083 , 3.81167
22.90 , 9.9923973083 , 3.81700
22.94 , 9.8837852478 , 3.82267
22.97 , 9.9923973083 , 3.82817
23.00 , 9.9923973083 , 3.83383
23.03 , 9.9923973083 , 3.83917
23.07 , 9.9923973083 , 3.84483
23.10 , 9.9923973083 , 3.85033
23.14 , 9.9923973083 , 3.85600
23.17 , 9.9923973083 , 3.86150
23.20 , 10.1010103225 , 3.86700
23.24 , 9.9923973083 , 3.87267
23.27 , 9.9923973083 , 3.87833
23.30 , 9.9923973083 , 3.88383
23.34 , 10.1010103225 , 3.88933
23.37 , 10.1010103225 , 3.89500
23.40 , 10.1010103225 , 3.90083
23.44 , 10.2096233367 , 3.90650
23.47 , 10.2096233367 , 3.91233
23.51 , 10.2096233367 , 3.91783
23.54 , 10.2096233367 , 3.92367
23.58 , 10.3182363510 , 3.92933
23.61 , 10.3182363510 , 3.93517
23.64 , 10.3182363510 , 3.94083
23.68 , 10.2096233367 , 3.94667
23.71 , 10.3182363510 , 3.95217
23.75 , 10.3182363510 , 3.95800
23.78 , 10.3182363510 , 3.96367
23.82 , 10.4268493652 , 3.96950
23.85 , 10.3182363510 , 3.97517
23.88 , 10.3182363510 , 3.98083
23.92 , 10.4268493652 , 3.98650
23.95 , 10.4268493652 , 3.99233
23.99 , 10.4268493652 , 3.99800
24.02 , 10.4268493652 , 4.00383
24.06 , 10.4268493652 , 4.00933
24.09 , 10.4268493652 , 4.01517
24.13 , 10.5354623794 , 4.02100
24.16 , 10.5354623794 , 4.02667
24.19 , 10.5354623794 , 4.03250
24.23 , 10.5354623794 , 4.03800
24.26 , 10.5354623794 , 4.04383
24.30 , 10.6440753936 , 4.04950
24.33 , 10.6440753936 , 4.05533
24.37 , 10.6440753936 , 4.06100
24.40 , 10.6440753936 , 4.06667
24.43 , 10.5354623794 , 4.07233
24.47 , 10.6440753936 , 4.07817
24.50 , 10.6440753936 , 4.08383
24.54 , 10.7526884078 , 4.08967
24.57 , 10.7526884078 , 4.09517
24.61 , 10.7526884078 , 4.10100
24.64 , 10.7526884078 , 4.10667
24.67 , 10.8613014221 , 4.11250
24.71 , 10.8613014221 , 4.11817
24.74 , 10.7526884078 , 4.12383
24.78 , 10.8613014221 , 4.12950
24.81 , 10.8613014221 , 4.13533
24.85 , 10.8613014221 , 4.14100
24.88 , 10.8613014221 , 4.14683
24.91 , 10.9699134826 , 4.15233
24.95 , 10.9699134826 , 4.15817
24.98 , 10.9699134826 , 4.16383
25.02 , 10.9699134826 , 4.16967
25.05 , 10.9699134826 , 4.17533
25.09 , 10.9699134826 , 4.18100
25.12 , 10.9699134826 , 4.18667
25.15 , 10.9699134826 , 4.19250
25.19 , 10.9699134826 , 4.19817
25.22 , 10.9699134826 , 4.20400
25.26 , 11.0785264968 , 4.20983
25.29 , 11.0785264968 , 4.21533
25.33 , 11.0785264968 , 4.22117
25.36 , 11.0785264968 , 4.22683
25.40 , 11.1871395111 , 4.23267
25.43 , 11.0785264968 , 4.23833
25.46 , 11.1871395111 , 4.24400
25.50 , 11.1871395111 , 4.24967
25.53 , 11.1871395111 , 4.25550
25.57 , 11.1871395111 , 4.26117
25.60 , 11.1871395111 , 4.26700
25.63 , 11.1871395111 , 4.27250
25.67 , 11.1871395111 , 4.27833
25.70 , 11.1871395111 , 4.28400
25.74 , 11.2957525253 , 4.28983
25.77 , 11.1871395111 , 4.29550
25.81 , 11.2957525253 , 4.30117
25.84 , 11.2957525253 , 4.30683
25.88 , 11.2957525253 , 4.31267
25.91 , 11.2957525253 , 4.31833
25.94 , 11.2957525253 , 4.32417
25.98 , 11.4043655395 , 4.32967
26.01 , 11.4043655395 , 4.33550
26.05 , 11.4043655395 , 4.34117
26.08 , 11.4043655395 , 4.34700
26.12 , 11.4043655395 , 4.35267
26.15 , 11.4043655395 , 4.35833
26.18 , 11.5129785537 , 4.36400
26.22 , 11.4043655395 , 4.36983
26.25 , 11.4043655395 , 4.37550
26.29 , 11.5129785537 , 4.38133
26.32 , 11.5129785537 , 4.38700
26.36 , 11.5129785537 , 4.39267
26.39 , 11.5129785537 , 4.39850
26.42 , 11.6215915679 , 4.40417
26.46 , 11.5129785537 , 4.41000
26.49 , 11.7302045822 , 4.41550
26.53 , 11.5129785537 , 4.42133
26.56 , 11.7302045822 , 4.42700
26.60 , 11.7302045822 , 4.43283
26.63 , 11.7302045822 , 4.43850
26.67 , 11.7302045822 , 4.44417
26.70 , 11.7302045822 , 4.44983
26.73 , 11.7302045822 , 4.45567
26.77 , 11.8388175964 , 4.46133
26.80 , 11.8388175964 , 4.46717
26.84 , 11.8388175964 , 4.47267
26.87 , 11.8388175964 , 4.47850
26.90 , 11.8388175964 , 4.48417
26.94 , 11.8388175964 , 4.49000
26.97 , 11.9474296569 , 4.49567
27.01 , 11.8388175964 , 4.50150
27.04 , 11.9474296569 , 4.50700
27.08 , 12.0560426712 , 4.51283
27.11 , 11.9474296569 , 4.51850
27.15 , 12.0560426712 , 4.52433
27.18 , 12.0560426712 , 4.53000
27.21 , 12.0560426712 , 4.53567
27.25 , 12.0560426712 , 4.54133
27.28 , 12.0560426712 , 4.54717
27.32 , 12.0560426712 , 4.55283
27.35 , 12.0560426712 , 4.55867
27.38 , 12.0560426712 , 4.56417
27.42 , 12.0560426712 , 4.57000
27.45 , 12.0560426712 , 4.57583
27.49 , 12.1646556854 , 4.58150
27.52 , 12.1646556854 , 4.58733
27.56 , 12.0560426712 , 4.59283
27.59 , 12.1646556854 , 4.59867
27.63 , 12.1646556854 , 4.60433
27.66 , 12.1646556854 , 4.61017
27.69 , 12.1646556854 , 4.61583
27.73 , 12.2732686996 , 4.62150
27.76 , 12.2732686996 , 4.62717
27.80 , 12.1646556854 , 4.63300
27.83 , 12.2732686996 , 4.63867
27.87 , 12.2732686996 , 4.64450
27.90 , 12.2732686996 , 4.65000
27.93 , 12.3818817138 , 4.65583
27.97 , 12.3818817138 , 4.66150
28.00 , 12.2732686996 , 4.66733
28.04 , 12.3818817138 , 4.67300
28.07 , 12.3818817138 , 4.67867
28.11 , 12.3818817138 , 4.68433
28.14 , 12.3818817138 , 4.69017
28.17 , 12.4904947280 , 4.69583
28.21 , 12.4904947280 , 4.70167
28.24 , 12.3818817138 , 4.70717
28.28 , 12.3818817138 , 4.71300
28.31 , 12.4904947280 , 4.71867
28.35 , 12.4904947280 , 4.72450
28.38 , 12.5991096496 , 4.73017
28.42 , 12.4904947280 , 4.73600
28.45 , 12.5991096496 , 4.74150
28.48 , 12.5991096496 , 4.74733
28.52 , 12.5991096496 , 4.75317
28.55 , 12.5991096496 , 4.75883
28.59 , 12.5991096496 , 4.76467
28.62 , 12.5991096496 , 4.77017
28.66 , 12.5991096496 , 4.77600
28.69 , 12.5991096496 , 4.78167
28.72 , 12.7077226638 , 4.78750
28.76 , 12.7077226638 , 4.79317
28.79 , 12.7077226638 , 4.79883
28.83 , 12.7077226638 , 4.80450
28.86 , 12.7077226638 , 4.81033
28.90 , 12.8163356781 , 4.81600
28.93 , 12.7077226638 , 4.82183
28.96 , 12.9249486923 , 4.82733
29.00 , 12.8163356781 , 4.83317
29.03 , 12.8163356781 , 4.83883
29.07 , 12.8163356781 , 4.84467
29.10 , 12.9249486923 , 4.85033
29.14 , 12.8163356781 , 4.85600
29.17 , 12.9249486923 , 4.86167
29.20 , 12.9249486923 , 4.86750
29.24 , 12.9249486923 , 4.87317
29.27 , 13.0335617065 , 4.87900
29.31 , 13.0335617065 , 4.88450
29.34 , 13.0335617065 , 4.89033
29.38 , 12.9249486923 , 4.89600
29.41 , 13.1421747207 , 4.90183
29.44 , 13.0335617065 , 4.90750
29.48 , 13.1421747207 , 4.91317
29.51 , 13.1421747207 , 4.91883
29.55 , 13.1421747207 , 4.92467
29.58 , 13.1421747207 , 4.93033
29.62 , 13.1421747207 , 4.93617
29.65 , 13.2507877349 , 4.94183
29.68 , 13.1421747207 , 4.94750
29.72 , 13.2507877349 , 4.95333
29.75 , 13.2507877349 , 4.95900
29.79 , 13.2507877349 , 4.96483
29.82 , 13.2507877349 , 4.97033
29.86 , 13.2507877349 , 4.97617
29.89 , 13.2507877349 , 4.98183
29.93 , 13.3594007492 , 4.98767
29.96 , 13.2507877349 , 4.99333
30.00 , 13.3594007492 , 4.99917
30.03 , 13.3594007492 , 5.00467
30.06 , 13.3594007492 , 5.01050
30.10 , 13.3594007492 , 5.01617
30.13 , 13.3594007492 , 5.02200
30.17 , 13.4680137634 , 5.02767
30.20 , 13.4680137634 , 5.03333
30.23 , 13.3594007492 , 5.03900
30.27 , 13.4680137634 , 5.04483
30.30 , 13.5766258239 , 5.05050
30.34 , 13.3594007492 , 5.05633
30.37 , 13.4680137634 , 5.06183
30.41 , 13.4680137634 , 5.06767
30.44 , 13.4680137634 , 5.07333
30.47 , 13.4680137634 , 5.07917
30.51 , 13.5766258239 , 5.08483
30.54 , 13.5766258239 , 5.09050
30.58 , 13.5766258239 , 5.09617
30.61 , 13.5766258239 , 5.10200
30.65 , 13.5766258239 , 5.10767
30.68 , 13.5766258239 , 5.11350
30.71 , 13.6852388381 , 5.11917
30.75 , 13.6852388381 , 5.12483
30.78 , 13.6852388381 , 5.13067
30.82 , 13.6852388381 , 5.13633
30.85 , 13.6852388381 , 5.14217
30.89 , 13.6852388381 , 5.14767
30.92 , 13.6852388381 , 5.15350
30.95 , 13.7938518524 , 5.15917
30.99 , 13.7938518524 , 5.16500
31.02 , 13.7938518524 , 5.17067
31.06 , 13.7938518524 , 5.17633
31.09 , 13.9024648666 , 5.18200
31.13 , 13.9024648666 , 5.18783
31.16 , 13.9024648666 , 5.19350
31.20 , 13.9024648666 , 5.19933
31.23 , 13.9024648666 , 5.20483
31.26 , 13.9024648666 , 5.21067
31.30 , 13.9024648666 , 5.21633
31.33 , 14.0110778808 , 5.22217
31.37 , 13.9024648666 , 5.22783
31.40 , 14.0110778808 , 5.23350
31.43 , 14.0110778808 , 5.23917
31.47 , 14.0110778808 , 5.24500
31.50 , 14.0110778808 , 5.25067
31.54 , 14.1196908950 , 5.25650
31.57 , 14.1196908950 , 5.26200
31.61 , 14.1196908950 , 5.26783
31.64 , 14.1196908950 , 5.27350
31.68 , 14.1196908950 , 5.27933
31.71 , 14.2283039093 , 5.28500
31.75 , 14.1196908950 , 5.29083
31.78 , 14.2283039093 , 5.29633
31.81 , 14.2283039093 , 5.30217
31.85 , 14.3369169235 , 5.30800
31.88 , 14.2283039093 , 5.31367
31.92 , 14.2283039093 , 5.31950
31.95 , 14.3369169235 , 5.32500
31.98 , 14.3369169235 , 5.33083
32.02 , 14.4455299377 , 5.33650
32.05 , 14.3369169235 , 5.34233
32.09 , 14.2283039093 , 5.34800
32.12 , 14.3369169235 , 5.35367
32.16 , 14.3369169235 , 5.35933
32.19 , 14.4455299377 , 5.36517
32.22 , 14.4455299377 , 5.37083
32.26 , 14.4455299377 , 5.37667
32.29 , 14.4455299377 , 5.38217
32.33 , 14.4455299377 , 5.38800
32.36 , 14.4455299377 , 5.39367
32.40 , 14.4455299377 , 5.39950
32.43 , 14.4455299377 , 5.40517
32.47 , 14.4455299377 , 5.41083
32.50 , 14.5541419982 , 5.41650
32.53 , 14.4455299377 , 5.42233
32.57 , 14.5541419982 , 5.42800
32.60 , 14.5541419982 , 5.43383
32.64 , 14.5541419982 , 5.43933
32.67 , 14.5541419982 , 5.44517
32.71 , 14.6627550125 , 5.45083
32.74 , 14.5541419982 , 5.45667
32.77 , 14.6627550125 , 5.46233
32.81 , 14.6627550125 , 5.46800
32.84 , 14.6627550125 , 5.47367
32.88 , 14.7713680267 , 5.47950
32.91 , 14.6627550125 , 5.48533
32.95 , 14.6627550125 , 5.49100
32.98 , 14.6627550125 , 5.49667
33.01 , 14.6627550125 , 5.50233
33.05 , 14.7713680267 , 5.50817
33.08 , 14.8799810409 , 5.51383
33.12 , 14.7713680267 , 5.51967
33.15 , 14.8799810409 , 5.52533
33.19 , 14.7713680267 , 5.53100
33.22 , 14.8799810409 , 5.53667
33.26 , 14.8799810409 , 5.54250
33.29 , 14.8799810409 , 5.54817
33.32 , 14.8799810409 , 5.55400
33.36 , 14.8799810409 , 5.55950
33.39 , 14.9885940551 , 5.56533
33.43 , 14.8799810409 , 5.57100
33.46 , 14.9885940551 , 5.57683
33.50 , 14.9885940551 , 5.58250
33.53 , 14.9885940551 , 5.58817
33.56 , 15.0972070693 , 5.59383
33.60 , 15.0972070693 , 5.59967
33.63 , 14.9885940551 , 5.60533
33.67 , 15.0972070693 , 5.61117
33.70 , 15.0972070693 , 5.61667
33.74 , 15.0972070693 , 5.62250
33.77 , 15.0972070693 , 5.62817
33.80 , 15.0972070693 , 5.63400
33.84 , 15.2058200836 , 5.63967
33.87 , 15.2058200836 , 5.64533
33.91 , 15.2058200836 , 5.65100
33.94 , 15.2058200836 , 5.65683
33.97 , 15.2058200836 , 5.66250
34.01 , 15.2058200836 , 5.66833
34.04 , 15.3144350051 , 5.67400
34.08 , 15.3144350051 , 5.67967
34.11 , 15.4230480194 , 5.68550
34.15 , 15.3144350051 , 5.69117
34.18 , 15.3144350051 , 5.69700
34.22 , 15.4230480194 , 5.70250
34.25 , 15.4230480194 , 5.70833
34.28 , 15.4230480194 , 5.71400
34.32 , 15.4230480194 , 5.71983
34.35 , 15.4230480194 , 5.72550
34.39 , 15.4230480194 , 5.73117
34.42 , 15.5316610336 , 5.73683
34.46 , 15.5316610336 , 5.74267
34.49 , 15.5316610336 , 5.74833
34.53 , 15.5316610336 , 5.75417
34.56 , 15.5316610336 , 5.75967
34.59 , 15.5316610336 , 5.76550
34.63 , 15.5316610336 , 5.77117
34.66 , 15.6402740478 , 5.77700
34.70 , 15.6402740478 , 5.78267
34.73 , 15.6402740478 , 5.78850
34.76 , 15.5316610336 , 5.79400
34.80 , 15.5316610336 , 5.79983
34.83 , 15.6402740478 , 5.80550
34.87 , 15.6402740478 , 5.81133
34.90 , 15.7488870620 , 5.81700
34.94 , 15.7488870620 , 5.82267
34.97 , 15.6402740478 , 5.82833
35.01 , 15.7488870620 , 5.83417
35.04 , 15.7488870620 , 5.83983
35.07 , 15.7488870620 , 5.84567
35.11 , 15.7488870620 , 5.85133
35.14 , 15.8575000762 , 5.85700
35.18 , 15.7488870620 , 5.86283
35.21 , 15.8575000762 , 5.86850
35.25 , 15.8575000762 , 5.87433
35.28 , 15.8575000762 , 5.87983
35.31 , 15.7488870620 , 5.88567
35.35 , 15.8575000762 , 5.89133
35.38 , 15.8575000762 , 5.89717
35.42 , 15.9661130905 , 5.90283
35.45 , 15.9661130905 , 5.90850
35.49 , 15.9661130905 , 5.91417
35.52 , 15.9661130905 , 5.92000
35.55 , 15.9661130905 , 5.92567
35.59 , 15.9661130905 , 5.93150
35.62 , 15.9661130905 , 5.93700
35.66 , 16.0747261047 , 5.94283
35.69 , 16.0747261047 , 5.94850
35.73 , 15.9661130905 , 5.95433
35.76 , 16.0747261047 , 5.96000
35.79 , 16.0747261047 , 5.96567
35.83 , 16.0747261047 , 5.97133
35.86 , 16.0747261047 , 5.97717
35.90 , 16.1833381652 , 5.98283
35.93 , 16.1833381652 , 5.98867
35.97 , 16.1833381652 , 5.99417
36.00 , 16.1833381652 , 6.00000
36.03 , 16.1833381652 , 6.00567
36.07 , 16.2919521331 , 6.01150
36.10 , 16.2919521331 , 6.01717
36.14 , 16.2919521331 , 6.02283
36.17 , 16.2919521331 , 6.02850
36.21 , 16.2919521331 , 6.03433
36.24 , 16.2919521331 , 6.04017
36.28 , 16.4005641937 , 6.04583
36.31 , 16.4005641937 , 6.05167
36.34 , 16.4005641937 , 6.05717
36.38 , 16.4005641937 , 6.06300
36.41 , 16.4005641937 , 6.06867
36.45 , 16.4005641937 , 6.07450
36.48 , 16.5091781616 , 6.08017
36.52 , 16.5091781616 , 6.08583
36.55 , 16.5091781616 , 6.09150
36.58 , 16.5091781616 , 6.09733
36.62 , 16.6177902221 , 6.10300
36.65 , 16.6177902221 , 6.10883
36.69 , 16.6177902221 , 6.11433
36.72 , 16.6177902221 , 6.12017
36.76 , 16.6177902221 , 6.12583
36.79 , 16.7264022827 , 6.13167
36.82 , 16.7264022827 , 6.13733
36.86 , 16.7264022827 , 6.14300
36.89 , 16.7264022827 , 6.14867
36.93 , 16.7264022827 , 6.15450
36.96 , 16.6177902221 , 6.16017
37.00 , 16.7264022827 , 6.16600
37.03 , 16.7264022827 , 6.17150
37.06 , 16.8350162506 , 6.17733
37.10 , 16.8350162506 , 6.18300
37.13 , 16.8350162506 , 6.18883
37.17 , 16.8350162506 , 6.19450
37.20 , 16.9436283111 , 6.20017
37.24 , 16.8350162506 , 6.20583
37.27 , 16.8350162506 , 6.21167
37.31 , 16.8350162506 , 6.21750
37.34 , 16.8350162506 , 6.22317
37.37 , 16.9436283111 , 6.22883
37.41 , 16.8350162506 , 6.23450
37.44 , 16.9436283111 , 6.24033
37.48 , 16.9436283111 , 6.24600
37.51 , 16.9436283111 , 6.25183
37.54 , 16.9436283111 , 6.25733
37.58 , 16.9436283111 , 6.26317
37.61 , 17.0522422790 , 6.26883
37.65 , 16.9436283111 , 6.27467
37.68 , 16.9436283111 , 6.28033
37.72 , 17.0522422790 , 6.28600
37.75 , 17.0522422790 , 6.29167
37.79 , 17.0522422790 , 6.29750
37.82 , 17.1608543395 , 6.30317
37.85 , 17.1608543395 , 6.30900
37.89 , 17.1608543395 , 6.31467
37.92 , 17.0522422790 , 6.32033
37.96 , 17.1608543395 , 6.32600
37.99 , 17.1608543395 , 6.33183
38.03 , 17.1608543395 , 6.33750
38.06 , 17.2694683074 , 6.34333
38.09 , 17.2694683074 , 6.34883
38.13 , 17.2694683074 , 6.35467
38.16 , 17.2694683074 , 6.36033
38.20 , 17.2694683074 , 6.36617
38.23 , 17.2694683074 , 6.37183
38.27 , 17.3780803680 , 6.37750
38.30 , 17.3780803680 , 6.38317
38.33 , 17.2694683074 , 6.38900
38.37 , 17.3780803680 , 6.39467
38.40 , 17.3780803680 , 6.40050
38.44 , 17.4866943359 , 6.40617
38.47 , 17.4866943359 , 6.41183
38.51 , 17.4866943359 , 6.41767
38.54 , 17.4866943359 , 6.42333
38.58 , 17.4866943359 , 6.42917
38.61 , 17.5953063964 , 6.43467
38.64 , 17.4866943359 , 6.44050
38.68 , 17.4866943359 , 6.44617
38.71 , 17.5953063964 , 6.45200
38.75 , 17.4866943359 , 6.45767
38.78 , 17.5953063964 , 6.46333
38.81 , 17.5953063964 , 6.46900
38.85 , 17.5953063964 , 6.47483
38.88 , 17.7039184570 , 6.48050
38.92 , 17.7039184570 , 6.48633
38.95 , 17.7039184570 , 6.49183
38.99 , 17.7039184570 , 6.49767
39.02 , 17.8125324249 , 6.50333
39.06 , 17.7039184570 , 6.50917
39.09 , 17.8125324249 , 6.51483
39.12 , 17.7039184570 , 6.52050
39.16 , 17.8125324249 , 6.52617
39.19 , 17.8125324249 , 6.53200
39.23 , 17.8125324249 , 6.53767
39.26 , 17.8125324249 , 6.54350
39.29 , 17.9211444854 , 6.54900
39.33 , 17.9211444854 , 6.55483
39.36 , 17.8125324249 , 6.56050
39.40 , 17.8125324249 , 6.56633
39.43 , 17.9211444854 , 6.57200
39.47 , 18.0297584533 , 6.57783
39.50 , 17.9211444854 , 6.58350
39.54 , 18.0297584533 , 6.58917
39.57 , 17.9211444854 , 6.59500
39.60 , 18.0297584533 , 6.60067
39.64 , 18.0297584533 , 6.60650
39.67 , 18.0297584533 , 6.61200
39.71 , 18.0297584533 , 6.61783
39.74 , 18.1383743286 , 6.62350
39.78 , 18.1383743286 , 6.62933
39.81 , 18.1383743286 , 6.63500
39.84 , 18.1383743286 , 6.64067
39.88 , 18.1383743286 , 6.64633
39.91 , 18.1383743286 , 6.65217
39.95 , 18.2469863891 , 6.65783
39.98 , 18.1383743286 , 6.66367
40.02 , 18.2469863891 , 6.66917
40.05 , 18.1383743286 , 6.67500
40.08 , 18.2469863891 , 6.68067
40.12 , 18.2469863891 , 6.68650
40.15 , 18.2469863891 , 6.69217
40.19 , 18.2469863891 , 6.69783
40.22 , 18.2469863891 , 6.70350
40.26 , 18.2469863891 , 6.70933
40.29 , 18.2469863891 , 6.71500
40.33 , 18.3555984497 , 6.72083
40.36 , 18.3555984497 , 6.72633
40.39 , 18.3555984497 , 6.73217
40.43 , 18.3555984497 , 6.73783
40.46 , 18.4642124176 , 6.74367
40.50 , 18.3555984497 , 6.74933
40.53 , 18.4642124176 , 6.75500
40.56 , 18.4642124176 , 6.76067
40.60 , 18.4642124176 , 6.76650
40.63 , 18.4642124176 , 6.77233
40.67 , 18.5728244781 , 6.77800
40.70 , 18.5728244781 , 6.78367
40.74 , 18.5728244781 , 6.78933
40.77 , 18.5728244781 , 6.79517
40.81 , 18.5728244781 , 6.80083
40.84 , 18.5728244781 , 6.80667
40.87 , 18.5728244781 , 6.81217
40.91 , 18.6814384460 , 6.81800
40.94 , 18.6814384460 , 6.82367
40.98 , 18.6814384460 , 6.82950
41.01 , 18.5728244781 , 6.83517
41.05 , 18.7900505065 , 6.84100
41.08 , 18.6814384460 , 6.84650
41.11 , 18.7900505065 , 6.85233
41.15 , 18.7900505065 , 6.85800
41.18 , 18.7900505065 , 6.86383
41.22 , 18.7900505065 , 6.86950
41.25 , 18.8986644744 , 6.87517
41.29 , 18.8986644744 , 6.88083
41.32 , 18.7900505065 , 6.88667
41.35 , 18.8986644744 , 6.89233
41.39 , 18.8986644744 , 6.89817
41.42 , 18.8986644744 , 6.90367
41.46 , 18.8986644744 , 6.90950
41.49 , 18.8986644744 , 6.91517
41.53 , 19.0072765350 , 6.92100
41.56 , 19.0072765350 , 6.92667
41.59 , 18.8986644744 , 6.93233
41.63 , 19.1158905029 , 6.93800
41.66 , 19.1158905029 , 6.94383
41.70 , 19.0072765350 , 6.94967
41.73 , 19.0072765350 , 6.95533
41.77 , 19.0072765350 , 6.96100
41.80 , 19.1158905029 , 6.96667
41.84 , 19.1158905029 , 6.97250
41.87 , 19.1158905029 , 6.97817
41.90 , 19.2245025634 , 6.98400
41.94 , 19.1158905029 , 6.98950
41.97 , 19.2245025634 , 6.99533
42.01 , 19.2245025634 , 7.00100
42.04 , 19.2245025634 , 7.00683
42.08 , 19.2245025634 , 7.01250
42.11 , 19.3331146240 , 7.01817
42.14 , 19.2245025634 , 7.02383
42.18 , 19.2245025634 , 7.02967
42.21 , 19.2245025634 , 7.03533
42.25 , 19.3331146240 , 7.04117
42.28 , 19.3331146240 , 7.04667
42.31 , 19.3331146240 , 7.05250
42.35 , 19.3331146240 , 7.05817
42.38 , 19.3331146240 , 7.06400
42.42 , 19.4417285919 , 7.06967
42.45 , 19.4417285919 , 7.07533
42.49 , 19.3331146240 , 7.08100
42.52 , 19.4417285919 , 7.08683
42.56 , 19.4417285919 , 7.09250
42.59 , 19.4417285919 , 7.09833
42.62 , 19.5503406524 , 7.10400
42.66 , 19.4417285919 , 7.10967
42.69 , 19.4417285919 , 7.11533
42.73 , 19.5503406524 , 7.12117
42.76 , 19.5503406524 , 7.12683
42.80 , 19.5503406524 , 7.13267
42.83 , 19.5503406524 , 7.13833
42.86 , 19.5503406524 , 7.14400
42.90 , 19.5503406524 , 7.14983
42.93 , 19.6589546203 , 7.15550
42.97 , 19.6589546203 , 7.16133
43.00 , 19.7675666809 , 7.16683
43.04 , 19.7675666809 , 7.17267
43.07 , 19.7675666809 , 7.17833
43.11 , 19.7675666809 , 7.18417
43.14 , 19.7675666809 , 7.18983
43.17 , 19.7675666809 , 7.19550
43.21 , 19.7675666809 , 7.20117
43.24 , 19.7675666809 , 7.20700
43.28 , 19.7675666809 , 7.21267
43.31 , 19.7675666809 , 7.21850
43.34 , 19.8761806488 , 7.22400
43.38 , 19.8761806488 , 7.22983
43.41 , 19.8761806488 , 7.23550
43.45 , 19.8761806488 , 7.24133
43.48 , 19.9847927093 , 7.24700
43.52 , 19.9847927093 , 7.25267
43.55 , 19.9847927093 , 7.25833
43.59 , 19.9847927093 , 7.26417
43.62 , 20.0934066772 , 7.26983
43.65 , 20.0934066772 , 7.27567
43.69 , 20.0934066772 , 7.28117
43.72 , 19.9847927093 , 7.28700
43.76 , 20.0934066772 , 7.29267
43.79 , 20.0934066772 , 7.29850
43.83 , 20.2020187377 , 7.30417
43.86 , 20.0934066772 , 7.30983
43.89 , 20.2020187377 , 7.31567
43.93 , 20.2020187377 , 7.32133
43.96 , 20.2020187377 , 7.32717
44.00 , 20.2020187377 , 7.33283
44.03 , 20.3106307983 , 7.33867
44.06 , 20.2020187377 , 7.34417
44.10 , 20.2020187377 , 7.35000
44.13 , 20.2020187377 , 7.35567
44.17 , 20.3106307983 , 7.36150
44.20 , 20.3106307983 , 7.36717
44.24 , 20.3106307983 , 7.37283
44.27 , 20.3106307983 , 7.37850
44.31 , 20.3106307983 , 7.38433
44.34 , 20.4192447662 , 7.39000
44.38 , 20.4192447662 , 7.39583
44.41 , 20.4192447662 , 7.40133
44.44 , 20.4192447662 , 7.40717
44.48 , 20.4192447662 , 7.41283
44.51 , 20.4192447662 , 7.41867
44.55 , 20.4192447662 , 7.42433
44.58 , 20.4192447662 , 7.43000
44.61 , 20.4192447662 , 7.43567
44.65 , 20.4192447662 , 7.44150
44.68 , 20.5278568267 , 7.44717
44.72 , 20.5278568267 , 7.45300
44.75 , 20.5278568267 , 7.45850
44.79 , 20.5278568267 , 7.46433
44.82 , 20.5278568267 , 7.47000
44.86 , 20.5278568267 , 7.47583
44.89 , 20.6364707946 , 7.48150
44.92 , 20.6364707946 , 7.48717
44.96 , 20.6364707946 , 7.49283
44.99 , 20.7450828552 , 7.49867
45.03 , 20.7450828552 , 7.50450
45.06 , 20.7450828552 , 7.51017
45.10 , 20.6364707946 , 7.51583
45.13 , 20.7450828552 , 7.52150
45.16 , 20.7450828552 , 7.52733
45.20 , 20.7450828552 , 7.53300
45.23 , 20.7450828552 , 7.53883
45.27 , 20.8536968231 , 7.54433
45.30 , 20.8536968231 , 7.55017
45.34 , 20.8536968231 , 7.55583
45.37 , 20.9623107910 , 7.56167
45.40 , 20.8536968231 , 7.56733
45.44 , 20.8536968231 , 7.57300
45.47 , 20.8536968231 , 7.57867
45.51 , 20.8536968231 , 7.58450
45.54 , 20.9623107910 , 7.59017
45.58 , 21.0709247589 , 7.59600
45.61 , 20.9623107910 , 7.60150
45.64 , 20.9623107910 , 7.60733
45.68 , 20.9623107910 , 7.61300
45.71 , 21.0709247589 , 7.61883
45.75 , 21.0709247589 , 7.62450
45.78 , 21.1795368194 , 7.63033
45.81 , 21.0709247589 , 7.63583
45.85 , 21.0709247589 , 7.64167
45.88 , 21.0709247589 , 7.64733
45.92 , 21.0709247589 , 7.65317
45.95 , 21.1795368194 , 7.65883
45.99 , 21.1795368194 , 7.66450
46.02 , 21.1795368194 , 7.67017
46.06 , 21.2881507873 , 7.67600
46.09 , 21.2881507873 , 7.68183
46.13 , 21.2881507873 , 7.68750
46.16 , 21.2881507873 , 7.69317
46.19 , 21.2881507873 , 7.69883
46.23 , 21.2881507873 , 7.70467
46.26 , 21.3967628479 , 7.71033
46.30 , 21.5053768157 , 7.71617
46.33 , 21.3967628479 , 7.72167
46.37 , 21.3967628479 , 7.72750
46.40 , 21.5053768157 , 7.73317
46.43 , 21.3967628479 , 7.73900
46.47 , 21.3967628479 , 7.74467
46.50 , 21.5053768157 , 7.75033
46.54 , 21.5053768157 , 7.75600
46.57 , 21.5053768157 , 7.76183
46.61 , 21.6139888763 , 7.76750
46.64 , 21.5053768157 , 7.77333
46.67 , 21.6139888763 , 7.77883
46.71 , 21.5053768157 , 7.78467
46.74 , 21.6139888763 , 7.79033
46.78 , 21.6139888763 , 7.79617
46.81 , 21.6139888763 , 7.80183
46.85 , 21.7226028442 , 7.80750
46.88 , 21.6139888763 , 7.81317
46.91 , 21.6139888763 , 7.81900
46.95 , 21.6139888763 , 7.82467
46.98 , 21.6139888763 , 7.83050
47.02 , 21.7226028442 , 7.83600
47.05 , 21.7226028442 , 7.84183
47.09 , 21.7226028442 , 7.84750
47.12 , 21.7226028442 , 7.85333
47.15 , 21.7226028442 , 7.85900
47.19 , 21.8312149047 , 7.86467
47.22 , 21.8312149047 , 7.87050
47.26 , 21.8312149047 , 7.87617
47.29 , 21.8312149047 , 7.88200
47.33 , 21.8312149047 , 7.88767
47.36 , 21.8312149047 , 7.89350
47.39 , 21.8312149047 , 7.89900
47.43 , 21.8312149047 , 7.90483
47.46 , 21.9398269653 , 7.91050
47.50 , 21.8312149047 , 7.91633
47.53 , 21.9398269653 , 7.92200
47.57 , 21.9398269653 , 7.92767
47.60 , 21.9398269653 , 7.93333
47.63 , 22.0484409332 , 7.93917
47.67 , 22.0484409332 , 7.94483
47.70 , 22.0484409332 , 7.95067
47.74 , 22.0484409332 , 7.95617
47.77 , 22.1570529937 , 7.96200
47.81 , 22.0484409332 , 7.96767
47.84 , 22.1570529937 , 7.97350
47.88 , 22.1570529937 , 7.97917
47.91 , 22.1570529937 , 7.98483
47.94 , 22.1570529937 , 7.99050
47.98 , 22.1570529937 , 7.99633
48.01 , 22.1570529937 , 8.00200
48.05 , 22.2656669616 , 8.00783
48.08 , 22.2656669616 , 8.01333
48.12 , 22.2656669616 , 8.01917
48.15 , 22.2656669616 , 8.02483
48.18 , 22.2656669616 , 8.03067
48.22 , 22.3742790222 , 8.03633
48.25 , 22.2656669616 , 8.04200
48.29 , 22.2656669616 , 8.04783
48.32 , 22.3742790222 , 8.05350
48.36 , 22.3742790222 , 8.05933
48.39 , 22.3742790222 , 8.06500
48.42 , 22.3742790222 , 8.07067
48.46 , 22.4828929901 , 8.07633
48.49 , 22.4828929901 , 8.08217
48.53 , 22.4828929901 , 8.08783
48.56 , 22.4828929901 , 8.09367
48.60 , 22.4828929901 , 8.09917
48.63 , 22.4828929901 , 8.10500
48.66 , 22.5915050506 , 8.11067
48.70 , 22.5915050506 , 8.11650
48.73 , 22.5915050506 , 8.12217
48.77 , 22.5915050506 , 8.12800
48.80 , 22.5915050506 , 8.13350
48.84 , 22.5915050506 , 8.13933
48.87 , 22.5915050506 , 8.14500
48.90 , 22.7001190185 , 8.15083
48.94 , 22.7001190185 , 8.15650
48.97 , 22.7001190185 , 8.16217
49.01 , 22.8087310791 , 8.16783
49.04 , 22.7001190185 , 8.17367
49.08 , 22.7001190185 , 8.17933
49.11 , 22.8087310791 , 8.18517
49.14 , 22.9173431396 , 8.19067
49.18 , 22.8087310791 , 8.19650
49.21 , 22.8087310791 , 8.20217
49.25 , 22.8087310791 , 8.20800
49.28 , 22.8087310791 , 8.21367
49.32 , 22.9173431396 , 8.21933
49.35 , 22.8087310791 , 8.22500
49.38 , 22.9173431396 , 8.23083
49.42 , 22.9173431396 , 8.23667
49.45 , 22.9173431396 , 8.24233
49.49 , 22.9173431396 , 8.24800
49.52 , 22.9173431396 , 8.25367
49.56 , 23.0259571075 , 8.25950
49.59 , 23.0259571075 , 8.26517
49.63 , 23.0259571075 , 8.27100
49.66 , 22.9173431396 , 8.27650
49.69 , 23.1345691680 , 8.28233
49.73 , 23.0259571075 , 8.28800
49.76 , 23.0259571075 , 8.29383
49.80 , 23.1345691680 , 8.29950
49.83 , 23.1345691680 , 8.30517
49.87 , 23.1345691680 , 8.31083
49.90 , 23.1345691680 , 8.31667
49.93 , 23.1345691680 , 8.32233
49.97 , 23.2431831359 , 8.32817
50.00 , 23.2431831359 , 8.33367
50.04 , 23.2431831359 , 8.33950
50.07 , 23.2431831359 , 8.34517
50.11 , 23.2431831359 , 8.35100
50.14 , 23.3517951965 , 8.35667
50.17 , 23.2431831359 , 8.36233
50.21 , 23.3517951965 , 8.36800
50.24 , 23.3517951965 , 8.37383
50.28 , 23.3517951965 , 8.37950
50.31 , 23.2431831359 , 8.38533
50.35 , 23.3517951965 , 8.39083
50.38 , 23.4604091644 , 8.39667
50.41 , 23.3517951965 , 8.40233
50.45 , 23.4604091644 , 8.40817
50.48 , 23.3517951965 , 8.41400
50.52 , 23.4604091644 , 8.41967
50.55 , 23.4604091644 , 8.42533
50.59 , 23.5690212249 , 8.43100
50.62 , 23.5690212249 , 8.43683
50.65 , 23.6776371002 , 8.44250
50.69 , 23.5690212249 , 8.44833
50.72 , 23.6776371002 , 8.45383
50.76 , 23.5690212249 , 8.45967
50.79 , 23.5690212249 , 8.46533
50.83 , 23.6776371002 , 8.47117
50.86 , 23.6776371002 , 8.47683
50.90 , 23.6776371002 , 8.48250
50.93 , 23.6776371002 , 8.48817
50.96 , 23.7862491607 , 8.49400
51.00 , 23.6776371002 , 8.49967
51.03 , 23.7862491607 , 8.50550
51.07 , 23.7862491607 , 8.51100
51.10 , 23.7862491607 , 8.51683
51.13 , 23.8948631286 , 8.52250
51.17 , 23.8948631286 , 8.52833
51.20 , 23.8948631286 , 8.53400
51.24 , 23.8948631286 , 8.53967
51.27 , 23.8948631286 , 8.54533
51.31 , 23.8948631286 , 8.55117
51.34 , 24.0034751892 , 8.55683
51.38 , 24.0034751892 , 8.56267
51.41 , 23.8948631286 , 8.56817
51.44 , 24.0034751892 , 8.57400
51.48 , 24.0034751892 , 8.57967
51.51 , 24.0034751892 , 8.58550
51.55 , 24.1120891571 , 8.59117
51.58 , 24.1120891571 , 8.59683
51.62 , 24.1120891571 , 8.60267
51.65 , 24.0034751892 , 8.60833
51.69 , 24.1120891571 , 8.61417
51.72 , 24.1120891571 , 8.61983
51.75 , 24.1120891571 , 8.62550
51.79 , 24.1120891571 , 8.63117
51.82 , 24.1120891571 , 8.63700
51.86 , 24.2207012176 , 8.64267
51.89 , 24.2207012176 , 8.64850
51.92 , 24.1120891571 , 8.65400
51.96 , 24.1120891571 , 8.65983
51.99 , 24.2207012176 , 8.66550
52.03 , 24.3293151855 , 8.67133
52.06 , 24.2207012176 , 8.67700
52.10 , 24.2207012176 , 8.68283
52.13 , 24.3293151855 , 8.68833
52.17 , 24.3293151855 , 8.69417
52.20 , 24.3293151855 , 8.69983
52.23 , 24.3293151855 , 8.70567
52.27 , 24.3293151855 , 8.71133
52.30 , 24.4379272460 , 8.71700
52.34 , 24.4379272460 , 8.72267
52.37 , 24.4379272460 , 8.72850
52.40 , 24.4379272460 , 8.73417
52.44 , 24.4379272460 , 8.74000
52.47 , 24.4379272460 , 8.74550
52.51 , 24.5465393066 , 8.75133
52.54 , 24.5465393066 , 8.75700
52.58 , 24.5465393066 , 8.76283
52.61 , 24.5465393066 , 8.76850
52.65 , 24.5465393066 , 8.77417
52.68 , 24.5465393066 , 8.78000
52.71 , 24.5465393066 , 8.78567
52.75 , 24.5465393066 , 8.79150
52.78 , 24.6551532745 , 8.79717
52.82 , 24.6551532745 , 8.80283
52.85 , 24.5465393066 , 8.80850
52.89 , 24.6551532745 , 8.81433
52.92 , 24.7637653350 , 8.82000
52.96 , 24.8723793029 , 8.82583
52.99 , 24.6551532745 , 8.83133
53.02 , 24.8723793029 , 8.83717
53.06 , 24.7637653350 , 8.84283
53.09 , 24.8723793029 , 8.84867
53.13 , 24.8723793029 , 8.85433
53.16 , 24.8723793029 , 8.86000
53.19 , 24.8723793029 , 8.86567
53.23 , 24.8723793029 , 8.87150
53.26 , 24.8723793029 , 8.87717
53.30 , 25.0896053314 , 8.88300
53.33 , 24.9809913635 , 8.88850
53.37 , 24.9809913635 , 8.89433
53.40 , 24.8723793029 , 8.90000
53.44 , 25.0896053314 , 8.90583
53.47 , 25.0896053314 , 8.91150
53.50 , 25.0896053314 , 8.91733
53.54 , 25.0896053314 , 8.92283
53.57 , 25.0896053314 , 8.92867
53.61 , 25.0896053314 , 8.93433
53.64 , 25.1982173919 , 8.94017
53.68 , 25.0896053314 , 8.94583
53.71 , 25.1982173919 , 8.95150
53.74 , 25.1982173919 , 8.95717
53.78 , 25.0896053314 , 8.96300
53.81 , 25.1982173919 , 8.96883
53.85 , 25.1982173919 , 8.97450
53.88 , 25.1982173919 , 8.98017
53.92 , 25.3068313598 , 8.98583
53.95 , 25.3068313598 , 8.99167
53.98 , 25.4154434204 , 8.99733
54.02 , 25.3068313598 , 9.00317
54.05 , 25.3068313598 , 9.00867
54.09 , 25.4154434204 , 9.01450
54.12 , 25.3068313598 , 9.02017
54.16 , 25.4154434204 , 9.02600
54.19 , 25.4154434204 , 9.03167
54.22 , 25.4154434204 , 9.03733
54.26 , 25.4154434204 , 9.04300
54.29 , 25.5240554809 , 9.04883
54.33 , 25.5240554809 , 9.05450
54.36 , 25.5240554809 , 9.06033
54.40 , 25.5240554809 , 9.06583
54.43 , 25.5240554809 , 9.07167
54.46 , 25.5240554809 , 9.07733
54.50 , 25.5240554809 , 9.08317
54.53 , 25.5240554809 , 9.08883
54.57 , 25.6326694488 , 9.09450
54.60 , 25.6326694488 , 9.10017
54.64 , 25.6326694488 , 9.10600
54.67 , 25.6326694488 , 9.11167
54.71 , 25.5240554809 , 9.11750
54.74 , 25.7412815093 , 9.12300
54.77 , 25.7412815093 , 9.12883
54.81 , 25.7412815093 , 9.13450
54.84 , 25.7412815093 , 9.14033
54.88 , 25.7412815093 , 9.14617
54.91 , 25.7412815093 , 9.15167
54.95 , 25.7412815093 , 9.15750
54.98 , 25.7412815093 , 9.16317
55.01 , 25.8498954772 , 9.16900
55.05 , 25.7412815093 , 9.17467
55.08 , 25.8498954772 , 9.18050
55.12 , 25.9585075378 , 9.18600
55.15 , 25.9585075378 , 9.19183
55.19 , 25.8498954772 , 9.19750
55.22 , 25.9585075378 , 9.20333
55.25 , 25.9585075378 , 9.20900
55.29 , 25.9585075378 , 9.21467
55.32 , 25.9585075378 , 9.22033
55.36 , 26.0671215057 , 9.22617
55.39 , 26.0671215057 , 9.23183
55.43 , 26.0671215057 , 9.23767
55.46 , 26.0671215057 , 9.24317
55.49 , 26.0671215057 , 9.24900
55.53 , 26.0671215057 , 9.25467
55.56 , 26.1757335662 , 9.26050
55.60 , 26.1757335662 , 9.26617
55.63 , 26.1757335662 , 9.27183
55.67 , 26.1757335662 , 9.27750
55.70 , 26.2843475341 , 9.28333
55.73 , 26.2843475341 , 9.28900
55.77 , 26.2843475341 , 9.29483
55.80 , 26.1757335662 , 9.30033
55.84 , 26.3929595947 , 9.30617
55.87 , 26.2843475341 , 9.31183
55.91 , 26.3929595947 , 9.31767
55.94 , 26.2843475341 , 9.32333
55.97 , 26.3929595947 , 9.32900
56.01 , 26.3929595947 , 9.33483
56.04 , 26.3929595947 , 9.34050
56.08 , 26.3929595947 , 9.34633
56.11 , 26.3929595947 , 9.35200
56.15 , 26.5015754699 , 9.35767
56.18 , 26.5015754699 , 9.36333
56.22 , 26.5015754699 , 9.36917
56.25 , 26.6101875305 , 9.37483
56.28 , 26.5015754699 , 9.38067
56.32 , 26.6101875305 , 9.38617
56.35 , 26.5015754699 , 9.39200
56.39 , 26.5015754699 , 9.39767
56.42 , 26.6101875305 , 9.40350
56.46 , 26.6101875305 , 9.40917
56.49 , 26.7188014984 , 9.41483
56.52 , 26.6101875305 , 9.42050
56.56 , 26.7188014984 , 9.42633
56.59 , 26.6101875305 , 9.43200
56.63 , 26.7188014984 , 9.43783
56.66 , 26.7188014984 , 9.44333
56.70 , 26.7188014984 , 9.44917
56.73 , 26.7188014984 , 9.45483
56.76 , 26.7188014984 , 9.46067
56.80 , 26.7188014984 , 9.46633
56.83 , 26.9360275268 , 9.47217
56.87 , 26.8274135589 , 9.47767
56.90 , 26.8274135589 , 9.48350
56.94 , 26.8274135589 , 9.48917
56.97 , 26.8274135589 , 9.49500
57.00 , 26.9360275268 , 9.50067
57.04 , 26.8274135589 , 9.50633
57.07 , 26.9360275268 , 9.51217
57.11 , 26.9360275268 , 9.51783
57.14 , 26.9360275268 , 9.52367
57.18 , 26.9360275268 , 9.52933
57.21 , 26.9360275268 , 9.53500
57.24 , 27.0446395874 , 9.54067
57.28 , 26.9360275268 , 9.54650
57.31 , 27.0446395874 , 9.55217
57.35 , 27.0446395874 , 9.55800
57.38 , 27.0446395874 , 9.56350
57.42 , 27.1532516479 , 9.56933
57.45 , 27.1532516479 , 9.57500
57.49 , 27.1532516479 , 9.58083
57.52 , 27.1532516479 , 9.58650
57.55 , 27.1532516479 , 9.59217
57.59 , 27.1532516479 , 9.59783
57.62 , 27.2618656158 , 9.60367
57.66 , 27.2618656158 , 9.60933
57.69 , 27.2618656158 , 9.61517
57.72 , 27.2618656158 , 9.62067
57.76 , 27.2618656158 , 9.62650
57.79 , 27.2618656158 , 9.63217
57.83 , 27.3704776763 , 9.63800
57.86 , 27.3704776763 , 9.64367
57.90 , 27.3704776763 , 9.64933
57.93 , 27.3704776763 , 9.65500
57.97 , 27.4790916442 , 9.66083
58.00 , 27.4790916442 , 9.66650
58.03 , 27.3704776763 , 9.67233
58.07 , 27.3704776763 , 9.67783
58.10 , 27.4790916442 , 9.68367
58.14 , 27.4790916442 , 9.68933
58.17 , 27.4790916442 , 9.69517
58.21 , 27.4790916442 , 9.70100
58.24 , 27.4790916442 , 9.70667
58.27 , 27.5877037048 , 9.71233
58.31 , 27.5877037048 , 9.71800
58.34 , 27.5877037048 , 9.72383
58.38 , 27.5877037048 , 9.72950
58.41 , 27.6963176727 , 9.73533
58.45 , 27.5877037048 , 9.74083
58.48 , 27.5877037048 , 9.74667
58.51 , 27.8049297332 , 9.75233
58.55 , 27.6963176727 , 9.75817
58.58 , 27.6963176727 , 9.76383
58.62 , 27.6963176727 , 9.76950
58.65 , 27.8049297332 , 9.77517
58.69 , 27.8049297332 , 9.78100
58.72 , 27.9135437011 , 9.78667
58.76 , 27.8049297332 , 9.79250
58.79 , 27.8049297332 , 9.79800
58.82 , 27.9135437011 , 9.80383
58.86 , 27.9135437011 , 9.80950
58.89 , 27.9135437011 , 9.81533
58.93 , 27.9135437011 , 9.82100
58.96 , 27.9135437011 , 9.82667
58.99 , 27.9135437011 , 9.83233
59.03 , 27.9135437011 , 9.83817
59.06 , 27.9135437011 , 9.84383
59.10 , 28.0221557617 , 9.84967
59.13 , 28.0221557617 , 9.85517
59.17 , 28.0221557617 , 9.86100
59.20 , 28.0221557617 , 9.86667
59.24 , 27.9135437011 , 9.87250
59.27 , 28.1307678222 , 9.87833
59.30 , 28.0221557617 , 9.88383
59.34 , 28.1307678222 , 9.88967
59.37 , 28.0221557617 , 9.89533
59.41 , 28.1307678222 , 9.90117
59.44 , 28.1307678222 , 9.90683
59.47 , 28.1307678222 , 9.91250
59.51 , 28.2393817901 , 9.91817
59.54 , 28.1307678222 , 9.92400
59.58 , 28.2393817901 , 9.92967
59.61 , 28.2393817901 , 9.93550
59.65 , 28.2393817901 , 9.94100
59.68 , 28.3479938507 , 9.94683
59.72 , 28.3479938507 , 9.95250
59.75 , 28.3479938507 , 9.95833
59.78 , 28.3479938507 , 9.96400
59.82 , 28.3479938507 , 9.96983
59.85 , 28.4566078186 , 9.97533
59.89 , 28.4566078186 , 9.98117
59.92 , 28.4566078186 , 9.98683
59.96 , 28.4566078186 , 9.99267
59.99 , 28.4566078186 , 9.99833
60.02 , 28.4566078186 , 10.00400
60.06 , 28.4566078186 , 10.00983
60.10 , 28.5652198791 , 10.01583
60.13 , 28.5652198791 , 10.02167
60.17 , 28.5652198791 , 10.02767
60.20 , 28.6738338470 , 10.03350
60.24 , 28.5652198791 , 10.03933
60.27 , 28.6738338470 , 10.04533
60.31 , 28.6738338470 , 10.05117
60.34 , 28.6738338470 , 10.05717
60.38 , 28.6738338470 , 10.06300
60.41 , 28.6738338470 , 10.06883
60.45 , 28.6738338470 , 10.07467
60.48 , 28.7824459075 , 10.08067
60.52 , 28.7824459075 , 10.08650
60.56 , 28.8910598754 , 10.09250
60.59 , 28.7824459075 , 10.09833
60.63 , 28.7824459075 , 10.10417
60.66 , 28.8910598754 , 10.11000
60.70 , 28.8910598754 , 10.11600
60.73 , 28.8910598754 , 10.12183
60.77 , 28.9996719360 , 10.12783
60.80 , 28.8910598754 , 10.13383
60.84 , 28.8910598754 , 10.13950
60.87 , 28.9996719360 , 10.14550
60.91 , 28.9996719360 , 10.15133
60.94 , 28.9996719360 , 10.15733
60.98 , 28.9996719360 , 10.16317
61.02 , 28.9996719360 , 10.16917
61.05 , 28.9996719360 , 10.17483
61.09 , 28.9996719360 , 10.18083
61.12 , 28.9996719360 , 10.18667
61.16 , 29.1082839965 , 10.19267
61.19 , 29.1082839965 , 10.19850
61.23 , 29.1082839965 , 10.20450
61.26 , 29.1082839965 , 10.21017
61.30 , 29.1082839965 , 10.21617
61.33 , 29.1082839965 , 10.22217
61.37 , 29.1082839965 , 10.22800
61.40 , 29.2168998718 , 10.23400
61.44 , 29.2168998718 , 10.23967
61.47 , 29.2168998718 , 10.24567
61.51 , 29.3255138397 , 10.25150
61.54 , 29.2168998718 , 10.25750
61.58 , 29.2168998718 , 10.26333
61.62 , 29.3255138397 , 10.26933
61.65 , 29.4341259002 , 10.27500
61.69 , 29.3255138397 , 10.28100
61.72 , 29.4341259002 , 10.28683
61.76 , 29.4341259002 , 10.29283
61.79 , 29.4341259002 , 10.29867
61.83 , 29.4341259002 , 10.30467
61.86 , 29.5427398681 , 10.31033
61.90 , 29.4341259002 , 10.31633
61.93 , 29.5427398681 , 10.32233
61.97 , 29.4341259002 , 10.32817
62.01 , 29.5427398681 , 10.33417
62.04 , 29.5427398681 , 10.34000
62.08 , 29.6513519287 , 10.34583
62.11 , 29.6513519287 , 10.35167
62.15 , 29.6513519287 , 10.35767
62.18 , 29.6513519287 , 10.36350
62.22 , 29.6513519287 , 10.36950
62.25 , 29.6513519287 , 10.37533
62.29 , 29.6513519287 , 10.38117
62.32 , 29.7599639892 , 10.38700
62.36 , 29.7599639892 , 10.39300
62.39 , 29.7599639892 , 10.39883
62.43 , 29.6513519287 , 10.40483
62.47 , 29.7599639892 , 10.41083
62.50 , 29.7599639892 , 10.41650
62.54 , 29.7599639892 , 10.42250
62.57 , 29.8685779571 , 10.42833
62.61 , 29.8685779571 , 10.43433
62.64 , 29.9771900177 , 10.44017
62.68 , 29.8685779571 , 10.44600
62.71 , 29.8685779571 , 10.45183
62.75 , 29.9771900177 , 10.45783
62.78 , 29.8685779571 , 10.46367
62.82 , 29.9771900177 , 10.46967
62.85 , 29.9771900177 , 10.47550
62.89 , 29.9771900177 , 10.48133
62.92 , 30.0858039855 , 10.48717
62.96 , 30.0858039855 , 10.49317
62.99 , 30.0858039855 , 10.49900
63.03 , 30.1944160461 , 10.50500
63.07 , 30.0858039855 , 10.51100
63.10 , 30.0858039855 , 10.51667
63.14 , 30.1944160461 , 10.52267
63.17 , 30.0858039855 , 10.52850
63.21 , 30.1944160461 , 10.53450
63.24 , 30.1944160461 , 10.54033
63.28 , 30.3030300140 , 10.54633
63.31 , 30.1944160461 , 10.55200
63.35 , 30.3030300140 , 10.55800
63.38 , 30.1944160461 , 10.56383
63.42 , 30.3030300140 , 10.56983
63.45 , 30.3030300140 , 10.57567
63.49 , 30.3030300140 , 10.58167
63.52 , 30.3030300140 , 10.58733
63.56 , 30.3030300140 , 10.59333
63.60 , 30.4116420745 , 10.59933
63.63 , 30.4116420745 , 10.60517
63.67 , 30.4116420745 , 10.61117
63.70 , 30.4116420745 , 10.61700
63.74 , 30.4116420745 , 10.62283
63.77 , 30.4116420745 , 10.62867
63.81 , 30.4116420745 , 10.63467
63.84 , 30.5202560424 , 10.64050
63.88 , 30.5202560424 , 10.64650
63.91 , 30.5202560424 , 10.65217
63.95 , 30.5202560424 , 10.65817
63.98 , 30.5202560424 , 10.66400
64.02 , 30.6288681030 , 10.67000
64.05 , 30.6288681030 , 10.67583
64.09 , 30.6288681030 , 10.68183
64.12 , 30.7374801635 , 10.68750
64.16 , 30.6288681030 , 10.69350
64.20 , 30.7374801635 , 10.69950
64.23 , 30.7374801635 , 10.70533
64.27 , 30.6288681030 , 10.71133
64.30 , 30.7374801635 , 10.71717
64.34 , 30.7374801635 , 10.72300
64.37 , 30.8460941314 , 10.72883
64.41 , 30.8460941314 , 10.73483
64.44 , 30.7374801635 , 10.74067
64.48 , 30.8460941314 , 10.74667
64.51 , 30.8460941314 , 10.75250
64.55 , 30.8460941314 , 10.75833
64.58 , 30.8460941314 , 10.76417
64.62 , 30.8460941314 , 10.77017
64.66 , 30.9547061920 , 10.77600
64.69 , 30.9547061920 , 10.78200
64.73 , 30.9547061920 , 10.78800
64.76 , 30.9547061920 , 10.79367
64.80 , 31.0633201599 , 10.79967
64.83 , 31.0633201599 , 10.80550
64.87 , 31.0633201599 , 10.81150
64.90 , 31.0633201599 , 10.81733
64.94 , 31.0633201599 , 10.82333
64.97 , 31.1719322204 , 10.82900
65.01 , 31.1719322204 , 10.83500
65.04 , 31.1719322204 , 10.84083
65.08 , 31.1719322204 , 10.84683
65.12 , 31.1719322204 , 10.85267
65.15 , 31.1719322204 , 10.85867
65.19 , 31.2805461883 , 10.86433
65.22 , 31.2805461883 , 10.87033
65.26 , 31.2805461883 , 10.87617
65.29 , 31.3891582489 , 10.88217
65.33 , 31.2805461883 , 10.88817
65.36 , 31.2805461883 , 10.89383
65.40 , 31.3891582489 , 10.89983
65.43 , 31.3891582489 , 10.90567
65.47 , 31.4977722167 , 10.91167
65.50 , 31.3891582489 , 10.91750
65.54 , 31.3891582489 , 10.92350
65.57 , 31.3891582489 , 10.92917
65.61 , 31.4977722167 , 10.93517
65.65 , 31.3891582489 , 10.94100
65.68 , 31.4977722167 , 10.94700
65.72 , 31.4977722167 , 10.95283
65.75 , 31.4977722167 , 10.95883
65.79 , 31.4977722167 , 10.96450
65.82 , 31.4977722167 , 10.97050
65.86 , 31.6063842773 , 10.97650
65.89 , 31.6063842773 , 10.98233
65.93 , 31.6063842773 , 10.98833
65.96 , 31.6063842773 , 10.99417
66.00 , 31.6063842773 , 11.00000
66.04 , 31.6063842773 , 11.00583
66.07 , 31.7149963378 , 11.01183
66.11 , 31.7149963378 , 11.01767
66.14 , 31.7149963378 , 11.02367
66.18 , 31.7149963378 , 11.02950
66.21 , 31.8236103057 , 11.03533
66.25 , 31.8236103057 , 11.04117
66.28 , 31.7149963378 , 11.04717
66.32 , 31.8236103057 , 11.05300
66.35 , 31.8236103057 , 11.05900
66.39 , 31.8236103057 , 11.06467
66.42 , 31.8236103057 , 11.07067
66.46 , 31.9322223663 , 11.07667
66.50 , 31.8236103057 , 11.08250
66.53 , 31.9322223663 , 11.08850
66.57 , 31.9322223663 , 11.09433
66.60 , 31.9322223663 , 11.10017
66.64 , 32.0408363342 , 11.10600
66.67 , 32.0408363342 , 11.11200
66.71 , 31.9322223663 , 11.11783
66.74 , 32.0408363342 , 11.12383
66.78 , 32.0408363342 , 11.12967
66.81 , 32.1494483947 , 11.13550
66.85 , 32.0408363342 , 11.14133
66.88 , 32.0408363342 , 11.14733
66.92 , 32.1494483947 , 11.15317
66.95 , 32.1494483947 , 11.15917
66.99 , 32.2580604553 , 11.16517
67.02 , 32.1494483947 , 11.17083
67.06 , 32.1494483947 , 11.17683
67.10 , 32.2580604553 , 11.18267
67.13 , 32.1494483947 , 11.18867
67.17 , 32.2580604553 , 11.19450
67.20 , 32.2580604553 , 11.20050
67.24 , 32.2580604553 , 11.20617
67.27 , 32.2580604553 , 11.21217
67.31 , 32.3666763305 , 11.21800
67.34 , 32.3666763305 , 11.22400
67.38 , 32.3666763305 , 11.22983
67.41 , 32.4752883911 , 11.23583
67.45 , 32.4752883911 , 11.24150
67.48 , 32.4752883911 , 11.24750
67.52 , 32.4752883911 , 11.25333
67.56 , 32.4752883911 , 11.25933
67.59 , 32.4752883911 , 11.26533
67.63 , 32.4752883911 , 11.27117
67.66 , 32.5839004516 , 11.27700
67.70 , 32.5839004516 , 11.28283
67.73 , 32.5839004516 , 11.28883
67.77 , 32.5839004516 , 11.29467
67.80 , 32.6925125122 , 11.30067
67.84 , 32.6925125122 , 11.30633
67.87 , 32.6925125122 , 11.31233
67.91 , 32.6925125122 , 11.31817
67.94 , 32.6925125122 , 11.32417
67.98 , 32.8011245727 , 11.33000
68.02 , 32.6925125122 , 11.33600
68.05 , 32.6925125122 , 11.34167
68.09 , 32.8011245727 , 11.34767
68.12 , 32.6925125122 , 11.35367
68.16 , 32.8011245727 , 11.35950
68.19 , 32.8011245727 , 11.36550
68.23 , 32.8011245727 , 11.37133
68.26 , 32.9097404479 , 11.37717
68.30 , 32.9097404479 , 11.38300
68.33 , 32.9097404479 , 11.38900
68.37 , 32.9097404479 , 11.39483
68.40 , 32.9097404479 , 11.40083
68.44 , 32.9097404479 , 11.40667
68.47 , 32.9097404479 , 11.41250
68.51 , 33.0183525085 , 11.41833
68.55 , 33.0183525085 , 11.42433
68.58 , 33.0183525085 , 11.43017
68.62 , 33.0183525085 , 11.43617
68.65 , 33.0183525085 , 11.44200
68.69 , 33.1269645690 , 11.44783
68.72 , 33.0183525085 , 11.45383
68.76 , 33.1269645690 , 11.45967
68.79 , 33.1269645690 , 11.46567
68.83 , 33.1269645690 , 11.47150
68.86 , 33.1269645690 , 11.47750
68.90 , 33.2355766296 , 11.48317
68.93 , 33.1269645690 , 11.48917
68.97 , 33.2355766296 , 11.49500
69.01 , 33.2355766296 , 11.50100
69.04 , 33.2355766296 , 11.50683
69.08 , 33.2355766296 , 11.51267
69.11 , 33.3441925048 , 11.51850
69.15 , 33.3441925048 , 11.52450
69.18 , 33.2355766296 , 11.53033
69.22 , 33.3441925048 , 11.53633
69.25 , 33.3441925048 , 11.54233
69.29 , 33.3441925048 , 11.54800
69.32 , 33.3441925048 , 11.55400
69.36 , 33.4528083801 , 11.55983
69.39 , 33.4528083801 , 11.56583
69.43 , 33.4528083801 , 11.57167
69.47 , 33.4528083801 , 11.57767
69.50 , 33.5614204406 , 11.58333
69.54 , 33.5614204406 , 11.58933
69.57 , 33.4528083801 , 11.59517
69.61 , 33.5614204406 , 11.60117
69.64 , 33.5614204406 , 11.60700
69.68 , 33.5614204406 , 11.61300
69.71 , 33.5614204406 , 11.61867
69.75 , 33.6700363159 , 11.62467
69.78 , 33.6700363159 , 11.63050
69.82 , 33.7786483764 , 11.63650
69.86 , 33.7786483764 , 11.64250
69.89 , 33.7786483764 , 11.64833
69.93 , 33.7786483764 , 11.65417
69.96 , 33.6700363159 , 11.66000
70.00 , 33.7786483764 , 11.66600
70.03 , 33.7786483764 , 11.67183
70.07 , 33.8872604370 , 11.67783
70.10 , 33.8872604370 , 11.68367
70.14 , 33.8872604370 , 11.68950
70.17 , 33.8872604370 , 11.69533
70.21 , 33.8872604370 , 11.70133
70.24 , 33.9958724975 , 11.70717
70.28 , 33.9958724975 , 11.71317
70.31 , 33.9958724975 , 11.71883
70.35 , 33.9958724975 , 11.72483
70.38 , 34.1044845581 , 11.73083
70.42 , 33.9958724975 , 11.73667
70.46 , 34.1044845581 , 11.74267
70.49 , 34.1044845581 , 11.74850
70.53 , 34.1044845581 , 11.75433
70.56 , 34.1044845581 , 11.76017
70.60 , 34.1044845581 , 11.76617
70.63 , 34.2131004333 , 11.77200
70.67 , 34.2131004333 , 11.77800
70.70 , 34.2131004333 , 11.78383
70.74 , 34.2131004333 , 11.78967
70.77 , 34.3217124938 , 11.79550
70.81 , 34.2131004333 , 11.80150
70.84 , 34.2131004333 , 11.80733
70.88 , 34.3217124938 , 11.81333
70.91 , 34.3217124938 , 11.81917
70.95 , 34.3217124938 , 11.82500
70.99 , 34.3217124938 , 11.83100
71.02 , 34.3217124938 , 11.83683
71.06 , 34.3217124938 , 11.84283
71.09 , 34.3217124938 , 11.84867
71.13 , 34.3217124938 , 11.85467
71.16 , 34.4303245544 , 11.86033
71.20 , 34.4303245544 , 11.86633
71.23 , 34.4303245544 , 11.87217
71.27 , 34.4303245544 , 11.87817
71.30 , 34.5389366149 , 11.88400
71.34 , 34.5389366149 , 11.89000
71.37 , 34.5389366149 , 11.89567
71.41 , 34.5389366149 , 11.90167
71.44 , 34.5389366149 , 11.90750
71.48 , 34.5389366149 , 11.91350
71.52 , 34.6475524902 , 11.91950
71.55 , 34.7561645507 , 11.92533
71.59 , 34.6475524902 , 11.93117
71.62 , 34.6475524902 , 11.93700
71.66 , 34.6475524902 , 11.94300
71.69 , 34.6475524902 , 11.94883
71.73 , 34.7561645507 , 11.95483
71.76 , 34.7561645507 , 11.96050
71.80 , 34.7561645507 , 11.96650
71.83 , 34.8647766113 , 11.97233
71.87 , 34.7561645507 , 11.97833
71.90 , 34.7561645507 , 11.98417
71.94 , 34.8647766113 , 11.99017
71.97 , 34.8647766113 , 11.99583
72.01 , 34.7561645507 , 12.00183
72.05 , 34.8647766113 , 12.00767
72.08 , 34.9733886718 , 12.01367
72.12 , 34.9733886718 , 12.01967
72.15 , 34.9733886718 , 12.02550
72.19 , 34.9733886718 , 12.03133
72.22 , 34.9733886718 , 12.03717
72.26 , 35.0820007324 , 12.04317
72.29 , 35.0820007324 , 12.04900
72.33 , 35.0820007324 , 12.05500
72.36 , 35.0820007324 , 12.06083
72.40 , 35.0820007324 , 12.06667
72.43 , 35.1906166076 , 12.07250
72.47 , 35.1906166076 , 12.07850
72.51 , 35.0820007324 , 12.08433
72.54 , 35.2992286682 , 12.09033
72.58 , 35.1906166076 , 12.09617
72.61 , 35.2992286682 , 12.10200
72.65 , 35.1906166076 , 12.10800
72.68 , 35.1906166076 , 12.11383
72.72 , 35.2992286682 , 12.11983
72.75 , 35.2992286682 , 12.12567
72.79 , 35.2992286682 , 12.13167
72.82 , 35.4078407287 , 12.13733
72.86 , 35.4078407287 , 12.14333
72.89 , 35.4078407287 , 12.14917
72.93 , 35.4078407287 , 12.15517
72.97 , 35.4078407287 , 12.16100
73.00 , 35.5164527893 , 12.16683
73.04 , 35.5164527893 , 12.17267
73.07 , 35.5164527893 , 12.17867
73.11 , 35.5164527893 , 12.18450
73.14 , 35.5164527893 , 12.19050
73.18 , 35.5164527893 , 12.19633
73.21 , 35.5164527893 , 12.20217
73.25 , 35.5164527893 , 12.20817
73.28 , 35.6250686645 , 12.21400
73.32 , 35.6250686645 , 12.22000
73.36 , 35.5164527893 , 12.22583
73.39 , 35.6250686645 , 12.23183
73.43 , 35.6250686645 , 12.23750
73.46 , 35.6250686645 , 12.24350
73.50 , 35.6250686645 , 12.24933
73.53 , 35.7336807250 , 12.25533
73.57 , 35.7336807250 , 12.26117
73.60 , 35.7336807250 , 12.26717
73.64 , 35.8422927856 , 12.27283
73.67 , 35.7336807250 , 12.27883
73.71 , 35.8422927856 , 12.28467
73.74 , 35.8422927856 , 12.29067
73.78 , 35.8422927856 , 12.29667
73.81 , 35.9509048461 , 12.30250
73.85 , 35.8422927856 , 12.30833
73.88 , 35.8422927856 , 12.31417
73.92 , 35.8422927856 , 12.32017
73.96 , 35.9509048461 , 12.32600
73.99 , 35.9509048461 , 12.33200
74.03 , 35.9509048461 , 12.33783
74.06 , 36.0595169067 , 12.34367
74.10 , 35.9509048461 , 12.34950
74.13 , 36.0595169067 , 12.35550
74.17 , 36.0595169067 , 12.36133
74.20 , 36.0595169067 , 12.36733
74.24 , 36.1681327819 , 12.37300
74.27 , 36.0595169067 , 12.37900
74.31 , 36.1681327819 , 12.38483
74.34 , 36.1681327819 , 12.39083
74.38 , 36.0595169067 , 12.39683
74.42 , 36.1681327819 , 12.40267
74.45 , 36.1681327819 , 12.40850
74.49 , 36.1681327819 , 12.41433
74.52 , 36.2767448425 , 12.42033
74.56 , 36.3853569030 , 12.42617
74.59 , 36.2767448425 , 12.43217
74.63 , 36.2767448425 , 12.43800
74.66 , 36.3853569030 , 12.44383
74.70 , 36.3853569030 , 12.44967
74.73 , 36.3853569030 , 12.45567
74.77 , 36.4939689636 , 12.46150
74.80 , 36.4939689636 , 12.46750
74.84 , 36.4939689636 , 12.47333
74.87 , 36.4939689636 , 12.47917
74.91 , 36.4939689636 , 12.48517
74.95 , 36.4939689636 , 12.49100
74.98 , 36.6025848388 , 12.49700
75.02 , 36.6025848388 , 12.50283
75.05 , 36.6025848388 , 12.50883
75.09 , 36.6025848388 , 12.51450
75.12 , 36.6025848388 , 12.52050
75.16 , 36.6025848388 , 12.52633
75.19 , 36.6025848388 , 12.53233
75.23 , 36.6025848388 , 12.53817
75.26 , 36.7111968994 , 12.54417
75.30 , 36.7111968994 , 12.54983
75.33 , 36.7111968994 , 12.55583
75.37 , 36.7111968994 , 12.56167
75.41 , 36.8198089599 , 12.56767
75.44 , 36.8198089599 , 12.57350
75.48 , 36.8198089599 , 12.57933
75.51 , 36.8198089599 , 12.58533
75.55 , 36.9284210205 , 12.59117
75.58 , 36.8198089599 , 12.59717
75.62 , 36.8198089599 , 12.60300
75.65 , 36.8198089599 , 12.60900
75.69 , 36.9284210205 , 12.61467
75.72 , 36.9284210205 , 12.62067
75.76 , 36.9284210205 , 12.62650
75.79 , 36.9284210205 , 12.63250
75.83 , 37.0370330810 , 12.63833
75.87 , 37.0370330810 , 12.64433
75.90 , 36.9284210205 , 12.65000
75.94 , 37.0370330810 , 12.65600
75.97 , 37.0370330810 , 12.66183
76.01 , 37.1456489562 , 12.66783
76.04 , 37.1456489562 , 12.67383
76.08 , 37.1456489562 , 12.67967
76.11 , 37.1456489562 , 12.68550
76.15 , 37.1456489562 , 12.69133
76.18 , 37.1456489562 , 12.69733
76.22 , 37.2542610168 , 12.70317
76.25 , 37.2542610168 , 12.70917
76.29 , 37.1456489562 , 12.71500
76.32 , 37.2542610168 , 12.72083
76.36 , 37.2542610168 , 12.72667
76.40 , 37.2542610168 , 12.73267
76.43 , 37.3628730773 , 12.73850
76.47 , 37.2542610168 , 12.74450
76.50 , 37.3628730773 , 12.75033
76.54 , 37.3628730773 , 12.75617
76.57 , 37.4714851379 , 12.76200
76.61 , 37.3628730773 , 12.76800
76.64 , 37.3628730773 , 12.77400
76.68 , 37.4714851379 , 12.77983
76.71 , 37.4714851379 , 12.78583
76.75 , 37.5801010131 , 12.79150
76.79 , 37.4714851379 , 12.79750
76.82 , 37.4714851379 , 12.80333
76.86 , 37.5801010131 , 12.80933
76.89 , 37.5801010131 , 12.81517
76.93 , 37.5801010131 , 12.82100
76.96 , 37.6887130737 , 12.82683
77.00 , 37.5801010131 , 12.83283
77.03 , 37.6887130737 , 12.83867
77.07 , 37.6887130737 , 12.84467
77.10 , 37.6887130737 , 12.85050
77.14 , 37.6887130737 , 12.85633
77.17 , 37.7973251342 , 12.86233
77.21 , 37.7973251342 , 12.86817
77.25 , 37.7973251342 , 12.87417
77.28 , 37.7973251342 , 12.88000
77.32 , 37.7973251342 , 12.88600
77.35 , 37.9059371948 , 12.89167
77.39 , 37.9059371948 , 12.89767
77.42 , 37.9059371948 , 12.90350
77.46 , 37.9059371948 , 12.90950
77.49 , 38.0145492553 , 12.91533
77.53 , 37.9059371948 , 12.92133
77.56 , 38.0145492553 , 12.92700
77.60 , 38.0145492553 , 12.93300
77.63 , 38.0145492553 , 12.93883
77.67 , 38.0145492553 , 12.94483
77.70 , 38.0145492553 , 12.95067
77.74 , 38.0145492553 , 12.95667
77.77 , 38.0145492553 , 12.96250
77.81 , 38.1231651306 , 12.96833
77.85 , 38.1231651306 , 12.97433
77.88 , 38.1231651306 , 12.98017
77.92 , 38.1231651306 , 12.98617
77.95 , 38.1231651306 , 12.99200
77.99 , 38.2317771911 , 12.99783
78.02 , 38.2317771911 , 13.00367
78.06 , 38.2317771911 , 13.00967
78.09 , 38.2317771911 , 13.01550
78.13 , 38.2317771911 , 13.02150
78.16 , 38.3403892517 , 13.02717
78.20 , 38.3403892517 , 13.03317
78.23 , 38.3403892517 , 13.03900
78.27 , 38.3403892517 , 13.04500
78.31 , 38.3403892517 , 13.05100
78.34 , 38.4490013122 , 13.05683
78.38 , 38.3403892517 , 13.06267
78.41 , 38.4490013122 , 13.06850
78.45 , 38.3403892517 , 13.07450
78.48 , 38.4490013122 , 13.08033
78.52 , 38.4490013122 , 13.08633
78.55 , 38.5576171875 , 13.09217
78.59 , 38.4490013122 , 13.09800
78.62 , 38.4490013122 , 13.10383
78.66 , 38.5576171875 , 13.10983
78.69 , 38.5576171875 , 13.11567
78.73 , 38.5576171875 , 13.12167
78.76 , 38.5576171875 , 13.12750
78.80 , 38.6662292480 , 13.13333
78.83 , 38.6662292480 , 13.13917
78.87 , 38.5576171875 , 13.14517
78.91 , 38.5576171875 , 13.15117
78.94 , 38.6662292480 , 13.15700
78.98 , 38.6662292480 , 13.16300
79.01 , 38.6662292480 , 13.16867
79.05 , 38.7748413085 , 13.17467
79.08 , 38.7748413085 , 13.18050
79.12 , 38.7748413085 , 13.18650
79.15 , 38.7748413085 , 13.19233
79.19 , 38.7748413085 , 13.19833
79.22 , 38.8834533691 , 13.20400
79.26 , 38.8834533691 , 13.21000
79.29 , 38.8834533691 , 13.21583
79.33 , 38.8834533691 , 13.22183
79.37 , 38.8834533691 , 13.22767
79.40 , 38.9920730590 , 13.23350
79.44 , 38.9920730590 , 13.23950
79.47 , 39.1006851196 , 13.24533
79.51 , 38.9920730590 , 13.25133
79.54 , 39.1006851196 , 13.25717
79.58 , 39.1006851196 , 13.26317
79.61 , 39.1006851196 , 13.26883
79.65 , 39.1006851196 , 13.27483
79.68 , 39.1006851196 , 13.28067
79.72 , 39.1006851196 , 13.28667
79.75 , 39.1006851196 , 13.29250
79.79 , 39.3179092407 , 13.29850
79.82 , 39.2092971801 , 13.30417
79.86 , 39.2092971801 , 13.31017
79.90 , 39.2092971801 , 13.31600
79.93 , 39.3179092407 , 13.32200
79.97 , 39.2092971801 , 13.32783
80.00 , 39.3179092407 , 13.33383
80.04 , 39.4265251159 , 13.33967
80.07 , 39.3179092407 , 13.34550
80.11 , 39.3179092407 , 13.35150
80.14 , 39.3179092407 , 13.35733
80.18 , 39.3179092407 , 13.36333
80.21 , 39.4265251159 , 13.36917
80.25 , 39.4265251159 , 13.37500
80.29 , 39.4265251159 , 13.38083
80.32 , 39.4265251159 , 13.38683
80.36 , 39.5351371765 , 13.39267
80.39 , 39.5351371765 , 13.39867
80.43 , 39.5351371765 , 13.40450
80.46 , 39.6437492370 , 13.41033
80.50 , 39.5351371765 , 13.41617
80.53 , 39.5351371765 , 13.42217
80.57 , 39.5351371765 , 13.42817
80.60 , 39.6437492370 , 13.43400
80.64 , 39.6437492370 , 13.44000
80.67 , 39.6437492370 , 13.44567
80.71 , 39.7523612976 , 13.45167
80.75 , 39.7523612976 , 13.45750
80.78 , 39.6437492370 , 13.46350
80.82 , 39.7523612976 , 13.46933
80.85 , 39.7523612976 , 13.47517
80.89 , 39.7523612976 , 13.48100
80.92 , 39.7523612976 , 13.48700
80.96 , 39.7523612976 , 13.49283
80.99 , 39.7523612976 , 13.49883
81.03 , 39.7523612976 , 13.50467
81.06 , 39.8609771728 , 13.51050
81.10 , 39.8609771728 , 13.51633
81.13 , 39.8609771728 , 13.52233
81.17 , 39.8609771728 , 13.52833
81.20 , 39.9695892333 , 13.53417
81.24 , 39.8609771728 , 13.54017
81.27 , 39.9695892333 , 13.54583
81.31 , 39.9695892333 , 13.55183
81.35 , 39.9695892333 , 13.55767
81.38 , 40.0782012939 , 13.56367
81.42 , 40.0782012939 , 13.56950
81.45 , 40.0782012939 , 13.57550
81.49 , 40.0782012939 , 13.58117
81.52 , 40.0782012939 , 13.58717
81.56 , 40.0782012939 , 13.59300
81.59 , 40.1868133544 , 13.59900
81.63 , 40.1868133544 , 13.60483
81.66 , 40.1868133544 , 13.61083
81.70 , 40.1868133544 , 13.61667
81.73 , 40.2954254150 , 13.62250
81.77 , 40.2954254150 , 13.62850
81.81 , 40.2954254150 , 13.63433
81.84 , 40.2954254150 , 13.64033
81.88 , 40.2954254150 , 13.64600
81.91 , 40.4040412902 , 13.65200
81.95 , 40.4040412902 , 13.65783
81.98 , 40.4040412902 , 13.66383
82.02 , 40.4040412902 , 13.66967
82.05 , 40.4040412902 , 13.67567
82.09 , 40.5126533508 , 13.68133
82.12 , 40.5126533508 , 13.68733
82.16 , 40.4040412902 , 13.69317
82.19 , 40.5126533508 , 13.69917
82.23 , 40.5126533508 , 13.70500
82.27 , 40.5126533508 , 13.71100
82.30 , 40.5126533508 , 13.71683
82.34 , 40.5126533508 , 13.72267
82.37 , 40.5126533508 , 13.72867
82.41 , 40.6212654113 , 13.73450
82.44 , 40.6212654113 , 13.74050
82.48 , 40.6212654113 , 13.74633
82.51 , 40.7298774719 , 13.75217
82.55 , 40.6212654113 , 13.75800
82.58 , 40.7298774719 , 13.76400
82.62 , 40.7298774719 , 13.76983
82.65 , 40.7298774719 , 13.77583
82.69 , 40.7298774719 , 13.78167
82.72 , 40.8384933471 , 13.78750
82.76 , 40.7298774719 , 13.79333
82.80 , 40.8384933471 , 13.79933
82.83 , 40.7298774719 , 13.80533
82.87 , 40.8384933471 , 13.81117
82.90 , 40.8384933471 , 13.81717
82.94 , 40.9471054077 , 13.82283
82.97 , 40.9471054077 , 13.82883
83.01 , 40.9471054077 , 13.83467
83.04 , 40.8384933471 , 13.84067
83.08 , 40.9471054077 , 13.84650
83.11 , 40.9471054077 , 13.85250
83.15 , 40.9471054077 , 13.85817
83.18 , 40.9471054077 , 13.86417
83.22 , 41.0557174682 , 13.87000
83.26 , 41.0557174682 , 13.87600
83.29 , 41.0557174682 , 13.88183
83.33 , 41.0557174682 , 13.88767
83.36 , 41.0557174682 , 13.89350
83.40 , 41.0557174682 , 13.89950
83.43 , 41.1643295288 , 13.90550
83.47 , 41.0557174682 , 13.91133
83.50 , 41.1643295288 , 13.91733
83.54 , 41.2729415893 , 13.92300
83.57 , 41.2729415893 , 13.92900
83.61 , 41.2729415893 , 13.93483
83.64 , 41.2729415893 , 13.94083
83.68 , 41.2729415893 , 13.94667
83.72 , 41.3815574645 , 13.95267
83.75 , 41.2729415893 , 13.95833
83.79 , 41.3815574645 , 13.96433
83.82 , 41.3815574645 , 13.97017
83.86 , 41.3815574645 , 13.97617
83.89 , 41.3815574645 , 13.98200
83.93 , 41.3815574645 , 13.98800
83.96 , 41.3815574645 , 13.99383
84.00 , 41.3815574645 , 13.99967
84.03 , 41.5987815856 , 14.00567
84.07 , 41.4901695251 , 14.01150
84.11 , 41.4901695251 , 14.01750
84.14 , 41.5987815856 , 14.02333
84.18 , 41.5987815856 , 14.02917
84.21 , 41.5987815856 , 14.03500
84.25 , 41.5987815856 , 14.04100
84.28 , 41.5987815856 , 14.04683
84.32 , 41.7073936462 , 14.05283
84.35 , 41.5987815856 , 14.05867
84.39 , 41.7073936462 , 14.06450
84.42 , 41.7073936462 , 14.07033
84.46 , 41.7073936462 , 14.07633
84.49 , 41.7073936462 , 14.08217
84.53 , 41.7073936462 , 14.08817
84.56 , 41.8160095214 , 14.09400
84.60 , 41.9246215820 , 14.09983
84.63 , 41.8160095214 , 14.10583
84.67 , 41.8160095214 , 14.11167
84.71 , 41.8160095214 , 14.11767
84.74 , 41.9246215820 , 14.12350
84.78 , 41.9246215820 , 14.12933
84.81 , 41.9246215820 , 14.13517
84.85 , 41.9246215820 , 14.14117
84.88 , 41.9246215820 , 14.14700
84.92 , 41.9246215820 , 14.15300
84.95 , 42.0332336425 , 14.15883
84.99 , 42.0332336425 , 14.16467
85.02 , 42.0332336425 , 14.17050
85.06 , 42.0332336425 , 14.17650
85.09 , 42.0332336425 , 14.18250
85.13 , 42.0332336425 , 14.18833
85.17 , 42.0332336425 , 14.19433
85.20 , 42.1418457031 , 14.20000
85.24 , 42.0332336425 , 14.20600
85.27 , 42.1418457031 , 14.21183
85.31 , 42.1418457031 , 14.21783
85.34 , 42.1418457031 , 14.22367
85.38 , 42.2504577636 , 14.22967
85.41 , 42.2504577636 , 14.23533
85.45 , 42.2504577636 , 14.24133
85.48 , 42.3590736389 , 14.24717
85.52 , 42.2504577636 , 14.25317
85.55 , 42.2504577636 , 14.25900
85.59 , 42.2504577636 , 14.26500
85.62 , 42.3590736389 , 14.27067
85.66 , 42.3590736389 , 14.27667
85.70 , 42.3590736389 , 14.28267
85.73 , 42.3590736389 , 14.28850
85.77 , 42.4676856994 , 14.29450
85.80 , 42.4676856994 , 14.30017
85.84 , 42.4676856994 , 14.30617
85.87 , 42.4676856994 , 14.31200
85.91 , 42.5762977600 , 14.31800
85.94 , 42.5762977600 , 14.32383
85.98 , 42.4676856994 , 14.32983
86.01 , 42.5762977600 , 14.33550
86.05 , 42.5762977600 , 14.34150
86.08 , 42.5762977600 , 14.34733
86.12 , 42.5762977600 , 14.35333
86.15 , 42.5762977600 , 14.35917
86.19 , 42.6849098205 , 14.36517
86.23 , 42.6849098205 , 14.37100
86.26 , 42.6849098205 , 14.37683
86.30 , 42.6849098205 , 14.38283
86.33 , 42.6849098205 , 14.38867
86.37 , 42.9021377563 , 14.39467
86.40 , 42.7935256958 , 14.40050
86.44 , 42.7935256958 , 14.40633
86.47 , 42.9021377563 , 14.41217
86.51 , 42.9021377563 , 14.41817
86.54 , 42.9021377563 , 14.42400
86.58 , 43.0107498168 , 14.43000
86.61 , 43.0107498168 , 14.43583
86.65 , 43.0107498168 , 14.44167
86.68 , 43.0107498168 , 14.44750
86.72 , 43.0107498168 , 14.45350
86.76 , 43.1193618774 , 14.45933
86.79 , 43.1193618774 , 14.46533
86.83 , 43.1193618774 , 14.47133
86.86 , 43.2279739379 , 14.47700
86.90 , 43.1193618774 , 14.48300
86.93 , 43.2279739379 , 14.48883
86.97 , 43.3365898132 , 14.49483
87.00 , 43.2279739379 , 14.50067
87.04 , 43.2279739379 , 14.50667
87.07 , 43.3365898132 , 14.51233
87.11 , 43.3365898132 , 14.51833
87.14 , 43.3365898132 , 14.52417
87.18 , 43.3365898132 , 14.53017
87.22 , 43.4452018737 , 14.53600
87.25 , 43.4452018737 , 14.54183
87.29 , 43.4452018737 , 14.54767
87.32 , 43.4452018737 , 14.55367
87.36 , 43.5538139343 , 14.55967
87.39 , 43.5538139343 , 14.56550
87.43 , 43.5538139343 , 14.57150
87.46 , 43.5538139343 , 14.57717
87.50 , 43.6624259948 , 14.58317
87.53 , 43.6624259948 , 14.58900
87.57 , 43.6624259948 , 14.59500
87.61 , 43.6624259948 , 14.60083
87.64 , 43.7710418701 , 14.60683
87.68 , 43.6624259948 , 14.61250
87.71 , 43.6624259948 , 14.61850
87.75 , 43.7710418701 , 14.62433
87.78 , 43.7710418701 , 14.63033
87.82 , 43.8796539306 , 14.63617
87.85 , 43.7710418701 , 14.64217
87.89 , 43.8796539306 , 14.64783
87.92 , 43.8796539306 , 14.65383
87.96 , 43.8796539306 , 14.65983
87.99 , 43.8796539306 , 14.66567
88.03 , 43.9882659912 , 14.67167
88.06 , 43.9882659912 , 14.67750
88.10 , 43.9882659912 , 14.68333
88.13 , 43.9882659912 , 14.68917
88.17 , 44.0968780517 , 14.69517
88.21 , 44.0968780517 , 14.70100
88.24 , 44.0968780517 , 14.70700
88.28 , 44.0968780517 , 14.71267
88.31 , 44.2054901123 , 14.71867
88.35 , 44.2054901123 , 14.72450
88.38 , 44.2054901123 , 14.73050
88.42 , 44.2054901123 , 14.73633
88.45 , 44.2054901123 , 14.74233
88.49 , 44.2054901123 , 14.74817
88.52 , 44.3141059875 , 14.75400
88.56 , 44.3141059875 , 14.76000
88.59 , 44.4227180480 , 14.76583
88.63 , 44.4227180480 , 14.77183
88.67 , 44.4227180480 , 14.77767
88.70 , 44.4227180480 , 14.78350
88.74 , 44.4227180480 , 14.78933
88.77 , 44.5313339233 , 14.79533
88.81 , 44.4227180480 , 14.80117
88.84 , 44.6399459838 , 14.80717
88.88 , 44.6399459838 , 14.81300
88.91 , 44.5313339233 , 14.81883
88.95 , 44.6399459838 , 14.82467
88.98 , 44.6399459838 , 14.83067
89.02 , 44.6399459838 , 14.83650
89.05 , 44.6399459838 , 14.84250
89.09 , 44.7485580444 , 14.84850
89.12 , 44.7485580444 , 14.85417
89.16 , 44.8571701049 , 14.86017
89.20 , 44.7485580444 , 14.86600
89.23 , 44.8571701049 , 14.87200
89.27 , 44.8571701049 , 14.87783
89.30 , 44.8571701049 , 14.88383
89.34 , 44.9657859802 , 14.88950
89.37 , 44.9657859802 , 14.89550
89.41 , 45.0743980407 , 14.90133
89.44 , 44.9657859802 , 14.90733
89.48 , 44.9657859802 , 14.91317
89.51 , 45.0743980407 , 14.91917
89.55 , 45.0743980407 , 14.92483
89.58 , 45.1830101013 , 14.93083
89.62 , 45.0743980407 , 14.93683
89.66 , 45.1830101013 , 14.94267
89.69 , 45.1830101013 , 14.94867
89.73 , 45.1830101013 , 14.95433
89.76 , 45.2916221618 , 14.96033
89.80 , 45.2916221618 , 14.96617
89.83 , 45.2916221618 , 14.97217
89.87 , 45.1830101013 , 14.97800
89.90 , 45.2916221618 , 14.98400
89.94 , 45.4002380371 , 14.98967
89.97 , 45.4002380371 , 14.99567
90.01 , 45.2916221618 , 15.00150
90.04 , 45.4002380371 , 15.00750
90.08 , 45.4002380371 , 15.01333
90.12 , 45.5088500976 , 15.01933
90.15 , 45.5088500976 , 15.02500
90.19 , 45.4002380371 , 15.03100
90.22 , 45.5088500976 , 15.03700
90.26 , 45.5088500976 , 15.04283
90.29 , 45.5088500976 , 15.04883
90.33 , 45.6174621582 , 15.05467
90.36 , 45.6174621582 , 15.06050
90.40 , 45.6174621582 , 15.06633
90.43 , 45.5088500976 , 15.07233
90.47 , 45.6174621582 , 15.07817
90.50 , 45.6174621582 , 15.08417
90.54 , 45.7260742187 , 15.09000
90.57 , 45.6174621582 , 15.09583
90.61 , 45.7260742187 , 15.10167
90.65 , 45.7260742187 , 15.10767
90.68 , 45.8346862792 , 15.11350
90.72 , 45.8346862792 , 15.11950
90.75 , 45.8346862792 , 15.12550
90.79 , 45.8346862792 , 15.13117
90.82 , 45.8346862792 , 15.13717
90.86 , 45.9433021545 , 15.14300
90.89 , 45.9433021545 , 15.14900
90.93 , 45.9433021545 , 15.15483
90.96 , 46.0519142150 , 15.16067
91.00 , 46.0519142150 , 15.16650
91.04 , 46.0519142150 , 15.17250
91.07 , 46.0519142150 , 15.17833
91.11 , 46.0519142150 , 15.18433
91.14 , 46.0519142150 , 15.19017
91.18 , 46.1605262756 , 15.19600
91.21 , 46.1605262756 , 15.20183
91.25 , 46.1605262756 , 15.20783
91.28 , 46.2691383361 , 15.21367
91.32 , 46.3777542114 , 15.21967
91.35 , 46.2691383361 , 15.22567
91.39 , 46.2691383361 , 15.23133
91.42 , 46.3777542114 , 15.23733
91.46 , 46.2691383361 , 15.24317
91.50 , 46.3777542114 , 15.24917
91.53 , 46.4863662719 , 15.25500
91.57 , 46.4863662719 , 15.26100
91.60 , 46.4863662719 , 15.26667
91.64 , 46.4863662719 , 15.27267
91.67 , 46.4863662719 , 15.27850
91.71 , 46.4863662719 , 15.28450
91.74 , 46.5949783325 , 15.29033
91.78 , 46.4863662719 , 15.29633
91.81 , 46.5949783325 , 15.30200
91.85 , 46.5949783325 , 15.30800
91.88 , 46.7035903930 , 15.31400
91.92 , 46.7035903930 , 15.31983
91.95 , 46.7035903930 , 15.32583
91.99 , 46.7035903930 , 15.33167
92.02 , 46.8122024536 , 15.33750
92.06 , 46.8122024536 , 15.34333
92.10 , 46.8122024536 , 15.34933
92.13 , 46.8122024536 , 15.35517
92.17 , 46.8122024536 , 15.36117
92.20 , 46.8122024536 , 15.36683
92.24 , 46.9208183288 , 15.37283
92.27 , 46.9208183288 , 15.37867
92.31 , 46.9208183288 , 15.38467
92.34 , 47.0294303894 , 15.39050
92.38 , 47.0294303894 , 15.39650
92.41 , 47.0294303894 , 15.40217
92.45 , 47.0294303894 , 15.40817
92.48 , 47.1380424499 , 15.41417
92.52 , 47.1380424499 , 15.42000
92.56 , 47.1380424499 , 15.42600
92.59 , 47.1380424499 , 15.43183
92.63 , 47.1380424499 , 15.43767
92.66 , 47.1380424499 , 15.44350
92.70 , 47.1380424499 , 15.44950
92.73 , 47.2466545104 , 15.45533
92.77 , 47.2466545104 , 15.46133
92.80 , 47.2466545104 , 15.46717
92.84 , 47.3552703857 , 15.47300
92.87 , 47.3552703857 , 15.47883
92.91 , 47.3552703857 , 15.48483
92.94 , 47.3552703857 , 15.49067
92.98 , 47.4638824462 , 15.49667
93.02 , 47.4638824462 , 15.50267
93.05 , 47.4638824462 , 15.50833
93.09 , 47.4638824462 , 15.51433
93.12 , 47.5724945068 , 15.52017
93.16 , 47.5724945068 , 15.52617
93.19 , 47.5724945068 , 15.53200
93.23 , 47.5724945068 , 15.53800
93.26 , 47.5724945068 , 15.54367
93.30 , 47.6811065673 , 15.54967
93.33 , 47.6811065673 , 15.55550
93.37 , 47.6811065673 , 15.56150
93.40 , 47.7897186279 , 15.56733
93.44 , 47.7897186279 , 15.57333
93.47 , 47.8983345031 , 15.57900
93.51 , 47.7897186279 , 15.58500
93.54 , 47.8983345031 , 15.59083
93.58 , 47.8983345031 , 15.59683
93.62 , 47.8983345031 , 15.60283
93.65 , 47.8983345031 , 15.60850
93.69 , 48.0069465637 , 15.61450
93.72 , 48.0069465637 , 15.62033
93.76 , 47.8983345031 , 15.62633
93.79 , 48.1155586242 , 15.63217
93.83 , 48.1155586242 , 15.63817
93.86 , 48.1155586242 , 15.64383
93.90 , 48.1155586242 , 15.64983
93.93 , 48.2241706848 , 15.65567
93.97 , 48.1155586242 , 15.66167
94.00 , 48.2241706848 , 15.66750
94.04 , 48.2241706848 , 15.67350
94.07 , 48.2241706848 , 15.67917
94.11 , 48.3327827453 , 15.68517
94.15 , 48.2241706848 , 15.69117
94.18 , 48.2241706848 , 15.69700
94.22 , 48.3327827453 , 15.70300
94.25 , 48.3327827453 , 15.70883
94.29 , 48.4413986206 , 15.71467
94.32 , 48.4413986206 , 15.72050
94.36 , 48.4413986206 , 15.72650
94.39 , 48.4413986206 , 15.73233
94.43 , 48.4413986206 , 15.73833
94.46 , 48.5500106811 , 15.74417
94.50 , 48.5500106811 , 15.75000
94.54 , 48.5500106811 , 15.75583
94.57 , 48.5500106811 , 15.76183
94.61 , 48.5500106811 , 15.76767
94.64 , 48.5500106811 , 15.77367
94.68 , 48.6586227416 , 15.77933
94.71 , 48.6586227416 , 15.78533
94.75 , 48.6586227416 , 15.79133
94.78 , 48.7672348022 , 15.79717
94.82 , 48.7672348022 , 15.80317
94.85 , 48.6586227416 , 15.80900
94.89 , 48.7672348022 , 15.81483
94.92 , 48.7672348022 , 15.82067
94.96 , 48.7672348022 , 15.82667
95.00 , 48.8758506774 , 15.83250
95.03 , 48.8758506774 , 15.83850
95.07 , 48.8758506774 , 15.84433
95.10 , 48.9844627380 , 15.85017
95.14 , 48.8758506774 , 15.85600
95.17 , 48.9844627380 , 15.86200
95.21 , 48.9844627380 , 15.86783
95.24 , 48.9844627380 , 15.87383
95.28 , 48.9844627380 , 15.87983
95.31 , 49.0930747985 , 15.88550
95.35 , 49.0930747985 , 15.89150
95.38 , 49.0930747985 , 15.89733
95.42 , 49.2016868591 , 15.90333
95.45 , 49.0930747985 , 15.90917
95.49 , 49.0930747985 , 15.91517
95.52 , 49.2016868591 , 15.92083
95.56 , 49.2016868591 , 15.92683
95.60 , 49.3102989196 , 15.93267
95.63 , 49.3102989196 , 15.93867
95.67 , 49.4189147949 , 15.94450
95.70 , 49.3102989196 , 15.95050
95.74 , 49.4189147949 , 15.95617
95.77 , 49.4189147949 , 15.96217
95.81 , 49.4189147949 , 15.96800
95.84 , 49.4189147949 , 15.97400
95.88 , 49.4189147949 , 15.98000
95.91 , 49.4189147949 , 15.98583
95.95 , 49.5275268554 , 15.99167
95.98 , 49.5275268554 , 15.99750
96.02 , 49.6361389160 , 16.00350
96.06 , 49.6361389160 , 16.00934
96.09 , 49.6361389160 , 16.01534
96.13 , 49.6361389160 , 16.02100
96.16 , 49.7447509765 , 16.02700
96.20 , 49.7447509765 , 16.03283
96.23 , 49.8533668518 , 16.03883
96.27 , 49.8533668518 , 16.04467
96.30 , 49.8533668518 , 16.05067
96.34 , 49.8533668518 , 16.05633
96.37 , 49.8533668518 , 16.06233
96.41 , 49.9619789123 , 16.06834
96.44 , 49.9619789123 , 16.07417
96.48 , 49.9619789123 , 16.08017
96.52 , 49.9619789123 , 16.08600
96.55 , 50.0706024169 , 16.09184
96.59 , 50.0706024169 , 16.09767
96.62 , 50.0706024169 , 16.10367
96.66 , 50.0706024169 , 16.10950
96.69 , 50.0706024169 , 16.11550
96.73 , 50.1792144775 , 16.12133
96.76 , 50.1792144775 , 16.12717
96.80 , 50.1792144775 , 16.13300
96.83 , 50.1792144775 , 16.13900
96.87 , 50.1792144775 , 16.14484
96.90 , 50.2878265380 , 16.15083
96.94 , 50.2878265380 , 16.15667
96.97 , 50.2878265380 , 16.16250
97.01 , 50.3964385986 , 16.16850
97.05 , 50.3964385986 , 16.17433
97.08 , 50.3964385986 , 16.18033
97.12 , 50.2878265380 , 16.18617
97.15 , 50.3964385986 , 16.19217
97.19 , 50.3964385986 , 16.19783
97.22 , 50.5050544738 , 16.20384
97.26 , 50.5050544738 , 16.20967
97.29 , 50.5050544738 , 16.21567
97.33 , 50.5050544738 , 16.22150
97.36 , 50.6136665344 , 16.22733
97.40 , 50.6136665344 , 16.23317
97.43 , 50.6136665344 , 16.23917
97.47 , 50.6136665344 , 16.24500
97.51 , 50.7222785949 , 16.25100
97.54 , 50.7222785949 , 16.25700
97.58 , 50.7222785949 , 16.26267
97.61 , 50.7222785949 , 16.26867
97.65 , 50.7222785949 , 16.27450
97.68 , 50.8308906555 , 16.28050
97.72 , 50.8308906555 , 16.28634
97.75 , 50.8308906555 , 16.29233
97.79 , 50.8308906555 , 16.29800
97.82 , 50.8308906555 , 16.30400
97.86 , 50.8308906555 , 16.30983
97.89 , 50.9395065307 , 16.31583
97.93 , 50.9395065307 , 16.32167
97.97 , 50.9395065307 , 16.32767
98.00 , 51.0481185913 , 16.33333
98.04 , 51.0481185913 , 16.33934
98.07 , 51.1567306518 , 16.34517
98.11 , 51.0481185913 , 16.35117
98.14 , 51.1567306518 , 16.35717
98.18 , 51.1567306518 , 16.36300
98.21 , 51.2653427124 , 16.36883
98.25 , 51.1567306518 , 16.37467
98.28 , 51.2653427124 , 16.38067
98.32 , 51.2653427124 , 16.38650
98.36 , 51.1567306518 , 16.39250
98.39 , 51.3739547729 , 16.39834
98.43 , 51.3739547729 , 16.40417
98.46 , 51.3739547729 , 16.41000
98.50 , 51.3739547729 , 16.41600
98.53 , 51.3739547729 , 16.42183
98.57 , 51.4825706481 , 16.42783
98.60 , 51.4825706481 , 16.43350
98.64 , 51.4825706481 , 16.43950
98.67 , 51.5911827087 , 16.44550
98.71 , 51.5911827087 , 16.45133
98.74 , 51.5911827087 , 16.45734
98.78 , 51.6997947692 , 16.46317
98.81 , 51.6997947692 , 16.46900
98.85 , 51.5911827087 , 16.47484
98.88 , 51.6997947692 , 16.48084
98.92 , 51.6997947692 , 16.48667
98.96 , 51.6997947692 , 16.49267
98.99 , 51.6997947692 , 16.49850
99.03 , 51.9170227050 , 16.50433
99.06 , 51.9170227050 , 16.51017
99.10 , 51.8084068298 , 16.51617
99.13 , 51.9170227050 , 16.52200
99.17 , 51.9170227050 , 16.52800
99.20 , 51.9170227050 , 16.53384
99.24 , 51.9170227050 , 16.53967
99.27 , 52.0256347656 , 16.54567
99.31 , 52.0256347656 , 16.55150
99.34 , 52.1342468261 , 16.55750
99.38 , 52.0256347656 , 16.56333
99.42 , 52.1342468261 , 16.56933
99.45 , 52.1342468261 , 16.57500
99.49 , 52.1342468261 , 16.58100
99.52 , 52.1342468261 , 16.58683
99.56 , 52.1342468261 , 16.59284
99.59 , 52.2428588867 , 16.59867
99.63 , 52.2428588867 , 16.60467
99.66 , 52.2428588867 , 16.61034
99.70 , 52.2428588867 , 16.61633
99.73 , 52.3514709472 , 16.62217
99.77 , 52.3514709472 , 16.62817
99.80 , 52.3514709472 , 16.63417
99.84 , 52.3514709472 , 16.64000
99.87 , 52.3514709472 , 16.64583
99.91 , 52.4600868225 , 16.65167
99.95 , 52.4600868225 , 16.65767
99.98 , 52.4600868225 , 16.66350
100.02 , 52.4600868225 , 16.66950
100.05 , 52.4600868225 , 16.67534
100.09 , 52.5686988830 , 16.68150
100.12 , 52.5686988830 , 16.68750
100.16 , 52.5686988830 , 16.69367
100.20 , 52.6773109436 , 16.69967
100.23 , 52.6773109436 , 16.70583
100.27 , 52.6773109436 , 16.71200
100.31 , 52.6773109436 , 16.71784
100.34 , 52.6773109436 , 16.72400
100.38 , 52.7859230041 , 16.73000
100.42 , 52.7859230041 , 16.73617
100.45 , 52.7859230041 , 16.74217
100.49 , 52.7859230041 , 16.74833
100.53 , 52.8945388793 , 16.75433
100.56 , 52.8945388793 , 16.76033
100.60 , 52.8945388793 , 16.76634
100.63 , 52.8945388793 , 16.77250
100.67 , 53.0031509399 , 16.77867
100.71 , 53.0031509399 , 16.78467
100.75 , 53.0031509399 , 16.79084
100.78 , 53.1117630004 , 16.79683
100.82 , 53.1117630004 , 16.80283
100.85 , 53.2203750610 , 16.80883
100.89 , 53.2203750610 , 16.81500
100.93 , 53.2203750610 , 16.82100
100.96 , 53.3289871215 , 16.82717
101.00 , 53.2203750610 , 16.83317
101.04 , 53.3289871215 , 16.83934
101.07 , 53.2203750610 , 16.84533
101.11 , 53.3289871215 , 16.85133
101.14 , 53.3289871215 , 16.85750
101.18 , 53.3289871215 , 16.86350
101.22 , 53.4376029968 , 16.86967
101.25 , 53.4376029968 , 16.87567
101.29 , 53.4376029968 , 16.88183
101.33 , 53.5462150573 , 16.88767
101.36 , 53.4376029968 , 16.89383
101.40 , 53.5462150573 , 16.89983
101.44 , 53.4376029968 , 16.90600
101.47 , 53.6548271179 , 16.91217
101.51 , 53.6548271179 , 16.91817
101.54 , 53.6548271179 , 16.92417
101.58 , 53.6548271179 , 16.93017
101.62 , 53.6548271179 , 16.93633
101.65 , 53.6548271179 , 16.94233
101.69 , 53.7634391784 , 16.94850
101.73 , 53.7634391784 , 16.95450
101.76 , 53.7634391784 , 16.96067
101.80 , 53.8720550537 , 16.96650
101.84 , 53.8720550537 , 16.97267
101.87 , 53.8720550537 , 16.97883
101.91 , 53.8720550537 , 16.98483
101.95 , 53.8720550537 , 16.99100
101.98 , 53.9806671142 , 16.99700
102.02 , 53.8720550537 , 17.00317
102.05 , 53.9806671142 , 17.00900
102.09 , 53.9806671142 , 17.01517
102.13 , 53.9806671142 , 17.02117
102.16 , 53.9806671142 , 17.02733
102.20 , 53.9806671142 , 17.03350
102.24 , 54.0892791748 , 17.03950
102.27 , 54.0892791748 , 17.04567
102.31 , 54.0892791748 , 17.05150
102.35 , 54.1978912353 , 17.05767
102.38 , 54.1978912353 , 17.06367
102.42 , 54.0892791748 , 17.06983
102.45 , 54.1978912353 , 17.07583
102.49 , 54.1978912353 , 17.08200
102.53 , 54.3065032958 , 17.08800
102.56 , 54.3065032958 , 17.09400
102.60 , 54.4151191711 , 17.10017
102.64 , 54.4151191711 , 17.10617
102.67 , 54.4151191711 , 17.11234
102.71 , 54.4151191711 , 17.11833
102.75 , 54.4151191711 , 17.12450
102.78 , 54.4151191711 , 17.13033
102.82 , 54.5237312316 , 17.13650
102.86 , 54.5237312316 , 17.14250
102.89 , 54.5237312316 , 17.14867
102.93 , 54.6323432922 , 17.15467
102.96 , 54.6323432922 , 17.16083
103.00 , 54.6323432922 , 17.16700
103.04 , 54.6323432922 , 17.17284
103.07 , 54.7409553527 , 17.17900
103.11 , 54.6323432922 , 17.18500
103.15 , 54.7409553527 , 17.19117
103.18 , 54.7409553527 , 17.19717
103.22 , 54.7409553527 , 17.20334
103.26 , 54.8495712280 , 17.20933
103.29 , 54.8495712280 , 17.21533
103.33 , 54.9581832885 , 17.22134
103.36 , 55.0667953491 , 17.22750
103.40 , 54.9581832885 , 17.23367
103.44 , 54.9581832885 , 17.23967
103.47 , 55.0667953491 , 17.24584
103.51 , 54.9581832885 , 17.25184
103.55 , 55.1754074096 , 17.25783
103.58 , 55.1754074096 , 17.26383
103.62 , 55.1754074096 , 17.27000
103.66 , 55.0667953491 , 17.27600
103.69 , 55.2840194702 , 17.28217
103.73 , 55.2840194702 , 17.28817
103.77 , 55.2840194702 , 17.29434
103.80 , 55.2840194702 , 17.30034
103.84 , 55.2840194702 , 17.30633
103.87 , 55.3926353454 , 17.31250
103.91 , 55.3926353454 , 17.31850
103.95 , 55.3926353454 , 17.32467
103.98 , 55.3926353454 , 17.33067
104.02 , 55.3926353454 , 17.33667
104.06 , 55.5012474060 , 17.34267
104.09 , 55.5012474060 , 17.34884
104.13 , 55.5012474060 , 17.35483
104.17 , 55.5012474060 , 17.36100
104.20 , 55.6098594665 , 17.36717
104.24 , 55.6098594665 , 17.37317
104.27 , 55.6098594665 , 17.37917
104.31 , 55.6098594665 , 17.38517
104.35 , 55.7184715270 , 17.39134
104.38 , 55.7184715270 , 17.39734
104.42 , 55.7184715270 , 17.40350
104.46 , 55.7184715270 , 17.40950
104.49 , 55.7184715270 , 17.41567
104.53 , 55.7184715270 , 17.42167
104.57 , 55.8270874023 , 17.42767
104.60 , 55.8270874023 , 17.43383
104.64 , 55.9356994628 , 17.43984
104.68 , 55.8270874023 , 17.44600
104.71 , 55.8270874023 , 17.45200
104.75 , 55.9356994628 , 17.45817
104.78 , 55.9356994628 , 17.46400
104.82 , 56.0443115234 , 17.47017
104.86 , 56.0443115234 , 17.47617
104.89 , 56.0443115234 , 17.48233
104.93 , 56.1529235839 , 17.48850
104.97 , 56.1529235839 , 17.49450
105.00 , 56.1529235839 , 17.50067
105.04 , 56.1529235839 , 17.50650
105.08 , 56.2615356445 , 17.51267
105.11 , 56.1529235839 , 17.51867
105.15 , 56.2615356445 , 17.52483
105.18 , 56.2615356445 , 17.53083
105.22 , 56.3701515197 , 17.53700
105.26 , 56.3701515197 , 17.54284
105.29 , 56.3701515197 , 17.54900
105.33 , 56.4787635803 , 17.55517
105.37 , 56.4787635803 , 17.56117
105.40 , 56.4787635803 , 17.56733
105.44 , 56.4787635803 , 17.57333
105.48 , 56.4787635803 , 17.57950
105.51 , 56.5873756408 , 17.58534
105.55 , 56.6959877014 , 17.59150
105.58 , 56.5873756408 , 17.59750
105.62 , 56.6959877014 , 17.60367
105.66 , 56.6959877014 , 17.60967
105.69 , 56.6959877014 , 17.61583
105.73 , 56.8046035766 , 17.62200
105.77 , 56.6959877014 , 17.62784
105.80 , 56.8046035766 , 17.63400
105.84 , 56.6959877014 , 17.64000
105.88 , 56.8046035766 , 17.64617
105.91 , 56.9132156372 , 17.65217
105.95 , 56.9132156372 , 17.65833
105.99 , 56.9132156372 , 17.66433
106.02 , 56.9132156372 , 17.67033
106.06 , 57.0218276977 , 17.67634
106.09 , 57.1304397583 , 17.68250
106.13 , 57.0218276977 , 17.68867
106.17 , 57.1304397583 , 17.69467
106.20 , 57.0218276977 , 17.70083
106.24 , 57.0218276977 , 17.70683
106.28 , 57.1304397583 , 17.71283
106.31 , 57.2390518188 , 17.71883
106.35 , 57.2390518188 , 17.72500
106.39 , 57.2390518188 , 17.73100
106.42 , 57.2390518188 , 17.73717
106.46 , 57.3476676940 , 17.74317
106.50 , 57.3476676940 , 17.74934
106.53 , 57.3476676940 , 17.75533
106.57 , 57.3476676940 , 17.76133
106.61 , 57.3476676940 , 17.76750
106.64 , 57.4562797546 , 17.77350
106.68 , 57.4562797546 , 17.77967
106.71 , 57.4562797546 , 17.78567
106.75 , 57.4562797546 , 17.79167
106.79 , 57.4562797546 , 17.79767
106.82 , 57.5648918151 , 17.80383
106.86 , 57.5648918151 , 17.81000
106.90 , 57.5648918151 , 17.81600
106.93 , 57.6735038757 , 17.82217
106.97 , 57.6735038757 , 17.82817
107.00 , 57.6735038757 , 17.83417
107.04 , 57.6735038757 , 17.84017
107.08 , 57.6735038757 , 17.84634
107.11 , 57.7821197509 , 17.85233
107.15 , 57.7821197509 , 17.85850
107.19 , 57.8907318115 , 17.86450
107.22 , 57.8907318115 , 17.87067
107.26 , 57.7821197509 , 17.87667
107.30 , 57.8907318115 , 17.88267
107.33 , 57.9993438720 , 17.88883
107.37 , 57.9993438720 , 17.89484
107.41 , 57.9993438720 , 17.90100
107.44 , 57.9993438720 , 17.90700
107.48 , 57.9993438720 , 17.91317
107.51 , 57.9993438720 , 17.91900
107.55 , 58.1079559326 , 17.92517
107.59 , 58.1079559326 , 17.93117
107.62 , 58.2165679931 , 17.93733
107.66 , 58.2165679931 , 17.94350
107.70 , 58.2165679931 , 17.94950
107.73 , 58.2165679931 , 17.95567
107.77 , 58.2165679931 , 17.96150
107.81 , 58.3251838684 , 17.96767
107.84 , 58.3251838684 , 17.97367
107.88 , 58.4337959289 , 17.97983
107.91 , 58.4337959289 , 17.98583
107.95 , 58.4337959289 , 17.99200
107.99 , 58.4337959289 , 17.99783
108.02 , 58.5424079895 , 18.00400
108.06 , 58.5424079895 , 18.01017
108.10 , 58.5424079895 , 18.01617
108.13 , 58.6510200500 , 18.02234
108.17 , 58.6510200500 , 18.02833
108.21 , 58.6510200500 , 18.03450
108.24 , 58.6510200500 , 18.04033
108.28 , 58.6510200500 , 18.04650
108.31 , 58.7596321105 , 18.05250
108.35 , 58.8682479858 , 18.05867
108.39 , 58.7596321105 , 18.06467
108.43 , 58.8682479858 , 18.07084
108.46 , 58.8682479858 , 18.07700
108.50 , 58.9768600463 , 18.08283
108.53 , 58.9768600463 , 18.08900
108.57 , 58.9768600463 , 18.09500
108.61 , 58.9768600463 , 18.10117
108.64 , 58.9768600463 , 18.10717
108.68 , 58.9768600463 , 18.11334
108.72 , 59.0854721069 , 18.11934
108.75 , 59.0854721069 , 18.12533
108.79 , 59.0854721069 , 18.13134
108.82 , 59.1940841674 , 18.13750
108.86 , 59.0854721069 , 18.14367
108.90 , 59.1940841674 , 18.14967
108.93 , 59.1940841674 , 18.15583
108.97 , 59.3027000427 , 18.16184
109.01 , 59.3027000427 , 18.16784
109.04 , 59.3027000427 , 18.17383
109.08 , 59.3027000427 , 18.18000
109.12 , 59.3027000427 , 18.18600
109.15 , 59.4113121032 , 18.19217
109.19 , 59.4113121032 , 18.19833
109.22 , 59.4113121032 , 18.20417
109.26 , 59.4113121032 , 18.21034
109.30 , 59.5199241638 , 18.21633
109.33 , 59.5199241638 , 18.22250
109.37 , 59.5199241638 , 18.22850
109.41 , 59.5199241638 , 18.23467
109.44 , 59.5199241638 , 18.24067
109.48 , 59.6285362243 , 18.24667
109.52 , 59.6285362243 , 18.25267
109.55 , 59.6285362243 , 18.25884
109.59 , 59.7371482849 , 18.26500
109.63 , 59.7371482849 , 18.27100
109.66 , 59.7371482849 , 18.27717
109.70 , 59.8457641601 , 18.28317
109.73 , 59.8457641601 , 18.28917
109.77 , 59.8457641601 , 18.29517
109.81 , 59.9543762207 , 18.30134
109.84 , 59.9543762207 , 18.30734
109.88 , 59.9543762207 , 18.31350
109.92 , 59.9543762207 , 18.31950
109.95 , 60.0629882812 , 18.32567
109.99 , 60.0629882812 , 18.33167
110.03 , 60.0629882812 , 18.33767
110.06 , 60.0629882812 , 18.34383
110.10 , 60.1716003417 , 18.34984
110.14 , 60.1716003417 , 18.35600
110.17 , 60.1716003417 , 18.36200
110.21 , 60.1716003417 , 18.36817
110.24 , 60.2802162170 , 18.37400
110.28 , 60.2802162170 , 18.38017
110.32 , 60.2802162170 , 18.38617
110.35 , 60.3888282775 , 18.39233
110.39 , 60.2802162170 , 18.39850
110.43 , 60.3888282775 , 18.40450
110.46 , 60.3888282775 , 18.41067
110.50 , 60.3888282775 , 18.41650
110.54 , 60.4974403381 , 18.42267
110.57 , 60.4974403381 , 18.42867
110.61 , 60.6060523986 , 18.43483
110.64 , 60.6060523986 , 18.44083
110.68 , 60.6060523986 , 18.44700
110.72 , 60.7146644592 , 18.45284
110.75 , 60.6060523986 , 18.45900
110.79 , 60.7146644592 , 18.46517
110.83 , 60.7146644592 , 18.47117
110.86 , 60.7146644592 , 18.47733
110.90 , 60.7146644592 , 18.48333
110.94 , 60.8232803344 , 18.48950
110.97 , 60.9318923950 , 18.49534
111.01 , 60.8232803344 , 18.50150
111.04 , 60.8232803344 , 18.50750
111.08 , 60.9318923950 , 18.51367
111.12 , 60.9318923950 , 18.51967
111.15 , 61.0405044555 , 18.52583
111.19 , 61.0405044555 , 18.53200
111.23 , 61.0405044555 , 18.53783
111.26 , 61.0405044555 , 18.54400
111.30 , 61.1491165161 , 18.55000
111.34 , 61.1491165161 , 18.55617
111.37 , 61.0405044555 , 18.56217
111.41 , 61.1491165161 , 18.56834
111.45 , 61.1491165161 , 18.57433
111.48 , 61.2577400207 , 18.58033
111.52 , 61.2577400207 , 18.58650
111.55 , 61.2577400207 , 18.59250
111.59 , 61.2577400207 , 18.59867
111.63 , 61.2577400207 , 18.60467
111.66 , 61.3663558959 , 18.61083
111.70 , 61.3663558959 , 18.61667
111.74 , 61.4749679565 , 18.62283
111.77 , 61.4749679565 , 18.62883
111.81 , 61.4749679565 , 18.63500
111.85 , 61.4749679565 , 18.64100
111.88 , 61.5835800170 , 18.64717
111.92 , 61.5835800170 , 18.65333
111.95 , 61.5835800170 , 18.65917
111.99 , 61.5835800170 , 18.66533
112.03 , 61.6921920776 , 18.67133
112.06 , 61.5835800170 , 18.67750
112.10 , 61.6921920776 , 18.68350
112.14 , 61.6921920776 , 18.68967
112.17 , 61.6921920776 , 18.69567
112.21 , 61.6921920776 , 18.70167
112.25 , 61.8008041381 , 18.70767
112.28 , 61.8008041381 , 18.71383
112.32 , 61.8008041381 , 18.72000
112.36 , 61.9094200134 , 18.72600
112.39 , 61.9094200134 , 18.73217
112.43 , 62.0180320739 , 18.73817
112.46 , 61.9094200134 , 18.74417
112.50 , 62.0180320739 , 18.75017
112.54 , 62.0180320739 , 18.75634
112.57 , 62.0180320739 , 18.76233
112.61 , 62.1266441345 , 18.76850
112.65 , 62.1266441345 , 18.77450
112.68 , 62.1266441345 , 18.78067
112.72 , 62.2352561950 , 18.78667
112.76 , 62.2352561950 , 18.79267
112.79 , 62.2352561950 , 18.79883
112.83 , 62.2352561950 , 18.80484
112.87 , 62.3438720703 , 18.81100
112.90 , 62.3438720703 , 18.81700
112.94 , 62.3438720703 , 18.82317
112.97 , 62.3438720703 , 18.82900
113.01 , 62.3438720703 , 18.83517
113.05 , 62.4524841308 , 18.84117
113.08 , 62.4524841308 , 18.84733
113.12 , 62.4524841308 , 18.85350
113.16 , 62.4524841308 , 18.85950
113.19 , 62.5610961914 , 18.86550
113.23 , 62.5610961914 , 18.87150
113.27 , 62.5610961914 , 18.87767
113.30 , 62.6697082519 , 18.88367
113.34 , 62.6697082519 , 18.88983
113.37 , 62.6697082519 , 18.89583
113.41 , 62.7783203125 , 18.90200
113.45 , 62.7783203125 , 18.90783
113.48 , 62.7783203125 , 18.91400
113.52 , 62.7783203125 , 18.92017
113.56 , 62.7783203125 , 18.92617
113.59 , 62.8869361877 , 18.93234
113.63 , 62.7783203125 , 18.93833
113.67 , 62.8869361877 , 18.94450
113.70 , 62.9955482482 , 18.95034
113.74 , 62.9955482482 , 18.95650
113.77 , 62.8869361877 , 18.96250
113.81 , 63.1041603088 , 18.96867
113.85 , 62.9955482482 , 18.97484
113.88 , 62.9955482482 , 18.98084
113.92 , 63.1041603088 , 18.98700
113.96 , 63.1041603088 , 18.99283
113.99 , 63.1041603088 , 18.99900
114.03 , 63.1041603088 , 19.00500
114.07 , 63.2127723693 , 19.01117
114.10 , 63.2127723693 , 19.01717
114.14 , 63.3213882446 , 19.02334
114.18 , 63.3213882446 , 19.02934
114.21 , 63.3213882446 , 19.03533
114.25 , 63.3213882446 , 19.04150
114.29 , 63.3213882446 , 19.04750
114.32 , 63.4300003051 , 19.05367
114.36 , 63.4300003051 , 19.05967
114.39 , 63.5386123657 , 19.06583
114.43 , 63.4300003051 , 19.07167
114.47 , 63.5386123657 , 19.07784
114.50 , 63.5386123657 , 19.08383
114.54 , 63.6472244262 , 19.09000
114.58 , 63.5386123657 , 19.09600
114.61 , 63.5386123657 , 19.10217
114.65 , 63.6472244262 , 19.10833
114.68 , 63.6472244262 , 19.11417
114.72 , 63.6472244262 , 19.12034
114.76 , 63.7558364868 , 19.12634
114.79 , 63.7558364868 , 19.13250
114.83 , 63.8644523620 , 19.13850
114.87 , 63.7558364868 , 19.14467
114.90 , 63.8644523620 , 19.15067
114.94 , 63.8644523620 , 19.15667
114.98 , 63.9730644226 , 19.16267
115.01 , 63.9730644226 , 19.16884
115.05 , 63.9730644226 , 19.17500
115.09 , 63.9730644226 , 19.18100
115.12 , 64.0816802978 , 19.18717
115.16 , 64.0816802978 , 19.19317
115.19 , 64.0816802978 , 19.19917
115.23 , 64.1902923583 , 19.20517
115.27 , 64.1902923583 , 19.21133
115.30 , 64.1902923583 , 19.21734
115.34 , 64.1902923583 , 19.22350
115.38 , 64.1902923583 , 19.22950
115.41 , 64.2989044189 , 19.23567
115.45 , 64.2989044189 , 19.24167
115.49 , 64.2989044189 , 19.24767
115.52 , 64.4075164794 , 19.25383
115.56 , 64.4075164794 , 19.25984
115.60 , 64.4075164794 , 19.26600
115.63 , 64.5161285400 , 19.27200
115.67 , 64.5161285400 , 19.27800
115.70 , 64.5161285400 , 19.28400
115.74 , 64.5161285400 , 19.29017
115.78 , 64.5161285400 , 19.29617
115.81 , 64.6247406005 , 19.30233
115.85 , 64.6247406005 , 19.30850
115.89 , 64.6247406005 , 19.31450
115.92 , 64.6247406005 , 19.32050
115.96 , 64.7333526611 , 19.32650
116.00 , 64.7333526611 , 19.33267
116.03 , 64.7333526611 , 19.33867
116.07 , 64.8419647216 , 19.34483
116.11 , 64.8419647216 , 19.35083
116.14 , 64.8419647216 , 19.35700
116.18 , 64.9505767822 , 19.36300
116.21 , 64.8419647216 , 19.36900
116.25 , 64.9505767822 , 19.37517
116.29 , 64.9505767822 , 19.38117
116.32 , 65.0591964721 , 19.38733
116.36 , 65.0591964721 , 19.39333
116.40 , 65.0591964721 , 19.39950
116.43 , 65.0591964721 , 19.40534
116.47 , 65.0591964721 , 19.41150
116.50 , 65.1678085327 , 19.41750
116.54 , 65.1678085327 , 19.42367
116.58 , 65.1678085327 , 19.42984
116.61 , 65.1678085327 , 19.43583
116.65 , 65.2764205932 , 19.44200
116.69 , 65.2764205932 , 19.44783
116.72 , 65.2764205932 , 19.45400
116.76 , 65.3850326538 , 19.46000
116.80 , 65.2764205932 , 19.46617
116.83 , 65.3850326538 , 19.47217
116.87 , 65.3850326538 , 19.47834
116.90 , 65.4936447143 , 19.48417
116.94 , 65.4936447143 , 19.49033
116.98 , 65.3850326538 , 19.49650
117.01 , 65.4936447143 , 19.50250
117.05 , 65.6022567749 , 19.50867
117.09 , 65.6022567749 , 19.51467
117.12 , 65.4936447143 , 19.52083
117.16 , 65.6022567749 , 19.52667
117.20 , 65.7108688354 , 19.53283
117.23 , 65.7108688354 , 19.53883
117.27 , 65.7108688354 , 19.54500
117.31 , 65.8194808959 , 19.55100
117.34 , 65.8194808959 , 19.55717
117.38 , 65.8194808959 , 19.56333
117.41 , 65.8194808959 , 19.56917
117.45 , 65.8194808959 , 19.57534
117.49 , 65.8194808959 , 19.58133
117.52 , 65.9280929565 , 19.58750
117.56 , 65.9280929565 , 19.59350
117.60 , 66.0367126464 , 19.59967
117.63 , 66.0367126464 , 19.60567
117.67 , 66.0367126464 , 19.61167
117.71 , 66.0367126464 , 19.61767
117.74 , 66.1453247070 , 19.62383
117.78 , 66.0367126464 , 19.63000
117.82 , 66.1453247070 , 19.63600
117.85 , 66.1453247070 , 19.64217
117.89 , 66.2539367675 , 19.64817
117.93 , 66.2539367675 , 19.65417
117.96 , 66.2539367675 , 19.66017
118.00 , 66.3625488281 , 19.66633
118.03 , 66.2539367675 , 19.67233
118.07 , 66.3625488281 , 19.67850
118.11 , 66.3625488281 , 19.68450
118.14 , 66.3625488281 , 19.69067
118.18 , 66.3625488281 , 19.69667
118.22 , 66.4711608886 , 19.70267
118.25 , 66.4711608886 , 19.70883
118.29 , 66.4711608886 , 19.71483
118.33 , 66.5797729492 , 19.72100
118.36 , 66.5797729492 , 19.72700
118.40 , 66.5797729492 , 19.73300
118.43 , 66.6883850097 , 19.73900
118.47 , 66.5797729492 , 19.74517
118.51 , 66.6883850097 , 19.75134
118.54 , 66.6883850097 , 19.75733
118.58 , 66.6883850097 , 19.76350
118.62 , 66.7969970703 , 19.76950
118.65 , 66.7969970703 , 19.77550
118.69 , 66.7969970703 , 19.78150
118.73 , 66.7969970703 , 19.78767
118.76 , 66.7969970703 , 19.79367
118.80 , 66.9056091308 , 19.79984
118.83 , 66.9056091308 , 19.80583
118.87 , 67.0142288208 , 19.81200
118.91 , 67.0142288208 , 19.81800
118.94 , 67.0142288208 , 19.82400
118.98 , 67.1228408813 , 19.83017
119.02 , 67.1228408813 , 19.83617
119.05 , 67.0142288208 , 19.84234
119.09 , 67.0142288208 , 19.84833
119.13 , 67.1228408813 , 19.85450
119.16 , 67.1228408813 , 19.86034
119.20 , 67.2314529418 , 19.86650
119.23 , 67.2314529418 , 19.87250
119.27 , 67.3400650024 , 19.87867
119.31 , 67.2314529418 , 19.88484
119.34 , 67.2314529418 , 19.89084
119.38 , 67.3400650024 , 19.89700
119.42 , 67.2314529418 , 19.90283
119.45 , 67.3400650024 , 19.90900
119.49 , 67.4486770629 , 19.91500
119.53 , 67.4486770629 , 19.92117
119.56 , 67.4486770629 , 19.92717
119.60 , 67.5572891235 , 19.93334
119.63 , 67.5572891235 , 19.93917
119.67 , 67.5572891235 , 19.94533
119.71 , 67.6659011840 , 19.95150
119.75 , 67.6659011840 , 19.95750
119.78 , 67.6659011840 , 19.96367
119.82 , 67.6659011840 , 19.96967
119.86 , 67.6659011840 , 19.97583
119.89 , 67.8831253051 , 19.98167
119.93 , 67.7745132446 , 19.98784
119.96 , 67.8831253051 , 19.99383
120.00 , 67.8831253051 , 20.00000
120.04 , 67.8831253051 , 20.00600
120.07 , 67.8831253051 , 20.01217
120.11 , 67.8831253051 , 20.01833
120.14 , 67.9917449951 , 20.02417
120.18 , 67.9917449951 , 20.03034
120.22 , 68.1003570556 , 20.03634
120.25 , 67.9917449951 , 20.04250
120.29 , 68.1003570556 , 20.04850
120.33 , 68.1003570556 , 20.05467
120.36 , 68.1003570556 , 20.06067
120.40 , 68.2089691162 , 20.06667
120.44 , 68.2089691162 , 20.07267
120.47 , 68.2089691162 , 20.07884
120.51 , 68.3175811767 , 20.08500
120.55 , 68.3175811767 , 20.09100
120.58 , 68.3175811767 , 20.09717
120.62 , 68.3175811767 , 20.10317
120.65 , 68.4261932373 , 20.10917
120.69 , 68.3175811767 , 20.11517
120.73 , 68.4261932373 , 20.12133
120.76 , 68.4261932373 , 20.12734
120.80 , 68.5348052978 , 20.13350
120.84 , 68.5348052978 , 20.13967
120.87 , 68.5348052978 , 20.14550
120.91 , 68.5348052978 , 20.15167
120.95 , 68.5348052978 , 20.15767
120.98 , 68.6434173583 , 20.16383
121.02 , 68.6434173583 , 20.16983
121.06 , 68.6434173583 , 20.17600
121.09 , 68.6434173583 , 20.18200
121.13 , 68.7520294189 , 20.18800
121.16 , 68.7520294189 , 20.19400
121.20 , 68.8606414794 , 20.20017
121.24 , 68.8606414794 , 20.20633
121.27 , 68.8606414794 , 20.21233
121.31 , 68.8606414794 , 20.21850
121.35 , 68.8606414794 , 20.22450
121.38 , 68.9692611694 , 20.23050
121.42 , 68.9692611694 , 20.23650
121.46 , 68.9692611694 , 20.24267
121.49 , 69.0778732299 , 20.24867
121.53 , 69.0778732299 , 20.25483
121.56 , 69.0778732299 , 20.26083
121.60 , 69.0778732299 , 20.26700
121.64 , 69.0778732299 , 20.27300
121.67 , 69.1864852905 , 20.27900
121.71 , 69.1864852905 , 20.28517
121.75 , 69.2950973510 , 20.29117
121.78 , 69.2950973510 , 20.29733
121.82 , 69.2950973510 , 20.30333
121.86 , 69.2950973510 , 20.30950
121.89 , 69.4037094116 , 20.31534
121.93 , 69.4037094116 , 20.32150
121.96 , 69.4037094116 , 20.32750
122.00 , 69.4037094116 , 20.33367
122.04 , 69.4037094116 , 20.33983
122.07 , 69.5123214721 , 20.34583
122.11 , 69.5123214721 , 20.35200
122.15 , 69.5123214721 , 20.35783
122.18 , 69.6209335327 , 20.36400
122.22 , 69.5123214721 , 20.37000
122.26 , 69.6209335327 , 20.37617
122.29 , 69.6209335327 , 20.38217
122.33 , 69.7295455932 , 20.38833
122.36 , 69.7295455932 , 20.39417
122.40 , 69.7295455932 , 20.40033
122.44 , 69.8381576538 , 20.40650
122.47 , 69.8381576538 , 20.41250
122.51 , 69.9467773437 , 20.41867
122.55 , 69.8381576538 , 20.42467
122.58 , 69.8381576538 , 20.43083
122.62 , 69.9467773437 , 20.43667
122.66 , 69.9467773437 , 20.44283
122.69 , 69.9467773437 , 20.44883
122.73 , 70.0553894042 , 20.45500
122.77 , 70.0553894042 , 20.46100
122.80 , 70.0553894042 , 20.46717
122.84 , 70.0553894042 , 20.47333
122.87 , 70.0553894042 , 20.47917
122.91 , 70.0553894042 , 20.48534
122.95 , 70.1640014648 , 20.49133
122.98 , 70.0553894042 , 20.49750
123.02 , 70.0553894042 , 20.50350
123.06 , 70.1640014648 , 20.50967
123.09 , 70.1640014648 , 20.51567
123.13 , 70.1640014648 , 20.52167
123.17 , 70.1640014648 , 20.52783
123.20 , 70.1640014648 , 20.53384
123.24 , 70.1640014648 , 20.54000
123.28 , 70.2726135253 , 20.54600
123.31 , 70.2726135253 , 20.55217
123.35 , 70.2726135253 , 20.55800
123.38 , 70.2726135253 , 20.56417
123.42 , 70.2726135253 , 20.57017
123.46 , 70.3812255859 , 20.57633
123.49 , 70.3812255859 , 20.58234
123.53 , 70.3812255859 , 20.58850
123.57 , 70.4898376464 , 20.59467
123.60 , 70.4898376464 , 20.60050
123.64 , 70.4898376464 , 20.60667
123.68 , 70.3812255859 , 20.61267
123.71 , 70.5984497070 , 20.61883
123.75 , 70.4898376464 , 20.62483
123.79 , 70.5984497070 , 20.63100
123.82 , 70.5984497070 , 20.63700
123.86 , 70.5984497070 , 20.64300
123.89 , 70.7070617675 , 20.64900
123.93 , 70.7070617675 , 20.65517
123.97 , 70.7070617675 , 20.66134
124.00 , 70.7070617675 , 20.66733
124.04 , 70.7070617675 , 20.67350
124.08 , 70.8156738281 , 20.67950
124.11 , 70.8156738281 , 20.68550
124.15 , 70.9242935180 , 20.69150
124.19 , 70.9242935180 , 20.69767
124.22 , 70.9242935180 , 20.70367
124.26 , 70.9242935180 , 20.70984
124.29 , 70.9242935180 , 20.71583
124.33 , 70.9242935180 , 20.72200
124.37 , 71.0329055786 , 20.72800
124.40 , 71.0329055786 , 20.73400
124.44 , 71.1415176391 , 20.74017
124.48 , 71.1415176391 , 20.74617
124.51 , 71.1415176391 , 20.75234
124.55 , 71.1415176391 , 20.75834
124.59 , 71.2501296997 , 20.76450
124.62 , 71.2501296997 , 20.77033
124.66 , 71.3587417602 , 20.77650
124.69 , 71.3587417602 , 20.78250
124.73 , 71.3587417602 , 20.78867
124.77 , 71.3587417602 , 20.79483
124.80 , 71.3587417602 , 20.80084
124.84 , 71.3587417602 , 20.80684
124.88 , 71.4673538208 , 20.81283
124.91 , 71.5759658813 , 20.81900
124.95 , 71.5759658813 , 20.82500
124.99 , 71.5759658813 , 20.83117
125.02 , 71.5759658813 , 20.83717
125.06 , 71.5759658813 , 20.84333
125.09 , 71.6845779418 , 20.84917
125.13 , 71.6845779418 , 20.85534
125.17 , 71.7931900024 , 20.86150
125.20 , 71.6845779418 , 20.86750
125.24 , 71.7931900024 , 20.87367
125.28 , 71.7931900024 , 20.87967
125.31 , 71.7931900024 , 20.88583
125.35 , 71.7931900024 , 20.89167
125.39 , 71.9018096923 , 20.89784
125.42 , 71.9018096923 , 20.90383
125.46 , 71.9018096923 , 20.91000
125.50 , 72.0104217529 , 20.91617
125.53 , 72.0104217529 , 20.92217
125.57 , 72.0104217529 , 20.92833
125.61 , 72.0104217529 , 20.93417
125.64 , 72.1190338134 , 20.94034
125.68 , 72.1190338134 , 20.94634
125.71 , 72.1190338134 , 20.95250
125.75 , 72.2276458740 , 20.95850
125.79 , 72.2276458740 , 20.96467
125.82 , 72.2276458740 , 20.97067
125.86 , 72.2276458740 , 20.97667
125.90 , 72.2276458740 , 20.98283
125.93 , 72.2276458740 , 20.98884
125.97 , 72.3362655639 , 20.99500
126.01 , 72.3362655639 , 21.00100
126.04 , 72.3362655639 , 21.00717
126.08 , 72.4448776245 , 21.01300
126.11 , 72.4448776245 , 21.01917
126.15 , 72.4448776245 , 21.02517
126.19 , 72.4448776245 , 21.03133
126.22 , 72.4448776245 , 21.03734
126.26 , 72.5534973144 , 21.04350
126.30 , 72.4448776245 , 21.04967
126.33 , 72.5534973144 , 21.05550
126.37 , 72.5534973144 , 21.06167
126.41 , 72.6621093750 , 21.06767
126.44 , 72.6621093750 , 21.07383
126.48 , 72.6621093750 , 21.07983
126.52 , 72.7707214355 , 21.08600
126.55 , 72.7707214355 , 21.09200
126.59 , 72.8793334960 , 21.09800
126.62 , 72.7707214355 , 21.10400
126.66 , 72.8793334960 , 21.11017
126.70 , 72.8793334960 , 21.11633
126.73 , 72.7707214355 , 21.12233
126.77 , 72.9879455566 , 21.12850
126.81 , 72.8793334960 , 21.13450
126.84 , 72.9879455566 , 21.14050
126.88 , 72.9879455566 , 21.14650
126.92 , 72.9879455566 , 21.15267
126.95 , 73.0965576171 , 21.15867
126.99 , 73.0965576171 , 21.16483
127.02 , 73.0965576171 , 21.17083
127.06 , 73.0965576171 , 21.17700
127.10 , 73.2051696777 , 21.18300
127.13 , 73.2051696777 , 21.18900
127.17 , 73.2051696777 , 21.19517
127.21 , 73.3137817382 , 21.20117
127.24 , 73.3137817382 , 21.20734
127.28 , 73.3137817382 , 21.21333
127.32 , 73.3137817382 , 21.21933
127.35 , 73.4223937988 , 21.22533
127.39 , 73.4223937988 , 21.23150
127.43 , 73.4223937988 , 21.23750
127.46 , 73.4223937988 , 21.24367
127.50 , 73.4223937988 , 21.24983
127.54 , 73.5310134887 , 21.25584
127.57 , 73.5310134887 , 21.26183
127.61 , 73.5310134887 , 21.26783
127.64 , 73.6396255493 , 21.27400
127.68 , 73.7482376098 , 21.28000
127.72 , 73.7482376098 , 21.28617
127.75 , 73.6396255493 , 21.29217
127.79 , 73.7482376098 , 21.29833
127.83 , 73.7482376098 , 21.30433
127.86 , 73.7482376098 , 21.31033
127.90 , 73.8568496704 , 21.31650
127.93 , 73.7482376098 , 21.32250
127.97 , 73.9654617309 , 21.32867
128.01 , 73.9654617309 , 21.33467
128.05 , 73.8568496704 , 21.34083
128.08 , 73.9654617309 , 21.34667
128.12 , 73.9654617309 , 21.35284
128.15 , 73.9654617309 , 21.35883
128.19 , 74.0740737915 , 21.36500
128.23 , 74.0740737915 , 21.37117
128.26 , 74.0740737915 , 21.37717
128.30 , 74.0740737915 , 21.38334
128.34 , 74.0740737915 , 21.38917
128.37 , 74.1826858520 , 21.39533
128.41 , 74.1826858520 , 21.40134
128.45 , 74.1826858520 , 21.40750
128.48 , 74.1826858520 , 21.41350
128.52 , 74.1826858520 , 21.41967
128.55 , 74.2912979125 , 21.42550
128.59 , 74.2912979125 , 21.43167
128.63 , 74.2912979125 , 21.43783
128.66 , 74.3999099731 , 21.44383
128.70 , 74.3999099731 , 21.45000
128.74 , 74.3999099731 , 21.45600
128.77 , 74.3999099731 , 21.46217
128.81 , 74.5085296630 , 21.46800
128.85 , 74.3999099731 , 21.47417
128.88 , 74.6171417236 , 21.48017
128.92 , 74.6171417236 , 21.48633
128.95 , 74.6171417236 , 21.49233
128.99 , 74.6171417236 , 21.49850
129.03 , 74.6171417236 , 21.50467
129.06 , 74.6171417236 , 21.51050
129.10 , 74.7257537841 , 21.51667
129.14 , 74.7257537841 , 21.52267
129.17 , 74.7257537841 , 21.52884
129.21 , 74.8343658447 , 21.53483
129.25 , 74.7257537841 , 21.54100
129.28 , 74.9429779052 , 21.54700
129.32 , 74.8343658447 , 21.55300
129.35 , 74.8343658447 , 21.55900
129.39 , 74.9429779052 , 21.56517
129.43 , 75.0515899658 , 21.57133
129.46 , 74.9429779052 , 21.57734
129.50 , 74.9429779052 , 21.58350
129.54 , 75.0515899658 , 21.58950
129.57 , 75.0515899658 , 21.59550
129.61 , 75.1602020263 , 21.60150
129.65 , 75.1602020263 , 21.60767
129.68 , 75.2688140869 , 21.61367
129.72 , 75.2688140869 , 21.61983
129.76 , 75.2688140869 , 21.62584
129.79 , 75.2688140869 , 21.63200
129.83 , 75.3774261474 , 21.63800
129.86 , 75.2688140869 , 21.64400
129.90 , 75.3774261474 , 21.65017
129.94 , 75.3774261474 , 21.65617
129.97 , 75.3774261474 , 21.66234
130.01 , 75.4860458374 , 21.66833
130.05 , 75.4860458374 , 21.67434
130.08 , 75.5946578979 , 21.68033
130.12 , 75.5946578979 , 21.68650
130.16 , 75.5946578979 , 21.69267
130.19 , 75.4860458374 , 21.69867
130.23 , 75.5946578979 , 21.70483
130.27 , 75.7032699584 , 21.71084
130.30 , 75.7032699584 , 21.71683
130.34 , 75.7032699584 , 21.72284
130.37 , 75.7032699584 , 21.72900
130.41 , 75.7032699584 , 21.73500
130.45 , 75.8118820190 , 21.74117
130.48 , 75.8118820190 , 21.74717
130.52 , 75.8118820190 , 21.75333
130.56 , 75.8118820190 , 21.75934
130.59 , 75.9204940795 , 21.76533
130.63 , 75.9204940795 , 21.77150
130.66 , 75.9204940795 , 21.77750
130.70 , 75.9204940795 , 21.78367
130.74 , 76.0291061401 , 21.78967
130.77 , 76.0291061401 , 21.79583
130.81 , 76.0291061401 , 21.80167
130.85 , 76.1377182006 , 21.80784
130.88 , 76.0291061401 , 21.81383
130.92 , 76.0291061401 , 21.82000
130.96 , 76.1377182006 , 21.82617
130.99 , 76.2463302612 , 21.83217
131.03 , 76.1377182006 , 21.83833
131.07 , 76.2463302612 , 21.84417
131.10 , 76.1377182006 , 21.85033
131.14 , 76.1377182006 , 21.85634