2.24 , 0.0000000000 , 0.37300
2.27 , 0.0000000000 , 0.37833
2.30 , 0.0000000000 , 0.38367
2.33 , 0.1086129074 , 0.38900
2.37 , 0.1086129074 , 0.39450
2.40 , 0.0000000000 , 0.39983
2.43 , 0.0000000000 , 0.40533
2.46 , 0.0000000000 , 0.41050
2.50 , 0.0000000000 , 0.41600
2.53 , 0.1086129074 , 0.42133
2.56 , 0.1086129074 , 0.42667
2.59 , 0.1086129074 , 0.43200
2.62 , 0.0000000000 , 0.43733
2.66 , 0.0000000000 , 0.44283
2.69 , 0.1086129074 , 0.44817
2.72 , 0.1086129074 , 0.45350
2.75 , 0.0000000000 , 0.45883
2.79 , 0.1086129074 , 0.46433
2.82 , 0.1086129074 , 0.46967
2.85 , 0.1086129074 , 0.47500
2.88 , 0.1086129074 , 0.48033
2.92 , 0.1086129074 , 0.48583
2.95 , 0.1086129074 , 0.49117
2.98 , 0.1086129074 , 0.49650
3.01 , 0.1086129074 , 0.50183
3.04 , 0.1086129074 , 0.50733
3.08 , 0.1086129074 , 0.51267
3.11 , 0.1086129074 , 0.51800
3.14 , 0.0000000000 , 0.52333
3.17 , 0.1086129074 , 0.52883
3.21 , 0.1086129074 , 0.53417
3.24 , 0.2172258138 , 0.53950
3.27 , 0.2172258138 , 0.54483
3.30 , 0.2172258138 , 0.55033
3.33 , 0.2172258138 , 0.55567
3.37 , 0.2172258138 , 0.56100
3.40 , 0.3258387088 , 0.56633
3.43 , 0.2172258138 , 0.57183
3.46 , 0.2172258138 , 0.57717
3.50 , 0.3258387088 , 0.58250
3.53 , 0.3258387088 , 0.58783
3.56 , 0.3258387088 , 0.59317
3.59 , 0.3258387088 , 0.59867
3.62 , 0.4344516277 , 0.60383
3.66 , 0.3258387088 , 0.60933
3.69 , 0.3258387088 , 0.61467
3.72 , 0.3258387088 , 0.62017
3.75 , 0.4344516277 , 0.62533
3.79 , 0.4344516277 , 0.63083
3.82 , 0.4344516277 , 0.63617
3.85 , 0.4344516277 , 0.64167
3.88 , 0.5430645465 , 0.64683
3.91 , 0.4344516277 , 0.65233
3.95 , 0.5430645465 , 0.65767
3.98 , 0.5430645465 , 0.66317
4.01 , 0.5430645465 , 0.66850
4.04 , 0.5430645465 , 0.67383
4.07 , 0.6516787528 , 0.67917
4.11 , 0.5430645465 , 0.68467
4.14 , 0.6516787528 , 0.69000
4.17 , 0.6516787528 , 0.69533
4.20 , 0.5430645465 , 0.70067
4.24 , 0.6516787528 , 0.70617
4.27 , 0.6516787528 , 0.71150
4.30 , 0.7602916240 , 0.71683
4.33 , 0.7602916240 , 0.72217
4.37 , 0.7602916240 , 0.72767
4.40 , 0.6516787528 , 0.73300
4.43 , 0.8689044952 , 0.73833
4.46 , 0.7602916240 , 0.74367
4.50 , 0.7602916240 , 0.74917
4.53 , 0.7602916240 , 0.75450
4.56 , 0.7602916240 , 0.75983
4.59 , 0.7602916240 , 0.76517
4.62 , 0.7602916240 , 0.77050
4.66 , 0.8689044952 , 0.77600
4.69 , 0.8689044952 , 0.78117
4.72 , 0.8689044952 , 0.78667
4.75 , 0.9775175094 , 0.79200
4.78 , 0.9775175094 , 0.79750
4.82 , 0.9775175094 , 0.80267
4.85 , 0.9775175094 , 0.80817
4.88 , 0.9775175094 , 0.81350
4.91 , 0.9775175094 , 0.81900
4.95 , 0.9775175094 , 0.82417
4.98 , 0.9775175094 , 0.82967
5.01 , 0.9775175094 , 0.83500
5.04 , 1.0861303806 , 0.84050
5.07 , 1.0861303806 , 0.84567
5.11 , 1.0861303806 , 0.85117
5.14 , 1.0861303806 , 0.85650
5.17 , 1.0861303806 , 0.86200
5.20 , 1.1947432708 , 0.86717
5.24 , 1.0861303806 , 0.87267
5.27 , 1.0861303806 , 0.87800
5.30 , 1.1947432708 , 0.88350
5.33 , 1.0861303806 , 0.88867
5.36 , 1.1947432708 , 0.89417
5.40 , 1.1947432708 , 0.89950
5.43 , 1.1947432708 , 0.90500
5.46 , 1.1947432708 , 0.91033
5.49 , 1.3033561706 , 0.91567
5.53 , 1.3033561706 , 0.92100
5.56 , 1.3033561706 , 0.92650
5.59 , 1.3033561706 , 0.93183
5.62 , 1.3033561706 , 0.93700
5.66 , 1.3033561706 , 0.94250
5.69 , 1.3033561706 , 0.94783
5.72 , 1.3033561706 , 0.95333
5.75 , 1.4119690895 , 0.95850
5.78 , 1.3033561706 , 0.96400
5.82 , 1.3033561706 , 0.96933
5.85 , 1.3033561706 , 0.97483
5.88 , 1.4119690895 , 0.98000
5.91 , 1.5205819606 , 0.98550
5.95 , 1.4119690895 , 0.99083
5.98 , 1.4119690895 , 0.99633
6.01 , 1.5205819606 , 1.00150
6.04 , 1.5205819606 , 1.00700
6.07 , 1.4119690895 , 1.01233
6.11 , 1.5205819606 , 1.01783
6.14 , 1.5205819606 , 1.02300
6.17 , 1.6291948318 , 1.02850
6.20 , 1.5205819606 , 1.03383
6.24 , 1.5205819606 , 1.03933
6.27 , 1.6291948318 , 1.04450
6.30 , 1.6291948318 , 1.05000
6.33 , 1.6291948318 , 1.05533
6.36 , 1.6291948318 , 1.06083
6.40 , 1.6291948318 , 1.06600
6.43 , 1.6291948318 , 1.07150
6.46 , 1.6291948318 , 1.07683
6.49 , 1.6291948318 , 1.08233
6.53 , 1.7378077507 , 1.08750
6.56 , 1.7378077507 , 1.09300
6.59 , 1.7378077507 , 1.09833
6.62 , 1.7378077507 , 1.10383
6.65 , 1.8464206695 , 1.10900
6.69 , 1.7378077507 , 1.11433
6.72 , 1.7378077507 , 1.11983
6.75 , 1.8464206695 , 1.12517
6.78 , 1.8464206695 , 1.13067
6.82 , 1.8464206695 , 1.13583
6.85 , 1.8464206695 , 1.14133
6.88 , 1.9550334930 , 1.14667
6.91 , 1.8464206695 , 1.15217
6.94 , 1.9550334930 , 1.15733
6.98 , 1.9550334930 , 1.16283
7.01 , 1.9550334930 , 1.16817
7.04 , 1.9550334930 , 1.17367
7.07 , 1.9550334930 , 1.17883
7.11 , 2.0636477470 , 1.18433
7.14 , 2.0636477470 , 1.18967
7.17 , 1.9550334930 , 1.19517
7.20 , 2.0636477470 , 1.20033
7.24 , 2.0636477470 , 1.20583
7.27 , 2.0636477470 , 1.21117
7.30 , 2.1722607612 , 1.21667
7.33 , 2.1722607612 , 1.22183
7.36 , 2.0636477470 , 1.22733
7.40 , 2.2808735370 , 1.23267
7.43 , 2.0636477470 , 1.23817
7.46 , 2.1722607612 , 1.24333
7.49 , 2.1722607612 , 1.24883
7.53 , 2.1722607612 , 1.25417
7.56 , 2.1722607612 , 1.25967
7.59 , 2.1722607612 , 1.26483
7.62 , 2.2808735370 , 1.27033
7.65 , 2.2808735370 , 1.27567
7.69 , 2.2808735370 , 1.28100
7.72 , 2.2808735370 , 1.28633
7.75 , 2.2808735370 , 1.29167
7.78 , 2.2808735370 , 1.29717
7.82 , 2.2808735370 , 1.30250
7.85 , 2.3894865512 , 1.30783
7.88 , 2.3894865512 , 1.31317
7.91 , 2.3894865512 , 1.31867
7.94 , 2.3894865512 , 1.32400
7.98 , 2.4980993270 , 1.32933
8.01 , 2.3894865512 , 1.33467
8.04 , 2.4980993270 , 1.34017
8.07 , 2.3894865512 , 1.34550
8.10 , 2.3894865512 , 1.35083
8.14 , 2.4980993270 , 1.35617
8.17 , 2.6067123413 , 1.36167
8.20 , 2.4980993270 , 1.36700
8.23 , 2.6067123413 , 1.37250
8.27 , 2.6067123413 , 1.37767
8.30 , 2.6067123413 , 1.38317
8.33 , 2.4980993270 , 1.38850
8.36 , 2.6067123413 , 1.39400
8.40 , 2.6067123413 , 1.39917
8.43 , 2.6067123413 , 1.40467
8.46 , 2.6067123413 , 1.41000
8.49 , 2.6067123413 , 1.41550
8.52 , 2.7153253555 , 1.42067
8.56 , 2.7153253555 , 1.42617
8.59 , 2.7153253555 , 1.43150
8.62 , 2.7153253555 , 1.43700
8.65 , 2.7153253555 , 1.44217
8.69 , 2.7153253555 , 1.44767
8.72 , 2.7153253555 , 1.45300
8.75 , 2.8239381790 , 1.45833
8.78 , 2.8239381790 , 1.46367
8.81 , 2.8239381790 , 1.46900
8.85 , 2.8239381790 , 1.47450
8.88 , 2.8239381790 , 1.47983
8.91 , 2.9325511932 , 1.48517
8.94 , 2.9325511932 , 1.49050
8.98 , 2.9325511932 , 1.49600
9.01 , 2.8239381790 , 1.50133
9.04 , 2.9325511932 , 1.50667
9.07 , 2.9325511932 , 1.51200
9.10 , 2.9325511932 , 1.51750
9.14 , 2.9325511932 , 1.52283
9.17 , 2.9325511932 , 1.52817
9.20 , 3.0411639213 , 1.53350
9.23 , 3.0411639213 , 1.53900
9.27 , 2.9325511932 , 1.54433
9.30 , 3.1497769355 , 1.54967
9.33 , 3.0411639213 , 1.55500
9.36 , 3.0411639213 , 1.56050
9.40 , 3.0411639213 , 1.56583
9.43 , 3.1497769355 , 1.57117
9.46 , 3.0411639213 , 1.57650
9.49 , 3.1497769355 , 1.58200
9.52 , 3.2583897113 , 1.58733
9.56 , 3.1497769355 , 1.59267
9.59 , 3.1497769355 , 1.59800
9.62 , 3.2583897113 , 1.60350
9.65 , 3.2583897113 , 1.60883
9.69 , 3.2583897113 , 1.61433
9.72 , 3.2583897113 , 1.61950
9.75 , 3.2583897113 , 1.62483
9.78 , 3.2583897113 , 1.63033
9.81 , 3.2583897113 , 1.63567
9.85 , 3.2583897113 , 1.64100
9.88 , 3.2583897113 , 1.64633
9.91 , 3.2583897113 , 1.65183
9.94 , 3.3670027256 , 1.65717
9.98 , 3.3670027256 , 1.66250
10.01 , 3.3670027256 , 1.66783
10.04 , 3.3670027256 , 1.67350
10.07 , 3.3670027256 , 1.67900
10.11 , 3.3670027256 , 1.68450
10.14 , 3.3670027256 , 1.69000
10.17 , 3.4756169319 , 1.69567
10.21 , 3.4756169319 , 1.70117
10.24 , 3.4756169319 , 1.70683
10.27 , 3.4756169319 , 1.71217
10.31 , 3.4756169319 , 1.71783
10.34 , 3.4756169319 , 1.72333
10.37 , 3.4756169319 , 1.72900
10.41 , 3.4756169319 , 1.73433
10.44 , 3.4756169319 , 1.74000
10.47 , 3.5842297077 , 1.74550
10.51 , 3.5842297077 , 1.75117
10.54 , 3.5842297077 , 1.75667
10.57 , 3.5842297077 , 1.76217
10.61 , 3.5842297077 , 1.76767
10.64 , 3.6928427219 , 1.77333
10.67 , 3.6928427219 , 1.77883
10.71 , 3.6928427219 , 1.78433
10.74 , 3.6928427219 , 1.78983
10.77 , 3.6928427219 , 1.79550
10.81 , 3.6928427219 , 1.80100
10.84 , 3.8014554977 , 1.80667
10.87 , 3.8014554977 , 1.81200
10.91 , 3.8014554977 , 1.81767
10.94 , 3.6928427219 , 1.82317
10.97 , 3.8014554977 , 1.82883
11.01 , 3.9100685119 , 1.83417
11.04 , 3.8014554977 , 1.83983
11.07 , 3.8014554977 , 1.84533
11.11 , 3.9100685119 , 1.85100
11.14 , 3.9100685119 , 1.85650
11.17 , 3.9100685119 , 1.86200
11.21 , 3.9100685119 , 1.86750
11.24 , 4.0186815261 , 1.87317
11.27 , 3.9100685119 , 1.87867
11.31 , 4.0186815261 , 1.88417
11.34 , 3.9100685119 , 1.88967
11.37 , 4.0186815261 , 1.89533
11.40 , 4.1272945404 , 1.90083
11.44 , 4.1272945404 , 1.90650
11.47 , 4.0186815261 , 1.91183
11.51 , 4.1272945404 , 1.91750
11.54 , 4.0186815261 , 1.92300
11.57 , 4.1272945404 , 1.92867
11.60 , 4.1272945404 , 1.93400
11.64 , 4.1272945404 , 1.93967
11.67 , 4.1272945404 , 1.94517
11.71 , 4.1272945404 , 1.95083
11.74 , 4.1272945404 , 1.95633
11.77 , 4.2359070777 , 1.96183
11.80 , 4.1272945404 , 1.96733
11.84 , 4.2359070777 , 1.97300
11.87 , 4.2359070777 , 1.97850
11.90 , 4.2359070777 , 1.98417
11.94 , 4.2359070777 , 1.98950
11.97 , 4.2359070777 , 1.99517
12.00 , 4.2359070777 , 2.00067
12.04 , 4.3445200920 , 2.00633
12.07 , 4.2359070777 , 2.01167
12.10 , 4.3445200920 , 2.01733
12.14 , 4.3445200920 , 2.02283
12.17 , 4.3445200920 , 2.02850
12.20 , 4.3445200920 , 2.03400
12.24 , 4.4531331062 , 2.03950
12.27 , 4.3445200920 , 2.04500
12.30 , 4.4531331062 , 2.05067
12.34 , 4.3445200920 , 2.05617
12.37 , 4.5617461204 , 2.06167
12.40 , 4.4531331062 , 2.06717
12.44 , 4.4531331062 , 2.07283
12.47 , 4.5617461204 , 2.07833
12.50 , 4.5617461204 , 2.08400
12.54 , 4.5617461204 , 2.08933
12.57 , 4.4531331062 , 2.09500
12.60 , 4.6703586578 , 2.10050
12.64 , 4.5617461204 , 2.10617
12.67 , 4.5617461204 , 2.11150
12.70 , 4.5617461204 , 2.11717
12.74 , 4.6703586578 , 2.12267
12.77 , 4.6703586578 , 2.12833
12.80 , 4.6703586578 , 2.13383
12.84 , 4.6703586578 , 2.13933
12.87 , 4.6703586578 , 2.14483
12.90 , 4.6703586578 , 2.15050
12.94 , 4.7789716720 , 2.15600
12.97 , 4.6703586578 , 2.16150
13.00 , 4.7789716720 , 2.16700
13.04 , 4.8875861167 , 2.17267
13.07 , 4.7789716720 , 2.17817
13.10 , 4.7789716720 , 2.18383
13.14 , 4.7789716720 , 2.18917
13.17 , 4.7789716720 , 2.19483
13.20 , 4.7789716720 , 2.20033
13.24 , 4.8875861167 , 2.20600
13.27 , 4.7789716720 , 2.21133
13.30 , 4.8875861167 , 2.21700
13.34 , 4.8875861167 , 2.22250
13.37 , 4.8875861167 , 2.22817
13.40 , 4.8875861167 , 2.23367
13.44 , 4.8875861167 , 2.23917
13.47 , 4.9961986541 , 2.24467
13.50 , 4.8875861167 , 2.25033
13.53 , 4.9961986541 , 2.25583
13.57 , 5.1048116683 , 2.26150
13.60 , 4.9961986541 , 2.26683
13.64 , 5.1048116683 , 2.27250
13.67 , 5.1048116683 , 2.27800
13.70 , 5.1048116683 , 2.28367
13.73 , 5.1048116683 , 2.28900
13.77 , 4.9961986541 , 2.29467
13.80 , 5.2134246826 , 2.30017
13.84 , 5.1048116683 , 2.30583
13.87 , 5.1048116683 , 2.31133
13.90 , 5.1048116683 , 2.31683
13.93 , 5.3220376968 , 2.32233
13.97 , 5.2134246826 , 2.32800
14.00 , 5.2134246826 , 2.33350
14.03 , 5.2134246826 , 2.33900
14.07 , 5.2134246826 , 2.34450
14.10 , 5.3220376968 , 2.35017
14.13 , 5.2134246826 , 2.35567
14.17 , 5.2134246826 , 2.36133
14.20 , 5.3220376968 , 2.36667
14.23 , 5.3220376968 , 2.37233
14.27 , 5.3220376968 , 2.37783
14.30 , 5.3220376968 , 2.38350
14.33 , 5.3220376968 , 2.38883
14.37 , 5.3220376968 , 2.39450
14.40 , 5.4306507110 , 2.40000
14.43 , 5.4306507110 , 2.40567
14.47 , 5.4306507110 , 2.41117
14.50 , 5.4306507110 , 2.41667
14.53 , 5.4306507110 , 2.42217
14.57 , 5.5392632484 , 2.42783
14.60 , 5.5392632484 , 2.43333
14.63 , 5.5392632484 , 2.43883
14.67 , 5.5392632484 , 2.44433
14.70 , 5.5392632484 , 2.45000
14.73 , 5.5392632484 , 2.45550
14.77 , 5.6478762626 , 2.46117
14.80 , 5.6478762626 , 2.46650
14.83 , 5.7564892768 , 2.47217
14.87 , 5.6478762626 , 2.47767
14.90 , 5.6478762626 , 2.48333
14.93 , 5.6478762626 , 2.48867
14.97 , 5.6478762626 , 2.49433
15.00 , 5.6478762626 , 2.49983
15.03 , 5.7564892768 , 2.50550
15.07 , 5.6478762626 , 2.51100
15.10 , 5.7564892768 , 2.51650
15.13 , 5.7564892768 , 2.52200
15.17 , 5.8651022911 , 2.52767
15.20 , 5.7564892768 , 2.53317
15.23 , 5.7564892768 , 2.53883
15.27 , 5.7564892768 , 2.54417
15.30 , 5.8651022911 , 2.54983
15.33 , 5.8651022911 , 2.55533
15.37 , 5.8651022911 , 2.56100
15.40 , 5.8651022911 , 2.56633
15.43 , 5.8651022911 , 2.57200
15.47 , 5.8651022911 , 2.57750
15.50 , 5.8651022911 , 2.58317
15.53 , 5.9737148284 , 2.58867
15.56 , 5.8651022911 , 2.59417
15.60 , 5.9737148284 , 2.59967
15.63 , 5.8651022911 , 2.60533
15.67 , 5.9737148284 , 2.61083
15.70 , 5.9737148284 , 2.61633
15.73 , 6.0823278427 , 2.62183
15.77 , 6.0823278427 , 2.62750
15.80 , 6.0823278427 , 2.63300
15.83 , 5.9737148284 , 2.63867
15.86 , 6.0823278427 , 2.64400
15.90 , 6.0823278427 , 2.64967
15.93 , 6.0823278427 , 2.65517
15.97 , 6.1909422874 , 2.66083
16.00 , 6.0823278427 , 2.66617
16.03 , 6.1909422874 , 2.67183
16.06 , 6.1909422874 , 2.67733
16.10 , 6.0823278427 , 2.68300
16.13 , 6.1909422874 , 2.68850
16.16 , 6.1909422874 , 2.69400
16.20 , 6.2995548248 , 2.69950
16.23 , 6.2995548248 , 2.70517
16.26 , 6.2995548248 , 2.71067
16.30 , 6.4081678390 , 2.71617
16.33 , 6.2995548248 , 2.72167
16.36 , 6.2995548248 , 2.72733
16.40 , 6.2995548248 , 2.73283
16.43 , 6.4081678390 , 2.73850
16.46 , 6.5167808532 , 2.74383
16.50 , 6.4081678390 , 2.74950
16.53 , 6.4081678390 , 2.75500
16.56 , 6.4081678390 , 2.76067
16.60 , 6.5167808532 , 2.76600
16.63 , 6.5167808532 , 2.77167
16.66 , 6.4081678390 , 2.77717
16.70 , 6.4081678390 , 2.78283
16.73 , 6.5167808532 , 2.78833
16.76 , 6.5167808532 , 2.79383
16.80 , 6.5167808532 , 2.79933
16.83 , 6.5167808532 , 2.80500
16.86 , 6.5167808532 , 2.81050
16.90 , 6.6253938674 , 2.81617
16.93 , 6.5167808532 , 2.82150
16.96 , 6.6253938674 , 2.82717
17.00 , 6.6253938674 , 2.83267
17.03 , 6.6253938674 , 2.83833
17.06 , 6.6253938674 , 2.84367
17.10 , 6.7340068817 , 2.84933
17.13 , 6.7340068817 , 2.85483
17.16 , 6.7340068817 , 2.86050
17.20 , 6.6253938674 , 2.86600
17.23 , 6.6253938674 , 2.87150
17.26 , 6.7340068817 , 2.87700
17.30 , 6.7340068817 , 2.88267
17.33 , 6.8426194190 , 2.88817
17.36 , 6.7340068817 , 2.89367
17.39 , 6.8426194190 , 2.89917
17.43 , 6.8426194190 , 2.90483
17.46 , 6.8426194190 , 2.91033
17.50 , 6.8426194190 , 2.91600
17.53 , 6.8426194190 , 2.92133
17.56 , 6.8426194190 , 2.92700
17.59 , 6.8426194190 , 2.93250
17.63 , 6.9512324333 , 2.93817
17.66 , 6.8426194190 , 2.94350
17.69 , 6.9512324333 , 2.94917
17.73 , 6.9512324333 , 2.95467
17.76 , 6.9512324333 , 2.96033
17.79 , 6.9512324333 , 2.96583
17.83 , 6.9512324333 , 2.97133
17.86 , 6.9512324333 , 2.97683
17.89 , 7.0598454475 , 2.98250
17.93 , 7.0598454475 , 2.98800
17.96 , 7.0598454475 , 2.99350
17.99 , 7.0598454475 , 2.99900
18.03 , 7.0598454475 , 3.00467
18.06 , 7.1684584617 , 3.01017
18.09 , 7.1684584617 , 3.01583
18.13 , 7.1684584617 , 3.02117
18.16 , 7.1684584617 , 3.02683
18.19 , 7.1684584617 , 3.03233
18.23 , 7.1684584617 , 3.03800
18.26 , 7.1684584617 , 3.04333
18.29 , 7.2770709991 , 3.04900
18.33 , 7.1684584617 , 3.05450
18.36 , 7.2770709991 , 3.06017
18.39 , 7.2770709991 , 3.06567
18.43 , 7.2770709991 , 3.07117
18.46 , 7.2770709991 , 3.07667
18.49 , 7.3856840133 , 3.08233
18.53 , 7.3856840133 , 3.08783
18.56 , 7.2770709991 , 3.09350
18.59 , 7.4942970275 , 3.09883
18.63 , 7.3856840133 , 3.10450
18.66 , 7.4942970275 , 3.11000
18.69 , 7.4942970275 , 3.11567
18.73 , 7.4942970275 , 3.12100
18.76 , 7.3856840133 , 3.12667
18.79 , 7.4942970275 , 3.13217
18.83 , 7.4942970275 , 3.13783
18.86 , 7.4942970275 , 3.14333
18.89 , 7.6029109954 , 3.14883
18.93 , 7.6029109954 , 3.15433
18.96 , 7.6029109954 , 3.16000
18.99 , 7.6029109954 , 3.16550
19.03 , 7.6029109954 , 3.17100
19.06 , 7.6029109954 , 3.17650
19.09 , 7.6029109954 , 3.18217
19.13 , 7.6029109954 , 3.18767
19.16 , 7.7115240097 , 3.19333
19.19 , 7.7115240097 , 3.19867
19.23 , 7.7115240097 , 3.20433
19.26 , 7.7115240097 , 3.20983
19.29 , 7.7115240097 , 3.21550
19.32 , 7.7115240097 , 3.22083
19.36 , 7.7115240097 , 3.22650
19.39 , 7.7115240097 , 3.23200
19.43 , 7.8201370239 , 3.23767
19.46 , 7.8201370239 , 3.24317
19.49 , 7.8201370239 , 3.24867
19.52 , 7.9287500381 , 3.25417
19.56 , 7.9287500381 , 3.25983
19.59 , 7.8201370239 , 3.26533
19.62 , 7.8201370239 , 3.27083
19.66 , 7.9287500381 , 3.27633
19.69 , 7.9287500381 , 3.28200
19.72 , 7.8201370239 , 3.28750
19.76 , 7.9287500381 , 3.29317
19.79 , 7.9287500381 , 3.29850
19.82 , 7.9287500381 , 3.30417
19.86 , 7.9287500381 , 3.30967
19.89 , 7.9287500381 , 3.31533
19.92 , 8.0373630523 , 3.32067
19.96 , 7.9287500381 , 3.32633
19.99 , 8.0373630523 , 3.33183
20.02 , 8.0373630523 , 3.33750
20.06 , 8.0373630523 , 3.34300
20.09 , 8.1459760665 , 3.34850
20.12 , 8.0373630523 , 3.35400
20.16 , 8.1459760665 , 3.35967
20.19 , 8.1459760665 , 3.36517
20.22 , 8.1459760665 , 3.37083
20.26 , 8.2545890808 , 3.37617
20.29 , 8.2545890808 , 3.38183
20.32 , 8.2545890808 , 3.38733
20.36 , 8.1459760665 , 3.39300
20.39 , 8.2545890808 , 3.39833
20.42 , 8.2545890808 , 3.40400
20.46 , 8.2545890808 , 3.40950
20.49 , 8.2545890808 , 3.41517
20.52 , 8.2545890808 , 3.42067
20.56 , 8.2545890808 , 3.42617
20.59 , 8.3632011413 , 3.43167
20.62 , 8.2545890808 , 3.43733
20.66 , 8.3632011413 , 3.44283
20.69 , 8.3632011413 , 3.44833
20.72 , 8.4718141555 , 3.45383
20.76 , 8.3632011413 , 3.45950
20.79 , 8.3632011413 , 3.46500
20.82 , 8.5804271697 , 3.47067
20.86 , 8.4718141555 , 3.47600
20.89 , 8.4718141555 , 3.48167
20.92 , 8.4718141555 , 3.48717
20.96 , 8.4718141555 , 3.49283
20.99 , 8.4718141555 , 3.49817
21.02 , 8.5804271697 , 3.50383
21.06 , 8.5804271697 , 3.50933
21.09 , 8.5804271697 , 3.51500
21.12 , 8.5804271697 , 3.52050
21.16 , 8.6890401840 , 3.52600
21.19 , 8.6890401840 , 3.53150
21.22 , 8.6890401840 , 3.53717
21.26 , 8.7976531982 , 3.54267
21.29 , 8.6890401840 , 3.54817
21.32 , 8.6890401840 , 3.55367
21.36 , 8.7976531982 , 3.55933
21.39 , 8.6890401840 , 3.56483
21.42 , 8.7976531982 , 3.57050
21.45 , 8.6890401840 , 3.57583
21.49 , 8.7976531982 , 3.58150
21.52 , 8.7976531982 , 3.58700
21.56 , 8.7976531982 , 3.59267
21.59 , 8.9062662124 , 3.59800
21.62 , 8.7976531982 , 3.60367
21.65 , 8.7976531982 , 3.60917
21.69 , 8.7976531982 , 3.61483
21.72 , 8.9062662124 , 3.62033
21.75 , 8.9062662124 , 3.62583
21.79 , 9.0148801803 , 3.63133
21.82 , 9.0148801803 , 3.63700
21.85 , 9.0148801803 , 3.64250
21.89 , 9.0148801803 , 3.64817
21.92 , 8.9062662124 , 3.65350
21.95 , 9.0148801803 , 3.65917
21.99 , 9.0148801803 , 3.66467
22.02 , 9.1234931945 , 3.67033
22.05 , 9.0148801803 , 3.67567
22.09 , 9.0148801803 , 3.68133
22.12 , 9.1234931945 , 3.68683
22.15 , 9.1234931945 , 3.69250
22.19 , 9.1234931945 , 3.69800
22.22 , 9.1234931945 , 3.70350
22.25 , 9.1234931945 , 3.70900
22.29 , 9.1234931945 , 3.71467
22.32 , 9.2321062088 , 3.72017
22.35 , 9.1234931945 , 3.72567
22.39 , 9.1234931945 , 3.73117
22.42 , 9.2321062088 , 3.73683
22.45 , 9.2321062088 , 3.74233
22.49 , 9.2321062088 , 3.74800
22.52 , 9.2321062088 , 3.75333
22.55 , 9.2321062088 , 3.75900
22.59 , 9.3407192230 , 3.76450
22.62 , 9.2321062088 , 3.77017
22.65 , 9.3407192230 , 3.77550
22.69 , 9.3407192230 , 3.78117
22.72 , 9.3407192230 , 3.78667
22.75 , 9.3407192230 , 3.79233
22.79 , 9.3407192230 , 3.79783
22.82 , 9.4493322372 , 3.80333
22.85 , 9.4493322372 , 3.80883
22.89 , 9.4493322372 , 3.81450
22.92 , 9.4493322372 , 3.82000
22.95 , 9.4493322372 , 3.82550
22.99 , 9.5579452514 , 3.83100
23.02 , 9.4493322372 , 3.83667
23.05 , 9.5579452514 , 3.84217
23.09 , 9.5579452514 , 3.84783
23.12 , 9.6665573120 , 3.85317
23.15 , 9.5579452514 , 3.85883
23.19 , 9.5579452514 , 3.86433
23.22 , 9.6665573120 , 3.87000
23.25 , 9.6665573120 , 3.87533
23.29 , 9.6665573120 , 3.88100
23.32 , 9.6665573120 , 3.88650
23.35 , 9.6665573120 , 3.89217
23.39 , 9.6665573120 , 3.89767
23.42 , 9.7751703262 , 3.90317
23.45 , 9.7751703262 , 3.90867
23.49 , 9.8837833404 , 3.91433
23.52 , 9.7751703262 , 3.91983
23.55 , 9.7751703262 , 3.92550
23.58 , 9.8837833404 , 3.93083
23.62 , 9.8837833404 , 3.93650
23.65 , 9.7751703262 , 3.94200
23.69 , 9.9923963546 , 3.94767
23.72 , 9.8837833404 , 3.95300
23.75 , 9.9923963546 , 3.95867
23.78 , 9.9923963546 , 3.96417
23.82 , 9.9923963546 , 3.96983
23.85 , 9.9923963546 , 3.97533
23.88 , 9.9923963546 , 3.98083
23.92 , 9.9923963546 , 3.98633
23.95 , 9.9923963546 , 3.99200
23.98 , 9.9923963546 , 3.99750
24.02 , 9.9923963546 , 4.00300
24.05 , 9.9923963546 , 4.00850
24.08 , 9.9923963546 , 4.01417
24.12 , 10.1010093688 , 4.01967
24.15 , 10.1010093688 , 4.02550
24.19 , 10.1010093688 , 4.03100
24.22 , 10.2096223831 , 4.03683
24.25 , 10.1010093688 , 4.04250
24.29 , 10.2096223831 , 4.04833
24.32 , 10.2096223831 , 4.05400
24.36 , 10.2096223831 , 4.05967
24.39 , 10.1010093688 , 4.06533
24.43 , 10.2096223831 , 4.07117
24.46 , 10.1010093688 , 4.07700
24.50 , 10.2096223831 , 4.08267
24.53 , 10.2096223831 , 4.08833
24.56 , 10.2096223831 , 4.09400
24.60 , 10.3182353973 , 4.09983
24.63 , 10.3182353973 , 4.10550
24.67 , 10.3182353973 , 4.11133
24.70 , 10.4268484115 , 4.11683
24.74 , 10.3182353973 , 4.12267
24.77 , 10.3182353973 , 4.12833
24.80 , 10.3182353973 , 4.13417
24.84 , 10.4268484115 , 4.13983
24.87 , 10.4268484115 , 4.14550
24.91 , 10.4268484115 , 4.15117
24.94 , 10.4268484115 , 4.15700
24.98 , 10.4268484115 , 4.16267
25.01 , 10.4268484115 , 4.16850
25.04 , 10.5354614257 , 4.17400
25.08 , 10.5354614257 , 4.17983
25.11 , 10.5354614257 , 4.18550
25.15 , 10.5354614257 , 4.19133
25.18 , 10.6440734863 , 4.19700
25.22 , 10.6440734863 , 4.20283
25.25 , 10.6440734863 , 4.20833
25.28 , 10.6440734863 , 4.21417
25.32 , 10.6440734863 , 4.21983
25.35 , 10.5354614257 , 4.22567
25.39 , 10.7526865005 , 4.23133
25.42 , 10.7526865005 , 4.23700
25.46 , 10.6440734863 , 4.24267
25.49 , 10.7526865005 , 4.24850
25.53 , 10.6440734863 , 4.25433
25.56 , 10.7526865005 , 4.26000
25.59 , 10.7526865005 , 4.26567
25.63 , 10.7526865005 , 4.27133
25.66 , 10.8612995147 , 4.27717
25.70 , 10.8612995147 , 4.28283
25.73 , 10.8612995147 , 4.28867
25.76 , 10.8612995147 , 4.29417
25.80 , 10.9699125289 , 4.30000
25.83 , 10.9699125289 , 4.30567
25.87 , 10.9699125289 , 4.31150
25.90 , 10.9699125289 , 4.31717
25.94 , 10.9699125289 , 4.32283
25.97 , 10.9699125289 , 4.32850
26.01 , 10.9699125289 , 4.33433
26.04 , 11.0785284042 , 4.34000
26.07 , 11.0785284042 , 4.34583
26.11 , 11.0785284042 , 4.35133
26.14 , 11.1871414184 , 4.35717
26.18 , 11.1871414184 , 4.36283
26.21 , 11.0785284042 , 4.36867
26.25 , 11.1871414184 , 4.37433
26.28 , 11.0785284042 , 4.38000
26.31 , 11.2957534790 , 4.38567
26.35 , 11.1871414184 , 4.39150
26.38 , 11.1871414184 , 4.39717
26.42 , 11.2957534790 , 4.40300
26.45 , 11.1871414184 , 4.40850
26.49 , 11.2957534790 , 4.41433
26.52 , 11.2957534790 , 4.42000
26.55 , 11.2957534790 , 4.42583
26.59 , 11.2957534790 , 4.43150
26.62 , 11.2957534790 , 4.43733
26.66 , 11.2957534790 , 4.44300
26.69 , 11.2957534790 , 4.44867
26.73 , 11.4043664932 , 4.45450
26.76 , 11.4043664932 , 4.46017
26.80 , 11.4043664932 , 4.46600
26.83 , 11.4043664932 , 4.47150
26.86 , 11.5129795074 , 4.47733
26.90 , 11.4043664932 , 4.48300
26.93 , 11.4043664932 , 4.48883
26.97 , 11.5129795074 , 4.49450
27.00 , 11.5129795074 , 4.50017
27.03 , 11.5129795074 , 4.50583
27.07 , 11.5129795074 , 4.51167
27.10 , 11.5129795074 , 4.51733
27.14 , 11.6215925216 , 4.52317
27.17 , 11.6215925216 , 4.52867
27.21 , 11.5129795074 , 4.53450
27.24 , 11.6215925216 , 4.54017
27.28 , 11.6215925216 , 4.54600
27.31 , 11.6215925216 , 4.55167
27.34 , 11.6215925216 , 4.55733
27.38 , 11.6215925216 , 4.56300
27.41 , 11.7302055358 , 4.56883
27.45 , 11.8388185501 , 4.57450
27.48 , 11.7302055358 , 4.58033
27.51 , 11.7302055358 , 4.58583
27.55 , 11.7302055358 , 4.59167
27.58 , 11.8388185501 , 4.59733
27.62 , 11.8388185501 , 4.60317
27.65 , 11.8388185501 , 4.60883
27.69 , 11.8388185501 , 4.61450
27.72 , 11.8388185501 , 4.62033
27.76 , 11.8388185501 , 4.62600
27.79 , 11.8388185501 , 4.63183
27.82 , 11.8388185501 , 4.63750
27.86 , 11.9474315643 , 4.64317
27.89 , 11.9474315643 , 4.64883
27.93 , 12.0560445785 , 4.65467
27.96 , 12.0560445785 , 4.66033
28.00 , 12.0560445785 , 4.66617
28.03 , 12.0560445785 , 4.67167
28.06 , 12.0560445785 , 4.67750
28.10 , 12.0560445785 , 4.68317
28.13 , 12.1646575927 , 4.68900
28.17 , 12.0560445785 , 4.69467
28.20 , 12.1646575927 , 4.70050
28.24 , 12.1646575927 , 4.70600
28.27 , 12.1646575927 , 4.71183
28.30 , 12.1646575927 , 4.71750
28.34 , 12.1646575927 , 4.72333
28.37 , 12.1646575927 , 4.72900
28.41 , 12.2732696533 , 4.73467
28.44 , 12.2732696533 , 4.74033
28.48 , 12.1646575927 , 4.74617
28.51 , 12.1646575927 , 4.75183
28.55 , 12.2732696533 , 4.75767
28.58 , 12.3818826675 , 4.76317
28.61 , 12.2732696533 , 4.76900
28.65 , 12.2732696533 , 4.77467
28.68 , 12.3818826675 , 4.78050
28.72 , 12.4904956817 , 4.78617
28.75 , 12.3818826675 , 4.79183
28.78 , 12.3818826675 , 4.79750
28.82 , 12.4904956817 , 4.80333
28.85 , 12.4904956817 , 4.80917
28.89 , 12.3818826675 , 4.81483
28.92 , 12.4904956817 , 4.82050
28.96 , 12.5991086959 , 4.82617
28.99 , 12.4904956817 , 4.83200
29.03 , 12.4904956817 , 4.83767
29.06 , 12.4904956817 , 4.84350
29.09 , 12.4904956817 , 4.84900
29.13 , 12.4904956817 , 4.85483
29.16 , 12.4904956817 , 4.86050
29.20 , 12.5991086959 , 4.86633
29.23 , 12.5991086959 , 4.87200
29.27 , 12.7077217102 , 4.87767
29.30 , 12.8163347244 , 4.88333
29.33 , 12.5991086959 , 4.88917
29.37 , 12.5991086959 , 4.89483
29.40 , 12.8163347244 , 4.90067
29.44 , 12.7077217102 , 4.90617
29.47 , 12.7077217102 , 4.91200
29.51 , 12.7077217102 , 4.91767
29.54 , 12.8163347244 , 4.92350
29.57 , 12.7077217102 , 4.92917
29.61 , 12.8163347244 , 4.93483
29.64 , 12.8163347244 , 4.94050
29.68 , 12.9249477386 , 4.94633
29.71 , 12.8163347244 , 4.95200
29.75 , 12.9249477386 , 4.95783
29.78 , 12.8163347244 , 4.96333
29.81 , 12.8163347244 , 4.96917
29.85 , 12.9249477386 , 4.97483
29.88 , 12.9249477386 , 4.98067
29.92 , 12.9249477386 , 4.98650
29.95 , 12.9249477386 , 4.99217
29.99 , 13.0335607528 , 4.99783
30.02 , 13.0335607528 , 5.00350
30.06 , 12.9249477386 , 5.00933
30.09 , 13.0335607528 , 5.01500
30.12 , 13.0335607528 , 5.02083
30.16 , 13.0335607528 , 5.02633
30.19 , 13.1421737670 , 5.03217
30.23 , 13.0335607528 , 5.03783
30.26 , 13.1421737670 , 5.04367
30.30 , 13.1421737670 , 5.04933
30.33 , 13.1421737670 , 5.05500
30.36 , 13.2507858276 , 5.06067
30.40 , 13.1421737670 , 5.06650
30.43 , 13.2507858276 , 5.07217
30.47 , 13.2507858276 , 5.07800
30.50 , 13.3593988418 , 5.08350
30.54 , 13.3593988418 , 5.08933
30.57 , 13.3593988418 , 5.09500
30.60 , 13.3593988418 , 5.10083
30.64 , 13.2507858276 , 5.10650
30.67 , 13.3593988418 , 5.11217
30.71 , 13.3593988418 , 5.11783
30.74 , 13.4680118560 , 5.12367
30.78 , 13.3593988418 , 5.12933
30.81 , 13.4680118560 , 5.13517
30.84 , 13.2507858276 , 5.14067
30.88 , 13.3593988418 , 5.14650
30.91 , 13.4680118560 , 5.15217
30.95 , 13.4680118560 , 5.15800
30.98 , 13.4680118560 , 5.16367
31.02 , 13.4680118560 , 5.16933
31.05 , 13.4680118560 , 5.17517
31.08 , 13.5766248703 , 5.18083
31.12 , 13.5766248703 , 5.18667
31.15 , 13.5766248703 , 5.19233
31.19 , 13.5766248703 , 5.19800
31.22 , 13.6852378845 , 5.20367
31.26 , 13.5766248703 , 5.20950
31.29 , 13.5766248703 , 5.21517
31.33 , 13.6852378845 , 5.22100
31.36 , 13.6852378845 , 5.22667
31.39 , 13.6852378845 , 5.23233
31.43 , 13.7938508987 , 5.23800
31.46 , 13.7938508987 , 5.24383
31.50 , 13.6852378845 , 5.24950
31.53 , 13.6852378845 , 5.25533
31.56 , 13.7938508987 , 5.26083
31.60 , 13.7938508987 , 5.26667
31.63 , 13.7938508987 , 5.27233
31.67 , 13.7938508987 , 5.27817
31.70 , 13.7938508987 , 5.28383
31.74 , 13.9024658203 , 5.28950
31.77 , 13.9024658203 , 5.29517
31.81 , 13.9024658203 , 5.30100
31.84 , 13.7938508987 , 5.30667
31.87 , 13.9024658203 , 5.31250
31.91 , 13.9024658203 , 5.31800
31.94 , 13.9024658203 , 5.32383
31.98 , 14.0110788345 , 5.32950
32.01 , 14.0110788345 , 5.33533
32.05 , 14.0110788345 , 5.34100
32.08 , 14.0110788345 , 5.34667
32.12 , 14.0110788345 , 5.35250
32.15 , 14.1196918487 , 5.35817
32.18 , 14.1196918487 , 5.36400
32.22 , 14.1196918487 , 5.36967
32.25 , 14.1196918487 , 5.37533
32.29 , 14.1196918487 , 5.38100
32.32 , 14.1196918487 , 5.38683
32.36 , 14.1196918487 , 5.39250
32.39 , 14.2283048629 , 5.39833
32.42 , 14.2283048629 , 5.40383
32.46 , 14.2283048629 , 5.40967
32.49 , 14.2283048629 , 5.41533
32.53 , 14.2283048629 , 5.42117
32.56 , 14.3369178771 , 5.42683
32.60 , 14.3369178771 , 5.43250
32.63 , 14.3369178771 , 5.43817
32.66 , 14.3369178771 , 5.44400
32.70 , 14.3369178771 , 5.44967
32.73 , 14.4455308914 , 5.45550
32.77 , 14.3369178771 , 5.46100
32.80 , 14.4455308914 , 5.46683
32.84 , 14.4455308914 , 5.47250
32.87 , 14.4455308914 , 5.47833
32.90 , 14.4455308914 , 5.48400
32.94 , 14.4455308914 , 5.48983
32.97 , 14.4455308914 , 5.49533
33.01 , 14.4455308914 , 5.50117
33.04 , 14.5541439056 , 5.50683
33.08 , 14.5541439056 , 5.51267
33.11 , 14.5541439056 , 5.51833
33.14 , 14.5541439056 , 5.52400
33.18 , 14.5541439056 , 5.52967
33.21 , 14.5541439056 , 5.53550
33.25 , 14.6627569198 , 5.54133
33.28 , 14.6627569198 , 5.54700
33.32 , 14.7713699340 , 5.55267
33.35 , 14.6627569198 , 5.55833
33.38 , 14.6627569198 , 5.56417
33.42 , 14.7713699340 , 5.56983
33.45 , 14.6627569198 , 5.57567
33.49 , 14.7713699340 , 5.58117
33.52 , 14.7713699340 , 5.58700
33.56 , 14.7713699340 , 5.59267
33.59 , 14.8799819946 , 5.59850
33.63 , 14.8799819946 , 5.60417
33.66 , 14.8799819946 , 5.60983
33.69 , 14.8799819946 , 5.61550
33.73 , 14.8799819946 , 5.62133
33.76 , 14.8799819946 , 5.62700
33.80 , 14.8799819946 , 5.63283
33.83 , 14.9885950088 , 5.63833
33.87 , 14.9885950088 , 5.64417
33.90 , 14.9885950088 , 5.64983
33.93 , 14.9885950088 , 5.65567
33.97 , 14.8799819946 , 5.66133
34.00 , 15.0972080230 , 5.66700
34.04 , 14.8799819946 , 5.67267
34.07 , 14.9885950088 , 5.67850
34.11 , 15.2058210372 , 5.68417
34.14 , 14.9885950088 , 5.69000
34.17 , 15.0972080230 , 5.69550
34.21 , 15.0972080230 , 5.70133
34.24 , 15.0972080230 , 5.70700
34.28 , 15.0972080230 , 5.71283
34.31 , 15.2058210372 , 5.71867
34.35 , 15.0972080230 , 5.72417
34.38 , 15.2058210372 , 5.73000
34.41 , 15.2058210372 , 5.73567
34.45 , 15.2058210372 , 5.74150
34.48 , 15.3144340515 , 5.74717
34.52 , 15.3144340515 , 5.75300
34.55 , 15.4230470657 , 5.75850
34.59 , 15.2058210372 , 5.76433
34.62 , 15.3144340515 , 5.77000
34.65 , 15.3144340515 , 5.77583
34.69 , 15.4230470657 , 5.78150
34.72 , 15.4230470657 , 5.78717
34.76 , 15.4230470657 , 5.79283
34.79 , 15.4230470657 , 5.79867
34.83 , 15.4230470657 , 5.80433
34.86 , 15.5316600799 , 5.81017
34.89 , 15.5316600799 , 5.81567
34.93 , 15.5316600799 , 5.82150
34.96 , 15.5316600799 , 5.82717
35.00 , 15.4230470657 , 5.83300
35.03 , 15.5316600799 , 5.83867
35.07 , 15.6402730941 , 5.84433
35.10 , 15.6402730941 , 5.85000
35.13 , 15.5316600799 , 5.85583
35.17 , 15.6402730941 , 5.86150
35.20 , 15.6402730941 , 5.86733
35.24 , 15.7488861083 , 5.87283
35.27 , 15.7488861083 , 5.87867
35.31 , 15.7488861083 , 5.88433
35.34 , 15.7488861083 , 5.89017
35.38 , 15.7488861083 , 5.89583
35.41 , 15.7488861083 , 5.90150
35.44 , 15.8574981689 , 5.90733
35.48 , 15.7488861083 , 5.91300
35.51 , 15.8574981689 , 5.91883
35.55 , 15.8574981689 , 5.92450
35.58 , 15.8574981689 , 5.93017
35.62 , 15.8574981689 , 5.93583
35.65 , 15.8574981689 , 5.94167
35.68 , 15.9661111831 , 5.94733
35.72 , 15.9661111831 , 5.95317
35.75 , 15.9661111831 , 5.95867
35.79 , 15.9661111831 , 5.96450
35.82 , 15.9661111831 , 5.97017
35.86 , 15.9661111831 , 5.97600
35.89 , 16.0747241973 , 5.98167
35.92 , 15.9661111831 , 5.98733
35.96 , 16.0747241973 , 5.99300
35.99 , 16.0747241973 , 5.99883
36.03 , 16.0747241973 , 6.00450
36.06 , 16.0747241973 , 6.01033
36.10 , 16.0747241973 , 6.01600
36.13 , 16.0747241973 , 6.02167
36.16 , 16.0747241973 , 6.02733
36.20 , 16.1833381652 , 6.03317
36.23 , 16.1833381652 , 6.03883
36.27 , 16.1833381652 , 6.04467
36.30 , 16.1833381652 , 6.05017
36.34 , 16.2919502258 , 6.05600
36.37 , 16.1833381652 , 6.06167
36.40 , 16.1833381652 , 6.06750
36.44 , 16.2919502258 , 6.07317
36.47 , 16.2919502258 , 6.07883
36.51 , 16.2919502258 , 6.08467
36.54 , 16.2919502258 , 6.09033
36.58 , 16.2919502258 , 6.09617
36.61 , 16.2919502258 , 6.10183
36.65 , 16.2919502258 , 6.10750
36.68 , 16.5091762542 , 6.11317
36.71 , 16.4005622863 , 6.11900
36.75 , 16.4005622863 , 6.12467
36.78 , 16.4005622863 , 6.13050
36.82 , 16.4005622863 , 6.13600
36.85 , 16.5091762542 , 6.14183
36.88 , 16.5091762542 , 6.14750
36.92 , 16.5091762542 , 6.15333
36.95 , 16.4005622863 , 6.15900
36.99 , 16.5091762542 , 6.16467
37.02 , 16.5091762542 , 6.17033
37.06 , 16.6177921295 , 6.17617
37.09 , 16.6177921295 , 6.18183
37.13 , 16.5091762542 , 6.18767
37.16 , 16.6177921295 , 6.19317
37.19 , 16.6177921295 , 6.19900
37.23 , 16.6177921295 , 6.20467
37.26 , 16.7264041900 , 6.21050
37.30 , 16.6177921295 , 6.21617
37.33 , 16.8350181579 , 6.22183
37.37 , 16.7264041900 , 6.22750
37.40 , 16.7264041900 , 6.23333
37.43 , 16.7264041900 , 6.23900
37.47 , 16.8350181579 , 6.24483
37.50 , 16.8350181579 , 6.25033
37.54 , 16.8350181579 , 6.25617
37.57 , 16.9436302185 , 6.26183
37.61 , 16.8350181579 , 6.26767
37.64 , 16.9436302185 , 6.27350
37.68 , 16.9436302185 , 6.27917
37.71 , 16.9436302185 , 6.28483
37.74 , 16.9436302185 , 6.29050
37.78 , 16.9436302185 , 6.29633
37.81 , 16.9436302185 , 6.30200
37.85 , 17.0522422790 , 6.30783
37.88 , 17.0522422790 , 6.31333
37.92 , 17.0522422790 , 6.31917
37.95 , 17.0522422790 , 6.32483
37.98 , 17.0522422790 , 6.33067
38.02 , 17.1608562469 , 6.33633
38.05 , 17.1608562469 , 6.34200
38.09 , 17.1608562469 , 6.34767
38.12 , 17.1608562469 , 6.35350
38.15 , 17.2694683074 , 6.35917
38.19 , 17.1608562469 , 6.36500
38.22 , 17.1608562469 , 6.37050
38.26 , 17.2694683074 , 6.37633
38.29 , 17.2694683074 , 6.38200
38.33 , 17.2694683074 , 6.38783
38.36 , 17.2694683074 , 6.39350
38.40 , 17.3780822753 , 6.39917
38.43 , 17.2694683074 , 6.40483
38.46 , 17.3780822753 , 6.41067
38.50 , 17.3780822753 , 6.41633
38.53 , 17.3780822753 , 6.42217
38.57 , 17.3780822753 , 6.42767
38.60 , 17.3780822753 , 6.43350
38.63 , 17.3780822753 , 6.43917
38.67 , 17.3780822753 , 6.44500
38.71 , 17.4866943359 , 6.45083
38.74 , 17.4866943359 , 6.45633
38.77 , 17.3780822753 , 6.46217
38.81 , 17.4866943359 , 6.46783
38.84 , 17.4866943359 , 6.47367
38.88 , 17.5953083038 , 6.47933
38.91 , 17.5953083038 , 6.48500
38.94 , 17.5953083038 , 6.49067
38.98 , 17.4866943359 , 6.49650
39.01 , 17.5953083038 , 6.50217
39.05 , 17.5953083038 , 6.50800
39.08 , 17.5953083038 , 6.51350
39.12 , 17.7039203643 , 6.51933
39.15 , 17.5953083038 , 6.52500
39.19 , 17.7039203643 , 6.53083
39.22 , 17.7039203643 , 6.53650
39.25 , 17.7039203643 , 6.54233
39.29 , 17.7039203643 , 6.54783
39.32 , 17.7039203643 , 6.55367
39.36 , 17.8125343322 , 6.55933
39.39 , 17.8125343322 , 6.56517
39.43 , 17.8125343322 , 6.57083
39.46 , 17.8125343322 , 6.57650
39.49 , 17.8125343322 , 6.58217
39.53 , 17.9211463928 , 6.58800
39.56 , 17.9211463928 , 6.59367
39.60 , 17.9211463928 , 6.59950
39.63 , 17.8125343322 , 6.60500
39.67 , 17.9211463928 , 6.61083
39.70 , 17.9211463928 , 6.61650
39.73 , 17.9211463928 , 6.62233
39.77 , 18.0297584533 , 6.62800
39.80 , 18.0297584533 , 6.63367
39.84 , 18.0297584533 , 6.63950
39.87 , 18.0297584533 , 6.64517
39.91 , 18.1383724212 , 6.65100
39.94 , 18.0297584533 , 6.65667
39.97 , 18.0297584533 , 6.66233
40.01 , 18.1383724212 , 6.66800
40.04 , 18.1383724212 , 6.67383
40.08 , 18.1383724212 , 6.67950
40.11 , 18.2469844818 , 6.68533
40.15 , 18.2469844818 , 6.69083
40.18 , 18.2469844818 , 6.69667
40.21 , 18.2469844818 , 6.70233
40.25 , 18.2469844818 , 6.70817
40.28 , 18.2469844818 , 6.71383
40.32 , 18.3555984497 , 6.71950
40.35 , 18.3555984497 , 6.72517
40.39 , 18.2469844818 , 6.73100
40.42 , 18.3555984497 , 6.73667
40.46 , 18.4642105102 , 6.74250
40.49 , 18.3555984497 , 6.74800
40.52 , 18.3555984497 , 6.75383
40.56 , 18.3555984497 , 6.75950
40.59 , 18.4642105102 , 6.76533
40.63 , 18.3555984497 , 6.77100
40.66 , 18.4642105102 , 6.77667
40.69 , 18.4642105102 , 6.78233
40.73 , 18.5728244781 , 6.78817
40.76 , 18.4642105102 , 6.79383
40.80 , 18.5728244781 , 6.79967
40.83 , 18.5728244781 , 6.80533
40.87 , 18.6814365386 , 6.81100
40.90 , 18.5728244781 , 6.81683
40.94 , 18.5728244781 , 6.82250
40.97 , 18.5728244781 , 6.82833
41.00 , 18.5728244781 , 6.83400
41.04 , 18.6814365386 , 6.83967
41.07 , 18.6814365386 , 6.84533
41.11 , 18.5728244781 , 6.85117
41.14 , 18.7900505065 , 6.85683
41.18 , 18.6814365386 , 6.86267
41.21 , 18.7900505065 , 6.86817
41.24 , 18.6814365386 , 6.87400
41.28 , 18.7900505065 , 6.87967
41.31 , 18.8986625671 , 6.88550
41.35 , 18.7900505065 , 6.89117
41.38 , 18.7900505065 , 6.89683
41.42 , 18.7900505065 , 6.90250
41.45 , 18.7900505065 , 6.90833
41.48 , 18.8986625671 , 6.91400
41.52 , 18.8986625671 , 6.91983
41.55 , 18.8986625671 , 6.92533
41.59 , 19.0072746276 , 6.93117
41.62 , 18.8986625671 , 6.93683
41.66 , 18.8986625671 , 6.94267
41.69 , 18.8986625671 , 6.94833
41.72 , 18.8986625671 , 6.95400
41.76 , 19.0072746276 , 6.95967
41.79 , 19.0072746276 , 6.96550
41.83 , 19.1158885955 , 6.97117
41.86 , 19.1158885955 , 6.97700
41.90 , 19.0072746276 , 6.98250
41.93 , 19.0072746276 , 6.98833
41.96 , 19.1158885955 , 6.99400
42.00 , 19.1158885955 , 6.99983
42.03 , 19.2245006561 , 7.00567
42.07 , 19.1158885955 , 7.01117
42.10 , 19.2245006561 , 7.01700
42.14 , 19.3331146240 , 7.02267
42.17 , 19.3331146240 , 7.02850
42.21 , 19.2245006561 , 7.03417
42.24 , 19.2245006561 , 7.04000
42.27 , 19.3331146240 , 7.04550
42.31 , 19.2245006561 , 7.05133
42.34 , 19.3331146240 , 7.05700
42.38 , 19.3331146240 , 7.06283
42.41 , 19.3331146240 , 7.06850
42.45 , 19.4417304992 , 7.07417
42.48 , 19.3331146240 , 7.07983
42.51 , 19.4417304992 , 7.08567
42.55 , 19.4417304992 , 7.09133
42.58 , 19.4417304992 , 7.09717
42.62 , 19.4417304992 , 7.10267
42.65 , 19.4417304992 , 7.10850
42.69 , 19.4417304992 , 7.11417
42.72 , 19.6589546203 , 7.12000
42.75 , 19.5503425598 , 7.12567
42.79 , 19.5503425598 , 7.13133
42.82 , 19.6589546203 , 7.13700
42.86 , 19.5503425598 , 7.14283
42.89 , 19.5503425598 , 7.14850
42.93 , 19.5503425598 , 7.15433
42.96 , 19.7675685882 , 7.15983
42.99 , 19.7675685882 , 7.16567
43.03 , 19.6589546203 , 7.17133
43.06 , 19.7675685882 , 7.17717
43.10 , 19.6589546203 , 7.18300
43.13 , 19.7675685882 , 7.18850
43.17 , 19.8761806488 , 7.19433
43.20 , 19.7675685882 , 7.20000
43.24 , 19.7675685882 , 7.20583
43.27 , 19.8761806488 , 7.21150
43.30 , 19.8761806488 , 7.21717
43.34 , 19.8761806488 , 7.22283
43.37 , 19.8761806488 , 7.22867
43.41 , 19.8761806488 , 7.23433
43.44 , 19.8761806488 , 7.24017
43.47 , 19.8761806488 , 7.24567
43.51 , 19.9847946166 , 7.25150
43.54 , 19.9847946166 , 7.25717
43.58 , 19.9847946166 , 7.26300
43.61 , 19.9847946166 , 7.26867
43.65 , 19.9847946166 , 7.27433
43.68 , 19.9847946166 , 7.28000
43.72 , 19.9847946166 , 7.28583
43.75 , 19.9847946166 , 7.29150
43.78 , 19.9847946166 , 7.29733
43.82 , 20.0934066772 , 7.30283
43.85 , 20.0934066772 , 7.30867
43.89 , 20.0934066772 , 7.31433
43.92 , 20.0934066772 , 7.32017
43.96 , 20.0934066772 , 7.32583
43.99 , 20.2020206451 , 7.33167
44.02 , 20.0934066772 , 7.33717
44.06 , 20.2020206451 , 7.34300
44.09 , 20.2020206451 , 7.34867
44.13 , 20.3106327056 , 7.35450
44.16 , 20.3106327056 , 7.36017
44.20 , 20.3106327056 , 7.36583
44.23 , 20.3106327056 , 7.37167
44.26 , 20.3106327056 , 7.37733
44.30 , 20.3106327056 , 7.38317
44.33 , 20.3106327056 , 7.38883
44.37 , 20.4192466735 , 7.39450
44.40 , 20.4192466735 , 7.40017
44.44 , 20.3106327056 , 7.40600
44.47 , 20.4192466735 , 7.41167
44.51 , 20.4192466735 , 7.41750
44.54 , 20.5278587341 , 7.42300
44.57 , 20.4192466735 , 7.42883
44.61 , 20.5278587341 , 7.43450
44.64 , 20.5278587341 , 7.44033
44.68 , 20.5278587341 , 7.44600
44.71 , 20.5278587341 , 7.45167
44.74 , 20.5278587341 , 7.45733
44.78 , 20.6364707946 , 7.46317
44.81 , 20.6364707946 , 7.46883
44.85 , 20.6364707946 , 7.47467
44.88 , 20.6364707946 , 7.48017
44.92 , 20.7450847625 , 7.48600
44.95 , 20.6364707946 , 7.49167
44.99 , 20.7450847625 , 7.49750
45.02 , 20.7450847625 , 7.50317
45.05 , 20.7450847625 , 7.50883
45.09 , 20.7450847625 , 7.51450
45.12 , 20.7450847625 , 7.52033
45.16 , 20.7450847625 , 7.52600
45.19 , 20.8536968231 , 7.53183
45.22 , 20.8536968231 , 7.53733
45.26 , 20.8536968231 , 7.54317
45.29 , 20.8536968231 , 7.54900
45.33 , 20.9623107910 , 7.55467
45.36 , 20.9623107910 , 7.56050
45.40 , 20.9623107910 , 7.56600
45.43 , 20.9623107910 , 7.57183
45.47 , 20.9623107910 , 7.57750
45.50 , 21.0709228515 , 7.58333
45.53 , 21.0709228515 , 7.58900
45.57 , 21.0709228515 , 7.59483
45.60 , 20.9623107910 , 7.60033
45.64 , 21.0709228515 , 7.60617
45.67 , 21.0709228515 , 7.61183
45.71 , 21.0709228515 , 7.61767
45.74 , 21.0709228515 , 7.62333
45.77 , 21.1795368194 , 7.62900
45.81 , 21.1795368194 , 7.63467
45.84 , 21.1795368194 , 7.64050
45.88 , 21.1795368194 , 7.64617
45.91 , 21.1795368194 , 7.65200
45.95 , 21.1795368194 , 7.65750
45.98 , 21.1795368194 , 7.66333
46.01 , 21.1795368194 , 7.66900
46.05 , 21.2881488800 , 7.67483
46.08 , 21.2881488800 , 7.68050
46.12 , 21.2881488800 , 7.68617
46.15 , 21.2881488800 , 7.69183
46.19 , 21.2881488800 , 7.69767
46.22 , 21.3967628479 , 7.70333
46.26 , 21.3967628479 , 7.70917
46.29 , 21.3967628479 , 7.71467
46.32 , 21.3967628479 , 7.72050
46.36 , 21.5053749084 , 7.72617
46.39 , 21.3967628479 , 7.73200
46.43 , 21.5053749084 , 7.73783
46.46 , 21.3967628479 , 7.74333
46.50 , 21.5053749084 , 7.74917
46.53 , 21.5053749084 , 7.75483
46.56 , 21.6139869689 , 7.76067
46.60 , 21.5053749084 , 7.76633
46.63 , 21.6139869689 , 7.77200
46.67 , 21.6139869689 , 7.77767
46.70 , 21.6139869689 , 7.78350
46.74 , 21.6139869689 , 7.78917
46.77 , 21.6139869689 , 7.79500
46.80 , 21.6139869689 , 7.80050
46.84 , 21.6139869689 , 7.80633
46.87 , 21.6139869689 , 7.81200
46.91 , 21.7226009368 , 7.81783
46.94 , 21.7226009368 , 7.82350
46.98 , 21.8312129974 , 7.82933
47.01 , 21.7226009368 , 7.83483
47.04 , 21.8312129974 , 7.84067
47.08 , 21.8312129974 , 7.84633
47.11 , 21.8312129974 , 7.85217
47.15 , 21.8312129974 , 7.85783
47.18 , 21.9398269653 , 7.86350
47.22 , 21.8312129974 , 7.86917
47.25 , 21.8312129974 , 7.87500
47.28 , 21.9398269653 , 7.88067
47.32 , 21.9398269653 , 7.88650
47.35 , 22.0484390258 , 7.89200
47.39 , 22.0484390258 , 7.89783
47.42 , 22.0484390258 , 7.90350
47.46 , 22.0484390258 , 7.90933
47.49 , 22.0484390258 , 7.91517
47.52 , 22.1570529937 , 7.92067
47.56 , 22.1570529937 , 7.92650
47.59 , 22.1570529937 , 7.93217
47.63 , 22.1570529937 , 7.93800
47.66 , 22.1570529937 , 7.94367
47.70 , 22.1570529937 , 7.94933
47.73 , 22.1570529937 , 7.95500
47.77 , 22.2656669616 , 7.96083
47.80 , 22.1570529937 , 7.96650
47.83 , 22.2656669616 , 7.97233
47.87 , 22.3742790222 , 7.97783
47.90 , 22.1570529937 , 7.98367
47.94 , 22.2656669616 , 7.98933
47.97 , 22.3742790222 , 7.99517
48.01 , 22.3742790222 , 8.00083
48.04 , 22.3742790222 , 8.00650
48.07 , 22.3742790222 , 8.01217
48.11 , 22.3742790222 , 8.01800
48.14 , 22.3742790222 , 8.02367
48.18 , 22.3742790222 , 8.02950
48.21 , 22.4828929901 , 8.03500
48.25 , 22.3742790222 , 8.04083
48.28 , 22.4828929901 , 8.04650
48.31 , 22.4828929901 , 8.05233
48.35 , 22.3742790222 , 8.05800
48.38 , 22.4828929901 , 8.06367
48.42 , 22.4828929901 , 8.06933
48.45 , 22.5915050506 , 8.07517
48.49 , 22.5915050506 , 8.08083
48.52 , 22.4828929901 , 8.08667
48.55 , 22.5915050506 , 8.09217
48.59 , 22.5915050506 , 8.09800
48.62 , 22.5915050506 , 8.10383
48.66 , 22.4828929901 , 8.10950
48.69 , 22.7001190185 , 8.11533
48.73 , 22.5915050506 , 8.12100
48.76 , 22.5915050506 , 8.12667
48.79 , 22.5915050506 , 8.13233
48.83 , 22.5915050506 , 8.13817
48.86 , 22.7001190185 , 8.14383
48.90 , 22.7001190185 , 8.14967
48.93 , 22.7001190185 , 8.15517
48.97 , 22.8087310791 , 8.16100
49.00 , 22.8087310791 , 8.16667
49.04 , 22.8087310791 , 8.17250
49.07 , 22.9173431396 , 8.17817
49.10 , 22.9173431396 , 8.18383
49.14 , 22.9173431396 , 8.18950
49.17 , 22.9173431396 , 8.19533
49.21 , 22.9173431396 , 8.20100
49.24 , 23.0259571075 , 8.20683
49.27 , 22.9173431396 , 8.21233
49.31 , 23.0259571075 , 8.21817
49.34 , 23.0259571075 , 8.22383
49.38 , 22.9173431396 , 8.22967
49.41 , 23.0259571075 , 8.23533
49.45 , 23.1345691680 , 8.24100
49.48 , 23.0259571075 , 8.24667
49.52 , 23.1345691680 , 8.25250
49.55 , 23.0259571075 , 8.25817
49.58 , 23.1345691680 , 8.26400
49.62 , 23.1345691680 , 8.26950
49.65 , 23.1345691680 , 8.27533
49.69 , 23.2431831359 , 8.28117
49.72 , 23.2431831359 , 8.28683
49.76 , 23.2431831359 , 8.29267
49.79 , 23.2431831359 , 8.29817
49.82 , 23.3517951965 , 8.30400
49.86 , 23.3517951965 , 8.30967
49.89 , 23.4604091644 , 8.31550
49.93 , 23.3517951965 , 8.32117
49.96 , 23.3517951965 , 8.32683
50.00 , 23.4604091644 , 8.33250
50.03 , 23.3517951965 , 8.33833
50.06 , 23.3517951965 , 8.34400
50.10 , 23.4604091644 , 8.34983
50.13 , 23.4604091644 , 8.35533
50.17 , 23.4604091644 , 8.36117
50.20 , 23.5690212249 , 8.36683
50.24 , 23.4604091644 , 8.37267
50.27 , 23.4604091644 , 8.37833
50.31 , 23.5690212249 , 8.38417
50.34 , 23.5690212249 , 8.38967
50.37 , 23.5690212249 , 8.39550
50.41 , 23.5690212249 , 8.40117
50.44 , 23.5690212249 , 8.40700
50.48 , 23.6776351928 , 8.41267
50.51 , 23.6776351928 , 8.41833
50.54 , 23.6776351928 , 8.42400
50.58 , 23.6776351928 , 8.42983
50.61 , 23.6776351928 , 8.43550
50.65 , 23.6776351928 , 8.44133
50.68 , 23.6776351928 , 8.44683
50.72 , 23.6776351928 , 8.45267
50.75 , 23.7862472534 , 8.45833
50.79 , 23.7862472534 , 8.46417
50.82 , 23.7862472534 , 8.47000
50.85 , 23.7862472534 , 8.47550
50.89 , 23.7862472534 , 8.48133
50.92 , 23.7862472534 , 8.48700
50.96 , 23.7862472534 , 8.49283
50.99 , 23.8948593139 , 8.49850
51.03 , 23.7862472534 , 8.50417
51.06 , 23.8948593139 , 8.50983
51.09 , 23.8948593139 , 8.51567
51.13 , 23.8948593139 , 8.52133
51.16 , 24.0034732818 , 8.52717
51.20 , 24.0034732818 , 8.53267
51.23 , 24.0034732818 , 8.53850
51.27 , 24.1120853424 , 8.54417
51.30 , 24.0034732818 , 8.55000
51.33 , 24.0034732818 , 8.55567
51.37 , 24.1120853424 , 8.56133
51.40 , 24.1120853424 , 8.56700
51.44 , 24.1120853424 , 8.57283
51.47 , 24.1120853424 , 8.57850
51.51 , 24.2206993103 , 8.58433
51.54 , 24.2206993103 , 8.58983
51.57 , 24.1120853424 , 8.59567
51.61 , 24.2206993103 , 8.60133
51.64 , 24.2206993103 , 8.60717
51.68 , 24.2206993103 , 8.61283
51.71 , 24.2206993103 , 8.61867
51.75 , 24.2206993103 , 8.62417
51.78 , 24.3293113708 , 8.63000
51.81 , 24.3293113708 , 8.63567
51.85 , 24.3293113708 , 8.64150
51.88 , 24.3293113708 , 8.64733
51.92 , 24.4379253387 , 8.65283
51.95 , 24.3293113708 , 8.65867
51.99 , 24.4379253387 , 8.66433
52.02 , 24.4379253387 , 8.67017
52.06 , 24.4379253387 , 8.67583
52.09 , 24.5465373992 , 8.68150
52.12 , 24.4379253387 , 8.68717
52.16 , 24.5465373992 , 8.69300
52.19 , 24.5465373992 , 8.69867
52.23 , 24.5465373992 , 8.70450
52.26 , 24.5465373992 , 8.71000
52.29 , 24.5465373992 , 8.71583
52.33 , 24.5465373992 , 8.72150
52.36 , 24.6551494598 , 8.72733
52.40 , 24.6551494598 , 8.73300
52.43 , 24.6551494598 , 8.73867
52.47 , 24.6551494598 , 8.74433
52.50 , 24.7637634277 , 8.75017
52.54 , 24.7637634277 , 8.75583
52.57 , 24.7637634277 , 8.76167
52.60 , 24.7637634277 , 8.76717
52.64 , 24.7637634277 , 8.77300
52.67 , 24.7637634277 , 8.77867
52.71 , 24.8723754882 , 8.78450
52.74 , 24.7637634277 , 8.79017
52.78 , 24.8723754882 , 8.79583
52.81 , 24.8723754882 , 8.80150
52.84 , 24.8723754882 , 8.80733
52.88 , 24.9809951782 , 8.81300
52.91 , 24.9809951782 , 8.81883
52.95 , 24.8723754882 , 8.82433
52.98 , 24.9809951782 , 8.83017
53.02 , 24.9809951782 , 8.83600
53.05 , 24.9809951782 , 8.84167
53.09 , 24.9809951782 , 8.84750
53.12 , 24.9809951782 , 8.85300
53.15 , 25.0896072387 , 8.85883
53.19 , 24.9809951782 , 8.86450
53.22 , 25.0896072387 , 8.87033
53.26 , 25.0896072387 , 8.87600
53.29 , 25.1982192993 , 8.88183
53.32 , 25.0896072387 , 8.88733
53.36 , 25.0896072387 , 8.89317
53.39 , 25.0896072387 , 8.89883
53.43 , 25.0896072387 , 8.90467
53.46 , 25.1982192993 , 8.91033
53.50 , 25.1982192993 , 8.91600
53.53 , 25.1982192993 , 8.92167
53.56 , 25.3068332672 , 8.92750
53.60 , 25.1982192993 , 8.93317
53.63 , 25.3068332672 , 8.93900
53.67 , 25.3068332672 , 8.94450
53.70 , 25.3068332672 , 8.95033
53.74 , 25.3068332672 , 8.95600
53.77 , 25.3068332672 , 8.96183
53.81 , 25.4154453277 , 8.96750
53.84 , 25.4154453277 , 8.97317
53.87 , 25.4154453277 , 8.97883
53.91 , 25.4154453277 , 8.98467
53.94 , 25.4154453277 , 8.99033
53.98 , 25.5240592956 , 8.99617
54.01 , 25.4154453277 , 9.00167
54.04 , 25.5240592956 , 9.00750
54.08 , 25.5240592956 , 9.01333
54.11 , 25.5240592956 , 9.01900
54.15 , 25.5240592956 , 9.02483
54.18 , 25.6326713562 , 9.03033
54.22 , 25.6326713562 , 9.03617
54.25 , 25.6326713562 , 9.04183
54.29 , 25.7412853240 , 9.04767
54.32 , 25.6326713562 , 9.05333
54.35 , 25.6326713562 , 9.05900
54.39 , 25.6326713562 , 9.06467
54.42 , 25.7412853240 , 9.07050
54.46 , 25.6326713562 , 9.07617
54.49 , 25.7412853240 , 9.08200
54.53 , 25.7412853240 , 9.08750
54.56 , 25.8498973846 , 9.09333
54.59 , 25.7412853240 , 9.09900
54.63 , 25.8498973846 , 9.10483
54.66 , 25.9585113525 , 9.11050
54.70 , 25.8498973846 , 9.11617
54.73 , 25.8498973846 , 9.12183
54.77 , 25.9585113525 , 9.12767
54.80 , 25.9585113525 , 9.13333
54.84 , 25.9585113525 , 9.13917
54.87 , 25.9585113525 , 9.14467
54.90 , 25.9585113525 , 9.15050
54.94 , 25.9585113525 , 9.15617
54.97 , 26.0671234130 , 9.16200
55.01 , 26.0671234130 , 9.16767
55.04 , 26.0671234130 , 9.17350
55.07 , 26.0671234130 , 9.17900
55.11 , 26.0671234130 , 9.18483
55.14 , 26.1757354736 , 9.19050
55.18 , 26.1757354736 , 9.19633
55.21 , 26.0671234130 , 9.20217
55.25 , 26.1757354736 , 9.20767
55.28 , 26.1757354736 , 9.21350
55.31 , 26.1757354736 , 9.21917
55.35 , 26.2843494415 , 9.22500
55.38 , 26.1757354736 , 9.23067
55.42 , 26.1757354736 , 9.23633
55.45 , 26.2843494415 , 9.24200
55.49 , 26.3929615020 , 9.24783
55.52 , 26.3929615020 , 9.25350
55.56 , 26.2843494415 , 9.25933
55.59 , 26.3929615020 , 9.26483
55.62 , 26.2843494415 , 9.27067
55.66 , 26.3929615020 , 9.27633
55.69 , 26.3929615020 , 9.28217
55.73 , 26.5015754699 , 9.28783
55.76 , 26.3929615020 , 9.29350
55.79 , 26.5015754699 , 9.29917
55.83 , 26.5015754699 , 9.30500
55.86 , 26.3929615020 , 9.31067
55.90 , 26.5015754699 , 9.31650
55.93 , 26.5015754699 , 9.32200
55.97 , 26.6101875305 , 9.32783
56.00 , 26.6101875305 , 9.33350
56.04 , 26.6101875305 , 9.33933
56.07 , 26.6101875305 , 9.34500
56.10 , 26.6101875305 , 9.35067
56.14 , 26.6101875305 , 9.35633
56.17 , 26.6101875305 , 9.36217
56.21 , 26.6101875305 , 9.36783
56.24 , 26.7188014984 , 9.37367
56.28 , 26.7188014984 , 9.37933
56.31 , 26.7188014984 , 9.38500
56.35 , 26.7188014984 , 9.39083
56.38 , 26.7188014984 , 9.39650
56.41 , 26.8274135589 , 9.40233
56.45 , 26.8274135589 , 9.40800
56.48 , 26.8274135589 , 9.41367
56.52 , 26.7188014984 , 9.41933
56.55 , 26.8274135589 , 9.42517
56.59 , 26.8274135589 , 9.43083
56.62 , 26.9360275268 , 9.43667
56.65 , 26.9360275268 , 9.44217
56.69 , 26.9360275268 , 9.44800
56.72 , 27.0446395874 , 9.45367
56.76 , 26.9360275268 , 9.45950
56.79 , 27.0446395874 , 9.46517
56.83 , 26.9360275268 , 9.47083
56.86 , 27.0446395874 , 9.47650
56.89 , 27.0446395874 , 9.48233
56.93 , 27.0446395874 , 9.48800
56.96 , 27.1532516479 , 9.49383
57.00 , 27.1532516479 , 9.49933
57.03 , 27.1532516479 , 9.50517
57.06 , 27.1532516479 , 9.51083
57.10 , 27.2618656158 , 9.51667
57.13 , 27.1532516479 , 9.52233
57.17 , 27.2618656158 , 9.52800
57.20 , 27.1532516479 , 9.53367
57.24 , 27.2618656158 , 9.53950
57.27 , 27.3704776763 , 9.54517
57.31 , 27.3704776763 , 9.55100
57.34 , 27.3704776763 , 9.55650
57.37 , 27.3704776763 , 9.56233
57.41 , 27.3704776763 , 9.56817
57.44 , 27.3704776763 , 9.57383
57.48 , 27.3704776763 , 9.57967
57.51 , 27.4790916442 , 9.58517
57.55 , 27.3704776763 , 9.59100
57.58 , 27.3704776763 , 9.59667
57.62 , 27.4790916442 , 9.60250
57.65 , 27.4790916442 , 9.60817
57.68 , 27.5877037048 , 9.61383
57.72 , 27.5877037048 , 9.61950
57.75 , 27.5877037048 , 9.62533
57.79 , 27.5877037048 , 9.63100
57.82 , 27.5877037048 , 9.63683
57.85 , 27.5877037048 , 9.64233
57.89 , 27.5877037048 , 9.64817
57.92 , 27.6963176727 , 9.65383
57.96 , 27.5877037048 , 9.65967
57.99 , 27.5877037048 , 9.66533
58.03 , 27.5877037048 , 9.67117
58.06 , 27.5877037048 , 9.67667
58.10 , 27.6963176727 , 9.68250
58.13 , 27.6963176727 , 9.68817
58.16 , 27.8049297332 , 9.69400
58.20 , 27.8049297332 , 9.69967
58.23 , 27.8049297332 , 9.70533
58.27 , 27.8049297332 , 9.71100
58.30 , 27.8049297332 , 9.71683
58.34 , 27.8049297332 , 9.72250
58.37 , 27.9135437011 , 9.72833
58.40 , 27.9135437011 , 9.73383
58.44 , 27.9135437011 , 9.73967
58.47 , 27.9135437011 , 9.74550
58.51 , 27.9135437011 , 9.75117
58.54 , 27.9135437011 , 9.75700
58.58 , 28.0221557617 , 9.76250
58.61 , 28.0221557617 , 9.76833
58.64 , 28.0221557617 , 9.77400
58.68 , 28.0221557617 , 9.77983
58.71 , 28.0221557617 , 9.78550
58.75 , 28.0221557617 , 9.79117
58.78 , 28.0221557617 , 9.79683
58.82 , 28.1307678222 , 9.80267
58.85 , 28.1307678222 , 9.80833
58.88 , 28.2393817901 , 9.81417
58.92 , 28.1307678222 , 9.81967
58.95 , 28.1307678222 , 9.82550
58.99 , 28.2393817901 , 9.83117
59.02 , 28.1307678222 , 9.83700
59.06 , 28.2393817901 , 9.84267
59.09 , 28.2393817901 , 9.84833
59.12 , 28.3479938507 , 9.85400
59.16 , 28.2393817901 , 9.85983
59.19 , 28.3479938507 , 9.86550
59.23 , 28.3479938507 , 9.87133
59.26 , 28.4566078186 , 9.87683
59.30 , 28.4566078186 , 9.88267
59.33 , 28.3479938507 , 9.88833
59.37 , 28.4566078186 , 9.89417
59.40 , 28.4566078186 , 9.89983
59.43 , 28.4566078186 , 9.90550
59.47 , 28.4566078186 , 9.91117
59.50 , 28.5652198791 , 9.91700
59.54 , 28.5652198791 , 9.92267
59.57 , 28.5652198791 , 9.92850
59.61 , 28.4566078186 , 9.93433
59.64 , 28.5652198791 , 9.93983
59.67 , 28.5652198791 , 9.94567
59.71 , 28.4566078186 , 9.95133
59.74 , 28.5652198791 , 9.95717
59.78 , 28.5652198791 , 9.96283
59.81 , 28.6738338470 , 9.96850
59.85 , 28.6738338470 , 9.97417
59.88 , 28.7824459075 , 9.98000
59.91 , 28.6738338470 , 9.98567
59.95 , 28.6738338470 , 9.99150
59.98 , 28.6738338470 , 9.99700
60.02 , 28.7824459075 , 10.00283
60.05 , 28.7824459075 , 10.00867
60.09 , 28.7824459075 , 10.01467
60.12 , 28.7824459075 , 10.02050
60.16 , 28.8910598754 , 10.02633
60.19 , 28.8910598754 , 10.03217
60.23 , 28.8910598754 , 10.03817
60.26 , 28.8910598754 , 10.04400
60.30 , 28.8910598754 , 10.05000
60.34 , 28.8910598754 , 10.05583
60.37 , 28.9996719360 , 10.06167
60.41 , 28.9996719360 , 10.06767
60.44 , 28.9996719360 , 10.07350
60.48 , 28.9996719360 , 10.07950
60.51 , 29.1082839965 , 10.08533
60.55 , 28.9996719360 , 10.09133
60.58 , 28.9996719360 , 10.09700
60.62 , 28.9996719360 , 10.10300
60.65 , 29.1082839965 , 10.10883
60.69 , 29.1082839965 , 10.11483
60.72 , 29.1082839965 , 10.12067
60.76 , 29.1082839965 , 10.12667
60.79 , 29.2168979644 , 10.13233
60.83 , 29.2168979644 , 10.13833
60.87 , 29.2168979644 , 10.14417
60.90 , 29.2168979644 , 10.15017
60.94 , 29.2168979644 , 10.15617
60.97 , 29.2168979644 , 10.16200
61.01 , 29.2168979644 , 10.16783
61.04 , 29.3255100250 , 10.17367
61.08 , 29.2168979644 , 10.17967
61.11 , 29.3255100250 , 10.18550
61.15 , 29.3255100250 , 10.19150
61.18 , 29.4341239929 , 10.19733
61.22 , 29.4341239929 , 10.20317
61.25 , 29.4341239929 , 10.20900
61.29 , 29.4341239929 , 10.21500
61.33 , 29.4341239929 , 10.22083
61.36 , 29.4341239929 , 10.22683
61.40 , 29.5427360534 , 10.23250
61.43 , 29.5427360534 , 10.23850
61.47 , 29.5427360534 , 10.24433
61.50 , 29.6513500213 , 10.25033
61.54 , 29.5427360534 , 10.25633
61.57 , 29.5427360534 , 10.26217
61.61 , 29.5427360534 , 10.26800
61.64 , 29.7599620819 , 10.27383
61.68 , 29.6513500213 , 10.27983
61.71 , 29.6513500213 , 10.28567
61.75 , 29.6513500213 , 10.29167
61.79 , 29.6513500213 , 10.29750
61.82 , 29.7599620819 , 10.30333
61.86 , 29.7599620819 , 10.30917
61.89 , 29.7599620819 , 10.31517
61.93 , 29.8685741424 , 10.32100
61.96 , 29.7599620819 , 10.32700
62.00 , 29.8685741424 , 10.33283
62.03 , 29.8685741424 , 10.33867
62.07 , 29.8685741424 , 10.34467
62.10 , 29.8685741424 , 10.35050
62.14 , 29.9771881103 , 10.35650
62.17 , 29.9771881103 , 10.36233
62.21 , 29.9771881103 , 10.36833
62.24 , 29.9771881103 , 10.37400
62.28 , 29.9771881103 , 10.38000
62.31 , 30.0858001708 , 10.38583
62.35 , 29.9771881103 , 10.39183
62.39 , 30.0858001708 , 10.39767
62.42 , 30.0858001708 , 10.40367
62.46 , 30.0858001708 , 10.40933
62.49 , 30.0858001708 , 10.41533
62.53 , 30.0858001708 , 10.42117
62.56 , 30.1944141387 , 10.42717
62.60 , 30.0858001708 , 10.43300
62.63 , 30.1944141387 , 10.43883
62.67 , 30.3030261993 , 10.44483
62.70 , 30.3030261993 , 10.45067
62.74 , 30.1944141387 , 10.45667
62.78 , 30.3030261993 , 10.46250
62.81 , 30.1944141387 , 10.46850
62.85 , 30.1944141387 , 10.47417
62.88 , 30.3030261993 , 10.48017
62.92 , 30.3030261993 , 10.48600
62.95 , 30.3030261993 , 10.49200
62.99 , 30.3030261993 , 10.49783
63.02 , 30.3030261993 , 10.50383
63.06 , 30.4116401672 , 10.50950
63.09 , 30.4116401672 , 10.51550
63.13 , 30.4116401672 , 10.52133
63.16 , 30.4116401672 , 10.52733
63.20 , 30.5202579498 , 10.53333
63.24 , 30.5202579498 , 10.53917
63.27 , 30.5202579498 , 10.54500
63.31 , 30.5202579498 , 10.55083
63.34 , 30.5202579498 , 10.55683
63.38 , 30.5202579498 , 10.56267
63.41 , 30.5202579498 , 10.56867
63.45 , 30.6288700103 , 10.57450
63.48 , 30.6288700103 , 10.58033
63.52 , 30.6288700103 , 10.58617
63.55 , 30.6288700103 , 10.59217
63.59 , 30.6288700103 , 10.59800
63.62 , 30.6288700103 , 10.60400
63.66 , 30.6288700103 , 10.60983
63.69 , 30.7374839782 , 10.61567
63.73 , 30.7374839782 , 10.62150
63.77 , 30.7374839782 , 10.62750
63.80 , 30.7374839782 , 10.63350
63.84 , 30.8460960388 , 10.63933
63.87 , 30.8460960388 , 10.64533
63.91 , 30.8460960388 , 10.65100
63.94 , 30.8460960388 , 10.65700
63.98 , 30.8460960388 , 10.66283
64.01 , 30.8460960388 , 10.66883
64.05 , 30.9547100067 , 10.67467
64.08 , 30.9547100067 , 10.68050
64.12 , 30.9547100067 , 10.68633
64.15 , 30.9547100067 , 10.69233
64.19 , 31.0633220672 , 10.69817
64.22 , 30.9547100067 , 10.70417
64.26 , 31.0633220672 , 10.71000
64.29 , 31.0633220672 , 10.71583
64.33 , 31.0633220672 , 10.72183
64.37 , 31.1719360351 , 10.72767
64.40 , 31.1719360351 , 10.73367
64.44 , 31.1719360351 , 10.73950
64.47 , 31.1719360351 , 10.74550
64.51 , 31.2805480957 , 10.75117
64.54 , 31.1719360351 , 10.75717
64.58 , 31.2805480957 , 10.76300
64.61 , 31.1719360351 , 10.76900
64.65 , 31.1719360351 , 10.77483
64.68 , 31.2805480957 , 10.78083
64.72 , 31.2805480957 , 10.78650
64.75 , 31.2805480957 , 10.79250
64.79 , 31.2805480957 , 10.79833
64.83 , 31.2805480957 , 10.80433
64.86 , 31.3891601562 , 10.81017
64.90 , 31.3891601562 , 10.81617
64.93 , 31.3891601562 , 10.82200
64.97 , 31.3891601562 , 10.82783
65.00 , 31.3891601562 , 10.83383
65.04 , 31.4977741241 , 10.83967
65.07 , 31.4977741241 , 10.84567
65.11 , 31.4977741241 , 10.85133
65.14 , 31.4977741241 , 10.85733
65.18 , 31.6063861846 , 10.86317
65.21 , 31.4977741241 , 10.86917
65.25 , 31.6063861846 , 10.87500
65.29 , 31.6063861846 , 10.88100
65.32 , 31.6063861846 , 10.88667
65.36 , 31.6063861846 , 10.89267
65.39 , 31.7150001525 , 10.89850
65.43 , 31.7150001525 , 10.90450
65.46 , 31.7150001525 , 10.91050
65.50 , 31.7150001525 , 10.91633
65.53 , 31.7150001525 , 10.92217
65.57 , 31.7150001525 , 10.92800
65.60 , 31.8236122131 , 10.93400
65.64 , 31.7150001525 , 10.93983
65.68 , 31.8236122131 , 10.94583
65.71 , 31.9322261810 , 10.95167
65.75 , 31.8236122131 , 10.95750
65.78 , 31.8236122131 , 10.96333
65.82 , 31.9322261810 , 10.96933
65.85 , 31.9322261810 , 10.97517
65.89 , 31.8236122131 , 10.98117
65.92 , 31.9322261810 , 10.98700
65.96 , 32.0408401489 , 10.99283
65.99 , 31.9322261810 , 10.99867
66.03 , 32.0408401489 , 11.00467
66.06 , 31.9322261810 , 11.01067
66.10 , 32.1494522094 , 11.01650
66.13 , 32.1494522094 , 11.02250
66.17 , 32.0408401489 , 11.02817
66.20 , 32.1494522094 , 11.03417
66.24 , 32.1494522094 , 11.04000
66.28 , 32.1494522094 , 11.04600
66.31 , 32.1494522094 , 11.05183
66.35 , 32.1494522094 , 11.05783
66.38 , 32.1494522094 , 11.06350
66.42 , 32.2580642700 , 11.06950
66.45 , 32.2580642700 , 11.07533
66.49 , 32.2580642700 , 11.08133
66.52 , 32.3666763305 , 11.08717
66.56 , 32.3666763305 , 11.09300
66.59 , 32.3666763305 , 11.09900
66.63 , 32.3666763305 , 11.10483
66.66 , 32.3666763305 , 11.11083
66.70 , 32.3666763305 , 11.11667
66.74 , 32.3666763305 , 11.12267
66.77 , 32.3666763305 , 11.12833
66.81 , 32.4752883911 , 11.13433
66.84 , 32.3666763305 , 11.14017
66.88 , 32.5839042663 , 11.14617
66.91 , 32.4752883911 , 11.15200
66.95 , 32.4752883911 , 11.15800
66.98 , 32.5839042663 , 11.16367
67.02 , 32.5839042663 , 11.16967
67.05 , 32.5839042663 , 11.17550
67.09 , 32.5839042663 , 11.18150
67.12 , 32.5839042663 , 11.18733
67.16 , 32.5839042663 , 11.19333
67.19 , 32.6925163269 , 11.19917
67.23 , 32.5839042663 , 11.20500
67.27 , 32.6925163269 , 11.21100
67.30 , 32.6925163269 , 11.21683
67.34 , 32.6925163269 , 11.22283
67.37 , 32.6925163269 , 11.22867
67.41 , 32.8011283874 , 11.23450
67.44 , 32.8011283874 , 11.24033
67.48 , 32.8011283874 , 11.24633
67.51 , 32.8011283874 , 11.25217
67.55 , 32.9097404479 , 11.25817
67.58 , 33.0183563232 , 11.26400
67.62 , 32.8011283874 , 11.26983
67.65 , 32.8011283874 , 11.27567
67.69 , 32.9097404479 , 11.28167
67.73 , 32.9097404479 , 11.28767
67.76 , 32.9097404479 , 11.29350
67.80 , 33.0183563232 , 11.29933
67.83 , 33.0183563232 , 11.30517
67.87 , 32.9097404479 , 11.31117
67.90 , 33.1269683837 , 11.31700
67.94 , 33.0183563232 , 11.32300
67.97 , 33.0183563232 , 11.32883
68.01 , 33.0183563232 , 11.33467
68.04 , 33.0183563232 , 11.34050
68.08 , 33.1269683837 , 11.34650
68.11 , 33.1269683837 , 11.35233
68.15 , 33.1269683837 , 11.35833
68.18 , 33.2355804443 , 11.36417
68.22 , 33.2355804443 , 11.37000
68.25 , 33.2355804443 , 11.37583
68.29 , 33.2355804443 , 11.38183
68.33 , 33.2355804443 , 11.38783
68.36 , 33.3441925048 , 11.39367
68.40 , 33.3441925048 , 11.39967
68.43 , 33.3441925048 , 11.40533
68.47 , 33.3441925048 , 11.41133
68.50 , 33.3441925048 , 11.41717
68.54 , 33.3441925048 , 11.42317
68.57 , 33.3441925048 , 11.42900
68.61 , 33.4528045654 , 11.43500
68.64 , 33.3441925048 , 11.44067
68.68 , 33.4528045654 , 11.44667
68.71 , 33.4528045654 , 11.45250
68.75 , 33.5614204406 , 11.45850
68.79 , 33.5614204406 , 11.46433
68.82 , 33.4528045654 , 11.47033
68.86 , 33.6700325012 , 11.47617
68.89 , 33.5614204406 , 11.48200
68.93 , 33.5614204406 , 11.48800
68.96 , 33.5614204406 , 11.49383
69.00 , 33.6700325012 , 11.49983
69.03 , 33.6700325012 , 11.50550
69.07 , 33.6700325012 , 11.51150
69.10 , 33.6700325012 , 11.51733
69.14 , 33.6700325012 , 11.52333
69.18 , 33.7786445617 , 11.52917
69.21 , 33.7786445617 , 11.53517
69.25 , 33.7786445617 , 11.54083
69.28 , 33.7786445617 , 11.54683
69.32 , 33.7786445617 , 11.55267
69.35 , 33.7786445617 , 11.55867
69.39 , 33.8872566223 , 11.56450
69.42 , 33.8872566223 , 11.57050
69.46 , 33.8872566223 , 11.57633
69.49 , 33.9958724975 , 11.58217
69.53 , 33.8872566223 , 11.58817
69.56 , 33.8872566223 , 11.59400
69.60 , 33.9958724975 , 11.60000
69.63 , 33.8872566223 , 11.60583
69.67 , 33.9958724975 , 11.61167
69.70 , 33.9958724975 , 11.61750
69.74 , 33.9958724975 , 11.62350
69.78 , 33.9958724975 , 11.62933
69.81 , 33.9958724975 , 11.63533
69.85 , 34.1044845581 , 11.64117
69.88 , 34.1044845581 , 11.64700
69.92 , 34.1044845581 , 11.65283
69.95 , 34.2130966186 , 11.65883
69.99 , 34.2130966186 , 11.66483
70.02 , 34.2130966186 , 11.67067
70.06 , 34.2130966186 , 11.67667
70.09 , 34.2130966186 , 11.68233
70.13 , 34.2130966186 , 11.68833
70.16 , 34.2130966186 , 11.69417
70.20 , 34.2130966186 , 11.70017
70.24 , 34.3217086791 , 11.70600
70.27 , 34.3217086791 , 11.71200
70.31 , 34.3217086791 , 11.71767
70.34 , 34.3217086791 , 11.72367
70.38 , 34.4303207397 , 11.72950
70.41 , 34.3217086791 , 11.73550
70.45 , 34.3217086791 , 11.74133
70.48 , 34.4303207397 , 11.74717
70.52 , 34.4303207397 , 11.75300
70.55 , 34.4303207397 , 11.75900
70.59 , 34.4303207397 , 11.76500
70.62 , 34.5389366149 , 11.77083
70.66 , 34.5389366149 , 11.77683
70.69 , 34.5389366149 , 11.78250
70.73 , 34.5389366149 , 11.78850
70.77 , 34.5389366149 , 11.79433
70.80 , 34.5389366149 , 11.80033
70.84 , 34.6475486755 , 11.80617
70.87 , 34.6475486755 , 11.81217
70.91 , 34.6475486755 , 11.81783
70.94 , 34.6475486755 , 11.82383
70.98 , 34.6475486755 , 11.82967
71.01 , 34.6475486755 , 11.83567
71.05 , 34.7561645507 , 11.84150
71.08 , 34.7561645507 , 11.84750
71.12 , 34.8647804260 , 11.85333
71.15 , 34.7561645507 , 11.85917
71.19 , 34.8647804260 , 11.86517
71.23 , 34.8647804260 , 11.87100
71.26 , 34.8647804260 , 11.87700
71.30 , 34.8647804260 , 11.88283
71.33 , 34.9733924865 , 11.88867
71.37 , 34.9733924865 , 11.89450
71.40 , 34.9733924865 , 11.90050
71.44 , 34.9733924865 , 11.90633
71.47 , 34.9733924865 , 11.91233
71.51 , 34.9733924865 , 11.91800
71.54 , 35.0820045471 , 11.92400
71.58 , 35.0820045471 , 11.92983
71.61 , 35.0820045471 , 11.93583
71.65 , 35.0820045471 , 11.94167
71.69 , 35.0820045471 , 11.94767
71.72 , 35.0820045471 , 11.95350
71.76 , 35.1906166076 , 11.95933
71.79 , 35.1906166076 , 11.96533
71.83 , 35.1906166076 , 11.97117
71.86 , 35.1906166076 , 11.97717
71.90 , 35.1906166076 , 11.98300
71.93 , 35.1906166076 , 11.98883
71.97 , 35.2992324829 , 11.99467
72.00 , 35.2992324829 , 12.00067
72.04 , 35.2992324829 , 12.00650
72.07 , 35.2992324829 , 12.01250
72.11 , 35.2992324829 , 12.01833
72.14 , 35.2992324829 , 12.02417
72.18 , 35.4078445434 , 12.03000
72.22 , 35.4078445434 , 12.03600
72.25 , 35.4078445434 , 12.04200
72.29 , 35.5164566040 , 12.04783
72.32 , 35.4078445434 , 12.05383
72.36 , 35.4078445434 , 12.05950
72.39 , 35.5164566040 , 12.06550
72.43 , 35.5164566040 , 12.07133
72.46 , 35.5164566040 , 12.07733
72.50 , 35.5164566040 , 12.08317
72.54 , 35.5164566040 , 12.08917
72.57 , 35.6250686645 , 12.09483
72.61 , 35.5164566040 , 12.10083
72.64 , 35.6250686645 , 12.10667
72.68 , 35.6250686645 , 12.11267
72.71 , 35.7336807250 , 12.11850
72.75 , 35.6250686645 , 12.12450
72.78 , 35.7336807250 , 12.13017
72.82 , 35.7336807250 , 12.13617
72.85 , 35.7336807250 , 12.14217
72.89 , 35.7336807250 , 12.14800
72.92 , 35.8422966003 , 12.15400
72.96 , 35.8422966003 , 12.15967
72.99 , 35.8422966003 , 12.16567
73.03 , 35.8422966003 , 12.17150
73.06 , 35.8422966003 , 12.17750
73.10 , 35.9509086608 , 12.18333
73.14 , 35.9509086608 , 12.18933
73.17 , 35.9509086608 , 12.19500
73.21 , 35.9509086608 , 12.20100
73.24 , 36.0595207214 , 12.20683
73.28 , 35.9509086608 , 12.21283
73.31 , 36.0595207214 , 12.21867
73.35 , 36.0595207214 , 12.22467
73.38 , 36.0595207214 , 12.23050
73.42 , 36.0595207214 , 12.23633
73.45 , 36.0595207214 , 12.24233
73.49 , 36.1681327819 , 12.24817
73.52 , 36.0595207214 , 12.25417
73.56 , 36.2767486572 , 12.26000
73.59 , 36.1681327819 , 12.26583
73.63 , 36.2767486572 , 12.27167
73.67 , 36.1681327819 , 12.27767
73.70 , 36.1681327819 , 12.28350
73.74 , 36.2767486572 , 12.28950
73.77 , 36.2767486572 , 12.29533
73.81 , 36.2767486572 , 12.30117
73.84 , 36.3853607177 , 12.30700
73.88 , 36.2767486572 , 12.31300
73.91 , 36.3853607177 , 12.31883
73.95 , 36.3853607177 , 12.32483
73.98 , 36.3853607177 , 12.33083
74.02 , 36.4939727783 , 12.33650
74.05 , 36.4939727783 , 12.34250
74.09 , 36.4939727783 , 12.34833
74.13 , 36.4939727783 , 12.35433
74.16 , 36.4939727783 , 12.36017
74.20 , 36.4939727783 , 12.36600
74.23 , 36.4939727783 , 12.37183
74.27 , 36.4939727783 , 12.37783
74.30 , 36.6025848388 , 12.38367
74.34 , 36.6025848388 , 12.38967
74.37 , 36.6025848388 , 12.39550
74.41 , 36.6025848388 , 12.40133
74.44 , 36.6025848388 , 12.40717
74.48 , 36.7111968994 , 12.41317
74.51 , 36.6025848388 , 12.41917
74.55 , 36.7111968994 , 12.42500
74.59 , 36.7111968994 , 12.43100
74.62 , 36.7111968994 , 12.43667
74.66 , 36.7111968994 , 12.44267
74.69 , 36.7111968994 , 12.44850
74.73 , 36.8198127746 , 12.45450
74.76 , 36.8198127746 , 12.46033
74.80 , 36.8198127746 , 12.46633
74.83 , 36.8198127746 , 12.47200
74.87 , 36.9284248352 , 12.47800
74.90 , 36.8198127746 , 12.48383
74.94 , 36.8198127746 , 12.48983
74.97 , 36.9284248352 , 12.49567
75.01 , 37.0370368957 , 12.50167
75.04 , 36.9284248352 , 12.50733
75.08 , 37.0370368957 , 12.51333
75.12 , 37.0370368957 , 12.51933
75.15 , 37.0370368957 , 12.52517
75.19 , 37.0370368957 , 12.53117
75.22 , 37.0370368957 , 12.53700
75.26 , 37.1456489562 , 12.54283
75.29 , 37.0370368957 , 12.54867
75.33 , 37.1456489562 , 12.55467
75.36 , 37.1456489562 , 12.56050
75.40 , 37.2542648315 , 12.56650
75.43 , 37.2542648315 , 12.57217
75.47 , 37.2542648315 , 12.57817
75.50 , 37.1456489562 , 12.58400
75.54 , 37.2542648315 , 12.59000
75.57 , 37.2542648315 , 12.59583
75.61 , 37.2542648315 , 12.60183
75.65 , 37.2542648315 , 12.60767
75.68 , 37.2542648315 , 12.61350
75.72 , 37.3628768920 , 12.61950
75.75 , 37.3628768920 , 12.62533
75.79 , 37.3628768920 , 12.63133
75.82 , 37.4714889526 , 12.63717
75.86 , 37.3628768920 , 12.64300
75.89 , 37.4714889526 , 12.64883
75.93 , 37.4714889526 , 12.65483
75.96 , 37.4714889526 , 12.66067
76.00 , 37.4714889526 , 12.66667
76.04 , 37.5801010131 , 12.67250
76.07 , 37.5801010131 , 12.67833
76.11 , 37.5801010131 , 12.68417
76.14 , 37.5801010131 , 12.69017
76.18 , 37.6887130737 , 12.69600
76.21 , 37.5801010131 , 12.70200
76.25 , 37.6887130737 , 12.70800
76.28 , 37.6887130737 , 12.71367
76.32 , 37.6887130737 , 12.71967
76.35 , 37.6887130737 , 12.72550
76.39 , 37.9059410095 , 12.73150
76.42 , 37.7973289489 , 12.73733
76.46 , 37.7973289489 , 12.74333
76.49 , 37.7973289489 , 12.74900
76.53 , 37.7973289489 , 12.75500
76.56 , 37.9059410095 , 12.76083
76.60 , 37.7973289489 , 12.76683
76.64 , 37.9059410095 , 12.77267
76.67 , 37.9059410095 , 12.77867
76.71 , 37.9059410095 , 12.78433
76.74 , 37.9059410095 , 12.79033
76.78 , 38.0145530700 , 12.79633
76.81 , 37.9059410095 , 12.80217
76.85 , 37.9059410095 , 12.80817
76.88 , 38.0145530700 , 12.81383
76.92 , 38.0145530700 , 12.81983
76.95 , 38.0145530700 , 12.82567
76.99 , 38.1231651306 , 12.83167
77.02 , 38.0145530700 , 12.83750
77.06 , 38.1231651306 , 12.84350
77.09 , 38.1231651306 , 12.84917
77.13 , 38.1231651306 , 12.85517
77.17 , 38.1231651306 , 12.86100
77.20 , 38.2317810058 , 12.86700
77.24 , 38.1231651306 , 12.87283
77.27 , 38.2317810058 , 12.87883
77.31 , 38.2317810058 , 12.88450
77.34 , 38.3403930664 , 12.89050
77.38 , 38.2317810058 , 12.89650
77.41 , 38.3403930664 , 12.90233
77.45 , 38.2317810058 , 12.90833
77.48 , 38.3403930664 , 12.91417
77.52 , 38.3403930664 , 12.92000
77.55 , 38.4490051269 , 12.92583
77.59 , 38.3403930664 , 12.93183
77.63 , 38.4490051269 , 12.93767
77.66 , 38.4490051269 , 12.94367
77.70 , 38.4490051269 , 12.94950
77.73 , 38.4490051269 , 12.95533
77.77 , 38.4490051269 , 12.96117
77.80 , 38.5576171875 , 12.96717
77.84 , 38.5576171875 , 12.97300
77.87 , 38.5576171875 , 12.97900
77.91 , 38.5576171875 , 12.98500
77.94 , 38.5576171875 , 12.99067
77.98 , 38.5576171875 , 12.99667
78.01 , 38.6662292480 , 13.00250
78.05 , 38.6662292480 , 13.00850
78.09 , 38.6662292480 , 13.01433
78.12 , 38.7748451232 , 13.02017
78.16 , 38.6662292480 , 13.02600
78.19 , 38.7748451232 , 13.03200
78.23 , 38.7748451232 , 13.03783
78.26 , 38.7748451232 , 13.04383
78.30 , 38.8834571838 , 13.04967
78.33 , 38.7748451232 , 13.05550
78.37 , 38.9920692443 , 13.06133
78.40 , 38.8834571838 , 13.06733
78.44 , 38.9920692443 , 13.07317
78.47 , 38.8834571838 , 13.07917
78.51 , 38.9920692443 , 13.08517
78.54 , 38.9920692443 , 13.09083
78.58 , 38.9920692443 , 13.09683
78.62 , 38.9920692443 , 13.10267
78.65 , 38.9920692443 , 13.10867
78.69 , 39.1006813049 , 13.11450
78.72 , 39.1006813049 , 13.12050
78.76 , 39.1006813049 , 13.12617
78.79 , 39.1006813049 , 13.13217
78.83 , 39.1006813049 , 13.13800
78.86 , 39.2092971801 , 13.14400
78.90 , 39.2092971801 , 13.14983
78.93 , 39.2092971801 , 13.15583
78.97 , 39.2092971801 , 13.16150
79.00 , 39.2092971801 , 13.16750
79.04 , 39.2092971801 , 13.17350
79.08 , 39.2092971801 , 13.17933
79.11 , 39.3179092407 , 13.18533
79.15 , 39.3179092407 , 13.19117
79.18 , 39.3179092407 , 13.19700
79.22 , 39.3179092407 , 13.20283
79.25 , 39.3179092407 , 13.20883
79.29 , 39.4265213012 , 13.21467
79.32 , 39.3179092407 , 13.22067
79.36 , 39.4265213012 , 13.22633
79.39 , 39.3179092407 , 13.23233
79.43 , 39.5351333618 , 13.23817
79.46 , 39.4265213012 , 13.24417
79.50 , 39.5351333618 , 13.25000
79.54 , 39.4265213012 , 13.25600
79.57 , 39.5351333618 , 13.26167
79.61 , 39.5351333618 , 13.26767
79.64 , 39.5351333618 , 13.27367
79.68 , 39.5351333618 , 13.27950
79.71 , 39.6437454223 , 13.28550
79.75 , 39.6437454223 , 13.29133
79.78 , 39.6437454223 , 13.29717
79.82 , 39.6437454223 , 13.30300
79.85 , 39.6437454223 , 13.30900
79.89 , 39.6437454223 , 13.31483
79.93 , 39.6437454223 , 13.32083
79.96 , 39.7523612976 , 13.32667
80.00 , 39.7523612976 , 13.33250
80.03 , 39.7523612976 , 13.33833
80.07 , 39.7523612976 , 13.34433
80.10 , 39.8609733581 , 13.35017
80.14 , 39.8609733581 , 13.35617
80.17 , 39.8609733581 , 13.36217
80.21 , 39.8609733581 , 13.36783
80.24 , 39.8609733581 , 13.37383
80.28 , 39.8609733581 , 13.37967
80.31 , 39.8609733581 , 13.38567
80.35 , 39.8609733581 , 13.39150
80.38 , 39.8609733581 , 13.39750
80.42 , 39.9695854187 , 13.40317
80.45 , 39.9695854187 , 13.40917
80.49 , 39.9695854187 , 13.41500
80.53 , 39.9695854187 , 13.42100
80.56 , 40.0781974792 , 13.42683
80.60 , 40.0781974792 , 13.43267
80.63 , 40.1868133544 , 13.43850
80.67 , 40.1868133544 , 13.44450
80.70 , 40.1868133544 , 13.45033
80.74 , 40.1868133544 , 13.45633
80.77 , 40.1868133544 , 13.46233
80.81 , 40.2954292297 , 13.46800
80.84 , 40.2954292297 , 13.47400
80.88 , 40.2954292297 , 13.47983
80.91 , 40.2954292297 , 13.48583
80.95 , 40.2954292297 , 13.49167
80.99 , 40.1868133544 , 13.49767
81.02 , 40.2954292297 , 13.50333
81.06 , 40.2954292297 , 13.50933
81.09 , 40.2954292297 , 13.51517
81.13 , 40.4040412902 , 13.52117
81.16 , 40.2954292297 , 13.52700
81.20 , 40.5126571655 , 13.53300
81.23 , 40.5126571655 , 13.53867
81.27 , 40.5126571655 , 13.54467
81.30 , 40.5126571655 , 13.55067
81.34 , 40.5126571655 , 13.55650
81.37 , 40.5126571655 , 13.56250
81.41 , 40.5126571655 , 13.56833
81.44 , 40.5126571655 , 13.57417
81.48 , 40.6212692260 , 13.58000
81.52 , 40.6212692260 , 13.58600
81.55 , 40.6212692260 , 13.59183
81.59 , 40.6212692260 , 13.59783
81.62 , 40.6212692260 , 13.60367
81.66 , 40.7298812866 , 13.60950
81.69 , 40.7298812866 , 13.61533
81.73 , 40.7298812866 , 13.62133
81.76 , 40.7298812866 , 13.62717
81.80 , 40.7298812866 , 13.63317
81.83 , 40.8384933471 , 13.63883
81.87 , 40.8384933471 , 13.64483
81.90 , 40.8384933471 , 13.65083
81.94 , 40.8384933471 , 13.65667
81.98 , 40.8384933471 , 13.66267
82.01 , 40.8384933471 , 13.66850
82.05 , 40.9471054077 , 13.67433
82.08 , 40.9471054077 , 13.68017
82.12 , 40.9471054077 , 13.68617
82.15 , 40.9471054077 , 13.69200
82.19 , 40.9471054077 , 13.69800
82.22 , 41.0557212829 , 13.70383
82.26 , 40.9471054077 , 13.70967
82.29 , 40.9471054077 , 13.71550
82.33 , 40.9471054077 , 13.72150
82.36 , 41.1643333435 , 13.72733
82.40 , 41.0557212829 , 13.73333
82.44 , 41.0557212829 , 13.73933
82.47 , 41.1643333435 , 13.74500
82.51 , 41.0557212829 , 13.75100
82.54 , 41.1643333435 , 13.75683
82.58 , 41.1643333435 , 13.76283
82.61 , 41.2729454040 , 13.76867
82.65 , 41.2729454040 , 13.77467
82.68 , 41.2729454040 , 13.78033
82.72 , 41.3815574645 , 13.78633
82.75 , 41.2729454040 , 13.79217
82.79 , 41.2729454040 , 13.79817
82.82 , 41.2729454040 , 13.80400
82.86 , 41.2729454040 , 13.81000
82.89 , 41.3815574645 , 13.81567
82.93 , 41.3815574645 , 13.82167
82.96 , 41.3815574645 , 13.82750
83.00 , 41.4901733398 , 13.83350
83.04 , 41.4901733398 , 13.83950
83.07 , 41.4901733398 , 13.84533
83.11 , 41.4901733398 , 13.85117
83.14 , 41.4901733398 , 13.85700
83.18 , 41.4901733398 , 13.86300
83.21 , 41.5987854003 , 13.86883
83.25 , 41.5987854003 , 13.87483
83.28 , 41.5987854003 , 13.88050
83.32 , 41.5987854003 , 13.88650
83.35 , 41.5987854003 , 13.89233
83.39 , 41.7073974609 , 13.89833
83.43 , 41.7073974609 , 13.90417
83.46 , 41.7073974609 , 13.91017
83.50 , 41.7073974609 , 13.91583
83.53 , 41.7073974609 , 13.92183
83.57 , 41.8160095214 , 13.92783
83.60 , 41.8160095214 , 13.93367
83.64 , 41.8160095214 , 13.93967
83.67 , 41.8160095214 , 13.94550
83.71 , 41.8160095214 , 13.95133
83.74 , 41.8160095214 , 13.95717
83.78 , 41.9246215820 , 13.96317
83.81 , 41.9246215820 , 13.96900
83.85 , 41.9246215820 , 13.97500
83.88 , 41.9246215820 , 13.98083
83.92 , 41.9246215820 , 13.98667
83.95 , 41.9246215820 , 13.99250
83.99 , 42.0332374572 , 13.99850
84.03 , 42.0332374572 , 14.00433
84.06 , 42.0332374572 , 14.01033
84.10 , 42.0332374572 , 14.01617
84.13 , 42.0332374572 , 14.02200
84.17 , 42.0332374572 , 14.02800
84.20 , 42.1418495178 , 14.03383
84.24 , 42.1418495178 , 14.03983
84.27 , 42.1418495178 , 14.04567
84.31 , 42.1418495178 , 14.05167
84.34 , 42.1418495178 , 14.05733
84.38 , 42.1418495178 , 14.06333
84.41 , 42.1418495178 , 14.06917
84.45 , 42.2504615783 , 14.07517
84.49 , 42.2504615783 , 14.08100
84.52 , 42.2504615783 , 14.08683
84.56 , 42.2504615783 , 14.09267
84.59 , 42.3590736389 , 14.09867
84.63 , 42.3590736389 , 14.10450
84.66 , 42.3590736389 , 14.11050
84.70 , 42.3590736389 , 14.11650
84.73 , 42.3590736389 , 14.12217
84.77 , 42.4676895141 , 14.12817
84.80 , 42.4676895141 , 14.13400
84.84 , 42.3590736389 , 14.14000
84.87 , 42.4676895141 , 14.14583
84.91 , 42.4676895141 , 14.15183
84.94 , 42.5763015747 , 14.15750
84.98 , 42.4676895141 , 14.16350
85.02 , 42.5763015747 , 14.16933
85.05 , 42.5763015747 , 14.17533
85.09 , 42.5763015747 , 14.18117
85.12 , 42.5763015747 , 14.18717
85.16 , 42.6849136352 , 14.19283
85.19 , 42.6849136352 , 14.19883
85.23 , 42.5763015747 , 14.20467
85.26 , 42.6849136352 , 14.21067
85.30 , 42.6849136352 , 14.21667
85.33 , 42.6849136352 , 14.22250
85.37 , 42.7935256958 , 14.22833
85.40 , 42.7935256958 , 14.23417
85.44 , 42.7935256958 , 14.24017
85.48 , 42.9021377563 , 14.24600
85.51 , 42.7935256958 , 14.25200
85.55 , 42.9021377563 , 14.25783
85.58 , 42.9021377563 , 14.26367
85.62 , 42.9021377563 , 14.26950
85.65 , 42.9021377563 , 14.27550
85.69 , 43.0107536315 , 14.28133
85.72 , 42.9021377563 , 14.28733
85.76 , 43.0107536315 , 14.29300
85.79 , 43.0107536315 , 14.29900
85.83 , 43.0107536315 , 14.30500
85.86 , 43.1193656921 , 14.31083
85.90 , 43.0107536315 , 14.31683
85.94 , 43.0107536315 , 14.32267
85.97 , 43.1193656921 , 14.32850
86.01 , 43.2279777526 , 14.33433
86.04 , 43.1193656921 , 14.34033
86.08 , 43.1193656921 , 14.34617
86.11 , 43.1193656921 , 14.35217
86.15 , 43.2279777526 , 14.35800
86.18 , 43.2279777526 , 14.36383
86.22 , 43.3365898132 , 14.36967
86.25 , 43.2279777526 , 14.37567
86.29 , 43.3365898132 , 14.38150
86.32 , 43.3365898132 , 14.38750
86.36 , 43.3365898132 , 14.39333
86.39 , 43.3365898132 , 14.39917
86.43 , 43.3365898132 , 14.40517
86.47 , 43.4452056884 , 14.41100
86.50 , 43.4452056884 , 14.41700
86.54 , 43.4452056884 , 14.42283
86.57 , 43.4452056884 , 14.42883
86.61 , 43.4452056884 , 14.43450
86.64 , 43.5538177490 , 14.44050
86.68 , 43.5538177490 , 14.44633
86.71 , 43.4452056884 , 14.45233
86.75 , 43.5538177490 , 14.45817
86.79 , 43.4452056884 , 14.46417
86.82 , 43.5538177490 , 14.46983
86.86 , 43.5538177490 , 14.47583
86.89 , 43.6624298095 , 14.48167
86.93 , 43.5538177490 , 14.48767
86.96 , 43.6624298095 , 14.49367
87.00 , 43.6624298095 , 14.49933
87.03 , 43.6624298095 , 14.50533
87.07 , 43.6624298095 , 14.51117
87.10 , 43.6624298095 , 14.51717
87.14 , 43.7710418701 , 14.52300
87.17 , 43.7710418701 , 14.52900
87.21 , 43.7710418701 , 14.53467
87.24 , 43.7710418701 , 14.54067
87.28 , 43.7710418701 , 14.54650
87.31 , 43.8796539306 , 14.55250
87.35 , 43.8796539306 , 14.55833
87.39 , 43.8796539306 , 14.56433
87.42 , 43.8796539306 , 14.57000
87.46 , 43.8796539306 , 14.57600
87.49 , 43.8796539306 , 14.58183
87.53 , 43.8796539306 , 14.58783
87.56 , 43.8796539306 , 14.59383
87.60 , 43.9882698059 , 14.59967
87.63 , 43.9882698059 , 14.60550
87.67 , 43.9882698059 , 14.61133
87.70 , 43.9882698059 , 14.61733
87.74 , 44.0968818664 , 14.62317
87.77 , 44.0968818664 , 14.62917
87.81 , 44.0968818664 , 14.63500
87.84 , 44.2054939270 , 14.64083
87.88 , 44.2054939270 , 14.64667
87.92 , 44.2054939270 , 14.65267
87.95 , 44.2054939270 , 14.65850
87.99 , 44.2054939270 , 14.66450
88.02 , 44.3141059875 , 14.67033
88.06 , 44.3141059875 , 14.67617
88.09 , 44.3141059875 , 14.68217
88.13 , 44.2054939270 , 14.68800
88.16 , 44.2054939270 , 14.69400
88.20 , 44.3141059875 , 14.69983
88.23 , 44.4227218627 , 14.70583
88.27 , 44.4227218627 , 14.71150
88.30 , 44.4227218627 , 14.71750
88.34 , 44.5313339233 , 14.72333
88.38 , 44.4227218627 , 14.72933
88.41 , 44.5313339233 , 14.73517
88.45 , 44.5313339233 , 14.74100
88.48 , 44.5313339233 , 14.74683
88.52 , 44.5313339233 , 14.75283
88.55 , 44.6399459838 , 14.75867
88.59 , 44.5313339233 , 14.76467
88.62 , 44.6399459838 , 14.77050
88.66 , 44.6399459838 , 14.77633
88.69 , 44.6399459838 , 14.78233
88.73 , 44.7485580444 , 14.78817
88.76 , 44.7485580444 , 14.79417
88.80 , 44.8571701049 , 14.80000
88.84 , 44.7485580444 , 14.80600
88.87 , 44.7485580444 , 14.81167
88.91 , 44.7485580444 , 14.81767
88.94 , 44.7485580444 , 14.82350
88.98 , 44.7485580444 , 14.82950
89.01 , 44.8571701049 , 14.83533
89.05 , 44.8571701049 , 14.84133
89.08 , 44.8571701049 , 14.84700
89.12 , 44.8571701049 , 14.85300
89.15 , 44.8571701049 , 14.85883
89.19 , 44.8571701049 , 14.86483
89.22 , 44.9657859802 , 14.87083
89.26 , 44.8571701049 , 14.87667
89.29 , 44.9657859802 , 14.88250
89.33 , 44.9657859802 , 14.88833
89.37 , 44.9657859802 , 14.89433
89.40 , 45.0743980407 , 14.90017
89.44 , 45.0743980407 , 14.90617
89.47 , 45.0743980407 , 14.91200
89.51 , 45.0743980407 , 14.91783
89.54 , 45.0743980407 , 14.92367
89.58 , 45.1830101013 , 14.92967
89.61 , 45.1830101013 , 14.93550
89.65 , 45.0743980407 , 14.94150
89.68 , 45.1830101013 , 14.94717
89.72 , 45.1830101013 , 14.95317
89.75 , 45.1830101013 , 14.95900
89.79 , 45.2916221618 , 14.96500
89.83 , 45.2916221618 , 14.97100
89.86 , 45.2916221618 , 14.97683
89.90 , 45.2916221618 , 14.98267
89.93 , 45.4002380371 , 14.98850
89.97 , 45.4002380371 , 14.99450
90.00 , 45.4002380371 , 15.00033
90.04 , 45.4002380371 , 15.00633
90.07 , 45.5088500976 , 15.01217
90.11 , 45.5088500976 , 15.01800
90.14 , 45.6174621582 , 15.02383
90.18 , 45.5088500976 , 15.02983
90.21 , 45.5088500976 , 15.03567
90.25 , 45.6174621582 , 15.04167
90.29 , 45.6174621582 , 15.04750
90.32 , 45.6174621582 , 15.05333
90.36 , 45.6174621582 , 15.05933
90.39 , 45.7260742187 , 15.06517
90.43 , 45.7260742187 , 15.07117
90.46 , 45.7260742187 , 15.07700
90.50 , 45.8346939086 , 15.08300
90.53 , 45.8346939086 , 15.08867
90.57 , 45.8346939086 , 15.09467
90.60 , 45.8346939086 , 15.10050
90.64 , 45.8346939086 , 15.10650
90.67 , 45.8346939086 , 15.11233
90.71 , 45.9433059692 , 15.11833
90.74 , 45.9433059692 , 15.12400
90.78 , 45.9433059692 , 15.13000
90.81 , 46.0519180297 , 15.13583
90.85 , 46.0519180297 , 15.14183
90.89 , 46.1605300903 , 15.14767
90.92 , 46.0519180297 , 15.15350
90.96 , 46.1605300903 , 15.15950
90.99 , 46.1605300903 , 15.16533
91.03 , 46.1605300903 , 15.17133
91.06 , 46.1605300903 , 15.17717
91.10 , 46.1605300903 , 15.18317
91.13 , 46.2691459655 , 15.18883
91.17 , 46.2691459655 , 15.19483
91.20 , 46.2691459655 , 15.20067
91.24 , 46.3777580261 , 15.20667
91.27 , 46.2691459655 , 15.21250
91.31 , 46.2691459655 , 15.21850
91.34 , 46.3777580261 , 15.22417
91.38 , 46.3777580261 , 15.23017
91.42 , 46.3777580261 , 15.23600
91.45 , 46.3777580261 , 15.24200
91.49 , 46.4863700866 , 15.24800
91.52 , 46.4863700866 , 15.25383
91.56 , 46.4863700866 , 15.25967
91.59 , 46.4863700866 , 15.26550
91.63 , 46.5949821472 , 15.27150
91.66 , 46.5949821472 , 15.27733
91.70 , 46.7035980224 , 15.28333
91.73 , 46.7035980224 , 15.28917
91.77 , 46.7035980224 , 15.29500
91.80 , 46.7035980224 , 15.30083
91.84 , 46.7035980224 , 15.30683
91.88 , 46.7035980224 , 15.31267
91.91 , 46.7035980224 , 15.31867
91.95 , 46.8122100830 , 15.32450
91.98 , 46.8122100830 , 15.33033
92.02 , 46.8122100830 , 15.33617
92.05 , 46.8122100830 , 15.34217
92.09 , 46.8122100830 , 15.34817
92.12 , 47.0294342041 , 15.35400
92.16 , 46.9208221435 , 15.36000
92.19 , 47.0294342041 , 15.36567
92.23 , 47.0294342041 , 15.37167
92.26 , 46.9208221435 , 15.37750
92.30 , 47.0294342041 , 15.38350
92.34 , 47.1380462646 , 15.38933
92.37 , 47.1380462646 , 15.39517
92.41 , 47.1380462646 , 15.40100
92.44 , 47.1380462646 , 15.40700
92.48 , 47.1380462646 , 15.41283
92.51 , 47.2466621398 , 15.41883
92.55 , 47.2466621398 , 15.42467
92.58 , 47.2466621398 , 15.43050
92.62 , 47.3552742004 , 15.43650
92.65 , 47.3552742004 , 15.44233
92.69 , 47.3552742004 , 15.44833
92.72 , 47.4638862609 , 15.45417
92.76 , 47.4638862609 , 15.46017
92.79 , 47.4638862609 , 15.46583
92.83 , 47.5724983215 , 15.47183
92.87 , 47.4638862609 , 15.47767
92.90 , 47.4638862609 , 15.48367
92.94 , 47.5724983215 , 15.48950
92.97 , 47.6811141967 , 15.49550
93.01 , 47.6811141967 , 15.50117
93.04 , 47.6811141967 , 15.50717
93.08 , 47.6811141967 , 15.51300
93.11 , 47.6811141967 , 15.51900
93.15 , 47.7897262573 , 15.52483
93.18 , 47.7897262573 , 15.53083
93.22 , 47.7897262573 , 15.53667
93.25 , 47.7897262573 , 15.54250
93.29 , 47.8983383178 , 15.54850
93.33 , 47.8983383178 , 15.55433
93.36 , 47.8983383178 , 15.56033
93.40 , 48.0069503784 , 15.56600
93.43 , 48.0069503784 , 15.57200
93.47 , 48.0069503784 , 15.57783
93.50 , 48.1155624389 , 15.58383
93.54 , 48.0069503784 , 15.58967
93.57 , 48.1155624389 , 15.59567
93.61 , 48.1155624389 , 15.60133
93.64 , 48.1155624389 , 15.60733
93.68 , 48.1155624389 , 15.61317
93.71 , 48.1155624389 , 15.61917
93.75 , 48.1155624389 , 15.62517
93.79 , 48.1155624389 , 15.63100
93.82 , 48.2241783142 , 15.63683
93.86 , 48.2241783142 , 15.64267
93.89 , 48.2241783142 , 15.64867
93.93 , 48.3327903747 , 15.65450
93.96 , 48.3327903747 , 15.66050
94.00 , 48.3327903747 , 15.66633
94.03 , 48.3327903747 , 15.67217
94.07 , 48.4414024353 , 15.67800
94.10 , 48.4414024353 , 15.68400
94.14 , 48.4414024353 , 15.68983
94.18 , 48.4414024353 , 15.69583
94.21 , 48.5500144958 , 15.70167
94.25 , 48.5500144958 , 15.70750
94.28 , 48.5500144958 , 15.71333
94.32 , 48.5500144958 , 15.71933
94.35 , 48.5500144958 , 15.72533
94.39 , 48.6586303710 , 15.73117
94.42 , 48.6586303710 , 15.73717
94.46 , 48.6586303710 , 15.74283
94.49 , 48.6586303710 , 15.74883
94.53 , 48.6586303710 , 15.75467
94.56 , 48.7672424316 , 15.76067
94.60 , 48.6586303710 , 15.76650
94.63 , 48.8758544921 , 15.77250
94.67 , 48.7672424316 , 15.77817
94.70 , 48.8758544921 , 15.78417
94.74 , 48.8758544921 , 15.79000
94.78 , 48.8758544921 , 15.79600
94.81 , 48.9844665527 , 15.80183
94.85 , 48.9844665527 , 15.80767
94.88 , 48.9844665527 , 15.81367
94.92 , 49.0930786132 , 15.81950
94.95 , 48.9844665527 , 15.82550
94.99 , 49.0930786132 , 15.83133
95.02 , 49.0930786132 , 15.83733
95.06 , 49.0930786132 , 15.84300
95.09 , 49.0930786132 , 15.84900
95.13 , 49.0930786132 , 15.85483
95.16 , 49.2016944885 , 15.86083
95.20 , 49.2016944885 , 15.86667
95.24 , 49.3103065490 , 15.87267
95.27 , 49.3103065490 , 15.87833
95.31 , 49.3103065490 , 15.88433
95.34 , 49.4189186096 , 15.89017
95.38 , 49.4189186096 , 15.89617
95.41 , 49.4189186096 , 15.90200
95.45 , 49.4189186096 , 15.90800
95.48 , 49.4189186096 , 15.91383
95.52 , 49.5275306701 , 15.91967
95.55 , 49.5275306701 , 15.92567
95.59 , 49.5275306701 , 15.93150
95.62 , 49.6361465454 , 15.93750
95.66 , 49.6361465454 , 15.94333
95.69 , 49.6361465454 , 15.94917
95.73 , 49.6361465454 , 15.95500
95.77 , 49.6361465454 , 15.96100
95.80 , 49.7447586059 , 15.96683
95.84 , 49.7447586059 , 15.97283
95.87 , 49.7447586059 , 15.97867
95.91 , 49.7447586059 , 15.98450
95.94 , 49.8533706665 , 15.99033
95.98 , 49.8533706665 , 15.99633
96.01 , 49.8533706665 , 16.00234
96.05 , 49.8533706665 , 16.00817
96.08 , 49.9619827270 , 16.01400
96.12 , 49.9619827270 , 16.01984
96.15 , 50.0705947875 , 16.02583
96.19 , 49.9619827270 , 16.03167
96.23 , 49.9619827270 , 16.03767
96.26 , 49.9619827270 , 16.04350
96.30 , 50.0705947875 , 16.04933
96.33 , 50.0705947875 , 16.05517
96.37 , 50.0705947875 , 16.06117
96.40 , 50.1792106628 , 16.06700
96.44 , 50.0705947875 , 16.07300
96.47 , 50.1792106628 , 16.07884
96.51 , 50.1792106628 , 16.08467
96.54 , 50.2878227233 , 16.09050
96.58 , 50.2878227233 , 16.09650
96.61 , 50.2878227233 , 16.10250
96.65 , 50.3964347839 , 16.10833
96.69 , 50.3964347839 , 16.11433
96.72 , 50.3964347839 , 16.12000
96.76 , 50.3964347839 , 16.12600
96.79 , 50.5050468444 , 16.13183
96.83 , 50.3964347839 , 16.13784
96.86 , 50.3964347839 , 16.14367
96.90 , 50.5050468444 , 16.14967
96.93 , 50.5050468444 , 16.15534
96.97 , 50.5050468444 , 16.16134
97.00 , 50.6136627197 , 16.16717
97.04 , 50.6136627197 , 16.17317
97.07 , 50.6136627197 , 16.17900
97.11 , 50.7222747802 , 16.18500
97.14 , 50.8308868408 , 16.19083
97.18 , 50.6136627197 , 16.19667
97.22 , 50.8308868408 , 16.20267
97.25 , 50.8308868408 , 16.20850
97.29 , 50.8308868408 , 16.21450
97.32 , 50.8308868408 , 16.22017
97.36 , 50.8308868408 , 16.22617
97.39 , 50.8308868408 , 16.23200
97.43 , 50.9394989013 , 16.23800
97.46 , 50.9394989013 , 16.24383
97.50 , 51.0481109619 , 16.24983
97.53 , 50.9394989013 , 16.25550
97.57 , 51.1567268371 , 16.26150
97.60 , 51.1567268371 , 16.26733
97.64 , 51.0481109619 , 16.27334
97.68 , 51.1567268371 , 16.27917
97.71 , 51.1567268371 , 16.28517
97.75 , 51.1567268371 , 16.29100
97.78 , 51.1567268371 , 16.29683
97.82 , 51.2653388977 , 16.30283
97.85 , 51.2653388977 , 16.30867
97.89 , 51.3739547729 , 16.31467
97.92 , 51.3739547729 , 16.32050
97.96 , 51.3739547729 , 16.32633
97.99 , 51.4825706481 , 16.33217
98.03 , 51.4825706481 , 16.33817
98.06 , 51.4825706481 , 16.34400
98.10 , 51.4825706481 , 16.35000
98.13 , 51.5911827087 , 16.35584
98.17 , 51.4825706481 , 16.36167
98.20 , 51.4825706481 , 16.36750
98.24 , 51.5911827087 , 16.37350
98.28 , 51.5911827087 , 16.37950
98.31 , 51.6997947692 , 16.38533
98.35 , 51.6997947692 , 16.39134
98.38 , 51.6997947692 , 16.39700
98.42 , 51.6997947692 , 16.40300
98.45 , 51.8084068298 , 16.40884
98.49 , 51.6997947692 , 16.41483
98.52 , 51.6997947692 , 16.42067
98.56 , 51.8084068298 , 16.42667
98.59 , 51.8084068298 , 16.43234
98.63 , 51.9170227050 , 16.43833
98.66 , 51.8084068298 , 16.44417
98.70 , 51.8084068298 , 16.45017
98.74 , 52.0256347656 , 16.45600
98.77 , 52.0256347656 , 16.46183
98.81 , 52.0256347656 , 16.46767
98.84 , 51.9170227050 , 16.47367
98.88 , 52.0256347656 , 16.47967
98.91 , 52.1342468261 , 16.48550
98.95 , 52.0256347656 , 16.49150
98.98 , 52.0256347656 , 16.49717
99.02 , 52.1342468261 , 16.50317
99.05 , 52.1342468261 , 16.50900
99.09 , 52.1342468261 , 16.51500
99.12 , 52.2428588867 , 16.52083
99.16 , 52.2428588867 , 16.52684
99.19 , 52.2428588867 , 16.53250
99.23 , 52.3514709472 , 16.53850
99.27 , 52.3514709472 , 16.54434
99.30 , 52.3514709472 , 16.55034
99.34 , 52.3514709472 , 16.55617
99.37 , 52.3514709472 , 16.56217
99.41 , 52.4600868225 , 16.56800
99.44 , 52.4600868225 , 16.57383
99.48 , 52.4600868225 , 16.57983
99.51 , 52.4600868225 , 16.58567
99.55 , 52.5686988830 , 16.59167
99.58 , 52.5686988830 , 16.59750
99.62 , 52.5686988830 , 16.60334
99.65 , 52.5686988830 , 16.60917
99.69 , 52.6773109436 , 16.61517
99.73 , 52.6773109436 , 16.62100
99.76 , 52.7859230041 , 16.62700
99.80 , 52.7859230041 , 16.63267
99.83 , 52.7859230041 , 16.63867
99.87 , 52.7859230041 , 16.64450
99.90 , 52.7859230041 , 16.65050
99.94 , 52.8945388793 , 16.65633
99.97 , 52.8945388793 , 16.66234
100.01 , 52.8945388793 , 16.66817
100.04 , 53.0031509399 , 16.67417
100.08 , 53.0031509399 , 16.68033
100.12 , 53.0031509399 , 16.68633
100.15 , 53.0031509399 , 16.69250
100.19 , 53.1117630004 , 16.69850
100.23 , 53.1117630004 , 16.70467
100.26 , 53.1117630004 , 16.71050
100.30 , 53.1117630004 , 16.71667
100.34 , 53.1117630004 , 16.72267
100.37 , 53.2203750610 , 16.72883
100.41 , 53.2203750610 , 16.73500
100.45 , 53.3289871215 , 16.74100
100.48 , 53.3289871215 , 16.74717
100.52 , 53.3289871215 , 16.75300
100.55 , 53.3289871215 , 16.75917
100.59 , 53.4376029968 , 16.76517
100.63 , 53.4376029968 , 16.77133
100.66 , 53.4376029968 , 16.77733
100.70 , 53.4376029968 , 16.78350
100.74 , 53.4376029968 , 16.78950
100.77 , 53.4376029968 , 16.79550
100.81 , 53.5462150573 , 16.80167
100.85 , 53.5462150573 , 16.80767
100.88 , 53.5462150573 , 16.81384
100.92 , 53.5462150573 , 16.81983
100.96 , 53.6548271179 , 16.82600
100.99 , 53.6548271179 , 16.83200
101.03 , 53.7634391784 , 16.83800
101.06 , 53.7634391784 , 16.84400
101.10 , 53.7634391784 , 16.85017
101.14 , 53.7634391784 , 16.85634
101.17 , 53.8720550537 , 16.86234
101.21 , 53.7634391784 , 16.86850
101.25 , 53.7634391784 , 16.87434
101.28 , 53.8720550537 , 16.88050
101.32 , 53.8720550537 , 16.88650
101.36 , 53.8720550537 , 16.89267
101.39 , 53.9806671142 , 16.89867
101.43 , 53.9806671142 , 16.90484
101.46 , 53.9806671142 , 16.91083
101.50 , 53.9806671142 , 16.91683
101.54 , 54.1978912353 , 16.92300
101.57 , 54.1978912353 , 16.92900
101.61 , 54.0892791748 , 16.93517
101.65 , 54.0892791748 , 16.94117
101.68 , 54.1978912353 , 16.94734
101.72 , 54.1978912353 , 16.95334
101.76 , 54.3065032958 , 16.95933
101.79 , 54.3065032958 , 16.96533
101.83 , 54.3065032958 , 16.97150
101.86 , 54.3065032958 , 16.97750
101.90 , 54.4151191711 , 16.98367
101.94 , 54.4151191711 , 16.98983
101.97 , 54.4151191711 , 16.99584
102.01 , 54.4151191711 , 17.00184
102.05 , 54.4151191711 , 17.00783
102.08 , 54.5237312316 , 17.01400
102.12 , 54.5237312316 , 17.02000
102.16 , 54.5237312316 , 17.02617
102.19 , 54.6323432922 , 17.03217
102.23 , 54.6323432922 , 17.03833
102.26 , 54.6323432922 , 17.04417
102.30 , 54.7409553527 , 17.05034
102.34 , 54.7409553527 , 17.05650
102.37 , 54.7409553527 , 17.06250
102.41 , 54.7409553527 , 17.06867
102.45 , 54.8495712280 , 17.07467
102.48 , 54.8495712280 , 17.08067
102.52 , 54.8495712280 , 17.08667
102.56 , 54.8495712280 , 17.09284
102.59 , 54.9581832885 , 17.09884
102.63 , 54.9581832885 , 17.10500
102.67 , 54.9581832885 , 17.11100
102.70 , 55.0667953491 , 17.11717
102.74 , 55.0667953491 , 17.12317
102.77 , 55.0667953491 , 17.12917
102.81 , 55.1754074096 , 17.13533
102.85 , 55.1754074096 , 17.14134
102.88 , 55.1754074096 , 17.14750
102.92 , 55.1754074096 , 17.15350
102.96 , 55.2840194702 , 17.15967
102.99 , 55.1754074096 , 17.16550
103.03 , 55.2840194702 , 17.17167
103.07 , 55.2840194702 , 17.17767
103.10 , 55.3926353454 , 17.18383
103.14 , 55.2840194702 , 17.19000
103.18 , 55.2840194702 , 17.19600
103.21 , 55.3926353454 , 17.20217
103.25 , 55.3926353454 , 17.20800
103.29 , 55.3926353454 , 17.21417
103.32 , 55.5012474060 , 17.22017
103.36 , 55.5012474060 , 17.22633
103.39 , 55.5012474060 , 17.23233
103.43 , 55.6098594665 , 17.23850
103.47 , 55.7184715270 , 17.24467
103.50 , 55.7184715270 , 17.25050
103.54 , 55.6098594665 , 17.25667
103.58 , 55.6098594665 , 17.26267
103.61 , 55.7184715270 , 17.26883
103.65 , 55.7184715270 , 17.27483
103.69 , 55.8270874023 , 17.28100
103.72 , 55.8270874023 , 17.28684
103.76 , 55.9356994628 , 17.29300
103.79 , 55.8270874023 , 17.29900
103.83 , 55.8270874023 , 17.30517
103.87 , 55.9356994628 , 17.31133
103.90 , 55.9356994628 , 17.31733
103.94 , 56.0443115234 , 17.32350
103.98 , 56.0443115234 , 17.32933
104.01 , 56.0443115234 , 17.33550
104.05 , 56.0443115234 , 17.34150
104.09 , 56.1529235839 , 17.34767
104.12 , 56.0443115234 , 17.35367
104.16 , 56.1529235839 , 17.35983
104.19 , 56.1529235839 , 17.36583
104.23 , 56.1529235839 , 17.37183
104.27 , 56.2615356445 , 17.37800
104.30 , 56.2615356445 , 17.38400
104.34 , 56.2615356445 , 17.39017
104.38 , 56.3701515197 , 17.39617
104.41 , 56.3701515197 , 17.40233
104.45 , 56.3701515197 , 17.40833
104.49 , 56.4787635803 , 17.41433
104.52 , 56.4787635803 , 17.42033
104.56 , 56.4787635803 , 17.42650
104.59 , 56.4787635803 , 17.43250
104.63 , 56.4787635803 , 17.43867
104.67 , 56.5873756408 , 17.44483
104.70 , 56.5873756408 , 17.45083
104.74 , 56.5873756408 , 17.45683
104.78 , 56.5873756408 , 17.46283
104.81 , 56.6959877014 , 17.46900
104.85 , 56.8046035766 , 17.47500
104.89 , 56.8046035766 , 17.48117
104.92 , 56.8046035766 , 17.48717
104.96 , 56.8046035766 , 17.49333
105.00 , 56.9132156372 , 17.49917
105.03 , 56.9132156372 , 17.50533
105.07 , 56.9132156372 , 17.51150
105.11 , 56.9132156372 , 17.51750
105.14 , 57.0218315124 , 17.52367
105.18 , 56.9132156372 , 17.52967
105.21 , 57.0218315124 , 17.53567
105.25 , 57.0218315124 , 17.54167
105.29 , 57.0218315124 , 17.54784
105.32 , 57.1304473876 , 17.55383
105.36 , 57.1304473876 , 17.56000
105.40 , 57.2390594482 , 17.56600
105.43 , 57.1304473876 , 17.57217
105.47 , 57.1304473876 , 17.57817
105.50 , 57.2390594482 , 17.58417
105.54 , 57.3476715087 , 17.59033
105.58 , 57.2390594482 , 17.59634
105.61 , 57.3476715087 , 17.60250
105.65 , 57.3476715087 , 17.60850
105.69 , 57.4562835693 , 17.61467
105.72 , 57.4562835693 , 17.62050
105.76 , 57.3476715087 , 17.62667
105.80 , 57.5648956298 , 17.63283
105.83 , 57.4562835693 , 17.63883
105.87 , 57.5648956298 , 17.64500
105.91 , 57.5648956298 , 17.65100
105.94 , 57.5648956298 , 17.65717
105.98 , 57.6735115051 , 17.66300
106.01 , 57.5648956298 , 17.66917
106.05 , 57.6735115051 , 17.67517
106.09 , 57.6735115051 , 17.68133
106.12 , 57.7821235656 , 17.68733
106.16 , 57.7821235656 , 17.69350
106.20 , 57.7821235656 , 17.69967
106.23 , 57.7821235656 , 17.70550
106.27 , 57.8907356262 , 17.71167
106.31 , 57.7821235656 , 17.71767
106.34 , 57.8907356262 , 17.72384
106.38 , 57.8907356262 , 17.72983
106.42 , 57.9993476867 , 17.73600
106.45 , 57.8907356262 , 17.74183
106.49 , 57.9993476867 , 17.74800
106.52 , 57.9993476867 , 17.75400
106.56 , 58.1079635620 , 17.76017
106.60 , 58.1079635620 , 17.76634
106.63 , 58.1079635620 , 17.77234
106.67 , 58.1079635620 , 17.77850
106.71 , 58.2165756225 , 17.78433
106.74 , 58.3251876831 , 17.79050
106.78 , 58.2165756225 , 17.79650
106.82 , 58.3251876831 , 17.80267
106.85 , 58.3251876831 , 17.80867
106.89 , 58.4337997436 , 17.81484
106.93 , 58.4337997436 , 17.82084
106.96 , 58.4337997436 , 17.82683
107.00 , 58.4337997436 , 17.83300
107.03 , 58.4337997436 , 17.83900
107.07 , 58.4337997436 , 17.84517
107.11 , 58.5424118041 , 17.85117
107.14 , 58.6510276794 , 17.85733
107.18 , 58.5424118041 , 17.86334
107.22 , 58.7596397399 , 17.86934
107.25 , 58.7596397399 , 17.87533
107.29 , 58.7596397399 , 17.88150
107.32 , 58.7596397399 , 17.88750
107.36 , 58.7596397399 , 17.89367
107.40 , 58.7596397399 , 17.89983
107.43 , 58.8682518005 , 17.90583
107.47 , 58.9768638610 , 17.91184
107.51 , 58.8682518005 , 17.91784
107.54 , 58.8682518005 , 17.92400
107.58 , 58.9768638610 , 17.93000
107.62 , 58.9768638610 , 17.93617
107.65 , 58.9768638610 , 17.94217
107.69 , 59.0854797363 , 17.94817
107.72 , 58.9768638610 , 17.95417
107.76 , 59.0854797363 , 17.96034
107.80 , 59.0854797363 , 17.96650
107.83 , 59.0854797363 , 17.97250
107.87 , 59.1940917968 , 17.97867
107.91 , 59.1940917968 , 17.98467
107.94 , 59.1940917968 , 17.99067
107.98 , 59.3027038574 , 17.99667
108.02 , 59.3027038574 , 18.00284
108.05 , 59.3027038574 , 18.00884
108.09 , 59.3027038574 , 18.01500
108.13 , 59.4113159179 , 18.02117
108.16 , 59.4113159179 , 18.02717
108.20 , 59.4113159179 , 18.03317
108.23 , 59.4113159179 , 18.03917
108.27 , 59.5199279785 , 18.04533
108.31 , 59.5199279785 , 18.05134
108.34 , 59.6285438537 , 18.05750
108.38 , 59.5199279785 , 18.06350
108.42 , 59.6285438537 , 18.06967
108.45 , 59.6285438537 , 18.07550
108.49 , 59.6285438537 , 18.08167
108.53 , 59.6285438537 , 18.08783
108.56 , 59.6285438537 , 18.09383
108.60 , 59.7371559143 , 18.10000
108.64 , 59.7371559143 , 18.10600
108.67 , 59.7371559143 , 18.11217
108.71 , 59.8457679748 , 18.11800
108.75 , 59.8457679748 , 18.12417
108.78 , 59.8457679748 , 18.13017
108.82 , 59.8457679748 , 18.13633
108.85 , 59.8457679748 , 18.14233
108.89 , 59.9543800354 , 18.14850
108.93 , 59.9543800354 , 18.15467
108.96 , 59.9543800354 , 18.16050
109.00 , 59.9543800354 , 18.16667
109.04 , 60.0629959106 , 18.17267
109.07 , 59.9543800354 , 18.17883
109.11 , 60.0629959106 , 18.18483
109.15 , 60.1716079711 , 18.19100
109.18 , 60.1716079711 , 18.19684
109.22 , 60.1716079711 , 18.20300
109.25 , 60.2802200317 , 18.20900
109.29 , 60.2802200317 , 18.21517
109.33 , 60.2802200317 , 18.22134
109.36 , 60.3888320922 , 18.22733
109.40 , 60.3888320922 , 18.23350
109.44 , 60.4974441528 , 18.23933
109.47 , 60.3888320922 , 18.24550
109.51 , 60.3888320922 , 18.25150
109.55 , 60.4974441528 , 18.25767
109.58 , 60.4974441528 , 18.26367
109.62 , 60.6060600280 , 18.26984
109.65 , 60.4974441528 , 18.27583
109.69 , 60.6060600280 , 18.28183
109.73 , 60.6060600280 , 18.28800
109.76 , 60.6060600280 , 18.29400
109.80 , 60.7146720886 , 18.30017
109.84 , 60.7146720886 , 18.30617
109.87 , 60.7146720886 , 18.31233
109.91 , 60.7146720886 , 18.31834
109.95 , 60.8232841491 , 18.32433
109.98 , 60.7146720886 , 18.33033
110.02 , 60.8232841491 , 18.33650
110.05 , 60.8232841491 , 18.34250
110.09 , 60.9318962097 , 18.34867
110.13 , 60.9318962097 , 18.35483
110.16 , 61.0405120849 , 18.36067
110.20 , 61.0405120849 , 18.36683
110.24 , 61.0405120849 , 18.37283
110.27 , 61.0405120849 , 18.37900
110.31 , 61.1491241455 , 18.38500
110.35 , 61.0405120849 , 18.39117
110.38 , 61.1491241455 , 18.39717
110.42 , 61.1491241455 , 18.40317
110.46 , 61.2577362060 , 18.40933
110.49 , 61.1491241455 , 18.41533
110.53 , 61.2577362060 , 18.42150
110.56 , 61.2577362060 , 18.42750
110.60 , 61.2577362060 , 18.43367
110.64 , 61.3663482666 , 18.43967
110.67 , 61.3663482666 , 18.44567
110.71 , 61.3663482666 , 18.45167
110.75 , 61.3663482666 , 18.45783
110.78 , 61.4749603271 , 18.46383
110.82 , 61.4749603271 , 18.47000
110.86 , 61.4749603271 , 18.47617
110.89 , 61.4749603271 , 18.48217
110.93 , 61.4749603271 , 18.48817
110.96 , 61.4749603271 , 18.49417
111.00 , 61.5835762023 , 18.50033
111.04 , 61.6921882629 , 18.50634
111.07 , 61.6921882629 , 18.51250
111.11 , 61.5835762023 , 18.51850
111.15 , 61.6921882629 , 18.52467
111.18 , 61.5835762023 , 18.53050
111.22 , 61.6921882629 , 18.53667
111.26 , 61.8008003234 , 18.54284
111.29 , 61.8008003234 , 18.54883
111.33 , 61.9094123840 , 18.55500
111.37 , 61.9094123840 , 18.56100
111.40 , 61.9094123840 , 18.56717
111.44 , 61.9094123840 , 18.57300
111.47 , 61.9094123840 , 18.57917
111.51 , 62.0180282592 , 18.58517
111.55 , 62.0180282592 , 18.59133
111.58 , 62.1266403198 , 18.59733
111.62 , 62.0180282592 , 18.60350
111.66 , 62.1266403198 , 18.60950
111.69 , 62.1266403198 , 18.61550
111.73 , 62.2352523803 , 18.62167
111.77 , 62.2352523803 , 18.62767
111.80 , 62.2352523803 , 18.63384
111.84 , 62.3438644409 , 18.63983
111.88 , 62.3438644409 , 18.64600
111.91 , 62.3438644409 , 18.65184
111.95 , 62.3438644409 , 18.65800
111.98 , 62.4524765014 , 18.66400
112.02 , 62.4524765014 , 18.67017
112.06 , 62.4524765014 , 18.67634
112.09 , 62.5610961914 , 18.68234
112.13 , 62.4524765014 , 18.68850
112.17 , 62.5610961914 , 18.69433
112.20 , 62.5610961914 , 18.70050
112.24 , 62.5610961914 , 18.70650
112.28 , 62.5610961914 , 18.71267
112.31 , 62.6697082519 , 18.71867
112.35 , 62.6697082519 , 18.72484
112.38 , 62.6697082519 , 18.73084
112.42 , 62.6697082519 , 18.73683
112.46 , 62.7783203125 , 18.74300
112.49 , 62.7783203125 , 18.74900
112.53 , 62.7783203125 , 18.75517
112.57 , 62.8869361877 , 18.76117
112.60 , 62.8869361877 , 18.76733
112.64 , 62.8869361877 , 18.77334
112.68 , 62.8869361877 , 18.77934
112.71 , 62.8869361877 , 18.78533
112.75 , 62.9955482482 , 18.79150
112.79 , 62.9955482482 , 18.79767
112.82 , 62.9955482482 , 18.80367
112.86 , 63.1041603088 , 18.80983
112.89 , 63.1041603088 , 18.81567
112.93 , 63.1041603088 , 18.82184
112.97 , 63.2127723693 , 18.82784
113.00 , 63.1041603088 , 18.83400
113.04 , 63.2127723693 , 18.84000
113.08 , 63.2127723693 , 18.84617
113.11 , 63.2127723693 , 18.85217
113.15 , 63.3213882446 , 18.85817
113.19 , 63.3213882446 , 18.86433
113.22 , 63.3213882446 , 18.87034
113.26 , 63.3213882446 , 18.87650
113.29 , 63.4300003051 , 18.88250
113.33 , 63.4300003051 , 18.88867
113.37 , 63.3213882446 , 18.89467
113.40 , 63.4300003051 , 18.90067
113.44 , 63.5386123657 , 18.90667
113.48 , 63.5386123657 , 18.91283
113.51 , 63.5386123657 , 18.91884
113.55 , 63.5386123657 , 18.92500
113.59 , 63.6472244262 , 18.93117
113.62 , 63.6472244262 , 18.93717
113.66 , 63.6472244262 , 18.94317
113.69 , 63.6472244262 , 18.94917
113.73 , 63.7558364868 , 18.95533
113.77 , 63.7558364868 , 18.96133
113.80 , 63.7558364868 , 18.96750
113.84 , 63.7558364868 , 18.97350
113.88 , 63.8644523620 , 18.97967
113.91 , 63.8644523620 , 18.98550
113.95 , 63.8644523620 , 18.99167
113.99 , 63.8644523620 , 18.99783
114.02 , 63.8644523620 , 19.00383
114.06 , 63.9730644226 , 19.01000
114.10 , 63.9730644226 , 19.01600
114.13 , 63.9730644226 , 19.02200
114.17 , 63.9730644226 , 19.02800
114.20 , 64.0816802978 , 19.03417
114.24 , 64.0816802978 , 19.04017
114.28 , 64.1902923583 , 19.04633
114.31 , 64.1902923583 , 19.05233
114.35 , 64.1902923583 , 19.05850
114.39 , 64.2989044189 , 19.06450
114.42 , 64.2989044189 , 19.07050
114.46 , 64.2989044189 , 19.07667
114.50 , 64.4075164794 , 19.08267
114.53 , 64.4075164794 , 19.08883
114.57 , 64.4075164794 , 19.09483
114.61 , 64.5161285400 , 19.10100
114.64 , 64.4075164794 , 19.10684
114.68 , 64.5161285400 , 19.11300
114.71 , 64.5161285400 , 19.11900
114.75 , 64.6247406005 , 19.12517
114.79 , 64.5161285400 , 19.13134
114.82 , 64.5161285400 , 19.13733
114.86 , 64.6247406005 , 19.14350
114.90 , 64.6247406005 , 19.14933
114.93 , 64.6247406005 , 19.15550
114.97 , 64.7333526611 , 19.16150
115.01 , 64.7333526611 , 19.16767
115.04 , 64.8419647216 , 19.17367
115.08 , 64.7333526611 , 19.17984
115.12 , 64.7333526611 , 19.18600
115.15 , 64.7333526611 , 19.19183
115.19 , 64.7333526611 , 19.19800
115.22 , 64.8419647216 , 19.20400
115.26 , 64.9505767822 , 19.21017
115.30 , 64.9505767822 , 19.21617
115.33 , 64.9505767822 , 19.22233
115.37 , 64.9505767822 , 19.22817
115.41 , 65.0591964721 , 19.23433
115.44 , 65.0591964721 , 19.24033
115.48 , 65.0591964721 , 19.24650
115.52 , 65.0591964721 , 19.25267
115.55 , 65.0591964721 , 19.25867
115.59 , 65.0591964721 , 19.26483
115.62 , 65.0591964721 , 19.27067
115.66 , 65.1678085327 , 19.27684
115.70 , 65.2764205932 , 19.28283
115.73 , 65.2764205932 , 19.28900
115.77 , 65.2764205932 , 19.29500
115.81 , 65.2764205932 , 19.30117
115.84 , 65.2764205932 , 19.30717
115.88 , 65.2764205932 , 19.31317
115.92 , 65.2764205932 , 19.31933
115.95 , 65.3850326538 , 19.32534
115.99 , 65.3850326538 , 19.33150
116.02 , 65.3850326538 , 19.33750
116.06 , 65.4936447143 , 19.34367
116.10 , 65.3850326538 , 19.34967
116.13 , 65.4936447143 , 19.35567
116.17 , 65.4936447143 , 19.36167
116.21 , 65.4936447143 , 19.36783
116.24 , 65.6022567749 , 19.37383
116.28 , 65.7108688354 , 19.38000
116.32 , 65.7108688354 , 19.38617
116.35 , 65.7108688354 , 19.39217
116.39 , 65.6022567749 , 19.39817
116.43 , 65.7108688354 , 19.40417
116.46 , 65.8194808959 , 19.41033
116.50 , 65.7108688354 , 19.41633
116.54 , 65.8194808959 , 19.42250
116.57 , 65.8194808959 , 19.42850
116.61 , 65.9280929565 , 19.43467
116.64 , 65.9280929565 , 19.44050
116.68 , 65.9280929565 , 19.44667
116.72 , 66.0367126464 , 19.45284
116.75 , 66.0367126464 , 19.45883
116.79 , 66.0367126464 , 19.46500
116.83 , 66.1453247070 , 19.47100
116.86 , 66.0367126464 , 19.47700
116.90 , 66.1453247070 , 19.48300
116.93 , 66.1453247070 , 19.48917
116.97 , 66.2539367675 , 19.49517
117.01 , 66.2539367675 , 19.50134
117.04 , 66.2539367675 , 19.50733
117.08 , 66.2539367675 , 19.51350
117.12 , 66.3625488281 , 19.51950
117.15 , 66.3625488281 , 19.52550
117.19 , 66.3625488281 , 19.53167
117.23 , 66.4711608886 , 19.53767
117.26 , 66.4711608886 , 19.54384
117.30 , 66.4711608886 , 19.54984
117.34 , 66.4711608886 , 19.55600
117.37 , 66.4711608886 , 19.56184
117.41 , 66.5797729492 , 19.56800
117.44 , 66.5797729492 , 19.57417
117.48 , 66.5797729492 , 19.58017
117.52 , 66.5797729492 , 19.58633
117.55 , 66.6883850097 , 19.59234
117.59 , 66.1453247070 , 19.59850
117.63 , 66.2539367675 , 19.60433
117.66 , 66.2539367675 , 19.61050
117.70 , 66.2539367675 , 19.61650
117.74 , 66.2539367675 , 19.62267
117.77 , 66.2539367675 , 19.62867
117.81 , 66.3625488281 , 19.63484
117.85 , 66.3625488281 , 19.64100
117.88 , 66.3625488281 , 19.64683
117.92 , 66.4711608886 , 19.65300
117.95 , 66.4711608886 , 19.65900
117.99 , 66.4711608886 , 19.66517
118.03 , 66.5797729492 , 19.67117
118.06 , 66.5797729492 , 19.67733
118.10 , 66.5797729492 , 19.68317
118.14 , 66.5797729492 , 19.68934
118.17 , 66.6883850097 , 19.69533
118.21 , 66.6883850097 , 19.70150
118.25 , 66.6883850097 , 19.70767
118.28 , 66.6883850097 , 19.71367
118.32 , 66.7969970703 , 19.71983
118.35 , 66.7969970703 , 19.72567
118.39 , 66.7969970703 , 19.73184
118.43 , 66.7969970703 , 19.73784
118.46 , 66.9056091308 , 19.74400
118.50 , 66.9056091308 , 19.75000
118.54 , 67.0142288208 , 19.75617
118.57 , 67.0142288208 , 19.76217
118.61 , 67.0142288208 , 19.76817
118.65 , 67.0142288208 , 19.77433
118.68 , 67.0142288208 , 19.78034
118.72 , 67.1228408813 , 19.78650
118.75 , 67.1228408813 , 19.79250
118.79 , 67.1228408813 , 19.79867
118.83 , 67.1228408813 , 19.80467
118.86 , 67.2314529418 , 19.81067
118.90 , 67.3400650024 , 19.81667
118.94 , 67.3400650024 , 19.82283
118.97 , 67.3400650024 , 19.82884
119.01 , 67.3400650024 , 19.83500
119.05 , 67.3400650024 , 19.84117
119.08 , 67.4486770629 , 19.84717
119.12 , 67.4486770629 , 19.85317
119.15 , 67.4486770629 , 19.85917
119.19 , 67.4486770629 , 19.86533
119.23 , 67.5572891235 , 19.87133
119.26 , 67.5572891235 , 19.87750
119.30 , 67.5572891235 , 19.88350
119.34 , 67.5572891235 , 19.88950
119.37 , 67.6659011840 , 19.89550
119.41 , 67.6659011840 , 19.90167
119.45 , 67.7745132446 , 19.90783
119.48 , 67.7745132446 , 19.91383
119.52 , 67.7745132446 , 19.92000
119.56 , 67.7745132446 , 19.92600
119.59 , 67.8831253051 , 19.93200
119.63 , 67.8831253051 , 19.93800
119.66 , 67.8831253051 , 19.94417
119.70 , 67.9917449951 , 19.95017
119.74 , 67.8831253051 , 19.95633
119.77 , 67.8831253051 , 19.96250
119.81 , 67.9917449951 , 19.96850
119.85 , 68.1003570556 , 19.97450
119.88 , 67.9917449951 , 19.98050
119.92 , 68.1003570556 , 19.98667
119.96 , 68.1003570556 , 19.99267
119.99 , 68.1003570556 , 19.99883
120.03 , 68.2089691162 , 20.00483
120.07 , 68.2089691162 , 20.01100
120.10 , 68.1003570556 , 20.01683
120.14 , 68.2089691162 , 20.02300
120.18 , 68.2089691162 , 20.02917
120.21 , 68.2089691162 , 20.03517
120.25 , 68.4262008666 , 20.04133
120.28 , 68.3175888061 , 20.04733
120.32 , 68.3175888061 , 20.05350
120.36 , 68.4262008666 , 20.05933
120.39 , 68.4262008666 , 20.06550
120.43 , 68.4262008666 , 20.07150
120.47 , 68.5348129272 , 20.07767
120.50 , 68.5348129272 , 20.08367
120.54 , 68.5348129272 , 20.08983
120.58 , 68.5348129272 , 20.09600
120.61 , 68.5348129272 , 20.10183
120.65 , 68.6434249877 , 20.10800
120.68 , 68.6434249877 , 20.11400
120.72 , 68.6434249877 , 20.12017
120.76 , 68.6434249877 , 20.12617
120.79 , 68.7520370483 , 20.13233
120.83 , 68.7520370483 , 20.13817
120.87 , 68.7520370483 , 20.14433
120.90 , 68.7520370483 , 20.15033
120.94 , 68.8606491088 , 20.15650
120.98 , 68.8606491088 , 20.16267
121.01 , 68.8606491088 , 20.16867
121.05 , 68.9692611694 , 20.17484
121.08 , 68.9692611694 , 20.18067
121.12 , 68.9692611694 , 20.18684
121.16 , 68.9692611694 , 20.19283
121.19 , 69.0778732299 , 20.19900
121.23 , 69.0778732299 , 20.20500
121.27 , 69.1864852905 , 20.21117
121.30 , 69.0778732299 , 20.21717
121.34 , 69.1864852905 , 20.22317
121.38 , 69.1864852905 , 20.22933
121.41 , 69.1864852905 , 20.23534
121.45 , 69.2951049804 , 20.24150
121.48 , 69.2951049804 , 20.24750
121.52 , 69.4037170410 , 20.25367
121.56 , 69.2951049804 , 20.25967
121.59 , 69.4037170410 , 20.26567
121.63 , 69.4037170410 , 20.27167
121.67 , 69.4037170410 , 20.27783
121.70 , 69.5123291015 , 20.28384
121.74 , 69.5123291015 , 20.29000
121.78 , 69.5123291015 , 20.29617
121.81 , 69.6209411621 , 20.30200
121.85 , 69.5123291015 , 20.30817
121.88 , 69.6209411621 , 20.31417
121.92 , 69.6209411621 , 20.32033
121.96 , 69.7295532226 , 20.32633
122.00 , 69.7295532226 , 20.33250
122.03 , 69.7295532226 , 20.33850
122.07 , 69.8381652832 , 20.34450
122.10 , 69.7295532226 , 20.35067
122.14 , 69.8381652832 , 20.35667
122.18 , 69.8381652832 , 20.36284
122.21 , 69.8381652832 , 20.36883
122.25 , 69.9467773437 , 20.37500
122.29 , 69.9467773437 , 20.38100
122.32 , 69.9467773437 , 20.38700
122.36 , 69.9467773437 , 20.39300
122.39 , 70.0553894042 , 20.39917
122.43 , 70.0553894042 , 20.40517
122.47 , 70.0553894042 , 20.41134
122.50 , 70.1640014648 , 20.41750
122.54 , 70.1640014648 , 20.42350
122.58 , 70.1640014648 , 20.42950
122.61 , 70.2726211547 , 20.43550
122.65 , 70.1640014648 , 20.44167
122.69 , 70.2726211547 , 20.44767
122.72 , 70.2726211547 , 20.45384
122.76 , 70.2726211547 , 20.45984
122.80 , 70.2726211547 , 20.46600
122.83 , 70.3812332153 , 20.47183
122.87 , 70.3812332153 , 20.47800
122.90 , 70.3812332153 , 20.48417
122.94 , 70.4898452758 , 20.49017
122.98 , 70.4898452758 , 20.49633
123.01 , 70.4898452758 , 20.50234
123.05 , 70.5984573364 , 20.50850
123.09 , 70.5984573364 , 20.51433
123.12 , 70.5984573364 , 20.52050
123.16 , 70.5984573364 , 20.52650
123.20 , 70.5984573364 , 20.53267
123.23 , 70.5984573364 , 20.53867
123.27 , 70.7070693969 , 20.54483
123.30 , 70.7070693969 , 20.55084
123.34 , 70.7070693969 , 20.55684
123.38 , 70.8156814575 , 20.56300
123.41 , 70.8156814575 , 20.56900
123.45 , 70.8156814575 , 20.57517
123.49 , 70.9242935180 , 20.58117
123.52 , 70.9242935180 , 20.58733
123.56 , 71.0329055786 , 20.59317
123.60 , 70.9242935180 , 20.59934
123.63 , 71.0329055786 , 20.60534
123.67 , 71.0329055786 , 20.61150
123.71 , 71.0329055786 , 20.61767
123.74 , 71.1415176391 , 20.62367
123.78 , 71.1415176391 , 20.62983
123.81 , 71.2501373291 , 20.63567
123.85 , 71.1415176391 , 20.64183
123.89 , 71.1415176391 , 20.64784
123.92 , 71.3587493896 , 20.65400
123.96 , 71.2501373291 , 20.66000
124.00 , 71.2501373291 , 20.66617
124.03 , 71.3587493896 , 20.67217
124.07 , 71.3587493896 , 20.67817
124.11 , 71.3587493896 , 20.68433
124.14 , 71.3587493896 , 20.69034
124.18 , 71.3587493896 , 20.69650
124.21 , 71.4673614501 , 20.70250
124.25 , 71.5759735107 , 20.70867
124.29 , 71.4673614501 , 20.71467
124.32 , 71.5759735107 , 20.72067
124.36 , 71.5759735107 , 20.72667
124.40 , 71.5759735107 , 20.73283
124.43 , 71.5759735107 , 20.73900
124.47 , 71.6845855712 , 20.74500
124.51 , 71.6845855712 , 20.75117
124.54 , 71.6845855712 , 20.75700
124.58 , 71.7931976318 , 20.76317
124.61 , 71.7931976318 , 20.76917
124.65 , 71.7931976318 , 20.77533
124.69 , 71.9018096923 , 20.78133
124.72 , 71.9018096923 , 20.78750
124.76 , 71.9018096923 , 20.79350
124.80 , 71.9018096923 , 20.79950
124.83 , 72.0104217529 , 20.80567
124.87 , 71.9018096923 , 20.81167
124.91 , 72.0104217529 , 20.81783
124.94 , 72.0104217529 , 20.82383
124.98 , 72.0104217529 , 20.83000
125.02 , 72.1190338134 , 20.83600
125.05 , 72.0104217529 , 20.84200
125.09 , 72.1190338134 , 20.84800
125.12 , 72.1190338134 , 20.85417
125.16 , 72.2276535034 , 20.86017
125.20 , 72.2276535034 , 20.86633
125.23 , 72.2276535034 , 20.87250
125.27 , 72.3362655639 , 20.87850
125.31 , 72.3362655639 , 20.88450
125.34 , 72.3362655639 , 20.89050
125.38 , 72.3362655639 , 20.89667
125.42 , 72.3362655639 , 20.90267
125.45 , 72.4448776245 , 20.90884
125.49 , 72.4448776245 , 20.91483
125.53 , 72.4448776245 , 20.92100
125.56 , 72.4448776245 , 20.92683
125.60 , 72.5534896850 , 20.93300
125.63 , 72.5534896850 , 20.93917
125.67 , 72.5534896850 , 20.94517
125.71 , 72.5534896850 , 20.95133
125.74 , 72.6621017456 , 20.95734
125.78 , 72.6621017456 , 20.96333
125.82 , 72.6621017456 , 20.96933
125.85 , 72.7707138061 , 20.97550
125.89 , 72.7707138061 , 20.98150
125.93 , 72.7707138061 , 20.98767
125.96 , 72.8793258666 , 20.99367
126.00 , 72.7707138061 , 20.99983
126.04 , 72.8793258666 , 21.00584
126.07 , 72.9879379272 , 21.01183
126.11 , 72.8793258666 , 21.01800
126.14 , 72.9879379272 , 21.02400
126.18 , 72.9879379272 , 21.03017
126.22 , 72.9879379272 , 21.03617
126.25 , 72.9879379272 , 21.04233
126.29 , 72.9879379272 , 21.04817
126.33 , 73.0965499877 , 21.05433
126.36 , 73.0965499877 , 21.06033
126.40 , 73.2051696777 , 21.06650
126.44 , 73.2051696777 , 21.07267
126.47 , 73.2051696777 , 21.07867
126.51 , 73.3137817382 , 21.08484
126.54 , 73.3137817382 , 21.09067
126.58 , 73.3137817382 , 21.09683
126.62 , 73.3137817382 , 21.10283
126.65 , 73.4223937988 , 21.10900
126.69 , 73.4223937988 , 21.11500
126.73 , 73.4223937988 , 21.12117
126.76 , 73.5310058593 , 21.12734
126.80 , 73.5310058593 , 21.13317
126.84 , 73.5310058593 , 21.13933
126.87 , 73.5310058593 , 21.14533
126.91 , 73.5310058593 , 21.15150
126.94 , 73.6396255493 , 21.15750
126.98 , 73.6396255493 , 21.16367
127.02 , 73.6396255493 , 21.16950
127.05 , 73.6396255493 , 21.17567
127.09 , 73.6396255493 , 21.18167
127.13 , 73.7482376098 , 21.18783
127.16 , 73.7482376098 , 21.19400
127.20 , 73.8568496704 , 21.20000
127.24 , 73.8568496704 , 21.20617
127.27 , 73.8568496704 , 21.21200
127.31 , 73.8568496704 , 21.21817
127.34 , 73.9654617309 , 21.22417
127.38 , 73.9654617309 , 21.23034
127.42 , 73.9654617309 , 21.23633
127.45 , 73.9654617309 , 21.24250
127.49 , 74.0740737915 , 21.24850
127.53 , 73.9654617309 , 21.25450
127.56 , 74.0740737915 , 21.26067
127.60 , 74.0740737915 , 21.26667
127.64 , 74.0740737915 , 21.27284
127.67 , 74.1826858520 , 21.27883
127.71 , 74.1826858520 , 21.28500
127.75 , 74.1826858520 , 21.29100
127.78 , 74.1826858520 , 21.29700
127.82 , 74.2912979125 , 21.30300
127.86 , 74.2912979125 , 21.30917
127.89 , 74.2912979125 , 21.31517
127.93 , 74.2912979125 , 21.32134
127.96 , 74.3999099731 , 21.32750
128.00 , 74.3999099731 , 21.33350
128.04 , 74.5085296630 , 21.33950
128.07 , 74.5085296630 , 21.34550
128.11 , 74.5085296630 , 21.35167
128.15 , 74.5085296630 , 21.35767
128.18 , 74.6171417236 , 21.36384
128.22 , 74.5085296630 , 21.36983
128.26 , 74.7257537841 , 21.37600
128.29 , 74.7257537841 , 21.38183
128.33 , 74.7257537841 , 21.38800
128.37 , 74.7257537841 , 21.39417
128.40 , 74.8343658447 , 21.40017
128.44 , 74.8343658447 , 21.40633
128.47 , 74.8343658447 , 21.41234
128.51 , 74.8343658447 , 21.41833
128.55 , 74.9429779052 , 21.42434
128.58 , 74.9429779052 , 21.43050
128.62 , 74.9429779052 , 21.43650
128.66 , 75.0515899658 , 21.44267
128.69 , 75.0515899658 , 21.44867
128.73 , 75.0515899658 , 21.45483
128.77 , 75.0515899658 , 21.46084
128.80 , 75.0515899658 , 21.46683
128.84 , 75.0515899658 , 21.47300
128.87 , 75.1602020263 , 21.47900
128.91 , 75.1602020263 , 21.48517
128.95 , 75.1602020263 , 21.49117
128.98 , 75.1602020263 , 21.49733
129.02 , 75.2688140869 , 21.50317
129.06 , 75.3774261474 , 21.50934
129.09 , 75.3774261474 , 21.51550
129.13 , 75.2688140869 , 21.52150
129.17 , 75.3774261474 , 21.52767
129.20 , 75.3774261474 , 21.53367
129.24 , 75.4860458374 , 21.53983
129.27 , 75.4860458374 , 21.54567
129.31 , 75.5946578979 , 21.55183
129.35 , 75.4860458374 , 21.55784
129.38 , 75.5946578979 , 21.56400
129.42 , 75.5946578979 , 21.57000
129.46 , 75.5946578979 , 21.57617
129.49 , 75.4860458374 , 21.58234
129.53 , 75.7032699584 , 21.58817
129.57 , 75.5946578979 , 21.59433
129.60 , 75.7032699584 , 21.60033
129.64 , 75.7032699584 , 21.60650
129.68 , 75.7032699584 , 21.61250
129.71 , 75.7032699584 , 21.61867
129.75 , 75.8118820190 , 21.62450
129.78 , 75.8118820190 , 21.63067
129.82 , 75.8118820190 , 21.63667
129.86 , 75.8118820190 , 21.64283
129.89 , 75.9204940795 , 21.64900
129.93 , 75.9204940795 , 21.65500
129.97 , 75.9204940795 , 21.66117
130.00 , 76.0291061401 , 21.66700
130.04 , 76.0291061401 , 21.67317
130.08 , 76.0291061401 , 21.67917
130.11 , 76.0291061401 , 21.68533
130.15 , 76.0291061401 , 21.69133
130.19 , 76.0291061401 , 21.69750
130.22 , 76.1377182006 , 21.70350
130.26 , 76.1377182006 , 21.70950
130.29 , 76.1377182006 , 21.71567
130.33 , 76.1377182006 , 21.72167
130.37 , 76.2463302612 , 21.72784
130.40 , 76.2463302612 , 21.73383
130.44 , 76.3549423217 , 21.74000
130.48 , 76.3549423217 , 21.74600
130.51 , 76.3549423217 , 21.75200
130.55 , 76.3549423217 , 21.75800
130.59 , 76.4635620117 , 21.76417
130.62 , 76.4635620117 , 21.77017
130.66 , 76.4635620117 , 21.77634
130.70 , 76.4635620117 , 21.78250
130.73 , 76.5721740722 , 21.78850
130.77 , 76.5721740722 , 21.79450
130.80 , 76.5721740722 , 21.80050
130.84 , 76.5721740722 , 21.80667
130.88 , 76.5721740722 , 21.81267
130.91 , 76.6807861328 , 21.81883
130.95 , 76.6807861328 , 21.82484
130.99 , 76.7893981933 , 21.83083
131.02 , 76.7893981933 , 21.83683
131.06 , 76.7893981933 , 21.84300
131.10 , 76.8980102539 , 21.84917
131.13 , 76.8980102539 , 21.85517
131.17 , 76.7893981933 , 21.86133
131.20 , 77.0066223144 , 21.86733
131.24 , 76.8980102539 , 21.87334
131.28 , 77.0066223144 , 21.87933
131.31 , 77.0066223144 , 21.88550
131.35 , 77.0066223144 , 21.89150
131.39 , 77.1152343750 , 21.89767
131.42 , 77.1152343750 , 21.90384
131.46 , 77.2238464355 , 21.90983
131.50 , 77.1152343750 , 21.91583
131.53 , 77.2238464355 , 21.92184
131.57 , 77.2238464355 , 21.92800
131.60 , 77.2238464355 , 21.93400
131.64 , 77.3324584960 , 21.94017
131.68 , 77.3324584960 , 21.94617
131.71 , 77.3324584960 , 21.95234
131.75 , 77.3324584960 , 21.95817
131.79 , 77.3324584960 , 21.96433
131.82 , 77.4410781860 , 21.97050
131.86 , 77.4410781860 , 21.97650
131.90 , 77.4410781860 , 21.98267
131.93 , 77.4410781860 , 21.98867
131.97 , 77.5496902465 , 21.99483
132.00 , 77.4410781860 , 22.00067
132.04 , 77.5496902465 , 22.00683
132.08 , 77.3324584960 , 22.01283
132.11 , 77.4410781860 , 22.01900
132.15 , 77.4410781860 , 22.02500
132.19 , 77.4410781860 , 22.03117