1.51 , 0.0000000000 , 0.25200
1.54 , 0.0000000000 , 0.25733
1.58 , 0.0000000000 , 0.26267
1.61 , 0.0000000000 , 0.26800
1.64 , 0.0000000000 , 0.27350
1.67 , 0.1086129074 , 0.27883
1.71 , 0.1086129074 , 0.28417
1.74 , 0.0000000000 , 0.28950
1.77 , 0.1086129074 , 0.29500
1.80 , 0.1086129074 , 0.30033
1.84 , 0.0000000000 , 0.30583
1.87 , 0.1086129074 , 0.31100
1.90 , 0.0000000000 , 0.31650
1.93 , 0.0000000000 , 0.32183
1.96 , 0.0000000000 , 0.32733
2.00 , 0.1086129074 , 0.33250
2.03 , 0.1086129074 , 0.33783
2.06 , 0.0000000000 , 0.34333
2.09 , 0.1086129074 , 0.34867
2.12 , 0.1086129074 , 0.35400
2.16 , 0.1086129074 , 0.35933
2.19 , 0.1086129074 , 0.36483
2.22 , 0.0000000000 , 0.37017
2.25 , 0.1086129074 , 0.37550
2.29 , 0.0000000000 , 0.38083
2.32 , 0.1086129074 , 0.38633
2.35 , 0.0000000000 , 0.39167
2.38 , 0.0000000000 , 0.39700
2.41 , 0.1086129074 , 0.40233
2.45 , 0.0000000000 , 0.40783
2.48 , 0.0000000000 , 0.41317
2.51 , 0.1086129074 , 0.41850
2.54 , 0.1086129074 , 0.42383
2.58 , 0.0000000000 , 0.42933
2.61 , 0.1086129074 , 0.43467
2.64 , 0.1086129074 , 0.44000
2.67 , 0.0000000000 , 0.44533
2.71 , 0.0000000000 , 0.45083
2.74 , 0.1086129074 , 0.45617
2.77 , 0.0000000000 , 0.46150
2.80 , 0.1086129074 , 0.46683
2.83 , 0.0000000000 , 0.47233
2.87 , 0.0000000000 , 0.47767
2.90 , 0.1086129074 , 0.48300
2.93 , 0.1086129074 , 0.48833
2.96 , 0.1086129074 , 0.49383
3.00 , 0.1086129074 , 0.49917
3.03 , 0.1086129074 , 0.50433
3.06 , 0.1086129074 , 0.50983
3.09 , 0.1086129074 , 0.51517
3.12 , 0.1086129074 , 0.52067
3.16 , 0.1086129074 , 0.52583
3.19 , 0.1086129074 , 0.53133
3.22 , 0.1086129074 , 0.53667
3.25 , 0.0000000000 , 0.54217
3.28 , 0.1086129074 , 0.54733
3.32 , 0.1086129074 , 0.55283
3.35 , 0.1086129074 , 0.55817
3.38 , 0.1086129074 , 0.56367
3.41 , 0.1086129074 , 0.56900
3.45 , 0.1086129074 , 0.57433
3.48 , 0.1086129074 , 0.57967
3.51 , 0.1086129074 , 0.58517
3.54 , 0.1086129074 , 0.59050
3.58 , 0.1086129074 , 0.59583
3.61 , 0.1086129074 , 0.60117
3.64 , 0.2172258138 , 0.60667
3.67 , 0.2172258138 , 0.61200
3.70 , 0.2172258138 , 0.61733
3.74 , 0.2172258138 , 0.62267
3.77 , 0.1086129074 , 0.62817
3.80 , 0.2172258138 , 0.63350
3.83 , 0.1086129074 , 0.63883
3.87 , 0.2172258138 , 0.64417
3.90 , 0.2172258138 , 0.64967
3.93 , 0.1086129074 , 0.65500
3.96 , 0.2172258138 , 0.66033
3.99 , 0.2172258138 , 0.66567
4.03 , 0.2172258138 , 0.67117
4.06 , 0.2172258138 , 0.67650
4.09 , 0.3258387088 , 0.68167
4.12 , 0.1086129074 , 0.68717
4.16 , 0.3258387088 , 0.69250
4.19 , 0.3258387088 , 0.69800
4.22 , 0.3258387088 , 0.70317
4.25 , 0.3258387088 , 0.70867
4.28 , 0.3258387088 , 0.71400
4.32 , 0.4344516277 , 0.71950
4.35 , 0.4344516277 , 0.72467
4.38 , 0.4344516277 , 0.73017
4.41 , 0.5430645465 , 0.73550
4.45 , 0.4344516277 , 0.74100
4.48 , 0.4344516277 , 0.74617
4.51 , 0.4344516277 , 0.75167
4.54 , 0.4344516277 , 0.75700
4.57 , 0.5430645465 , 0.76250
4.61 , 0.5430645465 , 0.76767
4.64 , 0.5430645465 , 0.77317
4.67 , 0.5430645465 , 0.77850
4.70 , 0.5430645465 , 0.78400
4.74 , 0.5430645465 , 0.78933
4.77 , 0.5430645465 , 0.79467
4.80 , 0.6516774177 , 0.80000
4.83 , 0.6516774177 , 0.80550
4.86 , 0.6516774177 , 0.81083
4.90 , 0.6516774177 , 0.81617
4.93 , 0.7602916240 , 0.82150
4.96 , 0.7602916240 , 0.82700
4.99 , 0.6516774177 , 0.83233
5.03 , 0.7602916240 , 0.83767
5.06 , 0.6516774177 , 0.84300
5.09 , 0.7602916240 , 0.84833
5.12 , 0.7602916240 , 0.85383
5.15 , 0.7602916240 , 0.85900
5.19 , 0.7602916240 , 0.86450
5.22 , 0.7602916240 , 0.86983
5.25 , 0.7602916240 , 0.87533
5.28 , 0.8689044952 , 0.88050
5.32 , 0.8689044952 , 0.88600
5.35 , 0.8689044952 , 0.89133
5.38 , 0.8689044952 , 0.89683
5.41 , 0.9775175094 , 0.90200
5.45 , 0.9775175094 , 0.90750
5.48 , 0.9775175094 , 0.91283
5.51 , 0.9775175094 , 0.91833
5.54 , 0.9775175094 , 0.92350
5.57 , 0.9775175094 , 0.92900
5.61 , 0.9775175094 , 0.93433
5.64 , 0.9775175094 , 0.93983
5.67 , 1.0861303806 , 0.94500
5.70 , 0.9775175094 , 0.95050
5.74 , 1.0861303806 , 0.95583
5.77 , 1.0861303806 , 0.96133
5.80 , 1.0861303806 , 0.96650
5.83 , 1.1947432708 , 0.97200
5.86 , 1.0861303806 , 0.97733
5.90 , 1.0861303806 , 0.98283
5.93 , 1.0861303806 , 0.98800
5.96 , 1.1947432708 , 0.99350
5.99 , 1.1947432708 , 0.99883
6.03 , 1.1947432708 , 1.00433
6.06 , 1.1947432708 , 1.00950
6.09 , 1.1947432708 , 1.01500
6.12 , 1.1947432708 , 1.02033
6.15 , 1.1947432708 , 1.02567
6.19 , 1.3033561706 , 1.03117
6.22 , 1.1947432708 , 1.03633
6.25 , 1.3033561706 , 1.04183
6.28 , 1.3033561706 , 1.04717
6.32 , 1.1947432708 , 1.05267
6.35 , 1.3033561706 , 1.05783
6.38 , 1.3033561706 , 1.06333
6.41 , 1.4119690895 , 1.06867
6.45 , 1.3033561706 , 1.07417
6.48 , 1.3033561706 , 1.07933
6.51 , 1.4119690895 , 1.08483
6.54 , 1.5205819606 , 1.09017
6.57 , 1.5205819606 , 1.09567
6.61 , 1.4119690895 , 1.10083
6.64 , 1.4119690895 , 1.10633
6.67 , 1.4119690895 , 1.11167
6.70 , 1.5205819606 , 1.11717
6.73 , 1.5205819606 , 1.12233
6.77 , 1.5205819606 , 1.12783
6.80 , 1.5205819606 , 1.13317
6.83 , 1.5205819606 , 1.13867
6.86 , 1.5205819606 , 1.14383
6.90 , 1.6291948318 , 1.14933
6.93 , 1.4119690895 , 1.15467
6.96 , 1.5205819606 , 1.16017
6.99 , 1.6291948318 , 1.16533
7.03 , 1.6291948318 , 1.17083
7.06 , 1.6291948318 , 1.17617
7.09 , 1.6291948318 , 1.18167
7.12 , 1.7378077507 , 1.18683
7.15 , 1.6291948318 , 1.19217
7.19 , 1.7378077507 , 1.19767
7.22 , 1.7378077507 , 1.20300
7.25 , 1.7378077507 , 1.20833
7.28 , 1.7378077507 , 1.21367
7.32 , 1.7378077507 , 1.21917
7.35 , 1.7378077507 , 1.22450
7.38 , 1.8464206695 , 1.22983
7.41 , 1.9550334930 , 1.23517
7.44 , 1.8464206695 , 1.24067
7.48 , 1.8464206695 , 1.24600
7.51 , 1.8464206695 , 1.25133
7.54 , 1.8464206695 , 1.25667
7.57 , 1.8464206695 , 1.26217
7.61 , 1.8464206695 , 1.26750
7.64 , 1.9550334930 , 1.27300
7.67 , 1.9550334930 , 1.27817
7.70 , 1.8464206695 , 1.28367
7.73 , 1.9550334930 , 1.28900
7.77 , 1.9550334930 , 1.29450
7.80 , 2.0636465549 , 1.29967
7.83 , 1.9550334930 , 1.30517
7.86 , 2.0636465549 , 1.31050
7.90 , 2.0636465549 , 1.31600
7.93 , 2.0636465549 , 1.32117
7.96 , 2.0636465549 , 1.32667
7.99 , 2.0636465549 , 1.33200
8.02 , 2.0636465549 , 1.33750
8.06 , 2.1722607612 , 1.34267
8.09 , 2.0636465549 , 1.34817
8.12 , 2.1722607612 , 1.35350
8.15 , 2.1722607612 , 1.35900
8.19 , 2.2808735370 , 1.36417
8.22 , 2.1722607612 , 1.36950
8.25 , 2.1722607612 , 1.37500
8.28 , 2.1722607612 , 1.38033
8.31 , 2.2808735370 , 1.38567
8.35 , 2.2808735370 , 1.39100
8.38 , 2.1722607612 , 1.39650
8.41 , 2.2808735370 , 1.40183
8.44 , 2.2808735370 , 1.40717
8.48 , 2.2808735370 , 1.41250
8.51 , 2.2808735370 , 1.41800
8.54 , 2.2808735370 , 1.42333
8.57 , 2.3894865512 , 1.42867
8.60 , 2.3894865512 , 1.43400
8.64 , 2.3894865512 , 1.43950
8.67 , 2.3894865512 , 1.44483
8.70 , 2.3894865512 , 1.45017
8.73 , 2.4980993270 , 1.45550
8.77 , 2.4980993270 , 1.46100
8.80 , 2.4980993270 , 1.46633
8.83 , 2.4980993270 , 1.47167
8.86 , 2.4980993270 , 1.47700
8.90 , 2.4980993270 , 1.48250
8.93 , 2.4980993270 , 1.48783
8.96 , 2.4980993270 , 1.49333
8.99 , 2.6067123413 , 1.49850
9.02 , 2.6067123413 , 1.50400
9.06 , 2.6067123413 , 1.50933
9.09 , 2.6067123413 , 1.51483
9.12 , 2.6067123413 , 1.52000
9.15 , 2.6067123413 , 1.52550
9.19 , 2.7153253555 , 1.53083
9.22 , 2.6067123413 , 1.53617
9.25 , 2.6067123413 , 1.54150
9.28 , 2.7153253555 , 1.54683
9.31 , 2.7153253555 , 1.55233
9.35 , 2.7153253555 , 1.55767
9.38 , 2.7153253555 , 1.56300
9.41 , 2.7153253555 , 1.56833
9.44 , 2.7153253555 , 1.57383
9.48 , 2.7153253555 , 1.57917
9.51 , 2.8239381790 , 1.58450
9.54 , 2.8239381790 , 1.58983
9.57 , 2.8239381790 , 1.59533
9.60 , 2.8239381790 , 1.60067
9.64 , 2.9325511932 , 1.60600
9.67 , 2.8239381790 , 1.61133
9.70 , 2.8239381790 , 1.61683
9.73 , 2.9325511932 , 1.62217
9.77 , 2.8239381790 , 1.62750
9.80 , 2.9325511932 , 1.63283
9.83 , 2.9325511932 , 1.63833
9.86 , 3.0411639213 , 1.64367
9.89 , 3.0411639213 , 1.64900
9.93 , 3.0411639213 , 1.65433
9.96 , 3.0411639213 , 1.65983
9.99 , 3.0411639213 , 1.66517
10.02 , 3.0411639213 , 1.67050
10.06 , 3.1497769355 , 1.67600
10.09 , 3.1497769355 , 1.68167
10.12 , 3.1497769355 , 1.68717
10.16 , 3.1497769355 , 1.69283
10.19 , 3.1497769355 , 1.69817
10.22 , 3.2583897113 , 1.70383
10.26 , 3.2583897113 , 1.70933
10.29 , 3.2583897113 , 1.71500
10.32 , 3.1497769355 , 1.72033
10.36 , 3.2583897113 , 1.72600
10.39 , 3.2583897113 , 1.73150
10.42 , 3.2583897113 , 1.73717
10.46 , 3.3670027256 , 1.74267
10.49 , 3.3670027256 , 1.74817
10.52 , 3.2583897113 , 1.75367
10.56 , 3.2583897113 , 1.75933
10.59 , 3.3670027256 , 1.76483
10.62 , 3.3670027256 , 1.77033
10.65 , 3.3670027256 , 1.77583
10.69 , 3.3670027256 , 1.78150
10.72 , 3.3670027256 , 1.78700
10.76 , 3.4756155014 , 1.79267
10.79 , 3.3670027256 , 1.79800
10.82 , 3.3670027256 , 1.80367
10.85 , 3.4756155014 , 1.80917
10.89 , 3.4756155014 , 1.81483
10.92 , 3.3670027256 , 1.82017
10.96 , 3.4756155014 , 1.82583
10.99 , 3.4756155014 , 1.83133
11.02 , 3.4756155014 , 1.83700
11.06 , 3.4756155014 , 1.84250
11.09 , 3.5842297077 , 1.84800
11.12 , 3.4756155014 , 1.85350
11.15 , 3.5842297077 , 1.85917
11.19 , 3.5842297077 , 1.86467
11.22 , 3.6928427219 , 1.87033
11.25 , 3.5842297077 , 1.87567
11.29 , 3.5842297077 , 1.88133
11.32 , 3.6928427219 , 1.88683
11.35 , 3.6928427219 , 1.89250
11.39 , 3.6928427219 , 1.89783
11.42 , 3.6928427219 , 1.90350
11.45 , 3.8014554977 , 1.90900
11.49 , 3.8014554977 , 1.91467
11.52 , 3.8014554977 , 1.92017
11.55 , 3.6928427219 , 1.92567
11.59 , 3.8014554977 , 1.93117
11.62 , 3.8014554977 , 1.93683
11.65 , 3.9100685119 , 1.94233
11.69 , 3.8014554977 , 1.94783
11.72 , 3.6928427219 , 1.95333
11.75 , 4.0186815261 , 1.95900
11.79 , 3.9100685119 , 1.96450
11.82 , 3.9100685119 , 1.97017
11.85 , 3.9100685119 , 1.97550
11.89 , 3.9100685119 , 1.98117
11.92 , 3.9100685119 , 1.98667
11.95 , 3.9100685119 , 1.99233
11.99 , 4.0186815261 , 1.99767
12.02 , 3.9100685119 , 2.00333
12.05 , 4.0186815261 , 2.00883
12.09 , 4.0186815261 , 2.01450
12.12 , 4.0186815261 , 2.02000
12.15 , 4.0186815261 , 2.02550
12.19 , 4.0186815261 , 2.03100
12.22 , 4.0186815261 , 2.03667
12.25 , 4.1272945404 , 2.04217
12.29 , 4.1272945404 , 2.04767
12.32 , 4.1272945404 , 2.05317
12.35 , 4.2359070777 , 2.05883
12.39 , 4.2359070777 , 2.06433
12.42 , 4.1272945404 , 2.07000
12.45 , 4.1272945404 , 2.07533
12.49 , 4.2359070777 , 2.08100
12.52 , 4.2359070777 , 2.08650
12.55 , 4.2359070777 , 2.09217
12.59 , 4.2359070777 , 2.09750
12.62 , 4.2359070777 , 2.10317
12.65 , 4.3445200920 , 2.10867
12.69 , 4.3445200920 , 2.11433
12.72 , 4.3445200920 , 2.11983
12.75 , 4.3445200920 , 2.12533
12.78 , 4.3445200920 , 2.13083
12.82 , 4.3445200920 , 2.13650
12.85 , 4.4531331062 , 2.14200
12.89 , 4.3445200920 , 2.14767
12.92 , 4.4531331062 , 2.15300
12.95 , 4.3445200920 , 2.15867
12.98 , 4.5617461204 , 2.16417
13.02 , 4.5617461204 , 2.16983
13.05 , 4.4531331062 , 2.17517
13.09 , 4.5617461204 , 2.18083
13.12 , 4.5617461204 , 2.18633
13.15 , 4.5617461204 , 2.19200
13.19 , 4.5617461204 , 2.19750
13.22 , 4.5617461204 , 2.20300
13.25 , 4.5617461204 , 2.20850
13.28 , 4.6703586578 , 2.21417
13.32 , 4.5617461204 , 2.21967
13.35 , 4.6703586578 , 2.22517
13.38 , 4.6703586578 , 2.23067
13.42 , 4.5617461204 , 2.23633
13.45 , 4.5617461204 , 2.24183
13.48 , 4.6703586578 , 2.24750
13.52 , 4.5617461204 , 2.25283
13.55 , 4.6703586578 , 2.25850
13.58 , 4.6703586578 , 2.26400
13.62 , 4.7789716720 , 2.26967
13.65 , 4.7789716720 , 2.27500
13.68 , 4.7789716720 , 2.28067
13.72 , 4.7789716720 , 2.28617
13.75 , 4.6703586578 , 2.29183
13.78 , 4.7789716720 , 2.29733
13.82 , 4.7789716720 , 2.30283
13.85 , 4.7789716720 , 2.30833
13.88 , 4.7789716720 , 2.31400
13.92 , 4.8875846862 , 2.31950
13.95 , 4.8875846862 , 2.32500
13.98 , 4.7789716720 , 2.33050
14.02 , 4.8875846862 , 2.33617
14.05 , 4.8875846862 , 2.34167
14.08 , 4.9961986541 , 2.34733
14.12 , 4.9961986541 , 2.35267
14.15 , 4.9961986541 , 2.35833
14.18 , 4.9961986541 , 2.36383
14.22 , 4.9961986541 , 2.36950
14.25 , 4.9961986541 , 2.37483
14.28 , 4.9961986541 , 2.38050
14.32 , 4.9961986541 , 2.38600
14.35 , 5.1048116683 , 2.39167
14.38 , 5.1048116683 , 2.39717
14.42 , 5.1048116683 , 2.40267
14.45 , 5.1048116683 , 2.40817
14.48 , 5.2134246826 , 2.41383
14.52 , 5.1048116683 , 2.41933
14.55 , 5.1048116683 , 2.42500
14.58 , 5.2134246826 , 2.43033
14.62 , 5.1048116683 , 2.43600
14.65 , 5.2134246826 , 2.44150
14.68 , 5.2134246826 , 2.44717
14.72 , 5.3220376968 , 2.45250
14.75 , 5.3220376968 , 2.45817
14.78 , 5.3220376968 , 2.46367
14.82 , 5.3220376968 , 2.46933
14.85 , 5.3220376968 , 2.47483
14.88 , 5.3220376968 , 2.48033
14.92 , 5.4306507110 , 2.48583
14.95 , 5.3220376968 , 2.49150
14.98 , 5.4306507110 , 2.49700
15.02 , 5.3220376968 , 2.50250
15.05 , 5.4306507110 , 2.50800
15.08 , 5.5392632484 , 2.51367
15.11 , 5.4306507110 , 2.51917
15.15 , 5.4306507110 , 2.52483
15.18 , 5.4306507110 , 2.53017
15.22 , 5.5392632484 , 2.53583
15.25 , 5.4306507110 , 2.54133
15.28 , 5.5392632484 , 2.54700
15.31 , 5.4306507110 , 2.55233
15.35 , 5.5392632484 , 2.55800
15.38 , 5.5392632484 , 2.56350
15.42 , 5.5392632484 , 2.56917
15.45 , 5.6478762626 , 2.57467
15.48 , 5.6478762626 , 2.58017
15.51 , 5.6478762626 , 2.58567
15.55 , 5.6478762626 , 2.59133
15.58 , 5.5392632484 , 2.59683
15.61 , 5.6478762626 , 2.60233
15.65 , 5.6478762626 , 2.60783
15.68 , 5.6478762626 , 2.61350
15.71 , 5.6478762626 , 2.61900
15.75 , 5.6478762626 , 2.62467
15.78 , 5.7564892768 , 2.63000
15.81 , 5.7564892768 , 2.63567
15.85 , 5.7564892768 , 2.64117
15.88 , 5.7564892768 , 2.64683
15.91 , 5.7564892768 , 2.65217
15.95 , 5.8651022911 , 2.65783
15.98 , 5.8651022911 , 2.66333
16.01 , 5.7564892768 , 2.66900
16.05 , 5.8651022911 , 2.67450
16.08 , 5.8651022911 , 2.68000
16.11 , 5.8651022911 , 2.68550
16.15 , 5.8651022911 , 2.69117
16.18 , 5.9737148284 , 2.69667
16.21 , 5.9737148284 , 2.70233
16.25 , 5.8651022911 , 2.70767
16.28 , 5.9737148284 , 2.71333
16.31 , 6.0823278427 , 2.71883
16.35 , 6.0823278427 , 2.72450
16.38 , 6.0823278427 , 2.72983
16.41 , 5.9737148284 , 2.73550
16.45 , 5.9737148284 , 2.74100
16.48 , 6.0823278427 , 2.74667
16.51 , 6.0823278427 , 2.75217
16.55 , 6.0823278427 , 2.75767
16.58 , 6.0823278427 , 2.76317
16.61 , 6.0823278427 , 2.76883
16.65 , 6.1909408569 , 2.77433
16.68 , 6.2995548248 , 2.77983
16.71 , 6.1909408569 , 2.78533
16.75 , 6.0823278427 , 2.79100
16.78 , 6.1909408569 , 2.79650
16.81 , 6.1909408569 , 2.80217
16.84 , 6.2995548248 , 2.80750
16.88 , 6.1909408569 , 2.81317
16.91 , 6.2995548248 , 2.81867
16.95 , 6.2995548248 , 2.82433
16.98 , 6.2995548248 , 2.82967
17.01 , 6.5167808532 , 2.83533
17.04 , 6.2995548248 , 2.84083
17.08 , 6.4081678390 , 2.84650
17.11 , 6.2995548248 , 2.85200
17.14 , 6.4081678390 , 2.85750
17.18 , 6.4081678390 , 2.86300
17.21 , 6.5167808532 , 2.86867
17.25 , 6.5167808532 , 2.87417
17.28 , 6.4081678390 , 2.87967
17.31 , 6.4081678390 , 2.88517
17.34 , 6.5167808532 , 2.89083
17.38 , 6.5167808532 , 2.89633
17.41 , 6.5167808532 , 2.90200
17.44 , 6.6253938674 , 2.90733
17.48 , 6.6253938674 , 2.91300
17.51 , 6.6253938674 , 2.91850
17.54 , 6.6253938674 , 2.92417
17.58 , 6.5167808532 , 2.92950
17.61 , 6.6253938674 , 2.93517
17.64 , 6.6253938674 , 2.94067
17.68 , 6.6253938674 , 2.94633
17.71 , 6.7340068817 , 2.95183
17.74 , 6.6253938674 , 2.95733
17.78 , 6.6253938674 , 2.96283
17.81 , 6.6253938674 , 2.96850
17.84 , 6.6253938674 , 2.97400
17.88 , 6.7340068817 , 2.97967
17.91 , 6.7340068817 , 2.98500
17.94 , 6.7340068817 , 2.99067
17.98 , 6.7340068817 , 2.99617
18.01 , 6.7340068817 , 3.00183
18.04 , 6.7340068817 , 3.00717
18.08 , 6.8426194190 , 3.01283
18.11 , 6.7340068817 , 3.01833
18.14 , 6.9512324333 , 3.02400
18.18 , 6.8426194190 , 3.02950
18.21 , 6.9512324333 , 3.03500
18.24 , 6.9512324333 , 3.04050
18.28 , 6.8426194190 , 3.04617
18.31 , 6.9512324333 , 3.05167
18.34 , 6.9512324333 , 3.05717
18.38 , 6.9512324333 , 3.06267
18.41 , 6.9512324333 , 3.06833
18.44 , 6.8426194190 , 3.07383
18.48 , 6.9512324333 , 3.07950
18.51 , 6.9512324333 , 3.08483
18.54 , 6.9512324333 , 3.09050
18.58 , 7.0598454475 , 3.09600
18.61 , 7.1684584617 , 3.10167
18.64 , 7.0598454475 , 3.10700
18.68 , 7.0598454475 , 3.11267
18.71 , 7.1684584617 , 3.11817
18.74 , 7.1684584617 , 3.12383
18.78 , 7.1684584617 , 3.12933
18.81 , 7.1684584617 , 3.13483
18.84 , 7.1684584617 , 3.14033
18.88 , 7.1684584617 , 3.14600
18.91 , 7.1684584617 , 3.15150
18.94 , 7.1684584617 , 3.15700
18.97 , 7.1684584617 , 3.16250
19.01 , 7.1684584617 , 3.16817
19.04 , 7.2770709991 , 3.17367
19.08 , 7.2770709991 , 3.17933
19.11 , 7.2770709991 , 3.18467
19.14 , 7.2770709991 , 3.19033
19.17 , 7.2770709991 , 3.19583
19.21 , 7.2770709991 , 3.20150
19.24 , 7.3856840133 , 3.20683
19.27 , 7.3856840133 , 3.21250
19.31 , 7.4942970275 , 3.21800
19.34 , 7.3856840133 , 3.22367
19.37 , 7.3856840133 , 3.22917
19.41 , 7.4942970275 , 3.23467
19.44 , 7.4942970275 , 3.24017
19.47 , 7.6029100418 , 3.24583
19.51 , 7.4942970275 , 3.25133
19.54 , 7.4942970275 , 3.25700
19.57 , 7.4942970275 , 3.26233
19.61 , 7.4942970275 , 3.26800
19.64 , 7.4942970275 , 3.27350
19.67 , 7.6029100418 , 3.27917
19.71 , 7.6029100418 , 3.28450
19.74 , 7.6029100418 , 3.29017
19.77 , 7.6029100418 , 3.29567
19.81 , 7.7115240097 , 3.30133
19.84 , 7.7115240097 , 3.30683
19.87 , 7.8201370239 , 3.31233
19.91 , 7.7115240097 , 3.31783
19.94 , 7.7115240097 , 3.32350
19.97 , 7.8201370239 , 3.32900
20.01 , 7.7115240097 , 3.33450
20.04 , 7.7115240097 , 3.34000
20.07 , 7.7115240097 , 3.34567
20.11 , 7.8201370239 , 3.35117
20.14 , 7.8201370239 , 3.35683
20.17 , 7.7115240097 , 3.36217
20.21 , 7.9287500381 , 3.36783
20.24 , 7.8201370239 , 3.37333
20.27 , 7.9287500381 , 3.37900
20.31 , 7.9287500381 , 3.38433
20.34 , 7.9287500381 , 3.39000
20.37 , 7.9287500381 , 3.39550
20.41 , 7.9287500381 , 3.40117
20.44 , 7.9287500381 , 3.40667
20.47 , 7.9287500381 , 3.41217
20.51 , 7.9287500381 , 3.41767
20.54 , 7.9287500381 , 3.42333
20.57 , 8.1459760665 , 3.42883
20.61 , 7.9287500381 , 3.43433
20.64 , 8.0373630523 , 3.43983
20.67 , 8.0373630523 , 3.44550
20.71 , 8.0373630523 , 3.45100
20.74 , 8.1459760665 , 3.45667
20.77 , 8.1459760665 , 3.46200
20.81 , 8.1459760665 , 3.46767
20.84 , 8.1459760665 , 3.47317
20.87 , 8.1459760665 , 3.47883
20.90 , 8.1459760665 , 3.48417
20.94 , 8.2545890808 , 3.48983
20.97 , 8.1459760665 , 3.49533
21.01 , 8.2545890808 , 3.50100
21.04 , 8.2545890808 , 3.50650
21.07 , 8.2545890808 , 3.51200
21.10 , 8.2545890808 , 3.51750
21.14 , 8.2545890808 , 3.52317
21.17 , 8.2545890808 , 3.52867
21.21 , 8.3632011413 , 3.53433
21.24 , 8.3632011413 , 3.53967
21.27 , 8.3632011413 , 3.54533
21.30 , 8.3632011413 , 3.55083
21.34 , 8.3632011413 , 3.55650
21.37 , 8.3632011413 , 3.56183
21.40 , 8.4718141555 , 3.56750
21.44 , 8.3632011413 , 3.57300
21.47 , 8.3632011413 , 3.57867
21.50 , 8.3632011413 , 3.58417
21.54 , 8.3632011413 , 3.58967
21.57 , 8.4718141555 , 3.59517
21.60 , 8.5804271697 , 3.60083
21.64 , 8.5804271697 , 3.60633
21.67 , 8.4718141555 , 3.61183
21.70 , 8.6890401840 , 3.61733
21.74 , 8.4718141555 , 3.62300
21.77 , 8.5804271697 , 3.62850
21.80 , 8.5804271697 , 3.63417
21.84 , 8.6890401840 , 3.63950
21.87 , 8.6890401840 , 3.64517
21.90 , 8.6890401840 , 3.65067
21.94 , 8.6890401840 , 3.65633
21.97 , 8.6890401840 , 3.66167
22.00 , 8.6890401840 , 3.66733
22.04 , 8.6890401840 , 3.67283
22.07 , 8.6890401840 , 3.67850
22.10 , 8.7976531982 , 3.68400
22.14 , 8.7976531982 , 3.68950
22.17 , 8.6890401840 , 3.69500
22.20 , 8.7976531982 , 3.70067
22.24 , 8.7976531982 , 3.70617
22.27 , 8.7976531982 , 3.71167
22.30 , 8.7976531982 , 3.71717
22.34 , 8.9062662124 , 3.72283
22.37 , 9.0148792266 , 3.72833
22.40 , 8.9062662124 , 3.73400
22.44 , 8.9062662124 , 3.73933
22.47 , 9.0148792266 , 3.74500
22.50 , 8.9062662124 , 3.75050
22.54 , 9.0148792266 , 3.75617
22.57 , 9.0148792266 , 3.76150
22.60 , 8.9062662124 , 3.76717
22.64 , 9.1234931945 , 3.77267
22.67 , 9.0148792266 , 3.77833
22.70 , 9.1234931945 , 3.78383
22.74 , 9.1234931945 , 3.78933
22.77 , 9.1234931945 , 3.79483
22.80 , 9.1234931945 , 3.80050
22.84 , 9.0148792266 , 3.80600
22.87 , 9.2321062088 , 3.81167
22.90 , 9.2321062088 , 3.81700
22.94 , 9.2321062088 , 3.82267
22.97 , 9.1234931945 , 3.82817
23.00 , 9.2321062088 , 3.83383
23.03 , 9.1234931945 , 3.83917
23.07 , 9.2321062088 , 3.84483
23.10 , 9.2321062088 , 3.85033
23.14 , 9.2321062088 , 3.85600
23.17 , 9.3407192230 , 3.86150
23.20 , 9.3407192230 , 3.86700
23.23 , 9.2321062088 , 3.87250
23.27 , 9.2321062088 , 3.87817
23.30 , 9.2321062088 , 3.88367
23.33 , 9.3407192230 , 3.88917
23.37 , 9.4493322372 , 3.89467
23.40 , 9.3407192230 , 3.90033
23.43 , 9.4493322372 , 3.90583
23.47 , 9.4493322372 , 3.91150
23.50 , 9.4493322372 , 3.91683
23.53 , 9.4493322372 , 3.92250
23.57 , 9.5579452514 , 3.92800
23.60 , 9.4493322372 , 3.93367
23.63 , 9.4493322372 , 3.93900
23.67 , 9.4493322372 , 3.94467
23.70 , 9.6665573120 , 3.95017
23.73 , 9.5579452514 , 3.95583
23.77 , 9.5579452514 , 3.96133
23.80 , 9.5579452514 , 3.96683
23.83 , 9.5579452514 , 3.97233
23.87 , 9.5579452514 , 3.97800
23.90 , 9.6665573120 , 3.98350
23.93 , 9.6665573120 , 3.98900
23.97 , 9.6665573120 , 3.99450
24.00 , 9.7751703262 , 4.00017
24.03 , 9.6665573120 , 4.00567
24.07 , 9.6665573120 , 4.01133
24.10 , 9.7751703262 , 4.01667
24.13 , 9.6665573120 , 4.02233
24.17 , 9.8837833404 , 4.02783
24.20 , 9.7751703262 , 4.03350
24.23 , 9.7751703262 , 4.03883
24.27 , 9.8837833404 , 4.04450
24.30 , 9.8837833404 , 4.05000
24.33 , 9.8837833404 , 4.05567
24.37 , 9.9923963546 , 4.06117
24.40 , 9.8837833404 , 4.06667
24.43 , 9.9923963546 , 4.07217
24.47 , 9.9923963546 , 4.07783
24.50 , 10.1010093688 , 4.08333
24.53 , 9.9923963546 , 4.08917
24.57 , 9.8837833404 , 4.09450
24.60 , 10.1010093688 , 4.10017
24.63 , 9.9923963546 , 4.10583
24.67 , 9.9923963546 , 4.11150
24.70 , 9.9923963546 , 4.11683
24.73 , 10.1010093688 , 4.12250
24.77 , 10.1010093688 , 4.12817
24.80 , 10.1010093688 , 4.13400
24.84 , 10.2096223831 , 4.13967
24.87 , 10.2096223831 , 4.14533
24.91 , 10.1010093688 , 4.15100
24.94 , 10.2096223831 , 4.15683
24.97 , 10.2096223831 , 4.16250
25.01 , 10.2096223831 , 4.16833
25.04 , 10.2096223831 , 4.17383
25.08 , 10.3182353973 , 4.17967
25.11 , 10.3182353973 , 4.18533
25.15 , 10.3182353973 , 4.19117
25.18 , 10.3182353973 , 4.19683
25.22 , 10.2096223831 , 4.20267
25.25 , 10.3182353973 , 4.20817
25.28 , 10.4268484115 , 4.21400
25.32 , 10.3182353973 , 4.21967
25.35 , 10.4268484115 , 4.22550
25.39 , 10.3182353973 , 4.23117
25.42 , 10.3182353973 , 4.23683
25.45 , 10.4268484115 , 4.24250
25.49 , 10.4268484115 , 4.24833
25.52 , 10.4268484115 , 4.25400
25.56 , 10.4268484115 , 4.25983
25.59 , 10.4268484115 , 4.26550
25.63 , 10.4268484115 , 4.27117
25.66 , 10.5354614257 , 4.27700
25.70 , 10.5354614257 , 4.28267
25.73 , 10.6440734863 , 4.28850
25.76 , 10.5354614257 , 4.29400
25.80 , 10.5354614257 , 4.29983
25.83 , 10.7526865005 , 4.30550
25.87 , 10.6440734863 , 4.31133
25.90 , 10.6440734863 , 4.31700
25.94 , 10.6440734863 , 4.32267
25.97 , 10.6440734863 , 4.32833
26.00 , 10.6440734863 , 4.33417
26.04 , 10.6440734863 , 4.33983
26.07 , 10.7526865005 , 4.34567
26.11 , 10.7526865005 , 4.35117
26.14 , 10.7526865005 , 4.35700
26.18 , 10.8612995147 , 4.36267
26.21 , 10.7526865005 , 4.36850
26.25 , 10.7526865005 , 4.37417
26.28 , 10.8612995147 , 4.37983
26.31 , 10.8612995147 , 4.38550
26.35 , 10.8612995147 , 4.39133
26.38 , 10.8612995147 , 4.39700
26.42 , 10.9699125289 , 4.40283
26.45 , 10.8612995147 , 4.40833
26.48 , 10.9699125289 , 4.41417
26.52 , 10.9699125289 , 4.41983
26.55 , 10.8612995147 , 4.42567
26.59 , 10.9699125289 , 4.43133
26.62 , 10.9699125289 , 4.43700
26.66 , 11.1871414184 , 4.44283
26.69 , 11.0785255432 , 4.44850
26.73 , 11.0785255432 , 4.45433
26.76 , 11.0785255432 , 4.46000
26.79 , 11.1871414184 , 4.46583
26.83 , 11.0785255432 , 4.47133
26.86 , 11.1871414184 , 4.47717
26.90 , 11.1871414184 , 4.48283
26.93 , 11.1871414184 , 4.48867
26.97 , 11.0785255432 , 4.49433
27.00 , 11.2957534790 , 4.50000
27.03 , 11.1871414184 , 4.50567
27.07 , 11.1871414184 , 4.51150
27.10 , 11.2957534790 , 4.51717
27.14 , 11.2957534790 , 4.52300
27.17 , 11.2957534790 , 4.52850
27.21 , 11.2957534790 , 4.53433
27.24 , 11.2957534790 , 4.54000
27.27 , 11.2957534790 , 4.54583
27.31 , 11.4043664932 , 4.55150
27.34 , 11.2957534790 , 4.55717
27.38 , 11.4043664932 , 4.56283
27.41 , 11.5129795074 , 4.56867
27.45 , 11.4043664932 , 4.57433
27.48 , 11.4043664932 , 4.58017
27.51 , 11.4043664932 , 4.58567
27.55 , 11.5129795074 , 4.59150
27.58 , 11.5129795074 , 4.59717
27.62 , 11.5129795074 , 4.60300
27.65 , 11.5129795074 , 4.60867
27.69 , 11.4043664932 , 4.61433
27.72 , 11.5129795074 , 4.62000
27.75 , 11.5129795074 , 4.62583
27.79 , 11.5129795074 , 4.63167
27.82 , 11.6215925216 , 4.63733
27.86 , 11.6215925216 , 4.64300
27.89 , 11.6215925216 , 4.64867
27.93 , 11.7302055358 , 4.65450
27.96 , 11.6215925216 , 4.66017
28.00 , 11.6215925216 , 4.66600
28.03 , 11.6215925216 , 4.67150
28.06 , 11.7302055358 , 4.67733
28.10 , 11.7302055358 , 4.68300
28.13 , 11.7302055358 , 4.68883
28.17 , 11.7302055358 , 4.69450
28.20 , 11.7302055358 , 4.70017
28.23 , 11.8388185501 , 4.70583
28.27 , 11.9474315643 , 4.71167
28.30 , 11.8388185501 , 4.71733
28.34 , 11.8388185501 , 4.72317
28.37 , 11.8388185501 , 4.72867
28.41 , 11.8388185501 , 4.73450
28.44 , 11.9474315643 , 4.74017
28.48 , 11.9474315643 , 4.74600
28.51 , 11.9474315643 , 4.75167
28.54 , 11.9474315643 , 4.75750
28.58 , 11.9474315643 , 4.76300
28.61 , 12.0560445785 , 4.76883
28.65 , 12.0560445785 , 4.77450
28.68 , 12.0560445785 , 4.78033
28.72 , 12.0560445785 , 4.78600
28.75 , 12.0560445785 , 4.79167
28.78 , 12.1646575927 , 4.79733
28.82 , 12.0560445785 , 4.80317
28.85 , 12.0560445785 , 4.80900
28.89 , 12.0560445785 , 4.81467
28.92 , 12.1646575927 , 4.82033
28.96 , 12.1646575927 , 4.82600
28.99 , 12.2732696533 , 4.83183
29.02 , 12.2732696533 , 4.83750
29.06 , 12.2732696533 , 4.84333
29.09 , 12.2732696533 , 4.84883
29.13 , 12.2732696533 , 4.85467
29.16 , 12.3818826675 , 4.86033
29.20 , 12.3818826675 , 4.86617
29.23 , 12.2732696533 , 4.87183
29.26 , 12.2732696533 , 4.87750
29.30 , 12.2732696533 , 4.88317
29.33 , 12.3818826675 , 4.88900
29.37 , 12.3818826675 , 4.89467
29.40 , 12.3818826675 , 4.90050
29.44 , 12.4904956817 , 4.90600
29.47 , 12.4904956817 , 4.91183
29.50 , 12.4904956817 , 4.91750
29.54 , 12.4904956817 , 4.92333
29.57 , 12.4904956817 , 4.92900
29.61 , 12.4904956817 , 4.93467
29.64 , 12.5991086959 , 4.94033
29.68 , 12.5991086959 , 4.94617
29.71 , 12.5991086959 , 4.95183
29.75 , 12.5991086959 , 4.95767
29.78 , 12.5991086959 , 4.96317
29.81 , 12.5991086959 , 4.96900
29.85 , 12.5991086959 , 4.97467
29.88 , 12.5991086959 , 4.98050
29.92 , 12.8163347244 , 4.98617
29.95 , 12.7077217102 , 4.99200
29.99 , 12.7077217102 , 4.99767
30.02 , 12.5991086959 , 5.00333
30.05 , 12.7077217102 , 5.00917
30.09 , 12.7077217102 , 5.01483
30.12 , 12.7077217102 , 5.02067
30.16 , 12.8163347244 , 5.02617
30.19 , 12.7077217102 , 5.03200
30.23 , 12.8163347244 , 5.03767
30.26 , 12.9249477386 , 5.04350
30.29 , 12.8163347244 , 5.04917
30.33 , 12.9249477386 , 5.05483
30.36 , 12.8163347244 , 5.06050
30.40 , 12.8163347244 , 5.06633
30.43 , 12.8163347244 , 5.07200
30.47 , 12.9249477386 , 5.07783
30.50 , 12.9249477386 , 5.08333
30.53 , 13.0335607528 , 5.08917
30.57 , 12.9249477386 , 5.09483
30.60 , 13.0335607528 , 5.10067
30.64 , 12.9249477386 , 5.10633
30.67 , 13.0335607528 , 5.11200
30.71 , 13.0335607528 , 5.11767
30.74 , 13.0335607528 , 5.12350
30.77 , 13.0335607528 , 5.12917
30.81 , 13.0335607528 , 5.13500
30.84 , 13.1421737670 , 5.14050
30.88 , 13.2507858276 , 5.14633
30.91 , 13.1421737670 , 5.15200
30.95 , 13.1421737670 , 5.15783
30.98 , 13.2507858276 , 5.16350
31.01 , 13.2507858276 , 5.16917
31.05 , 13.2507858276 , 5.17500
31.08 , 13.2507858276 , 5.18067
31.12 , 13.2507858276 , 5.18650
31.15 , 13.2507858276 , 5.19217
31.19 , 13.3593988418 , 5.19783
31.22 , 13.3593988418 , 5.20350
31.26 , 13.2507858276 , 5.20933
31.29 , 13.3593988418 , 5.21500
31.32 , 13.3593988418 , 5.22083
31.36 , 13.4680118560 , 5.22633
31.39 , 13.4680118560 , 5.23217
31.43 , 13.3593988418 , 5.23783
31.46 , 13.4680118560 , 5.24367
31.50 , 13.4680118560 , 5.24933
31.53 , 13.4680118560 , 5.25517
31.56 , 13.5766248703 , 5.26067
31.60 , 13.5766248703 , 5.26650
31.63 , 13.5766248703 , 5.27217
31.67 , 13.5766248703 , 5.27800
31.70 , 13.5766248703 , 5.28367
31.74 , 13.5766248703 , 5.28933
31.77 , 13.5766248703 , 5.29500
31.80 , 13.5766248703 , 5.30083
31.84 , 13.6852378845 , 5.30650
31.87 , 13.6852378845 , 5.31233
31.91 , 13.5766248703 , 5.31783
31.94 , 13.6852378845 , 5.32367
31.98 , 13.7938508987 , 5.32933
32.01 , 13.7938508987 , 5.33517
32.04 , 13.7938508987 , 5.34083
32.08 , 13.7938508987 , 5.34650
32.11 , 13.7938508987 , 5.35217
32.15 , 13.7938508987 , 5.35800
32.18 , 13.7938508987 , 5.36383
32.22 , 13.7938508987 , 5.36950
32.25 , 13.7938508987 , 5.37517
32.29 , 14.0110788345 , 5.38083
32.32 , 13.9024639129 , 5.38667
32.35 , 13.9024639129 , 5.39233
32.39 , 13.9024639129 , 5.39817
32.42 , 13.9024639129 , 5.40367
32.46 , 13.9024639129 , 5.40950
32.49 , 14.0110788345 , 5.41517
32.53 , 13.9024639129 , 5.42100
32.56 , 14.0110788345 , 5.42667
32.59 , 14.0110788345 , 5.43233
32.63 , 14.0110788345 , 5.43800
32.66 , 14.0110788345 , 5.44383
32.70 , 14.0110788345 , 5.44950
32.73 , 14.1196918487 , 5.45533
32.77 , 14.2283048629 , 5.46083
32.80 , 14.1196918487 , 5.46667
32.83 , 14.1196918487 , 5.47233
32.87 , 14.1196918487 , 5.47817
32.90 , 14.2283048629 , 5.48383
32.94 , 14.2283048629 , 5.48950
32.97 , 14.1196918487 , 5.49517
33.01 , 14.2283048629 , 5.50100
33.04 , 14.2283048629 , 5.50667
33.08 , 14.2283048629 , 5.51250
33.11 , 14.2283048629 , 5.51800
33.14 , 14.2283048629 , 5.52383
33.18 , 14.3369178771 , 5.52950
33.21 , 14.2283048629 , 5.53533
33.25 , 14.3369178771 , 5.54117
33.28 , 14.3369178771 , 5.54683
33.31 , 14.3369178771 , 5.55250
33.35 , 14.4455308914 , 5.55817
33.38 , 14.3369178771 , 5.56400
33.42 , 14.4455308914 , 5.56967
33.45 , 14.4455308914 , 5.57550
33.49 , 14.4455308914 , 5.58100
33.52 , 14.4455308914 , 5.58683
33.56 , 14.5541439056 , 5.59250
33.59 , 14.5541439056 , 5.59833
33.62 , 14.5541439056 , 5.60400
33.66 , 14.5541439056 , 5.60967
33.69 , 14.5541439056 , 5.61533
33.73 , 14.6627569198 , 5.62117
33.76 , 14.5541439056 , 5.62683
33.80 , 14.6627569198 , 5.63267
33.83 , 14.6627569198 , 5.63817
33.86 , 14.6627569198 , 5.64400
33.90 , 14.6627569198 , 5.64967
33.93 , 14.6627569198 , 5.65550
33.97 , 14.6627569198 , 5.66117
34.00 , 14.6627569198 , 5.66683
34.04 , 14.7713699340 , 5.67250
34.07 , 14.7713699340 , 5.67833
34.10 , 14.6627569198 , 5.68400
34.14 , 14.8799819946 , 5.68983
34.17 , 14.7713699340 , 5.69533
34.21 , 14.8799819946 , 5.70117
34.24 , 14.8799819946 , 5.70683
34.28 , 14.8799819946 , 5.71267
34.31 , 14.9885950088 , 5.71833
34.34 , 14.9885950088 , 5.72400
34.38 , 14.9885950088 , 5.72983
34.41 , 14.9885950088 , 5.73550
34.45 , 14.9885950088 , 5.74133
34.48 , 14.9885950088 , 5.74700
34.52 , 14.8799819946 , 5.75267
34.55 , 14.9885950088 , 5.75833
34.59 , 15.0972080230 , 5.76417
34.62 , 14.9885950088 , 5.76983
34.65 , 14.9885950088 , 5.77567
34.69 , 15.0972080230 , 5.78133
34.72 , 15.0972080230 , 5.78700
34.76 , 15.0972080230 , 5.79267
34.79 , 15.0972080230 , 5.79850
34.83 , 15.2058210372 , 5.80417
34.86 , 15.2058210372 , 5.81000
34.89 , 15.2058210372 , 5.81550
34.93 , 15.2058210372 , 5.82133
34.96 , 15.3144340515 , 5.82700
35.00 , 15.2058210372 , 5.83283
35.03 , 15.3144340515 , 5.83850
35.06 , 15.3144340515 , 5.84417
35.10 , 15.3144340515 , 5.84983
35.13 , 15.3144340515 , 5.85567
35.17 , 15.3144340515 , 5.86133
35.20 , 15.4230470657 , 5.86717
35.24 , 15.4230470657 , 5.87267
35.27 , 15.3144340515 , 5.87850
35.31 , 15.4230470657 , 5.88417
35.34 , 15.4230470657 , 5.89000
35.37 , 15.4230470657 , 5.89567
35.41 , 15.4230470657 , 5.90133
35.44 , 15.4230470657 , 5.90717
35.48 , 15.4230470657 , 5.91283
35.51 , 15.4230470657 , 5.91867
35.55 , 15.5316600799 , 5.92433
35.58 , 15.5316600799 , 5.93000
35.61 , 15.5316600799 , 5.93567
35.65 , 15.6402730941 , 5.94150
35.68 , 15.6402730941 , 5.94717
35.72 , 15.6402730941 , 5.95300
35.75 , 15.6402730941 , 5.95850
35.79 , 15.6402730941 , 5.96433
35.82 , 15.6402730941 , 5.97000
35.86 , 15.6402730941 , 5.97583
35.89 , 15.7488861083 , 5.98150
35.92 , 15.6402730941 , 5.98717
35.96 , 15.7488861083 , 5.99283
35.99 , 15.7488861083 , 5.99867
36.03 , 15.7488861083 , 6.00433
36.06 , 15.7488861083 , 6.01017
36.09 , 15.7488861083 , 6.01567
36.13 , 15.8574981689 , 6.02150
36.16 , 15.9661111831 , 6.02717
36.20 , 15.7488861083 , 6.03300
36.23 , 15.8574981689 , 6.03867
36.27 , 15.9661111831 , 6.04450
36.30 , 15.9661111831 , 6.05000
36.34 , 15.8574981689 , 6.05583
36.37 , 15.9661111831 , 6.06150
36.40 , 15.9661111831 , 6.06733
36.44 , 15.9661111831 , 6.07300
36.47 , 16.0747241973 , 6.07867
36.51 , 16.0747241973 , 6.08433
36.54 , 16.0747241973 , 6.09017
36.58 , 16.0747241973 , 6.09600
36.61 , 16.0747241973 , 6.10167
36.64 , 16.0747241973 , 6.10733
36.68 , 16.0747241973 , 6.11300
36.71 , 16.1833381652 , 6.11883
36.75 , 16.1833381652 , 6.12450
36.78 , 16.1833381652 , 6.13033
36.81 , 16.1833381652 , 6.13583
36.85 , 16.1833381652 , 6.14167
36.88 , 16.2919502258 , 6.14733
36.92 , 16.2919502258 , 6.15317
36.95 , 16.2919502258 , 6.15883
36.99 , 16.2919502258 , 6.16450
37.02 , 16.2919502258 , 6.17017
37.06 , 16.4005622863 , 6.17600
37.09 , 16.4005622863 , 6.18167
37.13 , 16.4005622863 , 6.18750
37.16 , 16.4005622863 , 6.19300
37.19 , 16.4005622863 , 6.19883
37.23 , 16.4005622863 , 6.20450
37.26 , 16.4005622863 , 6.21033
37.30 , 16.4005622863 , 6.21600
37.33 , 16.4005622863 , 6.22167
37.36 , 16.5091762542 , 6.22733
37.40 , 16.5091762542 , 6.23317
37.43 , 16.5091762542 , 6.23883
37.47 , 16.5091762542 , 6.24467
37.50 , 16.5091762542 , 6.25017
37.54 , 16.5091762542 , 6.25600
37.57 , 16.6177883148 , 6.26167
37.61 , 16.6177883148 , 6.26750
37.64 , 16.6177883148 , 6.27333
37.67 , 16.6177883148 , 6.27883
37.71 , 16.7264041900 , 6.28467
37.74 , 16.7264041900 , 6.29033
37.78 , 16.7264041900 , 6.29617
37.81 , 16.6177883148 , 6.30183
37.85 , 16.6177883148 , 6.30767
37.88 , 16.8350181579 , 6.31317
37.91 , 16.6177883148 , 6.31900
37.95 , 16.7264041900 , 6.32467
37.98 , 16.7264041900 , 6.33050
38.02 , 16.8350181579 , 6.33617
38.05 , 16.8350181579 , 6.34183
38.09 , 16.8350181579 , 6.34750
38.12 , 16.8350181579 , 6.35333
38.15 , 16.8350181579 , 6.35900
38.19 , 16.8350181579 , 6.36483
38.22 , 16.8350181579 , 6.37033
38.26 , 16.9436302185 , 6.37617
38.29 , 17.0522422790 , 6.38183
38.33 , 17.0522422790 , 6.38767
38.36 , 16.9436302185 , 6.39333
38.39 , 17.0522422790 , 6.39900
38.43 , 16.9436302185 , 6.40467
38.46 , 17.0522422790 , 6.41050
38.50 , 17.0522422790 , 6.41617
38.53 , 17.0522422790 , 6.42200
38.56 , 17.0522422790 , 6.42750
38.60 , 17.1608562469 , 6.43333
38.63 , 17.1608562469 , 6.43900
38.67 , 17.1608562469 , 6.44483
38.70 , 17.1608562469 , 6.45050
38.74 , 17.1608562469 , 6.45617
38.77 , 17.1608562469 , 6.46200
38.81 , 17.2694683074 , 6.46767
38.84 , 17.2694683074 , 6.47350
38.88 , 17.2694683074 , 6.47917
38.91 , 17.2694683074 , 6.48483
38.94 , 17.3780822753 , 6.49050
38.98 , 17.2694683074 , 6.49633
39.01 , 17.2694683074 , 6.50200
39.05 , 17.2694683074 , 6.50783
39.08 , 17.3780822753 , 6.51333
39.12 , 17.3780822753 , 6.51917
39.15 , 17.4866943359 , 6.52483
39.18 , 17.4866943359 , 6.53067
39.22 , 17.4866943359 , 6.53633
39.25 , 17.4866943359 , 6.54200
39.29 , 17.4866943359 , 6.54767
39.32 , 17.4866943359 , 6.55350
39.36 , 17.4866943359 , 6.55917
39.39 , 17.5953083038 , 6.56500
39.42 , 17.4866943359 , 6.57067
39.46 , 17.5953083038 , 6.57633
39.49 , 17.4866943359 , 6.58200
39.53 , 17.5953083038 , 6.58783
39.56 , 17.4866943359 , 6.59350
39.60 , 17.5953083038 , 6.59933
39.63 , 17.5953083038 , 6.60483
39.66 , 17.7039203643 , 6.61067
39.70 , 17.5953083038 , 6.61633
39.73 , 17.7039203643 , 6.62217
39.77 , 17.7039203643 , 6.62783
39.80 , 17.7039203643 , 6.63350
39.84 , 17.7039203643 , 6.63933
39.87 , 17.7039203643 , 6.64500
39.90 , 17.8125343322 , 6.65083
39.94 , 17.8125343322 , 6.65650
39.97 , 17.8125343322 , 6.66217
40.01 , 17.9211463928 , 6.66783
40.04 , 17.8125343322 , 6.67367
40.08 , 17.8125343322 , 6.67933
40.11 , 17.8125343322 , 6.68517
40.14 , 17.8125343322 , 6.69067
40.18 , 17.8125343322 , 6.69650
40.21 , 17.8125343322 , 6.70217
40.25 , 17.9211463928 , 6.70800
40.28 , 17.9211463928 , 6.71367
40.32 , 17.9211463928 , 6.71933
40.35 , 18.0297584533 , 6.72500
40.38 , 18.0297584533 , 6.73083
40.42 , 18.0297584533 , 6.73650
40.45 , 18.0297584533 , 6.74233
40.49 , 18.0297584533 , 6.74783
40.52 , 18.1383724212 , 6.75367
40.56 , 18.1383724212 , 6.75933
40.59 , 18.1383724212 , 6.76517
40.63 , 18.0297584533 , 6.77083
40.66 , 18.1383724212 , 6.77650
40.69 , 18.1383724212 , 6.78217
40.73 , 18.1383724212 , 6.78800
40.76 , 18.2469844818 , 6.79367
40.80 , 18.2469844818 , 6.79950
40.83 , 18.2469844818 , 6.80500
40.87 , 18.2469844818 , 6.81083
40.90 , 18.3555984497 , 6.81650
40.93 , 18.4642105102 , 6.82233
40.97 , 18.3555984497 , 6.82817
41.00 , 18.2469844818 , 6.83383
41.04 , 18.3555984497 , 6.83950
41.07 , 18.4642105102 , 6.84517
41.11 , 18.4642105102 , 6.85100
41.14 , 18.4642105102 , 6.85667
41.18 , 18.4642105102 , 6.86250
41.21 , 18.5728244781 , 6.86800
41.24 , 18.4642105102 , 6.87383
41.28 , 18.4642105102 , 6.87950
41.31 , 18.4642105102 , 6.88533
41.35 , 18.5728244781 , 6.89100
41.38 , 18.5728244781 , 6.89667
41.41 , 18.5728244781 , 6.90233
41.45 , 18.5728244781 , 6.90817
41.48 , 18.6814365386 , 6.91383
41.52 , 18.6814365386 , 6.91967
41.55 , 18.5728244781 , 6.92517
41.59 , 18.6814365386 , 6.93100
41.62 , 18.6814365386 , 6.93667
41.65 , 18.6814365386 , 6.94250
41.69 , 18.7900505065 , 6.94817
41.72 , 18.7900505065 , 6.95383
41.76 , 18.6814365386 , 6.95950
41.79 , 18.7900505065 , 6.96533
41.83 , 18.7900505065 , 6.97100
41.86 , 18.7900505065 , 6.97683
41.89 , 18.7900505065 , 6.98233
41.93 , 18.6814365386 , 6.98817
41.96 , 18.8986625671 , 6.99383
42.00 , 18.8986625671 , 6.99967
42.03 , 18.8986625671 , 7.00550
42.07 , 18.8986625671 , 7.01100
42.10 , 18.8986625671 , 7.01683
42.13 , 18.8986625671 , 7.02250
42.17 , 19.0072746276 , 7.02833
42.20 , 18.8986625671 , 7.03400
42.24 , 19.0072746276 , 7.03967
42.27 , 18.8986625671 , 7.04533
42.31 , 19.0072746276 , 7.05117
42.34 , 19.0072746276 , 7.05683
42.38 , 19.0072746276 , 7.06267
42.41 , 19.0072746276 , 7.06817
42.44 , 19.1158885955 , 7.07400
42.48 , 19.1158885955 , 7.07967
42.51 , 19.1158885955 , 7.08550
42.55 , 19.1158885955 , 7.09117
42.58 , 19.1158885955 , 7.09700
42.62 , 19.2245006561 , 7.10250
42.65 , 19.2245006561 , 7.10833
42.68 , 19.2245006561 , 7.11400
42.72 , 19.2245006561 , 7.11983
42.75 , 19.2245006561 , 7.12550
42.79 , 19.2245006561 , 7.13117
42.82 , 19.3331146240 , 7.13683
42.86 , 19.3331146240 , 7.14267
42.89 , 19.3331146240 , 7.14833
42.93 , 19.3331146240 , 7.15417
42.96 , 19.3331146240 , 7.15967
42.99 , 19.3331146240 , 7.16550
43.03 , 19.3331146240 , 7.17117
43.06 , 19.4417266845 , 7.17700
43.10 , 19.4417266845 , 7.18267
43.13 , 19.4417266845 , 7.18833
43.17 , 19.4417266845 , 7.19417
43.20 , 19.4417266845 , 7.19983
43.23 , 19.4417266845 , 7.20567
43.27 , 19.5503425598 , 7.21133
43.30 , 19.5503425598 , 7.21700
43.34 , 19.5503425598 , 7.22267
43.37 , 19.6589546203 , 7.22850
43.40 , 19.5503425598 , 7.23417
43.44 , 19.7675685882 , 7.24000
43.47 , 19.5503425598 , 7.24550
43.51 , 19.7675685882 , 7.25133
43.54 , 19.6589546203 , 7.25700
43.58 , 19.6589546203 , 7.26283
43.61 , 19.7675685882 , 7.26850
43.65 , 19.7675685882 , 7.27417
43.68 , 19.6589546203 , 7.27983
43.71 , 19.7675685882 , 7.28567
43.75 , 19.7675685882 , 7.29133
43.78 , 19.7675685882 , 7.29717
43.82 , 19.7675685882 , 7.30267
43.85 , 19.8761806488 , 7.30850
43.88 , 19.8761806488 , 7.31417
43.92 , 19.8761806488 , 7.32000
43.95 , 19.8761806488 , 7.32567
43.99 , 19.8761806488 , 7.33133
44.02 , 19.8761806488 , 7.33700
44.06 , 19.8761806488 , 7.34283
44.09 , 19.9847946166 , 7.34850
44.13 , 19.9847946166 , 7.35433
44.16 , 19.9847946166 , 7.36000
44.19 , 20.0934066772 , 7.36567
44.23 , 19.9847946166 , 7.37150
44.26 , 19.9847946166 , 7.37717
44.30 , 19.9847946166 , 7.38300
44.33 , 20.0934066772 , 7.38867
44.37 , 20.0934066772 , 7.39433
44.40 , 20.0934066772 , 7.40000
44.44 , 20.0934066772 , 7.40583
44.47 , 20.2020206451 , 7.41150
44.50 , 20.2020206451 , 7.41733
44.54 , 20.2020206451 , 7.42283
44.57 , 20.2020206451 , 7.42867
44.61 , 20.2020206451 , 7.43433
44.64 , 20.2020206451 , 7.44017
44.68 , 20.3106327056 , 7.44583
44.71 , 20.2020206451 , 7.45150
44.74 , 20.3106327056 , 7.45717
44.78 , 20.2020206451 , 7.46300
44.81 , 20.3106327056 , 7.46867
44.85 , 20.4192466735 , 7.47450
44.88 , 20.4192466735 , 7.48000
44.92 , 20.4192466735 , 7.48583
44.95 , 20.4192466735 , 7.49150
44.98 , 20.3106327056 , 7.49733
45.02 , 20.4192466735 , 7.50300
45.05 , 20.4192466735 , 7.50867
45.09 , 20.4192466735 , 7.51433
45.12 , 20.5278587341 , 7.52017
45.15 , 20.5278587341 , 7.52583
45.19 , 20.5278587341 , 7.53167
45.22 , 20.5278587341 , 7.53717
45.26 , 20.6364707946 , 7.54300
45.29 , 20.5278587341 , 7.54867
45.33 , 20.6364707946 , 7.55450
45.36 , 20.6364707946 , 7.56033
45.40 , 20.6364707946 , 7.56583
45.43 , 20.6364707946 , 7.57167
45.46 , 20.7450847625 , 7.57733
45.50 , 20.7450847625 , 7.58317
45.53 , 20.6364707946 , 7.58883
45.57 , 20.7450847625 , 7.59467
45.60 , 20.7450847625 , 7.60017
45.64 , 20.7450847625 , 7.60600
45.67 , 20.8536968231 , 7.61167
45.71 , 20.8536968231 , 7.61750
45.74 , 20.7450847625 , 7.62317
45.77 , 20.8536968231 , 7.62883
45.81 , 20.8536968231 , 7.63450
45.84 , 20.8536968231 , 7.64033
45.88 , 20.9623107910 , 7.64600
45.91 , 20.9623107910 , 7.65183
45.94 , 20.9623107910 , 7.65733
45.98 , 20.9623107910 , 7.66317
46.01 , 20.9623107910 , 7.66883
46.05 , 20.9623107910 , 7.67467
46.08 , 21.0709228515 , 7.68033
46.12 , 21.0709228515 , 7.68600
46.15 , 21.1795368194 , 7.69167
46.19 , 21.1795368194 , 7.69750
46.22 , 21.1795368194 , 7.70317
46.25 , 21.1795368194 , 7.70900
46.29 , 21.1795368194 , 7.71450
46.32 , 21.1795368194 , 7.72033
46.36 , 21.1795368194 , 7.72600
46.39 , 21.2881488800 , 7.73183
46.43 , 21.1795368194 , 7.73767
46.46 , 21.1795368194 , 7.74317
46.49 , 21.1795368194 , 7.74900
46.53 , 21.1795368194 , 7.75467
46.56 , 21.2881488800 , 7.76050
46.60 , 21.2881488800 , 7.76617
46.63 , 21.1795368194 , 7.77183
46.67 , 21.2881488800 , 7.77750
46.70 , 21.2881488800 , 7.78333
46.73 , 21.2881488800 , 7.78900
46.77 , 21.3967628479 , 7.79483
46.80 , 21.3967628479 , 7.80033
46.84 , 21.2881488800 , 7.80617
46.87 , 21.3967628479 , 7.81183
46.91 , 21.3967628479 , 7.81767
46.94 , 21.5053749084 , 7.82333
46.97 , 21.3967628479 , 7.82900
47.01 , 21.5053749084 , 7.83467
47.04 , 21.5053749084 , 7.84050
47.08 , 21.5053749084 , 7.84617
47.11 , 21.5053749084 , 7.85200
47.15 , 21.5053749084 , 7.85750
47.18 , 21.6139869689 , 7.86333
47.21 , 21.6139869689 , 7.86900
47.25 , 21.6139869689 , 7.87483
47.28 , 21.6139869689 , 7.88050
47.32 , 21.6139869689 , 7.88633
47.35 , 21.6139869689 , 7.89183
47.39 , 21.6139869689 , 7.89767
47.42 , 21.7226009368 , 7.90333
47.46 , 21.7226009368 , 7.90917
47.49 , 21.7226009368 , 7.91483
47.52 , 21.7226009368 , 7.92050
47.56 , 21.7226009368 , 7.92633
47.59 , 21.8312129974 , 7.93200
47.63 , 21.8312129974 , 7.93783
47.66 , 21.8312129974 , 7.94350
47.70 , 21.8312129974 , 7.94917
47.73 , 21.8312129974 , 7.95483
47.76 , 21.8312129974 , 7.96067
47.80 , 21.8312129974 , 7.96633
47.83 , 21.9398269653 , 7.97217
47.87 , 21.9398269653 , 7.97767
47.90 , 21.9398269653 , 7.98350
47.94 , 22.0484390258 , 7.98917
47.97 , 21.9398269653 , 7.99500
48.00 , 22.1570529937 , 8.00067
48.04 , 21.9398269653 , 8.00633
48.07 , 22.0484390258 , 8.01200
48.11 , 22.0484390258 , 8.01783
48.14 , 22.1570529937 , 8.02350
48.18 , 22.2656669616 , 8.02933
48.21 , 22.1570529937 , 8.03483
48.24 , 22.2656669616 , 8.04067
48.28 , 22.2656669616 , 8.04633
48.31 , 22.2656669616 , 8.05217
48.35 , 22.2656669616 , 8.05783
48.38 , 22.2656669616 , 8.06350
48.42 , 22.3742790222 , 8.06917
48.45 , 22.2656669616 , 8.07500
48.48 , 22.1570529937 , 8.08067
48.52 , 22.2656669616 , 8.08650
48.55 , 22.3742790222 , 8.09200
48.59 , 22.3742790222 , 8.09783
48.62 , 22.3742790222 , 8.10367
48.66 , 22.3742790222 , 8.10933
48.69 , 22.4828929901 , 8.11517
48.72 , 22.3742790222 , 8.12067
48.76 , 22.4828929901 , 8.12650
48.79 , 22.4828929901 , 8.13217
48.83 , 22.4828929901 , 8.13800
48.86 , 22.5915050506 , 8.14367
48.90 , 22.4828929901 , 8.14950
48.93 , 22.5915050506 , 8.15500
48.97 , 22.5915050506 , 8.16083
49.00 , 22.5915050506 , 8.16650
49.03 , 22.5915050506 , 8.17233
49.07 , 22.5915050506 , 8.17800
49.10 , 22.7001190185 , 8.18367
49.14 , 22.5915050506 , 8.18933
49.17 , 22.7001190185 , 8.19517
49.21 , 22.5915050506 , 8.20083
49.24 , 22.7001190185 , 8.20667
49.27 , 22.7001190185 , 8.21217
49.31 , 22.7001190185 , 8.21800
49.34 , 22.8087310791 , 8.22367
49.38 , 22.7001190185 , 8.22950
49.41 , 22.7001190185 , 8.23517
49.45 , 22.8087310791 , 8.24083
49.48 , 22.8087310791 , 8.24650
49.51 , 22.8087310791 , 8.25233
49.55 , 22.8087310791 , 8.25800
49.58 , 22.9173431396 , 8.26383
49.62 , 22.8087310791 , 8.26933
49.65 , 22.9173431396 , 8.27517
49.69 , 22.9173431396 , 8.28083
49.72 , 22.9173431396 , 8.28667
49.76 , 22.9173431396 , 8.29250
49.79 , 22.9173431396 , 8.29800
49.82 , 22.9173431396 , 8.30383
49.86 , 23.0259571075 , 8.30950
49.89 , 23.0259571075 , 8.31533
49.93 , 23.0259571075 , 8.32100
49.96 , 23.0259571075 , 8.32667
49.99 , 23.0259571075 , 8.33233
50.03 , 23.0259571075 , 8.33817
50.06 , 23.1345691680 , 8.34383
50.10 , 23.1345691680 , 8.34967
50.13 , 23.1345691680 , 8.35517
50.17 , 23.1345691680 , 8.36100
50.20 , 23.1345691680 , 8.36667
50.24 , 23.2431831359 , 8.37250
50.27 , 23.2431831359 , 8.37817
50.30 , 23.2431831359 , 8.38400
50.34 , 23.2431831359 , 8.38950
50.37 , 23.2431831359 , 8.39533
50.41 , 23.3517951965 , 8.40100
50.44 , 23.2431831359 , 8.40683
50.47 , 23.3517951965 , 8.41250
50.51 , 23.4604091644 , 8.41817
50.54 , 23.4604091644 , 8.42383
50.58 , 23.3517951965 , 8.42967
50.61 , 23.4604091644 , 8.43533
50.65 , 23.4604091644 , 8.44117
50.68 , 23.5690212249 , 8.44667
50.72 , 23.5690212249 , 8.45250
50.75 , 23.3517951965 , 8.45817
50.78 , 23.5690212249 , 8.46400
50.82 , 23.5690212249 , 8.46983
50.85 , 23.5690212249 , 8.47533
50.89 , 23.5690212249 , 8.48117
50.92 , 23.5690212249 , 8.48683
50.96 , 23.6776351928 , 8.49267
50.99 , 23.5690212249 , 8.49833
51.02 , 23.5690212249 , 8.50400
51.06 , 23.5690212249 , 8.50967
51.09 , 23.6776351928 , 8.51550
51.13 , 23.6776351928 , 8.52117
51.16 , 23.6776351928 , 8.52700
51.20 , 23.7862472534 , 8.53250
51.23 , 23.7862472534 , 8.53833
51.26 , 23.7862472534 , 8.54400
51.30 , 23.7862472534 , 8.54983
51.33 , 23.7862472534 , 8.55550
51.37 , 23.8948593139 , 8.56117
51.40 , 23.7862472534 , 8.56683
51.44 , 23.8948593139 , 8.57267
51.47 , 23.8948593139 , 8.57833
51.51 , 23.8948593139 , 8.58417
51.54 , 23.8948593139 , 8.58967
51.57 , 23.8948593139 , 8.59550
51.61 , 23.8948593139 , 8.60117
51.64 , 24.0034732818 , 8.60700
51.68 , 24.0034732818 , 8.61267
51.71 , 24.0034732818 , 8.61833
51.74 , 24.0034732818 , 8.62400
51.78 , 24.0034732818 , 8.62983
51.81 , 24.0034732818 , 8.63550
51.85 , 24.0034732818 , 8.64133
51.88 , 24.0034732818 , 8.64683
51.92 , 24.1120853424 , 8.65267
51.95 , 24.1120853424 , 8.65850
51.99 , 24.1120853424 , 8.66417
52.02 , 24.1120853424 , 8.67000
52.05 , 24.1120853424 , 8.67567
52.09 , 24.2206993103 , 8.68133
52.12 , 24.2206993103 , 8.68700
52.16 , 24.2206993103 , 8.69283
52.19 , 24.3293113708 , 8.69850
52.23 , 24.2206993103 , 8.70433
52.26 , 24.3293113708 , 8.70983
52.29 , 24.3293113708 , 8.71567
52.33 , 24.3293113708 , 8.72133
52.36 , 24.3293113708 , 8.72717
52.40 , 24.3293113708 , 8.73283
52.43 , 24.4379253387 , 8.73850
52.47 , 24.3293113708 , 8.74417
52.50 , 24.4379253387 , 8.75000
52.53 , 24.4379253387 , 8.75567
52.57 , 24.5465373992 , 8.76150
52.60 , 24.4379253387 , 8.76700
52.64 , 24.5465373992 , 8.77283
52.67 , 24.5465373992 , 8.77850
52.71 , 24.5465373992 , 8.78433
52.74 , 24.5465373992 , 8.79000
52.77 , 24.4379253387 , 8.79567
52.81 , 24.5465373992 , 8.80133
52.84 , 24.7637634277 , 8.80717
52.88 , 24.7637634277 , 8.81283
52.91 , 24.6551494598 , 8.81867
52.95 , 24.6551494598 , 8.82417
52.98 , 24.6551494598 , 8.83000
53.02 , 24.7637634277 , 8.83583
53.05 , 24.7637634277 , 8.84150
53.08 , 24.7637634277 , 8.84733
53.12 , 24.7637634277 , 8.85283
53.15 , 24.7637634277 , 8.85867
53.19 , 24.7637634277 , 8.86433
53.22 , 24.8723754882 , 8.87017
53.26 , 24.8723754882 , 8.87583
53.29 , 24.8723754882 , 8.88150
53.32 , 24.8723754882 , 8.88717
53.36 , 24.8723754882 , 8.89300
53.39 , 24.8723754882 , 8.89867
53.43 , 24.9809894561 , 8.90450
53.46 , 24.9809894561 , 8.91000
53.50 , 24.9809894561 , 8.91583
53.53 , 24.9809894561 , 8.92150
53.56 , 25.0896072387 , 8.92733
53.60 , 25.0896072387 , 8.93300
53.63 , 25.0896072387 , 8.93883
53.67 , 25.0896072387 , 8.94433
53.70 , 25.0896072387 , 8.95017
53.74 , 24.9809894561 , 8.95583
53.77 , 25.0896072387 , 8.96167
53.80 , 25.0896072387 , 8.96733
53.84 , 25.1982192993 , 8.97300
53.87 , 25.1982192993 , 8.97867
53.91 , 25.0896072387 , 8.98450
53.94 , 25.1982192993 , 8.99017
53.98 , 25.1982192993 , 8.99600
54.01 , 25.3068332672 , 9.00150
54.04 , 25.3068332672 , 9.00733
54.08 , 25.3068332672 , 9.01300
54.11 , 25.1982192993 , 9.01883
54.15 , 25.3068332672 , 9.02467
54.18 , 25.3068332672 , 9.03017
54.22 , 25.4154453277 , 9.03600
54.25 , 25.3068332672 , 9.04167
54.29 , 25.4154453277 , 9.04750
54.32 , 25.3068332672 , 9.05317
54.35 , 25.4154453277 , 9.05883
54.39 , 25.4154453277 , 9.06450
54.42 , 25.5240592956 , 9.07033
54.46 , 25.4154453277 , 9.07600
54.49 , 25.5240592956 , 9.08183
54.52 , 25.5240592956 , 9.08733
54.56 , 25.4154453277 , 9.09317
54.59 , 25.5240592956 , 9.09883
54.63 , 25.6326713562 , 9.10467
54.66 , 25.6326713562 , 9.11033
54.70 , 25.5240592956 , 9.11600
54.73 , 25.6326713562 , 9.12167
54.77 , 25.6326713562 , 9.12750
54.80 , 25.6326713562 , 9.13317
54.83 , 25.7412853240 , 9.13900
54.87 , 25.7412853240 , 9.14450
54.90 , 25.7412853240 , 9.15033
54.94 , 25.7412853240 , 9.15600
54.97 , 25.7412853240 , 9.16183
55.01 , 25.8498973846 , 9.16750
55.04 , 25.8498973846 , 9.17333
55.07 , 25.7412853240 , 9.17883
55.11 , 25.8498973846 , 9.18467
55.14 , 25.8498973846 , 9.19033
55.18 , 25.8498973846 , 9.19617
55.21 , 25.8498973846 , 9.20200
55.25 , 25.8498973846 , 9.20750
55.28 , 25.9585113525 , 9.21333
55.31 , 25.9585113525 , 9.21900
55.35 , 25.9585113525 , 9.22483
55.38 , 25.9585113525 , 9.23050
55.42 , 25.9585113525 , 9.23617
55.45 , 25.9585113525 , 9.24183
55.49 , 26.0671234130 , 9.24767
55.52 , 26.0671234130 , 9.25333
55.56 , 26.0671234130 , 9.25917
55.59 , 26.0671234130 , 9.26467
55.62 , 26.0671234130 , 9.27050
55.66 , 26.1757354736 , 9.27617
55.69 , 26.1757354736 , 9.28200
55.73 , 26.2843494415 , 9.28767
55.76 , 26.1757354736 , 9.29333
55.79 , 26.2843494415 , 9.29900
55.83 , 26.2843494415 , 9.30483
55.86 , 26.2843494415 , 9.31050
55.90 , 26.2843494415 , 9.31633
55.93 , 26.2843494415 , 9.32183
55.97 , 26.2843494415 , 9.32767
56.00 , 26.3929615020 , 9.33333
56.04 , 26.3929615020 , 9.33917
56.07 , 26.2843494415 , 9.34483
56.10 , 26.3929615020 , 9.35050
56.14 , 26.3929615020 , 9.35617
56.17 , 26.3929615020 , 9.36200
56.21 , 26.3929615020 , 9.36767
56.24 , 26.5015754699 , 9.37350
56.27 , 26.3929615020 , 9.37900
56.31 , 26.5015754699 , 9.38483
56.34 , 26.5015754699 , 9.39067
56.38 , 26.5015754699 , 9.39633
56.41 , 26.6101875305 , 9.40217
56.45 , 26.5015754699 , 9.40767
56.48 , 26.5015754699 , 9.41350
56.52 , 26.6101875305 , 9.41917
56.55 , 26.6101875305 , 9.42500
56.58 , 26.6101875305 , 9.43067
56.62 , 26.7188014984 , 9.43650
56.65 , 26.7188014984 , 9.44200
56.69 , 26.7188014984 , 9.44783
56.72 , 26.6101875305 , 9.45350
56.76 , 26.6101875305 , 9.45933
56.79 , 26.7188014984 , 9.46500
56.82 , 26.7188014984 , 9.47067
56.86 , 26.7188014984 , 9.47633
56.89 , 26.8274135589 , 9.48217
56.93 , 26.7188014984 , 9.48783
56.96 , 26.8274135589 , 9.49367
57.00 , 26.8274135589 , 9.49917
57.03 , 26.9360275268 , 9.50500
57.06 , 26.9360275268 , 9.51067
57.10 , 26.8274135589 , 9.51650
57.13 , 26.9360275268 , 9.52217
57.17 , 27.0446395874 , 9.52783
57.20 , 26.9360275268 , 9.53350
57.24 , 26.9360275268 , 9.53933
57.27 , 26.9360275268 , 9.54500
57.31 , 26.9360275268 , 9.55083
57.34 , 27.0446395874 , 9.55633
57.37 , 27.0446395874 , 9.56217
57.41 , 27.0446395874 , 9.56800
57.44 , 27.0446395874 , 9.57367
57.48 , 27.1532516479 , 9.57950
57.51 , 27.1532516479 , 9.58500
57.54 , 27.1532516479 , 9.59083
57.58 , 27.1532516479 , 9.59650
57.61 , 27.1532516479 , 9.60233
57.65 , 27.3704776763 , 9.60800
57.68 , 27.2618656158 , 9.61367
57.72 , 27.2618656158 , 9.61933
57.75 , 27.2618656158 , 9.62517
57.79 , 27.3704776763 , 9.63083
57.82 , 27.3704776763 , 9.63667
57.85 , 27.2618656158 , 9.64217
57.89 , 27.2618656158 , 9.64800
57.92 , 27.3704776763 , 9.65367
57.96 , 27.3704776763 , 9.65950
57.99 , 27.4790916442 , 9.66517
58.03 , 27.4790916442 , 9.67083
58.06 , 27.4790916442 , 9.67650
58.09 , 27.4790916442 , 9.68233
58.13 , 27.5877037048 , 9.68800
58.16 , 27.5877037048 , 9.69383
58.20 , 27.5877037048 , 9.69933
58.23 , 27.5877037048 , 9.70517
58.27 , 27.4790916442 , 9.71083
58.30 , 27.5877037048 , 9.71667
58.33 , 27.5877037048 , 9.72233
58.37 , 27.6963176727 , 9.72817
58.40 , 27.6963176727 , 9.73367
58.44 , 27.6963176727 , 9.73950
58.47 , 27.8049297332 , 9.74517
58.51 , 27.6963176727 , 9.75100
58.54 , 27.6963176727 , 9.75683
58.57 , 27.6963176727 , 9.76233
58.61 , 27.8049297332 , 9.76817
58.64 , 27.8049297332 , 9.77383
58.68 , 27.8049297332 , 9.77967
58.71 , 27.8049297332 , 9.78533
58.75 , 27.8049297332 , 9.79100
58.78 , 27.8049297332 , 9.79667
58.81 , 27.8049297332 , 9.80250
58.85 , 27.8049297332 , 9.80817
58.88 , 27.8049297332 , 9.81400
58.92 , 27.9135437011 , 9.81950
58.95 , 27.9135437011 , 9.82533
58.99 , 27.9135437011 , 9.83100
59.02 , 27.9135437011 , 9.83683
59.06 , 28.0221557617 , 9.84250
59.09 , 27.9135437011 , 9.84817
59.12 , 28.0221557617 , 9.85383
59.16 , 28.0221557617 , 9.85967
59.19 , 28.0221557617 , 9.86533
59.23 , 28.1307678222 , 9.87117
59.26 , 28.1307678222 , 9.87667
59.29 , 28.1307678222 , 9.88250
59.33 , 28.1307678222 , 9.88817
59.36 , 28.0221557617 , 9.89400
59.40 , 28.1307678222 , 9.89967
59.43 , 28.2393817901 , 9.90533
59.47 , 28.1307678222 , 9.91100
59.50 , 28.2393817901 , 9.91683
59.54 , 28.2393817901 , 9.92250
59.57 , 28.2393817901 , 9.92833
59.60 , 28.2393817901 , 9.93400
59.64 , 28.3479938507 , 9.93967
59.67 , 28.3479938507 , 9.94550
59.71 , 28.3479938507 , 9.95117
59.74 , 28.4566078186 , 9.95700
59.78 , 28.4566078186 , 9.96267
59.81 , 28.4566078186 , 9.96833
59.84 , 28.4566078186 , 9.97400
59.88 , 28.4566078186 , 9.97983
59.91 , 28.4566078186 , 9.98550
59.95 , 28.4566078186 , 9.99133
59.98 , 28.4566078186 , 9.99683
60.02 , 28.5652198791 , 10.00267
60.05 , 28.5652198791 , 10.00850
60.09 , 28.5652198791 , 10.01450
60.12 , 28.5652198791 , 10.02033
60.16 , 28.6738338470 , 10.02617
60.19 , 28.6738338470 , 10.03200
60.23 , 28.6738338470 , 10.03800
60.26 , 28.5652198791 , 10.04383
60.30 , 28.6738338470 , 10.04983
60.33 , 28.7824459075 , 10.05567
60.37 , 28.7824459075 , 10.06150
60.40 , 28.7824459075 , 10.06750
60.44 , 28.7824459075 , 10.07333
60.48 , 28.8910598754 , 10.07933
60.51 , 28.7824459075 , 10.08517
60.55 , 28.7824459075 , 10.09117
60.58 , 28.9996719360 , 10.09683
60.62 , 28.8910598754 , 10.10283
60.65 , 28.8910598754 , 10.10867
60.69 , 28.9996719360 , 10.11467
60.72 , 28.9996719360 , 10.12050
60.76 , 29.1082839965 , 10.12650
60.79 , 28.8910598754 , 10.13217
60.83 , 28.9996719360 , 10.13817
60.86 , 28.8910598754 , 10.14400
60.90 , 28.9996719360 , 10.15000
60.94 , 29.1082839965 , 10.15600
60.97 , 28.9996719360 , 10.16183
61.01 , 29.1082839965 , 10.16767
61.04 , 29.1082839965 , 10.17350
61.08 , 29.1082839965 , 10.17950
61.11 , 29.1082839965 , 10.18533
61.15 , 29.1082839965 , 10.19133
61.18 , 29.2168979644 , 10.19700
61.22 , 29.2168979644 , 10.20300
61.25 , 29.2168979644 , 10.20883
61.29 , 29.1082839965 , 10.21483
61.32 , 29.2168979644 , 10.22067
61.36 , 29.3255100250 , 10.22667
61.39 , 29.2168979644 , 10.23233
61.43 , 29.3255100250 , 10.23833
61.47 , 29.3255100250 , 10.24417
61.50 , 29.3255100250 , 10.25017
61.54 , 29.3255100250 , 10.25617
61.57 , 29.3255100250 , 10.26200
61.61 , 29.3255100250 , 10.26783
61.64 , 29.4341239929 , 10.27367
61.68 , 29.4341239929 , 10.27967
61.71 , 29.5427360534 , 10.28550
61.75 , 29.5427360534 , 10.29150
61.78 , 29.5427360534 , 10.29733
61.82 , 29.5427360534 , 10.30317
61.85 , 29.5427360534 , 10.30900
61.89 , 29.5427360534 , 10.31500
61.93 , 29.5427360534 , 10.32083
61.96 , 29.5427360534 , 10.32683
62.00 , 29.5427360534 , 10.33267
62.03 , 29.6513500213 , 10.33850
62.07 , 29.6513500213 , 10.34450
62.10 , 29.7599620819 , 10.35033
62.14 , 29.6513500213 , 10.35633
62.17 , 29.7599620819 , 10.36217
62.21 , 29.7599620819 , 10.36817
62.24 , 29.7599620819 , 10.37383
62.28 , 29.8685741424 , 10.37983
62.31 , 29.7599620819 , 10.38567
62.35 , 29.8685741424 , 10.39167
62.38 , 29.7599620819 , 10.39750
62.42 , 29.8685741424 , 10.40333
62.46 , 29.8685741424 , 10.40917
62.49 , 29.8685741424 , 10.41517
62.53 , 29.8685741424 , 10.42100
62.56 , 29.9771881103 , 10.42700
62.60 , 29.9771881103 , 10.43283
62.63 , 29.9771881103 , 10.43867
62.67 , 29.9771881103 , 10.44467
62.70 , 29.9771881103 , 10.45050
62.74 , 29.9771881103 , 10.45650
62.77 , 30.0858001708 , 10.46233
62.81 , 30.0858001708 , 10.46833
62.84 , 30.0858001708 , 10.47400
62.88 , 30.0858001708 , 10.48000
62.92 , 30.1944141387 , 10.48583
62.95 , 30.1944141387 , 10.49183
62.99 , 30.1944141387 , 10.49767
63.02 , 30.1944141387 , 10.50367
63.06 , 30.3030261993 , 10.50933
63.09 , 30.1944141387 , 10.51533
63.13 , 30.1944141387 , 10.52117
63.16 , 30.3030261993 , 10.52717
63.20 , 30.3030261993 , 10.53317
63.23 , 30.3030261993 , 10.53900
63.27 , 30.3030261993 , 10.54483
63.30 , 30.4116401672 , 10.55067
63.34 , 30.4116401672 , 10.55667
63.38 , 30.4116401672 , 10.56250
63.41 , 30.4116401672 , 10.56850
63.45 , 30.5202522277 , 10.57433
63.48 , 30.4116401672 , 10.58017
63.52 , 30.4116401672 , 10.58600
63.55 , 30.4116401672 , 10.59200
63.59 , 30.5202522277 , 10.59783
63.62 , 30.5202522277 , 10.60383
63.66 , 30.5202522277 , 10.60950
63.69 , 30.6288700103 , 10.61550
63.73 , 30.6288700103 , 10.62133
63.76 , 30.6288700103 , 10.62733
63.80 , 30.5202522277 , 10.63333
63.84 , 30.5202522277 , 10.63917
63.87 , 30.6288700103 , 10.64500
63.90 , 30.6288700103 , 10.65083
63.94 , 30.6288700103 , 10.65683
63.98 , 30.7374839782 , 10.66267
64.01 , 30.8460960388 , 10.66867
64.05 , 30.7374839782 , 10.67450
64.08 , 30.7374839782 , 10.68033
64.12 , 30.8460960388 , 10.68617
64.15 , 30.7374839782 , 10.69217
64.19 , 30.8460960388 , 10.69800
64.22 , 30.8460960388 , 10.70400
64.26 , 30.8460960388 , 10.70983
64.29 , 30.9547100067 , 10.71567
64.33 , 30.8460960388 , 10.72167
64.36 , 30.9547100067 , 10.72750
64.40 , 30.9547100067 , 10.73350
64.44 , 30.9547100067 , 10.73933
64.47 , 30.9547100067 , 10.74533
64.51 , 30.9547100067 , 10.75100
64.54 , 31.0633220672 , 10.75700
64.58 , 31.0633220672 , 10.76283
64.61 , 31.0633220672 , 10.76883
64.65 , 31.0633220672 , 10.77467
64.68 , 31.0633220672 , 10.78067
64.72 , 31.1719360351 , 10.78633
64.75 , 31.1719360351 , 10.79233
64.79 , 31.0633220672 , 10.79817
64.82 , 31.1719360351 , 10.80417
64.86 , 31.1719360351 , 10.81000
64.90 , 31.1719360351 , 10.81600
64.93 , 31.1719360351 , 10.82183
64.97 , 31.2805480957 , 10.82767
65.00 , 31.2805480957 , 10.83367
65.04 , 31.3891601562 , 10.83950
65.07 , 31.3891601562 , 10.84550
65.11 , 31.3891601562 , 10.85117
65.14 , 31.3891601562 , 10.85717
65.18 , 31.4977741241 , 10.86300
65.21 , 31.3891601562 , 10.86900
65.25 , 31.3891601562 , 10.87483
65.29 , 31.3891601562 , 10.88083
65.32 , 31.4977741241 , 10.88650
65.36 , 31.4977741241 , 10.89250
65.39 , 31.4977741241 , 10.89833
65.43 , 31.4977741241 , 10.90433
65.46 , 31.6063861846 , 10.91033
65.50 , 31.6063861846 , 10.91617
65.53 , 31.6063861846 , 10.92200
65.57 , 31.7150001525 , 10.92783
65.60 , 31.4977741241 , 10.93383
65.64 , 31.6063861846 , 10.93967
65.67 , 31.7150001525 , 10.94567
65.71 , 31.7150001525 , 10.95150
65.74 , 31.7150001525 , 10.95733
65.78 , 31.7150001525 , 10.96317
65.81 , 31.7150001525 , 10.96917
65.85 , 31.7150001525 , 10.97500
65.89 , 31.7150001525 , 10.98100
65.92 , 31.8236122131 , 10.98683
65.96 , 31.8236122131 , 10.99267
65.99 , 31.8236122131 , 10.99850
66.03 , 31.9322261810 , 11.00450
66.06 , 31.8236122131 , 11.01050
66.10 , 31.9322261810 , 11.01633
66.13 , 31.8236122131 , 11.02233
66.17 , 31.9322261810 , 11.02800
66.20 , 31.9322261810 , 11.03400
66.24 , 31.9322261810 , 11.03983
66.27 , 32.0408401489 , 11.04583
66.31 , 32.0408401489 , 11.05167
66.34 , 32.0408401489 , 11.05750
66.38 , 32.0408401489 , 11.06333
66.42 , 32.0408401489 , 11.06933
66.45 , 32.1494522094 , 11.07517
66.49 , 32.0408401489 , 11.08117
66.52 , 32.0408401489 , 11.08700
66.56 , 32.1494522094 , 11.09283
66.59 , 32.1494522094 , 11.09883
66.63 , 32.1494522094 , 11.10467
66.66 , 32.2580642700 , 11.11067
66.70 , 32.2580642700 , 11.11650
66.73 , 32.3666763305 , 11.12250
66.77 , 32.2580642700 , 11.12817
66.80 , 32.2580642700 , 11.13417
66.84 , 32.2580642700 , 11.14000
66.88 , 32.2580642700 , 11.14600
66.91 , 32.3666763305 , 11.15183
66.95 , 32.3666763305 , 11.15783
66.98 , 32.3666763305 , 11.16350
67.02 , 32.3666763305 , 11.16950
67.05 , 32.4752883911 , 11.17533
67.09 , 32.4752883911 , 11.18133
67.12 , 32.4752883911 , 11.18717
67.16 , 32.4752883911 , 11.19317
67.19 , 32.4752883911 , 11.19900
67.23 , 32.4752883911 , 11.20483
67.26 , 32.4752883911 , 11.21083
67.30 , 32.4752883911 , 11.21667
67.34 , 32.5839042663 , 11.22267
67.37 , 32.5839042663 , 11.22850
67.41 , 32.5839042663 , 11.23433
67.44 , 32.5839042663 , 11.24017
67.48 , 32.6925163269 , 11.24617
67.51 , 32.6925163269 , 11.25200
67.55 , 32.8011283874 , 11.25800
67.58 , 32.6925163269 , 11.26367
67.62 , 32.6925163269 , 11.26967
67.65 , 32.8011283874 , 11.27550
67.69 , 32.8011283874 , 11.28150
67.72 , 32.8011283874 , 11.28750
67.76 , 32.9097404479 , 11.29333
67.79 , 32.8011283874 , 11.29917
67.83 , 32.8011283874 , 11.30500
67.87 , 32.9097404479 , 11.31100
67.90 , 32.9097404479 , 11.31683
67.94 , 32.9097404479 , 11.32283
67.97 , 32.9097404479 , 11.32867
68.01 , 33.0183563232 , 11.33450
68.04 , 33.0183563232 , 11.34033
68.08 , 33.0183563232 , 11.34633
68.11 , 33.0183563232 , 11.35217
68.15 , 33.0183563232 , 11.35817
68.18 , 33.0183563232 , 11.36400
68.22 , 33.0183563232 , 11.36983
68.25 , 33.1269683837 , 11.37567
68.29 , 33.1269683837 , 11.38167
68.33 , 33.1269683837 , 11.38767
68.36 , 33.1269683837 , 11.39350
68.40 , 33.2355804443 , 11.39950
68.43 , 33.2355804443 , 11.40517
68.47 , 33.2355804443 , 11.41117
68.50 , 33.1269683837 , 11.41700
68.54 , 33.2355804443 , 11.42300
68.57 , 33.2355804443 , 11.42883
68.61 , 33.2355804443 , 11.43483
68.64 , 33.3441925048 , 11.44050
68.68 , 33.3441925048 , 11.44650
68.71 , 33.3441925048 , 11.45233
68.75 , 33.3441925048 , 11.45833
68.79 , 33.3441925048 , 11.46417
68.82 , 33.3441925048 , 11.47000
68.86 , 33.4528045654 , 11.47600
68.89 , 33.4528045654 , 11.48183
68.93 , 33.4528045654 , 11.48783
68.96 , 33.4528045654 , 11.49367
69.00 , 33.4528045654 , 11.49967
69.03 , 33.5614204406 , 11.50533
69.07 , 33.5614204406 , 11.51133
69.10 , 33.5614204406 , 11.51717
69.14 , 33.4528045654 , 11.52317
69.17 , 33.5614204406 , 11.52900
69.21 , 33.5614204406 , 11.53500
69.24 , 33.5614204406 , 11.54067
69.28 , 33.6700325012 , 11.54667
69.31 , 33.5614204406 , 11.55250
69.35 , 33.6700325012 , 11.55850
69.39 , 33.7786445617 , 11.56433
69.42 , 33.7786445617 , 11.57033
69.46 , 33.7786445617 , 11.57617
69.49 , 33.7786445617 , 11.58200
69.53 , 33.8872566223 , 11.58800
69.56 , 33.8872566223 , 11.59383
69.60 , 33.7786445617 , 11.59983
69.63 , 33.8872566223 , 11.60567
69.67 , 33.8872566223 , 11.61150
69.70 , 33.8872566223 , 11.61733
69.74 , 33.8872566223 , 11.62333
69.77 , 33.9958724975 , 11.62917
69.81 , 33.9958724975 , 11.63517
69.85 , 33.9958724975 , 11.64100
69.88 , 33.9958724975 , 11.64683
69.92 , 33.9958724975 , 11.65267
69.95 , 33.9958724975 , 11.65867
69.99 , 34.1044845581 , 11.66467
70.02 , 34.1044845581 , 11.67050
70.06 , 34.1044845581 , 11.67650
70.09 , 34.1044845581 , 11.68217
70.13 , 34.1044845581 , 11.68817
70.16 , 34.1044845581 , 11.69400
70.20 , 34.2130966186 , 11.70000
70.23 , 34.2130966186 , 11.70583
70.27 , 34.2130966186 , 11.71167
70.30 , 34.2130966186 , 11.71750
70.34 , 34.3217086791 , 11.72350
70.38 , 34.3217086791 , 11.72933
70.41 , 34.3217086791 , 11.73533
70.45 , 34.3217086791 , 11.74117
70.48 , 34.3217086791 , 11.74700
70.52 , 34.4303207397 , 11.75283
70.55 , 34.4303207397 , 11.75883
70.59 , 34.3217086791 , 11.76483
70.62 , 34.4303207397 , 11.77067
70.66 , 34.4303207397 , 11.77667
70.69 , 34.4303207397 , 11.78233
70.73 , 34.4303207397 , 11.78833
70.76 , 34.4303207397 , 11.79417
70.80 , 34.5389366149 , 11.80017
70.84 , 34.4303207397 , 11.80600
70.87 , 34.5389366149 , 11.81200
70.91 , 34.5389366149 , 11.81767
70.94 , 34.5389366149 , 11.82367
70.98 , 34.5389366149 , 11.82950
71.01 , 34.5389366149 , 11.83550
71.05 , 34.6475486755 , 11.84133
71.08 , 34.6475486755 , 11.84733
71.12 , 34.7561607360 , 11.85317
71.15 , 34.6475486755 , 11.85900
71.19 , 34.6475486755 , 11.86500
71.22 , 34.7561607360 , 11.87083
71.26 , 34.7561607360 , 11.87683
71.30 , 34.6475486755 , 11.88267
71.33 , 34.7561607360 , 11.88850
71.37 , 34.7561607360 , 11.89433
71.40 , 34.7561607360 , 11.90033
71.44 , 34.8647804260 , 11.90617
71.47 , 34.8647804260 , 11.91217
71.51 , 34.8647804260 , 11.91783
71.54 , 34.8647804260 , 11.92383
71.58 , 34.9733924865 , 11.92967
71.61 , 34.9733924865 , 11.93567
71.65 , 34.8647804260 , 11.94150
71.68 , 34.9733924865 , 11.94750
71.72 , 34.9733924865 , 11.95333
71.75 , 34.9733924865 , 11.95917
71.79 , 35.0820045471 , 11.96517
71.83 , 35.0820045471 , 11.97100
71.86 , 35.0820045471 , 11.97700
71.90 , 35.1906166076 , 11.98283
71.93 , 35.1906166076 , 11.98867
71.97 , 35.0820045471 , 11.99450
72.00 , 35.1906166076 , 12.00050
72.04 , 35.1906166076 , 12.00633
72.07 , 35.1906166076 , 12.01233
72.11 , 35.1906166076 , 12.01817
72.14 , 35.1906166076 , 12.02400
72.18 , 35.2992324829 , 12.02983
72.21 , 35.2992324829 , 12.03583
72.25 , 35.2992324829 , 12.04183
72.29 , 35.4078445434 , 12.04767
72.32 , 35.4078445434 , 12.05367
72.36 , 35.4078445434 , 12.05933
72.39 , 35.4078445434 , 12.06533
72.43 , 35.4078445434 , 12.07117
72.46 , 35.5164566040 , 12.07717
72.50 , 35.4078445434 , 12.08300
72.53 , 35.5164566040 , 12.08900
72.57 , 35.5164566040 , 12.09467
72.60 , 35.5164566040 , 12.10067
72.64 , 35.5164566040 , 12.10650
72.68 , 35.5164566040 , 12.11250
72.71 , 35.5164566040 , 12.11833
72.75 , 35.6250686645 , 12.12417
72.78 , 35.6250686645 , 12.13000
72.82 , 35.6250686645 , 12.13600
72.85 , 35.6250686645 , 12.14200
72.89 , 35.7336807250 , 12.14783
72.92 , 35.7336807250 , 12.15383
72.96 , 35.7336807250 , 12.15950
72.99 , 35.7336807250 , 12.16550
73.03 , 35.7336807250 , 12.17133
73.06 , 35.8422966003 , 12.17733
73.10 , 35.8422966003 , 12.18317
73.13 , 35.7336807250 , 12.18917
73.17 , 35.8422966003 , 12.19483
73.20 , 35.8422966003 , 12.20083
73.24 , 35.8422966003 , 12.20667
73.28 , 35.8422966003 , 12.21267
73.31 , 35.8422966003 , 12.21850
73.35 , 35.9509086608 , 12.22450
73.38 , 35.9509086608 , 12.23033
73.42 , 35.9509086608 , 12.23617
73.45 , 35.9509086608 , 12.24217
73.49 , 36.0595207214 , 12.24800
73.52 , 35.9509086608 , 12.25400
73.56 , 35.9509086608 , 12.25983
73.59 , 36.0595207214 , 12.26567
73.63 , 36.0595207214 , 12.27150
73.66 , 36.0595207214 , 12.27750
73.70 , 36.1681327819 , 12.28333
73.74 , 36.1681327819 , 12.28933
73.77 , 36.1681327819 , 12.29517
73.81 , 36.1681327819 , 12.30100
73.84 , 36.1681327819 , 12.30683
73.88 , 36.2767486572 , 12.31283
73.91 , 36.1681327819 , 12.31867
73.95 , 36.2767486572 , 12.32467
73.98 , 36.2767486572 , 12.33067
74.02 , 36.2767486572 , 12.33633
74.05 , 36.2767486572 , 12.34233
74.09 , 36.3853607177 , 12.34817
74.12 , 36.2767486572 , 12.35417
74.16 , 36.2767486572 , 12.36000
74.19 , 36.4939727783 , 12.36583
74.23 , 36.3853607177 , 12.37167
74.27 , 36.3853607177 , 12.37767
74.30 , 36.4939727783 , 12.38350
74.34 , 36.4939727783 , 12.38950
74.37 , 36.6025848388 , 12.39533
74.41 , 36.4939727783 , 12.40117
74.44 , 36.4939727783 , 12.40700
74.48 , 36.6025848388 , 12.41300
74.51 , 36.6025848388 , 12.41900
74.55 , 36.6025848388 , 12.42483
74.58 , 36.6025848388 , 12.43083
74.62 , 36.7111968994 , 12.43650
74.65 , 36.7111968994 , 12.44250
74.69 , 36.7111968994 , 12.44833
74.73 , 36.7111968994 , 12.45433
74.76 , 36.7111968994 , 12.46017
74.80 , 36.8198127746 , 12.46617
74.83 , 36.7111968994 , 12.47183
74.87 , 36.8198127746 , 12.47783
74.90 , 36.8198127746 , 12.48367
74.94 , 36.8198127746 , 12.48967
74.97 , 36.8198127746 , 12.49550
75.01 , 36.9284248352 , 12.50150
75.04 , 37.0370368957 , 12.50717
75.08 , 36.9284248352 , 12.51317
75.11 , 36.9284248352 , 12.51917
75.15 , 36.9284248352 , 12.52500
75.19 , 36.9284248352 , 12.53100
75.22 , 37.0370368957 , 12.53667
75.26 , 37.0370368957 , 12.54267
75.29 , 37.0370368957 , 12.54850
75.33 , 37.1456489562 , 12.55450
75.36 , 37.1456489562 , 12.56033
75.40 , 37.1456489562 , 12.56633
75.43 , 37.1456489562 , 12.57200
75.47 , 37.1456489562 , 12.57800
75.50 , 37.1456489562 , 12.58383
75.54 , 37.1456489562 , 12.58983
75.57 , 37.1456489562 , 12.59567
75.61 , 37.2542648315 , 12.60167
75.64 , 37.2542648315 , 12.60750
75.68 , 37.2542648315 , 12.61333
75.72 , 37.2542648315 , 12.61933
75.75 , 37.2542648315 , 12.62517
75.79 , 37.3628768920 , 12.63117
75.82 , 37.3628768920 , 12.63700
75.86 , 37.3628768920 , 12.64283
75.89 , 37.3628768920 , 12.64867
75.93 , 37.2542648315 , 12.65467
75.96 , 37.4714889526 , 12.66050
76.00 , 37.3628768920 , 12.66650
76.03 , 37.3628768920 , 12.67233
76.07 , 37.4714889526 , 12.67817
76.10 , 37.4714889526 , 12.68400
76.14 , 37.4714889526 , 12.69000
76.18 , 37.5801010131 , 12.69583
76.21 , 37.4714889526 , 12.70183
76.25 , 37.5801010131 , 12.70783
76.28 , 37.5801010131 , 12.71350
76.32 , 37.5801010131 , 12.71950
76.35 , 37.5801010131 , 12.72533
76.39 , 37.5801010131 , 12.73133
76.42 , 37.5801010131 , 12.73717
76.46 , 37.6887130737 , 12.74317
76.49 , 37.6887130737 , 12.74883
76.53 , 37.6887130737 , 12.75483
76.56 , 37.6887130737 , 12.76067
76.60 , 37.7973289489 , 12.76667
76.63 , 37.7973289489 , 12.77250
76.67 , 37.6887130737 , 12.77833
76.70 , 37.7973289489 , 12.78417
76.74 , 37.9059410095 , 12.79017
76.78 , 37.9059410095 , 12.79617
76.81 , 37.9059410095 , 12.80200
76.85 , 37.9059410095 , 12.80800
76.88 , 37.9059410095 , 12.81367
76.92 , 38.0145530700 , 12.81967
76.95 , 38.0145530700 , 12.82550
76.99 , 38.0145530700 , 12.83150
77.02 , 38.0145530700 , 12.83733
77.06 , 38.0145530700 , 12.84333
77.09 , 38.1231651306 , 12.84900
77.13 , 38.1231651306 , 12.85500
77.16 , 38.1231651306 , 12.86083
77.20 , 38.1231651306 , 12.86683
77.24 , 38.1231651306 , 12.87267
77.27 , 38.1231651306 , 12.87867
77.31 , 38.2317810058 , 12.88433
77.34 , 38.2317810058 , 12.89033
77.38 , 38.2317810058 , 12.89633
77.41 , 38.2317810058 , 12.90217
77.45 , 38.2317810058 , 12.90817
77.48 , 38.3403930664 , 12.91400
77.52 , 38.2317810058 , 12.91983
77.55 , 38.3403930664 , 12.92567
77.59 , 38.3403930664 , 12.93167
77.62 , 38.3403930664 , 12.93750
77.66 , 38.3403930664 , 12.94350
77.70 , 38.4490051269 , 12.94933
77.73 , 38.4490051269 , 12.95517
77.77 , 38.4490051269 , 12.96100
77.80 , 38.4490051269 , 12.96700
77.84 , 38.4490051269 , 12.97283
77.87 , 38.4490051269 , 12.97883
77.91 , 38.5576171875 , 12.98467
77.94 , 38.5576171875 , 12.99050
77.98 , 38.5576171875 , 12.99650
78.01 , 38.5576171875 , 13.00233
78.05 , 38.6662292480 , 13.00833
78.08 , 38.5576171875 , 13.01417
78.12 , 38.6662292480 , 13.02000
78.15 , 38.6662292480 , 13.02583
78.19 , 38.6662292480 , 13.03183
78.23 , 38.6662292480 , 13.03767
78.26 , 38.7748451232 , 13.04367
78.30 , 38.6662292480 , 13.04950
78.33 , 38.7748451232 , 13.05533
78.37 , 38.7748451232 , 13.06117
78.40 , 38.7748451232 , 13.06717
78.44 , 38.7748451232 , 13.07300
78.47 , 38.7748451232 , 13.07900
78.51 , 38.7748451232 , 13.08500
78.54 , 38.8834571838 , 13.09067
78.58 , 38.7748451232 , 13.09667
78.61 , 38.8834571838 , 13.10250
78.65 , 38.8834571838 , 13.10850
78.69 , 38.9920692443 , 13.11433
78.72 , 38.8834571838 , 13.12033
78.76 , 38.9920692443 , 13.12600
78.79 , 38.9920692443 , 13.13200
78.83 , 38.9920692443 , 13.13783
78.86 , 39.1006813049 , 13.14383
78.90 , 39.1006813049 , 13.14967
78.93 , 38.9920692443 , 13.15567
78.97 , 39.1006813049 , 13.16133
79.00 , 39.1006813049 , 13.16733
79.04 , 39.1006813049 , 13.17333
79.07 , 39.1006813049 , 13.17917
79.11 , 39.2092971801 , 13.18517
79.14 , 39.2092971801 , 13.19083
79.18 , 39.2092971801 , 13.19683
79.22 , 39.3179092407 , 13.20267
79.25 , 39.3179092407 , 13.20867
79.29 , 39.2092971801 , 13.21450
79.32 , 39.3179092407 , 13.22050
79.36 , 39.4265213012 , 13.22617
79.39 , 39.3179092407 , 13.23217
79.43 , 39.3179092407 , 13.23800
79.46 , 39.4265213012 , 13.24400
79.50 , 39.4265213012 , 13.24983
79.54 , 39.4265213012 , 13.25583
79.57 , 39.5351333618 , 13.26150
79.61 , 39.4265213012 , 13.26750
79.64 , 39.5351333618 , 13.27350
79.68 , 39.5351333618 , 13.27933
79.71 , 39.6437454223 , 13.28533
79.75 , 39.6437454223 , 13.29117
79.78 , 39.6437454223 , 13.29700
79.82 , 39.6437454223 , 13.30283
79.85 , 39.6437454223 , 13.30883
79.89 , 39.6437454223 , 13.31467
79.92 , 39.6437454223 , 13.32067
79.96 , 39.6437454223 , 13.32650
79.99 , 39.7523612976 , 13.33233
80.03 , 39.7523612976 , 13.33817
80.06 , 39.7523612976 , 13.34417
80.10 , 39.7523612976 , 13.35000
80.14 , 39.7523612976 , 13.35600
80.17 , 39.7523612976 , 13.36200
80.21 , 39.7523612976 , 13.36767
80.24 , 39.8609733581 , 13.37367
80.28 , 39.8609733581 , 13.37950
80.31 , 39.7523612976 , 13.38550
80.35 , 39.8609733581 , 13.39133
80.38 , 39.9695854187 , 13.39733
80.42 , 39.9695854187 , 13.40300
80.45 , 39.9695854187 , 13.40900
80.49 , 39.9695854187 , 13.41483
80.52 , 39.9695854187 , 13.42083
80.56 , 40.0781974792 , 13.42667
80.59 , 40.0781974792 , 13.43250
80.63 , 40.0781974792 , 13.43833
80.67 , 40.0781974792 , 13.44433
80.70 , 39.9695854187 , 13.45017
80.74 , 40.0781974792 , 13.45617
80.77 , 40.0781974792 , 13.46217
80.81 , 40.0781974792 , 13.46783
80.84 , 40.1868133544 , 13.47383
80.88 , 40.1868133544 , 13.47967
80.91 , 40.1868133544 , 13.48567
80.95 , 40.1868133544 , 13.49150
80.98 , 40.1868133544 , 13.49750
81.02 , 40.2954254150 , 13.50317
81.05 , 40.1868133544 , 13.50917
81.09 , 40.2954254150 , 13.51500
81.13 , 40.2954254150 , 13.52100
81.16 , 40.2954254150 , 13.52683
81.20 , 40.4040412902 , 13.53283
81.23 , 40.2954254150 , 13.53850
81.27 , 40.5126571655 , 13.54450
81.30 , 40.4040412902 , 13.55050
81.34 , 40.5126571655 , 13.55633
81.37 , 40.5126571655 , 13.56233
81.41 , 40.5126571655 , 13.56817
81.44 , 40.5126571655 , 13.57400
81.48 , 40.5126571655 , 13.57983
81.51 , 40.5126571655 , 13.58583
81.55 , 40.5126571655 , 13.59167
81.59 , 40.6212692260 , 13.59767
81.62 , 40.6212692260 , 13.60333
81.66 , 40.6212692260 , 13.60933
81.69 , 40.6212692260 , 13.61517
81.73 , 40.6212692260 , 13.62117
81.76 , 40.7298812866 , 13.62700
81.80 , 40.7298812866 , 13.63300
81.83 , 40.7298812866 , 13.63867
81.87 , 40.8384933471 , 13.64467
81.90 , 40.7298812866 , 13.65067
81.94 , 40.8384933471 , 13.65650
81.97 , 40.7298812866 , 13.66250
82.01 , 40.8384933471 , 13.66833
82.04 , 40.8384933471 , 13.67417
82.08 , 40.8384933471 , 13.68000
82.12 , 40.9471054077 , 13.68600
82.15 , 40.9471054077 , 13.69183
82.19 , 40.9471054077 , 13.69783
82.22 , 40.9471054077 , 13.70367
82.26 , 40.9471054077 , 13.70950
82.29 , 41.0557212829 , 13.71533
82.33 , 40.9471054077 , 13.72133
82.36 , 41.0557212829 , 13.72717
82.40 , 41.0557212829 , 13.73317
82.43 , 41.0557212829 , 13.73917
82.47 , 41.0557212829 , 13.74483
82.50 , 41.1643333435 , 13.75083
82.54 , 41.1643333435 , 13.75667
82.58 , 41.1643333435 , 13.76267
82.61 , 41.1643333435 , 13.76850
82.65 , 41.1643333435 , 13.77450
82.68 , 41.1643333435 , 13.78017
82.72 , 41.1643333435 , 13.78617
82.75 , 41.1643333435 , 13.79200
82.79 , 41.2729454040 , 13.79800
82.82 , 41.2729454040 , 13.80383
82.86 , 41.2729454040 , 13.80983
82.89 , 41.2729454040 , 13.81550
82.93 , 41.3815574645 , 13.82150
82.96 , 41.3815574645 , 13.82733
83.00 , 41.3815574645 , 13.83333
83.04 , 41.3815574645 , 13.83933
83.07 , 41.3815574645 , 13.84500
83.11 , 41.3815574645 , 13.85100
83.14 , 41.4901733398 , 13.85683
83.18 , 41.4901733398 , 13.86283
83.21 , 41.4901733398 , 13.86867
83.25 , 41.4901733398 , 13.87467
83.28 , 41.4901733398 , 13.88033
83.32 , 41.4901733398 , 13.88633
83.35 , 41.4901733398 , 13.89217
83.39 , 41.5987854003 , 13.89817
83.42 , 41.4901733398 , 13.90400
83.46 , 41.5987854003 , 13.91000
83.49 , 41.5987854003 , 13.91567
83.53 , 41.5987854003 , 13.92167
83.57 , 41.7073974609 , 13.92767
83.60 , 41.7073974609 , 13.93350
83.64 , 41.7073974609 , 13.93950
83.67 , 41.8160095214 , 13.94533
83.71 , 41.8160095214 , 13.95117
83.74 , 41.8160095214 , 13.95700
83.78 , 41.8160095214 , 13.96300
83.81 , 41.8160095214 , 13.96883
83.85 , 41.8160095214 , 13.97483
83.88 , 41.8160095214 , 13.98067
83.92 , 41.9246215820 , 13.98650
83.95 , 41.8160095214 , 13.99233
83.99 , 41.9246215820 , 13.99833
84.02 , 41.9246215820 , 14.00417
84.06 , 41.9246215820 , 14.01017
84.10 , 42.0332374572 , 14.01600
84.13 , 42.0332374572 , 14.02183
84.17 , 42.0332374572 , 14.02783
84.20 , 42.0332374572 , 14.03367
84.24 , 42.1418495178 , 14.03967
84.27 , 42.1418495178 , 14.04550
84.31 , 42.1418495178 , 14.05133
84.34 , 42.1418495178 , 14.05717
84.38 , 42.1418495178 , 14.06317
84.41 , 42.2504615783 , 14.06900
84.45 , 42.2504615783 , 14.07500
84.48 , 42.1418495178 , 14.08083
84.52 , 42.2504615783 , 14.08667
84.55 , 42.3590736389 , 14.09250
84.59 , 42.3590736389 , 14.09850
84.63 , 42.3590736389 , 14.10433
84.66 , 42.2504615783 , 14.11033
84.70 , 42.3590736389 , 14.11633
84.73 , 42.3590736389 , 14.12200
84.77 , 42.3590736389 , 14.12800
84.80 , 42.4676895141 , 14.13383
84.84 , 42.3590736389 , 14.13983
84.87 , 42.5763015747 , 14.14567
84.91 , 42.4676895141 , 14.15167
84.94 , 42.4676895141 , 14.15733
84.98 , 42.4676895141 , 14.16333
85.01 , 42.5763015747 , 14.16917
85.05 , 42.5763015747 , 14.17517
85.09 , 42.5763015747 , 14.18100
85.12 , 42.5763015747 , 14.18700
85.16 , 42.5763015747 , 14.19267
85.19 , 42.6849136352 , 14.19867
85.23 , 42.5763015747 , 14.20450
85.26 , 42.5763015747 , 14.21050
85.30 , 42.5763015747 , 14.21650
85.33 , 42.6849136352 , 14.22233
85.37 , 42.6849136352 , 14.22817
85.40 , 42.6849136352 , 14.23400
85.44 , 42.7935256958 , 14.24000
85.47 , 42.7935256958 , 14.24583
85.51 , 42.7935256958 , 14.25183
85.54 , 42.6849136352 , 14.25750
85.58 , 42.7935256958 , 14.26350
85.62 , 42.7935256958 , 14.26933
85.65 , 42.9021377563 , 14.27533
85.69 , 42.9021377563 , 14.28117
85.72 , 42.9021377563 , 14.28717
85.76 , 42.9021377563 , 14.29283
85.79 , 43.0107536315 , 14.29883
85.83 , 43.0107536315 , 14.30483
85.86 , 43.0107536315 , 14.31067
85.90 , 43.0107536315 , 14.31667
85.93 , 43.0107536315 , 14.32250
85.97 , 43.0107536315 , 14.32833
86.00 , 43.0107536315 , 14.33417
86.04 , 43.1193656921 , 14.34017
86.08 , 43.1193656921 , 14.34600
86.11 , 43.1193656921 , 14.35200
86.15 , 43.1193656921 , 14.35783
86.18 , 43.1193656921 , 14.36367
86.22 , 43.1193656921 , 14.36950
86.25 , 43.2279777526 , 14.37550
86.29 , 43.2279777526 , 14.38133
86.32 , 43.2279777526 , 14.38733
86.36 , 43.2279777526 , 14.39317
86.39 , 43.2279777526 , 14.39900
86.43 , 43.2279777526 , 14.40500
86.46 , 43.3365898132 , 14.41083
86.50 , 43.3365898132 , 14.41683
86.54 , 43.3365898132 , 14.42267
86.57 , 43.4452056884 , 14.42867
86.61 , 43.4452056884 , 14.43433
86.64 , 43.4452056884 , 14.44033
86.68 , 43.4452056884 , 14.44617
86.71 , 43.4452056884 , 14.45217
86.75 , 43.5538177490 , 14.45800
86.78 , 43.5538177490 , 14.46400
86.82 , 43.4452056884 , 14.46967
86.85 , 43.5538177490 , 14.47567
86.89 , 43.5538177490 , 14.48150
86.93 , 43.5538177490 , 14.48750
86.96 , 43.6624298095 , 14.49350
87.00 , 43.6624298095 , 14.49917
87.03 , 43.6624298095 , 14.50517
87.07 , 43.6624298095 , 14.51100
87.10 , 43.6624298095 , 14.51700
87.14 , 43.7710418701 , 14.52283
87.17 , 43.6624298095 , 14.52883
87.21 , 43.7710418701 , 14.53450
87.24 , 43.7710418701 , 14.54050
87.28 , 43.6624298095 , 14.54633
87.31 , 43.7710418701 , 14.55233
87.35 , 43.7710418701 , 14.55817
87.38 , 43.8796539306 , 14.56417
87.42 , 43.9882698059 , 14.56983
87.45 , 43.8796539306 , 14.57583
87.49 , 43.8796539306 , 14.58167
87.53 , 43.8796539306 , 14.58767
87.56 , 43.9882698059 , 14.59367
87.60 , 43.8796539306 , 14.59950
87.63 , 43.9882698059 , 14.60533
87.67 , 43.9882698059 , 14.61117
87.70 , 43.9882698059 , 14.61717
87.74 , 43.9882698059 , 14.62300
87.77 , 43.9882698059 , 14.62900
87.81 , 43.9882698059 , 14.63483
87.84 , 44.0968818664 , 14.64067
87.88 , 44.0968818664 , 14.64650
87.91 , 44.0968818664 , 14.65250
87.95 , 44.2054939270 , 14.65833
87.99 , 44.0968818664 , 14.66433
88.02 , 44.2054939270 , 14.67000
88.06 , 44.2054939270 , 14.67600
88.09 , 44.2054939270 , 14.68200
88.13 , 44.2054939270 , 14.68783
88.16 , 44.3141059875 , 14.69383
88.20 , 44.2054939270 , 14.69967
88.23 , 44.3141059875 , 14.70550
88.27 , 44.3141059875 , 14.71133
88.30 , 44.3141059875 , 14.71733
88.34 , 44.3141059875 , 14.72317
88.37 , 44.3141059875 , 14.72917
88.41 , 44.4227218627 , 14.73500
88.44 , 44.4227218627 , 14.74083
88.48 , 44.4227218627 , 14.74667
88.52 , 44.4227218627 , 14.75267
88.55 , 44.5313339233 , 14.75850
88.59 , 44.4227218627 , 14.76450
88.62 , 44.5313339233 , 14.77033
88.66 , 44.5313339233 , 14.77617
88.69 , 44.5313339233 , 14.78217
88.73 , 44.6399459838 , 14.78800
88.76 , 44.6399459838 , 14.79400
88.80 , 44.6399459838 , 14.79983
88.83 , 44.6399459838 , 14.80583
88.87 , 44.7485580444 , 14.81150
88.90 , 44.7485580444 , 14.81750
88.94 , 44.7485580444 , 14.82333
88.98 , 44.7485580444 , 14.82933
89.01 , 44.7485580444 , 14.83517
89.05 , 44.8571701049 , 14.84117
89.08 , 44.7485580444 , 14.84683
89.12 , 44.7485580444 , 14.85283
89.15 , 44.8571701049 , 14.85867
89.19 , 44.9657859802 , 14.86467
89.22 , 44.9657859802 , 14.87067
89.26 , 44.9657859802 , 14.87650
89.29 , 44.8571701049 , 14.88233
89.33 , 44.9657859802 , 14.88817
89.36 , 44.9657859802 , 14.89417
89.40 , 44.9657859802 , 14.90000
89.44 , 45.0743980407 , 14.90600
89.47 , 45.0743980407 , 14.91167
89.51 , 45.0743980407 , 14.91767
89.54 , 45.1830101013 , 14.92350
89.58 , 45.1830101013 , 14.92950
89.61 , 45.2916221618 , 14.93533
89.65 , 45.1830101013 , 14.94133
89.68 , 45.1830101013 , 14.94700
89.72 , 45.2916221618 , 14.95300
89.75 , 45.2916221618 , 14.95883
89.79 , 45.2916221618 , 14.96483
89.82 , 45.4002380371 , 14.97083
89.86 , 45.2916221618 , 14.97667
89.89 , 45.4002380371 , 14.98250
89.93 , 45.4002380371 , 14.98833
89.97 , 45.5088500976 , 14.99433
90.00 , 45.5088500976 , 15.00017
90.04 , 45.4002380371 , 15.00617
90.07 , 45.5088500976 , 15.01200
90.11 , 45.5088500976 , 15.01783
90.14 , 45.6174621582 , 15.02367
90.18 , 45.5088500976 , 15.02967
90.21 , 45.6174621582 , 15.03550
90.25 , 45.6174621582 , 15.04150
90.28 , 45.6174621582 , 15.04733
90.32 , 45.6174621582 , 15.05317
90.36 , 45.6174621582 , 15.05917
90.39 , 45.6174621582 , 15.06500
90.43 , 45.7260742187 , 15.07100
90.46 , 45.8346862792 , 15.07683
90.50 , 45.7260742187 , 15.08283
90.53 , 45.8346862792 , 15.08850
90.57 , 45.8346862792 , 15.09450
90.60 , 45.8346862792 , 15.10033
90.64 , 45.8346862792 , 15.10633
90.67 , 45.8346862792 , 15.11217
90.71 , 45.9433059692 , 15.11800
90.74 , 46.0519180297 , 15.12383
90.78 , 46.0519180297 , 15.12983
90.81 , 46.1605300903 , 15.13567
90.85 , 46.0519180297 , 15.14167
90.88 , 46.0519180297 , 15.14750
90.92 , 46.1605300903 , 15.15333
90.96 , 46.1605300903 , 15.15933
90.99 , 46.1605300903 , 15.16517
91.03 , 46.1605300903 , 15.17117
91.06 , 46.2691459655 , 15.17700
91.10 , 46.2691459655 , 15.18300
91.13 , 46.2691459655 , 15.18867
91.17 , 46.2691459655 , 15.19467
91.20 , 46.2691459655 , 15.20050
91.24 , 46.3777580261 , 15.20650
91.27 , 46.3777580261 , 15.21233
91.31 , 46.3777580261 , 15.21833
91.34 , 46.4863700866 , 15.22400
91.38 , 46.4863700866 , 15.23000
91.41 , 46.4863700866 , 15.23583
91.45 , 46.5949821472 , 15.24183
91.49 , 46.4863700866 , 15.24783
91.52 , 46.5949821472 , 15.25367
91.56 , 46.5949821472 , 15.25950
91.59 , 46.5949821472 , 15.26533
91.63 , 46.5949821472 , 15.27133
91.66 , 46.7035980224 , 15.27717
91.70 , 46.7035980224 , 15.28317
91.73 , 46.7035980224 , 15.28900
91.77 , 46.7035980224 , 15.29483
91.80 , 46.8122100830 , 15.30067
91.84 , 46.8122100830 , 15.30667
91.87 , 46.8122100830 , 15.31250
91.91 , 46.8122100830 , 15.31850
91.94 , 46.9208221435 , 15.32417
91.98 , 46.9208221435 , 15.33017
92.02 , 47.0294342041 , 15.33600
92.05 , 47.0294342041 , 15.34200
92.09 , 47.0294342041 , 15.34800
92.12 , 46.9208221435 , 15.35383
92.16 , 47.0294342041 , 15.35967
92.19 , 47.0294342041 , 15.36550
92.23 , 47.1380462646 , 15.37150
92.26 , 47.0294342041 , 15.37733
92.30 , 47.1380462646 , 15.38333
92.33 , 47.1380462646 , 15.38917
92.37 , 47.1380462646 , 15.39500
92.40 , 47.1380462646 , 15.40083
92.44 , 47.1380462646 , 15.40683
92.48 , 47.2466621398 , 15.41267
92.51 , 47.2466621398 , 15.41867
92.55 , 47.2466621398 , 15.42450
92.58 , 47.3552742004 , 15.43033
92.62 , 47.3552742004 , 15.43633
92.65 , 47.3552742004 , 15.44217
92.69 , 47.3552742004 , 15.44817
92.72 , 47.4638862609 , 15.45400
92.76 , 47.4638862609 , 15.46000
92.79 , 47.4638862609 , 15.46567
92.83 , 47.4638862609 , 15.47167
92.86 , 47.5724983215 , 15.47750
92.90 , 47.5724983215 , 15.48350
92.94 , 47.5724983215 , 15.48933
92.97 , 47.5724983215 , 15.49533
93.01 , 47.5724983215 , 15.50100
93.04 , 47.6811141967 , 15.50700
93.08 , 47.6811141967 , 15.51283
93.11 , 47.6811141967 , 15.51883
93.15 , 47.6811141967 , 15.52467
93.18 , 47.7897262573 , 15.53067
93.22 , 47.7897262573 , 15.53650
93.25 , 47.7897262573 , 15.54233
93.29 , 47.8983383178 , 15.54833
93.32 , 47.8983383178 , 15.55417
93.36 , 47.8983383178 , 15.56017
93.39 , 47.8983383178 , 15.56583
93.43 , 47.8983383178 , 15.57183
93.47 , 47.8983383178 , 15.57767
93.50 , 48.0069503784 , 15.58367
93.54 , 48.1155624389 , 15.58950
93.57 , 48.1155624389 , 15.59550
93.61 , 48.1155624389 , 15.60117
93.64 , 48.1155624389 , 15.60717
93.68 , 48.1155624389 , 15.61300
93.71 , 48.1155624389 , 15.61900
93.75 , 48.2241783142 , 15.62500
93.79 , 48.2241783142 , 15.63083
93.82 , 48.2241783142 , 15.63667
93.86 , 48.2241783142 , 15.64250
93.89 , 48.2241783142 , 15.64850
93.93 , 48.3327903747 , 15.65433
93.96 , 48.3327903747 , 15.66033
94.00 , 48.4414024353 , 15.66617
94.03 , 48.4414024353 , 15.67200
94.07 , 48.5500144958 , 15.67783
94.10 , 48.4414024353 , 15.68383
94.14 , 48.5500144958 , 15.68967
94.17 , 48.5500144958 , 15.69567
94.21 , 48.5500144958 , 15.70150
94.24 , 48.6586303710 , 15.70733
94.28 , 48.5500144958 , 15.71317
94.31 , 48.6586303710 , 15.71917
94.35 , 48.6586303710 , 15.72517
94.39 , 48.6586303710 , 15.73100
94.42 , 48.6586303710 , 15.73700
94.46 , 48.7672424316 , 15.74267
94.49 , 48.7672424316 , 15.74867
94.53 , 48.8758544921 , 15.75450
94.56 , 48.7672424316 , 15.76050
94.60 , 48.7672424316 , 15.76633
94.63 , 48.8758544921 , 15.77217
94.67 , 48.8758544921 , 15.77800
94.70 , 48.8758544921 , 15.78400
94.74 , 48.8758544921 , 15.78983
94.77 , 48.8758544921 , 15.79583
94.81 , 48.9844665527 , 15.80167
94.84 , 48.9844665527 , 15.80750
94.88 , 48.9844665527 , 15.81350
94.92 , 49.0930786132 , 15.81933
94.95 , 49.0930786132 , 15.82533
94.99 , 49.0930786132 , 15.83117
95.02 , 49.0930786132 , 15.83717
95.06 , 49.0930786132 , 15.84283
95.09 , 49.2016944885 , 15.84883
95.13 , 49.2016944885 , 15.85467
95.16 , 49.2016944885 , 15.86067
95.20 , 49.2016944885 , 15.86650
95.23 , 49.2016944885 , 15.87250
95.27 , 49.3103065490 , 15.87817
95.30 , 49.3103065490 , 15.88417
95.34 , 49.4189186096 , 15.89000
95.38 , 49.3103065490 , 15.89600
95.41 , 49.4189186096 , 15.90183
95.45 , 49.4189186096 , 15.90783
95.48 , 49.5275306701 , 15.91367
95.52 , 49.5275306701 , 15.91950
95.55 , 49.4189186096 , 15.92550
95.59 , 49.5275306701 , 15.93133
95.62 , 49.5275306701 , 15.93733
95.66 , 49.5275306701 , 15.94317
95.69 , 49.5275306701 , 15.94900
95.73 , 49.7447586059 , 15.95483
95.76 , 49.6361465454 , 15.96083
95.80 , 49.7447586059 , 15.96667
95.84 , 49.7447586059 , 15.97267
95.87 , 49.7447586059 , 15.97833
95.91 , 49.7447586059 , 15.98433
95.94 , 49.8533706665 , 15.99017
95.98 , 49.8533706665 , 15.99617
96.01 , 49.8533706665 , 16.00217
96.05 , 49.8533706665 , 16.00800
96.08 , 49.9619827270 , 16.01383
96.12 , 49.9619827270 , 16.01967
96.15 , 49.9619827270 , 16.02567
96.19 , 50.0705947875 , 16.03150
96.22 , 50.0705947875 , 16.03750
96.26 , 50.0705947875 , 16.04334
96.29 , 50.1792106628 , 16.04917
96.33 , 50.0705947875 , 16.05500
96.37 , 50.0705947875 , 16.06100
96.40 , 50.1792106628 , 16.06683
96.44 , 50.1792106628 , 16.07283
96.47 , 50.2878227233 , 16.07867
96.51 , 50.2878227233 , 16.08450
96.54 , 50.2878227233 , 16.09033
96.58 , 50.2878227233 , 16.09634
96.61 , 50.2878227233 , 16.10233
96.65 , 50.2878227233 , 16.10817
96.68 , 50.3964347839 , 16.11417
96.72 , 50.5050468444 , 16.11984
96.75 , 50.5050468444 , 16.12583
96.79 , 50.5050468444 , 16.13167
96.83 , 50.5050468444 , 16.13767
96.86 , 50.5050468444 , 16.14350
96.90 , 50.6136627197 , 16.14950
96.93 , 50.6136627197 , 16.15517
96.97 , 50.7222747802 , 16.16117
97.00 , 50.6136627197 , 16.16700
97.04 , 50.6136627197 , 16.17300
97.07 , 50.7222747802 , 16.17883
97.11 , 50.7222747802 , 16.18467
97.14 , 50.7222747802 , 16.19067
97.18 , 50.7222747802 , 16.19650
97.21 , 50.7222747802 , 16.20250
97.25 , 50.8308868408 , 16.20833
97.29 , 50.8308868408 , 16.21434
97.32 , 50.8308868408 , 16.22000
97.36 , 50.8308868408 , 16.22600
97.39 , 50.9394989013 , 16.23184
97.43 , 50.9394989013 , 16.23784
97.46 , 51.0481109619 , 16.24367
97.50 , 50.9394989013 , 16.24967
97.53 , 50.9394989013 , 16.25533
97.57 , 51.0481109619 , 16.26133
97.60 , 51.0481109619 , 16.26717
97.64 , 51.0481109619 , 16.27317
97.67 , 51.1567268371 , 16.27900
97.71 , 51.0481109619 , 16.28500
97.75 , 51.2653388977 , 16.29084
97.78 , 51.2653388977 , 16.29667
97.82 , 51.1567268371 , 16.30267
97.85 , 51.2653388977 , 16.30850
97.89 , 51.2653388977 , 16.31450
97.92 , 51.3739509582 , 16.32033
97.96 , 51.2653388977 , 16.32617
97.99 , 51.3739509582 , 16.33200
98.03 , 51.3739509582 , 16.33800
98.06 , 51.3739509582 , 16.34383
98.10 , 51.4825706481 , 16.34984
98.13 , 51.4825706481 , 16.35567
98.17 , 51.4825706481 , 16.36150
98.20 , 51.5911827087 , 16.36734
98.24 , 51.5911827087 , 16.37333
98.28 , 51.5911827087 , 16.37933
98.31 , 51.5911827087 , 16.38517
98.35 , 51.5911827087 , 16.39117
98.38 , 51.6997947692 , 16.39683
98.42 , 51.6997947692 , 16.40283
98.45 , 51.6997947692 , 16.40867
98.49 , 51.8084068298 , 16.41467
98.52 , 51.8084068298 , 16.42050
98.56 , 51.9170227050 , 16.42634
98.59 , 51.8084068298 , 16.43217
98.63 , 51.9170227050 , 16.43817
98.66 , 51.9170227050 , 16.44400
98.70 , 51.9170227050 , 16.45000
98.73 , 51.9170227050 , 16.45583
98.77 , 51.9170227050 , 16.46167
98.80 , 52.0256347656 , 16.46750
98.84 , 52.0256347656 , 16.47350
98.88 , 52.0256347656 , 16.47950
98.91 , 52.1342468261 , 16.48534
98.95 , 52.1342468261 , 16.49133
98.98 , 52.1342468261 , 16.49700
99.02 , 52.2428588867 , 16.50300
99.05 , 52.2428588867 , 16.50884
99.09 , 52.2428588867 , 16.51483
99.12 , 52.2428588867 , 16.52067
99.16 , 52.3514709472 , 16.52667
99.19 , 52.2428588867 , 16.53233
99.23 , 52.3514709472 , 16.53833
99.26 , 52.3514709472 , 16.54417
99.30 , 52.3514709472 , 16.55017
99.34 , 52.3514709472 , 16.55600
99.37 , 52.4600868225 , 16.56200
99.41 , 52.4600868225 , 16.56783
99.44 , 52.4600868225 , 16.57367
99.48 , 52.4600868225 , 16.57967
99.51 , 52.5686988830 , 16.58550
99.55 , 52.5686988830 , 16.59150
99.58 , 52.5686988830 , 16.59733
99.62 , 52.5686988830 , 16.60317
99.65 , 52.5686988830 , 16.60900
99.69 , 52.6773109436 , 16.61500
99.72 , 52.6773109436 , 16.62084
99.76 , 52.6773109436 , 16.62684
99.79 , 52.6773109436 , 16.63250
99.83 , 52.7859230041 , 16.63850
99.87 , 52.7859230041 , 16.64433
99.90 , 52.7859230041 , 16.65033
99.94 , 52.7859230041 , 16.65617
99.97 , 52.8945388793 , 16.66217
100.01 , 52.8945388793 , 16.66800
100.04 , 52.8945388793 , 16.67400
100.08 , 52.8945388793 , 16.68017
100.12 , 52.8945388793 , 16.68617
100.15 , 53.0031509399 , 16.69233
100.19 , 53.0031509399 , 16.69833
100.23 , 53.0031509399 , 16.70450
100.26 , 53.0031509399 , 16.71034
100.30 , 53.1117630004 , 16.71650
100.33 , 53.1117630004 , 16.72250
100.37 , 53.1117630004 , 16.72867
100.41 , 53.2203750610 , 16.73483
100.44 , 53.2203750610 , 16.74083
100.48 , 53.2203750610 , 16.74700
100.52 , 53.3289871215 , 16.75284
100.55 , 53.3289871215 , 16.75900
100.59 , 53.3289871215 , 16.76500
100.63 , 53.3289871215 , 16.77117
100.66 , 53.3289871215 , 16.77717
100.70 , 53.3289871215 , 16.78333
100.74 , 53.5462150573 , 16.78933
100.77 , 53.4376029968 , 16.79533
100.81 , 53.4376029968 , 16.80150
100.84 , 53.5462150573 , 16.80750
100.88 , 53.5462150573 , 16.81367
100.92 , 53.5462150573 , 16.81967
100.95 , 53.6548271179 , 16.82583
100.99 , 53.6548271179 , 16.83167
101.03 , 53.6548271179 , 16.83783
101.06 , 53.6548271179 , 16.84383
101.10 , 53.7634391784 , 16.85000
101.14 , 53.7634391784 , 16.85600
101.17 , 53.7634391784 , 16.86217
101.21 , 53.8720550537 , 16.86833
101.25 , 53.7634391784 , 16.87417
101.28 , 53.9806671142 , 16.88033
101.32 , 53.9806671142 , 16.88633
101.36 , 53.9806671142 , 16.89250
101.39 , 53.9806671142 , 16.89850
101.43 , 53.9806671142 , 16.90467
101.46 , 53.9806671142 , 16.91067
101.50 , 54.0892791748 , 16.91667
101.54 , 54.0892791748 , 16.92284
101.57 , 54.0892791748 , 16.92883
101.61 , 54.0892791748 , 16.93500
101.65 , 54.1978912353 , 16.94100
101.68 , 54.1978912353 , 16.94717
101.72 , 54.1978912353 , 16.95317
101.75 , 54.3065032958 , 16.95917
101.79 , 54.3065032958 , 16.96517
101.83 , 54.1978912353 , 16.97134
101.86 , 54.3065032958 , 16.97733
101.90 , 54.3065032958 , 16.98350
101.94 , 54.3065032958 , 16.98967
101.97 , 54.4151191711 , 16.99567
102.01 , 54.4151191711 , 17.00167
102.05 , 54.4151191711 , 17.00767
102.08 , 54.4151191711 , 17.01383
102.12 , 54.5237312316 , 17.01984
102.16 , 54.5237312316 , 17.02600
102.19 , 54.5237312316 , 17.03200
102.23 , 54.6323432922 , 17.03800
102.26 , 54.5237312316 , 17.04400
102.30 , 54.6323432922 , 17.05017
102.34 , 54.6323432922 , 17.05633
102.37 , 54.7409553527 , 17.06233
102.41 , 54.7409553527 , 17.06850
102.45 , 54.7409553527 , 17.07450
102.48 , 54.7409553527 , 17.08050
102.52 , 54.7409553527 , 17.08650
102.56 , 54.7409553527 , 17.09267
102.59 , 54.8495712280 , 17.09867
102.63 , 54.8495712280 , 17.10483
102.66 , 54.8495712280 , 17.11083
102.70 , 54.9581832885 , 17.11700
102.74 , 54.9581832885 , 17.12300
102.77 , 54.9581832885 , 17.12900
102.81 , 54.9581832885 , 17.13517
102.85 , 55.0667953491 , 17.14117
102.88 , 55.0667953491 , 17.14734
102.92 , 55.0667953491 , 17.15333
102.96 , 55.1754074096 , 17.15950
102.99 , 55.1754074096 , 17.16533
103.03 , 55.1754074096 , 17.17150
103.06 , 55.1754074096 , 17.17750
103.10 , 55.2840194702 , 17.18367
103.14 , 55.2840194702 , 17.18984
103.18 , 55.2840194702 , 17.19584
103.21 , 55.3926353454 , 17.20200
103.25 , 55.3926353454 , 17.20783
103.28 , 55.3926353454 , 17.21400
103.32 , 55.3926353454 , 17.22000
103.36 , 55.3926353454 , 17.22617
103.39 , 55.5012474060 , 17.23217
103.43 , 55.5012474060 , 17.23834
103.46 , 55.6098594665 , 17.24417
103.50 , 55.6098594665 , 17.25033
103.54 , 55.5012474060 , 17.25650
103.57 , 55.6098594665 , 17.26250
103.61 , 55.6098594665 , 17.26867
103.65 , 55.6098594665 , 17.27467
103.68 , 55.6098594665 , 17.28083
103.72 , 55.6098594665 , 17.28667
103.76 , 55.7184715270 , 17.29284
103.79 , 55.7184715270 , 17.29883
103.83 , 55.8270874023 , 17.30500
103.87 , 55.8270874023 , 17.31117
103.90 , 55.8270874023 , 17.31717
103.94 , 55.8270874023 , 17.32333
103.97 , 55.8270874023 , 17.32917
104.01 , 55.9356994628 , 17.33534
104.05 , 55.9356994628 , 17.34133
104.08 , 55.9356994628 , 17.34750
104.12 , 56.0443115234 , 17.35350
104.16 , 56.0443115234 , 17.35967
104.19 , 56.0443115234 , 17.36567
104.23 , 56.0443115234 , 17.37167
104.27 , 56.0443115234 , 17.37784
104.30 , 56.1529235839 , 17.38384
104.34 , 56.1529235839 , 17.39000
104.38 , 56.1529235839 , 17.39600
104.41 , 56.1529235839 , 17.40217
104.45 , 56.1529235839 , 17.40817
104.48 , 56.1529235839 , 17.41417
104.52 , 56.2615356445 , 17.42017
104.56 , 56.3701515197 , 17.42634
104.59 , 56.2615356445 , 17.43234
104.63 , 56.3701515197 , 17.43850
104.67 , 56.3701515197 , 17.44467
104.70 , 56.3701515197 , 17.45067
104.74 , 56.3701515197 , 17.45667
104.78 , 56.4787635803 , 17.46267
104.81 , 56.4787635803 , 17.46883
104.85 , 56.5873756408 , 17.47484
104.89 , 56.4787635803 , 17.48100
104.92 , 56.5873756408 , 17.48700
104.96 , 56.5873756408 , 17.49300
104.99 , 56.5873756408 , 17.49900
105.03 , 56.6959877014 , 17.50517
105.07 , 56.6959877014 , 17.51133
105.10 , 56.6959877014 , 17.51733
105.14 , 56.6959877014 , 17.52350
105.18 , 56.8046035766 , 17.52950
105.21 , 56.6959877014 , 17.53550
105.25 , 56.9132156372 , 17.54150
105.29 , 56.8046035766 , 17.54767
105.32 , 56.9132156372 , 17.55367
105.36 , 56.9132156372 , 17.55983
105.39 , 56.9132156372 , 17.56583
105.43 , 56.9132156372 , 17.57200
105.47 , 57.0218276977 , 17.57800
105.50 , 57.0218276977 , 17.58400
105.54 , 57.1304473876 , 17.59017
105.58 , 57.0218276977 , 17.59617
105.61 , 57.1304473876 , 17.60233
105.65 , 57.1304473876 , 17.60833
105.69 , 57.1304473876 , 17.61450
105.72 , 57.2390594482 , 17.62034
105.76 , 57.2390594482 , 17.62650
105.79 , 57.2390594482 , 17.63250
105.83 , 57.3476715087 , 17.63867
105.87 , 57.3476715087 , 17.64484
105.90 , 57.3476715087 , 17.65083
105.94 , 57.3476715087 , 17.65700
105.98 , 57.4562835693 , 17.66283
106.01 , 57.4562835693 , 17.66900
106.05 , 57.4562835693 , 17.67500
106.09 , 57.5648956298 , 17.68117
106.12 , 57.4562835693 , 17.68717
106.16 , 57.5648956298 , 17.69334
106.20 , 57.5648956298 , 17.69933
106.23 , 57.6735115051 , 17.70533
106.27 , 57.6735115051 , 17.71150
106.30 , 57.6735115051 , 17.71750
106.34 , 57.6735115051 , 17.72367
106.38 , 57.6735115051 , 17.72967
106.41 , 57.6735115051 , 17.73583
106.45 , 57.6735115051 , 17.74167
106.49 , 57.8907356262 , 17.74783
106.52 , 57.7821235656 , 17.75383
106.56 , 57.8907356262 , 17.76000
106.60 , 57.8907356262 , 17.76617
106.63 , 57.8907356262 , 17.77217
106.67 , 57.9993476867 , 17.77833
106.70 , 57.9993476867 , 17.78417
106.74 , 57.9993476867 , 17.79033
106.78 , 57.9993476867 , 17.79633
106.81 , 57.9993476867 , 17.80250
106.85 , 58.1079635620 , 17.80850
106.89 , 58.1079635620 , 17.81467
106.92 , 58.1079635620 , 17.82067
106.96 , 58.1079635620 , 17.82667
107.00 , 58.2165756225 , 17.83283
107.03 , 58.2165756225 , 17.83883
107.07 , 58.2165756225 , 17.84500
107.11 , 58.2165756225 , 17.85100
107.14 , 58.2165756225 , 17.85717
107.18 , 58.3251876831 , 17.86317
107.21 , 58.3251876831 , 17.86917
107.25 , 58.4337997436 , 17.87517
107.29 , 58.4337997436 , 17.88134
107.32 , 58.4337997436 , 17.88733
107.36 , 58.4337997436 , 17.89350
107.40 , 58.5424118041 , 17.89967
107.43 , 58.4337997436 , 17.90550
107.47 , 58.5424118041 , 17.91167
107.51 , 58.5424118041 , 17.91767
107.54 , 58.6510276794 , 17.92383
107.58 , 58.5424118041 , 17.92984
107.62 , 58.6510276794 , 17.93600
107.65 , 58.6510276794 , 17.94200
107.69 , 58.7596397399 , 17.94800
107.72 , 58.7596397399 , 17.95400
107.76 , 58.7596397399 , 17.96017
107.80 , 58.7596397399 , 17.96633
107.83 , 58.8682518005 , 17.97233
107.87 , 58.8682518005 , 17.97850
107.91 , 58.8682518005 , 17.98450
107.94 , 58.8682518005 , 17.99050
107.98 , 58.9768638610 , 17.99650
108.02 , 59.0854797363 , 18.00267
108.05 , 58.9768638610 , 18.00867
108.09 , 59.0854797363 , 18.01483
108.12 , 59.0854797363 , 18.02083
108.16 , 59.0854797363 , 18.02700
108.20 , 59.1940917968 , 18.03300
108.23 , 59.1940917968 , 18.03900
108.27 , 59.1940917968 , 18.04517
108.31 , 59.1940917968 , 18.05117
108.34 , 59.1940917968 , 18.05734
108.38 , 59.3027038574 , 18.06333
108.42 , 59.3027038574 , 18.06950
108.45 , 59.4113159179 , 18.07534
108.49 , 59.4113159179 , 18.08150
108.53 , 59.4113159179 , 18.08767
108.56 , 59.4113159179 , 18.09367
108.60 , 59.5199279785 , 18.09984
108.63 , 59.5199279785 , 18.10584
108.67 , 59.5199279785 , 18.11200
108.71 , 59.5199279785 , 18.11783
108.74 , 59.5199279785 , 18.12400
108.78 , 59.6285438537 , 18.13000
108.82 , 59.6285438537 , 18.13617
108.85 , 59.6285438537 , 18.14217
108.89 , 59.6285438537 , 18.14834
108.93 , 59.6285438537 , 18.15434
108.96 , 59.6285438537 , 18.16033
109.00 , 59.7371559143 , 18.16650
109.04 , 59.7371559143 , 18.17250
109.07 , 59.8457679748 , 18.17867
109.11 , 59.7371559143 , 18.18467
109.14 , 59.8457679748 , 18.19083
109.18 , 59.8457679748 , 18.19667
109.22 , 59.9543800354 , 18.20284
109.25 , 59.9543800354 , 18.20883
109.29 , 59.9543800354 , 18.21500
109.33 , 59.9543800354 , 18.22117
109.36 , 60.0629959106 , 18.22717
109.40 , 59.9543800354 , 18.23333
109.43 , 60.0629959106 , 18.23917
109.47 , 60.0629959106 , 18.24534
109.51 , 60.0629959106 , 18.25134
109.54 , 60.1716079711 , 18.25750
109.58 , 60.1716079711 , 18.26350
109.62 , 60.1716079711 , 18.26967
109.65 , 60.2802200317 , 18.27567
109.69 , 60.2802200317 , 18.28167
109.73 , 60.2802200317 , 18.28783
109.76 , 60.2802200317 , 18.29384
109.80 , 60.3888320922 , 18.30000
109.84 , 60.3888320922 , 18.30600
109.87 , 60.3888320922 , 18.31217
109.91 , 60.3888320922 , 18.31800
109.94 , 60.4974441528 , 18.32417
109.98 , 60.3888320922 , 18.33017
110.02 , 60.6060600280 , 18.33633
110.05 , 60.4974441528 , 18.34234
110.09 , 60.6060600280 , 18.34850
110.13 , 60.6060600280 , 18.35467
110.16 , 60.6060600280 , 18.36050
110.20 , 60.6060600280 , 18.36667
110.24 , 60.7146720886 , 18.37267
110.27 , 60.7146720886 , 18.37883
110.31 , 60.7146720886 , 18.38484
110.35 , 60.8232841491 , 18.39100
110.38 , 60.8232841491 , 18.39700
110.42 , 60.9318962097 , 18.40300
110.45 , 60.9318962097 , 18.40900
110.49 , 60.8232841491 , 18.41517
110.53 , 60.9318962097 , 18.42133
110.56 , 60.9318962097 , 18.42733
110.60 , 61.1491241455 , 18.43350
110.64 , 61.0405120849 , 18.43950
110.67 , 61.0405120849 , 18.44550
110.71 , 61.0405120849 , 18.45150
110.75 , 61.1491241455 , 18.45767
110.78 , 61.2577362060 , 18.46367
110.82 , 61.1491241455 , 18.46983
110.86 , 61.1491241455 , 18.47600
110.89 , 61.2577362060 , 18.48200
110.93 , 61.2577362060 , 18.48800
110.96 , 61.3663482666 , 18.49400
111.00 , 61.2577362060 , 18.50017
111.04 , 61.2577362060 , 18.50617
111.07 , 61.3663482666 , 18.51233
111.11 , 61.4749603271 , 18.51833
111.15 , 61.4749603271 , 18.52450
111.18 , 61.4749603271 , 18.53034
111.22 , 61.4749603271 , 18.53650
111.26 , 61.4749603271 , 18.54267
111.29 , 61.5835762023 , 18.54867
111.33 , 61.5835762023 , 18.55484
111.36 , 61.5835762023 , 18.56083
111.40 , 61.5835762023 , 18.56683
111.44 , 61.5835762023 , 18.57283
111.47 , 61.5835762023 , 18.57900
111.51 , 61.6921882629 , 18.58500
111.55 , 61.6921882629 , 18.59117
111.58 , 61.6921882629 , 18.59717
111.62 , 61.8008003234 , 18.60334
111.66 , 61.8008003234 , 18.60933
111.69 , 61.8008003234 , 18.61533
111.73 , 61.8008003234 , 18.62150
111.76 , 61.8008003234 , 18.62750
111.80 , 61.9094123840 , 18.63367
111.84 , 61.9094123840 , 18.63967
111.87 , 61.9094123840 , 18.64583
111.91 , 62.0180282592 , 18.65167
111.95 , 62.0180282592 , 18.65783
111.98 , 62.0180282592 , 18.66383
112.02 , 62.1266403198 , 18.67000
112.06 , 62.1266403198 , 18.67617
112.09 , 62.1266403198 , 18.68217
112.13 , 62.1266403198 , 18.68833
112.16 , 62.2352523803 , 18.69417
112.20 , 62.3438644409 , 18.70034
112.24 , 62.2352523803 , 18.70633
112.27 , 62.3438644409 , 18.71250
112.31 , 62.3438644409 , 18.71850
112.35 , 62.3438644409 , 18.72467
112.38 , 62.3438644409 , 18.73067
112.42 , 62.3438644409 , 18.73667
112.46 , 62.3438644409 , 18.74283
112.49 , 62.4524765014 , 18.74883
112.53 , 62.3438644409 , 18.75500
112.57 , 62.4524765014 , 18.76100
112.60 , 62.5610923767 , 18.76717
112.64 , 62.5610923767 , 18.77300
112.68 , 62.5610923767 , 18.77917
112.71 , 62.6697082519 , 18.78517
112.75 , 62.6697082519 , 18.79133
112.78 , 62.6697082519 , 18.79733
112.82 , 62.7783203125 , 18.80350
112.86 , 62.7783203125 , 18.80967
112.89 , 62.7783203125 , 18.81550
112.93 , 62.8869361877 , 18.82167
112.97 , 62.7783203125 , 18.82767
113.00 , 62.8869361877 , 18.83383
113.04 , 62.8869361877 , 18.83983
113.08 , 62.8869361877 , 18.84600
113.11 , 62.8869361877 , 18.85200
113.15 , 62.9955482482 , 18.85800
113.18 , 62.9955482482 , 18.86417
113.22 , 62.9955482482 , 18.87017
113.26 , 63.1041603088 , 18.87634
113.29 , 63.1041603088 , 18.88233
113.33 , 63.1041603088 , 18.88850
113.37 , 63.2127723693 , 18.89450
113.40 , 63.2127723693 , 18.90050
113.44 , 63.1041603088 , 18.90650
113.48 , 63.2127723693 , 18.91267
113.51 , 63.3213882446 , 18.91867
113.55 , 63.3213882446 , 18.92484
113.59 , 63.3213882446 , 18.93100
113.62 , 63.3213882446 , 18.93700
113.66 , 63.3213882446 , 18.94300
113.69 , 63.4300003051 , 18.94900
113.73 , 63.4300003051 , 18.95517
113.77 , 63.4300003051 , 18.96117
113.80 , 63.4300003051 , 18.96734
113.84 , 63.4300003051 , 18.97333
113.88 , 63.5386123657 , 18.97933
113.91 , 63.5386123657 , 18.98534
113.95 , 63.5386123657 , 18.99150
113.99 , 63.6472244262 , 18.99767
114.02 , 63.6472244262 , 19.00367
114.06 , 63.6472244262 , 19.00984
114.09 , 63.6472244262 , 19.01584
114.13 , 63.7558364868 , 19.02183
114.17 , 63.7558364868 , 19.02783
114.20 , 63.7558364868 , 19.03400
114.24 , 63.7558364868 , 19.04000
114.28 , 63.7558364868 , 19.04617
114.31 , 63.7558364868 , 19.05217
114.35 , 63.8644523620 , 19.05834
114.39 , 63.8644523620 , 19.06434
114.42 , 63.9730644226 , 19.07033
114.46 , 63.8644523620 , 19.07650
114.50 , 63.9730644226 , 19.08250
114.53 , 63.9730644226 , 19.08867
114.57 , 64.0816802978 , 19.09467
114.61 , 64.0816802978 , 19.10083
114.64 , 64.0816802978 , 19.10667
114.68 , 64.0816802978 , 19.11284
114.71 , 64.0816802978 , 19.11883
114.75 , 64.1902923583 , 19.12500
114.79 , 64.1902923583 , 19.13117
114.82 , 64.2989044189 , 19.13717
114.86 , 64.2989044189 , 19.14333
114.89 , 64.2989044189 , 19.14917
114.93 , 64.2989044189 , 19.15534
114.97 , 64.4075164794 , 19.16134
115.00 , 64.4075164794 , 19.16750
115.04 , 64.5161285400 , 19.17350
115.08 , 64.4075164794 , 19.17967
115.11 , 64.4075164794 , 19.18550
115.15 , 64.5161285400 , 19.19167
115.19 , 64.5161285400 , 19.19783
115.22 , 64.5161285400 , 19.20384
115.26 , 64.6247406005 , 19.21000
115.30 , 64.7333526611 , 19.21600
115.33 , 64.6247406005 , 19.22217
115.37 , 64.7333526611 , 19.22800
115.40 , 64.7333526611 , 19.23417
115.44 , 64.7333526611 , 19.24017
115.48 , 64.7333526611 , 19.24633
115.51 , 64.7333526611 , 19.25250
115.55 , 64.7333526611 , 19.25850
115.59 , 64.8419647216 , 19.26467
115.62 , 64.8419647216 , 19.27050
115.66 , 64.9505767822 , 19.27667
115.70 , 65.0591964721 , 19.28267
115.73 , 64.9505767822 , 19.28883
115.77 , 65.0591964721 , 19.29483
115.81 , 65.0591964721 , 19.30100
115.84 , 65.0591964721 , 19.30700
115.88 , 65.0591964721 , 19.31300
115.91 , 65.0591964721 , 19.31917
115.95 , 65.1678085327 , 19.32517
115.99 , 65.1678085327 , 19.33133
116.02 , 65.1678085327 , 19.33733
116.06 , 65.1678085327 , 19.34350
116.10 , 65.1678085327 , 19.34950
116.13 , 65.2764205932 , 19.35550
116.17 , 65.2764205932 , 19.36150
116.21 , 65.2764205932 , 19.36767
116.24 , 65.2764205932 , 19.37367
116.28 , 65.3850326538 , 19.37983
116.32 , 65.3850326538 , 19.38600
116.35 , 65.4936447143 , 19.39200
116.39 , 65.4936447143 , 19.39800
116.42 , 65.4936447143 , 19.40400
116.46 , 65.4936447143 , 19.41017
116.50 , 65.4936447143 , 19.41617
116.53 , 65.6022567749 , 19.42233
116.57 , 65.6022567749 , 19.42833
116.61 , 65.6022567749 , 19.43433
116.64 , 65.7108688354 , 19.44034
116.68 , 65.7108688354 , 19.44650
116.72 , 65.7108688354 , 19.45267
116.75 , 65.7108688354 , 19.45867
116.79 , 65.8194808959 , 19.46483
116.82 , 65.8194808959 , 19.47083
116.86 , 65.8194808959 , 19.47683
116.90 , 65.9280929565 , 19.48283
116.93 , 65.9280929565 , 19.48900
116.97 , 65.9280929565 , 19.49500
117.01 , 65.9280929565 , 19.50117
117.04 , 66.0367126464 , 19.50717
117.08 , 66.0367126464 , 19.51333
117.12 , 66.1453247070 , 19.51933
117.15 , 66.0367126464 , 19.52533
117.19 , 66.0367126464 , 19.53150
117.22 , 66.1453247070 , 19.53750
117.26 , 66.1453247070 , 19.54367
117.30 , 66.1453247070 , 19.54967
117.33 , 66.2539367675 , 19.55583
117.37 , 66.2539367675 , 19.56167
117.41 , 66.2539367675 , 19.56783
117.44 , 66.3625488281 , 19.57383
117.48 , 66.3625488281 , 19.58000
117.52 , 66.3625488281 , 19.58617
117.55 , 66.4711608886 , 19.59217
117.59 , 66.3625488281 , 19.59833
117.62 , 66.4711608886 , 19.60417
117.66 , 66.4711608886 , 19.61034
117.70 , 66.5797729492 , 19.61633
117.73 , 66.5797729492 , 19.62250
117.77 , 66.5797729492 , 19.62850
117.81 , 66.5797729492 , 19.63467
117.84 , 66.5797729492 , 19.64067
117.88 , 66.6883850097 , 19.64667
117.92 , 66.6883850097 , 19.65283
117.95 , 66.6883850097 , 19.65884
117.99 , 66.6883850097 , 19.66500
118.03 , 66.7969970703 , 19.67100
118.06 , 66.9056091308 , 19.67717
118.10 , 66.9056091308 , 19.68300
118.13 , 66.9056091308 , 19.68917
118.17 , 66.9056091308 , 19.69517
118.21 , 67.0142288208 , 19.70133
118.25 , 66.9056091308 , 19.70750
118.28 , 66.9056091308 , 19.71350
118.32 , 67.0142288208 , 19.71967
118.35 , 67.0142288208 , 19.72550
118.39 , 67.1228408813 , 19.73167
118.43 , 67.1228408813 , 19.73767
118.46 , 67.2314529418 , 19.74383
118.50 , 67.2314529418 , 19.74983
118.54 , 67.1228408813 , 19.75600
118.57 , 67.2314529418 , 19.76200
118.61 , 67.2314529418 , 19.76800
118.64 , 67.2314529418 , 19.77417
118.68 , 67.2314529418 , 19.78017
118.72 , 67.3400650024 , 19.78634
118.75 , 67.3400650024 , 19.79233
118.79 , 67.3400650024 , 19.79850
118.83 , 67.3400650024 , 19.80450
118.86 , 67.4486770629 , 19.81050
118.90 , 67.4486770629 , 19.81650
118.94 , 67.4486770629 , 19.82267
118.97 , 67.4486770629 , 19.82867
119.01 , 67.5572891235 , 19.83484
119.05 , 67.5572891235 , 19.84100
119.08 , 67.5572891235 , 19.84683
119.12 , 67.5572891235 , 19.85300
119.15 , 67.6659011840 , 19.85900
119.19 , 67.7745132446 , 19.86517
119.23 , 67.7745132446 , 19.87117
119.26 , 67.6659011840 , 19.87734
119.30 , 67.7745132446 , 19.88334
119.34 , 67.8831253051 , 19.88933
119.37 , 67.7745132446 , 19.89533
119.41 , 67.8831253051 , 19.90150
119.45 , 67.8831253051 , 19.90767
119.48 , 67.9917449951 , 19.91367
119.52 , 67.8831253051 , 19.91983
119.55 , 67.9917449951 , 19.92584
119.59 , 68.1003570556 , 19.93184
119.63 , 67.9917449951 , 19.93783
119.66 , 68.1003570556 , 19.94400
119.70 , 68.1003570556 , 19.95000
119.74 , 68.1003570556 , 19.95617
119.77 , 68.2089691162 , 19.96217
119.81 , 68.2089691162 , 19.96833
119.85 , 68.2089691162 , 19.97434
119.88 , 68.2089691162 , 19.98034
119.92 , 68.2089691162 , 19.98650
119.95 , 68.3175888061 , 19.99250
119.99 , 68.3175888061 , 19.99867
120.03 , 68.3175888061 , 20.00467
120.06 , 68.3175888061 , 20.01083
120.10 , 68.4262008666 , 20.01667
120.14 , 68.4262008666 , 20.02284
120.17 , 68.4262008666 , 20.02900
120.21 , 68.4262008666 , 20.03500
120.25 , 68.5348129272 , 20.04117
120.28 , 68.6434249877 , 20.04717
120.32 , 68.5348129272 , 20.05333
120.36 , 68.6434249877 , 20.05917
120.39 , 68.6434249877 , 20.06534
120.43 , 68.6434249877 , 20.07134
120.46 , 68.7520370483 , 20.07750
120.50 , 68.6434249877 , 20.08350
120.54 , 68.7520370483 , 20.08967
120.57 , 68.7520370483 , 20.09567
120.61 , 68.8606491088 , 20.10167
120.65 , 68.8606491088 , 20.10783
120.68 , 68.8606491088 , 20.11384
120.72 , 68.8606491088 , 20.12000
120.76 , 68.9692611694 , 20.12600
120.79 , 68.8606491088 , 20.13217
120.83 , 68.9692611694 , 20.13800
120.86 , 69.0778732299 , 20.14417
120.90 , 68.9692611694 , 20.15017
120.94 , 69.0778732299 , 20.15633
120.97 , 69.0778732299 , 20.16250
121.01 , 69.0778732299 , 20.16850
121.05 , 69.0778732299 , 20.17467
121.08 , 69.1864852905 , 20.18050
121.12 , 69.1864852905 , 20.18667
121.16 , 69.1864852905 , 20.19267
121.19 , 69.2951049804 , 20.19883
121.23 , 69.2951049804 , 20.20483
121.27 , 69.2951049804 , 20.21100
121.30 , 69.4037170410 , 20.21700
121.34 , 69.4037170410 , 20.22300
121.37 , 69.5123291015 , 20.22917
121.41 , 69.4037170410 , 20.23517
121.45 , 69.4037170410 , 20.24133
121.48 , 69.5123291015 , 20.24733
121.52 , 69.5123291015 , 20.25350
121.56 , 69.5123291015 , 20.25934
121.59 , 69.6209411621 , 20.26550
121.63 , 69.5123291015 , 20.27150
121.67 , 69.6209411621 , 20.27767
121.70 , 69.5123291015 , 20.28367
121.74 , 69.7295532226 , 20.28983
121.78 , 69.7295532226 , 20.29600
121.81 , 69.7295532226 , 20.30183
121.85 , 69.7295532226 , 20.30800
121.88 , 69.8381652832 , 20.31400
121.92 , 69.7295532226 , 20.32017
121.96 , 69.8381652832 , 20.32617
121.99 , 69.8381652832 , 20.33234
122.03 , 69.9467773437 , 20.33833
122.07 , 69.9467773437 , 20.34433
122.10 , 70.0553894042 , 20.35033
122.14 , 70.0553894042 , 20.35650
122.18 , 70.1640014648 , 20.36267
122.21 , 70.0553894042 , 20.36867
122.25 , 70.1640014648 , 20.37483
122.29 , 70.0553894042 , 20.38084
122.32 , 70.1640014648 , 20.38683
122.36 , 70.2726211547 , 20.39283
122.39 , 70.2726211547 , 20.39900
122.43 , 70.2726211547 , 20.40500
122.47 , 70.2726211547 , 20.41117
122.50 , 70.3812332153 , 20.41733
122.54 , 70.2726211547 , 20.42333
122.58 , 70.3812332153 , 20.42933
122.61 , 70.3812332153 , 20.43533
122.65 , 70.4898452758 , 20.44150
122.68 , 70.4898452758 , 20.44750
122.72 , 70.4898452758 , 20.45367
122.76 , 70.5984573364 , 20.45967
122.79 , 70.5984573364 , 20.46583
122.83 , 70.5984573364 , 20.47167
122.87 , 70.5984573364 , 20.47783
122.90 , 70.5984573364 , 20.48400
122.94 , 70.5984573364 , 20.49000
122.98 , 70.7070693969 , 20.49617
123.01 , 70.7070693969 , 20.50217
123.05 , 70.7070693969 , 20.50817
123.08 , 70.8156814575 , 20.51417
123.12 , 70.8156814575 , 20.52033
123.16 , 70.9242935180 , 20.52633
123.19 , 70.9242935180 , 20.53250
123.23 , 70.9242935180 , 20.53850
123.27 , 70.9242935180 , 20.54467
123.30 , 70.9242935180 , 20.55067
123.34 , 71.0329055786 , 20.55667
123.38 , 71.0329055786 , 20.56283
123.41 , 71.0329055786 , 20.56884
123.45 , 71.0329055786 , 20.57500
123.49 , 71.1415176391 , 20.58100
123.52 , 71.1415176391 , 20.58717
123.56 , 71.1415176391 , 20.59300
123.59 , 71.1415176391 , 20.59917
123.63 , 71.1415176391 , 20.60517
123.67 , 71.1415176391 , 20.61133
123.70 , 71.2501373291 , 20.61750
123.74 , 71.2501373291 , 20.62350
123.78 , 71.3587493896 , 20.62967
123.81 , 71.3587493896 , 20.63550
123.85 , 71.3587493896 , 20.64167
123.89 , 71.3587493896 , 20.64767
123.92 , 71.3587493896 , 20.65383
123.96 , 71.4673614501 , 20.65983
124.00 , 71.4673614501 , 20.66600
124.03 , 71.4673614501 , 20.67200
124.07 , 71.5759735107 , 20.67800
124.11 , 71.5759735107 , 20.68417
124.14 , 71.6845855712 , 20.69017
124.18 , 71.6845855712 , 20.69634
124.21 , 71.6845855712 , 20.70233
124.25 , 71.6845855712 , 20.70850
124.29 , 71.6845855712 , 20.71434
124.32 , 71.6845855712 , 20.72050
124.36 , 71.7931976318 , 20.72650
124.40 , 71.7931976318 , 20.73267
124.43 , 71.9018096923 , 20.73867
124.47 , 71.9018096923 , 20.74484
124.51 , 71.9018096923 , 20.75100
124.54 , 72.0104217529 , 20.75683
124.58 , 71.9018096923 , 20.76300
124.61 , 72.0104217529 , 20.76900
124.65 , 72.0104217529 , 20.77517
124.69 , 72.0104217529 , 20.78117
124.72 , 72.1190338134 , 20.78734
124.76 , 72.1190338134 , 20.79334
124.80 , 72.2276535034 , 20.79933
124.83 , 72.1190338134 , 20.80550
124.87 , 72.1190338134 , 20.81150
124.91 , 72.2276535034 , 20.81767
124.94 , 72.2276535034 , 20.82367
124.98 , 72.3362655639 , 20.82983
125.01 , 72.4448776245 , 20.83584
125.05 , 72.3362655639 , 20.84184
125.09 , 72.4448776245 , 20.84783
125.12 , 72.4448776245 , 20.85400
125.16 , 72.4448776245 , 20.86000
125.20 , 72.4448776245 , 20.86617
125.23 , 72.5534896850 , 20.87233
125.27 , 72.5534896850 , 20.87833
125.31 , 72.5534896850 , 20.88434
125.34 , 72.6621017456 , 20.89034
125.38 , 72.5534896850 , 20.89650
125.41 , 72.6621017456 , 20.90250
125.45 , 72.6621017456 , 20.90867
125.49 , 72.6621017456 , 20.91467
125.52 , 72.7707138061 , 20.92067
125.56 , 72.7707138061 , 20.92667
125.60 , 72.7707138061 , 20.93284
125.63 , 72.8793258666 , 20.93900
125.67 , 72.8793258666 , 20.94500
125.71 , 72.8793258666 , 20.95117
125.74 , 72.8793258666 , 20.95717
125.78 , 72.9879379272 , 20.96317
125.81 , 72.9879379272 , 20.96917
125.85 , 72.9879379272 , 20.97533
125.89 , 72.9879379272 , 20.98134
125.93 , 73.0965499877 , 20.98750
125.96 , 73.0965499877 , 20.99350
126.00 , 73.0965499877 , 20.99967
126.03 , 73.0965499877 , 21.00567
126.07 , 73.2051696777 , 21.01167
126.11 , 73.2051696777 , 21.01783
126.14 , 73.2051696777 , 21.02383
126.18 , 73.2051696777 , 21.03000
126.22 , 73.2051696777 , 21.03600
126.25 , 73.3137817382 , 21.04217
126.29 , 73.3137817382 , 21.04800
126.32 , 73.3137817382 , 21.05417
126.36 , 73.4223937988 , 21.06017
126.40 , 73.4223937988 , 21.06633
126.43 , 73.4223937988 , 21.07250
126.47 , 73.5310058593 , 21.07850
126.51 , 73.5310058593 , 21.08467
126.54 , 73.5310058593 , 21.09050
126.58 , 73.5310058593 , 21.09667
126.62 , 73.5310058593 , 21.10267
126.65 , 73.6396179199 , 21.10883
126.69 , 73.6396179199 , 21.11483
126.73 , 73.6396179199 , 21.12100
126.76 , 73.7482376098 , 21.12684
126.80 , 73.7482376098 , 21.13300
126.83 , 73.8568496704 , 21.13917
126.87 , 73.7482376098 , 21.14517
126.91 , 73.8568496704 , 21.15133
126.94 , 73.8568496704 , 21.15733
126.98 , 73.9654617309 , 21.16350
127.02 , 73.8568496704 , 21.16934
127.05 , 74.0740737915 , 21.17550
127.09 , 73.9654617309 , 21.18150
127.13 , 73.9654617309 , 21.18767
127.16 , 74.0740737915 , 21.19384
127.20 , 74.0740737915 , 21.19983
127.24 , 74.1826858520 , 21.20600
127.27 , 74.1826858520 , 21.21183
127.31 , 74.1826858520 , 21.21800
127.34 , 74.1826858520 , 21.22400
127.38 , 74.2912979125 , 21.23017
127.42 , 74.2912979125 , 21.23617
127.45 , 74.2912979125 , 21.24234
127.49 , 74.3999099731 , 21.24833
127.53 , 74.3999099731 , 21.25433
127.56 , 74.3999099731 , 21.26050
127.60 , 74.5085296630 , 21.26650
127.64 , 74.5085296630 , 21.27267
127.67 , 74.3999099731 , 21.27867
127.71 , 74.5085296630 , 21.28483
127.75 , 74.5085296630 , 21.29084
127.78 , 74.5085296630 , 21.29683
127.82 , 74.5085296630 , 21.30283
127.85 , 74.6171417236 , 21.30900
127.89 , 74.6171417236 , 21.31500
127.93 , 74.6171417236 , 21.32117
127.96 , 74.7257537841 , 21.32733
128.00 , 74.7257537841 , 21.33333
128.04 , 74.7257537841 , 21.33933
128.07 , 74.8343658447 , 21.34534
128.11 , 74.8343658447 , 21.35150
128.15 , 74.8343658447 , 21.35750
128.18 , 74.8343658447 , 21.36367
128.22 , 74.9429779052 , 21.36967
128.25 , 74.9429779052 , 21.37567
128.29 , 74.9429779052 , 21.38167
128.33 , 74.9429779052 , 21.38783
128.36 , 75.0515899658 , 21.39400
128.40 , 75.0515899658 , 21.40000
128.44 , 75.0515899658 , 21.40617
128.47 , 75.0515899658 , 21.41217
128.51 , 75.0515899658 , 21.41817
128.55 , 75.0515899658 , 21.42417
128.58 , 75.1602020263 , 21.43033
128.62 , 75.1602020263 , 21.43633
128.66 , 75.2688140869 , 21.44250
128.69 , 75.2688140869 , 21.44850
128.73 , 75.2688140869 , 21.45467
128.76 , 75.2688140869 , 21.46067
128.80 , 75.3774261474 , 21.46667
128.84 , 75.3774261474 , 21.47284
128.87 , 75.3774261474 , 21.47883
128.91 , 75.4860458374 , 21.48500
128.95 , 75.4860458374 , 21.49100
128.98 , 75.3774261474 , 21.49717
129.02 , 75.4860458374 , 21.50300
129.05 , 75.4860458374 , 21.50917
129.09 , 75.5946578979 , 21.51517
129.13 , 75.5946578979 , 21.52134
129.16 , 75.5946578979 , 21.52750
129.20 , 75.7032699584 , 21.53350
129.24 , 75.7032699584 , 21.53967
129.27 , 75.7032699584 , 21.54550
129.31 , 75.7032699584 , 21.55167
129.35 , 75.7032699584 , 21.55767
129.38 , 75.8118820190 , 21.56383
129.42 , 75.9204940795 , 21.56984
129.46 , 75.9204940795 , 21.57600
129.49 , 75.9204940795 , 21.58200
129.53 , 75.9204940795 , 21.58800
129.57 , 76.0291061401 , 21.59417
129.60 , 76.0291061401 , 21.60017
129.64 , 76.0291061401 , 21.60634
129.67 , 76.0291061401 , 21.61233
129.71 , 76.1377182006 , 21.61850
129.75 , 76.1377182006 , 21.62434
129.78 , 76.1377182006 , 21.63050
129.82 , 76.2463302612 , 21.63650
129.86 , 76.1377182006 , 21.64267
129.89 , 76.2463302612 , 21.64883
129.93 , 76.2463302612 , 21.65484
129.97 , 76.3549423217 , 21.66100
130.00 , 76.3549423217 , 21.66684
130.04 , 76.4635620117 , 21.67300
130.07 , 76.4635620117 , 21.67900
130.11 , 76.3549423217 , 21.68517
130.15 , 76.4635620117 , 21.69117
130.18 , 76.3549423217 , 21.69734
130.22 , 76.4635620117 , 21.70334
130.26 , 76.4635620117 , 21.70933
130.29 , 76.5721740722 , 21.71550
130.33 , 76.5721740722 , 21.72150
130.37 , 76.5721740722 , 21.72767
130.40 , 76.6807861328 , 21.73367
130.44 , 76.6807861328 , 21.73983
130.48 , 76.6807861328 , 21.74584
130.51 , 76.7893981933 , 21.75184
130.55 , 76.6807861328 , 21.75783
130.58 , 76.6807861328 , 21.76400
130.62 , 76.7893981933 , 21.77000
130.66 , 76.7893981933 , 21.77617
130.69 , 76.8980102539 , 21.78233
130.73 , 76.8980102539 , 21.78817
130.77 , 77.0066223144 , 21.79434
130.80 , 76.8980102539 , 21.80034
130.84 , 77.0066223144 , 21.80650
130.88 , 77.0066223144 , 21.81250
130.91 , 77.0066223144 , 21.81867
130.95 , 77.1152343750 , 21.82467
130.98 , 77.1152343750 , 21.83067
131.02 , 77.1152343750 , 21.83667
131.06 , 77.1152343750 , 21.84284
131.09 , 77.2238464355 , 21.84900
131.13 , 77.1152343750 , 21.85500
131.17 , 77.2238464355 , 21.86117
131.20 , 77.2238464355 , 21.86717
131.24 , 77.3324584960 , 21.87317
131.27 , 77.3324584960 , 21.87917
131.31 , 77.3324584960 , 21.88533
131.35 , 77.3324584960 , 21.89134
131.38 , 77.3324584960 , 21.89750
131.42 , 77.4410781860 , 21.90350
131.46 , 77.4410781860 , 21.90967
131.49 , 77.5496902465 , 21.91567
131.53 , 77.5496902465 , 21.92167
131.57 , 77.5496902465 , 21.92783
131.60 , 77.6583023071 , 21.93383
131.64 , 77.6583023071 , 21.94000
131.68 , 77.6583023071 , 21.94600
131.71 , 77.7669143676 , 21.95217
131.75 , 77.7669143676 , 21.95800
131.79 , 77.7669143676 , 21.96417
131.82 , 77.7669143676 , 21.97034
131.86 , 77.7669143676 , 21.97633
131.90 , 77.8755264282 , 21.98250
131.93 , 77.8755264282 , 21.98850
131.97 , 77.8755264282 , 21.99467
132.00 , 77.9841384887 , 22.00050
132.04 , 77.9841384887 , 22.00667
132.08 , 78.0927505493 , 22.01267
132.11 , 77.9841384887 , 22.01884
132.15 , 78.0927505493 , 22.02483
132.19 , 78.0927505493 , 22.03100
132.22 , 78.0927505493 , 22.03700
132.26 , 78.0927505493 , 22.04300
132.30 , 78.2013626098 , 22.04917
132.33 , 78.3099746704 , 22.05517
132.37 , 78.2013626098 , 22.06133
132.40 , 78.3099746704 , 22.06734
132.44 , 78.3099746704 , 22.07350
132.48 , 78.4185943603 , 22.07933
132.51 , 78.4185943603 , 22.08550
132.55 , 78.4185943603 , 22.09150
132.59 , 78.4185943603 , 22.09767
132.62 , 78.5272064208 , 22.10383
132.66 , 78.5272064208 , 22.10983
132.70 , 78.5272064208 , 22.11600
132.73 , 78.4185943603 , 22.12183
132.77 , 78.5272064208 , 22.12800
132.80 , 78.4185943603 , 22.13400
132.84 , 78.4185943603 , 22.14017
132.88 , 78.4185943603 , 22.14617
132.91 , 78.4185943603 , 22.15233
132.95 , 78.4185943603 , 22.15833
132.99 , 78.4185943603 , 22.16433
133.02 , 78.4185943603 , 22.17050
133.06 , 78.4185943603 , 22.17650