3.03 , 0.0000000000 , 0.50433
3.06 , 0.0000000000 , 0.50967
3.09 , 0.1086129074 , 0.51500
3.12 , 0.1086129074 , 0.52050
3.15 , 0.1086129074 , 0.52567
3.19 , 0.0000000000 , 0.53117
3.22 , 0.0000000000 , 0.53650
3.25 , 0.1086129074 , 0.54200
3.28 , 0.0000000000 , 0.54717
3.32 , 0.1086129074 , 0.55267
3.35 , 0.0000000000 , 0.55800
3.38 , 0.0000000000 , 0.56350
3.41 , 0.1086129074 , 0.56867
3.45 , 0.0000000000 , 0.57417
3.48 , 0.1086129074 , 0.57950
3.51 , 0.1086129074 , 0.58500
3.54 , 0.1086129074 , 0.59033
3.57 , 0.1086129074 , 0.59567
3.61 , 0.1086129074 , 0.60100
3.64 , 0.1086129074 , 0.60650
3.67 , 0.1086129074 , 0.61183
3.70 , 0.1086129074 , 0.61717
3.74 , 0.1086129074 , 0.62250
3.77 , 0.1086129074 , 0.62800
3.80 , 0.2172258138 , 0.63333
3.83 , 0.1086129074 , 0.63867
3.86 , 0.2172258138 , 0.64400
3.90 , 0.2172258138 , 0.64950
3.93 , 0.1086129074 , 0.65483
3.96 , 0.2172258138 , 0.66017
3.99 , 0.2172258138 , 0.66550
4.03 , 0.2172258138 , 0.67100
4.06 , 0.2172258138 , 0.67633
4.09 , 0.3258387088 , 0.68150
4.12 , 0.2172258138 , 0.68700
4.15 , 0.2172258138 , 0.69233
4.19 , 0.2172258138 , 0.69783
4.22 , 0.3258387088 , 0.70300
4.25 , 0.2172258138 , 0.70850
4.28 , 0.2172258138 , 0.71383
4.32 , 0.3258387088 , 0.71933
4.35 , 0.3258387088 , 0.72450
4.38 , 0.3258387088 , 0.73000
4.41 , 0.3258387088 , 0.73533
4.45 , 0.3258387088 , 0.74083
4.48 , 0.3258387088 , 0.74600
4.51 , 0.3258387088 , 0.75150
4.54 , 0.5430645465 , 0.75683
4.57 , 0.5430645465 , 0.76233
4.61 , 0.5430645465 , 0.76750
4.64 , 0.4344516277 , 0.77300
4.67 , 0.4344516277 , 0.77833
4.70 , 0.4344516277 , 0.78383
4.73 , 0.5430645465 , 0.78900
4.77 , 0.5430645465 , 0.79450
4.80 , 0.5430645465 , 0.79983
4.83 , 0.5430645465 , 0.80533
4.86 , 0.5430645465 , 0.81067
4.90 , 0.5430645465 , 0.81600
4.93 , 0.6516774177 , 0.82133
4.96 , 0.6516774177 , 0.82683
4.99 , 0.6516774177 , 0.83217
5.03 , 0.6516774177 , 0.83750
5.06 , 0.6516774177 , 0.84283
5.09 , 0.6516774177 , 0.84833
5.12 , 0.6516774177 , 0.85367
5.15 , 0.7602903366 , 0.85883
5.19 , 0.7602903366 , 0.86433
5.22 , 0.7602903366 , 0.86967
5.25 , 0.7602903366 , 0.87517
5.28 , 0.7602903366 , 0.88033
5.32 , 0.7602903366 , 0.88583
5.35 , 0.7602903366 , 0.89117
5.38 , 0.8689032554 , 0.89667
5.41 , 0.7602903366 , 0.90183
5.44 , 0.8689032554 , 0.90733
5.48 , 0.8689032554 , 0.91267
5.51 , 0.8689032554 , 0.91817
5.54 , 0.9775160789 , 0.92333
5.57 , 0.8689032554 , 0.92883
5.61 , 0.8689032554 , 0.93417
5.64 , 0.9775160789 , 0.93967
5.67 , 0.9775160789 , 0.94483
5.70 , 0.9775160789 , 0.95033
5.73 , 0.9775160789 , 0.95567
5.77 , 1.0861290740 , 0.96117
5.80 , 1.0861290740 , 0.96633
5.83 , 1.0861290740 , 0.97183
5.86 , 0.9775160789 , 0.97717
5.90 , 1.1947419643 , 0.98267
5.93 , 1.0861290740 , 0.98783
5.96 , 1.0861290740 , 0.99333
5.99 , 1.0861290740 , 0.99867
6.03 , 1.0861290740 , 1.00417
6.06 , 1.0861290740 , 1.00933
6.09 , 1.0861290740 , 1.01483
6.12 , 1.0861290740 , 1.02017
6.15 , 1.1947419643 , 1.02550
6.19 , 1.1947419643 , 1.03083
6.22 , 1.1947419643 , 1.03617
6.25 , 1.3033561706 , 1.04167
6.28 , 1.1947419643 , 1.04700
6.32 , 1.3033561706 , 1.05250
6.35 , 1.3033561706 , 1.05767
6.38 , 1.3033561706 , 1.06317
6.41 , 1.1947419643 , 1.06850
6.44 , 1.3033561706 , 1.07400
6.48 , 1.3033561706 , 1.07917
6.51 , 1.4119690895 , 1.08467
6.54 , 1.4119690895 , 1.09000
6.57 , 1.4119690895 , 1.09550
6.60 , 1.4119690895 , 1.10067
6.64 , 1.4119690895 , 1.10617
6.67 , 1.4119690895 , 1.11150
6.70 , 1.5205819606 , 1.11700
6.73 , 1.4119690895 , 1.12217
6.77 , 1.4119690895 , 1.12767
6.80 , 1.4119690895 , 1.13300
6.83 , 1.4119690895 , 1.13850
6.86 , 1.5205819606 , 1.14367
6.90 , 1.5205819606 , 1.14917
6.93 , 1.5205819606 , 1.15450
6.96 , 1.5205819606 , 1.16000
6.99 , 1.5205819606 , 1.16517
7.02 , 1.6291948318 , 1.17067
7.06 , 1.6291948318 , 1.17600
7.09 , 1.6291948318 , 1.18150
7.12 , 1.6291948318 , 1.18667
7.15 , 1.6291948318 , 1.19217
7.19 , 1.7378077507 , 1.19750
7.22 , 1.7378077507 , 1.20283
7.25 , 1.6291948318 , 1.20817
7.28 , 1.6291948318 , 1.21350
7.31 , 1.7378077507 , 1.21900
7.35 , 1.7378077507 , 1.22433
7.38 , 1.7378077507 , 1.22967
7.41 , 1.8464206695 , 1.23500
7.44 , 1.8464206695 , 1.24050
7.48 , 1.7378077507 , 1.24583
7.51 , 1.8464206695 , 1.25117
7.54 , 1.8464206695 , 1.25650
7.57 , 1.8464206695 , 1.26200
7.60 , 1.8464206695 , 1.26733
7.64 , 1.9550334930 , 1.27267
7.67 , 1.9550334930 , 1.27800
7.70 , 1.9550334930 , 1.28350
7.73 , 1.8464206695 , 1.28883
7.77 , 1.9550334930 , 1.29433
7.80 , 1.8464206695 , 1.29950
7.83 , 2.0636465549 , 1.30500
7.86 , 2.0636465549 , 1.31033
7.90 , 1.9550334930 , 1.31583
7.93 , 1.9550334930 , 1.32100
7.96 , 2.0636465549 , 1.32650
7.99 , 1.9550334930 , 1.33183
8.02 , 2.0636465549 , 1.33733
8.06 , 2.0636465549 , 1.34250
8.09 , 2.0636465549 , 1.34800
8.12 , 2.1722593307 , 1.35333
8.15 , 2.0636465549 , 1.35883
8.18 , 2.1722593307 , 1.36400
8.22 , 2.1722593307 , 1.36933
8.25 , 2.1722593307 , 1.37483
8.28 , 2.2808723449 , 1.38017
8.31 , 2.2808723449 , 1.38550
8.35 , 2.1722593307 , 1.39083
8.38 , 2.2808723449 , 1.39633
8.41 , 2.2808723449 , 1.40167
8.44 , 2.2808723449 , 1.40700
8.47 , 2.2808723449 , 1.41233
8.51 , 2.2808723449 , 1.41783
8.54 , 2.2808723449 , 1.42317
8.57 , 2.2808723449 , 1.42850
8.60 , 2.4980981349 , 1.43383
8.64 , 2.4980981349 , 1.43933
8.67 , 2.3894851207 , 1.44467
8.70 , 2.3894851207 , 1.45000
8.73 , 2.3894851207 , 1.45533
8.77 , 2.3894851207 , 1.46083
8.80 , 2.3894851207 , 1.46617
8.83 , 2.3894851207 , 1.47150
8.86 , 2.4980981349 , 1.47683
8.89 , 2.3894851207 , 1.48233
8.93 , 2.4980981349 , 1.48767
8.96 , 2.4980981349 , 1.49300
8.99 , 2.4980981349 , 1.49833
9.02 , 2.4980981349 , 1.50383
9.06 , 2.6067109107 , 1.50917
9.09 , 2.6067109107 , 1.51467
9.12 , 2.6067109107 , 1.51983
9.15 , 2.6067109107 , 1.52533
9.18 , 2.7153253555 , 1.53067
9.22 , 2.7153253555 , 1.53617
9.25 , 2.7153253555 , 1.54133
9.28 , 2.6067109107 , 1.54667
9.31 , 2.7153253555 , 1.55217
9.35 , 2.6067109107 , 1.55750
9.38 , 2.7153253555 , 1.56283
9.41 , 2.7153253555 , 1.56817
9.44 , 2.7153253555 , 1.57367
9.47 , 2.7153253555 , 1.57900
9.51 , 2.9325511932 , 1.58433
9.54 , 2.8239381790 , 1.58967
9.57 , 2.8239381790 , 1.59517
9.60 , 2.8239381790 , 1.60050
9.64 , 2.8239381790 , 1.60583
9.67 , 2.8239381790 , 1.61117
9.70 , 2.9325511932 , 1.61667
9.73 , 2.8239381790 , 1.62200
9.76 , 2.9325511932 , 1.62733
9.80 , 2.8239381790 , 1.63267
9.83 , 2.8239381790 , 1.63817
9.86 , 3.0411639213 , 1.64350
9.89 , 2.9325511932 , 1.64883
9.93 , 2.9325511932 , 1.65417
9.96 , 2.9325511932 , 1.65967
9.99 , 2.9325511932 , 1.66500
10.02 , 3.0411639213 , 1.67033
10.06 , 3.0411639213 , 1.67583
10.09 , 3.0411639213 , 1.68150
10.12 , 3.0411639213 , 1.68700
10.16 , 3.0411639213 , 1.69267
10.19 , 3.1497769355 , 1.69800
10.22 , 3.1497769355 , 1.70367
10.26 , 3.0411639213 , 1.70917
10.29 , 3.0411639213 , 1.71483
10.32 , 3.1497769355 , 1.72017
10.35 , 3.1497769355 , 1.72583
10.39 , 3.1497769355 , 1.73133
10.42 , 3.1497769355 , 1.73700
10.46 , 3.1497769355 , 1.74250
10.49 , 3.2583897113 , 1.74800
10.52 , 3.2583897113 , 1.75350
10.56 , 3.2583897113 , 1.75917
10.59 , 3.2583897113 , 1.76467
10.62 , 3.2583897113 , 1.77017
10.65 , 3.3670027256 , 1.77567
10.69 , 3.2583897113 , 1.78133
10.72 , 3.3670027256 , 1.78683
10.76 , 3.2583897113 , 1.79250
10.79 , 3.3670027256 , 1.79783
10.82 , 3.4756155014 , 1.80350
10.85 , 3.3670027256 , 1.80900
10.89 , 3.3670027256 , 1.81467
10.92 , 3.3670027256 , 1.82000
10.95 , 3.3670027256 , 1.82567
10.99 , 3.4756155014 , 1.83117
11.02 , 3.3670027256 , 1.83683
11.05 , 3.4756155014 , 1.84233
11.09 , 3.3670027256 , 1.84783
11.12 , 3.4756155014 , 1.85333
11.15 , 3.4756155014 , 1.85900
11.19 , 3.4756155014 , 1.86450
11.22 , 3.4756155014 , 1.87000
11.25 , 3.5842285156 , 1.87550
11.29 , 3.5842285156 , 1.88117
11.32 , 3.5842285156 , 1.88667
11.35 , 3.5842285156 , 1.89233
11.39 , 3.5842285156 , 1.89767
11.42 , 3.5842285156 , 1.90333
11.45 , 3.5842285156 , 1.90883
11.49 , 3.6928412914 , 1.91450
11.52 , 3.5842285156 , 1.92000
11.55 , 3.6928412914 , 1.92550
11.59 , 3.6928412914 , 1.93100
11.62 , 3.6928412914 , 1.93667
11.65 , 3.6928412914 , 1.94217
11.69 , 3.6928412914 , 1.94767
11.72 , 3.8014543533 , 1.95317
11.75 , 3.8014543533 , 1.95883
11.79 , 3.6928412914 , 1.96433
11.82 , 3.8014543533 , 1.97000
11.85 , 3.8014543533 , 1.97533
11.89 , 3.8014543533 , 1.98100
11.92 , 3.8014543533 , 1.98650
11.95 , 3.8014543533 , 1.99217
11.98 , 3.9100670814 , 1.99750
12.02 , 3.9100670814 , 2.00317
12.05 , 3.9100670814 , 2.00867
12.09 , 3.9100670814 , 2.01433
12.12 , 3.8014543533 , 2.01983
12.15 , 3.9100670814 , 2.02533
12.19 , 3.9100670814 , 2.03083
12.22 , 3.9100670814 , 2.03650
12.25 , 4.0186800956 , 2.04200
12.28 , 4.0186800956 , 2.04750
12.32 , 4.0186800956 , 2.05300
12.35 , 4.0186800956 , 2.05867
12.39 , 4.0186800956 , 2.06417
12.42 , 4.1272945404 , 2.06983
12.45 , 4.1272945404 , 2.07517
12.48 , 4.0186800956 , 2.08083
12.52 , 4.1272945404 , 2.08633
12.55 , 4.0186800956 , 2.09200
12.58 , 4.1272945404 , 2.09733
12.62 , 4.1272945404 , 2.10300
12.65 , 4.1272945404 , 2.10850
12.69 , 4.1272945404 , 2.11417
12.72 , 4.2359070777 , 2.11967
12.75 , 4.2359070777 , 2.12517
12.78 , 4.2359070777 , 2.13067
12.82 , 4.2359070777 , 2.13633
12.85 , 4.2359070777 , 2.14183
12.88 , 4.3445200920 , 2.14733
12.92 , 4.3445200920 , 2.15283
12.95 , 4.3445200920 , 2.15850
12.98 , 4.2359070777 , 2.16400
13.02 , 4.3445200920 , 2.16967
13.05 , 4.3445200920 , 2.17500
13.08 , 4.3445200920 , 2.18067
13.12 , 4.4531331062 , 2.18617
13.15 , 4.3445200920 , 2.19183
13.18 , 4.4531331062 , 2.19733
13.22 , 4.4531331062 , 2.20283
13.25 , 4.3445200920 , 2.20833
13.28 , 4.4531331062 , 2.21400
13.32 , 4.4531331062 , 2.21950
13.35 , 4.4531331062 , 2.22500
13.38 , 4.4531331062 , 2.23050
13.42 , 4.4531331062 , 2.23617
13.45 , 4.5617461204 , 2.24167
13.48 , 4.5617461204 , 2.24733
13.52 , 4.5617461204 , 2.25267
13.55 , 4.5617461204 , 2.25833
13.58 , 4.5617461204 , 2.26383
13.62 , 4.5617461204 , 2.26950
13.65 , 4.5617461204 , 2.27483
13.68 , 4.6703586578 , 2.28050
13.72 , 4.6703586578 , 2.28600
13.75 , 4.5617461204 , 2.29167
13.78 , 4.6703586578 , 2.29717
13.82 , 4.6703586578 , 2.30267
13.85 , 4.6703586578 , 2.30817
13.88 , 4.6703586578 , 2.31383
13.92 , 4.6703586578 , 2.31933
13.95 , 4.7789716720 , 2.32483
13.98 , 4.7789716720 , 2.33033
14.02 , 4.6703586578 , 2.33600
14.05 , 4.7789716720 , 2.34150
14.08 , 4.7789716720 , 2.34717
14.11 , 4.7789716720 , 2.35250
14.15 , 4.7789716720 , 2.35817
14.18 , 4.7789716720 , 2.36367
14.22 , 4.8875846862 , 2.36933
14.25 , 4.7789716720 , 2.37467
14.28 , 4.7789716720 , 2.38033
14.31 , 4.8875846862 , 2.38583
14.35 , 4.8875846862 , 2.39150
14.38 , 4.9961977005 , 2.39700
14.42 , 4.9961977005 , 2.40250
14.45 , 4.9961977005 , 2.40800
14.48 , 4.9961977005 , 2.41367
14.52 , 4.8875846862 , 2.41917
14.55 , 4.8875846862 , 2.42467
14.58 , 4.9961977005 , 2.43017
14.61 , 5.1048102378 , 2.43583
14.65 , 5.1048102378 , 2.44133
14.68 , 4.9961977005 , 2.44700
14.71 , 5.1048102378 , 2.45233
14.75 , 5.1048102378 , 2.45800
14.78 , 5.2134232521 , 2.46350
14.81 , 5.2134232521 , 2.46917
14.85 , 5.2134232521 , 2.47467
14.88 , 5.1048102378 , 2.48017
14.91 , 5.1048102378 , 2.48567
14.95 , 5.3220362663 , 2.49133
14.98 , 5.2134232521 , 2.49683
15.01 , 5.2134232521 , 2.50233
15.05 , 5.3220362663 , 2.50783
15.08 , 5.3220362663 , 2.51350
15.11 , 5.3220362663 , 2.51900
15.15 , 5.3220362663 , 2.52467
15.18 , 5.2134232521 , 2.53000
15.21 , 5.3220362663 , 2.53567
15.25 , 5.3220362663 , 2.54117
15.28 , 5.3220362663 , 2.54683
15.31 , 5.4306507110 , 2.55217
15.35 , 5.4306507110 , 2.55783
15.38 , 5.4306507110 , 2.56333
15.41 , 5.4306507110 , 2.56900
15.45 , 5.4306507110 , 2.57450
15.48 , 5.4306507110 , 2.58000
15.51 , 5.4306507110 , 2.58550
15.55 , 5.4306507110 , 2.59117
15.58 , 5.5392632484 , 2.59667
15.61 , 5.5392632484 , 2.60217
15.65 , 5.5392632484 , 2.60767
15.68 , 5.5392632484 , 2.61333
15.71 , 5.5392632484 , 2.61883
15.75 , 5.5392632484 , 2.62450
15.78 , 5.5392632484 , 2.62983
15.81 , 5.5392632484 , 2.63550
15.85 , 5.5392632484 , 2.64100
15.88 , 5.6478762626 , 2.64667
15.91 , 5.6478762626 , 2.65200
15.95 , 5.5392632484 , 2.65767
15.98 , 5.6478762626 , 2.66317
16.01 , 5.6478762626 , 2.66883
16.05 , 5.6478762626 , 2.67433
16.08 , 5.7564892768 , 2.67983
16.11 , 5.6478762626 , 2.68533
16.15 , 5.6478762626 , 2.69100
16.18 , 5.6478762626 , 2.69650
16.21 , 5.6478762626 , 2.70200
16.25 , 5.7564892768 , 2.70750
16.28 , 5.7564892768 , 2.71317
16.31 , 5.7564892768 , 2.71867
16.35 , 5.7564892768 , 2.72433
16.38 , 5.7564892768 , 2.72967
16.41 , 5.8651022911 , 2.73533
16.44 , 5.9737148284 , 2.74083
16.48 , 5.8651022911 , 2.74650
16.51 , 5.9737148284 , 2.75200
16.54 , 5.8651022911 , 2.75750
16.58 , 5.9737148284 , 2.76300
16.61 , 5.9737148284 , 2.76867
16.64 , 5.9737148284 , 2.77417
16.68 , 5.9737148284 , 2.77967
16.71 , 5.9737148284 , 2.78517
16.75 , 6.0823278427 , 2.79083
16.78 , 6.0823278427 , 2.79633
16.81 , 6.0823278427 , 2.80200
16.84 , 6.0823278427 , 2.80733
16.88 , 6.1909408569 , 2.81300
16.91 , 5.9737148284 , 2.81850
16.94 , 6.0823278427 , 2.82417
16.98 , 6.1909408569 , 2.82950
17.01 , 6.1909408569 , 2.83517
17.04 , 6.1909408569 , 2.84067
17.08 , 6.0823278427 , 2.84633
17.11 , 6.1909408569 , 2.85183
17.14 , 6.1909408569 , 2.85733
17.18 , 6.1909408569 , 2.86283
17.21 , 6.1909408569 , 2.86850
17.24 , 6.2995538711 , 2.87400
17.28 , 6.2995538711 , 2.87950
17.31 , 6.2995538711 , 2.88500
17.34 , 6.2995538711 , 2.89067
17.38 , 6.2995538711 , 2.89617
17.41 , 6.2995538711 , 2.90183
17.44 , 6.2995538711 , 2.90717
17.48 , 6.2995538711 , 2.91283
17.51 , 6.4081664085 , 2.91833
17.54 , 6.4081664085 , 2.92400
17.58 , 6.4081664085 , 2.92933
17.61 , 6.4081664085 , 2.93500
17.64 , 6.4081664085 , 2.94050
17.68 , 6.5167794227 , 2.94617
17.71 , 6.4081664085 , 2.95167
17.74 , 6.4081664085 , 2.95717
17.78 , 6.4081664085 , 2.96267
17.81 , 6.5167794227 , 2.96833
17.84 , 6.5167794227 , 2.97383
17.88 , 6.5167794227 , 2.97933
17.91 , 6.5167794227 , 2.98483
17.94 , 6.5167794227 , 2.99050
17.98 , 6.6253924369 , 2.99600
18.01 , 6.6253924369 , 3.00167
18.04 , 6.5167794227 , 3.00700
18.08 , 6.6253924369 , 3.01267
18.11 , 6.6253924369 , 3.01817
18.14 , 6.7340054512 , 3.02383
18.18 , 6.6253924369 , 3.02933
18.21 , 6.7340054512 , 3.03483
18.24 , 6.6253924369 , 3.04033
18.28 , 6.7340054512 , 3.04600
18.31 , 6.6253924369 , 3.05150
18.34 , 6.7340054512 , 3.05700
18.37 , 6.7340054512 , 3.06250
18.41 , 6.7340054512 , 3.06817
18.44 , 6.7340054512 , 3.07367
18.48 , 6.8426194190 , 3.07933
18.51 , 6.7340054512 , 3.08467
18.54 , 6.8426194190 , 3.09033
18.57 , 6.8426194190 , 3.09583
18.61 , 6.8426194190 , 3.10150
18.64 , 6.7340054512 , 3.10683
18.67 , 6.8426194190 , 3.11250
18.71 , 6.8426194190 , 3.11800
18.74 , 6.9512324333 , 3.12367
18.77 , 6.9512324333 , 3.12917
18.81 , 6.9512324333 , 3.13467
18.84 , 6.8426194190 , 3.14017
18.87 , 6.9512324333 , 3.14583
18.91 , 6.9512324333 , 3.15133
18.94 , 6.9512324333 , 3.15683
18.97 , 7.0598454475 , 3.16233
19.01 , 7.0598454475 , 3.16800
19.04 , 7.0598454475 , 3.17350
19.07 , 7.0598454475 , 3.17917
19.11 , 7.1684584617 , 3.18450
19.14 , 7.1684584617 , 3.19017
19.17 , 7.0598454475 , 3.19567
19.21 , 7.0598454475 , 3.20133
19.24 , 7.0598454475 , 3.20667
19.27 , 7.1684584617 , 3.21233
19.31 , 7.1684584617 , 3.21783
19.34 , 7.1684584617 , 3.22350
19.37 , 7.2770709991 , 3.22900
19.41 , 7.1684584617 , 3.23450
19.44 , 7.2770709991 , 3.24000
19.47 , 7.1684584617 , 3.24567
19.51 , 7.2770709991 , 3.25117
19.54 , 7.2770709991 , 3.25667
19.57 , 7.2770709991 , 3.26217
19.61 , 7.3856840133 , 3.26783
19.64 , 7.3856840133 , 3.27333
19.67 , 7.2770709991 , 3.27900
19.71 , 7.3856840133 , 3.28433
19.74 , 7.3856840133 , 3.29000
19.77 , 7.3856840133 , 3.29550
19.81 , 7.4942970275 , 3.30117
19.84 , 7.4942970275 , 3.30667
19.87 , 7.4942970275 , 3.31217
19.91 , 7.4942970275 , 3.31767
19.94 , 7.6029100418 , 3.32333
19.97 , 7.4942970275 , 3.32883
20.01 , 7.4942970275 , 3.33433
20.04 , 7.6029100418 , 3.33983
20.07 , 7.4942970275 , 3.34550
20.11 , 7.6029100418 , 3.35100
20.14 , 7.4942970275 , 3.35667
20.17 , 7.6029100418 , 3.36200
20.21 , 7.6029100418 , 3.36767
20.24 , 7.6029100418 , 3.37317
20.27 , 7.6029100418 , 3.37883
20.30 , 7.7115225791 , 3.38417
20.34 , 7.7115225791 , 3.38983
20.37 , 7.7115225791 , 3.39533
20.41 , 7.7115225791 , 3.40100
20.44 , 7.7115225791 , 3.40650
20.47 , 7.6029100418 , 3.41200
20.50 , 7.7115225791 , 3.41750
20.54 , 7.8201355934 , 3.42317
20.57 , 7.8201355934 , 3.42867
20.60 , 7.8201355934 , 3.43417
20.64 , 7.8201355934 , 3.43967
20.67 , 7.9287486076 , 3.44533
20.70 , 7.8201355934 , 3.45083
20.74 , 7.8201355934 , 3.45650
20.77 , 7.9287486076 , 3.46183
20.80 , 7.8201355934 , 3.46750
20.84 , 7.9287486076 , 3.47300
20.87 , 8.0373611450 , 3.47867
20.90 , 7.9287486076 , 3.48400
20.94 , 7.9287486076 , 3.48967
20.97 , 7.9287486076 , 3.49517
21.00 , 7.9287486076 , 3.50083
21.04 , 8.0373611450 , 3.50633
21.07 , 8.0373611450 , 3.51183
21.10 , 7.9287486076 , 3.51733
21.14 , 8.0373611450 , 3.52300
21.17 , 8.0373611450 , 3.52850
21.20 , 8.0373611450 , 3.53400
21.24 , 8.0373611450 , 3.53950
21.27 , 8.0373611450 , 3.54517
21.30 , 8.0373611450 , 3.55067
21.34 , 8.1459741592 , 3.55633
21.37 , 8.1459741592 , 3.56167
21.40 , 8.1459741592 , 3.56733
21.44 , 8.2545890808 , 3.57283
21.47 , 8.1459741592 , 3.57850
21.50 , 8.2545890808 , 3.58400
21.54 , 8.2545890808 , 3.58950
21.57 , 8.2545890808 , 3.59500
21.60 , 8.3632011413 , 3.60067
21.64 , 8.2545890808 , 3.60617
21.67 , 8.2545890808 , 3.61167
21.70 , 8.3632011413 , 3.61717
21.74 , 8.3632011413 , 3.62283
21.77 , 8.3632011413 , 3.62833
21.80 , 8.2545890808 , 3.63400
21.84 , 8.3632011413 , 3.63933
21.87 , 8.3632011413 , 3.64500
21.90 , 8.3632011413 , 3.65050
21.94 , 8.4718141555 , 3.65617
21.97 , 8.4718141555 , 3.66150
22.00 , 8.4718141555 , 3.66717
22.04 , 8.4718141555 , 3.67267
22.07 , 8.5804271697 , 3.67833
22.10 , 8.4718141555 , 3.68383
22.14 , 8.4718141555 , 3.68933
22.17 , 8.4718141555 , 3.69483
22.20 , 8.5804271697 , 3.70050
22.24 , 8.6890401840 , 3.70600
22.27 , 8.5804271697 , 3.71150
22.30 , 8.5804271697 , 3.71700
22.34 , 8.5804271697 , 3.72267
22.37 , 8.5804271697 , 3.72817
22.40 , 8.5804271697 , 3.73383
22.43 , 8.6890401840 , 3.73917
22.47 , 8.6890401840 , 3.74483
22.50 , 8.6890401840 , 3.75033
22.54 , 8.6890401840 , 3.75600
22.57 , 8.6890401840 , 3.76133
22.60 , 8.7976531982 , 3.76700
22.63 , 8.7976531982 , 3.77250
22.67 , 8.7976531982 , 3.77817
22.70 , 8.7976531982 , 3.78367
22.73 , 8.7976531982 , 3.78917
22.77 , 8.7976531982 , 3.79467
22.80 , 8.7976531982 , 3.80033
22.83 , 8.7976531982 , 3.80583
22.87 , 8.9062662124 , 3.81133
22.90 , 8.9062662124 , 3.81683
22.93 , 8.9062662124 , 3.82250
22.97 , 8.9062662124 , 3.82800
23.00 , 8.9062662124 , 3.83367
23.03 , 8.9062662124 , 3.83900
23.07 , 8.9062662124 , 3.84467
23.10 , 9.0148792266 , 3.85017
23.13 , 8.9062662124 , 3.85583
23.17 , 8.9062662124 , 3.86133
23.20 , 9.0148792266 , 3.86683
23.23 , 9.0148792266 , 3.87233
23.27 , 9.0148792266 , 3.87800
23.30 , 9.0148792266 , 3.88350
23.33 , 9.1234922409 , 3.88900
23.37 , 9.1234922409 , 3.89450
23.40 , 9.1234922409 , 3.90017
23.43 , 9.2321052551 , 3.90567
23.47 , 9.1234922409 , 3.91133
23.50 , 9.1234922409 , 3.91667
23.53 , 9.2321052551 , 3.92233
23.57 , 9.1234922409 , 3.92783
23.60 , 9.2321052551 , 3.93350
23.63 , 9.2321052551 , 3.93883
23.67 , 9.2321052551 , 3.94450
23.70 , 9.2321052551 , 3.95000
23.73 , 9.3407173156 , 3.95567
23.77 , 9.3407173156 , 3.96117
23.80 , 9.3407173156 , 3.96667
23.83 , 9.3407173156 , 3.97217
23.87 , 9.3407173156 , 3.97783
23.90 , 9.3407173156 , 3.98333
23.93 , 9.3407173156 , 3.98883
23.97 , 9.3407173156 , 3.99433
24.00 , 9.4493303298 , 4.00000
24.03 , 9.3407173156 , 4.00550
24.07 , 9.4493303298 , 4.01117
24.10 , 9.4493303298 , 4.01650
24.13 , 9.4493303298 , 4.02217
24.17 , 9.4493303298 , 4.02767
24.20 , 9.5579433441 , 4.03333
24.23 , 9.4493303298 , 4.03867
24.27 , 9.4493303298 , 4.04433
24.30 , 9.5579433441 , 4.04983
24.33 , 9.5579433441 , 4.05550
24.37 , 9.5579433441 , 4.06100
24.40 , 9.5579433441 , 4.06650
24.43 , 9.6665563583 , 4.07200
24.47 , 9.6665563583 , 4.07767
24.50 , 9.6665563583 , 4.08317
24.53 , 9.6665563583 , 4.08867
24.56 , 9.7751693725 , 4.09417
24.60 , 9.6665563583 , 4.09983
24.63 , 9.7751693725 , 4.10533
24.67 , 9.7751693725 , 4.11100
24.70 , 9.8837823867 , 4.11633
24.73 , 9.6665563583 , 4.12200
24.76 , 9.7751693725 , 4.12750
24.80 , 9.8837823867 , 4.13317
24.83 , 9.8837823867 , 4.13867
24.86 , 9.7751693725 , 4.14417
24.90 , 9.8837823867 , 4.14967
24.93 , 9.8837823867 , 4.15533
24.96 , 9.8837823867 , 4.16083
25.00 , 9.8837823867 , 4.16633
25.03 , 9.8837823867 , 4.17183
25.06 , 9.8837823867 , 4.17750
25.10 , 10.1010084152 , 4.18300
25.13 , 9.9923954010 , 4.18883
25.17 , 9.9923954010 , 4.19417
25.20 , 9.9923954010 , 4.19983
25.23 , 9.9923954010 , 4.20533
25.27 , 9.9923954010 , 4.21100
25.30 , 9.9923954010 , 4.21633
25.33 , 9.9923954010 , 4.22200
25.36 , 10.1010084152 , 4.22750
25.40 , 10.1010084152 , 4.23333
25.43 , 10.1010084152 , 4.23900
25.47 , 10.1010084152 , 4.24467
25.50 , 9.9923954010 , 4.25033
25.54 , 10.1010084152 , 4.25600
25.57 , 10.1010084152 , 4.26167
25.60 , 10.1010084152 , 4.26750
25.64 , 10.2096204757 , 4.27300
25.67 , 10.3182363510 , 4.27883
25.71 , 10.2096204757 , 4.28450
25.74 , 10.2096204757 , 4.29033
25.78 , 10.2096204757 , 4.29600
25.81 , 10.2096204757 , 4.30167
25.84 , 10.2096204757 , 4.30733
25.88 , 10.3182363510 , 4.31317
25.91 , 10.3182363510 , 4.31883
25.95 , 10.3182363510 , 4.32467
25.98 , 10.3182363510 , 4.33017
26.02 , 10.3182363510 , 4.33600
26.05 , 10.4268493652 , 4.34167
26.08 , 10.5354623794 , 4.34750
26.12 , 10.4268493652 , 4.35317
26.15 , 10.4268493652 , 4.35883
26.19 , 10.5354623794 , 4.36450
26.22 , 10.5354623794 , 4.37033
26.26 , 10.4268493652 , 4.37617
26.29 , 10.5354623794 , 4.38183
26.33 , 10.4268493652 , 4.38767
26.36 , 10.5354623794 , 4.39317
26.39 , 10.5354623794 , 4.39900
26.43 , 10.5354623794 , 4.40467
26.46 , 10.5354623794 , 4.41050
26.50 , 10.5354623794 , 4.41617
26.53 , 10.6440753936 , 4.42183
26.56 , 10.5354623794 , 4.42750
26.60 , 10.6440753936 , 4.43333
26.63 , 10.7526884078 , 4.43900
26.67 , 10.6440753936 , 4.44483
26.70 , 10.6440753936 , 4.45033
26.74 , 10.7526884078 , 4.45617
26.77 , 10.6440753936 , 4.46183
26.81 , 10.7526884078 , 4.46767
26.84 , 10.8613014221 , 4.47333
26.87 , 10.8613014221 , 4.47900
26.91 , 10.8613014221 , 4.48467
26.94 , 10.7526884078 , 4.49050
26.98 , 10.7526884078 , 4.49617
27.01 , 10.8613014221 , 4.50200
27.04 , 10.8613014221 , 4.50750
27.08 , 10.9699134826 , 4.51333
27.11 , 10.8613014221 , 4.51900
27.15 , 10.9699134826 , 4.52483
27.18 , 10.8613014221 , 4.53050
27.22 , 10.9699134826 , 4.53617
27.25 , 10.9699134826 , 4.54183
27.29 , 10.9699134826 , 4.54767
27.32 , 10.9699134826 , 4.55350
27.35 , 10.9699134826 , 4.55917
27.39 , 11.0785264968 , 4.56483
27.42 , 11.0785264968 , 4.57050
27.46 , 10.9699134826 , 4.57633
27.49 , 11.0785264968 , 4.58200
27.53 , 11.0785264968 , 4.58783
27.56 , 11.0785264968 , 4.59333
27.59 , 11.0785264968 , 4.59917
27.63 , 11.1871395111 , 4.60483
27.66 , 11.0785264968 , 4.61067
27.70 , 11.2957525253 , 4.61633
27.73 , 11.0785264968 , 4.62200
27.77 , 11.0785264968 , 4.62767
27.80 , 11.1871395111 , 4.63350
27.83 , 11.2957525253 , 4.63917
27.87 , 11.1871395111 , 4.64500
27.90 , 11.2957525253 , 4.65067
27.94 , 11.2957525253 , 4.65633
27.97 , 11.2957525253 , 4.66200
28.01 , 11.2957525253 , 4.66783
28.04 , 11.2957525253 , 4.67350
28.08 , 11.2957525253 , 4.67933
28.11 , 11.4043655395 , 4.68483
28.14 , 11.4043655395 , 4.69067
28.18 , 11.4043655395 , 4.69633
28.21 , 11.4043655395 , 4.70217
28.25 , 11.4043655395 , 4.70783
28.28 , 11.4043655395 , 4.71350
28.31 , 11.4043655395 , 4.71917
28.35 , 11.4043655395 , 4.72500
28.38 , 11.4043655395 , 4.73067
28.42 , 11.5129785537 , 4.73650
28.45 , 11.6215915679 , 4.74217
28.49 , 11.6215915679 , 4.74783
28.52 , 11.5129785537 , 4.75367
28.56 , 11.6215915679 , 4.75933
28.59 , 11.5129785537 , 4.76517
28.62 , 11.6215915679 , 4.77067
28.66 , 11.6215915679 , 4.77650
28.69 , 11.6215915679 , 4.78217
28.73 , 11.6215915679 , 4.78800
28.76 , 11.7302045822 , 4.79367
28.80 , 11.7302045822 , 4.79933
28.83 , 11.6215915679 , 4.80500
28.86 , 11.7302045822 , 4.81083
28.90 , 11.7302045822 , 4.81650
28.93 , 11.8388175964 , 4.82233
28.97 , 11.7302045822 , 4.82783
29.00 , 11.8388175964 , 4.83367
29.04 , 11.8388175964 , 4.83933
29.07 , 11.7302045822 , 4.84517
29.10 , 11.8388175964 , 4.85083
29.14 , 11.8388175964 , 4.85650
29.17 , 11.9474296569 , 4.86217
29.21 , 11.9474296569 , 4.86800
29.24 , 11.8388175964 , 4.87367
29.28 , 11.9474296569 , 4.87950
29.31 , 11.9474296569 , 4.88500
29.34 , 11.9474296569 , 4.89083
29.38 , 12.0560426712 , 4.89650
29.41 , 11.9474296569 , 4.90233
29.45 , 12.0560426712 , 4.90800
29.48 , 12.0560426712 , 4.91383
29.52 , 12.0560426712 , 4.91950
29.55 , 12.0560426712 , 4.92517
29.59 , 12.0560426712 , 4.93100
29.62 , 12.0560426712 , 4.93667
29.65 , 12.0560426712 , 4.94250
29.69 , 12.1646556854 , 4.94800
29.72 , 12.1646556854 , 4.95383
29.76 , 12.1646556854 , 4.95950
29.79 , 12.2732686996 , 4.96533
29.83 , 12.1646556854 , 4.97100
29.86 , 12.2732686996 , 4.97667
29.89 , 12.1646556854 , 4.98233
29.93 , 12.2732686996 , 4.98817
29.96 , 12.1646556854 , 4.99383
30.00 , 12.2732686996 , 4.99967
30.03 , 12.2732686996 , 5.00517
30.07 , 12.2732686996 , 5.01100
30.10 , 12.3818817138 , 5.01667
30.13 , 12.2732686996 , 5.02250
30.17 , 12.2732686996 , 5.02817
30.20 , 12.3818817138 , 5.03383
30.24 , 12.2732686996 , 5.03950
30.27 , 12.3818817138 , 5.04533
30.31 , 12.4904947280 , 5.05100
30.34 , 12.4904947280 , 5.05683
30.37 , 12.4904947280 , 5.06233
30.41 , 12.3818817138 , 5.06817
30.44 , 12.4904947280 , 5.07383
30.48 , 12.4904947280 , 5.07967
30.51 , 12.4904947280 , 5.08533
30.55 , 12.4904947280 , 5.09100
30.58 , 12.4904947280 , 5.09667
30.61 , 12.7077207565 , 5.10250
30.65 , 12.5991077423 , 5.10833
30.68 , 12.5991077423 , 5.11400
30.72 , 12.5991077423 , 5.11967
30.75 , 12.7077207565 , 5.12533
30.79 , 12.5991077423 , 5.13117
30.82 , 12.7077207565 , 5.13683
30.86 , 12.7077207565 , 5.14267
30.89 , 12.7077207565 , 5.14817
30.92 , 12.7077207565 , 5.15400
30.96 , 12.8163328170 , 5.15967
30.99 , 12.9249458312 , 5.16550
31.03 , 12.8163328170 , 5.17117
31.06 , 12.8163328170 , 5.17700
31.09 , 12.7077207565 , 5.18250
31.13 , 12.8163328170 , 5.18833
31.16 , 12.8163328170 , 5.19400
31.20 , 12.9249458312 , 5.19983
31.23 , 12.9249458312 , 5.20550
31.27 , 12.9249458312 , 5.21117
31.30 , 12.9249458312 , 5.21683
31.34 , 12.8163328170 , 5.22267
31.37 , 12.9249458312 , 5.22833
31.40 , 13.0335588455 , 5.23417
31.44 , 12.9249458312 , 5.23967
31.47 , 13.0335588455 , 5.24550
31.51 , 13.0335588455 , 5.25117
31.54 , 13.0335588455 , 5.25700
31.58 , 13.0335588455 , 5.26267
31.61 , 13.0335588455 , 5.26833
31.64 , 13.1421747207 , 5.27400
31.68 , 13.1421747207 , 5.27983
31.71 , 13.1421747207 , 5.28567
31.75 , 13.1421747207 , 5.29133
31.78 , 13.1421747207 , 5.29700
31.82 , 13.1421747207 , 5.30267
31.85 , 13.1421747207 , 5.30850
31.88 , 13.2507877349 , 5.31417
31.92 , 13.2507877349 , 5.32000
31.95 , 13.2507877349 , 5.32550
31.99 , 13.2507877349 , 5.33133
32.02 , 13.2507877349 , 5.33700
32.06 , 13.2507877349 , 5.34283
32.09 , 13.2507877349 , 5.34850
32.13 , 13.2507877349 , 5.35417
32.16 , 13.3594007492 , 5.35983
32.19 , 13.2507877349 , 5.36567
32.23 , 13.3594007492 , 5.37133
32.26 , 13.3594007492 , 5.37717
32.30 , 13.3594007492 , 5.38267
32.33 , 13.3594007492 , 5.38850
32.37 , 13.3594007492 , 5.39417
32.40 , 13.4680137634 , 5.40000
32.43 , 13.4680137634 , 5.40567
32.47 , 13.3594007492 , 5.41133
32.50 , 13.4680137634 , 5.41700
32.54 , 13.5766258239 , 5.42283
32.57 , 13.4680137634 , 5.42850
32.61 , 13.3594007492 , 5.43433
32.64 , 13.4680137634 , 5.44000
32.67 , 13.5766258239 , 5.44567
32.71 , 13.5766258239 , 5.45133
32.74 , 13.5766258239 , 5.45717
32.78 , 13.5766258239 , 5.46283
32.81 , 13.4680137634 , 5.46867
32.85 , 13.5766258239 , 5.47433
32.88 , 13.5766258239 , 5.48000
32.92 , 13.6852388381 , 5.48583
32.95 , 13.5766258239 , 5.49150
32.98 , 13.7938518524 , 5.49733
33.02 , 13.6852388381 , 5.50283
33.05 , 13.7938518524 , 5.50867
33.09 , 13.6852388381 , 5.51433
33.12 , 13.6852388381 , 5.52017
33.15 , 13.6852388381 , 5.52583
33.19 , 13.7938518524 , 5.53150
33.22 , 13.9024648666 , 5.53717
33.26 , 13.7938518524 , 5.54300
33.29 , 13.9024648666 , 5.54867
33.33 , 13.7938518524 , 5.55450
33.36 , 13.9024648666 , 5.56000
33.40 , 13.9024648666 , 5.56583
33.43 , 13.9024648666 , 5.57150
33.46 , 13.9024648666 , 5.57733
33.50 , 14.0110778808 , 5.58300
33.53 , 14.0110778808 , 5.58867
33.57 , 13.9024648666 , 5.59433
33.60 , 14.0110778808 , 5.60017
33.63 , 14.0110778808 , 5.60583
33.67 , 14.0110778808 , 5.61167
33.70 , 14.1196908950 , 5.61717
33.74 , 14.0110778808 , 5.62300
33.77 , 14.0110778808 , 5.62867
33.81 , 14.0110778808 , 5.63450
33.84 , 14.1196908950 , 5.64017
33.88 , 14.1196908950 , 5.64583
33.91 , 14.1196908950 , 5.65167
33.94 , 14.1196908950 , 5.65733
33.98 , 14.2283039093 , 5.66317
34.01 , 14.2283039093 , 5.66883
34.05 , 14.2283039093 , 5.67467
34.08 , 14.3369169235 , 5.68017
34.12 , 14.3369169235 , 5.68600
34.15 , 14.3369169235 , 5.69167
34.19 , 14.2283039093 , 5.69750
34.22 , 14.3369169235 , 5.70317
34.25 , 14.3369169235 , 5.70883
34.29 , 14.3369169235 , 5.71450
34.32 , 14.4455299377 , 5.72033
34.36 , 14.4455299377 , 5.72600
34.39 , 14.4455299377 , 5.73183
34.42 , 14.3369169235 , 5.73733
34.46 , 14.4455299377 , 5.74317
34.49 , 14.4455299377 , 5.74883
34.53 , 14.4455299377 , 5.75467
34.56 , 14.4455299377 , 5.76033
34.60 , 14.4455299377 , 5.76600
34.63 , 14.4455299377 , 5.77167
34.67 , 14.5541419982 , 5.77750
34.70 , 14.5541419982 , 5.78317
34.73 , 14.5541419982 , 5.78900
34.77 , 14.6627550125 , 5.79450
34.80 , 14.5541419982 , 5.80033
34.84 , 14.5541419982 , 5.80600
34.87 , 14.6627550125 , 5.81183
34.90 , 14.5541419982 , 5.81750
34.94 , 14.5541419982 , 5.82317
34.97 , 14.6627550125 , 5.82883
35.01 , 14.6627550125 , 5.83467
35.04 , 14.6627550125 , 5.84050
35.08 , 14.6627550125 , 5.84617
35.11 , 14.7713680267 , 5.85183
35.15 , 14.6627550125 , 5.85750
35.18 , 14.7713680267 , 5.86333
35.21 , 14.7713680267 , 5.86900
35.25 , 14.7713680267 , 5.87483
35.28 , 14.7713680267 , 5.88033
35.32 , 14.7713680267 , 5.88617
35.35 , 14.7713680267 , 5.89183
35.39 , 14.8799810409 , 5.89767
35.42 , 14.7713680267 , 5.90333
35.45 , 14.8799810409 , 5.90900
35.49 , 14.8799810409 , 5.91467
35.52 , 14.8799810409 , 5.92050
35.56 , 14.8799810409 , 5.92617
35.59 , 14.9885940551 , 5.93200
35.63 , 14.9885940551 , 5.93750
35.66 , 14.9885940551 , 5.94333
35.69 , 14.9885940551 , 5.94900
35.73 , 15.0972070693 , 5.95483
35.76 , 14.9885940551 , 5.96050
35.80 , 14.9885940551 , 5.96633
35.83 , 15.0972070693 , 5.97183
35.87 , 15.0972070693 , 5.97767
35.90 , 15.0972070693 , 5.98333
35.94 , 15.0972070693 , 5.98917
35.97 , 15.0972070693 , 5.99483
36.00 , 15.2058200836 , 6.00050
36.04 , 15.2058200836 , 6.00617
36.07 , 15.2058200836 , 6.01200
36.11 , 15.2058200836 , 6.01783
36.14 , 15.2058200836 , 6.02350
36.18 , 15.2058200836 , 6.02917
36.21 , 15.3144330978 , 6.03483
36.24 , 15.2058200836 , 6.04067
36.28 , 15.2058200836 , 6.04633
36.31 , 15.3144330978 , 6.05217
36.35 , 15.4230451583 , 6.05767
36.38 , 15.4230451583 , 6.06350
36.42 , 15.4230451583 , 6.06917
36.45 , 15.4230451583 , 6.07500
36.48 , 15.4230451583 , 6.08067
36.52 , 15.4230451583 , 6.08633
36.55 , 15.4230451583 , 6.09200
36.59 , 15.5316581726 , 6.09783
36.62 , 15.5316581726 , 6.10350
36.66 , 15.5316581726 , 6.10933
36.69 , 15.5316581726 , 6.11483
36.72 , 15.5316581726 , 6.12067
36.76 , 15.5316581726 , 6.12633
36.79 , 15.5316581726 , 6.13217
36.83 , 15.6402711868 , 6.13783
36.86 , 15.6402711868 , 6.14350
36.90 , 15.6402711868 , 6.14917
36.93 , 15.5316581726 , 6.15500
36.96 , 15.6402711868 , 6.16067
37.00 , 15.6402711868 , 6.16650
37.03 , 15.6402711868 , 6.17200
37.07 , 15.6402711868 , 6.17783
37.10 , 15.6402711868 , 6.18350
37.14 , 15.7488842010 , 6.18933
37.17 , 15.7488842010 , 6.19500
37.20 , 15.7488842010 , 6.20067
37.24 , 15.7488842010 , 6.20650
37.27 , 15.7488842010 , 6.21217
37.31 , 15.7488842010 , 6.21800
37.34 , 15.7488842010 , 6.22367
37.38 , 15.8575000762 , 6.22950
37.41 , 15.7488842010 , 6.23500
37.45 , 15.7488842010 , 6.24083
37.48 , 15.8575000762 , 6.24650
37.51 , 15.8575000762 , 6.25233
37.55 , 15.9661130905 , 6.25800
37.58 , 15.8575000762 , 6.26367
37.62 , 15.9661130905 , 6.26933
37.65 , 15.9661130905 , 6.27517
37.69 , 15.9661130905 , 6.28083
37.72 , 16.0747261047 , 6.28667
37.75 , 15.9661130905 , 6.29217
37.79 , 15.9661130905 , 6.29800
37.82 , 15.9661130905 , 6.30367
37.86 , 15.9661130905 , 6.30950
37.89 , 15.9661130905 , 6.31517
37.93 , 16.0747261047 , 6.32083
37.96 , 16.0747261047 , 6.32650
37.99 , 16.0747261047 , 6.33233
38.03 , 16.0747261047 , 6.33800
38.06 , 16.1833381652 , 6.34383
38.10 , 16.1833381652 , 6.34933
38.13 , 16.2919521331 , 6.35517
38.17 , 16.1833381652 , 6.36083
38.20 , 16.1833381652 , 6.36667
38.23 , 16.2919521331 , 6.37233
38.27 , 16.2919521331 , 6.37800
38.30 , 16.2919521331 , 6.38383
38.34 , 16.2919521331 , 6.38950
38.37 , 16.2919521331 , 6.39533
38.41 , 16.4005641937 , 6.40100
38.44 , 16.2919521331 , 6.40667
38.47 , 16.4005641937 , 6.41233
38.51 , 16.4005641937 , 6.41817
38.54 , 16.5091781616 , 6.42383
38.58 , 16.4005641937 , 6.42967
38.61 , 16.5091781616 , 6.43517
38.65 , 16.4005641937 , 6.44100
38.68 , 16.5091781616 , 6.44667
38.72 , 16.5091781616 , 6.45250
38.75 , 16.5091781616 , 6.45817
38.78 , 16.5091781616 , 6.46400
38.82 , 16.5091781616 , 6.46950
38.85 , 16.5091781616 , 6.47533
38.89 , 16.6177902221 , 6.48100
38.92 , 16.5091781616 , 6.48683
38.96 , 16.6177902221 , 6.49250
38.99 , 16.6177902221 , 6.49817
39.02 , 16.6177902221 , 6.50383
39.06 , 16.7264022827 , 6.50967
39.09 , 16.6177902221 , 6.51533
39.13 , 16.7264022827 , 6.52117
39.16 , 16.7264022827 , 6.52667
39.20 , 16.7264022827 , 6.53250
39.23 , 16.7264022827 , 6.53817
39.26 , 16.8350162506 , 6.54400
39.30 , 16.7264022827 , 6.54967
39.33 , 16.8350162506 , 6.55533
39.37 , 16.8350162506 , 6.56100
39.40 , 16.8350162506 , 6.56683
39.44 , 16.8350162506 , 6.57267
39.47 , 16.8350162506 , 6.57833
39.50 , 16.7264022827 , 6.58400
39.54 , 16.9436283111 , 6.58967
39.57 , 16.8350162506 , 6.59550
39.61 , 16.9436283111 , 6.60117
39.64 , 16.9436283111 , 6.60700
39.68 , 17.0522422790 , 6.61250
39.71 , 16.9436283111 , 6.61833
39.74 , 16.9436283111 , 6.62400
39.78 , 16.9436283111 , 6.62983
39.81 , 16.9436283111 , 6.63550
39.85 , 17.0522422790 , 6.64117
39.88 , 17.0522422790 , 6.64683
39.92 , 17.0522422790 , 6.65267
39.95 , 17.0522422790 , 6.65833
39.99 , 17.0522422790 , 6.66417
40.02 , 17.0522422790 , 6.66967
40.05 , 17.0522422790 , 6.67550
40.09 , 17.1608543395 , 6.68117
40.12 , 17.1608543395 , 6.68700
40.16 , 17.1608543395 , 6.69267
40.19 , 17.1608543395 , 6.69833
40.22 , 17.1608543395 , 6.70400
40.26 , 17.2694683074 , 6.70983
40.29 , 17.1608543395 , 6.71550
40.33 , 17.2694683074 , 6.72133
40.36 , 17.2694683074 , 6.72683
40.40 , 17.1608543395 , 6.73267
40.43 , 17.2694683074 , 6.73833
40.47 , 17.2694683074 , 6.74417
40.50 , 17.2694683074 , 6.75000
40.53 , 17.2694683074 , 6.75567
40.57 , 17.2694683074 , 6.76133
40.60 , 17.4866943359 , 6.76700
40.64 , 17.3780803680 , 6.77283
40.67 , 17.4866943359 , 6.77850
40.71 , 17.3780803680 , 6.78433
40.74 , 17.3780803680 , 6.78983
40.77 , 17.3780803680 , 6.79567
40.81 , 17.4866943359 , 6.80133
40.84 , 17.5953063964 , 6.80717
40.88 , 17.5953063964 , 6.81283
40.91 , 17.4866943359 , 6.81850
40.95 , 17.5953063964 , 6.82417
40.98 , 17.5953063964 , 6.83000
41.01 , 17.7039184570 , 6.83567
41.05 , 17.5953063964 , 6.84150
41.08 , 17.5953063964 , 6.84700
41.12 , 17.7039184570 , 6.85283
41.15 , 17.5953063964 , 6.85850
41.19 , 17.5953063964 , 6.86433
41.22 , 17.7039184570 , 6.87000
41.25 , 17.7039184570 , 6.87567
41.29 , 17.7039184570 , 6.88133
41.32 , 17.8125324249 , 6.88717
41.36 , 17.8125324249 , 6.89283
41.39 , 17.8125324249 , 6.89867
41.43 , 17.8125324249 , 6.90417
41.46 , 17.8125324249 , 6.91000
41.49 , 17.9211444854 , 6.91567
41.53 , 17.9211444854 , 6.92150
41.56 , 17.8125324249 , 6.92717
41.60 , 17.9211444854 , 6.93283
41.63 , 17.9211444854 , 6.93867
41.67 , 17.9211444854 , 6.94433
41.70 , 17.9211444854 , 6.95017
41.74 , 17.9211444854 , 6.95583
41.77 , 17.9211444854 , 6.96150
41.80 , 17.9211444854 , 6.96717
41.84 , 18.0297584533 , 6.97300
41.87 , 18.0297584533 , 6.97867
41.91 , 18.0297584533 , 6.98450
41.94 , 18.0297584533 , 6.99000
41.97 , 18.0297584533 , 6.99583
42.01 , 18.0297584533 , 7.00150
42.04 , 18.0297584533 , 7.00733
42.08 , 18.0297584533 , 7.01300
42.11 , 18.0297584533 , 7.01883
42.15 , 18.1383705139 , 7.02433
42.18 , 18.1383705139 , 7.03017
42.22 , 18.2469844818 , 7.03583
42.25 , 18.2469844818 , 7.04167
42.28 , 18.2469844818 , 7.04733
42.32 , 18.1383705139 , 7.05300
42.35 , 18.2469844818 , 7.05867
42.39 , 18.2469844818 , 7.06450
42.42 , 18.2469844818 , 7.07017
42.46 , 18.2469844818 , 7.07600
42.49 , 18.2469844818 , 7.08150
42.52 , 18.2469844818 , 7.08733
42.56 , 18.3555965423 , 7.09300
42.59 , 18.4642105102 , 7.09883
42.63 , 18.3555965423 , 7.10450
42.66 , 18.3555965423 , 7.11017
42.70 , 18.3555965423 , 7.11600
42.73 , 18.3555965423 , 7.12167
42.77 , 18.4642105102 , 7.12750
42.80 , 18.4642105102 , 7.13317
42.83 , 18.4642105102 , 7.13883
42.87 , 18.4642105102 , 7.14450
42.90 , 18.5728225708 , 7.15033
42.94 , 18.4642105102 , 7.15600
42.97 , 18.5728225708 , 7.16183
43.00 , 18.5728225708 , 7.16733
43.04 , 18.5728225708 , 7.17317
43.07 , 18.5728225708 , 7.17883
43.11 , 18.4642105102 , 7.18467
43.14 , 18.6814384460 , 7.19033
43.18 , 18.5728225708 , 7.19600
43.21 , 18.6814384460 , 7.20167
43.25 , 18.6814384460 , 7.20750
43.28 , 18.6814384460 , 7.21317
43.31 , 18.6814384460 , 7.21900
43.35 , 18.6814384460 , 7.22450
43.38 , 18.7900505065 , 7.23033
43.42 , 18.7900505065 , 7.23600
43.45 , 18.7900505065 , 7.24183
43.49 , 18.8986644744 , 7.24750
43.52 , 18.8986644744 , 7.25333
43.55 , 18.8986644744 , 7.25883
43.59 , 18.7900505065 , 7.26467
43.62 , 18.8986644744 , 7.27033
43.66 , 18.8986644744 , 7.27617
43.69 , 18.8986644744 , 7.28183
43.72 , 18.8986644744 , 7.28750
43.76 , 18.8986644744 , 7.29317
43.79 , 19.1158905029 , 7.29900
43.83 , 19.0072765350 , 7.30483
43.86 , 19.0072765350 , 7.31050
43.90 , 19.1158905029 , 7.31617
43.93 , 19.0072765350 , 7.32183
43.97 , 19.1158905029 , 7.32767
44.00 , 19.1158905029 , 7.33333
44.04 , 19.1158905029 , 7.33917
44.07 , 19.0072765350 , 7.34467
44.10 , 19.1158905029 , 7.35050
44.14 , 19.2245025634 , 7.35617
44.17 , 19.1158905029 , 7.36200
44.21 , 19.1158905029 , 7.36767
44.24 , 19.2245025634 , 7.37333
44.27 , 19.2245025634 , 7.37900
44.31 , 19.2245025634 , 7.38483
44.34 , 19.2245025634 , 7.39050
44.38 , 19.2245025634 , 7.39633
44.41 , 19.2245025634 , 7.40183
44.45 , 19.3331146240 , 7.40767
44.48 , 19.3331146240 , 7.41333
44.52 , 19.3331146240 , 7.41917
44.55 , 19.3331146240 , 7.42483
44.58 , 19.3331146240 , 7.43050
44.62 , 19.3331146240 , 7.43617
44.65 , 19.3331146240 , 7.44200
44.69 , 19.3331146240 , 7.44767
44.72 , 19.3331146240 , 7.45350
44.75 , 19.3331146240 , 7.45900
44.79 , 19.4417285919 , 7.46483
44.82 , 19.4417285919 , 7.47050
44.86 , 19.4417285919 , 7.47633
44.89 , 19.4417285919 , 7.48217
44.93 , 19.5503406524 , 7.48767
44.96 , 19.5503406524 , 7.49350
45.00 , 19.5503406524 , 7.49917
45.03 , 19.5503406524 , 7.50500
45.06 , 19.5503406524 , 7.51067
45.10 , 19.6589546203 , 7.51650
45.13 , 19.5503406524 , 7.52200
45.17 , 19.5503406524 , 7.52783
45.20 , 19.6589546203 , 7.53350
45.24 , 19.6589546203 , 7.53933
45.27 , 19.6589546203 , 7.54500
45.30 , 19.6589546203 , 7.55067
45.34 , 19.6589546203 , 7.55633
45.37 , 19.7675666809 , 7.56217
45.41 , 19.7675666809 , 7.56783
45.44 , 19.7675666809 , 7.57367
45.47 , 19.8761806488 , 7.57917
45.51 , 19.8761806488 , 7.58500
45.54 , 19.8761806488 , 7.59067
45.58 , 19.7675666809 , 7.59650
45.61 , 19.8761806488 , 7.60217
45.65 , 19.8761806488 , 7.60783
45.68 , 19.8761806488 , 7.61350
45.72 , 19.8761806488 , 7.61933
45.75 , 19.8761806488 , 7.62500
45.79 , 19.9847927093 , 7.63083
45.82 , 19.8761806488 , 7.63633
45.85 , 19.8761806488 , 7.64217
45.89 , 19.9847927093 , 7.64783
45.92 , 19.9847927093 , 7.65367
45.96 , 20.0934066772 , 7.65933
45.99 , 20.0934066772 , 7.66500
46.03 , 20.0934066772 , 7.67083
46.06 , 20.0934066772 , 7.67650
46.09 , 20.0934066772 , 7.68233
46.13 , 20.0934066772 , 7.68800
46.16 , 20.0934066772 , 7.69367
46.20 , 20.0934066772 , 7.69933
46.23 , 20.2020187377 , 7.70517
46.27 , 20.0934066772 , 7.71083
46.30 , 20.0934066772 , 7.71667
46.33 , 20.2020187377 , 7.72217
46.37 , 20.2020187377 , 7.72800
46.40 , 20.3106307983 , 7.73367
46.44 , 20.3106307983 , 7.73950
46.47 , 20.3106307983 , 7.74517
46.51 , 20.3106307983 , 7.75083
46.54 , 20.3106307983 , 7.75650
46.57 , 20.4192447662 , 7.76233
46.61 , 20.3106307983 , 7.76800
46.64 , 20.4192447662 , 7.77383
46.68 , 20.4192447662 , 7.77933
46.71 , 20.4192447662 , 7.78517
46.75 , 20.4192447662 , 7.79083
46.78 , 20.4192447662 , 7.79667
46.81 , 20.4192447662 , 7.80233
46.85 , 20.5278568267 , 7.80817
46.88 , 20.4192447662 , 7.81367
46.92 , 20.5278568267 , 7.81950
46.95 , 20.5278568267 , 7.82517
46.99 , 20.5278568267 , 7.83100
47.02 , 20.5278568267 , 7.83667
47.05 , 20.5278568267 , 7.84233
47.09 , 20.5278568267 , 7.84817
47.12 , 20.5278568267 , 7.85383
47.16 , 20.6364707946 , 7.85967
47.19 , 20.6364707946 , 7.86533
47.23 , 20.5278568267 , 7.87100
47.26 , 20.6364707946 , 7.87667
47.29 , 20.6364707946 , 7.88250
47.33 , 20.7450828552 , 7.88817
47.36 , 20.7450828552 , 7.89400
47.40 , 20.6364707946 , 7.89950
47.43 , 20.7450828552 , 7.90533
47.47 , 20.7450828552 , 7.91100
47.50 , 20.7450828552 , 7.91683
47.54 , 20.8536968231 , 7.92250
47.57 , 20.8536968231 , 7.92817
47.60 , 20.7450828552 , 7.93383
47.64 , 20.8536968231 , 7.93967
47.67 , 20.8536968231 , 7.94533
47.71 , 20.8536968231 , 7.95117
47.74 , 20.8536968231 , 7.95667
47.78 , 20.9623088836 , 7.96250
47.81 , 20.8536968231 , 7.96817
47.84 , 20.9623088836 , 7.97400
47.88 , 20.9623088836 , 7.97967
47.91 , 20.9623088836 , 7.98533
47.95 , 20.9623088836 , 7.99100
47.98 , 20.9623088836 , 7.99683
48.02 , 21.0709228515 , 8.00250
48.05 , 21.0709228515 , 8.00833
48.08 , 21.1795349121 , 8.01383
48.12 , 21.1795349121 , 8.01967
48.15 , 21.1795349121 , 8.02533
48.19 , 21.1795349121 , 8.03117
48.22 , 21.0709228515 , 8.03700
48.26 , 21.1795349121 , 8.04267
48.29 , 21.1795349121 , 8.04833
48.32 , 21.1795349121 , 8.05400
48.36 , 21.1795349121 , 8.05983
48.39 , 21.1795349121 , 8.06550
48.43 , 21.2881469726 , 8.07133
48.46 , 21.2881469726 , 8.07683
48.50 , 21.2881469726 , 8.08267
48.53 , 21.2881469726 , 8.08833
48.56 , 21.2881469726 , 8.09417
48.60 , 21.2881469726 , 8.09983
48.63 , 21.2881469726 , 8.10550
48.67 , 21.3967609405 , 8.11117
48.70 , 21.3967609405 , 8.11700
48.74 , 21.5053768157 , 8.12267
48.77 , 21.5053768157 , 8.12850
48.80 , 21.5053768157 , 8.13400
48.84 , 21.3967609405 , 8.13983
48.87 , 21.5053768157 , 8.14550
48.91 , 21.6139888763 , 8.15133
48.94 , 21.5053768157 , 8.15700
48.98 , 21.5053768157 , 8.16267
49.01 , 21.5053768157 , 8.16833
49.04 , 21.6139888763 , 8.17417
49.08 , 21.6139888763 , 8.17983
49.11 , 21.6139888763 , 8.18567
49.15 , 21.6139888763 , 8.19117
49.18 , 21.6139888763 , 8.19700
49.22 , 21.6139888763 , 8.20267
49.25 , 21.6139888763 , 8.20850
49.29 , 21.7226028442 , 8.21433
49.32 , 21.7226028442 , 8.21983
49.35 , 21.6139888763 , 8.22567
49.39 , 21.7226028442 , 8.23133
49.42 , 21.7226028442 , 8.23717
49.46 , 21.7226028442 , 8.24283
49.49 , 21.8312149047 , 8.24850
49.53 , 21.7226028442 , 8.25417
49.56 , 21.8312149047 , 8.26000
49.59 , 21.8312149047 , 8.26567
49.63 , 21.9398269653 , 8.27150
49.66 , 21.8312149047 , 8.27700
49.70 , 21.8312149047 , 8.28283
49.73 , 21.9398269653 , 8.28850
49.77 , 21.9398269653 , 8.29433
49.80 , 21.9398269653 , 8.30000
49.84 , 22.0484409332 , 8.30583
49.87 , 21.9398269653 , 8.31133
49.90 , 21.9398269653 , 8.31717
49.94 , 22.0484409332 , 8.32283
49.97 , 22.0484409332 , 8.32867
50.01 , 22.0484409332 , 8.33433
50.04 , 22.0484409332 , 8.34000
50.07 , 22.0484409332 , 8.34567
50.11 , 22.0484409332 , 8.35150
50.14 , 22.0484409332 , 8.35717
50.18 , 22.1570529937 , 8.36300
50.21 , 22.1570529937 , 8.36850
50.25 , 22.1570529937 , 8.37433
50.28 , 22.2656669616 , 8.38000
50.31 , 22.1570529937 , 8.38583
50.35 , 22.1570529937 , 8.39150
50.38 , 22.1570529937 , 8.39717
50.42 , 22.2656669616 , 8.40300
50.45 , 22.2656669616 , 8.40867
50.49 , 22.2656669616 , 8.41450
50.52 , 22.2656669616 , 8.42017
50.56 , 22.3742790222 , 8.42583
50.59 , 22.3742790222 , 8.43150
50.62 , 22.3742790222 , 8.43733
50.66 , 22.3742790222 , 8.44300
50.69 , 22.3742790222 , 8.44883
50.73 , 22.3742790222 , 8.45433
50.76 , 22.4828929901 , 8.46017
50.79 , 22.4828929901 , 8.46583
50.83 , 22.4828929901 , 8.47167
50.86 , 22.4828929901 , 8.47733
50.90 , 22.4828929901 , 8.48300
50.93 , 22.5915050506 , 8.48867
50.97 , 22.5915050506 , 8.49450
51.00 , 22.4828929901 , 8.50017
51.04 , 22.5915050506 , 8.50600
51.07 , 22.7001190185 , 8.51150
51.10 , 22.7001190185 , 8.51733
51.14 , 22.7001190185 , 8.52300
51.17 , 22.7001190185 , 8.52883
51.21 , 22.5915050506 , 8.53450
51.24 , 22.7001190185 , 8.54017
51.28 , 22.7001190185 , 8.54583
51.31 , 22.7001190185 , 8.55167
51.34 , 22.8087310791 , 8.55733
51.38 , 22.8087310791 , 8.56317
51.41 , 22.8087310791 , 8.56867
51.45 , 22.8087310791 , 8.57450
51.48 , 22.8087310791 , 8.58033
51.52 , 22.8087310791 , 8.58600
51.55 , 22.9173431396 , 8.59183
51.59 , 22.8087310791 , 8.59750
51.62 , 22.9173431396 , 8.60317
51.65 , 22.8087310791 , 8.60883
51.69 , 23.0259571075 , 8.61467
51.72 , 22.9173431396 , 8.62033
51.76 , 22.9173431396 , 8.62617
51.79 , 23.0259571075 , 8.63167
51.83 , 23.0259571075 , 8.63750
51.86 , 23.0259571075 , 8.64317
51.89 , 23.0259571075 , 8.64900
51.93 , 23.0259571075 , 8.65467
51.96 , 23.0259571075 , 8.66033
52.00 , 23.1345691680 , 8.66600
52.03 , 23.0259571075 , 8.67183
52.06 , 23.1345691680 , 8.67750
52.10 , 23.1345691680 , 8.68333
52.13 , 23.1345691680 , 8.68883
52.17 , 23.1345691680 , 8.69467
52.20 , 23.1345691680 , 8.70033
52.24 , 23.2431831359 , 8.70617
52.27 , 23.2431831359 , 8.71183
52.31 , 23.2431831359 , 8.71750
52.34 , 23.2431831359 , 8.72317
52.37 , 23.2431831359 , 8.72900
52.41 , 23.2431831359 , 8.73467
52.44 , 23.2431831359 , 8.74050
52.48 , 23.3517951965 , 8.74600
52.51 , 23.3517951965 , 8.75183
52.54 , 23.4604091644 , 8.75750
52.58 , 23.3517951965 , 8.76333
52.62 , 23.2431831359 , 8.76917
52.65 , 23.4604091644 , 8.77467
52.68 , 23.3517951965 , 8.78050
52.72 , 23.3517951965 , 8.78617
52.75 , 23.4604091644 , 8.79200
52.79 , 23.4604091644 , 8.79767
52.82 , 23.5690212249 , 8.80333
52.85 , 23.5690212249 , 8.80900
52.89 , 23.5690212249 , 8.81483
52.92 , 23.5690212249 , 8.82050
52.96 , 23.5690212249 , 8.82633
52.99 , 23.5690212249 , 8.83200
53.03 , 23.5690212249 , 8.83767
53.06 , 23.5690212249 , 8.84333
53.10 , 23.5690212249 , 8.84917
53.13 , 23.5690212249 , 8.85483
53.16 , 23.6776351928 , 8.86067
53.20 , 23.6776351928 , 8.86617
53.23 , 23.7862472534 , 8.87200
53.27 , 23.7862472534 , 8.87767
53.30 , 23.6776351928 , 8.88350
53.34 , 23.7862472534 , 8.88917
53.37 , 23.8948593139 , 8.89483
53.40 , 23.7862472534 , 8.90050
53.44 , 23.8948593139 , 8.90633
53.47 , 23.8948593139 , 8.91200
53.51 , 23.8948593139 , 8.91783
53.54 , 24.0034732818 , 8.92333
53.58 , 23.8948593139 , 8.92917
53.61 , 23.8948593139 , 8.93483
53.64 , 24.0034732818 , 8.94067
53.68 , 23.8948593139 , 8.94650
53.71 , 24.0034732818 , 8.95200
53.75 , 24.0034732818 , 8.95783
53.78 , 24.0034732818 , 8.96350
53.82 , 24.0034732818 , 8.96933
53.85 , 24.0034732818 , 8.97500
53.88 , 24.0034732818 , 8.98067
53.92 , 24.1120853424 , 8.98633
53.95 , 24.1120853424 , 8.99217
53.99 , 24.1120853424 , 8.99783
54.02 , 24.1120853424 , 9.00367
54.06 , 24.1120853424 , 9.00917
54.09 , 24.1120853424 , 9.01500
54.12 , 24.1120853424 , 9.02067
54.16 , 24.1120853424 , 9.02650
54.19 , 24.1120853424 , 9.03217
54.23 , 24.2207012176 , 9.03783
54.26 , 24.2207012176 , 9.04350
54.30 , 24.2207012176 , 9.04933
54.33 , 24.3293151855 , 9.05500
54.37 , 24.3293151855 , 9.06083
54.40 , 24.3293151855 , 9.06633
54.43 , 24.3293151855 , 9.07217
54.47 , 24.4379272460 , 9.07783
54.50 , 24.3293151855 , 9.08367
54.54 , 24.3293151855 , 9.08933
54.57 , 24.3293151855 , 9.09517
54.60 , 24.4379272460 , 9.10067
54.64 , 24.3293151855 , 9.10650
54.67 , 24.3293151855 , 9.11217
54.71 , 24.4379272460 , 9.11800
54.74 , 24.4379272460 , 9.12367
54.78 , 24.5465393066 , 9.12933
54.81 , 24.4379272460 , 9.13517
54.85 , 24.5465393066 , 9.14083
54.88 , 24.5465393066 , 9.14667
54.91 , 24.5465393066 , 9.15233
54.95 , 24.6551532745 , 9.15800
54.98 , 24.5465393066 , 9.16367
55.02 , 24.6551532745 , 9.16950
55.05 , 24.6551532745 , 9.17517
55.09 , 24.6551532745 , 9.18100
55.12 , 24.7637653350 , 9.18650
55.15 , 24.6551532745 , 9.19233
55.19 , 24.7637653350 , 9.19800
55.22 , 24.7637653350 , 9.20383
55.26 , 24.7637653350 , 9.20950
55.29 , 24.7637653350 , 9.21517
55.33 , 24.7637653350 , 9.22083
55.36 , 24.7637653350 , 9.22667
55.39 , 24.8723793029 , 9.23233
55.43 , 24.8723793029 , 9.23817
55.46 , 24.8723793029 , 9.24367
55.50 , 24.8723793029 , 9.24950
55.53 , 24.9809913635 , 9.25517
55.57 , 24.8723793029 , 9.26100
55.60 , 24.8723793029 , 9.26667
55.63 , 24.8723793029 , 9.27233
55.67 , 24.9809913635 , 9.27800
55.70 , 24.9809913635 , 9.28383
55.74 , 24.9809913635 , 9.28950
55.77 , 25.0896053314 , 9.29533
55.81 , 25.0896053314 , 9.30083
55.84 , 25.0896053314 , 9.30667
55.88 , 25.0896053314 , 9.31250
55.91 , 25.0896053314 , 9.31817
55.94 , 25.1982173919 , 9.32400
55.98 , 25.0896053314 , 9.32950
56.01 , 25.1982173919 , 9.33533
56.05 , 25.1982173919 , 9.34100
56.08 , 25.0896053314 , 9.34683
56.12 , 25.1982173919 , 9.35250
56.15 , 25.1982173919 , 9.35833
56.18 , 25.3068313598 , 9.36383
56.22 , 25.1982173919 , 9.36967
56.25 , 25.3068313598 , 9.37533
56.29 , 25.1982173919 , 9.38117
56.32 , 25.3068313598 , 9.38683
56.36 , 25.3068313598 , 9.39250
56.39 , 25.3068313598 , 9.39817
56.42 , 25.3068313598 , 9.40400
56.46 , 25.3068313598 , 9.40967
56.49 , 25.4154434204 , 9.41550
56.53 , 25.4154434204 , 9.42100
56.56 , 25.4154434204 , 9.42683
56.60 , 25.4154434204 , 9.43250
56.63 , 25.5240554809 , 9.43833
56.66 , 25.4154434204 , 9.44400
56.70 , 25.5240554809 , 9.44967
56.73 , 25.5240554809 , 9.45533
56.77 , 25.5240554809 , 9.46117
56.80 , 25.5240554809 , 9.46683
56.84 , 25.5240554809 , 9.47267
56.87 , 25.6326694488 , 9.47817
56.90 , 25.5240554809 , 9.48400
56.94 , 25.6326694488 , 9.48967
56.97 , 25.6326694488 , 9.49550
57.01 , 25.6326694488 , 9.50133
57.04 , 25.7412815093 , 9.50683
57.08 , 25.7412815093 , 9.51267
57.11 , 25.7412815093 , 9.51833
57.15 , 25.7412815093 , 9.52417
57.18 , 25.6326694488 , 9.52983
57.21 , 25.7412815093 , 9.53550
57.25 , 25.8498954772 , 9.54117
57.28 , 25.7412815093 , 9.54700
57.32 , 25.8498954772 , 9.55267
57.35 , 25.8498954772 , 9.55850
57.38 , 25.8498954772 , 9.56400
57.42 , 25.8498954772 , 9.56983
57.45 , 25.8498954772 , 9.57550
57.49 , 25.8498954772 , 9.58133
57.52 , 25.8498954772 , 9.58700
57.56 , 25.9585075378 , 9.59267
57.59 , 25.9585075378 , 9.59833
57.63 , 25.9585075378 , 9.60417
57.66 , 25.9585075378 , 9.60983
57.69 , 25.9585075378 , 9.61567
57.73 , 26.0671215057 , 9.62133
57.76 , 26.0671215057 , 9.62700
57.80 , 26.0671215057 , 9.63267
57.83 , 26.0671215057 , 9.63850
57.87 , 26.1757335662 , 9.64417
57.90 , 26.0671215057 , 9.65000
57.93 , 26.1757335662 , 9.65550
57.97 , 26.1757335662 , 9.66133
58.00 , 26.1757335662 , 9.66700
58.04 , 26.1757335662 , 9.67283
58.07 , 26.2843475341 , 9.67867
58.11 , 26.2843475341 , 9.68417
58.14 , 26.1757335662 , 9.69000
58.17 , 26.2843475341 , 9.69567
58.21 , 26.2843475341 , 9.70150
58.24 , 26.2843475341 , 9.70717
58.28 , 26.2843475341 , 9.71283
58.31 , 26.3929595947 , 9.71850
58.35 , 26.5015716552 , 9.72433
58.38 , 26.3929595947 , 9.73000
58.42 , 26.3929595947 , 9.73583
58.45 , 26.3929595947 , 9.74133
58.48 , 26.3929595947 , 9.74717
58.52 , 26.5015716552 , 9.75283
58.55 , 26.5015716552 , 9.75867
58.59 , 26.5015716552 , 9.76433
58.62 , 26.5015716552 , 9.77000
58.65 , 26.5015716552 , 9.77567
58.69 , 26.6101856231 , 9.78150
58.72 , 26.6101856231 , 9.78717
58.76 , 26.6101856231 , 9.79300
58.79 , 26.5015716552 , 9.79850
58.83 , 26.6101856231 , 9.80433
58.86 , 26.6101856231 , 9.81000
58.90 , 26.6101856231 , 9.81583
58.93 , 26.7187976837 , 9.82150
58.96 , 26.7187976837 , 9.82717
59.00 , 26.6101856231 , 9.83283
59.03 , 26.7187976837 , 9.83867
59.07 , 26.7187976837 , 9.84433
59.10 , 26.8274116516 , 9.85017
59.13 , 26.7187976837 , 9.85567
59.17 , 26.7187976837 , 9.86150
59.20 , 26.8274116516 , 9.86733
59.24 , 26.8274116516 , 9.87300
59.27 , 26.9360237121 , 9.87883
59.31 , 26.8274116516 , 9.88450
59.34 , 26.8274116516 , 9.89017
59.38 , 26.8274116516 , 9.89583
59.41 , 26.9360237121 , 9.90167
59.44 , 26.8274116516 , 9.90733
59.48 , 26.9360237121 , 9.91317
59.51 , 26.9360237121 , 9.91867
59.55 , 26.9360237121 , 9.92450
59.58 , 26.9360237121 , 9.93017
59.62 , 26.9360237121 , 9.93600
59.65 , 27.0446395874 , 9.94167
59.68 , 27.0446395874 , 9.94733
59.72 , 27.0446395874 , 9.95300
59.75 , 27.0446395874 , 9.95883
59.79 , 27.1532516479 , 9.96450
59.82 , 27.1532516479 , 9.97033
59.86 , 27.1532516479 , 9.97583
59.89 , 27.1532516479 , 9.98167
59.92 , 27.1532516479 , 9.98733
59.96 , 27.2618656158 , 9.99317
59.99 , 27.1532516479 , 9.99883
60.03 , 27.1532516479 , 10.00450
60.06 , 27.2618656158 , 10.01033
60.10 , 27.2618656158 , 10.01633
60.13 , 27.3704776763 , 10.02217
60.17 , 27.2618656158 , 10.02817
60.21 , 27.3704776763 , 10.03417
60.24 , 27.3704776763 , 10.03983
60.28 , 27.3704776763 , 10.04583
60.31 , 27.3704776763 , 10.05167
60.35 , 27.4790916442 , 10.05767
60.38 , 27.3704776763 , 10.06350
60.42 , 27.4790916442 , 10.06950
60.45 , 27.4790916442 , 10.07517
60.49 , 27.4790916442 , 10.08117
60.52 , 27.5877037048 , 10.08700
60.56 , 27.5877037048 , 10.09300
60.59 , 27.4790916442 , 10.09883
60.63 , 27.5877037048 , 10.10467
60.66 , 27.5877037048 , 10.11050
60.70 , 27.5877037048 , 10.11650
60.74 , 27.6963176727 , 10.12250
60.77 , 27.5877037048 , 10.12833
60.81 , 27.6963176727 , 10.13433
60.84 , 27.6963176727 , 10.14000
60.88 , 27.6963176727 , 10.14600
60.91 , 27.6963176727 , 10.15183
60.95 , 27.6963176727 , 10.15783
60.98 , 27.6963176727 , 10.16367
61.02 , 27.6963176727 , 10.16967
61.05 , 27.8049297332 , 10.17533
61.09 , 27.8049297332 , 10.18133
61.12 , 27.8049297332 , 10.18717
61.16 , 27.8049297332 , 10.19317
61.19 , 27.9135437011 , 10.19900
61.23 , 27.9135437011 , 10.20500
61.26 , 27.9135437011 , 10.21067
61.30 , 27.8049297332 , 10.21667
61.34 , 27.9135437011 , 10.22267
61.37 , 27.9135437011 , 10.22850
61.41 , 27.9135437011 , 10.23450
61.44 , 27.9135437011 , 10.24033
61.48 , 28.0221557617 , 10.24617
61.51 , 28.0221557617 , 10.25200
61.55 , 28.1307678222 , 10.25800
61.58 , 28.0221557617 , 10.26383
61.62 , 28.0221557617 , 10.26983
61.65 , 28.0221557617 , 10.27567
61.69 , 28.1307678222 , 10.28150
61.72 , 28.1307678222 , 10.28733
61.76 , 28.1307678222 , 10.29333
61.79 , 28.1307678222 , 10.29917
61.83 , 28.1307678222 , 10.30517
61.87 , 28.2393817901 , 10.31117
61.90 , 28.2393817901 , 10.31683
61.94 , 28.1307678222 , 10.32283
61.97 , 28.2393817901 , 10.32867
62.01 , 28.2393817901 , 10.33467
62.04 , 28.2393817901 , 10.34050
62.08 , 28.2393817901 , 10.34633
62.11 , 28.3479938507 , 10.35217
62.15 , 28.3479938507 , 10.35817
62.18 , 28.3479938507 , 10.36400
62.22 , 28.3479938507 , 10.37000
62.26 , 28.4566078186 , 10.37583
62.29 , 28.4566078186 , 10.38167
62.33 , 28.3479938507 , 10.38750
62.36 , 28.4566078186 , 10.39350
62.40 , 28.4566078186 , 10.39933
62.43 , 28.5652198791 , 10.40533
62.47 , 28.5652198791 , 10.41133
62.50 , 28.4566078186 , 10.41700
62.54 , 28.4566078186 , 10.42300
62.57 , 28.5652198791 , 10.42883
62.61 , 28.6738338470 , 10.43483
62.64 , 28.6738338470 , 10.44067
62.68 , 28.5652198791 , 10.44667
62.71 , 28.5652198791 , 10.45233
62.75 , 28.6738338470 , 10.45833
62.79 , 28.6738338470 , 10.46417
62.82 , 28.6738338470 , 10.47017
62.86 , 28.6738338470 , 10.47600
62.89 , 28.6738338470 , 10.48200
62.93 , 28.7824459075 , 10.48767
62.96 , 28.6738338470 , 10.49367
63.00 , 28.7824459075 , 10.49967
63.03 , 28.7824459075 , 10.50550
63.07 , 28.8910598754 , 10.51150
63.10 , 28.8910598754 , 10.51733
63.14 , 28.7824459075 , 10.52317
63.17 , 28.8910598754 , 10.52900
63.21 , 28.8910598754 , 10.53500
63.25 , 28.9996719360 , 10.54083
63.28 , 28.8910598754 , 10.54683
63.31 , 28.9996719360 , 10.55250
63.35 , 28.8910598754 , 10.55850
63.39 , 28.9996719360 , 10.56433
63.42 , 28.9996719360 , 10.57033
63.46 , 28.9996719360 , 10.57617
63.49 , 28.9996719360 , 10.58217
63.53 , 29.1082839965 , 10.58783
63.56 , 29.1082839965 , 10.59383
63.60 , 29.1082839965 , 10.59983
63.63 , 29.1082839965 , 10.60567
63.67 , 29.1082839965 , 10.61167
63.71 , 29.2168979644 , 10.61750
63.74 , 29.1082839965 , 10.62333
63.78 , 29.2168979644 , 10.62917
63.81 , 29.2168979644 , 10.63517
63.85 , 29.2168979644 , 10.64100
63.88 , 29.2168979644 , 10.64700
63.92 , 29.2168979644 , 10.65283
63.95 , 29.3255100250 , 10.65867
63.99 , 29.2168979644 , 10.66450
64.02 , 29.3255100250 , 10.67050
64.06 , 29.3255100250 , 10.67633
64.09 , 29.3255100250 , 10.68233
64.13 , 29.4341239929 , 10.68833
64.16 , 29.3255100250 , 10.69400
64.20 , 29.4341239929 , 10.70000
64.23 , 29.4341239929 , 10.70583
64.27 , 29.4341239929 , 10.71183
64.31 , 29.5427360534 , 10.71767
64.34 , 29.4341239929 , 10.72367
64.38 , 29.5427360534 , 10.72933
64.41 , 29.5427360534 , 10.73533
64.45 , 29.4341239929 , 10.74117
64.48 , 29.5427360534 , 10.74717
64.52 , 29.5427360534 , 10.75300
64.55 , 29.5427360534 , 10.75883
64.59 , 29.6513500213 , 10.76467
64.62 , 29.6513500213 , 10.77067
64.66 , 29.6513500213 , 10.77650
64.69 , 29.6513500213 , 10.78250
64.73 , 29.6513500213 , 10.78850
64.76 , 29.7599639892 , 10.79417
64.80 , 29.6513500213 , 10.80017
64.84 , 29.7599639892 , 10.80600
64.87 , 29.7599639892 , 10.81200
64.91 , 29.8685779571 , 10.81783
64.94 , 29.8685779571 , 10.82383
64.98 , 29.7599639892 , 10.82950
65.01 , 29.8685779571 , 10.83550
65.05 , 29.8685779571 , 10.84133
65.08 , 29.8685779571 , 10.84733
65.12 , 29.8685779571 , 10.85317
65.15 , 29.9771900177 , 10.85917
65.19 , 29.9771900177 , 10.86483
65.22 , 29.8685779571 , 10.87083
65.26 , 29.9771900177 , 10.87683
65.30 , 30.0858039855 , 10.88267
65.33 , 29.9771900177 , 10.88867
65.37 , 29.9771900177 , 10.89450
65.40 , 30.0858039855 , 10.90033
65.44 , 30.0858039855 , 10.90617
65.47 , 30.0858039855 , 10.91217
65.51 , 30.0858039855 , 10.91800
65.54 , 30.1944160461 , 10.92400
65.58 , 30.0858039855 , 10.92983
65.61 , 30.0858039855 , 10.93567
65.65 , 30.1944160461 , 10.94150
65.68 , 30.1944160461 , 10.94750
65.72 , 30.1944160461 , 10.95333
65.76 , 30.1944160461 , 10.95933
65.79 , 30.1944160461 , 10.96500
65.83 , 30.1944160461 , 10.97100
65.86 , 30.3030300140 , 10.97700
65.90 , 30.3030300140 , 10.98283
65.93 , 30.3030300140 , 10.98883
65.97 , 30.3030300140 , 10.99467
66.00 , 30.4116420745 , 11.00050
66.04 , 30.3030300140 , 11.00633
66.07 , 30.4116420745 , 11.01233
66.11 , 30.4116420745 , 11.01817
66.14 , 30.3030300140 , 11.02417
66.18 , 30.5202560424 , 11.03000
66.21 , 30.5202560424 , 11.03583
66.25 , 30.5202560424 , 11.04167
66.29 , 30.5202560424 , 11.04767
66.32 , 30.5202560424 , 11.05350
66.36 , 30.5202560424 , 11.05950
66.39 , 30.5202560424 , 11.06550
66.43 , 30.6288681030 , 11.07117
66.46 , 30.5202560424 , 11.07717
66.50 , 30.6288681030 , 11.08300
66.53 , 30.6288681030 , 11.08900
66.57 , 30.7374801635 , 11.09483
66.61 , 30.6288681030 , 11.10083
66.64 , 30.6288681030 , 11.10650
66.68 , 30.7374801635 , 11.11250
66.71 , 30.7374801635 , 11.11833
66.75 , 30.7374801635 , 11.12433
66.78 , 30.7374801635 , 11.13017
66.82 , 30.7374801635 , 11.13617
66.85 , 30.8460941314 , 11.14183
66.89 , 30.7374801635 , 11.14783
66.92 , 30.8460941314 , 11.15367
66.96 , 30.7374801635 , 11.15967
66.99 , 30.8460941314 , 11.16567
67.03 , 30.8460941314 , 11.17133
67.06 , 30.8460941314 , 11.17733
67.10 , 30.8460941314 , 11.18317
67.13 , 30.9547061920 , 11.18917
67.17 , 30.9547061920 , 11.19500
67.21 , 30.9547061920 , 11.20100
67.24 , 30.9547061920 , 11.20667
67.28 , 30.9547061920 , 11.21267
67.31 , 30.9547061920 , 11.21850
67.35 , 31.0633201599 , 11.22450
67.38 , 31.0633201599 , 11.23033
67.42 , 31.0633201599 , 11.23633
67.45 , 31.1719322204 , 11.24200
67.49 , 31.1719322204 , 11.24800
67.52 , 31.2805461883 , 11.25400
67.56 , 31.2805461883 , 11.25983
67.59 , 31.1719322204 , 11.26583
67.63 , 31.2805461883 , 11.27167
67.66 , 31.2805461883 , 11.27750
67.70 , 31.2805461883 , 11.28333
67.74 , 31.2805461883 , 11.28933
67.77 , 31.2805461883 , 11.29517
67.81 , 31.3891582489 , 11.30117
67.84 , 31.3891582489 , 11.30700
67.88 , 31.3891582489 , 11.31283
67.91 , 31.3891582489 , 11.31867
67.95 , 31.4977722167 , 11.32467
67.98 , 31.3891582489 , 11.33050
68.02 , 31.3891582489 , 11.33650
68.05 , 31.4977722167 , 11.34233
68.09 , 31.4977722167 , 11.34817
68.12 , 31.4977722167 , 11.35417
68.16 , 31.6063842773 , 11.36000
68.20 , 31.4977722167 , 11.36600
68.23 , 31.4977722167 , 11.37183
68.27 , 31.4977722167 , 11.37783
68.30 , 31.6063842773 , 11.38350
68.34 , 31.6063842773 , 11.38950
68.37 , 31.6063842773 , 11.39533
68.41 , 31.6063842773 , 11.40133
68.44 , 31.6063842773 , 11.40717
68.48 , 31.6063842773 , 11.41300
68.51 , 31.7149963378 , 11.41883
68.55 , 31.6063842773 , 11.42483
68.58 , 31.7149963378 , 11.43067
68.62 , 31.7149963378 , 11.43667
68.66 , 31.7149963378 , 11.44267
68.69 , 31.7149963378 , 11.44833
68.73 , 31.8236103057 , 11.45433
68.76 , 31.8236103057 , 11.46017
68.80 , 31.8236103057 , 11.46617
68.83 , 31.8236103057 , 11.47200
68.87 , 31.8236103057 , 11.47800
68.90 , 31.9322223663 , 11.48367
68.94 , 31.9322223663 , 11.48967
68.97 , 31.9322223663 , 11.49550
69.01 , 31.9322223663 , 11.50150
69.04 , 31.9322223663 , 11.50733
69.08 , 31.9322223663 , 11.51333
69.11 , 32.0408363342 , 11.51900
69.15 , 32.0408363342 , 11.52500
69.18 , 32.0408363342 , 11.53083
69.22 , 32.0408363342 , 11.53683
69.26 , 32.0408363342 , 11.54283
69.29 , 32.0408363342 , 11.54867
69.33 , 32.0408363342 , 11.55450
69.36 , 32.0408363342 , 11.56033
69.40 , 32.1494483947 , 11.56633
69.43 , 32.1494483947 , 11.57217
69.47 , 32.1494483947 , 11.57817
69.50 , 32.2580604553 , 11.58400
69.54 , 32.2580604553 , 11.58983
69.57 , 32.1494483947 , 11.59567
69.61 , 32.2580604553 , 11.60167
69.64 , 32.2580604553 , 11.60750
69.68 , 32.2580604553 , 11.61350
69.71 , 32.2580604553 , 11.61917
69.75 , 32.3666763305 , 11.62517
69.79 , 32.3666763305 , 11.63117
69.82 , 32.3666763305 , 11.63700
69.86 , 32.4752883911 , 11.64300
69.89 , 32.3666763305 , 11.64883
69.93 , 32.3666763305 , 11.65467
69.96 , 32.4752883911 , 11.66050
70.00 , 32.4752883911 , 11.66650
70.03 , 32.4752883911 , 11.67233
70.07 , 32.4752883911 , 11.67833
70.11 , 32.4752883911 , 11.68417
70.14 , 32.4752883911 , 11.69000
70.18 , 32.5839004516 , 11.69583
70.21 , 32.5839004516 , 11.70183
70.25 , 32.5839004516 , 11.70767
70.28 , 32.5839004516 , 11.71367
70.32 , 32.5839004516 , 11.71950
70.35 , 32.6925125122 , 11.72533
70.39 , 32.5839004516 , 11.73133
70.42 , 32.6925125122 , 11.73717
70.46 , 32.8011245727 , 11.74317
70.49 , 32.6925125122 , 11.74900
70.53 , 32.6925125122 , 11.75500
70.56 , 32.8011245727 , 11.76067
70.60 , 32.8011245727 , 11.76667
70.63 , 32.8011245727 , 11.77250
70.67 , 32.8011245727 , 11.77850
70.71 , 32.8011245727 , 11.78433
70.74 , 32.9097404479 , 11.79033
70.78 , 32.8011245727 , 11.79600
70.81 , 32.8011245727 , 11.80200
70.85 , 32.9097404479 , 11.80783
70.88 , 32.9097404479 , 11.81383
70.92 , 32.9097404479 , 11.81983
70.95 , 32.9097404479 , 11.82550
70.99 , 33.0183525085 , 11.83150
71.02 , 32.9097404479 , 11.83733
71.06 , 33.0183525085 , 11.84333
71.09 , 33.0183525085 , 11.84917
71.13 , 33.0183525085 , 11.85517
71.16 , 33.0183525085 , 11.86083
71.20 , 33.0183525085 , 11.86683
71.24 , 33.0183525085 , 11.87267
71.27 , 33.1269645690 , 11.87867
71.31 , 33.1269645690 , 11.88450
71.34 , 33.2355766296 , 11.89050
71.38 , 33.2355766296 , 11.89617
71.41 , 33.2355766296 , 11.90217
71.45 , 33.2355766296 , 11.90800
71.48 , 33.2355766296 , 11.91400
71.52 , 33.2355766296 , 11.92000
71.55 , 33.2355766296 , 11.92583
71.59 , 33.2355766296 , 11.93167
71.62 , 33.2355766296 , 11.93750
71.66 , 33.2355766296 , 11.94350
71.70 , 33.3441925048 , 11.94933
71.73 , 33.3441925048 , 11.95533
71.77 , 33.3441925048 , 11.96117
71.80 , 33.4528045654 , 11.96700
71.84 , 33.4528045654 , 11.97283
71.87 , 33.3441925048 , 11.97883
71.91 , 33.4528045654 , 11.98467
71.94 , 33.4528045654 , 11.99067
71.98 , 33.4528045654 , 11.99650
72.01 , 33.4528045654 , 12.00233
72.05 , 33.4528045654 , 12.00833
72.08 , 33.5614166259 , 12.01417
72.12 , 33.5614166259 , 12.02017
72.16 , 33.5614166259 , 12.02600
72.19 , 33.5614166259 , 12.03200
72.23 , 33.6700286865 , 12.03767
72.26 , 33.6700286865 , 12.04367
72.30 , 33.6700286865 , 12.04950
72.33 , 33.6700286865 , 12.05550
72.37 , 33.6700286865 , 12.06133
72.40 , 33.6700286865 , 12.06717
72.44 , 33.7786407470 , 12.07300
72.47 , 33.7786407470 , 12.07900
72.51 , 33.7786407470 , 12.08483
72.54 , 33.7786407470 , 12.09083
72.58 , 33.8872566223 , 12.09667
72.61 , 33.7786407470 , 12.10250
72.65 , 33.7786407470 , 12.10850
72.69 , 33.8872566223 , 12.11433
72.72 , 33.8872566223 , 12.12033
72.76 , 33.8872566223 , 12.12617
72.79 , 33.9958724975 , 12.13217
72.83 , 33.9958724975 , 12.13783
72.86 , 33.9958724975 , 12.14383
72.90 , 33.8872566223 , 12.14967
72.93 , 33.9958724975 , 12.15567
72.97 , 33.9958724975 , 12.16150
73.00 , 34.1044845581 , 12.16750
73.04 , 34.1044845581 , 12.17317
73.07 , 34.1044845581 , 12.17917
73.11 , 34.1044845581 , 12.18500
73.15 , 33.9958724975 , 12.19100
73.18 , 34.1044845581 , 12.19700
73.22 , 34.2131004333 , 12.20283
73.25 , 34.2131004333 , 12.20867
73.29 , 34.2131004333 , 12.21450
73.32 , 34.2131004333 , 12.22050
73.36 , 34.2131004333 , 12.22633
73.39 , 34.2131004333 , 12.23233
73.43 , 34.2131004333 , 12.23800
73.46 , 34.2131004333 , 12.24400
73.50 , 34.4303245544 , 12.24983
73.54 , 34.2131004333 , 12.25583
73.57 , 34.3217124938 , 12.26167
73.61 , 34.3217124938 , 12.26767
73.64 , 34.3217124938 , 12.27333
73.68 , 34.4303245544 , 12.27933
73.71 , 34.4303245544 , 12.28517
73.75 , 34.4303245544 , 12.29117
73.78 , 34.4303245544 , 12.29717
73.82 , 34.4303245544 , 12.30300
73.85 , 34.4303245544 , 12.30883
73.89 , 34.4303245544 , 12.31467
73.92 , 34.4303245544 , 12.32067
73.96 , 34.5389366149 , 12.32650
74.00 , 34.5389366149 , 12.33250
74.03 , 34.5389366149 , 12.33833
74.06 , 34.5389366149 , 12.34417
74.10 , 34.5389366149 , 12.35000
74.14 , 34.6475524902 , 12.35600
74.17 , 34.6475524902 , 12.36183
74.21 , 34.6475524902 , 12.36783
74.24 , 34.6475524902 , 12.37367
74.28 , 34.7561645507 , 12.37950
74.31 , 34.6475524902 , 12.38550
74.35 , 34.7561645507 , 12.39133
74.38 , 34.7561645507 , 12.39733
74.42 , 34.8647766113 , 12.40317
74.45 , 34.8647766113 , 12.40917
74.49 , 34.8647766113 , 12.41483
74.52 , 34.8647766113 , 12.42083
74.56 , 34.8647766113 , 12.42667
74.60 , 34.8647766113 , 12.43267
74.63 , 34.8647766113 , 12.43850
74.67 , 34.8647766113 , 12.44450
74.70 , 34.8647766113 , 12.45017
74.74 , 34.9733886718 , 12.45617
74.77 , 35.0820007324 , 12.46200
74.81 , 34.9733886718 , 12.46800
74.84 , 35.0820007324 , 12.47383
74.88 , 34.9733886718 , 12.47967
74.91 , 34.9733886718 , 12.48567
74.95 , 34.9733886718 , 12.49150
74.98 , 35.1906166076 , 12.49750
75.02 , 35.1906166076 , 12.50333
75.06 , 35.1906166076 , 12.50933
75.09 , 35.0820007324 , 12.51500
75.13 , 35.2992286682 , 12.52100
75.16 , 35.1906166076 , 12.52683
75.20 , 35.1906166076 , 12.53283
75.23 , 35.1906166076 , 12.53867
75.27 , 35.2992286682 , 12.54467
75.30 , 35.2992286682 , 12.55033
75.34 , 35.2992286682 , 12.55633
75.37 , 35.2992286682 , 12.56217
75.41 , 35.1906166076 , 12.56817
75.44 , 35.2992286682 , 12.57417
75.48 , 35.4078407287 , 12.58000
75.51 , 35.4078407287 , 12.58583
75.55 , 35.4078407287 , 12.59167
75.59 , 35.2992286682 , 12.59767
75.62 , 35.4078407287 , 12.60350
75.66 , 35.4078407287 , 12.60950
75.69 , 35.4078407287 , 12.61533
75.73 , 35.4078407287 , 12.62117
75.76 , 35.4078407287 , 12.62700
75.80 , 35.4078407287 , 12.63300
75.83 , 35.5164527893 , 12.63883
75.87 , 35.5164527893 , 12.64483
75.90 , 35.6250686645 , 12.65067
75.94 , 35.5164527893 , 12.65650
75.97 , 35.6250686645 , 12.66233
76.01 , 35.5164527893 , 12.66833
76.05 , 35.7336807250 , 12.67433
76.08 , 35.7336807250 , 12.68017
76.12 , 35.6250686645 , 12.68600
76.15 , 35.6250686645 , 12.69183
76.19 , 35.7336807250 , 12.69783
76.22 , 35.7336807250 , 12.70367
76.26 , 35.7336807250 , 12.70967
76.29 , 35.7336807250 , 12.71550
76.33 , 35.8422927856 , 12.72133
76.36 , 35.8422927856 , 12.72717
76.40 , 35.8422927856 , 12.73317
76.43 , 35.7336807250 , 12.73900
76.47 , 35.8422927856 , 12.74500
76.50 , 35.9509048461 , 12.75083
76.54 , 35.9509048461 , 12.75667
76.58 , 35.9509048461 , 12.76267
76.61 , 35.9509048461 , 12.76850
76.65 , 35.9509048461 , 12.77450
76.68 , 36.0595169067 , 12.78033
76.72 , 35.9509048461 , 12.78633
76.75 , 36.0595169067 , 12.79200
76.79 , 35.9509048461 , 12.79800
76.82 , 36.1681327819 , 12.80383
76.86 , 36.0595169067 , 12.80983
76.89 , 36.0595169067 , 12.81567
76.93 , 36.0595169067 , 12.82167
76.96 , 36.1681327819 , 12.82733
77.00 , 36.1681327819 , 12.83333
77.04 , 36.1681327819 , 12.83917
77.07 , 36.1681327819 , 12.84517
77.11 , 36.1681327819 , 12.85100
77.14 , 36.2767448425 , 12.85700
77.18 , 36.2767448425 , 12.86283
77.21 , 36.2767448425 , 12.86867
77.25 , 36.2767448425 , 12.87467
77.28 , 36.3853569030 , 12.88050
77.32 , 36.3853569030 , 12.88650
77.35 , 36.3853569030 , 12.89217
77.39 , 36.3853569030 , 12.89817
77.42 , 36.3853569030 , 12.90400
77.46 , 36.3853569030 , 12.91000
77.50 , 36.4939689636 , 12.91583
77.53 , 36.4939689636 , 12.92183
77.56 , 36.4939689636 , 12.92750
77.60 , 36.4939689636 , 12.93350
77.64 , 36.6025848388 , 12.93933
77.67 , 36.4939689636 , 12.94533
77.71 , 36.6025848388 , 12.95133
77.74 , 36.6025848388 , 12.95717
77.78 , 36.6025848388 , 12.96300
77.81 , 36.6025848388 , 12.96883
77.85 , 36.6025848388 , 12.97483
77.88 , 36.6025848388 , 12.98067
77.92 , 36.6025848388 , 12.98667
77.95 , 36.7111968994 , 12.99250
77.99 , 36.7111968994 , 12.99833
78.02 , 36.7111968994 , 13.00417
78.06 , 36.7111968994 , 13.01017
78.10 , 36.8198089599 , 13.01600
78.13 , 36.8198089599 , 13.02200
78.17 , 36.8198089599 , 13.02783
78.20 , 36.7111968994 , 13.03367
78.24 , 36.8198089599 , 13.03950
78.27 , 36.8198089599 , 13.04550
78.31 , 36.8198089599 , 13.05150
78.34 , 36.8198089599 , 13.05733
78.38 , 36.9284210205 , 13.06333
78.41 , 36.9284210205 , 13.06900
78.45 , 36.9284210205 , 13.07500
78.48 , 36.9284210205 , 13.08083
78.52 , 37.0370330810 , 13.08683
78.56 , 37.0370330810 , 13.09267
78.59 , 36.9284210205 , 13.09867
78.63 , 37.0370330810 , 13.10433
78.66 , 37.0370330810 , 13.11033
78.70 , 37.0370330810 , 13.11617
78.73 , 37.0370330810 , 13.12217
78.77 , 37.1456489562 , 13.12800
78.80 , 37.1456489562 , 13.13383
78.84 , 37.1456489562 , 13.13983
78.87 , 37.2542610168 , 13.14567
78.91 , 37.1456489562 , 13.15167
78.94 , 37.1456489562 , 13.15750
78.98 , 37.1456489562 , 13.16350
79.01 , 37.2542610168 , 13.16917
79.05 , 37.2542610168 , 13.17517
79.09 , 37.2542610168 , 13.18100
79.12 , 37.2542610168 , 13.18700
79.16 , 37.3628730773 , 13.19283
79.19 , 37.3628730773 , 13.19883
79.23 , 37.3628730773 , 13.20450
79.26 , 37.3628730773 , 13.21050
79.30 , 37.4714851379 , 13.21633
79.33 , 37.4714851379 , 13.22233
79.37 , 37.3628730773 , 13.22817
79.40 , 37.4714851379 , 13.23417
79.44 , 37.4714851379 , 13.24000
79.47 , 37.5801010131 , 13.24583
79.51 , 37.5801010131 , 13.25183
79.55 , 37.5801010131 , 13.25767
79.58 , 37.6887130737 , 13.26367
79.62 , 37.5801010131 , 13.26950
79.65 , 37.5801010131 , 13.27533
79.69 , 37.5801010131 , 13.28117
79.72 , 37.6887130737 , 13.28717
79.76 , 37.6887130737 , 13.29300
79.79 , 37.5801010131 , 13.29900
79.83 , 37.7973251342 , 13.30467
79.86 , 37.6887130737 , 13.31067
79.90 , 37.7973251342 , 13.31650
79.93 , 37.6887130737 , 13.32250
79.97 , 37.7973251342 , 13.32850
80.01 , 37.6887130737 , 13.33433
80.04 , 37.7973251342 , 13.34017
80.08 , 37.7973251342 , 13.34600
80.11 , 37.7973251342 , 13.35200
80.15 , 37.7973251342 , 13.35783
80.18 , 37.9059371948 , 13.36383
80.22 , 37.9059371948 , 13.36967
80.25 , 37.9059371948 , 13.37550
80.29 , 37.9059371948 , 13.38133
80.32 , 37.9059371948 , 13.38733
80.36 , 38.0145492553 , 13.39317
80.39 , 38.0145492553 , 13.39917
80.43 , 38.0145492553 , 13.40500
80.46 , 38.0145492553 , 13.41083
80.50 , 38.0145492553 , 13.41667
80.54 , 38.0145492553 , 13.42267
80.57 , 38.1231651306 , 13.42867
80.61 , 38.1231651306 , 13.43450
80.64 , 38.1231651306 , 13.44050
80.68 , 38.1231651306 , 13.44617
80.71 , 38.1231651306 , 13.45217
80.75 , 38.1231651306 , 13.45800
80.78 , 38.2317771911 , 13.46400
80.82 , 38.2317771911 , 13.46983
80.86 , 38.3403892517 , 13.47583
80.89 , 38.1231651306 , 13.48150
80.93 , 38.2317771911 , 13.48750
80.96 , 38.2317771911 , 13.49333
81.00 , 38.3403892517 , 13.49933
81.03 , 38.3403892517 , 13.50517
81.07 , 38.3403892517 , 13.51117
81.10 , 38.4490013122 , 13.51700
81.14 , 38.3403892517 , 13.52283
81.17 , 38.3403892517 , 13.52883
81.21 , 38.3403892517 , 13.53467
81.24 , 38.4490013122 , 13.54067
81.28 , 38.4490013122 , 13.54633
81.31 , 38.4490013122 , 13.55233
81.35 , 38.4490013122 , 13.55817
81.38 , 38.4490013122 , 13.56417
81.42 , 38.4490013122 , 13.57000
81.46 , 38.5576171875 , 13.57600
81.49 , 38.4490013122 , 13.58167
81.53 , 38.5576171875 , 13.58767
81.56 , 38.5576171875 , 13.59350
81.60 , 38.6662292480 , 13.59950
81.63 , 38.6662292480 , 13.60533
81.67 , 38.6662292480 , 13.61133
81.70 , 38.6662292480 , 13.61717
81.74 , 38.7748413085 , 13.62300
81.77 , 38.6662292480 , 13.62900
81.81 , 38.7748413085 , 13.63483
81.84 , 38.7748413085 , 13.64083
81.88 , 38.7748413085 , 13.64667
81.91 , 38.7748413085 , 13.65250
81.95 , 38.8834533691 , 13.65833
81.99 , 38.7748413085 , 13.66433
82.02 , 38.8834533691 , 13.67017
82.06 , 38.8834533691 , 13.67617
82.09 , 38.8834533691 , 13.68200
82.13 , 38.8834533691 , 13.68783
82.16 , 38.9920654296 , 13.69367
82.20 , 38.9920654296 , 13.69967
82.23 , 38.9920654296 , 13.70567
82.27 , 38.9920654296 , 13.71150
82.30 , 38.9920654296 , 13.71750
82.34 , 39.1006813049 , 13.72317
82.37 , 38.9920654296 , 13.72917
82.41 , 38.9920654296 , 13.73500
82.45 , 39.1006813049 , 13.74100
82.48 , 39.2092933654 , 13.74683
82.52 , 39.1006813049 , 13.75267
82.55 , 39.1006813049 , 13.75850
82.59 , 39.1006813049 , 13.76450
82.62 , 39.1006813049 , 13.77033
82.66 , 39.1006813049 , 13.77633
82.69 , 39.2092933654 , 13.78217
82.73 , 39.1006813049 , 13.78800
82.76 , 39.2092933654 , 13.79383
82.80 , 39.2092933654 , 13.79983
82.83 , 39.3179054260 , 13.80583
82.87 , 39.3179054260 , 13.81167
82.91 , 39.3179054260 , 13.81767
82.94 , 39.3179054260 , 13.82333
82.98 , 39.4265174865 , 13.82933
83.01 , 39.3179054260 , 13.83517
83.05 , 39.4265174865 , 13.84117
83.08 , 39.4265174865 , 13.84700
83.12 , 39.4265174865 , 13.85300
83.15 , 39.4265174865 , 13.85867
83.19 , 39.4265174865 , 13.86467
83.22 , 39.4265174865 , 13.87050
83.26 , 39.4265174865 , 13.87650
83.29 , 39.4265174865 , 13.88233
83.33 , 39.5351371765 , 13.88833
83.36 , 39.5351371765 , 13.89417
83.40 , 39.5351371765 , 13.90000
83.44 , 39.5351371765 , 13.90600
83.47 , 39.6437492370 , 13.91183
83.51 , 39.5351371765 , 13.91783
83.54 , 39.6437492370 , 13.92367
83.58 , 39.6437492370 , 13.92950
83.61 , 39.6437492370 , 13.93533
83.65 , 39.6437492370 , 13.94133
83.68 , 39.6437492370 , 13.94717
83.72 , 39.6437492370 , 13.95317
83.75 , 39.7523612976 , 13.95883
83.79 , 39.7523612976 , 13.96483
83.82 , 39.7523612976 , 13.97067
83.86 , 39.8609771728 , 13.97667
83.89 , 39.8609771728 , 13.98250
83.93 , 39.8609771728 , 13.98850
83.97 , 39.8609771728 , 13.99433
84.00 , 39.8609771728 , 14.00017
84.04 , 39.8609771728 , 14.00617
84.07 , 39.8609771728 , 14.01200
84.11 , 39.9695892333 , 14.01800
84.14 , 39.9695892333 , 14.02383
84.18 , 39.9695892333 , 14.02967
84.21 , 39.9695892333 , 14.03550
84.25 , 39.9695892333 , 14.04150
84.28 , 40.0782012939 , 14.04733
84.32 , 40.0782012939 , 14.05333
84.36 , 40.0782012939 , 14.05917
84.39 , 40.0782012939 , 14.06500
84.43 , 40.1868133544 , 14.07083
84.46 , 40.1868133544 , 14.07683
84.50 , 40.1868133544 , 14.08283
84.53 , 40.1868133544 , 14.08867
84.57 , 40.1868133544 , 14.09467
84.60 , 40.1868133544 , 14.10033
84.64 , 40.2954254150 , 14.10633
84.67 , 40.2954254150 , 14.11217
84.71 , 40.2954254150 , 14.11817
84.74 , 40.2954254150 , 14.12400
84.78 , 40.2954254150 , 14.13000
84.81 , 40.2954254150 , 14.13567
84.85 , 40.2954254150 , 14.14167
84.88 , 40.4040412902 , 14.14750
84.92 , 40.4040412902 , 14.15350
84.96 , 40.4040412902 , 14.15933
84.99 , 40.4040412902 , 14.16533
85.03 , 40.4040412902 , 14.17100
85.06 , 40.5126533508 , 14.17700
85.10 , 40.4040412902 , 14.18300
85.13 , 40.5126533508 , 14.18883
85.17 , 40.5126533508 , 14.19483
85.20 , 40.5126533508 , 14.20050
85.24 , 40.5126533508 , 14.20650
85.27 , 40.5126533508 , 14.21233
85.31 , 40.6212654113 , 14.21833
85.34 , 40.6212654113 , 14.22417
85.38 , 40.5126533508 , 14.23017
85.41 , 40.6212654113 , 14.23583
85.45 , 40.6212654113 , 14.24183
85.49 , 40.7298774719 , 14.24767
85.52 , 40.7298774719 , 14.25367
85.56 , 40.6212654113 , 14.25950
85.59 , 40.7298774719 , 14.26550
85.63 , 40.7298774719 , 14.27133
85.66 , 40.8384933471 , 14.27717
85.70 , 40.7298774719 , 14.28317
85.73 , 40.8384933471 , 14.28900
85.77 , 40.8384933471 , 14.29500
85.80 , 40.8384933471 , 14.30083
85.84 , 40.8384933471 , 14.30667
85.87 , 40.9471054077 , 14.31250
85.91 , 40.8384933471 , 14.31850
85.95 , 40.9471054077 , 14.32433
85.98 , 40.9471054077 , 14.33033
86.02 , 40.9471054077 , 14.33617
86.05 , 40.9471054077 , 14.34200
86.09 , 40.9471054077 , 14.34783
86.12 , 41.0557174682 , 14.35383
86.16 , 41.0557174682 , 14.35967
86.19 , 41.0557174682 , 14.36567
86.23 , 41.0557174682 , 14.37167
86.26 , 41.0557174682 , 14.37733
86.30 , 41.1643295288 , 14.38333
86.33 , 41.0557174682 , 14.38917
86.37 , 41.1643295288 , 14.39517
86.41 , 41.1643295288 , 14.40100
86.44 , 41.1643295288 , 14.40683
86.48 , 41.2729415893 , 14.41267
86.51 , 41.1643295288 , 14.41867
86.55 , 41.2729415893 , 14.42450
86.58 , 41.2729415893 , 14.43050
86.62 , 41.2729415893 , 14.43633
86.65 , 41.3815574645 , 14.44217
86.69 , 41.3815574645 , 14.44800
86.72 , 41.3815574645 , 14.45400
86.76 , 41.3815574645 , 14.46000
86.79 , 41.4901695251 , 14.46583
86.83 , 41.4901695251 , 14.47183
86.86 , 41.5987815856 , 14.47750
86.90 , 41.4901695251 , 14.48350
86.94 , 41.4901695251 , 14.48933
86.97 , 41.5987815856 , 14.49533
87.01 , 41.7073936462 , 14.50117
87.04 , 41.5987815856 , 14.50717
87.08 , 41.7073936462 , 14.51283
87.11 , 41.7073936462 , 14.51883
87.15 , 41.7073936462 , 14.52467
87.18 , 41.7073936462 , 14.53067
87.22 , 41.8160095214 , 14.53650
87.25 , 41.7073936462 , 14.54250
87.29 , 41.7073936462 , 14.54817
87.32 , 41.8160095214 , 14.55417
87.36 , 41.8160095214 , 14.56017
87.40 , 41.8160095214 , 14.56600
87.43 , 41.9246215820 , 14.57200
87.47 , 41.9246215820 , 14.57783
87.50 , 41.9246215820 , 14.58367
87.54 , 41.9246215820 , 14.58950
87.57 , 41.9246215820 , 14.59550
87.61 , 42.0332336425 , 14.60133
87.64 , 42.0332336425 , 14.60733
87.68 , 42.1418457031 , 14.61300
87.71 , 42.0332336425 , 14.61900
87.75 , 42.1418457031 , 14.62483
87.79 , 42.1418457031 , 14.63083
87.82 , 42.1418457031 , 14.63667
87.86 , 42.2504577636 , 14.64267
87.89 , 42.1418457031 , 14.64850
87.93 , 42.2504577636 , 14.65433
87.96 , 42.2504577636 , 14.66033
88.00 , 42.2504577636 , 14.66617
88.03 , 42.2504577636 , 14.67217
88.07 , 42.3590736389 , 14.67800
88.10 , 42.2504577636 , 14.68383
88.14 , 42.3590736389 , 14.68967
88.17 , 42.4676856994 , 14.69567
88.21 , 42.4676856994 , 14.70150
88.25 , 42.3590736389 , 14.70750
88.28 , 42.4676856994 , 14.71333
88.31 , 42.4676856994 , 14.71917
88.35 , 42.4676856994 , 14.72500
88.39 , 42.5762977600 , 14.73100
88.42 , 42.6849098205 , 14.73683
88.46 , 42.6849098205 , 14.74283
88.49 , 42.6849098205 , 14.74883
88.53 , 42.6849098205 , 14.75450
88.56 , 42.6849098205 , 14.76050
88.60 , 42.6849098205 , 14.76633
88.63 , 42.6849098205 , 14.77233
88.67 , 42.6849098205 , 14.77817
88.70 , 42.7935256958 , 14.78417
88.74 , 42.7935256958 , 14.78983
88.77 , 42.7935256958 , 14.79583
88.81 , 42.9021377563 , 14.80167
88.85 , 42.9021377563 , 14.80767
88.88 , 42.7935256958 , 14.81350
88.92 , 43.0107498168 , 14.81933
88.95 , 42.9021377563 , 14.82517
88.99 , 43.0107498168 , 14.83117
89.02 , 43.0107498168 , 14.83717
89.06 , 43.0107498168 , 14.84300
89.09 , 43.1193618774 , 14.84900
89.13 , 43.2279739379 , 14.85467
89.16 , 43.1193618774 , 14.86067
89.20 , 43.1193618774 , 14.86650
89.23 , 43.2279739379 , 14.87250
89.27 , 43.2279739379 , 14.87833
89.31 , 43.3365898132 , 14.88433
89.34 , 43.2279739379 , 14.89000
89.38 , 43.2279739379 , 14.89600
89.41 , 43.4452018737 , 14.90183
89.45 , 43.3365898132 , 14.90783
89.48 , 43.3365898132 , 14.91367
89.52 , 43.4452018737 , 14.91967
89.55 , 43.4452018737 , 14.92533
89.59 , 43.4452018737 , 14.93133
89.62 , 43.4452018737 , 14.93733
89.66 , 43.4452018737 , 14.94317
89.69 , 43.4452018737 , 14.94917
89.73 , 43.5538139343 , 14.95500
89.76 , 43.5538139343 , 14.96083
89.80 , 43.5538139343 , 14.96667
89.84 , 43.6624259948 , 14.97267
89.87 , 43.6624259948 , 14.97850
89.91 , 43.6624259948 , 14.98450
89.94 , 43.6624259948 , 14.99033
89.98 , 43.7710418701 , 14.99617
90.01 , 43.6624259948 , 15.00200
90.05 , 43.7710418701 , 15.00800
90.08 , 43.7710418701 , 15.01383
90.12 , 43.7710418701 , 15.01983
90.15 , 43.7710418701 , 15.02583
90.19 , 43.8796539306 , 15.03150
90.22 , 43.8796539306 , 15.03750
90.26 , 43.8796539306 , 15.04333
90.30 , 43.9882659912 , 15.04933
90.33 , 43.8796539306 , 15.05517
90.37 , 43.9882659912 , 15.06100
90.40 , 43.9882659912 , 15.06683
90.44 , 43.9882659912 , 15.07283
90.47 , 44.0968780517 , 15.07867
90.51 , 43.9882659912 , 15.08467
90.54 , 44.0968780517 , 15.09050
90.58 , 44.0968780517 , 15.09633
90.61 , 44.2054901123 , 15.10217
90.65 , 44.2054901123 , 15.10817
90.68 , 44.2054901123 , 15.11400
90.72 , 44.3141059875 , 15.12000
90.76 , 44.2054901123 , 15.12600
90.79 , 44.2054901123 , 15.13167
90.83 , 44.3141059875 , 15.13767
90.86 , 44.3141059875 , 15.14350
90.90 , 44.3141059875 , 15.14950
90.93 , 44.3141059875 , 15.15533
90.97 , 44.4227180480 , 15.16133
91.00 , 44.4227180480 , 15.16700
91.04 , 44.4227180480 , 15.17300
91.07 , 44.5313339233 , 15.17883
91.11 , 44.5313339233 , 15.18483
91.14 , 44.5313339233 , 15.19067
91.18 , 44.5313339233 , 15.19667
91.21 , 44.6399459838 , 15.20233
91.25 , 44.6399459838 , 15.20833
91.29 , 44.6399459838 , 15.21433
91.32 , 44.6399459838 , 15.22017
91.36 , 44.6399459838 , 15.22617
91.39 , 44.7485580444 , 15.23200
91.43 , 44.7485580444 , 15.23783
91.46 , 44.7485580444 , 15.24367
91.50 , 44.7485580444 , 15.24967
91.53 , 44.8571701049 , 15.25550
91.57 , 44.8571701049 , 15.26150
91.60 , 44.8571701049 , 15.26717
91.64 , 44.8571701049 , 15.27317
91.67 , 44.9657859802 , 15.27900
91.71 , 44.9657859802 , 15.28500
91.75 , 45.0743980407 , 15.29083
91.78 , 44.9657859802 , 15.29683
91.81 , 44.9657859802 , 15.30250
91.85 , 45.0743980407 , 15.30850
91.89 , 45.0743980407 , 15.31450
91.92 , 45.0743980407 , 15.32033
91.96 , 45.0743980407 , 15.32633
91.99 , 45.1830101013 , 15.33217
92.03 , 45.1830101013 , 15.33800
92.06 , 45.1830101013 , 15.34383
92.10 , 45.1830101013 , 15.34983
92.13 , 45.1830101013 , 15.35567
92.17 , 45.2916221618 , 15.36167
92.20 , 45.4002380371 , 15.36750
92.24 , 45.4002380371 , 15.37333
92.27 , 45.2916221618 , 15.37917
92.31 , 45.4002380371 , 15.38517
92.35 , 45.4002380371 , 15.39100
92.38 , 45.4002380371 , 15.39700
92.42 , 45.4002380371 , 15.40300
92.45 , 45.4002380371 , 15.40867
92.49 , 45.5088500976 , 15.41467
92.52 , 45.5088500976 , 15.42050
92.56 , 45.5088500976 , 15.42650
92.59 , 45.6174621582 , 15.43233
92.63 , 45.6174621582 , 15.43833
92.66 , 45.6174621582 , 15.44400
92.70 , 45.6174621582 , 15.45000
92.73 , 45.6174621582 , 15.45583
92.77 , 45.7260742187 , 15.46183
92.81 , 45.7260742187 , 15.46767
92.84 , 45.8346862792 , 15.47350
92.88 , 45.8346862792 , 15.47933
92.91 , 45.8346862792 , 15.48533
92.95 , 45.8346862792 , 15.49117
92.98 , 45.8346862792 , 15.49717
93.02 , 45.8346862792 , 15.50317
93.05 , 45.8346862792 , 15.50883
93.09 , 45.9433021545 , 15.51483
93.12 , 45.9433021545 , 15.52067
93.16 , 45.9433021545 , 15.52667
93.19 , 45.9433021545 , 15.53250
93.23 , 46.0519142150 , 15.53850
93.26 , 46.0519142150 , 15.54417
93.30 , 46.0519142150 , 15.55017
93.34 , 46.0519142150 , 15.55600
93.37 , 46.1605262756 , 15.56200
93.41 , 46.1605262756 , 15.56783
93.44 , 46.1605262756 , 15.57383
93.48 , 46.1605262756 , 15.57950
93.51 , 46.2691383361 , 15.58550
93.55 , 46.2691383361 , 15.59150
93.58 , 46.2691383361 , 15.59733
93.62 , 46.2691383361 , 15.60333
93.65 , 46.3777542114 , 15.60917
93.69 , 46.3777542114 , 15.61500
93.72 , 46.3777542114 , 15.62083
93.76 , 46.3777542114 , 15.62683
93.80 , 46.4863662719 , 15.63267
93.83 , 46.4863662719 , 15.63867
93.87 , 46.5949783325 , 15.64450
93.90 , 46.4863662719 , 15.65033
93.94 , 46.5949783325 , 15.65617
93.97 , 46.5949783325 , 15.66217
94.01 , 46.5949783325 , 15.66800
94.04 , 46.5949783325 , 15.67400
94.08 , 46.5949783325 , 15.67967
94.11 , 46.7035903930 , 15.68567
94.15 , 46.7035903930 , 15.69167
94.18 , 46.7035903930 , 15.69750
94.22 , 46.7035903930 , 15.70350
94.26 , 46.8122024536 , 15.70933
94.29 , 46.8122024536 , 15.71517
94.33 , 46.8122024536 , 15.72100
94.36 , 46.8122024536 , 15.72700
94.40 , 46.9208183288 , 15.73283
94.43 , 46.8122024536 , 15.73883
94.47 , 46.9208183288 , 15.74467
94.50 , 46.9208183288 , 15.75050
94.54 , 46.9208183288 , 15.75633
94.57 , 47.0294303894 , 15.76233
94.61 , 47.0294303894 , 15.76817
94.64 , 47.0294303894 , 15.77417
94.68 , 47.0294303894 , 15.78017
94.71 , 47.0294303894 , 15.78583
94.75 , 47.1380424499 , 15.79183
94.79 , 47.1380424499 , 15.79767
94.82 , 47.1380424499 , 15.80367
94.86 , 47.1380424499 , 15.80950
94.89 , 47.2466545104 , 15.81550
94.93 , 47.2466545104 , 15.82117
94.96 , 47.2466545104 , 15.82717
95.00 , 47.2466545104 , 15.83300
95.03 , 47.2466545104 , 15.83900
95.07 , 47.3552703857 , 15.84483
95.11 , 47.2466545104 , 15.85083
95.14 , 47.3552703857 , 15.85650
95.18 , 47.3552703857 , 15.86250
95.21 , 47.3552703857 , 15.86833
95.25 , 47.4638824462 , 15.87433
95.28 , 47.5724945068 , 15.88033
95.32 , 47.4638824462 , 15.88600
95.35 , 47.4638824462 , 15.89200
95.39 , 47.5724945068 , 15.89783
95.42 , 47.5724945068 , 15.90383
95.46 , 47.5724945068 , 15.90967
95.49 , 47.5724945068 , 15.91567
95.53 , 47.6811065673 , 15.92133
95.56 , 47.6811065673 , 15.92733
95.60 , 47.6811065673 , 15.93317
95.63 , 47.6811065673 , 15.93917
95.67 , 47.6811065673 , 15.94500
95.71 , 47.7897186279 , 15.95100
95.74 , 47.7897186279 , 15.95667
95.78 , 47.8983345031 , 15.96267
95.81 , 47.7897186279 , 15.96867
95.85 , 47.8983345031 , 15.97450
95.88 , 47.8983345031 , 15.98050
95.92 , 48.0069465637 , 15.98633
95.95 , 48.0069465637 , 15.99217
95.99 , 48.0069465637 , 15.99800
96.02 , 48.0069465637 , 16.00400
96.06 , 48.0069465637 , 16.00984
96.09 , 48.0069465637 , 16.01584
96.13 , 48.1155586242 , 16.02167
96.16 , 48.1155586242 , 16.02750
96.20 , 48.2241706848 , 16.03333
96.24 , 48.1155586242 , 16.03933
96.27 , 48.2241706848 , 16.04517
96.31 , 48.2241706848 , 16.05117
96.34 , 48.2241706848 , 16.05700
96.38 , 48.3327827453 , 16.06283
96.41 , 48.3327827453 , 16.06884
96.45 , 48.3327827453 , 16.07467
96.48 , 48.4413986206 , 16.08067
96.52 , 48.3327827453 , 16.08650
96.55 , 48.4413986206 , 16.09250
96.59 , 48.4413986206 , 16.09817
96.62 , 48.4413986206 , 16.10417
96.66 , 48.4413986206 , 16.11000
96.70 , 48.5500106811 , 16.11600
96.73 , 48.4413986206 , 16.12183
96.77 , 48.5500106811 , 16.12767
96.80 , 48.5500106811 , 16.13350
96.84 , 48.6586227416 , 16.13950
96.87 , 48.6586227416 , 16.14533
96.91 , 48.6586227416 , 16.15133
96.94 , 48.6586227416 , 16.15733
96.98 , 48.7672348022 , 16.16300
97.01 , 48.6586227416 , 16.16900
97.05 , 48.7672348022 , 16.17484
97.08 , 48.7672348022 , 16.18083
97.12 , 48.7672348022 , 16.18667
97.16 , 48.8758506774 , 16.19267
97.19 , 48.7672348022 , 16.19833
97.23 , 48.8758506774 , 16.20433
97.26 , 48.8758506774 , 16.21017
97.30 , 48.8758506774 , 16.21617
97.33 , 48.8758506774 , 16.22200
97.37 , 48.9844627380 , 16.22800
97.40 , 48.9844627380 , 16.23367
97.44 , 49.0930747985 , 16.23967
97.47 , 49.0930747985 , 16.24550
97.51 , 49.0930747985 , 16.25150
97.54 , 49.0930747985 , 16.25750
97.58 , 49.0930747985 , 16.26333
97.61 , 49.0930747985 , 16.26917
97.65 , 49.0930747985 , 16.27500
97.69 , 49.2016868591 , 16.28100
97.72 , 49.3102989196 , 16.28684
97.76 , 49.2016868591 , 16.29284
97.79 , 49.3102989196 , 16.29867
97.83 , 49.3102989196 , 16.30450
97.86 , 49.3102989196 , 16.31033
97.90 , 49.3102989196 , 16.31633
97.93 , 49.3102989196 , 16.32217
97.97 , 49.4189147949 , 16.32817
98.00 , 49.4189147949 , 16.33383
98.04 , 49.4189147949 , 16.33983
98.07 , 49.5275268554 , 16.34583
98.11 , 49.5275268554 , 16.35167
98.15 , 49.5275268554 , 16.35767
98.18 , 49.6361389160 , 16.36350
98.22 , 49.6361389160 , 16.36934
98.25 , 49.6361389160 , 16.37517
98.29 , 49.6361389160 , 16.38117
98.32 , 49.6361389160 , 16.38700
98.36 , 49.7447509765 , 16.39300
98.39 , 49.7447509765 , 16.39883
98.43 , 49.7447509765 , 16.40467
98.46 , 49.8533668518 , 16.41050
98.50 , 49.8533668518 , 16.41650
98.53 , 49.7447509765 , 16.42233
98.57 , 49.8533668518 , 16.42833
98.61 , 49.8533668518 , 16.43417
98.64 , 49.9619789123 , 16.44000
98.68 , 49.9619789123 , 16.44600
98.71 , 49.9619789123 , 16.45183
98.75 , 50.0705909729 , 16.45783
98.78 , 49.9619789123 , 16.46367
98.82 , 50.0705909729 , 16.46967
98.85 , 50.0705909729 , 16.47533
98.89 , 50.1792030334 , 16.48134
98.92 , 50.1792030334 , 16.48717
98.96 , 50.1792030334 , 16.49317
98.99 , 50.1792030334 , 16.49900
99.03 , 50.1792030334 , 16.50500
99.06 , 50.2878150939 , 16.51067
99.10 , 50.1792030334 , 16.51667
99.13 , 50.2878150939 , 16.52250
99.17 , 50.2878150939 , 16.52850
99.21 , 50.2878150939 , 16.53450
99.24 , 50.3964309692 , 16.54017
99.28 , 50.2878150939 , 16.54617
99.31 , 50.3964309692 , 16.55200
99.35 , 50.3964309692 , 16.55800
99.38 , 50.3964309692 , 16.56384
99.42 , 50.3964309692 , 16.56983
99.45 , 50.5050430297 , 16.57550
99.49 , 50.5050430297 , 16.58150
99.52 , 50.5050430297 , 16.58733
99.56 , 50.6136665344 , 16.59333
99.59 , 50.5050430297 , 16.59917
99.63 , 50.7222785949 , 16.60517
99.66 , 50.6136665344 , 16.61083
99.70 , 50.6136665344 , 16.61683
99.74 , 50.7222785949 , 16.62267
99.77 , 50.7222785949 , 16.62867
99.81 , 50.7222785949 , 16.63467
99.84 , 50.8308906555 , 16.64050
99.88 , 50.7222785949 , 16.64633
99.91 , 50.8308906555 , 16.65217
99.95 , 50.8308906555 , 16.65817
99.98 , 50.8308906555 , 16.66400
100.02 , 50.9395065307 , 16.67000
100.06 , 50.8308906555 , 16.67600
100.09 , 51.0481185913 , 16.68200
100.13 , 50.9395065307 , 16.68800
100.16 , 50.9395065307 , 16.69417
100.20 , 50.9395065307 , 16.70017
100.24 , 51.0481185913 , 16.70633
100.27 , 51.0481185913 , 16.71250
100.31 , 51.0481185913 , 16.71850
100.35 , 51.0481185913 , 16.72450
100.38 , 51.1567306518 , 16.73050
100.42 , 51.1567306518 , 16.73667
100.46 , 51.1567306518 , 16.74267
100.49 , 51.2653427124 , 16.74883
100.53 , 51.2653427124 , 16.75483
100.57 , 51.2653427124 , 16.76100
100.60 , 51.2653427124 , 16.76683
100.64 , 51.2653427124 , 16.77300
100.68 , 51.3739547729 , 16.77917
100.71 , 51.3739547729 , 16.78517
100.75 , 51.3739547729 , 16.79133
100.78 , 51.4825706481 , 16.79733
100.82 , 51.4825706481 , 16.80333
100.86 , 51.5911827087 , 16.80933
100.89 , 51.5911827087 , 16.81550
100.93 , 51.5911827087 , 16.82150
100.97 , 51.5911827087 , 16.82767
101.00 , 51.5911827087 , 16.83383
101.04 , 51.5911827087 , 16.83983
101.07 , 51.6997947692 , 16.84583
101.11 , 51.6997947692 , 16.85183
101.15 , 51.8084068298 , 16.85800
101.18 , 51.8084068298 , 16.86400
101.22 , 51.8084068298 , 16.87017
101.26 , 51.8084068298 , 16.87617
101.29 , 51.8084068298 , 16.88233
101.33 , 51.9170227050 , 16.88817
101.37 , 51.9170227050 , 16.89433
101.40 , 51.9170227050 , 16.90050
101.44 , 51.9170227050 , 16.90650
101.48 , 51.9170227050 , 16.91267
101.51 , 51.9170227050 , 16.91867
101.55 , 52.0256347656 , 16.92484
101.58 , 52.1342468261 , 16.93067
101.62 , 52.0256347656 , 16.93684
101.66 , 52.0256347656 , 16.94283
101.69 , 52.0256347656 , 16.94900
101.73 , 52.1342468261 , 16.95500
101.77 , 52.2428588867 , 16.96117
101.80 , 52.2428588867 , 16.96734
101.84 , 52.2428588867 , 16.97317
101.88 , 52.2428588867 , 16.97933
101.91 , 52.2428588867 , 16.98534
101.95 , 52.2428588867 , 16.99150
101.98 , 52.3514709472 , 16.99750
102.02 , 52.3514709472 , 17.00367
102.06 , 52.3514709472 , 17.00950
102.09 , 52.4600868225 , 17.01567
102.13 , 52.4600868225 , 17.02167
102.17 , 52.4600868225 , 17.02783
102.20 , 52.4600868225 , 17.03400
102.24 , 52.5686988830 , 17.04000
102.28 , 52.4600868225 , 17.04617
102.31 , 52.5686988830 , 17.05200
102.35 , 52.5686988830 , 17.05817
102.38 , 52.5686988830 , 17.06417
102.42 , 52.5686988830 , 17.07033
102.46 , 52.6773109436 , 17.07633
102.50 , 52.6773109436 , 17.08250
102.53 , 52.6773109436 , 17.08850
102.57 , 52.6773109436 , 17.09450
102.60 , 52.6773109436 , 17.10067
102.64 , 52.7859230041 , 17.10667
102.68 , 52.7859230041 , 17.11284
102.71 , 52.7859230041 , 17.11883
102.75 , 52.8945388793 , 17.12500
102.79 , 52.8945388793 , 17.13100
102.82 , 52.8945388793 , 17.13700
102.86 , 52.8945388793 , 17.14300
102.89 , 53.0031509399 , 17.14917
102.93 , 53.0031509399 , 17.15517
102.97 , 53.0031509399 , 17.16134
103.00 , 53.0031509399 , 17.16750
103.04 , 53.1117630004 , 17.17350
103.08 , 53.1117630004 , 17.17950
103.11 , 53.1117630004 , 17.18550
103.15 , 53.2203750610 , 17.19167
103.19 , 53.2203750610 , 17.19767
103.22 , 53.2203750610 , 17.20384
103.26 , 53.3289871215 , 17.20984
103.30 , 53.3289871215 , 17.21600
103.33 , 53.3289871215 , 17.22200
103.37 , 53.3289871215 , 17.22800
103.40 , 53.3289871215 , 17.23417
103.44 , 53.4376029968 , 17.24017
103.48 , 53.4376029968 , 17.24633
103.51 , 53.4376029968 , 17.25234
103.55 , 53.5462150573 , 17.25834
103.59 , 53.4376029968 , 17.26433
103.62 , 53.5462150573 , 17.27050
103.66 , 53.5462150573 , 17.27650
103.70 , 53.5462150573 , 17.28267
103.73 , 53.6548271179 , 17.28883
103.77 , 53.6548271179 , 17.29483
103.80 , 53.6548271179 , 17.30084
103.84 , 53.6548271179 , 17.30684
103.88 , 53.6548271179 , 17.31300
103.91 , 53.6548271179 , 17.31900
103.95 , 53.7634391784 , 17.32517
103.99 , 53.6548271179 , 17.33117
104.02 , 53.8720550537 , 17.33733
104.06 , 53.8720550537 , 17.34317
104.10 , 53.8720550537 , 17.34934
104.13 , 53.8720550537 , 17.35550
104.17 , 53.8720550537 , 17.36150
104.21 , 53.9806671142 , 17.36767
104.24 , 53.9806671142 , 17.37367
104.28 , 53.8720550537 , 17.37983
104.31 , 54.0892791748 , 17.38567
104.35 , 53.9806671142 , 17.39183
104.39 , 54.0892791748 , 17.39784
104.42 , 54.0892791748 , 17.40400
104.46 , 54.0892791748 , 17.41000
104.50 , 53.9806671142 , 17.41617
104.53 , 54.1978912353 , 17.42233
104.57 , 54.1978912353 , 17.42817
104.61 , 54.1978912353 , 17.43433
104.64 , 54.1978912353 , 17.44034
104.68 , 54.3065032958 , 17.44650
104.71 , 54.3065032958 , 17.45250
104.75 , 54.3065032958 , 17.45867
104.79 , 54.3065032958 , 17.46450
104.82 , 54.4151191711 , 17.47067
104.86 , 54.4151191711 , 17.47667
104.90 , 54.4151191711 , 17.48283
104.93 , 54.5237312316 , 17.48900
104.97 , 54.4151191711 , 17.49500
105.01 , 54.5237312316 , 17.50117
105.04 , 54.5237312316 , 17.50700
105.08 , 54.5237312316 , 17.51317
105.11 , 54.6323432922 , 17.51917
105.15 , 54.6323432922 , 17.52533
105.19 , 54.6323432922 , 17.53133
105.22 , 54.7409553527 , 17.53750
105.26 , 54.7409553527 , 17.54350
105.30 , 54.7409553527 , 17.54950
105.33 , 54.8495712280 , 17.55567
105.37 , 54.8495712280 , 17.56167
105.41 , 54.8495712280 , 17.56783
105.44 , 54.8495712280 , 17.57383
105.48 , 54.9581832885 , 17.58000
105.52 , 54.8495712280 , 17.58600
105.55 , 54.8495712280 , 17.59200
105.59 , 54.9581832885 , 17.59800
105.62 , 54.9581832885 , 17.60417
105.66 , 55.0667953491 , 17.61034
105.70 , 55.0667953491 , 17.61633
105.73 , 55.0667953491 , 17.62250
105.77 , 55.1754074096 , 17.62850
105.81 , 55.1754074096 , 17.63450
105.84 , 55.1754074096 , 17.64050
105.88 , 55.1754074096 , 17.64667
105.92 , 55.1754074096 , 17.65267
105.95 , 55.2840194702 , 17.65884
105.99 , 55.2840194702 , 17.66483
106.02 , 55.2840194702 , 17.67083
106.06 , 55.3926353454 , 17.67700
106.10 , 55.3926353454 , 17.68300
106.13 , 55.3926353454 , 17.68917
106.17 , 55.5012474060 , 17.69517
106.21 , 55.3926353454 , 17.70133
106.24 , 55.5012474060 , 17.70734
106.28 , 55.5012474060 , 17.71333
106.32 , 55.5012474060 , 17.71933
106.35 , 55.5012474060 , 17.72550
106.39 , 55.5012474060 , 17.73150
106.43 , 55.6098594665 , 17.73767
106.46 , 55.6098594665 , 17.74383
106.50 , 55.7184715270 , 17.74983
106.54 , 55.7184715270 , 17.75584
106.57 , 55.7184715270 , 17.76183
106.61 , 55.7184715270 , 17.76800
106.64 , 55.7184715270 , 17.77400
106.68 , 55.8270874023 , 17.78017
106.72 , 55.8270874023 , 17.78617
106.75 , 55.8270874023 , 17.79233
106.79 , 55.8270874023 , 17.79817
106.83 , 55.9356994628 , 17.80433
106.86 , 55.9356994628 , 17.81050
106.90 , 55.9356994628 , 17.81650
106.94 , 55.9356994628 , 17.82267
106.97 , 55.9356994628 , 17.82867
107.01 , 56.0443115234 , 17.83484
107.04 , 56.0443115234 , 17.84067
107.08 , 56.0443115234 , 17.84683
107.12 , 56.0443115234 , 17.85283
107.15 , 56.0443115234 , 17.85900
107.19 , 56.1529235839 , 17.86500
107.23 , 56.1529235839 , 17.87117
107.26 , 56.2615356445 , 17.87734
107.30 , 56.2615356445 , 17.88317
107.34 , 56.2615356445 , 17.88933
107.37 , 56.2615356445 , 17.89533
107.41 , 56.3701515197 , 17.90150
107.44 , 56.2615356445 , 17.90750
107.48 , 56.3701515197 , 17.91367
107.52 , 56.3701515197 , 17.91950
107.55 , 56.4787635803 , 17.92567
107.59 , 56.4787635803 , 17.93167
107.63 , 56.4787635803 , 17.93783
107.66 , 56.4787635803 , 17.94400
107.70 , 56.5873756408 , 17.95000
107.74 , 56.5873756408 , 17.95617
107.77 , 56.5873756408 , 17.96200
107.81 , 56.5873756408 , 17.96817
107.84 , 56.6959877014 , 17.97417
107.88 , 56.6959877014 , 17.98034
107.92 , 56.6959877014 , 17.98633
107.95 , 56.8046035766 , 17.99250
107.99 , 56.8046035766 , 17.99867
108.03 , 56.6959877014 , 18.00450
108.06 , 56.8046035766 , 18.01067
108.10 , 56.8046035766 , 18.01667
108.14 , 56.9132156372 , 18.02284
108.17 , 57.0218276977 , 18.02883
108.21 , 56.9132156372 , 18.03500
108.25 , 56.9132156372 , 18.04100
108.28 , 57.0218276977 , 18.04700
108.32 , 57.0218276977 , 18.05300
108.36 , 57.1304397583 , 18.05917
108.39 , 57.1304397583 , 18.06534
108.43 , 57.1304397583 , 18.07134
108.46 , 57.1304397583 , 18.07750
108.50 , 57.1304397583 , 18.08333
108.54 , 57.2390518188 , 18.08950
108.57 , 57.2390518188 , 18.09550
108.61 , 57.2390518188 , 18.10167
108.65 , 57.2390518188 , 18.10767
108.68 , 57.2390518188 , 18.11384
108.72 , 57.3476676940 , 18.11984
108.75 , 57.3476676940 , 18.12583
108.79 , 57.3476676940 , 18.13200
108.83 , 57.3476676940 , 18.13800
108.86 , 57.4562797546 , 18.14417
108.90 , 57.4562797546 , 18.15017
108.94 , 57.4562797546 , 18.15633
108.97 , 57.4562797546 , 18.16234
109.01 , 57.5648918151 , 18.16834
109.05 , 57.5648918151 , 18.17433
109.08 , 57.6735038757 , 18.18050
109.12 , 57.5648918151 , 18.18650
109.16 , 57.6735038757 , 18.19267
109.19 , 57.6735038757 , 18.19883
109.23 , 57.6735038757 , 18.20483
109.26 , 57.6735038757 , 18.21084
109.30 , 57.6735038757 , 18.21684
109.34 , 57.7821197509 , 18.22300
109.37 , 57.7821197509 , 18.22900
109.41 , 57.7821197509 , 18.23517
109.45 , 57.7821197509 , 18.24117
109.48 , 57.8907318115 , 18.24733
109.52 , 57.8907318115 , 18.25317
109.56 , 57.8907318115 , 18.25934
109.59 , 57.9993438720 , 18.26550
109.63 , 57.8907318115 , 18.27150
109.67 , 57.9993438720 , 18.27767
109.70 , 57.9993438720 , 18.28367
109.74 , 58.1079559326 , 18.28983
109.77 , 58.1079559326 , 18.29567
109.81 , 57.9993438720 , 18.30183
109.85 , 58.1079559326 , 18.30784
109.88 , 58.2165679931 , 18.31400
109.92 , 58.2165679931 , 18.32000
109.96 , 58.2165679931 , 18.32617
109.99 , 58.2165679931 , 18.33217
110.03 , 58.2165679931 , 18.33817
110.07 , 58.3251838684 , 18.34433
110.10 , 58.3251838684 , 18.35033
110.14 , 58.3251838684 , 18.35650
110.18 , 58.3251838684 , 18.36250
110.21 , 58.3251838684 , 18.36867
110.25 , 58.4337959289 , 18.37450
110.28 , 58.4337959289 , 18.38067
110.32 , 58.5424079895 , 18.38683
110.36 , 58.5424079895 , 18.39283
110.39 , 58.5424079895 , 18.39900
110.43 , 58.6510200500 , 18.40500
110.47 , 58.5424079895 , 18.41117
110.50 , 58.5424079895 , 18.41700
110.54 , 58.6510200500 , 18.42317
110.57 , 58.7596321105 , 18.42917
110.61 , 58.7596321105 , 18.43533
110.65 , 58.7596321105 , 18.44133
110.68 , 58.7596321105 , 18.44750
110.72 , 58.8682479858 , 18.45367
110.76 , 58.8682479858 , 18.45950
110.79 , 58.8682479858 , 18.46567
110.83 , 58.8682479858 , 18.47167
110.87 , 58.7596321105 , 18.47783
110.90 , 58.9768600463 , 18.48383
110.94 , 58.9768600463 , 18.49000
110.98 , 58.9768600463 , 18.49600
111.01 , 59.0854721069 , 18.50200
111.05 , 59.0854721069 , 18.50800
111.08 , 59.0854721069 , 18.51417
111.12 , 59.1940841674 , 18.52033
111.16 , 59.0854721069 , 18.52633
111.19 , 59.1940841674 , 18.53250
111.23 , 59.1940841674 , 18.53833
111.27 , 59.3027000427 , 18.54450
111.30 , 59.1940841674 , 18.55050
111.34 , 59.3027000427 , 18.55667
111.38 , 59.3027000427 , 18.56267
111.41 , 59.3027000427 , 18.56884
111.45 , 59.3027000427 , 18.57483
111.48 , 59.4113121032 , 18.58083
111.52 , 59.4113121032 , 18.58700
111.56 , 59.4113121032 , 18.59300
111.59 , 59.4113121032 , 18.59917
111.63 , 59.4113121032 , 18.60517
111.67 , 59.5199241638 , 18.61133
111.70 , 59.5199241638 , 18.61734
111.74 , 59.5199241638 , 18.62333
111.78 , 59.5199241638 , 18.62933
111.81 , 59.6285362243 , 18.63550
111.85 , 59.6285362243 , 18.64150
111.89 , 59.6285362243 , 18.64767
111.92 , 59.6285362243 , 18.65383
111.96 , 59.6285362243 , 18.65983
112.00 , 59.7371482849 , 18.66584
112.03 , 59.7371482849 , 18.67183
112.07 , 59.7371482849 , 18.67800
112.10 , 59.7371482849 , 18.68400
112.14 , 59.8457641601 , 18.69017
112.18 , 59.8457641601 , 18.69617
112.21 , 59.8457641601 , 18.70233
112.25 , 59.8457641601 , 18.70817
112.29 , 59.9543762207 , 18.71434
112.32 , 59.8457641601 , 18.72050
112.36 , 59.9543762207 , 18.72650
112.40 , 60.0629882812 , 18.73267
112.43 , 60.0629882812 , 18.73867
112.47 , 60.0629882812 , 18.74467
112.50 , 60.1716003417 , 18.75067
112.54 , 60.0629882812 , 18.75683
112.58 , 60.1716003417 , 18.76284
112.61 , 60.1716003417 , 18.76900
112.65 , 60.1716003417 , 18.77517
112.69 , 60.2802162170 , 18.78117
112.72 , 60.1716003417 , 18.78717
112.76 , 60.3888282775 , 18.79317
112.80 , 60.2802162170 , 18.79933
112.83 , 60.3888282775 , 18.80533
112.87 , 60.3888282775 , 18.81150
112.90 , 60.3888282775 , 18.81750
112.94 , 60.3888282775 , 18.82367
112.98 , 60.4974403381 , 18.82950
113.01 , 60.4974403381 , 18.83567
113.05 , 60.4974403381 , 18.84184
113.09 , 60.4974403381 , 18.84783
113.12 , 60.6060523986 , 18.85400
113.16 , 60.6060523986 , 18.86000
113.20 , 60.6060523986 , 18.86617
113.23 , 60.7146644592 , 18.87200
113.27 , 60.7146644592 , 18.87817
113.30 , 60.8232803344 , 18.88417
113.34 , 60.8232803344 , 18.89034
113.38 , 60.7146644592 , 18.89633
113.41 , 60.8232803344 , 18.90250
113.45 , 60.8232803344 , 18.90867
113.49 , 60.9318923950 , 18.91450
113.52 , 60.9318923950 , 18.92067
113.56 , 60.8232803344 , 18.92667
113.60 , 60.9318923950 , 18.93284
113.63 , 60.9318923950 , 18.93884
113.67 , 60.9318923950 , 18.94500
113.70 , 60.9318923950 , 18.95083
113.74 , 61.0405044555 , 18.95700
113.78 , 61.1491165161 , 18.96300
113.81 , 61.1491165161 , 18.96917
113.85 , 61.1491165161 , 18.97533
113.89 , 61.1491165161 , 18.98134
113.93 , 61.1491165161 , 18.98750
113.96 , 61.2577323913 , 18.99333
114.00 , 61.2577323913 , 18.99950
114.03 , 61.2577323913 , 19.00550
114.07 , 61.2577323913 , 19.01167
114.11 , 61.2577323913 , 19.01767
114.14 , 61.3663444519 , 19.02383
114.18 , 61.3663444519 , 19.02984
114.21 , 61.3663444519 , 19.03583
114.25 , 61.3663444519 , 19.04200
114.29 , 61.4749565124 , 19.04800
114.32 , 61.4749565124 , 19.05417
114.36 , 61.4749565124 , 19.06017
114.40 , 61.5835685729 , 19.06633
114.43 , 61.4749565124 , 19.07234
114.47 , 61.5835685729 , 19.07834
114.51 , 61.5835685729 , 19.08433
114.54 , 61.6921806335 , 19.09050
114.58 , 61.5835685729 , 19.09650
114.62 , 61.6921806335 , 19.10267
114.65 , 61.6921806335 , 19.10883
114.69 , 61.6921806335 , 19.11483
114.72 , 61.8008041381 , 19.12084
114.76 , 61.6921806335 , 19.12684
114.80 , 61.9094200134 , 19.13300
114.83 , 61.8008041381 , 19.13900
114.87 , 61.9094200134 , 19.14517
114.91 , 61.9094200134 , 19.15117
114.94 , 61.9094200134 , 19.15733
114.98 , 62.0180320739 , 19.16333
115.02 , 61.9094200134 , 19.16934
115.05 , 62.0180320739 , 19.17550
115.09 , 62.0180320739 , 19.18150
115.13 , 62.0180320739 , 19.18767
115.16 , 62.1266441345 , 19.19367
115.20 , 62.1266441345 , 19.19967
115.23 , 62.1266441345 , 19.20567
115.27 , 62.1266441345 , 19.21183
115.31 , 62.1266441345 , 19.21784
115.34 , 62.2352561950 , 19.22400
115.38 , 62.2352561950 , 19.23017
115.42 , 62.2352561950 , 19.23617
115.45 , 62.3438720703 , 19.24217
115.49 , 62.3438720703 , 19.24817
115.53 , 62.3438720703 , 19.25433
115.56 , 62.4524841308 , 19.26033
115.60 , 62.3438720703 , 19.26650
115.63 , 62.4524841308 , 19.27250
115.67 , 62.5610961914 , 19.27867
115.71 , 62.5610961914 , 19.28450
115.74 , 62.5610961914 , 19.29067
115.78 , 62.5610961914 , 19.29683
115.82 , 62.5610961914 , 19.30283
115.85 , 62.6697082519 , 19.30900
115.89 , 62.7783203125 , 19.31500
115.93 , 62.6697082519 , 19.32117
115.96 , 62.6697082519 , 19.32700
116.00 , 62.6697082519 , 19.33317
116.04 , 62.7783203125 , 19.33917
116.07 , 62.7783203125 , 19.34533
116.11 , 62.8869361877 , 19.35133
116.14 , 62.8869361877 , 19.35750
116.18 , 62.7783203125 , 19.36367
116.22 , 62.8869361877 , 19.36950
116.25 , 62.8869361877 , 19.37567
116.29 , 62.8869361877 , 19.38167
116.33 , 62.9955482482 , 19.38784
116.36 , 62.9955482482 , 19.39383
116.40 , 62.9955482482 , 19.40000
116.43 , 63.1041603088 , 19.40583
116.47 , 63.1041603088 , 19.41200
116.51 , 63.1041603088 , 19.41800
116.54 , 63.1041603088 , 19.42417
116.58 , 63.1041603088 , 19.43033
116.62 , 63.1041603088 , 19.43633
116.65 , 63.2127723693 , 19.44250
116.69 , 63.2127723693 , 19.44833
116.73 , 63.2127723693 , 19.45450
116.76 , 63.3213882446 , 19.46050
116.80 , 63.3213882446 , 19.46667
116.84 , 63.3213882446 , 19.47267
116.87 , 63.3213882446 , 19.47883
116.91 , 63.3213882446 , 19.48483
116.94 , 63.4300003051 , 19.49083
116.98 , 63.4300003051 , 19.49700
117.02 , 63.4300003051 , 19.50300
117.05 , 63.4300003051 , 19.50917
117.09 , 63.5386123657 , 19.51517
117.13 , 63.5386123657 , 19.52133
117.16 , 63.5386123657 , 19.52733
117.20 , 63.5386123657 , 19.53333
117.24 , 63.6472244262 , 19.53933
117.27 , 63.6472244262 , 19.54550
117.31 , 63.6472244262 , 19.55167
117.35 , 63.6472244262 , 19.55767
117.38 , 63.6472244262 , 19.56384
117.42 , 63.7558364868 , 19.56983
117.45 , 63.7558364868 , 19.57583
117.49 , 63.8644523620 , 19.58183
117.53 , 63.8644523620 , 19.58800
117.56 , 63.8644523620 , 19.59400
117.60 , 63.9730644226 , 19.60017
117.64 , 63.8644523620 , 19.60617
117.67 , 63.9730644226 , 19.61217
117.71 , 64.0816802978 , 19.61833
117.75 , 63.9730644226 , 19.62434
117.78 , 63.9730644226 , 19.63050
117.82 , 64.0816802978 , 19.63650
117.86 , 64.0816802978 , 19.64267
117.89 , 64.1902923583 , 19.64867
117.93 , 64.1902923583 , 19.65467
117.96 , 64.2989044189 , 19.66067
118.00 , 64.1902923583 , 19.66683
118.04 , 64.1902923583 , 19.67284
118.07 , 64.2989044189 , 19.67900
118.11 , 64.2989044189 , 19.68517
118.15 , 64.2989044189 , 19.69117
118.18 , 64.4075164794 , 19.69717
118.22 , 64.2989044189 , 19.70317
118.26 , 64.4075164794 , 19.70933
118.29 , 64.4075164794 , 19.71533
118.33 , 64.4075164794 , 19.72150
118.36 , 64.5161285400 , 19.72750
118.40 , 64.5161285400 , 19.73367
118.44 , 64.5161285400 , 19.73950
118.47 , 64.5161285400 , 19.74567
118.51 , 64.5161285400 , 19.75184
118.55 , 64.5161285400 , 19.75783
118.58 , 64.6247406005 , 19.76400
118.62 , 64.6247406005 , 19.77000
118.66 , 64.7333526611 , 19.77617
118.69 , 64.6247406005 , 19.78200
118.73 , 64.7333526611 , 19.78817
118.76 , 64.7333526611 , 19.79417
118.80 , 64.8419647216 , 19.80034
118.84 , 64.8419647216 , 19.80633
118.87 , 64.7333526611 , 19.81250
118.91 , 64.8419647216 , 19.81867
118.95 , 64.8419647216 , 19.82450
118.98 , 64.9505767822 , 19.83067
119.02 , 64.9505767822 , 19.83667
119.06 , 64.9505767822 , 19.84284
119.09 , 64.9505767822 , 19.84884
119.13 , 65.0591964721 , 19.85500
119.16 , 64.9505767822 , 19.86083
119.20 , 65.0591964721 , 19.86700
119.24 , 65.0591964721 , 19.87300
119.27 , 65.0591964721 , 19.87917
119.31 , 65.1678085327 , 19.88533
119.35 , 65.1678085327 , 19.89134
119.38 , 65.1678085327 , 19.89750
119.42 , 65.1678085327 , 19.90333
119.46 , 65.2764205932 , 19.90950
119.49 , 65.2764205932 , 19.91550
119.53 , 65.2764205932 , 19.92167
119.57 , 65.3850326538 , 19.92767
119.60 , 65.3850326538 , 19.93383
119.64 , 65.3850326538 , 19.94000
119.68 , 65.3850326538 , 19.94584
119.71 , 65.4936447143 , 19.95200
119.75 , 65.4936447143 , 19.95800
119.79 , 65.4936447143 , 19.96417
119.82 , 65.4936447143 , 19.97017
119.86 , 65.4936447143 , 19.97633
119.89 , 65.6022567749 , 19.98233
119.93 , 65.6022567749 , 19.98834
119.97 , 65.6022567749 , 19.99434
120.00 , 65.6022567749 , 20.00050
120.04 , 65.7108688354 , 20.00667
120.08 , 65.7108688354 , 20.01267
120.11 , 65.7108688354 , 20.01883
120.15 , 65.8194808959 , 20.02467
120.18 , 65.8194808959 , 20.03083
120.22 , 65.8194808959 , 20.03684
120.26 , 65.8194808959 , 20.04300
120.29 , 65.9280929565 , 20.04900
120.33 , 65.9280929565 , 20.05517
120.37 , 65.9280929565 , 20.06117
120.40 , 66.0367126464 , 20.06717
120.44 , 66.0367126464 , 20.07333
120.48 , 66.0367126464 , 20.07933
120.51 , 66.0367126464 , 20.08550
120.55 , 66.0367126464 , 20.09150
120.59 , 66.0367126464 , 20.09767
120.62 , 66.1453247070 , 20.10367
120.66 , 66.1453247070 , 20.10967
120.69 , 66.1453247070 , 20.11567
120.73 , 66.2539367675 , 20.12183
120.77 , 66.2539367675 , 20.12784
120.80 , 66.2539367675 , 20.13400
120.84 , 66.2539367675 , 20.14017
120.88 , 66.2539367675 , 20.14617
120.91 , 66.3625488281 , 20.15217
120.95 , 66.3625488281 , 20.15817
120.99 , 66.3625488281 , 20.16433
121.02 , 66.4711608886 , 20.17033
121.06 , 66.4711608886 , 20.17650
121.09 , 66.4711608886 , 20.18250
121.13 , 66.4711608886 , 20.18867
121.17 , 66.5797729492 , 20.19450
121.20 , 66.5797729492 , 20.20067
121.24 , 66.5797729492 , 20.20683
121.28 , 66.5797729492 , 20.21283
121.31 , 66.6883850097 , 20.21900
121.35 , 66.6883850097 , 20.22500
121.39 , 66.6883850097 , 20.23117
121.42 , 66.7969970703 , 20.23700
121.46 , 66.6883850097 , 20.24317
121.50 , 66.6883850097 , 20.24917
121.53 , 66.7969970703 , 20.25533
121.57 , 66.7969970703 , 20.26133
121.61 , 66.7969970703 , 20.26750
121.64 , 66.7969970703 , 20.27350
121.68 , 66.9056091308 , 20.27950
121.71 , 66.9056091308 , 20.28567
121.75 , 66.9056091308 , 20.29167
121.79 , 66.9056091308 , 20.29784
121.82 , 67.0142288208 , 20.30383
121.86 , 67.0142288208 , 20.31000
121.89 , 67.1228408813 , 20.31583
121.93 , 67.1228408813 , 20.32200
121.97 , 67.1228408813 , 20.32817
122.00 , 67.0142288208 , 20.33417
122.04 , 67.2314529418 , 20.34033
122.08 , 67.1228408813 , 20.34634
122.11 , 67.2314529418 , 20.35250
122.15 , 67.2314529418 , 20.35833
122.19 , 67.3400650024 , 20.36450
122.22 , 67.3400650024 , 20.37050
122.26 , 67.3400650024 , 20.37667
122.30 , 67.4486770629 , 20.38267
122.33 , 67.4486770629 , 20.38883
122.37 , 67.4486770629 , 20.39500
122.40 , 67.4486770629 , 20.40083
122.44 , 67.5572891235 , 20.40700
122.48 , 67.5572891235 , 20.41300
122.51 , 67.5572891235 , 20.41917
122.55 , 67.5572891235 , 20.42517
122.59 , 67.5572891235 , 20.43133
122.62 , 67.6659011840 , 20.43733
122.66 , 67.6659011840 , 20.44334
122.70 , 67.6659011840 , 20.44933
122.73 , 67.7745132446 , 20.45550
122.77 , 67.7745132446 , 20.46167
122.81 , 67.8831253051 , 20.46767
122.84 , 67.7745132446 , 20.47384
122.88 , 67.8831253051 , 20.47967
122.91 , 67.8831253051 , 20.48583
122.95 , 67.8831253051 , 20.49183
122.99 , 67.8831253051 , 20.49800
123.02 , 67.9917449951 , 20.50400
123.06 , 67.9917449951 , 20.51017
123.10 , 67.9917449951 , 20.51617
123.13 , 68.1003570556 , 20.52217
123.17 , 68.1003570556 , 20.52833
123.21 , 68.1003570556 , 20.53433
123.24 , 68.1003570556 , 20.54050
123.28 , 68.2089691162 , 20.54650
123.32 , 68.1003570556 , 20.55267
123.35 , 68.2089691162 , 20.55867
123.39 , 68.2089691162 , 20.56467
123.42 , 68.3175811767 , 20.57067
123.46 , 68.2089691162 , 20.57683
123.50 , 68.2089691162 , 20.58283
123.53 , 68.3175811767 , 20.58900
123.57 , 68.4261932373 , 20.59517
123.61 , 68.3175811767 , 20.60117
123.64 , 68.4261932373 , 20.60717
123.68 , 68.4261932373 , 20.61317
123.72 , 68.4261932373 , 20.61934
123.75 , 68.5348052978 , 20.62533
123.79 , 68.5348052978 , 20.63150
123.82 , 68.5348052978 , 20.63750
123.86 , 68.5348052978 , 20.64367
123.90 , 68.5348052978 , 20.64950
123.93 , 68.6434173583 , 20.65567
123.97 , 68.7520294189 , 20.66184
124.01 , 68.6434173583 , 20.66784
124.04 , 68.7520294189 , 20.67400
124.08 , 68.7520294189 , 20.68000
124.12 , 68.7520294189 , 20.68600
124.15 , 68.7520294189 , 20.69200
124.19 , 68.7520294189 , 20.69817
124.22 , 68.8606414794 , 20.70417
124.26 , 68.8606414794 , 20.71034
124.30 , 68.8606414794 , 20.71650
124.33 , 68.9692611694 , 20.72250
124.37 , 68.9692611694 , 20.72850
124.41 , 69.0778732299 , 20.73450
124.44 , 69.0778732299 , 20.74067
124.48 , 68.9692611694 , 20.74667
124.52 , 69.1864852905 , 20.75284
124.55 , 69.0778732299 , 20.75884
124.59 , 69.1864852905 , 20.76500
124.62 , 69.1864852905 , 20.77083
124.66 , 69.1864852905 , 20.77700
124.70 , 69.2950973510 , 20.78317
124.73 , 69.2950973510 , 20.78917
124.77 , 69.2950973510 , 20.79533
124.81 , 69.4037094116 , 20.80134
124.84 , 69.2950973510 , 20.80750
124.88 , 69.4037094116 , 20.81333
124.92 , 69.4037094116 , 20.81950
124.95 , 69.5123214721 , 20.82550
124.99 , 69.4037094116 , 20.83167
125.03 , 69.5123214721 , 20.83767
125.06 , 69.5123214721 , 20.84383
125.10 , 69.5123214721 , 20.85000
125.13 , 69.6209335327 , 20.85584
125.17 , 69.6209335327 , 20.86200
125.21 , 69.6209335327 , 20.86800
125.25 , 69.7295455932 , 20.87417
125.28 , 69.7295455932 , 20.88017
125.32 , 69.8381576538 , 20.88633
125.35 , 69.7295455932 , 20.89217
125.39 , 69.8381576538 , 20.89834
125.43 , 69.8381576538 , 20.90434
125.46 , 69.8381576538 , 20.91050
125.50 , 69.9467773437 , 20.91667
125.54 , 69.9467773437 , 20.92267
125.57 , 69.9467773437 , 20.92883
125.61 , 69.9467773437 , 20.93467
125.64 , 70.0553894042 , 20.94083
125.68 , 69.9467773437 , 20.94684
125.72 , 70.0553894042 , 20.95300
125.75 , 70.0553894042 , 20.95900
125.79 , 70.0553894042 , 20.96517
125.83 , 70.0553894042 , 20.97117
125.86 , 70.1640014648 , 20.97717
125.90 , 70.1640014648 , 20.98333
125.94 , 70.1640014648 , 20.98933
125.97 , 70.1640014648 , 20.99550
126.01 , 70.2726135253 , 21.00150
126.05 , 70.2726135253 , 21.00767
126.08 , 70.2726135253 , 21.01367
126.12 , 70.2726135253 , 21.01967
126.15 , 70.3812255859 , 21.02567
126.19 , 70.3812255859 , 21.03183
126.23 , 70.3812255859 , 21.03783
126.26 , 70.3812255859 , 21.04400
126.30 , 70.3812255859 , 21.05017
126.34 , 70.4898376464 , 21.05617
126.37 , 70.4898376464 , 21.06217
126.41 , 70.4898376464 , 21.06817
126.45 , 70.4898376464 , 21.07433
126.48 , 70.5984497070 , 21.08033
126.52 , 70.5984497070 , 21.08650
126.55 , 70.7070617675 , 21.09250
126.59 , 70.7070617675 , 21.09867
126.63 , 70.7070617675 , 21.10467
126.66 , 70.7070617675 , 21.11067
126.70 , 70.8156738281 , 21.11683
126.74 , 70.8156738281 , 21.12283
126.77 , 70.8156738281 , 21.12900
126.81 , 70.8156738281 , 21.13500
126.85 , 70.8156738281 , 21.14100
126.88 , 71.0329055786 , 21.14700
126.92 , 70.9242935180 , 21.15317
126.95 , 70.9242935180 , 21.15917
126.99 , 71.0329055786 , 21.16533
127.03 , 71.0329055786 , 21.17150
127.06 , 71.0329055786 , 21.17750
127.10 , 71.1415176391 , 21.18350
127.14 , 71.1415176391 , 21.18950
127.17 , 71.1415176391 , 21.19567
127.21 , 71.2501296997 , 21.20167
127.25 , 71.1415176391 , 21.20783
127.28 , 71.2501296997 , 21.21383
127.32 , 71.2501296997 , 21.22000
127.36 , 71.3587417602 , 21.22583
127.39 , 71.3587417602 , 21.23200
127.43 , 71.3587417602 , 21.23817
127.46 , 71.3587417602 , 21.24417
127.50 , 71.4673538208 , 21.25033
127.54 , 71.4673538208 , 21.25634
127.57 , 71.4673538208 , 21.26250
127.61 , 71.4673538208 , 21.26833
127.65 , 71.4673538208 , 21.27450
127.68 , 71.5759658813 , 21.28050
127.72 , 71.5759658813 , 21.28667
127.76 , 71.6845779418 , 21.29267
127.79 , 71.6845779418 , 21.29883
127.83 , 71.6845779418 , 21.30500
127.86 , 71.6845779418 , 21.31083
127.90 , 71.6845779418 , 21.31700
127.94 , 71.7931900024 , 21.32300
127.97 , 71.6845779418 , 21.32917
128.01 , 71.7931900024 , 21.33517
128.05 , 71.9018096923 , 21.34134
128.08 , 71.9018096923 , 21.34717
128.12 , 71.9018096923 , 21.35333
128.16 , 71.9018096923 , 21.35934
128.19 , 71.9018096923 , 21.36550
128.23 , 72.0104217529 , 21.37167
128.27 , 71.9018096923 , 21.37767
128.30 , 72.0104217529 , 21.38383
128.34 , 72.0104217529 , 21.38967
128.38 , 72.0104217529 , 21.39583
128.41 , 72.1190338134 , 21.40183
128.45 , 72.1190338134 , 21.40800
128.48 , 72.1190338134 , 21.41400
128.52 , 72.1190338134 , 21.42017
128.56 , 72.2276458740 , 21.42617
128.59 , 72.2276458740 , 21.43217
128.63 , 72.2276458740 , 21.43834
128.67 , 72.3362579345 , 21.44433
128.70 , 72.3362579345 , 21.45050
128.74 , 72.3362579345 , 21.45650
128.78 , 72.3362579345 , 21.46267
128.81 , 72.4448699951 , 21.46867
128.85 , 72.4448699951 , 21.47467
128.88 , 72.4448699951 , 21.48067
128.92 , 72.4448699951 , 21.48684
128.96 , 72.4448699951 , 21.49300
128.99 , 72.6620941162 , 21.49900
129.03 , 72.5534820556 , 21.50517
129.07 , 72.5534820556 , 21.51117
129.10 , 72.5534820556 , 21.51717
129.14 , 72.5534820556 , 21.52317
129.18 , 72.6620941162 , 21.52933
129.21 , 72.7707061767 , 21.53534
129.25 , 72.6620941162 , 21.54150
129.29 , 72.7707061767 , 21.54750
129.32 , 72.7707061767 , 21.55350
129.36 , 72.7707061767 , 21.55967
129.39 , 72.8793334960 , 21.56567
129.43 , 72.8793334960 , 21.57184
129.47 , 72.8793334960 , 21.57783
129.50 , 72.8793334960 , 21.58400
129.54 , 72.9879455566 , 21.59000
129.58 , 72.9879455566 , 21.59600
129.61 , 72.9879455566 , 21.60200
129.65 , 73.0965576171 , 21.60817
129.69 , 73.0965576171 , 21.61417
129.72 , 73.0965576171 , 21.62034
129.76 , 73.0965576171 , 21.62650
129.80 , 73.2051696777 , 21.63250
129.83 , 73.2051696777 , 21.63850
129.87 , 73.2051696777 , 21.64450
129.90 , 73.2051696777 , 21.65067
129.94 , 73.3137817382 , 21.65667
129.98 , 73.2051696777 , 21.66283
130.01 , 73.3137817382 , 21.66884
130.05 , 73.3137817382 , 21.67500
130.09 , 73.4223937988 , 21.68084
130.12 , 73.4223937988 , 21.68700
130.16 , 73.4223937988 , 21.69317
130.20 , 73.4223937988 , 21.69917
130.23 , 73.4223937988 , 21.70533
130.27 , 73.5310134887 , 21.71133
130.30 , 73.5310134887 , 21.71750
130.34 , 73.6396255493 , 21.72333
130.38 , 73.5310134887 , 21.72950
130.41 , 73.6396255493 , 21.73550
130.45 , 73.6396255493 , 21.74167
130.49 , 73.6396255493 , 21.74767
130.52 , 73.7482376098 , 21.75383
130.56 , 73.7482376098 , 21.76000
130.60 , 73.7482376098 , 21.76584
130.63 , 73.7482376098 , 21.77200
130.67 , 73.7482376098 , 21.77800
130.71 , 73.8568496704 , 21.78417
130.74 , 73.8568496704 , 21.79017
130.78 , 73.8568496704 , 21.79633
130.81 , 73.9654617309 , 21.80217
130.85 , 73.8568496704 , 21.80834
130.89 , 73.9654617309 , 21.81434
130.92 , 73.9654617309 , 21.82050
130.96 , 74.0740737915 , 21.82667
131.00 , 73.9654617309 , 21.83267
131.03 , 74.0740737915 , 21.83884
131.07 , 74.0740737915 , 21.84467
131.11 , 74.0740737915 , 21.85083
131.14 , 74.1826858520 , 21.85684
131.18 , 74.1826858520 , 21.86300
131.21 , 74.2912979125 , 21.86900
131.25 , 74.2912979125 , 21.87517
131.29 , 74.2912979125 , 21.88133
131.32 , 74.2912979125 , 21.88717
131.36 , 74.2912979125 , 21.89333
131.40 , 74.3999099731 , 21.89933
131.43 , 74.3999099731 , 21.90550
131.47 , 74.3999099731 , 21.91150
131.51 , 74.5085296630 , 21.91767
131.54 , 74.5085296630 , 21.92367
131.58 , 74.5085296630 , 21.92967
131.61 , 74.5085296630 , 21.93567
131.65 , 74.5085296630 , 21.94183
131.69 , 74.5085296630 , 21.94800
131.72 , 74.6171417236 , 21.95400
131.76 , 74.6171417236 , 21.96017
131.80 , 74.7257537841 , 21.96600
131.83 , 74.7257537841 , 21.97217
131.87 , 74.7257537841 , 21.97817
131.91 , 74.7257537841 , 21.98434
131.94 , 74.7257537841 , 21.99033
131.98 , 74.7257537841 , 21.99650
132.02 , 74.8343658447 , 22.00250
132.05 , 74.9429779052 , 22.00850
132.09 , 74.9429779052 , 22.01467
132.12 , 74.9429779052 , 22.02067
132.16 , 74.9429779052 , 22.02683
132.20 , 74.9429779052 , 22.03284
132.23 , 74.9429779052 , 22.03900
132.27 , 75.0515899658 , 22.04500
132.31 , 75.1602020263 , 22.05100
132.34 , 75.1602020263 , 22.05700
132.38 , 75.1602020263 , 22.06317
132.41 , 75.1602020263 , 22.06917
132.45 , 75.1602020263 , 22.07533
132.49 , 75.1602020263 , 22.08150
132.52 , 75.1602020263 , 22.08750
132.56 , 75.1602020263 , 22.09350
132.60 , 75.1602020263 , 22.09950
132.63 , 75.0515899658 , 22.10567
132.67 , 75.0515899658 , 22.11167
132.71 , 75.0515899658 , 22.11783
132.74 , 75.0515899658 , 22.12383
132.78 , 75.0515899658 , 22.13000
132.82 , 75.0515899658 , 22.13583
132.85 , 75.0515899658 , 22.14200