3.22 , 0.0000000000 , 0.53617
3.25 , 0.0000000000 , 0.54167
3.28 , 0.0000000000 , 0.54683
3.31 , 0.1086129074 , 0.55233
3.35 , 0.0000000000 , 0.55767
3.38 , 0.0000000000 , 0.56317
3.41 , 0.0000000000 , 0.56833
3.44 , 0.0000000000 , 0.57383
3.48 , 0.0000000000 , 0.57917
3.51 , 0.1086129074 , 0.58467
3.54 , 0.0000000000 , 0.58983
3.57 , 0.1086129074 , 0.59533
3.60 , 0.1086129074 , 0.60067
3.64 , 0.1086129074 , 0.60617
3.67 , 0.1086129074 , 0.61133
3.70 , 0.0000000000 , 0.61683
3.73 , 0.1086129074 , 0.62217
3.77 , 0.1086129074 , 0.62767
3.80 , 0.1086129074 , 0.63300
3.83 , 0.1086129074 , 0.63833
3.86 , 0.1086129074 , 0.64367
3.90 , 0.1086129074 , 0.64917
3.93 , 0.1086129074 , 0.65450
3.96 , 0.2172258138 , 0.65967
3.99 , 0.1086129074 , 0.66517
4.02 , 0.1086129074 , 0.67050
4.06 , 0.1086129074 , 0.67600
4.09 , 0.1086129074 , 0.68117
4.12 , 0.3258387088 , 0.68667
4.15 , 0.2172258138 , 0.69200
4.19 , 0.2172258138 , 0.69750
4.22 , 0.2172258138 , 0.70267
4.25 , 0.2172258138 , 0.70817
4.28 , 0.2172258138 , 0.71350
4.31 , 0.2172258138 , 0.71900
4.34 , 0.2172258138 , 0.72417
4.38 , 0.3258387088 , 0.72967
4.41 , 0.3258387088 , 0.73500
4.44 , 0.3258387088 , 0.74050
4.47 , 0.3258387088 , 0.74567
4.51 , 0.4344516277 , 0.75117
4.54 , 0.4344516277 , 0.75650
4.57 , 0.4344516277 , 0.76200
4.60 , 0.4344516277 , 0.76717
4.64 , 0.4344516277 , 0.77267
4.67 , 0.4344516277 , 0.77800
4.70 , 0.6516774177 , 0.78350
4.73 , 0.5430645465 , 0.78867
4.76 , 0.5430645465 , 0.79417
4.80 , 0.6516774177 , 0.79950
4.83 , 0.6516774177 , 0.80500
4.86 , 0.7602903366 , 0.81017
4.89 , 0.6516774177 , 0.81567
4.93 , 0.7602903366 , 0.82100
4.96 , 0.7602903366 , 0.82650
4.99 , 0.7602903366 , 0.83167
5.02 , 0.7602903366 , 0.83700
5.05 , 0.7602903366 , 0.84250
5.09 , 0.8689032554 , 0.84783
5.12 , 0.8689032554 , 0.85333
5.15 , 0.9775160789 , 0.85850
5.18 , 0.8689032554 , 0.86400
5.22 , 0.9775160789 , 0.86933
5.25 , 0.8689032554 , 0.87483
5.28 , 0.9775160789 , 0.88000
5.31 , 0.8689032554 , 0.88550
5.34 , 0.9775160789 , 0.89083
5.38 , 0.9775160789 , 0.89633
5.41 , 0.9775160789 , 0.90150
5.44 , 1.0861290740 , 0.90700
5.47 , 1.0861290740 , 0.91233
5.51 , 1.0861290740 , 0.91783
5.54 , 1.1947432708 , 0.92300
5.57 , 1.1947432708 , 0.92850
5.60 , 1.1947432708 , 0.93383
5.64 , 1.1947432708 , 0.93933
5.67 , 1.1947432708 , 0.94450
5.70 , 1.1947432708 , 0.95000
5.73 , 1.3033561706 , 0.95533
5.76 , 1.3033561706 , 0.96083
5.80 , 1.3033561706 , 0.96600
5.83 , 1.3033561706 , 0.97150
5.86 , 1.4119690895 , 0.97683
5.89 , 1.4119690895 , 0.98233
5.93 , 1.4119690895 , 0.98750
5.96 , 1.4119690895 , 0.99300
5.99 , 1.5205819606 , 0.99833
6.02 , 1.4119690895 , 1.00367
6.05 , 1.5205819606 , 1.00900
6.09 , 1.5205819606 , 1.01433
6.12 , 1.5205819606 , 1.01983
6.15 , 1.6291948318 , 1.02517
6.18 , 1.5205819606 , 1.03050
6.22 , 1.5205819606 , 1.03583
6.25 , 1.6291948318 , 1.04133
6.28 , 1.6291948318 , 1.04667
6.31 , 1.6291948318 , 1.05200
6.34 , 1.7378077507 , 1.05733
6.38 , 1.6291948318 , 1.06283
6.41 , 1.7378077507 , 1.06817
6.44 , 1.7378077507 , 1.07350
6.47 , 1.7378077507 , 1.07883
6.51 , 1.8464206695 , 1.08433
6.54 , 1.8464206695 , 1.08967
6.57 , 1.7378077507 , 1.09517
6.60 , 1.7378077507 , 1.10033
6.64 , 1.8464206695 , 1.10583
6.67 , 1.8464206695 , 1.11117
6.70 , 1.9550334930 , 1.11667
6.73 , 1.9550334930 , 1.12183
6.76 , 1.9550334930 , 1.12733
6.80 , 1.9550334930 , 1.13267
6.83 , 1.9550334930 , 1.13817
6.86 , 1.9550334930 , 1.14333
6.89 , 2.0636465549 , 1.14883
6.93 , 2.0636465549 , 1.15417
6.96 , 2.0636465549 , 1.15967
6.99 , 2.1722593307 , 1.16483
7.02 , 2.0636465549 , 1.17033
7.05 , 2.1722593307 , 1.17567
7.09 , 2.1722593307 , 1.18100
7.12 , 2.1722593307 , 1.18633
7.15 , 2.1722593307 , 1.19167
7.18 , 2.2808723449 , 1.19717
7.22 , 2.2808723449 , 1.20250
7.25 , 2.1722593307 , 1.20783
7.28 , 2.2808723449 , 1.21317
7.31 , 2.2808723449 , 1.21867
7.34 , 2.2808723449 , 1.22400
7.38 , 2.3894851207 , 1.22933
7.41 , 2.3894851207 , 1.23467
7.44 , 2.3894851207 , 1.24017
7.47 , 2.3894851207 , 1.24550
7.51 , 2.3894851207 , 1.25083
7.54 , 2.4980981349 , 1.25617
7.57 , 2.4980981349 , 1.26167
7.60 , 2.4980981349 , 1.26700
7.63 , 2.6067123413 , 1.27233
7.67 , 2.6067123413 , 1.27767
7.70 , 2.6067123413 , 1.28317
7.73 , 2.6067123413 , 1.28850
7.76 , 2.7153253555 , 1.29383
7.80 , 2.6067123413 , 1.29917
7.83 , 2.6067123413 , 1.30467
7.86 , 2.7153253555 , 1.31000
7.89 , 2.7153253555 , 1.31533
7.92 , 2.7153253555 , 1.32067
7.96 , 2.7153253555 , 1.32617
7.99 , 2.8239381790 , 1.33150
8.02 , 2.8239381790 , 1.33700
8.05 , 2.7153253555 , 1.34217
8.09 , 2.8239381790 , 1.34750
8.12 , 2.8239381790 , 1.35300
8.15 , 2.9325511932 , 1.35833
8.18 , 2.9325511932 , 1.36367
8.21 , 2.9325511932 , 1.36900
8.25 , 2.9325511932 , 1.37450
8.28 , 2.9325511932 , 1.37983
8.31 , 2.9325511932 , 1.38517
8.34 , 3.1497769355 , 1.39050
8.38 , 3.0411639213 , 1.39600
8.41 , 3.0411639213 , 1.40133
8.44 , 3.1497769355 , 1.40667
8.47 , 3.0411639213 , 1.41200
8.51 , 3.1497769355 , 1.41750
8.54 , 3.1497769355 , 1.42283
8.57 , 3.1497769355 , 1.42817
8.60 , 3.2583897113 , 1.43350
8.63 , 3.1497769355 , 1.43900
8.67 , 3.1497769355 , 1.44433
8.70 , 3.2583897113 , 1.44967
8.73 , 3.2583897113 , 1.45500
8.76 , 3.2583897113 , 1.46050
8.80 , 3.2583897113 , 1.46583
8.83 , 3.3670027256 , 1.47117
8.86 , 3.4756155014 , 1.47650
8.89 , 3.3670027256 , 1.48200
8.92 , 3.4756155014 , 1.48733
8.96 , 3.4756155014 , 1.49267
8.99 , 3.4756155014 , 1.49800
9.02 , 3.4756155014 , 1.50350
9.05 , 3.5842285156 , 1.50883
9.09 , 3.4756155014 , 1.51417
9.12 , 3.5842285156 , 1.51950
9.15 , 3.5842285156 , 1.52483
9.18 , 3.4756155014 , 1.53033
9.21 , 3.5842285156 , 1.53550
9.25 , 3.5842285156 , 1.54100
9.28 , 3.6928412914 , 1.54633
9.31 , 3.6928412914 , 1.55183
9.34 , 3.6928412914 , 1.55700
9.38 , 3.5842285156 , 1.56250
9.41 , 3.8014543533 , 1.56783
9.44 , 3.6928412914 , 1.57333
9.47 , 3.8014543533 , 1.57867
9.50 , 3.8014543533 , 1.58400
9.54 , 3.8014543533 , 1.58933
9.57 , 3.8014543533 , 1.59483
9.60 , 3.9100670814 , 1.60017
9.63 , 3.9100670814 , 1.60550
9.67 , 3.8014543533 , 1.61083
9.70 , 3.9100670814 , 1.61633
9.73 , 3.9100670814 , 1.62167
9.76 , 3.9100670814 , 1.62700
9.79 , 4.0186815261 , 1.63233
9.83 , 4.0186815261 , 1.63783
9.86 , 4.0186815261 , 1.64317
9.89 , 4.0186815261 , 1.64850
9.92 , 4.1272945404 , 1.65383
9.96 , 4.1272945404 , 1.65933
9.99 , 4.1272945404 , 1.66467
10.02 , 4.1272945404 , 1.67000
10.05 , 4.1272945404 , 1.67550
10.09 , 4.2359070777 , 1.68117
10.12 , 4.2359070777 , 1.68667
10.15 , 4.2359070777 , 1.69217
10.19 , 4.2359070777 , 1.69767
10.22 , 4.2359070777 , 1.70333
10.25 , 4.3445200920 , 1.70883
10.29 , 4.2359070777 , 1.71450
10.32 , 4.3445200920 , 1.71983
10.35 , 4.3445200920 , 1.72550
10.39 , 4.3445200920 , 1.73100
10.42 , 4.3445200920 , 1.73667
10.45 , 4.3445200920 , 1.74200
10.49 , 4.3445200920 , 1.74767
10.52 , 4.4531331062 , 1.75317
10.55 , 4.4531331062 , 1.75883
10.59 , 4.3445200920 , 1.76433
10.62 , 4.4531331062 , 1.76983
10.65 , 4.5617461204 , 1.77533
10.69 , 4.4531331062 , 1.78100
10.72 , 4.5617461204 , 1.78650
10.75 , 4.5617461204 , 1.79217
10.78 , 4.5617461204 , 1.79750
10.82 , 4.5617461204 , 1.80317
10.85 , 4.4531331062 , 1.80867
10.89 , 4.5617461204 , 1.81433
10.92 , 4.5617461204 , 1.81967
10.95 , 4.6703586578 , 1.82533
10.98 , 4.5617461204 , 1.83083
11.02 , 4.6703586578 , 1.83650
11.05 , 4.6703586578 , 1.84200
11.09 , 4.7789716720 , 1.84750
11.12 , 4.6703586578 , 1.85300
11.15 , 4.7789716720 , 1.85867
11.19 , 4.7789716720 , 1.86417
11.22 , 4.7789716720 , 1.86967
11.25 , 4.7789716720 , 1.87517
11.28 , 4.7789716720 , 1.88083
11.32 , 4.8875846862 , 1.88633
11.35 , 4.8875846862 , 1.89200
11.38 , 4.8875846862 , 1.89733
11.42 , 4.8875846862 , 1.90300
11.45 , 4.9961977005 , 1.90850
11.48 , 4.8875846862 , 1.91417
11.52 , 4.8875846862 , 1.91950
11.55 , 4.9961977005 , 1.92517
11.58 , 4.9961977005 , 1.93067
11.62 , 4.9961977005 , 1.93633
11.65 , 5.1048102378 , 1.94183
11.68 , 4.9961977005 , 1.94733
11.72 , 4.9961977005 , 1.95283
11.75 , 4.9961977005 , 1.95850
11.78 , 5.2134232521 , 1.96400
11.82 , 5.1048102378 , 1.96950
11.85 , 5.1048102378 , 1.97500
11.88 , 5.1048102378 , 1.98067
11.92 , 5.2134232521 , 1.98617
11.95 , 5.2134232521 , 1.99183
11.98 , 5.3220362663 , 1.99717
12.02 , 5.2134232521 , 2.00283
12.05 , 5.3220362663 , 2.00833
12.08 , 5.2134232521 , 2.01400
12.12 , 5.2134232521 , 2.01933
12.15 , 5.3220362663 , 2.02500
12.18 , 5.3220362663 , 2.03050
12.22 , 5.3220362663 , 2.03617
12.25 , 5.4306507110 , 2.04167
12.28 , 5.4306507110 , 2.04717
12.32 , 5.4306507110 , 2.05267
12.35 , 5.4306507110 , 2.05833
12.38 , 5.4306507110 , 2.06383
12.42 , 5.4306507110 , 2.06950
12.45 , 5.4306507110 , 2.07483
12.48 , 5.4306507110 , 2.08050
12.52 , 5.5392632484 , 2.08600
12.55 , 5.5392632484 , 2.09167
12.58 , 5.5392632484 , 2.09700
12.62 , 5.5392632484 , 2.10267
12.65 , 5.6478762626 , 2.10817
12.68 , 5.7564892768 , 2.11383
12.72 , 5.7564892768 , 2.11933
12.75 , 5.7564892768 , 2.12483
12.78 , 5.5392632484 , 2.13033
12.82 , 5.6478762626 , 2.13600
12.85 , 5.6478762626 , 2.14150
12.88 , 5.7564892768 , 2.14700
12.92 , 5.7564892768 , 2.15250
12.95 , 5.7564892768 , 2.15817
12.98 , 5.7564892768 , 2.16367
13.02 , 5.7564892768 , 2.16933
13.05 , 5.8651022911 , 2.17467
13.08 , 5.7564892768 , 2.18033
13.11 , 5.8651022911 , 2.18583
13.15 , 5.8651022911 , 2.19150
13.18 , 5.8651022911 , 2.19683
13.22 , 5.8651022911 , 2.20250
13.25 , 5.9737148284 , 2.20800
13.28 , 5.8651022911 , 2.21367
13.31 , 6.0823278427 , 2.21917
13.35 , 5.8651022911 , 2.22467
13.38 , 5.9737148284 , 2.23017
13.42 , 5.8651022911 , 2.23583
13.45 , 5.9737148284 , 2.24133
13.48 , 5.9737148284 , 2.24683
13.51 , 6.0823278427 , 2.25233
13.55 , 6.0823278427 , 2.25800
13.58 , 6.0823278427 , 2.26350
13.61 , 5.9737148284 , 2.26917
13.65 , 6.0823278427 , 2.27450
13.68 , 6.0823278427 , 2.28017
13.71 , 6.0823278427 , 2.28567
13.75 , 6.1909408569 , 2.29133
13.78 , 6.0823278427 , 2.29667
13.81 , 6.2995538711 , 2.30233
13.85 , 6.1909408569 , 2.30783
13.88 , 6.1909408569 , 2.31350
13.91 , 6.2995538711 , 2.31900
13.95 , 6.2995538711 , 2.32450
13.98 , 6.2995538711 , 2.33000
14.01 , 6.2995538711 , 2.33567
14.05 , 6.2995538711 , 2.34117
14.08 , 6.2995538711 , 2.34683
14.11 , 6.2995538711 , 2.35217
14.15 , 6.4081664085 , 2.35783
14.18 , 6.4081664085 , 2.36333
14.21 , 6.4081664085 , 2.36900
14.25 , 6.4081664085 , 2.37433
14.28 , 6.4081664085 , 2.38000
14.31 , 6.4081664085 , 2.38550
14.35 , 6.5167794227 , 2.39117
14.38 , 6.4081664085 , 2.39667
14.41 , 6.4081664085 , 2.40217
14.45 , 6.5167794227 , 2.40767
14.48 , 6.5167794227 , 2.41333
14.51 , 6.5167794227 , 2.41883
14.55 , 6.5167794227 , 2.42433
14.58 , 6.5167794227 , 2.42983
14.61 , 6.6253924369 , 2.43550
14.65 , 6.6253924369 , 2.44100
14.68 , 6.6253924369 , 2.44667
14.71 , 6.7340068817 , 2.45200
14.75 , 6.7340068817 , 2.45767
14.78 , 6.7340068817 , 2.46317
14.81 , 6.8426194190 , 2.46883
14.85 , 6.7340068817 , 2.47417
14.88 , 6.8426194190 , 2.47983
14.91 , 6.7340068817 , 2.48533
14.95 , 6.8426194190 , 2.49100
14.98 , 6.8426194190 , 2.49650
15.01 , 6.9512324333 , 2.50200
15.05 , 6.8426194190 , 2.50750
15.08 , 6.8426194190 , 2.51317
15.11 , 6.8426194190 , 2.51867
15.15 , 6.9512324333 , 2.52417
15.18 , 6.8426194190 , 2.52967
15.21 , 7.0598454475 , 2.53533
15.25 , 6.9512324333 , 2.54083
15.28 , 6.9512324333 , 2.54650
15.31 , 6.9512324333 , 2.55183
15.35 , 7.0598454475 , 2.55750
15.38 , 7.0598454475 , 2.56300
15.41 , 7.0598454475 , 2.56867
15.44 , 7.0598454475 , 2.57400
15.48 , 6.9512324333 , 2.57967
15.51 , 7.1684584617 , 2.58517
15.55 , 7.0598454475 , 2.59083
15.58 , 7.1684584617 , 2.59633
15.61 , 7.1684584617 , 2.60183
15.64 , 7.0598454475 , 2.60733
15.68 , 7.1684584617 , 2.61300
15.71 , 7.1684584617 , 2.61850
15.75 , 7.1684584617 , 2.62417
15.78 , 7.1684584617 , 2.62950
15.81 , 7.1684584617 , 2.63517
15.84 , 7.1684584617 , 2.64067
15.88 , 7.1684584617 , 2.64633
15.91 , 7.2770709991 , 2.65167
15.94 , 7.2770709991 , 2.65733
15.98 , 7.2770709991 , 2.66283
16.01 , 7.2770709991 , 2.66850
16.04 , 7.2770709991 , 2.67400
16.08 , 7.2770709991 , 2.67950
16.11 , 7.2770709991 , 2.68500
16.14 , 7.2770709991 , 2.69067
16.18 , 7.4942970275 , 2.69617
16.21 , 7.4942970275 , 2.70167
16.24 , 7.3856840133 , 2.70717
16.28 , 7.4942970275 , 2.71283
16.31 , 7.4942970275 , 2.71833
16.34 , 7.4942970275 , 2.72400
16.38 , 7.4942970275 , 2.72933
16.41 , 7.6029100418 , 2.73500
16.44 , 7.6029100418 , 2.74050
16.48 , 7.4942970275 , 2.74617
16.51 , 7.6029100418 , 2.75150
16.54 , 7.6029100418 , 2.75717
16.58 , 7.6029100418 , 2.76267
16.61 , 7.6029100418 , 2.76833
16.64 , 7.6029100418 , 2.77383
16.68 , 7.7115225791 , 2.77933
16.71 , 7.7115225791 , 2.78483
16.74 , 7.7115225791 , 2.79050
16.78 , 7.8201355934 , 2.79600
16.81 , 7.7115225791 , 2.80150
16.84 , 7.8201355934 , 2.80700
16.88 , 7.8201355934 , 2.81267
16.91 , 7.8201355934 , 2.81817
16.94 , 7.8201355934 , 2.82383
16.97 , 7.9287486076 , 2.82917
17.01 , 7.9287486076 , 2.83483
17.04 , 7.9287486076 , 2.84033
17.08 , 7.9287486076 , 2.84600
17.11 , 7.9287486076 , 2.85133
17.14 , 7.9287486076 , 2.85700
17.17 , 7.9287486076 , 2.86250
17.21 , 7.9287486076 , 2.86817
17.24 , 7.9287486076 , 2.87367
17.27 , 8.0373611450 , 2.87917
17.31 , 8.0373611450 , 2.88467
17.34 , 8.0373611450 , 2.89033
17.37 , 8.1459760665 , 2.89583
17.41 , 8.0373611450 , 2.90150
17.44 , 8.0373611450 , 2.90683
17.47 , 8.1459760665 , 2.91250
17.51 , 8.1459760665 , 2.91800
17.54 , 8.1459760665 , 2.92367
17.57 , 8.1459760665 , 2.92900
17.61 , 8.2545890808 , 2.93467
17.64 , 8.2545890808 , 2.94017
17.67 , 8.2545890808 , 2.94583
17.71 , 8.1459760665 , 2.95133
17.74 , 8.2545890808 , 2.95683
17.77 , 8.3632011413 , 2.96233
17.81 , 8.2545890808 , 2.96800
17.84 , 8.3632011413 , 2.97350
17.87 , 8.2545890808 , 2.97900
17.91 , 8.3632011413 , 2.98450
17.94 , 8.3632011413 , 2.99017
17.97 , 8.2545890808 , 2.99567
18.01 , 8.3632011413 , 3.00133
18.04 , 8.3632011413 , 3.00667
18.07 , 8.4718141555 , 3.01233
18.11 , 8.3632011413 , 3.01783
18.14 , 8.4718141555 , 3.02350
18.17 , 8.3632011413 , 3.02883
18.21 , 8.3632011413 , 3.03450
18.24 , 8.4718141555 , 3.04000
18.27 , 8.3632011413 , 3.04567
18.31 , 8.4718141555 , 3.05117
18.34 , 8.4718141555 , 3.05667
18.37 , 8.5804271697 , 3.06217
18.41 , 8.5804271697 , 3.06783
18.44 , 8.5804271697 , 3.07333
18.47 , 8.6890401840 , 3.07883
18.51 , 8.5804271697 , 3.08433
18.54 , 8.6890401840 , 3.09000
18.57 , 8.6890401840 , 3.09550
18.61 , 8.5804271697 , 3.10117
18.64 , 8.5804271697 , 3.10650
18.67 , 8.7976531982 , 3.11217
18.71 , 8.6890401840 , 3.11767
18.74 , 8.6890401840 , 3.12333
18.77 , 8.7976531982 , 3.12867
18.81 , 8.7976531982 , 3.13433
18.84 , 8.6890401840 , 3.13983
18.87 , 8.7976531982 , 3.14550
18.91 , 8.7976531982 , 3.15100
18.94 , 8.7976531982 , 3.15650
18.97 , 8.7976531982 , 3.16200
19.01 , 8.9062662124 , 3.16767
19.04 , 8.9062662124 , 3.17317
19.07 , 8.9062662124 , 3.17883
19.10 , 8.9062662124 , 3.18417
19.14 , 9.0148792266 , 3.18983
19.17 , 9.0148792266 , 3.19533
19.21 , 9.0148792266 , 3.20100
19.24 , 9.0148792266 , 3.20633
19.27 , 9.0148792266 , 3.21200
19.30 , 9.1234922409 , 3.21750
19.34 , 9.0148792266 , 3.22317
19.37 , 9.1234922409 , 3.22867
19.40 , 9.1234922409 , 3.23417
19.44 , 9.1234922409 , 3.23967
19.47 , 9.1234922409 , 3.24533
19.50 , 9.2321052551 , 3.25083
19.54 , 9.3407173156 , 3.25633
19.57 , 9.2321052551 , 3.26183
19.60 , 9.2321052551 , 3.26750
19.64 , 9.2321052551 , 3.27300
19.67 , 9.3407173156 , 3.27867
19.70 , 9.2321052551 , 3.28400
19.74 , 9.2321052551 , 3.28967
19.77 , 9.2321052551 , 3.29517
19.80 , 9.3407173156 , 3.30083
19.84 , 9.3407173156 , 3.30617
19.87 , 9.3407173156 , 3.31183
19.90 , 9.3407173156 , 3.31733
19.94 , 9.4493303298 , 3.32300
19.97 , 9.4493303298 , 3.32850
20.00 , 9.3407173156 , 3.33400
20.04 , 9.4493303298 , 3.33950
20.07 , 9.4493303298 , 3.34517
20.10 , 9.4493303298 , 3.35067
20.14 , 9.5579452514 , 3.35617
20.17 , 9.5579452514 , 3.36167
20.20 , 9.5579452514 , 3.36733
20.24 , 9.6665573120 , 3.37283
20.27 , 9.5579452514 , 3.37850
20.30 , 9.5579452514 , 3.38383
20.34 , 9.5579452514 , 3.38950
20.37 , 9.5579452514 , 3.39500
20.40 , 9.6665573120 , 3.40067
20.44 , 9.5579452514 , 3.40600
20.47 , 9.6665573120 , 3.41167
20.50 , 9.6665573120 , 3.41717
20.54 , 9.7751703262 , 3.42283
20.57 , 9.7751703262 , 3.42833
20.60 , 9.6665573120 , 3.43383
20.64 , 9.6665573120 , 3.43933
20.67 , 9.7751703262 , 3.44500
20.70 , 9.6665573120 , 3.45050
20.74 , 9.6665573120 , 3.45617
20.77 , 9.7751703262 , 3.46150
20.80 , 9.8837833404 , 3.46717
20.84 , 9.7751703262 , 3.47267
20.87 , 9.8837833404 , 3.47833
20.90 , 9.8837833404 , 3.48367
20.94 , 9.8837833404 , 3.48933
20.97 , 9.8837833404 , 3.49483
21.00 , 9.9923963546 , 3.50050
21.04 , 9.8837833404 , 3.50600
21.07 , 9.9923963546 , 3.51150
21.10 , 9.9923963546 , 3.51700
21.14 , 10.1010093688 , 3.52267
21.17 , 10.1010093688 , 3.52833
21.20 , 10.1010093688 , 3.53400
21.24 , 9.9923963546 , 3.53967
21.27 , 10.2096223831 , 3.54533
21.31 , 10.1010093688 , 3.55100
21.34 , 10.1010093688 , 3.55683
21.37 , 10.2096223831 , 3.56233
21.41 , 10.2096223831 , 3.56817
21.44 , 10.1010093688 , 3.57383
21.48 , 10.2096223831 , 3.57967
21.51 , 10.2096223831 , 3.58533
21.55 , 10.2096223831 , 3.59117
21.58 , 10.3182353973 , 3.59667
21.61 , 10.2096223831 , 3.60250
21.65 , 10.3182353973 , 3.60817
21.68 , 10.3182353973 , 3.61400
21.72 , 10.3182353973 , 3.61967
21.75 , 10.4268484115 , 3.62533
21.79 , 10.4268484115 , 3.63100
21.82 , 10.4268484115 , 3.63683
21.85 , 10.4268484115 , 3.64250
21.89 , 10.5354614257 , 3.64833
21.92 , 10.4268484115 , 3.65383
21.96 , 10.4268484115 , 3.65967
21.99 , 10.4268484115 , 3.66533
22.03 , 10.5354614257 , 3.67117
22.06 , 10.5354614257 , 3.67683
22.09 , 10.5354614257 , 3.68250
22.13 , 10.6440734863 , 3.68817
22.16 , 10.6440734863 , 3.69400
22.20 , 10.6440734863 , 3.69983
22.23 , 10.5354614257 , 3.70550
22.27 , 10.6440734863 , 3.71117
22.30 , 10.6440734863 , 3.71683
22.34 , 10.7526865005 , 3.72267
22.37 , 10.7526865005 , 3.72833
22.40 , 10.7526865005 , 3.73417
22.44 , 10.7526865005 , 3.73967
22.47 , 10.7526865005 , 3.74550
22.51 , 10.7526865005 , 3.75117
22.54 , 10.8612995147 , 3.75700
22.58 , 10.8612995147 , 3.76267
22.61 , 10.8612995147 , 3.76833
22.64 , 10.8612995147 , 3.77400
22.68 , 10.8612995147 , 3.77983
22.71 , 10.7526865005 , 3.78550
22.75 , 10.8612995147 , 3.79133
22.78 , 10.8612995147 , 3.79683
22.82 , 10.8612995147 , 3.80267
22.85 , 10.8612995147 , 3.80833
22.88 , 10.8612995147 , 3.81417
22.92 , 10.8612995147 , 3.81983
22.95 , 10.9699125289 , 3.82550
22.99 , 10.9699125289 , 3.83117
23.02 , 10.9699125289 , 3.83700
23.06 , 10.9699125289 , 3.84267
23.09 , 11.0785255432 , 3.84850
23.12 , 10.9699125289 , 3.85400
23.16 , 11.0785255432 , 3.85983
23.19 , 11.0785255432 , 3.86550
23.23 , 11.0785255432 , 3.87133
23.26 , 11.0785255432 , 3.87717
23.30 , 11.1871385574 , 3.88283
23.33 , 11.1871385574 , 3.88850
23.36 , 11.0785255432 , 3.89417
23.40 , 11.0785255432 , 3.90000
23.43 , 11.0785255432 , 3.90567
23.47 , 11.1871385574 , 3.91150
23.50 , 11.2957515716 , 3.91700
23.54 , 11.2957515716 , 3.92283
23.57 , 11.2957515716 , 3.92850
23.61 , 11.2957515716 , 3.93433
23.64 , 11.2957515716 , 3.94000
23.67 , 11.2957515716 , 3.94567
23.71 , 11.4043645858 , 3.95133
23.74 , 11.4043645858 , 3.95717
23.78 , 11.2957515716 , 3.96283
23.81 , 11.4043645858 , 3.96867
23.84 , 11.5129766464 , 3.97417
23.88 , 11.4043645858 , 3.98000
23.91 , 11.4043645858 , 3.98567
23.95 , 11.5129766464 , 3.99150
23.98 , 11.5129766464 , 3.99717
24.02 , 11.5129766464 , 4.00283
24.05 , 11.5129766464 , 4.00850
24.09 , 11.5129766464 , 4.01433
24.12 , 11.6215925216 , 4.02000
24.15 , 11.6215925216 , 4.02583
24.19 , 11.6215925216 , 4.03133
24.22 , 11.6215925216 , 4.03717
24.26 , 11.6215925216 , 4.04283
24.29 , 11.7302055358 , 4.04867
24.33 , 11.8388185501 , 4.05433
24.36 , 11.7302055358 , 4.06000
24.39 , 11.7302055358 , 4.06583
24.43 , 11.7302055358 , 4.07150
24.46 , 11.7302055358 , 4.07733
24.50 , 11.8388185501 , 4.08300
24.53 , 11.8388185501 , 4.08867
24.57 , 11.8388185501 , 4.09433
24.60 , 11.8388185501 , 4.10017
24.63 , 11.8388185501 , 4.10583
24.67 , 11.8388185501 , 4.11167
24.70 , 11.8388185501 , 4.11733
24.74 , 11.8388185501 , 4.12300
24.77 , 11.9474315643 , 4.12867
24.81 , 11.9474315643 , 4.13450
24.84 , 11.8388185501 , 4.14017
24.88 , 11.9474315643 , 4.14600
24.91 , 11.9474315643 , 4.15150
24.94 , 12.0560445785 , 4.15733
24.98 , 12.0560445785 , 4.16300
25.01 , 12.0560445785 , 4.16883
25.05 , 12.1646575927 , 4.17450
25.08 , 12.0560445785 , 4.18017
25.11 , 12.0560445785 , 4.18583
25.15 , 12.0560445785 , 4.19167
25.18 , 12.0560445785 , 4.19733
25.22 , 12.0560445785 , 4.20317
25.25 , 12.1646575927 , 4.20867
25.29 , 12.1646575927 , 4.21450
25.32 , 12.1646575927 , 4.22017
25.36 , 12.0560445785 , 4.22600
25.39 , 12.0560445785 , 4.23167
25.42 , 12.1646575927 , 4.23733
25.46 , 12.1646575927 , 4.24317
25.49 , 12.2732696533 , 4.24883
25.53 , 12.2732696533 , 4.25467
25.56 , 12.2732696533 , 4.26033
25.60 , 12.2732696533 , 4.26600
25.63 , 12.2732696533 , 4.27167
25.67 , 12.2732696533 , 4.27750
25.70 , 12.3818826675 , 4.28317
25.73 , 12.3818826675 , 4.28900
25.77 , 12.3818826675 , 4.29450
25.80 , 12.3818826675 , 4.30033
25.84 , 12.3818826675 , 4.30600
25.87 , 12.3818826675 , 4.31183
25.90 , 12.4904956817 , 4.31750
25.94 , 12.4904956817 , 4.32317
25.97 , 12.4904956817 , 4.32883
26.01 , 12.5991086959 , 4.33467
26.04 , 12.4904956817 , 4.34033
26.08 , 12.4904956817 , 4.34617
26.11 , 12.5991086959 , 4.35167
26.14 , 12.7077217102 , 4.35750
26.18 , 12.5991086959 , 4.36317
26.21 , 12.5991086959 , 4.36900
26.25 , 12.7077217102 , 4.37467
26.28 , 12.7077217102 , 4.38050
26.32 , 12.7077217102 , 4.38600
26.35 , 12.7077217102 , 4.39183
26.38 , 12.8163347244 , 4.39750
26.42 , 12.8163347244 , 4.40333
26.45 , 12.8163347244 , 4.40900
26.49 , 12.7077217102 , 4.41467
26.52 , 12.8163347244 , 4.42033
26.56 , 12.8163347244 , 4.42617
26.59 , 12.9249477386 , 4.43200
26.63 , 12.9249477386 , 4.43767
26.66 , 12.9249477386 , 4.44333
26.69 , 12.9249477386 , 4.44900
26.73 , 12.9249477386 , 4.45483
26.76 , 12.9249477386 , 4.46050
26.80 , 12.9249477386 , 4.46633
26.83 , 13.0335607528 , 4.47183
26.87 , 13.0335607528 , 4.47767
26.90 , 13.0335607528 , 4.48333
26.93 , 13.0335607528 , 4.48917
26.97 , 13.1421737670 , 4.49483
27.00 , 13.1421737670 , 4.50050
27.04 , 13.1421737670 , 4.50617
27.07 , 13.0335607528 , 4.51200
27.11 , 13.1421737670 , 4.51767
27.14 , 13.1421737670 , 4.52350
27.17 , 13.0335607528 , 4.52900
27.21 , 13.1421737670 , 4.53483
27.24 , 13.2507858276 , 4.54050
27.28 , 13.2507858276 , 4.54633
27.31 , 13.1421737670 , 4.55200
27.35 , 13.1421737670 , 4.55767
27.38 , 13.1421737670 , 4.56333
27.42 , 13.2507858276 , 4.56917
27.45 , 13.3593988418 , 4.57483
27.48 , 13.2507858276 , 4.58067
27.52 , 13.3593988418 , 4.58617
27.55 , 13.2507858276 , 4.59200
27.59 , 13.3593988418 , 4.59767
27.62 , 13.3593988418 , 4.60350
27.66 , 13.3593988418 , 4.60933
27.69 , 13.3593988418 , 4.61483
27.72 , 13.3593988418 , 4.62067
27.76 , 13.3593988418 , 4.62633
27.79 , 13.4680118560 , 4.63217
27.83 , 13.4680118560 , 4.63783
27.86 , 13.4680118560 , 4.64367
27.89 , 13.5766248703 , 4.64917
27.93 , 13.4680118560 , 4.65500
27.96 , 13.5766248703 , 4.66067
28.00 , 13.5766248703 , 4.66650
28.03 , 13.4680118560 , 4.67217
28.07 , 13.5766248703 , 4.67783
28.10 , 13.5766248703 , 4.68350
28.14 , 13.5766248703 , 4.68933
28.17 , 13.6852378845 , 4.69500
28.20 , 13.6852378845 , 4.70083
28.24 , 13.6852378845 , 4.70633
28.27 , 13.6852378845 , 4.71217
28.31 , 13.6852378845 , 4.71783
28.34 , 13.7938508987 , 4.72367
28.38 , 13.6852378845 , 4.72933
28.41 , 13.7938508987 , 4.73500
28.44 , 13.7938508987 , 4.74067
28.48 , 13.7938508987 , 4.74650
28.51 , 13.7938508987 , 4.75217
28.55 , 13.9024639129 , 4.75800
28.58 , 13.7938508987 , 4.76350
28.62 , 13.7938508987 , 4.76933
28.65 , 13.7938508987 , 4.77500
28.68 , 13.9024639129 , 4.78083
28.72 , 14.0110769271 , 4.78650
28.75 , 13.9024639129 , 4.79217
28.79 , 14.0110769271 , 4.79800
28.82 , 14.0110769271 , 4.80367
28.86 , 14.1196889877 , 4.80950
28.89 , 14.0110769271 , 4.81517
28.92 , 14.0110769271 , 4.82083
28.96 , 14.1196889877 , 4.82650
28.99 , 14.1196889877 , 4.83233
29.03 , 14.1196889877 , 4.83800
29.06 , 14.1196889877 , 4.84383
29.10 , 14.1196889877 , 4.84933
29.13 , 14.2283020019 , 4.85517
29.17 , 14.1196889877 , 4.86083
29.20 , 14.2283020019 , 4.86667
29.23 , 14.3369150161 , 4.87233
29.27 , 14.2283020019 , 4.87800
29.30 , 14.3369150161 , 4.88367
29.34 , 14.3369150161 , 4.88950
29.37 , 14.3369150161 , 4.89517
29.41 , 14.3369150161 , 4.90100
29.44 , 14.3369150161 , 4.90667
29.47 , 14.3369150161 , 4.91233
29.51 , 14.3369150161 , 4.91800
29.54 , 14.4455308914 , 4.92383
29.58 , 14.3369150161 , 4.92950
29.61 , 14.4455308914 , 4.93533
29.64 , 14.4455308914 , 4.94083
29.68 , 14.4455308914 , 4.94667
29.71 , 14.5541439056 , 4.95233
29.75 , 14.4455308914 , 4.95817
29.78 , 14.5541439056 , 4.96383
29.82 , 14.5541439056 , 4.96950
29.85 , 14.4455308914 , 4.97533
29.89 , 14.5541439056 , 4.98100
29.92 , 14.5541439056 , 4.98683
29.95 , 14.4455308914 , 4.99250
29.99 , 14.5541439056 , 4.99817
30.02 , 14.5541439056 , 5.00383
30.06 , 14.5541439056 , 5.00967
30.09 , 14.6627569198 , 5.01533
30.13 , 14.5541439056 , 5.02117
30.16 , 14.5541439056 , 5.02667
30.19 , 14.6627569198 , 5.03250
30.23 , 14.6627569198 , 5.03817
30.26 , 14.7713699340 , 5.04400
30.30 , 14.6627569198 , 5.04967
30.33 , 14.6627569198 , 5.05533
30.37 , 14.7713699340 , 5.06100
30.40 , 14.8799819946 , 5.06683
30.43 , 14.7713699340 , 5.07250
30.47 , 14.8799819946 , 5.07833
30.50 , 14.8799819946 , 5.08383
30.54 , 14.8799819946 , 5.08967
30.57 , 14.8799819946 , 5.09533
30.61 , 14.7713699340 , 5.10117
30.64 , 14.8799819946 , 5.10683
30.67 , 14.8799819946 , 5.11250
30.71 , 14.9885950088 , 5.11817
30.74 , 14.8799819946 , 5.12400
30.78 , 14.8799819946 , 5.12967
30.81 , 14.9885950088 , 5.13550
30.85 , 14.9885950088 , 5.14100
30.88 , 14.9885950088 , 5.14683
30.92 , 15.0972080230 , 5.15250
30.95 , 15.0972080230 , 5.15833
30.98 , 15.0972080230 , 5.16417
31.02 , 14.9885950088 , 5.16983
31.05 , 15.0972080230 , 5.17550
31.09 , 15.0972080230 , 5.18117
31.12 , 15.2058210372 , 5.18700
31.16 , 15.0972080230 , 5.19267
31.19 , 15.2058210372 , 5.19850
31.22 , 15.2058210372 , 5.20400
31.26 , 15.2058210372 , 5.20983
31.29 , 15.2058210372 , 5.21550
31.33 , 15.3144340515 , 5.22133
31.36 , 15.3144340515 , 5.22700
31.40 , 15.3144340515 , 5.23267
31.43 , 15.4230470657 , 5.23833
31.46 , 15.3144340515 , 5.24417
31.50 , 15.5316600799 , 5.24983
31.53 , 15.3144340515 , 5.25567
31.57 , 15.4230470657 , 5.26117
31.60 , 15.4230470657 , 5.26700
31.64 , 15.4230470657 , 5.27267
31.67 , 15.5316600799 , 5.27850
31.70 , 15.5316600799 , 5.28417
31.74 , 15.5316600799 , 5.28983
31.77 , 15.5316600799 , 5.29550
31.81 , 15.5316600799 , 5.30133
31.84 , 15.6402730941 , 5.30700
31.88 , 15.5316600799 , 5.31283
31.91 , 15.5316600799 , 5.31833
31.94 , 15.5316600799 , 5.32417
31.98 , 15.6402730941 , 5.32983
32.01 , 15.7488861083 , 5.33567
32.05 , 15.6402730941 , 5.34150
32.08 , 15.6402730941 , 5.34700
32.12 , 15.7488861083 , 5.35283
32.15 , 15.6402730941 , 5.35850
32.19 , 15.7488861083 , 5.36433
32.22 , 15.7488861083 , 5.37000
32.25 , 15.7488861083 , 5.37567
32.29 , 15.7488861083 , 5.38133
32.32 , 15.7488861083 , 5.38717
32.36 , 15.7488861083 , 5.39283
32.39 , 15.8574981689 , 5.39867
32.43 , 15.7488861083 , 5.40417
32.46 , 15.8574981689 , 5.41000
32.49 , 15.9661111831 , 5.41567
32.53 , 15.7488861083 , 5.42150
32.56 , 15.8574981689 , 5.42717
32.60 , 15.9661111831 , 5.43300
32.63 , 15.9661111831 , 5.43850
32.67 , 15.8574981689 , 5.44433
32.70 , 15.8574981689 , 5.45000
32.74 , 15.9661111831 , 5.45583
32.77 , 16.0747241973 , 5.46150
32.80 , 16.0747241973 , 5.46717
32.84 , 16.0747241973 , 5.47283
32.87 , 15.9661111831 , 5.47867
32.91 , 16.0747241973 , 5.48433
32.94 , 16.0747241973 , 5.49017
32.97 , 16.1833381652 , 5.49567
33.01 , 16.0747241973 , 5.50150
33.04 , 16.0747241973 , 5.50717
33.08 , 16.1833381652 , 5.51300
33.11 , 16.1833381652 , 5.51867
33.15 , 16.1833381652 , 5.52433
33.18 , 16.1833381652 , 5.53017
33.22 , 16.2919502258 , 5.53583
33.25 , 16.2919502258 , 5.54167
33.28 , 16.2919502258 , 5.54733
33.32 , 16.2919502258 , 5.55300
33.35 , 16.4005622863 , 5.55867
33.39 , 16.2919502258 , 5.56450
33.42 , 16.2919502258 , 5.57017
33.46 , 16.4005622863 , 5.57600
33.49 , 16.4005622863 , 5.58150
33.52 , 16.4005622863 , 5.58733
33.56 , 16.4005622863 , 5.59300
33.59 , 16.4005622863 , 5.59883
33.63 , 16.5091762542 , 5.60450
33.66 , 16.4005622863 , 5.61017
33.70 , 16.5091762542 , 5.61583
33.73 , 16.5091762542 , 5.62167
33.76 , 16.5091762542 , 5.62733
33.80 , 16.5091762542 , 5.63317
33.83 , 16.6177883148 , 5.63867
33.87 , 16.6177883148 , 5.64450
33.90 , 16.6177883148 , 5.65017
33.94 , 16.7264022827 , 5.65600
33.97 , 16.7264022827 , 5.66167
34.00 , 16.7264022827 , 5.66733
34.04 , 16.7264022827 , 5.67300
34.07 , 16.8350143432 , 5.67883
34.11 , 16.7264022827 , 5.68450
34.14 , 16.7264022827 , 5.69033
34.18 , 16.7264022827 , 5.69600
34.21 , 16.7264022827 , 5.70167
34.25 , 16.8350143432 , 5.70750
34.28 , 16.8350143432 , 5.71317
34.31 , 16.9436283111 , 5.71900
34.35 , 16.8350143432 , 5.72467
34.38 , 16.8350143432 , 5.73033
34.42 , 16.8350143432 , 5.73600
34.45 , 16.9436283111 , 5.74183
34.49 , 16.9436283111 , 5.74750
34.52 , 16.9436283111 , 5.75333
34.55 , 17.0522403717 , 5.75883
34.59 , 16.9436283111 , 5.76467
34.62 , 17.0522403717 , 5.77033
34.66 , 17.0522403717 , 5.77617
34.69 , 17.0522403717 , 5.78183
34.72 , 17.0522403717 , 5.78750
34.76 , 17.0522403717 , 5.79317
34.79 , 17.0522403717 , 5.79900
34.83 , 17.0522403717 , 5.80467
34.86 , 17.0522403717 , 5.81050
34.90 , 17.0522403717 , 5.81600
34.93 , 17.1608562469 , 5.82183
34.97 , 17.1608562469 , 5.82750
35.00 , 17.2694683074 , 5.83333
35.03 , 17.1608562469 , 5.83900
35.07 , 17.1608562469 , 5.84467
35.10 , 17.2694683074 , 5.85033
35.14 , 17.2694683074 , 5.85617
35.17 , 17.2694683074 , 5.86183
35.21 , 17.2694683074 , 5.86767
35.24 , 17.2694683074 , 5.87317
35.27 , 17.3780822753 , 5.87900
35.31 , 17.3780822753 , 5.88467
35.34 , 17.3780822753 , 5.89050
35.38 , 17.2694683074 , 5.89633
35.41 , 17.3780822753 , 5.90183
35.45 , 17.3780822753 , 5.90767
35.48 , 17.4866943359 , 5.91333
35.52 , 17.4866943359 , 5.91917
35.55 , 17.4866943359 , 5.92483
35.58 , 17.4866943359 , 5.93067
35.62 , 17.4866943359 , 5.93617
35.65 , 17.5953083038 , 5.94200
35.69 , 17.4866943359 , 5.94767
35.72 , 17.5953083038 , 5.95350
35.76 , 17.5953083038 , 5.95917
35.79 , 17.5953083038 , 5.96483
35.82 , 17.5953083038 , 5.97050
35.86 , 17.5953083038 , 5.97633
35.89 , 17.7039203643 , 5.98200
35.93 , 17.7039203643 , 5.98783
35.96 , 17.7039203643 , 5.99333
36.00 , 17.7039203643 , 5.99917
36.03 , 17.8125343322 , 6.00483
36.06 , 17.7039203643 , 6.01067
36.10 , 17.7039203643 , 6.01633
36.13 , 17.8125343322 , 6.02200
36.17 , 17.8125343322 , 6.02767
36.20 , 17.8125343322 , 6.03350
36.24 , 17.9211463928 , 6.03917
36.27 , 17.8125343322 , 6.04500
36.30 , 17.9211463928 , 6.05050
36.34 , 17.9211463928 , 6.05633
36.37 , 17.9211463928 , 6.06200
36.41 , 17.8125343322 , 6.06783
36.44 , 18.0297584533 , 6.07367
36.47 , 18.0297584533 , 6.07917
36.51 , 18.0297584533 , 6.08500
36.54 , 17.9211463928 , 6.09067
36.58 , 18.0297584533 , 6.09650
36.61 , 18.0297584533 , 6.10217
36.65 , 18.0297584533 , 6.10783
36.68 , 18.0297584533 , 6.11350
36.72 , 18.1383724212 , 6.11933
36.75 , 18.1383724212 , 6.12500
36.79 , 18.1383724212 , 6.13083
36.82 , 18.1383724212 , 6.13633
36.85 , 18.1383724212 , 6.14217
36.89 , 18.1383724212 , 6.14783
36.92 , 18.2469844818 , 6.15367
36.96 , 18.1383724212 , 6.15933
36.99 , 18.2469844818 , 6.16500
37.02 , 18.2469844818 , 6.17067
37.06 , 18.2469844818 , 6.17650
37.09 , 18.2469844818 , 6.18217
37.13 , 18.2469844818 , 6.18800
37.16 , 18.3555984497 , 6.19350
37.20 , 18.3555984497 , 6.19933
37.23 , 18.3555984497 , 6.20500
37.27 , 18.3555984497 , 6.21083
37.30 , 18.3555984497 , 6.21650
37.33 , 18.4642105102 , 6.22233
37.37 , 18.3555984497 , 6.22783
37.40 , 18.4642105102 , 6.23367
37.44 , 18.3555984497 , 6.23933
37.47 , 18.4642105102 , 6.24517
37.51 , 18.4642105102 , 6.25083
37.54 , 18.4642105102 , 6.25650
37.57 , 18.4642105102 , 6.26233
37.61 , 18.4642105102 , 6.26800
37.64 , 18.4642105102 , 6.27383
37.68 , 18.5728244781 , 6.27950
37.71 , 18.5728244781 , 6.28517
37.75 , 18.5728244781 , 6.29083
37.78 , 18.5728244781 , 6.29667
37.81 , 18.6814365386 , 6.30233
37.85 , 18.7900505065 , 6.30817
37.88 , 18.6814365386 , 6.31367
37.92 , 18.6814365386 , 6.31950
37.95 , 18.7900505065 , 6.32517
37.99 , 18.6814365386 , 6.33100
38.02 , 18.6814365386 , 6.33667
38.05 , 18.7900505065 , 6.34233
38.09 , 18.7900505065 , 6.34800
38.12 , 18.7900505065 , 6.35383
38.16 , 18.7900505065 , 6.35950
38.19 , 18.7900505065 , 6.36533
38.22 , 18.7900505065 , 6.37083
38.26 , 19.0072746276 , 6.37667
38.29 , 18.8986625671 , 6.38233
38.33 , 18.8986625671 , 6.38817
38.36 , 18.8986625671 , 6.39383
38.40 , 18.8986625671 , 6.39950
38.43 , 19.0072746276 , 6.40517
38.47 , 19.0072746276 , 6.41100
38.50 , 19.1158885955 , 6.41667
38.54 , 19.0072746276 , 6.42250
38.57 , 19.0072746276 , 6.42800
38.60 , 19.1158885955 , 6.43383
38.64 , 19.1158885955 , 6.43967
38.67 , 19.1158885955 , 6.44533
38.71 , 19.1158885955 , 6.45117
38.74 , 19.1158885955 , 6.45667
38.78 , 19.1158885955 , 6.46250
38.81 , 19.2245006561 , 6.46817
38.84 , 19.2245006561 , 6.47400
38.88 , 19.2245006561 , 6.47967
38.91 , 19.3331146240 , 6.48550
38.95 , 19.3331146240 , 6.49100
38.98 , 19.3331146240 , 6.49683
39.02 , 19.2245006561 , 6.50250
39.05 , 19.3331146240 , 6.50833
39.08 , 19.3331146240 , 6.51400
39.12 , 19.3331146240 , 6.51967
39.15 , 19.3331146240 , 6.52533
39.19 , 19.3331146240 , 6.53117
39.22 , 19.3331146240 , 6.53683
39.26 , 19.4417266845 , 6.54267
39.29 , 19.4417266845 , 6.54817
39.32 , 19.4417266845 , 6.55400
39.36 , 19.4417266845 , 6.55967
39.39 , 19.4417266845 , 6.56550
39.43 , 19.4417266845 , 6.57117
39.46 , 19.4417266845 , 6.57683
39.50 , 19.5503406524 , 6.58250
39.53 , 19.5503406524 , 6.58833
39.56 , 19.5503406524 , 6.59400
39.60 , 19.5503406524 , 6.59983
39.63 , 19.5503406524 , 6.60533
39.67 , 19.6589527130 , 6.61117
39.70 , 19.5503406524 , 6.61683
39.74 , 19.5503406524 , 6.62267
39.77 , 19.6589527130 , 6.62850
39.80 , 19.6589527130 , 6.63400
39.84 , 19.6589527130 , 6.63983
39.87 , 19.6589527130 , 6.64550
39.91 , 19.7675666809 , 6.65133
39.94 , 19.7675666809 , 6.65700
39.98 , 19.7675666809 , 6.66267
40.01 , 19.7675666809 , 6.66833
40.04 , 19.7675666809 , 6.67417
40.08 , 19.7675666809 , 6.67983
40.11 , 19.7675666809 , 6.68567
40.15 , 19.7675666809 , 6.69117
40.18 , 19.8761787414 , 6.69700
40.22 , 19.8761787414 , 6.70267
40.25 , 19.7675666809 , 6.70850
40.29 , 19.8761787414 , 6.71417
40.32 , 19.9847946166 , 6.72000
40.35 , 19.9847946166 , 6.72550
40.39 , 19.9847946166 , 6.73133
40.42 , 19.9847946166 , 6.73700
40.46 , 19.9847946166 , 6.74283
40.49 , 19.9847946166 , 6.74850
40.53 , 19.9847946166 , 6.75417
40.56 , 19.9847946166 , 6.75983
40.59 , 20.0934066772 , 6.76567
40.63 , 19.9847946166 , 6.77133
40.66 , 20.0934066772 , 6.77717
40.70 , 20.0934066772 , 6.78267
40.73 , 20.2020206451 , 6.78850
40.77 , 20.0934066772 , 6.79417
40.80 , 20.2020206451 , 6.80000
40.84 , 20.2020206451 , 6.80583
40.87 , 20.3106327056 , 6.81133
40.90 , 20.2020206451 , 6.81717
40.94 , 20.3106327056 , 6.82283
40.97 , 20.3106327056 , 6.82867
41.01 , 20.3106327056 , 6.83433
41.04 , 20.4192466735 , 6.84000
41.07 , 20.3106327056 , 6.84567
41.11 , 20.4192466735 , 6.85150
41.14 , 20.4192466735 , 6.85717
41.18 , 20.4192466735 , 6.86300
41.21 , 20.4192466735 , 6.86850
41.25 , 20.4192466735 , 6.87433
41.28 , 20.4192466735 , 6.88000
41.31 , 20.5278587341 , 6.88583
41.35 , 20.5278587341 , 6.89150
41.38 , 20.5278587341 , 6.89717
41.42 , 20.5278587341 , 6.90283
41.45 , 20.6364707946 , 6.90867
41.49 , 20.5278587341 , 6.91433
41.52 , 20.5278587341 , 6.92017
41.55 , 20.6364707946 , 6.92567
41.59 , 20.5278587341 , 6.93150
41.62 , 20.5278587341 , 6.93717
41.66 , 20.6364707946 , 6.94300
41.69 , 20.6364707946 , 6.94867
41.73 , 20.7450847625 , 6.95433
41.76 , 20.6364707946 , 6.96000
41.79 , 20.6364707946 , 6.96583
41.83 , 20.7450847625 , 6.97150
41.86 , 20.6364707946 , 6.97733
41.90 , 20.7450847625 , 6.98283
41.93 , 20.8536968231 , 6.98867
41.97 , 20.7450847625 , 6.99450
42.00 , 20.7450847625 , 7.00017
42.04 , 20.7450847625 , 7.00600
42.07 , 20.8536968231 , 7.01167
42.10 , 20.8536968231 , 7.01733
42.14 , 20.8536968231 , 7.02300
42.17 , 20.8536968231 , 7.02883
42.21 , 20.8536968231 , 7.03450
42.24 , 20.9623107910 , 7.04033
42.28 , 20.8536968231 , 7.04583
42.31 , 20.9623107910 , 7.05167
42.34 , 20.9623107910 , 7.05733
42.38 , 20.9623107910 , 7.06317
42.41 , 20.9623107910 , 7.06883
42.45 , 20.9623107910 , 7.07450
42.48 , 20.9623107910 , 7.08017
42.52 , 21.0709228515 , 7.08600
42.55 , 21.0709228515 , 7.09167
42.59 , 21.0709228515 , 7.09750
42.62 , 21.0709228515 , 7.10300
42.65 , 21.0709228515 , 7.10883
42.69 , 21.1795368194 , 7.11450
42.72 , 21.0709228515 , 7.12033
42.76 , 21.1795368194 , 7.12600
42.79 , 21.1795368194 , 7.13167
42.82 , 21.1795368194 , 7.13733
42.86 , 21.1795368194 , 7.14317
42.89 , 21.1795368194 , 7.14883
42.93 , 21.1795368194 , 7.15467
42.96 , 21.2881488800 , 7.16017
43.00 , 21.2881488800 , 7.16600
43.03 , 21.2881488800 , 7.17183
43.06 , 21.3967628479 , 7.17750
43.10 , 21.2881488800 , 7.18333
43.13 , 21.3967628479 , 7.18883
43.17 , 21.3967628479 , 7.19467
43.20 , 21.3967628479 , 7.20033
43.24 , 21.3967628479 , 7.20617
43.27 , 21.3967628479 , 7.21183
43.31 , 21.3967628479 , 7.21750
43.34 , 21.5053749084 , 7.22317
43.37 , 21.5053749084 , 7.22900
43.41 , 21.5053749084 , 7.23467
43.44 , 21.6139869689 , 7.24050
43.48 , 21.5053749084 , 7.24600
43.51 , 21.6139869689 , 7.25183
43.54 , 21.6139869689 , 7.25750
43.58 , 21.6139869689 , 7.26333
43.61 , 21.7226009368 , 7.26900
43.65 , 21.7226009368 , 7.27483
43.68 , 21.7226009368 , 7.28033
43.72 , 21.7226009368 , 7.28617
43.75 , 21.6139869689 , 7.29183
43.79 , 21.8312129974 , 7.29767
43.82 , 21.7226009368 , 7.30333
43.85 , 21.7226009368 , 7.30900
43.89 , 21.7226009368 , 7.31467
43.92 , 21.8312129974 , 7.32050
43.96 , 21.7226009368 , 7.32617
43.99 , 21.7226009368 , 7.33200
44.03 , 21.9398269653 , 7.33750
44.06 , 21.8312129974 , 7.34333
44.09 , 21.8312129974 , 7.34900
44.13 , 21.8312129974 , 7.35483
44.16 , 21.9398269653 , 7.36067
44.20 , 21.8312129974 , 7.36617
44.23 , 21.9398269653 , 7.37200
44.27 , 21.9398269653 , 7.37767
44.30 , 21.9398269653 , 7.38350
44.34 , 22.0484390258 , 7.38917
44.37 , 22.0484390258 , 7.39483
44.40 , 22.0484390258 , 7.40050
44.44 , 21.9398269653 , 7.40633
44.47 , 22.0484390258 , 7.41200
44.51 , 22.0484390258 , 7.41783
44.54 , 22.0484390258 , 7.42333
44.58 , 22.0484390258 , 7.42917
44.61 , 22.0484390258 , 7.43483
44.64 , 22.0484390258 , 7.44067
44.68 , 22.0484390258 , 7.44633
44.71 , 22.1570529937 , 7.45200
44.75 , 22.1570529937 , 7.45767
44.78 , 22.1570529937 , 7.46350
44.81 , 22.1570529937 , 7.46917
44.85 , 22.2656669616 , 7.47500
44.88 , 22.2656669616 , 7.48050
44.92 , 22.2656669616 , 7.48633
44.95 , 22.2656669616 , 7.49200
44.99 , 22.1570529937 , 7.49783
45.02 , 22.3742790222 , 7.50350
45.06 , 22.2656669616 , 7.50933
45.09 , 22.3742790222 , 7.51483
45.12 , 22.3742790222 , 7.52067
45.16 , 22.4828929901 , 7.52633
45.19 , 22.3742790222 , 7.53217
45.23 , 22.3742790222 , 7.53800
45.26 , 22.3742790222 , 7.54350
45.30 , 22.4828929901 , 7.54933
45.33 , 22.4828929901 , 7.55500
45.37 , 22.4828929901 , 7.56083
45.40 , 22.4828929901 , 7.56650
45.43 , 22.4828929901 , 7.57217
45.47 , 22.5915050506 , 7.57783
45.50 , 22.5915050506 , 7.58367
45.54 , 22.5915050506 , 7.58933
45.57 , 22.5915050506 , 7.59517
45.60 , 22.5915050506 , 7.60067
45.64 , 22.5915050506 , 7.60650
45.67 , 22.7001190185 , 7.61217
45.71 , 22.8087310791 , 7.61800
45.74 , 22.7001190185 , 7.62367
45.78 , 22.5915050506 , 7.62933
45.81 , 22.7001190185 , 7.63500
45.85 , 22.7001190185 , 7.64083
45.88 , 22.8087310791 , 7.64650
45.91 , 22.8087310791 , 7.65233
45.95 , 22.8087310791 , 7.65783
45.98 , 22.8087310791 , 7.66367
46.02 , 22.9173431396 , 7.66933
46.05 , 22.8087310791 , 7.67517
46.09 , 22.9173431396 , 7.68083
46.12 , 22.8087310791 , 7.68650
46.15 , 22.9173431396 , 7.69217
46.19 , 22.9173431396 , 7.69800
46.22 , 22.9173431396 , 7.70367
46.26 , 22.9173431396 , 7.70950
46.29 , 23.0259571075 , 7.71500
46.33 , 22.9173431396 , 7.72083
46.36 , 23.0259571075 , 7.72667
46.39 , 23.0259571075 , 7.73233
46.43 , 23.0259571075 , 7.73817
46.46 , 23.0259571075 , 7.74367
46.50 , 23.1345691680 , 7.74950
46.53 , 23.1345691680 , 7.75517
46.57 , 23.1345691680 , 7.76100
46.60 , 23.1345691680 , 7.76667
46.63 , 23.1345691680 , 7.77250
46.67 , 23.1345691680 , 7.77800
46.70 , 23.1345691680 , 7.78383
46.74 , 23.2431831359 , 7.78950
46.77 , 23.1345691680 , 7.79533
46.81 , 23.2431831359 , 7.80100
46.84 , 23.2431831359 , 7.80667
46.87 , 23.2431831359 , 7.81233
46.91 , 23.2431831359 , 7.81817
46.94 , 23.2431831359 , 7.82383
46.98 , 23.2431831359 , 7.82967
47.01 , 23.2431831359 , 7.83517
47.05 , 23.2431831359 , 7.84100
47.08 , 23.3517951965 , 7.84667
47.12 , 23.2431831359 , 7.85250
47.15 , 23.3517951965 , 7.85817
47.18 , 23.3517951965 , 7.86383
47.22 , 23.4604091644 , 7.86950
47.25 , 23.4604091644 , 7.87533
47.29 , 23.3517951965 , 7.88100
47.32 , 23.4604091644 , 7.88683
47.35 , 23.4604091644 , 7.89233
47.39 , 23.5690212249 , 7.89817
47.42 , 23.5690212249 , 7.90400
47.46 , 23.5690212249 , 7.90967
47.49 , 23.5690212249 , 7.91550
47.53 , 23.5690212249 , 7.92100
47.56 , 23.6776351928 , 7.92683
47.60 , 23.5690212249 , 7.93250
47.63 , 23.5690212249 , 7.93833
47.66 , 23.6776351928 , 7.94400
47.70 , 23.6776351928 , 7.94967
47.73 , 23.5690212249 , 7.95533
47.77 , 23.6776351928 , 7.96117
47.80 , 23.6776351928 , 7.96683
47.84 , 23.7862472534 , 7.97267
47.87 , 23.6776351928 , 7.97817
47.90 , 23.7862472534 , 7.98400
47.94 , 23.7862472534 , 7.98967
47.97 , 23.7862472534 , 7.99550
48.01 , 23.7862472534 , 8.00117
48.04 , 23.7862472534 , 8.00683
48.08 , 23.8948593139 , 8.01250
48.11 , 23.8948593139 , 8.01833
48.14 , 23.8948593139 , 8.02400
48.18 , 24.0034732818 , 8.02983
48.21 , 23.8948593139 , 8.03533
48.25 , 23.8948593139 , 8.04117
48.28 , 24.0034732818 , 8.04683
48.32 , 24.0034732818 , 8.05267
48.35 , 24.0034732818 , 8.05833
48.38 , 24.0034732818 , 8.06417
48.42 , 24.1120853424 , 8.06967
48.45 , 24.0034732818 , 8.07550
48.49 , 24.1120853424 , 8.08117
48.52 , 24.1120853424 , 8.08700
48.56 , 24.1120853424 , 8.09283
48.59 , 24.1120853424 , 8.09833
48.63 , 24.2206993103 , 8.10417
48.66 , 24.1120853424 , 8.10983
48.69 , 24.1120853424 , 8.11567
48.73 , 24.2206993103 , 8.12133
48.76 , 24.2206993103 , 8.12700
48.80 , 24.2206993103 , 8.13267
48.83 , 24.2206993103 , 8.13850
48.87 , 24.3293113708 , 8.14417
48.90 , 24.2206993103 , 8.15000
48.93 , 24.2206993103 , 8.15550
48.97 , 24.2206993103 , 8.16133
49.00 , 24.3293113708 , 8.16700
49.04 , 24.3293113708 , 8.17283
49.07 , 24.3293113708 , 8.17850
49.11 , 24.4379253387 , 8.18417
49.14 , 24.3293113708 , 8.18983
49.17 , 24.3293113708 , 8.19567
49.21 , 24.3293113708 , 8.20133
49.24 , 24.4379253387 , 8.20717
49.28 , 24.3293113708 , 8.21267
49.31 , 24.4379253387 , 8.21850
49.35 , 24.4379253387 , 8.22417
49.38 , 24.4379253387 , 8.23000
49.41 , 24.4379253387 , 8.23567
49.45 , 24.5465373992 , 8.24133
49.48 , 24.4379253387 , 8.24700
49.52 , 24.6551494598 , 8.25283
49.55 , 24.5465373992 , 8.25850
49.59 , 24.5465373992 , 8.26433
49.62 , 24.5465373992 , 8.27000
49.65 , 24.6551494598 , 8.27567
49.69 , 24.5465373992 , 8.28150
49.72 , 24.6551494598 , 8.28717
49.76 , 24.6551494598 , 8.29300
49.79 , 24.7637634277 , 8.29867
49.83 , 24.6551494598 , 8.30433
49.86 , 24.6551494598 , 8.31000
49.90 , 24.7637634277 , 8.31583
49.93 , 24.6551494598 , 8.32150
49.96 , 24.7637634277 , 8.32733
50.00 , 24.6551494598 , 8.33283
50.03 , 24.7637634277 , 8.33867
50.07 , 24.7637634277 , 8.34433
50.10 , 24.8723754882 , 8.35017
50.13 , 24.7637634277 , 8.35583
50.17 , 24.8723754882 , 8.36150
50.20 , 24.8723754882 , 8.36717
50.24 , 24.8723754882 , 8.37300
50.27 , 24.8723754882 , 8.37867
50.31 , 24.9809894561 , 8.38450
50.34 , 24.9809894561 , 8.39000
50.38 , 24.9809894561 , 8.39583
50.41 , 24.9809894561 , 8.40150
50.44 , 24.9809894561 , 8.40733
50.48 , 24.9809894561 , 8.41300
50.51 , 24.9809894561 , 8.41867
50.55 , 25.0896015167 , 8.42433
50.58 , 24.9809894561 , 8.43017
50.62 , 25.0896015167 , 8.43583
50.65 , 25.1982154846 , 8.44167
50.68 , 25.1982154846 , 8.44717
50.72 , 25.1982154846 , 8.45300
50.75 , 25.0896015167 , 8.45883
50.79 , 25.1982154846 , 8.46450
50.82 , 25.1982154846 , 8.47033
50.86 , 25.1982154846 , 8.47583
50.89 , 25.3068275451 , 8.48167
50.92 , 25.3068275451 , 8.48733
50.96 , 25.3068275451 , 8.49317
50.99 , 25.3068275451 , 8.49883
51.03 , 25.3068275451 , 8.50450
51.06 , 25.3068275451 , 8.51017
51.10 , 25.4154415130 , 8.51600
51.13 , 25.3068275451 , 8.52167
51.17 , 25.3068275451 , 8.52750
51.20 , 25.3068275451 , 8.53300
51.23 , 25.4154415130 , 8.53883
51.27 , 25.4154415130 , 8.54450
51.30 , 25.4154415130 , 8.55033
51.34 , 25.4154415130 , 8.55600
51.37 , 25.5240592956 , 8.56183
51.40 , 25.4154415130 , 8.56733
51.44 , 25.4154415130 , 8.57317
51.47 , 25.5240592956 , 8.57883
51.51 , 25.5240592956 , 8.58467
51.54 , 25.5240592956 , 8.59033
51.58 , 25.5240592956 , 8.59600
51.61 , 25.6326713562 , 8.60167
51.65 , 25.5240592956 , 8.60750
51.68 , 25.5240592956 , 8.61317
51.71 , 25.6326713562 , 8.61900
51.75 , 25.5240592956 , 8.62450
51.78 , 25.6326713562 , 8.63033
51.82 , 25.6326713562 , 8.63617
51.85 , 25.6326713562 , 8.64183
51.89 , 25.6326713562 , 8.64767
51.92 , 25.6326713562 , 8.65317
51.95 , 25.7412853240 , 8.65900
51.99 , 25.8498973846 , 8.66467
52.02 , 25.7412853240 , 8.67050
52.06 , 25.8498973846 , 8.67617
52.09 , 25.7412853240 , 8.68183
52.13 , 25.7412853240 , 8.68750
52.16 , 25.7412853240 , 8.69333
52.19 , 25.7412853240 , 8.69900
52.23 , 25.8498973846 , 8.70483
52.26 , 25.8498973846 , 8.71033
52.30 , 25.9585113525 , 8.71617
52.33 , 26.0671234130 , 8.72183
52.37 , 25.9585113525 , 8.72767
52.40 , 25.9585113525 , 8.73333
52.43 , 25.9585113525 , 8.73900
52.47 , 26.0671234130 , 8.74467
52.50 , 26.0671234130 , 8.75050
52.54 , 26.0671234130 , 8.75617
52.57 , 26.0671234130 , 8.76200
52.61 , 26.0671234130 , 8.76750
52.64 , 26.0671234130 , 8.77333
52.67 , 26.0671234130 , 8.77900
52.71 , 26.1757354736 , 8.78483
52.74 , 26.1757354736 , 8.79050
52.78 , 26.0671234130 , 8.79617
52.81 , 26.1757354736 , 8.80183
52.85 , 26.1757354736 , 8.80767
52.88 , 26.1757354736 , 8.81333
52.92 , 26.2843494415 , 8.81917
52.95 , 26.2843494415 , 8.82500
52.98 , 26.2843494415 , 8.83050
53.02 , 26.2843494415 , 8.83633
53.05 , 26.3929615020 , 8.84200
53.09 , 26.2843494415 , 8.84783
53.12 , 26.3929615020 , 8.85350
53.15 , 26.2843494415 , 8.85917
53.19 , 26.3929615020 , 8.86483
53.22 , 26.2843494415 , 8.87067
53.26 , 26.3929615020 , 8.87633
53.29 , 26.3929615020 , 8.88217
53.33 , 26.5015754699 , 8.88767
53.36 , 26.5015754699 , 8.89350
53.40 , 26.5015754699 , 8.89917
53.43 , 26.5015754699 , 8.90500
53.46 , 26.5015754699 , 8.91067
53.50 , 26.5015754699 , 8.91633
53.53 , 26.5015754699 , 8.92200
53.57 , 26.5015754699 , 8.92783
53.60 , 26.6101875305 , 8.93350
53.64 , 26.5015754699 , 8.93933
53.67 , 26.6101875305 , 8.94483
53.70 , 26.6101875305 , 8.95067
53.74 , 26.6101875305 , 8.95633
53.77 , 26.6101875305 , 8.96217
53.81 , 26.7188014984 , 8.96783
53.84 , 26.6101875305 , 8.97350
53.88 , 26.7188014984 , 8.97917
53.91 , 26.6101875305 , 8.98500
53.94 , 26.7188014984 , 8.99067
53.98 , 26.7188014984 , 8.99650
54.01 , 26.7188014984 , 9.00217
54.05 , 26.6101875305 , 9.00783
54.08 , 26.7188014984 , 9.01367
54.12 , 26.7188014984 , 9.01933
54.15 , 26.8274135589 , 9.02517
54.18 , 26.7188014984 , 9.03067
54.22 , 26.9360275268 , 9.03650
54.25 , 26.8274135589 , 9.04217
54.29 , 26.8274135589 , 9.04800
54.32 , 26.8274135589 , 9.05367
54.36 , 26.9360275268 , 9.05933
54.39 , 26.9360275268 , 9.06500
54.43 , 26.9360275268 , 9.07083
54.46 , 26.9360275268 , 9.07650
54.49 , 26.9360275268 , 9.08233
54.53 , 26.9360275268 , 9.08800
54.56 , 27.0446395874 , 9.09367
54.60 , 27.0446395874 , 9.09933
54.63 , 27.1532516479 , 9.10517
54.67 , 27.0446395874 , 9.11083
54.70 , 27.0446395874 , 9.11667
54.73 , 27.0446395874 , 9.12217
54.77 , 27.1532516479 , 9.12800
54.80 , 27.1532516479 , 9.13367
54.84 , 27.1532516479 , 9.13950
54.87 , 27.1532516479 , 9.14517
54.90 , 27.1532516479 , 9.15083
54.94 , 27.2618656158 , 9.15650
54.97 , 27.1532516479 , 9.16233
55.01 , 27.2618656158 , 9.16800
55.04 , 27.2618656158 , 9.17383
55.08 , 27.2618656158 , 9.17933
55.11 , 27.2618656158 , 9.18517
55.15 , 27.2618656158 , 9.19100
55.18 , 27.2618656158 , 9.19667
55.22 , 27.3704776763 , 9.20250
55.25 , 27.3704776763 , 9.20800
55.28 , 27.3704776763 , 9.21383
55.32 , 27.4790916442 , 9.21950
55.35 , 27.4790916442 , 9.22533
55.39 , 27.4790916442 , 9.23100
55.42 , 27.4790916442 , 9.23667
55.45 , 27.5877037048 , 9.24233
55.49 , 27.4790916442 , 9.24817
55.52 , 27.5877037048 , 9.25383
55.56 , 27.5877037048 , 9.25967
55.59 , 27.5877037048 , 9.26517
55.63 , 27.5877037048 , 9.27100
55.66 , 27.5877037048 , 9.27667
55.70 , 27.5877037048 , 9.28250
55.73 , 27.6963176727 , 9.28817
55.76 , 27.6963176727 , 9.29383
55.80 , 27.6963176727 , 9.29950
55.83 , 27.6963176727 , 9.30533
55.87 , 27.8049297332 , 9.31100
55.90 , 27.8049297332 , 9.31683
55.93 , 27.6963176727 , 9.32233
55.97 , 27.6963176727 , 9.32817
56.00 , 27.6963176727 , 9.33383
56.04 , 27.6963176727 , 9.33967
56.07 , 27.6963176727 , 9.34533
56.11 , 27.8049297332 , 9.35117
56.14 , 27.8049297332 , 9.35667
56.18 , 27.8049297332 , 9.36250
56.21 , 27.8049297332 , 9.36833
56.24 , 27.8049297332 , 9.37400
56.28 , 27.6963176727 , 9.37983
56.31 , 27.8049297332 , 9.38533
56.35 , 27.6963176727 , 9.39117
56.38 , 27.8049297332 , 9.39683
56.42 , 27.9135437011 , 9.40267
56.45 , 27.8049297332 , 9.40833
56.48 , 27.9135437011 , 9.41400
56.52 , 27.8049297332 , 9.41967
56.55 , 27.8049297332 , 9.42550
56.59 , 27.9135437011 , 9.43117
56.62 , 27.9135437011 , 9.43700
56.65 , 27.9135437011 , 9.44250
56.69 , 27.9135437011 , 9.44833
56.72 , 27.9135437011 , 9.45400
56.76 , 27.9135437011 , 9.45983
56.79 , 27.9135437011 , 9.46550
56.83 , 28.0221557617 , 9.47117
56.86 , 27.9135437011 , 9.47683
56.90 , 28.0221557617 , 9.48267
56.93 , 28.0221557617 , 9.48833
56.97 , 28.0221557617 , 9.49417
57.00 , 28.0221557617 , 9.49967
57.03 , 28.0221557617 , 9.50550
57.07 , 28.0221557617 , 9.51117
57.10 , 28.0221557617 , 9.51700
57.14 , 28.1307678222 , 9.52267
57.17 , 28.1307678222 , 9.52833
57.20 , 28.1307678222 , 9.53400
57.24 , 28.2393817901 , 9.53983
57.27 , 28.1307678222 , 9.54550
57.31 , 28.1307678222 , 9.55133
57.34 , 28.1307678222 , 9.55700
57.38 , 28.2393817901 , 9.56267
57.41 , 28.2393817901 , 9.56850
57.45 , 28.2393817901 , 9.57417
57.48 , 28.2393817901 , 9.58000
57.51 , 28.2393817901 , 9.58550
57.55 , 28.2393817901 , 9.59133
57.58 , 28.3479938507 , 9.59700
57.62 , 28.3479938507 , 9.60283
57.65 , 28.3479938507 , 9.60850
57.69 , 28.3479938507 , 9.61433
57.72 , 28.4566078186 , 9.61983
57.75 , 28.4566078186 , 9.62567
57.79 , 28.4566078186 , 9.63133
57.82 , 28.4566078186 , 9.63717
57.86 , 28.5652198791 , 9.64283
57.89 , 28.5652198791 , 9.64850
57.93 , 28.4566078186 , 9.65417
57.96 , 28.5652198791 , 9.66000
57.99 , 28.5652198791 , 9.66567
58.03 , 28.5652198791 , 9.67150
58.06 , 28.5652198791 , 9.67700
58.10 , 28.4566078186 , 9.68283
58.13 , 28.5652198791 , 9.68850
58.17 , 28.5652198791 , 9.69433
58.20 , 28.6738338470 , 9.70000
58.23 , 28.5652198791 , 9.70567
58.27 , 28.6738338470 , 9.71133
58.30 , 28.6738338470 , 9.71717
58.34 , 28.6738338470 , 9.72283
58.37 , 28.6738338470 , 9.72867
58.41 , 28.6738338470 , 9.73433
58.44 , 28.7824459075 , 9.74000
58.47 , 28.7824459075 , 9.74583
58.51 , 28.7824459075 , 9.75150
58.54 , 28.7824459075 , 9.75733
58.58 , 28.7824459075 , 9.76283
58.61 , 28.7824459075 , 9.76867
58.65 , 28.7824459075 , 9.77433
58.68 , 28.7824459075 , 9.78017
58.72 , 28.7824459075 , 9.78583
58.75 , 28.8910598754 , 9.79150
58.78 , 28.7824459075 , 9.79717
58.82 , 28.7824459075 , 9.80300
58.85 , 28.8910598754 , 9.80867
58.89 , 28.8910598754 , 9.81450
58.92 , 28.8910598754 , 9.82000
58.96 , 28.8910598754 , 9.82583
58.99 , 28.8910598754 , 9.83150
59.02 , 28.8910598754 , 9.83733
59.06 , 28.8910598754 , 9.84300
59.09 , 28.9996719360 , 9.84867
59.13 , 28.8910598754 , 9.85433
59.16 , 28.9996719360 , 9.86017
59.20 , 28.9996719360 , 9.86583
59.23 , 28.9996719360 , 9.87167
59.26 , 29.1082839965 , 9.87733
59.30 , 29.1082839965 , 9.88300
59.33 , 29.1082839965 , 9.88867
59.37 , 29.1082839965 , 9.89450
59.40 , 29.1082839965 , 9.90017
59.44 , 29.1082839965 , 9.90600
59.47 , 29.1082839965 , 9.91150
59.50 , 29.2168979644 , 9.91733
59.54 , 29.3255100250 , 9.92317
59.57 , 29.2168979644 , 9.92883
59.61 , 29.2168979644 , 9.93467
59.64 , 29.3255100250 , 9.94017
59.68 , 29.4341239929 , 9.94600
59.71 , 29.3255100250 , 9.95167
59.75 , 29.3255100250 , 9.95750
59.78 , 29.3255100250 , 9.96317
59.81 , 29.3255100250 , 9.96883
59.85 , 29.3255100250 , 9.97450
59.88 , 29.4341239929 , 9.98033
59.92 , 29.3255100250 , 9.98600
59.95 , 29.4341239929 , 9.99183
59.98 , 29.4341239929 , 9.99733
60.02 , 29.4341239929 , 10.00317
60.05 , 29.5427360534 , 10.00900
60.09 , 29.5427360534 , 10.01500
60.13 , 29.5427360534 , 10.02083
60.16 , 29.5427360534 , 10.02683
60.20 , 29.5427360534 , 10.03250
60.23 , 29.5427360534 , 10.03850
60.27 , 29.5427360534 , 10.04433
60.30 , 29.6513500213 , 10.05033
60.34 , 29.5427360534 , 10.05633
60.37 , 29.6513500213 , 10.06200
60.41 , 29.6513500213 , 10.06800
60.44 , 29.7599620819 , 10.07383
60.48 , 29.6513500213 , 10.07983
60.51 , 29.6513500213 , 10.08567
60.55 , 29.7599620819 , 10.09167
60.58 , 29.6513500213 , 10.09733
60.62 , 29.7599620819 , 10.10333
60.65 , 29.7599620819 , 10.10917
60.69 , 29.7599620819 , 10.11517
60.73 , 29.7599620819 , 10.12100
60.76 , 29.7599620819 , 10.12700
60.80 , 29.8685741424 , 10.13267
60.83 , 29.7599620819 , 10.13867
60.87 , 29.8685741424 , 10.14450
60.90 , 29.8685741424 , 10.15050
60.94 , 29.8685741424 , 10.15650
60.97 , 29.8685741424 , 10.16233
61.01 , 29.8685741424 , 10.16817
61.04 , 29.8685741424 , 10.17400
61.08 , 29.8685741424 , 10.18000
61.12 , 29.8685741424 , 10.18583
61.15 , 29.9771881103 , 10.19183
61.19 , 29.9771881103 , 10.19767
61.22 , 29.9771881103 , 10.20350
61.26 , 29.9771881103 , 10.20933
61.29 , 29.9771881103 , 10.21533
61.33 , 29.9771881103 , 10.22117
61.36 , 29.9771881103 , 10.22717
61.40 , 29.9771881103 , 10.23300
61.43 , 30.0858001708 , 10.23883
61.47 , 30.0858001708 , 10.24483
61.50 , 30.0858001708 , 10.25067
61.54 , 30.0858001708 , 10.25667
61.58 , 30.0858001708 , 10.26250
61.61 , 30.1944141387 , 10.26850
61.65 , 30.0858001708 , 10.27417
61.68 , 30.1944141387 , 10.28017
61.72 , 30.1944141387 , 10.28600
61.75 , 30.0858001708 , 10.29200
61.79 , 30.1944141387 , 10.29783
61.82 , 30.1944141387 , 10.30367
61.86 , 30.1944141387 , 10.30950
61.89 , 30.3030261993 , 10.31550
61.93 , 30.3030261993 , 10.32133
61.96 , 30.3030261993 , 10.32733
62.00 , 30.4116401672 , 10.33317
62.03 , 30.3030261993 , 10.33900
62.07 , 30.4116401672 , 10.34500
62.11 , 30.3030261993 , 10.35083
62.14 , 30.4116401672 , 10.35683
62.18 , 30.4116401672 , 10.36267
62.21 , 30.5202522277 , 10.36867
62.25 , 30.4116401672 , 10.37433
62.28 , 30.5202522277 , 10.38033
62.32 , 30.4116401672 , 10.38617
62.35 , 30.5202522277 , 10.39217
62.39 , 30.5202522277 , 10.39800
62.42 , 30.5202522277 , 10.40400
62.46 , 30.6288661956 , 10.40967
62.49 , 30.6288661956 , 10.41567
62.53 , 30.6288661956 , 10.42150
62.56 , 30.6288661956 , 10.42750
62.60 , 30.6288661956 , 10.43350
62.64 , 30.6288661956 , 10.43933
62.67 , 30.7374782562 , 10.44517
62.71 , 30.7374782562 , 10.45100
62.74 , 30.7374782562 , 10.45700
62.78 , 30.7374782562 , 10.46283
62.81 , 30.7374782562 , 10.46883
62.85 , 30.8460903167 , 10.47467
62.88 , 30.7374782562 , 10.48050
62.92 , 30.7374782562 , 10.48633
62.95 , 30.7374782562 , 10.49233
62.99 , 30.8460903167 , 10.49817
63.03 , 30.8460903167 , 10.50417
63.06 , 30.8460903167 , 10.50983
63.10 , 30.8460903167 , 10.51583
63.13 , 30.8460903167 , 10.52167
63.17 , 30.8460903167 , 10.52767
63.20 , 30.8460903167 , 10.53367
63.24 , 30.9547042846 , 10.53950
63.27 , 30.9547042846 , 10.54533
63.31 , 30.8460903167 , 10.55117
63.34 , 30.9547042846 , 10.55717
63.38 , 30.9547042846 , 10.56300
63.41 , 30.9547042846 , 10.56900
63.45 , 31.0633220672 , 10.57483
63.48 , 31.0633220672 , 10.58067
63.52 , 30.9547042846 , 10.58650
63.56 , 31.0633220672 , 10.59250
63.59 , 31.0633220672 , 10.59833
63.63 , 30.9547042846 , 10.60433
63.66 , 31.0633220672 , 10.61017
63.70 , 31.0633220672 , 10.61600
63.73 , 31.0633220672 , 10.62200
63.77 , 31.0633220672 , 10.62783
63.80 , 31.0633220672 , 10.63383
63.84 , 31.0633220672 , 10.63967
63.87 , 31.1719360351 , 10.64567
63.91 , 31.1719360351 , 10.65133
63.94 , 31.0633220672 , 10.65733
63.98 , 31.2805480957 , 10.66317
64.01 , 31.2805480957 , 10.66917
64.05 , 31.1719360351 , 10.67500
64.09 , 31.1719360351 , 10.68100
64.12 , 31.2805480957 , 10.68667
64.16 , 31.3891601562 , 10.69267
64.19 , 31.2805480957 , 10.69850
64.23 , 31.3891601562 , 10.70450
64.26 , 31.2805480957 , 10.71033
64.30 , 31.3891601562 , 10.71617
64.33 , 31.3891601562 , 10.72217
64.37 , 31.3891601562 , 10.72800
64.40 , 31.3891601562 , 10.73400
64.44 , 31.3891601562 , 10.73983
64.47 , 31.4977741241 , 10.74583
64.51 , 31.4977741241 , 10.75150
64.54 , 31.4977741241 , 10.75750
64.58 , 31.4977741241 , 10.76333
64.62 , 31.4977741241 , 10.76933
64.65 , 31.6063861846 , 10.77517
64.69 , 31.6063861846 , 10.78117
64.72 , 31.6063861846 , 10.78683
64.76 , 31.6063861846 , 10.79283
64.79 , 31.7150001525 , 10.79867
64.83 , 31.7150001525 , 10.80467
64.86 , 31.6063861846 , 10.81067
64.90 , 31.7150001525 , 10.81650
64.93 , 31.6063861846 , 10.82233
64.97 , 31.7150001525 , 10.82817
65.00 , 31.8236122131 , 10.83417
65.04 , 31.8236122131 , 10.84000
65.08 , 31.7150001525 , 10.84600
65.11 , 31.8236122131 , 10.85183
65.15 , 31.8236122131 , 10.85767
65.18 , 31.8236122131 , 10.86350
65.22 , 31.8236122131 , 10.86950
65.25 , 31.8236122131 , 10.87533
65.29 , 31.8236122131 , 10.88133
65.32 , 31.8236122131 , 10.88717
65.36 , 31.9322261810 , 10.89300
65.39 , 31.9322261810 , 10.89883
65.43 , 31.9322261810 , 10.90483
65.46 , 31.9322261810 , 10.91083
65.50 , 31.9322261810 , 10.91667
65.54 , 32.0408401489 , 10.92267
65.57 , 31.9322261810 , 10.92833
65.61 , 31.9322261810 , 10.93433
65.64 , 31.9322261810 , 10.94017
65.68 , 31.9322261810 , 10.94617
65.71 , 32.0408401489 , 10.95200
65.75 , 32.0408401489 , 10.95783
65.78 , 32.0408401489 , 10.96367
65.82 , 32.0408401489 , 10.96967
65.85 , 32.0408401489 , 10.97550
65.89 , 32.0408401489 , 10.98150
65.92 , 32.0408401489 , 10.98733
65.96 , 32.1494522094 , 10.99317
66.00 , 32.1494522094 , 10.99917
66.03 , 32.1494522094 , 11.00500
66.07 , 32.1494522094 , 11.01100
66.10 , 32.1494522094 , 11.01683
66.14 , 32.1494522094 , 11.02283
66.17 , 32.1494522094 , 11.02850
66.21 , 32.2580642700 , 11.03450
66.24 , 32.2580642700 , 11.04033
66.28 , 32.2580642700 , 11.04633
66.31 , 32.2580642700 , 11.05217
66.35 , 32.2580642700 , 11.05817
66.38 , 32.2580642700 , 11.06383
66.42 , 32.3666763305 , 11.06983
66.45 , 32.3666763305 , 11.07567
66.49 , 32.3666763305 , 11.08167
66.52 , 32.3666763305 , 11.08750
66.56 , 32.4752883911 , 11.09350
66.60 , 32.3666763305 , 11.09933
66.63 , 32.4752883911 , 11.10517
66.67 , 32.3666763305 , 11.11117
66.70 , 32.4752883911 , 11.11700
66.74 , 32.4752883911 , 11.12300
66.77 , 32.5839042663 , 11.12867
66.81 , 32.5839042663 , 11.13467
66.84 , 32.5839042663 , 11.14050
66.88 , 32.5839042663 , 11.14650
66.91 , 32.5839042663 , 11.15233
66.95 , 32.5839042663 , 11.15833
66.98 , 32.5839042663 , 11.16400
67.02 , 32.5839042663 , 11.17000
67.05 , 32.6925163269 , 11.17583
67.09 , 32.6925163269 , 11.18183
67.13 , 32.6925163269 , 11.18783
67.16 , 32.6925163269 , 11.19367
67.20 , 32.8011283874 , 11.19950
67.23 , 32.8011283874 , 11.20533
67.27 , 32.6925163269 , 11.21133
67.30 , 32.9097404479 , 11.21717
67.34 , 32.8011283874 , 11.22317
67.37 , 32.8011283874 , 11.22900
67.41 , 32.8011283874 , 11.23483
67.44 , 32.8011283874 , 11.24067
67.48 , 32.9097404479 , 11.24667
67.51 , 32.9097404479 , 11.25250
67.55 , 32.9097404479 , 11.25850
67.59 , 32.9097404479 , 11.26433
67.62 , 32.9097404479 , 11.27017
67.66 , 33.0183563232 , 11.27600
67.69 , 32.9097404479 , 11.28200
67.73 , 32.9097404479 , 11.28800
67.76 , 33.0183563232 , 11.29383
67.80 , 33.0183563232 , 11.29983
67.83 , 33.0183563232 , 11.30550
67.87 , 33.0183563232 , 11.31150
67.90 , 33.0183563232 , 11.31733
67.94 , 33.0183563232 , 11.32333
67.97 , 33.0183563232 , 11.32917
68.01 , 33.1269683837 , 11.33517
68.04 , 33.0183563232 , 11.34083
68.08 , 33.0183563232 , 11.34683
68.12 , 33.1269683837 , 11.35267
68.15 , 33.1269683837 , 11.35867
68.19 , 33.1269683837 , 11.36450
68.22 , 33.1269683837 , 11.37033
68.26 , 33.1269683837 , 11.37633
68.29 , 33.1269683837 , 11.38217
68.33 , 33.1269683837 , 11.38817
68.36 , 33.2355804443 , 11.39400
68.40 , 33.2355804443 , 11.40000
68.43 , 33.2355804443 , 11.40567
68.47 , 33.2355804443 , 11.41167
68.50 , 33.2355804443 , 11.41750
68.54 , 33.2355804443 , 11.42350
68.58 , 33.2355804443 , 11.42933
68.61 , 33.3441925048 , 11.43533
68.65 , 33.3441925048 , 11.44100
68.68 , 33.3441925048 , 11.44700
68.72 , 33.3441925048 , 11.45283
68.75 , 33.3441925048 , 11.45883
68.79 , 33.3441925048 , 11.46467
68.82 , 33.4528045654 , 11.47067
68.86 , 33.4528045654 , 11.47650
68.89 , 33.3441925048 , 11.48233
68.93 , 33.4528045654 , 11.48833
68.96 , 33.3441925048 , 11.49417
69.00 , 33.4528045654 , 11.50017
69.04 , 33.5614204406 , 11.50600
69.07 , 33.4528045654 , 11.51183
69.11 , 33.5614204406 , 11.51767
69.14 , 33.5614204406 , 11.52367
69.18 , 33.5614204406 , 11.52950
69.21 , 33.5614204406 , 11.53550
69.25 , 33.6700325012 , 11.54133
69.28 , 33.6700325012 , 11.54717
69.32 , 33.6700325012 , 11.55300
69.35 , 33.6700325012 , 11.55900
69.39 , 33.6700325012 , 11.56500
69.43 , 33.7786445617 , 11.57083
69.46 , 33.6700325012 , 11.57667
69.50 , 33.7786445617 , 11.58250
69.53 , 33.7786445617 , 11.58850
69.57 , 33.7786445617 , 11.59433
69.60 , 33.7786445617 , 11.60033
69.64 , 33.7786445617 , 11.60617
69.67 , 33.8872566223 , 11.61200
69.71 , 33.7786445617 , 11.61783
69.74 , 33.7786445617 , 11.62383
69.78 , 33.8872566223 , 11.62967
69.81 , 33.8872566223 , 11.63567
69.85 , 33.8872566223 , 11.64150
69.88 , 33.8872566223 , 11.64733
69.92 , 33.8872566223 , 11.65317
69.95 , 33.8872566223 , 11.65917
69.99 , 33.9958724975 , 11.66517
70.03 , 33.9958724975 , 11.67100
70.06 , 33.9958724975 , 11.67700
70.10 , 33.9958724975 , 11.68267
70.13 , 34.1044845581 , 11.68867
70.17 , 34.1044845581 , 11.69450
70.20 , 34.1044845581 , 11.70050
70.24 , 34.1044845581 , 11.70633
70.27 , 34.1044845581 , 11.71233
70.31 , 34.1044845581 , 11.71800
70.34 , 34.1044845581 , 11.72400
70.38 , 34.1044845581 , 11.72983
70.41 , 34.1044845581 , 11.73583
70.45 , 34.1044845581 , 11.74167
70.49 , 34.1044845581 , 11.74767
70.52 , 34.2130966186 , 11.75350
70.56 , 34.2130966186 , 11.75933
70.59 , 34.2130966186 , 11.76533
70.63 , 34.2130966186 , 11.77117
70.66 , 34.2130966186 , 11.77717
70.70 , 34.2130966186 , 11.78283
70.73 , 34.2130966186 , 11.78883
70.77 , 34.2130966186 , 11.79467
70.80 , 34.2130966186 , 11.80067
70.84 , 34.2130966186 , 11.80650
70.87 , 34.2130966186 , 11.81250
70.91 , 34.3217086791 , 11.81817
70.94 , 34.3217086791 , 11.82417
70.98 , 34.3217086791 , 11.83000
71.02 , 34.4303207397 , 11.83600
71.05 , 34.3217086791 , 11.84183
71.09 , 34.3217086791 , 11.84783
71.12 , 34.4303207397 , 11.85367
71.16 , 34.4303207397 , 11.85950
71.19 , 34.4303207397 , 11.86550
71.23 , 34.4303207397 , 11.87133
71.26 , 34.4303207397 , 11.87733
71.30 , 34.5389366149 , 11.88317
71.33 , 34.4303207397 , 11.88900
71.37 , 34.5389366149 , 11.89483
71.40 , 34.5389366149 , 11.90083
71.44 , 34.5389366149 , 11.90667
71.48 , 34.6475486755 , 11.91267
71.51 , 34.5389366149 , 11.91850
71.55 , 34.6475486755 , 11.92433
71.58 , 34.6475486755 , 11.93017
71.62 , 34.6475486755 , 11.93617
71.65 , 34.6475486755 , 11.94217
71.69 , 34.6475486755 , 11.94800
71.72 , 34.6475486755 , 11.95400
71.76 , 34.7561607360 , 11.95967
71.79 , 34.7561607360 , 11.96567
71.83 , 34.7561607360 , 11.97150
71.86 , 34.7561607360 , 11.97750
71.90 , 34.7561607360 , 11.98333
71.94 , 34.7561607360 , 11.98933
71.97 , 34.8647727966 , 11.99500
72.01 , 34.8647727966 , 12.00100
72.04 , 34.8647727966 , 12.00683
72.08 , 34.8647727966 , 12.01283
72.11 , 34.8647727966 , 12.01867
72.15 , 34.9733886718 , 12.02450
72.18 , 34.8647727966 , 12.03033
72.22 , 34.8647727966 , 12.03633
72.25 , 34.8647727966 , 12.04233
72.29 , 35.0820007324 , 12.04817
72.32 , 34.9733886718 , 12.05417
72.36 , 34.9733886718 , 12.05983
72.39 , 35.0820007324 , 12.06583
72.43 , 34.9733886718 , 12.07167
72.47 , 35.0820007324 , 12.07767
72.50 , 35.0820007324 , 12.08350
72.54 , 35.0820007324 , 12.08950
72.57 , 35.0820007324 , 12.09517
72.61 , 35.0820007324 , 12.10117
72.64 , 35.0820007324 , 12.10700
72.68 , 35.0820007324 , 12.11300
72.71 , 35.1906127929 , 12.11883
72.75 , 35.0820007324 , 12.12483
72.78 , 35.1906127929 , 12.13067
72.82 , 35.1906127929 , 12.13650
72.86 , 35.1906127929 , 12.14250
72.89 , 35.1906127929 , 12.14833
72.93 , 35.1906127929 , 12.15433
72.96 , 35.0820007324 , 12.16017
73.00 , 35.1906127929 , 12.16600
73.03 , 35.1906127929 , 12.17183
73.07 , 35.1906127929 , 12.17783
73.10 , 35.2992324829 , 12.18367
73.14 , 35.2992324829 , 12.18967
73.17 , 35.2992324829 , 12.19533
73.21 , 35.2992324829 , 12.20133
73.24 , 35.1906127929 , 12.20717
73.28 , 35.2992324829 , 12.21317
73.31 , 35.2992324829 , 12.21900
73.35 , 35.1906127929 , 12.22500
73.38 , 35.4078445434 , 12.23083
73.42 , 35.2992324829 , 12.23667
73.46 , 35.4078445434 , 12.24267
73.49 , 35.4078445434 , 12.24850
73.53 , 35.4078445434 , 12.25450
73.56 , 35.4078445434 , 12.26033
73.60 , 35.4078445434 , 12.26617
73.63 , 35.4078445434 , 12.27200
73.67 , 35.4078445434 , 12.27800
73.70 , 35.4078445434 , 12.28383
73.74 , 35.4078445434 , 12.28983
73.77 , 35.5164566040 , 12.29567
73.81 , 35.4078445434 , 12.30150
73.84 , 35.5164566040 , 12.30733
73.88 , 35.6250686645 , 12.31333
73.92 , 35.5164566040 , 12.31933
73.95 , 35.5164566040 , 12.32517
73.99 , 35.6250686645 , 12.33117
74.02 , 35.5164566040 , 12.33683
74.06 , 35.6250686645 , 12.34283
74.09 , 35.6250686645 , 12.34867
74.13 , 35.6250686645 , 12.35467
74.16 , 35.6250686645 , 12.36050
74.20 , 35.6250686645 , 12.36650
74.23 , 35.6250686645 , 12.37217
74.27 , 35.6250686645 , 12.37817
74.30 , 35.7336807250 , 12.38400
74.34 , 35.7336807250 , 12.39000
74.37 , 35.7336807250 , 12.39583
74.41 , 35.7336807250 , 12.40183
74.44 , 35.7336807250 , 12.40750
74.48 , 35.8422966003 , 12.41350
74.52 , 35.8422966003 , 12.41950
74.55 , 35.8422966003 , 12.42533
74.59 , 35.8422966003 , 12.43133
74.62 , 35.9509086608 , 12.43700
74.66 , 35.9509086608 , 12.44300
74.69 , 35.8422966003 , 12.44883
74.73 , 35.9509086608 , 12.45483
74.76 , 35.9509086608 , 12.46067
74.80 , 35.9509086608 , 12.46667
74.83 , 35.9509086608 , 12.47233
74.87 , 36.0595207214 , 12.47833
74.90 , 35.9509086608 , 12.48417
74.94 , 35.9509086608 , 12.49017
74.98 , 35.9509086608 , 12.49600
75.01 , 35.9509086608 , 12.50200
75.05 , 36.0595207214 , 12.50783
75.08 , 36.0595207214 , 12.51367
75.12 , 35.9509086608 , 12.51967
75.15 , 36.0595207214 , 12.52550
75.19 , 36.0595207214 , 12.53150
75.22 , 36.0595207214 , 12.53733
75.26 , 36.0595207214 , 12.54317
75.29 , 36.0595207214 , 12.54900
75.33 , 36.0595207214 , 12.55500
75.36 , 36.0595207214 , 12.56083
75.40 , 36.1681327819 , 12.56683
75.44 , 36.0595207214 , 12.57267
75.47 , 36.1681327819 , 12.57850
75.51 , 36.1681327819 , 12.58433
75.54 , 36.1681327819 , 12.59033
75.58 , 36.1681327819 , 12.59617
75.61 , 36.1681327819 , 12.60217
75.65 , 36.1681327819 , 12.60817
75.68 , 36.1681327819 , 12.61383
75.72 , 36.1681327819 , 12.61983
75.75 , 36.2767486572 , 12.62567
75.79 , 36.1681327819 , 12.63167
75.82 , 36.2767486572 , 12.63750
75.86 , 36.2767486572 , 12.64333
75.89 , 36.2767486572 , 12.64917
75.93 , 36.2767486572 , 12.65517
75.97 , 36.2767486572 , 12.66100
76.00 , 36.3853607177 , 12.66700
76.04 , 36.3853607177 , 12.67283
76.07 , 36.3853607177 , 12.67867
76.11 , 36.3853607177 , 12.68450
76.14 , 36.3853607177 , 12.69050
76.18 , 36.3853607177 , 12.69650
76.21 , 36.3853607177 , 12.70233
76.25 , 36.3853607177 , 12.70833
76.28 , 36.4939727783 , 12.71400
76.32 , 36.4939727783 , 12.72000
76.36 , 36.3853607177 , 12.72583
76.39 , 36.6025848388 , 12.73183
76.43 , 36.4939727783 , 12.73767
76.46 , 36.4939727783 , 12.74367
76.50 , 36.6025848388 , 12.74933
76.53 , 36.4939727783 , 12.75533
76.57 , 36.6025848388 , 12.76117
76.60 , 36.6025848388 , 12.76717
76.64 , 36.7111968994 , 12.77300
76.67 , 36.6025848388 , 12.77900
76.71 , 36.6025848388 , 12.78467
76.74 , 36.7111968994 , 12.79067
76.78 , 36.7111968994 , 12.79667
76.81 , 36.7111968994 , 12.80250
76.85 , 36.7111968994 , 12.80850
76.89 , 36.8198127746 , 12.81433
76.92 , 36.8198127746 , 12.82017
76.96 , 36.7111968994 , 12.82600
76.99 , 36.8198127746 , 12.83200
77.03 , 36.8198127746 , 12.83783
77.06 , 36.8198127746 , 12.84383
77.10 , 36.8198127746 , 12.84950
77.13 , 36.8198127746 , 12.85550
77.17 , 36.9284248352 , 12.86133
77.20 , 36.9284248352 , 12.86733
77.24 , 36.9284248352 , 12.87317
77.27 , 36.9284248352 , 12.87917
77.31 , 36.8198127746 , 12.88500
77.34 , 36.9284248352 , 12.89083
77.38 , 36.9284248352 , 12.89683
77.42 , 36.9284248352 , 12.90267
77.45 , 36.9284248352 , 12.90867
77.49 , 36.9284248352 , 12.91450
77.52 , 37.0370368957 , 12.92033
77.56 , 37.0370368957 , 12.92617
77.59 , 37.0370368957 , 12.93217
77.63 , 36.9284248352 , 12.93800
77.66 , 37.0370368957 , 12.94400
77.70 , 37.0370368957 , 12.94983
77.73 , 37.0370368957 , 12.95567
77.77 , 37.0370368957 , 12.96150
77.80 , 37.0370368957 , 12.96750
77.84 , 37.0370368957 , 12.97333
77.88 , 37.0370368957 , 12.97933
77.91 , 37.1456489562 , 12.98533
77.95 , 37.1456489562 , 12.99100
77.98 , 37.1456489562 , 12.99700
78.02 , 37.1456489562 , 13.00283
78.05 , 37.1456489562 , 13.00883
78.09 , 37.1456489562 , 13.01467
78.12 , 37.1456489562 , 13.02067
78.16 , 37.2542648315 , 13.02633
78.19 , 37.2542648315 , 13.03233
78.23 , 37.2542648315 , 13.03817
78.26 , 37.2542648315 , 13.04417
78.30 , 37.2542648315 , 13.05000
78.34 , 37.2542648315 , 13.05600
78.37 , 37.2542648315 , 13.06167
78.41 , 37.3628768920 , 13.06767
78.44 , 37.3628768920 , 13.07367
78.48 , 37.3628768920 , 13.07950
78.51 , 37.3628768920 , 13.08550
78.55 , 37.3628768920 , 13.09117
78.58 , 37.4714889526 , 13.09717
78.62 , 37.3628768920 , 13.10300
78.65 , 37.4714889526 , 13.10900
78.69 , 37.3628768920 , 13.11483
78.72 , 37.4714889526 , 13.12083
78.76 , 37.4714889526 , 13.12650
78.79 , 37.5801010131 , 13.13250
78.83 , 37.4714889526 , 13.13833
78.87 , 37.4714889526 , 13.14433
78.90 , 37.4714889526 , 13.15017
78.94 , 37.5801010131 , 13.15617
78.97 , 37.5801010131 , 13.16183
79.01 , 37.5801010131 , 13.16783
79.04 , 37.6887130737 , 13.17383
79.08 , 37.6887130737 , 13.17967
79.11 , 37.7973289489 , 13.18567
79.15 , 37.7973289489 , 13.19150
79.18 , 37.7973289489 , 13.19733
79.22 , 37.6887130737 , 13.20317
79.25 , 37.6887130737 , 13.20917
79.29 , 37.6887130737 , 13.21500
79.33 , 37.9059410095 , 13.22100
79.36 , 37.7973289489 , 13.22683
79.40 , 37.9059410095 , 13.23267
79.43 , 37.7973289489 , 13.23850
79.47 , 37.9059410095 , 13.24450
79.50 , 37.7973289489 , 13.25033
79.54 , 37.9059410095 , 13.25633
79.57 , 37.9059410095 , 13.26233
79.61 , 38.0145530700 , 13.26800
79.64 , 38.0145530700 , 13.27400
79.68 , 38.0145530700 , 13.27983
79.71 , 38.0145530700 , 13.28583
79.75 , 38.0145530700 , 13.29167
79.79 , 38.0145530700 , 13.29750
79.82 , 38.1231651306 , 13.30333
79.86 , 38.1231651306 , 13.30933
79.89 , 38.0145530700 , 13.31517
79.93 , 38.0145530700 , 13.32117
79.96 , 38.0145530700 , 13.32700
80.00 , 38.1231651306 , 13.33283
80.03 , 38.1231651306 , 13.33867
80.07 , 38.1231651306 , 13.34467
80.10 , 38.1231651306 , 13.35050
80.14 , 38.1231651306 , 13.35650
80.18 , 38.0145530700 , 13.36250
80.21 , 38.1231651306 , 13.36817
80.25 , 38.2317810058 , 13.37417
80.28 , 38.1231651306 , 13.38000
80.32 , 38.2317810058 , 13.38600
80.35 , 38.2317810058 , 13.39183
80.39 , 38.2317810058 , 13.39783
80.42 , 38.2317810058 , 13.40350
80.46 , 38.2317810058 , 13.40950
80.49 , 38.2317810058 , 13.41533
80.53 , 38.3403930664 , 13.42133
80.56 , 38.3403930664 , 13.42717
80.60 , 38.3403930664 , 13.43317
80.63 , 38.3403930664 , 13.43883
80.67 , 38.3403930664 , 13.44483
80.70 , 38.3403930664 , 13.45083
80.74 , 38.4490051269 , 13.45667
80.78 , 38.4490051269 , 13.46267
80.81 , 38.4490051269 , 13.46850
80.85 , 38.4490051269 , 13.47433
80.88 , 38.4490051269 , 13.48017
80.92 , 38.4490051269 , 13.48617
80.95 , 38.5576171875 , 13.49200
80.99 , 38.5576171875 , 13.49800
81.02 , 38.5576171875 , 13.50367
81.06 , 38.5576171875 , 13.50967
81.09 , 38.6662292480 , 13.51550
81.13 , 38.6662292480 , 13.52150
81.16 , 38.6662292480 , 13.52733
81.20 , 38.6662292480 , 13.53333
81.23 , 38.6662292480 , 13.53900
81.27 , 38.6662292480 , 13.54500
81.31 , 38.6662292480 , 13.55100
81.34 , 38.6662292480 , 13.55683
81.38 , 38.7748451232 , 13.56283
81.41 , 38.7748451232 , 13.56867
81.45 , 38.8834571838 , 13.57450
81.48 , 38.7748451232 , 13.58033
81.52 , 38.7748451232 , 13.58633
81.55 , 38.8834571838 , 13.59217
81.59 , 38.8834571838 , 13.59817
81.62 , 38.8834571838 , 13.60400
81.66 , 38.8834571838 , 13.60983
81.69 , 38.8834571838 , 13.61567
81.73 , 38.8834571838 , 13.62167
81.76 , 38.8834571838 , 13.62750
81.80 , 38.9920692443 , 13.63350
81.84 , 38.9920692443 , 13.63950
81.87 , 38.9920692443 , 13.64517
81.91 , 38.9920692443 , 13.65117
81.94 , 38.9920692443 , 13.65700
81.98 , 38.9920692443 , 13.66300
82.01 , 39.1006813049 , 13.66883
82.05 , 39.1006813049 , 13.67483
82.08 , 39.1006813049 , 13.68050
82.12 , 39.1006813049 , 13.68650
82.15 , 39.1006813049 , 13.69233
82.19 , 39.1006813049 , 13.69833
82.22 , 39.1006813049 , 13.70417
82.26 , 39.1006813049 , 13.71000
82.29 , 39.1006813049 , 13.71583
82.33 , 39.2092971801 , 13.72183
82.37 , 39.2092971801 , 13.72767
82.40 , 39.2092971801 , 13.73367
82.44 , 39.2092971801 , 13.73967
82.47 , 39.2092971801 , 13.74533
82.51 , 39.3179092407 , 13.75133
82.54 , 39.2092971801 , 13.75717
82.58 , 39.2092971801 , 13.76317
82.61 , 39.3179092407 , 13.76900
82.65 , 39.3179092407 , 13.77500
82.68 , 39.3179092407 , 13.78067
82.72 , 39.3179092407 , 13.78667
82.75 , 39.4265213012 , 13.79250
82.79 , 39.4265213012 , 13.79850
82.83 , 39.4265213012 , 13.80433
82.86 , 39.4265213012 , 13.81033
82.90 , 39.4265213012 , 13.81600
82.93 , 39.4265213012 , 13.82200
82.97 , 39.4265213012 , 13.82800
83.00 , 39.5351333618 , 13.83383
83.04 , 39.5351333618 , 13.83983
83.07 , 39.5351333618 , 13.84567
83.11 , 39.5351333618 , 13.85150
83.14 , 39.5351333618 , 13.85733
83.18 , 39.5351333618 , 13.86333
83.21 , 39.5351333618 , 13.86917
83.25 , 39.6437454223 , 13.87517
83.29 , 39.6437454223 , 13.88100
83.32 , 39.7523612976 , 13.88683
83.36 , 39.6437454223 , 13.89267
83.39 , 39.5351333618 , 13.89867
83.43 , 39.6437454223 , 13.90450
83.46 , 39.7523612976 , 13.91050
83.50 , 39.7523612976 , 13.91617
83.53 , 39.7523612976 , 13.92217
83.57 , 39.7523612976 , 13.92817
83.60 , 39.7523612976 , 13.93400
83.64 , 39.8609733581 , 13.94000
83.68 , 39.8609733581 , 13.94583
83.71 , 39.8609733581 , 13.95167
83.75 , 39.8609733581 , 13.95750
83.78 , 39.8609733581 , 13.96350
83.82 , 39.9695854187 , 13.96933
83.85 , 39.9695854187 , 13.97533
83.89 , 39.9695854187 , 13.98117
83.92 , 39.9695854187 , 13.98700
83.96 , 39.9695854187 , 13.99283
83.99 , 39.9695854187 , 13.99883
84.03 , 40.0781974792 , 14.00467
84.06 , 40.0781974792 , 14.01067
84.10 , 40.1868133544 , 14.01667
84.13 , 40.0781974792 , 14.02233
84.17 , 40.0781974792 , 14.02833
84.20 , 40.0781974792 , 14.03417
84.24 , 40.0781974792 , 14.04017
84.28 , 40.1868133544 , 14.04600
84.31 , 40.2954254150 , 14.05200
84.35 , 40.1868133544 , 14.05767
84.38 , 40.1868133544 , 14.06367
84.42 , 40.1868133544 , 14.06950
84.45 , 40.2954254150 , 14.07550
84.49 , 40.1868133544 , 14.08133
84.52 , 40.1868133544 , 14.08733
84.56 , 40.1868133544 , 14.09300
84.59 , 40.2954254150 , 14.09900
84.63 , 40.2954254150 , 14.10483
84.66 , 40.2954254150 , 14.11083
84.70 , 40.2954254150 , 14.11683
84.74 , 40.4040374755 , 14.12267
84.77 , 40.2954254150 , 14.12850
84.81 , 40.2954254150 , 14.13433
84.84 , 40.4040374755 , 14.14033
84.88 , 40.4040374755 , 14.14617
84.91 , 40.4040374755 , 14.15217
84.95 , 40.4040374755 , 14.15783
84.98 , 40.4040374755 , 14.16383
85.02 , 40.5126495361 , 14.16967
85.05 , 40.4040374755 , 14.17567
85.09 , 40.5126495361 , 14.18150
85.12 , 40.5126495361 , 14.18750
85.16 , 40.5126495361 , 14.19317
85.19 , 40.5126495361 , 14.19917
85.23 , 40.5126495361 , 14.20517
85.27 , 40.5126495361 , 14.21100
85.30 , 40.5126495361 , 14.21700
85.34 , 40.6212615966 , 14.22283
85.37 , 40.6212615966 , 14.22867
85.41 , 40.6212615966 , 14.23450
85.44 , 40.6212615966 , 14.24050
85.48 , 40.6212615966 , 14.24633
85.51 , 40.6212615966 , 14.25233
85.55 , 40.7298774719 , 14.25817
85.58 , 40.7298774719 , 14.26400
85.62 , 40.7298774719 , 14.26983
85.65 , 40.7298774719 , 14.27583
85.69 , 40.7298774719 , 14.28167
85.73 , 40.7298774719 , 14.28767
85.76 , 40.8384933471 , 14.29350
85.80 , 40.9471054077 , 14.29933
85.83 , 40.8384933471 , 14.30533
85.87 , 40.9471054077 , 14.31117
85.90 , 40.8384933471 , 14.31717
85.94 , 40.8384933471 , 14.32300
85.97 , 40.9471054077 , 14.32900
86.01 , 40.9471054077 , 14.33467
86.04 , 40.9471054077 , 14.34067
86.08 , 41.0557212829 , 14.34650
86.11 , 41.1643333435 , 14.35250
86.15 , 41.0557212829 , 14.35833
86.18 , 41.0557212829 , 14.36417
86.22 , 41.0557212829 , 14.37000
86.26 , 41.0557212829 , 14.37600
86.29 , 41.0557212829 , 14.38183
86.33 , 41.1643333435 , 14.38783
86.36 , 41.1643333435 , 14.39383
86.40 , 41.1643333435 , 14.39950
86.43 , 41.2729454040 , 14.40550
86.47 , 41.1643333435 , 14.41133
86.50 , 41.1643333435 , 14.41733
86.54 , 41.2729454040 , 14.42317
86.57 , 41.2729454040 , 14.42917
86.61 , 41.2729454040 , 14.43483
86.64 , 41.2729454040 , 14.44083
86.68 , 41.2729454040 , 14.44667
86.72 , 41.2729454040 , 14.45267
86.75 , 41.2729454040 , 14.45850
86.79 , 41.3815574645 , 14.46450
86.82 , 41.3815574645 , 14.47017
86.86 , 41.3815574645 , 14.47617
86.89 , 41.3815574645 , 14.48200
86.93 , 41.4901733398 , 14.48800
86.96 , 41.3815574645 , 14.49400
87.00 , 41.4901733398 , 14.49983
87.03 , 41.4901733398 , 14.50567
87.07 , 41.4901733398 , 14.51150
87.11 , 41.4901733398 , 14.51750
87.14 , 41.4901733398 , 14.52333
87.18 , 41.5987854003 , 14.52933
87.21 , 41.4901733398 , 14.53517
87.25 , 41.5987854003 , 14.54100
87.28 , 41.5987854003 , 14.54683
87.32 , 41.5987854003 , 14.55283
87.35 , 41.5987854003 , 14.55867
87.39 , 41.5987854003 , 14.56467
87.42 , 41.5987854003 , 14.57033
87.46 , 41.5987854003 , 14.57633
87.49 , 41.7073974609 , 14.58233
87.53 , 41.7073974609 , 14.58817
87.56 , 41.7073974609 , 14.59417
87.60 , 41.7073974609 , 14.60000
87.63 , 41.7073974609 , 14.60583
87.67 , 41.7073974609 , 14.61167
87.71 , 41.8160095214 , 14.61767
87.74 , 41.8160095214 , 14.62350
87.78 , 41.8160095214 , 14.62950
87.81 , 41.8160095214 , 14.63533
87.85 , 41.8160095214 , 14.64117
87.88 , 41.8160095214 , 14.64700
87.92 , 41.9246215820 , 14.65300
87.95 , 41.8160095214 , 14.65883
87.99 , 41.9246215820 , 14.66483
88.02 , 41.9246215820 , 14.67067
88.06 , 41.9246215820 , 14.67650
88.09 , 42.0332374572 , 14.68250
88.13 , 41.9246215820 , 14.68833
88.17 , 41.9246215820 , 14.69433
88.20 , 42.0332374572 , 14.70017
88.24 , 42.0332374572 , 14.70617
88.27 , 42.0332374572 , 14.71183
88.31 , 42.0332374572 , 14.71783
88.34 , 42.1418495178 , 14.72367
88.38 , 42.0332374572 , 14.72967
88.41 , 42.1418495178 , 14.73550
88.45 , 42.1418495178 , 14.74150
88.48 , 42.1418495178 , 14.74717
88.52 , 42.2504615783 , 14.75317
88.55 , 42.2504615783 , 14.75900
88.59 , 42.2504615783 , 14.76500
88.63 , 42.2504615783 , 14.77100
88.66 , 42.2504615783 , 14.77667
88.70 , 42.3590736389 , 14.78267
88.73 , 42.3590736389 , 14.78850
88.77 , 42.3590736389 , 14.79450
88.80 , 42.3590736389 , 14.80033
88.84 , 42.3590736389 , 14.80633
88.87 , 42.3590736389 , 14.81200
88.91 , 42.3590736389 , 14.81800
88.94 , 42.3590736389 , 14.82383
88.98 , 42.4676895141 , 14.82983
89.01 , 42.3590736389 , 14.83567
89.05 , 42.4676895141 , 14.84167
89.08 , 42.5763015747 , 14.84733
89.12 , 42.5763015747 , 14.85333
89.15 , 42.5763015747 , 14.85917
89.19 , 42.5763015747 , 14.86517
89.23 , 42.5763015747 , 14.87117
89.26 , 42.5763015747 , 14.87700
89.30 , 42.5763015747 , 14.88283
89.33 , 42.5763015747 , 14.88867
89.37 , 42.6849136352 , 14.89467
89.40 , 42.5763015747 , 14.90050
89.44 , 42.6849136352 , 14.90650
89.47 , 42.6849136352 , 14.91233
89.51 , 42.6849136352 , 14.91817
89.54 , 42.7935256958 , 14.92400
89.58 , 42.6849136352 , 14.93000
89.61 , 42.6849136352 , 14.93583
89.65 , 42.7935256958 , 14.94183
89.69 , 42.7935256958 , 14.94767
89.72 , 42.7935256958 , 14.95350
89.76 , 42.9021377563 , 14.95950
89.79 , 42.9021377563 , 14.96533
89.83 , 42.9021377563 , 14.97133
89.86 , 42.9021377563 , 14.97717
89.90 , 43.0107536315 , 14.98317
89.93 , 42.9021377563 , 14.98883
89.97 , 43.0107536315 , 14.99483
90.00 , 42.9021377563 , 15.00067
90.04 , 43.0107536315 , 15.00667
90.07 , 43.0107536315 , 15.01250
90.11 , 43.1193656921 , 15.01833
90.14 , 43.1193656921 , 15.02417
90.18 , 43.1193656921 , 15.03017
90.22 , 43.1193656921 , 15.03600
90.25 , 43.2279777526 , 15.04200
90.29 , 43.2279777526 , 15.04783
90.32 , 43.2279777526 , 15.05367
90.36 , 43.1193656921 , 15.05967
90.39 , 43.2279777526 , 15.06550
90.43 , 43.2279777526 , 15.07150
90.46 , 43.2279777526 , 15.07733
90.50 , 43.3365898132 , 15.08333
90.53 , 43.3365898132 , 15.08900
90.57 , 43.3365898132 , 15.09500
90.61 , 43.3365898132 , 15.10083
90.64 , 43.4452056884 , 15.10683
90.68 , 43.5538177490 , 15.11267
90.71 , 43.4452056884 , 15.11867
90.75 , 43.4452056884 , 15.12433
90.78 , 43.5538177490 , 15.13033
90.82 , 43.5538177490 , 15.13617
90.85 , 43.5538177490 , 15.14217
90.89 , 43.5538177490 , 15.14817
90.92 , 43.6624298095 , 15.15400
90.96 , 43.6624298095 , 15.15983
90.99 , 43.6624298095 , 15.16567
91.03 , 43.6624298095 , 15.17167
91.06 , 43.7710418701 , 15.17750
91.10 , 43.7710418701 , 15.18350
91.14 , 43.8796539306 , 15.18933
91.17 , 43.7710418701 , 15.19517
91.21 , 43.8796539306 , 15.20100
91.24 , 43.8796539306 , 15.20700
91.28 , 43.8796539306 , 15.21283
91.31 , 43.9882698059 , 15.21883
91.35 , 43.9882698059 , 15.22450
91.38 , 43.9882698059 , 15.23050
91.42 , 43.9882698059 , 15.23633
91.45 , 43.9882698059 , 15.24233
91.49 , 43.9882698059 , 15.24833
91.52 , 44.0968818664 , 15.25417
91.56 , 44.0968818664 , 15.26000
91.59 , 44.0968818664 , 15.26583
91.63 , 44.2054939270 , 15.27183
91.67 , 44.0968818664 , 15.27767
91.70 , 44.2054939270 , 15.28367
91.74 , 44.0968818664 , 15.28950
91.77 , 44.2054939270 , 15.29533
91.81 , 44.3141059875 , 15.30117
91.84 , 44.3141059875 , 15.30717
91.88 , 44.3141059875 , 15.31300
91.91 , 44.3141059875 , 15.31900
91.95 , 44.4227218627 , 15.32483
91.98 , 44.3141059875 , 15.33067
92.02 , 44.4227218627 , 15.33667
92.05 , 44.4227218627 , 15.34250
92.09 , 44.4227218627 , 15.34850
92.13 , 44.4227218627 , 15.35433
92.16 , 44.5313339233 , 15.36033
92.20 , 44.5313339233 , 15.36600
92.23 , 44.5313339233 , 15.37200
92.27 , 44.5313339233 , 15.37783
92.30 , 44.5313339233 , 15.38383
92.34 , 44.5313339233 , 15.38967
92.37 , 44.6399459838 , 15.39567
92.41 , 44.6399459838 , 15.40133
92.44 , 44.6399459838 , 15.40733
92.48 , 44.6399459838 , 15.41317
92.51 , 44.7485580444 , 15.41917
92.55 , 44.7485580444 , 15.42500
92.58 , 44.7485580444 , 15.43083
92.62 , 44.7485580444 , 15.43683
92.66 , 44.8571701049 , 15.44267
92.69 , 44.8571701049 , 15.44867
92.73 , 44.8571701049 , 15.45450
92.76 , 44.7485580444 , 15.46050
92.80 , 44.9657859802 , 15.46617
92.83 , 44.9657859802 , 15.47217
92.87 , 44.9657859802 , 15.47800
92.90 , 44.9657859802 , 15.48400
92.94 , 45.0743980407 , 15.48983
92.97 , 44.9657859802 , 15.49583
93.01 , 45.0743980407 , 15.50150
93.04 , 45.0743980407 , 15.50750
93.08 , 45.0743980407 , 15.51333
93.12 , 45.0743980407 , 15.51933
93.15 , 45.1830101013 , 15.52533
93.19 , 45.1830101013 , 15.53117
93.22 , 45.1830101013 , 15.53700
93.26 , 45.1830101013 , 15.54283
93.29 , 45.2916221618 , 15.54883
93.33 , 45.2916221618 , 15.55467
93.36 , 45.2916221618 , 15.56067
93.40 , 45.2916221618 , 15.56650
93.43 , 45.2916221618 , 15.57233
93.47 , 45.4002380371 , 15.57817
93.50 , 45.5088500976 , 15.58417
93.54 , 45.5088500976 , 15.59000
93.58 , 45.5088500976 , 15.59600
93.61 , 45.5088500976 , 15.60183
93.65 , 45.5088500976 , 15.60767
93.68 , 45.5088500976 , 15.61350
93.72 , 45.6174621582 , 15.61950
93.75 , 45.6174621582 , 15.62550
93.79 , 45.6174621582 , 15.63133
93.82 , 45.6174621582 , 15.63733
93.86 , 45.7260742187 , 15.64300
93.89 , 45.7260742187 , 15.64900
93.93 , 45.7260742187 , 15.65483
93.96 , 45.7260742187 , 15.66083
94.00 , 45.8346862792 , 15.66667
94.04 , 45.7260742187 , 15.67250
94.07 , 45.8346862792 , 15.67833
94.11 , 45.8346862792 , 15.68433
94.14 , 45.8346862792 , 15.69017
94.18 , 45.9433021545 , 15.69617
94.21 , 45.9433021545 , 15.70200
94.25 , 45.9433021545 , 15.70783
94.28 , 45.9433021545 , 15.71383
94.32 , 45.9433021545 , 15.71967
94.35 , 46.0519142150 , 15.72567
94.39 , 46.0519142150 , 15.73150
94.43 , 46.0519142150 , 15.73750
94.46 , 46.0519142150 , 15.74317
94.50 , 46.0519142150 , 15.74917
94.53 , 46.0519142150 , 15.75500
94.57 , 46.0519142150 , 15.76100
94.60 , 46.1605262756 , 15.76683
94.64 , 46.1605262756 , 15.77283
94.67 , 46.1605262756 , 15.77850
94.71 , 46.2691383361 , 15.78450
94.74 , 46.2691383361 , 15.79033
94.78 , 46.2691383361 , 15.79633
94.81 , 46.2691383361 , 15.80217
94.85 , 46.3777580261 , 15.80817
94.88 , 46.2691383361 , 15.81400
94.92 , 46.2691383361 , 15.81983
94.95 , 46.4863700866 , 15.82583
94.99 , 46.3777580261 , 15.83167
95.03 , 46.4863700866 , 15.83767
95.06 , 46.4863700866 , 15.84333
95.10 , 46.3777580261 , 15.84933
95.13 , 46.4863700866 , 15.85517
95.17 , 46.4863700866 , 15.86117
95.20 , 46.5949821472 , 15.86700
95.24 , 46.4863700866 , 15.87300
95.27 , 46.5949821472 , 15.87867
95.31 , 46.5949821472 , 15.88467
95.34 , 46.7035980224 , 15.89050
95.38 , 46.7035980224 , 15.89650
95.41 , 46.7035980224 , 15.90250
95.45 , 46.7035980224 , 15.90833
95.48 , 46.7035980224 , 15.91417
95.52 , 46.8122100830 , 15.92000
95.56 , 46.8122100830 , 15.92600
95.59 , 46.8122100830 , 15.93183
95.63 , 46.8122100830 , 15.93783
95.66 , 46.9208221435 , 15.94367
95.70 , 46.9208221435 , 15.94950
95.73 , 46.9208221435 , 15.95533
95.77 , 46.9208221435 , 15.96133
95.80 , 46.9208221435 , 15.96717
95.84 , 46.9208221435 , 15.97317
95.87 , 47.0294342041 , 15.97900
95.91 , 47.0294342041 , 15.98483
95.94 , 47.1380462646 , 15.99067
95.98 , 47.1380462646 , 15.99667
96.02 , 47.1380462646 , 16.00267
96.05 , 47.1380462646 , 16.00850
96.09 , 47.1380462646 , 16.01450
96.12 , 47.2466621398 , 16.02017
96.16 , 47.2466621398 , 16.02617
96.19 , 47.2466621398 , 16.03200
96.23 , 47.2466621398 , 16.03800
96.26 , 47.2466621398 , 16.04384
96.30 , 47.3552742004 , 16.04984
96.33 , 47.3552742004 , 16.05550
96.37 , 47.3552742004 , 16.06150
96.40 , 47.3552742004 , 16.06733
96.44 , 47.3552742004 , 16.07333
96.47 , 47.4638862609 , 16.07917
96.51 , 47.4638862609 , 16.08500
96.55 , 47.4638862609 , 16.09100
96.58 , 47.5724983215 , 16.09683
96.62 , 47.5724983215 , 16.10283
96.65 , 47.5724983215 , 16.10867
96.69 , 47.5724983215 , 16.11467
96.72 , 47.5724983215 , 16.12034
96.76 , 47.6811141967 , 16.12634
96.79 , 47.6811141967 , 16.13217
96.83 , 47.5724983215 , 16.13817
96.86 , 47.6811141967 , 16.14400
96.90 , 47.6811141967 , 16.15000
96.93 , 47.7897262573 , 16.15567
96.97 , 47.7897262573 , 16.16167
97.00 , 47.7897262573 , 16.16750
97.04 , 47.7897262573 , 16.17350
97.08 , 47.8983383178 , 16.17933
97.11 , 47.8983383178 , 16.18533
97.15 , 47.8983383178 , 16.19117
97.18 , 47.8983383178 , 16.19700
97.22 , 47.8983383178 , 16.20300
97.25 , 47.8983383178 , 16.20883
97.29 , 48.0069503784 , 16.21483
97.32 , 48.0069503784 , 16.22067
97.36 , 48.0069503784 , 16.22650
97.39 , 48.1155624389 , 16.23233
97.43 , 48.1155624389 , 16.23834
97.46 , 48.1155624389 , 16.24417
97.50 , 48.1155624389 , 16.25017
97.54 , 48.2241783142 , 16.25600
97.57 , 48.1155624389 , 16.26183
97.61 , 48.2241783142 , 16.26767
97.64 , 48.2241783142 , 16.27367
97.68 , 48.2241783142 , 16.27967
97.71 , 48.3327903747 , 16.28550
97.75 , 48.3327903747 , 16.29133
97.78 , 48.3327903747 , 16.29717
97.82 , 48.3327903747 , 16.30317
97.85 , 48.3327903747 , 16.30900
97.89 , 48.4414024353 , 16.31500
97.93 , 48.4414024353 , 16.32084
97.96 , 48.4414024353 , 16.32667
98.00 , 48.4414024353 , 16.33250
98.03 , 48.5500144958 , 16.33850
98.07 , 48.6586303710 , 16.34433
98.10 , 48.5500144958 , 16.35033
98.14 , 48.6586303710 , 16.35617
98.17 , 48.6586303710 , 16.36200
98.21 , 48.6586303710 , 16.36783
98.24 , 48.6586303710 , 16.37383
98.28 , 48.6586303710 , 16.37983
98.31 , 48.6586303710 , 16.38567
98.35 , 48.7672424316 , 16.39167
98.38 , 48.7672424316 , 16.39734
98.42 , 48.7672424316 , 16.40333
98.45 , 48.8758544921 , 16.40917
98.49 , 48.8758544921 , 16.41517
98.53 , 48.8758544921 , 16.42100
98.56 , 48.9844665527 , 16.42700
98.60 , 48.9844665527 , 16.43267
98.63 , 48.9844665527 , 16.43867
98.67 , 48.9844665527 , 16.44450
98.70 , 48.9844665527 , 16.45050
98.74 , 49.0930786132 , 16.45633
98.77 , 49.0930786132 , 16.46233
98.81 , 49.2016944885 , 16.46817
98.84 , 49.0930786132 , 16.47400
98.88 , 49.2016944885 , 16.48000
98.91 , 49.2016944885 , 16.48583
98.95 , 49.0930786132 , 16.49183
98.98 , 49.2016944885 , 16.49750
99.02 , 49.3103065490 , 16.50350
99.06 , 49.3103065490 , 16.50934
99.09 , 49.2016944885 , 16.51534
99.13 , 49.2016944885 , 16.52117
99.16 , 49.3103065490 , 16.52717
99.20 , 49.3103065490 , 16.53283
99.23 , 49.3103065490 , 16.53883
99.27 , 49.4189186096 , 16.54467
99.30 , 49.4189186096 , 16.55067
99.34 , 49.4189186096 , 16.55650
99.37 , 49.5275306701 , 16.56250
99.41 , 49.4189186096 , 16.56834
99.44 , 49.5275306701 , 16.57417
99.48 , 49.5275306701 , 16.58017
99.52 , 49.5275306701 , 16.58600
99.55 , 49.6361465454 , 16.59200
99.59 , 49.6361465454 , 16.59783
99.62 , 49.6361465454 , 16.60367
99.66 , 49.7447586059 , 16.60950
99.69 , 49.6361465454 , 16.61550
99.73 , 49.6361465454 , 16.62133
99.76 , 49.7447586059 , 16.62734
99.80 , 49.7447586059 , 16.63317
99.83 , 49.8533706665 , 16.63900
99.87 , 49.8533706665 , 16.64484
99.90 , 49.8533706665 , 16.65083
99.94 , 49.8533706665 , 16.65683
99.98 , 49.9619827270 , 16.66267
100.01 , 49.9619827270 , 16.66867
100.05 , 49.8533706665 , 16.67450
100.08 , 49.9619827270 , 16.68067
100.12 , 49.9619827270 , 16.68667
100.16 , 50.0705947875 , 16.69283
100.19 , 50.0705947875 , 16.69883
100.23 , 50.0705947875 , 16.70500
100.26 , 50.1792106628 , 16.71084
100.30 , 50.0705947875 , 16.71700
100.34 , 50.1792106628 , 16.72317
100.37 , 50.1792106628 , 16.72917
100.41 , 50.2878227233 , 16.73534
100.45 , 50.2878227233 , 16.74133
100.48 , 50.2878227233 , 16.74750
100.52 , 50.2878227233 , 16.75333
100.56 , 50.2878227233 , 16.75950
100.59 , 50.3964347839 , 16.76550
100.63 , 50.3964347839 , 16.77167
100.67 , 50.3964347839 , 16.77767
100.70 , 50.3964347839 , 16.78384
100.74 , 50.3964347839 , 16.79000
100.77 , 50.5050468444 , 16.79583
100.81 , 50.5050468444 , 16.80200
100.85 , 50.5050468444 , 16.80800
100.88 , 50.5050468444 , 16.81417
100.92 , 50.6136627197 , 16.82017
100.96 , 50.5050468444 , 16.82633
100.99 , 50.6136627197 , 16.83234
101.03 , 50.7222747802 , 16.83833
101.07 , 50.7222747802 , 16.84433
101.10 , 50.7222747802 , 16.85050
101.14 , 50.7222747802 , 16.85667
101.18 , 50.8308868408 , 16.86267
101.21 , 50.7222747802 , 16.86883
101.25 , 50.9394989013 , 16.87483
101.29 , 50.8308868408 , 16.88084
101.32 , 50.9394989013 , 16.88683
101.36 , 50.8308868408 , 16.89300
101.39 , 50.9394989013 , 16.89900
101.43 , 50.9394989013 , 16.90517
101.47 , 51.0481109619 , 16.91117
101.50 , 50.9394989013 , 16.91733
101.54 , 51.0481109619 , 16.92333
101.58 , 51.0481109619 , 16.92933
101.61 , 51.1567268371 , 16.93550
101.65 , 51.0481109619 , 16.94150
101.69 , 51.1567268371 , 16.94767
101.72 , 51.2653388977 , 16.95367
101.76 , 51.1567268371 , 16.95967
101.79 , 51.1567268371 , 16.96567
101.83 , 51.2653388977 , 16.97183
101.87 , 51.1567268371 , 16.97783
101.90 , 51.2653388977 , 16.98400
101.94 , 51.3739509582 , 16.99017
101.98 , 51.3739509582 , 16.99617
102.01 , 51.2653388977 , 17.00217
102.05 , 51.3739509582 , 17.00817
102.09 , 51.3739509582 , 17.01433
102.12 , 51.4825630187 , 17.02033
102.16 , 51.4825630187 , 17.02650
102.19 , 51.4825630187 , 17.03250
102.23 , 51.4825630187 , 17.03867
102.27 , 51.4825630187 , 17.04450
102.30 , 51.5911788940 , 17.05067
102.34 , 51.5911788940 , 17.05684
102.38 , 51.5911788940 , 17.06283
102.41 , 51.5911788940 , 17.06900
102.45 , 51.5911788940 , 17.07500
102.49 , 51.6997909545 , 17.08117
102.52 , 51.6997909545 , 17.08700
102.56 , 51.6997909545 , 17.09317
102.59 , 51.8084030151 , 17.09917
102.63 , 51.8084030151 , 17.10534
102.67 , 51.8084030151 , 17.11150
102.70 , 51.9170227050 , 17.11750
102.74 , 51.8084030151 , 17.12367
102.78 , 51.9170227050 , 17.12950
102.81 , 51.9170227050 , 17.13567
102.85 , 51.9170227050 , 17.14167
102.89 , 52.0256347656 , 17.14784
102.92 , 52.0256347656 , 17.15383
102.96 , 52.1342468261 , 17.16000
103.00 , 52.1342468261 , 17.16584
103.03 , 52.1342468261 , 17.17200
103.07 , 52.1342468261 , 17.17817
103.11 , 52.2428588867 , 17.18417
103.14 , 52.2428588867 , 17.19034
103.18 , 52.2428588867 , 17.19634
103.21 , 52.2428588867 , 17.20250
103.25 , 52.1342468261 , 17.20833
103.29 , 52.2428588867 , 17.21450
103.32 , 52.3514709472 , 17.22050
103.36 , 52.3514709472 , 17.22667
103.40 , 52.3514709472 , 17.23267
103.43 , 52.3514709472 , 17.23884
103.47 , 52.3514709472 , 17.24500
103.50 , 52.4600868225 , 17.25083
103.54 , 52.4600868225 , 17.25700
103.58 , 52.4600868225 , 17.26300
103.61 , 52.5686988830 , 17.26917
103.65 , 52.5686988830 , 17.27517
103.69 , 52.5686988830 , 17.28133
103.72 , 52.5686988830 , 17.28734
103.76 , 52.6773109436 , 17.29334
103.80 , 52.6773109436 , 17.29933
103.83 , 52.6773109436 , 17.30550
103.87 , 52.7859230041 , 17.31167
103.91 , 52.6773109436 , 17.31767
103.94 , 52.7859230041 , 17.32383
103.98 , 52.7859230041 , 17.32983
104.01 , 52.7859230041 , 17.33584
104.05 , 52.7859230041 , 17.34184
104.09 , 52.7859230041 , 17.34800
104.12 , 52.8945388793 , 17.35400
104.16 , 52.8945388793 , 17.36017
104.20 , 53.0031509399 , 17.36617
104.23 , 53.0031509399 , 17.37217
104.27 , 53.0031509399 , 17.37833
104.31 , 53.0031509399 , 17.38434
104.34 , 53.0031509399 , 17.39050
104.38 , 53.1117630004 , 17.39650
104.42 , 53.1117630004 , 17.40267
104.45 , 53.1117630004 , 17.40867
104.49 , 53.2203750610 , 17.41467
104.52 , 53.2203750610 , 17.42067
104.56 , 53.2203750610 , 17.42683
104.60 , 53.2203750610 , 17.43284
104.63 , 53.3289871215 , 17.43900
104.67 , 53.2203750610 , 17.44517
104.71 , 53.3289871215 , 17.45117
104.74 , 53.3289871215 , 17.45717
104.78 , 53.3289871215 , 17.46317
104.82 , 53.4376029968 , 17.46933
104.85 , 53.4376029968 , 17.47533
104.89 , 53.4376029968 , 17.48150
104.93 , 53.4376029968 , 17.48750
104.96 , 53.4376029968 , 17.49367
105.00 , 53.4376029968 , 17.49967
105.03 , 53.5462150573 , 17.50567
105.07 , 53.6548271179 , 17.51183
105.11 , 53.5462150573 , 17.51783
105.14 , 53.5462150573 , 17.52400
105.18 , 53.6548271179 , 17.53000
105.22 , 53.6548271179 , 17.53617
105.25 , 53.6548271179 , 17.54200
105.29 , 53.7634391784 , 17.54817
105.32 , 53.7634391784 , 17.55417
105.36 , 53.7634391784 , 17.56033
105.40 , 53.8720550537 , 17.56650
105.43 , 53.8720550537 , 17.57250
105.47 , 53.8720550537 , 17.57867
105.51 , 53.9806671142 , 17.58450
105.54 , 53.8720550537 , 17.59067
105.58 , 53.9806671142 , 17.59667
105.62 , 53.9806671142 , 17.60283
105.65 , 54.0892791748 , 17.60883
105.69 , 54.0892791748 , 17.61500
105.72 , 54.0892791748 , 17.62084
105.76 , 54.0892791748 , 17.62700
105.80 , 54.0892791748 , 17.63317
105.83 , 54.1978912353 , 17.63917
105.87 , 54.1978912353 , 17.64533
105.91 , 54.3065032958 , 17.65133
105.94 , 54.1978912353 , 17.65750
105.98 , 54.3065032958 , 17.66333
106.02 , 54.3065032958 , 17.66950
106.05 , 54.3065032958 , 17.67550
106.09 , 54.3065032958 , 17.68167
106.13 , 54.4151191711 , 17.68767
106.16 , 54.3065032958 , 17.69384
106.20 , 54.4151191711 , 17.70000
106.23 , 54.4151191711 , 17.70583
106.27 , 54.4151191711 , 17.71200
106.31 , 54.5237312316 , 17.71800
106.34 , 54.5237312316 , 17.72417
106.38 , 54.5237312316 , 17.73017
106.42 , 54.5237312316 , 17.73633
106.45 , 54.6323432922 , 17.74234
106.49 , 54.5237312316 , 17.74833
106.53 , 54.6323432922 , 17.75433
106.56 , 54.6323432922 , 17.76050
106.60 , 54.6323432922 , 17.76667
106.64 , 54.7409553527 , 17.77267
106.67 , 54.7409553527 , 17.77883
106.71 , 54.7409553527 , 17.78467
106.75 , 54.8495712280 , 17.79084
106.78 , 54.8495712280 , 17.79683
106.82 , 54.8495712280 , 17.80300
106.85 , 54.8495712280 , 17.80900
106.89 , 54.8495712280 , 17.81517
106.93 , 54.9581832885 , 17.82117
106.96 , 54.9581832885 , 17.82717
107.00 , 54.9581832885 , 17.83333
107.04 , 55.0667953491 , 17.83934
107.07 , 55.0667953491 , 17.84550
107.11 , 55.0667953491 , 17.85150
107.15 , 55.1754074096 , 17.85767
107.18 , 55.1754074096 , 17.86367
107.22 , 55.1754074096 , 17.86967
107.25 , 55.1754074096 , 17.87567
107.29 , 55.1754074096 , 17.88183
107.33 , 55.2840194702 , 17.88800
107.36 , 55.2840194702 , 17.89400
107.40 , 55.2840194702 , 17.90017
107.44 , 55.2840194702 , 17.90617
107.47 , 55.2840194702 , 17.91217
107.51 , 55.3926353454 , 17.91817
107.55 , 55.3926353454 , 17.92433
107.58 , 55.5012474060 , 17.93033
107.62 , 55.5012474060 , 17.93650
107.65 , 55.5012474060 , 17.94250
107.69 , 55.6098594665 , 17.94867
107.73 , 55.6098594665 , 17.95467
107.76 , 55.6098594665 , 17.96067
107.80 , 55.6098594665 , 17.96684
107.84 , 55.6098594665 , 17.97283
107.87 , 55.6098594665 , 17.97900
107.91 , 55.6098594665 , 17.98500
107.95 , 55.8270874023 , 17.99117
107.98 , 55.8270874023 , 17.99700
108.02 , 55.8270874023 , 18.00317
108.05 , 55.9356994628 , 18.00917
108.09 , 55.9356994628 , 18.01534
108.13 , 55.9356994628 , 18.02150
108.16 , 55.9356994628 , 18.02750
108.20 , 55.9356994628 , 18.03350
108.24 , 56.0443115234 , 18.03950
108.27 , 56.1529235839 , 18.04567
108.31 , 56.0443115234 , 18.05167
108.35 , 56.0443115234 , 18.05784
108.38 , 56.1529235839 , 18.06384
108.42 , 56.1529235839 , 18.07000
108.45 , 56.1529235839 , 18.07583
108.49 , 56.1529235839 , 18.08200
108.53 , 56.1529235839 , 18.08817
108.56 , 56.2615356445 , 18.09417
108.60 , 56.2615356445 , 18.10033
108.64 , 56.3701515197 , 18.10634
108.68 , 56.2615356445 , 18.11250
108.71 , 56.3701515197 , 18.11833
108.75 , 56.3701515197 , 18.12450
108.78 , 56.3701515197 , 18.13050
108.82 , 56.3701515197 , 18.13667
108.86 , 56.4787635803 , 18.14267
108.89 , 56.5873756408 , 18.14883
108.93 , 56.5873756408 , 18.15500
108.96 , 56.5873756408 , 18.16083
109.00 , 56.5873756408 , 18.16700
109.04 , 56.5873756408 , 18.17300
109.07 , 56.6959877014 , 18.17917
109.11 , 56.5873756408 , 18.18517
109.15 , 56.5873756408 , 18.19133
109.18 , 56.6959877014 , 18.19734
109.22 , 56.6959877014 , 18.20334
109.26 , 56.6959877014 , 18.20933
109.29 , 56.8046035766 , 18.21550
109.33 , 56.8046035766 , 18.22167
109.37 , 56.8046035766 , 18.22767
109.40 , 56.9132156372 , 18.23383
109.44 , 56.9132156372 , 18.23967
109.47 , 56.9132156372 , 18.24584
109.51 , 56.9132156372 , 18.25184
109.55 , 57.0218276977 , 18.25800
109.58 , 57.0218276977 , 18.26400
109.62 , 57.0218276977 , 18.27017
109.66 , 57.0218276977 , 18.27633
109.69 , 57.1304397583 , 18.28217
109.73 , 57.1304397583 , 18.28833
109.77 , 57.1304397583 , 18.29434
109.80 , 57.1304397583 , 18.30050
109.84 , 57.2390518188 , 18.30650
109.88 , 57.2390518188 , 18.31267
109.91 , 57.2390518188 , 18.31867
109.95 , 57.3476676940 , 18.32467
109.98 , 57.2390518188 , 18.33067
110.02 , 57.3476676940 , 18.33683
110.06 , 57.3476676940 , 18.34300
110.09 , 57.4562797546 , 18.34900
110.13 , 57.4562797546 , 18.35517
110.17 , 57.5648956298 , 18.36117
110.20 , 57.4562797546 , 18.36717
110.24 , 57.5648956298 , 18.37317
110.28 , 57.5648956298 , 18.37933
110.31 , 57.5648956298 , 18.38533
110.35 , 57.5648956298 , 18.39150
110.38 , 57.6735115051 , 18.39750
110.42 , 57.6735115051 , 18.40367
110.46 , 57.6735115051 , 18.40967
110.49 , 57.7821235656 , 18.41567
110.53 , 57.7821235656 , 18.42183
110.57 , 57.7821235656 , 18.42783
110.60 , 57.8907356262 , 18.43400
110.64 , 57.7821235656 , 18.44000
110.68 , 57.8907356262 , 18.44600
110.71 , 57.8907356262 , 18.45200
110.75 , 57.8907356262 , 18.45817
110.79 , 57.9993476867 , 18.46417
110.82 , 57.9993476867 , 18.47033
110.86 , 57.9993476867 , 18.47650
110.89 , 57.9993476867 , 18.48250
110.93 , 58.1079635620 , 18.48850
110.97 , 58.1079635620 , 18.49450
111.00 , 58.1079635620 , 18.50067
111.04 , 58.1079635620 , 18.50667
111.08 , 58.2165756225 , 18.51284
111.11 , 58.2165756225 , 18.51883
111.15 , 58.3251876831 , 18.52500
111.18 , 58.3251876831 , 18.53083
111.22 , 58.3251876831 , 18.53700
111.26 , 58.3251876831 , 18.54317
111.29 , 58.3251876831 , 18.54917
111.33 , 58.3251876831 , 18.55533
111.37 , 58.4337997436 , 18.56133
111.40 , 58.4337997436 , 18.56750
111.44 , 58.4337997436 , 18.57333
111.48 , 58.5424118041 , 18.57950
111.51 , 58.4337997436 , 18.58550
111.55 , 58.5424118041 , 18.59167
111.59 , 58.5424118041 , 18.59767
111.62 , 58.5424118041 , 18.60383
111.66 , 58.6510276794 , 18.61000
111.69 , 58.6510276794 , 18.61583
111.73 , 58.6510276794 , 18.62200
111.77 , 58.6510276794 , 18.62800
111.80 , 58.7596397399 , 18.63417
111.84 , 58.6510276794 , 18.64017
111.88 , 58.7596397399 , 18.64633
111.91 , 58.7596397399 , 18.65217
111.95 , 58.8682518005 , 18.65833
111.99 , 58.8682518005 , 18.66450
112.02 , 58.8682518005 , 18.67050
112.06 , 58.8682518005 , 18.67667
112.10 , 58.9768638610 , 18.68267
112.13 , 58.9768638610 , 18.68884
112.17 , 59.0854797363 , 18.69467
112.20 , 59.0854797363 , 18.70083
112.24 , 59.0854797363 , 18.70683
112.28 , 59.0854797363 , 18.71300
112.31 , 59.1940917968 , 18.71900
112.35 , 59.0854797363 , 18.72517
112.39 , 59.1940917968 , 18.73134
112.42 , 59.3027038574 , 18.73717
112.46 , 59.1940917968 , 18.74333
112.50 , 59.1940917968 , 18.74934
112.53 , 59.3027038574 , 18.75550
112.57 , 59.3027038574 , 18.76150
112.61 , 59.4113159179 , 18.76767
112.64 , 59.4113159179 , 18.77367
112.68 , 59.4113159179 , 18.77967
112.71 , 59.4113159179 , 18.78567
112.75 , 59.4113159179 , 18.79183
112.79 , 59.5199279785 , 18.79800
112.82 , 59.5199279785 , 18.80400
112.86 , 59.6285438537 , 18.81017
112.90 , 59.5199279785 , 18.81617
112.93 , 59.6285438537 , 18.82217
112.97 , 59.6285438537 , 18.82817
113.01 , 59.7371559143 , 18.83433
113.04 , 59.6285438537 , 18.84033
113.08 , 59.7371559143 , 18.84650
113.11 , 59.8457679748 , 18.85250
113.15 , 59.7371559143 , 18.85867
113.19 , 59.8457679748 , 18.86467
113.22 , 59.8457679748 , 18.87067
113.26 , 59.8457679748 , 18.87684
113.30 , 59.8457679748 , 18.88283
113.33 , 59.9543800354 , 18.88900
113.37 , 59.9543800354 , 18.89500
113.41 , 59.9543800354 , 18.90100
113.44 , 59.9543800354 , 18.90700
113.48 , 60.0629959106 , 18.91317
113.51 , 60.0629959106 , 18.91917
113.55 , 60.0629959106 , 18.92534
113.59 , 60.1716079711 , 18.93150
113.62 , 60.1716079711 , 18.93750
113.66 , 60.1716079711 , 18.94350
113.70 , 60.1716079711 , 18.94950
113.73 , 60.1716079711 , 18.95567
113.77 , 60.2802200317 , 18.96167
113.81 , 60.1716079711 , 18.96784
113.84 , 60.2802200317 , 18.97384
113.88 , 60.2802200317 , 18.98000
113.91 , 60.2802200317 , 18.98583
113.95 , 60.3888320922 , 18.99200
113.99 , 60.3888320922 , 18.99817
114.02 , 60.4974441528 , 19.00417
114.06 , 60.3888320922 , 19.01033
114.10 , 60.4974441528 , 19.01634
114.13 , 60.4974441528 , 19.02250
114.17 , 60.6060600280 , 19.02833
114.21 , 60.6060600280 , 19.03450
114.24 , 60.4974441528 , 19.04050
114.28 , 60.6060600280 , 19.04667
114.32 , 60.6060600280 , 19.05283
114.35 , 60.7146720886 , 19.05883
114.39 , 60.6060600280 , 19.06500
114.43 , 60.7146720886 , 19.07084
114.46 , 60.7146720886 , 19.07700
114.50 , 60.7146720886 , 19.08300
114.54 , 60.8232841491 , 19.08917
114.57 , 60.8232841491 , 19.09517
114.61 , 60.8232841491 , 19.10133
114.64 , 60.9318962097 , 19.10717
114.68 , 60.8232841491 , 19.11334
114.72 , 60.9318962097 , 19.11950
114.75 , 61.0405120849 , 19.12550
114.79 , 61.0405120849 , 19.13167
114.83 , 61.0405120849 , 19.13767
114.86 , 61.0405120849 , 19.14383
114.90 , 61.0405120849 , 19.14967
114.93 , 61.0405120849 , 19.15583
114.97 , 61.2577362060 , 19.16184
115.01 , 61.1491241455 , 19.16800
115.04 , 61.2577362060 , 19.17400
115.08 , 61.2577362060 , 19.18017
115.12 , 61.3663482666 , 19.18633
115.15 , 61.2577362060 , 19.19217
115.19 , 61.3663482666 , 19.19833
115.23 , 61.3663482666 , 19.20433
115.26 , 61.3663482666 , 19.21050
115.30 , 61.4749603271 , 19.21650
115.34 , 61.4749603271 , 19.22267
115.37 , 61.4749603271 , 19.22867
115.41 , 61.5835762023 , 19.23467
115.44 , 61.4749603271 , 19.24067
115.48 , 61.5835762023 , 19.24683
115.52 , 61.5835762023 , 19.25300
115.55 , 61.6921882629 , 19.25900
115.59 , 61.5835762023 , 19.26517
115.63 , 61.6921882629 , 19.27117
115.66 , 61.6921882629 , 19.27717
115.70 , 61.8008003234 , 19.28317
115.74 , 61.6921882629 , 19.28933
115.77 , 61.6921882629 , 19.29533
115.81 , 61.8008003234 , 19.30150
115.84 , 61.8008003234 , 19.30750
115.88 , 61.9094123840 , 19.31350
115.92 , 61.9094123840 , 19.31967
115.95 , 62.0180282592 , 19.32567
115.99 , 61.9094123840 , 19.33183
116.03 , 62.0180282592 , 19.33783
116.06 , 61.9094123840 , 19.34400
116.10 , 61.9094123840 , 19.35000
116.14 , 62.0180282592 , 19.35600
116.17 , 62.0180282592 , 19.36200
116.21 , 62.0180282592 , 19.36817
116.25 , 62.1266403198 , 19.37417
116.28 , 62.1266403198 , 19.38033
116.32 , 62.2352523803 , 19.38650
116.36 , 62.2352523803 , 19.39250
116.39 , 62.3438644409 , 19.39850
116.43 , 62.2352523803 , 19.40450
116.46 , 62.3438644409 , 19.41067
116.50 , 62.3438644409 , 19.41667
116.54 , 62.3438644409 , 19.42284
116.57 , 62.3438644409 , 19.42883
116.61 , 62.4524765014 , 19.43500
116.65 , 62.3438644409 , 19.44100
116.68 , 62.4524765014 , 19.44700
116.72 , 62.5610923767 , 19.45317
116.75 , 62.4524765014 , 19.45917
116.79 , 62.5610923767 , 19.46533
116.83 , 62.5610923767 , 19.47134
116.86 , 62.5610923767 , 19.47750
116.90 , 62.6697044372 , 19.48333
116.94 , 62.6697044372 , 19.48950
116.97 , 62.6697044372 , 19.49550
117.01 , 62.7783164978 , 19.50167
117.05 , 62.7783164978 , 19.50783
117.08 , 62.6697044372 , 19.51383
117.12 , 62.7783164978 , 19.52000
117.15 , 62.8869285583 , 19.52583
117.19 , 62.7783164978 , 19.53200
117.23 , 62.8869285583 , 19.53800
117.26 , 62.8869285583 , 19.54417
117.30 , 62.9955444335 , 19.55017
117.34 , 62.9955444335 , 19.55633
117.37 , 62.8869285583 , 19.56217
117.41 , 62.9955444335 , 19.56834
117.45 , 63.1041603088 , 19.57450
117.48 , 63.2127723693 , 19.58050
117.52 , 63.1041603088 , 19.58667
117.56 , 63.1041603088 , 19.59267
117.59 , 63.1041603088 , 19.59884
117.63 , 63.2127723693 , 19.60467
117.66 , 63.2127723693 , 19.61083
117.70 , 63.2127723693 , 19.61683
117.74 , 63.3213882446 , 19.62300
117.77 , 63.3213882446 , 19.62900
117.81 , 63.4300003051 , 19.63517
117.85 , 63.3213882446 , 19.64134
117.88 , 63.4300003051 , 19.64717
117.92 , 63.5386123657 , 19.65333
117.96 , 63.4300003051 , 19.65933
117.99 , 63.4300003051 , 19.66550
118.03 , 63.5386123657 , 19.67150
118.07 , 63.5386123657 , 19.67767
118.10 , 63.5386123657 , 19.68367
118.14 , 63.6472244262 , 19.68967
118.17 , 63.6472244262 , 19.69567
118.21 , 63.6472244262 , 19.70183
118.25 , 63.7558364868 , 19.70800
118.28 , 63.6472244262 , 19.71400
118.32 , 63.7558364868 , 19.72017
118.36 , 63.7558364868 , 19.72600
118.39 , 63.8644523620 , 19.73217
118.43 , 63.7558364868 , 19.73817
118.47 , 63.8644523620 , 19.74434
118.50 , 63.8644523620 , 19.75033
118.54 , 63.8644523620 , 19.75650
118.57 , 63.8644523620 , 19.76250
118.61 , 63.9730644226 , 19.76850
118.65 , 63.9730644226 , 19.77467
118.68 , 63.9730644226 , 19.78067
118.72 , 64.0816802978 , 19.78684
118.76 , 64.0816802978 , 19.79284
118.79 , 64.0816802978 , 19.79900
118.83 , 64.1902923583 , 19.80500
118.87 , 64.1902923583 , 19.81100
118.90 , 64.1902923583 , 19.81700
118.94 , 64.2989044189 , 19.82317
118.98 , 64.1902923583 , 19.82933
119.01 , 64.1902923583 , 19.83534
119.05 , 64.1902923583 , 19.84150
119.08 , 64.2989044189 , 19.84750
119.12 , 64.1902923583 , 19.85350
119.16 , 64.2989044189 , 19.85950
119.19 , 64.2989044189 , 19.86567
119.23 , 64.2989044189 , 19.87167
119.27 , 64.4075164794 , 19.87784
119.30 , 64.4075164794 , 19.88384
119.34 , 64.4075164794 , 19.89000
119.38 , 64.5161285400 , 19.89600
119.41 , 64.5161285400 , 19.90200
119.45 , 64.6247406005 , 19.90817
119.48 , 64.5161285400 , 19.91417
119.52 , 64.6247406005 , 19.92033
119.56 , 64.7333526611 , 19.92634
119.59 , 64.7333526611 , 19.93250
119.63 , 64.7333526611 , 19.93833
119.67 , 64.8419647216 , 19.94450
119.70 , 64.8419647216 , 19.95050
119.74 , 64.8419647216 , 19.95667
119.78 , 64.8419647216 , 19.96283
119.81 , 64.8419647216 , 19.96883
119.85 , 64.9505767822 , 19.97484
119.88 , 64.9505767822 , 19.98084
119.92 , 64.9505767822 , 19.98700
119.96 , 65.0591964721 , 19.99300
120.00 , 65.0591964721 , 19.99917
120.03 , 65.0591964721 , 20.00517
120.07 , 65.0591964721 , 20.01133
120.10 , 65.1678085327 , 20.01717
120.14 , 65.1678085327 , 20.02334
120.18 , 65.1678085327 , 20.02950
120.21 , 65.1678085327 , 20.03550
120.25 , 65.2764205932 , 20.04167
120.29 , 65.2764205932 , 20.04767
120.32 , 65.2764205932 , 20.05383
120.36 , 65.2764205932 , 20.05967
120.39 , 65.3850326538 , 20.06583
120.43 , 65.3850326538 , 20.07184
120.47 , 65.3850326538 , 20.07800
120.50 , 65.3850326538 , 20.08400
120.54 , 65.3850326538 , 20.09017
120.58 , 65.4936447143 , 20.09634
120.61 , 65.4936447143 , 20.10217
120.65 , 65.4936447143 , 20.10833
120.69 , 65.6022567749 , 20.11433
120.72 , 65.6022567749 , 20.12050
120.76 , 65.6022567749 , 20.12650
120.80 , 65.6022567749 , 20.13267
120.83 , 65.6022567749 , 20.13867
120.87 , 65.7108688354 , 20.14467
120.90 , 65.7108688354 , 20.15067
120.94 , 65.7108688354 , 20.15683
120.98 , 65.7108688354 , 20.16300
121.01 , 65.8194808959 , 20.16900
121.05 , 65.8194808959 , 20.17517
121.09 , 65.8194808959 , 20.18100
121.12 , 65.8194808959 , 20.18717
121.16 , 65.9280929565 , 20.19317
121.20 , 65.9280929565 , 20.19933
121.23 , 66.0367126464 , 20.20533
121.27 , 66.0367126464 , 20.21150
121.31 , 66.0367126464 , 20.21767
121.34 , 66.0367126464 , 20.22350
121.38 , 66.0367126464 , 20.22967
121.41 , 66.0367126464 , 20.23567
121.45 , 66.1453247070 , 20.24183
121.49 , 66.1453247070 , 20.24783
121.52 , 66.1453247070 , 20.25400
121.56 , 66.1453247070 , 20.26000
121.60 , 66.2539367675 , 20.26600
121.63 , 66.2539367675 , 20.27200
121.67 , 66.3625488281 , 20.27817
121.71 , 66.2539367675 , 20.28433
121.74 , 66.3625488281 , 20.29033
121.78 , 66.3625488281 , 20.29650
121.81 , 66.3625488281 , 20.30250
121.85 , 66.4711608886 , 20.30850
121.89 , 66.4711608886 , 20.31450
121.92 , 66.4711608886 , 20.32067
121.96 , 66.5797729492 , 20.32667
122.00 , 66.5797729492 , 20.33283
122.03 , 66.5797729492 , 20.33883
122.07 , 66.5797729492 , 20.34500
122.11 , 66.5797729492 , 20.35100
122.14 , 66.6883850097 , 20.35700
122.18 , 66.6883850097 , 20.36317
122.21 , 66.6883850097 , 20.36917
122.25 , 66.6883850097 , 20.37533
122.29 , 66.7969970703 , 20.38134
122.32 , 66.7969970703 , 20.38733
122.36 , 66.9056091308 , 20.39333
122.40 , 66.9056091308 , 20.39950
122.43 , 66.9056091308 , 20.40550
122.47 , 66.9056091308 , 20.41167
122.51 , 66.9056091308 , 20.41784
122.54 , 66.9056091308 , 20.42383
122.58 , 67.1228408813 , 20.42984
122.61 , 67.1228408813 , 20.43583
122.65 , 67.0142288208 , 20.44200
122.69 , 67.1228408813 , 20.44800
122.72 , 67.1228408813 , 20.45417
122.76 , 67.1228408813 , 20.46017
122.80 , 67.2314529418 , 20.46633
122.83 , 67.1228408813 , 20.47217
122.87 , 67.2314529418 , 20.47834
122.91 , 67.3400650024 , 20.48450
122.94 , 67.3400650024 , 20.49050
122.98 , 67.3400650024 , 20.49667
123.02 , 67.3400650024 , 20.50267
123.05 , 67.4486770629 , 20.50884
123.09 , 67.4486770629 , 20.51467
123.12 , 67.4486770629 , 20.52083
123.16 , 67.4486770629 , 20.52684
123.20 , 67.4486770629 , 20.53300
123.23 , 67.5572891235 , 20.53900
123.27 , 67.4486770629 , 20.54517
123.31 , 67.6659011840 , 20.55134
123.34 , 67.5572891235 , 20.55717
123.38 , 67.5572891235 , 20.56333
123.42 , 67.5572891235 , 20.56933
123.45 , 67.6659011840 , 20.57550
123.49 , 67.6659011840 , 20.58150
123.53 , 67.7745132446 , 20.58767
123.56 , 67.6659011840 , 20.59350
123.60 , 67.7745132446 , 20.59967
123.63 , 67.7745132446 , 20.60584
123.67 , 67.8831253051 , 20.61183
123.71 , 67.7745132446 , 20.61800
123.74 , 67.8831253051 , 20.62400
123.78 , 67.8831253051 , 20.63017
123.82 , 67.8831253051 , 20.63600
123.85 , 67.9917449951 , 20.64217
123.89 , 67.9917449951 , 20.64817
123.93 , 67.9917449951 , 20.65434
123.96 , 68.1003570556 , 20.66033
124.00 , 68.1003570556 , 20.66650
124.04 , 68.1003570556 , 20.67267
124.07 , 68.1003570556 , 20.67850
124.11 , 68.1003570556 , 20.68467
124.14 , 68.2089691162 , 20.69067
124.18 , 68.2089691162 , 20.69684
124.22 , 68.2089691162 , 20.70284
124.25 , 68.3175811767 , 20.70900
124.29 , 68.3175811767 , 20.71500
124.33 , 68.2089691162 , 20.72100
124.36 , 68.3175811767 , 20.72700
124.40 , 68.4261932373 , 20.73317
124.44 , 68.4261932373 , 20.73933
124.47 , 68.5348052978 , 20.74534
124.51 , 68.4261932373 , 20.75150
124.54 , 68.5348052978 , 20.75750
124.58 , 68.5348052978 , 20.76350
124.62 , 68.5348052978 , 20.76950
124.65 , 68.6434249877 , 20.77567
124.69 , 68.6434249877 , 20.78167
124.73 , 68.7520370483 , 20.78783
124.76 , 68.6434249877 , 20.79384
124.80 , 68.7520370483 , 20.80000
124.84 , 68.7520370483 , 20.80600
124.87 , 68.7520370483 , 20.81200
124.91 , 68.7520370483 , 20.81817
124.94 , 68.7520370483 , 20.82417
124.98 , 68.7520370483 , 20.83033
125.02 , 68.8606491088 , 20.83633
125.05 , 68.9692611694 , 20.84234
125.09 , 68.9692611694 , 20.84833
125.13 , 68.9692611694 , 20.85450
125.16 , 68.9692611694 , 20.86050
125.20 , 69.0778732299 , 20.86667
125.24 , 69.0778732299 , 20.87283
125.27 , 69.0778732299 , 20.87883
125.31 , 69.0778732299 , 20.88484
125.34 , 69.0778732299 , 20.89084
125.38 , 69.1864852905 , 20.89700
125.42 , 69.1864852905 , 20.90300
125.45 , 69.2951049804 , 20.90917
125.49 , 69.1864852905 , 20.91517
125.53 , 69.2951049804 , 20.92133
125.56 , 69.2951049804 , 20.92717
125.60 , 69.4037170410 , 20.93334
125.64 , 69.2951049804 , 20.93950
125.67 , 69.2951049804 , 20.94550
125.71 , 69.4037170410 , 20.95167
125.75 , 69.4037170410 , 20.95767
125.78 , 69.4037170410 , 20.96383
125.82 , 69.5123291015 , 20.96967
125.86 , 69.5123291015 , 20.97583
125.89 , 69.5123291015 , 20.98184
125.93 , 69.5123291015 , 20.98800
125.96 , 69.5123291015 , 20.99417
126.00 , 69.6209411621 , 21.00017
126.04 , 69.6209411621 , 21.00634
126.07 , 69.7295532226 , 21.01217
126.11 , 69.7295532226 , 21.01833
126.15 , 69.7295532226 , 21.02433
126.18 , 69.8381652832 , 21.03050
126.22 , 69.7295532226 , 21.03650
126.26 , 69.7295532226 , 21.04267
126.29 , 69.7295532226 , 21.04850
126.33 , 69.8381652832 , 21.05467
126.36 , 69.8381652832 , 21.06083
126.40 , 69.9467773437 , 21.06683
126.44 , 69.9467773437 , 21.07300
126.47 , 69.9467773437 , 21.07900
126.51 , 69.9467773437 , 21.08517
126.55 , 70.0553894042 , 21.09100
126.58 , 70.0553894042 , 21.09717
126.62 , 70.0553894042 , 21.10317
126.66 , 70.1640014648 , 21.10933
126.69 , 70.0553894042 , 21.11533
126.73 , 70.2726211547 , 21.12150
126.77 , 70.2726211547 , 21.12767
126.80 , 70.2726211547 , 21.13350
126.84 , 70.2726211547 , 21.13967
126.87 , 70.2726211547 , 21.14567
126.91 , 70.2726211547 , 21.15184
126.95 , 70.3812332153 , 21.15783
126.98 , 70.3812332153 , 21.16400
127.02 , 70.4898452758 , 21.17000
127.06 , 70.4898452758 , 21.17600
127.09 , 70.5984573364 , 21.18200
127.13 , 70.4898452758 , 21.18817
127.17 , 70.4898452758 , 21.19433
127.20 , 70.5984573364 , 21.20034
127.24 , 70.5984573364 , 21.20650
127.27 , 70.7070693969 , 21.21250
127.31 , 70.7070693969 , 21.21850
127.35 , 70.7070693969 , 21.22450
127.38 , 70.7070693969 , 21.23067
127.42 , 70.7070693969 , 21.23667
127.46 , 70.7070693969 , 21.24283
127.49 , 70.8156814575 , 21.24883
127.53 , 70.9242935180 , 21.25483
127.57 , 70.9242935180 , 21.26100
127.60 , 70.9242935180 , 21.26700
127.64 , 70.9242935180 , 21.27317
127.68 , 70.9242935180 , 21.27917
127.71 , 71.0329055786 , 21.28533
127.75 , 71.0329055786 , 21.29133
127.78 , 71.0329055786 , 21.29733
127.82 , 71.0329055786 , 21.30333
127.86 , 71.1415176391 , 21.30950
127.89 , 71.1415176391 , 21.31550
127.93 , 71.0329055786 , 21.32167
127.97 , 71.1415176391 , 21.32784
128.00 , 71.2501373291 , 21.33384
128.04 , 71.1415176391 , 21.33983
128.08 , 71.2501373291 , 21.34583
128.11 , 71.2501373291 , 21.35200
128.15 , 71.2501373291 , 21.35800
128.19 , 71.3587493896 , 21.36417
128.22 , 71.3587493896 , 21.37017
128.26 , 71.3587493896 , 21.37633
128.29 , 71.4673614501 , 21.38234
128.33 , 71.3587493896 , 21.38833
128.37 , 71.4673614501 , 21.39450
128.40 , 71.4673614501 , 21.40050
128.44 , 71.4673614501 , 21.40667
128.48 , 71.4673614501 , 21.41267
128.51 , 71.4673614501 , 21.41884
128.55 , 71.5759735107 , 21.42467
128.59 , 71.5759735107 , 21.43084
128.62 , 71.5759735107 , 21.43684
128.66 , 71.6845855712 , 21.44300
128.70 , 71.6845855712 , 21.44917
128.73 , 71.6845855712 , 21.45517
128.77 , 71.7931976318 , 21.46133
128.80 , 71.7931976318 , 21.46717
128.84 , 71.7931976318 , 21.47333
128.88 , 71.7931976318 , 21.47934
128.91 , 71.9018096923 , 21.48550
128.95 , 71.9018096923 , 21.49150
128.99 , 71.9018096923 , 21.49767
129.02 , 71.9018096923 , 21.50350
129.06 , 72.0104217529 , 21.50967
129.10 , 72.0104217529 , 21.51584
129.13 , 72.0104217529 , 21.52183
129.17 , 72.1190338134 , 21.52800
129.20 , 72.1190338134 , 21.53400
129.24 , 72.2276535034 , 21.54017
129.28 , 72.2276535034 , 21.54600
129.31 , 72.2276535034 , 21.55217
129.35 , 72.2276535034 , 21.55817
129.39 , 72.2276535034 , 21.56434
129.42 , 72.2276535034 , 21.57033
129.46 , 72.2276535034 , 21.57650
129.50 , 72.3362655639 , 21.58267
129.53 , 72.3362655639 , 21.58850
129.57 , 72.4448776245 , 21.59467
129.60 , 72.4448776245 , 21.60067
129.64 , 72.4448776245 , 21.60684
129.68 , 72.4448776245 , 21.61284
129.71 , 72.5534896850 , 21.61900
129.75 , 72.5534896850 , 21.62500
129.79 , 72.5534896850 , 21.63100
129.82 , 72.6621017456 , 21.63700
129.86 , 72.6621017456 , 21.64317
129.90 , 72.6621017456 , 21.64933
129.93 , 72.7707138061 , 21.65534
129.97 , 72.6621017456 , 21.66150
130.00 , 72.7707138061 , 21.66733
130.04 , 72.7707138061 , 21.67350
130.08 , 72.7707138061 , 21.67950
130.11 , 72.7707138061 , 21.68567
130.15 , 72.7707138061 , 21.69167
130.19 , 72.8793258666 , 21.69783
130.22 , 72.8793258666 , 21.70384
130.26 , 72.8793258666 , 21.70984
130.30 , 72.8793258666 , 21.71600
130.33 , 72.8793258666 , 21.72200
130.37 , 72.9879379272 , 21.72817
130.41 , 73.0965499877 , 21.73417
130.44 , 72.9879379272 , 21.74033
130.48 , 72.9879379272 , 21.74633
130.51 , 73.0965499877 , 21.75234
130.55 , 73.0965499877 , 21.75834
130.59 , 73.0965499877 , 21.76450
130.62 , 73.2051696777 , 21.77067
130.66 , 73.2051696777 , 21.77667
130.70 , 73.2051696777 , 21.78284
130.73 , 73.2051696777 , 21.78883
130.77 , 73.2051696777 , 21.79483
130.80 , 73.3137817382 , 21.80083
130.84 , 73.3137817382 , 21.80700
130.88 , 73.3137817382 , 21.81300
130.91 , 73.4223937988 , 21.81917
130.95 , 73.4223937988 , 21.82517
130.99 , 73.4223937988 , 21.83134
131.02 , 73.4223937988 , 21.83733
131.06 , 73.5310058593 , 21.84333
131.10 , 73.5310058593 , 21.84950
131.13 , 73.5310058593 , 21.85550
131.17 , 73.6396179199 , 21.86167
131.21 , 73.5310058593 , 21.86767
131.24 , 73.6396179199 , 21.87383
131.28 , 73.6396179199 , 21.87967
131.32 , 73.7482299804 , 21.88583
131.35 , 73.7482299804 , 21.89183
131.39 , 73.7482299804 , 21.89800
131.43 , 73.7482299804 , 21.90417
131.46 , 73.8568420410 , 21.91017
131.50 , 73.7482299804 , 21.91617
131.53 , 73.8568420410 , 21.92217
131.57 , 73.9654541015 , 21.92834
131.61 , 73.8568420410 , 21.93433
131.64 , 73.8568420410 , 21.94050
131.68 , 73.8568420410 , 21.94650
131.72 , 73.9654541015 , 21.95267
131.75 , 73.9654541015 , 21.95850
131.79 , 73.9654541015 , 21.96467
131.83 , 74.0740661621 , 21.97083
131.86 , 74.0740661621 , 21.97683
131.90 , 74.0740661621 , 21.98300
131.93 , 74.0740661621 , 21.98900
131.97 , 74.0740661621 , 21.99517
132.01 , 73.7482299804 , 22.00100
132.04 , 73.5310058593 , 22.00717
132.08 , 73.4223937988 , 22.01317
132.12 , 73.5310058593 , 22.01933
132.15 , 73.5310058593 , 22.02533
132.19 , 73.7482299804 , 22.03150
132.23 , 73.6396179199 , 22.03767
132.26 , 73.7482299804 , 22.04350
132.30 , 73.7482299804 , 22.04967
132.33 , 73.7482299804 , 22.05567
132.37 , 73.7482299804 , 22.06184
132.41 , 73.7482299804 , 22.06783
132.44 , 73.8568420410 , 22.07400
132.48 , 73.8568420410 , 22.08000
132.52 , 73.8568420410 , 22.08600
132.55 , 73.9654541015 , 22.09200
132.59 , 73.9654541015 , 22.09817
132.63 , 73.9654541015 , 22.10434
132.66 , 73.8568420410 , 22.11034
132.70 , 73.8568420410 , 22.11650
132.73 , 73.8568420410 , 22.12233
132.77 , 73.9654541015 , 22.12850
132.81 , 73.8568420410 , 22.13450
132.84 , 73.9654541015 , 22.14067
132.88 , 73.8568420410 , 22.14667
132.92 , 73.8568420410 , 22.15284
132.95 , 73.8568420410 , 22.15900
132.99 , 73.8568420410 , 22.16483
133.03 , 73.8568420410 , 22.17100
133.06 , 73.8568420410 , 22.17700
133.10 , 73.7482299804 , 22.18317
133.13 , 73.8568420410 , 22.18917
133.17 , 73.7482299804 , 22.19533
133.21 , 73.7482299804 , 22.20133
133.24 , 73.7482299804 , 22.20734
133.28 , 73.8568420410 , 22.21333
133.32 , 73.8568420410 , 22.21950
133.35 , 73.7482299804 , 22.22567
133.39 , 73.7482299804 , 22.23167
133.43 , 73.7482299804 , 22.23784
133.46 , 73.7482299804 , 22.24383
133.50 , 73.7482299804 , 22.24983
133.54 , 73.7482299804 , 22.25584
133.57 , 73.7482299804 , 22.26200
133.61 , 73.7482299804 , 22.26800
133.65 , 73.7482299804 , 22.27417
133.68 , 73.7482299804 , 22.28017
133.72 , 73.6396179199 , 22.28634
133.75 , 73.7482299804 , 22.29233
133.79 , 73.7482299804 , 22.29833
133.83 , 73.6396179199 , 22.30450
133.86 , 73.7482299804 , 22.31050
133.90 , 73.6396179199 , 22.31667
133.94 , 73.6396179199 , 22.32267
133.97 , 73.7482299804 , 22.32867
134.01 , 73.6396179199 , 22.33467
134.05 , 73.6396179199 , 22.34083
134.08 , 73.6396179199 , 22.34683
134.12 , 73.6396179199 , 22.35300
134.16 , 73.6396179199 , 22.35917
134.19 , 73.6396179199 , 22.36517
134.23 , 73.6396179199 , 22.37117
134.26 , 73.6396179199 , 22.37717
134.30 , 73.6396179199 , 22.38334
134.34 , 73.6396179199 , 22.38933
134.37 , 73.6396179199 , 22.39550
134.41 , 73.6396179199 , 22.40150
134.45 , 73.6396179199 , 22.40767
134.48 , 73.6396179199 , 22.41350
134.52 , 73.6396179199 , 22.41967
134.55 , 73.6396179199 , 22.42583
134.59 , 73.5310058593 , 22.43184
134.63 , 73.6396179199 , 22.43800
134.66 , 73.6396179199 , 22.44400
134.70 , 73.6396179199 , 22.45017
134.74 , 73.5310058593 , 22.45600
134.77 , 73.6396179199 , 22.46217
134.81 , 73.5310058593 , 22.46817
134.85 , 73.6396179199 , 22.47433
134.88 , 73.5310058593 , 22.48034
134.92 , 73.5310058593 , 22.48650
134.96 , 73.5310058593 , 22.49267
134.99 , 73.6396179199 , 22.49850
135.03 , 73.5310058593 , 22.50467
135.06 , 73.5310058593 , 22.51067
135.10 , 73.5310058593 , 22.51683
135.14 , 73.5310058593 , 22.52283
135.17 , 73.5310058593 , 22.52900
135.21 , 73.5310058593 , 22.53483
135.25 , 73.5310058593 , 22.54100
135.28 , 73.5310058593 , 22.54717
135.32 , 73.5310058593 , 22.55317
135.36 , 73.5310058593 , 22.55933
135.39 , 73.5310058593 , 22.56534
135.43 , 73.4223937988 , 22.57150
135.46 , 73.4223937988 , 22.57734
135.50 , 73.5310058593 , 22.58350
135.54 , 73.5310058593 , 22.58950
135.57 , 73.5310058593 , 22.59567
135.61 , 73.5310058593 , 22.60167
135.65 , 73.5310058593 , 22.60783
135.68 , 73.5310058593 , 22.61400
135.72 , 73.4223937988 , 22.61983
135.76 , 73.5310058593 , 22.62600
135.79 , 73.4223937988 , 22.63200
135.83 , 73.4223937988 , 22.63817
135.87 , 73.5310058593 , 22.64417
135.90 , 73.4223937988 , 22.65033
135.94 , 73.4223937988 , 22.65633
135.97 , 73.4223937988 , 22.66234