3.08 , 0.0000000000 , 0.51333
3.11 , 0.0000000000 , 0.51867
3.14 , 0.1086129074 , 0.52400
3.18 , 0.1086129074 , 0.52950
3.21 , 0.0000000000 , 0.53483
3.24 , 0.1086129074 , 0.54017
3.27 , 0.1086129074 , 0.54550
3.31 , 0.1086129074 , 0.55100
3.34 , 0.1086129074 , 0.55633
3.37 , 0.1086129074 , 0.56183
3.40 , 0.2172258138 , 0.56700
3.44 , 0.1086129074 , 0.57250
3.47 , 0.2172258138 , 0.57783
3.50 , 0.2172258138 , 0.58333
3.53 , 0.1086129074 , 0.58850
3.56 , 0.1086129074 , 0.59400
3.60 , 0.2172258138 , 0.59933
3.63 , 0.3258387088 , 0.60483
3.66 , 0.2172258138 , 0.61000
3.69 , 0.2172258138 , 0.61550
3.73 , 0.2172258138 , 0.62083
3.76 , 0.3258387088 , 0.62617
3.79 , 0.2172258138 , 0.63150
3.82 , 0.3258387088 , 0.63683
3.85 , 0.2172258138 , 0.64233
3.89 , 0.3258387088 , 0.64767
3.92 , 0.3258387088 , 0.65300
3.95 , 0.4344516277 , 0.65833
3.98 , 0.3258387088 , 0.66383
4.01 , 0.4344516277 , 0.66917
4.05 , 0.4344516277 , 0.67450
4.08 , 0.4344516277 , 0.67983
4.11 , 0.5430645465 , 0.68533
4.14 , 0.5430645465 , 0.69067
4.18 , 0.5430645465 , 0.69600
4.21 , 0.5430645465 , 0.70133
4.24 , 0.5430645465 , 0.70683
4.27 , 0.5430645465 , 0.71217
4.30 , 0.6516774177 , 0.71750
4.34 , 0.6516774177 , 0.72283
4.37 , 0.6516774177 , 0.72833
4.40 , 0.6516774177 , 0.73367
4.43 , 0.6516774177 , 0.73900
4.47 , 0.6516774177 , 0.74433
4.50 , 0.7602903366 , 0.74983
4.53 , 0.6516774177 , 0.75517
4.56 , 0.7602903366 , 0.76050
4.59 , 0.7602903366 , 0.76583
4.63 , 0.7602903366 , 0.77133
4.66 , 0.8689032554 , 0.77667
4.69 , 0.8689032554 , 0.78200
4.72 , 0.8689032554 , 0.78733
4.76 , 0.8689032554 , 0.79283
4.79 , 0.9775160789 , 0.79817
4.82 , 0.8689032554 , 0.80333
4.85 , 0.8689032554 , 0.80883
4.89 , 1.0861290740 , 0.81417
4.92 , 0.8689032554 , 0.81967
4.95 , 0.9775160789 , 0.82500
4.98 , 0.9775160789 , 0.83033
5.01 , 0.9775160789 , 0.83567
5.05 , 0.9775160789 , 0.84117
5.08 , 1.0861290740 , 0.84650
5.11 , 1.0861290740 , 0.85183
5.14 , 1.0861290740 , 0.85717
5.18 , 1.1947432708 , 0.86267
5.21 , 1.0861290740 , 0.86800
5.24 , 1.1947432708 , 0.87333
5.27 , 1.0861290740 , 0.87867
5.30 , 1.1947432708 , 0.88417
5.34 , 1.1947432708 , 0.88950
5.37 , 1.1947432708 , 0.89483
5.40 , 1.1947432708 , 0.90017
5.43 , 1.1947432708 , 0.90567
5.47 , 1.3033561706 , 0.91100
5.50 , 1.3033561706 , 0.91633
5.53 , 1.3033561706 , 0.92167
5.56 , 1.4119690895 , 0.92717
5.59 , 1.4119690895 , 0.93250
5.63 , 1.3033561706 , 0.93783
5.66 , 1.4119690895 , 0.94317
5.69 , 1.4119690895 , 0.94867
5.72 , 1.4119690895 , 0.95400
5.76 , 1.4119690895 , 0.95933
5.79 , 1.5205819606 , 0.96467
5.82 , 1.5205819606 , 0.97000
5.85 , 1.5205819606 , 0.97550
5.88 , 1.5205819606 , 0.98067
5.92 , 1.5205819606 , 0.98617
5.95 , 1.6291948318 , 0.99150
5.98 , 1.6291948318 , 0.99700
6.01 , 1.6291948318 , 1.00217
6.05 , 1.7378077507 , 1.00767
6.08 , 1.6291948318 , 1.01300
6.11 , 1.7378077507 , 1.01850
6.14 , 1.6291948318 , 1.02367
6.18 , 1.7378077507 , 1.02917
6.21 , 1.6291948318 , 1.03450
6.24 , 1.7378077507 , 1.04000
6.27 , 1.7378077507 , 1.04533
6.30 , 1.7378077507 , 1.05067
6.34 , 1.8464206695 , 1.05600
6.37 , 1.8464206695 , 1.06150
6.40 , 1.8464206695 , 1.06683
6.43 , 1.8464206695 , 1.07217
6.47 , 1.8464206695 , 1.07750
6.50 , 1.8464206695 , 1.08300
6.53 , 1.9550334930 , 1.08833
6.56 , 1.8464206695 , 1.09367
6.59 , 1.8464206695 , 1.09900
6.63 , 1.9550334930 , 1.10450
6.66 , 1.9550334930 , 1.10983
6.69 , 1.9550334930 , 1.11517
6.72 , 1.9550334930 , 1.12050
6.76 , 1.9550334930 , 1.12600
6.79 , 2.0636465549 , 1.13133
6.82 , 2.0636465549 , 1.13667
6.85 , 2.0636465549 , 1.14200
6.88 , 2.0636465549 , 1.14733
6.92 , 2.0636465549 , 1.15283
6.95 , 2.1722593307 , 1.15800
6.98 , 2.0636465549 , 1.16350
7.01 , 2.0636465549 , 1.16883
7.05 , 2.1722593307 , 1.17433
7.08 , 2.1722593307 , 1.17950
7.11 , 2.1722593307 , 1.18500
7.14 , 2.1722593307 , 1.19033
7.18 , 2.2808723449 , 1.19583
7.21 , 2.1722593307 , 1.20100
7.24 , 2.2808723449 , 1.20650
7.27 , 2.2808723449 , 1.21183
7.30 , 2.2808723449 , 1.21733
7.34 , 2.2808723449 , 1.22250
7.37 , 2.2808723449 , 1.22800
7.40 , 2.3894851207 , 1.23333
7.43 , 2.3894851207 , 1.23883
7.46 , 2.3894851207 , 1.24400
7.50 , 2.3894851207 , 1.24950
7.53 , 2.4980981349 , 1.25483
7.56 , 2.4980981349 , 1.26033
7.59 , 2.4980981349 , 1.26550
7.63 , 2.4980981349 , 1.27100
7.66 , 2.4980981349 , 1.27633
7.69 , 2.4980981349 , 1.28183
7.72 , 2.4980981349 , 1.28717
7.76 , 2.4980981349 , 1.29250
7.79 , 2.6067123413 , 1.29783
7.82 , 2.6067123413 , 1.30333
7.85 , 2.6067123413 , 1.30867
7.88 , 2.6067123413 , 1.31383
7.92 , 2.7153253555 , 1.31933
7.95 , 2.7153253555 , 1.32467
7.98 , 2.7153253555 , 1.33017
8.01 , 2.7153253555 , 1.33533
8.05 , 2.7153253555 , 1.34083
8.08 , 2.7153253555 , 1.34617
8.11 , 2.8239381790 , 1.35167
8.14 , 2.7153253555 , 1.35683
8.17 , 2.8239381790 , 1.36233
8.21 , 2.8239381790 , 1.36767
8.24 , 2.9325511932 , 1.37317
8.27 , 2.9325511932 , 1.37833
8.30 , 2.8239381790 , 1.38383
8.34 , 2.8239381790 , 1.38917
8.37 , 2.9325511932 , 1.39467
8.40 , 2.9325511932 , 1.39983
8.43 , 2.9325511932 , 1.40533
8.46 , 2.9325511932 , 1.41067
8.50 , 2.9325511932 , 1.41617
8.53 , 3.0411639213 , 1.42133
8.56 , 3.0411639213 , 1.42683
8.59 , 3.0411639213 , 1.43217
8.63 , 3.0411639213 , 1.43767
8.66 , 3.0411639213 , 1.44283
8.69 , 3.0411639213 , 1.44833
8.72 , 3.1497769355 , 1.45367
8.76 , 3.1497769355 , 1.45917
8.79 , 3.1497769355 , 1.46433
8.82 , 3.1497769355 , 1.46983
8.85 , 3.2583897113 , 1.47517
8.88 , 3.2583897113 , 1.48067
8.92 , 3.2583897113 , 1.48583
8.95 , 3.2583897113 , 1.49117
8.98 , 3.2583897113 , 1.49667
9.01 , 3.3670027256 , 1.50200
9.04 , 3.3670027256 , 1.50733
9.08 , 3.3670027256 , 1.51267
9.11 , 3.3670027256 , 1.51817
9.14 , 3.3670027256 , 1.52350
9.17 , 3.4756155014 , 1.52900
9.21 , 3.4756155014 , 1.53417
9.24 , 3.4756155014 , 1.53967
9.27 , 3.4756155014 , 1.54500
9.30 , 3.4756155014 , 1.55050
9.33 , 3.4756155014 , 1.55567
9.37 , 3.4756155014 , 1.56117
9.40 , 3.4756155014 , 1.56650
9.43 , 3.3670027256 , 1.57200
9.46 , 3.2583897113 , 1.57717
9.50 , 3.3670027256 , 1.58267
9.53 , 3.3670027256 , 1.58800
9.56 , 3.3670027256 , 1.59350
9.59 , 3.2583897113 , 1.59867
9.63 , 3.3670027256 , 1.60417
9.66 , 3.3670027256 , 1.60950
9.69 , 3.3670027256 , 1.61500
9.72 , 3.3670027256 , 1.62017
9.75 , 3.3670027256 , 1.62567
9.79 , 3.4756155014 , 1.63100
9.82 , 3.4756155014 , 1.63650
9.85 , 3.4756155014 , 1.64167
9.88 , 3.4756155014 , 1.64717
9.92 , 3.5842285156 , 1.65250
9.95 , 3.5842285156 , 1.65783
9.98 , 3.6928412914 , 1.66317
10.01 , 3.5842285156 , 1.66850
10.05 , 3.5842285156 , 1.67417
10.08 , 3.5842285156 , 1.67967
10.11 , 3.6928412914 , 1.68533
10.14 , 3.6928412914 , 1.69067
10.18 , 3.5842285156 , 1.69633
10.21 , 3.6928412914 , 1.70183
10.25 , 3.6928412914 , 1.70750
10.28 , 3.6928412914 , 1.71283
10.31 , 3.6928412914 , 1.71850
10.34 , 3.8014543533 , 1.72400
10.38 , 3.8014543533 , 1.72967
10.41 , 3.8014543533 , 1.73517
10.44 , 3.8014543533 , 1.74067
10.48 , 3.8014543533 , 1.74617
10.51 , 3.9100670814 , 1.75183
10.54 , 3.9100670814 , 1.75733
10.58 , 3.9100670814 , 1.76283
10.61 , 3.9100670814 , 1.76833
10.64 , 3.9100670814 , 1.77400
10.68 , 3.9100670814 , 1.77950
10.71 , 3.9100670814 , 1.78517
10.74 , 4.0186815261 , 1.79050
10.78 , 3.9100670814 , 1.79617
10.81 , 4.0186815261 , 1.80167
10.84 , 4.1272945404 , 1.80733
10.88 , 4.1272945404 , 1.81267
10.91 , 4.0186815261 , 1.81833
10.94 , 4.1272945404 , 1.82383
10.98 , 4.1272945404 , 1.82950
11.01 , 4.1272945404 , 1.83500
11.04 , 4.1272945404 , 1.84050
11.08 , 4.2359070777 , 1.84600
11.11 , 4.2359070777 , 1.85167
11.14 , 4.2359070777 , 1.85717
11.18 , 4.2359070777 , 1.86267
11.21 , 4.1272945404 , 1.86817
11.24 , 4.3445200920 , 1.87383
11.28 , 4.2359070777 , 1.87933
11.31 , 4.3445200920 , 1.88500
11.34 , 4.3445200920 , 1.89033
11.38 , 4.3445200920 , 1.89600
11.41 , 4.4531331062 , 1.90150
11.44 , 4.4531331062 , 1.90717
11.48 , 4.4531331062 , 1.91250
11.51 , 4.4531331062 , 1.91817
11.54 , 4.4531331062 , 1.92367
11.58 , 4.5617461204 , 1.92933
11.61 , 4.4531331062 , 1.93483
11.64 , 4.4531331062 , 1.94033
11.68 , 4.4531331062 , 1.94583
11.71 , 4.5617461204 , 1.95150
11.74 , 4.6703586578 , 1.95700
11.78 , 4.5617461204 , 1.96267
11.81 , 4.6703586578 , 1.96800
11.84 , 4.5617461204 , 1.97367
11.88 , 4.6703586578 , 1.97917
11.91 , 4.6703586578 , 1.98483
11.94 , 4.7789716720 , 1.99017
11.98 , 4.7789716720 , 1.99583
12.01 , 4.7789716720 , 2.00133
12.04 , 4.7789716720 , 2.00700
12.07 , 4.7789716720 , 2.01250
12.11 , 4.7789716720 , 2.01800
12.14 , 4.9961977005 , 2.02350
12.18 , 4.8875846862 , 2.02917
12.21 , 4.8875846862 , 2.03467
12.24 , 4.8875846862 , 2.04017
12.27 , 4.8875846862 , 2.04567
12.31 , 4.8875846862 , 2.05133
12.34 , 4.9961977005 , 2.05683
12.38 , 4.8875846862 , 2.06250
12.41 , 4.9961977005 , 2.06783
12.44 , 4.9961977005 , 2.07350
12.47 , 4.9961977005 , 2.07900
12.51 , 4.9961977005 , 2.08467
12.54 , 5.1048102378 , 2.09000
12.57 , 4.9961977005 , 2.09567
12.61 , 5.1048102378 , 2.10117
12.64 , 5.1048102378 , 2.10683
12.67 , 5.1048102378 , 2.11233
12.71 , 5.1048102378 , 2.11783
12.74 , 5.2134232521 , 2.12333
12.77 , 5.2134232521 , 2.12900
12.81 , 5.1048102378 , 2.13450
12.84 , 5.2134232521 , 2.14000
12.87 , 5.2134232521 , 2.14550
12.91 , 5.2134232521 , 2.15117
12.94 , 5.3220376968 , 2.15667
12.97 , 5.3220376968 , 2.16233
13.01 , 5.3220376968 , 2.16767
13.04 , 5.3220376968 , 2.17333
13.07 , 5.4306507110 , 2.17883
13.11 , 5.4306507110 , 2.18450
13.14 , 5.4306507110 , 2.18983
13.17 , 5.4306507110 , 2.19550
13.21 , 5.4306507110 , 2.20100
13.24 , 5.3220376968 , 2.20667
13.27 , 5.4306507110 , 2.21217
13.31 , 5.4306507110 , 2.21767
13.34 , 5.5392632484 , 2.22317
13.37 , 5.4306507110 , 2.22883
13.41 , 5.5392632484 , 2.23433
13.44 , 5.5392632484 , 2.24000
13.47 , 5.5392632484 , 2.24533
13.51 , 5.6478762626 , 2.25100
13.54 , 5.6478762626 , 2.25650
13.57 , 5.5392632484 , 2.26217
13.60 , 5.6478762626 , 2.26750
13.64 , 5.6478762626 , 2.27317
13.67 , 5.7564892768 , 2.27867
13.71 , 5.6478762626 , 2.28433
13.74 , 5.6478762626 , 2.28983
13.77 , 5.7564892768 , 2.29533
13.81 , 5.8651022911 , 2.30083
13.84 , 5.8651022911 , 2.30650
13.87 , 5.7564892768 , 2.31200
13.90 , 5.8651022911 , 2.31750
13.94 , 5.8651022911 , 2.32300
13.97 , 5.8651022911 , 2.32867
14.01 , 5.8651022911 , 2.33417
14.04 , 5.9737148284 , 2.33983
14.07 , 5.8651022911 , 2.34517
14.10 , 5.9737148284 , 2.35083
14.14 , 5.9737148284 , 2.35633
14.17 , 5.8651022911 , 2.36200
14.20 , 6.0823278427 , 2.36733
14.24 , 6.0823278427 , 2.37300
14.27 , 6.0823278427 , 2.37850
14.31 , 6.0823278427 , 2.38417
14.34 , 6.0823278427 , 2.38967
14.37 , 6.1909408569 , 2.39517
14.40 , 6.1909408569 , 2.40067
14.44 , 6.1909408569 , 2.40633
14.47 , 6.2995538711 , 2.41183
14.50 , 6.2995538711 , 2.41733
14.54 , 6.1909408569 , 2.42283
14.57 , 6.2995538711 , 2.42850
14.60 , 6.2995538711 , 2.43400
14.64 , 6.1909408569 , 2.43967
14.67 , 6.2995538711 , 2.44500
14.70 , 6.2995538711 , 2.45067
14.74 , 6.5167794227 , 2.45617
14.77 , 6.4081664085 , 2.46183
14.80 , 6.4081664085 , 2.46717
14.84 , 6.5167794227 , 2.47283
14.87 , 6.4081664085 , 2.47833
14.90 , 6.5167794227 , 2.48400
14.94 , 6.5167794227 , 2.48950
14.97 , 6.5167794227 , 2.49500
15.00 , 6.5167794227 , 2.50050
15.04 , 6.6253924369 , 2.50617
15.07 , 6.5167794227 , 2.51167
15.10 , 6.6253924369 , 2.51733
15.14 , 6.6253924369 , 2.52267
15.17 , 6.6253924369 , 2.52833
15.20 , 6.5167794227 , 2.53383
15.24 , 6.6253924369 , 2.53950
15.27 , 6.7340068817 , 2.54483
15.30 , 6.7340068817 , 2.55050
15.34 , 6.7340068817 , 2.55600
15.37 , 6.8426194190 , 2.56167
15.40 , 6.7340068817 , 2.56717
15.44 , 6.8426194190 , 2.57267
15.47 , 6.7340068817 , 2.57817
15.50 , 6.8426194190 , 2.58383
15.54 , 6.8426194190 , 2.58933
15.57 , 6.8426194190 , 2.59483
15.60 , 6.9512324333 , 2.60033
15.64 , 6.9512324333 , 2.60600
15.67 , 6.9512324333 , 2.61150
15.70 , 6.9512324333 , 2.61717
15.73 , 7.0598454475 , 2.62250
15.77 , 7.0598454475 , 2.62817
15.80 , 7.0598454475 , 2.63367
15.84 , 6.9512324333 , 2.63933
15.87 , 7.0598454475 , 2.64467
15.90 , 7.0598454475 , 2.65033
15.94 , 7.0598454475 , 2.65583
15.97 , 7.1684584617 , 2.66150
16.00 , 7.0598454475 , 2.66700
16.03 , 7.1684584617 , 2.67250
16.07 , 7.1684584617 , 2.67800
16.10 , 7.1684584617 , 2.68367
16.13 , 7.2770709991 , 2.68917
16.17 , 7.2770709991 , 2.69467
16.20 , 7.2770709991 , 2.70017
16.23 , 7.2770709991 , 2.70583
16.27 , 7.2770709991 , 2.71133
16.30 , 7.3856840133 , 2.71700
16.33 , 7.3856840133 , 2.72233
16.37 , 7.3856840133 , 2.72800
16.40 , 7.3856840133 , 2.73350
16.43 , 7.3856840133 , 2.73917
16.47 , 7.3856840133 , 2.74450
16.50 , 7.3856840133 , 2.75017
16.53 , 7.4942970275 , 2.75567
16.57 , 7.4942970275 , 2.76133
16.60 , 7.4942970275 , 2.76683
16.63 , 7.6029100418 , 2.77233
16.67 , 7.4942970275 , 2.77783
16.70 , 7.6029100418 , 2.78350
16.73 , 7.6029100418 , 2.78900
16.77 , 7.6029100418 , 2.79467
16.80 , 7.6029100418 , 2.80000
16.83 , 7.6029100418 , 2.80567
16.87 , 7.7115225791 , 2.81117
16.90 , 7.7115225791 , 2.81683
16.93 , 7.8201355934 , 2.82217
16.97 , 7.7115225791 , 2.82783
17.00 , 7.8201355934 , 2.83333
17.03 , 7.8201355934 , 2.83900
17.07 , 7.7115225791 , 2.84450
17.10 , 7.8201355934 , 2.85000
17.13 , 7.8201355934 , 2.85550
17.17 , 7.8201355934 , 2.86117
17.20 , 7.8201355934 , 2.86667
17.23 , 7.8201355934 , 2.87217
17.27 , 7.9287486076 , 2.87767
17.30 , 8.0373611450 , 2.88333
17.33 , 8.0373611450 , 2.88883
17.37 , 8.0373611450 , 2.89450
17.40 , 8.0373611450 , 2.89983
17.43 , 8.0373611450 , 2.90550
17.47 , 8.0373611450 , 2.91100
17.50 , 8.0373611450 , 2.91667
17.53 , 8.0373611450 , 2.92200
17.57 , 8.1459760665 , 2.92767
17.60 , 8.1459760665 , 2.93317
17.63 , 8.1459760665 , 2.93883
17.67 , 8.1459760665 , 2.94433
17.70 , 8.1459760665 , 2.94983
17.73 , 8.2545890808 , 2.95533
17.77 , 8.3632011413 , 2.96100
17.80 , 8.2545890808 , 2.96650
17.83 , 8.2545890808 , 2.97200
17.86 , 8.3632011413 , 2.97750
17.90 , 8.2545890808 , 2.98317
17.93 , 8.2545890808 , 2.98867
17.97 , 8.2545890808 , 2.99433
18.00 , 8.2545890808 , 2.99967
18.03 , 8.2545890808 , 3.00533
18.06 , 8.3632011413 , 3.01083
18.10 , 8.3632011413 , 3.01650
18.13 , 8.3632011413 , 3.02183
18.17 , 8.4718141555 , 3.02750
18.20 , 8.4718141555 , 3.03300
18.23 , 8.4718141555 , 3.03867
18.26 , 8.5804271697 , 3.04417
18.30 , 8.5804271697 , 3.04967
18.33 , 8.4718141555 , 3.05517
18.36 , 8.5804271697 , 3.06083
18.40 , 8.6890401840 , 3.06633
18.43 , 8.6890401840 , 3.07200
18.46 , 8.6890401840 , 3.07733
18.50 , 8.7976531982 , 3.08300
18.53 , 8.6890401840 , 3.08850
18.56 , 8.6890401840 , 3.09417
18.60 , 8.7976531982 , 3.09950
18.63 , 8.7976531982 , 3.10517
18.66 , 8.6890401840 , 3.11067
18.70 , 8.7976531982 , 3.11633
18.73 , 8.7976531982 , 3.12183
18.76 , 8.9062662124 , 3.12733
18.80 , 8.9062662124 , 3.13283
18.83 , 8.7976531982 , 3.13850
18.86 , 8.9062662124 , 3.14400
18.90 , 8.9062662124 , 3.14950
18.93 , 9.0148792266 , 3.15500
18.96 , 8.9062662124 , 3.16067
19.00 , 9.0148792266 , 3.16617
19.03 , 9.0148792266 , 3.17183
19.06 , 9.1234922409 , 3.17717
19.10 , 9.0148792266 , 3.18283
19.13 , 9.0148792266 , 3.18833
19.16 , 9.1234922409 , 3.19400
19.20 , 9.1234922409 , 3.19933
19.23 , 9.1234922409 , 3.20500
19.26 , 9.1234922409 , 3.21050
19.30 , 9.2321052551 , 3.21617
19.33 , 9.2321052551 , 3.22167
19.36 , 9.2321052551 , 3.22717
19.40 , 9.2321052551 , 3.23267
19.43 , 9.3407173156 , 3.23833
19.46 , 9.3407173156 , 3.24383
19.50 , 9.2321052551 , 3.24933
19.53 , 9.3407173156 , 3.25483
19.56 , 9.3407173156 , 3.26050
19.60 , 9.3407173156 , 3.26600
19.63 , 9.4493303298 , 3.27167
19.66 , 9.3407173156 , 3.27700
19.70 , 9.4493303298 , 3.28267
19.73 , 9.4493303298 , 3.28817
19.76 , 9.4493303298 , 3.29383
19.79 , 9.5579433441 , 3.29917
19.83 , 9.5579433441 , 3.30483
19.86 , 9.4493303298 , 3.31033
19.90 , 9.5579433441 , 3.31600
19.93 , 9.6665563583 , 3.32150
19.96 , 9.5579433441 , 3.32700
20.00 , 9.5579433441 , 3.33250
20.03 , 9.6665563583 , 3.33817
20.06 , 9.6665563583 , 3.34367
20.10 , 9.6665563583 , 3.34933
20.13 , 9.7751693725 , 3.35467
20.16 , 9.6665563583 , 3.36033
20.19 , 9.6665563583 , 3.36583
20.23 , 9.7751693725 , 3.37150
20.26 , 9.6665563583 , 3.37683
20.29 , 9.8837823867 , 3.38250
20.33 , 9.8837823867 , 3.38800
20.36 , 9.7751693725 , 3.39367
20.39 , 9.7751693725 , 3.39917
20.43 , 9.8837823867 , 3.40467
20.46 , 9.8837823867 , 3.41017
20.50 , 9.8837823867 , 3.41583
20.53 , 9.9923954010 , 3.42133
20.56 , 9.9923954010 , 3.42683
20.59 , 9.8837823867 , 3.43233
20.63 , 9.9923954010 , 3.43800
20.66 , 9.9923954010 , 3.44350
20.69 , 9.9923954010 , 3.44917
20.73 , 10.2096233367 , 3.45450
20.76 , 10.1010084152 , 3.46033
20.80 , 10.1010084152 , 3.46600
20.83 , 10.1010084152 , 3.47183
20.87 , 10.1010084152 , 3.47767
20.90 , 10.2096233367 , 3.48317
20.93 , 10.2096233367 , 3.48900
20.97 , 10.2096233367 , 3.49467
21.00 , 10.3182363510 , 3.50050
21.04 , 10.2096233367 , 3.50617
21.07 , 10.3182363510 , 3.51183
21.10 , 10.3182363510 , 3.51750
21.14 , 10.3182363510 , 3.52333
21.17 , 10.4268493652 , 3.52900
21.21 , 10.3182363510 , 3.53483
21.24 , 10.4268493652 , 3.54033
21.28 , 10.5354623794 , 3.54617
21.31 , 10.4268493652 , 3.55183
21.35 , 10.5354623794 , 3.55767
21.38 , 10.5354623794 , 3.56333
21.41 , 10.6440753936 , 3.56900
21.45 , 10.6440753936 , 3.57467
21.48 , 10.5354623794 , 3.58050
21.52 , 10.5354623794 , 3.58617
21.55 , 10.6440753936 , 3.59200
21.58 , 10.6440753936 , 3.59750
21.62 , 10.6440753936 , 3.60333
21.65 , 10.8613014221 , 3.60900
21.69 , 10.7526884078 , 3.61483
21.72 , 10.7526884078 , 3.62050
21.76 , 10.7526884078 , 3.62617
21.79 , 10.7526884078 , 3.63183
21.83 , 10.7526884078 , 3.63767
21.86 , 10.7526884078 , 3.64333
21.89 , 10.8613014221 , 3.64917
21.93 , 10.8613014221 , 3.65483
21.96 , 10.8613014221 , 3.66050
22.00 , 10.8613014221 , 3.66633
22.03 , 10.9699134826 , 3.67200
22.07 , 10.9699134826 , 3.67783
22.10 , 11.0785264968 , 3.68333
22.13 , 10.9699134826 , 3.68917
22.17 , 10.9699134826 , 3.69483
22.20 , 10.9699134826 , 3.70067
22.24 , 10.9699134826 , 3.70633
22.27 , 11.0785264968 , 3.71217
22.31 , 10.9699134826 , 3.71767
22.34 , 11.1871395111 , 3.72350
22.37 , 11.1871395111 , 3.72917
22.41 , 11.0785264968 , 3.73500
22.44 , 11.1871395111 , 3.74067
22.48 , 11.1871395111 , 3.74633
22.51 , 11.0785264968 , 3.75200
22.55 , 11.0785264968 , 3.75783
22.58 , 11.1871395111 , 3.76350
22.62 , 11.2957525253 , 3.76933
22.65 , 11.2957525253 , 3.77483
22.68 , 11.2957525253 , 3.78067
22.72 , 11.4043655395 , 3.78633
22.75 , 11.4043655395 , 3.79217
22.79 , 11.4043655395 , 3.79783
22.82 , 11.5129785537 , 3.80350
22.85 , 11.5129785537 , 3.80917
22.89 , 11.5129785537 , 3.81500
22.92 , 11.5129785537 , 3.82067
22.96 , 11.5129785537 , 3.82650
22.99 , 11.5129785537 , 3.83200
23.03 , 11.6215915679 , 3.83783
23.06 , 11.6215915679 , 3.84367
23.10 , 11.6215915679 , 3.84933
23.13 , 11.6215915679 , 3.85517
23.16 , 11.7302045822 , 3.86067
23.20 , 11.7302045822 , 3.86650
23.23 , 11.6215915679 , 3.87217
23.27 , 11.7302045822 , 3.87800
23.30 , 11.7302045822 , 3.88367
23.34 , 11.6215915679 , 3.88933
23.37 , 11.8388175964 , 3.89500
23.40 , 11.8388175964 , 3.90083
23.44 , 11.7302045822 , 3.90650
23.47 , 11.8388175964 , 3.91233
23.51 , 11.8388175964 , 3.91783
23.54 , 11.8388175964 , 3.92367
23.58 , 11.9474296569 , 3.92933
23.61 , 11.8388175964 , 3.93517
23.64 , 11.9474296569 , 3.94083
23.68 , 11.9474296569 , 3.94667
23.71 , 11.9474296569 , 3.95217
23.75 , 12.0560426712 , 3.95800
23.78 , 12.0560426712 , 3.96367
23.82 , 11.9474296569 , 3.96950
23.85 , 12.0560426712 , 3.97517
23.88 , 12.1646556854 , 3.98083
23.92 , 12.1646556854 , 3.98650
23.95 , 12.0560426712 , 3.99233
23.99 , 12.1646556854 , 3.99800
24.02 , 12.2732686996 , 4.00383
24.06 , 12.1646556854 , 4.00933
24.09 , 12.2732686996 , 4.01517
24.13 , 12.2732686996 , 4.02100
24.16 , 12.2732686996 , 4.02667
24.19 , 12.3818817138 , 4.03250
24.23 , 12.3818817138 , 4.03800
24.26 , 12.4904947280 , 4.04383
24.30 , 12.3818817138 , 4.04950
24.33 , 12.4904947280 , 4.05533
24.37 , 12.4904947280 , 4.06100
24.40 , 12.4904947280 , 4.06667
24.43 , 12.4904947280 , 4.07233
24.47 , 12.5991077423 , 4.07817
24.50 , 12.5991077423 , 4.08383
24.54 , 12.4904947280 , 4.08967
24.57 , 12.5991077423 , 4.09517
24.61 , 12.5991077423 , 4.10100
24.64 , 12.5991077423 , 4.10667
24.67 , 12.5991077423 , 4.11250
24.71 , 12.7077207565 , 4.11817
24.74 , 12.5991077423 , 4.12383
24.78 , 12.7077207565 , 4.12950
24.81 , 12.7077207565 , 4.13533
24.85 , 12.8163328170 , 4.14100
24.88 , 12.7077207565 , 4.14683
24.91 , 12.8163328170 , 4.15233
24.95 , 12.8163328170 , 4.15817
24.98 , 12.8163328170 , 4.16383
25.02 , 12.8163328170 , 4.16967
25.05 , 12.8163328170 , 4.17533
25.09 , 12.9249458312 , 4.18100
25.12 , 12.9249458312 , 4.18667
25.15 , 12.9249458312 , 4.19250
25.19 , 13.0335617065 , 4.19817
25.22 , 13.0335617065 , 4.20400
25.26 , 13.0335617065 , 4.20983
25.29 , 13.0335617065 , 4.21533
25.33 , 13.1421747207 , 4.22117
25.36 , 13.1421747207 , 4.22683
25.40 , 13.1421747207 , 4.23267
25.43 , 13.0335617065 , 4.23833
25.46 , 13.1421747207 , 4.24400
25.50 , 13.2507877349 , 4.24967
25.53 , 13.1421747207 , 4.25550
25.57 , 13.2507877349 , 4.26117
25.60 , 13.2507877349 , 4.26700
25.63 , 13.2507877349 , 4.27250
25.67 , 13.2507877349 , 4.27833
25.70 , 13.2507877349 , 4.28400
25.74 , 13.3594007492 , 4.28983
25.77 , 13.3594007492 , 4.29550
25.81 , 13.3594007492 , 4.30117
25.84 , 13.4680137634 , 4.30683
25.88 , 13.4680137634 , 4.31267
25.91 , 13.3594007492 , 4.31833
25.94 , 13.4680137634 , 4.32417
25.98 , 13.4680137634 , 4.32967
26.01 , 13.4680137634 , 4.33550
26.05 , 13.5766258239 , 4.34117
26.08 , 13.5766258239 , 4.34700
26.12 , 13.5766258239 , 4.35267
26.15 , 13.6852388381 , 4.35833
26.18 , 13.6852388381 , 4.36400
26.22 , 13.5766258239 , 4.36983
26.25 , 13.6852388381 , 4.37550
26.29 , 13.6852388381 , 4.38133
26.32 , 13.7938518524 , 4.38700
26.36 , 13.7938518524 , 4.39267
26.39 , 13.7938518524 , 4.39850
26.42 , 13.7938518524 , 4.40417
26.46 , 13.9024648666 , 4.41000
26.49 , 13.9024648666 , 4.41550
26.53 , 13.9024648666 , 4.42133
26.56 , 13.9024648666 , 4.42700
26.60 , 13.9024648666 , 4.43283
26.63 , 13.9024648666 , 4.43850
26.67 , 14.0110778808 , 4.44417
26.70 , 14.0110778808 , 4.44983
26.73 , 13.9024648666 , 4.45567
26.77 , 14.0110778808 , 4.46133
26.80 , 14.1196908950 , 4.46717
26.84 , 14.1196908950 , 4.47267
26.87 , 14.0110778808 , 4.47850
26.90 , 14.0110778808 , 4.48417
26.94 , 14.1196908950 , 4.49000
26.97 , 14.1196908950 , 4.49567
27.01 , 14.1196908950 , 4.50150
27.04 , 14.2283039093 , 4.50700
27.08 , 14.2283039093 , 4.51283
27.11 , 14.3369169235 , 4.51850
27.15 , 14.2283039093 , 4.52433
27.18 , 14.3369169235 , 4.53000
27.21 , 14.3369169235 , 4.53567
27.25 , 14.3369169235 , 4.54133
27.28 , 14.3369169235 , 4.54717
27.32 , 14.4455299377 , 4.55283
27.35 , 14.4455299377 , 4.55867
27.38 , 14.4455299377 , 4.56417
27.42 , 14.4455299377 , 4.57000
27.45 , 14.4455299377 , 4.57583
27.49 , 14.4455299377 , 4.58150
27.52 , 14.4455299377 , 4.58733
27.56 , 14.5541419982 , 4.59283
27.59 , 14.4455299377 , 4.59867
27.63 , 14.5541419982 , 4.60433
27.66 , 14.6627550125 , 4.61017
27.69 , 14.5541419982 , 4.61583
27.73 , 14.6627550125 , 4.62150
27.76 , 14.6627550125 , 4.62717
27.80 , 14.7713680267 , 4.63300
27.83 , 14.6627550125 , 4.63867
27.87 , 14.7713680267 , 4.64450
27.90 , 14.6627550125 , 4.65000
27.93 , 14.8799810409 , 4.65583
27.97 , 14.8799810409 , 4.66150
28.00 , 14.7713680267 , 4.66733
28.04 , 14.8799810409 , 4.67300
28.07 , 14.8799810409 , 4.67867
28.11 , 14.8799810409 , 4.68433
28.14 , 14.8799810409 , 4.69017
28.17 , 14.9885940551 , 4.69583
28.21 , 14.9885940551 , 4.70167
28.24 , 14.9885940551 , 4.70717
28.28 , 14.9885940551 , 4.71300
28.31 , 15.0972070693 , 4.71867
28.35 , 14.9885940551 , 4.72450
28.38 , 15.0972070693 , 4.73017
28.42 , 15.0972070693 , 4.73600
28.45 , 15.0972070693 , 4.74150
28.48 , 15.0972070693 , 4.74733
28.52 , 15.0972070693 , 4.75317
28.55 , 15.0972070693 , 4.75883
28.59 , 15.2058200836 , 4.76467
28.62 , 15.2058200836 , 4.77017
28.66 , 15.3144330978 , 4.77600
28.69 , 15.3144330978 , 4.78167
28.72 , 15.3144330978 , 4.78750
28.76 , 15.3144330978 , 4.79317
28.79 , 15.4230451583 , 4.79883
28.83 , 15.3144330978 , 4.80450
28.86 , 15.4230451583 , 4.81033
28.90 , 15.4230451583 , 4.81600
28.93 , 15.4230451583 , 4.82183
28.96 , 15.5316581726 , 4.82733
29.00 , 15.4230451583 , 4.83317
29.03 , 15.5316581726 , 4.83883
29.07 , 15.5316581726 , 4.84467
29.10 , 15.5316581726 , 4.85033
29.14 , 15.6402711868 , 4.85600
29.17 , 15.5316581726 , 4.86167
29.20 , 15.6402711868 , 4.86750
29.24 , 15.6402711868 , 4.87317
29.27 , 15.6402711868 , 4.87900
29.31 , 15.7488870620 , 4.88450
29.34 , 15.7488870620 , 4.89033
29.38 , 15.7488870620 , 4.89600
29.41 , 15.7488870620 , 4.90183
29.44 , 15.8575000762 , 4.90750
29.48 , 15.8575000762 , 4.91317
29.51 , 15.8575000762 , 4.91883
29.55 , 15.8575000762 , 4.92467
29.58 , 15.8575000762 , 4.93033
29.62 , 15.9661130905 , 4.93617
29.65 , 15.9661130905 , 4.94183
29.68 , 15.8575000762 , 4.94750
29.72 , 15.9661130905 , 4.95333
29.75 , 15.9661130905 , 4.95900
29.79 , 15.9661130905 , 4.96483
29.82 , 15.9661130905 , 4.97033
29.86 , 16.0747261047 , 4.97617
29.89 , 16.0747261047 , 4.98183
29.93 , 16.1833381652 , 4.98767
29.96 , 16.0747261047 , 4.99333
30.00 , 16.1833381652 , 4.99917
30.03 , 16.1833381652 , 5.00467
30.06 , 16.1833381652 , 5.01050
30.10 , 16.2919521331 , 5.01617
30.13 , 16.1833381652 , 5.02200
30.17 , 16.2919521331 , 5.02767
30.20 , 16.2919521331 , 5.03333
30.23 , 16.2919521331 , 5.03900
30.27 , 16.2919521331 , 5.04483
30.30 , 16.4005641937 , 5.05050
30.34 , 16.4005641937 , 5.05633
30.37 , 16.4005641937 , 5.06183
30.41 , 16.5091781616 , 5.06767
30.44 , 16.5091781616 , 5.07333
30.47 , 16.5091781616 , 5.07917
30.51 , 16.4005641937 , 5.08483
30.54 , 16.5091781616 , 5.09050
30.58 , 16.5091781616 , 5.09617
30.61 , 16.6177902221 , 5.10200
30.65 , 16.6177902221 , 5.10767
30.68 , 16.7264022827 , 5.11350
30.71 , 16.6177902221 , 5.11917
30.75 , 16.6177902221 , 5.12483
30.78 , 16.7264022827 , 5.13067
30.82 , 16.7264022827 , 5.13633
30.85 , 16.8350162506 , 5.14217
30.89 , 16.8350162506 , 5.14767
30.92 , 16.7264022827 , 5.15350
30.95 , 16.7264022827 , 5.15917
30.99 , 16.8350162506 , 5.16500
31.02 , 16.8350162506 , 5.17067
31.06 , 16.9436283111 , 5.17633
31.09 , 16.9436283111 , 5.18200
31.13 , 16.9436283111 , 5.18783
31.16 , 16.9436283111 , 5.19350
31.20 , 17.0522422790 , 5.19933
31.23 , 16.9436283111 , 5.20483
31.26 , 17.0522422790 , 5.21067
31.30 , 17.0522422790 , 5.21633
31.33 , 17.0522422790 , 5.22217
31.37 , 17.1608543395 , 5.22783
31.40 , 17.0522422790 , 5.23350
31.43 , 17.1608543395 , 5.23917
31.47 , 17.1608543395 , 5.24500
31.50 , 17.1608543395 , 5.25067
31.54 , 17.1608543395 , 5.25650
31.57 , 17.2694683074 , 5.26200
31.61 , 17.2694683074 , 5.26783
31.64 , 17.3780803680 , 5.27350
31.68 , 17.3780803680 , 5.27933
31.71 , 17.3780803680 , 5.28500
31.75 , 17.2694683074 , 5.29083
31.78 , 17.3780803680 , 5.29633
31.81 , 17.4866943359 , 5.30217
31.85 , 17.4866943359 , 5.30800
31.88 , 17.4866943359 , 5.31367
31.92 , 17.4866943359 , 5.31950
31.95 , 17.4866943359 , 5.32500
31.98 , 17.5953063964 , 5.33083
32.02 , 17.4866943359 , 5.33650
32.05 , 17.5953063964 , 5.34233
32.09 , 17.5953063964 , 5.34800
32.12 , 17.5953063964 , 5.35367
32.16 , 17.5953063964 , 5.35933
32.19 , 17.5953063964 , 5.36517
32.22 , 17.7039184570 , 5.37083
32.26 , 17.5953063964 , 5.37667
32.29 , 17.7039184570 , 5.38217
32.33 , 17.8125324249 , 5.38800
32.36 , 17.7039184570 , 5.39367
32.40 , 17.8125324249 , 5.39950
32.43 , 17.8125324249 , 5.40517
32.47 , 18.0297584533 , 5.41083
32.50 , 17.8125324249 , 5.41650
32.53 , 17.9211444854 , 5.42233
32.57 , 17.9211444854 , 5.42800
32.60 , 17.9211444854 , 5.43383
32.64 , 17.9211444854 , 5.43933
32.67 , 17.9211444854 , 5.44517
32.71 , 18.0297584533 , 5.45083
32.74 , 18.0297584533 , 5.45667
32.77 , 18.0297584533 , 5.46233
32.81 , 18.1383705139 , 5.46800
32.84 , 18.0297584533 , 5.47367
32.88 , 18.2469844818 , 5.47950
32.91 , 18.1383705139 , 5.48533
32.95 , 18.1383705139 , 5.49100
32.98 , 18.2469844818 , 5.49667
33.01 , 18.2469844818 , 5.50233
33.05 , 18.2469844818 , 5.50817
33.08 , 18.2469844818 , 5.51383
33.12 , 18.2469844818 , 5.51967
33.15 , 18.2469844818 , 5.52533
33.19 , 18.3555965423 , 5.53100
33.22 , 18.3555965423 , 5.53667
33.26 , 18.3555965423 , 5.54250
33.29 , 18.3555965423 , 5.54817
33.32 , 18.4642105102 , 5.55400
33.36 , 18.4642105102 , 5.55950
33.39 , 18.4642105102 , 5.56533
33.43 , 18.5728244781 , 5.57100
33.46 , 18.4642105102 , 5.57683
33.50 , 18.5728244781 , 5.58250
33.53 , 18.5728244781 , 5.58817
33.56 , 18.5728244781 , 5.59383
33.60 , 18.5728244781 , 5.59967
33.63 , 18.6814384460 , 5.60533
33.67 , 18.6814384460 , 5.61117
33.70 , 18.6814384460 , 5.61667
33.74 , 18.7900505065 , 5.62250
33.77 , 18.6814384460 , 5.62817
33.80 , 18.7900505065 , 5.63400
33.84 , 18.7900505065 , 5.63967
33.87 , 18.8986644744 , 5.64533
33.91 , 18.7900505065 , 5.65100
33.94 , 18.7900505065 , 5.65683
33.97 , 18.8986644744 , 5.66250
34.01 , 18.8986644744 , 5.66833
34.04 , 18.8986644744 , 5.67400
34.08 , 18.8986644744 , 5.67967
34.11 , 19.0072765350 , 5.68550
34.15 , 19.0072765350 , 5.69117
34.18 , 19.0072765350 , 5.69700
34.22 , 19.0072765350 , 5.70250
34.25 , 19.1158905029 , 5.70833
34.28 , 19.0072765350 , 5.71400
34.32 , 19.1158905029 , 5.71983
34.35 , 19.1158905029 , 5.72550
34.39 , 19.2245025634 , 5.73117
34.42 , 19.1158905029 , 5.73683
34.46 , 19.2245025634 , 5.74267
34.49 , 19.2245025634 , 5.74833
34.53 , 19.2245025634 , 5.75417
34.56 , 19.3331146240 , 5.75967
34.59 , 19.3331146240 , 5.76550
34.63 , 19.3331146240 , 5.77117
34.66 , 19.2245025634 , 5.77700
34.70 , 19.3331146240 , 5.78267
34.73 , 19.4417285919 , 5.78850
34.76 , 19.3331146240 , 5.79400
34.80 , 19.3331146240 , 5.79983
34.83 , 19.4417285919 , 5.80550
34.87 , 19.5503406524 , 5.81133
34.90 , 19.5503406524 , 5.81700
34.94 , 19.5503406524 , 5.82267
34.97 , 19.6589546203 , 5.82833
35.01 , 19.5503406524 , 5.83417
35.04 , 19.5503406524 , 5.83983
35.07 , 19.5503406524 , 5.84567
35.11 , 19.5503406524 , 5.85133
35.14 , 19.6589546203 , 5.85700
35.18 , 19.6589546203 , 5.86283
35.21 , 19.7675666809 , 5.86850
35.25 , 19.6589546203 , 5.87433
35.28 , 19.7675666809 , 5.87983
35.31 , 19.7675666809 , 5.88567
35.35 , 19.8761806488 , 5.89133
35.38 , 19.8761806488 , 5.89717
35.42 , 19.8761806488 , 5.90283
35.45 , 19.8761806488 , 5.90850
35.49 , 19.8761806488 , 5.91417
35.52 , 19.9847927093 , 5.92000
35.55 , 19.9847927093 , 5.92567
35.59 , 19.9847927093 , 5.93150
35.62 , 19.9847927093 , 5.93700
35.66 , 19.9847927093 , 5.94283
35.69 , 20.0934066772 , 5.94850
35.73 , 19.9847927093 , 5.95433
35.76 , 19.9847927093 , 5.96000
35.79 , 20.0934066772 , 5.96567
35.83 , 20.0934066772 , 5.97133
35.86 , 20.2020187377 , 5.97717
35.90 , 20.2020187377 , 5.98283
35.93 , 20.2020187377 , 5.98867
35.97 , 20.2020187377 , 5.99417
36.00 , 20.3106307983 , 6.00000
36.03 , 20.3106307983 , 6.00567
36.07 , 20.4192447662 , 6.01150
36.10 , 20.3106307983 , 6.01717
36.14 , 20.4192447662 , 6.02283
36.17 , 20.4192447662 , 6.02850
36.21 , 20.4192447662 , 6.03433
36.24 , 20.4192447662 , 6.04017
36.28 , 20.5278568267 , 6.04583
36.31 , 20.5278568267 , 6.05167
36.34 , 20.4192447662 , 6.05717
36.38 , 20.5278568267 , 6.06300
36.41 , 20.6364707946 , 6.06867
36.45 , 20.5278568267 , 6.07450
36.48 , 20.6364707946 , 6.08017
36.52 , 20.6364707946 , 6.08583
36.55 , 20.6364707946 , 6.09150
36.58 , 20.6364707946 , 6.09733
36.62 , 20.7450828552 , 6.10300
36.65 , 20.7450828552 , 6.10883
36.69 , 20.7450828552 , 6.11433
36.72 , 20.7450828552 , 6.12017
36.76 , 20.7450828552 , 6.12583
36.79 , 20.8536968231 , 6.13167
36.82 , 20.8536968231 , 6.13733
36.86 , 20.7450828552 , 6.14300
36.89 , 20.8536968231 , 6.14867
36.93 , 20.8536968231 , 6.15450
36.96 , 20.8536968231 , 6.16017
37.00 , 20.9623088836 , 6.16600
37.03 , 20.9623088836 , 6.17150
37.06 , 20.9623088836 , 6.17733
37.10 , 20.9623088836 , 6.18300
37.13 , 21.0709228515 , 6.18883
37.17 , 20.9623088836 , 6.19450
37.20 , 21.1795349121 , 6.20017
37.24 , 21.0709228515 , 6.20583
37.27 , 21.0709228515 , 6.21167
37.31 , 21.1795349121 , 6.21750
37.34 , 21.1795349121 , 6.22317
37.37 , 21.1795349121 , 6.22883
37.41 , 21.1795349121 , 6.23450
37.44 , 21.1795349121 , 6.24033
37.48 , 21.2881469726 , 6.24600
37.51 , 21.2881469726 , 6.25183
37.54 , 21.3967628479 , 6.25733
37.58 , 21.2881469726 , 6.26317
37.61 , 21.3967628479 , 6.26883
37.65 , 21.3967628479 , 6.27467
37.68 , 21.5053768157 , 6.28033
37.72 , 21.3967628479 , 6.28600
37.75 , 21.5053768157 , 6.29167
37.79 , 21.5053768157 , 6.29750
37.82 , 21.5053768157 , 6.30317
37.85 , 21.5053768157 , 6.30900
37.89 , 21.5053768157 , 6.31467
37.92 , 21.6139888763 , 6.32033
37.96 , 21.6139888763 , 6.32600
37.99 , 21.6139888763 , 6.33183
38.03 , 21.6139888763 , 6.33750
38.06 , 21.6139888763 , 6.34333
38.09 , 21.7226028442 , 6.34883
38.13 , 21.7226028442 , 6.35467
38.16 , 21.7226028442 , 6.36033
38.20 , 21.7226028442 , 6.36617
38.23 , 21.7226028442 , 6.37183
38.27 , 21.9398269653 , 6.37750
38.30 , 21.8312149047 , 6.38317
38.33 , 21.8312149047 , 6.38900
38.37 , 21.9398269653 , 6.39467
38.40 , 21.9398269653 , 6.40050
38.44 , 22.0484409332 , 6.40617
38.47 , 22.0484409332 , 6.41183
38.51 , 22.0484409332 , 6.41767
38.54 , 22.0484409332 , 6.42333
38.58 , 22.1570529937 , 6.42917
38.61 , 22.0484409332 , 6.43467
38.64 , 22.1570529937 , 6.44050
38.68 , 22.0484409332 , 6.44617
38.71 , 22.1570529937 , 6.45200
38.75 , 22.2656669616 , 6.45767
38.78 , 22.1570529937 , 6.46333
38.81 , 22.2656669616 , 6.46900
38.85 , 22.2656669616 , 6.47483
38.88 , 22.2656669616 , 6.48050
38.92 , 22.2656669616 , 6.48633
38.95 , 22.3742790222 , 6.49183
38.99 , 22.3742790222 , 6.49767
39.02 , 22.3742790222 , 6.50333
39.06 , 22.3742790222 , 6.50917
39.09 , 22.3742790222 , 6.51483
39.12 , 22.3742790222 , 6.52050
39.16 , 22.4828929901 , 6.52617
39.19 , 22.4828929901 , 6.53200
39.23 , 22.4828929901 , 6.53767
39.26 , 22.4828929901 , 6.54350
39.29 , 22.4828929901 , 6.54900
39.33 , 22.5915050506 , 6.55483
39.36 , 22.5915050506 , 6.56050
39.40 , 22.5915050506 , 6.56633
39.43 , 22.5915050506 , 6.57200
39.47 , 22.8087310791 , 6.57783
39.50 , 22.7001190185 , 6.58350
39.54 , 22.7001190185 , 6.58917
39.57 , 22.7001190185 , 6.59500
39.60 , 22.7001190185 , 6.60067
39.64 , 22.8087310791 , 6.60650
39.67 , 22.8087310791 , 6.61200
39.71 , 22.8087310791 , 6.61783
39.74 , 22.8087310791 , 6.62350
39.78 , 22.9173431396 , 6.62933
39.81 , 22.9173431396 , 6.63500
39.84 , 22.9173431396 , 6.64067
39.88 , 22.9173431396 , 6.64633
39.91 , 22.9173431396 , 6.65217
39.95 , 23.0259571075 , 6.65783
39.98 , 23.0259571075 , 6.66367
40.02 , 23.0259571075 , 6.66917
40.05 , 23.1345691680 , 6.67500
40.08 , 23.1345691680 , 6.68067
40.12 , 23.1345691680 , 6.68650
40.15 , 23.2431831359 , 6.69217
40.19 , 23.2431831359 , 6.69783
40.22 , 23.2431831359 , 6.70350
40.26 , 23.1345691680 , 6.70933
40.29 , 23.2431831359 , 6.71500
40.33 , 23.2431831359 , 6.72083
40.36 , 23.2431831359 , 6.72633
40.39 , 23.3517951965 , 6.73217
40.43 , 23.3517951965 , 6.73783
40.46 , 23.3517951965 , 6.74367
40.50 , 23.5690212249 , 6.74933
40.53 , 23.4604091644 , 6.75500
40.56 , 23.4604091644 , 6.76067
40.60 , 23.4604091644 , 6.76650
40.63 , 23.5690212249 , 6.77233
40.67 , 23.5690212249 , 6.77800
40.70 , 23.5690212249 , 6.78367
40.74 , 23.5690212249 , 6.78933
40.77 , 23.6776351928 , 6.79517
40.81 , 23.5690212249 , 6.80083
40.84 , 23.6776351928 , 6.80667
40.87 , 23.6776351928 , 6.81217
40.91 , 23.7862472534 , 6.81800
40.94 , 23.6776351928 , 6.82367
40.98 , 23.7862472534 , 6.82950
41.01 , 23.7862472534 , 6.83517
41.05 , 23.8948593139 , 6.84100
41.08 , 23.8948593139 , 6.84650
41.11 , 23.8948593139 , 6.85233
41.15 , 23.8948593139 , 6.85800
41.18 , 23.8948593139 , 6.86383
41.22 , 23.8948593139 , 6.86950
41.25 , 24.0034732818 , 6.87517
41.29 , 24.0034732818 , 6.88083
41.32 , 24.0034732818 , 6.88667
41.35 , 24.0034732818 , 6.89233
41.39 , 24.0034732818 , 6.89817
41.42 , 24.1120891571 , 6.90367
41.46 , 24.2207012176 , 6.90950
41.49 , 24.1120891571 , 6.91517
41.53 , 24.2207012176 , 6.92100
41.56 , 24.2207012176 , 6.92667
41.59 , 24.1120891571 , 6.93233
41.63 , 24.2207012176 , 6.93800
41.66 , 24.2207012176 , 6.94383
41.70 , 24.2207012176 , 6.94967
41.73 , 24.3293151855 , 6.95533
41.77 , 24.3293151855 , 6.96100
41.80 , 24.3293151855 , 6.96667
41.84 , 24.3293151855 , 6.97250
41.87 , 24.4379272460 , 6.97817
41.90 , 24.4379272460 , 6.98400
41.94 , 24.4379272460 , 6.98950
41.97 , 24.4379272460 , 6.99533
42.01 , 24.4379272460 , 7.00100
42.04 , 24.5465393066 , 7.00683
42.08 , 24.5465393066 , 7.01250
42.11 , 24.6551532745 , 7.01817
42.14 , 24.5465393066 , 7.02383
42.18 , 24.5465393066 , 7.02967
42.21 , 24.6551532745 , 7.03533
42.25 , 24.6551532745 , 7.04117
42.28 , 24.6551532745 , 7.04667
42.31 , 24.7637653350 , 7.05250
42.35 , 24.7637653350 , 7.05817
42.38 , 24.7637653350 , 7.06400
42.42 , 24.7637653350 , 7.06967
42.45 , 24.7637653350 , 7.07533
42.49 , 24.8723793029 , 7.08100
42.52 , 24.8723793029 , 7.08683
42.56 , 24.8723793029 , 7.09250
42.59 , 24.9809913635 , 7.09833
42.62 , 24.9809913635 , 7.10400
42.66 , 24.9809913635 , 7.10967
42.69 , 24.9809913635 , 7.11533
42.73 , 25.0896053314 , 7.12117
42.76 , 24.9809913635 , 7.12683
42.80 , 25.0896053314 , 7.13267
42.83 , 25.1982173919 , 7.13833
42.86 , 25.1982173919 , 7.14400
42.90 , 25.1982173919 , 7.14983
42.93 , 25.1982173919 , 7.15550
42.97 , 25.1982173919 , 7.16133
43.00 , 25.3068313598 , 7.16683
43.04 , 25.3068313598 , 7.17267
43.07 , 25.1982173919 , 7.17833
43.11 , 25.3068313598 , 7.18417
43.14 , 25.3068313598 , 7.18983
43.17 , 25.4154434204 , 7.19550
43.21 , 25.4154434204 , 7.20117
43.24 , 25.4154434204 , 7.20700
43.28 , 25.5240554809 , 7.21267
43.31 , 25.4154434204 , 7.21850
43.34 , 25.5240554809 , 7.22400
43.38 , 25.5240554809 , 7.22983
43.41 , 25.5240554809 , 7.23550
43.45 , 25.6326694488 , 7.24133
43.48 , 25.6326694488 , 7.24700
43.52 , 25.6326694488 , 7.25267
43.55 , 25.7412815093 , 7.25833
43.59 , 25.6326694488 , 7.26417
43.62 , 25.6326694488 , 7.26983
43.65 , 25.7412815093 , 7.27567
43.69 , 25.7412815093 , 7.28117
43.72 , 25.7412815093 , 7.28700
43.76 , 25.8498954772 , 7.29267
43.79 , 25.8498954772 , 7.29850
43.83 , 25.8498954772 , 7.30417
43.86 , 25.8498954772 , 7.30983
43.89 , 25.9585075378 , 7.31567
43.93 , 25.9585075378 , 7.32133
43.96 , 25.9585075378 , 7.32717
44.00 , 25.9585075378 , 7.33283
44.03 , 26.0671215057 , 7.33867
44.06 , 26.1757335662 , 7.34417
44.10 , 26.0671215057 , 7.35000
44.13 , 26.0671215057 , 7.35567
44.17 , 26.0671215057 , 7.36150
44.20 , 26.0671215057 , 7.36717
44.24 , 26.1757335662 , 7.37283
44.27 , 26.1757335662 , 7.37850
44.31 , 26.1757335662 , 7.38433
44.34 , 26.1757335662 , 7.39000
44.38 , 26.2843475341 , 7.39583
44.41 , 26.2843475341 , 7.40133
44.44 , 26.2843475341 , 7.40717
44.48 , 26.2843475341 , 7.41283
44.51 , 26.3929595947 , 7.41867
44.55 , 26.3929595947 , 7.42433
44.58 , 26.3929595947 , 7.43000
44.61 , 26.5015716552 , 7.43567
44.65 , 26.3929595947 , 7.44150
44.68 , 26.5015716552 , 7.44717
44.72 , 26.5015716552 , 7.45300
44.75 , 26.5015716552 , 7.45850
44.79 , 26.6101856231 , 7.46433
44.82 , 26.6101856231 , 7.47000
44.86 , 26.6101856231 , 7.47583
44.89 , 26.6101856231 , 7.48150
44.92 , 26.6101856231 , 7.48717
44.96 , 26.6101856231 , 7.49283
44.99 , 26.6101856231 , 7.49867
45.03 , 26.7187976837 , 7.50450
45.06 , 26.7187976837 , 7.51017
45.10 , 26.8274116516 , 7.51583
45.13 , 26.7187976837 , 7.52150
45.16 , 26.8274116516 , 7.52733
45.20 , 26.9360275268 , 7.53300
45.23 , 26.9360275268 , 7.53883
45.27 , 26.8274116516 , 7.54433
45.30 , 26.9360275268 , 7.55017
45.34 , 26.9360275268 , 7.55583
45.37 , 27.0446395874 , 7.56167
45.40 , 27.0446395874 , 7.56733
45.44 , 27.0446395874 , 7.57300
45.47 , 27.0446395874 , 7.57867
45.51 , 27.0446395874 , 7.58450
45.54 , 27.0446395874 , 7.59017
45.58 , 27.0446395874 , 7.59600
45.61 , 27.1532516479 , 7.60150
45.64 , 27.1532516479 , 7.60733
45.68 , 27.1532516479 , 7.61300
45.71 , 27.2618656158 , 7.61883
45.75 , 27.3704776763 , 7.62450
45.78 , 27.3704776763 , 7.63033
45.81 , 27.2618656158 , 7.63583
45.85 , 27.3704776763 , 7.64167
45.88 , 27.3704776763 , 7.64733
45.92 , 27.3704776763 , 7.65317
45.95 , 27.3704776763 , 7.65883
45.99 , 27.4790916442 , 7.66450
46.02 , 27.4790916442 , 7.67017
46.06 , 27.4790916442 , 7.67600
46.09 , 27.4790916442 , 7.68183
46.13 , 27.5877037048 , 7.68750
46.16 , 27.4790916442 , 7.69317
46.19 , 27.5877037048 , 7.69883
46.23 , 27.5877037048 , 7.70467
46.26 , 27.5877037048 , 7.71033
46.30 , 27.6963176727 , 7.71617
46.33 , 27.6963176727 , 7.72167
46.37 , 27.6963176727 , 7.72750
46.40 , 27.6963176727 , 7.73317
46.43 , 27.8049297332 , 7.73900
46.47 , 27.6963176727 , 7.74467
46.50 , 27.8049297332 , 7.75033
46.54 , 27.8049297332 , 7.75600
46.57 , 27.9135437011 , 7.76183
46.61 , 27.8049297332 , 7.76750
46.64 , 27.8049297332 , 7.77333
46.67 , 28.0221557617 , 7.77883
46.71 , 27.9135437011 , 7.78467
46.74 , 28.0221557617 , 7.79033
46.78 , 28.0221557617 , 7.79617
46.81 , 28.0221557617 , 7.80183
46.85 , 28.0221557617 , 7.80750
46.88 , 28.0221557617 , 7.81317
46.91 , 28.1307678222 , 7.81900
46.95 , 28.0221557617 , 7.82467
46.98 , 28.2393817901 , 7.83050
47.02 , 28.1307678222 , 7.83600
47.05 , 28.1307678222 , 7.84183
47.09 , 28.2393817901 , 7.84750
47.12 , 28.2393817901 , 7.85333
47.15 , 28.3479938507 , 7.85900
47.19 , 28.2393817901 , 7.86467
47.22 , 28.3479938507 , 7.87050
47.26 , 28.3479938507 , 7.87617
47.29 , 28.3479938507 , 7.88200
47.33 , 28.3479938507 , 7.88767
47.36 , 28.4566078186 , 7.89350
47.39 , 28.4566078186 , 7.89900
47.43 , 28.4566078186 , 7.90483
47.46 , 28.4566078186 , 7.91050
47.50 , 28.4566078186 , 7.91633
47.53 , 28.5652198791 , 7.92200
47.57 , 28.5652198791 , 7.92767
47.60 , 28.5652198791 , 7.93333
47.63 , 28.6738338470 , 7.93917
47.67 , 28.6738338470 , 7.94483
47.70 , 28.6738338470 , 7.95067
47.74 , 28.7824459075 , 7.95617
47.77 , 28.7824459075 , 7.96200
47.81 , 28.7824459075 , 7.96767
47.84 , 28.7824459075 , 7.97350
47.88 , 28.7824459075 , 7.97917
47.91 , 28.8910598754 , 7.98483
47.94 , 28.8910598754 , 7.99050
47.98 , 28.9996719360 , 7.99633
48.01 , 28.8910598754 , 8.00200
48.05 , 28.8910598754 , 8.00783
48.08 , 28.9996719360 , 8.01333
48.12 , 28.9996719360 , 8.01917
48.15 , 29.1082839965 , 8.02483
48.18 , 29.1082839965 , 8.03067
48.22 , 29.1082839965 , 8.03633
48.25 , 29.1082839965 , 8.04200
48.29 , 29.1082839965 , 8.04783
48.32 , 29.1082839965 , 8.05350
48.36 , 29.2168979644 , 8.05933
48.39 , 29.2168979644 , 8.06500
48.42 , 29.2168979644 , 8.07067
48.46 , 29.2168979644 , 8.07633
48.49 , 29.2168979644 , 8.08217
48.53 , 29.3255100250 , 8.08783
48.56 , 29.3255100250 , 8.09367
48.60 , 29.3255100250 , 8.09917
48.63 , 29.4341239929 , 8.10500
48.66 , 29.4341239929 , 8.11067
48.70 , 29.4341239929 , 8.11650
48.73 , 29.4341239929 , 8.12217
48.77 , 29.4341239929 , 8.12800
48.80 , 29.5427360534 , 8.13350
48.84 , 29.5427360534 , 8.13933
48.87 , 29.5427360534 , 8.14500
48.90 , 29.6513519287 , 8.15083
48.94 , 29.6513519287 , 8.15650
48.97 , 29.6513519287 , 8.16217
49.01 , 29.6513519287 , 8.16783
49.04 , 29.7599639892 , 8.17367
49.08 , 29.6513519287 , 8.17933
49.11 , 29.7599639892 , 8.18517
49.14 , 29.7599639892 , 8.19067
49.18 , 29.7599639892 , 8.19650
49.21 , 29.8685779571 , 8.20217
49.25 , 29.7599639892 , 8.20800
49.28 , 29.8685779571 , 8.21367
49.32 , 29.8685779571 , 8.21933
49.35 , 29.8685779571 , 8.22500
49.38 , 29.9771900177 , 8.23083
49.42 , 29.9771900177 , 8.23667
49.45 , 29.9771900177 , 8.24233
49.49 , 29.9771900177 , 8.24800
49.52 , 30.0858039855 , 8.25367
49.56 , 30.0858039855 , 8.25950
49.59 , 29.9771900177 , 8.26517
49.63 , 30.0858039855 , 8.27100
49.66 , 30.1944160461 , 8.27650
49.69 , 30.1944160461 , 8.28233
49.73 , 30.1944160461 , 8.28800
49.76 , 30.1944160461 , 8.29383
49.80 , 30.1944160461 , 8.29950
49.83 , 30.3030300140 , 8.30517
49.87 , 30.1944160461 , 8.31083
49.90 , 30.3030300140 , 8.31667
49.93 , 30.4116420745 , 8.32233
49.97 , 30.3030300140 , 8.32817
50.00 , 30.4116420745 , 8.33367
50.04 , 30.4116420745 , 8.33950
50.07 , 30.4116420745 , 8.34517
50.11 , 30.5202560424 , 8.35100
50.14 , 30.5202560424 , 8.35667
50.17 , 30.5202560424 , 8.36233
50.21 , 30.5202560424 , 8.36800
50.24 , 30.6288681030 , 8.37383
50.28 , 30.5202560424 , 8.37950
50.31 , 30.6288681030 , 8.38533
50.35 , 30.6288681030 , 8.39083
50.38 , 30.7374801635 , 8.39667
50.41 , 30.7374801635 , 8.40233
50.45 , 30.7374801635 , 8.40817
50.48 , 30.8460941314 , 8.41400
50.52 , 30.8460941314 , 8.41967
50.55 , 30.8460941314 , 8.42533
50.59 , 30.8460941314 , 8.43100
50.62 , 30.8460941314 , 8.43683
50.65 , 30.9547061920 , 8.44250
50.69 , 30.9547061920 , 8.44833
50.72 , 31.0633201599 , 8.45383
50.76 , 30.9547061920 , 8.45967
50.79 , 31.0633201599 , 8.46533
50.83 , 31.0633201599 , 8.47117
50.86 , 31.0633201599 , 8.47683
50.90 , 31.0633201599 , 8.48250
50.93 , 31.1719322204 , 8.48817
50.96 , 31.0633201599 , 8.49400
51.00 , 31.1719322204 , 8.49967
51.03 , 31.1719322204 , 8.50550
51.07 , 31.2805461883 , 8.51100
51.10 , 31.2805461883 , 8.51683
51.13 , 31.2805461883 , 8.52250
51.17 , 31.2805461883 , 8.52833
51.20 , 31.2805461883 , 8.53400
51.24 , 31.2805461883 , 8.53967
51.27 , 31.2805461883 , 8.54533
51.31 , 31.2805461883 , 8.55117
51.34 , 31.4977722167 , 8.55683
51.38 , 31.4977722167 , 8.56267
51.41 , 31.3891582489 , 8.56817
51.44 , 31.4977722167 , 8.57400
51.48 , 31.4977722167 , 8.57967
51.51 , 31.6063842773 , 8.58550
51.55 , 31.4977722167 , 8.59117
51.58 , 31.6063842773 , 8.59683
51.62 , 31.6063842773 , 8.60267
51.65 , 31.6063842773 , 8.60833
51.69 , 31.7149963378 , 8.61417
51.72 , 31.7149963378 , 8.61983
51.75 , 31.7149963378 , 8.62550
51.79 , 31.7149963378 , 8.63117
51.82 , 31.7149963378 , 8.63700
51.86 , 31.7149963378 , 8.64267
51.89 , 31.8236103057 , 8.64850
51.92 , 31.8236103057 , 8.65400
51.96 , 31.8236103057 , 8.65983
51.99 , 31.8236103057 , 8.66550
52.03 , 31.9322223663 , 8.67133
52.06 , 31.9322223663 , 8.67700
52.10 , 31.9322223663 , 8.68283
52.13 , 32.0408363342 , 8.68833
52.17 , 31.9322223663 , 8.69417
52.20 , 32.0408363342 , 8.69983
52.23 , 32.0408363342 , 8.70567
52.27 , 32.0408363342 , 8.71133
52.30 , 32.0408363342 , 8.71700
52.34 , 32.1494483947 , 8.72267
52.37 , 32.1494483947 , 8.72850
52.40 , 32.2580604553 , 8.73417
52.44 , 32.2580604553 , 8.74000
52.47 , 32.3666763305 , 8.74550
52.51 , 32.2580604553 , 8.75133
52.54 , 32.3666763305 , 8.75700
52.58 , 32.2580604553 , 8.76283
52.61 , 32.3666763305 , 8.76850
52.65 , 32.3666763305 , 8.77417
52.68 , 32.4752883911 , 8.78000
52.71 , 32.4752883911 , 8.78567
52.75 , 32.4752883911 , 8.79150
52.78 , 32.4752883911 , 8.79717
52.82 , 32.4752883911 , 8.80283
52.85 , 32.4752883911 , 8.80850
52.89 , 32.5839004516 , 8.81433
52.92 , 32.5839004516 , 8.82000
52.96 , 32.5839004516 , 8.82583
52.99 , 32.6925125122 , 8.83133
53.02 , 32.6925125122 , 8.83717
53.06 , 32.6925125122 , 8.84283
53.09 , 32.6925125122 , 8.84867
53.13 , 32.6925125122 , 8.85433
53.16 , 32.8011245727 , 8.86000
53.19 , 32.8011245727 , 8.86567
53.23 , 32.8011245727 , 8.87150
53.26 , 32.9097404479 , 8.87717
53.30 , 32.9097404479 , 8.88300
53.33 , 32.9097404479 , 8.88850
53.37 , 32.9097404479 , 8.89433
53.40 , 32.9097404479 , 8.90000
53.44 , 33.0183525085 , 8.90583
53.47 , 33.0183525085 , 8.91150
53.50 , 33.0183525085 , 8.91733
53.54 , 33.0183525085 , 8.92283
53.57 , 33.0183525085 , 8.92867
53.61 , 33.1269645690 , 8.93433
53.64 , 33.0183525085 , 8.94017
53.68 , 33.1269645690 , 8.94583
53.71 , 33.1269645690 , 8.95150
53.74 , 33.1269645690 , 8.95717
53.78 , 33.2355766296 , 8.96300
53.81 , 33.2355766296 , 8.96883
53.85 , 33.2355766296 , 8.97450
53.88 , 33.3441925048 , 8.98017
53.92 , 33.3441925048 , 8.98583
53.95 , 33.3441925048 , 8.99167
53.98 , 33.3441925048 , 8.99733
54.02 , 33.3441925048 , 9.00317
54.05 , 33.4528045654 , 9.00867
54.09 , 33.4528045654 , 9.01450
54.12 , 33.4528045654 , 9.02017
54.16 , 33.4528045654 , 9.02600
54.19 , 33.4528045654 , 9.03167
54.22 , 33.5614166259 , 9.03733
54.26 , 33.5614166259 , 9.04300
54.29 , 33.6700286865 , 9.04883
54.33 , 33.6700286865 , 9.05450
54.36 , 33.6700286865 , 9.06033
54.40 , 33.6700286865 , 9.06583
54.43 , 33.6700286865 , 9.07167
54.46 , 33.7786407470 , 9.07733
54.50 , 33.7786407470 , 9.08317
54.53 , 33.7786407470 , 9.08883
54.57 , 33.8872604370 , 9.09450
54.60 , 33.8872604370 , 9.10017
54.64 , 33.8872604370 , 9.10600
54.67 , 33.8872604370 , 9.11167
54.71 , 33.8872604370 , 9.11750
54.74 , 33.9958724975 , 9.12300
54.77 , 33.8872604370 , 9.12883
54.81 , 33.8872604370 , 9.13450
54.84 , 33.9958724975 , 9.14033
54.88 , 34.1044845581 , 9.14617
54.91 , 34.1044845581 , 9.15167
54.95 , 34.1044845581 , 9.15750
54.98 , 34.1044845581 , 9.16317
55.01 , 34.1044845581 , 9.16900
55.05 , 34.2131004333 , 9.17467
55.08 , 34.2131004333 , 9.18050
55.12 , 34.3217124938 , 9.18600
55.15 , 34.2131004333 , 9.19183
55.19 , 34.3217124938 , 9.19750
55.22 , 34.3217124938 , 9.20333
55.25 , 34.3217124938 , 9.20900
55.29 , 34.4303245544 , 9.21467
55.32 , 34.4303245544 , 9.22033
55.36 , 34.4303245544 , 9.22617
55.39 , 34.4303245544 , 9.23183
55.43 , 34.5389366149 , 9.23767
55.46 , 34.5389366149 , 9.24317
55.49 , 34.5389366149 , 9.24900
55.53 , 34.4303245544 , 9.25467
55.56 , 34.5389366149 , 9.26050
55.60 , 34.5389366149 , 9.26617
55.63 , 34.6475524902 , 9.27183
55.67 , 34.6475524902 , 9.27750
55.70 , 34.7561645507 , 9.28333
55.73 , 34.7561645507 , 9.28900
55.77 , 34.6475524902 , 9.29483
55.80 , 34.6475524902 , 9.30033
55.84 , 34.7561645507 , 9.30617
55.87 , 34.8647766113 , 9.31183
55.91 , 34.7561645507 , 9.31767
55.94 , 34.8647766113 , 9.32333
55.97 , 34.8647766113 , 9.32900
56.01 , 34.9733886718 , 9.33483
56.04 , 34.9733886718 , 9.34050
56.08 , 34.8647766113 , 9.34633
56.11 , 34.9733886718 , 9.35200
56.15 , 35.0820007324 , 9.35767
56.18 , 35.0820007324 , 9.36333
56.22 , 35.0820007324 , 9.36917
56.25 , 35.0820007324 , 9.37483
56.28 , 35.0820007324 , 9.38067
56.32 , 35.1906166076 , 9.38617
56.35 , 35.1906166076 , 9.39200
56.39 , 35.1906166076 , 9.39767
56.42 , 35.1906166076 , 9.40350
56.46 , 35.1906166076 , 9.40917
56.49 , 35.2992286682 , 9.41483
56.52 , 35.1906166076 , 9.42050
56.56 , 35.4078407287 , 9.42633
56.59 , 35.2992286682 , 9.43200
56.63 , 35.4078407287 , 9.43783
56.66 , 35.4078407287 , 9.44333
56.70 , 35.5164527893 , 9.44917
56.73 , 35.4078407287 , 9.45483
56.76 , 35.5164527893 , 9.46067
56.80 , 35.5164527893 , 9.46633
56.83 , 35.5164527893 , 9.47217
56.87 , 35.6250686645 , 9.47767
56.90 , 35.6250686645 , 9.48350
56.94 , 35.6250686645 , 9.48917
56.97 , 35.6250686645 , 9.49500
57.00 , 35.6250686645 , 9.50067
57.04 , 35.7336807250 , 9.50633
57.07 , 35.7336807250 , 9.51217
57.11 , 35.7336807250 , 9.51783
57.14 , 35.8422927856 , 9.52367
57.18 , 35.8422927856 , 9.52933
57.21 , 35.8422927856 , 9.53500
57.24 , 35.9509048461 , 9.54067
57.28 , 35.9509048461 , 9.54650
57.31 , 35.9509048461 , 9.55217
57.35 , 35.9509048461 , 9.55800
57.38 , 35.9509048461 , 9.56350
57.42 , 36.1681327819 , 9.56933
57.45 , 35.9509048461 , 9.57500
57.49 , 35.9509048461 , 9.58083
57.52 , 36.0595169067 , 9.58650
57.55 , 36.0595169067 , 9.59217
57.59 , 36.1681327819 , 9.59783
57.62 , 36.1681327819 , 9.60367
57.66 , 36.1681327819 , 9.60933
57.69 , 36.1681327819 , 9.61517
57.72 , 36.1681327819 , 9.62067
57.76 , 36.2767448425 , 9.62650
57.79 , 36.3853569030 , 9.63217
57.83 , 36.2767448425 , 9.63800
57.86 , 36.3853569030 , 9.64367
57.90 , 36.3853569030 , 9.64933
57.93 , 36.3853569030 , 9.65500
57.97 , 36.3853569030 , 9.66083
58.00 , 36.3853569030 , 9.66650
58.03 , 36.4939689636 , 9.67233
58.07 , 36.6025848388 , 9.67783
58.10 , 36.4939689636 , 9.68367
58.14 , 36.6025848388 , 9.68933
58.17 , 36.6025848388 , 9.69517
58.21 , 36.6025848388 , 9.70100
58.24 , 36.6025848388 , 9.70667
58.27 , 36.6025848388 , 9.71233
58.31 , 36.6025848388 , 9.71800
58.34 , 36.7111968994 , 9.72383
58.38 , 36.7111968994 , 9.72950
58.41 , 36.7111968994 , 9.73533
58.45 , 36.7111968994 , 9.74083
58.48 , 36.7111968994 , 9.74667
58.51 , 36.8198089599 , 9.75233
58.55 , 36.8198089599 , 9.75817
58.58 , 36.8198089599 , 9.76383
58.62 , 36.9284210205 , 9.76950
58.65 , 36.9284210205 , 9.77517
58.69 , 36.9284210205 , 9.78100
58.72 , 36.9284210205 , 9.78667
58.76 , 37.0370330810 , 9.79250
58.79 , 37.0370330810 , 9.79800
58.82 , 37.0370330810 , 9.80383
58.86 , 37.0370330810 , 9.80950
58.89 , 37.1456489562 , 9.81533
58.93 , 37.1456489562 , 9.82100
58.96 , 37.1456489562 , 9.82667
58.99 , 37.1456489562 , 9.83233
59.03 , 37.2542610168 , 9.83817
59.06 , 37.2542610168 , 9.84383
59.10 , 37.2542610168 , 9.84967
59.13 , 37.2542610168 , 9.85517
59.17 , 37.2542610168 , 9.86100
59.20 , 37.3628730773 , 9.86667
59.24 , 37.3628730773 , 9.87250
59.27 , 37.3628730773 , 9.87833
59.30 , 37.4714851379 , 9.88383
59.34 , 37.4714851379 , 9.88967
59.37 , 37.4714851379 , 9.89533
59.41 , 37.4714851379 , 9.90117
59.44 , 37.5801010131 , 9.90683
59.47 , 37.5801010131 , 9.91250
59.51 , 37.5801010131 , 9.91817
59.54 , 37.5801010131 , 9.92400
59.58 , 37.5801010131 , 9.92967
59.61 , 37.6887130737 , 9.93550
59.65 , 37.6887130737 , 9.94100
59.68 , 37.6887130737 , 9.94683
59.72 , 37.7973251342 , 9.95250
59.75 , 37.7973251342 , 9.95833
59.78 , 37.9059371948 , 9.96400
59.82 , 37.9059371948 , 9.96983
59.85 , 37.7973251342 , 9.97533
59.89 , 37.9059371948 , 9.98117
59.92 , 37.9059371948 , 9.98683
59.96 , 37.9059371948 , 9.99267
59.99 , 37.9059371948 , 9.99833
60.02 , 38.0145492553 , 10.00400
60.06 , 37.9059371948 , 10.00983
60.10 , 38.0145492553 , 10.01583
60.13 , 38.1231651306 , 10.02167
60.17 , 38.1231651306 , 10.02767
60.20 , 38.1231651306 , 10.03350
60.24 , 38.1231651306 , 10.03933
60.27 , 38.2317771911 , 10.04533
60.31 , 38.2317771911 , 10.05117
60.34 , 38.2317771911 , 10.05717
60.38 , 38.2317771911 , 10.06300
60.41 , 38.3403892517 , 10.06883
60.45 , 38.2317771911 , 10.07467
60.48 , 38.3403892517 , 10.08067
60.52 , 38.3403892517 , 10.08650
60.56 , 38.4490013122 , 10.09250
60.59 , 38.4490013122 , 10.09833
60.63 , 38.4490013122 , 10.10417
60.66 , 38.4490013122 , 10.11000
60.70 , 38.4490013122 , 10.11600
60.73 , 38.5576171875 , 10.12183
60.77 , 38.4490013122 , 10.12783
60.80 , 38.5576171875 , 10.13383
60.84 , 38.6662292480 , 10.13950
60.87 , 38.6662292480 , 10.14550
60.91 , 38.6662292480 , 10.15133
60.94 , 38.7748413085 , 10.15733
60.98 , 38.7748413085 , 10.16317
61.02 , 38.6662292480 , 10.16917
61.05 , 38.7748413085 , 10.17483
61.09 , 38.7748413085 , 10.18083
61.12 , 38.8834533691 , 10.18667
61.16 , 38.8834533691 , 10.19267
61.19 , 38.8834533691 , 10.19850
61.23 , 38.8834533691 , 10.20450
61.26 , 38.8834533691 , 10.21017
61.30 , 39.1006813049 , 10.21617
61.33 , 38.9920654296 , 10.22217
61.37 , 39.1006813049 , 10.22800
61.40 , 39.1006813049 , 10.23400
61.44 , 39.1006813049 , 10.23967
61.47 , 39.1006813049 , 10.24567
61.51 , 39.2092933654 , 10.25150
61.54 , 39.2092933654 , 10.25750
61.58 , 39.2092933654 , 10.26333
61.62 , 39.2092933654 , 10.26933
61.65 , 39.3179054260 , 10.27500
61.69 , 39.3179054260 , 10.28100
61.72 , 39.3179054260 , 10.28683
61.76 , 39.3179054260 , 10.29283
61.79 , 39.4265251159 , 10.29867
61.83 , 39.4265251159 , 10.30467
61.86 , 39.4265251159 , 10.31033
61.90 , 39.5351371765 , 10.31633
61.93 , 39.5351371765 , 10.32233
61.97 , 39.5351371765 , 10.32817
62.01 , 39.5351371765 , 10.33417
62.04 , 39.6437492370 , 10.34000
62.08 , 39.5351371765 , 10.34583
62.11 , 39.6437492370 , 10.35167
62.15 , 39.6437492370 , 10.35767
62.18 , 39.6437492370 , 10.36350
62.22 , 39.6437492370 , 10.36950
62.25 , 39.7523612976 , 10.37533
62.29 , 39.7523612976 , 10.38117
62.32 , 39.7523612976 , 10.38700
62.36 , 39.7523612976 , 10.39300
62.39 , 39.8609771728 , 10.39883
62.43 , 39.8609771728 , 10.40483
62.47 , 39.9695892333 , 10.41083
62.50 , 39.8609771728 , 10.41650
62.54 , 39.9695892333 , 10.42250
62.57 , 40.0782012939 , 10.42833
62.61 , 39.9695892333 , 10.43433
62.64 , 39.9695892333 , 10.44017
62.68 , 39.9695892333 , 10.44600
62.71 , 40.0782012939 , 10.45183
62.75 , 40.1868133544 , 10.45783
62.78 , 40.1868133544 , 10.46367
62.82 , 40.1868133544 , 10.46967
62.85 , 40.1868133544 , 10.47550
62.89 , 40.1868133544 , 10.48133
62.92 , 40.2954254150 , 10.48717
62.96 , 40.2954254150 , 10.49317
62.99 , 40.2954254150 , 10.49900
63.03 , 40.2954254150 , 10.50500
63.07 , 40.4040412902 , 10.51100
63.10 , 40.4040412902 , 10.51667
63.14 , 40.4040412902 , 10.52267
63.17 , 40.4040412902 , 10.52850
63.21 , 40.5126533508 , 10.53450
63.24 , 40.5126533508 , 10.54033
63.28 , 40.5126533508 , 10.54633
63.31 , 40.5126533508 , 10.55200
63.35 , 40.5126533508 , 10.55800
63.38 , 40.6212654113 , 10.56383
63.42 , 40.6212654113 , 10.56983
63.45 , 40.6212654113 , 10.57567
63.49 , 40.8384933471 , 10.58167
63.52 , 40.7298774719 , 10.58733
63.56 , 40.7298774719 , 10.59333
63.60 , 40.7298774719 , 10.59933
63.63 , 40.8384933471 , 10.60517
63.67 , 40.8384933471 , 10.61117
63.70 , 40.8384933471 , 10.61700
63.74 , 40.9471054077 , 10.62283
63.77 , 41.0557174682 , 10.62867
63.81 , 40.9471054077 , 10.63467
63.84 , 40.9471054077 , 10.64050
63.88 , 41.0557174682 , 10.64650
63.91 , 41.0557174682 , 10.65217
63.95 , 41.0557174682 , 10.65817
63.98 , 41.0557174682 , 10.66400
64.02 , 41.0557174682 , 10.67000
64.05 , 41.0557174682 , 10.67583
64.09 , 41.1643295288 , 10.68183
64.12 , 41.1643295288 , 10.68750
64.16 , 41.2729415893 , 10.69350
64.20 , 41.2729415893 , 10.69950
64.23 , 41.3815574645 , 10.70533
64.27 , 41.2729415893 , 10.71133
64.30 , 41.3815574645 , 10.71717
64.34 , 41.3815574645 , 10.72300
64.37 , 41.3815574645 , 10.72883
64.41 , 41.3815574645 , 10.73483
64.44 , 41.4901695251 , 10.74067
64.48 , 41.5987815856 , 10.74667
64.51 , 41.5987815856 , 10.75250
64.55 , 41.5987815856 , 10.75833
64.58 , 41.5987815856 , 10.76417
64.62 , 41.5987815856 , 10.77017
64.66 , 41.7073936462 , 10.77600
64.69 , 41.7073936462 , 10.78200
64.73 , 41.7073936462 , 10.78800
64.76 , 41.7073936462 , 10.79367
64.80 , 41.7073936462 , 10.79967
64.83 , 41.7073936462 , 10.80550
64.87 , 41.8160095214 , 10.81150
64.90 , 41.8160095214 , 10.81733
64.94 , 41.9246215820 , 10.82333
64.97 , 41.8160095214 , 10.82900
65.01 , 41.9246215820 , 10.83500
65.04 , 41.9246215820 , 10.84083
65.08 , 41.9246215820 , 10.84683
65.12 , 41.9246215820 , 10.85267
65.15 , 41.9246215820 , 10.85867
65.19 , 42.0332336425 , 10.86433
65.22 , 42.1418457031 , 10.87033
65.26 , 42.1418457031 , 10.87617
65.29 , 42.1418457031 , 10.88217
65.33 , 42.1418457031 , 10.88817
65.36 , 42.2504577636 , 10.89383
65.40 , 42.1418457031 , 10.89983
65.43 , 42.2504577636 , 10.90567
65.47 , 42.2504577636 , 10.91167
65.50 , 42.3590736389 , 10.91750
65.54 , 42.2504577636 , 10.92350
65.57 , 42.3590736389 , 10.92917
65.61 , 42.3590736389 , 10.93517
65.65 , 42.3590736389 , 10.94100
65.68 , 42.4676856994 , 10.94700
65.72 , 42.4676856994 , 10.95283
65.75 , 42.4676856994 , 10.95883
65.79 , 42.4676856994 , 10.96450
65.82 , 42.5762977600 , 10.97050
65.86 , 42.5762977600 , 10.97650
65.89 , 42.5762977600 , 10.98233
65.93 , 42.6849098205 , 10.98833
65.96 , 42.6849098205 , 10.99417
66.00 , 42.6849098205 , 11.00000
66.04 , 42.6849098205 , 11.00583
66.07 , 42.6849098205 , 11.01183
66.11 , 42.7935256958 , 11.01767
66.14 , 42.7935256958 , 11.02367
66.18 , 42.9021377563 , 11.02950
66.21 , 42.9021377563 , 11.03533
66.25 , 42.9021377563 , 11.04117
66.28 , 43.0107498168 , 11.04717
66.32 , 42.9021377563 , 11.05300
66.35 , 42.9021377563 , 11.05900
66.39 , 43.0107498168 , 11.06467
66.42 , 43.0107498168 , 11.07067
66.46 , 43.0107498168 , 11.07667
66.50 , 43.1193618774 , 11.08250
66.53 , 43.1193618774 , 11.08850
66.57 , 43.1193618774 , 11.09433
66.60 , 43.2279739379 , 11.10017
66.64 , 43.2279739379 , 11.10600
66.67 , 43.3365898132 , 11.11200
66.71 , 43.2279739379 , 11.11783
66.74 , 43.3365898132 , 11.12383
66.78 , 43.4452018737 , 11.12967
66.81 , 43.3365898132 , 11.13550
66.85 , 43.4452018737 , 11.14133
66.88 , 43.4452018737 , 11.14733
66.92 , 43.4452018737 , 11.15317
66.95 , 43.4452018737 , 11.15917
66.99 , 43.4452018737 , 11.16517
67.02 , 43.5538139343 , 11.17083
67.06 , 43.5538139343 , 11.17683
67.10 , 43.5538139343 , 11.18267
67.13 , 43.6624259948 , 11.18867
67.17 , 43.5538139343 , 11.19450
67.20 , 43.6624259948 , 11.20050
67.24 , 43.6624259948 , 11.20617
67.27 , 43.7710418701 , 11.21217
67.31 , 43.7710418701 , 11.21800
67.34 , 43.7710418701 , 11.22400
67.38 , 43.7710418701 , 11.22983
67.41 , 43.7710418701 , 11.23583
67.45 , 43.7710418701 , 11.24150
67.48 , 43.9882659912 , 11.24750
67.52 , 43.8796539306 , 11.25333
67.56 , 43.9882659912 , 11.25933
67.59 , 43.9882659912 , 11.26533
67.63 , 44.0968780517 , 11.27117
67.66 , 43.9882659912 , 11.27700
67.70 , 44.0968780517 , 11.28283
67.73 , 44.0968780517 , 11.28883
67.77 , 44.0968780517 , 11.29467
67.80 , 44.0968780517 , 11.30067
67.84 , 44.0968780517 , 11.30633
67.87 , 44.2054901123 , 11.31233
67.91 , 44.2054901123 , 11.31817
67.94 , 44.2054901123 , 11.32417
67.98 , 44.2054901123 , 11.33000
68.02 , 44.3141059875 , 11.33600
68.05 , 44.3141059875 , 11.34167
68.09 , 44.4227180480 , 11.34767
68.12 , 44.3141059875 , 11.35367
68.16 , 44.5313339233 , 11.35950
68.19 , 44.4227180480 , 11.36550
68.23 , 44.5313339233 , 11.37133
68.26 , 44.6399459838 , 11.37717
68.30 , 44.5313339233 , 11.38300
68.33 , 44.5313339233 , 11.38900
68.37 , 44.6399459838 , 11.39483
68.40 , 44.6399459838 , 11.40083
68.44 , 44.6399459838 , 11.40667
68.47 , 44.6399459838 , 11.41250
68.51 , 44.6399459838 , 11.41833
68.55 , 44.7485580444 , 11.42433
68.58 , 44.7485580444 , 11.43017
68.62 , 44.7485580444 , 11.43617
68.65 , 44.8571701049 , 11.44200
68.69 , 44.9657859802 , 11.44783
68.72 , 44.8571701049 , 11.45383
68.76 , 44.9657859802 , 11.45967
68.79 , 44.9657859802 , 11.46567
68.83 , 44.9657859802 , 11.47150
68.86 , 44.9657859802 , 11.47750
68.90 , 45.0743980407 , 11.48317
68.93 , 44.9657859802 , 11.48917
68.97 , 45.1830101013 , 11.49500
69.01 , 45.1830101013 , 11.50100
69.04 , 45.1830101013 , 11.50683
69.08 , 45.1830101013 , 11.51267
69.11 , 45.2916221618 , 11.51850
69.15 , 45.1830101013 , 11.52450
69.18 , 45.2916221618 , 11.53033
69.22 , 45.2916221618 , 11.53633
69.25 , 45.2916221618 , 11.54233
69.29 , 45.2916221618 , 11.54800
69.32 , 45.4002380371 , 11.55400
69.36 , 45.5088500976 , 11.55983
69.39 , 45.5088500976 , 11.56583
69.43 , 45.5088500976 , 11.57167
69.47 , 45.5088500976 , 11.57767
69.50 , 45.5088500976 , 11.58333
69.54 , 45.6174621582 , 11.58933
69.57 , 45.6174621582 , 11.59517
69.61 , 45.6174621582 , 11.60117
69.64 , 45.7260742187 , 11.60700
69.68 , 45.6174621582 , 11.61300
69.71 , 45.7260742187 , 11.61867
69.75 , 45.7260742187 , 11.62467
69.78 , 45.7260742187 , 11.63050
69.82 , 45.7260742187 , 11.63650
69.86 , 45.8346862792 , 11.64250
69.89 , 45.7260742187 , 11.64833
69.93 , 45.8346862792 , 11.65417
69.96 , 45.8346862792 , 11.66000
70.00 , 45.9433021545 , 11.66600
70.03 , 45.9433021545 , 11.67183
70.07 , 45.9433021545 , 11.67783
70.10 , 46.0519142150 , 11.68367
70.14 , 46.0519142150 , 11.68950
70.17 , 46.0519142150 , 11.69533
70.21 , 46.0519142150 , 11.70133
70.24 , 46.1605262756 , 11.70717
70.28 , 46.1605262756 , 11.71317
70.31 , 46.1605262756 , 11.71883
70.35 , 46.2691383361 , 11.72483
70.38 , 46.1605262756 , 11.73083
70.42 , 46.2691383361 , 11.73667
70.46 , 46.2691383361 , 11.74267
70.49 , 46.2691383361 , 11.74850
70.53 , 46.2691383361 , 11.75433
70.56 , 46.3777542114 , 11.76017
70.60 , 46.3777542114 , 11.76617
70.63 , 46.3777542114 , 11.77200
70.67 , 46.3777542114 , 11.77800
70.70 , 46.4863662719 , 11.78383
70.74 , 46.4863662719 , 11.78967
70.77 , 46.4863662719 , 11.79550
70.81 , 46.4863662719 , 11.80150
70.84 , 46.5949783325 , 11.80733
70.88 , 46.5949783325 , 11.81333
70.91 , 46.5949783325 , 11.81917
70.95 , 46.7035903930 , 11.82500
70.99 , 46.7035903930 , 11.83100
71.02 , 46.7035903930 , 11.83683
71.06 , 46.7035903930 , 11.84283
71.09 , 46.7035903930 , 11.84867
71.13 , 46.8122024536 , 11.85467
71.16 , 46.8122024536 , 11.86033
71.20 , 46.8122024536 , 11.86633
71.23 , 46.9208183288 , 11.87217
71.27 , 46.9208183288 , 11.87817
71.30 , 46.9208183288 , 11.88400
71.34 , 46.9208183288 , 11.89000
71.37 , 47.0294303894 , 11.89567
71.41 , 47.0294303894 , 11.90167
71.44 , 47.0294303894 , 11.90750
71.48 , 47.0294303894 , 11.91350
71.52 , 47.0294303894 , 11.91950
71.55 , 47.1380424499 , 11.92533
71.59 , 47.1380424499 , 11.93117
71.62 , 47.1380424499 , 11.93700
71.66 , 47.2466545104 , 11.94300
71.69 , 47.2466545104 , 11.94883
71.73 , 47.2466545104 , 11.95483
71.76 , 47.4638824462 , 11.96050
71.80 , 47.3552703857 , 11.96650
71.83 , 47.4638824462 , 11.97233
71.87 , 47.4638824462 , 11.97833
71.90 , 47.4638824462 , 11.98417
71.94 , 47.4638824462 , 11.99017
71.97 , 47.5724945068 , 11.99583
72.01 , 47.5724945068 , 12.00183
72.05 , 47.5724945068 , 12.00767
72.08 , 47.5724945068 , 12.01367
72.12 , 47.5724945068 , 12.01967
72.15 , 47.5724945068 , 12.02550
72.19 , 47.6811065673 , 12.03133
72.22 , 47.6811065673 , 12.03717
72.26 , 47.7897186279 , 12.04317
72.29 , 47.6811065673 , 12.04900
72.33 , 47.7897186279 , 12.05500
72.36 , 47.7897186279 , 12.06083
72.40 , 47.7897186279 , 12.06667
72.43 , 47.8983345031 , 12.07250
72.47 , 47.8983345031 , 12.07850
72.51 , 47.7897186279 , 12.08433
72.54 , 48.0069465637 , 12.09033
72.58 , 47.8983345031 , 12.09617
72.61 , 48.0069465637 , 12.10200
72.65 , 48.0069465637 , 12.10800
72.68 , 48.0069465637 , 12.11383
72.72 , 48.1155586242 , 12.11983
72.75 , 48.1155586242 , 12.12567
72.79 , 48.1155586242 , 12.13167
72.82 , 48.1155586242 , 12.13733
72.86 , 48.2241706848 , 12.14333
72.89 , 48.2241706848 , 12.14917
72.93 , 48.2241706848 , 12.15517
72.97 , 48.3327827453 , 12.16100
73.00 , 48.3327827453 , 12.16683
73.04 , 48.2241706848 , 12.17267
73.07 , 48.3327827453 , 12.17867
73.11 , 48.3327827453 , 12.18450
73.14 , 48.3327827453 , 12.19050
73.18 , 48.4413986206 , 12.19633
73.21 , 48.4413986206 , 12.20217
73.25 , 48.4413986206 , 12.20817
73.28 , 48.5500106811 , 12.21400
73.32 , 48.5500106811 , 12.22000
73.36 , 48.5500106811 , 12.22583
73.39 , 48.5500106811 , 12.23183
73.43 , 48.6586227416 , 12.23750
73.46 , 48.6586227416 , 12.24350
73.50 , 48.7672348022 , 12.24933
73.53 , 48.7672348022 , 12.25533
73.57 , 48.7672348022 , 12.26117
73.60 , 48.7672348022 , 12.26717
73.64 , 48.7672348022 , 12.27283
73.67 , 48.7672348022 , 12.27883
73.71 , 48.7672348022 , 12.28467
73.74 , 48.8758506774 , 12.29067
73.78 , 48.8758506774 , 12.29667
73.81 , 48.8758506774 , 12.30250
73.85 , 48.9844627380 , 12.30833
73.88 , 48.9844627380 , 12.31417
73.92 , 49.0930747985 , 12.32017
73.96 , 48.9844627380 , 12.32600
73.99 , 49.0930747985 , 12.33200
74.03 , 49.0930747985 , 12.33783
74.06 , 49.2016868591 , 12.34367
74.10 , 49.0930747985 , 12.34950
74.13 , 49.2016868591 , 12.35550
74.17 , 49.2016868591 , 12.36133
74.20 , 49.3102989196 , 12.36733
74.24 , 49.3102989196 , 12.37300
74.27 , 49.3102989196 , 12.37900
74.31 , 49.3102989196 , 12.38483
74.34 , 49.4189147949 , 12.39083
74.38 , 49.4189147949 , 12.39683
74.42 , 49.4189147949 , 12.40267
74.45 , 49.4189147949 , 12.40850
74.49 , 49.5275268554 , 12.41433
74.52 , 49.5275268554 , 12.42033
74.56 , 49.5275268554 , 12.42617
74.59 , 49.6361389160 , 12.43217
74.63 , 49.6361389160 , 12.43800
74.66 , 49.6361389160 , 12.44383
74.70 , 49.6361389160 , 12.44967
74.73 , 49.7447509765 , 12.45567
74.77 , 49.7447509765 , 12.46150
74.80 , 49.7447509765 , 12.46750
74.84 , 49.7447509765 , 12.47333
74.87 , 49.7447509765 , 12.47917
74.91 , 49.8533668518 , 12.48517
74.95 , 49.9619789123 , 12.49100
74.98 , 49.8533668518 , 12.49700
75.02 , 49.9619789123 , 12.50283
75.05 , 49.9619789123 , 12.50883
75.09 , 50.0705909729 , 12.51450
75.12 , 49.9619789123 , 12.52050
75.16 , 49.9619789123 , 12.52633
75.19 , 50.0705909729 , 12.53233
75.23 , 50.0705909729 , 12.53817
75.26 , 50.1792030334 , 12.54417
75.30 , 50.1792030334 , 12.54983
75.33 , 50.1792030334 , 12.55583
75.37 , 50.1792030334 , 12.56167
75.41 , 50.1792030334 , 12.56767
75.44 , 50.2878150939 , 12.57350
75.48 , 50.1792030334 , 12.57933
75.51 , 50.2878150939 , 12.58533
75.55 , 50.3964309692 , 12.59117
75.58 , 50.5050544738 , 12.59717
75.62 , 50.3964309692 , 12.60300
75.65 , 50.3964309692 , 12.60900
75.69 , 50.3964309692 , 12.61467
75.72 , 50.3964309692 , 12.62067
75.76 , 50.5050544738 , 12.62650
75.79 , 50.6136665344 , 12.63250
75.83 , 50.6136665344 , 12.63833
75.87 , 50.6136665344 , 12.64433
75.90 , 50.6136665344 , 12.65000
75.94 , 50.7222785949 , 12.65600
75.97 , 50.7222785949 , 12.66183
76.01 , 50.7222785949 , 12.66783
76.04 , 50.7222785949 , 12.67383
76.08 , 50.7222785949 , 12.67967
76.11 , 50.8308906555 , 12.68550
76.15 , 50.8308906555 , 12.69133
76.18 , 50.9395065307 , 12.69733
76.22 , 50.8308906555 , 12.70317
76.25 , 50.9395065307 , 12.70917
76.29 , 50.8308906555 , 12.71500
76.32 , 50.9395065307 , 12.72083
76.36 , 51.0481185913 , 12.72667
76.40 , 51.0481185913 , 12.73267
76.43 , 51.0481185913 , 12.73850
76.47 , 51.0481185913 , 12.74450
76.50 , 51.1567306518 , 12.75033
76.54 , 51.0481185913 , 12.75617
76.57 , 51.1567306518 , 12.76200
76.61 , 51.1567306518 , 12.76800
76.64 , 51.1567306518 , 12.77400
76.68 , 51.2653427124 , 12.77983
76.71 , 51.2653427124 , 12.78583
76.75 , 51.3739547729 , 12.79150
76.79 , 51.3739547729 , 12.79750
76.82 , 51.4825706481 , 12.80333
76.86 , 51.4825706481 , 12.80933
76.89 , 51.3739547729 , 12.81517
76.93 , 51.4825706481 , 12.82100
76.96 , 51.4825706481 , 12.82683
77.00 , 51.4825706481 , 12.83283
77.03 , 51.4825706481 , 12.83867
77.07 , 51.5911827087 , 12.84467
77.10 , 51.5911827087 , 12.85050
77.14 , 51.6997947692 , 12.85633
77.17 , 51.6997947692 , 12.86233
77.21 , 51.8084068298 , 12.86817
77.25 , 51.6997947692 , 12.87417
77.28 , 51.8084068298 , 12.88000
77.32 , 51.8084068298 , 12.88600
77.35 , 51.6997947692 , 12.89167
77.39 , 51.8084068298 , 12.89767
77.42 , 51.8084068298 , 12.90350
77.46 , 51.9170227050 , 12.90950
77.49 , 52.0256347656 , 12.91533
77.53 , 51.9170227050 , 12.92133
77.56 , 51.9170227050 , 12.92700
77.60 , 51.9170227050 , 12.93300
77.63 , 51.9170227050 , 12.93883
77.67 , 52.0256347656 , 12.94483
77.70 , 52.0256347656 , 12.95067
77.74 , 52.0256347656 , 12.95667
77.77 , 52.1342468261 , 12.96250
77.81 , 52.1342468261 , 12.96833
77.85 , 52.2428588867 , 12.97433
77.88 , 52.2428588867 , 12.98017
77.92 , 52.2428588867 , 12.98617
77.95 , 52.2428588867 , 12.99200
77.99 , 52.2428588867 , 12.99783
78.02 , 52.3514709472 , 13.00367
78.06 , 52.3514709472 , 13.00967
78.09 , 52.3514709472 , 13.01550
78.13 , 52.3514709472 , 13.02150
78.16 , 52.3514709472 , 13.02717
78.20 , 52.4600868225 , 13.03317
78.23 , 52.4600868225 , 13.03900
78.27 , 52.4600868225 , 13.04500
78.31 , 52.5686988830 , 13.05100
78.34 , 52.5686988830 , 13.05683
78.38 , 52.6773109436 , 13.06267
78.41 , 52.6773109436 , 13.06850
78.45 , 52.6773109436 , 13.07450
78.48 , 52.6773109436 , 13.08033
78.52 , 52.6773109436 , 13.08633
78.55 , 52.7859230041 , 13.09217
78.59 , 52.7859230041 , 13.09800
78.62 , 52.7859230041 , 13.10383
78.66 , 52.8945388793 , 13.10983
78.69 , 52.8945388793 , 13.11567
78.73 , 52.8945388793 , 13.12167
78.76 , 53.0031509399 , 13.12750
78.80 , 52.8945388793 , 13.13333
78.83 , 52.8945388793 , 13.13917
78.87 , 52.8945388793 , 13.14517
78.91 , 53.0031509399 , 13.15117
78.94 , 53.1117630004 , 13.15700
78.98 , 53.1117630004 , 13.16300
79.01 , 53.1117630004 , 13.16867
79.05 , 53.2203750610 , 13.17467
79.08 , 53.1117630004 , 13.18050
79.12 , 53.2203750610 , 13.18650
79.15 , 53.2203750610 , 13.19233
79.19 , 53.3289871215 , 13.19833
79.22 , 53.2203750610 , 13.20400
79.26 , 53.3289871215 , 13.21000
79.29 , 53.3289871215 , 13.21583
79.33 , 53.4376029968 , 13.22183
79.37 , 53.4376029968 , 13.22767
79.40 , 53.4376029968 , 13.23350
79.44 , 53.5462150573 , 13.23950
79.47 , 53.5462150573 , 13.24533
79.51 , 53.5462150573 , 13.25133
79.54 , 53.5462150573 , 13.25717
79.58 , 53.6548271179 , 13.26317
79.61 , 53.6548271179 , 13.26883
79.65 , 53.6548271179 , 13.27483
79.68 , 53.6548271179 , 13.28067
79.72 , 53.6548271179 , 13.28667
79.75 , 53.6548271179 , 13.29250
79.79 , 53.7634391784 , 13.29850
79.82 , 53.7634391784 , 13.30417
79.86 , 53.7634391784 , 13.31017
79.90 , 53.8720550537 , 13.31600
79.93 , 53.8720550537 , 13.32200
79.97 , 53.8720550537 , 13.32783
80.00 , 53.8720550537 , 13.33383
80.04 , 53.9806671142 , 13.33967
80.07 , 53.9806671142 , 13.34550
80.11 , 53.9806671142 , 13.35150
80.14 , 53.9806671142 , 13.35733
80.18 , 54.0892791748 , 13.36333
80.21 , 54.0892791748 , 13.36917
80.25 , 53.9806671142 , 13.37500
80.29 , 54.0892791748 , 13.38083
80.32 , 54.1978912353 , 13.38683
80.36 , 54.1978912353 , 13.39267
80.39 , 54.1978912353 , 13.39867
80.43 , 54.1978912353 , 13.40450
80.46 , 54.3065032958 , 13.41033
80.50 , 54.3065032958 , 13.41617
80.53 , 54.1978912353 , 13.42217
80.57 , 54.3065032958 , 13.42817
80.60 , 54.4151191711 , 13.43400
80.64 , 54.3065032958 , 13.44000
80.67 , 54.4151191711 , 13.44567
80.71 , 54.4151191711 , 13.45167
80.75 , 54.4151191711 , 13.45750
80.78 , 54.5237312316 , 13.46350
80.82 , 54.4151191711 , 13.46933
80.85 , 54.5237312316 , 13.47517
80.89 , 54.6323432922 , 13.48100
80.92 , 54.6323432922 , 13.48700
80.96 , 54.7409553527 , 13.49283
80.99 , 54.6323432922 , 13.49883
81.03 , 54.7409553527 , 13.50467
81.06 , 54.7409553527 , 13.51050
81.10 , 54.8495712280 , 13.51633
81.13 , 54.7409553527 , 13.52233
81.17 , 54.8495712280 , 13.52833
81.20 , 54.9581832885 , 13.53417
81.24 , 54.9581832885 , 13.54017
81.27 , 54.9581832885 , 13.54583
81.31 , 54.9581832885 , 13.55183
81.35 , 54.9581832885 , 13.55767
81.38 , 55.0667953491 , 13.56367
81.42 , 55.0667953491 , 13.56950
81.45 , 55.0667953491 , 13.57550
81.49 , 55.0667953491 , 13.58117
81.52 , 55.1754074096 , 13.58717
81.56 , 55.1754074096 , 13.59300
81.59 , 55.2840194702 , 13.59900
81.63 , 55.1754074096 , 13.60483
81.66 , 55.2840194702 , 13.61083
81.70 , 55.2840194702 , 13.61667
81.73 , 55.2840194702 , 13.62250
81.77 , 55.3926353454 , 13.62850
81.81 , 55.3926353454 , 13.63433
81.84 , 55.3926353454 , 13.64033
81.88 , 55.3926353454 , 13.64600
81.91 , 55.5012474060 , 13.65200
81.95 , 55.5012474060 , 13.65783
81.98 , 55.6098594665 , 13.66383
82.02 , 55.5012474060 , 13.66967
82.05 , 55.5012474060 , 13.67567
82.09 , 55.5012474060 , 13.68133
82.12 , 55.6098594665 , 13.68733
82.16 , 55.6098594665 , 13.69317
82.19 , 55.6098594665 , 13.69917
82.23 , 55.7184715270 , 13.70500
82.27 , 55.7184715270 , 13.71100
82.30 , 55.8270874023 , 13.71683
82.34 , 55.8270874023 , 13.72267
82.37 , 55.8270874023 , 13.72867
82.41 , 55.8270874023 , 13.73450
82.44 , 55.9356994628 , 13.74050
82.48 , 55.9356994628 , 13.74633
82.51 , 55.9356994628 , 13.75217
82.55 , 55.9356994628 , 13.75800
82.58 , 55.9356994628 , 13.76400
82.62 , 56.0443115234 , 13.76983
82.65 , 56.0443115234 , 13.77583
82.69 , 56.0443115234 , 13.78167
82.72 , 56.0443115234 , 13.78750
82.76 , 56.1529235839 , 13.79333
82.80 , 56.0443115234 , 13.79933
82.83 , 56.2615356445 , 13.80533
82.87 , 56.1529235839 , 13.81117
82.90 , 56.1529235839 , 13.81717
82.94 , 56.2615356445 , 13.82283
82.97 , 56.3701515197 , 13.82883
83.01 , 56.2615356445 , 13.83467
83.04 , 56.2615356445 , 13.84067
83.08 , 56.3701515197 , 13.84650
83.11 , 56.3701515197 , 13.85250
83.15 , 56.4787635803 , 13.85817
83.18 , 56.4787635803 , 13.86417
83.22 , 56.4787635803 , 13.87000
83.26 , 56.5873756408 , 13.87600
83.29 , 56.5873756408 , 13.88183
83.33 , 56.5873756408 , 13.88767
83.36 , 56.5873756408 , 13.89350
83.40 , 56.5873756408 , 13.89950
83.43 , 56.6959877014 , 13.90550
83.47 , 56.6959877014 , 13.91133
83.50 , 56.6959877014 , 13.91733
83.54 , 56.6959877014 , 13.92300
83.57 , 56.8046035766 , 13.92900
83.61 , 56.8046035766 , 13.93483
83.64 , 56.8046035766 , 13.94083
83.68 , 56.8046035766 , 13.94667
83.72 , 56.9132156372 , 13.95267
83.75 , 56.8046035766 , 13.95833
83.79 , 56.9132156372 , 13.96433
83.82 , 57.0218276977 , 13.97017
83.86 , 57.0218276977 , 13.97617
83.89 , 57.0218276977 , 13.98200
83.93 , 57.1304397583 , 13.98800
83.96 , 57.0218276977 , 13.99383
84.00 , 57.1304397583 , 13.99967
84.03 , 57.1304397583 , 14.00567
84.07 , 57.2390518188 , 14.01150
84.11 , 57.2390518188 , 14.01750
84.14 , 57.2390518188 , 14.02333
84.18 , 57.2390518188 , 14.02917
84.21 , 57.3476676940 , 14.03500
84.25 , 57.3476676940 , 14.04100
84.28 , 57.3476676940 , 14.04683
84.32 , 57.4562797546 , 14.05283
84.35 , 57.3476676940 , 14.05867
84.39 , 57.4562797546 , 14.06450
84.42 , 57.4562797546 , 14.07033
84.46 , 57.4562797546 , 14.07633
84.49 , 57.4562797546 , 14.08217
84.53 , 57.5648918151 , 14.08817
84.56 , 57.5648918151 , 14.09400
84.60 , 57.5648918151 , 14.09983
84.63 , 57.5648918151 , 14.10583
84.67 , 57.6735038757 , 14.11167
84.71 , 57.6735038757 , 14.11767
84.74 , 57.6735038757 , 14.12350
84.78 , 57.6735038757 , 14.12933
84.81 , 57.7821197509 , 14.13517
84.85 , 57.7821197509 , 14.14117
84.88 , 57.7821197509 , 14.14700
84.92 , 57.7821197509 , 14.15300
84.95 , 57.8907318115 , 14.15883
84.99 , 57.8907318115 , 14.16467
85.02 , 57.8907318115 , 14.17050
85.06 , 57.9993438720 , 14.17650
85.09 , 57.9993438720 , 14.18250
85.13 , 57.9993438720 , 14.18833
85.17 , 57.9993438720 , 14.19433
85.20 , 57.9993438720 , 14.20000
85.24 , 58.1079559326 , 14.20600
85.27 , 57.9993438720 , 14.21183
85.31 , 58.1079559326 , 14.21783
85.34 , 58.1079559326 , 14.22367
85.38 , 58.2165679931 , 14.22967
85.41 , 58.2165679931 , 14.23533
85.45 , 58.2165679931 , 14.24133
85.48 , 58.2165679931 , 14.24717
85.52 , 58.3251838684 , 14.25317
85.55 , 58.4337959289 , 14.25900
85.59 , 58.4337959289 , 14.26500
85.62 , 58.4337959289 , 14.27067
85.66 , 58.4337959289 , 14.27667
85.70 , 58.5424079895 , 14.28267
85.73 , 58.5424079895 , 14.28850
85.77 , 58.5424079895 , 14.29450
85.80 , 58.6510200500 , 14.30017
85.84 , 58.5424079895 , 14.30617
85.87 , 58.6510200500 , 14.31200
85.91 , 58.6510200500 , 14.31800
85.94 , 58.6510200500 , 14.32383
85.98 , 58.6510200500 , 14.32983
86.01 , 58.7596321105 , 14.33550
86.05 , 58.7596321105 , 14.34150
86.08 , 58.7596321105 , 14.34733
86.12 , 58.8682479858 , 14.35333
86.15 , 58.7596321105 , 14.35917
86.19 , 58.8682479858 , 14.36517
86.23 , 58.9768600463 , 14.37100
86.26 , 58.9768600463 , 14.37683
86.30 , 58.9768600463 , 14.38283
86.33 , 58.9768600463 , 14.38867
86.37 , 58.9768600463 , 14.39467
86.40 , 59.0854721069 , 14.40050
86.44 , 59.0854721069 , 14.40633
86.47 , 59.0854721069 , 14.41217
86.51 , 59.1940841674 , 14.41817
86.54 , 59.1940841674 , 14.42400
86.58 , 59.0854721069 , 14.43000
86.61 , 59.1940841674 , 14.43583
86.65 , 59.3027000427 , 14.44167
86.68 , 59.3027000427 , 14.44750
86.72 , 59.3027000427 , 14.45350
86.76 , 59.1940841674 , 14.45933
86.79 , 59.3027000427 , 14.46533
86.83 , 59.3027000427 , 14.47133
86.86 , 59.4113121032 , 14.47700
86.90 , 59.4113121032 , 14.48300
86.93 , 59.5199241638 , 14.48883
86.97 , 59.5199241638 , 14.49483
87.00 , 59.5199241638 , 14.50067
87.04 , 59.5199241638 , 14.50667
87.07 , 59.6285362243 , 14.51233
87.11 , 59.6285362243 , 14.51833
87.14 , 59.6285362243 , 14.52417
87.18 , 59.6285362243 , 14.53017
87.22 , 59.6285362243 , 14.53600
87.25 , 59.7371482849 , 14.54183
87.29 , 59.6285362243 , 14.54767
87.32 , 59.7371482849 , 14.55367
87.36 , 59.7371482849 , 14.55967
87.39 , 59.7371482849 , 14.56550
87.43 , 59.8457641601 , 14.57150
87.46 , 59.8457641601 , 14.57717
87.50 , 59.8457641601 , 14.58317
87.53 , 59.9543762207 , 14.58900
87.57 , 59.9543762207 , 14.59500
87.61 , 60.0629882812 , 14.60083
87.64 , 59.9543762207 , 14.60683
87.68 , 60.0629882812 , 14.61250
87.71 , 60.0629882812 , 14.61850
87.75 , 60.0629882812 , 14.62433
87.78 , 60.0629882812 , 14.63033
87.82 , 60.1716003417 , 14.63617
87.85 , 60.1716003417 , 14.64217
87.89 , 60.1716003417 , 14.64783
87.92 , 60.3888282775 , 14.65383
87.96 , 60.2802162170 , 14.65983
87.99 , 60.3888282775 , 14.66567
88.03 , 60.2802162170 , 14.67167
88.06 , 60.3888282775 , 14.67750
88.10 , 60.3888282775 , 14.68333
88.13 , 60.3888282775 , 14.68917
88.17 , 60.3888282775 , 14.69517
88.21 , 60.4974403381 , 14.70100
88.24 , 60.4974403381 , 14.70700
88.28 , 60.6060523986 , 14.71267
88.31 , 60.6060523986 , 14.71867
88.35 , 60.4974403381 , 14.72450
88.38 , 60.6060523986 , 14.73050
88.42 , 60.6060523986 , 14.73633
88.45 , 60.7146644592 , 14.74233
88.49 , 60.7146644592 , 14.74817
88.52 , 60.7146644592 , 14.75400
88.56 , 60.7146644592 , 14.76000
88.59 , 60.7146644592 , 14.76583
88.63 , 60.8232803344 , 14.77183
88.67 , 60.8232803344 , 14.77767
88.70 , 60.9318923950 , 14.78350
88.74 , 60.9318923950 , 14.78933
88.77 , 60.9318923950 , 14.79533
88.81 , 61.0405044555 , 14.80117
88.84 , 61.0405044555 , 14.80717
88.88 , 61.0405044555 , 14.81300
88.91 , 61.0405044555 , 14.81883
88.95 , 61.0405044555 , 14.82467
88.98 , 61.0405044555 , 14.83067
89.02 , 61.1491165161 , 14.83650
89.05 , 61.1491165161 , 14.84250
89.09 , 61.1491165161 , 14.84850
89.12 , 61.1491165161 , 14.85417
89.16 , 61.2577323913 , 14.86017
89.20 , 61.2577323913 , 14.86600
89.23 , 61.2577323913 , 14.87200
89.27 , 61.3663444519 , 14.87783
89.30 , 61.2577323913 , 14.88383
89.34 , 61.3663444519 , 14.88950
89.37 , 61.3663444519 , 14.89550
89.41 , 61.3663444519 , 14.90133
89.44 , 61.4749565124 , 14.90733
89.48 , 61.4749565124 , 14.91317
89.51 , 61.4749565124 , 14.91917
89.55 , 61.5835685729 , 14.92483
89.58 , 61.4749565124 , 14.93083
89.62 , 61.5835685729 , 14.93683
89.66 , 61.5835685729 , 14.94267
89.69 , 61.5835685729 , 14.94867
89.73 , 61.5835685729 , 14.95433
89.76 , 61.5835685729 , 14.96033
89.80 , 61.6921920776 , 14.96617
89.83 , 61.6921920776 , 14.97217
89.87 , 61.6921920776 , 14.97800
89.90 , 61.8008041381 , 14.98400
89.94 , 61.8008041381 , 14.98967
89.97 , 61.8008041381 , 14.99567
90.01 , 61.8008041381 , 15.00150
90.04 , 61.9094200134 , 15.00750
90.08 , 61.8008041381 , 15.01333
90.12 , 62.0180320739 , 15.01933
90.15 , 62.0180320739 , 15.02500
90.19 , 62.0180320739 , 15.03100
90.22 , 62.0180320739 , 15.03700
90.26 , 62.1266441345 , 15.04283
90.29 , 62.1266441345 , 15.04883
90.33 , 62.1266441345 , 15.05467
90.36 , 62.1266441345 , 15.06050
90.40 , 62.2352561950 , 15.06633
90.43 , 62.2352561950 , 15.07233
90.47 , 62.2352561950 , 15.07817
90.50 , 62.3438720703 , 15.08417
90.54 , 62.3438720703 , 15.09000
90.57 , 62.3438720703 , 15.09583
90.61 , 62.3438720703 , 15.10167
90.65 , 62.4524841308 , 15.10767
90.68 , 62.3438720703 , 15.11350
90.72 , 62.4524841308 , 15.11950
90.75 , 62.5610961914 , 15.12550
90.79 , 62.5610961914 , 15.13117
90.82 , 62.5610961914 , 15.13717
90.86 , 62.6697082519 , 15.14300
90.89 , 62.5610961914 , 15.14900
90.93 , 62.5610961914 , 15.15483
90.96 , 62.6697082519 , 15.16067
91.00 , 62.7783203125 , 15.16650
91.04 , 62.6697082519 , 15.17250
91.07 , 62.7783203125 , 15.17833
91.11 , 62.7783203125 , 15.18433
91.14 , 62.7783203125 , 15.19017
91.18 , 62.8869361877 , 15.19600
91.21 , 62.8869361877 , 15.20183
91.25 , 62.8869361877 , 15.20783
91.28 , 62.8869361877 , 15.21367
91.32 , 62.9955482482 , 15.21967
91.35 , 62.9955482482 , 15.22567
91.39 , 62.9955482482 , 15.23133
91.42 , 62.9955482482 , 15.23733
91.46 , 62.9955482482 , 15.24317
91.50 , 63.1041603088 , 15.24917
91.53 , 63.1041603088 , 15.25500
91.57 , 63.2127723693 , 15.26100
91.60 , 63.2127723693 , 15.26667
91.64 , 63.2127723693 , 15.27267
91.67 , 63.2127723693 , 15.27850
91.71 , 63.2127723693 , 15.28450
91.74 , 63.3213882446 , 15.29033
91.78 , 63.3213882446 , 15.29633
91.81 , 63.3213882446 , 15.30200
91.85 , 63.3213882446 , 15.30800
91.88 , 63.3213882446 , 15.31400
91.92 , 63.4300003051 , 15.31983
91.95 , 63.4300003051 , 15.32583
91.99 , 63.4300003051 , 15.33167
92.02 , 63.5386123657 , 15.33750
92.06 , 63.4300003051 , 15.34333
92.10 , 63.5386123657 , 15.34933
92.13 , 63.5386123657 , 15.35517
92.17 , 63.6472244262 , 15.36117
92.20 , 63.6472244262 , 15.36683
92.24 , 63.6472244262 , 15.37283
92.27 , 63.6472244262 , 15.37867
92.31 , 63.7558364868 , 15.38467
92.34 , 63.7558364868 , 15.39050
92.38 , 63.7558364868 , 15.39650
92.41 , 63.7558364868 , 15.40217
92.45 , 63.7558364868 , 15.40817
92.48 , 63.7558364868 , 15.41417
92.52 , 63.8644523620 , 15.42000
92.56 , 63.8644523620 , 15.42600
92.59 , 63.9730644226 , 15.43183
92.63 , 63.9730644226 , 15.43767
92.66 , 63.8644523620 , 15.44350
92.70 , 64.0816802978 , 15.44950
92.73 , 63.9730644226 , 15.45533
92.77 , 64.0816802978 , 15.46133
92.80 , 64.0816802978 , 15.46717
92.84 , 64.0816802978 , 15.47300
92.87 , 64.0816802978 , 15.47883
92.91 , 64.1902923583 , 15.48483
92.94 , 64.1902923583 , 15.49067
92.98 , 64.1902923583 , 15.49667
93.02 , 64.2989044189 , 15.50267
93.05 , 64.2989044189 , 15.50833
93.09 , 64.4075164794 , 15.51433
93.12 , 64.2989044189 , 15.52017
93.16 , 64.4075164794 , 15.52617
93.19 , 64.5161285400 , 15.53200
93.23 , 64.4075164794 , 15.53800
93.26 , 64.5161285400 , 15.54367
93.30 , 64.5161285400 , 15.54967
93.33 , 64.5161285400 , 15.55550
93.37 , 64.6247406005 , 15.56150
93.40 , 64.5161285400 , 15.56733
93.44 , 64.6247406005 , 15.57333
93.47 , 64.6247406005 , 15.57900
93.51 , 64.6247406005 , 15.58500
93.54 , 64.7333526611 , 15.59083
93.58 , 64.7333526611 , 15.59683
93.62 , 64.7333526611 , 15.60283
93.65 , 64.8419647216 , 15.60850
93.69 , 64.8419647216 , 15.61450
93.72 , 64.8419647216 , 15.62033
93.76 , 64.8419647216 , 15.62633
93.79 , 64.8419647216 , 15.63217
93.83 , 64.9505767822 , 15.63817
93.86 , 64.9505767822 , 15.64383
93.90 , 64.9505767822 , 15.64983
93.93 , 65.0591964721 , 15.65567
93.97 , 65.0591964721 , 15.66167
94.00 , 65.0591964721 , 15.66750
94.04 , 65.0591964721 , 15.67350
94.07 , 65.0591964721 , 15.67917
94.11 , 65.1678085327 , 15.68517
94.15 , 65.1678085327 , 15.69117
94.18 , 65.0591964721 , 15.69700
94.22 , 65.1678085327 , 15.70300
94.25 , 65.2764205932 , 15.70883
94.29 , 65.2764205932 , 15.71467
94.32 , 65.1678085327 , 15.72050
94.36 , 65.2764205932 , 15.72650
94.39 , 65.3850326538 , 15.73233
94.43 , 65.3850326538 , 15.73833
94.46 , 65.2764205932 , 15.74417
94.50 , 65.3850326538 , 15.75000
94.54 , 65.3850326538 , 15.75583
94.57 , 65.4936447143 , 15.76183
94.61 , 65.4936447143 , 15.76767
94.64 , 65.4936447143 , 15.77367
94.68 , 65.6022567749 , 15.77933
94.71 , 65.6022567749 , 15.78533
94.75 , 65.6022567749 , 15.79133
94.78 , 65.7108688354 , 15.79717
94.82 , 65.7108688354 , 15.80317
94.85 , 65.7108688354 , 15.80900
94.89 , 65.7108688354 , 15.81483
94.92 , 65.7108688354 , 15.82067
94.96 , 65.8194808959 , 15.82667
95.00 , 65.8194808959 , 15.83250
95.03 , 65.7108688354 , 15.83850
95.07 , 65.8194808959 , 15.84433
95.10 , 65.8194808959 , 15.85017
95.14 , 65.9280929565 , 15.85600
95.17 , 65.9280929565 , 15.86200
95.21 , 65.9280929565 , 15.86783
95.24 , 66.0367126464 , 15.87383
95.28 , 66.0367126464 , 15.87983
95.31 , 66.0367126464 , 15.88550
95.35 , 66.0367126464 , 15.89150
95.38 , 66.0367126464 , 15.89733
95.42 , 66.1453247070 , 15.90333
95.45 , 66.2539367675 , 15.90917
95.49 , 66.2539367675 , 15.91517
95.52 , 66.2539367675 , 15.92083
95.56 , 66.2539367675 , 15.92683
95.60 , 66.3625488281 , 15.93267
95.63 , 66.2539367675 , 15.93867
95.67 , 66.3625488281 , 15.94450
95.70 , 66.3625488281 , 15.95050
95.74 , 66.4711608886 , 15.95617
95.77 , 66.4711608886 , 15.96217
95.81 , 66.4711608886 , 15.96800
95.84 , 66.4711608886 , 15.97400
95.88 , 66.4711608886 , 15.98000
95.91 , 66.4711608886 , 15.98583
95.95 , 66.4711608886 , 15.99167
95.98 , 66.5797729492 , 15.99750
96.02 , 66.5797729492 , 16.00350
96.06 , 66.5797729492 , 16.00934
96.09 , 66.5797729492 , 16.01534
96.13 , 66.6883850097 , 16.02100
96.16 , 66.6883850097 , 16.02700
96.20 , 66.6883850097 , 16.03283
96.23 , 66.7969970703 , 16.03883
96.27 , 66.7969970703 , 16.04467
96.30 , 66.7969970703 , 16.05067
96.34 , 66.7969970703 , 16.05633
96.37 , 66.7969970703 , 16.06233
96.41 , 66.9056091308 , 16.06834
96.44 , 66.9056091308 , 16.07417
96.48 , 66.9056091308 , 16.08017
96.52 , 67.0142288208 , 16.08600
96.55 , 67.0142288208 , 16.09184
96.59 , 67.0142288208 , 16.09767
96.62 , 67.1228408813 , 16.10367
96.66 , 67.1228408813 , 16.10950
96.69 , 67.1228408813 , 16.11550
96.73 , 67.1228408813 , 16.12133
96.76 , 67.2314529418 , 16.12717
96.80 , 67.2314529418 , 16.13300
96.83 , 67.1228408813 , 16.13900
96.87 , 67.2314529418 , 16.14484
96.90 , 67.2314529418 , 16.15083
96.94 , 67.2314529418 , 16.15667
96.97 , 67.3400650024 , 16.16250
97.01 , 67.3400650024 , 16.16850
97.05 , 67.3400650024 , 16.17433
97.08 , 67.3400650024 , 16.18033
97.12 , 67.4486770629 , 16.18617
97.15 , 67.4486770629 , 16.19217
97.19 , 67.4486770629 , 16.19783
97.22 , 67.4486770629 , 16.20384
97.26 , 67.5572891235 , 16.20967
97.29 , 67.5572891235 , 16.21567
97.33 , 67.6659011840 , 16.22150
97.36 , 67.6659011840 , 16.22733
97.40 , 67.6659011840 , 16.23317
97.43 , 67.6659011840 , 16.23917
97.47 , 67.6659011840 , 16.24500
97.51 , 67.7745132446 , 16.25100
97.54 , 67.7745132446 , 16.25700
97.58 , 67.7745132446 , 16.26267
97.61 , 67.7745132446 , 16.26867
97.65 , 67.8831253051 , 16.27450
97.68 , 67.8831253051 , 16.28050
97.72 , 67.8831253051 , 16.28634
97.75 , 67.8831253051 , 16.29233
97.79 , 67.8831253051 , 16.29800
97.82 , 67.9917449951 , 16.30400
97.86 , 67.9917449951 , 16.30983
97.89 , 68.1003570556 , 16.31583
97.93 , 68.1003570556 , 16.32167
97.97 , 68.1003570556 , 16.32767
98.00 , 68.1003570556 , 16.33333
98.04 , 68.2089691162 , 16.33934
98.07 , 68.3175811767 , 16.34517
98.11 , 68.2089691162 , 16.35117
98.14 , 68.2089691162 , 16.35717
98.18 , 68.3175811767 , 16.36300
98.21 , 68.2089691162 , 16.36883
98.25 , 68.3175811767 , 16.37467
98.28 , 68.4261932373 , 16.38067
98.32 , 68.4261932373 , 16.38650
98.36 , 68.4261932373 , 16.39250
98.39 , 68.5348052978 , 16.39834
98.43 , 68.4261932373 , 16.40417
98.46 , 68.4261932373 , 16.41000
98.50 , 68.4261932373 , 16.41600
98.53 , 68.5348052978 , 16.42183
98.57 , 68.5348052978 , 16.42783
98.60 , 68.6434173583 , 16.43350
98.64 , 68.6434173583 , 16.43950
98.67 , 68.6434173583 , 16.44550
98.71 , 68.6434173583 , 16.45133
98.74 , 68.7520294189 , 16.45734
98.78 , 68.7520294189 , 16.46317
98.81 , 68.7520294189 , 16.46900
98.85 , 68.7520294189 , 16.47484
98.88 , 68.8606414794 , 16.48084
98.92 , 68.8606414794 , 16.48667
98.96 , 68.8606414794 , 16.49267
98.99 , 68.8606414794 , 16.49850
99.03 , 68.8606414794 , 16.50433
99.06 , 68.9692611694 , 16.51017
99.10 , 68.9692611694 , 16.51617
99.13 , 68.9692611694 , 16.52200
99.17 , 68.9692611694 , 16.52800
99.20 , 69.0778732299 , 16.53384
99.24 , 69.0778732299 , 16.53967
99.27 , 69.0778732299 , 16.54567
99.31 , 69.0778732299 , 16.55150
99.34 , 69.1864852905 , 16.55750
99.38 , 69.1864852905 , 16.56333
99.42 , 69.1864852905 , 16.56933
99.45 , 69.1864852905 , 16.57500
99.49 , 69.1864852905 , 16.58100
99.52 , 69.2950973510 , 16.58683
99.56 , 69.1864852905 , 16.59284
99.59 , 69.2950973510 , 16.59867
99.63 , 69.4037094116 , 16.60467
99.66 , 69.4037094116 , 16.61034
99.70 , 69.4037094116 , 16.61633
99.73 , 69.5123214721 , 16.62217
99.77 , 69.4037094116 , 16.62817
99.80 , 69.5123214721 , 16.63417
99.84 , 69.5123214721 , 16.64000
99.87 , 69.5123214721 , 16.64583
99.91 , 69.7295455932 , 16.65167
99.95 , 69.6209335327 , 16.65767
99.98 , 69.6209335327 , 16.66350
100.02 , 69.7295455932 , 16.66950
100.05 , 69.7295455932 , 16.67534
100.09 , 69.7295455932 , 16.68150
100.12 , 69.8381576538 , 16.68750
100.16 , 69.8381576538 , 16.69367
100.20 , 69.8381576538 , 16.69967
100.23 , 69.8381576538 , 16.70583
100.27 , 69.9467773437 , 16.71200
100.31 , 69.9467773437 , 16.71784
100.34 , 69.9467773437 , 16.72400
100.38 , 69.9467773437 , 16.73000
100.42 , 70.0553894042 , 16.73617
100.45 , 70.0553894042 , 16.74217
100.49 , 70.0553894042 , 16.74833
100.53 , 70.0553894042 , 16.75433
100.56 , 70.1640014648 , 16.76033
100.60 , 70.1640014648 , 16.76634
100.63 , 70.1640014648 , 16.77250
100.67 , 70.1640014648 , 16.77867
100.71 , 70.2726135253 , 16.78467
100.75 , 70.2726135253 , 16.79084
100.78 , 70.3812255859 , 16.79683
100.82 , 70.3812255859 , 16.80283
100.85 , 70.3812255859 , 16.80883
100.89 , 70.3812255859 , 16.81500
100.93 , 70.4898376464 , 16.82100
100.96 , 70.4898376464 , 16.82717
101.00 , 70.4898376464 , 16.83317
101.04 , 70.4898376464 , 16.83934
101.07 , 70.4898376464 , 16.84533
101.11 , 70.5984497070 , 16.85133
101.14 , 70.5984497070 , 16.85750
101.18 , 70.5984497070 , 16.86350
101.22 , 70.7070617675 , 16.86967
101.25 , 70.7070617675 , 16.87567
101.29 , 70.7070617675 , 16.88183
101.33 , 70.7070617675 , 16.88767
101.36 , 70.7070617675 , 16.89383
101.40 , 70.8156738281 , 16.89983
101.44 , 70.8156738281 , 16.90600
101.47 , 70.8156738281 , 16.91217
101.51 , 70.9242935180 , 16.91817
101.54 , 70.8156738281 , 16.92417
101.58 , 70.9242935180 , 16.93017
101.62 , 70.9242935180 , 16.93633
101.65 , 70.9242935180 , 16.94233
101.69 , 70.9242935180 , 16.94850
101.73 , 71.0329055786 , 16.95450
101.76 , 71.0329055786 , 16.96067
101.80 , 71.0329055786 , 16.96650
101.84 , 71.1415176391 , 16.97267
101.87 , 71.1415176391 , 16.97883
101.91 , 71.1415176391 , 16.98483
101.95 , 71.1415176391 , 16.99100
101.98 , 71.1415176391 , 16.99700
102.02 , 71.2501296997 , 17.00317
102.05 , 71.2501296997 , 17.00900
102.09 , 71.2501296997 , 17.01517
102.13 , 71.2501296997 , 17.02117
102.16 , 71.3587417602 , 17.02733
102.20 , 71.3587417602 , 17.03350
102.24 , 71.3587417602 , 17.03950
102.27 , 71.4673538208 , 17.04567
102.31 , 71.4673538208 , 17.05150
102.35 , 71.4673538208 , 17.05767
102.38 , 71.4673538208 , 17.06367
102.42 , 71.5759658813 , 17.06983
102.45 , 71.6845779418 , 17.07583
102.49 , 71.5759658813 , 17.08200
102.53 , 71.6845779418 , 17.08800
102.56 , 71.6845779418 , 17.09400
102.60 , 71.6845779418 , 17.10017
102.64 , 71.6845779418 , 17.10617
102.67 , 71.6845779418 , 17.11234
102.71 , 71.7931900024 , 17.11833
102.75 , 71.7931900024 , 17.12450
102.78 , 71.9018096923 , 17.13033
102.82 , 71.9018096923 , 17.13650
102.86 , 71.9018096923 , 17.14250
102.89 , 71.9018096923 , 17.14867
102.93 , 72.0104217529 , 17.15467
102.96 , 72.0104217529 , 17.16083
103.00 , 72.0104217529 , 17.16700
103.04 , 72.1190338134 , 17.17284
103.07 , 72.0104217529 , 17.17900
103.11 , 72.0104217529 , 17.18500
103.15 , 72.1190338134 , 17.19117
103.18 , 72.1190338134 , 17.19717
103.22 , 72.2276458740 , 17.20334
103.26 , 72.2276458740 , 17.20933
103.29 , 72.2276458740 , 17.21533
103.33 , 72.2276458740 , 17.22134
103.36 , 72.2276458740 , 17.22750
103.40 , 72.3362579345 , 17.23367
103.44 , 72.3362579345 , 17.23967
103.47 , 72.4448699951 , 17.24584
103.51 , 72.4448699951 , 17.25184
103.55 , 72.4448699951 , 17.25783
103.58 , 72.4448699951 , 17.26383
103.62 , 72.4448699951 , 17.27000
103.66 , 72.4448699951 , 17.27600
103.69 , 72.5534820556 , 17.28217
103.73 , 72.6620941162 , 17.28817
103.77 , 72.5534820556 , 17.29434
103.80 , 72.5534820556 , 17.30034
103.84 , 72.5534820556 , 17.30633
103.87 , 72.6620941162 , 17.31250
103.91 , 72.7707214355 , 17.31850
103.95 , 72.6620941162 , 17.32467
103.98 , 72.6620941162 , 17.33067
104.02 , 72.8793334960 , 17.33667
104.06 , 72.7707214355 , 17.34267
104.09 , 72.7707214355 , 17.34884
104.13 , 72.8793334960 , 17.35483
104.17 , 72.8793334960 , 17.36100
104.20 , 72.8793334960 , 17.36717
104.24 , 72.9879455566 , 17.37317
104.27 , 72.8793334960 , 17.37917
104.31 , 72.9879455566 , 17.38517
104.35 , 72.9879455566 , 17.39134
104.38 , 72.9879455566 , 17.39734
104.42 , 73.0965576171 , 17.40350
104.46 , 73.0965576171 , 17.40950
104.49 , 73.0965576171 , 17.41567
104.53 , 73.0965576171 , 17.42167
104.57 , 73.2051696777 , 17.42767
104.60 , 73.2051696777 , 17.43383
104.64 , 73.2051696777 , 17.43984
104.68 , 73.3137817382 , 17.44600
104.71 , 73.3137817382 , 17.45200
104.75 , 73.3137817382 , 17.45817
104.78 , 73.4223937988 , 17.46400
104.82 , 73.4223937988 , 17.47017
104.86 , 73.4223937988 , 17.47617
104.89 , 73.4223937988 , 17.48233
104.93 , 73.5310134887 , 17.48850
104.97 , 73.5310134887 , 17.49450
105.00 , 73.5310134887 , 17.50067
105.04 , 73.4223937988 , 17.50650
105.08 , 73.6396255493 , 17.51267
105.11 , 73.5310134887 , 17.51867
105.15 , 73.6396255493 , 17.52483
105.18 , 73.7482376098 , 17.53083
105.22 , 73.7482376098 , 17.53700
105.26 , 73.7482376098 , 17.54284
105.29 , 73.7482376098 , 17.54900
105.33 , 73.7482376098 , 17.55517
105.37 , 73.8568496704 , 17.56117
105.40 , 73.8568496704 , 17.56733
105.44 , 73.8568496704 , 17.57333
105.48 , 73.9654617309 , 17.57950
105.51 , 73.9654617309 , 17.58534
105.55 , 73.9654617309 , 17.59150
105.58 , 74.0740737915 , 17.59750
105.62 , 74.0740737915 , 17.60367
105.66 , 74.0740737915 , 17.60967
105.69 , 74.0740737915 , 17.61583
105.73 , 74.0740737915 , 17.62200
105.77 , 74.1826858520 , 17.62784
105.80 , 74.1826858520 , 17.63400
105.84 , 74.1826858520 , 17.64000
105.88 , 74.1826858520 , 17.64617
105.91 , 74.1826858520 , 17.65217
105.95 , 74.2912979125 , 17.65833
105.99 , 74.2912979125 , 17.66433
106.02 , 74.2912979125 , 17.67033
106.06 , 74.3999099731 , 17.67634
106.09 , 74.3999099731 , 17.68250
106.13 , 74.2912979125 , 17.68867
106.17 , 74.3999099731 , 17.69467
106.20 , 74.3999099731 , 17.70083
106.24 , 74.5085296630 , 17.70683
106.28 , 74.5085296630 , 17.71283
106.31 , 74.5085296630 , 17.71883
106.35 , 74.5085296630 , 17.72500
106.39 , 74.5085296630 , 17.73100
106.42 , 74.5085296630 , 17.73717
106.46 , 74.7257537841 , 17.74317
106.50 , 74.7257537841 , 17.74934
106.53 , 74.6171417236 , 17.75533
106.57 , 74.6171417236 , 17.76133
106.61 , 74.7257537841 , 17.76750
106.64 , 74.7257537841 , 17.77350
106.68 , 74.7257537841 , 17.77967
106.71 , 74.8343658447 , 17.78567
106.75 , 74.8343658447 , 17.79167
106.79 , 74.8343658447 , 17.79767
106.82 , 74.9429779052 , 17.80383
106.86 , 74.8343658447 , 17.81000
106.90 , 74.9429779052 , 17.81600
106.93 , 74.9429779052 , 17.82217
106.97 , 75.0515899658 , 17.82817
107.00 , 75.0515899658 , 17.83417
107.04 , 75.0515899658 , 17.84017
107.08 , 75.1602020263 , 17.84634
107.11 , 75.1602020263 , 17.85233
107.15 , 75.2688140869 , 17.85850
107.19 , 75.1602020263 , 17.86450
107.22 , 75.2688140869 , 17.87067
107.26 , 75.2688140869 , 17.87667
107.30 , 75.1602020263 , 17.88267
107.33 , 75.2688140869 , 17.88883
107.37 , 75.3774261474 , 17.89484
107.41 , 75.4860458374 , 17.90100
107.44 , 75.3774261474 , 17.90700
107.48 , 75.3774261474 , 17.91317
107.51 , 75.4860458374 , 17.91900
107.55 , 75.4860458374 , 17.92517
107.59 , 75.4860458374 , 17.93117
107.62 , 75.4860458374 , 17.93733
107.66 , 75.5946578979 , 17.94350
107.70 , 75.5946578979 , 17.94950
107.73 , 75.5946578979 , 17.95567
107.77 , 75.5946578979 , 17.96150
107.81 , 75.7032699584 , 17.96767
107.84 , 75.7032699584 , 17.97367
107.88 , 75.7032699584 , 17.97983
107.91 , 75.8118820190 , 17.98583
107.95 , 75.7032699584 , 17.99200
107.99 , 75.8118820190 , 17.99783
108.02 , 75.9204940795 , 18.00400
108.06 , 75.7032699584 , 18.01017
108.10 , 75.9204940795 , 18.01617
108.13 , 75.9204940795 , 18.02234
108.17 , 76.0291061401 , 18.02833
108.21 , 75.9204940795 , 18.03450
108.24 , 76.0291061401 , 18.04033
108.28 , 76.0291061401 , 18.04650
108.31 , 76.1377182006 , 18.05250
108.35 , 76.1377182006 , 18.05867
108.39 , 76.1377182006 , 18.06467
108.43 , 76.1377182006 , 18.07084
108.46 , 76.1377182006 , 18.07700
108.50 , 76.2463302612 , 18.08283
108.53 , 76.2463302612 , 18.08900
108.57 , 76.2463302612 , 18.09500
108.61 , 76.2463302612 , 18.10117
108.64 , 76.2463302612 , 18.10717
108.68 , 76.3549423217 , 18.11334
108.72 , 76.3549423217 , 18.11934
108.75 , 76.4635620117 , 18.12533
108.79 , 76.4635620117 , 18.13134
108.82 , 76.3549423217 , 18.13750
108.86 , 76.4635620117 , 18.14367
108.90 , 76.4635620117 , 18.14967
108.93 , 76.4635620117 , 18.15583
108.97 , 76.5721740722 , 18.16184
109.01 , 76.5721740722 , 18.16784
109.04 , 76.6807861328 , 18.17383
109.08 , 76.5721740722 , 18.18000
109.12 , 76.6807861328 , 18.18600
109.15 , 76.6807861328 , 18.19217
109.19 , 76.6807861328 , 18.19833
109.22 , 76.7893981933 , 18.20417
109.26 , 76.6807861328 , 18.21034
109.30 , 76.6807861328 , 18.21633
109.33 , 76.7893981933 , 18.22250
109.37 , 76.7893981933 , 18.22850
109.41 , 76.8980102539 , 18.23467
109.44 , 76.8980102539 , 18.24067
109.48 , 76.8980102539 , 18.24667
109.52 , 77.0066223144 , 18.25267
109.55 , 77.0066223144 , 18.25884
109.59 , 77.0066223144 , 18.26500
109.63 , 77.0066223144 , 18.27100
109.66 , 77.1152343750 , 18.27717
109.70 , 77.1152343750 , 18.28317
109.73 , 77.1152343750 , 18.28917
109.77 , 77.2238464355 , 18.29517
109.81 , 77.2238464355 , 18.30134
109.84 , 77.2238464355 , 18.30734
109.88 , 77.3324584960 , 18.31350
109.92 , 77.2238464355 , 18.31950
109.95 , 77.2238464355 , 18.32567
109.99 , 77.3324584960 , 18.33167
110.03 , 77.4410781860 , 18.33767
110.06 , 77.4410781860 , 18.34383
110.10 , 77.4410781860 , 18.34984
110.14 , 77.3324584960 , 18.35600
110.17 , 77.4410781860 , 18.36200
110.21 , 77.5496902465 , 18.36817
110.24 , 77.5496902465 , 18.37400
110.28 , 77.5496902465 , 18.38017
110.32 , 77.5496902465 , 18.38617
110.35 , 77.6583023071 , 18.39233
110.39 , 77.5496902465 , 18.39850
110.43 , 77.6583023071 , 18.40450
110.46 , 77.7669143676 , 18.41067
110.50 , 77.7669143676 , 18.41650
110.54 , 77.7669143676 , 18.42267
110.57 , 77.7669143676 , 18.42867
110.61 , 77.7669143676 , 18.43483
110.64 , 77.7669143676 , 18.44083
110.68 , 77.8755264282 , 18.44700
110.72 , 77.8755264282 , 18.45284
110.75 , 77.8755264282 , 18.45900
110.79 , 77.8755264282 , 18.46517
110.83 , 77.9841384887 , 18.47117
110.86 , 77.9841384887 , 18.47733
110.90 , 77.9841384887 , 18.48333
110.94 , 78.0927505493 , 18.48950
110.97 , 78.0927505493 , 18.49534
111.01 , 78.0927505493 , 18.50150
111.04 , 78.2013626098 , 18.50750
111.08 , 78.2013626098 , 18.51367
111.12 , 78.2013626098 , 18.51967
111.15 , 78.2013626098 , 18.52583
111.19 , 78.2013626098 , 18.53200
111.23 , 78.3099746704 , 18.53783
111.26 , 78.3099746704 , 18.54400
111.30 , 78.3099746704 , 18.55000
111.34 , 78.3099746704 , 18.55617
111.37 , 78.4185943603 , 18.56217
111.41 , 78.4185943603 , 18.56834
111.45 , 78.5272064208 , 18.57433
111.48 , 78.4185943603 , 18.58033
111.52 , 78.5272064208 , 18.58650
111.55 , 78.6358184814 , 18.59250
111.59 , 78.5272064208 , 18.59867
111.63 , 78.6358184814 , 18.60467
111.66 , 78.6358184814 , 18.61083
111.70 , 78.6358184814 , 18.61667
111.74 , 78.6358184814 , 18.62283
111.77 , 78.6358184814 , 18.62883
111.81 , 78.7444305419 , 18.63500
111.85 , 78.7444305419 , 18.64100
111.88 , 78.7444305419 , 18.64717
111.92 , 78.7444305419 , 18.65333
111.95 , 78.8530426025 , 18.65917
111.99 , 78.8530426025 , 18.66533
112.03 , 78.8530426025 , 18.67133
112.06 , 78.9616546630 , 18.67750
112.10 , 78.9616546630 , 18.68350
112.14 , 78.9616546630 , 18.68967
112.17 , 78.9616546630 , 18.69567
112.21 , 79.0702667236 , 18.70167
112.25 , 79.0702667236 , 18.70767
112.28 , 79.0702667236 , 18.71383
112.32 , 79.0702667236 , 18.72000
112.36 , 79.0702667236 , 18.72600
112.39 , 79.1788787841 , 18.73217
112.43 , 79.1788787841 , 18.73817
112.46 , 79.1788787841 , 18.74417
112.50 , 79.2874908447 , 18.75017
112.54 , 79.2874908447 , 18.75634
112.57 , 79.3961105346 , 18.76233
112.61 , 79.2874908447 , 18.76850
112.65 , 79.3961105346 , 18.77450
112.68 , 79.5047225952 , 18.78067
112.72 , 79.5047225952 , 18.78667
112.76 , 79.5047225952 , 18.79267
112.79 , 79.3961105346 , 18.79883
112.83 , 79.5047225952 , 18.80484
112.87 , 79.5047225952 , 18.81100
112.90 , 79.6133346557 , 18.81700
112.94 , 79.6133346557 , 18.82317
112.97 , 79.6133346557 , 18.82900
113.01 , 79.6133346557 , 18.83517
113.05 , 79.7219467163 , 18.84117
113.08 , 79.7219467163 , 18.84733
113.12 , 79.8305587768 , 18.85350
113.16 , 79.8305587768 , 18.85950
113.19 , 79.8305587768 , 18.86550
113.23 , 79.8305587768 , 18.87150
113.27 , 79.8305587768 , 18.87767
113.30 , 79.8305587768 , 18.88367
113.34 , 79.8305587768 , 18.88983
113.37 , 79.9391708374 , 18.89583
113.41 , 79.9391708374 , 18.90200
113.45 , 79.9391708374 , 18.90783
113.48 , 79.9391708374 , 18.91400
113.52 , 80.0477828979 , 18.92017
113.56 , 80.0477828979 , 18.92617
113.59 , 80.0477828979 , 18.93234
113.63 , 80.1563949584 , 18.93833
113.67 , 80.0477828979 , 18.94450
113.70 , 80.1563949584 , 18.95034
113.74 , 80.1563949584 , 18.95650
113.77 , 80.1563949584 , 18.96250
113.81 , 80.1563949584 , 18.96867
113.85 , 80.2650070190 , 18.97484
113.88 , 80.2650070190 , 18.98084
113.92 , 80.2650070190 , 18.98700
113.96 , 80.2650070190 , 18.99283
113.99 , 80.3736267089 , 18.99900
114.03 , 80.3736267089 , 19.00500
114.07 , 80.4822387695 , 19.01117
114.10 , 80.4822387695 , 19.01717
114.14 , 80.4822387695 , 19.02334
114.18 , 80.4822387695 , 19.02934
114.21 , 80.4822387695 , 19.03533
114.25 , 80.4822387695 , 19.04150
114.29 , 80.5908508300 , 19.04750
114.32 , 80.5908508300 , 19.05367
114.36 , 80.6994628906 , 19.05967
114.39 , 80.6994628906 , 19.06583
114.43 , 80.6994628906 , 19.07167
114.47 , 80.6994628906 , 19.07784
114.50 , 80.6994628906 , 19.08383
114.54 , 80.8080749511 , 19.09000
114.58 , 80.8080749511 , 19.09600
114.61 , 80.8080749511 , 19.10217
114.65 , 80.9166870117 , 19.10833
114.68 , 80.8080749511 , 19.11417
114.72 , 80.9166870117 , 19.12034
114.76 , 80.9166870117 , 19.12634
114.79 , 81.0252990722 , 19.13250
114.83 , 81.0252990722 , 19.13850
114.87 , 81.0252990722 , 19.14467
114.90 , 81.1339263916 , 19.15067
114.94 , 81.1339263916 , 19.15667
114.98 , 81.2425384521 , 19.16267
115.01 , 81.1339263916 , 19.16884
115.05 , 81.1339263916 , 19.17500
115.09 , 81.2425384521 , 19.18100
115.12 , 81.2425384521 , 19.18717
115.16 , 81.3511505126 , 19.19317
115.19 , 81.2425384521 , 19.19917
115.23 , 81.3511505126 , 19.20517
115.27 , 81.3511505126 , 19.21133
115.30 , 81.3511505126 , 19.21734
115.34 , 81.4597625732 , 19.22350
115.38 , 81.4597625732 , 19.22950
115.41 , 81.4597625732 , 19.23567
115.45 , 81.4597625732 , 19.24167
115.49 , 81.5683746337 , 19.24767
115.52 , 81.5683746337 , 19.25383
115.56 , 81.6769866943 , 19.25984
115.60 , 81.5683746337 , 19.26600
115.63 , 81.4597625732 , 19.27200
115.67 , 81.6769866943 , 19.27800
115.70 , 81.7855987548 , 19.28400
115.74 , 81.6769866943 , 19.29017
115.78 , 81.7855987548 , 19.29617
115.81 , 81.7855987548 , 19.30233
115.85 , 81.7855987548 , 19.30850
115.89 , 81.7855987548 , 19.31450
115.92 , 81.7855987548 , 19.32050
115.96 , 81.8942108154 , 19.32650
116.00 , 81.8942108154 , 19.33267
116.03 , 81.8942108154 , 19.33867
116.07 , 81.8942108154 , 19.34483
116.11 , 81.8942108154 , 19.35083
116.14 , 82.0028305053 , 19.35700
116.18 , 82.1114425659 , 19.36300
116.21 , 82.0028305053 , 19.36900
116.25 , 82.0028305053 , 19.37517
116.29 , 82.0028305053 , 19.38117
116.32 , 82.1114425659 , 19.38733
116.36 , 82.1114425659 , 19.39333
116.40 , 82.2200546264 , 19.39950
116.43 , 82.2200546264 , 19.40534
116.47 , 82.3286666870 , 19.41150
116.50 , 82.2200546264 , 19.41750
116.54 , 82.3286666870 , 19.42367
116.58 , 82.3286666870 , 19.42984
116.61 , 82.3286666870 , 19.43583
116.65 , 82.3286666870 , 19.44200
116.69 , 82.3286666870 , 19.44783
116.72 , 82.4372787475 , 19.45400
116.76 , 82.5458908081 , 19.46000
116.80 , 82.5458908081 , 19.46617
116.83 , 82.4372787475 , 19.47217
116.87 , 82.6545028686 , 19.47834
116.90 , 82.5458908081 , 19.48417
116.94 , 82.6545028686 , 19.49033
116.98 , 82.6545028686 , 19.49650
117.01 , 82.7631149291 , 19.50250
117.05 , 82.6545028686 , 19.50867
117.09 , 82.7631149291 , 19.51467
117.12 , 82.7631149291 , 19.52083
117.16 , 82.7631149291 , 19.52667
117.20 , 82.8717269897 , 19.53283
117.23 , 82.8717269897 , 19.53883
117.27 , 82.8717269897 , 19.54500
117.31 , 82.8717269897 , 19.55100
117.34 , 82.9803466796 , 19.55717
117.38 , 82.9803466796 , 19.56333
117.41 , 82.9803466796 , 19.56917
117.45 , 83.0889587402 , 19.57534
117.49 , 82.9803466796 , 19.58133
117.52 , 83.0889587402 , 19.58750
117.56 , 83.0889587402 , 19.59350
117.60 , 83.1975708007 , 19.59967
117.63 , 83.1975708007 , 19.60567
117.67 , 83.1975708007 , 19.61167
117.71 , 83.1975708007 , 19.61767
117.74 , 83.1975708007 , 19.62383
117.78 , 83.3061828613 , 19.63000
117.82 , 83.3061828613 , 19.63600
117.85 , 83.3061828613 , 19.64217
117.89 , 83.4147949218 , 19.64817
117.93 , 83.4147949218 , 19.65417
117.96 , 83.4147949218 , 19.66017
118.00 , 83.4147949218 , 19.66633
118.03 , 83.5234069824 , 19.67233
118.07 , 83.5234069824 , 19.67850
118.11 , 83.5234069824 , 19.68450
118.14 , 83.5234069824 , 19.69067
118.18 , 83.6320190429 , 19.69667
118.22 , 83.5234069824 , 19.70267
118.25 , 83.6320190429 , 19.70883
118.29 , 83.6320190429 , 19.71483
118.33 , 83.7406311035 , 19.72100
118.36 , 83.6320190429 , 19.72700
118.40 , 83.7406311035 , 19.73300
118.43 , 83.7406311035 , 19.73900
118.47 , 83.7406311035 , 19.74517
118.51 , 83.6320190429 , 19.75134
118.54 , 83.8492431640 , 19.75733
118.58 , 83.8492431640 , 19.76350
118.62 , 83.8492431640 , 19.76950
118.65 , 83.8492431640 , 19.77550
118.69 , 83.9578628540 , 19.78150
118.73 , 83.9578628540 , 19.78767
118.76 , 83.9578628540 , 19.79367
118.80 , 84.0664749145 , 19.79984
118.83 , 84.0664749145 , 19.80583
118.87 , 84.0664749145 , 19.81200
118.91 , 84.0664749145 , 19.81800
118.94 , 84.1750869750 , 19.82400
118.98 , 84.1750869750 , 19.83017
119.02 , 84.1750869750 , 19.83617
119.05 , 84.1750869750 , 19.84234
119.09 , 84.1750869750 , 19.84833
119.13 , 84.2836990356 , 19.85450
119.16 , 84.2836990356 , 19.86034
119.20 , 84.3923110961 , 19.86650
119.23 , 84.3923110961 , 19.87250
119.27 , 84.3923110961 , 19.87867
119.31 , 84.3923110961 , 19.88484
119.34 , 84.5009231567 , 19.89084
119.38 , 84.5009231567 , 19.89700
119.42 , 84.5009231567 , 19.90283
119.45 , 84.5009231567 , 19.90900
119.49 , 84.6095352172 , 19.91500
119.53 , 84.6095352172 , 19.92117
119.56 , 84.6095352172 , 19.92717
119.60 , 84.6095352172 , 19.93334
119.63 , 84.6095352172 , 19.93917
119.67 , 84.6095352172 , 19.94533
119.71 , 84.7181472778 , 19.95150
119.75 , 84.8267593383 , 19.95750
119.78 , 84.7181472778 , 19.96367
119.82 , 84.8267593383 , 19.96967
119.86 , 84.8267593383 , 19.97583
119.89 , 84.9353790283 , 19.98167
119.93 , 84.8267593383 , 19.98784
119.96 , 84.9353790283 , 19.99383
120.00 , 84.8267593383 , 20.00000
120.04 , 84.9353790283 , 20.00600
120.07 , 85.0439910888 , 20.01217
120.11 , 85.0439910888 , 20.01833
120.14 , 85.0439910888 , 20.02417
120.18 , 85.1526031494 , 20.03034
120.22 , 85.1526031494 , 20.03634
120.25 , 85.1526031494 , 20.04250
120.29 , 85.1526031494 , 20.04850
120.33 , 85.2612152099 , 20.05467
120.36 , 85.1526031494 , 20.06067
120.40 , 85.2612152099 , 20.06667
120.44 , 85.2612152099 , 20.07267
120.47 , 85.2612152099 , 20.07884
120.51 , 85.2612152099 , 20.08500
120.55 , 85.2612152099 , 20.09100
120.58 , 85.3698272705 , 20.09717
120.62 , 85.2612152099 , 20.10317
120.65 , 85.2612152099 , 20.10917
120.69 , 85.4784393310 , 20.11517
120.73 , 85.4784393310 , 20.12133
120.76 , 85.4784393310 , 20.12734
120.80 , 85.5870513916 , 20.13350
120.84 , 85.4784393310 , 20.13967
120.87 , 85.5870513916 , 20.14550
120.91 , 85.5870513916 , 20.15167
120.95 , 85.5870513916 , 20.15767
120.98 , 85.5870513916 , 20.16383
121.02 , 85.6956634521 , 20.16983
121.06 , 85.5870513916 , 20.17600
121.09 , 85.6956634521 , 20.18200
121.13 , 85.8042755126 , 20.18800
121.16 , 85.8042755126 , 20.19400
121.20 , 85.9128952026 , 20.20017
121.24 , 85.8042755126 , 20.20633
121.27 , 85.9128952026 , 20.21233
121.31 , 85.9128952026 , 20.21850
121.35 , 86.0215072631 , 20.22450
121.38 , 85.9128952026 , 20.23050
121.42 , 86.0215072631 , 20.23650
121.46 , 86.0215072631 , 20.24267
121.49 , 86.0215072631 , 20.24867
121.53 , 86.0215072631 , 20.25483
121.56 , 86.1301193237 , 20.26083
121.60 , 86.1301193237 , 20.26700
121.64 , 86.2387313842 , 20.27300
121.67 , 86.2387313842 , 20.27900
121.71 , 86.2387313842 , 20.28517
121.75 , 86.2387313842 , 20.29117
121.78 , 86.2387313842 , 20.29733
121.82 , 86.3473434448 , 20.30333
121.86 , 86.3473434448 , 20.30950
121.89 , 86.3473434448 , 20.31534
121.93 , 86.3473434448 , 20.32150
121.96 , 86.4559555053 , 20.32750
122.00 , 86.4559555053 , 20.33367
122.04 , 86.3473434448 , 20.33983
122.07 , 86.5645675659 , 20.34583
122.11 , 86.5645675659 , 20.35200
122.15 , 86.5645675659 , 20.35783
122.18 , 86.5645675659 , 20.36400
122.22 , 86.6731796264 , 20.37000
122.26 , 86.5645675659 , 20.37617
122.29 , 86.6731796264 , 20.38217
122.33 , 86.6731796264 , 20.38833
122.36 , 86.6731796264 , 20.39417
122.40 , 86.6731796264 , 20.40033
122.44 , 86.7817916870 , 20.40650
122.47 , 86.7817916870 , 20.41250
122.51 , 86.7817916870 , 20.41867
122.55 , 86.7817916870 , 20.42467
122.58 , 86.8904113769 , 20.43083
122.62 , 86.8904113769 , 20.43667
122.66 , 86.8904113769 , 20.44283
122.69 , 86.8904113769 , 20.44883
122.73 , 86.8904113769 , 20.45500
122.77 , 86.9990234375 , 20.46100
122.80 , 86.9990234375 , 20.46717
122.84 , 86.9990234375 , 20.47333
122.87 , 87.1076354980 , 20.47917
122.91 , 87.1076354980 , 20.48534
122.95 , 87.1076354980 , 20.49133
122.98 , 87.2162475585 , 20.49750
123.02 , 87.1076354980 , 20.50350
123.06 , 87.2162475585 , 20.50967
123.09 , 87.2162475585 , 20.51567
123.13 , 87.2162475585 , 20.52167
123.17 , 87.2162475585 , 20.52783
123.20 , 87.3248596191 , 20.53384
123.24 , 87.3248596191 , 20.54000
123.28 , 87.3248596191 , 20.54600
123.31 , 87.4334716796 , 20.55217
123.35 , 87.4334716796 , 20.55800
123.38 , 87.4334716796 , 20.56417
123.42 , 87.4334716796 , 20.57017
123.46 , 87.5420837402 , 20.57633
123.49 , 87.5420837402 , 20.58234
123.53 , 87.5420837402 , 20.58850
123.57 , 87.5420837402 , 20.59467
123.60 , 87.5420837402 , 20.60050
123.64 , 87.6506958007 , 20.60667
123.68 , 87.6506958007 , 20.61267
123.71 , 87.6506958007 , 20.61883
123.75 , 87.6506958007 , 20.62483
123.79 , 87.8679275512 , 20.63100
123.82 , 87.8679275512 , 20.63700
123.86 , 87.8679275512 , 20.64300
123.89 , 87.8679275512 , 20.64900
123.93 , 87.8679275512 , 20.65517
123.97 , 87.8679275512 , 20.66134
124.00 , 87.8679275512 , 20.66733
124.04 , 87.9765396118 , 20.67350
124.08 , 87.9765396118 , 20.67950
124.11 , 87.9765396118 , 20.68550
124.15 , 88.0851516723 , 20.69150
124.19 , 88.0851516723 , 20.69767
124.22 , 88.0851516723 , 20.70367
124.26 , 88.0851516723 , 20.70984
124.29 , 88.0851516723 , 20.71583
124.33 , 88.1937637329 , 20.72200
124.37 , 88.1937637329 , 20.72800
124.40 , 88.3023757934 , 20.73400
124.44 , 88.3023757934 , 20.74017
124.48 , 88.3023757934 , 20.74617
124.51 , 88.4109878540 , 20.75234
124.55 , 88.3023757934 , 20.75834
124.59 , 88.4109878540 , 20.76450
124.62 , 88.4109878540 , 20.77033
124.66 , 88.5195999145 , 20.77650
124.69 , 88.5195999145 , 20.78250
124.73 , 88.5195999145 , 20.78867
124.77 , 88.5195999145 , 20.79483
124.80 , 88.5195999145 , 20.80084
124.84 , 88.5195999145 , 20.80684
124.88 , 88.6282119750 , 20.81283
124.91 , 88.6282119750 , 20.81900
124.95 , 88.6282119750 , 20.82500
124.99 , 88.6282119750 , 20.83117
125.02 , 88.7368240356 , 20.83717
125.06 , 88.7368240356 , 20.84333
125.09 , 88.7368240356 , 20.84917
125.13 , 88.7368240356 , 20.85534
125.17 , 88.7368240356 , 20.86150
125.20 , 88.8454437255 , 20.86750
125.24 , 88.8454437255 , 20.87367
125.28 , 88.8454437255 , 20.87967
125.31 , 88.8454437255 , 20.88583