1.00 , 0.0000000000 , 0.16633
1.03 , 0.1086129074 , 0.17167
1.06 , 0.0000000000 , 0.17700
1.09 , 0.0000000000 , 0.18233
1.13 , 0.0000000000 , 0.18783
1.16 , 0.0000000000 , 0.19317
1.19 , 0.0000000000 , 0.19850
1.22 , 0.1086129074 , 0.20383
1.26 , -0.1086129074 , 0.20933
1.29 , 0.1086129074 , 0.21483
1.32 , 0.1086129074 , 0.22017
1.35 , 0.2172258138 , 0.22550
1.39 , 0.2172258138 , 0.23100
1.42 , 0.3258387088 , 0.23633
1.45 , 0.2172258138 , 0.24183
1.48 , 0.4344516277 , 0.24700
1.51 , 0.2172258138 , 0.25250
1.55 , 0.3258387088 , 0.25783
1.58 , 0.3258387088 , 0.26333
1.61 , 0.3258387088 , 0.26850
1.64 , 0.3258387088 , 0.27400
1.68 , 0.3258387088 , 0.27933
1.71 , 0.3258387088 , 0.28483
1.74 , 0.3258387088 , 0.29000
1.77 , 0.2172258138 , 0.29550
1.80 , 0.3258387088 , 0.30083
1.84 , 0.3258387088 , 0.30633
1.87 , 0.3258387088 , 0.31150
1.90 , 0.3258387088 , 0.31700
1.93 , 0.3258387088 , 0.32233
1.97 , 0.2172258138 , 0.32783
2.00 , 0.2172258138 , 0.33300
2.03 , 0.3258387088 , 0.33850
2.06 , 0.2172258138 , 0.34383
2.10 , 0.2172258138 , 0.34917
2.13 , 0.2172258138 , 0.35450
2.16 , 0.3258387088 , 0.35983
2.19 , 0.3258387088 , 0.36533
2.22 , 0.2172258138 , 0.37067
2.26 , 0.3258387088 , 0.37600
2.29 , 0.3258387088 , 0.38133
2.32 , 0.3258387088 , 0.38683
2.35 , 0.3258387088 , 0.39217
2.39 , 0.3258387088 , 0.39750
2.42 , 0.3258387088 , 0.40283
2.45 , 0.3258387088 , 0.40833
2.48 , 0.2172258138 , 0.41367
2.51 , 0.2172258138 , 0.41900
2.55 , 0.3258387088 , 0.42433
2.58 , 0.3258387088 , 0.42983
2.61 , 0.3258387088 , 0.43517
2.64 , 0.2172258138 , 0.44050
2.68 , 0.3258387088 , 0.44583
2.71 , 0.2172258138 , 0.45133
2.74 , 0.3258387088 , 0.45667
2.77 , 0.3258387088 , 0.46200
2.80 , 0.3258387088 , 0.46733
2.84 , 0.2172258138 , 0.47283
2.87 , 0.3258387088 , 0.47817
2.90 , 0.3258387088 , 0.48367
2.93 , 0.3258387088 , 0.48883
2.97 , 0.2172258138 , 0.49433
3.00 , 0.2172258138 , 0.49967
3.03 , 0.2172258138 , 0.50517
3.06 , 0.3258387088 , 0.51033
3.10 , 0.3258387088 , 0.51583
3.13 , 0.3258387088 , 0.52117
3.16 , 0.2172258138 , 0.52650
3.19 , 0.3258387088 , 0.53183
3.22 , 0.3258387088 , 0.53717
3.26 , 0.3258387088 , 0.54267
3.29 , 0.3258387088 , 0.54800
3.32 , 0.3258387088 , 0.55333
3.35 , 0.3258387088 , 0.55867
3.39 , 0.3258387088 , 0.56417
3.42 , 0.3258387088 , 0.56950
3.45 , 0.3258387088 , 0.57483
3.48 , 0.3258387088 , 0.58017
3.51 , 0.3258387088 , 0.58567
3.55 , 0.2172258138 , 0.59100
3.58 , 0.3258387088 , 0.59633
3.61 , 0.3258387088 , 0.60167
3.64 , 0.3258387088 , 0.60717
3.68 , 0.4344516277 , 0.61250
3.71 , 0.3258387088 , 0.61783
3.74 , 0.3258387088 , 0.62317
3.77 , 0.3258387088 , 0.62867
3.80 , 0.3258387088 , 0.63400
3.84 , 0.4344516277 , 0.63933
3.87 , 0.3258387088 , 0.64467
3.90 , 0.3258387088 , 0.65017
3.93 , 0.3258387088 , 0.65550
3.97 , 0.5430645465 , 0.66083
4.00 , 0.4344516277 , 0.66617
4.03 , 0.3258387088 , 0.67167
4.06 , 0.4344516277 , 0.67700
4.09 , 0.3258387088 , 0.68233
4.13 , 0.3258387088 , 0.68767
4.16 , 0.4344516277 , 0.69300
4.19 , 0.3258387088 , 0.69850
4.22 , 0.3258387088 , 0.70367
4.26 , 0.4344516277 , 0.70917
4.29 , 0.3258387088 , 0.71450
4.32 , 0.4344516277 , 0.72000
4.35 , 0.4344516277 , 0.72533
4.38 , 0.4344516277 , 0.73067
4.42 , 0.4344516277 , 0.73600
4.45 , 0.5430645465 , 0.74150
4.48 , 0.5430645465 , 0.74683
4.51 , 0.5430645465 , 0.75217
4.55 , 0.5430645465 , 0.75750
4.58 , 0.5430645465 , 0.76300
4.61 , 0.5430645465 , 0.76833
4.64 , 0.5430645465 , 0.77367
4.67 , 0.5430645465 , 0.77900
4.71 , 0.6516774177 , 0.78450
4.74 , 0.5430645465 , 0.78983
4.77 , 0.5430645465 , 0.79517
4.80 , 0.6516774177 , 0.80050
4.84 , 0.6516774177 , 0.80600
4.87 , 0.6516774177 , 0.81133
4.90 , 0.6516774177 , 0.81667
4.93 , 0.7602903366 , 0.82200
4.97 , 0.6516774177 , 0.82750
5.00 , 0.7602903366 , 0.83283
5.03 , 0.7602903366 , 0.83817
5.06 , 0.7602903366 , 0.84350
5.09 , 0.7602903366 , 0.84900
5.13 , 0.7602903366 , 0.85433
5.16 , 0.8689044952 , 0.85967
5.19 , 0.8689044952 , 0.86500
5.22 , 0.8689044952 , 0.87033
5.26 , 0.8689044952 , 0.87583
5.29 , 0.8689044952 , 0.88100
5.32 , 0.9775175094 , 0.88650
5.35 , 0.9775175094 , 0.89183
5.38 , 0.8689044952 , 0.89733
5.42 , 0.9775175094 , 0.90250
5.45 , 0.9775175094 , 0.90800
5.48 , 0.9775175094 , 0.91333
5.51 , 1.0861303806 , 0.91883
5.54 , 1.0861303806 , 0.92400
5.58 , 1.0861303806 , 0.92950
5.61 , 1.0861303806 , 0.93483
5.64 , 1.0861303806 , 0.94033
5.67 , 1.0861303806 , 0.94550
5.71 , 1.0861303806 , 0.95100
5.74 , 1.1947432708 , 0.95633
5.77 , 1.1947432708 , 0.96183
5.80 , 1.0861303806 , 0.96717
5.84 , 1.1947432708 , 0.97250
5.87 , 1.1947432708 , 0.97783
5.90 , 1.1947432708 , 0.98333
5.93 , 1.3033561706 , 0.98867
5.96 , 1.1947432708 , 0.99400
6.00 , 1.3033561706 , 0.99933
6.03 , 1.3033561706 , 1.00483
6.06 , 1.3033561706 , 1.01017
6.09 , 1.3033561706 , 1.01550
6.13 , 1.4119690895 , 1.02083
6.16 , 1.4119690895 , 1.02633
6.19 , 1.4119690895 , 1.03167
6.22 , 1.4119690895 , 1.03683
6.25 , 1.4119690895 , 1.04233
6.29 , 1.4119690895 , 1.04767
6.32 , 1.4119690895 , 1.05317
6.35 , 1.5205819606 , 1.05833
6.38 , 1.4119690895 , 1.06383
6.42 , 1.4119690895 , 1.06917
6.45 , 1.5205819606 , 1.07467
6.48 , 1.6291948318 , 1.07983
6.51 , 1.6291948318 , 1.08533
6.54 , 1.5205819606 , 1.09067
6.58 , 1.6291948318 , 1.09617
6.61 , 1.6291948318 , 1.10133
6.64 , 1.6291948318 , 1.10683
6.67 , 1.6291948318 , 1.11217
6.71 , 1.6291948318 , 1.11767
6.74 , 1.6291948318 , 1.12283
6.77 , 1.7378077507 , 1.12833
6.80 , 1.7378077507 , 1.13367
6.84 , 1.7378077507 , 1.13917
6.87 , 1.7378077507 , 1.14433
6.90 , 1.7378077507 , 1.14983
6.93 , 1.7378077507 , 1.15517
6.96 , 1.7378077507 , 1.16067
7.00 , 1.8464206695 , 1.16583
7.03 , 1.8464206695 , 1.17133
7.06 , 1.8464206695 , 1.17667
7.09 , 1.8464206695 , 1.18217
7.12 , 1.8464206695 , 1.18733
7.16 , 1.9550334930 , 1.19283
7.19 , 1.8464206695 , 1.19817
7.22 , 1.9550334930 , 1.20367
7.25 , 1.9550334930 , 1.20900
7.28 , 1.9550334930 , 1.21417
7.32 , 1.9550334930 , 1.21967
7.35 , 1.9550334930 , 1.22500
7.38 , 1.9550334930 , 1.23050
7.41 , 2.0636465549 , 1.23567
7.45 , 1.9550334930 , 1.24117
7.48 , 2.0636465549 , 1.24650
7.51 , 2.0636465549 , 1.25200
7.54 , 2.0636465549 , 1.25717
7.58 , 2.0636465549 , 1.26267
7.61 , 2.1722593307 , 1.26800
7.64 , 2.1722593307 , 1.27350
7.67 , 2.0636465549 , 1.27867
7.71 , 2.1722593307 , 1.28417
7.74 , 2.1722593307 , 1.28950
7.77 , 2.1722593307 , 1.29500
7.80 , 2.1722593307 , 1.30017
7.83 , 2.2808735370 , 1.30567
7.87 , 2.2808735370 , 1.31100
7.90 , 2.2808735370 , 1.31650
7.93 , 2.2808735370 , 1.32167
7.96 , 2.3894865512 , 1.32717
8.00 , 2.3894865512 , 1.33250
8.03 , 2.3894865512 , 1.33800
8.06 , 2.3894865512 , 1.34317
8.09 , 2.3894865512 , 1.34867
8.12 , 2.3894865512 , 1.35400
8.16 , 2.3894865512 , 1.35950
8.19 , 2.3894865512 , 1.36467
8.22 , 2.4980993270 , 1.37017
8.25 , 2.3894865512 , 1.37550
8.28 , 2.4980993270 , 1.38083
8.32 , 2.4980993270 , 1.38617
8.35 , 2.6067123413 , 1.39150
8.38 , 2.4980993270 , 1.39700
8.41 , 2.6067123413 , 1.40233
8.45 , 2.6067123413 , 1.40767
8.48 , 2.6067123413 , 1.41300
8.51 , 2.7153253555 , 1.41850
8.54 , 2.6067123413 , 1.42383
8.58 , 2.6067123413 , 1.42933
8.61 , 2.7153253555 , 1.43450
8.64 , 2.7153253555 , 1.44000
8.67 , 2.7153253555 , 1.44533
8.71 , 2.7153253555 , 1.45083
8.74 , 2.7153253555 , 1.45600
8.77 , 2.7153253555 , 1.46150
8.80 , 2.7153253555 , 1.46683
8.83 , 2.7153253555 , 1.47233
8.86 , 2.8239381790 , 1.47750
8.90 , 2.8239381790 , 1.48300
8.93 , 2.8239381790 , 1.48833
8.96 , 2.8239381790 , 1.49383
8.99 , 2.8239381790 , 1.49900
9.03 , 2.9325511932 , 1.50450
9.06 , 2.9325511932 , 1.50983
9.09 , 2.9325511932 , 1.51533
9.12 , 2.9325511932 , 1.52050
9.16 , 2.9325511932 , 1.52600
9.19 , 3.0411639213 , 1.53133
9.22 , 3.0411639213 , 1.53683
9.25 , 2.9325511932 , 1.54200
9.28 , 3.0411639213 , 1.54750
9.32 , 3.0411639213 , 1.55283
9.35 , 3.1497769355 , 1.55817
9.38 , 3.0411639213 , 1.56350
9.41 , 3.0411639213 , 1.56883
9.45 , 3.0411639213 , 1.57433
9.48 , 3.1497769355 , 1.57967
9.51 , 3.1497769355 , 1.58500
9.54 , 3.1497769355 , 1.59033
9.57 , 3.1497769355 , 1.59583
9.61 , 3.1497769355 , 1.60117
9.64 , 3.2583897113 , 1.60650
9.67 , 3.2583897113 , 1.61183
9.70 , 3.2583897113 , 1.61733
9.74 , 3.2583897113 , 1.62267
9.77 , 3.2583897113 , 1.62800
9.80 , 3.2583897113 , 1.63333
9.83 , 3.3670027256 , 1.63883
9.86 , 3.3670027256 , 1.64417
9.90 , 3.3670027256 , 1.64950
9.93 , 3.4756155014 , 1.65483
9.96 , 3.3670027256 , 1.66033
9.99 , 3.4756155014 , 1.66567
10.03 , 3.3670027256 , 1.67117
10.06 , 3.3670027256 , 1.67650
10.09 , 3.3670027256 , 1.68217
10.13 , 3.5842285156 , 1.68767
10.16 , 3.4756155014 , 1.69333
10.19 , 3.5842285156 , 1.69867
10.23 , 3.5842285156 , 1.70433
10.26 , 3.5842285156 , 1.70983
10.29 , 3.6928427219 , 1.71550
10.33 , 3.5842285156 , 1.72100
10.36 , 3.5842285156 , 1.72650
10.39 , 3.6928427219 , 1.73200
10.43 , 3.6928427219 , 1.73767
10.46 , 3.6928427219 , 1.74317
10.49 , 3.5842285156 , 1.74867
10.52 , 3.6928427219 , 1.75417
10.56 , 3.8014554977 , 1.75983
10.59 , 3.6928427219 , 1.76533
10.63 , 3.6928427219 , 1.77100
10.66 , 3.6928427219 , 1.77633
10.69 , 3.8014554977 , 1.78200
10.73 , 3.8014554977 , 1.78750
10.76 , 3.8014554977 , 1.79317
10.79 , 3.8014554977 , 1.79850
10.82 , 3.9100685119 , 1.80417
10.86 , 3.9100685119 , 1.80967
10.89 , 3.9100685119 , 1.81533
10.93 , 3.9100685119 , 1.82083
10.96 , 4.0186815261 , 1.82633
10.99 , 3.9100685119 , 1.83183
11.02 , 3.9100685119 , 1.83750
11.06 , 3.9100685119 , 1.84300
11.09 , 4.1272945404 , 1.84850
11.12 , 4.0186815261 , 1.85400
11.16 , 4.1272945404 , 1.85967
11.19 , 4.1272945404 , 1.86517
11.23 , 4.1272945404 , 1.87083
11.26 , 4.0186815261 , 1.87617
11.29 , 4.1272945404 , 1.88183
11.32 , 4.2359070777 , 1.88733
11.36 , 4.1272945404 , 1.89300
11.39 , 4.1272945404 , 1.89833
11.42 , 4.2359070777 , 1.90400
11.46 , 4.2359070777 , 1.90950
11.49 , 4.2359070777 , 1.91517
11.52 , 4.2359070777 , 1.92067
11.56 , 4.3445200920 , 1.92617
11.59 , 4.3445200920 , 1.93167
11.62 , 4.3445200920 , 1.93733
11.66 , 4.3445200920 , 1.94283
11.69 , 4.3445200920 , 1.94850
11.72 , 4.3445200920 , 1.95383
11.76 , 4.3445200920 , 1.95950
11.79 , 4.3445200920 , 1.96500
11.82 , 4.4531331062 , 1.97067
11.86 , 4.4531331062 , 1.97600
11.89 , 4.4531331062 , 1.98167
11.92 , 4.4531331062 , 1.98717
11.96 , 4.5617461204 , 1.99283
11.99 , 4.4531331062 , 1.99833
12.02 , 4.5617461204 , 2.00383
12.06 , 4.5617461204 , 2.00933
12.09 , 4.5617461204 , 2.01500
12.12 , 4.6703586578 , 2.02050
12.16 , 4.6703586578 , 2.02600
12.19 , 4.5617461204 , 2.03150
12.22 , 4.7789716720 , 2.03717
12.26 , 4.6703586578 , 2.04267
12.29 , 4.6703586578 , 2.04833
12.32 , 4.7789716720 , 2.05367
12.36 , 4.6703586578 , 2.05933
12.39 , 4.6703586578 , 2.06483
12.42 , 4.6703586578 , 2.07050
12.46 , 4.7789716720 , 2.07583
12.49 , 4.7789716720 , 2.08150
12.52 , 4.7789716720 , 2.08700
12.56 , 4.8875846862 , 2.09267
12.59 , 4.8875846862 , 2.09817
12.62 , 4.8875846862 , 2.10367
12.65 , 4.8875846862 , 2.10917
12.69 , 4.8875846862 , 2.11483
12.72 , 4.9961977005 , 2.12033
12.76 , 4.9961977005 , 2.12583
12.79 , 4.9961977005 , 2.13133
12.82 , 4.8875846862 , 2.13700
12.85 , 4.9961977005 , 2.14250
12.89 , 4.9961977005 , 2.14817
12.92 , 4.9961977005 , 2.15350
12.96 , 5.1048116683 , 2.15917
12.99 , 5.1048116683 , 2.16467
13.02 , 5.1048116683 , 2.17033
13.05 , 5.1048116683 , 2.17567
13.09 , 5.1048116683 , 2.18133
13.12 , 5.1048116683 , 2.18683
13.15 , 5.1048116683 , 2.19250
13.19 , 5.1048116683 , 2.19800
13.22 , 5.3220376968 , 2.20350
13.25 , 5.2134246826 , 2.20900
13.29 , 5.3220376968 , 2.21467
13.32 , 5.2134246826 , 2.22017
13.35 , 5.3220376968 , 2.22583
13.39 , 5.3220376968 , 2.23117
13.42 , 5.2134246826 , 2.23683
13.45 , 5.3220376968 , 2.24233
13.49 , 5.3220376968 , 2.24800
13.52 , 5.3220376968 , 2.25333
13.55 , 5.4306507110 , 2.25900
13.59 , 5.4306507110 , 2.26450
13.62 , 5.5392632484 , 2.27017
13.65 , 5.4306507110 , 2.27567
13.69 , 5.4306507110 , 2.28117
13.72 , 5.4306507110 , 2.28667
13.75 , 5.4306507110 , 2.29233
13.79 , 5.5392632484 , 2.29783
13.82 , 5.4306507110 , 2.30333
13.85 , 5.5392632484 , 2.30883
13.89 , 5.5392632484 , 2.31450
13.92 , 5.5392632484 , 2.32000
13.95 , 5.5392632484 , 2.32567
13.99 , 5.7564892768 , 2.33100
14.02 , 5.6478762626 , 2.33667
14.05 , 5.5392632484 , 2.34217
14.09 , 5.7564892768 , 2.34783
14.12 , 5.7564892768 , 2.35317
14.15 , 5.6478762626 , 2.35883
14.19 , 5.7564892768 , 2.36433
14.22 , 5.7564892768 , 2.37000
14.25 , 5.7564892768 , 2.37550
14.29 , 5.7564892768 , 2.38100
14.32 , 5.7564892768 , 2.38650
14.35 , 5.8651022911 , 2.39217
14.39 , 5.8651022911 , 2.39767
14.42 , 5.8651022911 , 2.40317
14.45 , 5.9737148284 , 2.40867
14.49 , 5.8651022911 , 2.41433
14.52 , 5.9737148284 , 2.41983
14.55 , 5.9737148284 , 2.42550
14.59 , 5.8651022911 , 2.43083
14.62 , 5.9737148284 , 2.43650
14.65 , 5.8651022911 , 2.44200
14.69 , 6.0823278427 , 2.44767
14.72 , 6.0823278427 , 2.45300
14.75 , 6.1909408569 , 2.45867
14.78 , 6.0823278427 , 2.46417
14.82 , 6.0823278427 , 2.46983
14.85 , 6.1909408569 , 2.47533
14.89 , 6.1909408569 , 2.48083
14.92 , 6.1909408569 , 2.48633
14.95 , 6.1909408569 , 2.49200
14.98 , 6.1909408569 , 2.49750
15.02 , 6.1909408569 , 2.50317
15.05 , 6.1909408569 , 2.50850
15.09 , 6.2995538711 , 2.51417
15.12 , 6.2995538711 , 2.51967
15.15 , 6.2995538711 , 2.52533
15.18 , 6.2995538711 , 2.53067
15.22 , 6.2995538711 , 2.53633
15.25 , 6.4081664085 , 2.54183
15.28 , 6.2995538711 , 2.54750
15.32 , 6.4081664085 , 2.55300
15.35 , 6.4081664085 , 2.55850
15.38 , 6.4081664085 , 2.56400
15.42 , 6.4081664085 , 2.56967
15.45 , 6.5167808532 , 2.57517
15.48 , 6.5167808532 , 2.58067
15.52 , 6.5167808532 , 2.58617
15.55 , 6.5167808532 , 2.59183
15.58 , 6.5167808532 , 2.59733
15.62 , 6.6253938674 , 2.60300
15.65 , 6.5167808532 , 2.60833
15.68 , 6.6253938674 , 2.61400
15.72 , 6.5167808532 , 2.61950
15.75 , 6.7340068817 , 2.62517
15.78 , 6.6253938674 , 2.63050
15.82 , 6.6253938674 , 2.63617
15.85 , 6.6253938674 , 2.64167
15.88 , 6.7340068817 , 2.64733
15.92 , 6.7340068817 , 2.65283
15.95 , 6.7340068817 , 2.65833
15.98 , 6.7340068817 , 2.66383
16.02 , 6.7340068817 , 2.66950
16.05 , 6.7340068817 , 2.67500
16.08 , 6.8426194190 , 2.68050
16.12 , 6.8426194190 , 2.68600
16.15 , 6.9512324333 , 2.69167
16.18 , 6.8426194190 , 2.69717
16.22 , 6.8426194190 , 2.70283
16.25 , 6.8426194190 , 2.70817
16.28 , 6.9512324333 , 2.71383
16.32 , 6.8426194190 , 2.71933
16.35 , 6.9512324333 , 2.72500
16.38 , 7.0598454475 , 2.73033
16.42 , 7.0598454475 , 2.73600
16.45 , 6.9512324333 , 2.74150
16.48 , 7.1684584617 , 2.74717
16.52 , 7.0598454475 , 2.75267
16.55 , 7.1684584617 , 2.75817
16.58 , 7.1684584617 , 2.76367
16.62 , 7.0598454475 , 2.76933
16.65 , 7.1684584617 , 2.77483
16.68 , 7.0598454475 , 2.78050
16.71 , 7.1684584617 , 2.78583
16.75 , 7.1684584617 , 2.79150
16.78 , 7.1684584617 , 2.79700
16.82 , 7.2770709991 , 2.80267
16.85 , 7.2770709991 , 2.80800
16.88 , 7.2770709991 , 2.81367
16.92 , 7.1684584617 , 2.81917
16.95 , 7.2770709991 , 2.82483
16.98 , 7.2770709991 , 2.83033
17.01 , 7.3856840133 , 2.83583
17.05 , 7.3856840133 , 2.84133
17.08 , 7.3856840133 , 2.84700
17.11 , 7.3856840133 , 2.85250
17.15 , 7.3856840133 , 2.85800
17.18 , 7.4942970275 , 2.86350
17.21 , 7.4942970275 , 2.86917
17.25 , 7.4942970275 , 2.87467
17.28 , 7.4942970275 , 2.88033
17.31 , 7.4942970275 , 2.88567
17.35 , 7.6029100418 , 2.89133
17.38 , 7.4942970275 , 2.89683
17.42 , 7.4942970275 , 2.90250
17.45 , 7.6029100418 , 2.90783
17.48 , 7.4942970275 , 2.91350
17.51 , 7.7115225791 , 2.91900
17.55 , 7.7115225791 , 2.92467
17.58 , 7.6029100418 , 2.93017
17.61 , 7.6029100418 , 2.93567
17.65 , 7.6029100418 , 2.94117
17.68 , 7.8201370239 , 2.94683
17.71 , 7.7115225791 , 2.95233
17.75 , 7.8201370239 , 2.95783
17.78 , 7.7115225791 , 2.96333
17.81 , 7.8201370239 , 2.96900
17.85 , 7.8201370239 , 2.97450
17.88 , 7.8201370239 , 2.98017
17.91 , 7.8201370239 , 2.98550
17.95 , 7.8201370239 , 2.99117
17.98 , 7.9287500381 , 2.99667
18.01 , 7.9287500381 , 3.00233
18.05 , 7.9287500381 , 3.00767
18.08 , 7.9287500381 , 3.01333
18.11 , 7.8201370239 , 3.01883
18.15 , 7.9287500381 , 3.02450
18.18 , 8.0373630523 , 3.03000
18.21 , 8.0373630523 , 3.03550
18.25 , 7.9287500381 , 3.04100
18.28 , 8.0373630523 , 3.04667
18.31 , 8.1459760665 , 3.05217
18.35 , 8.1459760665 , 3.05783
18.38 , 8.0373630523 , 3.06317
18.41 , 8.2545890808 , 3.06883
18.45 , 8.1459760665 , 3.07433
18.48 , 8.1459760665 , 3.08000
18.51 , 8.2545890808 , 3.08533
18.55 , 8.1459760665 , 3.09100
18.58 , 8.2545890808 , 3.09650
18.61 , 8.2545890808 , 3.10217
18.65 , 8.2545890808 , 3.10767
18.68 , 8.2545890808 , 3.11317
18.71 , 8.2545890808 , 3.11867
18.75 , 8.3632011413 , 3.12433
18.78 , 8.3632011413 , 3.12983
18.81 , 8.3632011413 , 3.13533
18.84 , 8.3632011413 , 3.14083
18.88 , 8.4718141555 , 3.14650
18.91 , 8.3632011413 , 3.15200
18.95 , 8.4718141555 , 3.15767
18.98 , 8.3632011413 , 3.16300
19.01 , 8.4718141555 , 3.16867
19.04 , 8.4718141555 , 3.17417
19.08 , 8.4718141555 , 3.17983
19.11 , 8.4718141555 , 3.18517
19.14 , 8.5804271697 , 3.19083
19.18 , 8.5804271697 , 3.19633
19.21 , 8.5804271697 , 3.20200
19.25 , 8.6890401840 , 3.20750
19.28 , 8.5804271697 , 3.21300
19.31 , 8.5804271697 , 3.21850
19.34 , 8.6890401840 , 3.22417
19.38 , 8.6890401840 , 3.22967
19.41 , 8.6890401840 , 3.23517
19.44 , 8.6890401840 , 3.24067
19.48 , 8.6890401840 , 3.24633
19.51 , 8.7976531982 , 3.25183
19.54 , 8.7976531982 , 3.25750
19.58 , 8.7976531982 , 3.26283
19.61 , 8.7976531982 , 3.26850
19.64 , 8.9062662124 , 3.27400
19.68 , 8.9062662124 , 3.27967
19.71 , 8.9062662124 , 3.28500
19.74 , 8.9062662124 , 3.29067
19.78 , 8.9062662124 , 3.29617
19.81 , 8.9062662124 , 3.30183
19.84 , 8.9062662124 , 3.30733
19.88 , 9.0148792266 , 3.31283
19.91 , 9.0148792266 , 3.31833
19.94 , 8.9062662124 , 3.32400
19.98 , 9.1234922409 , 3.32950
20.01 , 9.0148792266 , 3.33517
20.04 , 9.1234922409 , 3.34050
20.08 , 9.1234922409 , 3.34617
20.11 , 9.1234922409 , 3.35167
20.14 , 9.1234922409 , 3.35733
20.18 , 9.2321062088 , 3.36267
20.21 , 9.1234922409 , 3.36833
20.24 , 9.2321062088 , 3.37383
20.28 , 9.3407192230 , 3.37950
20.31 , 9.2321062088 , 3.38500
20.34 , 9.3407192230 , 3.39050
20.38 , 9.2321062088 , 3.39600
20.41 , 9.3407192230 , 3.40167
20.44 , 9.3407192230 , 3.40717
20.48 , 9.4493322372 , 3.41267
20.51 , 9.3407192230 , 3.41817
20.54 , 9.4493322372 , 3.42383
20.58 , 9.3407192230 , 3.42933
20.61 , 9.4493322372 , 3.43500
20.64 , 9.4493322372 , 3.44033
20.68 , 9.3407192230 , 3.44600
20.71 , 9.6665573120 , 3.45150
20.74 , 9.4493322372 , 3.45717
20.77 , 9.4493322372 , 3.46250
20.81 , 9.5579452514 , 3.46817
20.84 , 9.5579452514 , 3.47367
20.88 , 9.5579452514 , 3.47933
20.91 , 9.5579452514 , 3.48483
20.94 , 9.4493322372 , 3.49033
20.97 , 9.6665573120 , 3.49583
21.01 , 9.6665573120 , 3.50150
21.04 , 9.6665573120 , 3.50700
21.07 , 9.6665573120 , 3.51250
21.11 , 9.6665573120 , 3.51800
21.14 , 9.7751703262 , 3.52367
21.17 , 9.6665573120 , 3.52917
21.21 , 9.7751703262 , 3.53483
21.24 , 9.7751703262 , 3.54017
21.27 , 9.8837833404 , 3.54583
21.31 , 9.7751703262 , 3.55133
21.34 , 9.7751703262 , 3.55700
21.37 , 9.8837833404 , 3.56233
21.41 , 9.8837833404 , 3.56800
21.44 , 9.8837833404 , 3.57350
21.47 , 9.9923963546 , 3.57917
21.51 , 9.8837833404 , 3.58467
21.54 , 9.8837833404 , 3.59017
21.57 , 9.8837833404 , 3.59567
21.61 , 9.8837833404 , 3.60133
21.64 , 9.9923963546 , 3.60683
21.67 , 9.8837833404 , 3.61250
21.71 , 10.1010093688 , 3.61783
21.74 , 10.1010093688 , 3.62367
21.78 , 10.1010093688 , 3.62933
21.81 , 10.1010093688 , 3.63517
21.84 , 10.3182353973 , 3.64067
21.88 , 10.1010093688 , 3.64650
21.91 , 10.2096223831 , 3.65217
21.95 , 10.2096223831 , 3.65800
21.98 , 10.2096223831 , 3.66367
22.02 , 10.2096223831 , 3.66950
22.05 , 10.3182353973 , 3.67500
22.08 , 10.3182353973 , 3.68083
22.12 , 10.3182353973 , 3.68650
22.15 , 10.2096223831 , 3.69233
22.19 , 10.2096223831 , 3.69800
22.22 , 10.3182353973 , 3.70367
22.26 , 10.4268484115 , 3.70933
22.29 , 10.4268484115 , 3.71517
22.32 , 10.4268484115 , 3.72083
22.36 , 10.4268484115 , 3.72667
22.39 , 10.4268484115 , 3.73217
22.43 , 10.5354614257 , 3.73800
22.46 , 10.5354614257 , 3.74367
22.50 , 10.4268484115 , 3.74950
22.53 , 10.6440753936 , 3.75533
22.56 , 10.5354614257 , 3.76083
22.60 , 10.5354614257 , 3.76667
22.63 , 10.6440753936 , 3.77233
22.67 , 10.5354614257 , 3.77817
22.70 , 10.7526884078 , 3.78383
22.74 , 10.6440753936 , 3.78950
22.77 , 10.6440753936 , 3.79517
22.81 , 10.7526884078 , 3.80100
22.84 , 10.8613014221 , 3.80667
22.87 , 10.8613014221 , 3.81250
22.91 , 10.7526884078 , 3.81800
22.94 , 10.8613014221 , 3.82383
22.98 , 10.7526884078 , 3.82950
23.01 , 10.8613014221 , 3.83533
23.05 , 10.7526884078 , 3.84100
23.08 , 10.8613014221 , 3.84667
23.11 , 10.8613014221 , 3.85233
23.15 , 10.9699134826 , 3.85817
23.18 , 10.9699134826 , 3.86383
23.22 , 10.9699134826 , 3.86967
23.25 , 10.9699134826 , 3.87517
23.29 , 10.9699134826 , 3.88100
23.32 , 11.0785264968 , 3.88667
23.35 , 10.9699134826 , 3.89250
23.39 , 11.1871395111 , 3.89817
23.42 , 11.0785264968 , 3.90400
23.46 , 11.1871395111 , 3.90950
23.49 , 11.0785264968 , 3.91533
23.53 , 11.0785264968 , 3.92100
23.56 , 11.0785264968 , 3.92683
23.60 , 11.1871395111 , 3.93267
23.63 , 11.1871395111 , 3.93817
23.66 , 11.1871395111 , 3.94400
23.70 , 11.2957525253 , 3.94967
23.73 , 11.1871395111 , 3.95550
23.77 , 11.4043655395 , 3.96117
23.80 , 11.2957525253 , 3.96683
23.83 , 11.2957525253 , 3.97250
23.87 , 11.2957525253 , 3.97833
23.90 , 11.4043655395 , 3.98400
23.94 , 11.4043655395 , 3.98983
23.97 , 11.4043655395 , 3.99533
24.01 , 11.4043655395 , 4.00117
24.04 , 11.5129785537 , 4.00683
24.08 , 11.4043655395 , 4.01267
24.11 , 11.5129785537 , 4.01833
24.14 , 11.5129785537 , 4.02400
24.18 , 11.6215915679 , 4.02967
24.21 , 11.6215915679 , 4.03550
24.25 , 11.6215915679 , 4.04117
24.28 , 11.6215915679 , 4.04700
24.31 , 11.6215915679 , 4.05250
24.35 , 11.7302045822 , 4.05833
24.38 , 11.7302045822 , 4.06400
24.42 , 11.7302045822 , 4.06983
24.45 , 11.7302045822 , 4.07550
24.49 , 11.8388175964 , 4.08117
24.52 , 11.8388175964 , 4.08683
24.56 , 11.8388175964 , 4.09267
24.59 , 11.8388175964 , 4.09833
24.62 , 11.8388175964 , 4.10417
24.66 , 11.8388175964 , 4.10967
24.69 , 11.8388175964 , 4.11550
24.73 , 11.8388175964 , 4.12133
24.76 , 11.8388175964 , 4.12700
24.80 , 11.9474296569 , 4.13283
24.83 , 12.0560426712 , 4.13833
24.86 , 12.0560426712 , 4.14417
24.90 , 11.9474296569 , 4.14983
24.93 , 11.9474296569 , 4.15567
24.97 , 12.0560426712 , 4.16133
25.00 , 12.0560426712 , 4.16717
25.04 , 12.0560426712 , 4.17267
25.07 , 12.0560426712 , 4.17850
25.10 , 12.1646556854 , 4.18417
25.14 , 12.0560426712 , 4.19000
25.17 , 12.2732686996 , 4.19567
25.21 , 12.1646556854 , 4.20133
25.24 , 12.1646556854 , 4.20700
25.28 , 12.2732686996 , 4.21283
25.31 , 12.1646556854 , 4.21850
25.35 , 12.2732686996 , 4.22433
25.38 , 12.2732686996 , 4.22983
25.41 , 12.2732686996 , 4.23567
25.45 , 12.2732686996 , 4.24133
25.48 , 12.3818817138 , 4.24717
25.52 , 12.3818817138 , 4.25283
25.55 , 12.4904947280 , 4.25850
25.58 , 12.4904947280 , 4.26417
25.62 , 12.3818817138 , 4.27000
25.65 , 12.3818817138 , 4.27567
25.69 , 12.5991077423 , 4.28150
25.72 , 12.4904947280 , 4.28700
25.76 , 12.4904947280 , 4.29283
25.79 , 12.5991077423 , 4.29867
25.83 , 12.4904947280 , 4.30433
25.86 , 12.5991077423 , 4.31017
25.89 , 12.5991077423 , 4.31567
25.93 , 12.7077226638 , 4.32150
25.96 , 12.5991077423 , 4.32717
26.00 , 12.5991077423 , 4.33300
26.03 , 12.8163356781 , 4.33867
26.07 , 12.5991077423 , 4.34433
26.10 , 12.7077226638 , 4.35000
26.13 , 12.8163356781 , 4.35583
26.17 , 12.8163356781 , 4.36150
26.20 , 12.8163356781 , 4.36733
26.24 , 12.9249486923 , 4.37283
26.27 , 12.8163356781 , 4.37867
26.31 , 12.9249486923 , 4.38433
26.34 , 12.9249486923 , 4.39017
26.37 , 12.9249486923 , 4.39583
26.41 , 12.9249486923 , 4.40150
26.44 , 12.9249486923 , 4.40717
26.48 , 12.9249486923 , 4.41300
26.51 , 12.9249486923 , 4.41867
26.55 , 12.9249486923 , 4.42450
26.58 , 13.0335617065 , 4.43000
26.61 , 13.0335617065 , 4.43583
26.65 , 13.0335617065 , 4.44150
26.68 , 13.1421747207 , 4.44733
26.72 , 13.0335617065 , 4.45300
26.75 , 13.1421747207 , 4.45883
26.79 , 13.1421747207 , 4.46433
26.82 , 13.2507877349 , 4.47017
26.85 , 13.2507877349 , 4.47583
26.89 , 13.1421747207 , 4.48167
26.92 , 13.3594007492 , 4.48750
26.96 , 13.3594007492 , 4.49300
26.99 , 13.3594007492 , 4.49883
27.03 , 13.3594007492 , 4.50450
27.06 , 13.3594007492 , 4.51033
27.10 , 13.3594007492 , 4.51600
27.13 , 13.4680137634 , 4.52167
27.16 , 13.4680137634 , 4.52733
27.20 , 13.4680137634 , 4.53317
27.23 , 13.4680137634 , 4.53883
27.27 , 13.4680137634 , 4.54467
27.30 , 13.5766258239 , 4.55017
27.34 , 13.4680137634 , 4.55600
27.37 , 13.5766258239 , 4.56167
27.40 , 13.5766258239 , 4.56750
27.44 , 13.4680137634 , 4.57317
27.47 , 13.5766258239 , 4.57883
27.51 , 13.5766258239 , 4.58450
27.54 , 13.6852388381 , 4.59033
27.58 , 13.6852388381 , 4.59600
27.61 , 13.6852388381 , 4.60183
27.64 , 13.7938518524 , 4.60733
27.68 , 13.6852388381 , 4.61317
27.71 , 13.7938518524 , 4.61883
27.75 , 13.7938518524 , 4.62467
27.78 , 13.7938518524 , 4.63033
27.82 , 13.6852388381 , 4.63600
27.85 , 13.7938518524 , 4.64167
27.88 , 13.7938518524 , 4.64750
27.92 , 13.7938518524 , 4.65317
27.95 , 13.7938518524 , 4.65900
27.99 , 13.7938518524 , 4.66467
28.02 , 13.9024648666 , 4.67033
28.06 , 14.0110778808 , 4.67617
28.09 , 13.9024648666 , 4.68183
28.13 , 14.0110778808 , 4.68767
28.16 , 13.9024648666 , 4.69333
28.19 , 14.0110778808 , 4.69900
28.23 , 14.0110778808 , 4.70467
28.26 , 14.1196908950 , 4.71050
28.30 , 14.1196908950 , 4.71617
28.33 , 14.1196908950 , 4.72200
28.36 , 14.1196908950 , 4.72750
28.40 , 14.1196908950 , 4.73333
28.43 , 14.2283039093 , 4.73900
28.47 , 14.2283039093 , 4.74483
28.50 , 14.2283039093 , 4.75050
28.54 , 14.2283039093 , 4.75617
28.57 , 14.3369169235 , 4.76183
28.61 , 14.3369169235 , 4.76767
28.64 , 14.3369169235 , 4.77333
28.67 , 14.3369169235 , 4.77917
28.71 , 14.3369169235 , 4.78467
28.74 , 14.3369169235 , 4.79050
28.78 , 14.4455299377 , 4.79617
28.81 , 14.3369169235 , 4.80200
28.85 , 14.4455299377 , 4.80767
28.88 , 14.4455299377 , 4.81333
28.91 , 14.4455299377 , 4.81900
28.95 , 14.4455299377 , 4.82483
28.98 , 14.5541419982 , 4.83050
29.02 , 14.5541419982 , 4.83633
29.05 , 14.6627550125 , 4.84183
29.09 , 14.5541419982 , 4.84767
29.12 , 14.5541419982 , 4.85350
29.15 , 14.5541419982 , 4.85917
29.19 , 14.6627550125 , 4.86500
29.22 , 14.6627550125 , 4.87050
29.26 , 14.7713680267 , 4.87633
29.29 , 14.7713680267 , 4.88200
29.33 , 14.7713680267 , 4.88783
29.36 , 14.7713680267 , 4.89350
29.39 , 14.7713680267 , 4.89917
29.43 , 14.7713680267 , 4.90483
29.46 , 14.7713680267 , 4.91067
29.50 , 14.7713680267 , 4.91633
29.53 , 14.9885940551 , 4.92217
29.57 , 14.9885940551 , 4.92767
29.60 , 14.8799810409 , 4.93350
29.63 , 15.0972070693 , 4.93917
29.67 , 14.9885940551 , 4.94500
29.70 , 14.9885940551 , 4.95067
29.74 , 14.9885940551 , 4.95650
29.77 , 14.9885940551 , 4.96200
29.81 , 14.9885940551 , 4.96783
29.84 , 15.0972070693 , 4.97350
29.88 , 15.0972070693 , 4.97933
29.91 , 15.0972070693 , 4.98500
29.94 , 15.2058200836 , 4.99067
29.98 , 15.2058200836 , 4.99633
30.01 , 15.2058200836 , 5.00217
30.05 , 15.0972070693 , 5.00783
30.08 , 15.2058200836 , 5.01367
30.11 , 15.2058200836 , 5.01917
30.15 , 15.2058200836 , 5.02500
30.18 , 15.2058200836 , 5.03083
30.22 , 15.2058200836 , 5.03650
30.25 , 15.3144330978 , 5.04233
30.29 , 15.3144330978 , 5.04783
30.32 , 15.3144330978 , 5.05367
30.36 , 15.3144330978 , 5.05933
30.39 , 15.5316610336 , 5.06517
30.42 , 15.3144330978 , 5.07083
30.46 , 15.4230451583 , 5.07650
30.49 , 15.4230451583 , 5.08217
30.53 , 15.4230451583 , 5.08800
30.56 , 15.5316610336 , 5.09367
30.60 , 15.5316610336 , 5.09950
30.63 , 15.5316610336 , 5.10500
30.67 , 15.5316610336 , 5.11083
30.70 , 15.6402740478 , 5.11650
30.73 , 15.5316610336 , 5.12233
30.77 , 15.6402740478 , 5.12800
30.80 , 15.6402740478 , 5.13367
30.84 , 15.6402740478 , 5.13933
30.87 , 15.6402740478 , 5.14517
30.90 , 15.7488870620 , 5.15083
30.94 , 15.8575000762 , 5.15667
30.97 , 15.7488870620 , 5.16217
31.01 , 15.8575000762 , 5.16800
31.04 , 15.8575000762 , 5.17367
31.08 , 15.7488870620 , 5.17950
31.11 , 15.8575000762 , 5.18517
31.14 , 15.8575000762 , 5.19083
31.18 , 15.8575000762 , 5.19650
31.21 , 15.8575000762 , 5.20233
31.25 , 15.9661130905 , 5.20800
31.28 , 15.8575000762 , 5.21383
31.32 , 15.9661130905 , 5.21967
31.35 , 16.0747261047 , 5.22517
31.39 , 16.0747261047 , 5.23100
31.42 , 16.0747261047 , 5.23667
31.45 , 16.0747261047 , 5.24250
31.49 , 16.0747261047 , 5.24817
31.52 , 16.0747261047 , 5.25383
31.56 , 16.1833381652 , 5.25950
31.59 , 16.0747261047 , 5.26533
31.63 , 16.1833381652 , 5.27100
31.66 , 16.1833381652 , 5.27683
31.69 , 16.2919521331 , 5.28233
31.73 , 16.2919521331 , 5.28817
31.76 , 16.2919521331 , 5.29383
31.80 , 16.2919521331 , 5.29967
31.83 , 16.2919521331 , 5.30533
31.87 , 16.4005641937 , 5.31100
31.90 , 16.2919521331 , 5.31667
31.93 , 16.4005641937 , 5.32250
31.97 , 16.4005641937 , 5.32817
32.00 , 16.5091781616 , 5.33400
32.04 , 16.5091781616 , 5.33950
32.07 , 16.4005641937 , 5.34533
32.11 , 16.6177902221 , 5.35100
32.14 , 16.5091781616 , 5.35683
32.18 , 16.5091781616 , 5.36250
32.21 , 16.5091781616 , 5.36817
32.24 , 16.6177902221 , 5.37383
32.28 , 16.5091781616 , 5.37967
32.31 , 16.6177902221 , 5.38533
32.35 , 16.6177902221 , 5.39117
32.38 , 16.7264022827 , 5.39683
32.42 , 16.7264022827 , 5.40250
32.45 , 16.7264022827 , 5.40833
32.48 , 16.7264022827 , 5.41400
32.52 , 16.7264022827 , 5.41983
32.55 , 16.8350162506 , 5.42533
32.59 , 16.7264022827 , 5.43117
32.62 , 16.8350162506 , 5.43683
32.66 , 16.8350162506 , 5.44267
32.69 , 16.9436283111 , 5.44833
32.72 , 16.8350162506 , 5.45400
32.76 , 16.8350162506 , 5.45967
32.79 , 16.9436283111 , 5.46550
32.83 , 16.9436283111 , 5.47117
32.86 , 16.9436283111 , 5.47700
32.90 , 16.9436283111 , 5.48267
32.93 , 16.9436283111 , 5.48833
32.96 , 17.0522422790 , 5.49400
33.00 , 17.0522422790 , 5.49983
33.03 , 17.0522422790 , 5.50550
33.07 , 17.0522422790 , 5.51133
33.10 , 17.1608543395 , 5.51683
33.14 , 17.0522422790 , 5.52267
33.17 , 17.1608543395 , 5.52833
33.21 , 17.2694683074 , 5.53417
33.24 , 17.1608543395 , 5.53983
33.27 , 17.2694683074 , 5.54550
33.31 , 17.3780803680 , 5.55117
33.34 , 17.2694683074 , 5.55700
33.38 , 17.2694683074 , 5.56267
33.41 , 17.2694683074 , 5.56850
33.44 , 17.3780803680 , 5.57400
33.48 , 17.2694683074 , 5.57983
33.51 , 17.3780803680 , 5.58567
33.55 , 17.4866943359 , 5.59133
33.58 , 17.4866943359 , 5.59717
33.62 , 17.3780803680 , 5.60267
33.65 , 17.4866943359 , 5.60850
33.69 , 17.4866943359 , 5.61417
33.72 , 17.5953063964 , 5.62000
33.75 , 17.4866943359 , 5.62567
33.79 , 17.4866943359 , 5.63133
33.82 , 17.5953063964 , 5.63700
33.86 , 17.5953063964 , 5.64283
33.89 , 17.5953063964 , 5.64850
33.93 , 17.7039184570 , 5.65433
33.96 , 17.7039184570 , 5.65983
33.99 , 17.5953063964 , 5.66567
34.03 , 17.7039184570 , 5.67133
34.06 , 17.7039184570 , 5.67717
34.10 , 17.7039184570 , 5.68283
34.13 , 17.7039184570 , 5.68850
34.17 , 17.8125324249 , 5.69417
34.20 , 17.8125324249 , 5.70000
34.23 , 17.9211444854 , 5.70567
34.27 , 17.9211444854 , 5.71150
34.30 , 17.9211444854 , 5.71700
34.34 , 17.9211444854 , 5.72283
34.37 , 17.9211444854 , 5.72850
34.41 , 18.0297584533 , 5.73433
34.44 , 18.0297584533 , 5.74000
34.47 , 18.0297584533 , 5.74583
34.51 , 18.0297584533 , 5.75133
34.54 , 18.0297584533 , 5.75717
34.58 , 18.0297584533 , 5.76300
34.61 , 18.1383705139 , 5.76867
34.65 , 18.1383705139 , 5.77450
34.68 , 18.1383705139 , 5.78000
34.72 , 18.2469863891 , 5.78583
34.75 , 18.1383705139 , 5.79150
34.78 , 18.2469863891 , 5.79733
34.82 , 18.2469863891 , 5.80300
34.85 , 18.2469863891 , 5.80867
34.89 , 18.3555984497 , 5.81433
34.92 , 18.3555984497 , 5.82017
34.96 , 18.2469863891 , 5.82583
34.99 , 18.2469863891 , 5.83167
35.02 , 18.4642124176 , 5.83717
35.06 , 18.4642124176 , 5.84300
35.09 , 18.3555984497 , 5.84867
35.13 , 18.4642124176 , 5.85450
35.16 , 18.3555984497 , 5.86017
35.20 , 18.4642124176 , 5.86583
35.23 , 18.4642124176 , 5.87150
35.26 , 18.5728244781 , 5.87733
35.30 , 18.5728244781 , 5.88300
35.33 , 18.5728244781 , 5.88883
35.37 , 18.5728244781 , 5.89433
35.40 , 18.5728244781 , 5.90017
35.44 , 18.6814384460 , 5.90583
35.47 , 18.5728244781 , 5.91167
35.50 , 18.5728244781 , 5.91733
35.54 , 18.6814384460 , 5.92300
35.57 , 18.6814384460 , 5.92867
35.61 , 18.6814384460 , 5.93450
35.64 , 18.7900505065 , 5.94017
35.68 , 18.7900505065 , 5.94600
35.71 , 18.7900505065 , 5.95167
35.74 , 18.7900505065 , 5.95733
35.78 , 18.8986644744 , 5.96317
35.81 , 18.8986644744 , 5.96883
35.85 , 18.8986644744 , 5.97467
35.88 , 18.8986644744 , 5.98017
35.92 , 18.8986644744 , 5.98600
35.95 , 19.0072765350 , 5.99167
35.99 , 19.0072765350 , 5.99750
36.02 , 18.8986644744 , 6.00317
36.05 , 19.1158905029 , 6.00900
36.09 , 19.1158905029 , 6.01450
36.12 , 19.0072765350 , 6.02033
36.16 , 19.0072765350 , 6.02600
36.19 , 19.1158905029 , 6.03183
36.22 , 19.1158905029 , 6.03750
36.26 , 19.1158905029 , 6.04317
36.29 , 19.1158905029 , 6.04883
36.33 , 19.3331146240 , 6.05467
36.36 , 19.2245025634 , 6.06033
36.40 , 19.2245025634 , 6.06617
36.43 , 19.2245025634 , 6.07167
36.47 , 19.3331146240 , 6.07750
36.50 , 19.3331146240 , 6.08317
36.53 , 19.3331146240 , 6.08900
36.57 , 19.4417285919 , 6.09467
36.60 , 19.4417285919 , 6.10033
36.64 , 19.4417285919 , 6.10600
36.67 , 19.4417285919 , 6.11183
36.71 , 19.4417285919 , 6.11750
36.74 , 19.5503406524 , 6.12333
36.77 , 19.4417285919 , 6.12900
36.81 , 19.5503406524 , 6.13467
36.84 , 19.5503406524 , 6.14050
36.88 , 19.5503406524 , 6.14617
36.91 , 19.5503406524 , 6.15200
36.95 , 19.6589546203 , 6.15750
36.98 , 19.6589546203 , 6.16333
37.01 , 19.6589546203 , 6.16900
37.05 , 19.6589546203 , 6.17483
37.08 , 19.7675666809 , 6.18050
37.12 , 19.7675666809 , 6.18617
37.15 , 19.7675666809 , 6.19183
37.19 , 19.7675666809 , 6.19767
37.22 , 19.8761806488 , 6.20333
37.26 , 19.8761806488 , 6.20917
37.29 , 19.7675666809 , 6.21467
37.32 , 19.8761806488 , 6.22050
37.36 , 19.8761806488 , 6.22617
37.39 , 19.8761806488 , 6.23200
37.43 , 19.9847927093 , 6.23767
37.46 , 19.9847927093 , 6.24333
37.49 , 19.9847927093 , 6.24900
37.53 , 19.9847927093 , 6.25483
37.56 , 19.9847927093 , 6.26050
37.60 , 19.9847927093 , 6.26633
37.63 , 19.9847927093 , 6.27200
37.67 , 20.0934066772 , 6.27767
37.70 , 20.0934066772 , 6.28333
37.74 , 20.0934066772 , 6.28917
37.77 , 20.2020187377 , 6.29483
37.80 , 20.2020187377 , 6.30067
37.84 , 20.2020187377 , 6.30617
37.87 , 20.2020187377 , 6.31200
37.91 , 20.2020187377 , 6.31783
37.94 , 20.3106307983 , 6.32350
37.98 , 20.3106307983 , 6.32933
38.01 , 20.3106307983 , 6.33483
38.04 , 20.4192447662 , 6.34067
38.08 , 20.3106307983 , 6.34633
38.11 , 20.4192447662 , 6.35217
38.15 , 20.3106307983 , 6.35783
38.18 , 20.4192447662 , 6.36350
38.22 , 20.4192447662 , 6.36917
38.25 , 20.4192447662 , 6.37500
38.28 , 20.5278568267 , 6.38067
38.32 , 20.5278568267 , 6.38650
38.35 , 20.5278568267 , 6.39200
38.39 , 20.5278568267 , 6.39783
38.42 , 20.5278568267 , 6.40350
38.46 , 20.6364707946 , 6.40933
38.49 , 20.5278568267 , 6.41500
38.52 , 20.6364707946 , 6.42067
38.56 , 20.6364707946 , 6.42633
38.59 , 20.7450828552 , 6.43217
38.63 , 20.7450828552 , 6.43783
38.66 , 20.7450828552 , 6.44367
38.70 , 20.8536968231 , 6.44917
38.73 , 20.7450828552 , 6.45500
38.76 , 20.8536968231 , 6.46067
38.80 , 20.8536968231 , 6.46650
38.83 , 20.8536968231 , 6.47217
38.87 , 20.8536968231 , 6.47783
38.90 , 20.9623088836 , 6.48350
38.94 , 20.9623088836 , 6.48933
38.97 , 20.9623088836 , 6.49517
39.01 , 21.0709247589 , 6.50083
39.04 , 20.9623088836 , 6.50667
39.07 , 21.0709247589 , 6.51217
39.11 , 21.0709247589 , 6.51800
39.14 , 21.0709247589 , 6.52367
39.18 , 21.1795368194 , 6.52950
39.21 , 21.0709247589 , 6.53517
39.25 , 21.1795368194 , 6.54083
39.28 , 21.1795368194 , 6.54650
39.31 , 21.1795368194 , 6.55233
39.35 , 21.2881507873 , 6.55800
39.38 , 21.1795368194 , 6.56383
39.42 , 21.2881507873 , 6.56933
39.45 , 21.2881507873 , 6.57517
39.49 , 21.3967628479 , 6.58083
39.52 , 21.3967628479 , 6.58667
39.55 , 21.3967628479 , 6.59233
39.59 , 21.3967628479 , 6.59800
39.62 , 21.3967628479 , 6.60367
39.66 , 21.3967628479 , 6.60950
39.69 , 21.3967628479 , 6.61517
39.73 , 21.5053768157 , 6.62100
39.76 , 21.5053768157 , 6.62650
39.79 , 21.6139888763 , 6.63233
39.83 , 21.5053768157 , 6.63800
39.86 , 21.5053768157 , 6.64383
39.90 , 21.6139888763 , 6.64950
39.93 , 21.5053768157 , 6.65517
39.97 , 21.6139888763 , 6.66083
40.00 , 21.7226028442 , 6.66667
40.03 , 21.6139888763 , 6.67233
40.07 , 21.6139888763 , 6.67817
40.10 , 21.7226028442 , 6.68383
40.14 , 21.7226028442 , 6.68950
40.17 , 21.7226028442 , 6.69533
40.21 , 21.7226028442 , 6.70100
40.24 , 21.8312149047 , 6.70683
40.27 , 21.8312149047 , 6.71233
40.31 , 21.9398269653 , 6.71817
40.34 , 21.8312149047 , 6.72383
40.38 , 21.8312149047 , 6.72967
40.41 , 21.9398269653 , 6.73533
40.45 , 21.9398269653 , 6.74100
40.48 , 21.9398269653 , 6.74667
40.52 , 21.9398269653 , 6.75250
40.55 , 22.0484409332 , 6.75817
40.58 , 22.0484409332 , 6.76400
40.62 , 22.1570529937 , 6.76950
40.65 , 22.0484409332 , 6.77533
40.69 , 22.1570529937 , 6.78100
40.72 , 22.2656669616 , 6.78683
40.76 , 22.1570529937 , 6.79250
40.79 , 22.2656669616 , 6.79833
40.82 , 22.1570529937 , 6.80383
40.86 , 22.1570529937 , 6.80967
40.89 , 22.1570529937 , 6.81533
40.93 , 22.2656669616 , 6.82117
40.96 , 22.2656669616 , 6.82683
41.00 , 22.3742790222 , 6.83250
41.03 , 22.2656669616 , 6.83817
41.06 , 22.3742790222 , 6.84400
41.10 , 22.3742790222 , 6.84967
41.13 , 22.4828929901 , 6.85550
41.17 , 22.4828929901 , 6.86117
41.20 , 22.4828929901 , 6.86683
41.24 , 22.5915050506 , 6.87267
41.27 , 22.5915050506 , 6.87833
41.31 , 22.4828929901 , 6.88417
41.34 , 22.4828929901 , 6.88967
41.37 , 22.7001190185 , 6.89550
41.41 , 22.7001190185 , 6.90117
41.44 , 22.5915050506 , 6.90700
41.48 , 22.7001190185 , 6.91267
41.51 , 22.7001190185 , 6.91833
41.54 , 22.7001190185 , 6.92400
41.58 , 22.7001190185 , 6.92983
41.61 , 22.8087310791 , 6.93550
41.65 , 22.8087310791 , 6.94133
41.68 , 22.9173431396 , 6.94683
41.72 , 22.8087310791 , 6.95267
41.75 , 22.9173431396 , 6.95833
41.79 , 22.9173431396 , 6.96417
41.82 , 22.9173431396 , 6.96983
41.85 , 22.9173431396 , 6.97550
41.89 , 22.9173431396 , 6.98117
41.92 , 22.9173431396 , 6.98700
41.96 , 23.0259571075 , 6.99267
41.99 , 23.0259571075 , 6.99850
42.02 , 23.0259571075 , 7.00400
42.06 , 23.1345691680 , 7.00983
42.09 , 23.0259571075 , 7.01550
42.13 , 23.1345691680 , 7.02133
42.16 , 23.1345691680 , 7.02700
42.20 , 23.1345691680 , 7.03267
42.23 , 23.1345691680 , 7.03833
42.27 , 23.2431831359 , 7.04417
42.30 , 23.1345691680 , 7.05000
42.33 , 23.2431831359 , 7.05567
42.37 , 23.2431831359 , 7.06150
42.40 , 23.2431831359 , 7.06700
42.44 , 23.2431831359 , 7.07283
42.47 , 23.3517951965 , 7.07850
42.51 , 23.3517951965 , 7.08433
42.54 , 23.3517951965 , 7.09000
42.57 , 23.4604091644 , 7.09567
42.61 , 23.4604091644 , 7.10133
42.64 , 23.4604091644 , 7.10717
42.68 , 23.4604091644 , 7.11283
42.71 , 23.5690212249 , 7.11867
42.75 , 23.5690212249 , 7.12417
42.78 , 23.5690212249 , 7.13000
42.81 , 23.5690212249 , 7.13567
42.85 , 23.6776351928 , 7.14150
42.88 , 23.5690212249 , 7.14717
42.92 , 23.5690212249 , 7.15283
42.95 , 23.7862472534 , 7.15850
42.99 , 23.6776351928 , 7.16433
43.02 , 23.7862472534 , 7.17000
43.06 , 23.6776351928 , 7.17583
43.09 , 23.6776351928 , 7.18133
43.12 , 23.7862472534 , 7.18717
43.16 , 23.7862472534 , 7.19283
43.19 , 23.8948631286 , 7.19867
43.23 , 23.7862472534 , 7.20433
43.26 , 23.8948631286 , 7.21000
43.29 , 24.0034751892 , 7.21567
43.33 , 23.8948631286 , 7.22150
43.36 , 23.8948631286 , 7.22733
43.40 , 24.0034751892 , 7.23300
43.43 , 24.0034751892 , 7.23867
43.47 , 24.0034751892 , 7.24433
43.50 , 24.0034751892 , 7.25017
43.54 , 24.1120891571 , 7.25583
43.57 , 24.1120891571 , 7.26167
43.60 , 24.1120891571 , 7.26717
43.64 , 24.1120891571 , 7.27300
43.67 , 24.1120891571 , 7.27867
43.71 , 24.2207012176 , 7.28450
43.74 , 24.2207012176 , 7.29017
43.78 , 24.2207012176 , 7.29600
43.81 , 24.2207012176 , 7.30150
43.84 , 24.2207012176 , 7.30733
43.88 , 24.3293151855 , 7.31300
43.91 , 24.3293151855 , 7.31883
43.95 , 24.3293151855 , 7.32450
43.98 , 24.4379272460 , 7.33017
44.02 , 24.4379272460 , 7.33583
44.05 , 24.3293151855 , 7.34167
44.08 , 24.4379272460 , 7.34733
44.12 , 24.4379272460 , 7.35317
44.15 , 24.5465393066 , 7.35867
44.19 , 24.4379272460 , 7.36450
44.22 , 24.5465393066 , 7.37017
44.26 , 24.5465393066 , 7.37600
44.29 , 24.6551532745 , 7.38167
44.32 , 24.6551532745 , 7.38733
44.36 , 24.5465393066 , 7.39300
44.39 , 24.5465393066 , 7.39883
44.43 , 24.6551532745 , 7.40450
44.46 , 24.6551532745 , 7.41033
44.50 , 24.7637653350 , 7.41600
44.53 , 24.7637653350 , 7.42167
44.56 , 24.7637653350 , 7.42750
44.60 , 24.6551532745 , 7.43317
44.63 , 24.7637653350 , 7.43900
44.67 , 24.8723793029 , 7.44450
44.70 , 24.8723793029 , 7.45033
44.74 , 24.8723793029 , 7.45600
44.77 , 24.8723793029 , 7.46183
44.81 , 24.9809913635 , 7.46750
44.84 , 24.9809913635 , 7.47317
44.87 , 24.9809913635 , 7.47883
44.91 , 25.0896053314 , 7.48467
44.94 , 24.8723793029 , 7.49033
44.98 , 24.9809913635 , 7.49617
45.01 , 25.0896053314 , 7.50167
45.04 , 25.0896053314 , 7.50750
45.08 , 25.0896053314 , 7.51317
45.11 , 25.0896053314 , 7.51900
45.15 , 25.1982173919 , 7.52467
45.18 , 25.1982173919 , 7.53033
45.22 , 25.1982173919 , 7.53600
45.25 , 25.1982173919 , 7.54183
45.29 , 25.1982173919 , 7.54750
45.32 , 25.1982173919 , 7.55333
45.35 , 25.3068313598 , 7.55883
45.39 , 25.4154434204 , 7.56467
45.42 , 25.3068313598 , 7.57033
45.46 , 25.4154434204 , 7.57617
45.49 , 25.4154434204 , 7.58183
45.53 , 25.4154434204 , 7.58767
45.56 , 25.4154434204 , 7.59333
45.59 , 25.4154434204 , 7.59900
45.63 , 25.5240554809 , 7.60483
45.66 , 25.4154434204 , 7.61050
45.70 , 25.5240554809 , 7.61633
45.73 , 25.5240554809 , 7.62183
45.77 , 25.6326694488 , 7.62767
45.80 , 25.6326694488 , 7.63333
45.84 , 25.6326694488 , 7.63917
45.87 , 25.7412815093 , 7.64483
45.90 , 25.6326694488 , 7.65050
45.94 , 25.7412815093 , 7.65617
45.97 , 25.7412815093 , 7.66200
46.01 , 25.7412815093 , 7.66767
46.04 , 25.7412815093 , 7.67350
46.07 , 25.7412815093 , 7.67900
46.11 , 25.8498954772 , 7.68483
46.14 , 25.8498954772 , 7.69050
46.18 , 25.8498954772 , 7.69633
46.21 , 25.8498954772 , 7.70200
46.25 , 25.8498954772 , 7.70767
46.28 , 25.9585075378 , 7.71333
46.31 , 26.0671215057 , 7.71917
46.35 , 25.9585075378 , 7.72483
46.38 , 25.9585075378 , 7.73067
46.42 , 26.0671215057 , 7.73617
46.45 , 26.0671215057 , 7.74200
46.49 , 26.0671215057 , 7.74767
46.52 , 26.0671215057 , 7.75350
46.56 , 26.1757335662 , 7.75917
46.59 , 26.1757335662 , 7.76483
46.62 , 26.1757335662 , 7.77050
46.66 , 26.2843475341 , 7.77633
46.69 , 26.2843475341 , 7.78217
46.73 , 26.2843475341 , 7.78783
46.76 , 26.2843475341 , 7.79350
46.79 , 26.2843475341 , 7.79917
46.83 , 26.3929595947 , 7.80500
46.86 , 26.3929595947 , 7.81067
46.90 , 26.2843475341 , 7.81650
46.93 , 26.3929595947 , 7.82200
46.97 , 26.3929595947 , 7.82783
47.00 , 26.3929595947 , 7.83350
47.04 , 26.5015716552 , 7.83933
47.07 , 26.5015716552 , 7.84500
47.11 , 26.3929595947 , 7.85083
47.14 , 26.5015716552 , 7.85633
47.17 , 26.6101875305 , 7.86217
47.21 , 26.5015716552 , 7.86783
47.24 , 26.5015716552 , 7.87367
47.28 , 26.6101875305 , 7.87933
47.31 , 26.7188014984 , 7.88500
47.34 , 26.7188014984 , 7.89067
47.38 , 26.7188014984 , 7.89650
47.41 , 26.7188014984 , 7.90217
47.45 , 26.7188014984 , 7.90800
47.48 , 26.7188014984 , 7.91350
47.52 , 26.8274135589 , 7.91933
47.55 , 26.9360275268 , 7.92500
47.59 , 26.8274135589 , 7.93083
47.62 , 26.9360275268 , 7.93650
47.65 , 26.9360275268 , 7.94217
47.69 , 26.9360275268 , 7.94783
47.72 , 26.9360275268 , 7.95367
47.76 , 26.9360275268 , 7.95950
47.79 , 27.0446395874 , 7.96517
47.83 , 27.0446395874 , 7.97083
47.86 , 27.0446395874 , 7.97650
47.89 , 27.0446395874 , 7.98233
47.93 , 27.0446395874 , 7.98800
47.96 , 27.0446395874 , 7.99383
48.00 , 27.1532516479 , 7.99933
48.03 , 27.1532516479 , 8.00517
48.06 , 27.2618656158 , 8.01083
48.10 , 27.1532516479 , 8.01667
48.13 , 27.3704776763 , 8.02233
48.17 , 27.2618656158 , 8.02800
48.20 , 27.2618656158 , 8.03367
48.24 , 27.3704776763 , 8.03950
48.27 , 27.2618656158 , 8.04517
48.31 , 27.3704776763 , 8.05100
48.34 , 27.3704776763 , 8.05650
48.37 , 27.3704776763 , 8.06233
48.41 , 27.4790916442 , 8.06800
48.44 , 27.4790916442 , 8.07383
48.48 , 27.4790916442 , 8.07950
48.51 , 27.4790916442 , 8.08533
48.54 , 27.5877037048 , 8.09083
48.58 , 27.5877037048 , 8.09667
48.61 , 27.5877037048 , 8.10233
48.65 , 27.5877037048 , 8.10817
48.68 , 27.5877037048 , 8.11383
48.72 , 27.6963176727 , 8.11950
48.75 , 27.8049297332 , 8.12517
48.79 , 27.6963176727 , 8.13100
48.82 , 27.8049297332 , 8.13667
48.86 , 27.8049297332 , 8.14250
48.89 , 27.8049297332 , 8.14817
48.92 , 27.8049297332 , 8.15383
48.96 , 27.8049297332 , 8.15967
48.99 , 27.9135437011 , 8.16533
49.03 , 27.8049297332 , 8.17117
49.06 , 27.9135437011 , 8.17667
49.10 , 27.9135437011 , 8.18250
49.13 , 27.9135437011 , 8.18817
49.16 , 28.0221557617 , 8.19400
49.20 , 28.0221557617 , 8.19967
49.23 , 28.1307678222 , 8.20533
49.27 , 28.0221557617 , 8.21100
49.30 , 28.2393817901 , 8.21683
49.34 , 28.0221557617 , 8.22250
49.37 , 28.1307678222 , 8.22833
49.40 , 28.1307678222 , 8.23383
49.44 , 28.2393817901 , 8.23967
49.47 , 28.3479938507 , 8.24533
49.51 , 28.2393817901 , 8.25117
49.54 , 28.2393817901 , 8.25683
49.58 , 28.2393817901 , 8.26250
49.61 , 28.2393817901 , 8.26817
49.64 , 28.3479938507 , 8.27400
49.68 , 28.3479938507 , 8.27967
49.71 , 28.3479938507 , 8.28550
49.75 , 28.4566078186 , 8.29100
49.78 , 28.4566078186 , 8.29683
49.81 , 28.3479938507 , 8.30250
49.85 , 28.5652198791 , 8.30833
49.88 , 28.4566078186 , 8.31400
49.92 , 28.5652198791 , 8.31967
49.95 , 28.5652198791 , 8.32550
49.99 , 28.6738338470 , 8.33117
50.02 , 28.6738338470 , 8.33700
50.06 , 28.5652198791 , 8.34267
50.09 , 28.5652198791 , 8.34850
50.12 , 28.6738338470 , 8.35400
50.16 , 28.6738338470 , 8.35983
50.19 , 28.7824459075 , 8.36550
50.23 , 28.7824459075 , 8.37133
50.26 , 28.7824459075 , 8.37700
50.30 , 28.7824459075 , 8.38267
50.33 , 28.7824459075 , 8.38833
50.37 , 28.7824459075 , 8.39417
50.40 , 28.8910598754 , 8.39983
50.43 , 28.8910598754 , 8.40567
50.47 , 28.8910598754 , 8.41117
50.50 , 28.8910598754 , 8.41700
50.54 , 28.8910598754 , 8.42267
50.57 , 28.9996719360 , 8.42850
50.61 , 29.1082839965 , 8.43417
50.64 , 29.1082839965 , 8.43983
50.67 , 28.9996719360 , 8.44550
50.71 , 29.1082839965 , 8.45133
50.74 , 29.1082839965 , 8.45700
50.78 , 29.2168979644 , 8.46283
50.81 , 29.2168979644 , 8.46833
50.85 , 29.2168979644 , 8.47417
50.88 , 29.2168979644 , 8.47983
50.91 , 29.3255100250 , 8.48567
50.95 , 29.2168979644 , 8.49133
50.98 , 29.3255100250 , 8.49700
51.02 , 29.3255100250 , 8.50267
51.05 , 29.3255100250 , 8.50850
51.09 , 29.3255100250 , 8.51433
51.12 , 29.3255100250 , 8.52000
51.15 , 29.3255100250 , 8.52567
51.19 , 29.4341259002 , 8.53133
51.22 , 29.5427398681 , 8.53717
51.26 , 29.5427398681 , 8.54283
51.29 , 29.5427398681 , 8.54867
51.33 , 29.5427398681 , 8.55417
51.36 , 29.5427398681 , 8.56000
51.39 , 29.5427398681 , 8.56567
51.43 , 29.6513519287 , 8.57150
51.46 , 29.5427398681 , 8.57717
51.50 , 29.7599639892 , 8.58283
51.53 , 29.6513519287 , 8.58850
51.57 , 29.7599639892 , 8.59433
51.60 , 29.7599639892 , 8.60000
51.63 , 29.8685779571 , 8.60583
51.67 , 29.7599639892 , 8.61133
51.70 , 29.7599639892 , 8.61717
51.74 , 29.8685779571 , 8.62283
51.77 , 29.8685779571 , 8.62867
51.81 , 29.8685779571 , 8.63433
51.84 , 29.8685779571 , 8.64017
51.87 , 29.8685779571 , 8.64567
51.91 , 29.9771900177 , 8.65150
51.94 , 29.9771900177 , 8.65717
51.98 , 29.9771900177 , 8.66300
52.01 , 30.0858039855 , 8.66867
52.05 , 30.0858039855 , 8.67433
52.08 , 29.9771900177 , 8.68000
52.12 , 30.0858039855 , 8.68583
52.15 , 30.0858039855 , 8.69167
52.18 , 30.1944160461 , 8.69733
52.22 , 30.0858039855 , 8.70300
52.25 , 30.1944160461 , 8.70867
52.29 , 30.1944160461 , 8.71450
52.32 , 30.1944160461 , 8.72017
52.36 , 30.3030300140 , 8.72600
52.39 , 30.3030300140 , 8.73150
52.42 , 30.3030300140 , 8.73733
52.46 , 30.3030300140 , 8.74300
52.49 , 30.3030300140 , 8.74883
52.53 , 30.4116420745 , 8.75450
52.56 , 30.4116420745 , 8.76017
52.60 , 30.4116420745 , 8.76583
52.63 , 30.5202560424 , 8.77167
52.66 , 30.4116420745 , 8.77733
52.70 , 30.5202560424 , 8.78317
52.73 , 30.5202560424 , 8.78867
52.77 , 30.6288681030 , 8.79450
52.80 , 30.6288681030 , 8.80017
52.84 , 30.6288681030 , 8.80600
52.87 , 30.7374801635 , 8.81167
52.90 , 30.7374801635 , 8.81733
52.94 , 30.7374801635 , 8.82300
52.97 , 30.7374801635 , 8.82883
53.01 , 30.7374801635 , 8.83450
53.04 , 30.7374801635 , 8.84033
53.08 , 30.8460941314 , 8.84583
53.11 , 30.7374801635 , 8.85167
53.14 , 30.8460941314 , 8.85733
53.18 , 30.9547061920 , 8.86317
53.21 , 30.8460941314 , 8.86883
53.25 , 30.9547061920 , 8.87467
53.28 , 30.9547061920 , 8.88033
53.32 , 30.9547061920 , 8.88600
53.35 , 30.9547061920 , 8.89183
53.38 , 31.0633201599 , 8.89750
53.42 , 31.0633201599 , 8.90333
53.45 , 31.0633201599 , 8.90883
53.49 , 31.0633201599 , 8.91467
53.52 , 31.1719322204 , 8.92033
53.56 , 31.1719322204 , 8.92617
53.59 , 31.1719322204 , 8.93183
53.63 , 31.0633201599 , 8.93750
53.66 , 31.2805461883 , 8.94317
53.69 , 31.2805461883 , 8.94900
53.73 , 31.2805461883 , 8.95467
53.76 , 31.2805461883 , 8.96050
53.80 , 31.1719322204 , 8.96600
53.83 , 31.3891582489 , 8.97183
53.87 , 31.3891582489 , 8.97750
53.90 , 31.4977722167 , 8.98333
53.93 , 31.4977722167 , 8.98900
53.97 , 31.4977722167 , 8.99467
54.00 , 31.3891582489 , 9.00033
54.04 , 31.4977722167 , 9.00617
54.07 , 31.4977722167 , 9.01183
54.11 , 31.4977722167 , 9.01767
54.14 , 31.6063842773 , 9.02317
54.17 , 31.4977722167 , 9.02900
54.21 , 31.6063842773 , 9.03467
54.24 , 31.6063842773 , 9.04050
54.28 , 31.7149963378 , 9.04617
54.31 , 31.7149963378 , 9.05183
54.35 , 31.7149963378 , 9.05767
54.38 , 31.7149963378 , 9.06333
54.42 , 31.7149963378 , 9.06917
54.45 , 31.8236103057 , 9.07483
54.48 , 31.8236103057 , 9.08050
54.52 , 31.8236103057 , 9.08617
54.55 , 31.8236103057 , 9.09200
54.59 , 31.9322223663 , 9.09767
54.62 , 31.9322223663 , 9.10350
54.65 , 31.9322223663 , 9.10900
54.69 , 31.9322223663 , 9.11483
54.72 , 32.0408363342 , 9.12050
54.76 , 32.1494522094 , 9.12633
54.79 , 32.0408363342 , 9.13200
54.83 , 32.0408363342 , 9.13783
54.86 , 32.0408363342 , 9.14333
54.90 , 32.0408363342 , 9.14917
54.93 , 32.1494522094 , 9.15483
54.96 , 32.1494522094 , 9.16067
55.00 , 32.1494522094 , 9.16633
55.03 , 32.1494522094 , 9.17200
55.07 , 32.2580642700 , 9.17767
55.10 , 32.2580642700 , 9.18350
55.13 , 32.2580642700 , 9.18917
55.17 , 32.2580642700 , 9.19500
55.20 , 32.3666763305 , 9.20050
55.24 , 32.3666763305 , 9.20633
55.27 , 32.4752883911 , 9.21200
55.31 , 32.4752883911 , 9.21783
55.34 , 32.3666763305 , 9.22350
55.38 , 32.4752883911 , 9.22917
55.41 , 32.4752883911 , 9.23483
55.44 , 32.4752883911 , 9.24067
55.48 , 32.5839042663 , 9.24650
55.51 , 32.5839042663 , 9.25217
55.55 , 32.5839042663 , 9.25783
55.58 , 32.5839042663 , 9.26350
55.62 , 32.6925163269 , 9.26933
55.65 , 32.6925163269 , 9.27500
55.69 , 32.6925163269 , 9.28083
55.72 , 32.6925163269 , 9.28633
55.75 , 32.8011283874 , 9.29217
55.79 , 32.8011283874 , 9.29783
55.82 , 32.9097404479 , 9.30367
55.86 , 32.8011283874 , 9.30933
55.89 , 32.9097404479 , 9.31500
55.92 , 32.9097404479 , 9.32067
55.96 , 32.9097404479 , 9.32650
55.99 , 33.0183563232 , 9.33217
56.03 , 32.9097404479 , 9.33800
56.06 , 33.0183563232 , 9.34350
56.10 , 33.0183563232 , 9.34933
56.13 , 33.0183563232 , 9.35500
56.17 , 33.0183563232 , 9.36083
56.20 , 33.1269683837 , 9.36650
56.23 , 33.2355804443 , 9.37217
56.27 , 33.1269683837 , 9.37783
56.30 , 33.2355804443 , 9.38367
56.34 , 33.2355804443 , 9.38933
56.37 , 33.2355804443 , 9.39517
56.40 , 33.2355804443 , 9.40067
56.44 , 33.2355804443 , 9.40650
56.47 , 33.3441925048 , 9.41217
56.51 , 33.3441925048 , 9.41800
56.54 , 33.3441925048 , 9.42383
56.58 , 33.3441925048 , 9.42950
56.61 , 33.3441925048 , 9.43517
56.65 , 33.4528045654 , 9.44083
56.68 , 33.4528045654 , 9.44667
56.71 , 33.4528045654 , 9.45233
56.75 , 33.5614204406 , 9.45817
56.78 , 33.4528045654 , 9.46367
56.82 , 33.5614204406 , 9.46950
56.85 , 33.6700325012 , 9.47517
56.89 , 33.5614204406 , 9.48100
56.92 , 33.6700325012 , 9.48667
56.95 , 33.6700325012 , 9.49233
56.99 , 33.6700325012 , 9.49800
57.02 , 33.6700325012 , 9.50383
57.06 , 33.7786445617 , 9.50950
57.09 , 33.6700325012 , 9.51533
57.13 , 33.6700325012 , 9.52083
57.16 , 33.7786445617 , 9.52667
57.19 , 33.7786445617 , 9.53233
57.23 , 33.8872566223 , 9.53817
57.26 , 33.8872566223 , 9.54383
57.30 , 33.8872566223 , 9.54950
57.33 , 33.8872566223 , 9.55517
57.37 , 33.8872566223 , 9.56100
57.40 , 33.9958724975 , 9.56667
57.44 , 33.9958724975 , 9.57250
57.47 , 33.9958724975 , 9.57800
57.50 , 33.9958724975 , 9.58383
57.54 , 34.1044845581 , 9.58950
57.57 , 34.1044845581 , 9.59533
57.61 , 34.1044845581 , 9.60100
57.64 , 34.1044845581 , 9.60667
57.68 , 34.2130966186 , 9.61250
57.71 , 34.2130966186 , 9.61817
57.74 , 34.2130966186 , 9.62400
57.78 , 34.3217086791 , 9.62967
57.81 , 34.3217086791 , 9.63533
57.85 , 34.3217086791 , 9.64100
57.88 , 34.3217086791 , 9.64683
57.92 , 34.4303207397 , 9.65250
57.95 , 34.4303207397 , 9.65833
57.98 , 34.3217086791 , 9.66400
58.02 , 34.4303207397 , 9.66967
58.05 , 34.4303207397 , 9.67533
58.09 , 34.6475486755 , 9.68117
58.12 , 34.5389366149 , 9.68683
58.16 , 34.5389366149 , 9.69267
58.19 , 34.7561607360 , 9.69817
58.22 , 34.6475486755 , 9.70400
58.26 , 34.6475486755 , 9.70967
58.29 , 34.6475486755 , 9.71550
58.33 , 34.7561607360 , 9.72117
58.36 , 34.7561607360 , 9.72683
58.40 , 34.7561607360 , 9.73250
58.43 , 34.8647727966 , 9.73833
58.46 , 34.7561607360 , 9.74400
58.50 , 34.8647727966 , 9.74983
58.53 , 34.8647727966 , 9.75533
58.57 , 34.8647727966 , 9.76117
58.60 , 34.8647727966 , 9.76683
58.64 , 34.8647727966 , 9.77267
58.67 , 34.9733886718 , 9.77833
58.70 , 34.9733886718 , 9.78400
58.74 , 35.0820007324 , 9.78983
58.77 , 34.9733886718 , 9.79550
58.81 , 35.0820007324 , 9.80133
58.84 , 35.0820007324 , 9.80700
58.88 , 35.0820007324 , 9.81267
58.91 , 35.0820007324 , 9.81833
58.95 , 35.1906127929 , 9.82417
58.98 , 35.0820007324 , 9.82983
59.01 , 35.1906127929 , 9.83567
59.05 , 35.1906127929 , 9.84117
59.08 , 35.2992248535 , 9.84700
59.12 , 35.2992248535 , 9.85267
59.15 , 35.2992248535 , 9.85850
59.19 , 35.4078369140 , 9.86417
59.22 , 35.2992248535 , 9.86983
59.25 , 35.4078369140 , 9.87550
59.29 , 35.4078369140 , 9.88133
59.32 , 35.4078369140 , 9.88700
59.36 , 35.5164527893 , 9.89283
59.39 , 35.5164527893 , 9.89833
59.43 , 35.5164527893 , 9.90417
59.46 , 35.5164527893 , 9.90983
59.49 , 35.5164527893 , 9.91567
59.53 , 35.5164527893 , 9.92133
59.56 , 35.5164527893 , 9.92717
59.60 , 35.6250648498 , 9.93267
59.63 , 35.7336769104 , 9.93850
59.67 , 35.8422889709 , 9.94417
59.70 , 35.7336769104 , 9.95000
59.73 , 35.7336769104 , 9.95567
59.77 , 35.7336769104 , 9.96133
59.80 , 35.7336769104 , 9.96700
59.84 , 35.8422889709 , 9.97283
59.87 , 35.8422889709 , 9.97867
59.91 , 35.8422889709 , 9.98433
59.94 , 35.8422889709 , 9.99000
59.97 , 35.8422889709 , 9.99567
60.01 , 35.9509048461 , 10.00150
60.04 , 35.9509048461 , 10.00733
60.08 , 35.9509048461 , 10.01333
60.11 , 35.9509048461 , 10.01900
60.15 , 36.0595169067 , 10.02500
60.19 , 36.0595169067 , 10.03083
60.22 , 36.0595169067 , 10.03683
60.26 , 36.1681289672 , 10.04267
60.29 , 36.1681289672 , 10.04867
60.33 , 36.1681289672 , 10.05433
60.36 , 36.2767410278 , 10.06033
60.40 , 36.2767410278 , 10.06617
60.43 , 36.2767410278 , 10.07217
60.47 , 36.2767410278 , 10.07800
60.50 , 36.2767410278 , 10.08400
60.54 , 36.3853607177 , 10.08983
60.57 , 36.3853607177 , 10.09567
60.61 , 36.3853607177 , 10.10167
60.65 , 36.3853607177 , 10.10750
60.68 , 36.4939727783 , 10.11350
60.72 , 36.4939727783 , 10.11933
60.75 , 36.4939727783 , 10.12517
60.79 , 36.6025848388 , 10.13100
60.82 , 36.6025848388 , 10.13700
60.86 , 36.6025848388 , 10.14283
60.89 , 36.6025848388 , 10.14883
60.93 , 36.6025848388 , 10.15467
60.96 , 36.6025848388 , 10.16050
61.00 , 36.7111968994 , 10.16633
61.03 , 36.7111968994 , 10.17233
61.07 , 36.7111968994 , 10.17833
61.11 , 36.8198127746 , 10.18417
61.14 , 36.8198127746 , 10.19000
61.18 , 36.8198127746 , 10.19583
61.21 , 36.8198127746 , 10.20183
61.25 , 36.9284248352 , 10.20767
61.28 , 36.9284248352 , 10.21367
61.32 , 36.9284248352 , 10.21950
61.35 , 36.9284248352 , 10.22533
61.39 , 36.9284248352 , 10.23117
61.42 , 37.0370368957 , 10.23717
61.46 , 37.1456489562 , 10.24300
61.49 , 37.0370368957 , 10.24900
61.53 , 37.0370368957 , 10.25483
61.56 , 37.1456489562 , 10.26067
61.60 , 37.1456489562 , 10.26650
61.63 , 37.1456489562 , 10.27250
61.67 , 37.1456489562 , 10.27850
61.71 , 37.2542648315 , 10.28433
61.74 , 37.2542648315 , 10.29033
61.78 , 37.2542648315 , 10.29600
61.81 , 37.2542648315 , 10.30200
61.85 , 37.2542648315 , 10.30783
61.88 , 37.3628768920 , 10.31383
61.92 , 37.3628768920 , 10.31967
61.95 , 37.3628768920 , 10.32567
61.99 , 37.4714889526 , 10.33133
62.02 , 37.4714889526 , 10.33733
62.06 , 37.4714889526 , 10.34317
62.10 , 37.4714889526 , 10.34917
62.13 , 37.4714889526 , 10.35500
62.17 , 37.5801010131 , 10.36100
62.20 , 37.5801010131 , 10.36683
62.24 , 37.6887130737 , 10.37267
62.27 , 37.6887130737 , 10.37867
62.31 , 37.6887130737 , 10.38450
62.34 , 37.6887130737 , 10.39050
62.38 , 37.6887130737 , 10.39617
62.41 , 37.7973289489 , 10.40217
62.45 , 37.7973289489 , 10.40800
62.48 , 37.9059410095 , 10.41400
62.52 , 37.9059410095 , 10.41983
62.56 , 37.7973289489 , 10.42583
62.59 , 37.9059410095 , 10.43150
62.63 , 37.9059410095 , 10.43750
62.66 , 38.0145530700 , 10.44333
62.70 , 38.0145530700 , 10.44933
62.73 , 38.0145530700 , 10.45517
62.77 , 38.0145530700 , 10.46117
62.80 , 38.0145530700 , 10.46700
62.84 , 38.0145530700 , 10.47283
62.87 , 38.1231651306 , 10.47883
62.91 , 38.1231651306 , 10.48467
62.94 , 38.1231651306 , 10.49067
62.98 , 38.2317810058 , 10.49650
63.01 , 38.2317810058 , 10.50233
63.05 , 38.3403930664 , 10.50817
63.09 , 38.2317810058 , 10.51417
63.12 , 38.3403930664 , 10.52000
63.16 , 38.3403930664 , 10.52600
63.19 , 38.3403930664 , 10.53183
63.23 , 38.3403930664 , 10.53767
63.26 , 38.4490051269 , 10.54350
63.30 , 38.4490051269 , 10.54950
63.33 , 38.5576171875 , 10.55550
63.37 , 38.5576171875 , 10.56133
63.40 , 38.5576171875 , 10.56733
63.44 , 38.5576171875 , 10.57300
63.47 , 38.6662292480 , 10.57900
63.51 , 38.5576171875 , 10.58483
63.54 , 38.6662292480 , 10.59083
63.58 , 38.6662292480 , 10.59667
63.62 , 38.6662292480 , 10.60267
63.65 , 38.6662292480 , 10.60833
63.69 , 38.7748451232 , 10.61433
63.72 , 38.7748451232 , 10.62017
63.76 , 38.7748451232 , 10.62617
63.79 , 38.8834571838 , 10.63200
63.83 , 38.8834571838 , 10.63783
63.86 , 38.8834571838 , 10.64367
63.90 , 38.8834571838 , 10.64967
63.93 , 38.9920692443 , 10.65567
63.97 , 38.9920692443 , 10.66150
64.00 , 38.9920692443 , 10.66750
64.04 , 38.9920692443 , 10.67317
64.07 , 38.9920692443 , 10.67917
64.11 , 38.9920692443 , 10.68500
64.15 , 39.1006813049 , 10.69100
64.18 , 39.1006813049 , 10.69683
64.22 , 39.1006813049 , 10.70283
64.25 , 39.2092971801 , 10.70850
64.29 , 39.2092971801 , 10.71450
64.32 , 39.2092971801 , 10.72033
64.36 , 39.3179092407 , 10.72633
64.39 , 39.3179092407 , 10.73217
64.43 , 39.3179092407 , 10.73817
64.46 , 39.3179092407 , 10.74400
64.50 , 39.4265213012 , 10.74983
64.54 , 39.4265213012 , 10.75583
64.57 , 39.4265213012 , 10.76167
64.61 , 39.4265213012 , 10.76767
64.64 , 39.4265213012 , 10.77350
64.68 , 39.5351333618 , 10.77933
64.71 , 39.5351333618 , 10.78517
64.75 , 39.6437454223 , 10.79117
64.78 , 39.5351333618 , 10.79700
64.82 , 39.6437454223 , 10.80300
64.85 , 39.6437454223 , 10.80867
64.89 , 39.6437454223 , 10.81467
64.92 , 39.7523612976 , 10.82050
64.96 , 39.7523612976 , 10.82650
64.99 , 39.7523612976 , 10.83233
65.03 , 39.7523612976 , 10.83833
65.06 , 39.7523612976 , 10.84417
65.10 , 39.8609733581 , 10.85000
65.14 , 39.8609733581 , 10.85600
65.17 , 39.8609733581 , 10.86183
65.21 , 39.8609733581 , 10.86783
65.24 , 39.9695854187 , 10.87367
65.28 , 39.9695854187 , 10.87950
65.31 , 40.0781974792 , 10.88533
65.35 , 40.0781974792 , 10.89133
65.38 , 40.0781974792 , 10.89717
65.42 , 40.1868133544 , 10.90317
65.45 , 40.1868133544 , 10.90900
65.49 , 40.1868133544 , 10.91483
65.52 , 40.1868133544 , 10.92067
65.56 , 40.1868133544 , 10.92667
65.60 , 40.2954254150 , 10.93267
65.63 , 40.1868133544 , 10.93850
65.67 , 40.2954254150 , 10.94450
65.70 , 40.4040374755 , 10.95017
65.74 , 40.2954254150 , 10.95617
65.77 , 40.4040374755 , 10.96200
65.81 , 40.4040374755 , 10.96800
65.84 , 40.4040374755 , 10.97383
65.88 , 40.4040374755 , 10.97983
65.91 , 40.5126495361 , 10.98550
65.95 , 40.5126495361 , 10.99150
65.98 , 40.5126495361 , 10.99733
66.02 , 40.5126495361 , 11.00333
66.05 , 40.6212615966 , 11.00917
66.09 , 40.6212615966 , 11.01517
66.12 , 40.6212615966 , 11.02083
66.16 , 40.6212615966 , 11.02683
66.20 , 40.7298774719 , 11.03283
66.23 , 40.7298774719 , 11.03867
66.27 , 40.7298774719 , 11.04467
66.30 , 40.8384895324 , 11.05033
66.34 , 40.8384895324 , 11.05633
66.37 , 40.8384895324 , 11.06217
66.41 , 40.8384895324 , 11.06817
66.44 , 40.8384895324 , 11.07400
66.48 , 40.8384895324 , 11.08000
66.51 , 40.9471015930 , 11.08567
66.55 , 40.9471015930 , 11.09167
66.58 , 40.9471015930 , 11.09750
66.62 , 41.0557136535 , 11.10350
66.66 , 41.0557136535 , 11.10933
66.69 , 41.0557136535 , 11.11533
66.73 , 41.0557136535 , 11.12117
66.76 , 41.1643295288 , 11.12700
66.80 , 41.1643295288 , 11.13300
66.83 , 41.1643295288 , 11.13883
66.87 , 41.2729415893 , 11.14483
66.90 , 41.1643295288 , 11.15067
66.94 , 41.2729415893 , 11.15650
66.97 , 41.2729415893 , 11.16233
67.01 , 41.2729415893 , 11.16833
67.04 , 41.2729415893 , 11.17417
67.08 , 41.4901657104 , 11.18017
67.12 , 41.3815536499 , 11.18600
67.15 , 41.3815536499 , 11.19183
67.19 , 41.5987777709 , 11.19767
67.22 , 41.4901657104 , 11.20367
67.26 , 41.5987777709 , 11.20950
67.29 , 41.4901657104 , 11.21550
67.33 , 41.5987777709 , 11.22150
67.36 , 41.5987777709 , 11.22717
67.40 , 41.5987777709 , 11.23317
67.43 , 41.7073936462 , 11.23900
67.47 , 41.8160057067 , 11.24500
67.50 , 41.8160057067 , 11.25083
67.54 , 41.7073936462 , 11.25667
67.57 , 41.7073936462 , 11.26250
67.61 , 41.9246215820 , 11.26850
67.65 , 41.8160057067 , 11.27433
67.68 , 41.8160057067 , 11.28033
67.72 , 41.8160057067 , 11.28617
67.75 , 41.9246215820 , 11.29200
67.79 , 42.0332374572 , 11.29783
67.82 , 42.0332374572 , 11.30383
67.86 , 42.0332374572 , 11.30983
67.89 , 42.0332374572 , 11.31567
67.93 , 42.1418495178 , 11.32167
67.96 , 42.0332374572 , 11.32733
68.00 , 42.1418495178 , 11.33333
68.04 , 42.1418495178 , 11.33917
68.07 , 42.2504615783 , 11.34517
68.11 , 42.1418495178 , 11.35100
68.14 , 42.2504615783 , 11.35700
68.18 , 42.2504615783 , 11.36267
68.21 , 42.2504615783 , 11.36867
68.25 , 42.2504615783 , 11.37450
68.28 , 42.3590736389 , 11.38050
68.32 , 42.2504615783 , 11.38633
68.35 , 42.3590736389 , 11.39233
68.39 , 42.3590736389 , 11.39800
68.42 , 42.4676895141 , 11.40400
68.46 , 42.4676895141 , 11.41000
68.50 , 42.4676895141 , 11.41583
68.53 , 42.4676895141 , 11.42183
68.57 , 42.4676895141 , 11.42767
68.60 , 42.4676895141 , 11.43350
68.64 , 42.5763015747 , 11.43933
68.67 , 42.6849136352 , 11.44533
68.71 , 42.6849136352 , 11.45117
68.74 , 42.6849136352 , 11.45717
68.78 , 42.6849136352 , 11.46283
68.81 , 42.7935256958 , 11.46883
68.85 , 42.7935256958 , 11.47467
68.88 , 42.7935256958 , 11.48067
68.92 , 42.7935256958 , 11.48650
68.95 , 42.9021377563 , 11.49250
68.99 , 42.9021377563 , 11.49833
69.02 , 42.9021377563 , 11.50417
69.06 , 42.9021377563 , 11.51017
69.10 , 43.0107536315 , 11.51600
69.13 , 43.0107536315 , 11.52200
69.17 , 43.0107536315 , 11.52783
69.20 , 43.0107536315 , 11.53367
69.24 , 43.1193656921 , 11.53950
69.27 , 43.0107536315 , 11.54550
69.31 , 43.1193656921 , 11.55133
69.34 , 43.1193656921 , 11.55733
69.38 , 43.2279777526 , 11.56317
69.41 , 43.2279777526 , 11.56900
69.45 , 43.2279777526 , 11.57483
69.48 , 43.2279777526 , 11.58083
69.52 , 43.2279777526 , 11.58667
69.56 , 43.2279777526 , 11.59267
69.59 , 43.3365898132 , 11.59867
69.63 , 43.3365898132 , 11.60433
69.66 , 43.4452056884 , 11.61033
69.70 , 43.3365898132 , 11.61617
69.73 , 43.4452056884 , 11.62217
69.77 , 43.4452056884 , 11.62800
69.80 , 43.4452056884 , 11.63400
69.84 , 43.5538177490 , 11.63967
69.87 , 43.5538177490 , 11.64567
69.91 , 43.5538177490 , 11.65150
69.94 , 43.5538177490 , 11.65750
69.98 , 43.5538177490 , 11.66333
70.02 , 43.6624298095 , 11.66933
70.05 , 43.7710418701 , 11.67500
70.09 , 43.7710418701 , 11.68100
70.12 , 43.7710418701 , 11.68700
70.16 , 43.8796539306 , 11.69283
70.19 , 43.7710418701 , 11.69883
70.23 , 43.8796539306 , 11.70450
70.26 , 43.8796539306 , 11.71050
70.30 , 43.8796539306 , 11.71633
70.33 , 43.9882698059 , 11.72233
70.37 , 43.9882698059 , 11.72817
70.40 , 43.9882698059 , 11.73417
70.44 , 43.9882698059 , 11.73983
70.47 , 43.9882698059 , 11.74583
70.51 , 44.0968818664 , 11.75167
70.55 , 44.0968818664 , 11.75767
70.58 , 44.0968818664 , 11.76350
70.62 , 44.0968818664 , 11.76950
70.65 , 44.2054939270 , 11.77517
70.69 , 44.2054939270 , 11.78117
70.72 , 44.2054939270 , 11.78717
70.76 , 44.3141059875 , 11.79300
70.79 , 44.2054939270 , 11.79900
70.83 , 44.3141059875 , 11.80483
70.86 , 44.4227218627 , 11.81067
70.90 , 44.3141059875 , 11.81650
70.93 , 44.3141059875 , 11.82250
70.97 , 44.4227218627 , 11.82833
71.01 , 44.4227218627 , 11.83433
71.04 , 44.5313339233 , 11.84017
71.08 , 44.5313339233 , 11.84600
71.11 , 44.6399459838 , 11.85183
71.15 , 44.5313339233 , 11.85783
71.18 , 44.6399459838 , 11.86367
71.22 , 44.6399459838 , 11.86967
71.25 , 44.6399459838 , 11.87567
71.29 , 44.6399459838 , 11.88133
71.32 , 44.6399459838 , 11.88733
71.36 , 44.7485580444 , 11.89317
71.39 , 44.7485580444 , 11.89917
71.43 , 44.7485580444 , 11.90500
71.46 , 44.8571701049 , 11.91083
71.50 , 44.8571701049 , 11.91667
71.54 , 44.8571701049 , 11.92267
71.57 , 44.8571701049 , 11.92850
71.61 , 44.9657859802 , 11.93450
71.64 , 44.9657859802 , 11.94033
71.68 , 44.9657859802 , 11.94617
71.71 , 45.0743980407 , 11.95200
71.75 , 45.0743980407 , 11.95800
71.78 , 45.0743980407 , 11.96383
71.82 , 45.0743980407 , 11.96983
71.86 , 45.1830101013 , 11.97583
71.89 , 45.1830101013 , 11.98150
71.93 , 45.1830101013 , 11.98750
71.96 , 45.1830101013 , 11.99333
72.00 , 45.1830101013 , 11.99933
72.03 , 45.2916221618 , 12.00517
72.07 , 45.2916221618 , 12.01117
72.10 , 45.2916221618 , 12.01683
72.14 , 45.4002380371 , 12.02283
72.17 , 45.4002380371 , 12.02867
72.21 , 45.4002380371 , 12.03467
72.24 , 45.5088500976 , 12.04050
72.28 , 45.4002380371 , 12.04650
72.31 , 45.5088500976 , 12.05217
72.35 , 45.6174621582 , 12.05817
72.38 , 45.5088500976 , 12.06417
72.42 , 45.6174621582 , 12.07000
72.46 , 45.6174621582 , 12.07600
72.49 , 45.6174621582 , 12.08183
72.53 , 45.7260742187 , 12.08767
72.56 , 45.7260742187 , 12.09350
72.60 , 45.7260742187 , 12.09950
72.63 , 45.8346862792 , 12.10533
72.67 , 45.8346862792 , 12.11133
72.70 , 45.8346862792 , 12.11700
72.74 , 45.9433021545 , 12.12300
72.77 , 45.8346862792 , 12.12883
72.81 , 45.9433021545 , 12.13483
72.84 , 45.9433021545 , 12.14067
72.88 , 45.9433021545 , 12.14667
72.91 , 45.9433021545 , 12.15233
72.95 , 45.9433021545 , 12.15833
72.99 , 46.1605262756 , 12.16433
73.02 , 46.0519142150 , 12.17017
73.06 , 46.0519142150 , 12.17617
73.09 , 46.1605262756 , 12.18200
73.13 , 46.2691383361 , 12.18783
73.16 , 46.1605262756 , 12.19367
73.20 , 46.2691383361 , 12.19967
73.23 , 46.1605262756 , 12.20550
73.27 , 46.3777542114 , 12.21150
73.30 , 46.2691383361 , 12.21733
73.34 , 46.2691383361 , 12.22317
73.37 , 46.2691383361 , 12.22900
73.41 , 46.3777542114 , 12.23500
73.44 , 46.3777542114 , 12.24083
73.48 , 46.3777542114 , 12.24683
73.52 , 46.4863662719 , 12.25283
73.55 , 46.4863662719 , 12.25850
73.59 , 46.4863662719 , 12.26450
73.62 , 46.4863662719 , 12.27033
73.66 , 46.5949783325 , 12.27633
73.69 , 46.5949783325 , 12.28217
73.73 , 46.5949783325 , 12.28817
73.76 , 46.7035903930 , 12.29383
73.80 , 46.7035903930 , 12.29983
73.83 , 46.7035903930 , 12.30567
73.87 , 46.7035903930 , 12.31167
73.90 , 46.8122024536 , 12.31750
73.94 , 46.8122024536 , 12.32333
73.97 , 46.8122024536 , 12.32917
74.01 , 46.8122024536 , 12.33517
74.05 , 46.9208183288 , 12.34100
74.08 , 46.9208183288 , 12.34700
74.12 , 46.9208183288 , 12.35300
74.15 , 46.9208183288 , 12.35867
74.19 , 47.0294303894 , 12.36467
74.22 , 47.0294303894 , 12.37050
74.26 , 47.1380424499 , 12.37650
74.29 , 47.0294303894 , 12.38233
74.33 , 47.0294303894 , 12.38833
74.36 , 47.1380424499 , 12.39400
74.40 , 47.1380424499 , 12.40000
74.43 , 47.2466545104 , 12.40583
74.47 , 47.1380424499 , 12.41183
74.51 , 47.2466545104 , 12.41767
74.54 , 47.2466545104 , 12.42367
74.58 , 47.2466545104 , 12.42933
74.61 , 47.3552703857 , 12.43533
74.65 , 47.4638862609 , 12.44133
74.68 , 47.4638862609 , 12.44717
74.72 , 47.4638862609 , 12.45317
74.75 , 47.4638862609 , 12.45900
74.79 , 47.4638862609 , 12.46483
74.82 , 47.4638862609 , 12.47067
74.86 , 47.5724983215 , 12.47667
74.89 , 47.5724983215 , 12.48250
74.93 , 47.6811141967 , 12.48850
74.97 , 47.6811141967 , 12.49433
75.00 , 47.6811141967 , 12.50017
75.04 , 47.6811141967 , 12.50600
75.07 , 47.7897262573 , 12.51200
75.11 , 47.6811141967 , 12.51783
75.14 , 47.6811141967 , 12.52383
75.18 , 47.7897262573 , 12.52950
75.21 , 47.8983383178 , 12.53550
75.25 , 47.7897262573 , 12.54150
75.28 , 47.8983383178 , 12.54733
75.32 , 47.8983383178 , 12.55333
75.36 , 47.8983383178 , 12.55917
75.39 , 47.8983383178 , 12.56500
75.43 , 48.0069503784 , 12.57083
75.46 , 48.0069503784 , 12.57683
75.50 , 48.0069503784 , 12.58267
75.53 , 48.0069503784 , 12.58867
75.57 , 48.0069503784 , 12.59450
75.60 , 48.1155624389 , 12.60033
75.64 , 48.0069503784 , 12.60617
75.67 , 48.1155624389 , 12.61217
75.71 , 48.1155624389 , 12.61800
75.74 , 48.2241783142 , 12.62400
75.78 , 48.2241783142 , 12.63000
75.81 , 48.2241783142 , 12.63567
75.85 , 48.2241783142 , 12.64167
75.88 , 48.3327903747 , 12.64750
75.92 , 48.4414024353 , 12.65350
75.96 , 48.3327903747 , 12.65933
75.99 , 48.4414024353 , 12.66533
76.03 , 48.3327903747 , 12.67100
76.06 , 48.4414024353 , 12.67700
76.10 , 48.4414024353 , 12.68283
76.13 , 48.4414024353 , 12.68883
76.17 , 48.4414024353 , 12.69467
76.20 , 48.5500144958 , 12.70067
76.24 , 48.6586303710 , 12.70633
76.27 , 48.6586303710 , 12.71233
76.31 , 48.6586303710 , 12.71817
76.34 , 48.6586303710 , 12.72417
76.38 , 48.6586303710 , 12.73017
76.42 , 48.6586303710 , 12.73600
76.45 , 48.7672424316 , 12.74183
76.49 , 48.7672424316 , 12.74767
76.52 , 48.8758544921 , 12.75367
76.56 , 48.8758544921 , 12.75950
76.59 , 48.8758544921 , 12.76550
76.63 , 48.8758544921 , 12.77117
76.66 , 48.8758544921 , 12.77717
76.70 , 48.9844665527 , 12.78300
76.73 , 48.9844665527 , 12.78900
76.77 , 49.0930786132 , 12.79483
76.80 , 49.0930786132 , 12.80083
76.84 , 49.0930786132 , 12.80650
76.87 , 49.0930786132 , 12.81250
76.91 , 49.2016944885 , 12.81850
76.95 , 49.0930786132 , 12.82433
76.98 , 49.2016944885 , 12.83033
77.02 , 49.2016944885 , 12.83617
77.05 , 49.2016944885 , 12.84200
77.09 , 49.3103065490 , 12.84783
77.12 , 49.3103065490 , 12.85383
77.16 , 49.4189186096 , 12.85967
77.19 , 49.4189186096 , 12.86567
77.23 , 49.4189186096 , 12.87150
77.26 , 49.4189186096 , 12.87733
77.30 , 49.4189186096 , 12.88317
77.33 , 49.4189186096 , 12.88917
77.37 , 49.5275306701 , 12.89500
77.41 , 49.5275306701 , 12.90100
77.44 , 49.6361465454 , 12.90683
77.48 , 49.6361465454 , 12.91267
77.51 , 49.6361465454 , 12.91867
77.55 , 49.6361465454 , 12.92450
77.58 , 49.7447586059 , 12.93050
77.62 , 49.7447586059 , 12.93633
77.65 , 49.7447586059 , 12.94233
77.69 , 49.7447586059 , 12.94800
77.72 , 49.8533706665 , 12.95400
77.76 , 49.8533706665 , 12.95983
77.79 , 49.8533706665 , 12.96583
77.83 , 49.8533706665 , 12.97167
77.86 , 49.8533706665 , 12.97750
77.90 , 49.8533706665 , 12.98333
77.94 , 49.9619827270 , 12.98933
77.97 , 49.9619827270 , 12.99517
78.01 , 49.9619827270 , 13.00117
78.04 , 50.0705947875 , 13.00717
78.08 , 50.0705947875 , 13.01283
78.11 , 50.1792106628 , 13.01883
78.15 , 50.1792106628 , 13.02467
78.18 , 50.0705947875 , 13.03067
78.22 , 50.0705947875 , 13.03650
78.25 , 50.2878227233 , 13.04250
78.29 , 50.1792106628 , 13.04817
78.32 , 50.2878227233 , 13.05417
78.36 , 50.2878227233 , 13.06000
78.40 , 50.2878227233 , 13.06600
78.43 , 50.3964347839 , 13.07183
78.47 , 50.3964347839 , 13.07783
78.50 , 50.5050468444 , 13.08350
78.54 , 50.3964347839 , 13.08950
78.57 , 50.5050468444 , 13.09533
78.61 , 50.5050468444 , 13.10133
78.64 , 50.6136627197 , 13.10733
78.68 , 50.5050468444 , 13.11317
78.71 , 50.6136627197 , 13.11900
78.75 , 50.6136627197 , 13.12483
78.79 , 50.6136627197 , 13.13083
78.82 , 50.7222747802 , 13.13667
78.86 , 50.7222747802 , 13.14267
78.89 , 50.7222747802 , 13.14850
78.93 , 50.7222747802 , 13.15433
78.96 , 50.8308868408 , 13.16017
79.00 , 50.8308868408 , 13.16617
79.03 , 50.8308868408 , 13.17200
79.07 , 50.9394989013 , 13.17800
79.10 , 50.8308868408 , 13.18367
79.14 , 50.9394989013 , 13.18967
79.17 , 50.9394989013 , 13.19567
79.21 , 50.9394989013 , 13.20150
79.25 , 51.0481109619 , 13.20750
79.28 , 51.0481109619 , 13.21333
79.31 , 51.0481109619 , 13.21917
79.35 , 51.1567268371 , 13.22500
79.39 , 51.1567268371 , 13.23100
79.42 , 51.1567268371 , 13.23683
79.46 , 51.2653388977 , 13.24283
79.49 , 51.2653388977 , 13.24867
79.53 , 51.2653388977 , 13.25450
79.56 , 51.2653388977 , 13.26033
79.60 , 51.3739509582 , 13.26633
79.63 , 51.3739509582 , 13.27217
79.67 , 51.3739509582 , 13.27817
79.70 , 51.3739509582 , 13.28400
79.74 , 51.3739509582 , 13.28983
79.77 , 51.4825630187 , 13.29583
79.81 , 51.4825630187 , 13.30167
79.85 , 51.5911788940 , 13.30767
79.88 , 51.5911788940 , 13.31350
79.92 , 51.5911788940 , 13.31950
79.95 , 51.6997909545 , 13.32517
79.99 , 51.5911788940 , 13.33117
80.02 , 51.6997909545 , 13.33700
80.06 , 51.8084030151 , 13.34300
80.09 , 51.8084030151 , 13.34883
80.13 , 51.6997909545 , 13.35483
80.16 , 51.8084030151 , 13.36050
80.20 , 51.8084030151 , 13.36650
80.23 , 51.9170150756 , 13.37233
80.27 , 51.8084030151 , 13.37833
80.31 , 51.9170150756 , 13.38433
80.34 , 51.9170150756 , 13.39000
80.38 , 51.9170150756 , 13.39600
80.41 , 51.9170150756 , 13.40183
80.45 , 52.0256271362 , 13.40783
80.48 , 52.0256271362 , 13.41367
80.52 , 52.1342430114 , 13.41967
80.55 , 52.1342430114 , 13.42533
80.59 , 52.1342430114 , 13.43133
80.62 , 52.1342430114 , 13.43717
80.66 , 52.1342430114 , 13.44317
80.69 , 52.1342430114 , 13.44900
80.73 , 52.2428550720 , 13.45500
80.76 , 52.2428550720 , 13.46067
80.80 , 52.3514671325 , 13.46667
80.83 , 52.3514671325 , 13.47250
80.87 , 52.3514671325 , 13.47850
80.91 , 52.2428550720 , 13.48450
80.94 , 52.4600791931 , 13.49033
80.98 , 52.4600791931 , 13.49617
81.01 , 52.4600791931 , 13.50200
81.05 , 52.5686950683 , 13.50800
81.08 , 52.4600791931 , 13.51383
81.12 , 52.6773071289 , 13.51983
81.15 , 52.5686950683 , 13.52567
81.19 , 52.5686950683 , 13.53150
81.22 , 52.6773071289 , 13.53733
81.26 , 52.6773071289 , 13.54333
81.29 , 52.7859191894 , 13.54917
81.33 , 52.6773071289 , 13.55517
81.37 , 52.6773071289 , 13.56100
81.40 , 52.6773071289 , 13.56683
81.44 , 52.7859191894 , 13.57283
81.47 , 52.8945312500 , 13.57867
81.51 , 52.8945312500 , 13.58467
81.54 , 52.8945312500 , 13.59050
81.58 , 52.8945312500 , 13.59650
81.61 , 53.0031509399 , 13.60217
81.65 , 53.0031509399 , 13.60817
81.68 , 53.0031509399 , 13.61400
81.72 , 53.1117630004 , 13.62000
81.75 , 53.1117630004 , 13.62583
81.79 , 53.1117630004 , 13.63167
81.82 , 53.2203750610 , 13.63750
81.86 , 53.1117630004 , 13.64350
81.90 , 53.2203750610 , 13.64933
81.93 , 53.2203750610 , 13.65533
81.97 , 53.3289871215 , 13.66117
82.00 , 53.3289871215 , 13.66700
82.04 , 53.2203750610 , 13.67300
82.07 , 53.3289871215 , 13.67883
82.11 , 53.4376029968 , 13.68483
82.14 , 53.4376029968 , 13.69067
82.18 , 53.3289871215 , 13.69667
82.21 , 53.4376029968 , 13.70233
82.25 , 53.5462150573 , 13.70833
82.29 , 53.5462150573 , 13.71417
82.32 , 53.5462150573 , 13.72017
82.36 , 53.5462150573 , 13.72600
82.39 , 53.6548271179 , 13.73200
82.43 , 53.6548271179 , 13.73767
82.46 , 53.6548271179 , 13.74367
82.50 , 53.6548271179 , 13.74950
82.53 , 53.7634391784 , 13.75550
82.57 , 53.7634391784 , 13.76150
82.60 , 53.8720550537 , 13.76733
82.64 , 53.7634391784 , 13.77317
82.67 , 53.8720550537 , 13.77900
82.71 , 53.8720550537 , 13.78500
82.75 , 53.8720550537 , 13.79083
82.78 , 53.9806671142 , 13.79683
82.82 , 53.9806671142 , 13.80267
82.85 , 53.9806671142 , 13.80850
82.89 , 53.9806671142 , 13.81433
82.92 , 53.9806671142 , 13.82033
82.96 , 54.0892791748 , 13.82617
82.99 , 54.0892791748 , 13.83217
83.03 , 54.0892791748 , 13.83783
83.06 , 54.1978912353 , 13.84383
83.10 , 54.1978912353 , 13.84967
83.13 , 54.1978912353 , 13.85567
83.17 , 54.3065032958 , 13.86167
83.20 , 54.1978912353 , 13.86750
83.24 , 54.3065032958 , 13.87333
83.27 , 54.3065032958 , 13.87917
83.31 , 54.4151191711 , 13.88517
83.35 , 54.4151191711 , 13.89100
83.38 , 54.4151191711 , 13.89700
83.42 , 54.4151191711 , 13.90283
83.45 , 54.4151191711 , 13.90867
83.49 , 54.5237312316 , 13.91450
83.52 , 54.5237312316 , 13.92050
83.56 , 54.5237312316 , 13.92633
83.59 , 54.6323432922 , 13.93233
83.63 , 54.6323432922 , 13.93817
83.66 , 54.6323432922 , 13.94400
83.70 , 54.6323432922 , 13.95000
83.73 , 54.7409553527 , 13.95583
83.77 , 54.7409553527 , 13.96183
83.81 , 54.8495712280 , 13.96767
83.84 , 54.8495712280 , 13.97367
83.88 , 54.8495712280 , 13.97933
83.91 , 54.8495712280 , 13.98533
83.95 , 54.8495712280 , 13.99117
83.98 , 54.8495712280 , 13.99717
84.02 , 54.9581832885 , 14.00300
84.05 , 54.9581832885 , 14.00900
84.09 , 54.9581832885 , 14.01467
84.12 , 55.0667953491 , 14.02067
84.16 , 55.0667953491 , 14.02650
84.19 , 55.1754074096 , 14.03250
84.23 , 55.1754074096 , 14.03833
84.26 , 55.1754074096 , 14.04417
84.30 , 55.1754074096 , 14.05017
84.34 , 55.1754074096 , 14.05600
84.37 , 55.2840194702 , 14.06200
84.41 , 55.2840194702 , 14.06783
84.44 , 55.2840194702 , 14.07383
84.48 , 55.2840194702 , 14.07950
84.51 , 55.5012474060 , 14.08550
84.55 , 55.3926353454 , 14.09133
84.58 , 55.3926353454 , 14.09733
84.62 , 55.3926353454 , 14.10317
84.65 , 55.5012474060 , 14.10917
84.69 , 55.5012474060 , 14.11483
84.72 , 55.6098594665 , 14.12083
84.76 , 55.6098594665 , 14.12667
84.80 , 55.6098594665 , 14.13267
84.83 , 55.6098594665 , 14.13867
84.87 , 55.7184715270 , 14.14450
84.90 , 55.7184715270 , 14.15033
84.94 , 55.7184715270 , 14.15617
84.97 , 55.7184715270 , 14.16217
85.01 , 55.7184715270 , 14.16800
85.04 , 55.8270874023 , 14.17400
85.08 , 55.8270874023 , 14.17983
85.11 , 55.8270874023 , 14.18567
85.15 , 55.8270874023 , 14.19150
85.18 , 55.9356994628 , 14.19750
85.22 , 55.9356994628 , 14.20333
85.26 , 55.9356994628 , 14.20933
85.29 , 56.0443115234 , 14.21517
85.33 , 56.0443115234 , 14.22100
85.36 , 56.0443115234 , 14.22683
85.40 , 56.0443115234 , 14.23283
85.43 , 56.0443115234 , 14.23883
85.47 , 56.1529235839 , 14.24467
85.50 , 56.1529235839 , 14.25067
85.54 , 56.1529235839 , 14.25633
85.57 , 56.2615356445 , 14.26233
85.61 , 56.2615356445 , 14.26817
85.64 , 56.2615356445 , 14.27417
85.68 , 56.2615356445 , 14.28000
85.71 , 56.3701515197 , 14.28583
85.75 , 56.3701515197 , 14.29167
85.79 , 56.3701515197 , 14.29767
85.82 , 56.3701515197 , 14.30350
85.86 , 56.3701515197 , 14.30950
85.89 , 56.4787635803 , 14.31533
85.93 , 56.4787635803 , 14.32117
85.96 , 56.5873756408 , 14.32717
86.00 , 56.4787635803 , 14.33300
86.03 , 56.5873756408 , 14.33900
86.07 , 56.5873756408 , 14.34483
86.11 , 56.6959877014 , 14.35083
86.14 , 56.6959877014 , 14.35650
86.18 , 56.6959877014 , 14.36250
86.21 , 56.6959877014 , 14.36833
86.25 , 56.8046035766 , 14.37433
86.28 , 56.8046035766 , 14.38017
86.32 , 56.8046035766 , 14.38617
86.35 , 56.9132156372 , 14.39183
86.39 , 56.8046035766 , 14.39783
86.42 , 57.0218276977 , 14.40367
86.46 , 57.0218276977 , 14.40967
86.49 , 56.9132156372 , 14.41550
86.53 , 57.0218276977 , 14.42150
86.56 , 57.0218276977 , 14.42733
86.60 , 57.1304397583 , 14.43317
86.63 , 57.1304397583 , 14.43917
86.67 , 57.1304397583 , 14.44500
86.71 , 57.1304397583 , 14.45100
86.74 , 57.2390518188 , 14.45667
86.78 , 57.2390518188 , 14.46267
86.81 , 57.2390518188 , 14.46850
86.85 , 57.2390518188 , 14.47450
86.88 , 57.3476676940 , 14.48033
86.92 , 57.2390518188 , 14.48633
86.95 , 57.3476676940 , 14.49200
86.99 , 57.4562797546 , 14.49800
87.02 , 57.4562797546 , 14.50383
87.06 , 57.5648918151 , 14.50983
87.09 , 57.4562797546 , 14.51583
87.13 , 57.5648918151 , 14.52167
87.16 , 57.5648918151 , 14.52750
87.20 , 57.5648918151 , 14.53333
87.24 , 57.6735038757 , 14.53933
87.27 , 57.5648918151 , 14.54517
87.31 , 57.6735038757 , 14.55117
87.34 , 57.7821197509 , 14.55700
87.38 , 57.7821197509 , 14.56283
87.41 , 57.7821197509 , 14.56867
87.45 , 57.7821197509 , 14.57467
87.48 , 57.8907318115 , 14.58050
87.52 , 57.8907318115 , 14.58650
87.55 , 57.7821197509 , 14.59233
87.59 , 57.8907318115 , 14.59817
87.62 , 57.8907318115 , 14.60400
87.66 , 57.8907318115 , 14.61000
87.70 , 57.9993438720 , 14.61600
87.73 , 57.9993438720 , 14.62183
87.77 , 57.9993438720 , 14.62783
87.80 , 58.1079559326 , 14.63350
87.84 , 58.1079559326 , 14.63950
87.87 , 58.1079559326 , 14.64533
87.91 , 58.1079559326 , 14.65133
87.94 , 58.2165679931 , 14.65717
87.98 , 58.2165679931 , 14.66317
88.01 , 58.2165679931 , 14.66883
88.05 , 58.3251838684 , 14.67483
88.08 , 58.3251838684 , 14.68067
88.12 , 58.3251838684 , 14.68667
88.15 , 58.3251838684 , 14.69250
88.19 , 58.3251838684 , 14.69833
88.23 , 58.4337959289 , 14.70433
88.26 , 58.4337959289 , 14.71017
88.30 , 58.4337959289 , 14.71617
88.33 , 58.4337959289 , 14.72200
88.37 , 58.5424079895 , 14.72800
88.40 , 58.5424079895 , 14.73367
88.44 , 58.5424079895 , 14.73967
88.47 , 58.5424079895 , 14.74550
88.51 , 58.6510276794 , 14.75150
88.54 , 58.6510276794 , 14.75733
88.58 , 58.7596397399 , 14.76333
88.61 , 58.6510276794 , 14.76900
88.65 , 58.7596397399 , 14.77500
88.68 , 58.7596397399 , 14.78083
88.72 , 58.7596397399 , 14.78683
88.76 , 58.8682518005 , 14.79267
88.79 , 58.8682518005 , 14.79867
88.83 , 58.8682518005 , 14.80450
88.86 , 58.9768638610 , 14.81033
88.90 , 58.9768638610 , 14.81633
88.93 , 58.9768638610 , 14.82217
88.97 , 58.9768638610 , 14.82817
89.00 , 59.0854797363 , 14.83400
89.04 , 59.0854797363 , 14.83983
89.07 , 59.0854797363 , 14.84567
89.11 , 59.1940917968 , 14.85167
89.14 , 59.1940917968 , 14.85750
89.18 , 59.1940917968 , 14.86350
89.22 , 59.1940917968 , 14.86933
89.25 , 59.1940917968 , 14.87517
89.29 , 59.4113159179 , 14.88100
89.32 , 59.3027038574 , 14.88700
89.36 , 59.4113159179 , 14.89300
89.39 , 59.4113159179 , 14.89883
89.43 , 59.4113159179 , 14.90467
89.46 , 59.4113159179 , 14.91050
89.50 , 59.5199279785 , 14.91650
89.53 , 59.6285438537 , 14.92233
89.57 , 59.6285438537 , 14.92833
89.61 , 59.5199279785 , 14.93417
89.64 , 59.6285438537 , 14.94000
89.68 , 59.6285438537 , 14.94583
89.71 , 59.6285438537 , 14.95183
89.75 , 59.7371559143 , 14.95767
89.78 , 59.6285438537 , 14.96367
89.82 , 59.7371559143 , 14.96950
89.85 , 59.7371559143 , 14.97533
89.89 , 59.8457679748 , 14.98117
89.92 , 59.7371559143 , 14.98717
89.96 , 59.8457679748 , 14.99317
89.99 , 59.8457679748 , 14.99900
90.03 , 59.8457679748 , 15.00500
90.06 , 59.9543800354 , 15.01067
90.10 , 59.9543800354 , 15.01667
90.13 , 59.9543800354 , 15.02250
90.17 , 60.0629959106 , 15.02850
90.21 , 60.0629959106 , 15.03433
90.24 , 60.0629959106 , 15.04033
90.28 , 60.1716079711 , 15.04600
90.31 , 60.0629959106 , 15.05200
90.35 , 60.1716079711 , 15.05783
90.38 , 60.1716079711 , 15.06383
90.42 , 60.1716079711 , 15.06967
90.45 , 60.1716079711 , 15.07567
90.49 , 60.2802200317 , 15.08150
90.52 , 60.2802200317 , 15.08733
90.56 , 60.2802200317 , 15.09333
90.59 , 60.3888320922 , 15.09917
90.63 , 60.3888320922 , 15.10517
90.66 , 60.3888320922 , 15.11083
90.70 , 60.4974441528 , 15.11683
90.74 , 60.4974441528 , 15.12267
90.77 , 60.3888320922 , 15.12867
90.81 , 60.4974441528 , 15.13450
90.84 , 60.6060600280 , 15.14050
90.88 , 60.4974441528 , 15.14617
90.91 , 60.6060600280 , 15.15217
90.95 , 60.6060600280 , 15.15800
90.98 , 60.7146720886 , 15.16400
91.02 , 60.7146720886 , 15.16983
91.05 , 60.7146720886 , 15.17583
91.09 , 60.7146720886 , 15.18167
91.12 , 60.7146720886 , 15.18750
91.16 , 60.8232841491 , 15.19350
91.20 , 60.8232841491 , 15.19933
91.23 , 60.8232841491 , 15.20533
91.27 , 60.9318962097 , 15.21117
91.30 , 60.9318962097 , 15.21700
91.34 , 60.9318962097 , 15.22283
91.37 , 61.0405120849 , 15.22883
91.41 , 61.0405120849 , 15.23467
91.44 , 61.0405120849 , 15.24067
91.48 , 61.0405120849 , 15.24650
91.51 , 61.1491241455 , 15.25233
91.55 , 61.1491241455 , 15.25817
91.58 , 61.1491241455 , 15.26417
91.62 , 61.2577362060 , 15.27017
91.66 , 61.2577362060 , 15.27600
91.69 , 61.3663482666 , 15.28200
91.73 , 61.2577362060 , 15.28767
91.76 , 61.3663482666 , 15.29367
91.80 , 61.3663482666 , 15.29950
91.83 , 61.3663482666 , 15.30550
91.87 , 61.3663482666 , 15.31133
91.90 , 61.4749603271 , 15.31733
91.94 , 61.4749603271 , 15.32300
91.97 , 61.4749603271 , 15.32900
92.01 , 61.5835762023 , 15.33483
92.04 , 61.5835762023 , 15.34083
92.08 , 61.5835762023 , 15.34667
92.11 , 61.6921882629 , 15.35250
92.15 , 61.6921882629 , 15.35833
92.19 , 61.6921882629 , 15.36433
92.22 , 61.8008003234 , 15.37033
92.26 , 61.6921882629 , 15.37617
92.29 , 61.8008003234 , 15.38217
92.33 , 61.8008003234 , 15.38783
92.36 , 61.8008003234 , 15.39383
92.40 , 61.8008003234 , 15.39967
92.43 , 61.9094123840 , 15.40567
92.47 , 61.9094123840 , 15.41150
92.50 , 61.9094123840 , 15.41750
92.54 , 61.9094123840 , 15.42317
92.57 , 62.0180282592 , 15.42917
92.61 , 62.0180282592 , 15.43500
92.65 , 62.0180282592 , 15.44100
92.68 , 62.0180282592 , 15.44683
92.72 , 62.0180282592 , 15.45283
92.75 , 62.1266403198 , 15.45867
92.79 , 62.1266403198 , 15.46450
92.82 , 62.1266403198 , 15.47050
92.86 , 62.2352523803 , 15.47633
92.89 , 62.2352523803 , 15.48233
92.93 , 62.2352523803 , 15.48817
92.96 , 62.2352523803 , 15.49400
93.00 , 62.3438644409 , 15.49983
93.04 , 62.3438644409 , 15.50583
93.07 , 62.3438644409 , 15.51167
93.11 , 62.4524765014 , 15.51767
93.14 , 62.3438644409 , 15.52333
93.18 , 62.4524765014 , 15.52933
93.21 , 62.4524765014 , 15.53517
93.25 , 62.4524765014 , 15.54117
93.28 , 62.5610923767 , 15.54700
93.32 , 62.5610923767 , 15.55300
93.35 , 62.5610923767 , 15.55883
93.39 , 62.6697044372 , 15.56467
93.42 , 62.6697044372 , 15.57067
93.46 , 62.6697044372 , 15.57650
93.50 , 62.6697044372 , 15.58250
93.53 , 62.7783164978 , 15.58833
93.56 , 62.6697044372 , 15.59417
93.60 , 62.8869285583 , 15.60000
93.64 , 62.7783164978 , 15.60600
93.67 , 62.8869285583 , 15.61183
93.71 , 62.8869285583 , 15.61783
93.74 , 62.8869285583 , 15.62367
93.78 , 62.9955444335 , 15.62950
93.81 , 62.9955444335 , 15.63533
93.85 , 62.9955444335 , 15.64133
93.88 , 62.9955444335 , 15.64733
93.92 , 63.1041564941 , 15.65317
93.95 , 63.1041564941 , 15.65917
93.99 , 63.2127685546 , 15.66483
94.02 , 63.2127685546 , 15.67083
94.06 , 63.2127685546 , 15.67667
94.10 , 63.2127685546 , 15.68267
94.13 , 63.2127685546 , 15.68850
94.17 , 63.3213806152 , 15.69450
94.20 , 63.3213806152 , 15.70017
94.24 , 63.3213806152 , 15.70617
94.27 , 63.3213806152 , 15.71200
94.31 , 63.3213806152 , 15.71800
94.34 , 63.4299926757 , 15.72383
94.38 , 63.4299926757 , 15.72983
94.41 , 63.4299926757 , 15.73550
94.45 , 63.5386085510 , 15.74150
94.48 , 63.5386085510 , 15.74750
94.52 , 63.6472206115 , 15.75333
94.56 , 63.5386085510 , 15.75933
94.59 , 63.6472206115 , 15.76500
94.63 , 63.6472206115 , 15.77100
94.66 , 63.6472206115 , 15.77683
94.70 , 63.6472206115 , 15.78283
94.73 , 63.7558326721 , 15.78867
94.77 , 63.7558326721 , 15.79467
94.80 , 63.7558326721 , 15.80033
94.84 , 63.7558326721 , 15.80633
94.87 , 63.7558326721 , 15.81217
94.91 , 63.8644447326 , 15.81817
94.94 , 63.8644447326 , 15.82400
94.98 , 63.8644447326 , 15.83000
95.01 , 63.9730606079 , 15.83583
95.05 , 63.9730606079 , 15.84167
95.09 , 63.9730606079 , 15.84767
95.12 , 64.0816726684 , 15.85350
95.16 , 64.0816726684 , 15.85950
95.19 , 64.0816726684 , 15.86533
95.23 , 64.1902923583 , 15.87117
95.26 , 64.1902923583 , 15.87700
95.30 , 64.0816726684 , 15.88300
95.33 , 64.1902923583 , 15.88883
95.37 , 64.1902923583 , 15.89483
95.40 , 64.2989044189 , 15.90067
95.44 , 64.2989044189 , 15.90650
95.47 , 64.2989044189 , 15.91233
95.51 , 64.2989044189 , 15.91833
95.54 , 64.4075164794 , 15.92417
95.58 , 64.4075164794 , 15.93017
95.62 , 64.4075164794 , 15.93617
95.65 , 64.4075164794 , 15.94183
95.69 , 64.4075164794 , 15.94783
95.72 , 64.5161285400 , 15.95367
95.76 , 64.5161285400 , 15.95967
95.79 , 64.6247406005 , 15.96550
95.83 , 64.6247406005 , 15.97133
95.86 , 64.7333526611 , 15.97717
95.90 , 64.7333526611 , 15.98317
95.93 , 64.7333526611 , 15.98900
95.97 , 64.7333526611 , 15.99500
96.00 , 64.8419647216 , 16.00083
96.04 , 64.8419647216 , 16.00667
96.07 , 64.8419647216 , 16.01250
96.11 , 64.8419647216 , 16.01850
96.15 , 64.8419647216 , 16.02450
96.18 , 64.9505767822 , 16.03034
96.22 , 64.9505767822 , 16.03634
96.25 , 64.9505767822 , 16.04200
96.29 , 65.0591964721 , 16.04800
96.32 , 65.0591964721 , 16.05383
96.36 , 65.0591964721 , 16.05983
96.39 , 65.0591964721 , 16.06567
96.43 , 65.0591964721 , 16.07167
96.46 , 65.1678085327 , 16.07733
96.50 , 65.1678085327 , 16.08333
96.54 , 65.1678085327 , 16.08917
96.57 , 65.1678085327 , 16.09517
96.61 , 65.2764205932 , 16.10100
96.64 , 65.2764205932 , 16.10700
96.68 , 65.2764205932 , 16.11267
96.71 , 65.2764205932 , 16.11867
96.75 , 65.2764205932 , 16.12467
96.78 , 65.3850326538 , 16.13050
96.82 , 65.4936447143 , 16.13650
96.85 , 65.4936447143 , 16.14233
96.89 , 65.4936447143 , 16.14817
96.92 , 65.4936447143 , 16.15400
96.96 , 65.4936447143 , 16.16000
97.00 , 65.3850326538 , 16.16584
97.03 , 65.4936447143 , 16.17183
97.06 , 65.4936447143 , 16.17750
97.10 , 65.4936447143 , 16.18350
97.14 , 65.6022567749 , 16.18934
97.17 , 65.6022567749 , 16.19533
97.21 , 65.6022567749 , 16.20117
97.24 , 65.7108688354 , 16.20717
97.28 , 65.7108688354 , 16.21300
97.31 , 65.7108688354 , 16.21883
97.35 , 65.7108688354 , 16.22484
97.38 , 65.8194808959 , 16.23067
97.42 , 65.8194808959 , 16.23667
97.45 , 65.8194808959 , 16.24250
97.49 , 65.9280929565 , 16.24833
97.52 , 65.9280929565 , 16.25417
97.56 , 65.8194808959 , 16.26017
97.60 , 65.9280929565 , 16.26600
97.63 , 65.9280929565 , 16.27200
97.67 , 66.0367126464 , 16.27783
97.70 , 66.0367126464 , 16.28367
97.74 , 66.1453247070 , 16.28950
97.77 , 66.1453247070 , 16.29550
97.81 , 66.1453247070 , 16.30134
97.84 , 66.1453247070 , 16.30734
97.88 , 66.2539367675 , 16.31333
97.91 , 66.2539367675 , 16.31900
97.95 , 66.2539367675 , 16.32500
97.98 , 66.2539367675 , 16.33083
98.02 , 66.2539367675 , 16.33683
98.06 , 66.3625488281 , 16.34267
98.09 , 66.3625488281 , 16.34867
98.13 , 66.4711608886 , 16.35433
98.16 , 66.3625488281 , 16.36034
98.20 , 66.5797729492 , 16.36617
98.23 , 66.4711608886 , 16.37217
98.27 , 66.5797729492 , 16.37800
98.30 , 66.5797729492 , 16.38400
98.34 , 66.5797729492 , 16.38967
98.37 , 66.5797729492 , 16.39567
98.41 , 66.6883850097 , 16.40167
98.44 , 66.7969970703 , 16.40750
98.48 , 66.7969970703 , 16.41350
98.51 , 66.6883850097 , 16.41917
98.55 , 66.7969970703 , 16.42517
98.59 , 66.9056091308 , 16.43100
98.62 , 66.7969970703 , 16.43700
98.66 , 66.9056091308 , 16.44283
98.69 , 66.9056091308 , 16.44883
98.73 , 66.9056091308 , 16.45450
98.76 , 67.0142288208 , 16.46050
98.80 , 67.0142288208 , 16.46633
98.83 , 67.0142288208 , 16.47233
98.87 , 67.0142288208 , 16.47817
98.90 , 67.1228408813 , 16.48417
98.94 , 67.1228408813 , 16.48983
98.97 , 67.1228408813 , 16.49584
99.01 , 67.1228408813 , 16.50184
99.05 , 67.1228408813 , 16.50767
99.08 , 67.2314529418 , 16.51367
99.12 , 67.2314529418 , 16.51950
99.15 , 67.3400650024 , 16.52533
99.19 , 67.2314529418 , 16.53117
99.22 , 67.3400650024 , 16.53717
99.26 , 67.3400650024 , 16.54300
99.29 , 67.4486770629 , 16.54900
99.33 , 67.3400650024 , 16.55484
99.36 , 67.4486770629 , 16.56067
99.40 , 67.4486770629 , 16.56650
99.43 , 67.5572891235 , 16.57250
99.47 , 67.5572891235 , 16.57834
99.51 , 67.5572891235 , 16.58433
99.54 , 67.5572891235 , 16.59033
99.58 , 67.5572891235 , 16.59600
99.61 , 67.6659011840 , 16.60200
99.65 , 67.6659011840 , 16.60783
99.68 , 67.6659011840 , 16.61384
99.72 , 67.7745132446 , 16.61967
99.75 , 67.7745132446 , 16.62550
99.79 , 67.7745132446 , 16.63134
99.82 , 67.7745132446 , 16.63733
99.86 , 67.8831253051 , 16.64317
99.89 , 67.7745132446 , 16.64917
99.93 , 67.8831253051 , 16.65500
99.96 , 67.8831253051 , 16.66083
100.00 , 67.9917449951 , 16.66667
100.04 , 67.8831253051 , 16.67284
100.07 , 67.9917449951 , 16.67900
100.11 , 68.1003570556 , 16.68500
100.15 , 67.9917449951 , 16.69117
100.18 , 68.1003570556 , 16.69717
100.22 , 68.2089691162 , 16.70317
100.25 , 68.2089691162 , 16.70917
100.29 , 68.2089691162 , 16.71533
100.33 , 68.2089691162 , 16.72134
100.36 , 68.2089691162 , 16.72750
100.40 , 68.2089691162 , 16.73350
100.44 , 68.3175811767 , 16.73967
100.47 , 68.3175811767 , 16.74567
100.51 , 68.3175811767 , 16.75167
100.55 , 68.4261932373 , 16.75783
100.58 , 68.4261932373 , 16.76383
100.62 , 68.4261932373 , 16.77000
100.66 , 68.5348052978 , 16.77600
100.69 , 68.5348052978 , 16.78200
100.73 , 68.5348052978 , 16.78800
100.76 , 68.5348052978 , 16.79417
100.80 , 68.6434173583 , 16.80017
100.84 , 68.6434173583 , 16.80633
100.87 , 68.6434173583 , 16.81250
100.91 , 68.6434173583 , 16.81850
100.95 , 68.7520294189 , 16.82450
100.98 , 68.7520294189 , 16.83050
101.02 , 68.7520294189 , 16.83667
101.06 , 68.8606414794 , 16.84267
101.09 , 68.8606414794 , 16.84884
101.13 , 68.8606414794 , 16.85483
101.17 , 68.9692611694 , 16.86100
101.20 , 68.9692611694 , 16.86683
101.24 , 68.9692611694 , 16.87300
101.27 , 68.9692611694 , 16.87917
101.31 , 69.0778732299 , 16.88517
101.35 , 69.1864852905 , 16.89134
101.38 , 69.0778732299 , 16.89734
101.42 , 69.0778732299 , 16.90350
101.46 , 69.1864852905 , 16.90933
101.49 , 69.1864852905 , 16.91550
101.53 , 69.1864852905 , 16.92150
101.57 , 69.1864852905 , 16.92767
101.60 , 69.2950973510 , 16.93367
101.64 , 69.2950973510 , 16.93984
101.68 , 69.2950973510 , 16.94600
101.71 , 69.4037094116 , 16.95183
101.75 , 69.4037094116 , 16.95800
101.78 , 69.5123214721 , 16.96400
101.82 , 69.5123214721 , 16.97017
101.86 , 69.5123214721 , 16.97617
101.89 , 69.6209335327 , 16.98233
101.93 , 69.5123214721 , 16.98817
101.97 , 69.6209335327 , 16.99434
102.00 , 69.6209335327 , 17.00050
102.04 , 69.6209335327 , 17.00650
102.08 , 69.6209335327 , 17.01267
102.11 , 69.6209335327 , 17.01867
102.15 , 69.7295532226 , 17.02483
102.18 , 69.7295532226 , 17.03067
102.22 , 69.7295532226 , 17.03684
102.26 , 69.8381652832 , 17.04284
102.29 , 69.8381652832 , 17.04900
102.33 , 69.8381652832 , 17.05500
102.37 , 69.8381652832 , 17.06117
102.40 , 69.9467773437 , 17.06733
102.44 , 69.9467773437 , 17.07317
102.48 , 69.9467773437 , 17.07933
102.51 , 70.0553894042 , 17.08534
102.55 , 69.9467773437 , 17.09150
102.58 , 70.0553894042 , 17.09750
102.62 , 70.1640014648 , 17.10367
102.66 , 70.0553894042 , 17.10967
102.69 , 70.1640014648 , 17.11567
102.73 , 70.0553894042 , 17.12167
102.77 , 70.0553894042 , 17.12784
102.80 , 70.1640014648 , 17.13400
102.84 , 70.2726211547 , 17.14000
102.88 , 70.2726211547 , 17.14617
102.91 , 70.2726211547 , 17.15217
102.95 , 70.2726211547 , 17.15817
102.98 , 70.3812332153 , 17.16417
103.02 , 70.3812332153 , 17.17033
103.06 , 70.3812332153 , 17.17634
103.09 , 70.3812332153 , 17.18250
103.13 , 70.4898452758 , 17.18850
103.17 , 70.4898452758 , 17.19467
103.20 , 70.5984573364 , 17.20067
103.24 , 70.5984573364 , 17.20667
103.28 , 70.5984573364 , 17.21283
103.31 , 70.5984573364 , 17.21883
103.35 , 70.5984573364 , 17.22500
103.39 , 70.7070693969 , 17.23100
103.42 , 70.5984573364 , 17.23700
103.46 , 70.7070693969 , 17.24300
103.50 , 70.7070693969 , 17.24917
103.53 , 70.8156814575 , 17.25517
103.57 , 70.9242935180 , 17.26133
103.61 , 70.9242935180 , 17.26750
103.64 , 70.9242935180 , 17.27350
103.68 , 70.9242935180 , 17.27950
103.71 , 71.0329055786 , 17.28550
103.75 , 71.0329055786 , 17.29167
103.79 , 70.9242935180 , 17.29767
103.82 , 71.0329055786 , 17.30383
103.86 , 71.1415176391 , 17.30983
103.90 , 71.1415176391 , 17.31600
103.93 , 71.1415176391 , 17.32184
103.97 , 71.1415176391 , 17.32800
104.00 , 71.2501373291 , 17.33417
104.04 , 71.2501373291 , 17.34017
104.08 , 71.2501373291 , 17.34634
104.11 , 71.2501373291 , 17.35233
104.15 , 71.3587493896 , 17.35850
104.19 , 71.3587493896 , 17.36433
104.22 , 71.3587493896 , 17.37050
104.26 , 71.4673614501 , 17.37650
104.30 , 71.4673614501 , 17.38267
104.33 , 71.4673614501 , 17.38883
104.37 , 71.5759735107 , 17.39484
104.41 , 71.4673614501 , 17.40100
104.44 , 71.4673614501 , 17.40683
104.48 , 71.5759735107 , 17.41300
104.51 , 71.5759735107 , 17.41900
104.55 , 71.5759735107 , 17.42517
104.59 , 71.6845855712 , 17.43117
104.62 , 71.6845855712 , 17.43733
104.66 , 71.6845855712 , 17.44317
104.70 , 71.7931976318 , 17.44933
104.73 , 71.7931976318 , 17.45550
104.77 , 71.7931976318 , 17.46150
104.81 , 71.9018096923 , 17.46767
104.84 , 71.7931976318 , 17.47367
104.88 , 71.9018096923 , 17.47983
104.91 , 72.0104217529 , 17.48567
104.95 , 71.9018096923 , 17.49183
104.99 , 72.0104217529 , 17.49783
105.02 , 72.0104217529 , 17.50400
105.06 , 72.0104217529 , 17.51000
105.10 , 72.0104217529 , 17.51617
105.13 , 72.1190338134 , 17.52234
105.17 , 72.1190338134 , 17.52817
105.21 , 72.1190338134 , 17.53433
105.24 , 72.1190338134 , 17.54033
105.28 , 72.2276535034 , 17.54650
105.31 , 72.2276535034 , 17.55250
105.35 , 72.3362655639 , 17.55867
105.39 , 72.3362655639 , 17.56467
105.42 , 72.3362655639 , 17.57067
105.46 , 72.3362655639 , 17.57667
105.50 , 72.3362655639 , 17.58283
105.53 , 72.4448776245 , 17.58900
105.57 , 72.5534896850 , 17.59500
105.61 , 72.4448776245 , 17.60117
105.64 , 72.4448776245 , 17.60717
105.68 , 72.5534896850 , 17.61317
105.71 , 72.5534896850 , 17.61917
105.75 , 72.5534896850 , 17.62533
105.79 , 72.6621017456 , 17.63134
105.82 , 72.6621017456 , 17.63750
105.86 , 72.6621017456 , 17.64350
105.90 , 72.7707138061 , 17.64950
105.93 , 72.7707138061 , 17.65567
105.97 , 72.7707138061 , 17.66167
106.01 , 72.8793258666 , 17.66784
106.04 , 72.7707138061 , 17.67383
106.08 , 72.8793258666 , 17.68000
106.12 , 72.8793258666 , 17.68600
106.15 , 72.9879379272 , 17.69200
106.19 , 72.9879379272 , 17.69800
106.22 , 72.9879379272 , 17.70417
106.26 , 72.9879379272 , 17.71017
106.30 , 72.9879379272 , 17.71633
106.33 , 73.0965499877 , 17.72250
106.37 , 73.0965499877 , 17.72850
106.41 , 73.2051696777 , 17.73450
106.44 , 73.2051696777 , 17.74050
106.48 , 73.2051696777 , 17.74667
106.52 , 73.2051696777 , 17.75267
106.55 , 73.2051696777 , 17.75884
106.59 , 73.3137817382 , 17.76483
106.63 , 73.3137817382 , 17.77100
106.66 , 73.2051696777 , 17.77700
106.70 , 73.4223937988 , 17.78300
106.73 , 73.4223937988 , 17.78917
106.77 , 73.4223937988 , 17.79517
106.81 , 73.5310058593 , 17.80134
106.84 , 73.4223937988 , 17.80734
106.88 , 73.5310058593 , 17.81350
106.92 , 73.4223937988 , 17.81933
106.95 , 73.5310058593 , 17.82550
106.99 , 73.6396179199 , 17.83150
107.03 , 73.6396179199 , 17.83767
107.06 , 73.6396179199 , 17.84383
107.10 , 73.7482299804 , 17.84984
107.14 , 73.6396179199 , 17.85600
107.17 , 73.7482299804 , 17.86183
107.21 , 73.7482299804 , 17.86800
107.24 , 73.8568420410 , 17.87400
107.28 , 73.7482299804 , 17.88017
107.32 , 73.8568420410 , 17.88617
107.35 , 73.8568420410 , 17.89233
107.39 , 73.8568420410 , 17.89817
107.43 , 73.9654541015 , 17.90434
107.46 , 73.9654541015 , 17.91050
107.50 , 73.9654541015 , 17.91650
107.54 , 74.0740661621 , 17.92267
107.57 , 74.0740661621 , 17.92867
107.61 , 74.0740661621 , 17.93483
107.64 , 74.0740661621 , 17.94067
107.68 , 74.0740661621 , 17.94684
107.72 , 74.1826858520 , 17.95284
107.75 , 74.1826858520 , 17.95900
107.79 , 74.1826858520 , 17.96500
107.83 , 74.3999099731 , 17.97117
107.86 , 74.2912979125 , 17.97733
107.90 , 74.2912979125 , 17.98317
107.94 , 74.2912979125 , 17.98933
107.97 , 74.3999099731 , 17.99534
108.01 , 74.3999099731 , 18.00150
108.04 , 74.3999099731 , 18.00750
108.08 , 74.3999099731 , 18.01367
108.12 , 74.5085220336 , 18.01967
108.15 , 74.5085220336 , 18.02567
108.19 , 74.6171340942 , 18.03167
108.23 , 74.6171340942 , 18.03783
108.26 , 74.6171340942 , 18.04400
108.30 , 74.6171340942 , 18.05000
108.34 , 74.7257461547 , 18.05617
108.37 , 74.7257461547 , 18.06200
108.41 , 74.7257461547 , 18.06817
108.44 , 74.8343582153 , 18.07417
108.48 , 74.7257461547 , 18.08033
108.52 , 74.8343582153 , 18.08633
108.55 , 74.8343582153 , 18.09250
108.59 , 74.8343582153 , 18.09850
108.63 , 74.9429702758 , 18.10450
108.66 , 74.9429702758 , 18.11067
108.70 , 74.9429702758 , 18.11667
108.74 , 75.0515823364 , 18.12283
108.77 , 75.0515823364 , 18.12883
108.81 , 75.0515823364 , 18.13500
108.85 , 75.1602020263 , 18.14100
108.88 , 75.1602020263 , 18.14700
108.92 , 75.1602020263 , 18.15300
108.95 , 75.1602020263 , 18.15917
108.99 , 75.1602020263 , 18.16533
109.03 , 75.2688140869 , 18.17133
109.06 , 75.2688140869 , 18.17750
109.10 , 75.2688140869 , 18.18350
109.14 , 75.2688140869 , 18.18950
109.17 , 75.3774261474 , 18.19550
109.21 , 75.3774261474 , 18.20167
109.25 , 75.3774261474 , 18.20767
109.28 , 75.3774261474 , 18.21383
109.32 , 75.3774261474 , 18.21983
109.36 , 75.4860458374 , 18.22600
109.39 , 75.5946578979 , 18.23200
109.43 , 75.4860458374 , 18.23800
109.46 , 75.4860458374 , 18.24417
109.50 , 75.5946578979 , 18.25017
109.54 , 75.5946578979 , 18.25634
109.57 , 75.7032699584 , 18.26233
109.61 , 75.7032699584 , 18.26850
109.65 , 75.7032699584 , 18.27433
109.68 , 75.7032699584 , 18.28050
109.72 , 75.7032699584 , 18.28650
109.76 , 75.8118820190 , 18.29267
109.79 , 75.8118820190 , 18.29883
109.83 , 75.9204940795 , 18.30484
109.86 , 75.9204940795 , 18.31083
109.90 , 75.9204940795 , 18.31683
109.94 , 75.9204940795 , 18.32300
109.97 , 75.9204940795 , 18.32900
110.01 , 75.9204940795 , 18.33517
110.05 , 76.0291061401 , 18.34117
110.08 , 76.0291061401 , 18.34733
110.12 , 76.0291061401 , 18.35317
110.16 , 76.1377182006 , 18.35933
110.19 , 76.1377182006 , 18.36550
110.23 , 76.2463302612 , 18.37150
110.27 , 76.2463302612 , 18.37767
110.30 , 76.2463302612 , 18.38367
110.34 , 76.2463302612 , 18.38983
110.37 , 76.3549423217 , 18.39567
110.41 , 76.3549423217 , 18.40184
110.45 , 76.4635620117 , 18.40783
110.48 , 76.4635620117 , 18.41400
110.52 , 76.3549423217 , 18.42000
110.56 , 76.4635620117 , 18.42617
110.59 , 76.4635620117 , 18.43234
110.63 , 76.5721740722 , 18.43817
110.67 , 76.5721740722 , 18.44433
110.70 , 76.5721740722 , 18.45034
110.74 , 76.5721740722 , 18.45650
110.77 , 76.5721740722 , 18.46250
110.81 , 76.6807861328 , 18.46867
110.85 , 76.6807861328 , 18.47467
110.88 , 76.6807861328 , 18.48067
110.92 , 76.7893981933 , 18.48667
110.96 , 76.7893981933 , 18.49283
110.99 , 76.7893981933 , 18.49900
111.03 , 76.7893981933 , 18.50500
111.07 , 76.8980102539 , 18.51117
111.10 , 76.8980102539 , 18.51700
111.14 , 76.8980102539 , 18.52317
111.18 , 77.0066223144 , 18.52917
111.21 , 77.0066223144 , 18.53533
111.25 , 77.0066223144 , 18.54133
111.29 , 77.0066223144 , 18.54750
111.32 , 77.1152343750 , 18.55367
111.36 , 77.1152343750 , 18.55950
111.39 , 77.1152343750 , 18.56567
111.43 , 77.1152343750 , 18.57167
111.47 , 77.1152343750 , 18.57784
111.50 , 77.1152343750 , 18.58383
111.54 , 77.3324584960 , 18.59000
111.58 , 77.2238464355 , 18.59600
111.61 , 77.3324584960 , 18.60200
111.65 , 77.2238464355 , 18.60800
111.68 , 77.3324584960 , 18.61417
111.72 , 77.3324584960 , 18.62034
111.76 , 77.4410781860 , 18.62634
111.79 , 77.4410781860 , 18.63250
111.83 , 77.4410781860 , 18.63850
111.87 , 77.4410781860 , 18.64450
111.90 , 77.4410781860 , 18.65050
111.94 , 77.4410781860 , 18.65667
111.98 , 77.5496902465 , 18.66267
112.01 , 77.5496902465 , 18.66884
112.05 , 77.5496902465 , 18.67484
112.09 , 77.6583023071 , 18.68100
112.12 , 77.6583023071 , 18.68700
112.16 , 77.6583023071 , 18.69300
112.19 , 77.6583023071 , 18.69917
112.23 , 77.6583023071 , 18.70517
112.27 , 77.7669143676 , 18.71133
112.30 , 77.7669143676 , 18.71734
112.34 , 77.7669143676 , 18.72333
112.38 , 77.7669143676 , 18.72933
112.41 , 77.7669143676 , 18.73550
112.45 , 77.8755264282 , 18.74150
112.49 , 77.9841384887 , 18.74767
112.52 , 77.8755264282 , 18.75383
112.56 , 77.9841384887 , 18.75984
112.59 , 77.9841384887 , 18.76584
112.63 , 77.9841384887 , 18.77183
112.67 , 77.9841384887 , 18.77800
112.70 , 77.9841384887 , 18.78400
112.74 , 78.2013626098 , 18.79017
112.78 , 78.2013626098 , 18.79617
112.81 , 78.2013626098 , 18.80233
112.85 , 78.2013626098 , 18.80817
112.89 , 78.3099746704 , 18.81434
112.92 , 78.2013626098 , 18.82050
112.96 , 78.2013626098 , 18.82650
113.00 , 78.3099746704 , 18.83267
113.03 , 78.3099746704 , 18.83867
113.07 , 78.3099746704 , 18.84483
113.10 , 78.4185943603 , 18.85067
113.14 , 78.4185943603 , 18.85684
113.18 , 78.4185943603 , 18.86284
113.21 , 78.4185943603 , 18.86900
113.25 , 78.4185943603 , 18.87500
113.29 , 78.5272064208 , 18.88117
113.32 , 78.5272064208 , 18.88733
113.36 , 78.6358184814 , 18.89317
113.40 , 78.6358184814 , 18.89933
113.43 , 78.6358184814 , 18.90534
113.47 , 78.6358184814 , 18.91150
113.50 , 78.6358184814 , 18.91750
113.54 , 78.6358184814 , 18.92367
113.58 , 78.7444305419 , 18.92950
113.61 , 78.6358184814 , 18.93567
113.65 , 78.7444305419 , 18.94183
113.69 , 78.8530426025 , 18.94783
113.72 , 78.7444305419 , 18.95400
113.76 , 78.8530426025 , 18.96000
113.80 , 78.8530426025 , 18.96617
113.83 , 78.8530426025 , 18.97200
113.87 , 78.8530426025 , 18.97817
113.90 , 78.9616546630 , 18.98417
113.94 , 78.9616546630 , 18.99033
113.98 , 79.0702667236 , 18.99633
114.01 , 79.0702667236 , 19.00250
114.05 , 79.0702667236 , 19.00867
114.09 , 79.0702667236 , 19.01450
114.12 , 79.1788787841 , 19.02067
114.16 , 79.0702667236 , 19.02667
114.20 , 79.1788787841 , 19.03283
114.23 , 79.0702667236 , 19.03883
114.27 , 79.2874908447 , 19.04500
114.31 , 79.2874908447 , 19.05100
114.34 , 79.2874908447 , 19.05700
114.38 , 79.2874908447 , 19.06300
114.41 , 79.2874908447 , 19.06917
114.45 , 79.3961105346 , 19.07534
114.49 , 79.3961105346 , 19.08133
114.52 , 79.3961105346 , 19.08750
114.56 , 79.3961105346 , 19.09350
114.60 , 79.5047225952 , 19.09950
114.63 , 79.5047225952 , 19.10550
114.67 , 79.6133346557 , 19.11167
114.71 , 79.6133346557 , 19.11767
114.74 , 79.6133346557 , 19.12383
114.78 , 79.6133346557 , 19.12983
114.82 , 79.6133346557 , 19.13600
114.85 , 79.7219467163 , 19.14200
114.89 , 79.7219467163 , 19.14800
114.93 , 79.8305587768 , 19.15417
114.96 , 79.7219467163 , 19.16017
115.00 , 79.8305587768 , 19.16633
115.03 , 79.7219467163 , 19.17233
115.07 , 79.8305587768 , 19.17833
115.11 , 79.9391708374 , 19.18433
115.14 , 79.9391708374 , 19.19050
115.18 , 80.0477828979 , 19.19650
115.22 , 80.0477828979 , 19.20267
115.25 , 80.0477828979 , 19.20883
115.29 , 80.0477828979 , 19.21483
115.32 , 80.1563949584 , 19.22083
115.36 , 80.1563949584 , 19.22683
115.40 , 80.1563949584 , 19.23300
115.43 , 80.2650070190 , 19.23900
115.47 , 80.2650070190 , 19.24517
115.51 , 80.3736267089 , 19.25117
115.54 , 80.3736267089 , 19.25733
115.58 , 80.3736267089 , 19.26317
115.62 , 80.4822387695 , 19.26933
115.65 , 80.3736267089 , 19.27550
115.69 , 80.3736267089 , 19.28150
115.73 , 80.4822387695 , 19.28767
115.76 , 80.4822387695 , 19.29367
115.80 , 80.5908508300 , 19.29984
115.83 , 80.4822387695 , 19.30567
115.87 , 80.5908508300 , 19.31184
115.91 , 80.5908508300 , 19.31783
115.94 , 80.6994628906 , 19.32400
115.98 , 80.6994628906 , 19.33017
116.02 , 80.6994628906 , 19.33617
116.05 , 80.8080749511 , 19.34234
116.09 , 80.8080749511 , 19.34817
116.13 , 80.8080749511 , 19.35433
116.16 , 80.8080749511 , 19.36034
116.20 , 80.8080749511 , 19.36650
116.23 , 80.9166870117 , 19.37250
116.27 , 80.9166870117 , 19.37867
116.31 , 80.9166870117 , 19.38450
116.34 , 81.0252990722 , 19.39067
116.38 , 80.9166870117 , 19.39683
116.42 , 81.0252990722 , 19.40283
116.45 , 81.0252990722 , 19.40900
116.49 , 81.0252990722 , 19.41500
116.53 , 81.0252990722 , 19.42117
116.56 , 81.1339111328 , 19.42700
116.60 , 81.1339111328 , 19.43317
116.63 , 81.1339111328 , 19.43917
116.67 , 81.1339111328 , 19.44533
116.71 , 81.2425231933 , 19.45133
116.75 , 81.2425231933 , 19.45750
116.78 , 81.2425231933 , 19.46367
116.82 , 81.2425231933 , 19.46950
116.85 , 81.3511428833 , 19.47567
116.89 , 81.3511428833 , 19.48167
116.93 , 81.3511428833 , 19.48784
116.96 , 81.4597549438 , 19.49383
117.00 , 81.4597549438 , 19.50000
117.04 , 81.4597549438 , 19.50600
117.07 , 81.4597549438 , 19.51200
117.11 , 81.5683670043 , 19.51800
117.14 , 81.5683670043 , 19.52417
117.18 , 81.5683670043 , 19.53034
117.22 , 81.5683670043 , 19.53634
117.25 , 81.6769790649 , 19.54250
117.29 , 81.7855911254 , 19.54850
117.33 , 81.6769790649 , 19.55450
117.36 , 81.7855911254 , 19.56050
117.40 , 81.7855911254 , 19.56667
117.44 , 81.7855911254 , 19.57267
117.47 , 81.8942031860 , 19.57884
117.51 , 81.8942031860 , 19.58484
117.54 , 81.8942031860 , 19.59083
117.58 , 82.0028152465 , 19.59700
117.62 , 82.0028152465 , 19.60300
117.65 , 82.0028152465 , 19.60917
117.69 , 82.0028152465 , 19.61517
117.73 , 82.1114273071 , 19.62133
117.76 , 82.1114273071 , 19.62734
117.80 , 82.1114273071 , 19.63334
117.84 , 82.2200393676 , 19.63933
117.87 , 82.1114273071 , 19.64550
117.91 , 82.1114273071 , 19.65150
117.95 , 82.2200393676 , 19.65767
117.98 , 82.2200393676 , 19.66383
118.02 , 82.3286590576 , 19.66983
118.05 , 82.3286590576 , 19.67584
118.09 , 82.4372711181 , 19.68184
118.13 , 82.4372711181 , 19.68800
118.16 , 82.4372711181 , 19.69400
118.20 , 82.4372711181 , 19.70017
118.24 , 82.5458831787 , 19.70617
118.27 , 82.5458831787 , 19.71233
118.31 , 82.6544952392 , 19.71833
118.35 , 82.6544952392 , 19.72434
118.38 , 82.6544952392 , 19.73050
118.42 , 82.6544952392 , 19.73650
118.46 , 82.6544952392 , 19.74267
118.49 , 82.6544952392 , 19.74867
118.53 , 82.7631072998 , 19.75483
118.56 , 82.7631072998 , 19.76067
118.60 , 82.8717193603 , 19.76683
118.64 , 82.7631072998 , 19.77284
118.67 , 82.8717193603 , 19.77900
118.71 , 82.8717193603 , 19.78517
118.75 , 82.8717193603 , 19.79117
118.78 , 82.8717193603 , 19.79733
118.82 , 82.9803314208 , 19.80317
118.86 , 82.8717193603 , 19.80933
118.89 , 82.9803314208 , 19.81534
118.93 , 82.9803314208 , 19.82150
118.96 , 82.9803314208 , 19.82750
119.00 , 83.0889434814 , 19.83367
119.04 , 83.0889434814 , 19.83950
119.07 , 83.1975555419 , 19.84567
119.11 , 83.1975555419 , 19.85183
119.15 , 83.1975555419 , 19.85783
119.18 , 83.1975555419 , 19.86400
119.22 , 83.3061752319 , 19.87000
119.26 , 83.3061752319 , 19.87617
119.29 , 83.1975555419 , 19.88200
119.33 , 83.3061752319 , 19.88817
119.36 , 83.4147872924 , 19.89417
119.40 , 83.3061752319 , 19.90033
119.44 , 83.4147872924 , 19.90633
119.47 , 83.4147872924 , 19.91250
119.51 , 83.5233993530 , 19.91867
119.55 , 83.5233993530 , 19.92450
119.58 , 83.6320190429 , 19.93067
119.62 , 83.6320190429 , 19.93667
119.66 , 83.5233993530 , 19.94283
119.69 , 83.6320190429 , 19.94883
119.73 , 83.6320190429 , 19.95500
119.77 , 83.7406311035 , 19.96100
119.80 , 83.7406311035 , 19.96700
119.84 , 83.7406311035 , 19.97300
119.87 , 83.7406311035 , 19.97917
119.91 , 83.8492431640 , 19.98534
119.95 , 83.8492431640 , 19.99133
119.98 , 83.8492431640 , 19.99750
120.02 , 83.9578628540 , 20.00333
120.06 , 83.9578628540 , 20.00950
120.09 , 84.0664749145 , 20.01550
120.13 , 83.8492431640 , 20.02167
120.17 , 84.0664749145 , 20.02767
120.20 , 84.0664749145 , 20.03384
120.24 , 84.0664749145 , 20.03983
120.27 , 84.1750869750 , 20.04583
120.31 , 84.1750869750 , 20.05200
120.35 , 84.0664749145 , 20.05800
120.38 , 84.2836990356 , 20.06417
120.42 , 84.1750869750 , 20.07017
120.46 , 84.2836990356 , 20.07633
120.49 , 84.2836990356 , 20.08234
120.53 , 84.2836990356 , 20.08833
120.57 , 84.3923110961 , 20.09433
120.60 , 84.3923110961 , 20.10050
120.64 , 84.3923110961 , 20.10667
120.68 , 84.3923110961 , 20.11267
120.71 , 84.5009231567 , 20.11883
120.75 , 84.5009231567 , 20.12483
120.79 , 84.5009231567 , 20.13084
120.82 , 84.5009231567 , 20.13683
120.86 , 84.6095352172 , 20.14300
120.89 , 84.6095352172 , 20.14900
120.93 , 84.6095352172 , 20.15517
120.97 , 84.7181472778 , 20.16117
121.00 , 84.7181472778 , 20.16733
121.04 , 84.6095352172 , 20.17333
121.08 , 84.7181472778 , 20.17933
121.11 , 84.7181472778 , 20.18550
121.15 , 84.8267593383 , 20.19150
121.19 , 84.8267593383 , 20.19767
121.22 , 84.8267593383 , 20.20367
121.26 , 84.8267593383 , 20.20984
121.29 , 84.8267593383 , 20.21567
121.33 , 84.9353790283 , 20.22183
121.37 , 84.9353790283 , 20.22783
121.40 , 85.0439910888 , 20.23400
121.44 , 85.0439910888 , 20.24017
121.48 , 85.0439910888 , 20.24617
121.51 , 85.0439910888 , 20.25217
121.55 , 85.0439910888 , 20.25817
121.59 , 85.0439910888 , 20.26433
121.62 , 85.1526031494 , 20.27033
121.66 , 85.2612152099 , 20.27650
121.69 , 85.2612152099 , 20.28250
121.73 , 85.3698272705 , 20.28867
121.77 , 85.2612152099 , 20.29450
121.80 , 85.2612152099 , 20.30067
121.84 , 85.3698272705 , 20.30684
121.88 , 85.3698272705 , 20.31283
121.91 , 85.4784393310 , 20.31900
121.95 , 85.4784393310 , 20.32500
121.99 , 85.4784393310 , 20.33117
122.02 , 85.4784393310 , 20.33700
122.06 , 85.5870513916 , 20.34317
122.09 , 85.5870513916 , 20.34917
122.13 , 85.5870513916 , 20.35534
122.17 , 85.5870513916 , 20.36133
122.20 , 85.6956634521 , 20.36750
122.24 , 85.5870513916 , 20.37367
122.28 , 85.6956634521 , 20.37950
122.31 , 85.8042755126 , 20.38567
122.35 , 85.8042755126 , 20.39167
122.39 , 85.8042755126 , 20.39784
122.42 , 85.8042755126 , 20.40383
122.46 , 85.9128952026 , 20.41000
122.50 , 85.9128952026 , 20.41600
122.53 , 85.9128952026 , 20.42200
122.57 , 86.0215072631 , 20.42800
122.61 , 86.0215072631 , 20.43417
122.64 , 86.0215072631 , 20.44034
122.68 , 86.1301193237 , 20.44634
122.71 , 86.0215072631 , 20.45250
122.75 , 86.1301193237 , 20.45833
122.79 , 86.1301193237 , 20.46450
122.82 , 86.1301193237 , 20.47050
122.86 , 86.2387313842 , 20.47667
122.90 , 86.3473434448 , 20.48267
122.93 , 86.2387313842 , 20.48884
122.97 , 86.3473434448 , 20.49500
123.00 , 86.3473434448 , 20.50083
123.04 , 86.3473434448 , 20.50700
123.08 , 86.4559555053 , 20.51300
123.11 , 86.3473434448 , 20.51917
123.15 , 86.4559555053 , 20.52517
123.19 , 86.4559555053 , 20.53133
123.22 , 86.5645675659 , 20.53734
123.26 , 86.5645675659 , 20.54334
123.30 , 86.5645675659 , 20.54933
123.33 , 86.5645675659 , 20.55550
123.37 , 86.5645675659 , 20.56167
123.41 , 86.5645675659 , 20.56767
123.44 , 86.6731796264 , 20.57383
123.48 , 86.6731796264 , 20.57983
123.51 , 86.6731796264 , 20.58584
123.55 , 86.7817916870 , 20.59184
123.59 , 86.7817916870 , 20.59800
123.62 , 86.7817916870 , 20.60400
123.66 , 86.7817916870 , 20.61017
123.70 , 86.7817916870 , 20.61617
123.73 , 86.7817916870 , 20.62233
123.77 , 86.8904113769 , 20.62833
123.81 , 86.8904113769 , 20.63434
123.84 , 86.8904113769 , 20.64050
123.88 , 86.9990234375 , 20.64650
123.92 , 86.9990234375 , 20.65267
123.95 , 87.1076354980 , 20.65867
123.99 , 87.1076354980 , 20.66467
124.02 , 87.1076354980 , 20.67067
124.06 , 87.1076354980 , 20.67683
124.10 , 87.1076354980 , 20.68284
124.13 , 87.1076354980 , 20.68900
124.17 , 87.2162475585 , 20.69517
124.21 , 87.2162475585 , 20.70117
124.24 , 87.2162475585 , 20.70717
124.28 , 87.3248596191 , 20.71317
124.32 , 87.3248596191 , 20.71933
124.35 , 87.3248596191 , 20.72533
124.39 , 87.3248596191 , 20.73150
124.43 , 87.4334716796 , 20.73750
124.46 , 87.3248596191 , 20.74367
124.50 , 87.4334716796 , 20.74950
124.53 , 87.4334716796 , 20.75567
124.57 , 87.4334716796 , 20.76183
124.61 , 87.5420837402 , 20.76783
124.64 , 87.6506958007 , 20.77400
124.68 , 87.5420837402 , 20.78000
124.72 , 87.5420837402 , 20.78617
124.75 , 87.5420837402 , 20.79200
124.79 , 87.6506958007 , 20.79817
124.82 , 87.7593078613 , 20.80417
124.86 , 87.6506958007 , 20.81033
124.90 , 87.7593078613 , 20.81633
124.93 , 87.7593078613 , 20.82250
124.97 , 87.7593078613 , 20.82867
125.01 , 87.8679275512 , 20.83450
125.04 , 87.7593078613 , 20.84067
125.08 , 87.8679275512 , 20.84667
125.12 , 87.8679275512 , 20.85283
125.15 , 88.0851516723 , 20.85883
125.19 , 87.8679275512 , 20.86500
125.22 , 87.9765396118 , 20.87084
125.26 , 88.0851516723 , 20.87700
125.30 , 87.9765396118 , 20.88317
125.33 , 88.0851516723 , 20.88917
125.37 , 88.1937637329 , 20.89533
125.41 , 88.1937637329 , 20.90133
125.44 , 88.1937637329 , 20.90750
125.48 , 88.1937637329 , 20.91333
125.52 , 88.1937637329 , 20.91950
125.55 , 88.3023757934 , 20.92550
125.59 , 88.1937637329 , 20.93167
125.63 , 88.3023757934 , 20.93767
125.66 , 88.4109878540 , 20.94384
125.70 , 88.4109878540 , 20.95000
125.73 , 88.4109878540 , 20.95583
125.77 , 88.4109878540 , 20.96200
125.81 , 88.5195999145 , 20.96800
125.84 , 88.5195999145 , 20.97417
125.88 , 88.5195999145 , 20.98017
125.92 , 88.5195999145 , 20.98633
125.95 , 88.5195999145 , 20.99234
125.99 , 88.6282119750 , 20.99833
126.03 , 88.6282119750 , 21.00433
126.06 , 88.6282119750 , 21.01050
126.10 , 88.6282119750 , 21.01667
126.14 , 88.6282119750 , 21.02267
126.17 , 88.6282119750 , 21.02883
126.21 , 88.7368240356 , 21.03483
126.25 , 88.8454437255 , 21.04084
126.28 , 88.8454437255 , 21.04683
126.32 , 88.8454437255 , 21.05300
126.35 , 88.9540557861 , 21.05900
126.39 , 88.8454437255 , 21.06517
126.43 , 88.9540557861 , 21.07117
126.46 , 88.8454437255 , 21.07733
126.50 , 88.9540557861 , 21.08333
126.54 , 89.0626678466 , 21.08934
126.57 , 89.0626678466 , 21.09550
126.61 , 89.0626678466 , 21.10150
126.65 , 89.1712799072 , 21.10767
126.68 , 89.1712799072 , 21.11367
126.72 , 89.1712799072 , 21.11967
126.75 , 89.2798919677 , 21.12567
126.79 , 89.1712799072 , 21.13183
126.83 , 89.2798919677 , 21.13784
126.86 , 89.3885040283 , 21.14400
126.90 , 89.2798919677 , 21.15017
126.94 , 89.3885040283 , 21.15617
126.97 , 89.3885040283 , 21.16217
127.01 , 89.3885040283 , 21.16817
127.05 , 89.3885040283 , 21.17433
127.08 , 89.4971160888 , 21.18033
127.12 , 89.4971160888 , 21.18650
127.15 , 89.4971160888 , 21.19250
127.19 , 89.4971160888 , 21.19867
127.23 , 89.6057281494 , 21.20450
127.26 , 89.6057281494 , 21.21067
127.30 , 89.6057281494 , 21.21684
127.34 , 89.6057281494 , 21.22283
127.37 , 89.7143402099 , 21.22900
127.41 , 89.7143402099 , 21.23500
127.45 , 89.7143402099 , 21.24117
127.48 , 89.8229598999 , 21.24700
127.52 , 89.8229598999 , 21.25317
127.55 , 89.8229598999 , 21.25917
127.59 , 89.9315719604 , 21.26534
127.63 , 89.9315719604 , 21.27150
127.66 , 89.8229598999 , 21.27750
127.70 , 89.9315719604 , 21.28367
127.74 , 89.9315719604 , 21.28950
127.77 , 90.0401840209 , 21.29567
127.81 , 90.0401840209 , 21.30167
127.85 , 90.0401840209 , 21.30784
127.88 , 90.1487960815 , 21.31384
127.92 , 90.0401840209 , 21.32000
127.95 , 90.2574081420 , 21.32583
127.99 , 90.2574081420 , 21.33200
128.03 , 90.2574081420 , 21.33817
128.07 , 90.2574081420 , 21.34417
128.10 , 90.2574081420 , 21.35033
128.14 , 90.2574081420 , 21.35634
128.18 , 90.3660202026 , 21.36250
128.21 , 90.3660202026 , 21.36834
128.25 , 90.3660202026 , 21.37450
128.28 , 90.4746322631 , 21.38050
128.32 , 90.3660202026 , 21.38667
128.36 , 90.4746322631 , 21.39267
128.39 , 90.4746322631 , 21.39883
128.43 , 90.5832443237 , 21.40500
128.47 , 90.5832443237 , 21.41083
128.50 , 90.6918563842 , 21.41700
128.54 , 90.5832443237 , 21.42300
128.58 , 90.6918563842 , 21.42917
128.61 , 90.6918563842 , 21.43517
128.65 , 90.6918563842 , 21.44133
128.68 , 90.8004760742 , 21.44734
128.72 , 90.6918563842 , 21.45334
128.76 , 90.8004760742 , 21.45933
128.79 , 90.6918563842 , 21.46550
128.83 , 90.8004760742 , 21.47167
128.87 , 90.9090881347 , 21.47767
128.90 , 90.8004760742 , 21.48383
128.94 , 90.9090881347 , 21.48983
128.98 , 90.9090881347 , 21.49584
129.01 , 90.9090881347 , 21.50184
129.05 , 91.0177001953 , 21.50800
129.08 , 91.0177001953 , 21.51400
129.12 , 91.0177001953 , 21.52017
129.16 , 91.1263122558 , 21.52617
129.19 , 91.1263122558 , 21.53217
129.23 , 91.1263122558 , 21.53833
129.27 , 91.2349243164 , 21.54434
129.30 , 91.2349243164 , 21.55050
129.34 , 91.3435363769 , 21.55650
129.38 , 91.3435363769 , 21.56267
129.41 , 91.3435363769 , 21.56867
129.45 , 91.3435363769 , 21.57467
129.48 , 91.4521484375 , 21.58067
129.52 , 91.4521484375 , 21.58683
129.56 , 91.4521484375 , 21.59284
129.59 , 91.4521484375 , 21.59900
129.63 , 91.5607604980 , 21.60517
129.67 , 91.5607604980 , 21.61117
129.70 , 91.5607604980 , 21.61717
129.74 , 91.6693725585 , 21.62317
129.78 , 91.6693725585 , 21.62933
129.81 , 91.5607604980 , 21.63533
129.85 , 91.7779922485 , 21.64150
129.88 , 91.7779922485 , 21.64750
129.92 , 91.8866043090 , 21.65367
129.96 , 91.7779922485 , 21.65967
129.99 , 91.7779922485 , 21.66567
130.03 , 91.8866043090 , 21.67184
130.07 , 91.8866043090 , 21.67783
130.10 , 91.8866043090 , 21.68400
130.14 , 91.8866043090 , 21.69000
130.18 , 91.8866043090 , 21.69617
130.21 , 91.9952163696 , 21.70200
130.25 , 91.9952163696 , 21.70817
130.29 , 91.9952163696 , 21.71417
130.32 , 92.1038284301 , 21.72034
130.36 , 92.2124404907 , 21.72650
130.40 , 92.1038284301 , 21.73250
130.43 , 92.2124404907 , 21.73867
130.47 , 92.2124404907 , 21.74450
130.50 , 92.1038284301 , 21.75067
130.54 , 92.2124404907 , 21.75667
130.58 , 92.2124404907 , 21.76283
130.61 , 92.2124404907 , 21.76884
130.65 , 92.3210525512 , 21.77500
130.69 , 92.3210525512 , 21.78083
130.72 , 92.3210525512 , 21.78700
130.76 , 92.4296646118 , 21.79317
130.80 , 92.4296646118 , 21.79917
130.83 , 92.4296646118 , 21.80533
130.87 , 92.4296646118 , 21.81133
130.91 , 92.5382766723 , 21.81750
130.94 , 92.4296646118 , 21.82333
130.98 , 92.5382766723 , 21.82950
131.01 , 92.6468887329 , 21.83550
131.05 , 92.5382766723 , 21.84167
131.09 , 92.5382766723 , 21.84767
131.12 , 92.6468887329 , 21.85383
131.16 , 92.6468887329 , 21.86000
131.20 , 92.6468887329 , 21.86584
131.23 , 92.7555084228 , 21.87200
131.27 , 92.7555084228 , 21.87800
131.30 , 92.7555084228 , 21.88417
131.34 , 92.8641204833 , 21.89017
131.38 , 92.8641204833 , 21.89634
131.41 , 92.8641204833 , 21.90233
131.45 , 92.8641204833 , 21.90833
131.49 , 92.9727325439 , 21.91433
131.52 , 92.9727325439 , 21.92050
131.56 , 92.9727325439 , 21.92667
131.60 , 93.0813446044 , 21.93267
131.63 , 93.0813446044 , 21.93883
131.67 , 92.9727325439 , 21.94467
131.71 , 93.0813446044 , 21.95083
131.74 , 93.0813446044 , 21.95683
131.78 , 93.1899566650 , 21.96300
131.81 , 93.0813446044 , 21.96900
131.85 , 93.1899566650 , 21.97517
131.89 , 93.1899566650 , 21.98117
131.92 , 93.1899566650 , 21.98717
131.96 , 93.1899566650 , 21.99334
132.00 , 93.1899566650 , 21.99934
132.03 , 93.1899566650 , 22.00550
132.07 , 93.2985687255 , 22.01150
132.11 , 93.2985687255 , 22.01767
132.14 , 93.2985687255 , 22.02367
132.18 , 93.1899566650 , 22.02967
132.21 , 93.2985687255 , 22.03567
132.25 , 93.2985687255 , 22.04184
132.29 , 93.2985687255 , 22.04800
132.32 , 93.2985687255 , 22.05400
132.36 , 93.1899566650 , 22.06017
132.40 , 93.2985687255 , 22.06617
132.43 , 93.1899566650 , 22.07217
132.47 , 93.1899566650 , 22.07817
132.51 , 93.0813446044 , 22.08433
132.54 , 93.0813446044 , 22.09034
132.58 , 92.7555084228 , 22.09650
132.62 , 92.7555084228 , 22.10250
132.65 , 92.6468887329 , 22.10867
132.69 , 92.6468887329 , 22.11467
132.72 , 92.5382766723 , 22.12067
132.76 , 92.4296646118 , 22.12684
132.80 , 92.3210525512 , 22.13283
132.83 , 92.3210525512 , 22.13900
132.87 , 92.3210525512 , 22.14500
132.91 , 92.1038284301 , 22.15117
132.94 , 92.3210525512 , 22.15700
132.98 , 92.1038284301 , 22.16317
133.02 , 92.2124404907 , 22.16917
133.05 , 92.2124404907 , 22.17534
133.09 , 91.9952163696 , 22.18150
133.13 , 92.2124404907 , 22.18750
133.16 , 92.3210525512 , 22.19350
133.20 , 92.3210525512 , 22.19950
133.23 , 92.3210525512 , 22.20567
133.27 , 92.3210525512 , 22.21167
133.31 , 92.3210525512 , 22.21784
133.34 , 92.4296646118 , 22.22384
133.38 , 92.3210525512 , 22.23000
133.41 , 92.4296646118 , 22.23583
133.45 , 92.5382766723 , 22.24200
133.49 , 92.5382766723 , 22.24817
133.52 , 92.6468887329 , 22.25417
133.56 , 92.7555084228 , 22.26033
133.60 , 92.6468887329 , 22.26634
133.63 , 92.9727325439 , 22.27250
133.67 , 92.7555084228 , 22.27833
133.71 , 92.8641204833 , 22.28450
133.74 , 92.6468887329 , 22.29050
133.78 , 92.8641204833 , 22.29667
133.82 , 93.0813446044 , 22.30267
133.85 , 93.0813446044 , 22.30883
133.89 , 92.9727325439 , 22.31500
133.93 , 93.2985687255 , 22.32084
133.96 , 93.1899566650 , 22.32700
134.00 , 93.1899566650 , 22.33300
134.04 , 93.1899566650 , 22.33917
134.07 , 93.2985687255 , 22.34517
134.11 , 93.2985687255 , 22.35133
134.14 , 93.2985687255 , 22.35733
134.18 , 93.2985687255 , 22.36333
134.22 , 93.2985687255 , 22.36934