3.89 , -0.5430658340 , 0.64850
3.92 , -0.4344529628 , 0.65400
3.96 , -0.4344529628 , 0.65950
3.99 , -0.5430658340 , 0.66517
4.02 , -0.4344529628 , 0.67067
4.06 , -0.5430658340 , 0.67633
4.09 , -0.5430658340 , 0.68167
4.12 , -0.5430658340 , 0.68733
4.16 , -0.4344529628 , 0.69283
4.19 , -0.4344529628 , 0.69850
4.22 , -0.5430658340 , 0.70400
4.26 , -0.4344529628 , 0.70950
4.29 , -0.4344529628 , 0.71500
4.32 , -0.4344529628 , 0.72067
4.36 , -0.4344529628 , 0.72617
4.39 , -0.4344529628 , 0.73167
4.42 , -0.5430658340 , 0.73717
4.46 , -0.5430658340 , 0.74283
4.49 , -0.4344529628 , 0.74833
4.52 , -0.4344529628 , 0.75400
4.56 , -0.5430658340 , 0.75933
4.59 , -0.4344529628 , 0.76500
4.62 , -0.4344529628 , 0.77050
4.66 , -0.3258387088 , 0.77617
4.69 , -0.4344529628 , 0.78150
4.72 , -0.4344529628 , 0.78717
4.76 , -0.4344529628 , 0.79267
4.79 , -0.4344529628 , 0.79833
4.82 , -0.4344529628 , 0.80383
4.86 , -0.4344529628 , 0.80933
4.89 , -0.3258387088 , 0.81483
4.92 , -0.3258387088 , 0.82050
4.96 , -0.4344529628 , 0.82600
4.99 , -0.3258387088 , 0.83150
5.02 , -0.3258387088 , 0.83700
5.06 , -0.3258387088 , 0.84267
5.09 , -0.4344529628 , 0.84817
5.12 , -0.4344529628 , 0.85383
5.16 , -0.3258387088 , 0.85917
5.19 , -0.3258387088 , 0.86483
5.22 , -0.3258387088 , 0.87033
5.26 , -0.3258387088 , 0.87600
5.29 , -0.3258387088 , 0.88133
5.32 , -0.3258387088 , 0.88700
5.36 , -0.3258387088 , 0.89250
5.39 , -0.2172258138 , 0.89817
5.42 , -0.4344529628 , 0.90367
5.46 , -0.3258387088 , 0.90917
5.49 , -0.2172258138 , 0.91467
5.52 , -0.3258387088 , 0.92033
5.55 , -0.2172258138 , 0.92583
5.59 , -0.3258387088 , 0.93133
5.62 , -0.2172258138 , 0.93683
5.66 , -0.2172258138 , 0.94250
5.69 , -0.1086129074 , 0.94800
5.72 , -0.2172258138 , 0.95367
5.75 , -0.2172258138 , 0.95900
5.79 , -0.1086129074 , 0.96467
5.82 , -0.2172258138 , 0.97017
5.86 , -0.1086129074 , 0.97583
5.89 , -0.1086129074 , 0.98133
5.92 , 0.0000000000 , 0.98683
5.95 , -0.1086129074 , 0.99217
5.99 , -0.1086129074 , 0.99783
6.02 , 0.0000000000 , 1.00333
6.05 , 0.0000000000 , 1.00867
6.08 , 0.0000000000 , 1.01400
6.12 , 0.1086129074 , 1.01950
6.15 , 0.0000000000 , 1.02483
6.18 , 0.1086129074 , 1.03017
6.21 , 0.1086129074 , 1.03550
6.25 , 0.1086129074 , 1.04100
6.28 , 0.1086129074 , 1.04633
6.31 , 0.1086129074 , 1.05167
6.34 , 0.1086129074 , 1.05700
6.38 , 0.2172258138 , 1.06250
6.41 , 0.2172258138 , 1.06783
6.44 , 0.2172258138 , 1.07317
6.47 , 0.3258387088 , 1.07850
6.50 , 0.2172258138 , 1.08400
6.54 , 0.3258387088 , 1.08933
6.57 , 0.3258387088 , 1.09467
6.60 , 0.3258387088 , 1.10000
6.63 , 0.3258387088 , 1.10550
6.67 , 0.3258387088 , 1.11083
6.70 , 0.3258387088 , 1.11617
6.73 , 0.3258387088 , 1.12150
6.76 , 0.4344516277 , 1.12700
6.79 , 0.4344516277 , 1.13233
6.83 , 0.4344516277 , 1.13783
6.86 , 0.5430645465 , 1.14300
6.89 , 0.4344516277 , 1.14850
6.92 , 0.5430645465 , 1.15383
6.96 , 0.4344516277 , 1.15933
6.99 , 0.5430645465 , 1.16450
7.02 , 0.5430645465 , 1.16983
7.05 , 0.5430645465 , 1.17533
7.08 , 0.5430645465 , 1.18067
7.12 , 0.6516774177 , 1.18600
7.15 , 0.5430645465 , 1.19133
7.18 , 0.6516774177 , 1.19683
7.21 , 0.6516774177 , 1.20217
7.25 , 0.6516774177 , 1.20750
7.28 , 0.7602903366 , 1.21283
7.31 , 0.6516774177 , 1.21833
7.34 , 0.7602903366 , 1.22367
7.37 , 0.7602903366 , 1.22900
7.41 , 0.7602903366 , 1.23433
7.44 , 0.7602903366 , 1.23983
7.47 , 0.7602903366 , 1.24517
7.50 , 0.7602903366 , 1.25050
7.53 , 0.8689032554 , 1.25583
7.57 , 0.7602903366 , 1.26133
7.60 , 0.8689032554 , 1.26667
7.63 , 0.8689032554 , 1.27200
7.66 , 0.8689032554 , 1.27733
7.70 , 0.8689032554 , 1.28283
7.73 , 0.8689032554 , 1.28817
7.76 , 0.9775160789 , 1.29350
7.79 , 0.8689032554 , 1.29883
7.83 , 0.9775160789 , 1.30433
7.86 , 0.9775160789 , 1.30967
7.89 , 0.9775160789 , 1.31500
7.92 , 0.9775160789 , 1.32033
7.96 , 1.0861303806 , 1.32583
7.99 , 1.0861303806 , 1.33117
8.02 , 0.9775160789 , 1.33633
8.05 , 1.0861303806 , 1.34183
8.08 , 1.1947432708 , 1.34717
8.12 , 1.0861303806 , 1.35267
8.15 , 1.0861303806 , 1.35783
8.18 , 1.1947432708 , 1.36333
8.21 , 1.1947432708 , 1.36867
8.25 , 1.1947432708 , 1.37417
8.28 , 1.1947432708 , 1.37933
8.31 , 1.1947432708 , 1.38483
8.34 , 1.1947432708 , 1.39017
8.37 , 1.3033561706 , 1.39567
8.41 , 1.3033561706 , 1.40100
8.44 , 1.3033561706 , 1.40633
8.47 , 1.3033561706 , 1.41167
8.50 , 1.1947432708 , 1.41717
8.53 , 1.4119690895 , 1.42250
8.57 , 1.4119690895 , 1.42783
8.60 , 1.4119690895 , 1.43317
8.63 , 1.4119690895 , 1.43867
8.66 , 1.4119690895 , 1.44400
8.70 , 1.4119690895 , 1.44933
8.73 , 1.5205819606 , 1.45467
8.76 , 1.4119690895 , 1.46017
8.79 , 1.5205819606 , 1.46550
8.82 , 1.5205819606 , 1.47083
8.86 , 1.5205819606 , 1.47617
8.89 , 1.6291948318 , 1.48167
8.92 , 1.5205819606 , 1.48700
8.95 , 1.5205819606 , 1.49233
8.99 , 1.6291948318 , 1.49767
9.02 , 1.6291948318 , 1.50317
9.05 , 1.6291948318 , 1.50850
9.08 , 1.7378077507 , 1.51367
9.11 , 1.6291948318 , 1.51917
9.15 , 1.7378077507 , 1.52450
9.18 , 1.7378077507 , 1.53000
9.21 , 1.7378077507 , 1.53517
9.24 , 1.7378077507 , 1.54067
9.28 , 1.8464206695 , 1.54600
9.31 , 1.7378077507 , 1.55150
9.34 , 1.8464206695 , 1.55667
9.37 , 1.9550334930 , 1.56217
9.40 , 1.8464206695 , 1.56750
9.44 , 1.8464206695 , 1.57300
9.47 , 1.8464206695 , 1.57817
9.50 , 1.9550334930 , 1.58367
9.53 , 1.9550334930 , 1.58900
9.57 , 1.8464206695 , 1.59450
9.60 , 1.9550334930 , 1.59967
9.63 , 1.9550334930 , 1.60517
9.66 , 2.0636465549 , 1.61050
9.70 , 2.0636465549 , 1.61600
9.73 , 1.9550334930 , 1.62133
9.76 , 2.0636465549 , 1.62667
9.79 , 2.1722593307 , 1.63200
9.82 , 2.0636465549 , 1.63750
9.86 , 2.0636465549 , 1.64283
9.89 , 2.1722593307 , 1.64817
9.92 , 2.1722593307 , 1.65350
9.95 , 2.1722593307 , 1.65900
9.99 , 2.1722593307 , 1.66433
10.02 , 2.1722593307 , 1.66967
10.05 , 2.2808723449 , 1.67517
10.09 , 2.1722593307 , 1.68083
10.12 , 2.0636465549 , 1.68633
10.15 , 2.2808723449 , 1.69183
10.18 , 2.1722593307 , 1.69733
10.22 , 2.2808723449 , 1.70300
10.25 , 2.2808723449 , 1.70850
10.28 , 2.3894851207 , 1.71417
10.32 , 2.1722593307 , 1.71950
10.35 , 2.2808723449 , 1.72517
10.38 , 2.3894851207 , 1.73067
10.42 , 2.3894851207 , 1.73633
10.45 , 2.2808723449 , 1.74167
10.48 , 2.3894851207 , 1.74733
10.52 , 2.3894851207 , 1.75283
10.55 , 2.3894851207 , 1.75850
10.58 , 2.4980993270 , 1.76400
10.62 , 2.4980993270 , 1.76950
10.65 , 2.4980993270 , 1.77500
10.68 , 2.4980993270 , 1.78067
10.72 , 2.4980993270 , 1.78617
10.75 , 2.4980993270 , 1.79167
10.78 , 2.6067123413 , 1.79717
10.82 , 2.6067123413 , 1.80283
10.85 , 2.7153253555 , 1.80833
10.88 , 2.6067123413 , 1.81400
10.92 , 2.7153253555 , 1.81933
10.95 , 2.7153253555 , 1.82500
10.98 , 2.7153253555 , 1.83050
11.02 , 2.8239381790 , 1.83617
11.05 , 2.7153253555 , 1.84150
11.08 , 2.7153253555 , 1.84717
11.12 , 2.7153253555 , 1.85267
11.15 , 2.8239381790 , 1.85833
11.18 , 2.8239381790 , 1.86383
11.22 , 2.8239381790 , 1.86933
11.25 , 2.8239381790 , 1.87483
11.28 , 2.8239381790 , 1.88050
11.32 , 2.8239381790 , 1.88600
11.35 , 2.9325511932 , 1.89167
11.38 , 2.9325511932 , 1.89700
11.42 , 2.8239381790 , 1.90267
11.45 , 2.9325511932 , 1.90817
11.48 , 2.9325511932 , 1.91383
11.52 , 3.0411639213 , 1.91917
11.55 , 3.0411639213 , 1.92483
11.58 , 3.0411639213 , 1.93033
11.62 , 3.0411639213 , 1.93600
11.65 , 3.1497769355 , 1.94150
11.68 , 3.0411639213 , 1.94700
11.72 , 3.0411639213 , 1.95250
11.75 , 3.1497769355 , 1.95817
11.78 , 3.1497769355 , 1.96367
11.81 , 3.1497769355 , 1.96917
11.85 , 3.1497769355 , 1.97467
11.88 , 3.1497769355 , 1.98033
11.92 , 3.1497769355 , 1.98583
11.95 , 3.2583897113 , 1.99150
11.98 , 3.2583897113 , 1.99683
12.02 , 3.2583897113 , 2.00250
12.05 , 3.3670027256 , 2.00800
12.08 , 3.2583897113 , 2.01367
12.11 , 3.3670027256 , 2.01900
12.15 , 3.2583897113 , 2.02467
12.18 , 3.3670027256 , 2.03017
12.22 , 3.3670027256 , 2.03583
12.25 , 3.3670027256 , 2.04133
12.28 , 3.3670027256 , 2.04683
12.31 , 3.4756155014 , 2.05233
12.35 , 3.4756155014 , 2.05800
12.38 , 3.5842285156 , 2.06350
12.41 , 3.4756155014 , 2.06900
12.45 , 3.5842285156 , 2.07450
12.48 , 3.5842285156 , 2.08017
12.51 , 3.4756155014 , 2.08567
12.55 , 3.5842285156 , 2.09133
12.58 , 3.5842285156 , 2.09667
12.61 , 3.5842285156 , 2.10233
12.65 , 3.5842285156 , 2.10783
12.68 , 3.6928412914 , 2.11350
12.71 , 3.5842285156 , 2.11883
12.75 , 3.5842285156 , 2.12450
12.78 , 3.5842285156 , 2.13000
12.81 , 3.8014554977 , 2.13567
12.85 , 3.8014554977 , 2.14117
12.88 , 3.6928412914 , 2.14667
12.91 , 3.8014554977 , 2.15217
12.95 , 3.8014554977 , 2.15783
12.98 , 3.8014554977 , 2.16333
13.01 , 3.6928412914 , 2.16900
13.05 , 3.9100685119 , 2.17433
13.08 , 3.9100685119 , 2.18000
13.11 , 3.8014554977 , 2.18550
13.15 , 3.9100685119 , 2.19117
13.18 , 3.9100685119 , 2.19650
13.21 , 3.9100685119 , 2.20217
13.25 , 4.0186815261 , 2.20767
13.28 , 4.0186815261 , 2.21333
13.31 , 4.0186815261 , 2.21883
13.35 , 3.9100685119 , 2.22433
13.38 , 4.0186815261 , 2.22983
13.41 , 4.0186815261 , 2.23550
13.45 , 4.0186815261 , 2.24100
13.48 , 4.0186815261 , 2.24650
13.51 , 4.1272945404 , 2.25200
13.55 , 4.1272945404 , 2.25767
13.58 , 4.1272945404 , 2.26317
13.61 , 4.1272945404 , 2.26883
13.65 , 4.1272945404 , 2.27417
13.68 , 4.2359070777 , 2.27983
13.71 , 4.2359070777 , 2.28533
13.75 , 4.2359070777 , 2.29100
13.78 , 4.1272945404 , 2.29633
13.81 , 4.2359070777 , 2.30200
13.85 , 4.3445200920 , 2.30750
13.88 , 4.3445200920 , 2.31317
13.91 , 4.3445200920 , 2.31867
13.94 , 4.3445200920 , 2.32417
13.98 , 4.3445200920 , 2.32967
14.01 , 4.3445200920 , 2.33533
14.05 , 4.3445200920 , 2.34083
14.08 , 4.4531331062 , 2.34633
14.11 , 4.4531331062 , 2.35183
14.15 , 4.4531331062 , 2.35750
14.18 , 4.3445200920 , 2.36300
14.21 , 4.4531331062 , 2.36867
14.24 , 4.5617461204 , 2.37400
14.28 , 4.4531331062 , 2.37967
14.31 , 4.5617461204 , 2.38517
14.35 , 4.5617461204 , 2.39083
14.38 , 4.5617461204 , 2.39617
14.41 , 4.5617461204 , 2.40183
14.44 , 4.5617461204 , 2.40733
14.48 , 4.5617461204 , 2.41300
14.51 , 4.6703586578 , 2.41850
14.54 , 4.6703586578 , 2.42400
14.58 , 4.7789716720 , 2.42950
14.61 , 4.6703586578 , 2.43517
14.64 , 4.6703586578 , 2.44067
14.68 , 4.6703586578 , 2.44633
14.71 , 4.8875846862 , 2.45167
14.74 , 4.7789716720 , 2.45733
14.78 , 4.7789716720 , 2.46283
14.81 , 4.8875846862 , 2.46850
14.84 , 4.8875846862 , 2.47383
14.88 , 4.8875846862 , 2.47950
14.91 , 4.8875846862 , 2.48500
14.94 , 4.8875846862 , 2.49067
14.98 , 4.8875846862 , 2.49617
15.01 , 4.9961977005 , 2.50167
15.04 , 4.9961977005 , 2.50717
15.08 , 4.9961977005 , 2.51283
15.11 , 4.9961977005 , 2.51833
15.14 , 5.1048102378 , 2.52383
15.18 , 4.9961977005 , 2.52933
15.21 , 4.9961977005 , 2.53500
15.24 , 5.1048102378 , 2.54050
15.28 , 5.1048102378 , 2.54617
15.31 , 5.1048102378 , 2.55150
15.34 , 5.1048102378 , 2.55717
15.38 , 5.2134246826 , 2.56267
15.41 , 5.1048102378 , 2.56833
15.44 , 5.2134246826 , 2.57367
15.48 , 5.2134246826 , 2.57933
15.51 , 5.2134246826 , 2.58483
15.54 , 5.3220376968 , 2.59050
15.58 , 5.3220376968 , 2.59600
15.61 , 5.2134246826 , 2.60150
15.64 , 5.4306507110 , 2.60700
15.68 , 5.3220376968 , 2.61267
15.71 , 5.3220376968 , 2.61817
15.74 , 5.3220376968 , 2.62367
15.77 , 5.4306507110 , 2.62917
15.81 , 5.4306507110 , 2.63483
15.84 , 5.4306507110 , 2.64033
15.88 , 5.5392632484 , 2.64600
15.91 , 5.4306507110 , 2.65133
15.94 , 5.5392632484 , 2.65700
15.98 , 5.4306507110 , 2.66250
16.01 , 5.5392632484 , 2.66817
16.04 , 5.5392632484 , 2.67350
16.07 , 5.4306507110 , 2.67917
16.11 , 5.5392632484 , 2.68467
16.14 , 5.6478762626 , 2.69033
16.17 , 5.6478762626 , 2.69583
16.21 , 5.5392632484 , 2.70133
16.24 , 5.6478762626 , 2.70683
16.27 , 5.6478762626 , 2.71250
16.31 , 5.7564892768 , 2.71800
16.34 , 5.6478762626 , 2.72367
16.37 , 5.7564892768 , 2.72900
16.41 , 5.8651022911 , 2.73467
16.44 , 5.7564892768 , 2.74017
16.47 , 5.7564892768 , 2.74583
16.51 , 5.8651022911 , 2.75117
16.54 , 5.7564892768 , 2.75683
16.57 , 5.9737148284 , 2.76233
16.61 , 5.8651022911 , 2.76800
16.64 , 5.8651022911 , 2.77350
16.67 , 5.8651022911 , 2.77900
16.71 , 5.8651022911 , 2.78450
16.74 , 5.9737148284 , 2.79017
16.77 , 5.9737148284 , 2.79567
16.81 , 6.0823278427 , 2.80117
16.84 , 6.0823278427 , 2.80667
16.87 , 6.0823278427 , 2.81233
16.91 , 6.0823278427 , 2.81783
16.94 , 6.0823278427 , 2.82350
16.97 , 6.0823278427 , 2.82883
17.01 , 6.1909408569 , 2.83450
17.04 , 6.1909408569 , 2.84000
17.07 , 6.0823278427 , 2.84567
17.11 , 6.1909408569 , 2.85100
17.14 , 6.1909408569 , 2.85667
17.17 , 6.0823278427 , 2.86217
17.21 , 6.1909408569 , 2.86783
17.24 , 6.2995538711 , 2.87333
17.27 , 6.2995538711 , 2.87883
17.31 , 6.4081664085 , 2.88433
17.34 , 6.2995538711 , 2.89000
17.37 , 6.2995538711 , 2.89550
17.41 , 6.4081664085 , 2.90100
17.44 , 6.2995538711 , 2.90650
17.47 , 6.4081664085 , 2.91217
17.51 , 6.4081664085 , 2.91767
17.54 , 6.4081664085 , 2.92333
17.57 , 6.4081664085 , 2.92867
17.61 , 6.4081664085 , 2.93433
17.64 , 6.4081664085 , 2.93983
17.67 , 6.5167794227 , 2.94550
17.70 , 6.5167794227 , 2.95083
17.74 , 6.5167794227 , 2.95650
17.77 , 6.5167794227 , 2.96200
17.81 , 6.5167794227 , 2.96767
17.84 , 6.6253938674 , 2.97317
17.87 , 6.6253938674 , 2.97867
17.90 , 6.6253938674 , 2.98417
17.94 , 6.7340068817 , 2.98983
17.97 , 6.6253938674 , 2.99533
18.01 , 6.7340068817 , 3.00100
18.04 , 6.7340068817 , 3.00633
18.07 , 6.7340068817 , 3.01200
18.10 , 6.7340068817 , 3.01750
18.14 , 6.8426194190 , 3.02317
18.17 , 6.7340068817 , 3.02850
18.20 , 6.7340068817 , 3.03417
18.24 , 6.8426194190 , 3.03967
18.27 , 6.8426194190 , 3.04533
18.30 , 6.8426194190 , 3.05083
18.34 , 6.8426194190 , 3.05633
18.37 , 6.8426194190 , 3.06183
18.40 , 6.8426194190 , 3.06750
18.44 , 6.9512324333 , 3.07300
18.47 , 6.8426194190 , 3.07850
18.50 , 6.8426194190 , 3.08400
18.54 , 6.9512324333 , 3.08967
18.57 , 6.9512324333 , 3.09517
18.60 , 6.9512324333 , 3.10083
18.64 , 7.0598454475 , 3.10617
18.67 , 7.0598454475 , 3.11183
18.70 , 7.0598454475 , 3.11733
18.74 , 7.0598454475 , 3.12300
18.77 , 7.1684584617 , 3.12833
18.80 , 7.1684584617 , 3.13400
18.84 , 7.1684584617 , 3.13950
18.87 , 7.1684584617 , 3.14517
18.90 , 7.2770709991 , 3.15067
18.94 , 7.2770709991 , 3.15617
18.97 , 7.2770709991 , 3.16167
19.00 , 7.3856840133 , 3.16733
19.04 , 7.3856840133 , 3.17283
19.07 , 7.2770709991 , 3.17833
19.10 , 7.3856840133 , 3.18383
19.14 , 7.3856840133 , 3.18950
19.17 , 7.3856840133 , 3.19500
19.20 , 7.3856840133 , 3.20067
19.24 , 7.3856840133 , 3.20600
19.27 , 7.3856840133 , 3.21167
19.30 , 7.4942970275 , 3.21717
19.34 , 7.4942970275 , 3.22283
19.37 , 7.4942970275 , 3.22817
19.40 , 7.6029100418 , 3.23383
19.44 , 7.6029100418 , 3.23933
19.47 , 7.6029100418 , 3.24500
19.50 , 7.6029100418 , 3.25050
19.54 , 7.6029100418 , 3.25600
19.57 , 7.6029100418 , 3.26150
19.60 , 7.7115225791 , 3.26717
19.64 , 7.7115225791 , 3.27267
19.67 , 7.7115225791 , 3.27833
19.70 , 7.7115225791 , 3.28367
19.74 , 7.7115225791 , 3.28933
19.77 , 7.7115225791 , 3.29483
19.80 , 7.8201355934 , 3.30050
19.83 , 7.7115225791 , 3.30583
19.87 , 7.8201355934 , 3.31150
19.90 , 7.8201355934 , 3.31700
19.94 , 7.8201355934 , 3.32267
19.97 , 7.9287486076 , 3.32817
20.00 , 7.8201355934 , 3.33367
20.03 , 7.9287486076 , 3.33917
20.07 , 7.9287486076 , 3.34483
20.10 , 7.9287486076 , 3.35033
20.13 , 8.0373611450 , 3.35583
20.17 , 7.8201355934 , 3.36133
20.20 , 8.0373611450 , 3.36700
20.23 , 8.0373611450 , 3.37250
20.27 , 8.0373611450 , 3.37817
20.30 , 8.1459741592 , 3.38350
20.33 , 8.0373611450 , 3.38917
20.37 , 8.1459741592 , 3.39467
20.40 , 8.1459741592 , 3.40033
20.43 , 8.0373611450 , 3.40567
20.47 , 8.1459741592 , 3.41133
20.50 , 8.2545871734 , 3.41683
20.53 , 8.1459741592 , 3.42250
20.57 , 8.2545871734 , 3.42800
20.60 , 8.2545871734 , 3.43350
20.63 , 8.2545871734 , 3.43900
20.67 , 8.2545871734 , 3.44467
20.70 , 8.2545871734 , 3.45017
20.73 , 8.2545871734 , 3.45567
20.77 , 8.2545871734 , 3.46117
20.80 , 8.3632001876 , 3.46683
20.83 , 8.3632001876 , 3.47233
20.87 , 8.3632001876 , 3.47800
20.90 , 8.3632001876 , 3.48333
20.93 , 8.4718132019 , 3.48900
20.97 , 8.4718132019 , 3.49450
21.00 , 8.5804262161 , 3.50017
21.03 , 8.5804262161 , 3.50550
21.07 , 8.4718132019 , 3.51117
21.10 , 8.4718132019 , 3.51667
21.13 , 8.5804262161 , 3.52233
21.17 , 8.5804262161 , 3.52783
21.20 , 8.5804262161 , 3.53333
21.23 , 8.5804262161 , 3.53883
21.27 , 8.5804262161 , 3.54450
21.30 , 8.6890411376 , 3.55000
21.33 , 8.6890411376 , 3.55567
21.37 , 8.6890411376 , 3.56100
21.40 , 8.5804262161 , 3.56667
21.43 , 8.6890411376 , 3.57217
21.47 , 8.7976541519 , 3.57783
21.50 , 8.7976541519 , 3.58317
21.53 , 8.9062671661 , 3.58883
21.57 , 8.9062671661 , 3.59433
21.60 , 8.9062671661 , 3.60000
21.63 , 8.7976541519 , 3.60550
21.67 , 8.7976541519 , 3.61100
21.70 , 8.9062671661 , 3.61650
21.73 , 9.0148801803 , 3.62217
21.77 , 9.0148801803 , 3.62767
21.80 , 8.9062671661 , 3.63317
21.83 , 9.0148801803 , 3.63867
21.87 , 9.0148801803 , 3.64433
21.90 , 9.0148801803 , 3.64983
21.93 , 9.0148801803 , 3.65550
21.96 , 9.2321062088 , 3.66083
22.00 , 9.0148801803 , 3.66650
22.03 , 9.0148801803 , 3.67200
22.07 , 9.0148801803 , 3.67767
22.10 , 9.2321062088 , 3.68300
22.13 , 9.2321062088 , 3.68867
22.17 , 9.1234931945 , 3.69417
22.20 , 9.2321062088 , 3.69983
22.23 , 9.3407192230 , 3.70533
22.26 , 9.2321062088 , 3.71083
22.30 , 9.3407192230 , 3.71633
22.33 , 9.2321062088 , 3.72200
22.36 , 9.2321062088 , 3.72750
22.40 , 9.3407192230 , 3.73300
22.43 , 9.3407192230 , 3.73850
22.46 , 9.2321062088 , 3.74417
22.50 , 9.3407192230 , 3.74967
22.53 , 9.4493322372 , 3.75533
22.56 , 9.4493322372 , 3.76067
22.60 , 9.4493322372 , 3.76633
22.63 , 9.4493322372 , 3.77183
22.67 , 9.4493322372 , 3.77750
22.70 , 9.4493322372 , 3.78283
22.73 , 9.5579452514 , 3.78850
22.76 , 9.4493322372 , 3.79400
22.80 , 9.5579452514 , 3.79967
22.83 , 9.5579452514 , 3.80517
22.86 , 9.5579452514 , 3.81067
22.90 , 9.6665573120 , 3.81617
22.93 , 9.6665573120 , 3.82183
22.96 , 9.6665573120 , 3.82733
23.00 , 9.6665573120 , 3.83300
23.03 , 9.6665573120 , 3.83833
23.06 , 9.7751703262 , 3.84400
23.10 , 9.7751703262 , 3.84950
23.13 , 9.6665573120 , 3.85517
23.16 , 9.8837833404 , 3.86050
23.20 , 9.8837833404 , 3.86617
23.23 , 9.8837833404 , 3.87167
23.26 , 9.7751703262 , 3.87733
23.30 , 9.8837833404 , 3.88283
23.33 , 9.8837833404 , 3.88833
23.36 , 9.8837833404 , 3.89383
23.40 , 9.8837833404 , 3.89950
23.43 , 9.8837833404 , 3.90500
23.46 , 9.9923963546 , 3.91050
23.50 , 9.9923963546 , 3.91600
23.53 , 9.9923963546 , 3.92167
23.56 , 10.1010093688 , 3.92717
23.60 , 10.1010093688 , 3.93300
23.63 , 10.2096223831 , 3.93850
23.67 , 10.1010093688 , 3.94433
23.70 , 10.1010093688 , 3.95000
23.73 , 10.1010093688 , 3.95583
23.77 , 10.2096223831 , 3.96150
23.80 , 10.2096223831 , 3.96717
23.84 , 10.3182353973 , 3.97283
23.87 , 10.2096223831 , 3.97867
23.91 , 10.2096223831 , 3.98433
23.94 , 10.3182353973 , 3.99017
23.97 , 10.3182353973 , 3.99567
24.01 , 10.3182353973 , 4.00150
24.04 , 10.2096223831 , 4.00717
24.08 , 10.4268484115 , 4.01300
24.11 , 10.4268484115 , 4.01867
24.15 , 10.4268484115 , 4.02433
24.18 , 10.4268484115 , 4.03000
24.21 , 10.4268484115 , 4.03583
24.25 , 10.5354614257 , 4.04150
24.28 , 10.5354614257 , 4.04733
24.32 , 10.5354614257 , 4.05283
24.35 , 10.5354614257 , 4.05867
24.39 , 10.5354614257 , 4.06433
24.42 , 10.5354614257 , 4.07017
24.45 , 10.6440734863 , 4.07583
24.49 , 10.6440734863 , 4.08150
24.52 , 10.6440734863 , 4.08717
24.56 , 10.6440734863 , 4.09300
24.59 , 10.7526865005 , 4.09867
24.63 , 10.7526865005 , 4.10450
24.66 , 10.7526865005 , 4.11033
24.69 , 10.7526865005 , 4.11583
24.73 , 10.6440734863 , 4.12167
24.76 , 10.7526865005 , 4.12733
24.80 , 10.7526865005 , 4.13317
24.83 , 10.8612995147 , 4.13883
24.87 , 10.8612995147 , 4.14450
24.90 , 10.8612995147 , 4.15017
24.94 , 10.8612995147 , 4.15600
24.97 , 10.8612995147 , 4.16167
25.00 , 10.9699125289 , 4.16750
25.04 , 10.8612995147 , 4.17300
25.07 , 10.9699125289 , 4.17883
25.11 , 11.0785255432 , 4.18450
25.14 , 10.9699125289 , 4.19033
25.18 , 10.9699125289 , 4.19600
25.21 , 10.9699125289 , 4.20167
25.24 , 11.1871385574 , 4.20733
25.28 , 11.0785255432 , 4.21317
25.31 , 11.0785255432 , 4.21883
25.35 , 11.1871385574 , 4.22467
25.38 , 11.1871385574 , 4.23017
25.42 , 11.1871385574 , 4.23600
25.45 , 11.1871385574 , 4.24167
25.48 , 11.1871385574 , 4.24750
25.52 , 11.1871385574 , 4.25317
25.55 , 11.2957515716 , 4.25883
25.59 , 11.2957515716 , 4.26450
25.62 , 11.2957515716 , 4.27033
25.66 , 11.2957515716 , 4.27600
25.69 , 11.2957515716 , 4.28183
25.72 , 11.5129795074 , 4.28750
25.76 , 11.4043645858 , 4.29317
25.79 , 11.4043645858 , 4.29900
25.83 , 11.4043645858 , 4.30467
25.86 , 11.4043645858 , 4.31050
25.90 , 11.4043645858 , 4.31600
25.93 , 11.4043645858 , 4.32183
25.96 , 11.6215925216 , 4.32750
26.00 , 11.6215925216 , 4.33333
26.03 , 11.5129795074 , 4.33900
26.07 , 11.6215925216 , 4.34467
26.10 , 11.6215925216 , 4.35033
26.14 , 11.7302055358 , 4.35617
26.17 , 11.6215925216 , 4.36183
26.21 , 11.7302055358 , 4.36767
26.24 , 11.7302055358 , 4.37333
26.27 , 11.7302055358 , 4.37900
26.31 , 11.7302055358 , 4.38467
26.34 , 11.7302055358 , 4.39050
26.38 , 11.8388185501 , 4.39617
26.41 , 11.8388185501 , 4.40200
26.44 , 11.8388185501 , 4.40750
26.48 , 11.7302055358 , 4.41333
26.51 , 11.9474315643 , 4.41900
26.55 , 11.8388185501 , 4.42483
26.58 , 11.9474315643 , 4.43050
26.62 , 11.8388185501 , 4.43617
26.65 , 11.9474315643 , 4.44183
26.69 , 12.0560445785 , 4.44767
26.72 , 12.0560445785 , 4.45333
26.75 , 12.0560445785 , 4.45917
26.79 , 12.0560445785 , 4.46467
26.82 , 12.1646575927 , 4.47050
26.86 , 12.1646575927 , 4.47633
26.89 , 12.0560445785 , 4.48200
26.93 , 12.0560445785 , 4.48783
26.96 , 12.1646575927 , 4.49333
27.00 , 12.1646575927 , 4.49917
27.03 , 12.1646575927 , 4.50483
27.06 , 12.1646575927 , 4.51067
27.10 , 12.1646575927 , 4.51633
27.13 , 12.2732696533 , 4.52200
27.17 , 12.3818826675 , 4.52767
27.20 , 12.3818826675 , 4.53350
27.23 , 12.2732696533 , 4.53917
27.27 , 12.2732696533 , 4.54500
27.30 , 12.3818826675 , 4.55050
27.34 , 12.3818826675 , 4.55633
27.37 , 12.4904956817 , 4.56200
27.41 , 12.4904956817 , 4.56783
27.44 , 12.2732696533 , 4.57350
27.47 , 12.4904956817 , 4.57917
27.51 , 12.3818826675 , 4.58483
27.54 , 12.4904956817 , 4.59067
27.58 , 12.4904956817 , 4.59633
27.61 , 12.4904956817 , 4.60217
27.65 , 12.5991086959 , 4.60767
27.68 , 12.4904956817 , 4.61350
27.71 , 12.5991086959 , 4.61917
27.75 , 12.7077217102 , 4.62500
27.78 , 12.5991086959 , 4.63067
27.82 , 12.5991086959 , 4.63650
27.85 , 12.7077217102 , 4.64200
27.89 , 12.7077217102 , 4.64783
27.92 , 12.8163347244 , 4.65367
27.96 , 12.7077217102 , 4.65933
27.99 , 12.8163347244 , 4.66517
28.02 , 12.7077217102 , 4.67067
28.06 , 12.8163347244 , 4.67650
28.09 , 12.8163347244 , 4.68217
28.13 , 12.8163347244 , 4.68800
28.16 , 12.9249477386 , 4.69367
28.20 , 12.9249477386 , 4.69933
28.23 , 12.9249477386 , 4.70500
28.26 , 12.9249477386 , 4.71083
28.30 , 12.9249477386 , 4.71650
28.33 , 12.9249477386 , 4.72233
28.37 , 12.9249477386 , 4.72783
28.40 , 13.0335607528 , 4.73367
28.44 , 13.0335607528 , 4.73933
28.47 , 13.1421737670 , 4.74517
28.50 , 13.0335607528 , 4.75083
28.54 , 13.1421737670 , 4.75650
28.57 , 13.1421737670 , 4.76217
28.61 , 13.1421737670 , 4.76800
28.64 , 13.1421737670 , 4.77367
28.68 , 13.1421737670 , 4.77950
28.71 , 13.2507858276 , 4.78500
28.75 , 13.3593988418 , 4.79083
28.78 , 13.2507858276 , 4.79650
28.81 , 13.2507858276 , 4.80233
28.85 , 13.2507858276 , 4.80800
28.88 , 13.3593988418 , 4.81367
28.92 , 13.3593988418 , 4.81933
28.95 , 13.3593988418 , 4.82517
28.98 , 13.3593988418 , 4.83083
29.02 , 13.4680118560 , 4.83667
29.05 , 13.3593988418 , 4.84233
29.09 , 13.4680118560 , 4.84800
29.12 , 13.5766248703 , 4.85383
29.16 , 13.4680118560 , 4.85950
29.19 , 13.5766248703 , 4.86533
29.22 , 13.5766248703 , 4.87083
29.26 , 13.5766248703 , 4.87667
29.29 , 13.6852378845 , 4.88233
29.33 , 13.5766248703 , 4.88817
29.36 , 13.6852378845 , 4.89383
29.40 , 13.5766248703 , 4.89967
29.43 , 13.6852378845 , 4.90517
29.47 , 13.6852378845 , 4.91100
29.50 , 13.6852378845 , 4.91667
29.53 , 13.7938508987 , 4.92250
29.57 , 13.7938508987 , 4.92817
29.60 , 13.7938508987 , 4.93383
29.64 , 13.7938508987 , 4.93950
29.67 , 13.7938508987 , 4.94533
29.71 , 13.7938508987 , 4.95100
29.74 , 13.7938508987 , 4.95683
29.77 , 13.9024639129 , 4.96233
29.81 , 13.9024639129 , 4.96817
29.84 , 13.9024639129 , 4.97383
29.88 , 13.9024639129 , 4.97967
29.91 , 13.9024639129 , 4.98533
29.95 , 14.0110769271 , 4.99100
29.98 , 13.9024639129 , 4.99667
30.01 , 13.9024639129 , 5.00250
30.05 , 14.0110769271 , 5.00817
30.08 , 14.0110769271 , 5.01400
30.12 , 14.0110769271 , 5.01967
30.15 , 14.1196889877 , 5.02533
30.19 , 14.1196889877 , 5.03117
30.22 , 14.2283048629 , 5.03683
30.26 , 14.2283048629 , 5.04267
30.29 , 14.2283048629 , 5.04817
30.32 , 14.1196889877 , 5.05400
30.36 , 14.2283048629 , 5.05967
30.39 , 14.3369178771 , 5.06550
30.43 , 14.3369178771 , 5.07117
30.46 , 14.3369178771 , 5.07683
30.50 , 14.3369178771 , 5.08250
30.53 , 14.3369178771 , 5.08833
30.56 , 14.3369178771 , 5.09400
30.60 , 14.3369178771 , 5.09983
30.63 , 14.4455308914 , 5.10533
30.67 , 14.4455308914 , 5.11117
30.70 , 14.4455308914 , 5.11683
30.74 , 14.4455308914 , 5.12267
30.77 , 14.5541439056 , 5.12833
30.80 , 14.5541439056 , 5.13400
30.84 , 14.5541439056 , 5.13967
30.87 , 14.6627569198 , 5.14550
30.91 , 14.5541439056 , 5.15117
30.94 , 14.6627569198 , 5.15700
30.98 , 14.5541439056 , 5.16267
31.01 , 14.6627569198 , 5.16833
31.04 , 14.7713699340 , 5.17400
31.08 , 14.6627569198 , 5.17983
31.11 , 14.7713699340 , 5.18550
31.15 , 14.6627569198 , 5.19133
31.18 , 14.8799819946 , 5.19683
31.22 , 14.8799819946 , 5.20267
31.25 , 14.8799819946 , 5.20850
31.28 , 14.7713699340 , 5.21417
31.32 , 14.7713699340 , 5.22000
31.35 , 14.9885950088 , 5.22550
31.39 , 15.0972080230 , 5.23133
31.42 , 14.9885950088 , 5.23700
31.46 , 14.9885950088 , 5.24283
31.49 , 14.9885950088 , 5.24850
31.52 , 14.9885950088 , 5.25417
31.56 , 14.9885950088 , 5.25983
31.59 , 14.9885950088 , 5.26567
31.63 , 14.9885950088 , 5.27133
31.66 , 15.0972080230 , 5.27717
31.70 , 15.0972080230 , 5.28267
31.73 , 15.0972080230 , 5.28850
31.76 , 15.0972080230 , 5.29417
31.80 , 15.2058210372 , 5.30000
31.83 , 15.2058210372 , 5.30567
31.87 , 15.2058210372 , 5.31133
31.90 , 15.2058210372 , 5.31700
31.94 , 15.3144340515 , 5.32283
31.97 , 15.3144340515 , 5.32850
32.01 , 15.3144340515 , 5.33433
32.04 , 15.3144340515 , 5.33983
32.07 , 15.3144340515 , 5.34567
32.11 , 15.4230470657 , 5.35133
32.14 , 15.3144340515 , 5.35717
32.18 , 15.4230470657 , 5.36283
32.21 , 15.4230470657 , 5.36850
32.25 , 15.4230470657 , 5.37417
32.28 , 15.4230470657 , 5.38000
32.31 , 15.5316600799 , 5.38583
32.35 , 15.5316600799 , 5.39150
32.38 , 15.6402730941 , 5.39733
32.42 , 15.6402730941 , 5.40283
32.45 , 15.5316600799 , 5.40867
32.49 , 15.5316600799 , 5.41433
32.52 , 15.6402730941 , 5.42017
32.56 , 15.6402730941 , 5.42583
32.59 , 15.7488861083 , 5.43150
32.62 , 15.7488861083 , 5.43717
32.66 , 15.7488861083 , 5.44300
32.69 , 15.7488861083 , 5.44867
32.73 , 15.7488861083 , 5.45450
32.76 , 15.6402730941 , 5.46000
32.79 , 15.8574981689 , 5.46583
32.83 , 15.7488861083 , 5.47150
32.86 , 15.8574981689 , 5.47733
32.90 , 15.8574981689 , 5.48300
32.93 , 15.8574981689 , 5.48867
32.97 , 15.9661111831 , 5.49433
33.00 , 15.9661111831 , 5.50017
33.04 , 16.0747241973 , 5.50583
33.07 , 16.0747241973 , 5.51167
33.10 , 16.0747241973 , 5.51717
33.14 , 15.9661111831 , 5.52300
33.17 , 16.0747241973 , 5.52867
33.21 , 16.0747241973 , 5.53450
33.24 , 16.0747241973 , 5.54017
33.28 , 16.0747241973 , 5.54583
33.31 , 16.1833381652 , 5.55150
33.34 , 16.0747241973 , 5.55733
33.38 , 16.1833381652 , 5.56300
33.41 , 16.1833381652 , 5.56883
33.45 , 16.2919502258 , 5.57450
33.48 , 16.2919502258 , 5.58017
33.52 , 16.2919502258 , 5.58600
33.55 , 16.2919502258 , 5.59167
33.59 , 16.4005622863 , 5.59750
33.62 , 16.4005622863 , 5.60300
33.65 , 16.4005622863 , 5.60883
33.69 , 16.4005622863 , 5.61450
33.72 , 16.5091762542 , 5.62033
33.76 , 16.4005622863 , 5.62600
33.79 , 16.4005622863 , 5.63167
33.82 , 16.5091762542 , 5.63733
33.86 , 16.6177883148 , 5.64317
33.89 , 16.4005622863 , 5.64883
33.93 , 16.5091762542 , 5.65467
33.96 , 16.5091762542 , 5.66017
34.00 , 16.6177883148 , 5.66600
34.03 , 16.6177883148 , 5.67167
34.06 , 16.7264022827 , 5.67750
34.10 , 16.8350143432 , 5.68317
34.13 , 16.6177883148 , 5.68900
34.17 , 16.7264022827 , 5.69450
34.20 , 16.7264022827 , 5.70033
34.24 , 16.7264022827 , 5.70600
34.27 , 16.7264022827 , 5.71183
34.31 , 16.8350143432 , 5.71750
34.34 , 16.8350143432 , 5.72317
34.37 , 16.8350143432 , 5.72883
34.41 , 16.8350143432 , 5.73467
34.44 , 16.8350143432 , 5.74033
34.48 , 16.9436283111 , 5.74617
34.51 , 16.9436283111 , 5.75183
34.54 , 16.9436283111 , 5.75750
34.58 , 17.0522422790 , 5.76333
34.61 , 17.0522422790 , 5.76900
34.65 , 17.0522422790 , 5.77483
34.68 , 17.0522422790 , 5.78033
34.72 , 17.0522422790 , 5.78617
34.75 , 17.0522422790 , 5.79183
34.79 , 17.0522422790 , 5.79767
34.82 , 17.1608562469 , 5.80333
34.85 , 17.1608562469 , 5.80900
34.89 , 17.1608562469 , 5.81467
34.92 , 17.1608562469 , 5.82050
34.96 , 17.1608562469 , 5.82617
34.99 , 17.2694683074 , 5.83200
35.03 , 17.2694683074 , 5.83750
35.06 , 17.2694683074 , 5.84333
35.09 , 17.2694683074 , 5.84900
35.13 , 17.3780822753 , 5.85483
35.16 , 17.3780822753 , 5.86050
35.20 , 17.3780822753 , 5.86617
35.23 , 17.3780822753 , 5.87183
35.27 , 17.3780822753 , 5.87767
35.30 , 17.4866943359 , 5.88333
35.34 , 17.4866943359 , 5.88917
35.37 , 17.5953083038 , 5.89467
35.40 , 17.4866943359 , 5.90050
35.44 , 17.4866943359 , 5.90617
35.47 , 17.5953083038 , 5.91200
35.51 , 17.5953083038 , 5.91767
35.54 , 17.5953083038 , 5.92333
35.57 , 17.5953083038 , 5.92900
35.61 , 17.5953083038 , 5.93483
35.64 , 17.7039203643 , 5.94067
35.68 , 17.7039203643 , 5.94633
35.71 , 17.7039203643 , 5.95217
35.75 , 17.9211463928 , 5.95767
35.78 , 17.7039203643 , 5.96350
35.81 , 17.8125343322 , 5.96917
35.85 , 17.9211463928 , 5.97500
35.88 , 17.9211463928 , 5.98067
35.92 , 17.9211463928 , 5.98633
35.95 , 17.9211463928 , 5.99200
35.99 , 17.8125343322 , 5.99783
36.02 , 18.0297584533 , 6.00350
36.06 , 18.0297584533 , 6.00933
36.09 , 18.0297584533 , 6.01483
36.12 , 18.1383724212 , 6.02067
36.16 , 18.0297584533 , 6.02633
36.19 , 18.0297584533 , 6.03217
36.23 , 18.1383724212 , 6.03783
36.26 , 18.1383724212 , 6.04350
36.29 , 18.0297584533 , 6.04917
36.33 , 18.1383724212 , 6.05500
36.36 , 18.1383724212 , 6.06067
36.40 , 18.2469844818 , 6.06650
36.43 , 18.2469844818 , 6.07200
36.47 , 18.2469844818 , 6.07783
36.50 , 18.2469844818 , 6.08350
36.54 , 18.2469844818 , 6.08933
36.57 , 18.2469844818 , 6.09500
36.60 , 18.2469844818 , 6.10067
36.64 , 18.3555984497 , 6.10633
36.67 , 18.4642105102 , 6.11217
36.71 , 18.3555984497 , 6.11800
36.74 , 18.4642105102 , 6.12367
36.78 , 18.4642105102 , 6.12933
36.81 , 18.4642105102 , 6.13500
36.85 , 18.4642105102 , 6.14083
36.88 , 18.4642105102 , 6.14650
36.91 , 18.5728244781 , 6.15233
36.95 , 18.5728244781 , 6.15783
36.98 , 18.5728244781 , 6.16367
37.02 , 18.5728244781 , 6.16933
37.05 , 18.5728244781 , 6.17517
37.09 , 18.6814365386 , 6.18083
37.12 , 18.5728244781 , 6.18667
37.15 , 18.5728244781 , 6.19217
37.19 , 18.6814365386 , 6.19800
37.22 , 18.6814365386 , 6.20367
37.26 , 18.7900505065 , 6.20950
37.29 , 18.8986625671 , 6.21517
37.33 , 18.7900505065 , 6.22083
37.36 , 18.7900505065 , 6.22650
37.39 , 18.7900505065 , 6.23233
37.43 , 18.7900505065 , 6.23800
37.46 , 18.8986625671 , 6.24383
37.50 , 18.8986625671 , 6.24933
37.53 , 18.8986625671 , 6.25517
37.56 , 19.0072746276 , 6.26083
37.60 , 19.0072746276 , 6.26667
37.63 , 19.0072746276 , 6.27233
37.67 , 19.0072746276 , 6.27800
37.70 , 19.1158885955 , 6.28367
37.74 , 19.1158885955 , 6.28950
37.77 , 19.1158885955 , 6.29517
37.81 , 19.1158885955 , 6.30100
37.84 , 19.1158885955 , 6.30667
37.87 , 19.1158885955 , 6.31233
37.91 , 19.2245006561 , 6.31817
37.94 , 19.2245006561 , 6.32383
37.98 , 19.2245006561 , 6.32967
38.01 , 19.2245006561 , 6.33517
38.05 , 19.3331146240 , 6.34100
38.08 , 19.2245006561 , 6.34667
38.12 , 19.3331146240 , 6.35250
38.15 , 19.3331146240 , 6.35817
38.18 , 19.3331146240 , 6.36383
38.22 , 19.3331146240 , 6.36950
38.25 , 19.3331146240 , 6.37533
38.29 , 19.4417266845 , 6.38100
38.32 , 19.4417266845 , 6.38683
38.35 , 19.5503406524 , 6.39233
38.39 , 19.4417266845 , 6.39817
38.42 , 19.5503406524 , 6.40383
38.46 , 19.5503406524 , 6.40967
38.49 , 19.5503406524 , 6.41533
38.53 , 19.6589527130 , 6.42100
38.56 , 19.5503406524 , 6.42667
38.60 , 19.7675666809 , 6.43250
38.63 , 19.6589527130 , 6.43817
38.66 , 19.6589527130 , 6.44400
38.70 , 19.6589527130 , 6.44950
38.73 , 19.6589527130 , 6.45533
38.77 , 19.7675666809 , 6.46100
38.80 , 19.7675666809 , 6.46683
38.84 , 19.7675666809 , 6.47250
38.87 , 19.8761806488 , 6.47833
38.90 , 19.8761806488 , 6.48400
38.94 , 19.8761806488 , 6.48967
38.97 , 19.8761806488 , 6.49550
39.01 , 19.8761806488 , 6.50117
39.04 , 19.9847946166 , 6.50700
39.08 , 19.9847946166 , 6.51250
39.11 , 19.9847946166 , 6.51833
39.14 , 19.9847946166 , 6.52400
39.18 , 19.9847946166 , 6.52983
39.21 , 20.0934066772 , 6.53550
39.25 , 20.0934066772 , 6.54117
39.28 , 20.0934066772 , 6.54683
39.32 , 20.0934066772 , 6.55267
39.35 , 20.0934066772 , 6.55833
39.38 , 20.2020206451 , 6.56417
39.42 , 20.2020206451 , 6.56967
39.45 , 20.2020206451 , 6.57550
39.49 , 20.2020206451 , 6.58117
39.52 , 20.2020206451 , 6.58700
39.56 , 20.2020206451 , 6.59267
39.59 , 20.3106327056 , 6.59833
39.62 , 20.2020206451 , 6.60400
39.66 , 20.3106327056 , 6.60983
39.69 , 20.4192466735 , 6.61550
39.73 , 20.4192466735 , 6.62133
39.76 , 20.4192466735 , 6.62683
39.80 , 20.4192466735 , 6.63267
39.83 , 20.5278587341 , 6.63833
39.87 , 20.5278587341 , 6.64417
39.90 , 20.5278587341 , 6.64983
39.93 , 20.4192466735 , 6.65550
39.97 , 20.5278587341 , 6.66117
40.00 , 20.5278587341 , 6.66700
40.04 , 20.6364707946 , 6.67283
40.07 , 20.6364707946 , 6.67850
40.11 , 20.6364707946 , 6.68417
40.14 , 20.7450847625 , 6.68983
40.17 , 20.6364707946 , 6.69567
40.21 , 20.6364707946 , 6.70133
40.24 , 20.8536968231 , 6.70717
40.28 , 20.7450847625 , 6.71267
40.31 , 20.7450847625 , 6.71850
40.35 , 20.8536968231 , 6.72417
40.38 , 20.8536968231 , 6.73000
40.41 , 20.8536968231 , 6.73567
40.45 , 20.8536968231 , 6.74150
40.48 , 20.9623107910 , 6.74700
40.52 , 20.9623107910 , 6.75283
40.55 , 20.9623107910 , 6.75850
40.59 , 20.9623107910 , 6.76433
40.62 , 20.9623107910 , 6.77000
40.65 , 21.0709228515 , 6.77567
40.69 , 21.0709228515 , 6.78133
40.72 , 21.0709228515 , 6.78717
40.76 , 21.0709228515 , 6.79283
40.79 , 21.1795368194 , 6.79867
40.83 , 21.0709228515 , 6.80417
40.86 , 21.1795368194 , 6.81000
40.89 , 21.1795368194 , 6.81567
40.93 , 21.1795368194 , 6.82150
40.96 , 21.2881488800 , 6.82717
41.00 , 21.2881488800 , 6.83283
41.03 , 21.2881488800 , 6.83850
41.07 , 21.2881488800 , 6.84433
41.10 , 21.2881488800 , 6.85017
41.13 , 21.3967628479 , 6.85583
41.17 , 21.2881488800 , 6.86150
41.20 , 21.3967628479 , 6.86717
41.24 , 21.3967628479 , 6.87300
41.27 , 21.3967628479 , 6.87867
41.31 , 21.5053749084 , 6.88450
41.34 , 21.5053749084 , 6.89000
41.38 , 21.5053749084 , 6.89583
41.41 , 21.5053749084 , 6.90150
41.44 , 21.6139869689 , 6.90733
41.48 , 21.5053749084 , 6.91300
41.51 , 21.6139869689 , 6.91867
41.55 , 21.6139869689 , 6.92433
41.58 , 21.6139869689 , 6.93017
41.62 , 21.6139869689 , 6.93583
41.65 , 21.7226009368 , 6.94167
41.68 , 21.7226009368 , 6.94717
41.72 , 21.7226009368 , 6.95300
41.75 , 21.7226009368 , 6.95867
41.79 , 21.7226009368 , 6.96450
41.82 , 21.8312129974 , 6.97017
41.86 , 21.8312129974 , 6.97600
41.89 , 21.8312129974 , 6.98150
41.92 , 21.9398269653 , 6.98733
41.96 , 21.8312129974 , 6.99300
41.99 , 21.9398269653 , 6.99883
42.03 , 21.9398269653 , 7.00450
42.06 , 21.9398269653 , 7.01017
42.10 , 21.9398269653 , 7.01583
42.13 , 22.0484390258 , 7.02167
42.16 , 22.0484390258 , 7.02733
42.20 , 22.0484390258 , 7.03317
42.23 , 22.0484390258 , 7.03883
42.27 , 22.0484390258 , 7.04450
42.30 , 22.1570529937 , 7.05033
42.34 , 22.1570529937 , 7.05600
42.37 , 22.1570529937 , 7.06183
42.40 , 22.2656669616 , 7.06733
42.44 , 22.2656669616 , 7.07317
42.47 , 22.2656669616 , 7.07883
42.51 , 22.2656669616 , 7.08467
42.54 , 22.2656669616 , 7.09033
42.58 , 22.2656669616 , 7.09600
42.61 , 22.3742790222 , 7.10167
42.65 , 22.3742790222 , 7.10750
42.68 , 22.4828929901 , 7.11317
42.71 , 22.4828929901 , 7.11900
42.75 , 22.4828929901 , 7.12450
42.78 , 22.4828929901 , 7.13033
42.82 , 22.4828929901 , 7.13600
42.85 , 22.5915050506 , 7.14183
42.88 , 22.5915050506 , 7.14750
42.92 , 22.5915050506 , 7.15317
42.95 , 22.5915050506 , 7.15883
42.99 , 22.5915050506 , 7.16467
43.02 , 22.7001190185 , 7.17033
43.06 , 22.7001190185 , 7.17617
43.09 , 22.7001190185 , 7.18167
43.13 , 22.7001190185 , 7.18750
43.16 , 22.7001190185 , 7.19317
43.19 , 22.7001190185 , 7.19900
43.23 , 22.8087310791 , 7.20467
43.26 , 22.8087310791 , 7.21033
43.30 , 22.8087310791 , 7.21617
43.33 , 22.9173431396 , 7.22183
43.37 , 22.9173431396 , 7.22767
43.40 , 22.9173431396 , 7.23333
43.44 , 22.8087310791 , 7.23917
43.47 , 22.9173431396 , 7.24467
43.50 , 22.9173431396 , 7.25050
43.54 , 23.0259571075 , 7.25617
43.57 , 23.0259571075 , 7.26200
43.61 , 23.0259571075 , 7.26767
43.64 , 23.1345691680 , 7.27333
43.67 , 23.1345691680 , 7.27900
43.71 , 23.1345691680 , 7.28483
43.74 , 23.1345691680 , 7.29050
43.78 , 23.1345691680 , 7.29633
43.81 , 23.2431831359 , 7.30183
43.85 , 23.1345691680 , 7.30767
43.88 , 23.2431831359 , 7.31333
43.92 , 23.2431831359 , 7.31917
43.95 , 23.2431831359 , 7.32483
43.98 , 23.2431831359 , 7.33050
44.02 , 23.3517951965 , 7.33617
44.05 , 23.3517951965 , 7.34200
44.09 , 23.3517951965 , 7.34767
44.12 , 23.3517951965 , 7.35350
44.15 , 23.3517951965 , 7.35900
44.19 , 23.4604091644 , 7.36483
44.22 , 23.4604091644 , 7.37050
44.26 , 23.4604091644 , 7.37633
44.29 , 23.3517951965 , 7.38200
44.33 , 23.5690212249 , 7.38767
44.36 , 23.5690212249 , 7.39333
44.40 , 23.4604091644 , 7.39917
44.43 , 23.5690212249 , 7.40500
44.46 , 23.5690212249 , 7.41067
44.50 , 23.5690212249 , 7.41633
44.53 , 23.6776351928 , 7.42200
44.57 , 23.6776351928 , 7.42783
44.60 , 23.7862472534 , 7.43350
44.64 , 23.6776351928 , 7.43933
44.67 , 23.6776351928 , 7.44483
44.70 , 23.7862472534 , 7.45067
44.74 , 23.7862472534 , 7.45633
44.77 , 23.7862472534 , 7.46217
44.81 , 23.8948593139 , 7.46783
44.84 , 23.7862472534 , 7.47350
44.88 , 24.0034732818 , 7.47917
44.91 , 23.8948593139 , 7.48500
44.94 , 23.8948593139 , 7.49067
44.98 , 24.0034732818 , 7.49650
45.01 , 24.0034732818 , 7.50200
45.05 , 24.0034732818 , 7.50783
45.08 , 24.0034732818 , 7.51350
45.12 , 24.1120853424 , 7.51933
45.15 , 24.1120853424 , 7.52500
45.19 , 24.1120853424 , 7.53083
45.22 , 24.2206993103 , 7.53633
45.25 , 24.2206993103 , 7.54217
45.29 , 24.1120853424 , 7.54783
45.32 , 24.2206993103 , 7.55367
45.36 , 24.2206993103 , 7.55933
45.39 , 24.3293113708 , 7.56500
45.42 , 24.3293113708 , 7.57067
45.46 , 24.3293113708 , 7.57650
45.49 , 24.3293113708 , 7.58233
45.53 , 24.3293113708 , 7.58800
45.56 , 24.4379253387 , 7.59367
45.60 , 24.3293113708 , 7.59933
45.63 , 24.5465373992 , 7.60517
45.67 , 24.4379253387 , 7.61083
45.70 , 24.5465373992 , 7.61667
45.73 , 24.5465373992 , 7.62217
45.77 , 24.6551494598 , 7.62800
45.80 , 24.5465373992 , 7.63367
45.84 , 24.6551494598 , 7.63950
45.87 , 24.6551494598 , 7.64517
45.90 , 24.6551494598 , 7.65083
45.94 , 24.6551494598 , 7.65650
45.97 , 24.6551494598 , 7.66233
46.01 , 24.6551494598 , 7.66800
46.04 , 24.7637634277 , 7.67383
46.08 , 24.7637634277 , 7.67933
46.11 , 24.7637634277 , 7.68517
46.15 , 24.7637634277 , 7.69083
46.18 , 24.7637634277 , 7.69667
46.21 , 24.8723754882 , 7.70233
46.25 , 24.8723754882 , 7.70800
46.28 , 24.8723754882 , 7.71367
46.32 , 24.8723754882 , 7.71950
46.35 , 24.9809894561 , 7.72517
46.39 , 24.9809894561 , 7.73100
46.42 , 24.8723754882 , 7.73650
46.45 , 24.9809894561 , 7.74233
46.49 , 24.9809894561 , 7.74800
46.52 , 25.0896015167 , 7.75383
46.56 , 24.9809894561 , 7.75950
46.59 , 24.9809894561 , 7.76533
46.63 , 24.9809894561 , 7.77100
46.66 , 25.1982154846 , 7.77667
46.70 , 25.1982154846 , 7.78250
46.73 , 25.1982154846 , 7.78817
46.76 , 25.1982154846 , 7.79400
46.80 , 25.1982154846 , 7.79950
46.83 , 25.3068275451 , 7.80533
46.87 , 25.3068275451 , 7.81100
46.90 , 25.3068275451 , 7.81683
46.94 , 25.3068275451 , 7.82250
46.97 , 25.4154453277 , 7.82817
47.00 , 25.4154453277 , 7.83383
47.04 , 25.3068275451 , 7.83967
47.07 , 25.4154453277 , 7.84533
47.11 , 25.4154453277 , 7.85117
47.14 , 25.5240592956 , 7.85667
47.18 , 25.4154453277 , 7.86250
47.21 , 25.5240592956 , 7.86817
47.24 , 25.5240592956 , 7.87400
47.28 , 25.6326713562 , 7.87967
47.31 , 25.6326713562 , 7.88533
47.35 , 25.6326713562 , 7.89100
47.38 , 25.6326713562 , 7.89683
47.42 , 25.6326713562 , 7.90250
47.45 , 25.8498973846 , 7.90833
47.48 , 25.7412853240 , 7.91383
47.52 , 25.7412853240 , 7.91967
47.55 , 25.7412853240 , 7.92533
47.59 , 25.8498973846 , 7.93117
47.62 , 25.8498973846 , 7.93683
47.65 , 25.8498973846 , 7.94250
47.69 , 25.9585113525 , 7.94833
47.72 , 25.8498973846 , 7.95400
47.76 , 25.9585113525 , 7.95983
47.79 , 25.9585113525 , 7.96550
47.83 , 26.0671234130 , 7.97117
47.86 , 25.9585113525 , 7.97683
47.90 , 26.0671234130 , 7.98267
47.93 , 26.0671234130 , 7.98833
47.97 , 26.0671234130 , 7.99417
48.00 , 26.0671234130 , 7.99967
48.03 , 26.1757354736 , 8.00550
48.07 , 26.0671234130 , 8.01117
48.10 , 26.0671234130 , 8.01700
48.14 , 26.0671234130 , 8.02267
48.17 , 26.1757354736 , 8.02850
48.20 , 26.1757354736 , 8.03400
48.24 , 26.2843494415 , 8.03983
48.27 , 26.1757354736 , 8.04550
48.31 , 26.3929615020 , 8.05133
48.34 , 26.3929615020 , 8.05700
48.38 , 26.2843494415 , 8.06267
48.41 , 26.3929615020 , 8.06833
48.45 , 26.3929615020 , 8.07417
48.48 , 26.3929615020 , 8.07983
48.51 , 26.3929615020 , 8.08567
48.55 , 26.5015754699 , 8.09117
48.58 , 26.5015754699 , 8.09700
48.62 , 26.5015754699 , 8.10267
48.65 , 26.6101875305 , 8.10850
48.69 , 26.5015754699 , 8.11417
48.72 , 26.6101875305 , 8.11983
48.75 , 26.6101875305 , 8.12550
48.79 , 26.6101875305 , 8.13133
48.82 , 26.6101875305 , 8.13717
48.86 , 26.7188014984 , 8.14283
48.89 , 26.6101875305 , 8.14850
48.93 , 26.8274135589 , 8.15417
48.96 , 26.7188014984 , 8.16000
48.99 , 26.7188014984 , 8.16567
49.03 , 26.8274135589 , 8.17150
49.06 , 26.8274135589 , 8.17700
49.10 , 26.8274135589 , 8.18283
49.13 , 26.8274135589 , 8.18850
49.17 , 26.8274135589 , 8.19433
49.20 , 26.8274135589 , 8.20000
49.23 , 26.9360275268 , 8.20567
49.27 , 27.0446395874 , 8.21133
49.30 , 27.0446395874 , 8.21717
49.34 , 26.9360275268 , 8.22283
49.37 , 27.0446395874 , 8.22867
49.40 , 27.0446395874 , 8.23417
49.44 , 27.0446395874 , 8.24000
49.47 , 27.1532516479 , 8.24567
49.51 , 27.0446395874 , 8.25150
49.54 , 27.1532516479 , 8.25717
49.58 , 27.1532516479 , 8.26283
49.61 , 27.2618656158 , 8.26850
49.65 , 27.1532516479 , 8.27433
49.68 , 27.2618656158 , 8.28000
49.72 , 27.2618656158 , 8.28583
49.75 , 27.2618656158 , 8.29133
49.78 , 27.2618656158 , 8.29717
49.82 , 27.3704776763 , 8.30283
49.85 , 27.2618656158 , 8.30867
49.89 , 27.3704776763 , 8.31450
49.92 , 27.4790916442 , 8.32017
49.96 , 27.4790916442 , 8.32583
49.99 , 27.4790916442 , 8.33150
50.02 , 27.5877037048 , 8.33733
50.06 , 27.4790916442 , 8.34300
50.09 , 27.4790916442 , 8.34883
50.13 , 27.5877037048 , 8.35433
50.16 , 27.5877037048 , 8.36017
50.20 , 27.5877037048 , 8.36583
50.23 , 27.6963176727 , 8.37167
50.26 , 27.6963176727 , 8.37733
50.30 , 27.6963176727 , 8.38300
50.33 , 27.6963176727 , 8.38867
50.37 , 27.6963176727 , 8.39450
50.40 , 27.6963176727 , 8.40017
50.44 , 27.8049297332 , 8.40600
50.47 , 27.8049297332 , 8.41150
50.50 , 27.9135437011 , 8.41733
50.54 , 27.9135437011 , 8.42300
50.57 , 27.9135437011 , 8.42883
50.61 , 28.0221557617 , 8.43450
50.64 , 27.9135437011 , 8.44017
50.68 , 27.9135437011 , 8.44583
50.71 , 28.0221557617 , 8.45167
50.74 , 28.0221557617 , 8.45733
50.78 , 28.0221557617 , 8.46317
50.81 , 28.0221557617 , 8.46867
50.85 , 28.0221557617 , 8.47450
50.88 , 28.1307678222 , 8.48017
50.92 , 28.1307678222 , 8.48600
50.95 , 28.1307678222 , 8.49167
50.98 , 28.2393817901 , 8.49733
51.02 , 28.2393817901 , 8.50317
51.05 , 28.2393817901 , 8.50883
51.09 , 28.2393817901 , 8.51467
51.12 , 28.2393817901 , 8.52033
51.16 , 28.3479938507 , 8.52600
51.19 , 28.2393817901 , 8.53167
51.22 , 28.3479938507 , 8.53750
51.26 , 28.3479938507 , 8.54317
51.29 , 28.3479938507 , 8.54900
51.33 , 28.4566078186 , 8.55467
51.36 , 28.4566078186 , 8.56033
51.40 , 28.3479938507 , 8.56600
51.43 , 28.4566078186 , 8.57183
51.47 , 28.4566078186 , 8.57750
51.50 , 28.4566078186 , 8.58333
51.53 , 28.4566078186 , 8.58883
51.57 , 28.5652198791 , 8.59467
51.60 , 28.5652198791 , 8.60033
51.64 , 28.6738338470 , 8.60617
51.67 , 28.6738338470 , 8.61183
51.71 , 28.6738338470 , 8.61750
51.74 , 28.6738338470 , 8.62317
51.77 , 28.7824459075 , 8.62900
51.81 , 28.7824459075 , 8.63467
51.84 , 28.7824459075 , 8.64050
51.88 , 28.7824459075 , 8.64600
51.91 , 28.7824459075 , 8.65183
51.95 , 28.8910598754 , 8.65750
51.98 , 28.8910598754 , 8.66333
52.01 , 28.8910598754 , 8.66900
52.05 , 28.8910598754 , 8.67467
52.08 , 28.8910598754 , 8.68050
52.12 , 28.9996719360 , 8.68617
52.15 , 28.9996719360 , 8.69200
52.19 , 28.9996719360 , 8.69767
52.22 , 29.1082839965 , 8.70333
52.25 , 29.1082839965 , 8.70900
52.29 , 28.9996719360 , 8.71483
52.32 , 29.1082839965 , 8.72050
52.36 , 29.1082839965 , 8.72633
52.39 , 29.1082839965 , 8.73183
52.43 , 29.1082839965 , 8.73767
52.46 , 29.2168979644 , 8.74333
52.50 , 29.2168979644 , 8.74917
52.53 , 29.2168979644 , 8.75483
52.56 , 29.2168979644 , 8.76050
52.60 , 29.3255100250 , 8.76617
52.63 , 29.3255100250 , 8.77200
52.67 , 29.3255100250 , 8.77767
52.70 , 29.4341239929 , 8.78350
52.73 , 29.4341239929 , 8.78900
52.77 , 29.4341239929 , 8.79483
52.80 , 29.4341239929 , 8.80050
52.84 , 29.4341239929 , 8.80633
52.87 , 29.5427360534 , 8.81200
52.91 , 29.5427360534 , 8.81783
52.94 , 29.6513500213 , 8.82333
52.97 , 29.5427360534 , 8.82917
53.01 , 29.6513500213 , 8.83483
53.04 , 29.6513500213 , 8.84067
53.08 , 29.6513500213 , 8.84633
53.11 , 29.7599620819 , 8.85200
53.15 , 29.7599620819 , 8.85767
53.18 , 29.7599620819 , 8.86350
53.22 , 29.7599620819 , 8.86933
53.25 , 29.7599620819 , 8.87500
53.28 , 29.8685741424 , 8.88067
53.32 , 29.8685741424 , 8.88633
53.35 , 29.8685741424 , 8.89217
53.39 , 29.8685741424 , 8.89783
53.42 , 29.8685741424 , 8.90367
53.46 , 29.9771881103 , 8.90917
53.49 , 29.9771881103 , 8.91500
53.52 , 30.0858001708 , 8.92067
53.56 , 29.9771881103 , 8.92650
53.59 , 29.9771881103 , 8.93217
53.63 , 30.0858001708 , 8.93783
53.66 , 30.0858001708 , 8.94350
53.70 , 30.0858001708 , 8.94933
53.73 , 30.1944141387 , 8.95500
53.77 , 30.1944141387 , 8.96083
53.80 , 30.1944141387 , 8.96633
53.83 , 30.1944141387 , 8.97217
53.87 , 30.1944141387 , 8.97783
53.90 , 30.1944141387 , 8.98367
53.94 , 30.3030261993 , 8.98933
53.97 , 30.3030261993 , 8.99500
54.00 , 30.3030261993 , 9.00067
54.04 , 30.3030261993 , 9.00650
54.07 , 30.4116401672 , 9.01217
54.11 , 30.4116401672 , 9.01800
54.14 , 30.4116401672 , 9.02350
54.18 , 30.5202522277 , 9.02933
54.21 , 30.4116401672 , 9.03500
54.25 , 30.5202522277 , 9.04083
54.28 , 30.5202522277 , 9.04667
54.31 , 30.5202522277 , 9.05217
54.35 , 30.5202522277 , 9.05800
54.38 , 30.6288661956 , 9.06367
54.42 , 30.6288661956 , 9.06950
54.45 , 30.6288661956 , 9.07517
54.49 , 30.7374782562 , 9.08100
54.52 , 30.6288661956 , 9.08650
54.55 , 30.7374782562 , 9.09233
54.59 , 30.7374782562 , 9.09800
54.62 , 30.8460903167 , 9.10383
54.66 , 30.8460903167 , 9.10950
54.69 , 30.8460903167 , 9.11517
54.72 , 30.8460903167 , 9.12083
54.76 , 30.8460903167 , 9.12667
54.79 , 30.9547042846 , 9.13233
54.83 , 30.9547042846 , 9.13817
54.86 , 30.9547042846 , 9.14367
54.90 , 30.9547042846 , 9.14950
54.93 , 31.0633163452 , 9.15517
54.97 , 31.0633163452 , 9.16100
55.00 , 31.1719303131 , 9.16667
55.03 , 31.0633163452 , 9.17233
55.07 , 31.1719303131 , 9.17800
55.10 , 31.1719303131 , 9.18383
55.14 , 31.1719303131 , 9.18950
55.17 , 31.2805423736 , 9.19533
55.21 , 31.2805423736 , 9.20083
55.24 , 31.2805423736 , 9.20667
55.27 , 31.3891563415 , 9.21233
55.31 , 31.2805423736 , 9.21817
55.34 , 31.2805423736 , 9.22383
55.38 , 31.2805423736 , 9.22950
55.41 , 31.3891563415 , 9.23533
55.45 , 31.3891563415 , 9.24100
55.48 , 31.3891563415 , 9.24683
55.52 , 31.4977684020 , 9.25250
55.55 , 31.4977684020 , 9.25817
55.58 , 31.4977684020 , 9.26383
55.62 , 31.4977684020 , 9.26967
55.65 , 31.4977684020 , 9.27533
55.69 , 31.4977684020 , 9.28117
55.72 , 31.6063823699 , 9.28667
55.76 , 31.6063823699 , 9.29250
55.79 , 31.6063823699 , 9.29817
55.82 , 31.7149944305 , 9.30400
55.86 , 31.7149944305 , 9.30967
55.89 , 31.7149944305 , 9.31533
55.93 , 31.7149944305 , 9.32100
55.96 , 31.7149944305 , 9.32683
56.00 , 31.8236064910 , 9.33250
56.03 , 31.7149944305 , 9.33833
56.06 , 31.8236064910 , 9.34400
56.10 , 31.8236064910 , 9.34967
56.13 , 31.9322204589 , 9.35533
56.17 , 31.9322204589 , 9.36117
56.20 , 31.9322204589 , 9.36683
56.24 , 31.9322204589 , 9.37267
56.27 , 32.0408325195 , 9.37817
56.30 , 32.0408325195 , 9.38400
56.34 , 32.0408325195 , 9.38967
56.37 , 32.1494445800 , 9.39550
56.41 , 32.0408325195 , 9.40117
56.44 , 32.1494445800 , 9.40683
56.48 , 32.1494445800 , 9.41267
56.51 , 32.1494445800 , 9.41833
56.54 , 32.1494445800 , 9.42417
56.58 , 32.1494445800 , 9.42983
56.61 , 32.1494445800 , 9.43550
56.65 , 32.2580604553 , 9.44117
56.68 , 32.2580604553 , 9.44700
56.72 , 32.2580604553 , 9.45267
56.75 , 32.3666763305 , 9.45850
56.78 , 32.3666763305 , 9.46400
56.82 , 32.3666763305 , 9.46983
56.85 , 32.4752883911 , 9.47550
56.89 , 32.4752883911 , 9.48133
56.92 , 32.4752883911 , 9.48700
56.96 , 32.4752883911 , 9.49267
56.99 , 32.4752883911 , 9.49833
57.03 , 32.5839042663 , 9.50417
57.06 , 32.5839042663 , 9.50983
57.09 , 32.5839042663 , 9.51567
57.13 , 32.6925163269 , 9.52117
57.16 , 32.6925163269 , 9.52700
57.20 , 32.6925163269 , 9.53267
57.23 , 32.6925163269 , 9.53850
57.27 , 32.8011283874 , 9.54417
57.30 , 32.8011283874 , 9.54983
57.33 , 32.8011283874 , 9.55550
57.37 , 32.8011283874 , 9.56133
57.40 , 32.8011283874 , 9.56700
57.44 , 32.8011283874 , 9.57283
57.47 , 32.9097404479 , 9.57833
57.51 , 32.8011283874 , 9.58417
57.54 , 32.9097404479 , 9.58983
57.57 , 33.0183563232 , 9.59567
57.61 , 33.0183563232 , 9.60150
57.64 , 33.0183563232 , 9.60717
57.68 , 33.0183563232 , 9.61283
57.71 , 33.1269683837 , 9.61850
57.75 , 33.1269683837 , 9.62433
57.78 , 33.1269683837 , 9.63000
57.81 , 33.1269683837 , 9.63583
57.85 , 33.2355804443 , 9.64133
57.88 , 33.1269683837 , 9.64717
57.92 , 33.2355804443 , 9.65283
57.95 , 33.2355804443 , 9.65867
57.99 , 33.2355804443 , 9.66433
58.02 , 33.2355804443 , 9.67000
58.05 , 33.3441925048 , 9.67567
58.09 , 33.3441925048 , 9.68150
58.12 , 33.3441925048 , 9.68717
58.16 , 33.3441925048 , 9.69300
58.19 , 33.3441925048 , 9.69850
58.23 , 33.3441925048 , 9.70433
58.26 , 33.4528045654 , 9.71000
58.29 , 33.4528045654 , 9.71583
58.33 , 33.5614204406 , 9.72150
58.36 , 33.4528045654 , 9.72717
58.40 , 33.5614204406 , 9.73283
58.43 , 33.5614204406 , 9.73867
58.47 , 33.5614204406 , 9.74433
58.50 , 33.5614204406 , 9.75017
58.53 , 33.6700325012 , 9.75567
58.57 , 33.6700325012 , 9.76150
58.60 , 33.6700325012 , 9.76717
58.64 , 33.7786445617 , 9.77300
58.67 , 33.7786445617 , 9.77883
58.71 , 33.7786445617 , 9.78433
58.74 , 33.7786445617 , 9.79017
58.78 , 33.7786445617 , 9.79583
58.81 , 33.7786445617 , 9.80167
58.84 , 33.8872566223 , 9.80733
58.88 , 33.8872566223 , 9.81300
58.91 , 33.9958724975 , 9.81867
58.95 , 33.9958724975 , 9.82450
58.98 , 33.8872566223 , 9.83017
59.02 , 34.1044845581 , 9.83600
59.05 , 34.1044845581 , 9.84150
59.08 , 34.1044845581 , 9.84733
59.12 , 34.1044845581 , 9.85300
59.15 , 34.1044845581 , 9.85883
59.19 , 34.1044845581 , 9.86450
59.22 , 34.2130966186 , 9.87033
59.26 , 34.2130966186 , 9.87583
59.29 , 34.2130966186 , 9.88167
59.32 , 34.2130966186 , 9.88733
59.36 , 34.2130966186 , 9.89317
59.39 , 34.3217086791 , 9.89883
59.43 , 34.3217086791 , 9.90450
59.46 , 34.4303207397 , 9.91017
59.50 , 34.4303207397 , 9.91600
59.53 , 34.5389366149 , 9.92167
59.56 , 34.4303207397 , 9.92750
59.60 , 34.4303207397 , 9.93300
59.63 , 34.5389366149 , 9.93883
59.67 , 34.5389366149 , 9.94450
59.70 , 34.5389366149 , 9.95033
59.74 , 34.5389366149 , 9.95600
59.77 , 34.5389366149 , 9.96167
59.81 , 34.6475486755 , 9.96750
59.84 , 34.6475486755 , 9.97317
59.87 , 34.6475486755 , 9.97900
59.91 , 34.7561607360 , 9.98467
59.94 , 34.6475486755 , 9.99033
59.98 , 34.7561607360 , 9.99600
60.01 , 34.8647727966 , 10.00183
60.05 , 34.7561607360 , 10.00767
60.08 , 34.8647727966 , 10.01367
60.12 , 34.8647727966 , 10.01933
60.15 , 34.8647727966 , 10.02533
60.19 , 34.8647727966 , 10.03117
60.22 , 34.9733886718 , 10.03717
60.26 , 34.9733886718 , 10.04300
60.29 , 34.9733886718 , 10.04900
60.33 , 34.9733886718 , 10.05467
60.36 , 34.9733886718 , 10.06067
60.40 , 35.0820007324 , 10.06650
60.44 , 35.1906127929 , 10.07250
60.47 , 35.0820007324 , 10.07850
60.51 , 35.0820007324 , 10.08433
60.54 , 35.1906127929 , 10.09017
60.58 , 35.1906127929 , 10.09600
60.61 , 35.1906127929 , 10.10200
60.65 , 35.2992248535 , 10.10783
60.68 , 35.1906127929 , 10.11383
60.72 , 35.1906127929 , 10.11967
60.75 , 35.2992248535 , 10.12550
60.79 , 35.2992248535 , 10.13133
60.82 , 35.2992248535 , 10.13733
60.86 , 35.4078369140 , 10.14317
60.90 , 35.4078369140 , 10.14917
60.93 , 35.4078369140 , 10.15500
60.97 , 35.4078369140 , 10.16083
61.00 , 35.4078369140 , 10.16667
61.04 , 35.5164527893 , 10.17267
61.07 , 35.6250648498 , 10.17867
61.11 , 35.6250648498 , 10.18450
61.14 , 35.6250648498 , 10.19050
61.18 , 35.6250648498 , 10.19617
61.21 , 35.6250648498 , 10.20217
61.25 , 35.7336769104 , 10.20800
61.28 , 35.7336769104 , 10.21400
61.32 , 35.7336769104 , 10.21983
61.36 , 35.7336769104 , 10.22583
61.39 , 35.7336769104 , 10.23150
61.43 , 35.8422889709 , 10.23750
61.46 , 35.9509048461 , 10.24333
61.50 , 35.8422889709 , 10.24933
61.53 , 35.9509048461 , 10.25517
61.57 , 35.8422889709 , 10.26100
61.60 , 35.9509048461 , 10.26700
61.64 , 35.9509048461 , 10.27283
61.67 , 35.9509048461 , 10.27883
61.71 , 35.9509048461 , 10.28467
61.74 , 35.9509048461 , 10.29067
61.78 , 36.0595169067 , 10.29633
61.81 , 36.1681289672 , 10.30233
61.85 , 36.1681289672 , 10.30817
61.88 , 36.1681289672 , 10.31417
61.92 , 36.1681289672 , 10.32000
61.96 , 36.1681289672 , 10.32600
61.99 , 36.1681289672 , 10.33167
62.03 , 36.2767410278 , 10.33767
62.06 , 36.2767410278 , 10.34350
62.10 , 36.3853530883 , 10.34950
62.13 , 36.3853530883 , 10.35533
62.17 , 36.3853530883 , 10.36133
62.20 , 36.3853530883 , 10.36717
62.24 , 36.4939689636 , 10.37300
62.27 , 36.4939689636 , 10.37900
62.31 , 36.4939689636 , 10.38483
62.35 , 36.6025810241 , 10.39083
62.38 , 36.6025810241 , 10.39667
62.42 , 36.6025810241 , 10.40250
62.45 , 36.6025810241 , 10.40833
62.49 , 36.6025810241 , 10.41433
62.52 , 36.7111930847 , 10.42017
62.56 , 36.7111930847 , 10.42617
62.59 , 36.7111930847 , 10.43200
62.63 , 36.7111930847 , 10.43783
62.66 , 36.8198051452 , 10.44367
62.70 , 36.8198051452 , 10.44967
62.73 , 36.8198051452 , 10.45567
62.77 , 36.8198051452 , 10.46150
62.80 , 36.9284210205 , 10.46733
62.84 , 36.9284210205 , 10.47317
62.88 , 36.9284210205 , 10.47917
62.91 , 36.9284210205 , 10.48500
62.95 , 37.0370330810 , 10.49100
62.98 , 36.9284210205 , 10.49683
63.02 , 37.0370330810 , 10.50267
63.05 , 37.0370330810 , 10.50850
63.09 , 37.0370330810 , 10.51450
63.12 , 37.0370330810 , 10.52033
63.16 , 37.1456451416 , 10.52633
63.19 , 37.1456451416 , 10.53217
63.23 , 37.0370330810 , 10.53800
63.26 , 37.2542572021 , 10.54383
63.30 , 37.1456451416 , 10.54983
63.34 , 37.2542572021 , 10.55583
63.37 , 37.2542572021 , 10.56167
63.41 , 37.3628692626 , 10.56767
63.44 , 37.3628692626 , 10.57333
63.48 , 37.3628692626 , 10.57933
63.51 , 37.3628692626 , 10.58517
63.55 , 37.3628692626 , 10.59117
63.58 , 37.4714851379 , 10.59700
63.62 , 37.5800971984 , 10.60300
63.65 , 37.4714851379 , 10.60867
63.69 , 37.4714851379 , 10.61467
63.72 , 37.4714851379 , 10.62050
63.76 , 37.5800971984 , 10.62650
63.79 , 37.5800971984 , 10.63233
63.83 , 37.5800971984 , 10.63833
63.87 , 37.6887092590 , 10.64417
63.90 , 37.5800971984 , 10.65000
63.94 , 37.6887092590 , 10.65600
63.97 , 37.6887092590 , 10.66183
64.01 , 37.7973213195 , 10.66783
64.04 , 37.7973213195 , 10.67350
64.08 , 37.7973213195 , 10.67950
64.11 , 37.7973213195 , 10.68533
64.15 , 37.9059410095 , 10.69133
64.18 , 37.9059410095 , 10.69717
64.22 , 38.0145530700 , 10.70317
64.25 , 37.9059410095 , 10.70883
64.29 , 38.1231651306 , 10.71483
64.32 , 38.0145530700 , 10.72067
64.36 , 38.0145530700 , 10.72667
64.39 , 38.0145530700 , 10.73250
64.43 , 38.1231651306 , 10.73850
64.47 , 38.0145530700 , 10.74433
64.50 , 38.1231651306 , 10.75017
64.54 , 38.1231651306 , 10.75617
64.57 , 38.2317810058 , 10.76200
64.61 , 38.2317810058 , 10.76800
64.64 , 38.2317810058 , 10.77383
64.68 , 38.2317810058 , 10.77967
64.71 , 38.3403930664 , 10.78550
64.75 , 38.3403930664 , 10.79150
64.78 , 38.3403930664 , 10.79733
64.82 , 38.4490051269 , 10.80333
64.86 , 38.3403930664 , 10.80917
64.89 , 38.4490051269 , 10.81500
64.93 , 38.4490051269 , 10.82083
64.96 , 38.4490051269 , 10.82683
65.00 , 38.5576171875 , 10.83283
65.03 , 38.5576171875 , 10.83867
65.07 , 38.5576171875 , 10.84467
65.10 , 38.5576171875 , 10.85033
65.14 , 38.6662292480 , 10.85633
65.17 , 38.6662292480 , 10.86217
65.21 , 38.6662292480 , 10.86817
65.24 , 38.6662292480 , 10.87400
65.28 , 38.7748451232 , 10.88000
65.31 , 38.7748451232 , 10.88567
65.35 , 38.8834571838 , 10.89167
65.38 , 38.7748451232 , 10.89750
65.42 , 38.7748451232 , 10.90350
65.46 , 38.7748451232 , 10.90933
65.49 , 38.8834571838 , 10.91517
65.53 , 38.8834571838 , 10.92100
65.56 , 38.8834571838 , 10.92700
65.60 , 38.8834571838 , 10.93300
65.63 , 38.9920692443 , 10.93883
65.67 , 39.1006813049 , 10.94483
65.70 , 39.1006813049 , 10.95050
65.74 , 39.1006813049 , 10.95650
65.77 , 39.1006813049 , 10.96233
65.81 , 39.1006813049 , 10.96833
65.84 , 39.1006813049 , 10.97417
65.88 , 39.2092971801 , 10.98017
65.91 , 39.2092971801 , 10.98583
65.95 , 39.1006813049 , 10.99183
65.99 , 39.2092971801 , 10.99767
66.02 , 39.3179092407 , 11.00367
66.06 , 39.3179092407 , 11.00950
66.09 , 39.3179092407 , 11.01550
66.13 , 39.3179092407 , 11.02133
66.16 , 39.3179092407 , 11.02717
66.20 , 39.3179092407 , 11.03317
66.23 , 39.4265213012 , 11.03900
66.27 , 39.4265213012 , 11.04500
66.30 , 39.5351333618 , 11.05083
66.34 , 39.5351333618 , 11.05667
66.37 , 39.6437454223 , 11.06250
66.41 , 39.5351333618 , 11.06850
66.45 , 39.6437454223 , 11.07433
66.48 , 39.6437454223 , 11.08033
66.52 , 39.6437454223 , 11.08600
66.55 , 39.6437454223 , 11.09200
66.59 , 39.7523612976 , 11.09783
66.62 , 39.7523612976 , 11.10383
66.66 , 39.7523612976 , 11.10967
66.69 , 39.7523612976 , 11.11567
66.73 , 39.8609733581 , 11.12150
66.76 , 39.8609733581 , 11.12733
66.80 , 39.8609733581 , 11.13333
66.83 , 39.8609733581 , 11.13917
66.87 , 39.9695854187 , 11.14517
66.91 , 39.9695854187 , 11.15100
66.94 , 39.9695854187 , 11.15683
66.98 , 39.9695854187 , 11.16267
67.01 , 40.0781974792 , 11.16867
67.05 , 40.0781974792 , 11.17450
67.08 , 40.0781974792 , 11.18050
67.12 , 40.1868133544 , 11.18633
67.15 , 40.1868133544 , 11.19217
67.19 , 40.1868133544 , 11.19800
67.22 , 40.2954254150 , 11.20400
67.26 , 40.1868133544 , 11.21000
67.29 , 40.2954254150 , 11.21583
67.33 , 40.1868133544 , 11.22183
67.36 , 40.2954254150 , 11.22750
67.40 , 40.2954254150 , 11.23350
67.44 , 40.2954254150 , 11.23933
67.47 , 40.4040374755 , 11.24533
67.51 , 40.4040374755 , 11.25117
67.54 , 40.4040374755 , 11.25717
67.58 , 40.5126495361 , 11.26283
67.61 , 40.6212615966 , 11.26883
67.65 , 40.5126495361 , 11.27467
67.68 , 40.5126495361 , 11.28067
67.72 , 40.6212615966 , 11.28650
67.75 , 40.6212615966 , 11.29250
67.79 , 40.6212615966 , 11.29817
67.82 , 40.7298774719 , 11.30417
67.86 , 40.6212615966 , 11.31017
67.90 , 40.6212615966 , 11.31600
67.93 , 40.7298774719 , 11.32200
67.97 , 40.7298774719 , 11.32767
68.00 , 40.7298774719 , 11.33367
68.04 , 40.8384895324 , 11.33950
68.07 , 40.8384895324 , 11.34550
68.11 , 40.7298774719 , 11.35133
68.14 , 40.8384895324 , 11.35733
68.18 , 40.9471015930 , 11.36300
68.21 , 40.9471015930 , 11.36900
68.25 , 40.9471015930 , 11.37483
68.29 , 40.9471015930 , 11.38083
68.32 , 41.0557136535 , 11.38667
68.36 , 41.0557136535 , 11.39267
68.39 , 41.1643295288 , 11.39850
68.43 , 41.0557136535 , 11.40433
68.46 , 41.0557136535 , 11.41033
68.50 , 41.1643295288 , 11.41617
68.53 , 41.1643295288 , 11.42217
68.57 , 41.0557136535 , 11.42800
68.60 , 41.1643295288 , 11.43383
68.64 , 41.2729415893 , 11.43967
68.67 , 41.2729415893 , 11.44567
68.71 , 41.2729415893 , 11.45150
68.75 , 41.2729415893 , 11.45750
68.78 , 41.3815536499 , 11.46333
68.81 , 41.2729415893 , 11.46917
68.85 , 41.4901657104 , 11.47500
68.89 , 41.3815536499 , 11.48100
68.92 , 41.4901657104 , 11.48683
68.96 , 41.5987777709 , 11.49283
68.99 , 41.4901657104 , 11.49883
69.03 , 41.5987777709 , 11.50450
69.06 , 41.5987777709 , 11.51050
69.10 , 41.5987777709 , 11.51633
69.13 , 41.7073936462 , 11.52233
69.17 , 41.7073936462 , 11.52817
69.20 , 41.8160057067 , 11.53400
69.24 , 41.8160057067 , 11.53983
69.27 , 41.8160057067 , 11.54583
69.31 , 41.8160057067 , 11.55167
69.35 , 41.9246177673 , 11.55767
69.38 , 41.9246177673 , 11.56350
69.42 , 41.9246177673 , 11.56933
69.45 , 41.9246177673 , 11.57517
69.49 , 41.9246177673 , 11.58117
69.52 , 41.9246177673 , 11.58717
69.56 , 42.0332298278 , 11.59300
69.59 , 42.0332298278 , 11.59900
69.63 , 42.0332298278 , 11.60467
69.66 , 42.1418457031 , 11.61067
69.70 , 42.0332298278 , 11.61650
69.73 , 42.1418457031 , 11.62250
69.77 , 42.2504577636 , 11.62833
69.81 , 42.1418457031 , 11.63433
69.84 , 42.1418457031 , 11.64000
69.88 , 42.2504577636 , 11.64600
69.91 , 42.2504577636 , 11.65183
69.95 , 42.3590698242 , 11.65783
69.98 , 42.3590698242 , 11.66367
70.02 , 42.3590698242 , 11.66967
70.05 , 42.2504577636 , 11.67533
70.09 , 42.4676818847 , 11.68133
70.12 , 42.4676818847 , 11.68733
70.16 , 42.4676818847 , 11.69317
70.19 , 42.4676818847 , 11.69917
70.23 , 42.5762939453 , 11.70500
70.26 , 42.5762939453 , 11.71083
70.30 , 42.5762939453 , 11.71667
70.34 , 42.6849098205 , 11.72267
70.37 , 42.5762939453 , 11.72850
70.41 , 42.5762939453 , 11.73450
70.44 , 42.6849098205 , 11.74017
70.48 , 42.6849098205 , 11.74617
70.51 , 42.6849098205 , 11.75200
70.55 , 42.7935218811 , 11.75800
70.58 , 42.7935218811 , 11.76383
70.62 , 42.7935218811 , 11.76983
70.65 , 42.7935218811 , 11.77567
70.69 , 42.7935218811 , 11.78150
70.72 , 42.7935218811 , 11.78750
70.76 , 42.9021339416 , 11.79333
70.80 , 43.0107460021 , 11.79933
70.83 , 42.9021339416 , 11.80517
70.87 , 43.0107460021 , 11.81100
70.90 , 43.0107460021 , 11.81683
70.94 , 42.9021339416 , 11.82283
70.97 , 43.1193580627 , 11.82867
71.01 , 43.1193580627 , 11.83467
71.04 , 43.1193580627 , 11.84050
71.08 , 43.1193580627 , 11.84633
71.11 , 43.1193580627 , 11.85217
71.15 , 43.2279739379 , 11.85817
71.18 , 43.2279739379 , 11.86400
71.22 , 43.3365859985 , 11.87000
71.26 , 43.2279739379 , 11.87600
71.29 , 43.3365859985 , 11.88167
71.33 , 43.4452056884 , 11.88767
71.36 , 43.3365859985 , 11.89350
71.40 , 43.4452056884 , 11.89950
71.43 , 43.4452056884 , 11.90533
71.47 , 43.4452056884 , 11.91133
71.50 , 43.4452056884 , 11.91700
71.54 , 43.5538177490 , 11.92300
71.57 , 43.5538177490 , 11.92883
71.61 , 43.5538177490 , 11.93483
71.64 , 43.6624298095 , 11.94067
71.68 , 43.6624298095 , 11.94667
71.71 , 43.7710418701 , 11.95233
71.75 , 43.7710418701 , 11.95833
71.79 , 43.7710418701 , 11.96433
71.82 , 43.7710418701 , 11.97017
71.86 , 43.7710418701 , 11.97617
71.89 , 43.8796539306 , 11.98183
71.93 , 43.8796539306 , 11.98783
71.96 , 43.9882698059 , 11.99367
72.00 , 43.8796539306 , 11.99967
72.03 , 43.9882698059 , 12.00550
72.07 , 43.9882698059 , 12.01150
72.10 , 43.9882698059 , 12.01717
72.14 , 44.0968818664 , 12.02317
72.17 , 43.9882698059 , 12.02900
72.21 , 44.0968818664 , 12.03500
72.25 , 44.0968818664 , 12.04083
72.28 , 44.2054939270 , 12.04683
72.31 , 44.2054939270 , 12.05250
72.35 , 44.2054939270 , 12.05850
72.39 , 44.2054939270 , 12.06450
72.42 , 44.2054939270 , 12.07033
72.46 , 44.3141059875 , 12.07633
72.49 , 44.3141059875 , 12.08217
72.53 , 44.2054939270 , 12.08800
72.56 , 44.3141059875 , 12.09383
72.60 , 44.4227218627 , 12.09983
72.63 , 44.4227218627 , 12.10567
72.67 , 44.3141059875 , 12.11167
72.70 , 44.4227218627 , 12.11750
72.74 , 44.4227218627 , 12.12333
72.77 , 44.4227218627 , 12.12917
72.81 , 44.5313339233 , 12.13517
72.85 , 44.5313339233 , 12.14100
72.88 , 44.5313339233 , 12.14700
72.92 , 44.5313339233 , 12.15300
72.95 , 44.6399459838 , 12.15867
72.99 , 44.5313339233 , 12.16467
73.02 , 44.6399459838 , 12.17050
73.06 , 44.6399459838 , 12.17650
73.09 , 44.6399459838 , 12.18233
73.13 , 44.7485580444 , 12.18817
73.16 , 44.8571701049 , 12.19400
73.20 , 44.8571701049 , 12.20000
73.23 , 44.8571701049 , 12.20583
73.27 , 44.8571701049 , 12.21183
73.31 , 44.8571701049 , 12.21767
73.34 , 44.9657859802 , 12.22350
73.38 , 44.9657859802 , 12.22933
73.41 , 44.9657859802 , 12.23533
73.45 , 44.9657859802 , 12.24117
73.48 , 45.0743980407 , 12.24717
73.52 , 45.0743980407 , 12.25317
73.55 , 45.0743980407 , 12.25883
73.59 , 45.1830101013 , 12.26483
73.62 , 45.1830101013 , 12.27067
73.66 , 45.1830101013 , 12.27667
73.69 , 45.1830101013 , 12.28250
73.73 , 45.2916221618 , 12.28850
73.76 , 45.2916221618 , 12.29417
73.80 , 45.2916221618 , 12.30017
73.84 , 45.1830101013 , 12.30600
73.87 , 45.4002380371 , 12.31200
73.91 , 45.4002380371 , 12.31783
73.94 , 45.4002380371 , 12.32383
73.98 , 45.4002380371 , 12.32950
74.01 , 45.4002380371 , 12.33550
74.05 , 45.5088500976 , 12.34150
74.08 , 45.6174621582 , 12.34733
74.12 , 45.5088500976 , 12.35333
74.15 , 45.6174621582 , 12.35917
74.19 , 45.6174621582 , 12.36500
74.22 , 45.6174621582 , 12.37083
74.26 , 45.7260742187 , 12.37683
74.30 , 45.7260742187 , 12.38267
74.33 , 45.7260742187 , 12.38867
74.37 , 45.8346862792 , 12.39433
74.40 , 45.8346862792 , 12.40033
74.44 , 45.7260742187 , 12.40617
74.47 , 45.8346862792 , 12.41217
74.51 , 45.8346862792 , 12.41800
74.54 , 45.8346862792 , 12.42400
74.58 , 45.9433021545 , 12.42967
74.61 , 45.9433021545 , 12.43567
74.65 , 46.0519142150 , 12.44167
74.68 , 45.9433021545 , 12.44750
74.72 , 46.0519142150 , 12.45350
74.76 , 46.0519142150 , 12.45933
74.79 , 46.0519142150 , 12.46517
74.83 , 46.1605262756 , 12.47100
74.86 , 46.1605262756 , 12.47700
74.90 , 46.1605262756 , 12.48283
74.93 , 46.1605262756 , 12.48883
74.97 , 46.1605262756 , 12.49467
75.00 , 46.1605262756 , 12.50050
75.04 , 46.1605262756 , 12.50633
75.07 , 46.2691383361 , 12.51233
75.11 , 46.2691383361 , 12.51817
75.14 , 46.2691383361 , 12.52417
75.18 , 46.3777542114 , 12.53017
75.21 , 46.4863662719 , 12.53583
75.25 , 46.3777542114 , 12.54183
75.29 , 46.3777542114 , 12.54767
75.32 , 46.4863662719 , 12.55367
75.36 , 46.4863662719 , 12.55950
75.39 , 46.5949783325 , 12.56550
75.43 , 46.5949783325 , 12.57117
75.46 , 46.5949783325 , 12.57717
75.50 , 46.4863662719 , 12.58300
75.53 , 46.5949783325 , 12.58900
75.57 , 46.7035903930 , 12.59483
75.60 , 46.7035903930 , 12.60067
75.64 , 46.7035903930 , 12.60650
75.68 , 46.8122024536 , 12.61250
75.71 , 46.7035903930 , 12.61833
75.75 , 46.8122024536 , 12.62433
75.78 , 46.8122024536 , 12.63033
75.82 , 46.8122024536 , 12.63600
75.85 , 46.9208183288 , 12.64200
75.89 , 46.9208183288 , 12.64783
75.92 , 46.9208183288 , 12.65383
75.96 , 47.0294303894 , 12.65967
75.99 , 47.0294303894 , 12.66567
76.03 , 47.0294303894 , 12.67133
76.06 , 47.1380424499 , 12.67733
76.10 , 47.0294303894 , 12.68317
76.13 , 47.1380424499 , 12.68917
76.17 , 47.1380424499 , 12.69500
76.21 , 47.2466545104 , 12.70100
76.24 , 47.1380424499 , 12.70667
76.28 , 47.1380424499 , 12.71267
76.31 , 47.2466545104 , 12.71867
76.35 , 47.3552703857 , 12.72450
76.38 , 47.3552703857 , 12.73050
76.42 , 47.4638824462 , 12.73633
76.45 , 47.3552703857 , 12.74217
76.49 , 47.3552703857 , 12.74800
76.52 , 47.4638824462 , 12.75400
76.56 , 47.4638824462 , 12.75983
76.59 , 47.4638824462 , 12.76583
76.63 , 47.4638824462 , 12.77167
76.66 , 47.5724945068 , 12.77750
76.70 , 47.5724945068 , 12.78333
76.74 , 47.5724945068 , 12.78933
76.77 , 47.5724945068 , 12.79517
76.81 , 47.6811065673 , 12.80117
76.84 , 47.5724945068 , 12.80683
76.88 , 47.6811065673 , 12.81283
76.91 , 47.6811065673 , 12.81883
76.95 , 47.7897186279 , 12.82467
76.98 , 47.7897186279 , 12.83067
77.02 , 47.8983345031 , 12.83650
77.05 , 47.8983345031 , 12.84233
77.09 , 47.7897186279 , 12.84817
77.12 , 47.8983345031 , 12.85417
77.16 , 47.8983345031 , 12.86000
77.20 , 48.0069465637 , 12.86600
77.23 , 48.0069465637 , 12.87183
77.27 , 48.0069465637 , 12.87767
77.30 , 48.1155586242 , 12.88350
77.34 , 48.0069465637 , 12.88950
77.37 , 48.0069465637 , 12.89533
77.41 , 48.1155586242 , 12.90133
77.44 , 48.1155586242 , 12.90733
77.48 , 48.2241706848 , 12.91300
77.51 , 48.2241706848 , 12.91900
77.55 , 48.2241706848 , 12.92483
77.58 , 48.2241706848 , 12.93083
77.62 , 48.2241706848 , 12.93667
77.66 , 48.3327827453 , 12.94267
77.69 , 48.3327827453 , 12.94833
77.73 , 48.3327827453 , 12.95433
77.76 , 48.3327827453 , 12.96017
77.80 , 48.4413986206 , 12.96617
77.83 , 48.4413986206 , 12.97200
77.87 , 48.4413986206 , 12.97800
77.90 , 48.4413986206 , 12.98367
77.94 , 48.5500106811 , 12.98967
77.97 , 48.5500106811 , 12.99550
78.01 , 48.5500106811 , 13.00150
78.04 , 48.5500106811 , 13.00750
78.08 , 48.6586227416 , 13.01333
78.11 , 48.6586227416 , 13.01917
78.15 , 48.6586227416 , 13.02500
78.19 , 48.7672348022 , 13.03100
78.22 , 48.6586227416 , 13.03683
78.26 , 48.7672348022 , 13.04283
78.29 , 48.7672348022 , 13.04850
78.33 , 48.7672348022 , 13.05450
78.36 , 48.8758506774 , 13.06033
78.40 , 48.8758506774 , 13.06633
78.43 , 48.8758506774 , 13.07217
78.47 , 48.8758506774 , 13.07817
78.50 , 48.9844665527 , 13.08383
78.54 , 48.9844665527 , 13.08983
78.57 , 48.9844665527 , 13.09583
78.61 , 48.9844665527 , 13.10167
78.65 , 49.0930786132 , 13.10767
78.68 , 49.0930786132 , 13.11350
78.72 , 49.0930786132 , 13.11933
78.75 , 49.2016944885 , 13.12517
78.79 , 49.2016944885 , 13.13117
78.82 , 49.3103065490 , 13.13700
78.86 , 49.2016944885 , 13.14300
78.89 , 49.3103065490 , 13.14883
78.93 , 49.3103065490 , 13.15467
78.96 , 49.3103065490 , 13.16050
79.00 , 49.4189186096 , 13.16650
79.03 , 49.3103065490 , 13.17233
79.07 , 49.5275306701 , 13.17833
79.11 , 49.4189186096 , 13.18417
79.14 , 49.5275306701 , 13.19000
79.18 , 49.5275306701 , 13.19600
79.21 , 49.5275306701 , 13.20183
79.25 , 49.5275306701 , 13.20783
79.28 , 49.5275306701 , 13.21367
79.32 , 49.6361465454 , 13.21967
79.35 , 49.6361465454 , 13.22533
79.39 , 49.7447586059 , 13.23133
79.42 , 49.7447586059 , 13.23717
79.46 , 49.7447586059 , 13.24317
79.49 , 49.7447586059 , 13.24900
79.53 , 49.7447586059 , 13.25483
79.56 , 49.8533706665 , 13.26067
79.60 , 49.8533706665 , 13.26667
79.63 , 49.8533706665 , 13.27250
79.67 , 49.8533706665 , 13.27850
79.71 , 49.8533706665 , 13.28450
79.74 , 49.8533706665 , 13.29017
79.78 , 49.9619827270 , 13.29617
79.81 , 50.0705947875 , 13.30200
79.85 , 50.0705947875 , 13.30800
79.88 , 49.9619827270 , 13.31383
79.92 , 50.0705947875 , 13.31983
79.95 , 50.0705947875 , 13.32550
79.99 , 50.1792106628 , 13.33150
80.02 , 50.0705947875 , 13.33733
80.06 , 50.1792106628 , 13.34333
80.09 , 50.1792106628 , 13.34917
80.13 , 50.1792106628 , 13.35517
80.16 , 50.2878227233 , 13.36083
80.20 , 50.2878227233 , 13.36683
80.24 , 50.2878227233 , 13.37267
80.27 , 50.2878227233 , 13.37867
80.31 , 50.2878227233 , 13.38467
80.34 , 50.3964347839 , 13.39050
80.38 , 50.3964347839 , 13.39633
80.41 , 50.3964347839 , 13.40217
80.45 , 50.3964347839 , 13.40817
80.48 , 50.5050468444 , 13.41400
80.52 , 50.5050468444 , 13.42000
80.55 , 50.6136627197 , 13.42583
80.59 , 50.6136627197 , 13.43167
80.62 , 50.6136627197 , 13.43750
80.66 , 50.6136627197 , 13.44350
80.70 , 50.6136627197 , 13.44933
80.73 , 50.7222747802 , 13.45533
80.77 , 50.7222747802 , 13.46100
80.80 , 50.7222747802 , 13.46700
80.84 , 50.8308868408 , 13.47300
80.87 , 50.8308868408 , 13.47883
80.91 , 50.8308868408 , 13.48483
80.94 , 50.8308868408 , 13.49067
80.98 , 50.8308868408 , 13.49650
81.01 , 50.9394989013 , 13.50233
81.05 , 51.0481109619 , 13.50833
81.08 , 50.9394989013 , 13.51417
81.12 , 51.0481109619 , 13.52017
81.16 , 51.0481109619 , 13.52600
81.19 , 51.0481109619 , 13.53183
81.23 , 51.0481109619 , 13.53767
81.26 , 51.1567268371 , 13.54367
81.30 , 51.1567268371 , 13.54950
81.33 , 51.2653388977 , 13.55550
81.37 , 51.2653388977 , 13.56133
81.40 , 51.2653388977 , 13.56717
81.44 , 51.2653388977 , 13.57317
81.47 , 51.2653388977 , 13.57900
81.51 , 51.2653388977 , 13.58500
81.54 , 51.3739509582 , 13.59083
81.58 , 51.3739509582 , 13.59683
81.61 , 51.3739509582 , 13.60250
81.65 , 51.4825630187 , 13.60850
81.69 , 51.4825630187 , 13.61433
81.72 , 51.3739509582 , 13.62033
81.76 , 51.5911788940 , 13.62617
81.79 , 51.4825630187 , 13.63217
81.83 , 51.5911788940 , 13.63783
81.86 , 51.5911788940 , 13.64383
81.90 , 51.5911788940 , 13.64967
81.93 , 51.6997909545 , 13.65567
81.97 , 51.6997909545 , 13.66167
82.00 , 51.6997909545 , 13.66733
82.04 , 51.6997909545 , 13.67333
82.07 , 51.6997909545 , 13.67917
82.11 , 51.6997909545 , 13.68517
82.15 , 51.8084030151 , 13.69100
82.18 , 51.8084030151 , 13.69700
82.22 , 51.8084030151 , 13.70267
82.25 , 51.8084030151 , 13.70867
82.29 , 51.8084030151 , 13.71450
82.32 , 51.9170150756 , 13.72050
82.36 , 52.0256271362 , 13.72633
82.39 , 51.9170150756 , 13.73233
82.43 , 51.9170150756 , 13.73800
82.46 , 52.0256271362 , 13.74400
82.50 , 52.0256271362 , 13.74983
82.54 , 52.1342430114 , 13.75583
82.57 , 52.1342430114 , 13.76183
82.61 , 52.1342430114 , 13.76767
82.64 , 52.1342430114 , 13.77350
82.68 , 52.2428550720 , 13.77933
82.71 , 52.2428550720 , 13.78533
82.75 , 52.2428550720 , 13.79117
82.78 , 52.2428550720 , 13.79717
82.82 , 52.3514671325 , 13.80300
82.85 , 52.3514671325 , 13.80883
82.89 , 52.3514671325 , 13.81467
82.92 , 52.3514671325 , 13.82067
82.96 , 52.3514671325 , 13.82650
83.00 , 52.4600791931 , 13.83250
83.03 , 52.4600791931 , 13.83833
83.06 , 52.5686950683 , 13.84417
83.10 , 52.5686950683 , 13.85017
83.14 , 52.6773071289 , 13.85600
83.17 , 52.5686950683 , 13.86200
83.21 , 52.5686950683 , 13.86783
83.24 , 52.6773071289 , 13.87383
83.28 , 52.6773071289 , 13.87950
83.31 , 52.5686950683 , 13.88550
83.35 , 52.6773071289 , 13.89133
83.38 , 52.6773071289 , 13.89733
83.42 , 52.7859191894 , 13.90317
83.45 , 52.7859191894 , 13.90900
83.49 , 52.7859191894 , 13.91483
83.52 , 52.7859191894 , 13.92083
83.56 , 52.8945312500 , 13.92667
83.60 , 52.8945312500 , 13.93267
83.63 , 53.0031433105 , 13.93850
83.67 , 53.1117591857 , 13.94433
83.70 , 53.0031433105 , 13.95033
83.74 , 53.0031433105 , 13.95617
83.77 , 53.0031433105 , 13.96217
83.81 , 53.1117591857 , 13.96800
83.84 , 53.1117591857 , 13.97400
83.88 , 53.2203712463 , 13.97967
83.91 , 53.2203712463 , 13.98567
83.95 , 53.2203712463 , 13.99150
83.98 , 53.2203712463 , 13.99750
84.02 , 53.3289833068 , 14.00333
84.06 , 53.3289833068 , 14.00933
84.09 , 53.3289833068 , 14.01500
84.13 , 53.3289833068 , 14.02100
84.16 , 53.3289833068 , 14.02683
84.20 , 53.3289833068 , 14.03283
84.23 , 53.4375953674 , 14.03883
84.27 , 53.4375953674 , 14.04467
84.30 , 53.5462074279 , 14.05050
84.34 , 53.5462074279 , 14.05633
84.37 , 53.5462074279 , 14.06233
84.41 , 53.5462074279 , 14.06817
84.44 , 53.5462074279 , 14.07417
84.48 , 53.5462074279 , 14.08000
84.51 , 53.6548233032 , 14.08583
84.55 , 53.6548233032 , 14.09167
84.59 , 53.6548233032 , 14.09767
84.62 , 53.6548233032 , 14.10350
84.66 , 53.6548233032 , 14.10950
84.69 , 53.7634353637 , 14.11517
84.73 , 53.7634353637 , 14.12117
84.76 , 53.7634353637 , 14.12700
84.80 , 53.8720474243 , 14.13300
84.83 , 53.7634353637 , 14.13900
84.87 , 53.8720474243 , 14.14483
84.90 , 53.9806594848 , 14.15067
84.94 , 53.9806594848 , 14.15650
84.97 , 53.9806594848 , 14.16250
85.01 , 53.9806594848 , 14.16833
85.05 , 54.0892753601 , 14.17433
85.08 , 54.0892753601 , 14.18017
85.12 , 54.0892753601 , 14.18600
85.15 , 54.0892753601 , 14.19183
85.19 , 54.1978874206 , 14.19783
85.22 , 54.0892753601 , 14.20367
85.26 , 54.0892753601 , 14.20967
85.29 , 54.1978874206 , 14.21550
85.33 , 54.3064994812 , 14.22133
85.36 , 54.3064994812 , 14.22733
85.40 , 54.3064994812 , 14.23317
85.43 , 54.4151115417 , 14.23917
85.47 , 54.4151115417 , 14.24500
85.51 , 54.4151115417 , 14.25100
85.54 , 54.4151115417 , 14.25667
85.58 , 54.4151115417 , 14.26267
85.61 , 54.5237236022 , 14.26850
85.65 , 54.5237236022 , 14.27450
85.68 , 54.5237236022 , 14.28033
85.72 , 54.5237236022 , 14.28633
85.75 , 54.6323432922 , 14.29200
85.79 , 54.6323432922 , 14.29800
85.82 , 54.7409553527 , 14.30383
85.86 , 54.6323432922 , 14.30983
85.89 , 54.7409553527 , 14.31567
85.93 , 54.7409553527 , 14.32150
85.96 , 54.7409553527 , 14.32750
86.00 , 54.8495712280 , 14.33333
86.04 , 54.8495712280 , 14.33933
86.07 , 54.9581832885 , 14.34517
86.11 , 54.9581832885 , 14.35117
86.14 , 54.8495712280 , 14.35683
86.18 , 55.0667953491 , 14.36283
86.21 , 54.9581832885 , 14.36867
86.25 , 55.0667953491 , 14.37467
86.28 , 55.0667953491 , 14.38050
86.32 , 55.0667953491 , 14.38650
86.35 , 55.0667953491 , 14.39217
86.39 , 55.1754074096 , 14.39817
86.42 , 55.0667953491 , 14.40400
86.46 , 55.1754074096 , 14.41000
86.50 , 55.1754074096 , 14.41600
86.53 , 55.1754074096 , 14.42183
86.57 , 55.2840194702 , 14.42767
86.60 , 55.1754074096 , 14.43350
86.64 , 55.1754074096 , 14.43950
86.67 , 55.2840194702 , 14.44533
86.71 , 55.2840194702 , 14.45133
86.74 , 55.2840194702 , 14.45717
86.78 , 55.2840194702 , 14.46300
86.81 , 55.3926353454 , 14.46883
86.85 , 55.3926353454 , 14.47483
86.88 , 55.3926353454 , 14.48067
86.92 , 55.3926353454 , 14.48667
86.95 , 55.5012474060 , 14.49250
86.99 , 55.5012474060 , 14.49833
87.02 , 55.6098594665 , 14.50417
87.06 , 55.6098594665 , 14.51017
87.10 , 55.5012474060 , 14.51617
87.13 , 55.6098594665 , 14.52200
87.17 , 55.6098594665 , 14.52800
87.20 , 55.7184715270 , 14.53367
87.24 , 55.7184715270 , 14.53967
87.27 , 55.7184715270 , 14.54550
87.31 , 55.7184715270 , 14.55150
87.34 , 55.8270874023 , 14.55733
87.38 , 55.8270874023 , 14.56317
87.41 , 55.8270874023 , 14.56900
87.45 , 55.8270874023 , 14.57500
87.48 , 55.8270874023 , 14.58083
87.52 , 55.9356994628 , 14.58683
87.56 , 55.9356994628 , 14.59267
87.59 , 56.0443115234 , 14.59850
87.63 , 55.9356994628 , 14.60450
87.66 , 56.0443115234 , 14.61033
87.70 , 56.0443115234 , 14.61633
87.73 , 56.0443115234 , 14.62217
87.77 , 56.1529235839 , 14.62817
87.80 , 56.1529235839 , 14.63383
87.84 , 56.1529235839 , 14.63983
87.87 , 56.1529235839 , 14.64567
87.91 , 56.1529235839 , 14.65167
87.94 , 56.2615356445 , 14.65750
87.98 , 56.2615356445 , 14.66350
88.01 , 56.3701515197 , 14.66917
88.05 , 56.3701515197 , 14.67517
88.09 , 56.3701515197 , 14.68100
88.12 , 56.3701515197 , 14.68700
88.16 , 56.3701515197 , 14.69283
88.19 , 56.3701515197 , 14.69883
88.23 , 56.4787635803 , 14.70467
88.26 , 56.5873756408 , 14.71050
88.30 , 56.4787635803 , 14.71650
88.33 , 56.5873756408 , 14.72233
88.37 , 56.5873756408 , 14.72833
88.40 , 56.6959877014 , 14.73400
88.44 , 56.5873756408 , 14.74000
88.47 , 56.6959877014 , 14.74583
88.51 , 56.6959877014 , 14.75183
88.55 , 56.6959877014 , 14.75767
88.58 , 56.6959877014 , 14.76367
88.62 , 56.8046035766 , 14.76933
88.65 , 56.8046035766 , 14.77533
88.69 , 56.8046035766 , 14.78117
88.72 , 56.8046035766 , 14.78717
88.76 , 56.9132156372 , 14.79317
88.79 , 56.9132156372 , 14.79900
88.83 , 56.9132156372 , 14.80483
88.86 , 57.0218276977 , 14.81067
88.90 , 57.0218276977 , 14.81667
88.93 , 57.0218276977 , 14.82250
88.97 , 57.1304397583 , 14.82850
89.01 , 57.0218276977 , 14.83433
89.04 , 57.1304397583 , 14.84017
89.08 , 57.2390518188 , 14.84600
89.11 , 57.1304397583 , 14.85200
89.15 , 57.2390518188 , 14.85783
89.18 , 57.1304397583 , 14.86383
89.22 , 57.2390518188 , 14.86967
89.25 , 57.2390518188 , 14.87550
89.29 , 57.3476676940 , 14.88133
89.32 , 57.2390518188 , 14.88733
89.36 , 57.3476676940 , 14.89333
89.39 , 57.3476676940 , 14.89917
89.43 , 57.3476676940 , 14.90517
89.46 , 57.3476676940 , 14.91083
89.50 , 57.4562797546 , 14.91683
89.54 , 57.4562797546 , 14.92267
89.57 , 57.4562797546 , 14.92867
89.61 , 57.5648918151 , 14.93450
89.64 , 57.5648918151 , 14.94050
89.68 , 57.5648918151 , 14.94617
89.71 , 57.5648918151 , 14.95217
89.75 , 57.5648918151 , 14.95800
89.78 , 57.5648918151 , 14.96400
89.82 , 57.6735038757 , 14.96983
89.85 , 57.6735038757 , 14.97567
89.89 , 57.7821197509 , 14.98167
89.93 , 57.7821197509 , 14.98750
89.96 , 57.7821197509 , 14.99350
90.00 , 57.7821197509 , 14.99933
90.03 , 57.8907318115 , 15.00533
90.07 , 57.8907318115 , 15.01100
90.10 , 57.8907318115 , 15.01700
90.14 , 57.8907318115 , 15.02283
90.17 , 57.9993438720 , 15.02883
90.21 , 57.8907318115 , 15.03467
90.24 , 57.9993438720 , 15.04067
90.28 , 58.1079559326 , 15.04633
90.31 , 58.1079559326 , 15.05233
90.35 , 58.1079559326 , 15.05817
90.38 , 58.2165679931 , 15.06417
90.42 , 58.1079559326 , 15.07000
90.46 , 58.2165679931 , 15.07600
90.49 , 58.2165679931 , 15.08183
90.53 , 58.3251838684 , 15.08767
90.56 , 58.3251838684 , 15.09367
90.60 , 58.3251838684 , 15.09950
90.63 , 58.3251838684 , 15.10550
90.67 , 58.3251838684 , 15.11133
90.70 , 58.4337959289 , 15.11717
90.74 , 58.4337959289 , 15.12300
90.77 , 58.4337959289 , 15.12900
90.81 , 58.4337959289 , 15.13483
90.84 , 58.5424079895 , 15.14083
90.88 , 58.5424079895 , 15.14667
90.91 , 58.5424079895 , 15.15250
90.95 , 58.5424079895 , 15.15833
90.99 , 58.6510200500 , 15.16433
91.02 , 58.5424079895 , 15.17033
91.06 , 58.7596321105 , 15.17617
91.09 , 58.6510200500 , 15.18200
91.13 , 58.6510200500 , 15.18783
91.16 , 58.7596321105 , 15.19383
91.20 , 58.7596321105 , 15.19967
91.23 , 58.7596321105 , 15.20567
91.27 , 58.7596321105 , 15.21150
91.30 , 58.8682479858 , 15.21733
91.34 , 58.8682479858 , 15.22317
91.37 , 58.8682479858 , 15.22917
91.41 , 58.9768600463 , 15.23500
91.45 , 58.9768600463 , 15.24100
91.48 , 59.0854721069 , 15.24683
91.52 , 58.9768600463 , 15.25267
91.55 , 59.0854721069 , 15.25850
91.59 , 59.0854721069 , 15.26450
91.62 , 59.1940841674 , 15.27050
91.66 , 59.0854721069 , 15.27633
91.69 , 59.0854721069 , 15.28233
91.73 , 59.0854721069 , 15.28800
91.76 , 59.1940841674 , 15.29400
91.80 , 59.1940841674 , 15.29983
91.83 , 59.3027000427 , 15.30583
91.87 , 59.3027000427 , 15.31167
91.91 , 59.3027000427 , 15.31767
91.94 , 59.3027000427 , 15.32333
91.98 , 59.4113121032 , 15.32933
92.01 , 59.4113121032 , 15.33517
92.05 , 59.4113121032 , 15.34117
92.08 , 59.5199241638 , 15.34700
92.12 , 59.4113121032 , 15.35300
92.15 , 59.5199241638 , 15.35883
92.19 , 59.5199241638 , 15.36467
92.22 , 59.5199241638 , 15.37067
92.26 , 59.6285362243 , 15.37650
92.29 , 59.6285362243 , 15.38250
92.33 , 59.6285362243 , 15.38817
92.36 , 59.6285362243 , 15.39417
92.40 , 59.6285362243 , 15.40000
92.44 , 59.6285362243 , 15.40600
92.47 , 59.7371482849 , 15.41183
92.51 , 59.7371482849 , 15.41783
92.54 , 59.7371482849 , 15.42350
92.58 , 59.7371482849 , 15.42950
92.61 , 59.7371482849 , 15.43533
92.65 , 59.8457641601 , 15.44133
92.68 , 59.8457641601 , 15.44717
92.72 , 59.9543762207 , 15.45317
92.75 , 59.8457641601 , 15.45900
92.79 , 59.9543762207 , 15.46483
92.82 , 59.9543762207 , 15.47083
92.86 , 59.9543762207 , 15.47667
92.90 , 60.0629882812 , 15.48267
92.93 , 60.0629882812 , 15.48850
92.97 , 60.0629882812 , 15.49433
93.00 , 60.1716079711 , 15.50017
93.04 , 60.1716079711 , 15.50617
93.07 , 60.1716079711 , 15.51200
93.11 , 60.1716079711 , 15.51800
93.14 , 60.1716079711 , 15.52383
93.18 , 60.2802200317 , 15.52967
93.21 , 60.3888320922 , 15.53550
93.25 , 60.2802200317 , 15.54150
93.29 , 60.3888320922 , 15.54750
93.32 , 60.3888320922 , 15.55333
93.36 , 60.3888320922 , 15.55933
93.39 , 60.4974441528 , 15.56500
93.43 , 60.3888320922 , 15.57100
93.46 , 60.4974441528 , 15.57683
93.50 , 60.4974441528 , 15.58283
93.53 , 60.4974441528 , 15.58867
93.57 , 60.6060600280 , 15.59467
93.60 , 60.6060600280 , 15.60033
93.64 , 60.7146720886 , 15.60633
93.67 , 60.7146720886 , 15.61217
93.71 , 60.6060600280 , 15.61817
93.74 , 60.7146720886 , 15.62400
93.78 , 60.8232841491 , 15.62983
93.81 , 60.7146720886 , 15.63567
93.85 , 60.8232841491 , 15.64167
93.89 , 60.7146720886 , 15.64767
93.92 , 60.8232841491 , 15.65350
93.96 , 60.9318962097 , 15.65950
93.99 , 60.8232841491 , 15.66517
94.03 , 60.9318962097 , 15.67117
94.06 , 60.9318962097 , 15.67700
94.10 , 61.0405120849 , 15.68300
94.13 , 61.0405120849 , 15.68883
94.17 , 61.0405120849 , 15.69483
94.20 , 61.0405120849 , 15.70050
94.24 , 61.0405120849 , 15.70650
94.27 , 61.1491241455 , 15.71233
94.31 , 61.1491241455 , 15.71833
94.34 , 61.1491241455 , 15.72417
94.38 , 61.1491241455 , 15.73017
94.42 , 61.1491241455 , 15.73600
94.45 , 61.2577362060 , 15.74183
94.49 , 61.3663482666 , 15.74783
94.52 , 61.2577362060 , 15.75367
94.56 , 61.2577362060 , 15.75967
94.59 , 61.3663482666 , 15.76550
94.63 , 61.3663482666 , 15.77133
94.66 , 61.3663482666 , 15.77717
94.70 , 61.3663482666 , 15.78317
94.73 , 61.4749603271 , 15.78900
94.77 , 61.3663482666 , 15.79500
94.80 , 61.4749603271 , 15.80067
94.84 , 61.4749603271 , 15.80667
94.87 , 61.4749603271 , 15.81250
94.91 , 61.5835762023 , 15.81850
94.95 , 61.5835762023 , 15.82433
94.98 , 61.6921882629 , 15.83033
95.02 , 61.6921882629 , 15.83617
95.05 , 61.6921882629 , 15.84200
95.09 , 61.6921882629 , 15.84800
95.12 , 61.6921882629 , 15.85383
95.16 , 61.8008003234 , 15.85983
95.19 , 61.8008003234 , 15.86567
95.23 , 61.8008003234 , 15.87150
95.26 , 61.8008003234 , 15.87733
95.30 , 61.8008003234 , 15.88333
95.33 , 61.9094123840 , 15.88917
95.37 , 61.9094123840 , 15.89517
95.41 , 61.9094123840 , 15.90100
95.44 , 62.0180282592 , 15.90683
95.48 , 62.0180282592 , 15.91267
95.51 , 62.1266403198 , 15.91867
95.55 , 62.0180282592 , 15.92467
95.58 , 62.1266403198 , 15.93050
95.62 , 62.1266403198 , 15.93650
95.65 , 62.2352523803 , 15.94217
95.69 , 62.2352523803 , 15.94817
95.72 , 62.2352523803 , 15.95400
95.76 , 62.3438644409 , 15.96000
95.79 , 62.3438644409 , 15.96583
95.83 , 62.2352523803 , 15.97183
95.86 , 62.3438644409 , 15.97750
95.90 , 62.3438644409 , 15.98350
95.94 , 62.3438644409 , 15.98933
95.97 , 62.3438644409 , 15.99533
96.01 , 62.4524765014 , 16.00117
96.04 , 62.4524765014 , 16.00717
96.08 , 62.5610923767 , 16.01284
96.11 , 62.4524765014 , 16.01883
96.15 , 62.5610923767 , 16.02483
96.18 , 62.5610923767 , 16.03067
96.22 , 62.5610923767 , 16.03667
96.25 , 62.6697044372 , 16.04233
96.29 , 62.6697044372 , 16.04833
96.32 , 62.7783164978 , 16.05417
96.36 , 62.6697044372 , 16.06017
96.40 , 62.6697044372 , 16.06600
96.43 , 62.7783164978 , 16.07200
96.47 , 62.7783164978 , 16.07767
96.50 , 62.7783164978 , 16.08367
96.54 , 62.7783164978 , 16.08950
96.57 , 62.8869285583 , 16.09550
96.61 , 62.8869285583 , 16.10133
96.64 , 62.8869285583 , 16.10733
96.68 , 62.8869285583 , 16.11317
96.71 , 62.9955444335 , 16.11900
96.75 , 62.8869285583 , 16.12500
96.79 , 62.9955444335 , 16.13084
96.82 , 63.1041564941 , 16.13683
96.86 , 62.9955444335 , 16.14267
96.89 , 62.9955444335 , 16.14850
96.93 , 63.1041564941 , 16.15434
96.96 , 63.2127685546 , 16.16033
97.00 , 63.2127685546 , 16.16617
97.03 , 63.2127685546 , 16.17217
97.07 , 63.2127685546 , 16.17800
97.10 , 63.2127685546 , 16.18383
97.14 , 63.3213806152 , 16.18967
97.17 , 63.3213806152 , 16.19567
97.21 , 63.3213806152 , 16.20150
97.25 , 63.3213806152 , 16.20750
97.28 , 63.4299926757 , 16.21350
97.31 , 63.4299926757 , 16.21917
97.35 , 63.4299926757 , 16.22517
97.39 , 63.5386085510 , 16.23100
97.42 , 63.4299926757 , 16.23700
97.46 , 63.5386085510 , 16.24283
97.49 , 63.5386085510 , 16.24867
97.53 , 63.6472206115 , 16.25450
97.56 , 63.5386085510 , 16.26050
97.60 , 63.6472206115 , 16.26634
97.63 , 63.6472206115 , 16.27234
97.67 , 63.6472206115 , 16.27817
97.70 , 63.6472206115 , 16.28400
97.74 , 63.7558326721 , 16.28983
97.77 , 63.7558326721 , 16.29583
97.81 , 63.8644447326 , 16.30183
97.85 , 63.7558326721 , 16.30767
97.88 , 63.8644447326 , 16.31367
97.92 , 63.8644447326 , 16.31933
97.95 , 63.8644447326 , 16.32534
97.99 , 63.8644447326 , 16.33117
98.02 , 63.9730606079 , 16.33717
98.06 , 63.9730606079 , 16.34300
98.09 , 63.9730606079 , 16.34900
98.13 , 63.9730606079 , 16.35467
98.16 , 63.9730606079 , 16.36067
98.20 , 63.9730606079 , 16.36650
98.23 , 63.9730606079 , 16.37250
98.27 , 64.0816726684 , 16.37833
98.31 , 64.0816726684 , 16.38434
98.34 , 64.1902847290 , 16.39000
98.38 , 64.0816726684 , 16.39600
98.41 , 64.1902847290 , 16.40200
98.45 , 64.1902847290 , 16.40783
98.48 , 64.1902847290 , 16.41383
98.52 , 64.2988967895 , 16.41967
98.55 , 64.2988967895 , 16.42550
98.59 , 64.1902847290 , 16.43133
98.62 , 64.2988967895 , 16.43733
98.66 , 64.2988967895 , 16.44317
98.69 , 64.2988967895 , 16.44917
98.73 , 64.4075088500 , 16.45483
98.76 , 64.4075088500 , 16.46084
98.80 , 64.5161209106 , 16.46667
98.84 , 64.5161209106 , 16.47267
98.87 , 64.4075088500 , 16.47850
98.91 , 64.5161209106 , 16.48450
98.94 , 64.5161209106 , 16.49033
98.98 , 64.6247329711 , 16.49617
99.01 , 64.6247329711 , 16.50217
99.05 , 64.7333526611 , 16.50800
99.08 , 64.6247329711 , 16.51400
99.12 , 64.7333526611 , 16.51984
99.15 , 64.6247329711 , 16.52567
99.19 , 64.7333526611 , 16.53150
99.22 , 64.8419647216 , 16.53750
99.26 , 64.7333526611 , 16.54334
99.30 , 64.7333526611 , 16.54933
99.33 , 64.8419647216 , 16.55517
99.37 , 64.8419647216 , 16.56100
99.40 , 64.9505767822 , 16.56683
99.44 , 64.9505767822 , 16.57283
99.47 , 64.9505767822 , 16.57867
99.51 , 65.0591888427 , 16.58467
99.54 , 64.9505767822 , 16.59067
99.58 , 65.0591888427 , 16.59634
99.61 , 65.0591888427 , 16.60233
99.65 , 65.0591888427 , 16.60817
99.68 , 65.1678009033 , 16.61417
99.72 , 65.1678009033 , 16.62000
99.76 , 65.1678009033 , 16.62600
99.79 , 65.1678009033 , 16.63167
99.83 , 65.1678009033 , 16.63767
99.86 , 65.2764129638 , 16.64350
99.90 , 65.2764129638 , 16.64950
99.93 , 65.2764129638 , 16.65534
99.97 , 65.2764129638 , 16.66134
100.00 , 65.3850250244 , 16.66700
100.04 , 65.3850250244 , 16.67317
100.08 , 65.3850250244 , 16.67933
100.11 , 65.4936370849 , 16.68533
100.15 , 65.4936370849 , 16.69150
100.18 , 65.4936370849 , 16.69750
100.22 , 65.4936370849 , 16.70350
100.26 , 65.4936370849 , 16.70950
100.29 , 65.4936370849 , 16.71567
100.33 , 65.6022491455 , 16.72167
100.37 , 65.6022491455 , 16.72783
100.40 , 65.7108688354 , 16.73383
100.44 , 65.7108688354 , 16.74000
100.48 , 65.7108688354 , 16.74600
100.51 , 65.7108688354 , 16.75200
100.55 , 65.8194808959 , 16.75817
100.58 , 65.8194808959 , 16.76417
100.62 , 65.8194808959 , 16.77033
100.66 , 65.8194808959 , 16.77633
100.69 , 65.9280929565 , 16.78250
100.73 , 65.9280929565 , 16.78833
100.77 , 65.9280929565 , 16.79450
100.80 , 65.9280929565 , 16.80050
100.84 , 66.0367126464 , 16.80667
100.88 , 66.0367126464 , 16.81283
100.91 , 66.0367126464 , 16.81884
100.95 , 66.1453247070 , 16.82500
100.98 , 66.1453247070 , 16.83083
101.02 , 66.1453247070 , 16.83700
101.06 , 66.1453247070 , 16.84300
101.09 , 66.1453247070 , 16.84917
101.13 , 66.1453247070 , 16.85517
101.17 , 66.2539367675 , 16.86133
101.20 , 66.2539367675 , 16.86734
101.24 , 66.2539367675 , 16.87333
101.28 , 66.2539367675 , 16.87950
101.31 , 66.3625488281 , 16.88550
101.35 , 66.3625488281 , 16.89167
101.39 , 66.3625488281 , 16.89767
101.42 , 66.3625488281 , 16.90383
101.46 , 66.4711608886 , 16.90967
101.50 , 66.3625488281 , 16.91584
101.53 , 66.4711608886 , 16.92183
101.57 , 66.4711608886 , 16.92800
101.61 , 66.4711608886 , 16.93417
101.64 , 66.5797729492 , 16.94017
101.68 , 66.6883850097 , 16.94634
101.71 , 66.5797729492 , 16.95217
101.75 , 66.6883850097 , 16.95833
101.79 , 66.6883850097 , 16.96434
101.82 , 66.6883850097 , 16.97050
101.86 , 66.6883850097 , 16.97650
101.90 , 66.6883850097 , 16.98267
101.93 , 66.6883850097 , 16.98867
101.97 , 66.7969970703 , 16.99467
102.00 , 66.9056091308 , 17.00083
102.04 , 66.9056091308 , 17.00683
102.08 , 66.9056091308 , 17.01300
102.11 , 66.9056091308 , 17.01900
102.15 , 67.0142288208 , 17.02517
102.19 , 66.9056091308 , 17.03117
102.22 , 67.0142288208 , 17.03717
102.26 , 67.0142288208 , 17.04317
102.30 , 67.1228408813 , 17.04933
102.33 , 67.1228408813 , 17.05533
102.37 , 67.1228408813 , 17.06150
102.41 , 67.1228408813 , 17.06767
102.44 , 67.2314529418 , 17.07350
102.48 , 67.2314529418 , 17.07967
102.51 , 67.2314529418 , 17.08567
102.55 , 67.2314529418 , 17.09184
102.59 , 67.3400650024 , 17.09783
102.62 , 67.3400650024 , 17.10400
102.66 , 67.3400650024 , 17.11000
102.70 , 67.3400650024 , 17.11600
102.73 , 67.4486770629 , 17.12200
102.77 , 67.3400650024 , 17.12817
102.81 , 67.4486770629 , 17.13434
102.84 , 67.4486770629 , 17.14034
102.88 , 67.4486770629 , 17.14650
102.91 , 67.5572891235 , 17.15250
102.95 , 67.5572891235 , 17.15850
102.99 , 67.5572891235 , 17.16450
103.02 , 67.5572891235 , 17.17067
103.06 , 67.6659011840 , 17.17667
103.10 , 67.6659011840 , 17.18284
103.13 , 67.6659011840 , 17.18884
103.17 , 67.7745132446 , 17.19500
103.21 , 67.7745132446 , 17.20100
103.24 , 67.7745132446 , 17.20700
103.28 , 67.7745132446 , 17.21317
103.31 , 67.8831253051 , 17.21917
103.35 , 67.8831253051 , 17.22533
103.39 , 67.9917449951 , 17.23134
103.43 , 67.8831253051 , 17.23750
103.46 , 67.9917449951 , 17.24333
103.50 , 67.9917449951 , 17.24950
103.53 , 67.9917449951 , 17.25567
103.57 , 67.9917449951 , 17.26167
103.61 , 67.9917449951 , 17.26783
103.64 , 67.9917449951 , 17.27383
103.68 , 68.1003570556 , 17.28000
103.71 , 68.1003570556 , 17.28583
103.75 , 68.2089691162 , 17.29200
103.79 , 68.1003570556 , 17.29800
103.82 , 68.1003570556 , 17.30417
103.86 , 68.2089691162 , 17.31017
103.90 , 68.3175811767 , 17.31633
103.93 , 68.2089691162 , 17.32234
103.97 , 68.3175811767 , 17.32834
104.01 , 68.3175811767 , 17.33450
104.04 , 68.3175811767 , 17.34050
104.08 , 68.3175811767 , 17.34667
104.12 , 68.4261932373 , 17.35267
104.15 , 68.4261932373 , 17.35883
104.19 , 68.4261932373 , 17.36467
104.22 , 68.4261932373 , 17.37084
104.26 , 68.5348052978 , 17.37684
104.30 , 68.5348052978 , 17.38300
104.33 , 68.5348052978 , 17.38917
104.37 , 68.5348052978 , 17.39517
104.41 , 68.5348052978 , 17.40133
104.44 , 68.6434173583 , 17.40717
104.48 , 68.6434173583 , 17.41333
104.52 , 68.6434173583 , 17.41934
104.55 , 68.6434173583 , 17.42550
104.59 , 68.7520294189 , 17.43150
104.63 , 68.7520294189 , 17.43767
104.66 , 68.7520294189 , 17.44367
104.70 , 68.8606414794 , 17.44967
104.73 , 68.8606414794 , 17.45583
104.77 , 68.8606414794 , 17.46183
104.81 , 68.9692611694 , 17.46800
104.84 , 68.8606414794 , 17.47400
104.88 , 68.9692611694 , 17.48017
104.92 , 68.9692611694 , 17.48600
104.95 , 69.0778732299 , 17.49217
104.99 , 69.0778732299 , 17.49817
105.03 , 69.0778732299 , 17.50433
105.06 , 69.0778732299 , 17.51033
105.10 , 69.1864852905 , 17.51650
105.14 , 69.1864852905 , 17.52267
105.17 , 69.1864852905 , 17.52850
105.21 , 69.1864852905 , 17.53467
105.24 , 69.1864852905 , 17.54067
105.28 , 69.2950973510 , 17.54683
105.32 , 69.2950973510 , 17.55283
105.35 , 69.4037094116 , 17.55900
105.39 , 69.2950973510 , 17.56500
105.43 , 69.5123214721 , 17.57100
105.46 , 69.4037094116 , 17.57700
105.50 , 69.4037094116 , 17.58317
105.54 , 69.5123214721 , 17.58934
105.57 , 69.5123214721 , 17.59533
105.61 , 69.5123214721 , 17.60150
105.64 , 69.6209335327 , 17.60750
105.68 , 69.6209335327 , 17.61350
105.72 , 69.6209335327 , 17.61950
105.75 , 69.7295455932 , 17.62567
105.79 , 69.6209335327 , 17.63167
105.83 , 69.6209335327 , 17.63784
105.86 , 69.7295455932 , 17.64400
105.90 , 69.7295455932 , 17.65000
105.94 , 69.8381576538 , 17.65600
105.97 , 69.7295455932 , 17.66200
106.01 , 69.7295455932 , 17.66817
106.04 , 69.8381576538 , 17.67417
106.08 , 69.8381576538 , 17.68033
106.12 , 69.8381576538 , 17.68633
106.15 , 69.9467773437 , 17.69250
106.19 , 69.9467773437 , 17.69833
106.23 , 70.0553894042 , 17.70450
106.26 , 69.9467773437 , 17.71067
106.30 , 70.0553894042 , 17.71667
106.34 , 69.9467773437 , 17.72283
106.37 , 70.0553894042 , 17.72883
106.41 , 70.0553894042 , 17.73483
106.44 , 70.1640014648 , 17.74083
106.48 , 70.0553894042 , 17.74700
106.52 , 70.1640014648 , 17.75300
106.55 , 70.1640014648 , 17.75917
106.59 , 70.1640014648 , 17.76517
106.63 , 70.2726135253 , 17.77133
106.66 , 70.2726135253 , 17.77733
106.70 , 70.2726135253 , 17.78333
106.74 , 70.2726135253 , 17.78950
106.77 , 70.3812255859 , 17.79550
106.81 , 70.3812255859 , 17.80167
106.85 , 70.3812255859 , 17.80767
106.88 , 70.3812255859 , 17.81384
106.92 , 70.4898376464 , 17.81967
106.95 , 70.4898376464 , 17.82583
106.99 , 70.5984497070 , 17.83183
107.03 , 70.4898376464 , 17.83800
107.06 , 70.5984497070 , 17.84417
107.10 , 70.5984497070 , 17.85017
107.14 , 70.5984497070 , 17.85634
107.17 , 70.5984497070 , 17.86217
107.21 , 70.7070617675 , 17.86833
107.25 , 70.7070617675 , 17.87434
107.28 , 70.7070617675 , 17.88050
107.32 , 70.7070617675 , 17.88650
107.36 , 70.7070617675 , 17.89267
107.39 , 70.8156738281 , 17.89867
107.43 , 70.8156738281 , 17.90467
107.46 , 70.9242935180 , 17.91083
107.50 , 70.9242935180 , 17.91683
107.54 , 70.9242935180 , 17.92300
107.57 , 70.9242935180 , 17.92900
107.61 , 70.9242935180 , 17.93517
107.65 , 71.0329055786 , 17.94100
107.68 , 71.0329055786 , 17.94717
107.72 , 71.0329055786 , 17.95317
107.76 , 71.1415176391 , 17.95933
107.79 , 71.1415176391 , 17.96533
107.83 , 71.2501373291 , 17.97150
107.87 , 71.1415176391 , 17.97767
107.90 , 71.1415176391 , 17.98350
107.94 , 71.2501373291 , 17.98967
107.97 , 71.2501373291 , 17.99567
108.01 , 71.2501373291 , 18.00184
108.05 , 71.3587493896 , 18.00783
108.08 , 71.3587493896 , 18.01400
108.12 , 71.3587493896 , 18.02000
108.16 , 71.4673614501 , 18.02600
108.19 , 71.4673614501 , 18.03217
108.23 , 71.4673614501 , 18.03817
108.27 , 71.4673614501 , 18.04434
108.30 , 71.4673614501 , 18.05034
108.34 , 71.5759735107 , 18.05650
108.37 , 71.5759735107 , 18.06250
108.41 , 71.5759735107 , 18.06850
108.45 , 71.5759735107 , 18.07450
108.48 , 71.5759735107 , 18.08067
108.52 , 71.5759735107 , 18.08667
108.56 , 71.5759735107 , 18.09284
108.59 , 71.6845855712 , 18.09900
108.63 , 71.6845855712 , 18.10500
108.67 , 71.6845855712 , 18.11100
108.70 , 71.6845855712 , 18.11700
108.74 , 71.7931976318 , 18.12317
108.77 , 71.6845855712 , 18.12917
108.81 , 71.7931976318 , 18.13533
108.85 , 71.7931976318 , 18.14134
108.88 , 71.9018096923 , 18.14734
108.92 , 71.9018096923 , 18.15333
108.96 , 71.9018096923 , 18.15950
108.99 , 72.0104217529 , 18.16567
109.03 , 72.0104217529 , 18.17167
109.07 , 72.0104217529 , 18.17783
109.10 , 72.0104217529 , 18.18383
109.14 , 72.0104217529 , 18.18984
109.18 , 72.1190338134 , 18.19584
109.21 , 72.1190338134 , 18.20200
109.25 , 72.1190338134 , 18.20800
109.29 , 72.2276535034 , 18.21417
109.32 , 72.2276535034 , 18.22017
109.36 , 72.2276535034 , 18.22633
109.39 , 72.2276535034 , 18.23233
109.43 , 72.2276535034 , 18.23834
109.47 , 72.3362655639 , 18.24450
109.50 , 72.3362655639 , 18.25050
109.54 , 72.3362655639 , 18.25667
109.58 , 72.4448776245 , 18.26267
109.61 , 72.4448776245 , 18.26883
109.65 , 72.4448776245 , 18.27467
109.68 , 72.4448776245 , 18.28083
109.72 , 72.4448776245 , 18.28684
109.76 , 72.5534896850 , 18.29300
109.79 , 72.5534896850 , 18.29917
109.83 , 72.6621017456 , 18.30517
109.87 , 72.5534896850 , 18.31133
109.90 , 72.6621017456 , 18.31717
109.94 , 72.6621017456 , 18.32333
109.98 , 72.6621017456 , 18.32933
110.01 , 72.6621017456 , 18.33550
110.05 , 72.6621017456 , 18.34150
110.09 , 72.6621017456 , 18.34767
110.12 , 72.7707138061 , 18.35350
110.16 , 72.8793258666 , 18.35967
110.19 , 72.8793258666 , 18.36583
110.23 , 72.8793258666 , 18.37183
110.27 , 72.8793258666 , 18.37800
110.30 , 72.8793258666 , 18.38400
110.34 , 72.8793258666 , 18.39017
110.38 , 72.9879379272 , 18.39600
110.41 , 72.9879379272 , 18.40217
110.45 , 72.9879379272 , 18.40817
110.49 , 72.9879379272 , 18.41433
110.52 , 72.9879379272 , 18.42050
110.56 , 73.0965499877 , 18.42650
110.60 , 73.0965499877 , 18.43267
110.63 , 73.0965499877 , 18.43850
110.67 , 73.2051696777 , 18.44467
110.70 , 73.2051696777 , 18.45067
110.74 , 73.2051696777 , 18.45683
110.78 , 73.2051696777 , 18.46283
110.81 , 73.2051696777 , 18.46900
110.85 , 73.2051696777 , 18.47500
110.89 , 73.3137817382 , 18.48100
110.92 , 73.3137817382 , 18.48717
110.96 , 73.3137817382 , 18.49317
111.00 , 73.4223937988 , 18.49934
111.03 , 73.4223937988 , 18.50533
111.07 , 73.4223937988 , 18.51150
111.11 , 73.4223937988 , 18.51750
111.14 , 73.5310058593 , 18.52350
111.18 , 73.4223937988 , 18.52950
111.21 , 73.5310058593 , 18.53567
111.25 , 73.5310058593 , 18.54167
111.29 , 73.5310058593 , 18.54784
111.32 , 73.5310058593 , 18.55400
111.36 , 73.6396179199 , 18.56000
111.40 , 73.6396179199 , 18.56600
111.43 , 73.7482299804 , 18.57200
111.47 , 73.6396179199 , 18.57817
111.50 , 73.6396179199 , 18.58417
111.54 , 73.7482299804 , 18.59033
111.58 , 73.8568420410 , 18.59634
111.61 , 73.7482299804 , 18.60233
111.65 , 73.8568420410 , 18.60833
111.69 , 73.8568420410 , 18.61450
111.72 , 73.8568420410 , 18.62067
111.76 , 73.9654541015 , 18.62667
111.80 , 73.9654541015 , 18.63283
111.83 , 73.9654541015 , 18.63883
111.87 , 73.9654541015 , 18.64484
111.90 , 73.9654541015 , 18.65083
111.94 , 74.0740661621 , 18.65700
111.98 , 74.0740661621 , 18.66300
112.01 , 74.0740661621 , 18.66917
112.05 , 74.1826858520 , 18.67517
112.09 , 74.1826858520 , 18.68133
112.12 , 74.1826858520 , 18.68733
112.16 , 74.1826858520 , 18.69334
112.20 , 74.2912979125 , 18.69950
112.23 , 74.2912979125 , 18.70550
112.27 , 74.1826858520 , 18.71167
112.31 , 74.2912979125 , 18.71767
112.34 , 74.3999099731 , 18.72384
112.38 , 74.5085220336 , 18.72967
112.41 , 74.3999099731 , 18.73583
112.45 , 74.3999099731 , 18.74183
112.49 , 74.3999099731 , 18.74800
112.52 , 74.5085220336 , 18.75417
112.56 , 74.6171340942 , 18.76017
112.60 , 74.6171340942 , 18.76634
112.63 , 74.6171340942 , 18.77217
112.67 , 74.6171340942 , 18.77833
112.71 , 74.6171340942 , 18.78433
112.74 , 74.7257461547 , 18.79050
112.78 , 74.7257461547 , 18.79650
112.82 , 74.7257461547 , 18.80267
112.85 , 74.7257461547 , 18.80867
112.89 , 74.7257461547 , 18.81467
112.93 , 74.7257461547 , 18.82084
112.96 , 74.8343582153 , 18.82683
113.00 , 74.8343582153 , 18.83300
113.03 , 74.8343582153 , 18.83900
113.07 , 74.9429702758 , 18.84517
113.11 , 74.8343582153 , 18.85100
113.14 , 74.9429702758 , 18.85717
113.18 , 74.9429702758 , 18.86317
113.22 , 74.9429702758 , 18.86934
113.25 , 74.9429702758 , 18.87550
113.29 , 74.9429702758 , 18.88150
113.33 , 75.0515823364 , 18.88767
113.36 , 75.0515823364 , 18.89350
113.40 , 75.0515823364 , 18.89967
113.43 , 75.0515823364 , 18.90567
113.47 , 75.1602020263 , 18.91184
113.51 , 75.0515823364 , 18.91784
113.54 , 75.2688140869 , 18.92400
113.58 , 75.1602020263 , 18.93000
113.62 , 75.2688140869 , 18.93600
113.65 , 75.2688140869 , 18.94217
113.69 , 75.2688140869 , 18.94817
113.73 , 75.3774261474 , 18.95433
113.76 , 75.3774261474 , 18.96034
113.80 , 75.2688140869 , 18.96650
113.83 , 75.3774261474 , 18.97250
113.87 , 75.4860382080 , 18.97850
113.91 , 75.3774261474 , 18.98450
113.94 , 75.3774261474 , 18.99067
113.98 , 75.4860382080 , 18.99667
114.02 , 75.4860382080 , 19.00284
114.05 , 75.4860382080 , 19.00900
114.09 , 75.5946502685 , 19.01483
114.13 , 75.7032623291 , 19.02100
114.16 , 75.7032623291 , 19.02700
114.20 , 75.7032623291 , 19.03317
114.23 , 75.7032623291 , 19.03917
114.27 , 75.7032623291 , 19.04533
114.31 , 75.7032623291 , 19.05134
114.34 , 75.8118743896 , 19.05734
114.38 , 75.8118743896 , 19.06333
114.42 , 75.8118743896 , 19.06950
114.45 , 75.8118743896 , 19.07567
114.49 , 75.9204864501 , 19.08167
114.53 , 75.9204864501 , 19.08783
114.56 , 75.9204864501 , 19.09383
114.60 , 75.9204864501 , 19.09984
114.63 , 75.9204864501 , 19.10584
114.67 , 75.9204864501 , 19.11200
114.71 , 76.0290985107 , 19.11800
114.75 , 76.1377182006 , 19.12417
114.78 , 76.0290985107 , 19.13017
114.82 , 76.1377182006 , 19.13633
114.85 , 76.1377182006 , 19.14233
114.89 , 76.1377182006 , 19.14834
114.93 , 76.2463302612 , 19.15450
114.96 , 76.2463302612 , 19.16050
115.00 , 76.2463302612 , 19.16667
115.04 , 76.2463302612 , 19.17267
115.07 , 76.2463302612 , 19.17883
115.11 , 76.2463302612 , 19.18467
115.14 , 76.3549423217 , 19.19083
115.18 , 76.3549423217 , 19.19700
115.22 , 76.4635543823 , 19.20300
115.25 , 76.3549423217 , 19.20917
115.29 , 76.4635543823 , 19.21517
115.33 , 76.4635543823 , 19.22134
115.36 , 76.5721664428 , 19.22717
115.40 , 76.5721664428 , 19.23333
115.44 , 76.4635543823 , 19.23933
115.47 , 76.5721664428 , 19.24550
115.51 , 76.5721664428 , 19.25150
115.55 , 76.5721664428 , 19.25767
115.58 , 76.6807785034 , 19.26367
115.62 , 76.6807785034 , 19.26967
115.65 , 76.6807785034 , 19.27583
115.69 , 76.6807785034 , 19.28183
115.73 , 76.6807785034 , 19.28800
115.76 , 76.6807785034 , 19.29400
115.80 , 76.7893905639 , 19.30017
115.84 , 76.8980026245 , 19.30600
115.87 , 76.8980026245 , 19.31217
115.91 , 76.8980026245 , 19.31817
115.95 , 76.7893905639 , 19.32433
115.98 , 76.8980026245 , 19.33050
116.02 , 76.8980026245 , 19.33650
116.06 , 76.8980026245 , 19.34267
116.09 , 77.0066146850 , 19.34850
116.13 , 77.0066146850 , 19.35467
116.16 , 77.0066146850 , 19.36067
116.20 , 77.0066146850 , 19.36683
116.24 , 77.1152343750 , 19.37283
116.27 , 77.0066146850 , 19.37900
116.31 , 77.1152343750 , 19.38500
116.35 , 77.1152343750 , 19.39100
116.38 , 77.1152343750 , 19.39717
116.42 , 77.2238464355 , 19.40317
116.46 , 77.2238464355 , 19.40933
116.49 , 77.2238464355 , 19.41533
116.53 , 77.2238464355 , 19.42150
116.56 , 77.3324584960 , 19.42733
116.60 , 77.3324584960 , 19.43350
116.64 , 77.3324584960 , 19.43950
116.67 , 77.4410705566 , 19.44567
116.71 , 77.4410705566 , 19.45167
116.75 , 77.4410705566 , 19.45783
116.78 , 77.4410705566 , 19.46400
116.82 , 77.4410705566 , 19.46983
116.86 , 77.4410705566 , 19.47600
116.89 , 77.5496826171 , 19.48200
116.93 , 77.5496826171 , 19.48817
116.96 , 77.6582946777 , 19.49417
117.00 , 77.6582946777 , 19.50033
117.04 , 77.6582946777 , 19.50634
117.07 , 77.6582946777 , 19.51233
117.11 , 77.6582946777 , 19.51833
117.15 , 77.7669067382 , 19.52450
117.18 , 77.6582946777 , 19.53067
117.22 , 77.6582946777 , 19.53667
117.26 , 77.7669067382 , 19.54284
117.29 , 77.7669067382 , 19.54883
117.33 , 77.7669067382 , 19.55484
117.36 , 77.8755187988 , 19.56083
117.40 , 77.9841308593 , 19.56700
117.44 , 77.8755187988 , 19.57300
117.47 , 77.8755187988 , 19.57917
117.51 , 77.8755187988 , 19.58534
117.55 , 77.9841308593 , 19.59133
117.58 , 77.9841308593 , 19.59733
117.62 , 77.9841308593 , 19.60334
117.66 , 77.9841308593 , 19.60950
117.69 , 77.9841308593 , 19.61550
117.73 , 78.0927505493 , 19.62167
117.77 , 78.0927505493 , 19.62767
117.80 , 78.0927505493 , 19.63384
117.84 , 78.0927505493 , 19.63967
117.87 , 78.2013626098 , 19.64583
117.91 , 78.2013626098 , 19.65200
117.95 , 78.0927505493 , 19.65800
117.98 , 78.2013626098 , 19.66417
118.02 , 78.3099746704 , 19.67017
118.06 , 78.3099746704 , 19.67617
118.09 , 78.3099746704 , 19.68217
118.13 , 78.3099746704 , 19.68833
118.17 , 78.4185867309 , 19.69433
118.20 , 78.4185867309 , 19.70050
118.24 , 78.4185867309 , 19.70650
118.28 , 78.5271987915 , 19.71267
118.31 , 78.4185867309 , 19.71867
118.35 , 78.4185867309 , 19.72467
118.38 , 78.4185867309 , 19.73084
118.42 , 78.5271987915 , 19.73683
118.46 , 78.5271987915 , 19.74300
118.49 , 78.5271987915 , 19.74900
118.53 , 78.6358108520 , 19.75517
118.57 , 78.5271987915 , 19.76100
118.60 , 78.5271987915 , 19.76717
118.64 , 78.6358108520 , 19.77317
118.68 , 78.7444229125 , 19.77934
118.71 , 78.7444229125 , 19.78550
118.75 , 78.7444229125 , 19.79150
118.79 , 78.7444229125 , 19.79767
118.82 , 78.8530349731 , 19.80350
118.86 , 78.8530349731 , 19.80967
118.89 , 78.8530349731 , 19.81567
118.93 , 78.9616470336 , 19.82184
118.97 , 78.9616470336 , 19.82784
119.00 , 78.9616470336 , 19.83400
119.04 , 78.9616470336 , 19.84000
119.08 , 78.9616470336 , 19.84600
119.11 , 79.0702667236 , 19.85217
119.15 , 78.9616470336 , 19.85817
119.19 , 78.9616470336 , 19.86433
119.22 , 79.0702667236 , 19.87034
119.26 , 79.0702667236 , 19.87650
119.29 , 79.0702667236 , 19.88233
119.33 , 79.0702667236 , 19.88850
119.37 , 79.1788787841 , 19.89450
119.40 , 79.2874908447 , 19.90067
119.44 , 79.2874908447 , 19.90667
119.48 , 79.2874908447 , 19.91283
119.51 , 79.2874908447 , 19.91900
119.55 , 79.2874908447 , 19.92484
119.59 , 79.3961029052 , 19.93100
119.62 , 79.3961029052 , 19.93700
119.66 , 79.3961029052 , 19.94317
119.69 , 79.3961029052 , 19.94917
119.73 , 79.5047149658 , 19.95533
119.77 , 79.5047149658 , 19.96133
119.80 , 79.5047149658 , 19.96734
119.84 , 79.5047149658 , 19.97350
119.88 , 79.6133346557 , 19.97950
119.91 , 79.6133346557 , 19.98567
119.95 , 79.6133346557 , 19.99167
119.99 , 79.6133346557 , 19.99783
120.02 , 79.7219543457 , 20.00383
120.06 , 79.7219543457 , 20.00984
120.09 , 79.7219543457 , 20.01584
120.13 , 79.7219543457 , 20.02200
120.17 , 79.7219543457 , 20.02800
120.20 , 79.8305664062 , 20.03417
120.24 , 79.8305664062 , 20.04033
120.28 , 79.8305664062 , 20.04633
120.31 , 79.8305664062 , 20.05233
120.35 , 79.9391784667 , 20.05834
120.39 , 79.9391784667 , 20.06450
120.42 , 79.9391784667 , 20.07050
120.46 , 79.9391784667 , 20.07667
120.50 , 79.9391784667 , 20.08267
120.53 , 80.0477905273 , 20.08867
120.57 , 79.9391784667 , 20.09467
120.61 , 80.0477905273 , 20.10083
120.64 , 80.0477905273 , 20.10700
120.68 , 80.0477905273 , 20.11300
120.71 , 80.0477905273 , 20.11917
120.75 , 80.1564025878 , 20.12517
120.79 , 80.1564025878 , 20.13117
120.82 , 80.1564025878 , 20.13717
120.86 , 80.2650146484 , 20.14333
120.90 , 80.2650146484 , 20.14933
120.93 , 80.1564025878 , 20.15550
120.97 , 80.2650146484 , 20.16150
121.01 , 80.3736267089 , 20.16767
121.04 , 80.3736267089 , 20.17367
121.08 , 80.3736267089 , 20.17967
121.11 , 80.2650146484 , 20.18583
121.15 , 80.3736267089 , 20.19183
121.19 , 80.3736267089 , 20.19800
121.22 , 80.4822387695 , 20.20400
121.26 , 80.4822387695 , 20.21017
121.30 , 80.4822387695 , 20.21600
121.33 , 80.4822387695 , 20.22217
121.37 , 80.4822387695 , 20.22817
121.41 , 80.5908508300 , 20.23433
121.44 , 80.5908508300 , 20.24050
121.48 , 80.6994705200 , 20.24650
121.52 , 80.5908508300 , 20.25267
121.55 , 80.6994705200 , 20.25850
121.59 , 80.5908508300 , 20.26467
121.62 , 80.6994705200 , 20.27067
121.66 , 80.8080825805 , 20.27684
121.70 , 80.8080825805 , 20.28283
121.73 , 80.8080825805 , 20.28900
121.77 , 80.8080825805 , 20.29483
121.81 , 80.9166946411 , 20.30100
121.84 , 80.9166946411 , 20.30717
121.88 , 80.9166946411 , 20.31317
121.92 , 80.9166946411 , 20.31933
121.95 , 81.0253067016 , 20.32534
121.99 , 81.0253067016 , 20.33150
122.02 , 81.0253067016 , 20.33733
122.06 , 81.1339187622 , 20.34350
122.10 , 81.1339187622 , 20.34950
122.13 , 81.1339187622 , 20.35567
122.17 , 81.1339187622 , 20.36183
122.21 , 81.2425308227 , 20.36783
122.24 , 81.1339187622 , 20.37400
122.28 , 81.1339187622 , 20.37983
122.32 , 81.2425308227 , 20.38600
122.35 , 81.2425308227 , 20.39200
122.39 , 81.2425308227 , 20.39817
122.43 , 81.2425308227 , 20.40417
122.46 , 81.3511428833 , 20.41033
122.50 , 81.3511428833 , 20.41633
122.53 , 81.3511428833 , 20.42233
122.57 , 81.4597549438 , 20.42850
122.61 , 81.4597549438 , 20.43450
122.64 , 81.4597549438 , 20.44067
122.68 , 81.4597549438 , 20.44667
122.72 , 81.4597549438 , 20.45284
122.75 , 81.4597549438 , 20.45883
122.79 , 81.4597549438 , 20.46483
122.82 , 81.5683670043 , 20.47083
122.86 , 81.5683670043 , 20.47700
122.90 , 81.5683670043 , 20.48300
122.93 , 81.5683670043 , 20.48917
122.97 , 81.5683670043 , 20.49534
123.01 , 81.6769866943 , 20.50134
123.04 , 81.6769866943 , 20.50733
123.08 , 81.6769866943 , 20.51333
123.12 , 81.6769866943 , 20.51950
123.15 , 81.7855987548 , 20.52550
123.19 , 81.7855987548 , 20.53167
123.23 , 81.7855987548 , 20.53767
123.26 , 81.7855987548 , 20.54367
123.30 , 81.8942108154 , 20.54967
123.33 , 81.8942108154 , 20.55583
123.37 , 81.8942108154 , 20.56200
123.41 , 81.8942108154 , 20.56800
123.44 , 82.0028228759 , 20.57417
123.48 , 82.0028228759 , 20.58017
123.52 , 82.0028228759 , 20.58617
123.55 , 82.0028228759 , 20.59217
123.59 , 82.1114349365 , 20.59833
123.63 , 82.0028228759 , 20.60433
123.66 , 82.0028228759 , 20.61050
123.70 , 82.1114349365 , 20.61650
123.74 , 82.1114349365 , 20.62267
123.77 , 82.2200469970 , 20.62867
123.81 , 82.2200469970 , 20.63467
123.84 , 82.2200469970 , 20.64084
123.88 , 82.2200469970 , 20.64683
123.92 , 82.3286590576 , 20.65300
123.95 , 82.3286590576 , 20.65900
123.99 , 82.4372711181 , 20.66517
124.03 , 82.4372711181 , 20.67100
124.06 , 82.4372711181 , 20.67717
124.10 , 82.4372711181 , 20.68317
124.14 , 82.5458831787 , 20.68934
124.17 , 82.4372711181 , 20.69550
124.21 , 82.5458831787 , 20.70150
124.25 , 82.4372711181 , 20.70767
124.28 , 82.5458831787 , 20.71350
124.32 , 82.5458831787 , 20.71967
124.35 , 82.6545028686 , 20.72567
124.39 , 82.6545028686 , 20.73184
124.43 , 82.6545028686 , 20.73784
124.46 , 82.6545028686 , 20.74400
124.50 , 82.6545028686 , 20.75000
124.54 , 82.7631149291 , 20.75600
124.57 , 82.7631149291 , 20.76217
124.61 , 82.8717269897 , 20.76817
124.65 , 82.8717269897 , 20.77433
124.68 , 82.7631149291 , 20.78034
124.72 , 82.9803390502 , 20.78650
124.75 , 82.8717269897 , 20.79233
124.79 , 82.8717269897 , 20.79850
124.83 , 82.9803390502 , 20.80450
124.86 , 82.9803390502 , 20.81067
124.90 , 82.9803390502 , 20.81683
124.94 , 82.9803390502 , 20.82283
124.97 , 82.9803390502 , 20.82900
125.01 , 82.9803390502 , 20.83484
125.05 , 83.0889511108 , 20.84100
125.08 , 83.0889511108 , 20.84700
125.12 , 83.0889511108 , 20.85317
125.15 , 83.1975631713 , 20.85917
125.19 , 83.1975631713 , 20.86533
125.23 , 83.1975631713 , 20.87133
125.26 , 83.1975631713 , 20.87734
125.30 , 83.1975631713 , 20.88350
125.34 , 83.3061752319 , 20.88950
125.37 , 83.3061752319 , 20.89567
125.41 , 83.3061752319 , 20.90167
125.45 , 83.3061752319 , 20.90783
125.48 , 83.3061752319 , 20.91383
125.52 , 83.4147872924 , 20.91983
125.55 , 83.3061752319 , 20.92584
125.59 , 83.4147872924 , 20.93200
125.63 , 83.4147872924 , 20.93800
125.66 , 83.4147872924 , 20.94417
125.70 , 83.5233993530 , 20.95034
125.74 , 83.5233993530 , 20.95617
125.77 , 83.5233993530 , 20.96233
125.81 , 83.5233993530 , 20.96833
125.85 , 83.6320190429 , 20.97450
125.88 , 83.5233993530 , 20.98050
125.92 , 83.6320190429 , 20.98667
125.96 , 83.6320190429 , 20.99267
125.99 , 83.6320190429 , 20.99867
126.03 , 83.6320190429 , 21.00467
126.06 , 83.7406311035 , 21.01083
126.10 , 83.7406311035 , 21.01700
126.14 , 83.8492431640 , 21.02300
126.18 , 83.8492431640 , 21.02917
126.21 , 83.7406311035 , 21.03517
126.25 , 83.8492431640 , 21.04117
126.28 , 83.9578552246 , 21.04717
126.32 , 83.8492431640 , 21.05333
126.36 , 83.8492431640 , 21.05933
126.39 , 83.9578552246 , 21.06550
126.43 , 83.9578552246 , 21.07150
126.47 , 83.9578552246 , 21.07767
126.50 , 84.0664672851 , 21.08367
126.54 , 84.0664672851 , 21.08967
126.57 , 84.0664672851 , 21.09583
126.61 , 84.0664672851 , 21.10183
126.65 , 84.0664672851 , 21.10800
126.68 , 84.1750793457 , 21.11400
126.72 , 84.1750793457 , 21.12017
126.76 , 84.1750793457 , 21.12600
126.79 , 84.2836914062 , 21.13217
126.83 , 84.2836914062 , 21.13833
126.87 , 84.2836914062 , 21.14433
126.90 , 84.2836914062 , 21.15050
126.94 , 84.2836914062 , 21.15650
126.98 , 84.2836914062 , 21.16267
127.01 , 84.2836914062 , 21.16850
127.05 , 84.3923034667 , 21.17467
127.08 , 84.5009155273 , 21.18067
127.12 , 84.3923034667 , 21.18684
127.16 , 84.5009155273 , 21.19283
127.19 , 84.5009155273 , 21.19900
127.23 , 84.5009155273 , 21.20500
127.27 , 84.3923034667 , 21.21100
127.30 , 84.5009155273 , 21.21717
127.34 , 84.5009155273 , 21.22317
127.38 , 84.5009155273 , 21.22933
127.41 , 84.5009155273 , 21.23534
127.45 , 84.6095352172 , 21.24150
127.48 , 84.6095352172 , 21.24733
127.52 , 84.6095352172 , 21.25350
127.56 , 84.6095352172 , 21.25950
127.59 , 84.6095352172 , 21.26567
127.63 , 84.7181472778 , 21.27183
127.67 , 84.7181472778 , 21.27783
127.70 , 84.7181472778 , 21.28400
127.74 , 84.8267593383 , 21.28983
127.78 , 84.8267593383 , 21.29600
127.81 , 84.8267593383 , 21.30200
127.85 , 84.8267593383 , 21.30817
127.88 , 84.8267593383 , 21.31417
127.92 , 84.9353713989 , 21.32033
127.96 , 84.8267593383 , 21.32633
127.99 , 84.9353713989 , 21.33234
128.03 , 84.9353713989 , 21.33850
128.07 , 84.9353713989 , 21.34450
128.10 , 85.0439834594 , 21.35067
128.14 , 85.0439834594 , 21.35667
128.18 , 85.1525955200 , 21.36284
128.21 , 85.1525955200 , 21.36867
128.25 , 85.0439834594 , 21.37483
128.29 , 85.1525955200 , 21.38084
128.32 , 85.1525955200 , 21.38700
128.36 , 85.2612075805 , 21.39300
128.40 , 85.2612075805 , 21.39917
128.43 , 85.1525955200 , 21.40534
128.47 , 85.3698196411 , 21.41117
128.50 , 85.3698196411 , 21.41733
128.54 , 85.2612075805 , 21.42333
128.58 , 85.3698196411 , 21.42950
128.61 , 85.2612075805 , 21.43550
128.65 , 85.3698196411 , 21.44167
128.69 , 85.3698196411 , 21.44767
128.72 , 85.4784317016 , 21.45367
128.76 , 85.4784317016 , 21.45967
128.80 , 85.4784317016 , 21.46583
128.83 , 85.5870513916 , 21.47200
128.87 , 85.4784317016 , 21.47800
128.91 , 85.5870513916 , 21.48417
128.94 , 85.5870513916 , 21.49017
128.98 , 85.5870513916 , 21.49617
129.01 , 85.5870513916 , 21.50217
129.05 , 85.5870513916 , 21.50834
129.09 , 85.6956634521 , 21.51433
129.12 , 85.6956634521 , 21.52050
129.16 , 85.6956634521 , 21.52667
129.20 , 85.8042755126 , 21.53267
129.23 , 85.8042755126 , 21.53867
129.27 , 85.8042755126 , 21.54467
129.30 , 85.8042755126 , 21.55083
129.34 , 85.8042755126 , 21.55684
129.38 , 85.9128875732 , 21.56300
129.41 , 85.9128875732 , 21.56900
129.45 , 85.9128875732 , 21.57517
129.49 , 85.9128875732 , 21.58100
129.52 , 85.9128875732 , 21.58717
129.56 , 86.0214996337 , 21.59333
129.60 , 86.0214996337 , 21.59933
129.63 , 86.0214996337 , 21.60550
129.67 , 86.0214996337 , 21.61150
129.71 , 86.0214996337 , 21.61750
129.74 , 86.1301116943 , 21.62350
129.78 , 86.1301116943 , 21.62967
129.81 , 86.1301116943 , 21.63567
129.85 , 86.1301116943 , 21.64183
129.89 , 86.1301116943 , 21.64783
129.92 , 86.2387237548 , 21.65400
129.96 , 86.2387237548 , 21.66000
130.00 , 86.2387237548 , 21.66600
130.03 , 86.2387237548 , 21.67217
130.07 , 86.2387237548 , 21.67817
130.11 , 86.2387237548 , 21.68433
130.14 , 86.4559478759 , 21.69034
130.18 , 86.3473358154 , 21.69650
130.21 , 86.2387237548 , 21.70234
130.25 , 86.4559478759 , 21.70850
130.29 , 86.4559478759 , 21.71450
130.32 , 86.4559478759 , 21.72067
130.36 , 86.4559478759 , 21.72683