2.09 , 0.1086129074 , 0.34867
2.12 , 0.1086129074 , 0.35400
2.16 , 0.1086129074 , 0.35933
2.19 , 0.2172258138 , 0.36483
2.22 , 0.1086129074 , 0.37017
2.25 , 0.2172258138 , 0.37550
2.29 , 0.1086129074 , 0.38083
2.32 , 0.1086129074 , 0.38633
2.35 , 0.2172258138 , 0.39167
2.38 , 0.1086129074 , 0.39700
2.41 , 0.1086129074 , 0.40233
2.45 , 0.1086129074 , 0.40783
2.48 , 0.1086129074 , 0.41317
2.51 , 0.2172258138 , 0.41850
2.54 , 0.1086129074 , 0.42383
2.58 , 0.1086129074 , 0.42933
2.61 , 0.2172258138 , 0.43467
2.64 , 0.1086129074 , 0.44000
2.67 , 0.1086129074 , 0.44533
2.71 , 0.2172258138 , 0.45083
2.74 , 0.2172258138 , 0.45617
2.77 , 0.2172258138 , 0.46150
2.80 , 0.2172258138 , 0.46683
2.83 , 0.2172258138 , 0.47233
2.87 , 0.1086129074 , 0.47767
2.90 , 0.2172258138 , 0.48300
2.93 , 0.2172258138 , 0.48833
2.96 , 0.1086129074 , 0.49383
3.00 , 0.2172258138 , 0.49917
3.03 , 0.2172258138 , 0.50433
3.06 , 0.2172258138 , 0.50983
3.09 , 0.3258387088 , 0.51517
3.12 , 0.2172258138 , 0.52067
3.16 , 0.2172258138 , 0.52583
3.19 , 0.2172258138 , 0.53133
3.22 , 0.2172258138 , 0.53667
3.25 , 0.3258387088 , 0.54217
3.28 , 0.2172258138 , 0.54733
3.32 , 0.2172258138 , 0.55283
3.35 , 0.3258387088 , 0.55817
3.38 , 0.3258387088 , 0.56367
3.41 , 0.2172258138 , 0.56900
3.45 , 0.3258387088 , 0.57433
3.48 , 0.3258387088 , 0.57967
3.51 , 0.3258387088 , 0.58517
3.54 , 0.3258387088 , 0.59050
3.58 , 0.3258387088 , 0.59583
3.61 , 0.2172258138 , 0.60117
3.64 , 0.2172258138 , 0.60667
3.67 , 0.3258387088 , 0.61200
3.70 , 0.3258387088 , 0.61733
3.74 , 0.3258387088 , 0.62267
3.77 , 0.3258387088 , 0.62817
3.80 , 0.3258387088 , 0.63350
3.83 , 0.3258387088 , 0.63883
3.87 , 0.3258387088 , 0.64417
3.90 , 0.5430645465 , 0.64967
3.93 , 0.5430645465 , 0.65500
3.96 , 0.4344516277 , 0.66033
3.99 , 0.3258387088 , 0.66567
4.03 , 0.4344516277 , 0.67117
4.06 , 0.4344516277 , 0.67650
4.09 , 0.4344516277 , 0.68167
4.12 , 0.5430645465 , 0.68717
4.16 , 0.5430645465 , 0.69250
4.19 , 0.5430645465 , 0.69800
4.22 , 0.5430645465 , 0.70317
4.25 , 0.5430645465 , 0.70867
4.28 , 0.5430645465 , 0.71400
4.32 , 0.5430645465 , 0.71950
4.35 , 0.5430645465 , 0.72467
4.38 , 0.5430645465 , 0.73017
4.41 , 0.6516774177 , 0.73550
4.45 , 0.6516774177 , 0.74100
4.48 , 0.6516774177 , 0.74617
4.51 , 0.6516774177 , 0.75167
4.54 , 0.6516774177 , 0.75700
4.57 , 0.7602903366 , 0.76250
4.61 , 0.7602903366 , 0.76767
4.64 , 0.7602903366 , 0.77317
4.67 , 0.6516774177 , 0.77850
4.70 , 0.7602903366 , 0.78400
4.74 , 0.8689032554 , 0.78933
4.77 , 0.8689032554 , 0.79467
4.80 , 0.8689032554 , 0.80000
4.83 , 0.8689032554 , 0.80550
4.86 , 0.8689032554 , 0.81083
4.90 , 0.8689032554 , 0.81617
4.93 , 0.8689032554 , 0.82150
4.96 , 0.8689032554 , 0.82700
4.99 , 1.0861290740 , 0.83233
5.03 , 0.9775160789 , 0.83767
5.06 , 0.9775160789 , 0.84300
5.09 , 0.9775160789 , 0.84833
5.12 , 1.0861290740 , 0.85383
5.15 , 1.0861290740 , 0.85900
5.19 , 1.0861290740 , 0.86450
5.22 , 1.0861290740 , 0.86983
5.25 , 1.0861290740 , 0.87533
5.28 , 1.1947432708 , 0.88050
5.32 , 1.0861290740 , 0.88600
5.35 , 1.1947432708 , 0.89133
5.38 , 1.1947432708 , 0.89683
5.41 , 1.3033561706 , 0.90200
5.45 , 1.1947432708 , 0.90750
5.48 , 1.3033561706 , 0.91283
5.51 , 1.3033561706 , 0.91833
5.54 , 1.4119690895 , 0.92350
5.57 , 1.3033561706 , 0.92900
5.61 , 1.4119690895 , 0.93433
5.64 , 1.4119690895 , 0.93983
5.67 , 1.3033561706 , 0.94500
5.70 , 1.5205819606 , 0.95050
5.74 , 1.4119690895 , 0.95583
5.77 , 1.4119690895 , 0.96133
5.80 , 1.4119690895 , 0.96650
5.83 , 1.4119690895 , 0.97200
5.86 , 1.5205819606 , 0.97733
5.90 , 1.5205819606 , 0.98283
5.93 , 1.5205819606 , 0.98800
5.96 , 1.5205819606 , 0.99350
5.99 , 1.6291948318 , 0.99883
6.03 , 1.6291948318 , 1.00433
6.06 , 1.6291948318 , 1.00950
6.09 , 1.6291948318 , 1.01500
6.12 , 1.6291948318 , 1.02033
6.15 , 1.7378077507 , 1.02567
6.19 , 1.7378077507 , 1.03117
6.22 , 1.7378077507 , 1.03633
6.25 , 1.7378077507 , 1.04183
6.28 , 1.7378077507 , 1.04717
6.32 , 1.6291948318 , 1.05267
6.35 , 1.7378077507 , 1.05783
6.38 , 1.8464206695 , 1.06333
6.41 , 1.8464206695 , 1.06867
6.45 , 1.8464206695 , 1.07417
6.48 , 1.8464206695 , 1.07933
6.51 , 1.8464206695 , 1.08483
6.54 , 1.9550334930 , 1.09017
6.57 , 1.8464206695 , 1.09567
6.61 , 1.9550334930 , 1.10083
6.64 , 1.9550334930 , 1.10633
6.67 , 1.9550334930 , 1.11167
6.70 , 2.0636465549 , 1.11717
6.73 , 2.0636465549 , 1.12233
6.77 , 2.0636465549 , 1.12783
6.80 , 2.0636465549 , 1.13317
6.83 , 2.0636465549 , 1.13867
6.86 , 2.1722593307 , 1.14383
6.90 , 2.0636465549 , 1.14933
6.93 , 2.1722593307 , 1.15467
6.96 , 2.1722593307 , 1.16017
6.99 , 2.1722593307 , 1.16533
7.03 , 2.1722593307 , 1.17083
7.06 , 2.1722593307 , 1.17617
7.09 , 2.2808723449 , 1.18167
7.12 , 2.2808723449 , 1.18683
7.15 , 2.3894851207 , 1.19217
7.19 , 2.2808723449 , 1.19767
7.22 , 2.2808723449 , 1.20300
7.25 , 2.2808723449 , 1.20833
7.28 , 2.3894851207 , 1.21367
7.32 , 2.3894851207 , 1.21917
7.35 , 2.2808723449 , 1.22450
7.38 , 2.2808723449 , 1.22983
7.41 , 2.3894851207 , 1.23517
7.44 , 2.3894851207 , 1.24067
7.48 , 2.3894851207 , 1.24600
7.51 , 2.4980981349 , 1.25133
7.54 , 2.3894851207 , 1.25667
7.57 , 2.4980981349 , 1.26217
7.61 , 2.4980981349 , 1.26750
7.64 , 2.4980981349 , 1.27300
7.67 , 2.4980981349 , 1.27817
7.70 , 2.6067123413 , 1.28367
7.73 , 2.6067123413 , 1.28900
7.77 , 2.6067123413 , 1.29450
7.80 , 2.7153253555 , 1.29967
7.83 , 2.6067123413 , 1.30517
7.86 , 2.6067123413 , 1.31050
7.90 , 2.7153253555 , 1.31600
7.93 , 2.7153253555 , 1.32117
7.96 , 2.7153253555 , 1.32667
7.99 , 2.7153253555 , 1.33200
8.02 , 2.7153253555 , 1.33750
8.06 , 2.7153253555 , 1.34267
8.09 , 2.8239381790 , 1.34817
8.12 , 2.8239381790 , 1.35350
8.15 , 2.7153253555 , 1.35900
8.19 , 2.8239381790 , 1.36417
8.22 , 2.9325511932 , 1.36950
8.25 , 2.9325511932 , 1.37500
8.28 , 2.8239381790 , 1.38033
8.31 , 2.9325511932 , 1.38567
8.35 , 2.8239381790 , 1.39100
8.38 , 2.9325511932 , 1.39650
8.41 , 2.9325511932 , 1.40183
8.44 , 2.9325511932 , 1.40717
8.48 , 3.0411639213 , 1.41250
8.51 , 2.9325511932 , 1.41800
8.54 , 3.0411639213 , 1.42333
8.57 , 2.9325511932 , 1.42867
8.60 , 3.0411639213 , 1.43400
8.64 , 3.0411639213 , 1.43950
8.67 , 3.0411639213 , 1.44483
8.70 , 3.1497769355 , 1.45017
8.73 , 3.1497769355 , 1.45550
8.77 , 3.1497769355 , 1.46100
8.80 , 3.1497769355 , 1.46633
8.83 , 3.2583897113 , 1.47167
8.86 , 3.2583897113 , 1.47700
8.90 , 3.2583897113 , 1.48250
8.93 , 3.2583897113 , 1.48783
8.96 , 3.2583897113 , 1.49333
8.99 , 3.2583897113 , 1.49850
9.02 , 3.2583897113 , 1.50400
9.06 , 3.2583897113 , 1.50933
9.09 , 3.3670027256 , 1.51483
9.12 , 3.4756155014 , 1.52000
9.15 , 3.3670027256 , 1.52550
9.19 , 3.3670027256 , 1.53083
9.22 , 3.3670027256 , 1.53617
9.25 , 3.5842285156 , 1.54150
9.28 , 3.4756155014 , 1.54683
9.31 , 3.5842285156 , 1.55233
9.35 , 3.4756155014 , 1.55767
9.38 , 3.5842285156 , 1.56300
9.41 , 3.5842285156 , 1.56833
9.44 , 3.5842285156 , 1.57383
9.48 , 3.5842285156 , 1.57917
9.51 , 3.5842285156 , 1.58450
9.54 , 3.6928412914 , 1.58983
9.57 , 3.6928412914 , 1.59533
9.60 , 3.6928412914 , 1.60067
9.64 , 3.5842285156 , 1.60600
9.67 , 3.8014543533 , 1.61133
9.70 , 3.8014543533 , 1.61683
9.73 , 3.6928412914 , 1.62217
9.77 , 3.6928412914 , 1.62750
9.80 , 3.8014543533 , 1.63283
9.83 , 3.8014543533 , 1.63833
9.86 , 3.8014543533 , 1.64367
9.89 , 3.9100670814 , 1.64900
9.93 , 3.8014543533 , 1.65433
9.96 , 3.8014543533 , 1.65983
9.99 , 3.9100670814 , 1.66517
10.02 , 3.9100670814 , 1.67050
10.06 , 4.0186815261 , 1.67600
10.09 , 4.0186815261 , 1.68167
10.12 , 4.0186815261 , 1.68717
10.16 , 4.0186815261 , 1.69283
10.19 , 4.0186815261 , 1.69817
10.22 , 4.1272945404 , 1.70383
10.26 , 4.0186815261 , 1.70933
10.29 , 4.1272945404 , 1.71500
10.32 , 4.1272945404 , 1.72033
10.36 , 4.1272945404 , 1.72600
10.39 , 4.1272945404 , 1.73150
10.42 , 4.0186815261 , 1.73717
10.46 , 4.0186815261 , 1.74267
10.49 , 4.1272945404 , 1.74817
10.52 , 4.1272945404 , 1.75367
10.56 , 4.1272945404 , 1.75933
10.59 , 4.0186815261 , 1.76483
10.62 , 4.1272945404 , 1.77033
10.65 , 4.2359070777 , 1.77583
10.69 , 4.2359070777 , 1.78150
10.72 , 4.2359070777 , 1.78700
10.76 , 4.2359070777 , 1.79267
10.79 , 4.2359070777 , 1.79800
10.82 , 4.2359070777 , 1.80367
10.85 , 4.3445200920 , 1.80917
10.89 , 4.2359070777 , 1.81483
10.92 , 4.3445200920 , 1.82017
10.96 , 4.3445200920 , 1.82583
10.99 , 4.3445200920 , 1.83133
11.02 , 4.3445200920 , 1.83700
11.06 , 4.3445200920 , 1.84250
11.09 , 4.3445200920 , 1.84800
11.12 , 4.4531331062 , 1.85350
11.15 , 4.4531331062 , 1.85917
11.19 , 4.4531331062 , 1.86467
11.22 , 4.4531331062 , 1.87033
11.25 , 4.4531331062 , 1.87567
11.29 , 4.5617461204 , 1.88133
11.32 , 4.4531331062 , 1.88683
11.35 , 4.4531331062 , 1.89250
11.39 , 4.5617461204 , 1.89783
11.42 , 4.5617461204 , 1.90350
11.45 , 4.6703586578 , 1.90900
11.49 , 4.6703586578 , 1.91467
11.52 , 4.6703586578 , 1.92017
11.55 , 4.5617461204 , 1.92567
11.59 , 4.6703586578 , 1.93117
11.62 , 4.6703586578 , 1.93683
11.65 , 4.6703586578 , 1.94233
11.69 , 4.7789716720 , 1.94783
11.72 , 4.6703586578 , 1.95333
11.75 , 4.7789716720 , 1.95900
11.79 , 4.7789716720 , 1.96450
11.82 , 4.7789716720 , 1.97017
11.85 , 4.7789716720 , 1.97550
11.89 , 4.8875846862 , 1.98117
11.92 , 4.7789716720 , 1.98667
11.95 , 4.8875846862 , 1.99233
11.99 , 4.9961977005 , 1.99767
12.02 , 4.8875846862 , 2.00333
12.05 , 4.8875846862 , 2.00883
12.09 , 4.8875846862 , 2.01450
12.12 , 4.9961977005 , 2.02000
12.15 , 4.9961977005 , 2.02550
12.19 , 5.1048102378 , 2.03100
12.22 , 5.1048102378 , 2.03667
12.25 , 5.1048102378 , 2.04217
12.29 , 5.1048102378 , 2.04767
12.32 , 5.2134232521 , 2.05317
12.35 , 5.2134232521 , 2.05883
12.39 , 5.1048102378 , 2.06433
12.42 , 5.2134232521 , 2.07000
12.45 , 5.2134232521 , 2.07533
12.49 , 5.2134232521 , 2.08100
12.52 , 5.2134232521 , 2.08650
12.55 , 5.3220362663 , 2.09217
12.59 , 5.3220362663 , 2.09750
12.62 , 5.3220362663 , 2.10317
12.65 , 5.3220362663 , 2.10867
12.69 , 5.3220362663 , 2.11433
12.72 , 5.4306507110 , 2.11983
12.75 , 5.4306507110 , 2.12533
12.78 , 5.3220362663 , 2.13083
12.82 , 5.4306507110 , 2.13650
12.85 , 5.4306507110 , 2.14200
12.89 , 5.4306507110 , 2.14767
12.92 , 5.5392632484 , 2.15300
12.95 , 5.5392632484 , 2.15867
12.98 , 5.4306507110 , 2.16417
13.02 , 5.5392632484 , 2.16983
13.05 , 5.5392632484 , 2.17517
13.09 , 5.6478762626 , 2.18083
13.12 , 5.6478762626 , 2.18633
13.15 , 5.6478762626 , 2.19200
13.19 , 5.5392632484 , 2.19750
13.22 , 5.5392632484 , 2.20300
13.25 , 5.6478762626 , 2.20850
13.28 , 5.6478762626 , 2.21417
13.32 , 5.7564892768 , 2.21967
13.35 , 5.7564892768 , 2.22517
13.38 , 5.6478762626 , 2.23067
13.42 , 5.8651022911 , 2.23633
13.45 , 5.7564892768 , 2.24183
13.48 , 5.7564892768 , 2.24750
13.52 , 5.7564892768 , 2.25283
13.55 , 5.8651022911 , 2.25850
13.58 , 5.8651022911 , 2.26400
13.62 , 5.8651022911 , 2.26967
13.65 , 5.9737148284 , 2.27500
13.68 , 5.9737148284 , 2.28067
13.72 , 5.8651022911 , 2.28617
13.75 , 5.9737148284 , 2.29183
13.78 , 6.0823278427 , 2.29733
13.82 , 5.9737148284 , 2.30283
13.85 , 6.0823278427 , 2.30833
13.88 , 5.9737148284 , 2.31400
13.92 , 6.0823278427 , 2.31950
13.95 , 6.0823278427 , 2.32500
13.98 , 6.0823278427 , 2.33050
14.02 , 6.0823278427 , 2.33617
14.05 , 6.0823278427 , 2.34167
14.08 , 6.0823278427 , 2.34733
14.12 , 6.1909408569 , 2.35267
14.15 , 6.0823278427 , 2.35833
14.18 , 6.1909408569 , 2.36383
14.22 , 6.1909408569 , 2.36950
14.25 , 6.1909408569 , 2.37483
14.28 , 6.2995538711 , 2.38050
14.32 , 6.2995538711 , 2.38600
14.35 , 6.2995538711 , 2.39167
14.38 , 6.4081664085 , 2.39717
14.42 , 6.2995538711 , 2.40267
14.45 , 6.4081664085 , 2.40817
14.48 , 6.4081664085 , 2.41383
14.52 , 6.2995538711 , 2.41933
14.55 , 6.5167794227 , 2.42500
14.58 , 6.4081664085 , 2.43033
14.62 , 6.4081664085 , 2.43600
14.65 , 6.5167794227 , 2.44150
14.68 , 6.5167794227 , 2.44717
14.72 , 6.5167794227 , 2.45250
14.75 , 6.6253924369 , 2.45817
14.78 , 6.5167794227 , 2.46367
14.82 , 6.5167794227 , 2.46933
14.85 , 6.6253924369 , 2.47483
14.88 , 6.7340068817 , 2.48033
14.92 , 6.6253924369 , 2.48583
14.95 , 6.7340068817 , 2.49150
14.98 , 6.6253924369 , 2.49700
15.02 , 6.7340068817 , 2.50250
15.05 , 6.7340068817 , 2.50800
15.08 , 6.8426194190 , 2.51367
15.11 , 6.8426194190 , 2.51917
15.15 , 6.8426194190 , 2.52483
15.18 , 6.7340068817 , 2.53017
15.22 , 6.9512324333 , 2.53583
15.25 , 6.8426194190 , 2.54133
15.28 , 6.9512324333 , 2.54700
15.31 , 6.9512324333 , 2.55233
15.35 , 6.8426194190 , 2.55800
15.38 , 6.9512324333 , 2.56350
15.42 , 6.8426194190 , 2.56917
15.45 , 6.9512324333 , 2.57467
15.48 , 7.0598454475 , 2.58017
15.51 , 6.9512324333 , 2.58567
15.55 , 7.0598454475 , 2.59133
15.58 , 7.1684584617 , 2.59683
15.61 , 7.0598454475 , 2.60233
15.65 , 7.0598454475 , 2.60783
15.68 , 7.0598454475 , 2.61350
15.71 , 7.1684584617 , 2.61900
15.75 , 7.1684584617 , 2.62467
15.78 , 7.1684584617 , 2.63000
15.81 , 7.0598454475 , 2.63567
15.85 , 7.2770709991 , 2.64117
15.88 , 7.1684584617 , 2.64683
15.91 , 7.1684584617 , 2.65217
15.95 , 7.1684584617 , 2.65783
15.98 , 7.2770709991 , 2.66333
16.01 , 7.2770709991 , 2.66900
16.05 , 7.2770709991 , 2.67450
16.08 , 7.2770709991 , 2.68000
16.11 , 7.3856840133 , 2.68550
16.15 , 7.4942970275 , 2.69117
16.18 , 7.3856840133 , 2.69667
16.21 , 7.4942970275 , 2.70233
16.25 , 7.3856840133 , 2.70767
16.28 , 7.4942970275 , 2.71333
16.31 , 7.4942970275 , 2.71883
16.35 , 7.3856840133 , 2.72450
16.38 , 7.4942970275 , 2.72983
16.41 , 7.4942970275 , 2.73550
16.45 , 7.4942970275 , 2.74100
16.48 , 7.4942970275 , 2.74667
16.51 , 7.6029100418 , 2.75217
16.55 , 7.6029100418 , 2.75767
16.58 , 7.7115225791 , 2.76317
16.61 , 7.6029100418 , 2.76883
16.65 , 7.7115225791 , 2.77433
16.68 , 7.7115225791 , 2.77983
16.71 , 7.7115225791 , 2.78533
16.75 , 7.7115225791 , 2.79100
16.78 , 7.8201355934 , 2.79650
16.81 , 7.8201355934 , 2.80217
16.84 , 7.8201355934 , 2.80750
16.88 , 7.8201355934 , 2.81317
16.91 , 7.8201355934 , 2.81867
16.95 , 7.9287486076 , 2.82433
16.98 , 7.9287486076 , 2.82967
17.01 , 7.9287486076 , 2.83533
17.04 , 8.0373611450 , 2.84083
17.08 , 8.0373611450 , 2.84650
17.11 , 7.9287486076 , 2.85200
17.14 , 8.0373611450 , 2.85750
17.18 , 8.0373611450 , 2.86300
17.21 , 8.0373611450 , 2.86867
17.25 , 8.0373611450 , 2.87417
17.28 , 8.0373611450 , 2.87967
17.31 , 8.1459760665 , 2.88517
17.34 , 8.2545890808 , 2.89083
17.38 , 8.2545890808 , 2.89633
17.41 , 8.2545890808 , 2.90200
17.44 , 8.2545890808 , 2.90733
17.48 , 8.2545890808 , 2.91300
17.51 , 8.3632011413 , 2.91850
17.54 , 8.3632011413 , 2.92417
17.58 , 8.2545890808 , 2.92950
17.61 , 8.3632011413 , 2.93517
17.64 , 8.3632011413 , 2.94067
17.68 , 8.2545890808 , 2.94633
17.71 , 8.4718141555 , 2.95183
17.74 , 8.3632011413 , 2.95733
17.78 , 8.3632011413 , 2.96283
17.81 , 8.4718141555 , 2.96850
17.84 , 8.3632011413 , 2.97400
17.88 , 8.5804271697 , 2.97967
17.91 , 8.5804271697 , 2.98500
17.94 , 8.6890401840 , 2.99067
17.98 , 8.4718141555 , 2.99617
18.01 , 8.5804271697 , 3.00183
18.04 , 8.5804271697 , 3.00717
18.08 , 8.5804271697 , 3.01283
18.11 , 8.5804271697 , 3.01833
18.14 , 8.5804271697 , 3.02400
18.18 , 8.6890401840 , 3.02950
18.21 , 8.6890401840 , 3.03500
18.24 , 8.6890401840 , 3.04050
18.28 , 8.6890401840 , 3.04617
18.31 , 8.6890401840 , 3.05167
18.34 , 8.6890401840 , 3.05717
18.38 , 8.6890401840 , 3.06267
18.41 , 8.7976531982 , 3.06833
18.44 , 8.9062662124 , 3.07383
18.48 , 8.7976531982 , 3.07950
18.51 , 8.9062662124 , 3.08483
18.54 , 8.9062662124 , 3.09050
18.58 , 8.9062662124 , 3.09600
18.61 , 8.9062662124 , 3.10167
18.64 , 8.9062662124 , 3.10700
18.68 , 8.9062662124 , 3.11267
18.71 , 9.0148792266 , 3.11817
18.74 , 9.0148792266 , 3.12383
18.78 , 9.0148792266 , 3.12933
18.81 , 9.1234922409 , 3.13483
18.84 , 9.1234922409 , 3.14033
18.88 , 9.1234922409 , 3.14600
18.91 , 9.1234922409 , 3.15150
18.94 , 9.1234922409 , 3.15700
18.97 , 9.2321052551 , 3.16250
19.01 , 9.2321052551 , 3.16817
19.04 , 9.2321052551 , 3.17367
19.08 , 9.2321052551 , 3.17933
19.11 , 9.2321052551 , 3.18467
19.14 , 9.2321052551 , 3.19033
19.17 , 9.3407173156 , 3.19583
19.21 , 9.3407173156 , 3.20150
19.24 , 9.3407173156 , 3.20683
19.27 , 9.3407173156 , 3.21250
19.31 , 9.3407173156 , 3.21800
19.34 , 9.3407173156 , 3.22367
19.37 , 9.5579452514 , 3.22917
19.41 , 9.3407173156 , 3.23467
19.44 , 9.4493303298 , 3.24017
19.47 , 9.4493303298 , 3.24583
19.51 , 9.5579452514 , 3.25133
19.54 , 9.4493303298 , 3.25700
19.57 , 9.5579452514 , 3.26233
19.61 , 9.5579452514 , 3.26800
19.64 , 9.6665573120 , 3.27350
19.67 , 9.7751703262 , 3.27917
19.71 , 9.6665573120 , 3.28450
19.74 , 9.6665573120 , 3.29017
19.77 , 9.7751703262 , 3.29567
19.81 , 9.7751703262 , 3.30133
19.84 , 9.7751703262 , 3.30683
19.87 , 9.6665573120 , 3.31233
19.91 , 9.7751703262 , 3.31783
19.94 , 9.8837833404 , 3.32350
19.97 , 9.8837833404 , 3.32900
20.01 , 9.8837833404 , 3.33450
20.04 , 9.8837833404 , 3.34000
20.07 , 9.8837833404 , 3.34567
20.11 , 9.9923963546 , 3.35117
20.14 , 9.9923963546 , 3.35683
20.17 , 9.9923963546 , 3.36217
20.21 , 9.9923963546 , 3.36783
20.24 , 10.1010093688 , 3.37333
20.27 , 10.1010093688 , 3.37917
20.31 , 9.9923963546 , 3.38467
20.34 , 9.9923963546 , 3.39033
20.37 , 10.1010093688 , 3.39583
20.41 , 10.1010093688 , 3.40167
20.44 , 10.2096223831 , 3.40733
20.48 , 10.2096223831 , 3.41300
20.51 , 10.2096223831 , 3.41867
20.55 , 10.2096223831 , 3.42450
20.58 , 10.2096223831 , 3.43017
20.62 , 10.2096223831 , 3.43600
20.65 , 10.2096223831 , 3.44150
20.68 , 10.2096223831 , 3.44733
20.72 , 10.3182353973 , 3.45300
20.75 , 10.3182353973 , 3.45883
20.79 , 10.3182353973 , 3.46450
20.82 , 10.4268484115 , 3.47033
20.85 , 10.4268484115 , 3.47583
20.89 , 10.4268484115 , 3.48167
20.92 , 10.4268484115 , 3.48733
20.96 , 10.4268484115 , 3.49317
20.99 , 10.5354614257 , 3.49883
21.03 , 10.5354614257 , 3.50450
21.06 , 10.6440734863 , 3.51017
21.10 , 10.7526865005 , 3.51600
21.13 , 10.6440734863 , 3.52167
21.17 , 10.7526865005 , 3.52750
21.20 , 10.6440734863 , 3.53317
21.23 , 10.8612995147 , 3.53883
21.27 , 11.2957515716 , 3.54467
21.30 , 11.4043645858 , 3.55033
21.34 , 11.6215925216 , 3.55617
21.37 , 11.6215925216 , 3.56167
21.40 , 11.9474315643 , 3.56750
21.44 , 12.3818826675 , 3.57317
21.47 , 12.4904956817 , 3.57900
21.51 , 13.5766248703 , 3.58467
21.54 , 13.6852378845 , 3.59033
21.58 , 13.9024639129 , 3.59600
21.61 , 13.7938508987 , 3.60183
21.64 , 13.7938508987 , 3.60750
21.68 , 13.9024639129 , 3.61333
21.71 , 14.0110769271 , 3.61883
21.75 , 13.9024639129 , 3.62467
21.78 , 14.0110769271 , 3.63033
21.82 , 13.9024639129 , 3.63617
21.85 , 13.9024639129 , 3.64183
21.88 , 14.1196889877 , 3.64750
21.92 , 14.1196889877 , 3.65317
21.95 , 14.0110769271 , 3.65900
21.99 , 14.1196889877 , 3.66467
22.02 , 13.6852378845 , 3.67050
22.06 , 13.5766248703 , 3.67600
22.09 , 13.5766248703 , 3.68183
22.12 , 13.4680118560 , 3.68750
22.16 , 13.4680118560 , 3.69333
22.19 , 13.4680118560 , 3.69900
22.23 , 13.4680118560 , 3.70467
22.26 , 13.3593988418 , 3.71033
22.30 , 13.2507858276 , 3.71617
22.33 , 13.2507858276 , 3.72200
22.37 , 13.1421737670 , 3.72767
22.40 , 13.1421737670 , 3.73350
22.43 , 13.2507858276 , 3.73900
22.47 , 13.1421737670 , 3.74483
22.50 , 13.1421737670 , 3.75050
22.54 , 13.2507858276 , 3.75633
22.57 , 13.2507858276 , 3.76200
22.61 , 13.1421737670 , 3.76767
22.64 , 13.1421737670 , 3.77333
22.67 , 13.1421737670 , 3.77917
22.71 , 13.2507858276 , 3.78483
22.74 , 13.1421737670 , 3.79067
22.78 , 13.3593988418 , 3.79617
22.81 , 13.2507858276 , 3.80200
22.85 , 13.3593988418 , 3.80767
22.88 , 13.3593988418 , 3.81350
22.92 , 13.4680118560 , 3.81917
22.95 , 13.4680118560 , 3.82483
22.98 , 13.5766248703 , 3.83050
23.02 , 13.5766248703 , 3.83633
23.05 , 13.5766248703 , 3.84200
23.09 , 13.5766248703 , 3.84783
23.12 , 13.6852378845 , 3.85333
23.15 , 13.7938508987 , 3.85917
23.19 , 13.6852378845 , 3.86483
23.22 , 13.6852378845 , 3.87067
23.26 , 13.7938508987 , 3.87633
23.29 , 13.7938508987 , 3.88200
23.33 , 13.7938508987 , 3.88767
23.36 , 13.9024639129 , 3.89350
23.40 , 13.9024639129 , 3.89933
23.43 , 14.0110769271 , 3.90500
23.46 , 14.1196889877 , 3.91067
23.50 , 14.2283020019 , 3.91633
23.53 , 14.2283020019 , 3.92217
23.57 , 14.3369150161 , 3.92783
23.60 , 14.1196889877 , 3.93367
23.63 , 14.1196889877 , 3.93917
23.67 , 14.2283020019 , 3.94500
23.70 , 14.1196889877 , 3.95067
23.74 , 14.1196889877 , 3.95650
23.77 , 14.2283020019 , 3.96217
23.81 , 14.1196889877 , 3.96800
23.84 , 14.1196889877 , 3.97350
23.88 , 14.2283020019 , 3.97933
23.91 , 14.2283020019 , 3.98500
23.94 , 14.2283020019 , 3.99083
23.98 , 14.2283020019 , 3.99650
24.01 , 14.2283020019 , 4.00217
24.05 , 14.1196889877 , 4.00783
24.08 , 14.1196889877 , 4.01367
24.12 , 14.2283020019 , 4.01933
24.15 , 14.2283020019 , 4.02517
24.18 , 14.2283020019 , 4.03067
24.22 , 14.2283020019 , 4.03650
24.25 , 14.2283020019 , 4.04217
24.29 , 14.2283020019 , 4.04800
24.32 , 14.2283020019 , 4.05367
24.36 , 14.2283020019 , 4.05933
24.39 , 14.2283020019 , 4.06500
24.42 , 14.2283020019 , 4.07083
24.46 , 14.3369150161 , 4.07650
24.49 , 14.3369150161 , 4.08233
24.53 , 14.3369150161 , 4.08800
24.56 , 14.4455308914 , 4.09367
24.60 , 14.3369150161 , 4.09950
24.63 , 14.4455308914 , 4.10517
24.67 , 14.4455308914 , 4.11100
24.70 , 14.5541439056 , 4.11650
24.73 , 14.5541439056 , 4.12233
24.77 , 14.5541439056 , 4.12800
24.80 , 14.5541439056 , 4.13383
24.84 , 14.5541439056 , 4.13950
24.87 , 14.5541439056 , 4.14517
24.90 , 14.6627569198 , 4.15083
24.94 , 14.6627569198 , 4.15667
24.97 , 14.6627569198 , 4.16233
25.01 , 14.7713699340 , 4.16817
25.04 , 14.7713699340 , 4.17367
25.08 , 14.6627569198 , 4.17950
25.11 , 14.6627569198 , 4.18517
25.15 , 14.7713699340 , 4.19100
25.18 , 14.7713699340 , 4.19667
25.21 , 14.7713699340 , 4.20233
25.25 , 14.7713699340 , 4.20800
25.28 , 14.8799819946 , 4.21383
25.32 , 14.8799819946 , 4.21950
25.35 , 14.8799819946 , 4.22533
25.38 , 14.8799819946 , 4.23083
25.42 , 14.8799819946 , 4.23667
25.45 , 14.8799819946 , 4.24233
25.49 , 14.9885950088 , 4.24817
25.52 , 15.0972080230 , 4.25383
25.56 , 14.9885950088 , 4.25967
25.59 , 15.0972080230 , 4.26533
25.63 , 15.0972080230 , 4.27100
25.66 , 15.0972080230 , 4.27683
25.69 , 14.9885950088 , 4.28250
25.73 , 15.2058210372 , 4.28833
25.76 , 15.2058210372 , 4.29383
25.80 , 15.2058210372 , 4.29967
25.83 , 15.2058210372 , 4.30533
25.87 , 15.2058210372 , 4.31117
25.90 , 15.2058210372 , 4.31683
25.93 , 15.2058210372 , 4.32250
25.97 , 15.2058210372 , 4.32817
26.00 , 15.3144340515 , 4.33400
26.04 , 15.3144340515 , 4.33967
26.07 , 15.4230470657 , 4.34550
26.11 , 15.4230470657 , 4.35100
26.14 , 15.4230470657 , 4.35683
26.17 , 15.4230470657 , 4.36250
26.21 , 15.5316600799 , 4.36833
26.24 , 15.5316600799 , 4.37400
26.28 , 15.5316600799 , 4.37967
26.31 , 15.5316600799 , 4.38533
26.35 , 15.4230470657 , 4.39117
26.38 , 15.5316600799 , 4.39683
26.42 , 15.5316600799 , 4.40267
26.45 , 15.6402730941 , 4.40817
26.48 , 15.6402730941 , 4.41400
26.52 , 15.6402730941 , 4.41967
26.55 , 15.6402730941 , 4.42550
26.59 , 15.7488861083 , 4.43117
26.62 , 15.7488861083 , 4.43683
26.65 , 15.7488861083 , 4.44250
26.69 , 15.7488861083 , 4.44833
26.72 , 15.9661111831 , 4.45417
26.76 , 15.9661111831 , 4.45983
26.79 , 15.9661111831 , 4.46550
26.83 , 15.9661111831 , 4.47117
26.86 , 16.0747241973 , 4.47700
26.90 , 15.9661111831 , 4.48267
26.93 , 15.9661111831 , 4.48850
26.96 , 16.0747241973 , 4.49400
27.00 , 15.9661111831 , 4.49983
27.03 , 15.9661111831 , 4.50550
27.07 , 16.0747241973 , 4.51133
27.10 , 16.1833381652 , 4.51700
27.14 , 15.9661111831 , 4.52283
27.17 , 16.1833381652 , 4.52833
27.20 , 16.1833381652 , 4.53417
27.24 , 16.0747241973 , 4.53983
27.27 , 16.1833381652 , 4.54567
27.31 , 16.1833381652 , 4.55133
27.34 , 16.2919502258 , 4.55700
27.38 , 16.2919502258 , 4.56267
27.41 , 16.2919502258 , 4.56850
27.44 , 16.4005622863 , 4.57417
27.48 , 16.2919502258 , 4.58000
27.51 , 16.4005622863 , 4.58550
27.55 , 16.4005622863 , 4.59133
27.58 , 16.5091762542 , 4.59700
27.62 , 16.4005622863 , 4.60283
27.65 , 16.5091762542 , 4.60850
27.68 , 16.5091762542 , 4.61417
27.72 , 16.4005622863 , 4.61983
27.75 , 16.5091762542 , 4.62567
27.79 , 16.5091762542 , 4.63150
27.82 , 16.5091762542 , 4.63717
27.86 , 16.5091762542 , 4.64283
27.89 , 16.6177883148 , 4.64850
27.93 , 16.6177883148 , 4.65433
27.96 , 16.6177883148 , 4.66000
28.00 , 16.7264022827 , 4.66583
28.03 , 16.7264022827 , 4.67133
28.06 , 16.7264022827 , 4.67717
28.10 , 16.7264022827 , 4.68283
28.13 , 16.7264022827 , 4.68867
28.17 , 16.7264022827 , 4.69433
28.20 , 16.8350143432 , 4.70000
28.23 , 16.8350143432 , 4.70567
28.27 , 16.8350143432 , 4.71150
28.30 , 16.8350143432 , 4.71717
28.34 , 16.8350143432 , 4.72300
28.37 , 16.8350143432 , 4.72850
28.41 , 16.9436283111 , 4.73433
28.44 , 16.9436283111 , 4.74000
28.47 , 16.9436283111 , 4.74583
28.51 , 17.0522403717 , 4.75150
28.54 , 17.0522403717 , 4.75733
28.58 , 17.0522403717 , 4.76283
28.61 , 17.1608562469 , 4.76867
28.65 , 17.0522403717 , 4.77433
28.68 , 17.1608562469 , 4.78017
28.71 , 17.0522403717 , 4.78583
28.75 , 17.1608562469 , 4.79150
28.78 , 17.1608562469 , 4.79717
28.82 , 17.2694683074 , 4.80300
28.85 , 17.3780822753 , 4.80867
28.89 , 17.3780822753 , 4.81450
28.92 , 17.2694683074 , 4.82017
28.95 , 17.3780822753 , 4.82583
28.99 , 17.3780822753 , 4.83167
29.02 , 17.3780822753 , 4.83733
29.06 , 17.2694683074 , 4.84317
29.09 , 17.3780822753 , 4.84867
29.13 , 17.3780822753 , 4.85450
29.16 , 17.4866943359 , 4.86017
29.20 , 17.4866943359 , 4.86600
29.23 , 17.5953083038 , 4.87167
29.26 , 17.5953083038 , 4.87733
29.30 , 17.5953083038 , 4.88300
29.33 , 17.5953083038 , 4.88883
29.37 , 17.7039203643 , 4.89450
29.40 , 17.7039203643 , 4.90033
29.43 , 17.7039203643 , 4.90583
29.47 , 17.8125343322 , 4.91167
29.50 , 17.9211463928 , 4.91733
29.54 , 18.0297584533 , 4.92317
29.57 , 17.9211463928 , 4.92883
29.61 , 17.9211463928 , 4.93450
29.64 , 17.9211463928 , 4.94017
29.68 , 18.0297584533 , 4.94600
29.71 , 18.1383724212 , 4.95167
29.75 , 18.1383724212 , 4.95750
29.78 , 18.2469844818 , 4.96300
29.81 , 18.1383724212 , 4.96883
29.85 , 18.2469844818 , 4.97450
29.88 , 18.2469844818 , 4.98033
29.92 , 18.4642105102 , 4.98600
29.95 , 18.6814365386 , 4.99167
29.98 , 18.7900505065 , 4.99750
30.02 , 18.8986625671 , 5.00317
30.05 , 18.8986625671 , 5.00900
30.09 , 18.7900505065 , 5.01467
30.12 , 18.7900505065 , 5.02050
30.16 , 18.7900505065 , 5.02600
30.19 , 18.8986625671 , 5.03183
30.22 , 18.8986625671 , 5.03750
30.26 , 18.8986625671 , 5.04333
30.29 , 18.8986625671 , 5.04900
30.33 , 18.8986625671 , 5.05467
30.36 , 18.8986625671 , 5.06033
30.40 , 18.7900505065 , 5.06617
30.43 , 18.7900505065 , 5.07183
30.47 , 18.8986625671 , 5.07767
30.50 , 18.8986625671 , 5.08317
30.53 , 18.8986625671 , 5.08900
30.57 , 18.8986625671 , 5.09467
30.60 , 18.8986625671 , 5.10050
30.64 , 18.8986625671 , 5.10617
30.67 , 18.8986625671 , 5.11183
30.70 , 19.0072746276 , 5.11750
30.74 , 18.8986625671 , 5.12333
30.77 , 18.2469844818 , 5.12900
30.81 , 18.2469844818 , 5.13483
30.84 , 18.2469844818 , 5.14033
30.88 , 18.2469844818 , 5.14617
30.91 , 18.2469844818 , 5.15183
30.95 , 18.3555984497 , 5.15767
30.98 , 18.2469844818 , 5.16333
31.01 , 18.3555984497 , 5.16900
31.05 , 18.3555984497 , 5.17467
31.08 , 18.3555984497 , 5.18050
31.12 , 18.4642105102 , 5.18633
31.15 , 18.3555984497 , 5.19200
31.19 , 18.3555984497 , 5.19767
31.22 , 18.4642105102 , 5.20333
31.25 , 18.5728244781 , 5.20917
31.29 , 18.5728244781 , 5.21483
31.32 , 18.5728244781 , 5.22067
31.36 , 18.5728244781 , 5.22617
31.39 , 18.5728244781 , 5.23200
31.43 , 18.5728244781 , 5.23767
31.46 , 18.5728244781 , 5.24350
31.50 , 18.5728244781 , 5.24917
31.53 , 18.6814365386 , 5.25483
31.56 , 18.6814365386 , 5.26050
31.60 , 18.6814365386 , 5.26633
31.63 , 18.7900505065 , 5.27200
31.67 , 18.7900505065 , 5.27783
31.70 , 18.7900505065 , 5.28333
31.73 , 18.7900505065 , 5.28917
31.77 , 18.7900505065 , 5.29483
31.80 , 18.7900505065 , 5.30067
31.84 , 18.8986625671 , 5.30633
31.87 , 18.8986625671 , 5.31217
31.91 , 18.8986625671 , 5.31767
31.94 , 19.0072746276 , 5.32350
31.97 , 18.8986625671 , 5.32917
32.01 , 18.8986625671 , 5.33500
32.04 , 19.0072746276 , 5.34067
32.08 , 19.0072746276 , 5.34633
32.11 , 19.0072746276 , 5.35200
32.15 , 19.1158885955 , 5.35783
32.18 , 19.1158885955 , 5.36367
32.22 , 19.1158885955 , 5.36933
32.25 , 19.1158885955 , 5.37500
32.28 , 19.1158885955 , 5.38067
32.32 , 19.1158885955 , 5.38650
32.35 , 19.1158885955 , 5.39217
32.39 , 19.2245006561 , 5.39800
32.42 , 19.3331146240 , 5.40350
32.46 , 19.2245006561 , 5.40933
32.49 , 19.2245006561 , 5.41500
32.53 , 19.3331146240 , 5.42083
32.56 , 19.3331146240 , 5.42650
32.59 , 19.2245006561 , 5.43217
32.63 , 19.4417266845 , 5.43783
32.66 , 19.4417266845 , 5.44367
32.70 , 19.4417266845 , 5.44933
32.73 , 19.3331146240 , 5.45517
32.76 , 19.4417266845 , 5.46067
32.80 , 19.5503406524 , 5.46650
32.83 , 19.6589527130 , 5.47217
32.87 , 19.5503406524 , 5.47800
32.90 , 19.4417266845 , 5.48367
32.94 , 19.5503406524 , 5.48933
32.97 , 19.5503406524 , 5.49500
33.01 , 19.6589527130 , 5.50083
33.04 , 19.6589527130 , 5.50650
33.07 , 19.6589527130 , 5.51233
33.11 , 19.6589527130 , 5.51783
33.14 , 19.6589527130 , 5.52367
33.18 , 19.7675666809 , 5.52933
33.21 , 19.7675666809 , 5.53517
33.25 , 19.7675666809 , 5.54083
33.28 , 19.8761787414 , 5.54667
33.31 , 19.8761787414 , 5.55233
33.35 , 19.8761787414 , 5.55800
33.38 , 19.9847946166 , 5.56383
33.42 , 19.8761787414 , 5.56950
33.45 , 19.8761787414 , 5.57533
33.49 , 19.8761787414 , 5.58083
33.52 , 19.9847946166 , 5.58667
33.55 , 19.9847946166 , 5.59233
33.59 , 20.0934066772 , 5.59817
33.62 , 20.0934066772 , 5.60383
33.66 , 20.0934066772 , 5.60950
33.69 , 20.2020206451 , 5.61517
33.73 , 20.2020206451 , 5.62100
33.76 , 20.2020206451 , 5.62667
33.79 , 20.2020206451 , 5.63250
33.83 , 20.2020206451 , 5.63800
33.86 , 20.2020206451 , 5.64383
33.90 , 20.3106327056 , 5.64950
33.93 , 20.3106327056 , 5.65533
33.97 , 20.3106327056 , 5.66100
34.00 , 20.3106327056 , 5.66667
34.03 , 20.3106327056 , 5.67233
34.07 , 20.3106327056 , 5.67817
34.10 , 20.5278587341 , 5.68383
34.14 , 20.4192466735 , 5.68967
34.17 , 20.5278587341 , 5.69517
34.21 , 20.5278587341 , 5.70100
34.24 , 20.5278587341 , 5.70667
34.28 , 20.5278587341 , 5.71250
34.31 , 20.5278587341 , 5.71817
34.34 , 20.5278587341 , 5.72383
34.38 , 20.6364707946 , 5.72967
34.41 , 20.5278587341 , 5.73533
34.45 , 20.6364707946 , 5.74117
34.48 , 20.7450847625 , 5.74683
34.52 , 20.6364707946 , 5.75250
34.55 , 20.7450847625 , 5.75817
34.58 , 20.7450847625 , 5.76400
34.62 , 20.8536968231 , 5.76967
34.65 , 20.7450847625 , 5.77550
34.69 , 20.8536968231 , 5.78100
34.72 , 20.8536968231 , 5.78683
34.76 , 20.8536968231 , 5.79250
34.79 , 20.7450847625 , 5.79833
34.82 , 20.8536968231 , 5.80400
34.86 , 20.9623107910 , 5.80983
34.89 , 20.9623107910 , 5.81533
34.93 , 20.9623107910 , 5.82117
34.96 , 21.0709228515 , 5.82683
35.00 , 20.9623107910 , 5.83267
35.03 , 20.9623107910 , 5.83833
35.06 , 21.0709228515 , 5.84400
35.10 , 21.0709228515 , 5.84967
35.13 , 21.0709228515 , 5.85550
35.17 , 21.1795368194 , 5.86117
35.20 , 21.0709228515 , 5.86700
35.24 , 21.0709228515 , 5.87250
35.27 , 21.1795368194 , 5.87833
35.30 , 21.1795368194 , 5.88400
35.34 , 21.1795368194 , 5.88983
35.37 , 21.1795368194 , 5.89550
35.41 , 21.2881488800 , 5.90117
35.44 , 21.2881488800 , 5.90683
35.48 , 21.3967628479 , 5.91267
35.51 , 21.3967628479 , 5.91850
35.54 , 21.3967628479 , 5.92417
35.58 , 21.3967628479 , 5.92983
35.61 , 21.3967628479 , 5.93550
35.65 , 21.3967628479 , 5.94133
35.68 , 21.6139869689 , 5.94700
35.72 , 21.3967628479 , 5.95283
35.75 , 21.3967628479 , 5.95833
35.79 , 21.5053749084 , 5.96417
35.82 , 21.5053749084 , 5.96983
35.85 , 21.6139869689 , 5.97567
35.89 , 21.7226009368 , 5.98133
35.92 , 21.6139869689 , 5.98700
35.96 , 21.6139869689 , 5.99267
35.99 , 21.7226009368 , 5.99850
36.03 , 21.7226009368 , 6.00417
36.06 , 21.6139869689 , 6.01000
36.09 , 21.7226009368 , 6.01550
36.13 , 21.7226009368 , 6.02133
36.16 , 21.8312129974 , 6.02700
36.20 , 21.9398269653 , 6.03283
36.23 , 21.9398269653 , 6.03850
36.27 , 21.8312129974 , 6.04417
36.30 , 21.7226009368 , 6.04983
36.33 , 21.8312129974 , 6.05567
36.37 , 21.9398269653 , 6.06133
36.40 , 22.0484390258 , 6.06717
36.44 , 21.9398269653 , 6.07267
36.47 , 21.9398269653 , 6.07850
36.51 , 22.0484390258 , 6.08417
36.54 , 22.0484390258 , 6.09000
36.58 , 22.0484390258 , 6.09583
36.61 , 22.1570529937 , 6.10150
36.64 , 22.0484390258 , 6.10717
36.68 , 22.2656669616 , 6.11283
36.71 , 22.1570529937 , 6.11867
36.75 , 22.1570529937 , 6.12433
36.78 , 22.2656669616 , 6.13017
36.81 , 22.2656669616 , 6.13567
36.85 , 22.3742790222 , 6.14150
36.88 , 22.3742790222 , 6.14717
36.92 , 22.3742790222 , 6.15300
36.95 , 22.3742790222 , 6.15867
36.99 , 22.3742790222 , 6.16433
37.02 , 22.3742790222 , 6.17000
37.06 , 22.4828929901 , 6.17583
37.09 , 22.4828929901 , 6.18150
37.12 , 22.3742790222 , 6.18733
37.16 , 22.4828929901 , 6.19283
37.19 , 22.4828929901 , 6.19867
37.23 , 22.4828929901 , 6.20433
37.26 , 22.5915050506 , 6.21017
37.29 , 22.5915050506 , 6.21583
37.33 , 22.5915050506 , 6.22150
37.36 , 22.5915050506 , 6.22717
37.40 , 22.5915050506 , 6.23300
37.43 , 22.5915050506 , 6.23867
37.47 , 22.7001190185 , 6.24450
37.50 , 22.7001190185 , 6.25000
37.54 , 22.8087310791 , 6.25583
37.57 , 22.7001190185 , 6.26150
37.60 , 22.7001190185 , 6.26733
37.64 , 22.8087310791 , 6.27300
37.67 , 22.8087310791 , 6.27867
37.71 , 22.8087310791 , 6.28450
37.74 , 22.9173431396 , 6.29017
37.78 , 22.8087310791 , 6.29600
37.81 , 22.9173431396 , 6.30167
37.84 , 22.9173431396 , 6.30733
37.88 , 22.9173431396 , 6.31300
37.91 , 23.0259571075 , 6.31883
37.95 , 23.0259571075 , 6.32450
37.98 , 23.0259571075 , 6.33033
38.02 , 23.0259571075 , 6.33600
38.05 , 23.1345691680 , 6.34167
38.08 , 23.1345691680 , 6.34733
38.12 , 23.2431831359 , 6.35317
38.15 , 23.1345691680 , 6.35883
38.19 , 23.2431831359 , 6.36467
38.22 , 23.1345691680 , 6.37017
38.26 , 23.2431831359 , 6.37600
38.29 , 23.1345691680 , 6.38167
38.33 , 23.2431831359 , 6.38750
38.36 , 23.3517951965 , 6.39317
38.39 , 23.3517951965 , 6.39883
38.43 , 23.3517951965 , 6.40450
38.46 , 23.4604091644 , 6.41033
38.50 , 23.4604091644 , 6.41600
38.53 , 23.4604091644 , 6.42183
38.56 , 23.4604091644 , 6.42733
38.60 , 23.4604091644 , 6.43317
38.63 , 23.5690212249 , 6.43883
38.67 , 23.4604091644 , 6.44467
38.70 , 23.4604091644 , 6.45033
38.74 , 23.5690212249 , 6.45600
38.77 , 23.5690212249 , 6.46183
38.81 , 23.6776351928 , 6.46750
38.84 , 23.6776351928 , 6.47333
38.87 , 23.6776351928 , 6.47900
38.91 , 23.6776351928 , 6.48467
38.94 , 23.6776351928 , 6.49033
38.98 , 23.6776351928 , 6.49617
39.01 , 23.7862472534 , 6.50183
39.05 , 23.7862472534 , 6.50767
39.08 , 23.8948593139 , 6.51317
39.11 , 23.8948593139 , 6.51900
39.15 , 23.7862472534 , 6.52467
39.18 , 23.7862472534 , 6.53050
39.22 , 23.8948593139 , 6.53617
39.25 , 23.8948593139 , 6.54183
39.29 , 23.8948593139 , 6.54750
39.32 , 23.8948593139 , 6.55333
39.35 , 23.8948593139 , 6.55900
39.39 , 24.0034732818 , 6.56483
39.42 , 24.1120853424 , 6.57033
39.46 , 24.1120853424 , 6.57617
39.49 , 24.1120853424 , 6.58183
39.53 , 24.1120853424 , 6.58767
39.56 , 24.0034732818 , 6.59333
39.60 , 24.2206993103 , 6.59917
39.63 , 24.2206993103 , 6.60467
39.66 , 24.2206993103 , 6.61050
39.70 , 24.3293113708 , 6.61617
39.73 , 24.2206993103 , 6.62200
39.77 , 24.2206993103 , 6.62767
39.80 , 24.3293113708 , 6.63333
39.83 , 24.2206993103 , 6.63900
39.87 , 24.3293113708 , 6.64483
39.90 , 24.2206993103 , 6.65067
39.94 , 24.3293113708 , 6.65633
39.97 , 24.3293113708 , 6.66200
40.01 , 24.4379253387 , 6.66767
40.04 , 24.4379253387 , 6.67350
40.08 , 24.4379253387 , 6.67917
40.11 , 24.4379253387 , 6.68500
40.14 , 24.4379253387 , 6.69050
40.18 , 24.5465373992 , 6.69633
40.21 , 24.4379253387 , 6.70200
40.25 , 24.6551494598 , 6.70783
40.28 , 24.5465373992 , 6.71350
40.31 , 24.6551494598 , 6.71917
40.35 , 24.6551494598 , 6.72483
40.38 , 24.6551494598 , 6.73067
40.42 , 24.7637634277 , 6.73633
40.45 , 24.8723754882 , 6.74217
40.49 , 24.8723754882 , 6.74767
40.52 , 24.7637634277 , 6.75350
40.56 , 24.8723754882 , 6.75917
40.59 , 24.8723754882 , 6.76500
40.62 , 24.8723754882 , 6.77067
40.66 , 24.8723754882 , 6.77633
40.69 , 24.9809894561 , 6.78200
40.73 , 24.9809894561 , 6.78783
40.76 , 24.9809894561 , 6.79350
40.80 , 24.9809894561 , 6.79933
40.83 , 25.0896015167 , 6.80483
40.86 , 25.0896015167 , 6.81067
40.90 , 25.0896015167 , 6.81633
40.93 , 24.9809894561 , 6.82217
40.97 , 25.1982154846 , 6.82800
41.00 , 25.1982154846 , 6.83350
41.04 , 25.3068275451 , 6.83933
41.07 , 25.1982154846 , 6.84500
41.11 , 25.1982154846 , 6.85083
41.14 , 25.1982154846 , 6.85650
41.17 , 25.3068275451 , 6.86233
41.21 , 25.3068275451 , 6.86783
41.24 , 25.3068275451 , 6.87367
41.28 , 25.3068275451 , 6.87933
41.31 , 25.4154415130 , 6.88517
41.35 , 25.4154415130 , 6.89083
41.38 , 25.4154415130 , 6.89650
41.41 , 25.4154415130 , 6.90217
41.45 , 25.4154415130 , 6.90800
41.48 , 25.5240592956 , 6.91367
41.52 , 25.5240592956 , 6.91950
41.55 , 25.6326713562 , 6.92500
41.59 , 25.4154415130 , 6.93083
41.62 , 25.4154415130 , 6.93650
41.65 , 25.5240592956 , 6.94233
41.69 , 25.4154415130 , 6.94800
41.72 , 25.5240592956 , 6.95367
41.76 , 25.5240592956 , 6.95933
41.79 , 25.6326713562 , 6.96517
41.83 , 25.6326713562 , 6.97083
41.86 , 25.5240592956 , 6.97667
41.89 , 25.6326713562 , 6.98217
41.93 , 25.6326713562 , 6.98800
41.96 , 25.7412853240 , 6.99367
42.00 , 25.7412853240 , 6.99950
42.03 , 25.8498973846 , 7.00517
42.06 , 25.8498973846 , 7.01083
42.10 , 25.7412853240 , 7.01667
42.13 , 25.8498973846 , 7.02233
42.17 , 25.7412853240 , 7.02817
42.20 , 25.8498973846 , 7.03383
42.24 , 25.8498973846 , 7.03950
42.27 , 25.8498973846 , 7.04517
42.31 , 25.8498973846 , 7.05100
42.34 , 25.9585113525 , 7.05667
42.38 , 25.9585113525 , 7.06250
42.41 , 25.9585113525 , 7.06800
42.44 , 25.9585113525 , 7.07383
42.48 , 25.9585113525 , 7.07950
42.51 , 26.0671234130 , 7.08533
42.55 , 26.0671234130 , 7.09100
42.58 , 26.0671234130 , 7.09667
42.61 , 26.0671234130 , 7.10233
42.65 , 26.1757354736 , 7.10817
42.68 , 26.1757354736 , 7.11383
42.72 , 26.1757354736 , 7.11967
42.75 , 26.1757354736 , 7.12533
42.79 , 26.1757354736 , 7.13100
42.82 , 26.2843494415 , 7.13667
42.86 , 26.2843494415 , 7.14250
42.89 , 26.2843494415 , 7.14817
42.92 , 26.2843494415 , 7.15400
42.96 , 26.2843494415 , 7.15950
42.99 , 26.3929615020 , 7.16533
43.03 , 26.3929615020 , 7.17100
43.06 , 26.5015754699 , 7.17683
43.10 , 26.5015754699 , 7.18250
43.13 , 26.5015754699 , 7.18817
43.16 , 26.5015754699 , 7.19400
43.20 , 26.6101875305 , 7.19967
43.23 , 26.6101875305 , 7.20550
43.27 , 26.6101875305 , 7.21117
43.30 , 26.6101875305 , 7.21683
43.34 , 26.6101875305 , 7.22250
43.37 , 26.7188014984 , 7.22833
43.40 , 26.7188014984 , 7.23400
43.44 , 26.7188014984 , 7.23983
43.47 , 26.7188014984 , 7.24533
43.51 , 26.7188014984 , 7.25117
43.54 , 26.8274135589 , 7.25683
43.58 , 26.8274135589 , 7.26267
43.61 , 26.5015754699 , 7.26833
43.64 , 26.6101875305 , 7.27400
43.68 , 26.5015754699 , 7.27967
43.71 , 26.6101875305 , 7.28550
43.75 , 26.7188014984 , 7.29117
43.78 , 26.6101875305 , 7.29700
43.81 , 26.6101875305 , 7.30250
43.85 , 26.6101875305 , 7.30833
43.88 , 26.7188014984 , 7.31400
43.92 , 26.7188014984 , 7.31983
43.95 , 26.7188014984 , 7.32550
43.99 , 26.7188014984 , 7.33117
44.02 , 26.8274135589 , 7.33683
44.06 , 26.8274135589 , 7.34267
44.09 , 26.8274135589 , 7.34833
44.13 , 26.8274135589 , 7.35417
44.16 , 26.9360275268 , 7.35967
44.19 , 27.0446395874 , 7.36550
44.23 , 27.0446395874 , 7.37117
44.26 , 27.0446395874 , 7.37700
44.30 , 27.0446395874 , 7.38283
44.33 , 27.0446395874 , 7.38850
44.37 , 27.1532516479 , 7.39417
44.40 , 27.1532516479 , 7.39983
44.43 , 27.2618656158 , 7.40567
44.47 , 27.2618656158 , 7.41133
44.50 , 27.2618656158 , 7.41717
44.54 , 27.2618656158 , 7.42267
44.57 , 27.2618656158 , 7.42850
44.61 , 27.3704776763 , 7.43417
44.64 , 27.3704776763 , 7.44000
44.67 , 27.3704776763 , 7.44567
44.71 , 27.3704776763 , 7.45133
44.74 , 27.3704776763 , 7.45700
44.78 , 27.4790916442 , 7.46283
44.81 , 27.4790916442 , 7.46850
44.85 , 27.5877037048 , 7.47433
44.88 , 27.5877037048 , 7.47983
44.91 , 27.5877037048 , 7.48567
44.95 , 27.6963176727 , 7.49133
44.98 , 27.8049297332 , 7.49717
45.02 , 27.8049297332 , 7.50283
45.05 , 27.8049297332 , 7.50850
45.09 , 27.8049297332 , 7.51417
45.12 , 27.9135437011 , 7.52000
45.15 , 28.6738338470 , 7.52567
45.19 , 28.6738338470 , 7.53150
45.22 , 28.6738338470 , 7.53700
45.26 , 28.6738338470 , 7.54283
45.29 , 28.7824459075 , 7.54850
45.33 , 28.7824459075 , 7.55433
45.36 , 28.7824459075 , 7.56017
45.39 , 28.7824459075 , 7.56567
45.43 , 28.7824459075 , 7.57150
45.46 , 28.1307678222 , 7.57717
45.50 , 28.1307678222 , 7.58300
45.53 , 28.1307678222 , 7.58867
45.57 , 28.0221557617 , 7.59433
45.60 , 28.2393817901 , 7.60000
45.63 , 28.1307678222 , 7.60583
45.67 , 28.1307678222 , 7.61150
45.70 , 28.2393817901 , 7.61733
45.74 , 28.2393817901 , 7.62283
45.77 , 28.3479938507 , 7.62867
45.81 , 28.3479938507 , 7.63433
45.84 , 28.4566078186 , 7.64017
45.88 , 28.3479938507 , 7.64583
45.91 , 28.4566078186 , 7.65167
45.94 , 28.4566078186 , 7.65717
45.98 , 28.4566078186 , 7.66300
46.01 , 28.4566078186 , 7.66867
46.05 , 28.4566078186 , 7.67450
46.08 , 28.5652198791 , 7.68017
46.12 , 28.4566078186 , 7.68583
46.15 , 28.5652198791 , 7.69150
46.18 , 28.7824459075 , 7.69733
46.22 , 28.6738338470 , 7.70300
46.25 , 28.6738338470 , 7.70883
46.29 , 28.6738338470 , 7.71433
46.32 , 28.6738338470 , 7.72017
46.36 , 28.6738338470 , 7.72583
46.39 , 28.6738338470 , 7.73167
46.42 , 28.8910598754 , 7.73733
46.46 , 28.7824459075 , 7.74300
46.49 , 28.7824459075 , 7.74883
46.53 , 28.8910598754 , 7.75450
46.56 , 28.8910598754 , 7.76033
46.60 , 28.8910598754 , 7.76600
46.63 , 28.8910598754 , 7.77167
46.66 , 28.9996719360 , 7.77733
46.70 , 28.9996719360 , 7.78317
46.73 , 28.9996719360 , 7.78883
46.77 , 28.9996719360 , 7.79467
46.80 , 29.2168979644 , 7.80017
46.84 , 28.9996719360 , 7.80600
46.87 , 29.1082839965 , 7.81167
46.90 , 29.1082839965 , 7.81750
46.94 , 29.1082839965 , 7.82317
46.97 , 29.2168979644 , 7.82883
47.01 , 29.2168979644 , 7.83450
47.04 , 29.3255100250 , 7.84033
47.08 , 29.2168979644 , 7.84600
47.11 , 29.2168979644 , 7.85183
47.14 , 29.2168979644 , 7.85733
47.18 , 29.2168979644 , 7.86317
47.21 , 29.3255100250 , 7.86883
47.25 , 29.3255100250 , 7.87467
47.28 , 29.4341239929 , 7.88033
47.32 , 29.4341239929 , 7.88600
47.35 , 29.4341239929 , 7.89167
47.38 , 29.4341239929 , 7.89750
47.42 , 29.4341239929 , 7.90317
47.45 , 29.4341239929 , 7.90900
47.49 , 29.4341239929 , 7.91467
47.52 , 29.5427360534 , 7.92033
47.56 , 29.5427360534 , 7.92617
47.59 , 29.5427360534 , 7.93183
47.63 , 29.5427360534 , 7.93767
47.66 , 29.6513500213 , 7.94333
47.69 , 29.6513500213 , 7.94900
47.73 , 29.6513500213 , 7.95467
47.76 , 29.6513500213 , 7.96050
47.80 , 29.7599620819 , 7.96617
47.83 , 29.7599620819 , 7.97200
47.87 , 29.8685741424 , 7.97750
47.90 , 29.7599620819 , 7.98333
47.93 , 29.7599620819 , 7.98900
47.97 , 29.8685741424 , 7.99483
48.00 , 29.8685741424 , 8.00050
48.04 , 29.8685741424 , 8.00617
48.07 , 29.9771881103 , 8.01183
48.11 , 29.8685741424 , 8.01767
48.14 , 30.0858001708 , 8.02333
48.18 , 29.9771881103 , 8.02917
48.21 , 29.9771881103 , 8.03467
48.24 , 30.0858001708 , 8.04050
48.28 , 30.0858001708 , 8.04617
48.31 , 30.0858001708 , 8.05200
48.35 , 30.0858001708 , 8.05767
48.38 , 30.0858001708 , 8.06333
48.41 , 30.1944141387 , 8.06900
48.45 , 30.1944141387 , 8.07483
48.48 , 30.1944141387 , 8.08050
48.52 , 30.3030261993 , 8.08633
48.55 , 30.3030261993 , 8.09183
48.59 , 30.3030261993 , 8.09767
48.62 , 30.4116401672 , 8.10333
48.65 , 30.4116401672 , 8.10917
48.69 , 30.4116401672 , 8.11500
48.72 , 30.4116401672 , 8.12050
48.76 , 30.5202522277 , 8.12633
48.79 , 30.5202522277 , 8.13200
48.83 , 30.5202522277 , 8.13783
48.86 , 30.5202522277 , 8.14350
48.90 , 30.6288661956 , 8.14933
48.93 , 30.6288661956 , 8.15483
48.96 , 30.6288661956 , 8.16067
49.00 , 30.6288661956 , 8.16633
49.03 , 30.5202522277 , 8.17217
49.07 , 30.6288661956 , 8.17783
49.10 , 30.6288661956 , 8.18350
49.13 , 30.7374782562 , 8.18917
49.17 , 30.7374782562 , 8.19500
49.20 , 30.6288661956 , 8.20067
49.24 , 30.8460903167 , 8.20650
49.27 , 30.7374782562 , 8.21200
49.31 , 30.8460903167 , 8.21783
49.34 , 30.8460903167 , 8.22350
49.38 , 30.8460903167 , 8.22933
49.41 , 30.9547042846 , 8.23500
49.44 , 30.8460903167 , 8.24067
49.48 , 30.9547042846 , 8.24633
49.51 , 30.9547042846 , 8.25217
49.55 , 31.0633220672 , 8.25783
49.58 , 30.9547042846 , 8.26367
49.62 , 30.9547042846 , 8.26917
49.65 , 31.0633220672 , 8.27500
49.68 , 31.0633220672 , 8.28067
49.72 , 31.0633220672 , 8.28650
49.75 , 31.1719360351 , 8.29233
49.79 , 31.1719360351 , 8.29783
49.82 , 31.1719360351 , 8.30367
49.86 , 31.1719360351 , 8.30933
49.89 , 31.2805480957 , 8.31517
49.93 , 31.1719360351 , 8.32083
49.96 , 31.2805480957 , 8.32650
49.99 , 31.3891601562 , 8.33217
50.03 , 31.2805480957 , 8.33800
50.06 , 31.3891601562 , 8.34367
50.10 , 31.3891601562 , 8.34950
50.13 , 31.3891601562 , 8.35500
50.17 , 31.3891601562 , 8.36083
50.20 , 31.4977741241 , 8.36650
50.23 , 31.4977741241 , 8.37233
50.27 , 31.6063861846 , 8.37800
50.30 , 31.4977741241 , 8.38367
50.34 , 31.4977741241 , 8.38933
50.37 , 31.6063861846 , 8.39517
50.40 , 31.4977741241 , 8.40083
50.44 , 31.7150001525 , 8.40667
50.47 , 31.6063861846 , 8.41217
50.51 , 31.7150001525 , 8.41800
50.54 , 31.8236122131 , 8.42367
50.58 , 31.7150001525 , 8.42950
50.61 , 31.8236122131 , 8.43517
50.65 , 31.7150001525 , 8.44100
50.68 , 31.8236122131 , 8.44650
50.71 , 31.9322261810 , 8.45233
50.75 , 31.8236122131 , 8.45800
50.78 , 31.9322261810 , 8.46383
50.82 , 31.9322261810 , 8.46950
50.85 , 32.0408401489 , 8.47517
50.89 , 32.0408401489 , 8.48100
50.92 , 32.0408401489 , 8.48667
50.96 , 32.0408401489 , 8.49250
50.99 , 32.0408401489 , 8.49817
51.02 , 32.1494522094 , 8.50383
51.06 , 32.2580642700 , 8.50950
51.09 , 32.1494522094 , 8.51533
51.13 , 32.1494522094 , 8.52100
51.16 , 32.1494522094 , 8.52683
51.19 , 32.2580642700 , 8.53233
51.23 , 32.1494522094 , 8.53817
51.26 , 32.2580642700 , 8.54383
51.30 , 32.3666763305 , 8.54967
51.33 , 32.3666763305 , 8.55533
51.37 , 32.3666763305 , 8.56100
51.40 , 32.3666763305 , 8.56667
51.44 , 32.4752883911 , 8.57250
51.47 , 32.3666763305 , 8.57817
51.50 , 32.4752883911 , 8.58400
51.54 , 32.4752883911 , 8.58950
51.57 , 32.4752883911 , 8.59533
51.61 , 32.4752883911 , 8.60100
51.64 , 32.5839042663 , 8.60683
51.68 , 32.5839042663 , 8.61250
51.71 , 32.5839042663 , 8.61817
51.74 , 32.6925163269 , 8.62383
51.78 , 32.5839042663 , 8.62967
51.81 , 32.6925163269 , 8.63533
51.85 , 32.6925163269 , 8.64117
51.88 , 32.6925163269 , 8.64667
51.92 , 32.6925163269 , 8.65250
51.95 , 32.8011283874 , 8.65833
51.98 , 32.8011283874 , 8.66400
52.02 , 32.8011283874 , 8.66983
52.05 , 32.8011283874 , 8.67533
52.09 , 32.8011283874 , 8.68117
52.12 , 32.8011283874 , 8.68683
52.16 , 32.9097404479 , 8.69267
52.19 , 32.9097404479 , 8.69833
52.22 , 33.0183563232 , 8.70417
52.26 , 32.9097404479 , 8.70967
52.29 , 33.0183563232 , 8.71550
52.33 , 33.0183563232 , 8.72117
52.36 , 33.0183563232 , 8.72700
52.40 , 33.0183563232 , 8.73267
52.43 , 33.1269683837 , 8.73833
52.46 , 33.1269683837 , 8.74400
52.50 , 33.1269683837 , 8.74983
52.53 , 33.1269683837 , 8.75550
52.57 , 33.2355804443 , 8.76133
52.60 , 33.2355804443 , 8.76683
52.64 , 33.2355804443 , 8.77267
52.67 , 33.2355804443 , 8.77833
52.71 , 33.2355804443 , 8.78417
52.74 , 33.3441925048 , 8.78983
52.77 , 33.3441925048 , 8.79550
52.81 , 33.3441925048 , 8.80117
52.84 , 33.4528045654 , 8.80700
52.88 , 33.3441925048 , 8.81267
52.91 , 33.4528045654 , 8.81850
52.94 , 33.4528045654 , 8.82400
52.98 , 33.4528045654 , 8.82983
53.01 , 33.5614204406 , 8.83550
53.05 , 33.5614204406 , 8.84133
53.08 , 33.5614204406 , 8.84717
53.12 , 33.6700325012 , 8.85267
53.15 , 33.5614204406 , 8.85850
53.19 , 33.6700325012 , 8.86417
53.22 , 33.7786445617 , 8.87000
53.25 , 33.7786445617 , 8.87567
53.29 , 33.7786445617 , 8.88133
53.32 , 33.7786445617 , 8.88700
53.36 , 33.6700325012 , 8.89283
53.39 , 33.7786445617 , 8.89850
53.43 , 33.8872566223 , 8.90433
53.46 , 33.8872566223 , 8.90983
53.49 , 33.7786445617 , 8.91567
53.53 , 33.8872566223 , 8.92133
53.56 , 33.8872566223 , 8.92717
53.60 , 33.8872566223 , 8.93283
53.63 , 33.9958724975 , 8.93867
53.67 , 33.9958724975 , 8.94417
53.70 , 33.9958724975 , 8.95000
53.73 , 33.9958724975 , 8.95567
53.77 , 33.9958724975 , 8.96150
53.80 , 34.1044845581 , 8.96717
53.84 , 33.9958724975 , 8.97283
53.87 , 34.1044845581 , 8.97850
53.91 , 34.2130966186 , 8.98433
53.94 , 34.1044845581 , 8.99000
53.97 , 34.2130966186 , 8.99583
54.01 , 34.2130966186 , 9.00133
54.04 , 34.2130966186 , 9.00717
54.08 , 34.2130966186 , 9.01283
54.11 , 34.2130966186 , 9.01867
54.15 , 34.3217086791 , 9.02450
54.18 , 34.3217086791 , 9.03000
54.22 , 34.4303207397 , 9.03583
54.25 , 34.4303207397 , 9.04150
54.28 , 34.5389366149 , 9.04733
54.32 , 34.4303207397 , 9.05300
54.35 , 34.4303207397 , 9.05867
54.39 , 34.4303207397 , 9.06433
54.42 , 34.4303207397 , 9.07017
54.46 , 34.5389366149 , 9.07583
54.49 , 34.5389366149 , 9.08167
54.52 , 34.5389366149 , 9.08717
54.56 , 34.6475486755 , 9.09300
54.59 , 34.6475486755 , 9.09867
54.63 , 34.6475486755 , 9.10450
54.66 , 34.6475486755 , 9.11017
54.70 , 34.6475486755 , 9.11583
54.73 , 34.7561607360 , 9.12150
54.76 , 34.7561607360 , 9.12733
54.80 , 34.7561607360 , 9.13300
54.83 , 34.8647727966 , 9.13883
54.87 , 34.9733886718 , 9.14433
54.90 , 34.8647727966 , 9.15017
54.94 , 34.8647727966 , 9.15583
54.97 , 34.8647727966 , 9.16167
55.00 , 34.9733886718 , 9.16733
55.04 , 34.9733886718 , 9.17300
55.07 , 34.9733886718 , 9.17867
55.11 , 34.9733886718 , 9.18450
55.14 , 34.9733886718 , 9.19017
55.18 , 34.9733886718 , 9.19600
55.21 , 35.0820007324 , 9.20150
55.24 , 35.0820007324 , 9.20733
55.28 , 35.0820007324 , 9.21317
55.31 , 35.1906127929 , 9.21883
55.35 , 35.1906127929 , 9.22467
55.38 , 35.1906127929 , 9.23033
55.42 , 35.1906127929 , 9.23600
55.45 , 35.2992324829 , 9.24167
55.49 , 35.2992324829 , 9.24750
55.52 , 35.2992324829 , 9.25317
55.55 , 35.4078445434 , 9.25900
55.59 , 35.4078445434 , 9.26450
55.62 , 35.5164566040 , 9.27033
55.66 , 35.5164566040 , 9.27600
55.69 , 35.5164566040 , 9.28183
55.72 , 35.5164566040 , 9.28750
55.76 , 35.5164566040 , 9.29317
55.79 , 35.5164566040 , 9.29883
55.83 , 35.5164566040 , 9.30467
55.86 , 35.6250686645 , 9.31033
55.90 , 35.7336807250 , 9.31617
55.93 , 35.6250686645 , 9.32167
55.97 , 35.6250686645 , 9.32750
56.00 , 35.7336807250 , 9.33317
56.03 , 35.7336807250 , 9.33900
56.07 , 35.7336807250 , 9.34467
56.10 , 35.8422966003 , 9.35033
56.14 , 35.8422966003 , 9.35600
56.17 , 35.7336807250 , 9.36183
56.21 , 35.8422966003 , 9.36750
56.24 , 35.8422966003 , 9.37333
56.27 , 35.9509086608 , 9.37883
56.31 , 35.9509086608 , 9.38467
56.34 , 35.9509086608 , 9.39050
56.38 , 35.9509086608 , 9.39617
56.41 , 35.9509086608 , 9.40200
56.45 , 35.9509086608 , 9.40750
56.48 , 36.0595207214 , 9.41333
56.51 , 36.0595207214 , 9.41900
56.55 , 36.0595207214 , 9.42483
56.58 , 36.1681327819 , 9.43050
56.62 , 36.0595207214 , 9.43617
56.65 , 36.1681327819 , 9.44183
56.69 , 36.2767486572 , 9.44767
56.72 , 36.1681327819 , 9.45333
56.76 , 36.2767486572 , 9.45917
56.79 , 36.2767486572 , 9.46467
56.82 , 36.2767486572 , 9.47050
56.86 , 36.2767486572 , 9.47617
56.89 , 36.3853607177 , 9.48200
56.93 , 36.3853607177 , 9.48767
56.96 , 36.4939727783 , 9.49350
56.99 , 36.4939727783 , 9.49900
57.03 , 36.4939727783 , 9.50483
57.06 , 36.4939727783 , 9.51050
57.10 , 36.6025848388 , 9.51633
57.13 , 36.6025848388 , 9.52200
57.17 , 36.6025848388 , 9.52767
57.20 , 36.7111968994 , 9.53333
57.24 , 36.7111968994 , 9.53917
57.27 , 36.6025848388 , 9.54483
57.30 , 36.7111968994 , 9.55067
57.34 , 36.7111968994 , 9.55617
57.37 , 36.7111968994 , 9.56200
57.41 , 36.7111968994 , 9.56767
57.44 , 36.8198127746 , 9.57350
57.48 , 36.8198127746 , 9.57933
57.51 , 36.8198127746 , 9.58483
57.54 , 36.9284248352 , 9.59067
57.58 , 36.8198127746 , 9.59633
57.61 , 36.9284248352 , 9.60217
57.65 , 36.9284248352 , 9.60783
57.68 , 36.9284248352 , 9.61350
57.72 , 37.0370368957 , 9.61917
57.75 , 37.0370368957 , 9.62500
57.78 , 37.1456489562 , 9.63067
57.82 , 37.1456489562 , 9.63650
57.85 , 37.1456489562 , 9.64200
57.89 , 37.1456489562 , 9.64783
57.92 , 37.1456489562 , 9.65350
57.96 , 37.2542648315 , 9.65933
57.99 , 37.2542648315 , 9.66500
58.02 , 37.2542648315 , 9.67067
58.06 , 37.3628768920 , 9.67633
58.09 , 37.3628768920 , 9.68217
58.13 , 37.3628768920 , 9.68783
58.16 , 37.3628768920 , 9.69367
58.20 , 37.3628768920 , 9.69917
58.23 , 37.4714889526 , 9.70500
58.26 , 37.3628768920 , 9.71067
58.30 , 37.4714889526 , 9.71650
58.33 , 37.5801010131 , 9.72217
58.37 , 37.4714889526 , 9.72800
58.40 , 37.5801010131 , 9.73350
58.44 , 37.5801010131 , 9.73933
58.47 , 37.5801010131 , 9.74500
58.51 , 37.6887130737 , 9.75083
58.54 , 37.6887130737 , 9.75667
58.57 , 37.6887130737 , 9.76217
58.61 , 37.6887130737 , 9.76800
58.64 , 37.6887130737 , 9.77367
58.68 , 37.7973289489 , 9.77950
58.71 , 37.7973289489 , 9.78517
58.75 , 37.7973289489 , 9.79083
58.78 , 37.7973289489 , 9.79650
58.81 , 37.7973289489 , 9.80233
58.85 , 37.9059410095 , 9.80800
58.88 , 37.9059410095 , 9.81383
58.92 , 38.0145530700 , 9.81933
58.95 , 37.9059410095 , 9.82517
58.99 , 38.0145530700 , 9.83083
59.02 , 38.0145530700 , 9.83667
59.05 , 38.0145530700 , 9.84233
59.09 , 38.0145530700 , 9.84800
59.12 , 38.1231651306 , 9.85367
59.16 , 38.1231651306 , 9.85950
59.19 , 38.1231651306 , 9.86517
59.23 , 38.2317810058 , 9.87100
59.26 , 38.1231651306 , 9.87650
59.29 , 38.2317810058 , 9.88233
59.33 , 38.1231651306 , 9.88800
59.36 , 38.3403930664 , 9.89383
59.40 , 38.2317810058 , 9.89950
59.43 , 38.3403930664 , 9.90517
59.47 , 38.2317810058 , 9.91083
59.50 , 38.3403930664 , 9.91667
59.53 , 38.3403930664 , 9.92233
59.57 , 38.4490051269 , 9.92817
59.60 , 38.3403930664 , 9.93367
59.64 , 38.3403930664 , 9.93950
59.67 , 38.4490051269 , 9.94533
59.71 , 38.4490051269 , 9.95100
59.74 , 38.5576171875 , 9.95683
59.77 , 38.4490051269 , 9.96233
59.81 , 38.5576171875 , 9.96817
59.84 , 38.5576171875 , 9.97383
59.88 , 38.6662292480 , 9.97967
59.91 , 38.6662292480 , 9.98533
59.95 , 38.6662292480 , 9.99117
59.98 , 38.6662292480 , 9.99667
60.02 , 38.7748451232 , 10.00250
60.05 , 38.7748451232 , 10.00833
60.09 , 38.8834571838 , 10.01433
60.12 , 38.7748451232 , 10.02017
60.16 , 38.7748451232 , 10.02600
60.19 , 38.8834571838 , 10.03183
60.23 , 38.8834571838 , 10.03783
60.26 , 38.9920692443 , 10.04367
60.30 , 38.8834571838 , 10.04967
60.33 , 38.9920692443 , 10.05550
60.37 , 39.1006813049 , 10.06133
60.40 , 38.9920692443 , 10.06733
60.44 , 39.1006813049 , 10.07317
60.47 , 39.1006813049 , 10.07917
60.51 , 39.2092971801 , 10.08500
60.55 , 39.1006813049 , 10.09100
60.58 , 39.1006813049 , 10.09667
60.62 , 39.2092971801 , 10.10267
60.65 , 39.2092971801 , 10.10850
60.69 , 39.3179092407 , 10.11450
60.72 , 39.2092971801 , 10.12033
60.76 , 39.3179092407 , 10.12633
60.79 , 39.3179092407 , 10.13200
60.83 , 39.4265213012 , 10.13800
60.86 , 39.3179092407 , 10.14383
60.90 , 39.4265213012 , 10.14983
60.93 , 39.4265213012 , 10.15567
60.97 , 39.4265213012 , 10.16150
61.01 , 39.5351333618 , 10.16750
61.04 , 39.5351333618 , 10.17333
61.08 , 39.5351333618 , 10.17933
61.11 , 39.5351333618 , 10.18517
61.15 , 39.5351333618 , 10.19117
61.18 , 39.6437454223 , 10.19683
61.22 , 39.6437454223 , 10.20283
61.25 , 39.6437454223 , 10.20867
61.29 , 39.7523612976 , 10.21467
61.32 , 39.7523612976 , 10.22050
61.36 , 39.6437454223 , 10.22650
61.39 , 39.7523612976 , 10.23217
61.43 , 39.8609733581 , 10.23817
61.46 , 39.7523612976 , 10.24400
61.50 , 39.8609733581 , 10.25000
61.54 , 39.8609733581 , 10.25600
61.57 , 39.8609733581 , 10.26183
61.61 , 39.9695854187 , 10.26767
61.64 , 39.9695854187 , 10.27350
61.68 , 39.9695854187 , 10.27950
61.71 , 39.9695854187 , 10.28533
61.75 , 39.9695854187 , 10.29133
61.78 , 39.9695854187 , 10.29717
61.82 , 40.0781974792 , 10.30300
61.85 , 40.0781974792 , 10.30883
61.89 , 40.0781974792 , 10.31483
61.92 , 40.1868133544 , 10.32067
61.96 , 40.1868133544 , 10.32667
62.00 , 40.2954254150 , 10.33250
62.03 , 40.1868133544 , 10.33833
62.06 , 40.1868133544 , 10.34417
62.10 , 40.2954254150 , 10.35017
62.14 , 40.4040374755 , 10.35617
62.17 , 40.2954254150 , 10.36200
62.21 , 40.2954254150 , 10.36800
62.24 , 40.4040374755 , 10.37367
62.28 , 40.2954254150 , 10.37967
62.31 , 40.4040374755 , 10.38550
62.35 , 40.4040374755 , 10.39150
62.38 , 40.4040374755 , 10.39733
62.42 , 40.4040374755 , 10.40317
62.45 , 40.5126495361 , 10.40900
62.49 , 40.6212615966 , 10.41500
62.53 , 40.5126495361 , 10.42083
62.56 , 40.5126495361 , 10.42683
62.60 , 40.6212615966 , 10.43267
62.63 , 40.6212615966 , 10.43850
62.67 , 40.7298774719 , 10.44450
62.70 , 40.6212615966 , 10.45033
62.74 , 40.7298774719 , 10.45633
62.77 , 40.7298774719 , 10.46217
62.81 , 40.7298774719 , 10.46817
62.84 , 40.8384933471 , 10.47383
62.88 , 40.7298774719 , 10.47983
62.91 , 40.7298774719 , 10.48567
62.95 , 40.8384933471 , 10.49167
62.99 , 40.8384933471 , 10.49750
63.02 , 40.8384933471 , 10.50350
63.06 , 40.9471054077 , 10.50917
63.09 , 40.9471054077 , 10.51517
63.13 , 40.9471054077 , 10.52100
63.16 , 40.9471054077 , 10.52700
63.20 , 40.9471054077 , 10.53283
63.23 , 41.0557212829 , 10.53883
63.27 , 41.0557212829 , 10.54467
63.30 , 41.0557212829 , 10.55050
63.34 , 41.0557212829 , 10.55650
63.37 , 41.0557212829 , 10.56233
63.41 , 41.0557212829 , 10.56833
63.44 , 41.1643333435 , 10.57400
63.48 , 41.1643333435 , 10.58000
63.52 , 41.1643333435 , 10.58583
63.55 , 41.2729454040 , 10.59183
63.59 , 41.2729454040 , 10.59767
63.62 , 41.2729454040 , 10.60367
63.66 , 41.2729454040 , 10.60933
63.69 , 41.3815574645 , 10.61533
63.73 , 41.3815574645 , 10.62117
63.76 , 41.3815574645 , 10.62717
63.80 , 41.3815574645 , 10.63317
63.83 , 41.4901733398 , 10.63900
63.87 , 41.4901733398 , 10.64483
63.90 , 41.4901733398 , 10.65067
63.94 , 41.5987854003 , 10.65667
63.97 , 41.5987854003 , 10.66250
64.01 , 41.5987854003 , 10.66850
64.05 , 41.5987854003 , 10.67433
64.08 , 41.7073974609 , 10.68017
64.12 , 41.5987854003 , 10.68600
64.15 , 41.7073974609 , 10.69200
64.19 , 41.8160095214 , 10.69783
64.22 , 41.7073974609 , 10.70383
64.26 , 41.8160095214 , 10.70967
64.29 , 41.8160095214 , 10.71550
64.33 , 41.8160095214 , 10.72133
64.36 , 41.8160095214 , 10.72733
64.40 , 41.9246215820 , 10.73333
64.43 , 41.9246215820 , 10.73917
64.47 , 41.9246215820 , 10.74517
64.50 , 41.9246215820 , 10.75083
64.54 , 41.9246215820 , 10.75683
64.58 , 42.0332374572 , 10.76267
64.61 , 42.0332374572 , 10.76867
64.65 , 42.0332374572 , 10.77450
64.68 , 42.0332374572 , 10.78050
64.72 , 42.0332374572 , 10.78617
64.75 , 42.1418495178 , 10.79217
64.79 , 42.1418495178 , 10.79800
64.82 , 42.1418495178 , 10.80400
64.86 , 42.1418495178 , 10.80983
64.89 , 42.2504615783 , 10.81567
64.93 , 42.2504615783 , 10.82167
64.96 , 42.3590736389 , 10.82750
65.00 , 42.3590736389 , 10.83350
65.04 , 42.3590736389 , 10.83933
65.07 , 42.3590736389 , 10.84533
65.11 , 42.3590736389 , 10.85100
65.14 , 42.4676895141 , 10.85700
65.18 , 42.4676895141 , 10.86283
65.21 , 42.5763015747 , 10.86883
65.25 , 42.5763015747 , 10.87467
65.28 , 42.5763015747 , 10.88067
65.32 , 42.5763015747 , 10.88633
65.35 , 42.5763015747 , 10.89233
65.39 , 42.5763015747 , 10.89817
65.43 , 42.6849136352 , 10.90417
65.46 , 42.6849136352 , 10.91000
65.50 , 42.6849136352 , 10.91600
65.53 , 42.7935256958 , 10.92183
65.57 , 42.7935256958 , 10.92767
65.60 , 42.7935256958 , 10.93367
65.64 , 42.7935256958 , 10.93950
65.67 , 42.7935256958 , 10.94550
65.71 , 42.9021377563 , 10.95133
65.74 , 42.7935256958 , 10.95717
65.78 , 42.9021377563 , 10.96300
65.81 , 42.9021377563 , 10.96900
65.85 , 43.0107536315 , 10.97483
65.88 , 43.0107536315 , 10.98083
65.92 , 43.0107536315 , 10.98667
65.95 , 43.0107536315 , 10.99250
65.99 , 43.0107536315 , 10.99833
66.03 , 43.1193656921 , 11.00433
66.06 , 43.0107536315 , 11.01033
66.10 , 43.1193656921 , 11.01617
66.13 , 43.1193656921 , 11.02200
66.17 , 43.2279777526 , 11.02783
66.20 , 43.2279777526 , 11.03383
66.24 , 43.2279777526 , 11.03967
66.27 , 43.2279777526 , 11.04567
66.31 , 43.2279777526 , 11.05150
66.34 , 43.2279777526 , 11.05733
66.38 , 43.3365898132 , 11.06317
66.41 , 43.3365898132 , 11.06917
66.45 , 43.3365898132 , 11.07500
66.49 , 43.3365898132 , 11.08100
66.52 , 43.5538177490 , 11.08683
66.56 , 43.5538177490 , 11.09267
66.59 , 43.5538177490 , 11.09850
66.63 , 43.5538177490 , 11.10450
66.66 , 43.5538177490 , 11.11050
66.70 , 43.5538177490 , 11.11633
66.73 , 43.5538177490 , 11.12233
66.77 , 43.6624298095 , 11.12800
66.80 , 43.6624298095 , 11.13400
66.84 , 43.6624298095 , 11.13983
66.87 , 43.6624298095 , 11.14583
66.91 , 43.7710418701 , 11.15167
66.95 , 43.6624298095 , 11.15767
66.98 , 43.7710418701 , 11.16333
67.02 , 43.8796539306 , 11.16933
67.05 , 43.8796539306 , 11.17517
67.09 , 43.9882698059 , 11.18117
67.12 , 43.8796539306 , 11.18700
67.16 , 43.9882698059 , 11.19300
67.19 , 43.9882698059 , 11.19883
67.23 , 43.9882698059 , 11.20467
67.26 , 44.0968818664 , 11.21067
67.30 , 43.9882698059 , 11.21650
67.33 , 44.0968818664 , 11.22250
67.37 , 44.2054939270 , 11.22817
67.40 , 44.2054939270 , 11.23417
67.44 , 44.2054939270 , 11.24000
67.48 , 44.3141059875 , 11.24600
67.51 , 44.3141059875 , 11.25183
67.55 , 44.3141059875 , 11.25783
67.58 , 44.3141059875 , 11.26350
67.62 , 44.3141059875 , 11.26950
67.65 , 44.4227218627 , 11.27533
67.69 , 44.4227218627 , 11.28133
67.72 , 44.4227218627 , 11.28717
67.76 , 44.4227218627 , 11.29317
67.79 , 44.5313339233 , 11.29900
67.83 , 44.6399459838 , 11.30483
67.86 , 44.6399459838 , 11.31083
67.90 , 44.5313339233 , 11.31667
67.94 , 44.6399459838 , 11.32267
67.97 , 44.6399459838 , 11.32850
68.01 , 44.7485580444 , 11.33433
68.04 , 44.6399459838 , 11.34017
68.08 , 44.7485580444 , 11.34617
68.11 , 44.6399459838 , 11.35200
68.15 , 44.6399459838 , 11.35800
68.18 , 44.7485580444 , 11.36383
68.22 , 44.7485580444 , 11.36967
68.25 , 44.7485580444 , 11.37550
68.29 , 44.7485580444 , 11.38150
68.32 , 44.8571701049 , 11.38750
68.36 , 44.8571701049 , 11.39333
68.40 , 44.8571701049 , 11.39933
68.43 , 44.8571701049 , 11.40500
68.47 , 44.9657859802 , 11.41100
68.50 , 44.9657859802 , 11.41683
68.54 , 45.0743980407 , 11.42283
68.57 , 45.0743980407 , 11.42867
68.61 , 45.0743980407 , 11.43467
68.64 , 45.0743980407 , 11.44033
68.68 , 45.1830101013 , 11.44633
68.71 , 45.1830101013 , 11.45217
68.75 , 45.1830101013 , 11.45817
68.78 , 45.1830101013 , 11.46400
68.82 , 45.2916221618 , 11.46983
68.85 , 45.4002380371 , 11.47567
68.89 , 45.2916221618 , 11.48167
68.93 , 45.4002380371 , 11.48767
68.96 , 45.4002380371 , 11.49350
69.00 , 45.2916221618 , 11.49950
69.03 , 45.5088500976 , 11.50517
69.07 , 45.5088500976 , 11.51117
69.10 , 45.5088500976 , 11.51700
69.14 , 45.5088500976 , 11.52300
69.17 , 45.5088500976 , 11.52883
69.21 , 45.6174621582 , 11.53483
69.24 , 45.6174621582 , 11.54050
69.28 , 45.6174621582 , 11.54650
69.31 , 45.6174621582 , 11.55233
69.35 , 45.7260742187 , 11.55833
69.38 , 45.6174621582 , 11.56417
69.42 , 45.8346862792 , 11.57017
69.46 , 45.7260742187 , 11.57600
69.49 , 45.8346862792 , 11.58183
69.53 , 45.8346862792 , 11.58783
69.56 , 45.8346862792 , 11.59367
69.60 , 45.9433021545 , 11.59967
69.63 , 45.9433021545 , 11.60550
69.67 , 45.9433021545 , 11.61133
69.70 , 45.9433021545 , 11.61717
69.74 , 46.0519142150 , 11.62317
69.77 , 45.9433021545 , 11.62900
69.81 , 46.0519142150 , 11.63500
69.84 , 46.0519142150 , 11.64067
69.88 , 46.1605262756 , 11.64667
69.91 , 46.1605262756 , 11.65250
69.95 , 46.1605262756 , 11.65850
69.99 , 46.2691383361 , 11.66433
70.02 , 46.2691383361 , 11.67033
70.06 , 46.2691383361 , 11.67617
70.09 , 46.2691383361 , 11.68200
70.13 , 46.2691383361 , 11.68800
70.16 , 46.3777580261 , 11.69383
70.20 , 46.3777580261 , 11.69983
70.23 , 46.3777580261 , 11.70567
70.27 , 46.4863700866 , 11.71150
70.30 , 46.4863700866 , 11.71733
70.34 , 46.4863700866 , 11.72333
70.37 , 46.4863700866 , 11.72917
70.41 , 46.4863700866 , 11.73517
70.45 , 46.5949821472 , 11.74100
70.48 , 46.5949821472 , 11.74683
70.52 , 46.5949821472 , 11.75267
70.55 , 46.5949821472 , 11.75867
70.59 , 46.5949821472 , 11.76467
70.62 , 46.7035980224 , 11.77050
70.66 , 46.7035980224 , 11.77650
70.69 , 46.7035980224 , 11.78217
70.73 , 46.7035980224 , 11.78817
70.76 , 46.7035980224 , 11.79400
70.80 , 46.7035980224 , 11.80000
70.83 , 46.7035980224 , 11.80583
70.87 , 46.8122100830 , 11.81183
70.90 , 46.9208221435 , 11.81750
70.94 , 46.9208221435 , 11.82350
70.98 , 46.8122100830 , 11.82933
71.01 , 46.9208221435 , 11.83533
71.05 , 46.9208221435 , 11.84117
71.08 , 46.9208221435 , 11.84717
71.12 , 47.0294342041 , 11.85283
71.15 , 47.0294342041 , 11.85883
71.19 , 47.1380462646 , 11.86483
71.22 , 47.0294342041 , 11.87067
71.26 , 47.1380462646 , 11.87667
71.29 , 47.1380462646 , 11.88233
71.33 , 47.1380462646 , 11.88833
71.36 , 47.2466621398 , 11.89417
71.40 , 47.2466621398 , 11.90017
71.44 , 47.2466621398 , 11.90600
71.47 , 47.2466621398 , 11.91200
71.51 , 47.2466621398 , 11.91767
71.54 , 47.3552742004 , 11.92367
71.58 , 47.4638862609 , 11.92950
71.61 , 47.3552742004 , 11.93550
71.65 , 47.4638862609 , 11.94133
71.68 , 47.4638862609 , 11.94733
71.72 , 47.5724983215 , 11.95317
71.75 , 47.5724983215 , 11.95900
71.79 , 47.5724983215 , 11.96500
71.82 , 47.4638862609 , 11.97083
71.86 , 47.6811141967 , 11.97683
71.90 , 47.6811141967 , 11.98267
71.93 , 47.7897262573 , 11.98850
71.97 , 47.6811141967 , 11.99433
72.00 , 47.6811141967 , 12.00033
72.04 , 47.7897262573 , 12.00617
72.07 , 47.7897262573 , 12.01217
72.11 , 47.7897262573 , 12.01800
72.14 , 47.8983383178 , 12.02383
72.18 , 47.8983383178 , 12.02967
72.21 , 47.8983383178 , 12.03567
72.25 , 48.0069503784 , 12.04150
72.29 , 48.0069503784 , 12.04750
72.32 , 48.0069503784 , 12.05350
72.36 , 48.1155624389 , 12.05917
72.39 , 48.0069503784 , 12.06517
72.43 , 48.0069503784 , 12.07100
72.46 , 48.1155624389 , 12.07700
72.50 , 48.1155624389 , 12.08283
72.53 , 48.1155624389 , 12.08867
72.57 , 48.2241783142 , 12.09450
72.60 , 48.2241783142 , 12.10050
72.64 , 48.3327903747 , 12.10633
72.67 , 48.2241783142 , 12.11233
72.71 , 48.3327903747 , 12.11817
72.74 , 48.3327903747 , 12.12400
72.78 , 48.3327903747 , 12.12983
72.81 , 48.4414024353 , 12.13583
72.85 , 48.3327903747 , 12.14183
72.89 , 48.4414024353 , 12.14767
72.92 , 48.4414024353 , 12.15367
72.96 , 48.4414024353 , 12.15933
72.99 , 48.5500144958 , 12.16533
73.03 , 48.5500144958 , 12.17117
73.06 , 48.5500144958 , 12.17717
73.10 , 48.5500144958 , 12.18300
73.13 , 48.5500144958 , 12.18900
73.17 , 48.6586303710 , 12.19467
73.20 , 48.7672424316 , 12.20067
73.24 , 48.6586303710 , 12.20650
73.27 , 48.7672424316 , 12.21250
73.31 , 48.6586303710 , 12.21833
73.35 , 48.7672424316 , 12.22433
73.38 , 48.7672424316 , 12.23000
73.42 , 48.7672424316 , 12.23600
73.45 , 48.7672424316 , 12.24200
73.49 , 48.8758544921 , 12.24783
73.52 , 48.8758544921 , 12.25383
73.56 , 48.8758544921 , 12.25967
73.59 , 48.9844665527 , 12.26550
73.63 , 48.9844665527 , 12.27133
73.66 , 48.9844665527 , 12.27733
73.70 , 49.0930786132 , 12.28317
73.73 , 48.9844665527 , 12.28917
73.77 , 49.0930786132 , 12.29483
73.80 , 49.0930786132 , 12.30083
73.84 , 49.0930786132 , 12.30667
73.88 , 49.0930786132 , 12.31267
73.91 , 49.2016944885 , 12.31850
73.95 , 49.2016944885 , 12.32450
73.98 , 49.2016944885 , 12.33033
74.02 , 49.3103065490 , 12.33617
74.05 , 49.3103065490 , 12.34217
74.09 , 49.3103065490 , 12.34800
74.12 , 49.3103065490 , 12.35400
74.16 , 49.3103065490 , 12.35983
74.19 , 49.3103065490 , 12.36567
74.23 , 49.4189186096 , 12.37150
74.26 , 49.4189186096 , 12.37750
74.30 , 49.5275306701 , 12.38333
74.34 , 49.5275306701 , 12.38933
74.37 , 49.5275306701 , 12.39517
74.41 , 49.4189186096 , 12.40100
74.44 , 49.6361465454 , 12.40683
74.48 , 49.6361465454 , 12.41283
74.51 , 49.5275306701 , 12.41867
74.55 , 49.6361465454 , 12.42467
74.58 , 49.6361465454 , 12.43067
74.62 , 49.7447586059 , 12.43633
74.65 , 49.7447586059 , 12.44233
74.69 , 49.8533706665 , 12.44817
74.72 , 49.8533706665 , 12.45417
74.76 , 49.8533706665 , 12.46000
74.80 , 49.8533706665 , 12.46600
74.83 , 49.9619827270 , 12.47167
74.87 , 49.9619827270 , 12.47767
74.90 , 49.9619827270 , 12.48350
74.94 , 49.9619827270 , 12.48950
74.97 , 49.9619827270 , 12.49533
75.01 , 50.0705947875 , 12.50133
75.04 , 50.1792106628 , 12.50700
75.08 , 50.1792106628 , 12.51300
75.11 , 50.1792106628 , 12.51900
75.15 , 50.1792106628 , 12.52483
75.18 , 50.0705947875 , 12.53083
75.22 , 50.1792106628 , 12.53650
75.25 , 50.1792106628 , 12.54250
75.29 , 50.2878227233 , 12.54833
75.33 , 50.2878227233 , 12.55433
75.36 , 50.2878227233 , 12.56017
75.40 , 50.3964347839 , 12.56617
75.43 , 50.3964347839 , 12.57183
75.47 , 50.3964347839 , 12.57783
75.50 , 50.3964347839 , 12.58367
75.54 , 50.5050468444 , 12.58967
75.57 , 50.3964347839 , 12.59550
75.61 , 50.5050468444 , 12.60150
75.64 , 50.5050468444 , 12.60717
75.68 , 50.5050468444 , 12.61317
75.71 , 50.6136627197 , 12.61917
75.75 , 50.6136627197 , 12.62500
75.79 , 50.6136627197 , 12.63100
75.82 , 50.6136627197 , 12.63683
75.86 , 50.7222747802 , 12.64267
75.89 , 50.7222747802 , 12.64850
75.93 , 50.7222747802 , 12.65450
75.96 , 50.7222747802 , 12.66033
76.00 , 50.7222747802 , 12.66633
76.03 , 50.7222747802 , 12.67217
76.07 , 50.8308868408 , 12.67800
76.10 , 50.8308868408 , 12.68383
76.14 , 50.8308868408 , 12.68983
76.17 , 50.9394989013 , 12.69567
76.21 , 50.9394989013 , 12.70167
76.25 , 50.9394989013 , 12.70767
76.28 , 50.9394989013 , 12.71333
76.32 , 51.0481109619 , 12.71933
76.35 , 51.0481109619 , 12.72517
76.39 , 51.0481109619 , 12.73117
76.42 , 51.1567268371 , 12.73700
76.46 , 51.1567268371 , 12.74283
76.49 , 51.1567268371 , 12.74867
76.53 , 51.1567268371 , 12.75467
76.56 , 51.1567268371 , 12.76050
76.60 , 51.1567268371 , 12.76650
76.63 , 51.2653388977 , 12.77233
76.67 , 51.2653388977 , 12.77817
76.70 , 51.3739509582 , 12.78400
76.74 , 51.3739509582 , 12.79000
76.77 , 51.3739509582 , 12.79583
76.81 , 51.4825630187 , 12.80183
76.85 , 51.3739509582 , 12.80783
76.88 , 51.3739509582 , 12.81350
76.92 , 51.4825630187 , 12.81950
76.95 , 51.4825630187 , 12.82533
76.99 , 51.4825630187 , 12.83133
77.02 , 51.5911788940 , 12.83717
77.06 , 51.5911788940 , 12.84317
77.09 , 51.5911788940 , 12.84883
77.13 , 51.6997909545 , 12.85483
77.16 , 51.5911788940 , 12.86067
77.20 , 51.8084030151 , 12.86667
77.23 , 51.8084030151 , 12.87250
77.27 , 51.8084030151 , 12.87850
77.30 , 51.8084030151 , 12.88417
77.34 , 51.8084030151 , 12.89017
77.38 , 51.8084030151 , 12.89617
77.41 , 51.9170227050 , 12.90200
77.45 , 51.9170227050 , 12.90800
77.48 , 51.9170227050 , 12.91383
77.52 , 52.0256347656 , 12.91967
77.55 , 51.9170227050 , 12.92550
77.59 , 52.0256347656 , 12.93150
77.62 , 52.0256347656 , 12.93733
77.66 , 52.1342468261 , 12.94333
77.69 , 52.1342468261 , 12.94900
77.73 , 52.1342468261 , 12.95500
77.76 , 52.0256347656 , 12.96083
77.80 , 52.1342468261 , 12.96683
77.84 , 52.1342468261 , 12.97267
77.87 , 52.1342468261 , 12.97867
77.91 , 52.2428588867 , 12.98433
77.94 , 52.2428588867 , 12.99033
77.98 , 52.3514709472 , 12.99633
78.01 , 52.3514709472 , 13.00217
78.05 , 52.3514709472 , 13.00817
78.08 , 52.3514709472 , 13.01400
78.12 , 52.4600868225 , 13.01983
78.15 , 52.3514709472 , 13.02567
78.19 , 52.4600868225 , 13.03167
78.22 , 52.4600868225 , 13.03750
78.26 , 52.5686988830 , 13.04350
78.30 , 52.4600868225 , 13.04933
78.33 , 52.5686988830 , 13.05517
78.37 , 52.5686988830 , 13.06100
78.40 , 52.5686988830 , 13.06700
78.44 , 52.5686988830 , 13.07283
78.47 , 52.6773109436 , 13.07883
78.51 , 52.6773109436 , 13.08483
78.54 , 52.6773109436 , 13.09050
78.58 , 52.7859230041 , 13.09650
78.61 , 52.6773109436 , 13.10233
78.65 , 52.7859230041 , 13.10833
78.68 , 52.7859230041 , 13.11417
78.72 , 52.8945388793 , 13.12017
78.75 , 52.8945388793 , 13.12583
78.79 , 53.0031509399 , 13.13183
78.83 , 52.8945388793 , 13.13767
78.86 , 53.0031509399 , 13.14367
78.90 , 53.0031509399 , 13.14950
78.93 , 53.1117630004 , 13.15533
78.97 , 53.1117630004 , 13.16117
79.00 , 53.1117630004 , 13.16717
79.04 , 53.1117630004 , 13.17300
79.07 , 53.1117630004 , 13.17900
79.11 , 53.2203750610 , 13.18500
79.14 , 53.2203750610 , 13.19067
79.18 , 53.3289871215 , 13.19667
79.21 , 53.3289871215 , 13.20250
79.25 , 53.3289871215 , 13.20850
79.29 , 53.3289871215 , 13.21433
79.32 , 53.3289871215 , 13.22033
79.36 , 53.4376029968 , 13.22600
79.39 , 53.4376029968 , 13.23200
79.43 , 53.4376029968 , 13.23783
79.46 , 53.4376029968 , 13.24383
79.50 , 53.4376029968 , 13.24967
79.53 , 53.5462150573 , 13.25567
79.57 , 53.5462150573 , 13.26133
79.60 , 53.5462150573 , 13.26733
79.64 , 53.5462150573 , 13.27333
79.68 , 53.6548271179 , 13.27917
79.71 , 53.6548271179 , 13.28517
79.75 , 53.6548271179 , 13.29100
79.78 , 53.6548271179 , 13.29683
79.82 , 53.7634391784 , 13.30267
79.85 , 53.7634391784 , 13.30867
79.89 , 53.8720550537 , 13.31450
79.92 , 53.7634391784 , 13.32050
79.96 , 53.8720550537 , 13.32633
79.99 , 53.8720550537 , 13.33217
80.03 , 53.9806671142 , 13.33800
80.06 , 53.8720550537 , 13.34400
80.10 , 53.9806671142 , 13.34983
80.13 , 54.0892791748 , 13.35583
80.17 , 53.9806671142 , 13.36150
80.20 , 53.9806671142 , 13.36750
80.24 , 54.0892791748 , 13.37350
80.28 , 54.0892791748 , 13.37933
80.31 , 54.1978912353 , 13.38533
80.35 , 54.1978912353 , 13.39117
80.38 , 54.1978912353 , 13.39700
80.42 , 54.1978912353 , 13.40283
80.45 , 54.1978912353 , 13.40883
80.49 , 54.3065032958 , 13.41467
80.52 , 54.3065032958 , 13.42067
80.56 , 54.3065032958 , 13.42650
80.59 , 54.3065032958 , 13.43233
80.63 , 54.3065032958 , 13.43817
80.66 , 54.4151191711 , 13.44417
80.70 , 54.4151191711 , 13.45000
80.74 , 54.4151191711 , 13.45600
80.77 , 54.5237312316 , 13.46200
80.81 , 54.4151191711 , 13.46767
80.84 , 54.5237312316 , 13.47367
80.88 , 54.5237312316 , 13.47950
80.91 , 54.6323432922 , 13.48550
80.95 , 54.6323432922 , 13.49133
80.98 , 54.6323432922 , 13.49733
81.02 , 54.6323432922 , 13.50300
81.05 , 54.7409553527 , 13.50900
81.09 , 54.7409553527 , 13.51483
81.12 , 54.7409553527 , 13.52083
81.16 , 54.7409553527 , 13.52667
81.20 , 54.8495712280 , 13.53267
81.23 , 54.8495712280 , 13.53833
81.27 , 54.8495712280 , 13.54433
81.30 , 54.9581832885 , 13.55017
81.34 , 54.9581832885 , 13.55617
81.37 , 54.9581832885 , 13.56217
81.41 , 54.9581832885 , 13.56800
81.44 , 54.9581832885 , 13.57383
81.48 , 55.0667953491 , 13.57967
81.51 , 55.0667953491 , 13.58567
81.55 , 55.0667953491 , 13.59150
81.58 , 55.0667953491 , 13.59750
81.62 , 55.1754074096 , 13.60317
81.65 , 55.1754074096 , 13.60917
81.69 , 55.1754074096 , 13.61500
81.73 , 55.2840194702 , 13.62100
81.76 , 55.2840194702 , 13.62683
81.80 , 55.2840194702 , 13.63283
81.83 , 55.2840194702 , 13.63850
81.87 , 55.2840194702 , 13.64450
81.90 , 55.3926353454 , 13.65050
81.94 , 55.3926353454 , 13.65633
81.97 , 55.5012474060 , 13.66233
82.01 , 55.5012474060 , 13.66817
82.04 , 55.5012474060 , 13.67400
82.08 , 55.5012474060 , 13.67983
82.11 , 55.5012474060 , 13.68583
82.15 , 55.6098594665 , 13.69167
82.19 , 55.6098594665 , 13.69767
82.22 , 55.6098594665 , 13.70350
82.26 , 55.6098594665 , 13.70933
82.29 , 55.7184715270 , 13.71517
82.33 , 55.7184715270 , 13.72117
82.36 , 55.7184715270 , 13.72700
82.40 , 55.8270874023 , 13.73300
82.43 , 55.8270874023 , 13.73883
82.47 , 55.7184715270 , 13.74467
82.50 , 55.9356994628 , 13.75067
82.54 , 55.9356994628 , 13.75650
82.57 , 55.9356994628 , 13.76250
82.61 , 55.8270874023 , 13.76833
82.65 , 55.9356994628 , 13.77433
82.68 , 56.0443115234 , 13.78000
82.72 , 56.0443115234 , 13.78600
82.75 , 56.0443115234 , 13.79183
82.79 , 56.0443115234 , 13.79783
82.82 , 56.0443115234 , 13.80367
82.86 , 56.0443115234 , 13.80950
82.89 , 56.0443115234 , 13.81533
82.93 , 56.1529235839 , 13.82133
82.96 , 56.1529235839 , 13.82717
83.00 , 56.2615356445 , 13.83317
83.04 , 56.1529235839 , 13.83917
83.07 , 56.2615356445 , 13.84483
83.11 , 56.3701515197 , 13.85083
83.14 , 56.3701515197 , 13.85667
83.18 , 56.3701515197 , 13.86267
83.21 , 56.3701515197 , 13.86850
83.25 , 56.3701515197 , 13.87450
83.28 , 56.4787635803 , 13.88017
83.32 , 56.4787635803 , 13.88617
83.35 , 56.4787635803 , 13.89200
83.39 , 56.5873756408 , 13.89800
83.42 , 56.5873756408 , 13.90383
83.46 , 56.5873756408 , 13.90983
83.49 , 56.5873756408 , 13.91550
83.53 , 56.6959877014 , 13.92150
83.56 , 56.5873756408 , 13.92733
83.60 , 56.6959877014 , 13.93333
83.64 , 56.6959877014 , 13.93933
83.67 , 56.8046035766 , 13.94517
83.71 , 56.8046035766 , 13.95100
83.74 , 56.8046035766 , 13.95683
83.78 , 56.9132156372 , 13.96283
83.81 , 56.8046035766 , 13.96867
83.85 , 57.0218276977 , 13.97467
83.88 , 56.9132156372 , 13.98050
83.92 , 57.0218276977 , 13.98633
83.95 , 57.0218276977 , 13.99217
83.99 , 57.0218276977 , 13.99817
84.02 , 57.1304397583 , 14.00400
84.06 , 57.1304397583 , 14.01000
84.09 , 57.1304397583 , 14.01567
84.13 , 57.0218276977 , 14.02167
84.17 , 57.2390518188 , 14.02767
84.20 , 57.1304397583 , 14.03350
84.24 , 57.2390518188 , 14.03950
84.27 , 57.3476676940 , 14.04533
84.31 , 57.2390518188 , 14.05117
84.34 , 57.3476676940 , 14.05700
84.38 , 57.3476676940 , 14.06300
84.41 , 57.4562797546 , 14.06883
84.45 , 57.3476676940 , 14.07483
84.48 , 57.4562797546 , 14.08067
84.52 , 57.4562797546 , 14.08650
84.55 , 57.4562797546 , 14.09233
84.59 , 57.5648956298 , 14.09833
84.62 , 57.4562797546 , 14.10417
84.66 , 57.5648956298 , 14.11017
84.70 , 57.5648956298 , 14.11600
84.73 , 57.6735115051 , 14.12183
84.77 , 57.6735115051 , 14.12783
84.80 , 57.6735115051 , 14.13367
84.84 , 57.6735115051 , 14.13967
84.87 , 57.7821235656 , 14.14550
84.91 , 57.7821235656 , 14.15150
84.94 , 57.7821235656 , 14.15717
84.98 , 57.7821235656 , 14.16317
85.01 , 57.8907356262 , 14.16900
85.05 , 57.8907356262 , 14.17500
85.08 , 57.8907356262 , 14.18083
85.12 , 57.8907356262 , 14.18683
85.15 , 57.9993476867 , 14.19250
85.19 , 57.9993476867 , 14.19850
85.23 , 57.9993476867 , 14.20433
85.26 , 57.9993476867 , 14.21033
85.30 , 58.1079635620 , 14.21633
85.33 , 57.9993476867 , 14.22200
85.37 , 58.1079635620 , 14.22800
85.40 , 58.1079635620 , 14.23383
85.44 , 58.1079635620 , 14.23983
85.47 , 58.2165756225 , 14.24567
85.51 , 58.2165756225 , 14.25167
85.54 , 58.3251876831 , 14.25733
85.58 , 58.3251876831 , 14.26333
85.61 , 58.3251876831 , 14.26917
85.65 , 58.3251876831 , 14.27517
85.69 , 58.4337997436 , 14.28100
85.72 , 58.4337997436 , 14.28700
85.76 , 58.4337997436 , 14.29267
85.79 , 58.4337997436 , 14.29867
85.83 , 58.4337997436 , 14.30450
85.86 , 58.4337997436 , 14.31050
85.90 , 58.5424118041 , 14.31650
85.93 , 58.4337997436 , 14.32233
85.97 , 58.6510276794 , 14.32817
86.00 , 58.5424118041 , 14.33400
86.04 , 58.6510276794 , 14.34000
86.07 , 58.6510276794 , 14.34583
86.11 , 58.6510276794 , 14.35183
86.15 , 58.7596397399 , 14.35767
86.18 , 58.7596397399 , 14.36350
86.22 , 58.7596397399 , 14.36933
86.25 , 58.8682518005 , 14.37533
86.29 , 58.8682518005 , 14.38117
86.32 , 58.8682518005 , 14.38717
86.36 , 58.9768638610 , 14.39300
86.39 , 58.8682518005 , 14.39883
86.43 , 58.9768638610 , 14.40483
86.46 , 58.9768638610 , 14.41067
86.50 , 58.9768638610 , 14.41667
86.54 , 59.0854797363 , 14.42250
86.57 , 59.0854797363 , 14.42850
86.61 , 59.0854797363 , 14.43417
86.64 , 59.0854797363 , 14.44017
86.68 , 59.0854797363 , 14.44600
86.71 , 59.0854797363 , 14.45200
86.75 , 59.1940917968 , 14.45783
86.78 , 59.3027038574 , 14.46367
86.82 , 59.3027038574 , 14.46950
86.85 , 59.3027038574 , 14.47550
86.89 , 59.4113159179 , 14.48133
86.92 , 59.4113159179 , 14.48733
86.96 , 59.4113159179 , 14.49317
86.99 , 59.4113159179 , 14.49900
87.03 , 59.4113159179 , 14.50500
87.06 , 59.5199279785 , 14.51083
87.10 , 59.5199279785 , 14.51683
87.14 , 59.5199279785 , 14.52267
87.17 , 59.5199279785 , 14.52867
87.21 , 59.6285438537 , 14.53433
87.24 , 59.6285438537 , 14.54033
87.28 , 59.7371559143 , 14.54617
87.31 , 59.7371559143 , 14.55217
87.35 , 59.6285438537 , 14.55800
87.38 , 59.7371559143 , 14.56400
87.42 , 59.7371559143 , 14.56967
87.45 , 59.8457679748 , 14.57567
87.49 , 59.7371559143 , 14.58150
87.52 , 59.7371559143 , 14.58750
87.56 , 59.8457679748 , 14.59350
87.60 , 59.8457679748 , 14.59933
87.63 , 59.9543800354 , 14.60517
87.67 , 59.9543800354 , 14.61100
87.70 , 59.9543800354 , 14.61700
87.74 , 59.9543800354 , 14.62283
87.77 , 60.0629959106 , 14.62883
87.81 , 60.0629959106 , 14.63467
87.84 , 60.0629959106 , 14.64050
87.88 , 60.0629959106 , 14.64633
87.91 , 60.0629959106 , 14.65233
87.95 , 60.1716079711 , 14.65817
87.98 , 60.0629959106 , 14.66417
88.02 , 60.1716079711 , 14.66983
88.05 , 60.2802200317 , 14.67583
88.09 , 60.1716079711 , 14.68167
88.13 , 60.2802200317 , 14.68767
88.16 , 60.2802200317 , 14.69367
88.20 , 60.2802200317 , 14.69950
88.23 , 60.3888320922 , 14.70533
88.27 , 60.3888320922 , 14.71117
88.30 , 60.3888320922 , 14.71717
88.34 , 60.4974441528 , 14.72300
88.37 , 60.4974441528 , 14.72900
88.41 , 60.4974441528 , 14.73483
88.44 , 60.4974441528 , 14.74067
88.48 , 60.6060600280 , 14.74650
88.51 , 60.6060600280 , 14.75250
88.55 , 60.6060600280 , 14.75833
88.59 , 60.6060600280 , 14.76433
88.62 , 60.7146720886 , 14.77017
88.66 , 60.7146720886 , 14.77600
88.69 , 60.7146720886 , 14.78200
88.73 , 60.8232841491 , 14.78783
88.76 , 60.8232841491 , 14.79383
88.80 , 60.9318962097 , 14.79967
88.83 , 60.8232841491 , 14.80567
88.87 , 60.8232841491 , 14.81133
88.90 , 60.9318962097 , 14.81733
88.94 , 60.8232841491 , 14.82317
88.97 , 60.9318962097 , 14.82917
89.01 , 60.9318962097 , 14.83500
89.05 , 61.0405120849 , 14.84100
89.08 , 61.0405120849 , 14.84667
89.12 , 61.0405120849 , 14.85267
89.15 , 61.1491241455 , 14.85850
89.19 , 61.0405120849 , 14.86450
89.22 , 61.2577362060 , 14.87033
89.26 , 61.2577362060 , 14.87617
89.29 , 61.2577362060 , 14.88217
89.33 , 61.2577362060 , 14.88800
89.36 , 61.2577362060 , 14.89400
89.40 , 61.3663482666 , 14.89983
89.43 , 61.3663482666 , 14.90583
89.47 , 61.3663482666 , 14.91150
89.50 , 61.3663482666 , 14.91750
89.54 , 61.4749603271 , 14.92333
89.58 , 61.4749603271 , 14.92933
89.61 , 61.4749603271 , 14.93517
89.65 , 61.4749603271 , 14.94117
89.68 , 61.4749603271 , 14.94683
89.72 , 61.5835762023 , 14.95283
89.75 , 61.6921882629 , 14.95867
89.79 , 61.5835762023 , 14.96467
89.82 , 61.5835762023 , 14.97067
89.86 , 61.6921882629 , 14.97650
89.89 , 61.6921882629 , 14.98233
89.93 , 61.5835762023 , 14.98817
89.96 , 61.6921882629 , 14.99417
90.00 , 61.8008003234 , 15.00000
90.04 , 61.6921882629 , 15.00600
90.07 , 61.8008003234 , 15.01183
90.11 , 61.8008003234 , 15.01767
90.14 , 61.9094123840 , 15.02350
90.18 , 61.9094123840 , 15.02950
90.21 , 61.9094123840 , 15.03533
90.25 , 61.9094123840 , 15.04133
90.28 , 61.9094123840 , 15.04717
90.32 , 61.9094123840 , 15.05300
90.35 , 62.0180282592 , 15.05883
90.39 , 62.0180282592 , 15.06483
90.43 , 62.0180282592 , 15.07083
90.46 , 62.1266403198 , 15.07667
90.50 , 62.1266403198 , 15.08267
90.53 , 62.1266403198 , 15.08833
90.57 , 62.1266403198 , 15.09433
90.60 , 62.1266403198 , 15.10017
90.64 , 62.2352523803 , 15.10617
90.67 , 62.2352523803 , 15.11200
90.71 , 62.2352523803 , 15.11783
90.74 , 62.3438644409 , 15.12367
90.78 , 62.3438644409 , 15.12967
90.81 , 62.3438644409 , 15.13550
90.85 , 62.4524765014 , 15.14150
90.88 , 62.3438644409 , 15.14733
90.92 , 62.4524765014 , 15.15317
90.95 , 62.4524765014 , 15.15917
90.99 , 62.5610923767 , 15.16500
91.03 , 62.5610923767 , 15.17100
91.06 , 62.6697044372 , 15.17683
91.10 , 62.6697044372 , 15.18283
91.13 , 62.6697044372 , 15.18850
91.17 , 62.6697044372 , 15.19450
91.20 , 62.6697044372 , 15.20033
91.24 , 62.7783164978 , 15.20633
91.27 , 62.6697044372 , 15.21217
91.31 , 62.7783164978 , 15.21817
91.34 , 62.7783164978 , 15.22383
91.38 , 62.8869285583 , 15.22983
91.41 , 62.7783164978 , 15.23567
91.45 , 62.7783164978 , 15.24167
91.48 , 62.8869285583 , 15.24750
91.52 , 62.9955444335 , 15.25350
91.56 , 62.9955444335 , 15.25933
91.59 , 62.9955444335 , 15.26517
91.63 , 62.9955444335 , 15.27117
91.66 , 63.1041603088 , 15.27700
91.70 , 63.1041603088 , 15.28300
91.73 , 63.1041603088 , 15.28867
91.77 , 63.2127723693 , 15.29467
91.80 , 63.2127723693 , 15.30050
91.84 , 63.2127723693 , 15.30650
91.87 , 63.2127723693 , 15.31233
91.91 , 63.3213882446 , 15.31833
91.94 , 63.2127723693 , 15.32400
91.98 , 63.3213882446 , 15.33000
92.01 , 63.3213882446 , 15.33583
92.05 , 63.3213882446 , 15.34183
92.09 , 63.4300003051 , 15.34783
92.12 , 63.3213882446 , 15.35367
92.16 , 63.4300003051 , 15.35950
92.19 , 63.5386123657 , 15.36533
92.23 , 63.4300003051 , 15.37133
92.26 , 63.5386123657 , 15.37717
92.30 , 63.5386123657 , 15.38317
92.33 , 63.5386123657 , 15.38900
92.37 , 63.5386123657 , 15.39483
92.40 , 63.6472244262 , 15.40067
92.44 , 63.7558364868 , 15.40667
92.47 , 63.7558364868 , 15.41250
92.51 , 63.7558364868 , 15.41850
92.55 , 63.7558364868 , 15.42433
92.58 , 63.7558364868 , 15.43017
92.62 , 63.7558364868 , 15.43600
92.65 , 63.8644523620 , 15.44200
92.69 , 63.8644523620 , 15.44800
92.72 , 63.8644523620 , 15.45383
92.76 , 63.8644523620 , 15.45983
92.79 , 63.8644523620 , 15.46550
92.83 , 63.9730644226 , 15.47150
92.86 , 63.9730644226 , 15.47733
92.90 , 63.9730644226 , 15.48333
92.93 , 64.0816802978 , 15.48917
92.97 , 64.0816802978 , 15.49517
93.00 , 64.0816802978 , 15.50083
93.04 , 64.0816802978 , 15.50683
93.08 , 64.1902923583 , 15.51267
93.11 , 64.1902923583 , 15.51867
93.15 , 64.1902923583 , 15.52450
93.18 , 64.1902923583 , 15.53033
93.22 , 64.2989044189 , 15.53633
93.25 , 64.2989044189 , 15.54217
93.29 , 64.2989044189 , 15.54817
93.32 , 64.2989044189 , 15.55400
93.36 , 64.4075164794 , 15.56000
93.39 , 64.2989044189 , 15.56567
93.43 , 64.4075164794 , 15.57167
93.46 , 64.4075164794 , 15.57750
93.50 , 64.5161285400 , 15.58350
93.54 , 64.5161285400 , 15.58933
93.57 , 64.5161285400 , 15.59533
93.61 , 64.5161285400 , 15.60100
93.64 , 64.5161285400 , 15.60700
93.68 , 64.6247406005 , 15.61283
93.71 , 64.6247406005 , 15.61883
93.75 , 64.6247406005 , 15.62467
93.78 , 64.7333526611 , 15.63067
93.82 , 64.6247406005 , 15.63650
93.85 , 64.7333526611 , 15.64233
93.89 , 64.7333526611 , 15.64833
93.93 , 64.8419647216 , 15.65417
93.96 , 64.8419647216 , 15.66017
94.00 , 64.8419647216 , 15.66600
94.03 , 64.9505767822 , 15.67183
94.07 , 64.9505767822 , 15.67767
94.10 , 64.9505767822 , 15.68367
94.14 , 64.9505767822 , 15.68950
94.17 , 65.0591964721 , 15.69550
94.21 , 65.0591964721 , 15.70133
94.24 , 65.0591964721 , 15.70717
94.28 , 65.0591964721 , 15.71300
94.31 , 65.1678085327 , 15.71900
94.35 , 65.1678085327 , 15.72500
94.38 , 65.1678085327 , 15.73083
94.42 , 65.1678085327 , 15.73667
94.45 , 65.1678085327 , 15.74250
94.49 , 65.2764205932 , 15.74850
94.53 , 65.2764205932 , 15.75433
94.56 , 65.1678085327 , 15.76033
94.60 , 65.2764205932 , 15.76617
94.63 , 65.3850326538 , 15.77200
94.67 , 65.3850326538 , 15.77783
94.70 , 65.3850326538 , 15.78383
94.74 , 65.3850326538 , 15.78967
94.77 , 65.3850326538 , 15.79567
94.81 , 65.4936447143 , 15.80150
94.84 , 65.4936447143 , 15.80733
94.88 , 65.6022567749 , 15.81317
94.91 , 65.4936447143 , 15.81917
94.95 , 65.6022567749 , 15.82517
94.99 , 65.7108688354 , 15.83100
95.02 , 65.7108688354 , 15.83700
95.06 , 65.6022567749 , 15.84267
95.09 , 65.7108688354 , 15.84867
95.13 , 65.7108688354 , 15.85450
95.16 , 65.7108688354 , 15.86050
95.20 , 65.8194808959 , 15.86633
95.23 , 65.8194808959 , 15.87233
95.27 , 65.8194808959 , 15.87800
95.30 , 65.8194808959 , 15.88400
95.34 , 65.8194808959 , 15.88983
95.37 , 65.9280929565 , 15.89583
95.41 , 65.9280929565 , 15.90167
95.45 , 66.0367126464 , 15.90767
95.48 , 65.9280929565 , 15.91350
95.52 , 66.0367126464 , 15.91933
95.55 , 66.0367126464 , 15.92533
95.59 , 66.0367126464 , 15.93117
95.62 , 66.1453247070 , 15.93717
95.66 , 66.1453247070 , 15.94283
95.69 , 66.1453247070 , 15.94883
95.73 , 66.1453247070 , 15.95467
95.76 , 66.2539367675 , 15.96067
95.80 , 66.2539367675 , 15.96650
95.83 , 66.2539367675 , 15.97250
95.87 , 66.3625488281 , 15.97817
95.90 , 66.3625488281 , 15.98417
95.94 , 66.3625488281 , 15.99000
95.98 , 66.3625488281 , 15.99600
96.01 , 66.4711608886 , 16.00184
96.05 , 66.4711608886 , 16.00783
96.08 , 66.3625488281 , 16.01367
96.12 , 66.4711608886 , 16.01950
96.15 , 66.5797729492 , 16.02550
96.19 , 66.4711608886 , 16.03133
96.22 , 66.5797729492 , 16.03734
96.26 , 66.5797729492 , 16.04317
96.29 , 66.6883850097 , 16.04900
96.33 , 66.6883850097 , 16.05484
96.36 , 66.6883850097 , 16.06083
96.40 , 66.7969970703 , 16.06667
96.44 , 66.6883850097 , 16.07267
96.47 , 66.9056091308 , 16.07850
96.51 , 66.7969970703 , 16.08433
96.54 , 66.7969970703 , 16.09017
96.58 , 66.9056091308 , 16.09617
96.61 , 66.9056091308 , 16.10217
96.65 , 67.0142288208 , 16.10800
96.68 , 66.9056091308 , 16.11400
96.72 , 67.0142288208 , 16.11967
96.75 , 67.0142288208 , 16.12567
96.79 , 67.0142288208 , 16.13150
96.82 , 67.0142288208 , 16.13750
96.86 , 67.1228408813 , 16.14333
96.90 , 67.1228408813 , 16.14933
96.93 , 67.1228408813 , 16.15500
96.97 , 67.1228408813 , 16.16100
97.00 , 67.2314529418 , 16.16683
97.04 , 67.2314529418 , 16.17284
97.07 , 67.2314529418 , 16.17867
97.11 , 67.2314529418 , 16.18450
97.14 , 67.2314529418 , 16.19034
97.18 , 67.3400650024 , 16.19634
97.21 , 67.3400650024 , 16.20233
97.25 , 67.3400650024 , 16.20817
97.29 , 67.4486770629 , 16.21417
97.32 , 67.5572891235 , 16.21983
97.36 , 67.5572891235 , 16.22583
97.39 , 67.4486770629 , 16.23167
97.43 , 67.4486770629 , 16.23767
97.46 , 67.5572891235 , 16.24350
97.50 , 67.5572891235 , 16.24950
97.53 , 67.5572891235 , 16.25517
97.57 , 67.6659011840 , 16.26117
97.60 , 67.6659011840 , 16.26700
97.64 , 67.6659011840 , 16.27300
97.67 , 67.6659011840 , 16.27883
97.71 , 67.7745132446 , 16.28483
97.74 , 67.7745132446 , 16.29067
97.78 , 67.7745132446 , 16.29650
97.81 , 67.7745132446 , 16.30250
97.85 , 67.8831253051 , 16.30834
97.89 , 67.8831253051 , 16.31434
97.92 , 67.8831253051 , 16.32017
97.96 , 67.8831253051 , 16.32600
97.99 , 67.9917449951 , 16.33183
98.03 , 67.8831253051 , 16.33783
98.06 , 67.9917449951 , 16.34367
98.10 , 68.1003570556 , 16.34967
98.13 , 67.9917449951 , 16.35534
98.17 , 68.1003570556 , 16.36133
98.20 , 68.1003570556 , 16.36717
98.24 , 68.1003570556 , 16.37317
98.27 , 68.2089691162 , 16.37900
98.31 , 68.3175811767 , 16.38500
98.34 , 68.2089691162 , 16.39084
98.38 , 68.2089691162 , 16.39667
98.42 , 68.3175811767 , 16.40267
98.45 , 68.3175811767 , 16.40850
98.49 , 68.3175811767 , 16.41450
98.52 , 68.3175811767 , 16.42033
98.56 , 68.4261932373 , 16.42617
98.59 , 68.4261932373 , 16.43200
98.63 , 68.5348052978 , 16.43800
98.66 , 68.5348052978 , 16.44384
98.70 , 68.4261932373 , 16.44983
98.73 , 68.5348052978 , 16.45567
98.77 , 68.5348052978 , 16.46150
98.80 , 68.6434249877 , 16.46734
98.84 , 68.7520370483 , 16.47333
98.88 , 68.6434249877 , 16.47933
98.91 , 68.6434249877 , 16.48517
98.95 , 68.6434249877 , 16.49117
98.98 , 68.6434249877 , 16.49683
99.02 , 68.7520370483 , 16.50284
99.05 , 68.7520370483 , 16.50867
99.09 , 68.8606491088 , 16.51467
99.12 , 68.8606491088 , 16.52050
99.16 , 68.7520370483 , 16.52650
99.19 , 68.8606491088 , 16.53217
99.23 , 68.8606491088 , 16.53817
99.26 , 68.9692611694 , 16.54400
99.30 , 68.9692611694 , 16.55000
99.33 , 69.0778732299 , 16.55583
99.37 , 69.0778732299 , 16.56184
99.40 , 69.0778732299 , 16.56750
99.44 , 69.0778732299 , 16.57350
99.48 , 69.0778732299 , 16.57950
99.51 , 68.9692611694 , 16.58534
99.55 , 69.1864852905 , 16.59133
99.58 , 69.1864852905 , 16.59700
99.62 , 69.1864852905 , 16.60300
99.65 , 69.1864852905 , 16.60883
99.69 , 69.1864852905 , 16.61483
99.72 , 69.2951049804 , 16.62067
99.76 , 69.1864852905 , 16.62667
99.79 , 69.2951049804 , 16.63233
99.83 , 69.4037170410 , 16.63833
99.86 , 69.4037170410 , 16.64417
99.90 , 69.4037170410 , 16.65017
99.94 , 69.5123291015 , 16.65600
99.97 , 69.5123291015 , 16.66200
100.01 , 69.5123291015 , 16.66784
100.04 , 69.6209411621 , 16.67383
100.08 , 69.5123291015 , 16.68000
100.12 , 69.5123291015 , 16.68600
100.15 , 69.6209411621 , 16.69217
100.19 , 69.6209411621 , 16.69817
100.23 , 69.6209411621 , 16.70433
100.26 , 69.7295532226 , 16.71017
100.30 , 69.7295532226 , 16.71633
100.33 , 69.7295532226 , 16.72233
100.37 , 69.8381652832 , 16.72850
100.41 , 69.8381652832 , 16.73467
100.44 , 69.8381652832 , 16.74067
100.48 , 69.8381652832 , 16.74683
100.52 , 69.8381652832 , 16.75267
100.55 , 69.9467773437 , 16.75884
100.59 , 69.9467773437 , 16.76483
100.63 , 70.0553894042 , 16.77100
100.66 , 69.9467773437 , 16.77700
100.70 , 70.0553894042 , 16.78317
100.73 , 70.0553894042 , 16.78900
100.77 , 70.1640014648 , 16.79517
100.81 , 70.1640014648 , 16.80134
100.84 , 70.2726211547 , 16.80734
100.88 , 70.2726211547 , 16.81350
100.92 , 70.2726211547 , 16.81950
100.95 , 70.3812332153 , 16.82567
100.99 , 70.2726211547 , 16.83150
101.03 , 70.3812332153 , 16.83767
101.06 , 70.3812332153 , 16.84367
101.10 , 70.3812332153 , 16.84984
101.13 , 70.4898452758 , 16.85584
101.17 , 70.4898452758 , 16.86200
101.21 , 70.4898452758 , 16.86817
101.24 , 70.4898452758 , 16.87400
101.28 , 70.5984573364 , 16.88017
101.32 , 70.5984573364 , 16.88617
101.35 , 70.7070693969 , 16.89233
101.39 , 70.5984573364 , 16.89834
101.43 , 70.5984573364 , 16.90450
101.46 , 70.7070693969 , 16.91050
101.50 , 70.7070693969 , 16.91650
101.54 , 70.7070693969 , 16.92250
101.57 , 70.7070693969 , 16.92867
101.61 , 70.8156814575 , 16.93483
101.64 , 70.8156814575 , 16.94083
101.68 , 70.8156814575 , 16.94700
101.72 , 70.8156814575 , 16.95300
101.75 , 70.9242935180 , 16.95900
101.79 , 70.9242935180 , 16.96500
101.83 , 71.0329055786 , 16.97117
101.86 , 70.9242935180 , 16.97717
101.90 , 70.9242935180 , 16.98333
101.94 , 71.0329055786 , 16.98950
101.97 , 71.0329055786 , 16.99534
102.01 , 71.0329055786 , 17.00150
102.04 , 71.0329055786 , 17.00750
102.08 , 71.1415176391 , 17.01367
102.12 , 71.1415176391 , 17.01967
102.15 , 71.1415176391 , 17.02583
102.19 , 71.2501373291 , 17.03183
102.23 , 71.2501373291 , 17.03783
102.26 , 71.3587493896 , 17.04384
102.30 , 71.3587493896 , 17.05000
102.34 , 71.3587493896 , 17.05617
102.37 , 71.3587493896 , 17.06217
102.41 , 71.3587493896 , 17.06834
102.45 , 71.4673614501 , 17.07433
102.48 , 71.3587493896 , 17.08033
102.52 , 71.3587493896 , 17.08633
102.55 , 71.4673614501 , 17.09250
102.59 , 71.5759735107 , 17.09850
102.63 , 71.5759735107 , 17.10467
102.66 , 71.6845855712 , 17.11067
102.70 , 71.6845855712 , 17.11683
102.74 , 71.6845855712 , 17.12283
102.77 , 71.6845855712 , 17.12883
102.81 , 71.6845855712 , 17.13500
102.85 , 71.6845855712 , 17.14100
102.88 , 71.7931976318 , 17.14717
102.92 , 71.7931976318 , 17.15317
102.96 , 71.7931976318 , 17.15933
102.99 , 71.9018096923 , 17.16517
103.03 , 71.9018096923 , 17.17133
103.06 , 71.9018096923 , 17.17733
103.10 , 72.0104217529 , 17.18350
103.14 , 72.0104217529 , 17.18967
103.17 , 72.0104217529 , 17.19567
103.21 , 72.1190338134 , 17.20183
103.25 , 72.0104217529 , 17.20767
103.28 , 72.1190338134 , 17.21383
103.32 , 72.1190338134 , 17.21983
103.36 , 72.1190338134 , 17.22600
103.39 , 72.2276535034 , 17.23200
103.43 , 72.2276535034 , 17.23817
103.46 , 72.2276535034 , 17.24400
103.50 , 72.2276535034 , 17.25017
103.54 , 72.3362655639 , 17.25634
103.57 , 72.3362655639 , 17.26233
103.61 , 72.3362655639 , 17.26850
103.65 , 72.4448776245 , 17.27450
103.68 , 72.3362655639 , 17.28067
103.72 , 72.4448776245 , 17.28650
103.76 , 72.5534896850 , 17.29267
103.79 , 72.4448776245 , 17.29867
103.83 , 72.5534896850 , 17.30484
103.86 , 72.6621017456 , 17.31083
103.90 , 72.6621017456 , 17.31700
103.94 , 72.5534896850 , 17.32317
103.97 , 72.6621017456 , 17.32900
104.01 , 72.6621017456 , 17.33517
104.05 , 72.7707138061 , 17.34117
104.08 , 72.7707138061 , 17.34733
104.12 , 72.7707138061 , 17.35334
104.16 , 72.7707138061 , 17.35950
104.19 , 72.8793258666 , 17.36550
104.23 , 72.8793258666 , 17.37150
104.27 , 72.7707138061 , 17.37767
104.30 , 72.8793258666 , 17.38367
104.34 , 72.8793258666 , 17.38983
104.37 , 72.8793258666 , 17.39583
104.41 , 72.9879379272 , 17.40200
104.45 , 72.9879379272 , 17.40800
104.48 , 72.9879379272 , 17.41400
104.52 , 72.9879379272 , 17.42000
104.56 , 73.0965499877 , 17.42617
104.59 , 73.0965499877 , 17.43217
104.63 , 73.0965499877 , 17.43833
104.67 , 73.2051696777 , 17.44450
104.70 , 73.2051696777 , 17.45034
104.74 , 73.2051696777 , 17.45650
104.77 , 73.2051696777 , 17.46250
104.81 , 73.3137817382 , 17.46867
104.85 , 73.3137817382 , 17.47467
104.88 , 73.4223937988 , 17.48084
104.92 , 73.3137817382 , 17.48683
104.96 , 73.4223937988 , 17.49283
104.99 , 73.4223937988 , 17.49883
105.03 , 73.3137817382 , 17.50500
105.07 , 73.4223937988 , 17.51117
105.10 , 73.5310058593 , 17.51717
105.14 , 73.5310058593 , 17.52334
105.18 , 73.4223937988 , 17.52934
105.21 , 73.5310058593 , 17.53533
105.25 , 73.6396179199 , 17.54133
105.29 , 73.6396179199 , 17.54750
105.32 , 73.7482299804 , 17.55350
105.36 , 73.6396179199 , 17.55967
105.39 , 73.7482299804 , 17.56567
105.43 , 73.8568420410 , 17.57184
105.47 , 73.7482299804 , 17.57784
105.50 , 73.7482299804 , 17.58383
105.54 , 73.8568420410 , 17.59000
105.58 , 73.8568420410 , 17.59600
105.61 , 73.8568420410 , 17.60217
105.65 , 73.8568420410 , 17.60817
105.69 , 73.9654541015 , 17.61433
105.72 , 74.0740661621 , 17.62017
105.76 , 74.0740661621 , 17.62634
105.79 , 74.1826858520 , 17.63233
105.83 , 74.1826858520 , 17.63850
105.87 , 74.0740661621 , 17.64467
105.90 , 74.0740661621 , 17.65067
105.94 , 74.1826858520 , 17.65667
105.98 , 74.1826858520 , 17.66267
106.01 , 74.1826858520 , 17.66884
106.05 , 74.2912979125 , 17.67484
106.09 , 74.2912979125 , 17.68100
106.12 , 74.3999099731 , 17.68700
106.16 , 74.3999099731 , 17.69317
106.19 , 74.3999099731 , 17.69900
106.23 , 74.3999099731 , 17.70517
106.27 , 74.3999099731 , 17.71133
106.30 , 74.5085296630 , 17.71734
106.34 , 74.5085296630 , 17.72350
106.38 , 74.5085296630 , 17.72950
106.41 , 74.6171417236 , 17.73567
106.45 , 74.5085296630 , 17.74150
106.49 , 74.6171417236 , 17.74767
106.52 , 74.6171417236 , 17.75367
106.56 , 74.6171417236 , 17.75984
106.60 , 74.7257537841 , 17.76600
106.63 , 74.7257537841 , 17.77200
106.67 , 74.7257537841 , 17.77817
106.70 , 74.7257537841 , 17.78400
106.74 , 74.8343658447 , 17.79017
106.78 , 74.7257537841 , 17.79617
106.81 , 74.8343658447 , 17.80233
106.85 , 74.8343658447 , 17.80834
106.89 , 74.8343658447 , 17.81450
106.92 , 74.8343658447 , 17.82050
106.96 , 74.9429779052 , 17.82650
107.00 , 75.0515899658 , 17.83267
107.03 , 74.9429779052 , 17.83867
107.07 , 74.9429779052 , 17.84483
107.11 , 75.0515899658 , 17.85083
107.14 , 75.0515899658 , 17.85700
107.18 , 75.0515899658 , 17.86284
107.21 , 75.1602020263 , 17.86900
107.25 , 75.1602020263 , 17.87500
107.29 , 75.1602020263 , 17.88117
107.32 , 75.1602020263 , 17.88717
107.36 , 75.1602020263 , 17.89333
107.40 , 75.2688140869 , 17.89950
107.43 , 75.2688140869 , 17.90534
107.47 , 75.2688140869 , 17.91150
107.50 , 75.3774261474 , 17.91750
107.54 , 75.3774261474 , 17.92367
107.58 , 75.4860458374 , 17.92967
107.61 , 75.4860458374 , 17.93583
107.65 , 75.3774261474 , 17.94183
107.69 , 75.4860458374 , 17.94783
107.72 , 75.4860458374 , 17.95384
107.76 , 75.5946578979 , 17.96000
107.80 , 75.5946578979 , 17.96617
107.83 , 75.5946578979 , 17.97217
107.87 , 75.7032699584 , 17.97834
107.91 , 75.7032699584 , 17.98433
107.94 , 75.8118820190 , 17.99033
107.98 , 75.7032699584 , 17.99633
108.01 , 75.7032699584 , 18.00250
108.05 , 75.7032699584 , 18.00850
108.09 , 75.8118820190 , 18.01467
108.12 , 75.8118820190 , 18.02067
108.16 , 75.9204940795 , 18.02684
108.20 , 75.9204940795 , 18.03283
108.23 , 75.9204940795 , 18.03883
108.27 , 75.9204940795 , 18.04500
108.31 , 76.0291061401 , 18.05100
108.34 , 76.0291061401 , 18.05717
108.38 , 76.0291061401 , 18.06317
108.42 , 76.0291061401 , 18.06933
108.45 , 76.1377182006 , 18.07517
108.49 , 76.1377182006 , 18.08133
108.52 , 76.1377182006 , 18.08733
108.56 , 76.2463302612 , 18.09350
108.60 , 76.2463302612 , 18.09967
108.63 , 76.2463302612 , 18.10567
108.67 , 76.2463302612 , 18.11167
108.71 , 76.3549423217 , 18.11767
108.74 , 76.3549423217 , 18.12383
108.78 , 76.3549423217 , 18.12983
108.82 , 76.3549423217 , 18.13600
108.85 , 76.4635620117 , 18.14200
108.89 , 76.4635620117 , 18.14817
108.93 , 76.4635620117 , 18.15417
108.96 , 76.4635620117 , 18.16017
109.00 , 76.4635620117 , 18.16633
109.03 , 76.5721740722 , 18.17233
109.07 , 76.5721740722 , 18.17850
109.11 , 76.5721740722 , 18.18450
109.14 , 76.5721740722 , 18.19067
109.18 , 76.5721740722 , 18.19650
109.22 , 76.6807861328 , 18.20267
109.25 , 76.6807861328 , 18.20867
109.29 , 76.6807861328 , 18.21483
109.33 , 76.6807861328 , 18.22100
109.36 , 76.7893981933 , 18.22700
109.40 , 76.7893981933 , 18.23317
109.43 , 76.7893981933 , 18.23900
109.47 , 76.7893981933 , 18.24517
109.51 , 76.8980102539 , 18.25117
109.54 , 76.8980102539 , 18.25733
109.58 , 76.8980102539 , 18.26333
109.62 , 76.8980102539 , 18.26950
109.65 , 77.0066223144 , 18.27533
109.69 , 77.0066223144 , 18.28150
109.73 , 77.0066223144 , 18.28767
109.76 , 77.0066223144 , 18.29367
109.80 , 77.1152343750 , 18.29984
109.83 , 77.1152343750 , 18.30583
109.87 , 77.1152343750 , 18.31200
109.91 , 77.2238464355 , 18.31783
109.94 , 77.2238464355 , 18.32400
109.98 , 77.2238464355 , 18.33000
110.02 , 77.2238464355 , 18.33617
110.05 , 77.3324584960 , 18.34217
110.09 , 77.3324584960 , 18.34833
110.13 , 77.3324584960 , 18.35450
110.16 , 77.4410781860 , 18.36034
110.20 , 77.4410781860 , 18.36650
110.23 , 77.5496902465 , 18.37250
110.27 , 77.4410781860 , 18.37867
110.31 , 77.5496902465 , 18.38467
110.34 , 77.4410781860 , 18.39084
110.38 , 77.6583023071 , 18.39683
110.42 , 77.5496902465 , 18.40283
110.45 , 77.6583023071 , 18.40884
110.49 , 77.7669143676 , 18.41500
110.53 , 77.7669143676 , 18.42117
110.56 , 77.8755264282 , 18.42717
110.60 , 77.8755264282 , 18.43334
110.64 , 77.7669143676 , 18.43934
110.67 , 77.9841384887 , 18.44533
110.71 , 77.9841384887 , 18.45133
110.75 , 77.9841384887 , 18.45750
110.78 , 78.0927505493 , 18.46350
110.82 , 77.9841384887 , 18.46967
110.85 , 78.0927505493 , 18.47567
110.89 , 78.0927505493 , 18.48184
110.93 , 78.0927505493 , 18.48784
110.96 , 78.2013626098 , 18.49383
111.00 , 78.2013626098 , 18.50000
111.04 , 78.0927505493 , 18.50600
111.07 , 78.2013626098 , 18.51217
111.11 , 78.2013626098 , 18.51817
111.14 , 78.2013626098 , 18.52417
111.18 , 78.2013626098 , 18.53017
111.22 , 78.2013626098 , 18.53634
111.25 , 78.3099746704 , 18.54250
111.29 , 78.3099746704 , 18.54850
111.33 , 78.4185943603 , 18.55467
111.36 , 78.4185943603 , 18.56067
111.40 , 78.4185943603 , 18.56667
111.44 , 78.5272064208 , 18.57267
111.47 , 78.5272064208 , 18.57884
111.51 , 78.5272064208 , 18.58484
111.55 , 78.5272064208 , 18.59100
111.58 , 78.5272064208 , 18.59700
111.62 , 78.5272064208 , 18.60317
111.65 , 78.6358184814 , 18.60917
111.69 , 78.6358184814 , 18.61517
111.73 , 78.6358184814 , 18.62133
111.76 , 78.6358184814 , 18.62734
111.80 , 78.7444305419 , 18.63350
111.84 , 78.7444305419 , 18.63950
111.87 , 78.7444305419 , 18.64567
111.91 , 78.7444305419 , 18.65150
111.95 , 78.8530426025 , 18.65767
111.98 , 78.8530426025 , 18.66367
112.02 , 78.8530426025 , 18.66983
112.06 , 78.9616546630 , 18.67600
112.09 , 78.9616546630 , 18.68200
112.13 , 78.9616546630 , 18.68817
112.16 , 79.0702667236 , 18.69400
112.20 , 79.0702667236 , 18.70017
112.24 , 79.1788787841 , 18.70617
112.27 , 79.0702667236 , 18.71233
112.31 , 79.1788787841 , 18.71833
112.35 , 79.0702667236 , 18.72450
112.38 , 79.2874908447 , 18.73034
112.42 , 79.2874908447 , 18.73650
112.46 , 79.2874908447 , 18.74267
112.49 , 79.3961105346 , 18.74867
112.53 , 79.2874908447 , 18.75483
112.56 , 79.3961105346 , 18.76083
112.60 , 79.3961105346 , 18.76700
112.64 , 79.5047225952 , 18.77284
112.67 , 79.6133346557 , 18.77900
112.71 , 79.7219467163 , 18.78500
112.75 , 79.8305587768 , 18.79117
112.78 , 79.7219467163 , 18.79717
112.82 , 79.7219467163 , 18.80333
112.86 , 79.7219467163 , 18.80950
112.89 , 79.7219467163 , 18.81534
112.93 , 79.7219467163 , 18.82150
112.96 , 79.8305587768 , 18.82750
113.00 , 79.8305587768 , 18.83367
113.04 , 79.9391708374 , 18.83967
113.07 , 80.0477828979 , 18.84583
113.11 , 80.1563949584 , 18.85183
113.15 , 80.0477828979 , 18.85783
113.18 , 80.1563949584 , 18.86384
113.22 , 80.1563949584 , 18.87000
113.26 , 80.2650070190 , 18.87617
113.29 , 80.2650070190 , 18.88217
113.33 , 80.2650070190 , 18.88833
113.37 , 80.2650070190 , 18.89433
113.40 , 80.3736267089 , 18.90033
113.44 , 80.2650070190 , 18.90633
113.47 , 80.2650070190 , 18.91250
113.51 , 80.4822387695 , 18.91850
113.55 , 80.4822387695 , 18.92467
113.58 , 80.3736267089 , 18.93083
113.62 , 80.2650070190 , 18.93667
113.66 , 80.3736267089 , 18.94283
113.69 , 80.3736267089 , 18.94883
113.73 , 80.3736267089 , 18.95500
113.77 , 80.4822387695 , 18.96100
113.80 , 80.3736267089 , 18.96717
113.84 , 80.4822387695 , 18.97317
113.87 , 80.3736267089 , 18.97917
113.91 , 80.4822387695 , 18.98517
113.95 , 80.5908508300 , 18.99133
113.98 , 80.5908508300 , 18.99750
114.02 , 80.5908508300 , 19.00350
114.06 , 80.5908508300 , 19.00967
114.09 , 80.6994628906 , 19.01567
114.13 , 80.8080749511 , 19.02167
114.17 , 80.6994628906 , 19.02767
114.20 , 80.8080749511 , 19.03384
114.24 , 80.9166870117 , 19.03983
114.28 , 80.8080749511 , 19.04600
114.31 , 80.9166870117 , 19.05200
114.35 , 80.8080749511 , 19.05817
114.38 , 80.9166870117 , 19.06417
114.42 , 80.9166870117 , 19.07017
114.46 , 81.0252990722 , 19.07633
114.49 , 81.0252990722 , 19.08234
114.53 , 80.9166870117 , 19.08850
114.57 , 81.0252990722 , 19.09450
114.60 , 81.0252990722 , 19.10067
114.64 , 81.1339111328 , 19.10650
114.68 , 81.1339111328 , 19.11267
114.71 , 81.1339111328 , 19.11867
114.75 , 81.1339111328 , 19.12483
114.79 , 81.2425231933 , 19.13100
114.82 , 81.2425231933 , 19.13700
114.86 , 81.3511428833 , 19.14317
114.89 , 81.2425231933 , 19.14900
114.93 , 81.3511428833 , 19.15517
114.97 , 81.3511428833 , 19.16117
115.00 , 81.3511428833 , 19.16733
115.04 , 81.3511428833 , 19.17333
115.08 , 81.4597549438 , 19.17950
115.11 , 81.4597549438 , 19.18533
115.15 , 81.4597549438 , 19.19150
115.19 , 81.4597549438 , 19.19767
115.22 , 81.4597549438 , 19.20367
115.26 , 81.5683670043 , 19.20984
115.29 , 81.6769790649 , 19.21583
115.33 , 81.5683670043 , 19.22200
115.37 , 81.6769790649 , 19.22783
115.40 , 81.6769790649 , 19.23400
115.44 , 81.7855911254 , 19.24000
115.48 , 81.7855911254 , 19.24617
115.51 , 81.7855911254 , 19.25217
115.55 , 81.7855911254 , 19.25834
115.59 , 81.8942031860 , 19.26450
115.62 , 81.8942031860 , 19.27033
115.66 , 81.8942031860 , 19.27650
115.69 , 81.8942031860 , 19.28250
115.73 , 82.0028152465 , 19.28867
115.77 , 82.0028152465 , 19.29467
115.80 , 81.8942031860 , 19.30084
115.84 , 82.0028152465 , 19.30684
115.88 , 82.0028152465 , 19.31283
115.91 , 82.1114273071 , 19.31900
115.95 , 82.1114273071 , 19.32500
115.99 , 82.1114273071 , 19.33117
116.02 , 82.2200393676 , 19.33717
116.06 , 82.1114273071 , 19.34333
116.10 , 82.2200393676 , 19.34934
116.13 , 82.2200393676 , 19.35534
116.17 , 82.2200393676 , 19.36133
116.20 , 82.2200393676 , 19.36750
116.24 , 82.3286590576 , 19.37350
116.28 , 82.3286590576 , 19.37967
116.31 , 82.3286590576 , 19.38583
116.35 , 82.4372711181 , 19.39167
116.39 , 82.4372711181 , 19.39784
116.42 , 82.4372711181 , 19.40383
116.46 , 82.5458908081 , 19.41000
116.50 , 82.5458908081 , 19.41600
116.53 , 82.5458908081 , 19.42217
116.57 , 82.5458908081 , 19.42817
116.61 , 82.5458908081 , 19.43417
116.64 , 82.6545028686 , 19.44017
116.68 , 82.6545028686 , 19.44634
116.71 , 82.7631149291 , 19.45250
116.75 , 82.6545028686 , 19.45850
116.79 , 82.7631149291 , 19.46467
116.82 , 82.7631149291 , 19.47067
116.86 , 82.8717269897 , 19.47667
116.90 , 82.8717269897 , 19.48267
116.93 , 82.8717269897 , 19.48884
116.97 , 82.8717269897 , 19.49484
117.01 , 82.9803466796 , 19.50100
117.04 , 82.9803466796 , 19.50700
117.08 , 82.9803466796 , 19.51317
117.11 , 83.0889587402 , 19.51917
117.15 , 82.9803466796 , 19.52517
117.19 , 83.0889587402 , 19.53133
117.22 , 83.0889587402 , 19.53734
117.26 , 83.0889587402 , 19.54350
117.30 , 83.0889587402 , 19.54950
117.33 , 83.0889587402 , 19.55567
117.37 , 82.9803466796 , 19.56150
117.41 , 83.1975708007 , 19.56767
117.44 , 83.1975708007 , 19.57367
117.48 , 83.1975708007 , 19.57983
117.52 , 83.1975708007 , 19.58600
117.55 , 83.3061828613 , 19.59200
117.59 , 83.3061828613 , 19.59800
117.62 , 83.3061828613 , 19.60400
117.66 , 83.4147949218 , 19.61017
117.70 , 83.5234069824 , 19.61617
117.73 , 83.4147949218 , 19.62233
117.77 , 83.4147949218 , 19.62833
117.81 , 83.5234069824 , 19.63450
117.84 , 83.5234069824 , 19.64034
117.88 , 83.5234069824 , 19.64650
117.92 , 83.6320190429 , 19.65267
117.95 , 83.5234069824 , 19.65867
117.99 , 83.6320190429 , 19.66483
118.02 , 83.6320190429 , 19.67083
118.06 , 83.6320190429 , 19.67700
118.10 , 83.6320190429 , 19.68284
118.13 , 83.7406311035 , 19.68900
118.17 , 83.7406311035 , 19.69500
118.21 , 83.7406311035 , 19.70117
118.24 , 83.7406311035 , 19.70734
118.28 , 83.8492431640 , 19.71333
118.32 , 83.8492431640 , 19.71950
118.35 , 83.8492431640 , 19.72533
118.39 , 84.0664749145 , 19.73150
118.43 , 83.9578628540 , 19.73750
118.46 , 83.9578628540 , 19.74367
118.50 , 83.9578628540 , 19.74967
118.54 , 83.9578628540 , 19.75584
118.57 , 83.9578628540 , 19.76183
118.61 , 83.9578628540 , 19.76783
118.64 , 84.0664749145 , 19.77400
118.68 , 83.9578628540 , 19.78000
118.72 , 84.0664749145 , 19.78617
118.75 , 84.1750869750 , 19.79217
118.79 , 84.0664749145 , 19.79833
118.82 , 84.1750869750 , 19.80417
118.86 , 84.1750869750 , 19.81033
118.90 , 84.1750869750 , 19.81633
118.93 , 84.2836990356 , 19.82250
118.97 , 84.2836990356 , 19.82850
119.01 , 84.3923110961 , 19.83467
119.04 , 84.3923110961 , 19.84083
119.08 , 84.3923110961 , 19.84667
119.12 , 84.3923110961 , 19.85283
119.15 , 84.5009231567 , 19.85883
119.19 , 84.6095352172 , 19.86500
119.23 , 84.5009231567 , 19.87100
119.26 , 84.5009231567 , 19.87717
119.30 , 84.6095352172 , 19.88317
119.33 , 84.6095352172 , 19.88917
119.37 , 84.7181472778 , 19.89517
119.41 , 84.6095352172 , 19.90133
119.44 , 84.7181472778 , 19.90750
119.48 , 84.7181472778 , 19.91350
119.52 , 84.7181472778 , 19.91967
119.55 , 84.7181472778 , 19.92567
119.59 , 84.8267593383 , 19.93167
119.63 , 84.8267593383 , 19.93767
119.66 , 84.8267593383 , 19.94384
119.70 , 84.8267593383 , 19.94983
119.74 , 84.8267593383 , 19.95600
119.77 , 84.9353790283 , 19.96200
119.81 , 84.9353790283 , 19.96817
119.84 , 85.0439910888 , 19.97417
119.88 , 84.9353790283 , 19.98017
119.92 , 84.9353790283 , 19.98633
119.95 , 85.0439910888 , 19.99234
119.99 , 85.0439910888 , 19.99850
120.03 , 85.0439910888 , 20.00450
120.06 , 85.0439910888 , 20.01067
120.10 , 85.1526031494 , 20.01650
120.14 , 85.1526031494 , 20.02267
120.17 , 85.1526031494 , 20.02867
120.21 , 85.2612152099 , 20.03483
120.25 , 85.3698272705 , 20.04100
120.28 , 85.3698272705 , 20.04700
120.32 , 85.3698272705 , 20.05300
120.35 , 85.2612152099 , 20.05900
120.39 , 85.3698272705 , 20.06517
120.43 , 85.3698272705 , 20.07117
120.46 , 85.4784393310 , 20.07733
120.50 , 85.4784393310 , 20.08333
120.54 , 85.4784393310 , 20.08950
120.57 , 85.4784393310 , 20.09550
120.61 , 85.4784393310 , 20.10150
120.65 , 85.5870513916 , 20.10767
120.68 , 85.4784393310 , 20.11367
120.72 , 85.5870513916 , 20.11984
120.75 , 85.5870513916 , 20.12583
120.79 , 85.5870513916 , 20.13200
120.83 , 85.6956634521 , 20.13784
120.86 , 85.6956634521 , 20.14400
120.90 , 85.8042755126 , 20.15000
120.94 , 85.8042755126 , 20.15617
120.97 , 85.8042755126 , 20.16234
121.01 , 85.8042755126 , 20.16834
121.05 , 85.8042755126 , 20.17450
121.08 , 85.8042755126 , 20.18033
121.12 , 85.8042755126 , 20.18650
121.15 , 85.8042755126 , 20.19250
121.19 , 85.9128952026 , 20.19867
121.23 , 85.9128952026 , 20.20467
121.26 , 86.0215072631 , 20.21084
121.30 , 85.9128952026 , 20.21667
121.34 , 86.0215072631 , 20.22283
121.37 , 86.0215072631 , 20.22900
121.41 , 86.1301193237 , 20.23500
121.45 , 86.0215072631 , 20.24117
121.48 , 86.1301193237 , 20.24717
121.52 , 86.1301193237 , 20.25333
121.55 , 86.1301193237 , 20.25917
121.59 , 86.2387313842 , 20.26534
121.63 , 86.2387313842 , 20.27133
121.66 , 86.2387313842 , 20.27750
121.70 , 86.2387313842 , 20.28350
121.74 , 86.3473434448 , 20.28967
121.77 , 86.4559555053 , 20.29583
121.81 , 86.3473434448 , 20.30167
121.85 , 86.4559555053 , 20.30784
121.88 , 86.4559555053 , 20.31384
121.92 , 86.4559555053 , 20.32000
121.96 , 86.4559555053 , 20.32600
121.99 , 86.4559555053 , 20.33217
122.03 , 86.5645675659 , 20.33817
122.06 , 86.5645675659 , 20.34417
122.10 , 86.5645675659 , 20.35017
122.14 , 86.6731796264 , 20.35634
122.18 , 86.6731796264 , 20.36250
122.21 , 86.6731796264 , 20.36850
122.25 , 86.6731796264 , 20.37467
122.28 , 86.7817916870 , 20.38067
122.32 , 86.7817916870 , 20.38667
122.36 , 86.7817916870 , 20.39267
122.39 , 86.8904113769 , 20.39883
122.43 , 86.8904113769 , 20.40484
122.47 , 86.8904113769 , 20.41100
122.50 , 86.8904113769 , 20.41700
122.54 , 86.9990234375 , 20.42317
122.57 , 87.1076354980 , 20.42917
122.61 , 86.9990234375 , 20.43517
122.65 , 86.9990234375 , 20.44133
122.68 , 86.9990234375 , 20.44734
122.72 , 87.1076354980 , 20.45350
122.76 , 87.1076354980 , 20.45950
122.79 , 87.1076354980 , 20.46550
122.83 , 87.1076354980 , 20.47150
122.87 , 87.1076354980 , 20.47767
122.90 , 87.1076354980 , 20.48383
122.94 , 87.2162475585 , 20.48983
122.98 , 87.2162475585 , 20.49600
123.01 , 87.3248596191 , 20.50200
123.05 , 87.2162475585 , 20.50800
123.08 , 87.3248596191 , 20.51400
123.12 , 87.4334716796 , 20.52017
123.16 , 87.3248596191 , 20.52617
123.19 , 87.4334716796 , 20.53233
123.23 , 87.5420837402 , 20.53833
123.27 , 87.4334716796 , 20.54450
123.30 , 87.5420837402 , 20.55050
123.34 , 87.5420837402 , 20.55650
123.38 , 87.5420837402 , 20.56267
123.41 , 87.5420837402 , 20.56867
123.45 , 87.6506958007 , 20.57483
123.48 , 87.6506958007 , 20.58083
123.52 , 87.5420837402 , 20.58700
123.56 , 87.6506958007 , 20.59284
123.59 , 87.5420837402 , 20.59900
123.63 , 87.7593078613 , 20.60500
123.67 , 87.6506958007 , 20.61117
123.70 , 87.6506958007 , 20.61734
123.74 , 87.5420837402 , 20.62333
123.78 , 87.7593078613 , 20.62950
123.81 , 87.7593078613 , 20.63533
123.85 , 87.8679275512 , 20.64150
123.88 , 87.8679275512 , 20.64750
123.92 , 87.8679275512 , 20.65367
123.96 , 87.8679275512 , 20.65967
124.00 , 87.9765396118 , 20.66584
124.03 , 87.9765396118 , 20.67167
124.07 , 87.9765396118 , 20.67783
124.10 , 87.9765396118 , 20.68400
124.14 , 87.9765396118 , 20.69000
124.18 , 87.9765396118 , 20.69617
124.21 , 88.0851516723 , 20.70217
124.25 , 88.1937637329 , 20.70833
124.29 , 88.0851516723 , 20.71417
124.32 , 88.1937637329 , 20.72033
124.36 , 88.1937637329 , 20.72633
124.39 , 88.1937637329 , 20.73250
124.43 , 88.1937637329 , 20.73850
124.47 , 88.3023757934 , 20.74467
124.50 , 88.3023757934 , 20.75083
124.54 , 88.3023757934 , 20.75667
124.58 , 88.4109878540 , 20.76284
124.61 , 88.4109878540 , 20.76883
124.65 , 88.5195999145 , 20.77500
124.69 , 88.5195999145 , 20.78100
124.72 , 88.5195999145 , 20.78717
124.76 , 88.5195999145 , 20.79317
124.79 , 88.5195999145 , 20.79917
124.83 , 88.5195999145 , 20.80517
124.87 , 88.6282119750 , 20.81133
124.90 , 88.6282119750 , 20.81750
124.94 , 88.7368240356 , 20.82350
124.98 , 88.6282119750 , 20.82967
125.01 , 88.6282119750 , 20.83567
125.05 , 88.7368240356 , 20.84167
125.09 , 88.7368240356 , 20.84767
125.12 , 88.8454437255 , 20.85383
125.16 , 88.8454437255 , 20.85983
125.20 , 88.9540557861 , 20.86600
125.23 , 88.9540557861 , 20.87217
125.27 , 88.8454437255 , 20.87800
125.30 , 88.9540557861 , 20.88417
125.34 , 89.0626678466 , 20.89017
125.38 , 89.0626678466 , 20.89633
125.41 , 89.0626678466 , 20.90233
125.45 , 89.1712799072 , 20.90850
125.49 , 89.0626678466 , 20.91450
125.52 , 89.1712799072 , 20.92050
125.56 , 89.1712799072 , 20.92650
125.60 , 89.1712799072 , 20.93267
125.63 , 89.1712799072 , 20.93884
125.67 , 89.1712799072 , 20.94483
125.71 , 89.2798919677 , 20.95100
125.74 , 89.0626678466 , 20.95700
125.78 , 89.2798919677 , 20.96300
125.81 , 89.3885040283 , 20.96900
125.85 , 89.3885040283 , 20.97517
125.89 , 89.3885040283 , 20.98117
125.92 , 89.3885040283 , 20.98734
125.96 , 89.3885040283 , 20.99333
126.00 , 89.4971160888 , 20.99950
126.03 , 89.3885040283 , 21.00550
126.07 , 89.4971160888 , 21.01150
126.11 , 89.4971160888 , 21.01767
126.14 , 89.6057281494 , 21.02367
126.18 , 89.4971160888 , 21.02984
126.21 , 89.7143402099 , 21.03583
126.25 , 89.6057281494 , 21.04200
126.29 , 89.6057281494 , 21.04784
126.32 , 89.7143402099 , 21.05400
126.36 , 89.7143402099 , 21.06000
126.40 , 89.7143402099 , 21.06617
126.43 , 89.8229598999 , 21.07234
126.47 , 89.8229598999 , 21.07834
126.51 , 89.8229598999 , 21.08450
126.54 , 89.8229598999 , 21.09033
126.58 , 89.8229598999 , 21.09650
126.61 , 89.8229598999 , 21.10250
126.65 , 89.9315719604 , 21.10867
126.69 , 89.9315719604 , 21.11467
126.72 , 89.9315719604 , 21.12084
126.76 , 90.0401840209 , 21.12667
126.80 , 90.0401840209 , 21.13283
126.83 , 90.0401840209 , 21.13900
126.87 , 90.0401840209 , 21.14500
126.91 , 90.0401840209 , 21.15117
126.94 , 90.0401840209 , 21.15717
126.98 , 90.1487960815 , 21.16333
127.01 , 90.1487960815 , 21.16917
127.05 , 90.2574081420 , 21.17534
127.09 , 90.2574081420 , 21.18133
127.12 , 90.2574081420 , 21.18750
127.16 , 90.2574081420 , 21.19350
127.20 , 90.3660202026 , 21.19967
127.23 , 90.2574081420 , 21.20583
127.27 , 90.3660202026 , 21.21167
127.31 , 90.3660202026 , 21.21784
127.34 , 90.4746322631 , 21.22384
127.38 , 90.4746322631 , 21.23000
127.42 , 90.4746322631 , 21.23600
127.45 , 90.4746322631 , 21.24217
127.49 , 90.5832443237 , 21.24817
127.52 , 90.5832443237 , 21.25417
127.56 , 90.5832443237 , 21.26033
127.60 , 90.5832443237 , 21.26634
127.63 , 90.5832443237 , 21.27250
127.67 , 90.5832443237 , 21.27850
127.71 , 90.6918563842 , 21.28467
127.74 , 90.6918563842 , 21.29067
127.78 , 90.8004760742 , 21.29667
127.82 , 90.8004760742 , 21.30267
127.85 , 90.8004760742 , 21.30883
127.89 , 90.8004760742 , 21.31484
127.93 , 90.9090881347 , 21.32100
127.96 , 90.9090881347 , 21.32717
128.00 , 90.9090881347 , 21.33300
128.04 , 91.0177001953 , 21.33917
128.07 , 90.9090881347 , 21.34517
128.11 , 91.0177001953 , 21.35133
128.14 , 91.0177001953 , 21.35733
128.18 , 91.0177001953 , 21.36350
128.22 , 91.0177001953 , 21.36950
128.25 , 91.0177001953 , 21.37550
128.29 , 91.0177001953 , 21.38150
128.33 , 91.0177001953 , 21.38767
128.36 , 91.1263122558 , 21.39384
128.40 , 91.1263122558 , 21.39983
128.44 , 91.2349243164 , 21.40600
128.47 , 91.2349243164 , 21.41200
128.51 , 91.2349243164 , 21.41800
128.54 , 91.3435363769 , 21.42400
128.58 , 91.2349243164 , 21.43017
128.62 , 91.3435363769 , 21.43617
128.65 , 91.4521484375 , 21.44234
128.69 , 91.3435363769 , 21.44833
128.73 , 91.4521484375 , 21.45450
128.76 , 91.4521484375 , 21.46050
128.80 , 91.4521484375 , 21.46650
128.84 , 91.5607604980 , 21.47267
128.87 , 91.5607604980 , 21.47867
128.91 , 91.6693725585 , 21.48483
128.95 , 91.4521484375 , 21.49084
128.98 , 91.5607604980 , 21.49700
129.02 , 91.6693725585 , 21.50284
129.05 , 91.6693725585 , 21.50900
129.09 , 91.6693725585 , 21.51500
129.13 , 91.6693725585 , 21.52117
129.16 , 91.7779922485 , 21.52733
129.20 , 91.7779922485 , 21.53333
129.24 , 91.7779922485 , 21.53933
129.27 , 91.7779922485 , 21.54533
129.31 , 91.8866043090 , 21.55150
129.35 , 91.8866043090 , 21.55750
129.38 , 91.8866043090 , 21.56367
129.42 , 91.8866043090 , 21.56967
129.46 , 91.8866043090 , 21.57583
129.49 , 91.9952163696 , 21.58167
129.53 , 91.9952163696 , 21.58783
129.56 , 91.9952163696 , 21.59400
129.60 , 91.9952163696 , 21.60000
129.64 , 92.1038284301 , 21.60617
129.67 , 92.2124404907 , 21.61217
129.71 , 92.1038284301 , 21.61834
129.75 , 92.2124404907 , 21.62417
129.78 , 92.3210525512 , 21.63033
129.82 , 92.3210525512 , 21.63633
129.86 , 92.3210525512 , 21.64250
129.89 , 92.2124404907 , 21.64867
129.93 , 92.3210525512 , 21.65467
129.97 , 92.3210525512 , 21.66083
130.00 , 92.3210525512 , 21.66667
130.04 , 92.4296646118 , 21.67284
130.07 , 92.4296646118 , 21.67883
130.11 , 92.4296646118 , 21.68500
130.15 , 92.4296646118 , 21.69100
130.18 , 92.5382766723 , 21.69717
130.22 , 92.5382766723 , 21.70317
130.26 , 92.5382766723 , 21.70917
130.29 , 92.4296646118 , 21.71534
130.33 , 92.4296646118 , 21.72134
130.37 , 92.4296646118 , 21.72750
130.40 , 92.4296646118 , 21.73350
130.44 , 92.4296646118 , 21.73967
130.47 , 92.4296646118 , 21.74550
130.51 , 92.4296646118 , 21.75167
130.55 , 92.3210525512 , 21.75767