2.99 , 0.0000000000 , 0.49817
3.02 , 0.0000000000 , 0.50333
3.05 , 0.0000000000 , 0.50883
3.09 , 0.0000000000 , 0.51417
3.12 , 0.0000000000 , 0.51967
3.15 , 0.1086129074 , 0.52483
3.18 , 0.1086129074 , 0.53033
3.21 , 0.0000000000 , 0.53567
3.25 , 0.0000000000 , 0.54117
3.28 , 0.1086129074 , 0.54633
3.31 , 0.1086129074 , 0.55183
3.34 , 0.1086129074 , 0.55717
3.38 , 0.1086129074 , 0.56267
3.41 , 0.0000000000 , 0.56783
3.44 , 0.1086129074 , 0.57333
3.47 , 0.1086129074 , 0.57867
3.51 , 0.2172258138 , 0.58417
3.54 , 0.1086129074 , 0.58933
3.57 , 0.1086129074 , 0.59483
3.60 , 0.1086129074 , 0.60017
3.63 , 0.2172258138 , 0.60567
3.67 , 0.1086129074 , 0.61083
3.70 , 0.2172258138 , 0.61633
3.73 , 0.2172258138 , 0.62167
3.76 , 0.2172258138 , 0.62717
3.79 , 0.2172258138 , 0.63233
3.83 , 0.2172258138 , 0.63783
3.86 , 0.2172258138 , 0.64317
3.89 , 0.2172258138 , 0.64850
3.92 , 0.4344516277 , 0.65383
3.96 , 0.3258387088 , 0.65917
3.99 , 0.3258387088 , 0.66467
4.02 , 0.3258387088 , 0.67000
4.05 , 0.3258387088 , 0.67533
4.08 , 0.3258387088 , 0.68067
4.12 , 0.4344516277 , 0.68617
4.15 , 0.4344516277 , 0.69150
4.18 , 0.4344516277 , 0.69700
4.21 , 0.5430645465 , 0.70217
4.25 , 0.4344516277 , 0.70767
4.28 , 0.5430645465 , 0.71300
4.31 , 0.5430645465 , 0.71850
4.34 , 0.5430645465 , 0.72367
4.38 , 0.5430645465 , 0.72917
4.41 , 0.6516774177 , 0.73450
4.44 , 0.6516774177 , 0.74000
4.47 , 0.5430645465 , 0.74517
4.50 , 0.6516774177 , 0.75067
4.54 , 0.6516774177 , 0.75600
4.57 , 0.6516774177 , 0.76150
4.60 , 0.5430645465 , 0.76667
4.63 , 0.6516774177 , 0.77217
4.67 , 0.7602903366 , 0.77750
4.70 , 0.6516774177 , 0.78300
4.73 , 0.7602903366 , 0.78817
4.76 , 0.7602903366 , 0.79367
4.79 , 0.7602903366 , 0.79900
4.83 , 0.7602903366 , 0.80450
4.86 , 0.8689032554 , 0.80967
4.89 , 0.8689032554 , 0.81500
4.92 , 0.8689032554 , 0.82050
4.96 , 0.7602903366 , 0.82583
4.99 , 0.8689032554 , 0.83117
5.02 , 0.9775175094 , 0.83650
5.05 , 0.8689032554 , 0.84200
5.08 , 0.8689032554 , 0.84733
5.12 , 0.9775175094 , 0.85267
5.15 , 0.9775175094 , 0.85800
5.18 , 0.9775175094 , 0.86350
5.21 , 1.0861303806 , 0.86883
5.25 , 0.9775175094 , 0.87417
5.28 , 1.0861303806 , 0.87950
5.31 , 0.9775175094 , 0.88500
5.34 , 1.0861303806 , 0.89033
5.37 , 0.9775175094 , 0.89567
5.41 , 1.0861303806 , 0.90100
5.44 , 1.1947432708 , 0.90650
5.47 , 1.0861303806 , 0.91183
5.50 , 1.1947432708 , 0.91733
5.53 , 1.1947432708 , 0.92250
5.57 , 1.0861303806 , 0.92800
5.60 , 1.1947432708 , 0.93333
5.63 , 1.1947432708 , 0.93883
5.66 , 1.1947432708 , 0.94400
5.70 , 1.3033561706 , 0.94950
5.73 , 1.3033561706 , 0.95483
5.76 , 1.3033561706 , 0.96033
5.79 , 1.3033561706 , 0.96550
5.83 , 1.3033561706 , 0.97100
5.86 , 1.3033561706 , 0.97633
5.89 , 1.3033561706 , 0.98183
5.92 , 1.3033561706 , 0.98700
5.95 , 1.4119690895 , 0.99233
5.99 , 1.4119690895 , 0.99783
6.02 , 1.4119690895 , 1.00317
6.05 , 1.5205819606 , 1.00850
6.08 , 1.4119690895 , 1.01383
6.12 , 1.5205819606 , 1.01933
6.15 , 1.5205819606 , 1.02467
6.18 , 1.5205819606 , 1.03000
6.21 , 1.5205819606 , 1.03533
6.25 , 1.5205819606 , 1.04083
6.28 , 1.6291948318 , 1.04617
6.31 , 1.6291948318 , 1.05150
6.34 , 1.6291948318 , 1.05683
6.37 , 1.6291948318 , 1.06233
6.41 , 1.6291948318 , 1.06767
6.44 , 1.6291948318 , 1.07300
6.47 , 1.6291948318 , 1.07833
6.50 , 1.7378077507 , 1.08383
6.53 , 1.7378077507 , 1.08917
6.57 , 1.7378077507 , 1.09450
6.60 , 1.7378077507 , 1.09983
6.63 , 1.8464206695 , 1.10533
6.66 , 1.8464206695 , 1.11067
6.70 , 1.7378077507 , 1.11600
6.73 , 1.8464206695 , 1.12133
6.76 , 1.8464206695 , 1.12683
6.79 , 1.8464206695 , 1.13217
6.82 , 1.9550334930 , 1.13750
6.86 , 1.8464206695 , 1.14283
6.89 , 1.9550334930 , 1.14833
6.92 , 1.9550334930 , 1.15367
6.95 , 1.9550334930 , 1.15883
6.99 , 1.9550334930 , 1.16433
7.02 , 1.9550334930 , 1.16967
7.05 , 2.0636465549 , 1.17517
7.08 , 2.0636465549 , 1.18050
7.11 , 2.0636465549 , 1.18583
7.15 , 2.0636465549 , 1.19117
7.18 , 2.0636465549 , 1.19667
7.21 , 2.0636465549 , 1.20200
7.24 , 2.0636465549 , 1.20733
7.28 , 2.0636465549 , 1.21267
7.31 , 2.1722593307 , 1.21817
7.34 , 2.1722593307 , 1.22350
7.37 , 2.1722593307 , 1.22883
7.41 , 2.0636465549 , 1.23417
7.44 , 2.1722593307 , 1.23967
7.47 , 2.2808723449 , 1.24500
7.50 , 2.1722593307 , 1.25033
7.53 , 2.2808723449 , 1.25567
7.57 , 2.2808723449 , 1.26117
7.60 , 2.3894865512 , 1.26650
7.63 , 2.2808723449 , 1.27183
7.66 , 2.3894865512 , 1.27717
7.70 , 2.3894865512 , 1.28267
7.73 , 2.3894865512 , 1.28800
7.76 , 2.2808723449 , 1.29333
7.79 , 2.4980993270 , 1.29867
7.82 , 2.3894865512 , 1.30417
7.86 , 2.4980993270 , 1.30950
7.89 , 2.4980993270 , 1.31483
7.92 , 2.6067123413 , 1.32017
7.95 , 2.6067123413 , 1.32567
7.99 , 2.6067123413 , 1.33100
8.02 , 2.6067123413 , 1.33617
8.05 , 2.6067123413 , 1.34167
8.08 , 2.6067123413 , 1.34700
8.11 , 2.6067123413 , 1.35250
8.15 , 2.7153253555 , 1.35767
8.18 , 2.7153253555 , 1.36317
8.21 , 2.7153253555 , 1.36850
8.24 , 2.7153253555 , 1.37400
8.27 , 2.7153253555 , 1.37917
8.31 , 2.7153253555 , 1.38467
8.34 , 2.8239381790 , 1.39000
8.37 , 2.8239381790 , 1.39550
8.40 , 2.8239381790 , 1.40067
8.44 , 2.8239381790 , 1.40617
8.47 , 2.8239381790 , 1.41150
8.50 , 2.8239381790 , 1.41700
8.53 , 2.8239381790 , 1.42233
8.57 , 2.9325511932 , 1.42767
8.60 , 2.9325511932 , 1.43300
8.63 , 2.9325511932 , 1.43850
8.66 , 2.9325511932 , 1.44383
8.69 , 2.9325511932 , 1.44917
8.73 , 3.0411639213 , 1.45450
8.76 , 2.9325511932 , 1.46000
8.79 , 2.9325511932 , 1.46533
8.82 , 3.0411639213 , 1.47067
8.86 , 3.0411639213 , 1.47600
8.89 , 3.0411639213 , 1.48150
8.92 , 3.1497769355 , 1.48683
8.95 , 3.0411639213 , 1.49217
8.98 , 3.1497769355 , 1.49750
9.02 , 3.1497769355 , 1.50283
9.05 , 3.1497769355 , 1.50833
9.08 , 3.1497769355 , 1.51350
9.11 , 3.2583897113 , 1.51900
9.15 , 3.2583897113 , 1.52433
9.18 , 3.2583897113 , 1.52983
9.21 , 3.2583897113 , 1.53500
9.24 , 3.2583897113 , 1.54050
9.27 , 3.2583897113 , 1.54583
9.31 , 3.2583897113 , 1.55133
9.34 , 3.2583897113 , 1.55650
9.37 , 3.3670027256 , 1.56200
9.40 , 3.3670027256 , 1.56733
9.44 , 3.3670027256 , 1.57283
9.47 , 3.4756155014 , 1.57800
9.50 , 3.3670027256 , 1.58350
9.53 , 3.3670027256 , 1.58883
9.57 , 3.5842285156 , 1.59433
9.60 , 3.4756155014 , 1.59950
9.63 , 3.5842285156 , 1.60500
9.66 , 3.4756155014 , 1.61033
9.69 , 3.4756155014 , 1.61583
9.73 , 3.5842285156 , 1.62100
9.76 , 3.4756155014 , 1.62650
9.79 , 3.5842285156 , 1.63183
9.82 , 3.5842285156 , 1.63733
9.86 , 3.5842285156 , 1.64267
9.89 , 3.6928412914 , 1.64800
9.92 , 3.5842285156 , 1.65333
9.95 , 3.6928412914 , 1.65883
9.98 , 3.6928412914 , 1.66417
10.02 , 3.5842285156 , 1.66950
10.05 , 3.6928412914 , 1.67500
10.08 , 3.6928412914 , 1.68067
10.12 , 3.6928412914 , 1.68617
10.15 , 3.8014554977 , 1.69167
10.18 , 3.6928412914 , 1.69717
10.22 , 3.8014554977 , 1.70283
10.25 , 3.8014554977 , 1.70833
10.28 , 3.8014554977 , 1.71400
10.32 , 3.8014554977 , 1.71933
10.35 , 3.8014554977 , 1.72500
10.38 , 3.9100685119 , 1.73050
10.42 , 3.8014554977 , 1.73617
10.45 , 3.9100685119 , 1.74150
10.48 , 3.9100685119 , 1.74717
10.52 , 4.0186815261 , 1.75267
10.55 , 4.0186815261 , 1.75833
10.58 , 3.9100685119 , 1.76383
10.62 , 4.0186815261 , 1.76933
10.65 , 4.0186815261 , 1.77483
10.68 , 4.0186815261 , 1.78050
10.72 , 4.0186815261 , 1.78600
10.75 , 4.1272945404 , 1.79150
10.78 , 4.2359070777 , 1.79700
10.82 , 4.1272945404 , 1.80267
10.85 , 4.1272945404 , 1.80817
10.88 , 4.1272945404 , 1.81383
10.92 , 4.1272945404 , 1.81917
10.95 , 4.2359070777 , 1.82483
10.98 , 4.1272945404 , 1.83033
11.02 , 4.2359070777 , 1.83600
11.05 , 4.1272945404 , 1.84133
11.08 , 4.2359070777 , 1.84700
11.11 , 4.3445200920 , 1.85250
11.15 , 4.2359070777 , 1.85817
11.18 , 4.3445200920 , 1.86367
11.22 , 4.3445200920 , 1.86917
11.25 , 4.3445200920 , 1.87467
11.28 , 4.4531331062 , 1.88033
11.31 , 4.3445200920 , 1.88583
11.35 , 4.5617461204 , 1.89133
11.38 , 4.5617461204 , 1.89683
11.42 , 4.4531331062 , 1.90250
11.45 , 4.4531331062 , 1.90800
11.48 , 4.5617461204 , 1.91367
11.51 , 4.4531331062 , 1.91900
11.55 , 4.5617461204 , 1.92467
11.58 , 4.5617461204 , 1.93017
11.61 , 4.6703586578 , 1.93583
11.65 , 4.6703586578 , 1.94133
11.68 , 4.5617461204 , 1.94683
11.71 , 4.6703586578 , 1.95233
11.75 , 4.6703586578 , 1.95800
11.78 , 4.6703586578 , 1.96350
11.81 , 4.6703586578 , 1.96900
11.85 , 4.6703586578 , 1.97450
11.88 , 4.6703586578 , 1.98017
11.91 , 4.7789716720 , 1.98567
11.95 , 4.7789716720 , 1.99133
11.98 , 4.7789716720 , 1.99667
12.01 , 4.7789716720 , 2.00233
12.05 , 4.8875846862 , 2.00783
12.08 , 4.7789716720 , 2.01350
12.11 , 4.8875846862 , 2.01883
12.15 , 4.8875846862 , 2.02450
12.18 , 4.8875846862 , 2.03000
12.21 , 4.9961977005 , 2.03567
12.25 , 4.8875846862 , 2.04117
12.28 , 4.9961977005 , 2.04667
12.31 , 4.9961977005 , 2.05217
12.35 , 4.9961977005 , 2.05783
12.38 , 4.9961977005 , 2.06333
12.41 , 4.8875846862 , 2.06883
12.45 , 5.1048102378 , 2.07433
12.48 , 5.1048102378 , 2.08000
12.51 , 4.9961977005 , 2.08550
12.55 , 5.1048102378 , 2.09117
12.58 , 4.9961977005 , 2.09650
12.61 , 5.1048102378 , 2.10217
12.65 , 5.1048102378 , 2.10767
12.68 , 5.1048102378 , 2.11333
12.71 , 5.2134246826 , 2.11867
12.75 , 5.2134246826 , 2.12433
12.78 , 5.2134246826 , 2.12983
12.81 , 5.2134246826 , 2.13550
12.85 , 5.2134246826 , 2.14100
12.88 , 5.2134246826 , 2.14650
12.91 , 5.2134246826 , 2.15200
12.95 , 5.2134246826 , 2.15767
12.98 , 5.3220376968 , 2.16317
13.01 , 5.2134246826 , 2.16867
13.05 , 5.4306507110 , 2.17417
13.08 , 5.3220376968 , 2.17983
13.11 , 5.4306507110 , 2.18533
13.15 , 5.3220376968 , 2.19100
13.18 , 5.3220376968 , 2.19633
13.21 , 5.4306507110 , 2.20200
13.25 , 5.4306507110 , 2.20750
13.28 , 5.5392632484 , 2.21317
13.31 , 5.5392632484 , 2.21867
13.35 , 5.4306507110 , 2.22417
13.38 , 5.5392632484 , 2.22967
13.41 , 5.5392632484 , 2.23533
13.44 , 5.5392632484 , 2.24083
13.48 , 5.6478762626 , 2.24633
13.51 , 5.6478762626 , 2.25183
13.55 , 5.6478762626 , 2.25750
13.58 , 5.7564892768 , 2.26300
13.61 , 5.6478762626 , 2.26867
13.64 , 5.7564892768 , 2.27400
13.68 , 5.7564892768 , 2.27967
13.71 , 5.6478762626 , 2.28517
13.75 , 5.7564892768 , 2.29083
13.78 , 5.7564892768 , 2.29617
13.81 , 5.7564892768 , 2.30183
13.84 , 5.7564892768 , 2.30733
13.88 , 5.8651022911 , 2.31300
13.91 , 5.7564892768 , 2.31850
13.94 , 5.8651022911 , 2.32400
13.98 , 5.8651022911 , 2.32950
14.01 , 5.8651022911 , 2.33517
14.04 , 5.9737148284 , 2.34067
14.08 , 5.8651022911 , 2.34617
14.11 , 5.9737148284 , 2.35167
14.14 , 6.0823278427 , 2.35733
14.18 , 6.0823278427 , 2.36283
14.21 , 6.0823278427 , 2.36850
14.24 , 5.8651022911 , 2.37383
14.28 , 5.9737148284 , 2.37950
14.31 , 6.0823278427 , 2.38500
14.34 , 6.0823278427 , 2.39067
14.38 , 6.0823278427 , 2.39600
14.41 , 6.1909408569 , 2.40167
14.44 , 6.1909408569 , 2.40717
14.48 , 6.1909408569 , 2.41283
14.51 , 6.1909408569 , 2.41833
14.54 , 6.2995538711 , 2.42383
14.58 , 6.0823278427 , 2.42933
14.61 , 6.1909408569 , 2.43500
14.64 , 6.1909408569 , 2.44050
14.68 , 6.1909408569 , 2.44600
14.71 , 6.2995538711 , 2.45150
14.74 , 6.2995538711 , 2.45717
14.78 , 6.2995538711 , 2.46267
14.81 , 6.1909408569 , 2.46833
14.84 , 6.2995538711 , 2.47367
14.88 , 6.2995538711 , 2.47933
14.91 , 6.2995538711 , 2.48483
14.94 , 6.4081664085 , 2.49050
14.98 , 6.4081664085 , 2.49600
15.01 , 6.4081664085 , 2.50150
15.04 , 6.4081664085 , 2.50700
15.08 , 6.4081664085 , 2.51267
15.11 , 6.5167808532 , 2.51817
15.14 , 6.5167808532 , 2.52367
15.18 , 6.5167808532 , 2.52917
15.21 , 6.5167808532 , 2.53483
15.24 , 6.5167808532 , 2.54033
15.28 , 6.6253938674 , 2.54600
15.31 , 6.5167808532 , 2.55133
15.34 , 6.7340068817 , 2.55700
15.38 , 6.6253938674 , 2.56250
15.41 , 6.7340068817 , 2.56817
15.44 , 6.6253938674 , 2.57350
15.48 , 6.7340068817 , 2.57917
15.51 , 6.6253938674 , 2.58467
15.54 , 6.7340068817 , 2.59033
15.57 , 6.7340068817 , 2.59583
15.61 , 6.8426194190 , 2.60133
15.64 , 6.8426194190 , 2.60683
15.68 , 6.8426194190 , 2.61250
15.71 , 6.8426194190 , 2.61800
15.74 , 6.8426194190 , 2.62350
15.77 , 6.8426194190 , 2.62900
15.81 , 6.9512324333 , 2.63467
15.84 , 6.8426194190 , 2.64017
15.88 , 6.9512324333 , 2.64583
15.91 , 6.9512324333 , 2.65117
15.94 , 7.0598454475 , 2.65683
15.97 , 6.9512324333 , 2.66233
16.01 , 7.0598454475 , 2.66800
16.04 , 7.0598454475 , 2.67333
16.07 , 7.1684584617 , 2.67900
16.11 , 6.9512324333 , 2.68450
16.14 , 7.0598454475 , 2.69017
16.17 , 7.0598454475 , 2.69567
16.21 , 7.0598454475 , 2.70117
16.24 , 7.1684584617 , 2.70667
16.27 , 7.1684584617 , 2.71233
16.31 , 7.2770709991 , 2.71783
16.34 , 7.2770709991 , 2.72333
16.37 , 7.2770709991 , 2.72883
16.41 , 7.1684584617 , 2.73450
16.44 , 7.2770709991 , 2.74000
16.47 , 7.2770709991 , 2.74567
16.51 , 7.2770709991 , 2.75100
16.54 , 7.3856840133 , 2.75667
16.57 , 7.2770709991 , 2.76217
16.61 , 7.2770709991 , 2.76783
16.64 , 7.3856840133 , 2.77333
16.67 , 7.2770709991 , 2.77883
16.71 , 7.3856840133 , 2.78433
16.74 , 7.3856840133 , 2.79000
16.77 , 7.4942970275 , 2.79550
16.81 , 7.4942970275 , 2.80100
16.84 , 7.4942970275 , 2.80650
16.87 , 7.4942970275 , 2.81217
16.91 , 7.4942970275 , 2.81767
16.94 , 7.6029100418 , 2.82333
16.97 , 7.4942970275 , 2.82867
17.01 , 7.6029100418 , 2.83433
17.04 , 7.6029100418 , 2.83983
17.07 , 7.6029100418 , 2.84550
17.10 , 7.7115225791 , 2.85083
17.14 , 7.6029100418 , 2.85650
17.17 , 7.7115225791 , 2.86200
17.21 , 7.6029100418 , 2.86767
17.24 , 7.6029100418 , 2.87317
17.27 , 7.7115225791 , 2.87867
17.30 , 7.7115225791 , 2.88417
17.34 , 7.7115225791 , 2.88983
17.37 , 7.7115225791 , 2.89533
17.40 , 7.7115225791 , 2.90083
17.44 , 7.8201355934 , 2.90633
17.47 , 7.8201355934 , 2.91200
17.50 , 7.8201355934 , 2.91750
17.54 , 7.8201355934 , 2.92317
17.57 , 7.9287500381 , 2.92850
17.60 , 7.8201355934 , 2.93417
17.64 , 7.9287500381 , 2.93967
17.67 , 7.8201355934 , 2.94533
17.70 , 8.0373630523 , 2.95067
17.74 , 7.9287500381 , 2.95633
17.77 , 8.0373630523 , 2.96183
17.80 , 7.9287500381 , 2.96750
17.84 , 7.9287500381 , 2.97300
17.87 , 8.1459760665 , 2.97850
17.90 , 8.1459760665 , 2.98400
17.94 , 8.1459760665 , 2.98967
17.97 , 8.1459760665 , 2.99517
18.00 , 8.1459760665 , 3.00067
18.04 , 8.1459760665 , 3.00617
18.07 , 8.1459760665 , 3.01183
18.10 , 8.1459760665 , 3.01733
18.14 , 8.1459760665 , 3.02300
18.17 , 8.2545890808 , 3.02833
18.20 , 8.3632011413 , 3.03400
18.24 , 8.2545890808 , 3.03950
18.27 , 8.2545890808 , 3.04517
18.30 , 8.2545890808 , 3.05067
18.34 , 8.3632011413 , 3.05617
18.37 , 8.3632011413 , 3.06167
18.40 , 8.3632011413 , 3.06733
18.44 , 8.4718141555 , 3.07283
18.47 , 8.3632011413 , 3.07833
18.50 , 8.3632011413 , 3.08383
18.54 , 8.4718141555 , 3.08950
18.57 , 8.4718141555 , 3.09500
18.60 , 8.5804271697 , 3.10067
18.64 , 8.4718141555 , 3.10600
18.67 , 8.5804271697 , 3.11167
18.70 , 8.5804271697 , 3.11717
18.74 , 8.5804271697 , 3.12283
18.77 , 8.5804271697 , 3.12817
18.80 , 8.5804271697 , 3.13383
18.84 , 8.6890401840 , 3.13933
18.87 , 8.6890401840 , 3.14500
18.90 , 8.6890401840 , 3.15050
18.94 , 8.6890401840 , 3.15600
18.97 , 8.6890401840 , 3.16150
19.00 , 8.6890401840 , 3.16717
19.04 , 8.7976531982 , 3.17267
19.07 , 8.7976531982 , 3.17817
19.10 , 8.7976531982 , 3.18367
19.14 , 8.7976531982 , 3.18933
19.17 , 8.7976531982 , 3.19483
19.20 , 8.7976531982 , 3.20050
19.23 , 8.7976531982 , 3.20583
19.27 , 8.9062662124 , 3.21150
19.30 , 8.9062662124 , 3.21700
19.34 , 8.9062662124 , 3.22267
19.37 , 9.0148792266 , 3.22800
19.40 , 8.9062662124 , 3.23367
19.43 , 8.9062662124 , 3.23917
19.47 , 9.0148792266 , 3.24483
19.50 , 9.0148792266 , 3.25033
19.53 , 9.0148792266 , 3.25583
19.57 , 9.0148792266 , 3.26133
19.60 , 9.1234922409 , 3.26700
19.63 , 9.1234922409 , 3.27250
19.67 , 9.1234922409 , 3.27800
19.70 , 9.1234922409 , 3.28350
19.73 , 9.2321052551 , 3.28917
19.77 , 9.1234922409 , 3.29467
19.80 , 9.2321052551 , 3.30033
19.83 , 9.1234922409 , 3.30567
19.87 , 9.2321052551 , 3.31133
19.90 , 9.2321052551 , 3.31683
19.93 , 9.2321052551 , 3.32250
19.97 , 9.2321052551 , 3.32800
20.00 , 9.2321052551 , 3.33350
20.03 , 9.3407192230 , 3.33900
20.07 , 9.3407192230 , 3.34467
20.10 , 9.3407192230 , 3.35017
20.13 , 9.3407192230 , 3.35567
20.17 , 9.4493322372 , 3.36117
20.20 , 9.4493322372 , 3.36683
20.23 , 9.4493322372 , 3.37233
20.27 , 9.4493322372 , 3.37800
20.30 , 9.4493322372 , 3.38333
20.33 , 9.5579452514 , 3.38900
20.37 , 9.5579452514 , 3.39450
20.40 , 9.4493322372 , 3.40017
20.43 , 9.5579452514 , 3.40550
20.47 , 9.5579452514 , 3.41117
20.50 , 9.5579452514 , 3.41667
20.53 , 9.5579452514 , 3.42233
20.57 , 9.6665573120 , 3.42783
20.60 , 9.5579452514 , 3.43333
20.63 , 9.6665573120 , 3.43883
20.67 , 9.6665573120 , 3.44450
20.70 , 9.6665573120 , 3.45000
20.73 , 9.7751703262 , 3.45550
20.77 , 9.7751703262 , 3.46100
20.80 , 9.6665573120 , 3.46667
20.83 , 9.7751703262 , 3.47217
20.87 , 9.7751703262 , 3.47783
20.90 , 9.7751703262 , 3.48317
20.93 , 9.8837833404 , 3.48883
20.97 , 9.8837833404 , 3.49433
21.00 , 9.8837833404 , 3.50000
21.03 , 9.8837833404 , 3.50533
21.07 , 9.8837833404 , 3.51100
21.10 , 9.8837833404 , 3.51650
21.13 , 9.8837833404 , 3.52217
21.17 , 9.9923963546 , 3.52767
21.20 , 10.1010093688 , 3.53317
21.23 , 10.1010093688 , 3.53883
21.27 , 10.1010093688 , 3.54467
21.30 , 10.1010093688 , 3.55033
21.34 , 10.2096223831 , 3.55617
21.37 , 10.1010093688 , 3.56167
21.40 , 10.1010093688 , 3.56750
21.44 , 10.2096223831 , 3.57317
21.47 , 10.2096223831 , 3.57900
21.51 , 10.1010093688 , 3.58467
21.54 , 10.3182353973 , 3.59033
21.58 , 10.2096223831 , 3.59600
21.61 , 10.3182353973 , 3.60183
21.64 , 10.3182353973 , 3.60750
21.68 , 10.3182353973 , 3.61333
21.71 , 10.3182353973 , 3.61883
21.75 , 10.3182353973 , 3.62467
21.78 , 10.3182353973 , 3.63033
21.82 , 10.4268484115 , 3.63617
21.85 , 10.3182353973 , 3.64183
21.88 , 10.4268484115 , 3.64750
21.92 , 10.4268484115 , 3.65317
21.95 , 10.3182353973 , 3.65900
21.99 , 10.4268484115 , 3.66467
22.02 , 10.4268484115 , 3.67050
22.06 , 10.5354614257 , 3.67600
22.09 , 10.5354614257 , 3.68183
22.12 , 10.5354614257 , 3.68750
22.16 , 10.5354614257 , 3.69333
22.19 , 10.6440734863 , 3.69900
22.23 , 10.6440734863 , 3.70467
22.26 , 10.6440734863 , 3.71033
22.30 , 10.6440734863 , 3.71617
22.33 , 10.6440734863 , 3.72200
22.37 , 10.6440734863 , 3.72767
22.40 , 10.6440734863 , 3.73350
22.43 , 10.7526865005 , 3.73900
22.47 , 10.7526865005 , 3.74483
22.50 , 10.6440734863 , 3.75050
22.54 , 10.7526865005 , 3.75633
22.57 , 10.8612995147 , 3.76200
22.61 , 10.8612995147 , 3.76767
22.64 , 10.7526865005 , 3.77333
22.67 , 10.8612995147 , 3.77917
22.71 , 10.7526865005 , 3.78483
22.74 , 10.8612995147 , 3.79067
22.78 , 10.8612995147 , 3.79617
22.81 , 10.9699125289 , 3.80200
22.85 , 10.9699125289 , 3.80767
22.88 , 10.9699125289 , 3.81350
22.92 , 10.9699125289 , 3.81917
22.95 , 10.9699125289 , 3.82483
22.98 , 11.0785255432 , 3.83050
23.02 , 11.0785255432 , 3.83633
23.05 , 11.0785255432 , 3.84200
23.09 , 11.0785255432 , 3.84783
23.12 , 11.1871385574 , 3.85333
23.15 , 11.0785255432 , 3.85917
23.19 , 11.1871385574 , 3.86483
23.22 , 11.0785255432 , 3.87067
23.26 , 11.2957515716 , 3.87633
23.29 , 11.4043664932 , 3.88200
23.33 , 11.1871385574 , 3.88767
23.36 , 11.1871385574 , 3.89350
23.40 , 11.2957515716 , 3.89933
23.43 , 11.2957515716 , 3.90500
23.46 , 11.2957515716 , 3.91067
23.50 , 11.4043664932 , 3.91633
23.53 , 11.4043664932 , 3.92217
23.57 , 11.4043664932 , 3.92783
23.60 , 11.4043664932 , 3.93367
23.63 , 11.4043664932 , 3.93917
23.67 , 11.5129795074 , 3.94500
23.70 , 11.5129795074 , 3.95067
23.74 , 11.5129795074 , 3.95650
23.77 , 11.5129795074 , 3.96217
23.81 , 11.5129795074 , 3.96800
23.84 , 11.6215925216 , 3.97350
23.88 , 11.6215925216 , 3.97933
23.91 , 11.6215925216 , 3.98500
23.94 , 11.5129795074 , 3.99083
23.98 , 11.6215925216 , 3.99650
24.01 , 11.6215925216 , 4.00217
24.05 , 11.6215925216 , 4.00783
24.08 , 11.7302055358 , 4.01367
24.12 , 11.7302055358 , 4.01933
24.15 , 11.8388185501 , 4.02517
24.18 , 11.7302055358 , 4.03067
24.22 , 11.8388185501 , 4.03650
24.25 , 11.7302055358 , 4.04217
24.29 , 11.8388185501 , 4.04800
24.32 , 11.8388185501 , 4.05367
24.36 , 11.9474315643 , 4.05933
24.39 , 11.8388185501 , 4.06500
24.42 , 11.8388185501 , 4.07083
24.46 , 11.8388185501 , 4.07650
24.49 , 11.9474315643 , 4.08233
24.53 , 12.0560445785 , 4.08800
24.56 , 11.9474315643 , 4.09367
24.60 , 12.0560445785 , 4.09950
24.63 , 11.9474315643 , 4.10517
24.67 , 12.0560445785 , 4.11100
24.70 , 12.0560445785 , 4.11650
24.73 , 12.0560445785 , 4.12233
24.77 , 12.0560445785 , 4.12800
24.80 , 12.0560445785 , 4.13383
24.84 , 12.0560445785 , 4.13950
24.87 , 12.1646575927 , 4.14517
24.90 , 12.1646575927 , 4.15083
24.94 , 12.1646575927 , 4.15667
24.97 , 12.1646575927 , 4.16233
25.01 , 12.2732696533 , 4.16817
25.04 , 12.2732696533 , 4.17367
25.08 , 12.2732696533 , 4.17950
25.11 , 12.2732696533 , 4.18517
25.15 , 12.3818826675 , 4.19100
25.18 , 12.2732696533 , 4.19667
25.21 , 12.3818826675 , 4.20233
25.25 , 12.3818826675 , 4.20800
25.28 , 12.3818826675 , 4.21383
25.32 , 12.3818826675 , 4.21950
25.35 , 12.3818826675 , 4.22533
25.38 , 12.4904956817 , 4.23083
25.42 , 12.4904956817 , 4.23667
25.45 , 12.5991086959 , 4.24233
25.49 , 12.4904956817 , 4.24817
25.52 , 12.5991086959 , 4.25383
25.56 , 12.4904956817 , 4.25967
25.59 , 12.5991086959 , 4.26533
25.63 , 12.5991086959 , 4.27100
25.66 , 12.5991086959 , 4.27683
25.69 , 12.5991086959 , 4.28250
25.73 , 12.5991086959 , 4.28833
25.76 , 12.7077217102 , 4.29383
25.80 , 12.7077217102 , 4.29967
25.83 , 12.7077217102 , 4.30533
25.87 , 12.7077217102 , 4.31117
25.90 , 12.7077217102 , 4.31683
25.93 , 12.8163347244 , 4.32250
25.97 , 12.8163347244 , 4.32817
26.00 , 12.9249477386 , 4.33400
26.04 , 12.8163347244 , 4.33967
26.07 , 12.8163347244 , 4.34550
26.11 , 12.9249477386 , 4.35100
26.14 , 12.9249477386 , 4.35683
26.17 , 12.9249477386 , 4.36250
26.21 , 12.9249477386 , 4.36833
26.24 , 12.9249477386 , 4.37400
26.28 , 13.0335607528 , 4.37967
26.31 , 13.0335607528 , 4.38533
26.35 , 13.0335607528 , 4.39117
26.38 , 13.0335607528 , 4.39683
26.42 , 13.0335607528 , 4.40267
26.45 , 13.1421737670 , 4.40817
26.48 , 13.1421737670 , 4.41400
26.52 , 13.1421737670 , 4.41967
26.55 , 13.1421737670 , 4.42550
26.59 , 13.1421737670 , 4.43117
26.62 , 13.1421737670 , 4.43683
26.65 , 13.1421737670 , 4.44250
26.69 , 13.1421737670 , 4.44833
26.72 , 13.2507858276 , 4.45417
26.76 , 13.2507858276 , 4.45983
26.79 , 13.2507858276 , 4.46550
26.83 , 13.3593988418 , 4.47117
26.86 , 13.3593988418 , 4.47700
26.90 , 13.3593988418 , 4.48267
26.93 , 13.3593988418 , 4.48850
26.96 , 13.3593988418 , 4.49400
27.00 , 13.3593988418 , 4.49983
27.03 , 13.4680118560 , 4.50550
27.07 , 13.3593988418 , 4.51133
27.10 , 13.5766248703 , 4.51700
27.14 , 13.4680118560 , 4.52283
27.17 , 13.4680118560 , 4.52833
27.20 , 13.5766248703 , 4.53417
27.24 , 13.4680118560 , 4.53983
27.27 , 13.4680118560 , 4.54567
27.31 , 13.4680118560 , 4.55133
27.34 , 13.5766248703 , 4.55700
27.38 , 13.6852378845 , 4.56267
27.41 , 13.6852378845 , 4.56850
27.44 , 13.6852378845 , 4.57417
27.48 , 13.6852378845 , 4.58000
27.51 , 13.6852378845 , 4.58550
27.55 , 13.7938508987 , 4.59133
27.58 , 13.7938508987 , 4.59700
27.62 , 13.7938508987 , 4.60283
27.65 , 13.7938508987 , 4.60850
27.68 , 13.9024639129 , 4.61417
27.72 , 13.9024639129 , 4.61983
27.75 , 13.9024639129 , 4.62567
27.79 , 13.9024639129 , 4.63150
27.82 , 13.9024639129 , 4.63717
27.86 , 13.9024639129 , 4.64283
27.89 , 13.9024639129 , 4.64850
27.93 , 14.0110769271 , 4.65433
27.96 , 13.9024639129 , 4.66000
28.00 , 14.0110769271 , 4.66583
28.03 , 14.0110769271 , 4.67133
28.06 , 14.0110769271 , 4.67717
28.10 , 14.0110769271 , 4.68283
28.13 , 14.1196889877 , 4.68867
28.17 , 14.1196889877 , 4.69433
28.20 , 14.1196889877 , 4.70000
28.23 , 14.1196889877 , 4.70567
28.27 , 14.2283048629 , 4.71150
28.30 , 14.1196889877 , 4.71717
28.34 , 14.2283048629 , 4.72300
28.37 , 14.2283048629 , 4.72850
28.41 , 14.2283048629 , 4.73433
28.44 , 14.2283048629 , 4.74000
28.47 , 14.2283048629 , 4.74583
28.51 , 14.3369178771 , 4.75150
28.54 , 14.3369178771 , 4.75733
28.58 , 14.3369178771 , 4.76283
28.61 , 14.4455308914 , 4.76867
28.65 , 14.3369178771 , 4.77433
28.68 , 14.4455308914 , 4.78017
28.71 , 14.4455308914 , 4.78583
28.75 , 14.4455308914 , 4.79150
28.78 , 14.4455308914 , 4.79717
28.82 , 14.5541439056 , 4.80300
28.85 , 14.5541439056 , 4.80867
28.89 , 14.5541439056 , 4.81450
28.92 , 14.5541439056 , 4.82017
28.95 , 14.5541439056 , 4.82583
28.99 , 14.5541439056 , 4.83167
29.02 , 14.6627569198 , 4.83733
29.06 , 14.5541439056 , 4.84317
29.09 , 14.6627569198 , 4.84867
29.13 , 14.6627569198 , 4.85450
29.16 , 14.6627569198 , 4.86017
29.20 , 14.6627569198 , 4.86600
29.23 , 14.6627569198 , 4.87167
29.26 , 14.6627569198 , 4.87733
29.30 , 14.8799819946 , 4.88300
29.33 , 14.8799819946 , 4.88883
29.37 , 14.8799819946 , 4.89450
29.40 , 14.8799819946 , 4.90033
29.43 , 14.7713699340 , 4.90583
29.47 , 14.8799819946 , 4.91167
29.50 , 14.8799819946 , 4.91733
29.54 , 14.8799819946 , 4.92317
29.57 , 14.8799819946 , 4.92883
29.61 , 14.9885950088 , 4.93450
29.64 , 14.9885950088 , 4.94017
29.68 , 14.9885950088 , 4.94600
29.71 , 15.0972080230 , 4.95167
29.75 , 14.9885950088 , 4.95750
29.78 , 15.0972080230 , 4.96300
29.81 , 15.0972080230 , 4.96883
29.85 , 15.0972080230 , 4.97450
29.88 , 15.0972080230 , 4.98033
29.92 , 15.0972080230 , 4.98600
29.95 , 15.0972080230 , 4.99167
29.98 , 15.3144340515 , 4.99750
30.02 , 15.2058210372 , 5.00317
30.05 , 15.2058210372 , 5.00900
30.09 , 15.3144340515 , 5.01467
30.12 , 15.3144340515 , 5.02050
30.16 , 15.3144340515 , 5.02600
30.19 , 15.4230470657 , 5.03183
30.22 , 15.3144340515 , 5.03750
30.26 , 15.5316600799 , 5.04333
30.29 , 15.4230470657 , 5.04900
30.33 , 15.4230470657 , 5.05467
30.36 , 15.4230470657 , 5.06033
30.40 , 15.4230470657 , 5.06617
30.43 , 15.4230470657 , 5.07183
30.47 , 15.5316600799 , 5.07767
30.50 , 15.6402730941 , 5.08317
30.53 , 15.5316600799 , 5.08900
30.57 , 15.6402730941 , 5.09467
30.60 , 15.6402730941 , 5.10050
30.64 , 15.5316600799 , 5.10617
30.67 , 15.6402730941 , 5.11183
30.70 , 15.7488861083 , 5.11750
30.74 , 15.6402730941 , 5.12333
30.77 , 15.7488861083 , 5.12900
30.81 , 15.7488861083 , 5.13483
30.84 , 15.7488861083 , 5.14033
30.88 , 15.7488861083 , 5.14617
30.91 , 15.7488861083 , 5.15183
30.95 , 15.7488861083 , 5.15767
30.98 , 15.7488861083 , 5.16333
31.01 , 15.7488861083 , 5.16900
31.05 , 15.8574981689 , 5.17467
31.08 , 15.9661111831 , 5.18050
31.12 , 15.9661111831 , 5.18633
31.15 , 15.8574981689 , 5.19200
31.19 , 15.8574981689 , 5.19767
31.22 , 15.9661111831 , 5.20333
31.25 , 16.0747241973 , 5.20917
31.29 , 15.9661111831 , 5.21483
31.32 , 15.9661111831 , 5.22067
31.36 , 16.1833381652 , 5.22617
31.39 , 15.9661111831 , 5.23200
31.43 , 16.0747241973 , 5.23767
31.46 , 16.1833381652 , 5.24350
31.50 , 16.0747241973 , 5.24917
31.53 , 16.1833381652 , 5.25483
31.56 , 16.1833381652 , 5.26050
31.60 , 16.2919502258 , 5.26633
31.63 , 16.1833381652 , 5.27200
31.67 , 16.2919502258 , 5.27783
31.70 , 16.2919502258 , 5.28333
31.73 , 16.2919502258 , 5.28917
31.77 , 16.1833381652 , 5.29483
31.80 , 16.4005622863 , 5.30067
31.84 , 16.4005622863 , 5.30633
31.87 , 16.2919502258 , 5.31217
31.91 , 16.4005622863 , 5.31767
31.94 , 16.4005622863 , 5.32350
31.97 , 16.4005622863 , 5.32917
32.01 , 16.5091762542 , 5.33500
32.04 , 16.4005622863 , 5.34067
32.08 , 16.5091762542 , 5.34633
32.11 , 16.5091762542 , 5.35200
32.15 , 16.5091762542 , 5.35783
32.18 , 16.5091762542 , 5.36367
32.22 , 16.6177883148 , 5.36933
32.25 , 16.6177883148 , 5.37500
32.28 , 16.5091762542 , 5.38067
32.32 , 16.6177883148 , 5.38650
32.35 , 16.7264022827 , 5.39217
32.39 , 16.6177883148 , 5.39800
32.42 , 16.6177883148 , 5.40350
32.46 , 16.6177883148 , 5.40933
32.49 , 16.7264022827 , 5.41500
32.53 , 16.7264022827 , 5.42083
32.56 , 16.7264022827 , 5.42650
32.59 , 16.7264022827 , 5.43217
32.63 , 16.8350143432 , 5.43783
32.66 , 16.9436302185 , 5.44367
32.70 , 16.8350143432 , 5.44933
32.73 , 16.9436302185 , 5.45517
32.76 , 16.9436302185 , 5.46067
32.80 , 16.9436302185 , 5.46650
32.83 , 16.9436302185 , 5.47217
32.87 , 17.0522422790 , 5.47800
32.90 , 16.9436302185 , 5.48367
32.94 , 17.0522422790 , 5.48933
32.97 , 17.0522422790 , 5.49500
33.01 , 17.0522422790 , 5.50083
33.04 , 17.0522422790 , 5.50650
33.07 , 17.0522422790 , 5.51233
33.11 , 17.0522422790 , 5.51783
33.14 , 17.1608562469 , 5.52367
33.18 , 17.0522422790 , 5.52933
33.21 , 17.1608562469 , 5.53517
33.25 , 17.1608562469 , 5.54083
33.28 , 17.2694683074 , 5.54667
33.31 , 17.2694683074 , 5.55233
33.35 , 17.2694683074 , 5.55800
33.38 , 17.2694683074 , 5.56383
33.42 , 17.2694683074 , 5.56950
33.45 , 17.3780822753 , 5.57533
33.49 , 17.3780822753 , 5.58083
33.52 , 17.2694683074 , 5.58667
33.55 , 17.3780822753 , 5.59233
33.59 , 17.3780822753 , 5.59817
33.62 , 17.4866943359 , 5.60383
33.66 , 17.4866943359 , 5.60950
33.69 , 17.4866943359 , 5.61517
33.73 , 17.4866943359 , 5.62100
33.76 , 17.4866943359 , 5.62667
33.79 , 17.5953083038 , 5.63250
33.83 , 17.5953083038 , 5.63800
33.86 , 17.5953083038 , 5.64383
33.90 , 17.5953083038 , 5.64950
33.93 , 17.5953083038 , 5.65533
33.97 , 17.5953083038 , 5.66100
34.00 , 17.7039203643 , 5.66667
34.03 , 17.5953083038 , 5.67233
34.07 , 17.7039203643 , 5.67817
34.10 , 17.7039203643 , 5.68383
34.14 , 17.8125343322 , 5.68967
34.17 , 17.8125343322 , 5.69517
34.21 , 17.7039203643 , 5.70100
34.24 , 17.8125343322 , 5.70667
34.28 , 17.8125343322 , 5.71250
34.31 , 17.9211463928 , 5.71817
34.34 , 17.8125343322 , 5.72383
34.38 , 17.9211463928 , 5.72967
34.41 , 17.9211463928 , 5.73533
34.45 , 17.9211463928 , 5.74117
34.48 , 18.0297584533 , 5.74683
34.52 , 17.9211463928 , 5.75250
34.55 , 17.9211463928 , 5.75817
34.58 , 18.0297584533 , 5.76400
34.62 , 18.0297584533 , 5.76967
34.65 , 18.1383724212 , 5.77550
34.69 , 18.1383724212 , 5.78100
34.72 , 18.1383724212 , 5.78683
34.76 , 18.1383724212 , 5.79250
34.79 , 18.1383724212 , 5.79833
34.82 , 18.2469844818 , 5.80400
34.86 , 18.2469844818 , 5.80983
34.89 , 18.1383724212 , 5.81533
34.93 , 18.2469844818 , 5.82117
34.96 , 18.2469844818 , 5.82683
35.00 , 18.2469844818 , 5.83267
35.03 , 18.2469844818 , 5.83833
35.06 , 18.3555984497 , 5.84400
35.10 , 18.3555984497 , 5.84967
35.13 , 18.3555984497 , 5.85550
35.17 , 18.4642105102 , 5.86117
35.20 , 18.4642105102 , 5.86700
35.24 , 18.4642105102 , 5.87250
35.27 , 18.5728244781 , 5.87833
35.30 , 18.4642105102 , 5.88400
35.34 , 18.5728244781 , 5.88983
35.37 , 18.5728244781 , 5.89550
35.41 , 18.5728244781 , 5.90117
35.44 , 18.5728244781 , 5.90683
35.48 , 18.6814365386 , 5.91267
35.51 , 18.5728244781 , 5.91850
35.54 , 18.6814365386 , 5.92417
35.58 , 18.6814365386 , 5.92983
35.61 , 18.6814365386 , 5.93550
35.65 , 18.7900505065 , 5.94133
35.68 , 18.7900505065 , 5.94700
35.72 , 18.6814365386 , 5.95283
35.75 , 18.7900505065 , 5.95833
35.79 , 18.7900505065 , 5.96417
35.82 , 18.8986625671 , 5.96983
35.85 , 18.7900505065 , 5.97567
35.89 , 18.7900505065 , 5.98133
35.92 , 18.8986625671 , 5.98700
35.96 , 18.8986625671 , 5.99267
35.99 , 18.8986625671 , 5.99850
36.03 , 18.8986625671 , 6.00417
36.06 , 18.8986625671 , 6.01000
36.09 , 19.0072746276 , 6.01550
36.13 , 18.8986625671 , 6.02133
36.16 , 19.0072746276 , 6.02700
36.20 , 19.0072746276 , 6.03283
36.23 , 19.0072746276 , 6.03850
36.27 , 19.0072746276 , 6.04417
36.30 , 19.1158885955 , 6.04983
36.33 , 19.1158885955 , 6.05567
36.37 , 19.1158885955 , 6.06133
36.40 , 19.1158885955 , 6.06717
36.44 , 19.2245006561 , 6.07267
36.47 , 19.2245006561 , 6.07850
36.51 , 19.2245006561 , 6.08417
36.54 , 19.2245006561 , 6.09000
36.58 , 19.2245006561 , 6.09583
36.61 , 19.3331146240 , 6.10150
36.64 , 19.3331146240 , 6.10717
36.68 , 19.3331146240 , 6.11283
36.71 , 19.3331146240 , 6.11867
36.75 , 19.4417266845 , 6.12433
36.78 , 19.4417266845 , 6.13017
36.81 , 19.3331146240 , 6.13567
36.85 , 19.4417266845 , 6.14150
36.88 , 19.5503406524 , 6.14717
36.92 , 19.6589527130 , 6.15300
36.95 , 19.5503406524 , 6.15867
36.99 , 19.5503406524 , 6.16433
37.02 , 19.4417266845 , 6.17000
37.06 , 19.4417266845 , 6.17583
37.09 , 19.5503406524 , 6.18150
37.12 , 19.5503406524 , 6.18733
37.16 , 19.6589527130 , 6.19283
37.19 , 19.6589527130 , 6.19867
37.23 , 19.6589527130 , 6.20433
37.26 , 19.6589527130 , 6.21017
37.29 , 19.6589527130 , 6.21583
37.33 , 19.7675685882 , 6.22150
37.36 , 19.7675685882 , 6.22717
37.40 , 19.8761806488 , 6.23300
37.43 , 19.7675685882 , 6.23867
37.47 , 19.7675685882 , 6.24450
37.50 , 19.8761806488 , 6.25000
37.54 , 19.8761806488 , 6.25583
37.57 , 19.9847946166 , 6.26150
37.60 , 19.9847946166 , 6.26733
37.64 , 19.9847946166 , 6.27300
37.67 , 19.9847946166 , 6.27867
37.71 , 19.9847946166 , 6.28450
37.74 , 19.9847946166 , 6.29017
37.78 , 19.9847946166 , 6.29600
37.81 , 20.0934066772 , 6.30167
37.84 , 20.0934066772 , 6.30733
37.88 , 20.0934066772 , 6.31300
37.91 , 20.2020206451 , 6.31883
37.95 , 20.2020206451 , 6.32450
37.98 , 20.0934066772 , 6.33033
38.02 , 20.2020206451 , 6.33600
38.05 , 20.2020206451 , 6.34167
38.08 , 20.3106327056 , 6.34733
38.12 , 20.2020206451 , 6.35317
38.15 , 20.4192466735 , 6.35883
38.19 , 20.3106327056 , 6.36467
38.22 , 20.3106327056 , 6.37017
38.26 , 20.3106327056 , 6.37600
38.29 , 20.3106327056 , 6.38167
38.33 , 20.4192466735 , 6.38750
38.36 , 20.4192466735 , 6.39317
38.39 , 20.4192466735 , 6.39883
38.43 , 20.4192466735 , 6.40450
38.46 , 20.6364707946 , 6.41033
38.50 , 20.5278587341 , 6.41600
38.53 , 20.5278587341 , 6.42183
38.56 , 20.6364707946 , 6.42733
38.60 , 20.5278587341 , 6.43317
38.63 , 20.5278587341 , 6.43883
38.67 , 20.6364707946 , 6.44467
38.70 , 20.5278587341 , 6.45033
38.74 , 20.5278587341 , 6.45600
38.77 , 20.5278587341 , 6.46183
38.81 , 20.6364707946 , 6.46750
38.84 , 20.6364707946 , 6.47333
38.87 , 20.6364707946 , 6.47900
38.91 , 20.8536968231 , 6.48467
38.94 , 20.7450847625 , 6.49033
38.98 , 20.7450847625 , 6.49617
39.01 , 20.7450847625 , 6.50183
39.05 , 20.8536968231 , 6.50767
39.08 , 20.8536968231 , 6.51317
39.11 , 20.8536968231 , 6.51900
39.15 , 20.8536968231 , 6.52467
39.18 , 20.8536968231 , 6.53050
39.22 , 20.8536968231 , 6.53617
39.25 , 20.9623107910 , 6.54183
39.29 , 20.9623107910 , 6.54750
39.32 , 21.0709228515 , 6.55333
39.35 , 20.9623107910 , 6.55900
39.39 , 21.0709228515 , 6.56483
39.42 , 21.0709228515 , 6.57033
39.46 , 21.0709228515 , 6.57617
39.49 , 21.0709228515 , 6.58183
39.53 , 21.1795368194 , 6.58767
39.56 , 21.1795368194 , 6.59333
39.60 , 21.1795368194 , 6.59917
39.63 , 21.1795368194 , 6.60467
39.66 , 21.1795368194 , 6.61050
39.70 , 21.1795368194 , 6.61617
39.73 , 21.1795368194 , 6.62200
39.77 , 21.1795368194 , 6.62767
39.80 , 21.2881488800 , 6.63333
39.83 , 21.2881488800 , 6.63900
39.87 , 21.3967628479 , 6.64483
39.90 , 21.3967628479 , 6.65067
39.94 , 21.5053749084 , 6.65633
39.97 , 21.5053749084 , 6.66200
40.01 , 21.3967628479 , 6.66767
40.04 , 21.5053749084 , 6.67350
40.08 , 21.3967628479 , 6.67917
40.11 , 21.6139869689 , 6.68500
40.14 , 21.5053749084 , 6.69050
40.18 , 21.5053749084 , 6.69633
40.21 , 21.6139869689 , 6.70200
40.25 , 21.6139869689 , 6.70783
40.28 , 21.6139869689 , 6.71350
40.31 , 21.6139869689 , 6.71917
40.35 , 21.6139869689 , 6.72483
40.38 , 21.7226009368 , 6.73067
40.42 , 21.7226009368 , 6.73633
40.45 , 21.8312129974 , 6.74217
40.49 , 21.8312129974 , 6.74767
40.52 , 21.7226009368 , 6.75350
40.56 , 21.8312129974 , 6.75917
40.59 , 21.8312129974 , 6.76500
40.62 , 21.8312129974 , 6.77067
40.66 , 21.8312129974 , 6.77633
40.69 , 21.8312129974 , 6.78200
40.73 , 21.9398269653 , 6.78783
40.76 , 21.9398269653 , 6.79350
40.80 , 21.9398269653 , 6.79933
40.83 , 21.9398269653 , 6.80483
40.86 , 22.0484390258 , 6.81067
40.90 , 21.9398269653 , 6.81633
40.93 , 21.9398269653 , 6.82217
40.97 , 22.1570529937 , 6.82800
41.00 , 22.0484390258 , 6.83350
41.04 , 22.1570529937 , 6.83933
41.07 , 22.1570529937 , 6.84500
41.11 , 22.0484390258 , 6.85083
41.14 , 22.1570529937 , 6.85650
41.17 , 22.1570529937 , 6.86233
41.21 , 22.1570529937 , 6.86783
41.24 , 22.1570529937 , 6.87367
41.28 , 22.2656669616 , 6.87933
41.31 , 22.2656669616 , 6.88517
41.35 , 22.2656669616 , 6.89083
41.38 , 22.2656669616 , 6.89650
41.41 , 22.3742790222 , 6.90217
41.45 , 22.3742790222 , 6.90800
41.48 , 22.3742790222 , 6.91367
41.52 , 22.4828929901 , 6.91950
41.55 , 22.3742790222 , 6.92500
41.59 , 22.3742790222 , 6.93083
41.62 , 22.4828929901 , 6.93650
41.65 , 22.4828929901 , 6.94233
41.69 , 22.5915050506 , 6.94800
41.72 , 22.5915050506 , 6.95367
41.76 , 22.5915050506 , 6.95933
41.79 , 22.5915050506 , 6.96517
41.83 , 22.5915050506 , 6.97083
41.86 , 22.5915050506 , 6.97667
41.89 , 22.7001190185 , 6.98217
41.93 , 22.5915050506 , 6.98800
41.96 , 22.7001190185 , 6.99367
42.00 , 22.8087310791 , 6.99950
42.03 , 22.7001190185 , 7.00517
42.06 , 22.8087310791 , 7.01083
42.10 , 22.8087310791 , 7.01667
42.13 , 22.7001190185 , 7.02233
42.17 , 22.9173431396 , 7.02817
42.20 , 22.8087310791 , 7.03383
42.24 , 22.8087310791 , 7.03950
42.27 , 22.8087310791 , 7.04517
42.31 , 22.9173431396 , 7.05100
42.34 , 22.9173431396 , 7.05667
42.38 , 22.9173431396 , 7.06250
42.41 , 23.0259571075 , 7.06800
42.44 , 23.0259571075 , 7.07383
42.48 , 23.1345691680 , 7.07950
42.51 , 23.0259571075 , 7.08533
42.55 , 23.1345691680 , 7.09100
42.58 , 23.0259571075 , 7.09667
42.61 , 23.1345691680 , 7.10233
42.65 , 23.1345691680 , 7.10817
42.68 , 23.1345691680 , 7.11383
42.72 , 23.2431831359 , 7.11967
42.75 , 23.2431831359 , 7.12533
42.79 , 23.2431831359 , 7.13100
42.82 , 23.3517951965 , 7.13667
42.86 , 23.2431831359 , 7.14250
42.89 , 23.2431831359 , 7.14817
42.92 , 23.2431831359 , 7.15400
42.96 , 23.3517951965 , 7.15950
42.99 , 23.3517951965 , 7.16533
43.03 , 23.3517951965 , 7.17100
43.06 , 23.3517951965 , 7.17683
43.10 , 23.3517951965 , 7.18250
43.13 , 23.4604091644 , 7.18817
43.16 , 23.4604091644 , 7.19400
43.20 , 23.5690212249 , 7.19967
43.23 , 23.5690212249 , 7.20550
43.27 , 23.5690212249 , 7.21117
43.30 , 23.6776351928 , 7.21683
43.34 , 23.6776351928 , 7.22250
43.37 , 23.5690212249 , 7.22833
43.40 , 23.6776351928 , 7.23400
43.44 , 23.5690212249 , 7.23983
43.47 , 23.6776351928 , 7.24533
43.51 , 23.6776351928 , 7.25117
43.54 , 23.7862472534 , 7.25683
43.58 , 23.7862472534 , 7.26267
43.61 , 23.6776351928 , 7.26833
43.64 , 23.7862472534 , 7.27400
43.68 , 23.8948593139 , 7.27967
43.71 , 23.7862472534 , 7.28550
43.75 , 23.7862472534 , 7.29117
43.78 , 23.7862472534 , 7.29700
43.81 , 23.8948593139 , 7.30250
43.85 , 23.8948593139 , 7.30833
43.88 , 23.8948593139 , 7.31400
43.92 , 23.8948593139 , 7.31983
43.95 , 24.0034732818 , 7.32550
43.99 , 24.0034732818 , 7.33117
44.02 , 24.0034732818 , 7.33683
44.06 , 24.1120853424 , 7.34267
44.09 , 24.0034732818 , 7.34833
44.13 , 24.1120853424 , 7.35417
44.16 , 24.0034732818 , 7.35967
44.19 , 24.1120853424 , 7.36550
44.23 , 24.1120853424 , 7.37117
44.26 , 24.1120853424 , 7.37700
44.30 , 24.1120853424 , 7.38283
44.33 , 24.2206993103 , 7.38850
44.37 , 24.2206993103 , 7.39417
44.40 , 24.2206993103 , 7.39983
44.43 , 24.2206993103 , 7.40567
44.47 , 24.3293113708 , 7.41133
44.50 , 24.3293113708 , 7.41717
44.54 , 24.3293113708 , 7.42267
44.57 , 24.4379253387 , 7.42850
44.61 , 24.3293113708 , 7.43417
44.64 , 24.3293113708 , 7.44000
44.67 , 24.4379253387 , 7.44567
44.71 , 24.4379253387 , 7.45133
44.74 , 24.5465373992 , 7.45700
44.78 , 24.5465373992 , 7.46283
44.81 , 24.5465373992 , 7.46850
44.85 , 24.5465373992 , 7.47433
44.88 , 24.6551494598 , 7.47983
44.91 , 24.5465373992 , 7.48567
44.95 , 24.5465373992 , 7.49133
44.98 , 24.6551494598 , 7.49717
45.02 , 24.6551494598 , 7.50283
45.05 , 24.6551494598 , 7.50850
45.09 , 24.6551494598 , 7.51417
45.12 , 24.7637634277 , 7.52000
45.15 , 24.7637634277 , 7.52567
45.19 , 24.6551494598 , 7.53150
45.22 , 24.7637634277 , 7.53700
45.26 , 24.8723754882 , 7.54283
45.29 , 24.8723754882 , 7.54850
45.33 , 24.8723754882 , 7.55433
45.36 , 24.8723754882 , 7.56017
45.39 , 24.8723754882 , 7.56567
45.43 , 24.8723754882 , 7.57150
45.46 , 24.9809894561 , 7.57717
45.50 , 24.9809894561 , 7.58300
45.53 , 24.9809894561 , 7.58867
45.57 , 25.0896015167 , 7.59433
45.60 , 25.0896015167 , 7.60000
45.63 , 25.0896015167 , 7.60583
45.67 , 25.0896015167 , 7.61150
45.70 , 25.0896015167 , 7.61733
45.74 , 25.0896015167 , 7.62283
45.77 , 25.1982154846 , 7.62867
45.81 , 25.1982154846 , 7.63433
45.84 , 25.1982154846 , 7.64017
45.88 , 25.3068332672 , 7.64583
45.91 , 25.1982154846 , 7.65167
45.94 , 25.1982154846 , 7.65717
45.98 , 25.3068332672 , 7.66300
46.01 , 25.4154453277 , 7.66867
46.05 , 25.3068332672 , 7.67450
46.08 , 25.4154453277 , 7.68017
46.12 , 25.4154453277 , 7.68583
46.15 , 25.4154453277 , 7.69150
46.18 , 25.4154453277 , 7.69733
46.22 , 25.4154453277 , 7.70300
46.25 , 25.4154453277 , 7.70883
46.29 , 25.4154453277 , 7.71433
46.32 , 25.5240592956 , 7.72017
46.36 , 25.5240592956 , 7.72583
46.39 , 25.5240592956 , 7.73167
46.42 , 25.6326713562 , 7.73733
46.46 , 25.5240592956 , 7.74300
46.49 , 25.6326713562 , 7.74883
46.53 , 25.6326713562 , 7.75450
46.56 , 25.6326713562 , 7.76033
46.60 , 25.6326713562 , 7.76600
46.63 , 25.7412853240 , 7.77167
46.66 , 25.7412853240 , 7.77733
46.70 , 25.7412853240 , 7.78317
46.73 , 25.8498973846 , 7.78883
46.77 , 25.7412853240 , 7.79467
46.80 , 25.8498973846 , 7.80017
46.84 , 25.8498973846 , 7.80600
46.87 , 25.8498973846 , 7.81167
46.90 , 25.8498973846 , 7.81750
46.94 , 25.9585113525 , 7.82317
46.97 , 25.9585113525 , 7.82883
47.01 , 25.9585113525 , 7.83450
47.04 , 26.0671234130 , 7.84033
47.08 , 26.0671234130 , 7.84600
47.11 , 26.0671234130 , 7.85183
47.14 , 26.0671234130 , 7.85733
47.18 , 26.1757354736 , 7.86317
47.21 , 26.1757354736 , 7.86883
47.25 , 26.1757354736 , 7.87467
47.28 , 26.1757354736 , 7.88033
47.32 , 26.1757354736 , 7.88600
47.35 , 26.1757354736 , 7.89167
47.38 , 26.1757354736 , 7.89750
47.42 , 26.2843494415 , 7.90317
47.45 , 26.2843494415 , 7.90900
47.49 , 26.2843494415 , 7.91467
47.52 , 26.3929615020 , 7.92033
47.56 , 26.3929615020 , 7.92617
47.59 , 26.3929615020 , 7.93183
47.63 , 26.3929615020 , 7.93767
47.66 , 26.3929615020 , 7.94333
47.69 , 26.3929615020 , 7.94900
47.73 , 26.6101875305 , 7.95467
47.76 , 26.5015754699 , 7.96050
47.80 , 26.5015754699 , 7.96617
47.83 , 26.5015754699 , 7.97200
47.87 , 26.6101875305 , 7.97750
47.90 , 26.6101875305 , 7.98333
47.93 , 26.6101875305 , 7.98900
47.97 , 26.6101875305 , 7.99483
48.00 , 26.6101875305 , 8.00050
48.04 , 26.7188014984 , 8.00617
48.07 , 26.7188014984 , 8.01183
48.11 , 26.7188014984 , 8.01767
48.14 , 26.7188014984 , 8.02333
48.18 , 26.8274135589 , 8.02917
48.21 , 26.8274135589 , 8.03467
48.24 , 26.8274135589 , 8.04050
48.28 , 26.8274135589 , 8.04617
48.31 , 26.9360275268 , 8.05200
48.35 , 26.9360275268 , 8.05767
48.38 , 26.9360275268 , 8.06333
48.41 , 26.9360275268 , 8.06900
48.45 , 26.9360275268 , 8.07483
48.48 , 27.0446395874 , 8.08050
48.52 , 26.9360275268 , 8.08633
48.55 , 27.0446395874 , 8.09183
48.59 , 27.0446395874 , 8.09767
48.62 , 27.0446395874 , 8.10333
48.65 , 27.0446395874 , 8.10917
48.69 , 27.1532516479 , 8.11500
48.72 , 27.1532516479 , 8.12050
48.76 , 27.1532516479 , 8.12633
48.79 , 27.1532516479 , 8.13200
48.83 , 27.1532516479 , 8.13783
48.86 , 27.2618656158 , 8.14350
48.90 , 27.2618656158 , 8.14933
48.93 , 27.2618656158 , 8.15483
48.96 , 27.2618656158 , 8.16067
49.00 , 27.2618656158 , 8.16633
49.03 , 27.3704776763 , 8.17217
49.07 , 27.3704776763 , 8.17783
49.10 , 27.4790916442 , 8.18350
49.13 , 27.4790916442 , 8.18917
49.17 , 27.4790916442 , 8.19500
49.20 , 27.4790916442 , 8.20067
49.24 , 27.4790916442 , 8.20650
49.27 , 27.4790916442 , 8.21200
49.31 , 27.5877037048 , 8.21783
49.34 , 27.5877037048 , 8.22350
49.38 , 27.5877037048 , 8.22933
49.41 , 27.5877037048 , 8.23500
49.44 , 27.5877037048 , 8.24067
49.48 , 27.6963176727 , 8.24633
49.51 , 27.5877037048 , 8.25217
49.55 , 27.6963176727 , 8.25783
49.58 , 27.8049297332 , 8.26367
49.62 , 27.6963176727 , 8.26917
49.65 , 27.6963176727 , 8.27500
49.68 , 27.8049297332 , 8.28067
49.72 , 27.8049297332 , 8.28650
49.75 , 27.9135437011 , 8.29233
49.79 , 27.9135437011 , 8.29783
49.82 , 27.9135437011 , 8.30367
49.86 , 27.9135437011 , 8.30933
49.89 , 27.9135437011 , 8.31517
49.93 , 27.9135437011 , 8.32083
49.96 , 28.0221557617 , 8.32650
49.99 , 28.0221557617 , 8.33217
50.03 , 28.0221557617 , 8.33800
50.06 , 28.0221557617 , 8.34367
50.10 , 28.0221557617 , 8.34950
50.13 , 28.1307678222 , 8.35500
50.17 , 28.1307678222 , 8.36083
50.20 , 28.1307678222 , 8.36650
50.23 , 28.1307678222 , 8.37233
50.27 , 28.2393817901 , 8.37800
50.30 , 28.2393817901 , 8.38367
50.34 , 28.2393817901 , 8.38933
50.37 , 28.2393817901 , 8.39517
50.40 , 28.3479938507 , 8.40083
50.44 , 28.3479938507 , 8.40667
50.47 , 28.3479938507 , 8.41217
50.51 , 28.3479938507 , 8.41800
50.54 , 28.3479938507 , 8.42367
50.58 , 28.3479938507 , 8.42950
50.61 , 28.4566078186 , 8.43517
50.65 , 28.4566078186 , 8.44100
50.68 , 28.4566078186 , 8.44650
50.71 , 28.4566078186 , 8.45233
50.75 , 28.4566078186 , 8.45800
50.78 , 28.5652198791 , 8.46383
50.82 , 28.5652198791 , 8.46950
50.85 , 28.5652198791 , 8.47517
50.89 , 28.5652198791 , 8.48100
50.92 , 28.6738338470 , 8.48667
50.96 , 28.6738338470 , 8.49250
50.99 , 28.6738338470 , 8.49817
51.02 , 28.5652198791 , 8.50383
51.06 , 28.6738338470 , 8.50950
51.09 , 28.7824459075 , 8.51533
51.13 , 28.7824459075 , 8.52100
51.16 , 28.7824459075 , 8.52683
51.19 , 28.7824459075 , 8.53233
51.23 , 28.8910598754 , 8.53817
51.26 , 28.8910598754 , 8.54383
51.30 , 28.8910598754 , 8.54967
51.33 , 28.8910598754 , 8.55533
51.37 , 28.9996719360 , 8.56100
51.40 , 28.9996719360 , 8.56667
51.44 , 28.9996719360 , 8.57250
51.47 , 28.9996719360 , 8.57817
51.50 , 28.9996719360 , 8.58400
51.54 , 29.1082839965 , 8.58950
51.57 , 29.1082839965 , 8.59533
51.61 , 28.9996719360 , 8.60100
51.64 , 29.1082839965 , 8.60683
51.68 , 29.1082839965 , 8.61250
51.71 , 29.2168979644 , 8.61817
51.74 , 29.2168979644 , 8.62383
51.78 , 29.2168979644 , 8.62967
51.81 , 29.2168979644 , 8.63533
51.85 , 29.3255100250 , 8.64117
51.88 , 29.3255100250 , 8.64667
51.92 , 29.3255100250 , 8.65250
51.95 , 29.3255100250 , 8.65833
51.98 , 29.4341239929 , 8.66400
52.02 , 29.4341239929 , 8.66983
52.05 , 29.4341239929 , 8.67533
52.09 , 29.4341239929 , 8.68117
52.12 , 29.4341239929 , 8.68683
52.16 , 29.5427360534 , 8.69267
52.19 , 29.5427360534 , 8.69833
52.22 , 29.5427360534 , 8.70417
52.26 , 29.5427360534 , 8.70967
52.29 , 29.5427360534 , 8.71550
52.33 , 29.5427360534 , 8.72117
52.36 , 29.5427360534 , 8.72700
52.40 , 29.6513500213 , 8.73267
52.43 , 29.6513500213 , 8.73833
52.46 , 29.6513500213 , 8.74400
52.50 , 29.7599620819 , 8.74983
52.53 , 29.7599620819 , 8.75550
52.57 , 29.8685741424 , 8.76133
52.60 , 29.7599620819 , 8.76683
52.64 , 29.8685741424 , 8.77267
52.67 , 29.8685741424 , 8.77833
52.71 , 29.8685741424 , 8.78417
52.74 , 29.8685741424 , 8.78983
52.77 , 29.8685741424 , 8.79550
52.81 , 29.9771881103 , 8.80117
52.84 , 29.9771881103 , 8.80700
52.88 , 29.9771881103 , 8.81267
52.91 , 29.8685741424 , 8.81850
52.94 , 29.9771881103 , 8.82400
52.98 , 29.9771881103 , 8.82983
53.01 , 29.9771881103 , 8.83550
53.05 , 29.9771881103 , 8.84133
53.08 , 30.0858001708 , 8.84717
53.12 , 30.0858001708 , 8.85267
53.15 , 30.0858001708 , 8.85850
53.19 , 30.0858001708 , 8.86417
53.22 , 30.0858001708 , 8.87000
53.25 , 30.1944141387 , 8.87567
53.29 , 30.0858001708 , 8.88133
53.32 , 30.1944141387 , 8.88700
53.36 , 30.3030261993 , 8.89283
53.39 , 30.3030261993 , 8.89850
53.43 , 30.3030261993 , 8.90433
53.46 , 30.3030261993 , 8.90983
53.49 , 30.3030261993 , 8.91567
53.53 , 30.4116401672 , 8.92133
53.56 , 30.4116401672 , 8.92717
53.60 , 30.3030261993 , 8.93283
53.63 , 30.5202522277 , 8.93867
53.67 , 30.4116401672 , 8.94417
53.70 , 30.5202522277 , 8.95000
53.73 , 30.4116401672 , 8.95567
53.77 , 30.5202522277 , 8.96150
53.80 , 30.6288661956 , 8.96717
53.84 , 30.5202522277 , 8.97283
53.87 , 30.6288661956 , 8.97850
53.91 , 30.5202522277 , 8.98433
53.94 , 30.6288661956 , 8.99000
53.97 , 30.6288661956 , 8.99583
54.01 , 30.6288661956 , 9.00133
54.04 , 30.6288661956 , 9.00717
54.08 , 30.7374782562 , 9.01283
54.11 , 30.8460960388 , 9.01867
54.15 , 30.7374782562 , 9.02450
54.18 , 30.7374782562 , 9.03000
54.22 , 30.8460960388 , 9.03583
54.25 , 30.8460960388 , 9.04150
54.28 , 30.8460960388 , 9.04733
54.32 , 30.8460960388 , 9.05300
54.35 , 30.9547100067 , 9.05867
54.39 , 30.8460960388 , 9.06433
54.42 , 30.9547100067 , 9.07017
54.46 , 31.0633220672 , 9.07583
54.49 , 31.0633220672 , 9.08167
54.52 , 31.0633220672 , 9.08717
54.56 , 31.0633220672 , 9.09300
54.59 , 31.0633220672 , 9.09867
54.63 , 31.0633220672 , 9.10450
54.66 , 31.1719360351 , 9.11017
54.70 , 31.1719360351 , 9.11583
54.73 , 31.1719360351 , 9.12150
54.76 , 31.1719360351 , 9.12733
54.80 , 31.2805480957 , 9.13300
54.83 , 31.2805480957 , 9.13883
54.87 , 31.2805480957 , 9.14433
54.90 , 31.2805480957 , 9.15017
54.94 , 31.3891601562 , 9.15583
54.97 , 31.3891601562 , 9.16167
55.00 , 31.4977741241 , 9.16733
55.04 , 31.3891601562 , 9.17300
55.07 , 31.3891601562 , 9.17867
55.11 , 31.3891601562 , 9.18450
55.14 , 31.4977741241 , 9.19017
55.18 , 31.4977741241 , 9.19600
55.21 , 31.4977741241 , 9.20150
55.24 , 31.4977741241 , 9.20733
55.28 , 31.6063861846 , 9.21317
55.31 , 31.6063861846 , 9.21883
55.35 , 31.6063861846 , 9.22467
55.38 , 31.6063861846 , 9.23033
55.42 , 31.6063861846 , 9.23600
55.45 , 31.7150001525 , 9.24167
55.49 , 31.6063861846 , 9.24750
55.52 , 31.7150001525 , 9.25317
55.55 , 31.7150001525 , 9.25900
55.59 , 31.7150001525 , 9.26450
55.62 , 31.7150001525 , 9.27033
55.66 , 31.8236122131 , 9.27600
55.69 , 31.7150001525 , 9.28183
55.72 , 31.8236122131 , 9.28750
55.76 , 31.8236122131 , 9.29317
55.79 , 31.8236122131 , 9.29883
55.83 , 31.9322261810 , 9.30467
55.86 , 31.9322261810 , 9.31033
55.90 , 31.9322261810 , 9.31617
55.93 , 31.9322261810 , 9.32167
55.97 , 32.0408401489 , 9.32750
56.00 , 31.9322261810 , 9.33317
56.03 , 32.0408401489 , 9.33900
56.07 , 32.0408401489 , 9.34467
56.10 , 32.0408401489 , 9.35033
56.14 , 32.1494522094 , 9.35600
56.17 , 32.1494522094 , 9.36183
56.21 , 32.0408401489 , 9.36750
56.24 , 32.1494522094 , 9.37333
56.27 , 32.2580642700 , 9.37883
56.31 , 32.2580642700 , 9.38467
56.34 , 32.2580642700 , 9.39050
56.38 , 32.2580642700 , 9.39617
56.41 , 32.3666763305 , 9.40200
56.45 , 32.3666763305 , 9.40750
56.48 , 32.3666763305 , 9.41333
56.51 , 32.3666763305 , 9.41900
56.55 , 32.3666763305 , 9.42483
56.58 , 32.3666763305 , 9.43050
56.62 , 32.3666763305 , 9.43617
56.65 , 32.4752883911 , 9.44183
56.69 , 32.4752883911 , 9.44767
56.72 , 32.4752883911 , 9.45333
56.76 , 32.5839042663 , 9.45917
56.79 , 32.5839042663 , 9.46467
56.82 , 32.5839042663 , 9.47050
56.86 , 32.5839042663 , 9.47617
56.89 , 32.5839042663 , 9.48200
56.93 , 32.6925163269 , 9.48767
56.96 , 32.6925163269 , 9.49350
56.99 , 32.6925163269 , 9.49900
57.03 , 32.8011283874 , 9.50483
57.06 , 32.8011283874 , 9.51050
57.10 , 32.8011283874 , 9.51633
57.13 , 32.6925163269 , 9.52200
57.17 , 32.8011283874 , 9.52767
57.20 , 32.8011283874 , 9.53333
57.24 , 32.9097404479 , 9.53917
57.27 , 32.9097404479 , 9.54483
57.30 , 32.9097404479 , 9.55067
57.34 , 32.9097404479 , 9.55617
57.37 , 32.9097404479 , 9.56200
57.41 , 33.0183563232 , 9.56767
57.44 , 33.0183563232 , 9.57350
57.48 , 33.0183563232 , 9.57933
57.51 , 33.0183563232 , 9.58483
57.54 , 33.1269683837 , 9.59067
57.58 , 33.1269683837 , 9.59633
57.61 , 33.2355804443 , 9.60217
57.65 , 33.1269683837 , 9.60783
57.68 , 33.1269683837 , 9.61350
57.72 , 33.2355804443 , 9.61917
57.75 , 33.1269683837 , 9.62500
57.78 , 33.2355804443 , 9.63067
57.82 , 33.3441925048 , 9.63650
57.85 , 33.2355804443 , 9.64200
57.89 , 33.3441925048 , 9.64783
57.92 , 33.3441925048 , 9.65350
57.96 , 33.3441925048 , 9.65933
57.99 , 33.4528045654 , 9.66500
58.02 , 33.3441925048 , 9.67067
58.06 , 33.4528045654 , 9.67633
58.09 , 33.4528045654 , 9.68217
58.13 , 33.4528045654 , 9.68783
58.16 , 33.4528045654 , 9.69367
58.20 , 33.4528045654 , 9.69917
58.23 , 33.4528045654 , 9.70500
58.26 , 33.4528045654 , 9.71067
58.30 , 33.5614204406 , 9.71650
58.33 , 33.6700325012 , 9.72217
58.37 , 33.6700325012 , 9.72800
58.40 , 33.6700325012 , 9.73350
58.44 , 33.5614204406 , 9.73933
58.47 , 33.6700325012 , 9.74500
58.51 , 33.6700325012 , 9.75083
58.54 , 33.6700325012 , 9.75667
58.57 , 33.7786445617 , 9.76217
58.61 , 33.7786445617 , 9.76800
58.64 , 33.7786445617 , 9.77367
58.68 , 33.7786445617 , 9.77950
58.71 , 33.8872566223 , 9.78517
58.75 , 33.8872566223 , 9.79083
58.78 , 33.8872566223 , 9.79650
58.81 , 33.8872566223 , 9.80233
58.85 , 33.8872566223 , 9.80800
58.88 , 33.9958724975 , 9.81383
58.92 , 33.9958724975 , 9.81933
58.95 , 33.9958724975 , 9.82517
58.99 , 34.1044845581 , 9.83083
59.02 , 33.9958724975 , 9.83667
59.05 , 34.1044845581 , 9.84233
59.09 , 34.1044845581 , 9.84800
59.12 , 34.2130966186 , 9.85367
59.16 , 34.2130966186 , 9.85950
59.19 , 34.2130966186 , 9.86517
59.23 , 34.2130966186 , 9.87100
59.26 , 34.2130966186 , 9.87650
59.29 , 34.3217086791 , 9.88233
59.33 , 34.2130966186 , 9.88800
59.36 , 34.3217086791 , 9.89383
59.40 , 34.3217086791 , 9.89950
59.43 , 34.3217086791 , 9.90517
59.47 , 34.4303207397 , 9.91083
59.50 , 34.3217086791 , 9.91667
59.53 , 34.4303207397 , 9.92233
59.57 , 34.5389366149 , 9.92817
59.60 , 34.4303207397 , 9.93367
59.64 , 34.5389366149 , 9.93950
59.67 , 34.5389366149 , 9.94533
59.71 , 34.5389366149 , 9.95100
59.74 , 34.5389366149 , 9.95683
59.77 , 34.6475486755 , 9.96233
59.81 , 34.5389366149 , 9.96817
59.84 , 34.6475486755 , 9.97383
59.88 , 34.6475486755 , 9.97967
59.91 , 34.6475486755 , 9.98533
59.95 , 34.6475486755 , 9.99117
59.98 , 34.7561607360 , 9.99667
60.02 , 34.8647727966 , 10.00250
60.05 , 34.7561607360 , 10.00833
60.09 , 34.7561607360 , 10.01433
60.12 , 34.8647727966 , 10.02017
60.16 , 34.8647727966 , 10.02600
60.19 , 34.8647727966 , 10.03183
60.23 , 34.8647727966 , 10.03783
60.26 , 34.8647727966 , 10.04367
60.30 , 34.8647727966 , 10.04967
60.33 , 34.9733886718 , 10.05550
60.37 , 35.0820045471 , 10.06133
60.40 , 34.9733886718 , 10.06733
60.44 , 35.0820045471 , 10.07317
60.47 , 35.0820045471 , 10.07917
60.51 , 35.0820045471 , 10.08500
60.55 , 35.1906166076 , 10.09100
60.58 , 35.0820045471 , 10.09667
60.62 , 35.2992324829 , 10.10267
60.65 , 35.1906166076 , 10.10850
60.69 , 35.1906166076 , 10.11450
60.72 , 35.1906166076 , 10.12033
60.76 , 35.2992324829 , 10.12633
60.79 , 35.2992324829 , 10.13200
60.83 , 35.1906166076 , 10.13800
60.86 , 35.2992324829 , 10.14383
60.90 , 35.2992324829 , 10.14983
60.93 , 35.2992324829 , 10.15567
60.97 , 35.4078445434 , 10.16150
61.01 , 35.4078445434 , 10.16750
61.04 , 35.4078445434 , 10.17333
61.08 , 35.5164566040 , 10.17933
61.11 , 35.5164566040 , 10.18517
61.15 , 35.5164566040 , 10.19117
61.18 , 35.6250686645 , 10.19683
61.22 , 35.5164566040 , 10.20283
61.25 , 35.5164566040 , 10.20867
61.29 , 35.6250686645 , 10.21467
61.32 , 35.6250686645 , 10.22050
61.36 , 35.6250686645 , 10.22650
61.39 , 35.7336807250 , 10.23217
61.43 , 35.7336807250 , 10.23817
61.46 , 35.7336807250 , 10.24400
61.50 , 35.7336807250 , 10.25000
61.54 , 35.7336807250 , 10.25600
61.57 , 35.8422966003 , 10.26183
61.61 , 35.8422966003 , 10.26767
61.64 , 35.9509086608 , 10.27350
61.68 , 35.9509086608 , 10.27950
61.71 , 35.9509086608 , 10.28533
61.75 , 36.0595207214 , 10.29133
61.78 , 35.9509086608 , 10.29717
61.82 , 35.9509086608 , 10.30300
61.85 , 36.0595207214 , 10.30883
61.89 , 35.9509086608 , 10.31483
61.92 , 36.0595207214 , 10.32067
61.96 , 36.0595207214 , 10.32667
62.00 , 36.0595207214 , 10.33250
62.03 , 36.1681327819 , 10.33833
62.06 , 36.1681327819 , 10.34417
62.10 , 36.2767486572 , 10.35017
62.14 , 36.2767486572 , 10.35617
62.17 , 36.1681327819 , 10.36200
62.21 , 36.2767486572 , 10.36800
62.24 , 36.2767486572 , 10.37367
62.28 , 36.2767486572 , 10.37967
62.31 , 36.2767486572 , 10.38550
62.35 , 36.3853607177 , 10.39150
62.38 , 36.3853607177 , 10.39733
62.42 , 36.4939727783 , 10.40317
62.45 , 36.3853607177 , 10.40900
62.49 , 36.4939727783 , 10.41500
62.53 , 36.4939727783 , 10.42083
62.56 , 36.4939727783 , 10.42683
62.60 , 36.4939727783 , 10.43267
62.63 , 36.6025848388 , 10.43850
62.67 , 36.6025848388 , 10.44450
62.70 , 36.6025848388 , 10.45033
62.74 , 36.6025848388 , 10.45633
62.77 , 36.6025848388 , 10.46217
62.81 , 36.6025848388 , 10.46817
62.84 , 36.7111968994 , 10.47383
62.88 , 36.7111968994 , 10.47983
62.91 , 36.8198127746 , 10.48567
62.95 , 36.8198127746 , 10.49167
62.99 , 36.8198127746 , 10.49750
63.02 , 36.8198127746 , 10.50350
63.06 , 36.8198127746 , 10.50917
63.09 , 36.8198127746 , 10.51517
63.13 , 36.9284248352 , 10.52100
63.16 , 36.8198127746 , 10.52700
63.20 , 36.9284248352 , 10.53283
63.23 , 36.9284248352 , 10.53883
63.27 , 36.9284248352 , 10.54467
63.30 , 37.0370368957 , 10.55050
63.34 , 37.0370368957 , 10.55650
63.37 , 37.1456489562 , 10.56233
63.41 , 37.0370368957 , 10.56833
63.44 , 37.1456489562 , 10.57400
63.48 , 37.1456489562 , 10.58000
63.52 , 37.1456489562 , 10.58583
63.55 , 37.1456489562 , 10.59183
63.59 , 37.1456489562 , 10.59767
63.62 , 37.2542648315 , 10.60367
63.66 , 37.2542648315 , 10.60933
63.69 , 37.2542648315 , 10.61533
63.73 , 37.2542648315 , 10.62117
63.76 , 37.3628768920 , 10.62717
63.80 , 37.3628768920 , 10.63317
63.83 , 37.3628768920 , 10.63900
63.87 , 37.4714889526 , 10.64483
63.90 , 37.4714889526 , 10.65067
63.94 , 37.4714889526 , 10.65667
63.97 , 37.5801010131 , 10.66250
64.01 , 37.4714889526 , 10.66850
64.05 , 37.5801010131 , 10.67433
64.08 , 37.5801010131 , 10.68017
64.12 , 37.6887130737 , 10.68600
64.15 , 37.5801010131 , 10.69200
64.19 , 37.5801010131 , 10.69783
64.22 , 37.6887130737 , 10.70383
64.26 , 37.6887130737 , 10.70967
64.29 , 37.6887130737 , 10.71550
64.33 , 37.6887130737 , 10.72133
64.36 , 37.7973289489 , 10.72733
64.40 , 37.7973289489 , 10.73333
64.43 , 37.7973289489 , 10.73917
64.47 , 37.9059410095 , 10.74517
64.50 , 37.9059410095 , 10.75083
64.54 , 37.9059410095 , 10.75683
64.58 , 37.9059410095 , 10.76267
64.61 , 38.0145530700 , 10.76867
64.65 , 38.0145530700 , 10.77450
64.68 , 38.0145530700 , 10.78050
64.72 , 38.0145530700 , 10.78617
64.75 , 38.1231651306 , 10.79217
64.79 , 38.1231651306 , 10.79800
64.82 , 38.1231651306 , 10.80400
64.86 , 38.1231651306 , 10.80983
64.89 , 38.1231651306 , 10.81567
64.93 , 38.1231651306 , 10.82167
64.96 , 38.2317810058 , 10.82750
65.00 , 38.1231651306 , 10.83350
65.04 , 38.2317810058 , 10.83933
65.07 , 38.2317810058 , 10.84533
65.11 , 38.2317810058 , 10.85100
65.14 , 38.3403930664 , 10.85700
65.18 , 38.3403930664 , 10.86283
65.21 , 38.3403930664 , 10.86883
65.25 , 38.3403930664 , 10.87467
65.28 , 38.4490051269 , 10.88067
65.32 , 38.3403930664 , 10.88633
65.35 , 38.4490051269 , 10.89233
65.39 , 38.5576171875 , 10.89817
65.43 , 38.4490051269 , 10.90417
65.46 , 38.5576171875 , 10.91000
65.50 , 38.4490051269 , 10.91600
65.53 , 38.6662292480 , 10.92183
65.57 , 38.6662292480 , 10.92767
65.60 , 38.6662292480 , 10.93367
65.64 , 38.6662292480 , 10.93950
65.67 , 38.6662292480 , 10.94550
65.71 , 38.6662292480 , 10.95133
65.74 , 38.7748451232 , 10.95717
65.78 , 38.7748451232 , 10.96300
65.81 , 38.7748451232 , 10.96900
65.85 , 38.7748451232 , 10.97483
65.88 , 38.8834571838 , 10.98083
65.92 , 38.7748451232 , 10.98667
65.95 , 38.8834571838 , 10.99250
65.99 , 38.8834571838 , 10.99833
66.03 , 38.8834571838 , 11.00433
66.06 , 38.8834571838 , 11.01033
66.10 , 38.9920692443 , 11.01617
66.13 , 38.9920692443 , 11.02200
66.17 , 38.9920692443 , 11.02783
66.20 , 39.1006813049 , 11.03383
66.24 , 39.1006813049 , 11.03967
66.27 , 39.1006813049 , 11.04567
66.31 , 39.1006813049 , 11.05150
66.34 , 39.2092971801 , 11.05733
66.38 , 39.2092971801 , 11.06317
66.41 , 39.2092971801 , 11.06917
66.45 , 39.2092971801 , 11.07500
66.49 , 39.2092971801 , 11.08100
66.52 , 39.3179092407 , 11.08683
66.56 , 39.3179092407 , 11.09267
66.59 , 39.4265213012 , 11.09850
66.63 , 39.3179092407 , 11.10450
66.66 , 39.3179092407 , 11.11050
66.70 , 39.4265213012 , 11.11633
66.73 , 39.4265213012 , 11.12233
66.77 , 39.4265213012 , 11.12800
66.80 , 39.5351333618 , 11.13400
66.84 , 39.5351333618 , 11.13983
66.87 , 39.5351333618 , 11.14583
66.91 , 39.5351333618 , 11.15167
66.95 , 39.6437454223 , 11.15767
66.98 , 39.5351333618 , 11.16333
67.02 , 39.6437454223 , 11.16933
67.05 , 39.7523612976 , 11.17517
67.09 , 39.7523612976 , 11.18117
67.12 , 39.6437454223 , 11.18700
67.16 , 39.7523612976 , 11.19300
67.19 , 39.7523612976 , 11.19883
67.23 , 39.7523612976 , 11.20467
67.26 , 39.8609733581 , 11.21067
67.30 , 39.7523612976 , 11.21650
67.33 , 39.8609733581 , 11.22250
67.37 , 39.8609733581 , 11.22817
67.40 , 39.8609733581 , 11.23417
67.44 , 39.8609733581 , 11.24000
67.48 , 39.8609733581 , 11.24600
67.51 , 39.9695854187 , 11.25183
67.55 , 39.9695854187 , 11.25783
67.58 , 40.0781974792 , 11.26350
67.62 , 40.0781974792 , 11.26950
67.65 , 40.0781974792 , 11.27533
67.69 , 40.0781974792 , 11.28133
67.72 , 40.0781974792 , 11.28717
67.76 , 40.0781974792 , 11.29317
67.79 , 40.1868133544 , 11.29900
67.83 , 40.1868133544 , 11.30483
67.86 , 40.1868133544 , 11.31083
67.90 , 40.1868133544 , 11.31667
67.94 , 40.1868133544 , 11.32267
67.97 , 40.1868133544 , 11.32850
68.01 , 40.1868133544 , 11.33433
68.04 , 40.2954254150 , 11.34017
68.08 , 40.2954254150 , 11.34617
68.11 , 40.4040374755 , 11.35200
68.15 , 40.4040374755 , 11.35800
68.18 , 40.5126495361 , 11.36383
68.22 , 40.4040374755 , 11.36967
68.25 , 40.5126495361 , 11.37550
68.29 , 40.5126495361 , 11.38150
68.32 , 40.5126495361 , 11.38750
68.36 , 40.5126495361 , 11.39333
68.40 , 40.6212692260 , 11.39933
68.43 , 40.5126495361 , 11.40500
68.47 , 40.6212692260 , 11.41100
68.50 , 40.6212692260 , 11.41683
68.54 , 40.7298812866 , 11.42283
68.57 , 40.7298812866 , 11.42867
68.61 , 40.7298812866 , 11.43467
68.64 , 40.7298812866 , 11.44033
68.68 , 40.7298812866 , 11.44633
68.71 , 40.7298812866 , 11.45217
68.75 , 40.8384933471 , 11.45817
68.78 , 40.8384933471 , 11.46400
68.82 , 40.9471054077 , 11.46983
68.85 , 40.9471054077 , 11.47567
68.89 , 40.9471054077 , 11.48167
68.93 , 40.9471054077 , 11.48767
68.96 , 41.0557212829 , 11.49350
69.00 , 41.0557212829 , 11.49950
69.03 , 41.0557212829 , 11.50517
69.07 , 41.0557212829 , 11.51117
69.10 , 41.0557212829 , 11.51700
69.14 , 41.0557212829 , 11.52300
69.17 , 41.0557212829 , 11.52883
69.21 , 41.1643333435 , 11.53483
69.24 , 41.1643333435 , 11.54050
69.28 , 41.2729454040 , 11.54650
69.31 , 41.2729454040 , 11.55233
69.35 , 41.2729454040 , 11.55833
69.38 , 41.2729454040 , 11.56417
69.42 , 41.2729454040 , 11.57017
69.46 , 41.3815574645 , 11.57600
69.49 , 41.2729454040 , 11.58183
69.53 , 41.2729454040 , 11.58783
69.56 , 41.3815574645 , 11.59367
69.60 , 41.4901733398 , 11.59967
69.63 , 41.4901733398 , 11.60550
69.67 , 41.4901733398 , 11.61133
69.70 , 41.4901733398 , 11.61717
69.74 , 41.5987854003 , 11.62317
69.77 , 41.4901733398 , 11.62900
69.81 , 41.5987854003 , 11.63500
69.84 , 41.5987854003 , 11.64067
69.88 , 41.5987854003 , 11.64667
69.91 , 41.5987854003 , 11.65250
69.95 , 41.5987854003 , 11.65850
69.99 , 41.5987854003 , 11.66433
70.02 , 41.7073974609 , 11.67033
70.06 , 41.7073974609 , 11.67617
70.09 , 41.7073974609 , 11.68200
70.13 , 41.8160095214 , 11.68800
70.16 , 41.8160095214 , 11.69383
70.20 , 41.8160095214 , 11.69983
70.23 , 41.8160095214 , 11.70567
70.27 , 41.9246215820 , 11.71150
70.30 , 41.9246215820 , 11.71733
70.34 , 42.0332374572 , 11.72333
70.37 , 42.0332374572 , 11.72917
70.41 , 42.0332374572 , 11.73517
70.45 , 42.0332374572 , 11.74100
70.48 , 42.0332374572 , 11.74683
70.52 , 42.0332374572 , 11.75267
70.55 , 42.0332374572 , 11.75867
70.59 , 42.1418495178 , 11.76467
70.62 , 42.1418495178 , 11.77050
70.66 , 42.1418495178 , 11.77650
70.69 , 42.2504615783 , 11.78217
70.73 , 42.2504615783 , 11.78817
70.76 , 42.2504615783 , 11.79400
70.80 , 42.3590736389 , 11.80000
70.83 , 42.2504615783 , 11.80583
70.87 , 42.2504615783 , 11.81183
70.90 , 42.3590736389 , 11.81750
70.94 , 42.3590736389 , 11.82350
70.98 , 42.3590736389 , 11.82933
71.01 , 42.3590736389 , 11.83533
71.05 , 42.4676895141 , 11.84117
71.08 , 42.4676895141 , 11.84717
71.12 , 42.5763015747 , 11.85283
71.15 , 42.5763015747 , 11.85883
71.19 , 42.5763015747 , 11.86483
71.22 , 42.5763015747 , 11.87067
71.26 , 42.5763015747 , 11.87667
71.29 , 42.6849136352 , 11.88233
71.33 , 42.6849136352 , 11.88833
71.36 , 42.6849136352 , 11.89417
71.40 , 42.6849136352 , 11.90017
71.44 , 42.6849136352 , 11.90600
71.47 , 42.7935256958 , 11.91200
71.51 , 42.7935256958 , 11.91767
71.54 , 42.7935256958 , 11.92367
71.58 , 42.9021377563 , 11.92950
71.61 , 42.9021377563 , 11.93550
71.65 , 42.9021377563 , 11.94133
71.68 , 42.9021377563 , 11.94733
71.72 , 43.0107536315 , 11.95317
71.75 , 42.9021377563 , 11.95900
71.79 , 43.0107536315 , 11.96500
71.82 , 43.0107536315 , 11.97083
71.86 , 43.1193656921 , 11.97683
71.90 , 43.1193656921 , 11.98267
71.93 , 43.1193656921 , 11.98850
71.97 , 43.1193656921 , 11.99433
72.00 , 43.1193656921 , 12.00033
72.04 , 43.1193656921 , 12.00617
72.07 , 43.2279777526 , 12.01217
72.11 , 43.2279777526 , 12.01800
72.14 , 43.2279777526 , 12.02383
72.18 , 43.3365898132 , 12.02967
72.21 , 43.3365898132 , 12.03567
72.25 , 43.3365898132 , 12.04150
72.29 , 43.4452056884 , 12.04750
72.32 , 43.3365898132 , 12.05350
72.36 , 43.4452056884 , 12.05917
72.39 , 43.4452056884 , 12.06517
72.43 , 43.4452056884 , 12.07100
72.46 , 43.4452056884 , 12.07700
72.50 , 43.5538177490 , 12.08283
72.53 , 43.5538177490 , 12.08867
72.57 , 43.5538177490 , 12.09450
72.60 , 43.5538177490 , 12.10050
72.64 , 43.4452056884 , 12.10633
72.67 , 43.6624298095 , 12.11233
72.71 , 43.6624298095 , 12.11817
72.74 , 43.6624298095 , 12.12400
72.78 , 43.6624298095 , 12.12983
72.81 , 43.6624298095 , 12.13583
72.85 , 43.6624298095 , 12.14183
72.89 , 43.7710418701 , 12.14767
72.92 , 43.7710418701 , 12.15367
72.96 , 43.8796539306 , 12.15933
72.99 , 43.8796539306 , 12.16533
73.03 , 43.8796539306 , 12.17117
73.06 , 43.8796539306 , 12.17717
73.10 , 43.9882698059 , 12.18300
73.13 , 43.9882698059 , 12.18900
73.17 , 43.9882698059 , 12.19467
73.20 , 43.9882698059 , 12.20067
73.24 , 43.9882698059 , 12.20650
73.27 , 44.0968818664 , 12.21250
73.31 , 44.0968818664 , 12.21833
73.35 , 44.0968818664 , 12.22433
73.38 , 44.2054939270 , 12.23000
73.42 , 44.2054939270 , 12.23600
73.45 , 44.2054939270 , 12.24200
73.49 , 44.2054939270 , 12.24783
73.52 , 44.3141059875 , 12.25383
73.56 , 44.3141059875 , 12.25967
73.59 , 44.3141059875 , 12.26550
73.63 , 44.3141059875 , 12.27133
73.66 , 44.4227218627 , 12.27733
73.70 , 44.4227218627 , 12.28317
73.73 , 44.4227218627 , 12.28917
73.77 , 44.4227218627 , 12.29483
73.80 , 44.4227218627 , 12.30083
73.84 , 44.5313339233 , 12.30667
73.88 , 44.5313339233 , 12.31267
73.91 , 44.6399459838 , 12.31850
73.95 , 44.6399459838 , 12.32450
73.98 , 44.5313339233 , 12.33033
74.02 , 44.6399459838 , 12.33617
74.05 , 44.6399459838 , 12.34217
74.09 , 44.6399459838 , 12.34800
74.12 , 44.7485580444 , 12.35400
74.16 , 44.7485580444 , 12.35983
74.19 , 44.7485580444 , 12.36567
74.23 , 44.8571701049 , 12.37150
74.26 , 44.7485580444 , 12.37750
74.30 , 44.7485580444 , 12.38333
74.34 , 44.8571701049 , 12.38933
74.37 , 44.8571701049 , 12.39517
74.41 , 44.9657859802 , 12.40100
74.44 , 44.9657859802 , 12.40683
74.48 , 44.9657859802 , 12.41283
74.51 , 44.9657859802 , 12.41867
74.55 , 44.9657859802 , 12.42467
74.58 , 45.0743980407 , 12.43067
74.62 , 45.0743980407 , 12.43633
74.65 , 45.0743980407 , 12.44233
74.69 , 45.0743980407 , 12.44817
74.72 , 45.0743980407 , 12.45417
74.76 , 45.1830101013 , 12.46000
74.80 , 45.0743980407 , 12.46600
74.83 , 45.1830101013 , 12.47167
74.87 , 45.2916221618 , 12.47767
74.90 , 45.2916221618 , 12.48350
74.94 , 45.1830101013 , 12.48950
74.97 , 45.2916221618 , 12.49533
75.01 , 45.2916221618 , 12.50133
75.04 , 45.2916221618 , 12.50700
75.08 , 45.2916221618 , 12.51300
75.11 , 45.4002380371 , 12.51900
75.15 , 45.5088500976 , 12.52483
75.18 , 45.4002380371 , 12.53083
75.22 , 45.5088500976 , 12.53650
75.25 , 45.5088500976 , 12.54250
75.29 , 45.4002380371 , 12.54833
75.33 , 45.6174621582 , 12.55433
75.36 , 45.6174621582 , 12.56017
75.40 , 45.5088500976 , 12.56617
75.43 , 45.6174621582 , 12.57183
75.47 , 45.7260742187 , 12.57783
75.50 , 45.7260742187 , 12.58367
75.54 , 45.7260742187 , 12.58967
75.57 , 45.7260742187 , 12.59550
75.61 , 45.7260742187 , 12.60150
75.64 , 45.7260742187 , 12.60717
75.68 , 45.7260742187 , 12.61317
75.71 , 45.8346862792 , 12.61917
75.75 , 45.8346862792 , 12.62500
75.79 , 45.8346862792 , 12.63100
75.82 , 45.9433021545 , 12.63683
75.86 , 45.9433021545 , 12.64267
75.89 , 45.9433021545 , 12.64850
75.93 , 45.9433021545 , 12.65450
75.96 , 46.0519142150 , 12.66033
76.00 , 46.0519142150 , 12.66633
76.03 , 46.0519142150 , 12.67217
76.07 , 46.0519142150 , 12.67800
76.10 , 46.0519142150 , 12.68383
76.14 , 46.2691459655 , 12.68983
76.17 , 46.1605300903 , 12.69567
76.21 , 46.1605300903 , 12.70167
76.25 , 46.2691459655 , 12.70767
76.28 , 46.2691459655 , 12.71333
76.32 , 46.2691459655 , 12.71933
76.35 , 46.3777580261 , 12.72517
76.39 , 46.3777580261 , 12.73117
76.42 , 46.3777580261 , 12.73700
76.46 , 46.3777580261 , 12.74283
76.49 , 46.4863700866 , 12.74867
76.53 , 46.4863700866 , 12.75467
76.56 , 46.5949821472 , 12.76050
76.60 , 46.4863700866 , 12.76650
76.63 , 46.4863700866 , 12.77233
76.67 , 46.4863700866 , 12.77817
76.70 , 46.5949821472 , 12.78400
76.74 , 46.5949821472 , 12.79000
76.77 , 46.5949821472 , 12.79583
76.81 , 46.7035980224 , 12.80183
76.85 , 46.7035980224 , 12.80783
76.88 , 46.7035980224 , 12.81350
76.92 , 46.7035980224 , 12.81950
76.95 , 46.8122100830 , 12.82533
76.99 , 46.7035980224 , 12.83133
77.02 , 46.8122100830 , 12.83717
77.06 , 46.8122100830 , 12.84317
77.09 , 46.9208221435 , 12.84883
77.13 , 46.9208221435 , 12.85483
77.16 , 46.9208221435 , 12.86067
77.20 , 46.9208221435 , 12.86667
77.23 , 46.9208221435 , 12.87250
77.27 , 47.0294342041 , 12.87850
77.30 , 46.9208221435 , 12.88417
77.34 , 47.0294342041 , 12.89017
77.38 , 47.0294342041 , 12.89617
77.41 , 47.0294342041 , 12.90200
77.45 , 47.1380462646 , 12.90800
77.48 , 47.0294342041 , 12.91383
77.52 , 47.1380462646 , 12.91967
77.55 , 47.1380462646 , 12.92550
77.59 , 47.2466621398 , 12.93150
77.62 , 47.2466621398 , 12.93733
77.66 , 47.2466621398 , 12.94333
77.69 , 47.2466621398 , 12.94900
77.73 , 47.3552742004 , 12.95500
77.76 , 47.3552742004 , 12.96083
77.80 , 47.3552742004 , 12.96683
77.84 , 47.3552742004 , 12.97267
77.87 , 47.3552742004 , 12.97867
77.91 , 47.3552742004 , 12.98433
77.94 , 47.4638862609 , 12.99033
77.98 , 47.4638862609 , 12.99633
78.01 , 47.4638862609 , 13.00217
78.05 , 47.4638862609 , 13.00817
78.08 , 47.5724983215 , 13.01400
78.12 , 47.5724983215 , 13.01983
78.15 , 47.5724983215 , 13.02567
78.19 , 47.5724983215 , 13.03167
78.22 , 47.6811141967 , 13.03750
78.26 , 47.6811141967 , 13.04350
78.30 , 47.7897262573 , 13.04933
78.33 , 47.6811141967 , 13.05517
78.37 , 47.7897262573 , 13.06100
78.40 , 47.7897262573 , 13.06700
78.44 , 47.7897262573 , 13.07283
78.47 , 47.7897262573 , 13.07883
78.51 , 47.8983383178 , 13.08483
78.54 , 48.0069503784 , 13.09050
78.58 , 47.8983383178 , 13.09650
78.61 , 47.8983383178 , 13.10233
78.65 , 48.0069503784 , 13.10833
78.68 , 48.0069503784 , 13.11417
78.72 , 48.0069503784 , 13.12017
78.75 , 48.0069503784 , 13.12583
78.79 , 48.1155624389 , 13.13183
78.83 , 48.1155624389 , 13.13767
78.86 , 48.1155624389 , 13.14367
78.90 , 48.2241783142 , 13.14950
78.93 , 48.2241783142 , 13.15533
78.97 , 48.2241783142 , 13.16117
79.00 , 48.3327903747 , 13.16717
79.04 , 48.2241783142 , 13.17300
79.07 , 48.2241783142 , 13.17900
79.11 , 48.3327903747 , 13.18500
79.14 , 48.3327903747 , 13.19067
79.18 , 48.3327903747 , 13.19667
79.21 , 48.3327903747 , 13.20250
79.25 , 48.4414024353 , 13.20850
79.29 , 48.4414024353 , 13.21433
79.32 , 48.4414024353 , 13.22033
79.36 , 48.4414024353 , 13.22600
79.39 , 48.4414024353 , 13.23200
79.43 , 48.5500144958 , 13.23783
79.46 , 48.5500144958 , 13.24383
79.50 , 48.5500144958 , 13.24967
79.53 , 48.5500144958 , 13.25567
79.57 , 48.5500144958 , 13.26133
79.60 , 48.6586303710 , 13.26733
79.64 , 48.6586303710 , 13.27333
79.68 , 48.6586303710 , 13.27917
79.71 , 48.7672424316 , 13.28517
79.75 , 48.7672424316 , 13.29100
79.78 , 48.8758544921 , 13.29683
79.82 , 48.8758544921 , 13.30267
79.85 , 48.8758544921 , 13.30867
79.89 , 48.8758544921 , 13.31450
79.92 , 48.8758544921 , 13.32050
79.96 , 48.8758544921 , 13.32633
79.99 , 48.9844665527 , 13.33217
80.03 , 48.8758544921 , 13.33800
80.06 , 48.9844665527 , 13.34400
80.10 , 48.9844665527 , 13.34983
80.13 , 48.9844665527 , 13.35583
80.17 , 49.0930786132 , 13.36150
80.20 , 49.0930786132 , 13.36750
80.24 , 49.0930786132 , 13.37350
80.28 , 48.9844665527 , 13.37933
80.31 , 49.2016944885 , 13.38533
80.35 , 49.2016944885 , 13.39117
80.38 , 49.2016944885 , 13.39700
80.42 , 49.2016944885 , 13.40283
80.45 , 49.3103065490 , 13.40883
80.49 , 49.3103065490 , 13.41467
80.52 , 49.3103065490 , 13.42067
80.56 , 49.3103065490 , 13.42650
80.59 , 49.3103065490 , 13.43233
80.63 , 49.4189186096 , 13.43817
80.66 , 49.4189186096 , 13.44417
80.70 , 49.5275306701 , 13.45000
80.74 , 49.5275306701 , 13.45600
80.77 , 49.5275306701 , 13.46200
80.81 , 49.5275306701 , 13.46767
80.84 , 49.5275306701 , 13.47367
80.88 , 49.5275306701 , 13.47950
80.91 , 49.6361465454 , 13.48550
80.95 , 49.6361465454 , 13.49133
80.98 , 49.6361465454 , 13.49733
81.02 , 49.6361465454 , 13.50300
81.05 , 49.7447586059 , 13.50900
81.09 , 49.7447586059 , 13.51483
81.12 , 49.7447586059 , 13.52083
81.16 , 49.8533706665 , 13.52667
81.20 , 49.8533706665 , 13.53267
81.23 , 49.9619827270 , 13.53833
81.27 , 49.8533706665 , 13.54433
81.30 , 49.8533706665 , 13.55017
81.34 , 49.9619827270 , 13.55617
81.37 , 49.9619827270 , 13.56217
81.41 , 49.9619827270 , 13.56800
81.44 , 50.0705947875 , 13.57383
81.48 , 50.0705947875 , 13.57967
81.51 , 50.0705947875 , 13.58567
81.55 , 50.0705947875 , 13.59150
81.58 , 50.0705947875 , 13.59750
81.62 , 50.1792106628 , 13.60317
81.65 , 50.1792106628 , 13.60917
81.69 , 50.1792106628 , 13.61500
81.73 , 50.1792106628 , 13.62100
81.76 , 50.2878227233 , 13.62683
81.80 , 50.1792106628 , 13.63283
81.83 , 50.2878227233 , 13.63850
81.87 , 50.3964347839 , 13.64450
81.90 , 50.3964347839 , 13.65050
81.94 , 50.2878227233 , 13.65633
81.97 , 50.3964347839 , 13.66233
82.01 , 50.3964347839 , 13.66817
82.04 , 50.3964347839 , 13.67400
82.08 , 50.5050468444 , 13.67983
82.11 , 50.5050468444 , 13.68583
82.15 , 50.5050468444 , 13.69167
82.19 , 50.5050468444 , 13.69767
82.22 , 50.6136627197 , 13.70350
82.26 , 50.5050468444 , 13.70933
82.29 , 50.6136627197 , 13.71517
82.33 , 50.6136627197 , 13.72117
82.36 , 50.7222747802 , 13.72700
82.40 , 50.7222747802 , 13.73300
82.43 , 50.7222747802 , 13.73883
82.47 , 50.7222747802 , 13.74467
82.50 , 50.8308868408 , 13.75067
82.54 , 50.7222747802 , 13.75650
82.57 , 50.8308868408 , 13.76250
82.61 , 50.7222747802 , 13.76833
82.65 , 50.8308868408 , 13.77433
82.68 , 50.8308868408 , 13.78000
82.72 , 50.8308868408 , 13.78600
82.75 , 50.9394989013 , 13.79183
82.79 , 50.9394989013 , 13.79783
82.82 , 50.9394989013 , 13.80367
82.86 , 51.0481109619 , 13.80950
82.89 , 51.0481109619 , 13.81533
82.93 , 51.0481109619 , 13.82133
82.96 , 51.0481109619 , 13.82717
83.00 , 51.1567268371 , 13.83317
83.04 , 51.1567268371 , 13.83917
83.07 , 51.1567268371 , 13.84483
83.11 , 51.2653388977 , 13.85083
83.14 , 51.2653388977 , 13.85667
83.18 , 51.2653388977 , 13.86267
83.21 , 51.2653388977 , 13.86850
83.25 , 51.3739509582 , 13.87450
83.28 , 51.3739509582 , 13.88017
83.32 , 51.3739509582 , 13.88617
83.35 , 51.3739509582 , 13.89200
83.39 , 51.4825630187 , 13.89800
83.42 , 51.4825630187 , 13.90383
83.46 , 51.4825630187 , 13.90983
83.49 , 51.5911788940 , 13.91550
83.53 , 51.5911788940 , 13.92150
83.56 , 51.5911788940 , 13.92733
83.60 , 51.5911788940 , 13.93333
83.64 , 51.5911788940 , 13.93933
83.67 , 51.6997947692 , 13.94517
83.71 , 51.6997947692 , 13.95100
83.74 , 51.6997947692 , 13.95683
83.78 , 51.6997947692 , 13.96283
83.81 , 51.6997947692 , 13.96867
83.85 , 51.8084068298 , 13.97467
83.88 , 51.8084068298 , 13.98050
83.92 , 51.8084068298 , 13.98633
83.95 , 51.8084068298 , 13.99217
83.99 , 51.8084068298 , 13.99817
84.02 , 51.9170227050 , 14.00400
84.06 , 52.0256347656 , 14.01000
84.09 , 51.9170227050 , 14.01567
84.13 , 52.0256347656 , 14.02167
84.17 , 52.0256347656 , 14.02767
84.20 , 52.0256347656 , 14.03350
84.24 , 51.9170227050 , 14.03950
84.27 , 52.1342468261 , 14.04533
84.31 , 52.0256347656 , 14.05117
84.34 , 52.1342468261 , 14.05700
84.38 , 52.1342468261 , 14.06300
84.41 , 52.1342468261 , 14.06883
84.45 , 52.2428588867 , 14.07483
84.48 , 52.2428588867 , 14.08067
84.52 , 52.1342468261 , 14.08650
84.55 , 52.2428588867 , 14.09233
84.59 , 52.3514709472 , 14.09833
84.62 , 52.2428588867 , 14.10417
84.66 , 52.3514709472 , 14.11017
84.70 , 52.3514709472 , 14.11600
84.73 , 52.3514709472 , 14.12183
84.77 , 52.3514709472 , 14.12783
84.80 , 52.4600868225 , 14.13367
84.84 , 52.4600868225 , 14.13967
84.87 , 52.4600868225 , 14.14550
84.91 , 52.5686988830 , 14.15150
84.94 , 52.5686988830 , 14.15717
84.98 , 52.5686988830 , 14.16317
85.01 , 52.5686988830 , 14.16900
85.05 , 52.6773109436 , 14.17500
85.08 , 52.6773109436 , 14.18083
85.12 , 52.6773109436 , 14.18683
85.15 , 52.6773109436 , 14.19250
85.19 , 52.6773109436 , 14.19850
85.23 , 52.6773109436 , 14.20433
85.26 , 52.7859230041 , 14.21033
85.30 , 52.7859230041 , 14.21633
85.33 , 52.8945388793 , 14.22200
85.37 , 52.8945388793 , 14.22800
85.40 , 52.7859230041 , 14.23383
85.44 , 52.8945388793 , 14.23983
85.47 , 52.8945388793 , 14.24567
85.51 , 53.0031509399 , 14.25167
85.54 , 53.0031509399 , 14.25733
85.58 , 52.8945388793 , 14.26333
85.61 , 53.1117630004 , 14.26917
85.65 , 53.0031509399 , 14.27517
85.69 , 53.1117630004 , 14.28100
85.72 , 53.2203750610 , 14.28700
85.76 , 53.1117630004 , 14.29267
85.79 , 53.1117630004 , 14.29867
85.83 , 53.2203750610 , 14.30450
85.86 , 53.2203750610 , 14.31050
85.90 , 53.2203750610 , 14.31650
85.93 , 53.2203750610 , 14.32233
85.97 , 53.3289871215 , 14.32817
86.00 , 53.4376029968 , 14.33400
86.04 , 53.4376029968 , 14.34000
86.07 , 53.4376029968 , 14.34583
86.11 , 53.4376029968 , 14.35183
86.15 , 53.4376029968 , 14.35767
86.18 , 53.4376029968 , 14.36350
86.22 , 53.4376029968 , 14.36933
86.25 , 53.5462150573 , 14.37533
86.29 , 53.5462150573 , 14.38117
86.32 , 53.5462150573 , 14.38717
86.36 , 53.5462150573 , 14.39300
86.39 , 53.5462150573 , 14.39883
86.43 , 53.6548271179 , 14.40483
86.46 , 53.6548271179 , 14.41067
86.50 , 53.6548271179 , 14.41667
86.54 , 53.6548271179 , 14.42250
86.57 , 53.6548271179 , 14.42850
86.61 , 53.7634391784 , 14.43417
86.64 , 53.7634391784 , 14.44017
86.68 , 53.8720550537 , 14.44600
86.71 , 53.7634391784 , 14.45200
86.75 , 53.9806671142 , 14.45783
86.78 , 53.7634391784 , 14.46367
86.82 , 53.8720550537 , 14.46950
86.85 , 53.8720550537 , 14.47550
86.89 , 53.8720550537 , 14.48133
86.92 , 53.8720550537 , 14.48733
86.96 , 53.9806671142 , 14.49317
86.99 , 53.9806671142 , 14.49900
87.03 , 54.0892791748 , 14.50500
87.06 , 53.9806671142 , 14.51083
87.10 , 54.0892791748 , 14.51683
87.14 , 54.0892791748 , 14.52267
87.17 , 54.1978912353 , 14.52867
87.21 , 54.0892791748 , 14.53433
87.24 , 54.1978912353 , 14.54033
87.28 , 54.3065032958 , 14.54617
87.31 , 54.1978912353 , 14.55217
87.35 , 54.1978912353 , 14.55800
87.38 , 54.3065032958 , 14.56400
87.42 , 54.3065032958 , 14.56967
87.45 , 54.3065032958 , 14.57567
87.49 , 54.3065032958 , 14.58150
87.52 , 54.4151191711 , 14.58750
87.56 , 54.4151191711 , 14.59350
87.60 , 54.5237312316 , 14.59933
87.63 , 54.4151191711 , 14.60517
87.67 , 54.5237312316 , 14.61100
87.70 , 54.5237312316 , 14.61700
87.74 , 54.5237312316 , 14.62283
87.77 , 54.7409553527 , 14.62883
87.81 , 54.5237312316 , 14.63467
87.84 , 54.6323432922 , 14.64050
87.88 , 54.6323432922 , 14.64633
87.91 , 54.7409553527 , 14.65233
87.95 , 54.7409553527 , 14.65817
87.98 , 54.7409553527 , 14.66417
88.02 , 54.7409553527 , 14.66983
88.05 , 54.7409553527 , 14.67583
88.09 , 54.8495712280 , 14.68167
88.13 , 54.8495712280 , 14.68767
88.16 , 54.9581832885 , 14.69367
88.20 , 54.8495712280 , 14.69950
88.23 , 54.9581832885 , 14.70533
88.27 , 54.9581832885 , 14.71117
88.30 , 54.9581832885 , 14.71717
88.34 , 54.9581832885 , 14.72300
88.37 , 54.9581832885 , 14.72900
88.41 , 55.1754074096 , 14.73483
88.44 , 55.0667953491 , 14.74067
88.48 , 55.1754074096 , 14.74650
88.51 , 55.1754074096 , 14.75250
88.55 , 55.1754074096 , 14.75833
88.59 , 55.1754074096 , 14.76433
88.62 , 55.2840194702 , 14.77017
88.66 , 55.1754074096 , 14.77600
88.69 , 55.2840194702 , 14.78200
88.73 , 55.2840194702 , 14.78783
88.76 , 55.2840194702 , 14.79383
88.80 , 55.3926353454 , 14.79967
88.83 , 55.2840194702 , 14.80567
88.87 , 55.3926353454 , 14.81133
88.90 , 55.5012474060 , 14.81733
88.94 , 55.5012474060 , 14.82317
88.97 , 55.5012474060 , 14.82917
89.01 , 55.5012474060 , 14.83500
89.05 , 55.5012474060 , 14.84100
89.08 , 55.6098594665 , 14.84667
89.12 , 55.6098594665 , 14.85267
89.15 , 55.6098594665 , 14.85850
89.19 , 55.6098594665 , 14.86450
89.22 , 55.6098594665 , 14.87033
89.26 , 55.6098594665 , 14.87617
89.29 , 55.6098594665 , 14.88217
89.33 , 55.7184715270 , 14.88800
89.36 , 55.7184715270 , 14.89400
89.40 , 55.7184715270 , 14.89983
89.43 , 55.7184715270 , 14.90583
89.47 , 55.7184715270 , 14.91150
89.50 , 55.8270874023 , 14.91750
89.54 , 55.8270874023 , 14.92333
89.58 , 55.8270874023 , 14.92933
89.61 , 55.9356994628 , 14.93517
89.65 , 55.9356994628 , 14.94117
89.68 , 55.9356994628 , 14.94683
89.72 , 55.9356994628 , 14.95283
89.75 , 56.0443115234 , 14.95867
89.79 , 56.0443115234 , 14.96467
89.82 , 56.0443115234 , 14.97067
89.86 , 56.1529235839 , 14.97650
89.89 , 56.1529235839 , 14.98233
89.93 , 56.1529235839 , 14.98817
89.96 , 56.1529235839 , 14.99417
90.00 , 56.1529235839 , 15.00000
90.04 , 56.2615356445 , 15.00600
90.07 , 56.2615356445 , 15.01183
90.11 , 56.2615356445 , 15.01767
90.14 , 56.2615356445 , 15.02350
90.18 , 56.3701515197 , 15.02950
90.21 , 56.3701515197 , 15.03533
90.25 , 56.4787635803 , 15.04133
90.28 , 56.4787635803 , 15.04717
90.32 , 56.4787635803 , 15.05300
90.35 , 56.4787635803 , 15.05883
90.39 , 56.4787635803 , 15.06483
90.43 , 56.5873756408 , 15.07083
90.46 , 56.5873756408 , 15.07667
90.50 , 56.5873756408 , 15.08267
90.53 , 56.5873756408 , 15.08833
90.57 , 56.5873756408 , 15.09433
90.60 , 56.6959877014 , 15.10017
90.64 , 56.6959877014 , 15.10617
90.67 , 56.6959877014 , 15.11200
90.71 , 56.8046035766 , 15.11783
90.74 , 56.6959877014 , 15.12367
90.78 , 56.8046035766 , 15.12967
90.81 , 56.8046035766 , 15.13550
90.85 , 56.8046035766 , 15.14150
90.88 , 56.9132156372 , 15.14733
90.92 , 56.8046035766 , 15.15317
90.95 , 56.9132156372 , 15.15917
90.99 , 56.9132156372 , 15.16500
91.03 , 57.0218276977 , 15.17100
91.06 , 57.0218276977 , 15.17683
91.10 , 56.9132156372 , 15.18283
91.13 , 57.0218276977 , 15.18850
91.17 , 57.1304397583 , 15.19450
91.20 , 57.1304397583 , 15.20033
91.24 , 57.1304397583 , 15.20633
91.27 , 57.1304397583 , 15.21217
91.31 , 57.1304397583 , 15.21817
91.34 , 57.2390518188 , 15.22383
91.38 , 57.1304397583 , 15.22983
91.41 , 57.1304397583 , 15.23567
91.45 , 57.2390518188 , 15.24167
91.48 , 57.2390518188 , 15.24750
91.52 , 57.2390518188 , 15.25350
91.56 , 57.2390518188 , 15.25933
91.59 , 57.3476715087 , 15.26517
91.63 , 57.3476715087 , 15.27117
91.66 , 57.4562835693 , 15.27700
91.70 , 57.3476715087 , 15.28300
91.73 , 57.3476715087 , 15.28867
91.77 , 57.4562835693 , 15.29467
91.80 , 57.4562835693 , 15.30050
91.84 , 57.5648956298 , 15.30650
91.87 , 57.5648956298 , 15.31233
91.91 , 57.5648956298 , 15.31833
91.94 , 57.5648956298 , 15.32400
91.98 , 57.5648956298 , 15.33000
92.01 , 57.6735115051 , 15.33583
92.05 , 57.7821235656 , 15.34183
92.09 , 57.6735115051 , 15.34783
92.12 , 57.6735115051 , 15.35367
92.16 , 57.6735115051 , 15.35950
92.19 , 57.7821235656 , 15.36533
92.23 , 57.7821235656 , 15.37133
92.26 , 57.8907356262 , 15.37717
92.30 , 57.8907356262 , 15.38317
92.33 , 57.8907356262 , 15.38900
92.37 , 57.8907356262 , 15.39483
92.40 , 57.8907356262 , 15.40067
92.44 , 57.9993476867 , 15.40667
92.47 , 57.9993476867 , 15.41250
92.51 , 57.9993476867 , 15.41850
92.55 , 57.9993476867 , 15.42433
92.58 , 58.1079635620 , 15.43017
92.62 , 58.1079635620 , 15.43600
92.65 , 58.1079635620 , 15.44200
92.69 , 58.1079635620 , 15.44800
92.72 , 58.1079635620 , 15.45383
92.76 , 58.2165756225 , 15.45983
92.79 , 58.2165756225 , 15.46550
92.83 , 58.2165756225 , 15.47150
92.86 , 58.3251876831 , 15.47733
92.90 , 58.3251876831 , 15.48333
92.93 , 58.3251876831 , 15.48917
92.97 , 58.3251876831 , 15.49517
93.00 , 58.4337997436 , 15.50083
93.04 , 58.4337997436 , 15.50683
93.08 , 58.4337997436 , 15.51267
93.11 , 58.4337997436 , 15.51867
93.15 , 58.4337997436 , 15.52450
93.18 , 58.5424118041 , 15.53033
93.22 , 58.5424118041 , 15.53633
93.25 , 58.5424118041 , 15.54217
93.29 , 58.6510276794 , 15.54817
93.32 , 58.6510276794 , 15.55400
93.36 , 58.7596397399 , 15.56000
93.39 , 58.6510276794 , 15.56567
93.43 , 58.7596397399 , 15.57167
93.46 , 58.7596397399 , 15.57750
93.50 , 58.7596397399 , 15.58350
93.54 , 58.7596397399 , 15.58933
93.57 , 58.7596397399 , 15.59533
93.61 , 58.8682518005 , 15.60100
93.64 , 58.8682518005 , 15.60700
93.68 , 58.8682518005 , 15.61283
93.71 , 58.8682518005 , 15.61883
93.75 , 58.9768638610 , 15.62467
93.78 , 58.9768638610 , 15.63067
93.82 , 58.9768638610 , 15.63650
93.85 , 58.9768638610 , 15.64233
93.89 , 58.9768638610 , 15.64833
93.93 , 58.9768638610 , 15.65417
93.96 , 59.0854797363 , 15.66017
94.00 , 59.0854797363 , 15.66600
94.03 , 59.0854797363 , 15.67183
94.07 , 59.1940917968 , 15.67767
94.10 , 59.1940917968 , 15.68367
94.14 , 59.1940917968 , 15.68950
94.17 , 59.1940917968 , 15.69550
94.21 , 59.1940917968 , 15.70133
94.24 , 59.1940917968 , 15.70717
94.28 , 59.1940917968 , 15.71300
94.31 , 59.3027038574 , 15.71900
94.35 , 59.3027038574 , 15.72500
94.38 , 59.3027038574 , 15.73083
94.42 , 59.4113159179 , 15.73667
94.45 , 59.4113159179 , 15.74250
94.49 , 59.4113159179 , 15.74850
94.53 , 59.5199279785 , 15.75433
94.56 , 59.5199279785 , 15.76033
94.60 , 59.5199279785 , 15.76617
94.63 , 59.5199279785 , 15.77200
94.67 , 59.5199279785 , 15.77783
94.70 , 59.6285438537 , 15.78383
94.74 , 59.5199279785 , 15.78967
94.77 , 59.6285438537 , 15.79567
94.81 , 59.7371559143 , 15.80150
94.84 , 59.7371559143 , 15.80733
94.88 , 59.7371559143 , 15.81317
94.91 , 59.7371559143 , 15.81917
94.95 , 59.7371559143 , 15.82517
94.99 , 59.7371559143 , 15.83100
95.02 , 59.8457679748 , 15.83700
95.06 , 59.7371559143 , 15.84267
95.09 , 59.8457679748 , 15.84867
95.13 , 59.9543800354 , 15.85450
95.16 , 59.8457679748 , 15.86050
95.20 , 59.9543800354 , 15.86633
95.23 , 59.9543800354 , 15.87233
95.27 , 59.9543800354 , 15.87800
95.30 , 60.0629959106 , 15.88400
95.34 , 60.0629959106 , 15.88983
95.37 , 60.0629959106 , 15.89583
95.41 , 60.1716079711 , 15.90167
95.45 , 60.0629959106 , 15.90767
95.48 , 60.1716079711 , 15.91350
95.52 , 60.2802200317 , 15.91933
95.55 , 60.2802200317 , 15.92533
95.59 , 60.2802200317 , 15.93117
95.62 , 60.1716079711 , 15.93717
95.66 , 60.2802200317 , 15.94283
95.69 , 60.2802200317 , 15.94883
95.73 , 60.3888320922 , 15.95467
95.76 , 60.2802200317 , 15.96067
95.80 , 60.2802200317 , 15.96650
95.83 , 60.3888320922 , 15.97250
95.87 , 60.3888320922 , 15.97817
95.90 , 60.4974441528 , 15.98417
95.94 , 60.4974441528 , 15.99000
95.98 , 60.4974441528 , 15.99600
96.01 , 60.4974441528 , 16.00184
96.05 , 60.4974441528 , 16.00783
96.08 , 60.4974441528 , 16.01367
96.12 , 60.6060600280 , 16.01950
96.15 , 60.6060600280 , 16.02550
96.19 , 60.4974441528 , 16.03133
96.22 , 60.6060600280 , 16.03734
96.26 , 60.7146720886 , 16.04317
96.29 , 60.7146720886 , 16.04900
96.33 , 60.7146720886 , 16.05484
96.36 , 60.7146720886 , 16.06083
96.40 , 60.7146720886 , 16.06667
96.44 , 60.7146720886 , 16.07267
96.47 , 60.7146720886 , 16.07850
96.51 , 60.8232841491 , 16.08433
96.54 , 60.8232841491 , 16.09017
96.58 , 60.8232841491 , 16.09617
96.61 , 60.9318962097 , 16.10217
96.65 , 61.0405120849 , 16.10800
96.68 , 61.0405120849 , 16.11400
96.72 , 61.0405120849 , 16.11967
96.75 , 61.0405120849 , 16.12567
96.79 , 61.0405120849 , 16.13150
96.82 , 61.0405120849 , 16.13750
96.86 , 61.0405120849 , 16.14333
96.90 , 61.1491241455 , 16.14933
96.93 , 61.1491241455 , 16.15500
96.97 , 61.1491241455 , 16.16100
97.00 , 61.1491241455 , 16.16683
97.04 , 61.1491241455 , 16.17284
97.07 , 61.3663482666 , 16.17867
97.11 , 61.2577362060 , 16.18450
97.14 , 61.3663482666 , 16.19034
97.18 , 61.3663482666 , 16.19634
97.21 , 61.3663482666 , 16.20233
97.25 , 61.4749603271 , 16.20817
97.29 , 61.4749603271 , 16.21417
97.32 , 61.4749603271 , 16.21983
97.36 , 61.4749603271 , 16.22583
97.39 , 61.4749603271 , 16.23167
97.43 , 61.4749603271 , 16.23767
97.46 , 61.5835762023 , 16.24350
97.50 , 61.5835762023 , 16.24950
97.53 , 61.5835762023 , 16.25517
97.57 , 61.6921882629 , 16.26117
97.60 , 61.6921882629 , 16.26700
97.64 , 61.6921882629 , 16.27300
97.67 , 61.6921882629 , 16.27883
97.71 , 61.6921882629 , 16.28483
97.74 , 61.6921882629 , 16.29067
97.78 , 61.8008003234 , 16.29650
97.81 , 61.8008003234 , 16.30250
97.85 , 61.8008003234 , 16.30834
97.89 , 61.9094123840 , 16.31434
97.92 , 61.9094123840 , 16.32017
97.96 , 62.0180282592 , 16.32600
97.99 , 61.9094123840 , 16.33183
98.03 , 62.0180282592 , 16.33783
98.06 , 62.0180282592 , 16.34367
98.10 , 62.0180282592 , 16.34967
98.13 , 62.0180282592 , 16.35534
98.17 , 62.1266403198 , 16.36133
98.20 , 62.0180282592 , 16.36717
98.24 , 62.1266403198 , 16.37317
98.27 , 62.1266403198 , 16.37900
98.31 , 62.1266403198 , 16.38500
98.34 , 62.2352523803 , 16.39084
98.38 , 62.1266403198 , 16.39667
98.42 , 62.1266403198 , 16.40267
98.45 , 62.2352523803 , 16.40850
98.49 , 62.3438644409 , 16.41450
98.52 , 62.2352523803 , 16.42033
98.56 , 62.3438644409 , 16.42617
98.59 , 62.3438644409 , 16.43200
98.63 , 62.3438644409 , 16.43800
98.66 , 62.3438644409 , 16.44384
98.70 , 62.4524765014 , 16.44983
98.73 , 62.4524765014 , 16.45567
98.77 , 62.4524765014 , 16.46150
98.80 , 62.5610923767 , 16.46734
98.84 , 62.4524765014 , 16.47333
98.88 , 62.5610923767 , 16.47933
98.91 , 62.5610923767 , 16.48517
98.95 , 62.5610923767 , 16.49117
98.98 , 62.6697044372 , 16.49683
99.02 , 62.6697044372 , 16.50284
99.05 , 62.7783164978 , 16.50867
99.09 , 62.6697044372 , 16.51467
99.12 , 62.6697044372 , 16.52050
99.16 , 62.7783164978 , 16.52650
99.19 , 62.7783164978 , 16.53217
99.23 , 62.7783164978 , 16.53817
99.26 , 62.8869361877 , 16.54400
99.30 , 62.8869361877 , 16.55000
99.33 , 62.7783164978 , 16.55583
99.37 , 62.8869361877 , 16.56184
99.40 , 62.8869361877 , 16.56750
99.44 , 62.8869361877 , 16.57350
99.48 , 62.8869361877 , 16.57950
99.51 , 62.9955482482 , 16.58534
99.55 , 63.1041603088 , 16.59133
99.58 , 63.1041603088 , 16.59700
99.62 , 63.1041603088 , 16.60300
99.65 , 63.1041603088 , 16.60883
99.69 , 63.1041603088 , 16.61483
99.72 , 63.1041603088 , 16.62067
99.76 , 63.1041603088 , 16.62667
99.79 , 63.2127723693 , 16.63233
99.83 , 63.2127723693 , 16.63833
99.86 , 63.3213882446 , 16.64417
99.90 , 63.3213882446 , 16.65017
99.94 , 63.2127723693 , 16.65600
99.97 , 63.3213882446 , 16.66200
100.01 , 63.3213882446 , 16.66784
100.04 , 63.4300003051 , 16.67383
100.08 , 63.4300003051 , 16.68000
100.12 , 63.4300003051 , 16.68600
100.15 , 63.5386123657 , 16.69217
100.19 , 63.4300003051 , 16.69817
100.23 , 63.5386123657 , 16.70433
100.26 , 63.4300003051 , 16.71017
100.30 , 63.6472244262 , 16.71633
100.33 , 63.6472244262 , 16.72233
100.37 , 63.6472244262 , 16.72850
100.41 , 63.7558364868 , 16.73467
100.44 , 63.6472244262 , 16.74067
100.48 , 63.7558364868 , 16.74683
100.52 , 63.7558364868 , 16.75267
100.55 , 63.7558364868 , 16.75884
100.59 , 63.7558364868 , 16.76483
100.63 , 63.7558364868 , 16.77100
100.66 , 63.8644523620 , 16.77700
100.70 , 63.8644523620 , 16.78317
100.73 , 63.8644523620 , 16.78900
100.77 , 63.8644523620 , 16.79517
100.81 , 63.8644523620 , 16.80134
100.84 , 63.8644523620 , 16.80734
100.88 , 63.9730644226 , 16.81350
100.92 , 63.9730644226 , 16.81950
100.95 , 63.9730644226 , 16.82567
100.99 , 64.0816802978 , 16.83150
101.03 , 63.9730644226 , 16.83767
101.06 , 64.0816802978 , 16.84367
101.10 , 64.0816802978 , 16.84984
101.13 , 64.0816802978 , 16.85584
101.17 , 64.1902923583 , 16.86200
101.21 , 64.1902923583 , 16.86817
101.24 , 64.1902923583 , 16.87400
101.28 , 64.1902923583 , 16.88017
101.32 , 64.2989044189 , 16.88617
101.35 , 64.1902923583 , 16.89233
101.39 , 64.2989044189 , 16.89834
101.43 , 64.2989044189 , 16.90450
101.46 , 64.4075164794 , 16.91050
101.50 , 64.4075164794 , 16.91650
101.54 , 64.4075164794 , 16.92250
101.57 , 64.4075164794 , 16.92867
101.61 , 64.4075164794 , 16.93483
101.64 , 64.4075164794 , 16.94083
101.68 , 64.5161285400 , 16.94700
101.72 , 64.5161285400 , 16.95300
101.75 , 64.5161285400 , 16.95900
101.79 , 64.6247406005 , 16.96500
101.83 , 64.5161285400 , 16.97117
101.86 , 64.6247406005 , 16.97717
101.90 , 64.6247406005 , 16.98333
101.94 , 64.6247406005 , 16.98950
101.97 , 64.7333526611 , 16.99534
102.01 , 64.7333526611 , 17.00150
102.04 , 64.7333526611 , 17.00750
102.08 , 64.7333526611 , 17.01367
102.12 , 64.7333526611 , 17.01967
102.15 , 64.8419647216 , 17.02583
102.19 , 64.7333526611 , 17.03183
102.23 , 64.8419647216 , 17.03783
102.26 , 64.8419647216 , 17.04384
102.30 , 64.9505767822 , 17.05000
102.34 , 64.9505767822 , 17.05617
102.37 , 65.0591964721 , 17.06217
102.41 , 64.9505767822 , 17.06834
102.45 , 64.9505767822 , 17.07433
102.48 , 65.0591964721 , 17.08033
102.52 , 65.1678085327 , 17.08633
102.55 , 65.1678085327 , 17.09250
102.59 , 65.1678085327 , 17.09850
102.63 , 65.1678085327 , 17.10467
102.66 , 65.1678085327 , 17.11067
102.70 , 65.2764205932 , 17.11683
102.74 , 65.2764205932 , 17.12283
102.77 , 65.2764205932 , 17.12883
102.81 , 65.2764205932 , 17.13500
102.85 , 65.3850326538 , 17.14100
102.88 , 65.3850326538 , 17.14717
102.92 , 65.3850326538 , 17.15317
102.96 , 65.3850326538 , 17.15933
102.99 , 65.4936447143 , 17.16517
103.03 , 65.4936447143 , 17.17133
103.06 , 65.4936447143 , 17.17733
103.10 , 65.4936447143 , 17.18350
103.14 , 65.4936447143 , 17.18967
103.17 , 65.6022567749 , 17.19567
103.21 , 65.6022567749 , 17.20183
103.25 , 65.6022567749 , 17.20767
103.28 , 65.6022567749 , 17.21383
103.32 , 65.7108688354 , 17.21983
103.36 , 65.7108688354 , 17.22600
103.39 , 65.7108688354 , 17.23200
103.43 , 65.7108688354 , 17.23817
103.46 , 65.7108688354 , 17.24400
103.50 , 65.7108688354 , 17.25017
103.54 , 65.7108688354 , 17.25634
103.57 , 65.8194808959 , 17.26233
103.61 , 65.8194808959 , 17.26850
103.65 , 65.9280929565 , 17.27450
103.68 , 65.9280929565 , 17.28067
103.72 , 65.9280929565 , 17.28650
103.76 , 65.8194808959 , 17.29267
103.79 , 66.0367126464 , 17.29867
103.83 , 65.9280929565 , 17.30484
103.86 , 65.9280929565 , 17.31083
103.90 , 65.9280929565 , 17.31700
103.94 , 66.0367126464 , 17.32317
103.97 , 66.0367126464 , 17.32900
104.01 , 66.0367126464 , 17.33517
104.05 , 66.1453247070 , 17.34117
104.08 , 66.1453247070 , 17.34733
104.12 , 66.1453247070 , 17.35334
104.16 , 66.2539367675 , 17.35950
104.19 , 66.2539367675 , 17.36550
104.23 , 66.2539367675 , 17.37150
104.27 , 66.2539367675 , 17.37767
104.30 , 66.3625488281 , 17.38367
104.34 , 66.3625488281 , 17.38983
104.37 , 66.4711608886 , 17.39583
104.41 , 66.4711608886 , 17.40200
104.45 , 66.5797729492 , 17.40800
104.48 , 66.3625488281 , 17.41400
104.52 , 66.4711608886 , 17.42000
104.56 , 66.4711608886 , 17.42617
104.59 , 66.5797729492 , 17.43217
104.63 , 66.5797729492 , 17.43833
104.67 , 66.5797729492 , 17.44450
104.70 , 66.6883850097 , 17.45034
104.74 , 66.5797729492 , 17.45650
104.77 , 66.6883850097 , 17.46250
104.81 , 66.6883850097 , 17.46867
104.85 , 66.6883850097 , 17.47467
104.88 , 66.7969970703 , 17.48084
104.92 , 66.7969970703 , 17.48683
104.96 , 66.7969970703 , 17.49283
104.99 , 66.7969970703 , 17.49883
105.03 , 66.7969970703 , 17.50500
105.07 , 66.7969970703 , 17.51117
105.10 , 66.9056091308 , 17.51717
105.14 , 66.9056091308 , 17.52334
105.18 , 67.0142288208 , 17.52934
105.21 , 67.0142288208 , 17.53533
105.25 , 67.0142288208 , 17.54133
105.29 , 67.0142288208 , 17.54750
105.32 , 67.0142288208 , 17.55350
105.36 , 67.0142288208 , 17.55967
105.39 , 67.0142288208 , 17.56567
105.43 , 67.1228408813 , 17.57184
105.47 , 67.1228408813 , 17.57784
105.50 , 67.1228408813 , 17.58383
105.54 , 67.2314529418 , 17.59000
105.58 , 67.2314529418 , 17.59600
105.61 , 67.2314529418 , 17.60217
105.65 , 67.2314529418 , 17.60817
105.69 , 67.2314529418 , 17.61433
105.72 , 67.3400650024 , 17.62017
105.76 , 67.2314529418 , 17.62634
105.79 , 67.4486770629 , 17.63233
105.83 , 67.3400650024 , 17.63850
105.87 , 67.3400650024 , 17.64467
105.90 , 67.3400650024 , 17.65067
105.94 , 67.4486770629 , 17.65667
105.98 , 67.4486770629 , 17.66267
106.01 , 67.4486770629 , 17.66884
106.05 , 67.5572891235 , 17.67484
106.09 , 67.6659011840 , 17.68100
106.12 , 67.5572891235 , 17.68700
106.16 , 67.5572891235 , 17.69317
106.19 , 67.5572891235 , 17.69900
106.23 , 67.6659011840 , 17.70517
106.27 , 67.6659011840 , 17.71133
106.30 , 67.6659011840 , 17.71734
106.34 , 67.6659011840 , 17.72350
106.38 , 67.7745132446 , 17.72950
106.41 , 67.7745132446 , 17.73567
106.45 , 67.7745132446 , 17.74150
106.49 , 67.7745132446 , 17.74767
106.52 , 67.8831253051 , 17.75367
106.56 , 67.7745132446 , 17.75984
106.60 , 67.7745132446 , 17.76600
106.63 , 67.9917449951 , 17.77200
106.67 , 67.9917449951 , 17.77817
106.70 , 67.9917449951 , 17.78400
106.74 , 67.9917449951 , 17.79017
106.78 , 68.1003570556 , 17.79617
106.81 , 68.1003570556 , 17.80233
106.85 , 67.9917449951 , 17.80834
106.89 , 68.1003570556 , 17.81450
106.92 , 68.2089691162 , 17.82050
106.96 , 68.2089691162 , 17.82650
107.00 , 68.2089691162 , 17.83267
107.03 , 68.2089691162 , 17.83867
107.07 , 68.2089691162 , 17.84483
107.11 , 68.3175811767 , 17.85083
107.14 , 68.2089691162 , 17.85700
107.18 , 68.3175811767 , 17.86284
107.21 , 68.3175811767 , 17.86900
107.25 , 68.4262008666 , 17.87500
107.29 , 68.4262008666 , 17.88117
107.32 , 68.3175811767 , 17.88717
107.36 , 68.3175811767 , 17.89333
107.40 , 68.4262008666 , 17.89950
107.43 , 68.4262008666 , 17.90534
107.47 , 68.5348129272 , 17.91150
107.50 , 68.5348129272 , 17.91750
107.54 , 68.5348129272 , 17.92367
107.58 , 68.5348129272 , 17.92967
107.61 , 68.5348129272 , 17.93583
107.65 , 68.6434249877 , 17.94183
107.69 , 68.6434249877 , 17.94783
107.72 , 68.6434249877 , 17.95384
107.76 , 68.7520370483 , 17.96000
107.80 , 68.6434249877 , 17.96617
107.83 , 68.7520370483 , 17.97217
107.87 , 68.7520370483 , 17.97834
107.91 , 68.8606491088 , 17.98433
107.94 , 68.7520370483 , 17.99033
107.98 , 68.8606491088 , 17.99633
108.01 , 68.8606491088 , 18.00250
108.05 , 68.9692611694 , 18.00850
108.09 , 68.8606491088 , 18.01467
108.12 , 68.9692611694 , 18.02067
108.16 , 68.8606491088 , 18.02684
108.20 , 68.9692611694 , 18.03283
108.23 , 68.9692611694 , 18.03883
108.27 , 68.9692611694 , 18.04500
108.31 , 69.0778732299 , 18.05100
108.34 , 69.0778732299 , 18.05717
108.38 , 69.1864852905 , 18.06317
108.42 , 69.1864852905 , 18.06933
108.45 , 69.0778732299 , 18.07517
108.49 , 69.1864852905 , 18.08133
108.52 , 69.1864852905 , 18.08733
108.56 , 69.1864852905 , 18.09350
108.60 , 69.2951049804 , 18.09967
108.63 , 69.2951049804 , 18.10567
108.67 , 69.2951049804 , 18.11167
108.71 , 69.2951049804 , 18.11767
108.74 , 69.2951049804 , 18.12383
108.78 , 69.4037170410 , 18.12983
108.82 , 69.4037170410 , 18.13600
108.85 , 69.5123291015 , 18.14200
108.89 , 69.5123291015 , 18.14817
108.93 , 69.4037170410 , 18.15417
108.96 , 69.5123291015 , 18.16017
109.00 , 69.5123291015 , 18.16633
109.03 , 69.5123291015 , 18.17233
109.07 , 69.6209411621 , 18.17850
109.11 , 69.5123291015 , 18.18450
109.14 , 69.7295532226 , 18.19067
109.18 , 69.6209411621 , 18.19650
109.22 , 69.6209411621 , 18.20267
109.25 , 69.7295532226 , 18.20867
109.29 , 69.7295532226 , 18.21483
109.33 , 69.8381652832 , 18.22100
109.36 , 69.8381652832 , 18.22700
109.40 , 69.8381652832 , 18.23317
109.43 , 69.8381652832 , 18.23900
109.47 , 69.8381652832 , 18.24517
109.51 , 69.9467773437 , 18.25117
109.54 , 69.9467773437 , 18.25733
109.58 , 69.9467773437 , 18.26333
109.62 , 69.9467773437 , 18.26950
109.65 , 69.9467773437 , 18.27533
109.69 , 70.0553894042 , 18.28150
109.73 , 70.0553894042 , 18.28767
109.76 , 70.0553894042 , 18.29367
109.80 , 70.1640014648 , 18.29984
109.83 , 70.1640014648 , 18.30583
109.87 , 70.1640014648 , 18.31200
109.91 , 70.2726211547 , 18.31783
109.94 , 70.1640014648 , 18.32400
109.98 , 70.1640014648 , 18.33000
110.02 , 70.2726211547 , 18.33617
110.05 , 70.2726211547 , 18.34217
110.09 , 70.2726211547 , 18.34833
110.13 , 70.2726211547 , 18.35450
110.16 , 70.2726211547 , 18.36034
110.20 , 70.3812332153 , 18.36650
110.23 , 70.3812332153 , 18.37250
110.27 , 70.3812332153 , 18.37867
110.31 , 70.4898452758 , 18.38467
110.34 , 70.4898452758 , 18.39084
110.38 , 70.4898452758 , 18.39683
110.42 , 70.4898452758 , 18.40283
110.45 , 70.4898452758 , 18.40884
110.49 , 70.5984573364 , 18.41500
110.53 , 70.5984573364 , 18.42117
110.56 , 70.5984573364 , 18.42717
110.60 , 70.7070693969 , 18.43334
110.64 , 70.7070693969 , 18.43934
110.67 , 70.5984573364 , 18.44533
110.71 , 70.7070693969 , 18.45133
110.75 , 70.7070693969 , 18.45750
110.78 , 70.7070693969 , 18.46350
110.82 , 70.8156814575 , 18.46967
110.85 , 70.8156814575 , 18.47567
110.89 , 70.8156814575 , 18.48184
110.93 , 70.8156814575 , 18.48784
110.96 , 70.8156814575 , 18.49383
111.00 , 70.9242935180 , 18.50000
111.04 , 70.9242935180 , 18.50600
111.07 , 70.9242935180 , 18.51217
111.11 , 70.9242935180 , 18.51817
111.14 , 71.0329055786 , 18.52417
111.18 , 71.0329055786 , 18.53017
111.22 , 71.0329055786 , 18.53634
111.25 , 71.0329055786 , 18.54250
111.29 , 71.1415176391 , 18.54850
111.33 , 71.1415176391 , 18.55467
111.36 , 71.1415176391 , 18.56067
111.40 , 71.1415176391 , 18.56667
111.44 , 71.1415176391 , 18.57267
111.47 , 71.1415176391 , 18.57884
111.51 , 71.2501373291 , 18.58484
111.55 , 71.2501373291 , 18.59100
111.58 , 71.3587493896 , 18.59700
111.62 , 71.2501373291 , 18.60317
111.65 , 71.3587493896 , 18.60917
111.69 , 71.3587493896 , 18.61517
111.73 , 71.4673614501 , 18.62133
111.76 , 71.4673614501 , 18.62734
111.80 , 71.4673614501 , 18.63350
111.84 , 71.3587493896 , 18.63950
111.87 , 71.4673614501 , 18.64567
111.91 , 71.5759735107 , 18.65150
111.95 , 71.4673614501 , 18.65767
111.98 , 71.5759735107 , 18.66367
112.02 , 71.4673614501 , 18.66983
112.06 , 71.5759735107 , 18.67600
112.09 , 71.5759735107 , 18.68200
112.13 , 71.6845855712 , 18.68817
112.16 , 71.6845855712 , 18.69400
112.20 , 71.6845855712 , 18.70017
112.24 , 71.7931976318 , 18.70617
112.27 , 71.6845855712 , 18.71233
112.31 , 71.7931976318 , 18.71833
112.35 , 71.7931976318 , 18.72450
112.38 , 71.7931976318 , 18.73034
112.42 , 71.9018096923 , 18.73650
112.46 , 71.9018096923 , 18.74267
112.49 , 71.9018096923 , 18.74867
112.53 , 72.0104217529 , 18.75483
112.56 , 72.0104217529 , 18.76083
112.60 , 71.9018096923 , 18.76700
112.64 , 72.0104217529 , 18.77284
112.67 , 72.0104217529 , 18.77900
112.71 , 72.0104217529 , 18.78500
112.75 , 72.0104217529 , 18.79117
112.78 , 72.1190338134 , 18.79717
112.82 , 72.0104217529 , 18.80333
112.86 , 72.1190338134 , 18.80950
112.89 , 72.1190338134 , 18.81534
112.93 , 72.2276535034 , 18.82150
112.96 , 72.2276535034 , 18.82750
113.00 , 72.3362655639 , 18.83367
113.04 , 72.2276535034 , 18.83967
113.07 , 72.2276535034 , 18.84583
113.11 , 72.2276535034 , 18.85183
113.15 , 72.2276535034 , 18.85783
113.18 , 72.3362655639 , 18.86384
113.22 , 72.3362655639 , 18.87000
113.26 , 72.3362655639 , 18.87617
113.29 , 72.4448776245 , 18.88217
113.33 , 72.4448776245 , 18.88833
113.37 , 72.4448776245 , 18.89433
113.40 , 72.5534896850 , 18.90033
113.44 , 72.4448776245 , 18.90633
113.47 , 72.5534896850 , 18.91250
113.51 , 72.5534896850 , 18.91850
113.55 , 72.6621017456 , 18.92467
113.58 , 72.6621017456 , 18.93083
113.62 , 72.6621017456 , 18.93667
113.66 , 72.5534896850 , 18.94283
113.69 , 72.6621017456 , 18.94883
113.73 , 72.6621017456 , 18.95500
113.77 , 72.7707138061 , 18.96100
113.80 , 72.7707138061 , 18.96717
113.84 , 72.7707138061 , 18.97317
113.87 , 72.7707138061 , 18.97917
113.91 , 72.8793258666 , 18.98517
113.95 , 72.8793258666 , 18.99133
113.98 , 72.8793258666 , 18.99750
114.02 , 72.9879379272 , 19.00350
114.06 , 72.9879379272 , 19.00967
114.09 , 72.9879379272 , 19.01567
114.13 , 72.9879379272 , 19.02167
114.17 , 72.9879379272 , 19.02767
114.20 , 72.9879379272 , 19.03384
114.24 , 73.0965499877 , 19.03983
114.28 , 73.0965499877 , 19.04600
114.31 , 73.2051696777 , 19.05200
114.35 , 73.2051696777 , 19.05817
114.38 , 73.2051696777 , 19.06417
114.42 , 73.0965499877 , 19.07017
114.46 , 73.2051696777 , 19.07633
114.49 , 73.2051696777 , 19.08234
114.53 , 73.3137817382 , 19.08850
114.57 , 73.2051696777 , 19.09450
114.60 , 73.3137817382 , 19.10067
114.64 , 73.4223937988 , 19.10650
114.68 , 73.3137817382 , 19.11267
114.71 , 73.4223937988 , 19.11867
114.75 , 73.4223937988 , 19.12483
114.79 , 73.4223937988 , 19.13100
114.82 , 73.4223937988 , 19.13700
114.86 , 73.4223937988 , 19.14317
114.89 , 73.5310058593 , 19.14900
114.93 , 73.6396179199 , 19.15517
114.97 , 73.5310058593 , 19.16117
115.00 , 73.5310058593 , 19.16733
115.04 , 73.6396179199 , 19.17333
115.08 , 73.6396179199 , 19.17950
115.11 , 73.6396179199 , 19.18533
115.15 , 73.6396179199 , 19.19150
115.19 , 73.6396179199 , 19.19767
115.22 , 73.7482299804 , 19.20367
115.26 , 73.7482299804 , 19.20984
115.29 , 73.7482299804 , 19.21583
115.33 , 73.7482299804 , 19.22200
115.37 , 73.7482299804 , 19.22783
115.40 , 73.8568420410 , 19.23400
115.44 , 73.8568420410 , 19.24000
115.48 , 73.8568420410 , 19.24617
115.51 , 73.8568420410 , 19.25217
115.55 , 73.9654617309 , 19.25834
115.59 , 73.9654617309 , 19.26450
115.62 , 73.9654617309 , 19.27033
115.66 , 74.0740737915 , 19.27650
115.69 , 74.0740737915 , 19.28250
115.73 , 73.9654617309 , 19.28867
115.77 , 73.9654617309 , 19.29467
115.80 , 74.0740737915 , 19.30084
115.84 , 74.0740737915 , 19.30684
115.88 , 74.1826858520 , 19.31283
115.91 , 74.1826858520 , 19.31900
115.95 , 74.1826858520 , 19.32500
115.99 , 74.1826858520 , 19.33117
116.02 , 74.1826858520 , 19.33717
116.06 , 74.2912979125 , 19.34333
116.10 , 74.2912979125 , 19.34934
116.13 , 74.2912979125 , 19.35534
116.17 , 74.2912979125 , 19.36133
116.20 , 74.3999099731 , 19.36750
116.24 , 74.2912979125 , 19.37350
116.28 , 74.5085296630 , 19.37967
116.31 , 74.3999099731 , 19.38583
116.35 , 74.5085296630 , 19.39167
116.39 , 74.5085296630 , 19.39784
116.42 , 74.5085296630 , 19.40383
116.46 , 74.6171417236 , 19.41000
116.50 , 74.5085296630 , 19.41600
116.53 , 74.6171417236 , 19.42217
116.57 , 74.5085296630 , 19.42817
116.61 , 74.7257537841 , 19.43417
116.64 , 74.6171417236 , 19.44017
116.68 , 74.7257537841 , 19.44634
116.71 , 74.7257537841 , 19.45250
116.75 , 74.8343658447 , 19.45850
116.79 , 74.7257537841 , 19.46467
116.82 , 74.7257537841 , 19.47067
116.86 , 74.8343658447 , 19.47667
116.90 , 74.8343658447 , 19.48267
116.93 , 74.8343658447 , 19.48884
116.97 , 74.9429779052 , 19.49484
117.01 , 74.8343658447 , 19.50100
117.04 , 74.8343658447 , 19.50700
117.08 , 74.9429779052 , 19.51317
117.11 , 74.9429779052 , 19.51917
117.15 , 75.0515899658 , 19.52517
117.19 , 75.0515899658 , 19.53133
117.22 , 75.0515899658 , 19.53734
117.26 , 75.0515899658 , 19.54350
117.30 , 75.1602020263 , 19.54950
117.33 , 75.1602020263 , 19.55567
117.37 , 75.1602020263 , 19.56150
117.41 , 75.1602020263 , 19.56767
117.44 , 75.2688140869 , 19.57367
117.48 , 75.1602020263 , 19.57983
117.52 , 75.2688140869 , 19.58600
117.55 , 75.1602020263 , 19.59200
117.59 , 75.2688140869 , 19.59800
117.62 , 75.2688140869 , 19.60400
117.66 , 75.2688140869 , 19.61017
117.70 , 75.2688140869 , 19.61617
117.73 , 75.2688140869 , 19.62233
117.77 , 75.3774261474 , 19.62833
117.81 , 75.3774261474 , 19.63450
117.84 , 75.3774261474 , 19.64034
117.88 , 75.4860458374 , 19.64650
117.92 , 75.3774261474 , 19.65267
117.95 , 75.4860458374 , 19.65867
117.99 , 75.4860458374 , 19.66483
118.02 , 75.5946578979 , 19.67083
118.06 , 75.5946578979 , 19.67700
118.10 , 75.5946578979 , 19.68284
118.13 , 75.5946578979 , 19.68900
118.17 , 75.7032699584 , 19.69500
118.21 , 75.7032699584 , 19.70117
118.24 , 75.7032699584 , 19.70734
118.28 , 75.5946578979 , 19.71333
118.32 , 75.7032699584 , 19.71950
118.35 , 75.7032699584 , 19.72533
118.39 , 75.8118820190 , 19.73150
118.43 , 75.8118820190 , 19.73750
118.46 , 75.8118820190 , 19.74367
118.50 , 75.8118820190 , 19.74967
118.54 , 75.9204940795 , 19.75584
118.57 , 75.9204940795 , 19.76183
118.61 , 75.9204940795 , 19.76783
118.64 , 76.0291061401 , 19.77400
118.68 , 76.0291061401 , 19.78000
118.72 , 76.0291061401 , 19.78617
118.75 , 76.0291061401 , 19.79217
118.79 , 76.1377182006 , 19.79833
118.82 , 76.1377182006 , 19.80417
118.86 , 76.1377182006 , 19.81033
118.90 , 76.1377182006 , 19.81633
118.93 , 76.1377182006 , 19.82250
118.97 , 76.1377182006 , 19.82850
119.01 , 76.2463302612 , 19.83467
119.04 , 76.2463302612 , 19.84083
119.08 , 76.2463302612 , 19.84667
119.12 , 76.3549423217 , 19.85283
119.15 , 76.2463302612 , 19.85883
119.19 , 76.2463302612 , 19.86500
119.23 , 76.4635620117 , 19.87100
119.26 , 76.3549423217 , 19.87717
119.30 , 76.4635620117 , 19.88317
119.33 , 76.3549423217 , 19.88917
119.37 , 76.5721740722 , 19.89517
119.41 , 76.4635620117 , 19.90133
119.44 , 76.5721740722 , 19.90750
119.48 , 76.5721740722 , 19.91350
119.52 , 76.5721740722 , 19.91967
119.55 , 76.6807861328 , 19.92567
119.59 , 76.5721740722 , 19.93167
119.63 , 76.6807861328 , 19.93767
119.66 , 76.6807861328 , 19.94384
119.70 , 76.6807861328 , 19.94983
119.74 , 76.7893981933 , 19.95600
119.77 , 76.7893981933 , 19.96200
119.81 , 76.7893981933 , 19.96817
119.84 , 76.7893981933 , 19.97417
119.88 , 76.7893981933 , 19.98017
119.92 , 76.7893981933 , 19.98633
119.95 , 76.8980102539 , 19.99234
119.99 , 76.7893981933 , 19.99850
120.03 , 76.8980102539 , 20.00450
120.06 , 76.8980102539 , 20.01067
120.10 , 76.8980102539 , 20.01650
120.14 , 76.8980102539 , 20.02267
120.17 , 77.0066223144 , 20.02867
120.21 , 76.8980102539 , 20.03483
120.25 , 77.1152343750 , 20.04100
120.28 , 77.1152343750 , 20.04700
120.32 , 77.0066223144 , 20.05300
120.35 , 77.1152343750 , 20.05900
120.39 , 77.1152343750 , 20.06517
120.43 , 77.1152343750 , 20.07117
120.46 , 77.2238464355 , 20.07733
120.50 , 77.2238464355 , 20.08333
120.54 , 77.2238464355 , 20.08950
120.57 , 77.2238464355 , 20.09550
120.61 , 77.2238464355 , 20.10150
120.65 , 77.3324584960 , 20.10767
120.68 , 77.2238464355 , 20.11367
120.72 , 77.3324584960 , 20.11984
120.75 , 77.4410781860 , 20.12583
120.79 , 77.4410781860 , 20.13200
120.83 , 77.4410781860 , 20.13784
120.86 , 77.4410781860 , 20.14400
120.90 , 77.4410781860 , 20.15000
120.94 , 77.4410781860 , 20.15617
120.97 , 77.4410781860 , 20.16234
121.01 , 77.5496902465 , 20.16834
121.05 , 77.5496902465 , 20.17450
121.08 , 77.5496902465 , 20.18033
121.12 , 77.6583023071 , 20.18650
121.15 , 77.6583023071 , 20.19250
121.19 , 77.7669143676 , 20.19867
121.23 , 77.6583023071 , 20.20467
121.26 , 77.6583023071 , 20.21084
121.30 , 77.6583023071 , 20.21667
121.34 , 77.7669143676 , 20.22283
121.37 , 77.7669143676 , 20.22900
121.41 , 77.8755264282 , 20.23500
121.45 , 77.8755264282 , 20.24117
121.48 , 77.8755264282 , 20.24717
121.52 , 77.8755264282 , 20.25333
121.55 , 77.9841384887 , 20.25917
121.59 , 77.9841384887 , 20.26534
121.63 , 77.9841384887 , 20.27133
121.66 , 77.9841384887 , 20.27750
121.70 , 77.9841384887 , 20.28350
121.74 , 77.9841384887 , 20.28967
121.77 , 78.0927505493 , 20.29583
121.81 , 78.0927505493 , 20.30167
121.85 , 78.0927505493 , 20.30784
121.88 , 78.0927505493 , 20.31384
121.92 , 78.2013626098 , 20.32000
121.96 , 78.0927505493 , 20.32600
121.99 , 78.3099746704 , 20.33217
122.03 , 78.2013626098 , 20.33817
122.06 , 78.2013626098 , 20.34417
122.10 , 78.3099746704 , 20.35017
122.14 , 78.3099746704 , 20.35634
122.18 , 78.3099746704 , 20.36250
122.21 , 78.2013626098 , 20.36850
122.25 , 78.4185943603 , 20.37467
122.28 , 78.3099746704 , 20.38067
122.32 , 78.4185943603 , 20.38667
122.36 , 78.4185943603 , 20.39267
122.39 , 78.5272064208 , 20.39883
122.43 , 78.4185943603 , 20.40484
122.47 , 78.4185943603 , 20.41100
122.50 , 78.5272064208 , 20.41700
122.54 , 78.5272064208 , 20.42317
122.57 , 78.5272064208 , 20.42917
122.61 , 78.6358184814 , 20.43517
122.65 , 78.5272064208 , 20.44133
122.68 , 78.5272064208 , 20.44734
122.72 , 78.6358184814 , 20.45350
122.76 , 78.7444305419 , 20.45950
122.79 , 78.6358184814 , 20.46550
122.83 , 78.7444305419 , 20.47150
122.87 , 78.7444305419 , 20.47767
122.90 , 78.8530426025 , 20.48383
122.94 , 78.7444305419 , 20.48983
122.98 , 78.7444305419 , 20.49600
123.01 , 78.8530426025 , 20.50200
123.05 , 78.8530426025 , 20.50800
123.08 , 78.9616546630 , 20.51400
123.12 , 78.9616546630 , 20.52017
123.16 , 78.8530426025 , 20.52617
123.19 , 78.9616546630 , 20.53233
123.23 , 78.9616546630 , 20.53833
123.27 , 79.0702667236 , 20.54450
123.30 , 79.0702667236 , 20.55050
123.34 , 79.0702667236 , 20.55650
123.38 , 79.1788787841 , 20.56267
123.41 , 79.0702667236 , 20.56867
123.45 , 79.0702667236 , 20.57483
123.48 , 79.1788787841 , 20.58083
123.52 , 79.2874908447 , 20.58700
123.56 , 79.1788787841 , 20.59284
123.59 , 79.1788787841 , 20.59900
123.63 , 79.1788787841 , 20.60500
123.67 , 79.2874908447 , 20.61117
123.70 , 79.2874908447 , 20.61734
123.74 , 79.2874908447 , 20.62333
123.78 , 79.3961105346 , 20.62950
123.81 , 79.3961105346 , 20.63533
123.85 , 79.5047225952 , 20.64150
123.88 , 79.3961105346 , 20.64750
123.92 , 79.5047225952 , 20.65367
123.96 , 79.5047225952 , 20.65967
124.00 , 79.5047225952 , 20.66584
124.03 , 79.5047225952 , 20.67167
124.07 , 79.6133346557 , 20.67783
124.10 , 79.5047225952 , 20.68400
124.14 , 79.6133346557 , 20.69000
124.18 , 79.6133346557 , 20.69617
124.21 , 79.7219467163 , 20.70217
124.25 , 79.7219467163 , 20.70833
124.29 , 79.7219467163 , 20.71417
124.32 , 79.7219467163 , 20.72033
124.36 , 79.7219467163 , 20.72633
124.39 , 79.8305587768 , 20.73250
124.43 , 79.8305587768 , 20.73850
124.47 , 79.7219467163 , 20.74467
124.50 , 79.7219467163 , 20.75083
124.54 , 79.8305587768 , 20.75667
124.58 , 79.9391708374 , 20.76284
124.61 , 79.9391708374 , 20.76883
124.65 , 79.9391708374 , 20.77500
124.69 , 79.9391708374 , 20.78100
124.72 , 79.9391708374 , 20.78717
124.76 , 80.0477828979 , 20.79317
124.79 , 80.0477828979 , 20.79917
124.83 , 80.0477828979 , 20.80517
124.87 , 80.0477828979 , 20.81133
124.90 , 80.1563949584 , 20.81750
124.94 , 80.1563949584 , 20.82350
124.98 , 80.1563949584 , 20.82967
125.01 , 80.1563949584 , 20.83567
125.05 , 80.0477828979 , 20.84167
125.09 , 80.1563949584 , 20.84767
125.12 , 80.2650070190 , 20.85383
125.16 , 80.2650070190 , 20.85983
125.20 , 80.2650070190 , 20.86600
125.23 , 80.2650070190 , 20.87217
125.27 , 80.2650070190 , 20.87800
125.30 , 80.3736267089 , 20.88417
125.34 , 80.3736267089 , 20.89017
125.38 , 80.4822387695 , 20.89633
125.41 , 80.3736267089 , 20.90233
125.45 , 80.4822387695 , 20.90850
125.49 , 80.4822387695 , 20.91450
125.52 , 80.4822387695 , 20.92050
125.56 , 80.4822387695 , 20.92650
125.60 , 80.5908508300 , 20.93267
125.63 , 80.4822387695 , 20.93884
125.67 , 80.5908508300 , 20.94483
125.71 , 80.5908508300 , 20.95100
125.74 , 80.5908508300 , 20.95700
125.78 , 80.6994628906 , 20.96300
125.81 , 80.6994628906 , 20.96900
125.85 , 80.5908508300 , 20.97517
125.89 , 80.6994628906 , 20.98117
125.92 , 80.8080749511 , 20.98734
125.96 , 80.6994628906 , 20.99333
126.00 , 80.6994628906 , 20.99950
126.03 , 80.8080749511 , 21.00550
126.07 , 80.8080749511 , 21.01150
126.11 , 80.9166870117 , 21.01767
126.14 , 80.9166870117 , 21.02367
126.18 , 81.0252990722 , 21.02984
126.21 , 80.9166870117 , 21.03583
126.25 , 81.0252990722 , 21.04200
126.29 , 80.9166870117 , 21.04784
126.32 , 81.0252990722 , 21.05400
126.36 , 81.0252990722 , 21.06000
126.40 , 81.0252990722 , 21.06617
126.43 , 81.1339111328 , 21.07234
126.47 , 81.1339111328 , 21.07834
126.51 , 81.1339111328 , 21.08450
126.54 , 81.1339111328 , 21.09033
126.58 , 81.2425231933 , 21.09650
126.61 , 81.1339111328 , 21.10250
126.65 , 81.2425231933 , 21.10867
126.69 , 81.2425231933 , 21.11467
126.72 , 81.2425231933 , 21.12084
126.76 , 81.3511428833 , 21.12667
126.80 , 81.2425231933 , 21.13283
126.83 , 81.3511428833 , 21.13900
126.87 , 81.4597549438 , 21.14500
126.91 , 81.3511428833 , 21.15117
126.94 , 81.4597549438 , 21.15717
126.98 , 81.5683670043 , 21.16333
127.01 , 81.4597549438 , 21.16917
127.05 , 81.5683670043 , 21.17534
127.09 , 81.4597549438 , 21.18133
127.12 , 81.4597549438 , 21.18750
127.16 , 81.5683670043 , 21.19350
127.20 , 81.5683670043 , 21.19967
127.23 , 81.6769790649 , 21.20583
127.27 , 81.6769790649 , 21.21167
127.31 , 81.6769790649 , 21.21784
127.34 , 81.6769790649 , 21.22384
127.38 , 81.6769790649 , 21.23000
127.42 , 81.6769790649 , 21.23600
127.45 , 81.7855911254 , 21.24217
127.49 , 81.6769790649 , 21.24817
127.52 , 81.7855911254 , 21.25417
127.56 , 81.7855911254 , 21.26033
127.60 , 81.7855911254 , 21.26634
127.63 , 81.7855911254 , 21.27250
127.67 , 81.8942031860 , 21.27850
127.71 , 81.8942031860 , 21.28467
127.74 , 81.8942031860 , 21.29067
127.78 , 81.8942031860 , 21.29667
127.82 , 81.8942031860 , 21.30267
127.85 , 82.0028152465 , 21.30883
127.89 , 82.0028152465 , 21.31484
127.93 , 82.1114273071 , 21.32100
127.96 , 82.1114273071 , 21.32717
128.00 , 82.0028152465 , 21.33300
128.04 , 82.1114273071 , 21.33917
128.07 , 82.1114273071 , 21.34517
128.11 , 82.1114273071 , 21.35133
128.14 , 82.1114273071 , 21.35733
128.18 , 82.2200393676 , 21.36350
128.22 , 82.3286666870 , 21.36950
128.25 , 82.2200393676 , 21.37550
128.29 , 82.2200393676 , 21.38150
128.33 , 82.3286666870 , 21.38767
128.36 , 82.3286666870 , 21.39384
128.40 , 82.4372787475 , 21.39983
128.44 , 82.4372787475 , 21.40600
128.47 , 82.4372787475 , 21.41200
128.51 , 82.4372787475 , 21.41800
128.54 , 82.4372787475 , 21.42400
128.58 , 82.5458908081 , 21.43017
128.62 , 82.4372787475 , 21.43617
128.65 , 82.5458908081 , 21.44234
128.69 , 82.5458908081 , 21.44833
128.73 , 82.5458908081 , 21.45450
128.76 , 82.6545028686 , 21.46050
128.80 , 82.5458908081 , 21.46650
128.84 , 82.6545028686 , 21.47267
128.87 , 82.6545028686 , 21.47867
128.91 , 82.7631149291 , 21.48483
128.95 , 82.7631149291 , 21.49084
128.98 , 82.7631149291 , 21.49700
129.02 , 82.7631149291 , 21.50284
129.05 , 82.8717269897 , 21.50900
129.09 , 82.8717269897 , 21.51500
129.13 , 82.8717269897 , 21.52117
129.16 , 82.8717269897 , 21.52733
129.20 , 82.9803466796 , 21.53333
129.24 , 82.8717269897 , 21.53933
129.27 , 82.9803466796 , 21.54533
129.31 , 82.9803466796 , 21.55150
129.35 , 82.9803466796 , 21.55750
129.38 , 82.9803466796 , 21.56367
129.42 , 83.0889587402 , 21.56967
129.46 , 83.0889587402 , 21.57583
129.49 , 83.0889587402 , 21.58167
129.53 , 83.0889587402 , 21.58783
129.56 , 83.1975708007 , 21.59400
129.60 , 83.0889587402 , 21.60000
129.64 , 83.1975708007 , 21.60617
129.67 , 83.0889587402 , 21.61217
129.71 , 83.1975708007 , 21.61834
129.75 , 83.1975708007 , 21.62417
129.78 , 83.3061828613 , 21.63033
129.82 , 83.3061828613 , 21.63633
129.86 , 83.3061828613 , 21.64250
129.89 , 83.3061828613 , 21.64867
129.93 , 83.3061828613 , 21.65467
129.97 , 83.4147949218 , 21.66083
130.00 , 83.4147949218 , 21.66667
130.04 , 83.5234069824 , 21.67284
130.07 , 83.4147949218 , 21.67883
130.11 , 83.5234069824 , 21.68500
130.15 , 83.4147949218 , 21.69100
130.18 , 83.5234069824 , 21.69717
130.22 , 83.5234069824 , 21.70317
130.26 , 83.5234069824 , 21.70917
130.29 , 83.5234069824 , 21.71534
130.33 , 83.6320190429 , 21.72134
130.37 , 83.6320190429 , 21.72750
130.40 , 83.6320190429 , 21.73350
130.44 , 83.6320190429 , 21.73967
130.47 , 83.7406311035 , 21.74550
130.51 , 83.7406311035 , 21.75167
130.55 , 83.7406311035 , 21.75767
130.58 , 83.7406311035 , 21.76383
130.62 , 83.8492431640 , 21.76984
130.66 , 83.8492431640 , 21.77600
130.69 , 83.8492431640 , 21.78217
130.73 , 83.8492431640 , 21.78800
130.77 , 83.9578628540 , 21.79417
130.80 , 83.9578628540 , 21.80017
130.84 , 83.9578628540 , 21.80633
130.87 , 84.0664749145 , 21.81233
130.91 , 84.0664749145 , 21.81850
130.95 , 84.0664749145 , 21.82450
130.98 , 84.0664749145 , 21.83050
131.02 , 84.0664749145 , 21.83650
131.06 , 84.0664749145 , 21.84267
131.09 , 84.2836990356 , 21.84884
131.13 , 84.1750869750 , 21.85483
131.17 , 84.1750869750 , 21.86100
131.20 , 84.1750869750 , 21.86700
131.24 , 84.2836990356 , 21.87300
131.27 , 84.2836990356 , 21.87900
131.31 , 84.3923110961 , 21.88517
131.35 , 84.2836990356 , 21.89117
131.38 , 84.2836990356 , 21.89734